OBJECTID_1,ULAND,UREGBEZ,UKREIS,UGEMEINDE,UJAHR,UMONAT,USTUNDE,UWOCHENTAG,UKATEGORIE,UART,UTYP1,ULICHTVERH,IstRad,IstPKW,IstFuss,IstKrad,IstGkfz,IstSonstig,STRZUSTAND,LINREFX,LINREFY,XGCSWGS84,YGCSWGS84
163691,12,0,51,0,2018,7,16,3,3,6,6,0,0,1,1,0,0,0,0,7.4256E+20,5.81262E+21,1.25665E+16,5.24099E+16
163692,12,0,71,44,2018,7,9,3,2,5,3,0,1,1,0,0,0,0,0,8.87188E+20,5.73328E+21,1.45944E+16,5.1617E+16
163693,12,0,67,469,2018,6,17,4,3,2,2,0,1,1,0,0,0,0,0,8.28953E+20,5.8109E+21,1.38309E+16,5.23495E+16
163694,12,0,60,181,2018,7,13,3,3,5,2,0,0,1,0,0,0,0,0,8.05497E+20,5.84285E+21,1.35169E+16,5.26494E+16
163695,12,0,67,124,2018,6,19,4,3,3,6,0,1,1,0,0,0,0,0,8.22584E+20,5.81852E+21,1.3745E+16,5.24215E+16
163696,12,0,64,448,2018,7,20,3,3,5,3,1,1,1,0,0,0,0,0,8.64169E+20,5.83358E+21,1.43704E+16,5.25303E+16
163697,12,0,64,472,2018,7,7,3,3,0,2,0,1,1,0,0,0,0,0,8.30349E+20,5.83577E+21,1.38759E+16,5.25714E+16
163698,12,0,67,288,2018,6,10,4,3,6,4,0,0,1,1,0,0,0,0,8.51811E+20,5.81011E+21,1.41643E+16,5.23282E+16
163699,12,0,64,472,2018,7,14,3,2,5,3,0,1,1,0,0,0,0,0,8.28436E+20,5.83179E+21,1.38438E+16,5.25369E+16
163700,12,0,65,251,2018,6,22,4,3,7,7,2,0,0,0,1,0,0,0,7.74798E+20,5.85072E+21,1.30709E+16,5.27363E+16
163701,12,0,53,0,2018,7,13,3,2,5,2,0,0,1,0,1,0,0,0,8.76854E+20,5.81252E+21,1.45328E+16,5.23332E+16
163702,12,0,70,424,2018,6,11,4,3,5,3,0,1,1,0,0,0,0,0,6.84735E+20,5.87528E+21,1.17527E+16,5.29952E+16
163703,12,0,65,144,2018,7,17,3,3,5,3,0,1,1,0,0,0,0,0,7.88056E+20,5.84468E+21,1.32614E+16,5.26753E+16
163704,12,0,63,208,2018,6,4,3,3,7,7,1,0,0,0,1,0,0,1,7.66812E+20,5.83904E+21,1.29434E+16,5.26356E+16
163705,12,0,68,468,2018,7,7,3,3,5,3,0,1,1,0,0,0,0,0,7.32586E+20,5.89592E+21,1.24793E+16,5.31618E+16
163706,12,0,63,80,2018,6,9,3,3,5,3,0,0,1,0,0,0,0,0,7.75662E+20,5.83269E+21,1.30686E+16,5.25743E+16
163707,12,0,54,0,2018,6,15,3,3,0,7,0,1,1,0,0,0,0,0,7.81149E+20,5.81145E+21,1.31314E+16,5.2381E+16
163708,12,0,68,320,2018,7,13,3,3,5,2,0,1,1,0,0,0,0,0,7.55471E+20,5.87022E+21,1.28005E+16,5.29208E+16
163709,12,0,72,312,2018,7,17,2,2,8,1,0,0,1,0,0,0,0,0,7.84588E+20,5.79039E+21,1.31641E+16,5.21904E+16
163710,12,0,54,0,2018,6,16,3,3,3,7,0,0,1,0,0,0,0,0,7.78844E+20,5.81212E+21,1.30982E+16,5.23882E+16
163711,12,0,63,56,2018,7,11,2,3,6,7,0,0,0,1,0,0,1,0,7.76814E+20,5.82794E+21,1.30816E+16,5.2531E+16
163712,12,0,54,0,2018,6,16,3,3,5,2,0,1,1,0,0,0,0,0,7.78168E+20,5.81228E+21,1.30884E+16,5.23899E+16
163713,12,0,63,80,2018,7,13,2,3,5,3,0,1,1,0,0,0,0,0,7.76024E+20,5.83145E+21,1.30729E+16,5.25629E+16
163714,12,0,54,0,2018,6,9,3,3,0,2,0,1,0,0,0,0,1,0,7.76356E+20,5.81307E+21,1.30625E+16,5.2398E+16
163715,12,0,54,0,2018,7,16,2,3,2,6,0,1,1,0,0,0,0,0,7.80935E+20,5.81149E+21,1.31283E+16,5.23814E+16
163716,12,0,54,0,2018,6,15,3,3,5,3,0,0,1,0,0,0,0,0,7.72444E+20,5.81369E+21,1.30057E+16,5.24055E+16
163717,12,0,51,0,2018,6,19,3,2,6,4,0,1,0,1,0,0,0,0,7.42188E+20,5.81258E+21,1.2561E+16,5.24097E+16
163718,12,0,61,260,2018,6,10,3,2,6,3,0,0,1,1,0,0,0,0,8.15258E+20,5.80396E+21,1.3624E+16,5.22954E+16
163719,12,0,71,160,2018,6,14,3,3,1,3,0,0,1,0,0,0,0,0,8.92858E+20,5.77094E+21,1.47185E+16,5.195E+16
163720,12,0,73,8,2018,6,11,3,3,6,4,0,0,1,1,0,0,0,0,8.3402E+20,5.88589E+21,1.3981E+16,5.30181E+16
163721,12,0,64,336,2018,6,9,3,3,0,2,0,0,1,0,1,0,0,0,8.18119E+20,5.82756E+21,1.36882E+16,5.25052E+16
163722,12,0,54,0,2018,7,10,2,2,5,3,0,0,1,0,1,0,0,0,7.76251E+20,5.81303E+21,1.3061E+16,5.23977E+16
163723,12,0,67,144,2018,6,10,3,3,2,6,0,0,1,0,0,0,1,0,8.44976E+20,5.8133E+21,1.40677E+16,5.23612E+16
163724,12,0,67,144,2018,6,6,3,3,5,3,0,1,1,0,0,0,0,0,8.45495E+20,5.81294E+21,1.40749E+16,5.23575E+16
163725,12,0,66,296,2018,7,7,2,3,5,3,0,1,0,0,1,0,0,0,8.36683E+20,5.71436E+21,1.38496E+16,5.14799E+16
163726,12,0,67,144,2018,6,16,3,3,5,3,0,1,1,0,0,0,0,0,8.44957E+20,5.81145E+21,1.40655E+16,5.23446E+16
163727,12,0,66,176,2018,7,8,2,2,8,7,0,1,0,0,0,0,0,0,8.31111E+20,5.7159E+21,1.37711E+16,5.1497E+16
163728,12,0,65,256,2018,6,11,3,3,4,2,0,0,1,0,0,0,0,0,7.8493E+20,5.85339E+21,1.32229E+16,5.2755E+16
163729,12,0,68,477,2018,6,18,3,3,5,3,0,1,1,0,0,0,0,0,7.32818E+20,5.86584E+21,1.24611E+16,5.28917E+16
163730,12,0,66,52,2018,7,7,2,3,5,3,0,1,1,0,0,0,0,0,8.41401E+20,5.74442E+21,1.39466E+16,5.17464E+16
163731,12,0,72,120,2018,6,15,2,2,5,3,0,0,1,0,0,0,0,0,7.94679E+20,5.81349E+21,1.33314E+16,5.23922E+16
163732,12,0,66,196,2018,7,22,2,3,2,6,2,1,1,0,0,0,0,0,8.41572E+20,5.75721E+21,1.39616E+16,5.18609E+16
163733,12,0,72,169,2018,6,17,2,3,5,3,0,0,1,0,1,0,0,0,7.81585E+20,5.76691E+21,1.31009E+16,5.19813E+16
163734,12,0,52,0,2018,7,10,2,3,5,3,0,1,0,0,0,0,1,0,8.70163E+20,5.74822E+21,1.43655E+16,5.17622E+16
163735,12,0,73,532,2018,7,9,2,2,5,3,0,1,1,0,0,0,0,0,8.54188E+20,5.89211E+21,1.42872E+16,5.30608E+16
163736,12,0,69,616,2018,6,16,2,3,5,3,0,1,1,0,0,0,0,0,7.88596E+20,5.81379E+21,1.32426E+16,5.23981E+16
163737,12,0,64,472,2018,7,6,2,3,5,3,0,1,1,0,0,0,0,0,8.29836E+20,5.83485E+21,1.38674E+16,5.25635E+16
163738,12,0,66,112,2018,6,16,2,3,1,5,0,1,1,0,0,0,0,0,8.46289E+20,5.72805E+21,1.40009E+16,5.15968E+16
163739,12,0,65,136,2018,7,9,2,3,0,7,0,0,0,0,1,0,0,0,7.84891E+20,5.84104E+21,1.32116E+16,5.26444E+16
163740,12,0,61,320,2018,6,13,2,3,4,1,0,1,1,0,0,0,0,0,8.23741E+20,5.75479E+21,1.37013E+16,5.18498E+16
163741,12,0,65,136,2018,7,10,2,3,6,2,0,0,1,1,0,0,0,0,7.83253E+20,5.84223E+21,1.31885E+16,5.26559E+16
163742,12,0,64,472,2018,6,11,2,3,2,6,0,0,1,0,0,0,0,0,8.3058E+20,5.83621E+21,1.38797E+16,5.25753E+16
163743,12,0,70,296,2018,7,9,2,3,5,3,0,1,1,0,0,0,0,0,6.91283E+20,5.88478E+21,1.18558E+16,5.30782E+16
163744,12,0,65,225,2018,6,11,2,3,6,4,0,0,0,1,0,0,1,0,7.95529E+20,5.84043E+21,1.33678E+16,5.26332E+16
163745,12,0,70,296,2018,7,20,2,2,9,1,0,0,0,0,1,0,0,0,6.91375E+20,5.88467E+21,1.18571E+16,5.30771E+16
163746,12,0,68,320,2018,6,9,2,3,5,6,0,1,0,0,0,0,0,0,7.55173E+20,5.86989E+21,1.27958E+16,5.29179E+16
163747,12,0,70,296,2018,7,14,2,2,1,5,0,0,0,0,1,0,1,0,6.9215E+20,5.88455E+21,1.18686E+16,5.30758E+16
163748,12,0,72,477,2018,6,20,1,3,8,1,0,0,1,0,0,0,0,0,8.06175E+20,5.78957E+21,1.34782E+16,5.21715E+16
163749,12,0,72,426,2018,7,14,1,3,8,1,0,0,1,0,0,0,0,0,7.86567E+20,5.79483E+21,1.31967E+16,5.22292E+16
163750,12,0,63,208,2018,7,12,1,3,0,7,0,1,0,0,0,0,0,0,7.61851E+20,5.83568E+21,1.28676E+16,5.26079E+16
163751,12,0,72,232,2018,6,3,1,3,9,1,2,0,1,0,0,0,0,0,7.85841E+20,5.77923E+21,1.3173E+16,5.20897E+16
163752,12,0,66,196,2018,7,6,1,2,0,1,0,1,0,0,0,0,0,0,8.40351E+20,5.75727E+21,1.3944E+16,5.18621E+16
163753,12,0,63,252,2018,6,15,1,3,7,7,0,1,0,0,0,0,0,0,7.26331E+20,5.83204E+21,1.23415E+16,5.25912E+16
163754,12,0,61,332,2018,7,23,1,2,0,7,2,1,0,0,0,0,0,0,8.12846E+20,5.79512E+21,1.35805E+16,5.22175E+16
163755,12,0,69,656,2018,6,17,1,3,5,3,0,1,1,0,0,0,0,0,7.6575E+20,5.81356E+21,1.29074E+16,5.24076E+16
163756,12,0,61,572,2018,7,20,1,3,0,1,0,1,0,0,0,0,0,0,8.14312E+20,5.8112E+21,1.36169E+16,5.23607E+16
163757,12,0,54,0,2018,6,16,1,3,0,1,0,1,0,0,0,0,0,0,7.75374E+20,5.81312E+21,1.30482E+16,5.23989E+16
163758,12,0,60,181,2018,7,12,1,3,1,1,0,0,1,0,0,0,0,0,8.07172E+20,5.84357E+21,1.35422E+16,5.26549E+16
163759,12,0,61,316,2018,6,12,1,2,5,3,0,1,0,0,0,0,0,0,8.35711E+20,5.76539E+21,1.38848E+16,5.19377E+16
163760,12,0,53,0,2018,7,22,1,3,0,7,2,1,0,0,0,0,0,0,8.75134E+20,5.81347E+21,1.45087E+16,5.23429E+16
163761,12,0,65,180,2018,7,1,1,2,1,5,2,0,1,0,1,0,0,0,7.83606E+20,5.84903E+21,1.31995E+16,5.27167E+16
163762,12,0,61,192,2018,6,19,1,2,3,6,0,1,1,0,0,0,0,0,8.18351E+20,5.79053E+21,1.36565E+16,5.21732E+16
163763,12,0,63,208,2018,6,12,7,3,6,7,0,0,1,1,0,0,0,0,7.63043E+20,5.83634E+21,1.28857E+16,5.26132E+16
163764,12,0,64,336,2018,6,0,1,3,3,2,2,1,0,0,0,0,1,0,8.19232E+20,5.82849E+21,1.37054E+16,5.25128E+16
163765,12,0,63,56,2018,6,19,7,3,0,1,0,1,0,0,0,0,0,0,7.75513E+20,5.8294E+21,1.30637E+16,5.25448E+16
163766,12,0,67,120,2018,6,20,1,2,0,7,0,1,1,0,0,0,0,0,8.86313E+20,5.79145E+21,1.46469E+16,5.21381E+16
163767,12,0,63,56,2018,6,19,7,3,0,7,0,1,0,0,0,0,0,0,7.75512E+20,5.82939E+21,1.30636E+16,5.25448E+16
163768,12,0,65,256,2018,6,16,1,3,1,5,0,1,1,0,0,0,0,0,7.8705E+20,5.85167E+21,1.32527E+16,5.27386E+16
163769,12,0,63,36,2018,6,18,7,2,5,3,0,0,1,0,0,0,0,0,7.71116E+20,5.83347E+21,1.30023E+16,5.25835E+16
163770,12,0,72,477,2018,6,13,7,3,5,2,0,0,1,0,1,0,0,0,8.09769E+20,5.7835E+21,1.3525E+16,5.2115E+16
163771,12,0,54,0,2018,6,18,7,3,0,7,0,1,0,0,0,0,0,0,7.78582E+20,5.81249E+21,1.30947E+16,5.23917E+16
163772,12,0,69,656,2018,6,16,7,3,6,4,0,0,0,1,0,0,1,0,7.68168E+20,5.81045E+21,1.29404E+16,5.23786E+16
163773,12,0,54,0,2018,6,12,7,3,5,3,0,1,1,0,0,0,0,0,7.72923E+20,5.81246E+21,1.30117E+16,5.23942E+16
163774,12,0,54,0,2018,6,10,7,3,0,1,0,1,0,0,0,0,0,0,7.73071E+20,5.81319E+21,1.30145E+16,5.24007E+16
163775,12,0,54,0,2018,6,11,7,3,5,3,0,0,1,0,0,0,0,0,7.70976E+20,5.81255E+21,1.29832E+16,5.2396E+16
163776,12,0,61,448,2018,6,21,7,2,9,1,2,1,0,0,0,0,0,0,8.17444E+20,5.78819E+21,1.36411E+16,5.21528E+16
163777,12,0,62,333,2018,6,13,7,3,2,6,0,1,1,0,0,0,0,0,8.27181E+20,5.73112E+21,1.37288E+16,5.16357E+16
163778,12,0,61,217,2018,6,19,7,3,6,4,0,1,0,1,0,0,0,0,8.27307E+20,5.80527E+21,1.38013E+16,5.23E+16
163779,12,0,71,372,2018,6,17,7,3,9,7,0,0,0,0,0,0,1,0,8.68815E+20,5.72468E+21,1.43212E+16,5.15523E+16
163780,12,0,62,128,2018,6,11,7,3,2,7,0,1,1,0,0,0,0,0,7.93143E+20,5.72257E+21,1.32313E+16,5.15778E+16
163781,12,0,71,76,2018,6,9,7,3,0,7,0,1,0,0,0,0,0,0,8.89453E+20,5.74731E+21,1.46426E+16,5.1741E+16
163782,12,0,60,5,2018,6,23,7,2,1,5,2,0,1,0,1,0,0,0,8.05618E+20,5.83768E+21,1.35139E+16,5.2603E+16
163783,12,0,62,140,2018,6,10,7,2,5,2,0,1,1,0,0,0,0,0,8.25804E+20,5.73088E+21,1.37088E+16,5.16344E+16
163784,12,0,67,144,2018,6,17,7,3,5,3,0,1,1,0,0,0,0,0,8.44978E+20,5.81332E+21,1.40677E+16,5.23613E+16
163785,12,0,68,280,2018,6,17,7,1,9,1,0,0,0,0,1,0,0,0,7.67724E+20,5.87466E+21,1.2986E+16,5.29547E+16
163786,12,0,65,332,2018,6,19,7,2,6,4,0,0,1,1,0,0,0,0,7.82333E+20,5.84584E+21,1.3178E+16,5.26887E+16
163787,12,0,72,426,2018,6,12,6,3,6,4,0,0,1,1,0,0,0,0,7.90018E+20,5.79118E+21,1.32439E+16,5.21947E+16
163788,12,0,65,310,2018,6,11,7,3,8,1,0,0,0,0,1,0,0,0,7.71389E+20,5.89592E+21,1.30583E+16,5.31434E+16
163789,12,0,72,240,2018,6,13,6,3,4,6,0,1,0,0,0,0,1,0,7.89585E+20,5.80321E+21,1.32479E+16,5.23027E+16
163790,12,0,70,296,2018,6,14,7,3,0,1,0,1,0,0,0,0,0,0,6.92684E+20,5.88908E+21,1.18792E+16,5.31163E+16
163791,12,0,69,616,2018,6,15,6,3,5,3,0,1,1,0,0,0,0,0,7.8852E+20,5.8139E+21,1.32415E+16,5.23992E+16
163792,12,0,63,80,2018,6,8,6,3,0,7,0,0,0,0,1,1,0,0,7.76082E+20,5.83351E+21,1.30755E+16,5.25814E+16
163793,12,0,54,0,2018,6,14,6,3,4,6,0,1,0,0,0,0,0,0,7.75286E+20,5.81338E+21,1.30471E+16,5.24012E+16
163794,12,0,69,616,2018,6,14,6,3,5,3,0,1,0,0,0,0,1,0,7.8905E+20,5.81414E+21,1.32495E+16,5.2401E+16
163795,12,0,54,0,2018,6,15,6,3,0,1,0,1,0,0,0,0,0,0,7.74743E+20,5.81375E+21,1.30394E+16,5.24049E+16
163796,12,0,54,0,2018,6,7,6,2,6,4,0,0,1,1,0,0,0,0,7.71485E+20,5.81355E+21,1.29915E+16,5.24047E+16
163797,12,0,54,0,2018,6,10,6,3,1,5,0,1,1,0,0,0,0,0,7.80604E+20,5.813E+21,1.31247E+16,5.23951E+16
163798,12,0,54,0,2018,6,12,6,3,2,6,0,0,1,0,1,0,0,0,7.76326E+20,5.81435E+21,1.30631E+16,5.24095E+16
163799,12,0,54,0,2018,6,15,6,3,0,1,0,1,0,0,0,0,0,0,7.76008E+20,5.81384E+21,1.30581E+16,5.2405E+16
163800,12,0,61,112,2018,6,13,6,3,5,3,0,0,1,0,1,0,0,0,8.14596E+20,5.81243E+21,1.36222E+16,5.23716E+16
163801,12,0,54,0,2018,6,11,6,3,2,6,0,0,1,0,0,0,0,0,7.76471E+20,5.81407E+21,1.3065E+16,5.24068E+16
163802,12,0,71,60,2018,6,14,6,3,5,3,0,0,0,0,0,0,1,0,8.69164E+20,5.76E+21,1.43636E+16,5.18683E+16
163803,12,0,51,0,2018,6,13,6,3,8,1,0,0,0,0,1,0,0,0,7.40269E+20,5.81256E+21,1.25328E+16,5.24104E+16
163804,12,0,71,76,2018,6,19,6,2,5,2,0,1,1,0,0,0,0,0,8.89114E+20,5.7471E+21,1.46375E+16,5.17393E+16
163805,12,0,65,256,2018,6,12,6,3,0,2,0,0,1,0,1,0,0,0,7.85891E+20,5.85316E+21,1.32369E+16,5.27525E+16
163806,12,0,73,532,2018,6,11,6,3,5,3,0,1,1,0,0,0,0,0,8.54018E+20,5.8917E+21,1.42842E+16,5.30572E+16
163807,12,0,63,252,2018,6,15,5,2,5,3,0,1,1,0,0,0,0,0,7.24178E+20,5.83386E+21,1.2311E+16,5.26084E+16
163808,12,0,63,252,2018,6,11,5,2,4,6,0,1,0,0,0,0,0,0,7.25938E+20,5.83375E+21,1.23369E+16,5.26067E+16
163809,12,0,54,0,2018,6,11,5,3,4,6,0,1,0,0,1,0,0,0,7.80945E+20,5.81305E+21,1.31298E+16,5.23955E+16
163810,12,0,60,20,2018,6,16,6,3,7,1,0,1,0,0,0,0,0,0,8.02892E+20,5.85281E+21,1.34877E+16,5.27401E+16
163811,12,0,54,0,2018,6,1,5,3,0,1,2,1,0,0,0,0,0,0,7.73648E+20,5.81246E+21,1.30223E+16,5.23939E+16
163812,12,0,53,0,2018,6,10,6,3,5,3,0,0,1,0,0,0,0,0,8.74923E+20,5.81397E+21,1.45062E+16,5.23475E+16
163813,12,0,54,0,2018,6,7,5,3,2,6,0,0,1,0,0,0,0,0,7.76488E+20,5.81404E+21,1.30653E+16,5.24066E+16
163814,12,0,67,120,2018,6,18,6,3,5,2,0,1,1,0,0,0,0,0,8.85022E+20,5.79175E+21,1.46285E+16,5.21417E+16
163815,12,0,66,296,2018,6,13,5,3,5,3,0,1,1,0,0,0,0,0,8.38816E+20,5.71438E+21,1.38802E+16,5.14789E+16
163816,12,0,67,144,2018,6,13,6,3,6,4,0,0,1,1,0,0,0,0,8.4513E+20,5.81304E+21,1.40696E+16,5.23587E+16
163817,12,0,52,0,2018,6,11,5,3,5,3,0,1,1,0,0,0,0,0,8.66684E+20,5.74758E+21,1.43146E+16,5.17588E+16
163818,12,0,63,252,2018,6,14,5,3,5,2,0,1,0,0,1,0,0,0,7.26748E+20,5.8335E+21,1.23487E+16,5.26041E+16
163819,12,0,67,544,2018,6,13,5,3,1,7,0,0,1,0,0,0,0,0,8.23823E+20,5.82096E+21,1.37655E+16,5.24427E+16
163820,12,0,63,56,2018,6,18,5,3,5,3,0,0,1,0,0,0,0,0,7.76879E+20,5.82812E+21,1.30827E+16,5.25327E+16
163821,12,0,65,144,2018,6,13,5,3,5,3,0,0,1,0,0,0,0,0,7.89736E+20,5.84333E+21,1.3285E+16,5.26623E+16
163822,12,0,63,80,2018,6,7,5,3,5,3,0,1,1,0,0,0,0,0,7.78083E+20,5.83053E+21,1.31024E+16,5.25536E+16
163823,12,0,65,332,2018,7,18,5,3,5,3,0,1,1,0,0,0,0,0,7.81691E+20,5.84564E+21,1.31684E+16,5.26873E+16
163824,12,0,65,356,2018,6,4,5,1,8,1,1,0,1,0,0,0,0,0,7.91593E+20,5.87816E+21,1.33435E+16,5.29735E+16
163825,12,0,69,656,2018,6,13,5,3,0,1,0,1,0,0,0,0,0,0,7.66637E+20,5.81191E+21,1.29191E+16,5.23923E+16
163826,12,0,64,380,2018,6,21,5,3,0,1,1,0,0,0,1,0,0,0,8.24833E+20,5.8309E+21,1.379E+16,5.25311E+16
163827,12,0,65,332,2018,7,11,5,3,5,3,0,0,1,0,0,0,0,0,7.82164E+20,5.84558E+21,1.31753E+16,5.26865E+16
163828,12,0,54,0,2018,6,15,4,3,2,6,0,1,0,0,0,0,0,0,7.76283E+20,5.81265E+21,1.30611E+16,5.23943E+16
163829,12,0,53,0,2018,6,13,5,3,6,7,0,0,1,1,0,0,0,0,8.77695E+20,5.81369E+21,1.45464E+16,5.23431E+16
163830,12,0,69,249,2018,6,6,4,3,5,3,0,1,1,0,0,0,0,0,7.56721E+20,5.81253E+21,1.27742E+16,5.24027E+16
163831,12,0,65,332,2018,6,9,5,3,2,2,0,0,1,0,1,0,0,0,7.81628E+20,5.84499E+21,1.31669E+16,5.26815E+16
163832,12,0,51,0,2018,6,8,4,3,5,3,0,1,0,0,0,0,1,0,7.42706E+20,5.8119E+21,1.25681E+16,5.24034E+16
163833,12,0,52,0,2018,6,13,4,3,5,2,0,1,1,0,0,0,0,0,8.68889E+20,5.74406E+21,1.43427E+16,5.17258E+16
163834,12,0,65,136,2018,6,19,5,3,5,3,0,0,1,0,1,0,0,0,7.84368E+20,5.84064E+21,1.32035E+16,5.26411E+16
163835,12,0,72,340,2018,7,16,4,2,5,2,0,1,1,0,0,0,0,0,8.02444E+20,5.80323E+21,1.3436E+16,5.22959E+16
163836,12,0,73,572,2018,6,15,4,2,1,7,0,1,1,0,0,0,0,0,8.01958E+20,5.89472E+21,1.35128E+16,5.31162E+16
163837,12,0,63,252,2018,6,14,4,3,5,3,0,0,1,1,0,0,0,0,7.26307E+20,5.83446E+21,1.23428E+16,5.26129E+16
163838,12,0,72,17,2018,7,11,4,3,5,3,0,0,1,0,0,0,0,0,8.00168E+20,5.8076E+21,1.34066E+16,5.23364E+16
163839,12,0,53,0,2018,6,15,4,3,5,3,0,1,1,0,0,0,0,0,8.77592E+20,5.81007E+21,1.45408E+16,5.23108E+16
163840,12,0,69,596,2018,6,16,4,2,6,4,0,0,1,1,0,0,0,0,7.74205E+20,5.79873E+21,1.30193E+16,5.22704E+16
163841,12,0,68,320,2018,6,9,4,3,5,3,0,1,1,0,0,0,0,0,7.55551E+20,5.87038E+21,1.28018E+16,5.29222E+16
163842,12,0,61,433,2018,6,12,4,3,6,7,0,0,1,1,0,0,0,0,8.03709E+20,5.81315E+21,1.34634E+16,5.23842E+16
163843,12,0,61,260,2018,6,13,4,3,2,6,0,1,1,0,0,0,0,0,8.15857E+20,5.80416E+21,1.36329E+16,5.22968E+16
163844,12,0,68,320,2018,6,13,4,3,5,3,0,0,1,0,0,0,0,0,7.55966E+20,5.87097E+21,1.28085E+16,5.29272E+16
163845,12,0,71,160,2018,6,8,4,3,5,3,0,1,1,0,0,0,0,1,8.91573E+20,5.77067E+21,1.46996E+16,5.19485E+16
163846,12,0,69,616,2018,6,7,3,3,5,3,0,1,1,0,0,0,0,0,7.88403E+20,5.81385E+21,1.32398E+16,5.23987E+16
163847,12,0,73,572,2018,6,20,4,3,3,7,0,0,1,0,1,0,0,0,8.0117E+20,5.895E+21,1.35014E+16,5.31191E+16
163848,12,0,72,17,2018,7,16,4,2,5,3,0,1,1,0,0,0,0,0,8.00296E+20,5.81084E+21,1.34114E+16,5.23654E+16
163849,12,0,54,0,2018,6,7,3,3,5,3,0,1,1,0,0,0,0,0,7.8096E+20,5.81085E+21,1.31282E+16,5.23757E+16
163850,12,0,73,532,2018,6,16,4,2,4,2,0,0,1,0,0,0,0,0,8.53201E+20,5.8913E+21,1.42716E+16,5.30542E+16
163851,12,0,60,5,2018,6,13,4,3,4,1,0,0,1,0,0,0,1,0,8.06277E+20,5.83825E+21,1.35241E+16,5.26078E+16
163852,12,0,69,688,2018,6,16,3,3,5,3,0,1,1,0,0,0,0,0,7.2974E+20,5.80924E+21,1.23761E+16,5.23851E+16
163853,12,0,72,17,2018,6,11,3,3,0,7,0,1,1,0,0,0,0,0,8.00821E+20,5.80796E+21,1.34165E+16,5.23393E+16
163854,12,0,61,433,2018,6,9,3,3,5,3,0,0,1,0,0,0,0,0,8.07429E+20,5.81407E+21,1.35188E+16,5.23904E+16
163855,12,0,72,232,2018,6,10,3,1,4,2,0,0,1,0,1,0,0,0,7.83674E+20,5.77997E+21,1.3142E+16,5.20974E+16
163856,12,0,63,252,2018,7,10,4,2,6,4,0,0,1,0,0,1,1,0,7.26438E+20,5.83533E+21,1.23454E+16,5.26207E+16
163857,12,0,61,540,2018,6,18,3,3,5,3,0,0,1,0,1,0,0,0,8.1554E+20,5.80618E+21,1.36302E+16,5.23151E+16
163858,12,0,69,656,2018,6,16,3,3,4,6,0,1,0,0,0,0,0,0,7.66743E+20,5.81261E+21,1.29212E+16,5.23986E+16
163859,12,0,69,604,2018,7,15,4,3,5,3,0,1,0,0,0,0,0,0,7.86805E+20,5.81315E+21,1.32158E+16,5.23933E+16
163860,12,0,71,372,2018,6,11,3,2,8,7,0,0,0,0,1,0,0,0,8.69205E+20,5.72841E+21,1.43307E+16,5.15855E+16
163861,12,0,54,0,2018,6,16,3,3,5,3,0,1,1,0,0,0,0,0,7.81884E+20,5.8109E+21,1.31417E+16,5.23757E+16
163862,12,0,73,384,2018,6,14,3,3,5,3,0,1,1,0,0,0,0,0,7.882E+20,5.90359E+21,1.33159E+16,5.32034E+16
163863,12,0,54,0,2018,6,8,3,3,3,6,0,1,1,0,0,0,0,0,7.79472E+20,5.81194E+21,1.31073E+16,5.23863E+16
163864,12,0,73,532,2018,6,14,3,3,5,3,0,1,1,0,0,0,0,0,8.53325E+20,5.8913E+21,1.42735E+16,5.30541E+16
163865,12,0,61,260,2018,6,10,3,3,3,6,0,1,1,0,0,0,0,0,8.15473E+20,5.8039E+21,1.3627E+16,5.22947E+16
163866,12,0,65,84,2018,6,16,3,3,6,7,0,0,1,1,0,0,0,0,7.76991E+20,5.90092E+21,1.31462E+16,5.31854E+16
163867,12,0,60,20,2018,6,14,3,3,4,6,0,1,0,0,0,0,0,0,8.10919E+20,5.84606E+21,1.35998E+16,5.2675E+16
163868,12,0,69,616,2018,7,8,4,3,5,3,0,1,1,0,0,0,0,0,7.90522E+20,5.81337E+21,1.32704E+16,5.23934E+16
163869,12,0,65,256,2018,6,13,3,3,4,6,0,0,1,0,0,0,0,0,7.85154E+20,5.85258E+21,1.32255E+16,5.27477E+16
163870,12,0,63,80,2018,6,16,2,3,1,7,0,1,1,0,0,0,0,0,7.76744E+20,5.83143E+21,1.30835E+16,5.25624E+16
163871,12,0,54,0,2018,7,14,4,3,5,2,0,1,1,0,0,0,0,0,7.77825E+20,5.81231E+21,1.30834E+16,5.23904E+16
163872,12,0,68,320,2018,6,15,3,3,5,3,0,0,1,0,1,0,0,0,7.54616E+20,5.87029E+21,1.27879E+16,5.29218E+16
163873,12,0,72,240,2018,6,16,2,3,2,2,0,0,1,0,0,0,0,0,7.90209E+20,5.80287E+21,1.32568E+16,5.22993E+16
163874,12,0,63,80,2018,6,21,2,3,1,5,1,1,1,0,0,0,0,0,7.78072E+20,5.83244E+21,1.31039E+16,5.25708E+16