OBJECTID_1,ULAND,UREGBEZ,UKREIS,UGEMEINDE,UJAHR,UMONAT,USTUNDE,UWOCHENTAG,UKATEGORIE,UART,UTYP1,ULICHTVERH,IstRad,IstPKW,IstFuss,IstKrad,IstGkfz,IstSonstig,STRZUSTAND,LINREFX,LINREFY,XGCSWGS84,YGCSWGS84
163875,12,0,54,0,2018,7,9,4,3,2,6,0,0,1,0,0,0,0,0,7.78335E+20,5.81133E+21,1.30901E+16,5.23814E+16
163876,12,0,72,240,2018,6,16,2,3,2,6,0,0,1,0,0,0,0,0,7.89195E+20,5.80378E+21,1.32427E+16,5.2308E+16
163877,12,0,54,0,2018,6,21,2,3,5,2,0,1,1,0,0,0,0,0,7.81012E+20,5.81117E+21,1.31292E+16,5.23785E+16
163878,12,0,63,244,2018,6,11,2,2,5,3,0,0,0,0,0,1,1,0,7.2728E+20,5.8257E+21,1.23512E+16,5.25339E+16
163879,12,0,54,0,2018,6,19,2,3,0,1,0,1,0,0,0,0,0,0,7.78391E+20,5.81261E+21,1.3092E+16,5.23928E+16
163880,12,0,63,80,2018,6,19,2,3,5,3,0,1,1,0,0,0,0,0,7.7641E+20,5.83133E+21,1.30785E+16,5.25617E+16
163881,12,0,52,0,2018,6,17,2,3,4,2,0,1,1,0,0,0,0,0,8.66772E+20,5.74833E+21,1.43166E+16,5.17654E+16
163882,12,0,63,80,2018,6,14,2,3,5,3,0,0,1,0,0,0,0,0,7.79939E+20,5.83142E+21,1.31305E+16,5.25607E+16
163883,12,0,60,20,2018,6,13,2,3,5,3,0,1,1,0,0,0,0,0,8.09796E+20,5.84617E+21,1.35834E+16,5.26767E+16
163884,12,0,54,0,2018,7,7,4,3,2,6,0,0,1,0,0,0,0,0,7.78025E+20,5.81198E+21,1.30861E+16,5.23874E+16
163885,12,0,54,0,2018,6,11,2,3,6,4,0,0,0,1,1,0,0,0,7.76529E+20,5.814E+21,1.30658E+16,5.24062E+16
163886,12,0,67,201,2018,6,7,2,3,5,3,0,0,1,0,0,1,0,0,8.26617E+20,5.81466E+21,1.38003E+16,5.23845E+16
163887,12,0,54,0,2018,6,11,2,3,0,1,0,1,0,0,0,0,0,0,7.78711E+20,5.81641E+21,1.30998E+16,5.24267E+16
163888,12,0,67,440,2018,6,13,2,2,5,3,0,0,1,0,0,0,1,0,8.18468E+20,5.82384E+21,1.36898E+16,5.24716E+16
163889,12,0,61,433,2018,6,12,2,3,5,3,0,1,0,0,0,0,1,0,8.04415E+20,5.80969E+21,1.34706E+16,5.23528E+16
163890,12,0,67,144,2018,6,16,2,3,5,3,0,0,1,0,0,0,0,0,8.44719E+20,5.81469E+21,1.40653E+16,5.23737E+16
163891,12,0,70,296,2018,6,14,2,3,2,6,0,0,1,0,1,0,0,0,6.91544E+20,5.88497E+21,1.18598E+16,5.30798E+16
163892,12,0,61,320,2018,6,15,2,3,0,7,0,1,0,0,0,0,0,0,8.2509E+20,5.75508E+21,1.37211E+16,5.18516E+16
163893,12,0,68,468,2018,6,11,2,3,0,2,0,1,1,0,0,0,0,0,7.32974E+20,5.89488E+21,1.24844E+16,5.31523E+16
163894,12,0,71,372,2018,6,19,2,3,5,3,0,1,1,0,0,0,0,0,8.72251E+20,5.72686E+21,1.43728E+16,5.15696E+16
163895,12,0,73,8,2018,6,17,2,3,8,3,0,0,0,0,1,0,1,0,8.35306E+20,5.88626E+21,1.40005E+16,5.30206E+16
163896,12,0,72,17,2018,6,9,1,3,5,3,0,0,1,0,0,0,0,0,8.00167E+20,5.8076E+21,1.34066E+16,5.23364E+16
163897,12,0,69,249,2018,7,15,4,3,8,1,0,0,1,0,0,0,0,0,7.5811E+20,5.81219E+21,1.27943E+16,5.23989E+16
163898,12,0,60,5,2018,6,16,2,3,5,3,0,1,1,0,0,0,0,0,8.09484E+20,5.83552E+21,1.35688E+16,5.25814E+16
163899,12,0,63,80,2018,6,1,1,2,0,1,2,1,0,0,0,0,0,0,7.7634E+20,5.83145E+21,1.30775E+16,5.25628E+16
163900,12,0,67,520,2018,6,12,2,3,5,3,0,0,1,0,0,0,0,0,8.42152E+20,5.79684E+21,1.40096E+16,5.22154E+16
163901,12,0,66,296,2018,6,14,1,3,3,6,0,1,1,0,0,0,0,1,8.34298E+20,5.71317E+21,1.38143E+16,5.14707E+16
163902,12,0,70,424,2018,6,8,2,3,5,3,0,0,1,0,0,0,1,0,6.85294E+20,5.87605E+21,1.17614E+16,5.30019E+16
163903,12,0,62,24,2018,6,18,1,3,0,1,0,0,0,0,1,0,0,1,8.04855E+20,5.71635E+21,1.33944E+16,5.15158E+16
163904,12,0,63,273,2018,6,21,1,3,8,1,1,1,0,0,0,0,0,1,7.79818E+20,5.83506E+21,1.31317E+16,5.25933E+16
163905,12,0,64,428,2018,6,11,1,3,5,3,0,1,1,0,0,0,0,0,8.29663E+20,5.82857E+21,1.38587E+16,5.25074E+16
163906,12,0,51,0,2018,7,10,4,2,6,4,0,0,1,1,0,0,0,0,7.38564E+20,5.81427E+21,1.2509E+16,5.24265E+16
163907,12,0,69,656,2018,6,0,1,3,0,1,2,1,0,0,0,0,0,1,7.67869E+20,5.81025E+21,1.29358E+16,5.23769E+16
163908,12,0,67,36,2018,6,20,1,2,5,3,0,1,1,0,0,0,0,1,8.58612E+20,5.79392E+21,1.42465E+16,5.21789E+16
163909,12,0,61,320,2018,7,9,4,3,0,1,0,0,0,0,1,0,0,0,8.23843E+20,5.75491E+21,1.37029E+16,5.18508E+16
163910,12,0,61,444,2018,6,23,1,3,1,5,2,1,1,0,0,0,0,1,8.13352E+20,5.81136E+21,1.3603E+16,5.23628E+16
163911,12,0,67,76,2018,6,10,1,2,9,1,0,0,1,0,0,0,0,1,8.8005E+20,5.80405E+21,1.45699E+16,5.22552E+16
163912,12,0,67,124,2018,6,12,1,3,8,1,0,1,0,0,0,0,0,0,8.22667E+20,5.81907E+21,1.37467E+16,5.24264E+16
163913,12,0,72,232,2018,6,22,7,3,6,4,2,0,1,1,0,0,0,1,7.85864E+20,5.77899E+21,1.31731E+16,5.20875E+16
163914,12,0,65,136,2018,6,16,1,3,5,3,0,0,1,0,0,0,0,1,7.83525E+20,5.84101E+21,1.31914E+16,5.26448E+16
163915,12,0,63,80,2018,6,16,7,3,5,3,0,0,1,0,0,0,0,1,7.76575E+20,5.83273E+21,1.3082E+16,5.25741E+16
163916,12,0,65,100,2018,6,18,1,1,5,3,0,0,1,0,0,0,1,0,7.79966E+20,5.88621E+21,1.31778E+16,5.30519E+16
163917,12,0,54,0,2018,6,15,7,3,3,2,0,0,1,0,1,0,0,0,7.76637E+20,5.81225E+21,1.3066E+16,5.23905E+16
163918,12,0,63,80,2018,6,18,7,2,0,1,0,1,0,0,0,0,0,0,7.76961E+20,5.83388E+21,1.30887E+16,5.25843E+16
163919,12,0,51,0,2018,6,9,7,2,5,2,0,1,1,0,0,0,0,0,7.41676E+20,5.81166E+21,1.25528E+16,5.24017E+16
163920,12,0,60,52,2018,6,11,7,3,2,6,0,0,1,0,0,0,0,0,8.25311E+20,5.86402E+21,1.38297E+16,5.28275E+16
163921,12,0,66,196,2018,6,16,7,2,1,7,0,1,1,0,0,0,0,0,8.41542E+20,5.7574E+21,1.39614E+16,5.18626E+16
163922,12,0,60,20,2018,6,11,7,3,5,3,0,0,1,0,0,0,0,0,8.0733E+20,5.8455E+21,1.35464E+16,5.26721E+16
163923,12,0,66,304,2018,6,16,7,3,5,3,0,1,1,0,0,0,0,0,8.47282E+20,5.7193E+21,1.40065E+16,5.15178E+16
163924,12,0,67,120,2018,6,15,7,3,1,5,0,0,1,0,0,0,0,0,8.8493E+20,5.79127E+21,1.46266E+16,5.21374E+16
163925,12,0,61,316,2018,6,12,7,3,6,4,0,1,0,1,0,0,0,0,8.36761E+20,5.76589E+21,1.39005E+16,5.19416E+16
163926,12,0,72,17,2018,6,13,6,3,4,5,0,1,1,0,0,0,1,0,8.01025E+20,5.80662E+21,1.34183E+16,5.23271E+16
163927,12,0,61,572,2018,6,11,7,3,5,3,0,1,1,0,0,0,0,0,8.14016E+20,5.80804E+21,1.36096E+16,5.23326E+16
163928,12,0,63,208,2018,6,19,6,3,8,1,0,1,0,0,0,0,0,0,7.61686E+20,5.83593E+21,1.28654E+16,5.26103E+16
163929,12,0,60,181,2018,6,10,7,2,0,1,0,1,0,0,0,0,0,0,8.07266E+20,5.8428E+21,1.35429E+16,5.2648E+16
163930,12,0,63,80,2018,6,14,6,3,4,2,0,1,0,0,0,0,1,0,7.76725E+20,5.83215E+21,1.30838E+16,5.25689E+16
163931,12,0,64,268,2018,6,18,7,2,7,7,0,1,0,0,0,0,1,0,8.76189E+20,5.8219E+21,1.45336E+16,5.24176E+16
163932,12,0,67,144,2018,6,18,7,3,2,2,0,0,1,0,0,0,0,0,8.45006E+20,5.81309E+21,1.40679E+16,5.23592E+16
163933,12,0,54,0,2018,6,19,6,3,0,1,0,1,0,0,0,0,0,0,7.78509E+20,5.81248E+21,1.30936E+16,5.23916E+16
163934,12,0,65,144,2018,6,11,7,3,6,4,0,0,1,1,0,0,0,0,7.88807E+20,5.84853E+21,1.32759E+16,5.27094E+16
163935,12,0,61,260,2018,6,15,6,3,5,3,0,0,1,0,0,0,0,0,8.13651E+20,5.80466E+21,1.36011E+16,5.23025E+16
163936,12,0,65,84,2018,6,15,7,2,6,7,0,0,0,1,0,0,1,0,7.76135E+20,5.9058E+21,1.31376E+16,5.32296E+16
163937,12,0,71,244,2018,6,17,6,3,2,6,0,0,1,0,0,0,0,0,8.63117E+20,5.7446E+21,1.426E+16,5.17344E+16
163938,12,0,72,240,2018,6,7,6,2,5,2,0,1,1,0,0,0,0,0,7.90794E+20,5.80336E+21,1.32657E+16,5.23035E+16
163939,12,0,67,36,2018,6,11,6,3,0,7,0,0,0,0,1,0,0,0,8.58937E+20,5.79306E+21,1.42503E+16,5.2171E+16
163940,12,0,63,252,2018,6,8,6,2,5,7,0,1,1,0,0,0,0,0,7.27591E+20,5.83373E+21,1.23613E+16,5.26059E+16
163941,12,0,65,144,2018,6,19,6,2,8,7,0,0,0,0,1,0,0,0,7.88744E+20,5.84912E+21,1.32755E+16,5.27148E+16
163942,12,0,54,0,2018,6,14,6,3,5,3,0,1,1,0,0,0,0,0,7.79862E+20,5.80913E+21,1.31106E+16,5.23609E+16
163943,12,0,68,320,2018,6,12,6,3,9,1,0,0,0,0,0,0,1,0,7.6094E+20,5.86754E+21,1.28795E+16,5.28941E+16
163944,12,0,72,477,2018,6,12,5,3,3,7,0,1,1,0,0,0,0,0,8.05499E+20,5.78884E+21,1.34677E+16,5.21653E+16
163945,12,0,54,0,2018,6,7,6,3,5,2,0,1,1,0,0,0,0,0,7.78169E+20,5.81227E+21,1.30884E+16,5.23898E+16
163946,12,0,72,169,2018,6,10,5,3,4,6,0,0,1,0,0,0,0,0,7.80562E+20,5.76794E+21,1.30868E+16,5.19911E+16
163947,12,0,54,0,2018,6,7,6,3,5,3,0,1,1,0,0,0,0,0,7.76571E+20,5.81386E+21,1.30663E+16,5.24049E+16
163948,12,0,63,80,2018,6,12,5,3,5,3,0,0,1,0,0,0,1,0,7.77636E+20,5.8316E+21,1.30967E+16,5.25635E+16
163949,12,0,51,0,2018,6,8,6,3,5,3,0,1,1,0,0,0,0,0,7.42452E+20,5.81167E+21,1.25642E+16,5.24015E+16
163950,12,0,63,80,2018,6,15,5,2,5,3,0,0,1,0,0,0,0,1,7.76591E+20,5.8329E+21,1.30824E+16,5.25757E+16
163951,12,0,66,176,2018,6,21,6,3,5,3,1,1,1,0,0,0,0,0,8.30619E+20,5.71609E+21,1.37642E+16,5.1499E+16
163952,12,0,71,160,2018,6,12,6,3,5,3,0,0,1,0,1,0,0,0,8.92305E+20,5.77165E+21,1.47113E+16,5.19568E+16
163953,12,0,63,80,2018,6,14,5,3,5,3,0,1,1,0,0,0,0,1,7.74048E+20,5.83083E+21,1.30433E+16,5.25584E+16
163954,12,0,60,52,2018,6,9,6,3,5,3,0,1,1,0,0,0,0,0,8.21649E+20,5.86619E+21,1.37777E+16,5.28492E+16
163955,12,0,71,160,2018,7,10,2,3,4,6,0,1,1,0,0,0,0,0,8.91668E+20,5.77298E+21,1.47036E+16,5.19691E+16
163956,12,0,52,0,2018,7,9,2,3,5,3,0,0,1,0,0,0,0,0,8.6688E+20,5.75026E+21,1.43202E+16,5.17826E+16
163957,12,0,73,532,2018,7,8,2,3,6,4,0,0,1,1,0,0,0,0,8.53885E+20,5.89125E+21,1.42818E+16,5.30533E+16
163958,12,0,52,0,2018,8,8,6,3,5,3,0,1,1,0,0,0,0,0,8.66822E+20,5.74786E+21,1.43169E+16,5.17612E+16
163959,12,0,67,173,2018,7,15,2,2,4,6,0,0,1,0,1,0,0,0,8.22892E+20,5.81473E+21,1.37459E+16,5.23874E+16
163960,12,0,65,332,2018,7,18,3,3,0,7,0,1,0,0,0,0,0,0,7.81939E+20,5.8464E+21,1.31727E+16,5.2694E+16
163961,12,0,61,540,2018,7,15,5,3,6,2,0,0,1,1,0,0,0,0,8.14111E+20,5.80771E+21,1.36107E+16,5.23296E+16
163962,12,0,54,0,2018,7,16,5,3,5,3,0,1,1,0,0,0,0,0,7.76005E+20,5.81347E+21,1.30577E+16,5.24017E+16
163963,12,0,67,144,2018,7,19,2,3,5,3,0,1,1,0,0,0,0,0,8.44851E+20,5.81305E+21,1.40656E+16,5.2359E+16
163964,12,0,67,144,2018,7,13,2,3,5,3,0,0,1,0,0,0,0,0,8.44704E+20,5.8121E+21,1.40624E+16,5.23506E+16
163965,12,0,65,256,2018,7,11,2,1,0,7,0,1,0,0,0,0,0,0,7.85235E+20,5.85329E+21,1.32273E+16,5.2754E+16
163966,12,0,54,0,2018,8,18,5,3,5,3,0,1,0,0,0,0,0,0,7.76011E+20,5.81342E+21,1.30578E+16,5.24013E+16
163967,12,0,54,0,2018,7,18,1,3,5,2,0,1,0,0,0,0,0,0,7.77517E+20,5.81307E+21,1.30796E+16,5.23974E+16
163968,12,0,71,160,2018,7,11,1,2,0,1,0,1,0,0,0,0,0,0,8.92325E+20,5.77069E+21,1.47105E+16,5.19481E+16
163969,12,0,72,17,2018,8,22,5,2,0,7,2,1,0,0,0,0,0,0,8.00442E+20,5.80724E+21,1.34103E+16,5.2333E+16
163970,12,0,71,337,2018,7,20,6,2,5,3,1,0,1,0,0,0,1,0,8.82534E+20,5.77802E+21,1.45769E+16,5.20205E+16
163971,12,0,64,472,2018,7,23,1,3,0,1,2,1,0,0,0,0,0,0,8.30792E+20,5.83616E+21,1.38828E+16,5.25747E+16
163972,12,0,70,316,2018,7,12,6,3,6,3,0,0,1,1,0,0,0,0,7.12244E+20,5.89361E+21,1.2174E+16,5.31495E+16
163973,12,0,71,76,2018,7,9,2,3,5,3,0,0,1,0,0,0,0,0,8.8962E+20,5.748E+21,1.46458E+16,5.17471E+16
163974,12,0,52,0,2018,7,13,7,2,5,3,0,1,1,0,0,0,0,0,8.67799E+20,5.74534E+21,1.43283E+16,5.1738E+16
163975,12,0,65,356,2018,7,11,7,3,6,4,0,0,0,1,0,0,1,0,7.90979E+20,5.8792E+21,1.33353E+16,5.29832E+16
163976,12,0,70,424,2018,7,19,7,3,0,1,0,1,0,0,0,0,0,0,6.84886E+20,5.87692E+21,1.17559E+16,5.30099E+16
163977,12,0,63,293,2018,7,14,6,3,6,4,0,0,1,1,0,0,0,0,7.32885E+20,5.84E+21,1.24437E+16,5.26598E+16
163978,12,0,73,520,2018,8,17,5,3,6,7,0,0,1,1,0,0,0,0,8.33162E+20,5.93143E+21,1.40158E+16,5.34264E+16
163979,12,0,54,0,2018,7,8,6,3,5,3,0,1,1,0,0,0,0,0,7.79764E+20,5.81061E+21,1.31104E+16,5.23742E+16
163980,12,0,63,80,2018,7,18,7,3,5,3,0,0,1,0,0,0,0,0,7.77417E+20,5.83065E+21,1.30927E+16,5.25551E+16
163981,12,0,54,0,2018,7,18,6,3,5,2,0,1,1,0,0,0,0,0,7.78359E+20,5.81252E+21,1.30914E+16,5.2392E+16
163982,12,0,65,256,2018,7,16,2,3,5,3,0,0,1,0,1,0,0,0,7.85202E+20,5.8533E+21,1.32268E+16,5.27541E+16
163983,12,0,54,0,2018,7,18,6,2,6,4,0,0,0,1,0,0,1,0,7.7842E+20,5.81251E+21,1.30923E+16,5.23919E+16
163984,12,0,61,433,2018,7,5,6,3,8,5,0,0,1,0,0,1,0,0,8.06112E+20,5.81454E+21,1.34999E+16,5.23954E+16
163985,12,0,70,316,2018,8,13,1,3,3,6,0,1,1,0,0,0,0,0,7.13319E+20,5.89524E+21,1.21912E+16,5.31637E+16
163986,12,0,66,196,2018,7,15,5,3,3,2,0,0,1,0,1,0,0,0,8.42161E+20,5.75805E+21,1.3971E+16,5.1868E+16
163987,12,0,62,24,2018,7,18,6,3,8,7,0,0,1,0,0,0,0,0,8.04879E+20,5.71343E+21,1.33922E+16,5.14896E+16
163988,12,0,63,80,2018,8,15,4,3,5,3,0,1,1,0,0,0,0,0,7.77596E+20,5.83146E+21,1.3096E+16,5.25622E+16
163989,12,0,52,0,2018,7,9,6,3,5,2,0,1,1,0,0,0,0,0,8.67492E+20,5.74558E+21,1.43241E+16,5.17403E+16
163990,12,0,60,52,2018,7,19,6,3,8,1,0,0,1,0,0,0,0,0,8.23837E+20,5.86511E+21,1.3809E+16,5.28382E+16
163991,12,0,65,256,2018,7,21,6,3,2,6,2,0,1,0,0,0,1,0,7.8396E+20,5.85158E+21,1.3207E+16,5.27394E+16
163992,12,0,51,0,2018,8,17,6,3,5,3,0,1,0,0,0,0,0,0,7.38854E+20,5.81368E+21,1.25129E+16,5.24211E+16
163993,12,0,65,256,2018,7,13,6,3,4,7,0,0,1,0,0,0,0,0,7.87122E+20,5.85225E+21,1.32543E+16,5.27437E+16
163994,12,0,68,280,2018,7,18,6,2,5,3,0,1,0,0,0,0,1,0,7.67455E+20,5.87655E+21,1.29836E+16,5.29717E+16
163995,12,0,54,0,2018,8,10,7,2,6,4,0,0,1,1,0,0,0,0,7.78705E+20,5.82026E+21,1.3103E+16,5.24612E+16
163996,12,0,63,252,2018,7,16,5,3,4,6,0,1,0,0,0,0,0,0,7.25077E+20,5.83377E+21,1.23242E+16,5.26073E+16
163997,12,0,62,124,2018,8,9,4,2,5,3,0,1,1,0,0,0,0,0,8.13325E+20,5.71073E+21,1.35111E+16,5.14608E+16
163998,12,0,63,56,2018,7,17,5,3,0,7,0,1,0,0,0,0,0,0,7.75143E+20,5.8291E+21,1.3058E+16,5.25423E+16
163999,12,0,70,424,2018,7,19,6,3,0,1,0,0,0,0,1,0,0,0,6.8472E+20,5.87525E+21,1.17525E+16,5.29949E+16
164000,12,0,69,604,2018,7,13,5,3,1,1,0,1,1,0,0,0,0,0,7.85573E+20,5.8129E+21,1.31975E+16,5.23917E+16
164001,12,0,69,616,2018,7,7,5,3,2,6,0,0,1,0,0,0,0,0,7.88824E+20,5.81378E+21,1.32459E+16,5.23979E+16
164002,12,0,54,0,2018,7,16,5,3,5,3,0,1,1,0,0,0,0,0,7.79508E+20,5.81193E+21,1.31078E+16,5.23862E+16
164003,12,0,60,181,2018,8,8,6,3,3,3,0,1,1,0,0,0,0,0,8.07172E+20,5.84311E+21,1.35418E+16,5.26508E+16
164004,12,0,52,0,2018,7,7,6,3,4,2,0,1,1,0,0,0,0,0,8.69195E+20,5.74351E+21,1.43465E+16,5.17207E+16
164005,12,0,51,0,2018,7,8,5,3,5,3,0,0,1,0,1,0,0,0,7.32085E+20,5.81081E+21,1.24115E+16,5.23983E+16
164006,12,0,70,296,2018,7,15,6,2,9,1,0,0,1,0,0,0,0,0,6.93778E+20,5.88834E+21,1.18951E+16,5.31092E+16
164007,12,0,69,304,2018,7,8,2,3,5,3,0,1,1,0,0,0,0,0,7.86462E+20,5.81436E+21,1.32118E+16,5.24043E+16
164008,12,0,66,304,2018,7,15,5,2,5,7,0,1,1,0,0,0,0,0,8.46372E+20,5.71986E+21,1.3994E+16,5.15234E+16
164009,12,0,71,160,2018,7,9,5,3,5,3,0,1,1,0,0,0,0,1,8.92629E+20,5.77112E+21,1.47154E+16,5.19518E+16
164010,12,0,61,433,2018,7,15,6,3,2,6,0,0,1,0,0,1,0,0,8.10289E+20,5.80612E+21,1.35533E+16,5.23175E+16
164011,12,0,66,304,2018,7,8,3,3,5,3,0,1,0,0,0,0,0,0,8.47266E+20,5.71928E+21,1.40063E+16,5.15176E+16
164012,12,0,64,336,2018,7,21,5,3,9,1,1,0,1,0,0,0,0,0,8.18759E+20,5.82834E+21,1.36983E+16,5.25117E+16
164013,12,0,63,80,2018,7,15,4,3,5,3,0,1,1,0,0,0,0,0,7.7636E+20,5.83067E+21,1.30772E+16,5.25558E+16
164014,12,0,69,616,2018,7,8,4,3,0,5,0,0,1,0,0,0,0,0,7.91644E+20,5.81303E+21,1.32866E+16,5.23896E+16
164015,12,0,54,0,2018,7,16,4,3,5,2,0,1,1,0,0,0,0,0,7.78963E+20,5.81209E+21,1.30999E+16,5.23878E+16
164016,12,0,54,0,2018,7,18,4,2,0,1,0,0,1,0,1,0,1,0,7.78178E+20,5.81236E+21,1.30887E+16,5.23907E+16
164017,12,0,72,240,2018,8,17,5,3,1,5,0,1,1,0,0,0,0,0,7.90744E+20,5.80286E+21,1.32646E+16,5.2299E+16
164018,12,0,64,268,2018,7,22,6,3,0,1,2,0,0,0,1,0,0,0,8.72667E+20,5.82597E+21,1.44866E+16,5.24564E+16
164019,12,0,54,0,2018,7,14,4,3,0,1,0,1,0,0,0,0,0,0,7.77152E+20,5.81413E+21,1.30751E+16,5.24071E+16
164020,12,0,60,20,2018,7,6,2,2,5,3,0,1,1,0,0,0,0,0,8.07989E+20,5.84559E+21,1.35562E+16,5.26725E+16
164021,12,0,60,20,2018,7,14,4,3,6,7,0,1,0,1,0,0,0,0,8.10105E+20,5.84631E+21,1.3588E+16,5.26777E+16
164022,12,0,53,0,2018,7,22,4,3,6,4,2,0,1,1,0,0,0,0,8.78013E+20,5.81368E+21,1.4551E+16,5.23428E+16
164023,12,0,64,512,2018,7,10,5,3,6,2,0,0,1,1,0,0,0,0,8.46732E+20,5.8532E+21,1.4135E+16,5.27173E+16
164024,12,0,63,252,2018,7,14,3,3,4,2,0,1,1,0,0,0,0,0,7.26714E+20,5.83351E+21,1.23482E+16,5.26042E+16
164025,12,0,70,236,2018,8,13,5,3,9,1,0,0,0,0,1,0,0,0,6.75569E+20,5.88466E+21,1.16214E+16,5.30825E+16
164026,12,0,63,357,2018,7,7,3,2,5,3,0,1,1,0,0,0,0,0,7.70834E+20,5.82927E+21,1.29947E+16,5.2546E+16
164027,12,0,63,80,2018,7,10,3,2,0,7,0,1,0,0,0,0,0,0,7.75905E+20,5.83237E+21,1.30719E+16,5.25712E+16
164028,12,0,69,616,2018,7,15,3,3,6,4,0,0,1,1,0,0,0,0,7.90605E+20,5.81407E+21,1.32722E+16,5.23995E+16
164029,12,0,61,260,2018,8,18,5,3,5,3,0,1,1,0,0,0,0,0,8.15685E+20,5.80317E+21,1.36295E+16,5.2288E+16
164030,12,0,54,0,2018,7,14,3,3,0,1,0,1,0,0,0,0,0,0,7.80138E+20,5.80926E+21,1.31148E+16,5.23618E+16
164031,12,0,68,320,2018,7,9,2,3,3,2,0,0,1,0,1,0,0,0,7.55499E+20,5.87032E+21,1.2801E+16,5.29217E+16
164032,12,0,51,0,2018,7,14,3,3,0,7,0,1,1,0,0,0,0,0,7.41391E+20,5.81238E+21,1.25492E+16,5.24083E+16
164033,12,0,66,176,2018,7,12,3,2,5,3,0,1,1,0,0,0,0,0,8.30708E+20,5.71279E+21,1.37624E+16,5.14694E+16
164034,12,0,68,320,2018,8,3,1,2,7,1,2,1,0,0,0,0,0,0,7.58469E+20,5.87302E+21,1.28472E+16,5.29444E+16
164035,12,0,66,304,2018,7,16,3,2,5,3,0,1,1,0,0,0,0,0,8.47513E+20,5.71903E+21,1.40096E+16,5.15153E+16
164036,12,0,52,0,2018,7,6,5,3,5,3,0,1,1,0,0,0,0,0,8.68104E+20,5.74676E+21,1.43342E+16,5.17505E+16
164037,12,0,72,232,2018,7,8,6,2,5,2,0,1,1,0,0,0,0,0,7.84849E+20,5.77976E+21,1.3159E+16,5.2095E+16
164038,12,0,54,0,2018,8,14,4,3,2,6,0,0,1,0,0,0,0,0,7.70967E+20,5.81255E+21,1.29831E+16,5.2396E+16
164039,12,0,61,540,2018,7,11,3,3,5,3,0,1,1,0,0,0,0,0,8.1585E+20,5.80752E+21,1.3636E+16,5.23269E+16
164040,12,0,61,540,2018,7,17,3,3,5,3,0,0,1,0,0,0,0,0,8.14998E+20,5.80723E+21,1.36232E+16,5.23248E+16
164041,12,0,61,435,2018,7,14,7,3,8,1,0,0,0,0,1,0,0,0,8.23182E+20,5.76997E+21,1.37075E+16,5.19862E+16
164042,12,0,52,0,2018,7,7,3,3,5,2,0,1,1,0,0,0,0,0,8.68077E+20,5.7484E+21,1.43356E+16,5.17652E+16
164043,12,0,52,0,2018,7,13,3,1,5,3,0,1,1,0,0,0,0,0,8.69308E+20,5.74817E+21,1.43531E+16,5.17623E+16
164044,12,0,65,256,2018,8,12,7,3,8,1,0,0,0,0,1,0,0,0,7.85267E+20,5.85514E+21,1.32294E+16,5.27706E+16
164045,12,0,67,440,2018,7,22,3,3,6,6,2,1,0,1,0,0,0,0,8.19094E+20,5.82334E+21,1.36985E+16,5.24668E+16
164046,12,0,73,532,2018,7,19,5,3,0,7,0,0,1,0,0,0,0,0,8.51847E+20,5.89183E+21,1.42521E+16,5.30598E+16
164047,12,0,64,336,2018,8,13,4,3,5,3,0,0,1,0,0,0,0,0,8.19276E+20,5.82979E+21,1.37073E+16,5.25244E+16
164048,12,0,65,256,2018,7,9,3,3,5,3,0,1,1,0,0,0,0,0,7.82668E+20,5.85221E+21,1.31884E+16,5.27457E+16
164049,12,0,54,0,2018,7,16,5,2,0,7,0,0,1,0,1,0,0,0,7.80967E+20,5.81093E+21,1.31283E+16,5.23764E+16
164050,12,0,65,256,2018,7,11,3,3,5,3,0,0,1,0,0,0,0,0,7.86456E+20,5.85539E+21,1.32472E+16,5.27722E+16
164051,12,0,70,424,2018,7,14,3,2,0,1,0,1,0,0,0,0,0,0,6.84596E+20,5.87565E+21,1.17508E+16,5.29986E+16
164052,12,0,68,353,2018,7,11,3,2,0,7,0,1,0,0,0,0,0,0,7.60443E+20,5.88992E+21,1.28902E+16,5.3095E+16
164053,12,0,60,20,2018,7,9,5,2,2,6,0,1,1,0,0,0,0,0,8.11883E+20,5.84404E+21,1.36121E+16,5.26564E+16
164054,12,0,68,264,2018,8,22,6,3,6,6,2,1,0,1,0,0,0,0,7.27675E+20,5.87146E+21,1.23887E+16,5.29444E+16
164055,12,0,63,80,2018,7,18,2,2,8,7,0,0,1,0,0,0,0,0,7.78047E+20,5.83115E+21,1.31024E+16,5.25593E+16
164056,12,0,54,0,2018,7,16,2,3,6,4,0,1,0,1,0,0,0,0,7.75913E+20,5.81334E+21,1.30563E+16,5.24006E+16
164057,12,0,61,316,2018,8,11,6,3,5,3,0,1,1,0,0,0,0,0,8.37776E+20,5.76522E+21,1.39146E+16,5.19349E+16
164058,12,0,54,0,2018,7,15,2,2,3,6,0,1,1,0,0,0,0,0,7.75949E+20,5.81422E+21,1.30575E+16,5.24085E+16