OBJECTID_1,ULAND,UREGBEZ,UKREIS,UGEMEINDE,UJAHR,UMONAT,USTUNDE,UWOCHENTAG,UKATEGORIE,UART,UTYP1,ULICHTVERH,IstRad,IstPKW,IstFuss,IstKrad,IstGkfz,IstSonstig,STRZUSTAND,LINREFX,LINREFY,XGCSWGS84,YGCSWGS84
164059,12,0,72,340,2018,7,17,4,2,2,2,0,0,1,0,0,0,0,0,8.02997E+20,5.80356E+21,1.34444E+16,5.22986E+16
164060,12,0,52,0,2018,7,17,3,3,5,2,0,1,1,0,0,0,0,0,8.67761E+20,5.74659E+21,1.43291E+16,5.17492E+16
164061,12,0,54,0,2018,7,9,2,3,2,6,0,0,1,0,1,0,0,0,7.75051E+20,5.81449E+21,1.30446E+16,5.24114E+16
164062,12,0,51,0,2018,7,17,2,3,5,3,0,1,1,0,0,0,0,0,7.41414E+20,5.81268E+21,1.25497E+16,5.2411E+16
164063,12,0,52,0,2018,7,7,2,3,0,2,0,1,1,0,0,0,0,0,8.67623E+20,5.74713E+21,1.43277E+16,5.17541E+16
164064,12,0,73,572,2018,7,5,2,3,5,3,1,1,1,0,0,0,0,0,8.02075E+20,5.89439E+21,1.35143E+16,5.31132E+16
164065,12,0,67,144,2018,7,15,2,3,2,2,0,0,1,0,0,0,1,0,8.45847E+20,5.81182E+21,1.40789E+16,5.23473E+16
164066,12,0,63,80,2018,7,17,4,2,4,6,0,0,1,0,0,0,0,0,7.78443E+20,5.83055E+21,1.31077E+16,5.25537E+16
164067,12,0,54,0,2018,8,16,5,3,5,3,0,1,1,0,0,0,0,0,7.80262E+20,5.81128E+21,1.31183E+16,5.23799E+16
164068,12,0,65,225,2018,7,15,2,3,8,6,0,0,1,0,1,0,0,0,7.96524E+20,5.84326E+21,1.3385E+16,5.26581E+16
164069,12,0,61,572,2018,7,11,4,3,5,2,0,1,1,0,0,0,0,0,8.14982E+20,5.81006E+21,1.36256E+16,5.23502E+16
164070,12,0,67,440,2018,7,10,2,3,6,4,0,0,0,1,0,0,1,0,8.20896E+20,5.82292E+21,1.37245E+16,5.2462E+16
164071,12,0,68,320,2018,7,12,2,2,1,7,0,1,1,0,0,0,0,0,7.55992E+20,5.87268E+21,1.28102E+16,5.29426E+16
164072,12,0,54,0,2018,7,14,1,3,0,1,0,1,0,0,0,0,0,0,7.81897E+20,5.81088E+21,1.31419E+16,5.23755E+16
164073,12,0,66,304,2018,7,13,2,3,5,3,0,1,1,0,0,0,0,0,8.47002E+20,5.71949E+21,1.40027E+16,5.15196E+16
164074,12,0,51,0,2018,7,10,1,3,5,3,0,1,0,0,0,0,0,0,7.4238E+20,5.81306E+21,1.25642E+16,5.2414E+16
164075,12,0,72,340,2018,7,12,7,3,5,3,0,0,1,0,0,0,0,0,8.03956E+20,5.80324E+21,1.34581E+16,5.22952E+16
164076,12,0,54,0,2018,7,15,7,3,5,3,0,1,0,0,1,0,0,0,7.74056E+20,5.80882E+21,1.30253E+16,5.2361E+16
164077,12,0,54,0,2018,7,15,7,3,5,2,0,1,1,0,0,0,0,0,7.77754E+20,5.81468E+21,1.30844E+16,5.24117E+16
164078,12,0,54,0,2018,7,12,7,3,6,4,0,0,1,1,0,0,0,0,7.77266E+20,5.81429E+21,1.30769E+16,5.24084E+16
164079,12,0,64,317,2018,7,8,4,3,5,3,0,0,1,0,1,0,0,0,8.48508E+20,5.82967E+21,1.41364E+16,5.25055E+16
164080,12,0,52,0,2018,8,16,5,3,5,3,0,0,1,0,0,0,1,0,8.68011E+20,5.74718E+21,1.43333E+16,5.17543E+16
164081,12,0,54,0,2018,7,13,7,2,8,7,0,0,1,0,0,0,0,0,7.70884E+20,5.82215E+21,1.29897E+16,5.24821E+16
164082,12,0,53,0,2018,7,11,1,3,1,6,0,0,1,0,0,0,0,0,8.76005E+20,5.8066E+21,1.45138E+16,5.22808E+16
164083,12,0,73,8,2018,7,10,7,3,5,3,0,0,1,0,0,0,0,0,8.36374E+20,5.88588E+21,1.40159E+16,5.30165E+16
164084,12,0,60,52,2018,7,19,7,3,0,1,0,1,0,0,0,0,0,0,8.22244E+20,5.86365E+21,1.3784E+16,5.2826E+16
164085,12,0,54,0,2018,8,14,7,3,0,1,0,1,0,0,0,0,0,0,7.76014E+20,5.81429E+21,1.30585E+16,5.2409E+16
164086,12,0,65,136,2018,7,13,7,3,5,3,0,1,1,0,0,0,0,0,7.84543E+20,5.83766E+21,1.32036E+16,5.26142E+16
164087,12,0,65,256,2018,8,9,1,3,8,1,0,0,0,0,1,0,0,0,7.85055E+20,5.84955E+21,1.32214E+16,5.27206E+16
164088,12,0,72,53,2018,7,20,6,3,5,3,0,1,1,0,0,0,0,0,8.04799E+20,5.75567E+21,1.34279E+16,5.18684E+16
164089,12,0,63,208,2018,7,22,6,3,9,1,2,1,0,0,0,0,0,0,7.62864E+20,5.83523E+21,1.28822E+16,5.26034E+16
164090,12,0,65,356,2018,7,9,4,3,6,2,0,0,1,1,0,0,0,0,7.90812E+20,5.87877E+21,1.33324E+16,5.29795E+16
164091,12,0,63,252,2018,8,17,4,2,2,2,0,1,1,0,0,0,0,0,7.26347E+20,5.83372E+21,1.23429E+16,5.26063E+16
164092,12,0,63,80,2018,7,0,6,2,9,1,2,0,1,0,0,0,0,0,7.80828E+20,5.83189E+21,1.31439E+16,5.25644E+16
164093,12,0,60,5,2018,7,15,7,2,5,3,0,1,1,0,0,0,0,0,8.09463E+20,5.83524E+21,1.35682E+16,5.2579E+16
164094,12,0,54,0,2018,7,17,6,3,0,1,0,1,0,0,0,0,0,0,7.77385E+20,5.81285E+21,1.30774E+16,5.23955E+16
164095,12,0,54,0,2018,7,15,6,3,5,3,0,1,1,0,0,0,0,0,7.8084E+20,5.81153E+21,1.3127E+16,5.23819E+16
164096,12,0,69,604,2018,8,9,6,3,5,3,0,1,1,0,0,0,0,0,7.86999E+20,5.81233E+21,1.32179E+16,5.23858E+16
164097,12,0,54,0,2018,7,10,6,3,5,3,0,1,1,0,0,0,0,0,7.81011E+20,5.81117E+21,1.31292E+16,5.23785E+16
164098,12,0,68,320,2018,7,10,4,3,5,3,0,1,0,0,0,0,0,0,7.55156E+20,5.87005E+21,1.27957E+16,5.29194E+16
164099,12,0,54,0,2018,7,14,3,3,2,6,0,0,1,0,0,0,0,0,7.78597E+20,5.81219E+21,1.30947E+16,5.23889E+16
164100,12,0,69,397,2018,7,18,6,3,0,1,0,1,0,0,0,0,0,0,7.74827E+20,5.8041E+21,1.30328E+16,5.23183E+16
164101,12,0,52,0,2018,7,10,6,3,4,6,0,1,0,0,0,0,0,0,8.67936E+20,5.74851E+21,1.43336E+16,5.17663E+16
164102,12,0,54,0,2018,7,20,3,2,4,6,0,1,0,0,0,0,0,0,7.80594E+20,5.81042E+21,1.31224E+16,5.23721E+16
164103,12,0,69,688,2018,8,23,4,3,8,1,2,0,1,0,0,0,0,0,7.30871E+20,5.80863E+21,1.23922E+16,5.23792E+16
164104,12,0,53,0,2018,7,18,6,2,5,3,0,0,1,0,1,0,0,1,8.72732E+20,5.81495E+21,1.44753E+16,5.23577E+16
164105,12,0,70,296,2018,7,7,6,3,0,1,0,0,1,0,1,0,0,0,6.90793E+20,5.88423E+21,1.18481E+16,5.30734E+16
164106,12,0,68,320,2018,7,18,6,2,0,1,0,1,0,0,0,0,0,1,7.55629E+20,5.87051E+21,1.28031E+16,5.29233E+16
164107,12,0,54,0,2018,7,11,3,3,3,6,0,0,1,0,0,0,1,0,7.76378E+20,5.81308E+21,1.30629E+16,5.23981E+16
164108,12,0,60,5,2018,8,15,6,3,4,6,0,0,1,0,0,0,0,0,8.06645E+20,5.83776E+21,1.35291E+16,5.26031E+16
164109,12,0,63,252,2018,7,15,5,3,0,7,0,0,1,0,0,0,0,0,7.27023E+20,5.83388E+21,1.2353E+16,5.26075E+16
164110,12,0,61,260,2018,7,17,3,2,5,3,0,1,0,0,0,1,0,0,8.15862E+20,5.80142E+21,1.36304E+16,5.22722E+16
164111,12,0,61,433,2018,7,7,6,3,5,3,0,0,1,0,1,0,0,0,8.05716E+20,5.8136E+21,1.34932E+16,5.23871E+16
164112,12,0,68,353,2018,7,6,3,3,4,6,0,1,0,1,0,0,0,0,7.612E+20,5.89084E+21,1.29022E+16,5.31029E+16
164113,12,0,54,0,2018,7,8,5,3,1,6,0,0,1,0,0,0,0,1,7.72802E+20,5.81529E+21,1.30122E+16,5.24197E+16
164114,12,0,51,0,2018,7,19,5,3,0,7,0,1,1,0,0,0,0,0,7.42336E+20,5.81229E+21,1.2563E+16,5.24071E+16
164115,12,0,61,260,2018,7,19,5,3,9,1,0,0,1,0,0,0,0,1,8.18919E+20,5.80494E+21,1.36784E+16,5.2302E+16
164116,12,0,64,227,2018,7,15,5,2,6,6,0,0,1,1,0,0,0,1,8.13861E+20,5.83068E+21,1.36286E+16,5.25355E+16
164117,12,0,65,256,2018,7,14,5,3,1,5,0,0,1,0,0,1,0,0,7.86541E+20,5.85552E+21,1.32485E+16,5.27734E+16
164118,12,0,62,124,2018,7,17,3,3,5,2,0,1,1,0,0,0,0,0,8.13463E+20,5.71174E+21,1.3514E+16,5.14698E+16
164119,12,0,72,17,2018,7,8,4,3,0,7,0,1,1,0,0,0,0,0,8.01569E+20,5.81044E+21,1.34297E+16,5.23611E+16
164120,12,0,72,169,2018,7,7,4,3,0,7,0,1,1,0,0,0,0,0,7.80018E+20,5.7681E+21,1.30791E+16,5.19929E+16
164121,12,0,69,616,2018,7,17,4,3,6,4,0,0,1,1,0,0,0,0,7.90791E+20,5.8138E+21,1.32747E+16,5.23971E+16
164122,12,0,54,0,2018,7,18,4,3,3,6,0,1,0,0,0,0,1,0,7.7628E+20,5.81435E+21,1.30625E+16,5.24095E+16
164123,12,0,73,532,2018,7,17,3,3,5,3,0,1,1,0,0,0,0,0,8.51963E+20,5.89271E+21,1.42548E+16,5.30676E+16
164124,12,0,72,17,2018,8,22,5,2,3,6,2,1,0,0,0,1,0,0,8.00541E+20,5.80752E+21,1.3412E+16,5.23355E+16
164125,12,0,71,160,2018,7,10,4,3,6,4,0,0,1,1,0,0,0,0,8.89958E+20,5.77115E+21,1.46767E+16,5.1954E+16
164126,12,0,53,0,2018,7,20,3,2,5,3,0,0,1,0,0,0,1,0,8.78258E+20,5.81273E+21,1.45535E+16,5.23341E+16
164127,12,0,73,452,2018,7,18,2,3,1,7,0,1,1,0,0,0,0,0,8.22995E+20,5.91769E+21,1.38493E+16,5.33097E+16
164128,12,0,52,0,2018,7,16,4,3,6,3,0,0,1,1,0,0,0,0,8.67522E+20,5.74744E+21,1.43265E+16,5.1757E+16
164129,12,0,68,320,2018,7,16,7,2,0,1,0,1,0,0,0,0,0,0,7.57126E+20,5.87631E+21,1.28299E+16,5.29746E+16
164130,12,0,52,0,2018,7,13,4,3,5,3,0,1,1,0,0,0,0,0,8.68809E+20,5.74908E+21,1.43468E+16,5.17708E+16
164131,12,0,72,340,2018,7,19,3,2,9,7,0,0,1,0,0,0,0,0,8.01643E+20,5.80274E+21,1.34238E+16,5.2292E+16
164132,12,0,63,252,2018,7,6,3,3,6,4,0,1,0,1,0,0,0,0,7.2571E+20,5.83383E+21,1.23336E+16,5.26075E+16
164133,12,0,67,24,2018,7,16,3,3,5,6,0,1,1,0,0,0,0,0,8.43161E+20,5.79948E+21,1.4027E+16,5.22385E+16
164134,12,0,67,144,2018,8,11,5,3,3,6,0,1,1,0,0,0,0,0,8.44568E+20,5.81332E+21,1.40617E+16,5.23615E+16
164135,12,0,54,0,2018,7,9,3,3,4,6,0,1,0,0,0,1,0,0,7.79091E+20,5.8126E+21,1.31022E+16,5.23924E+16
164136,12,0,65,136,2018,7,17,3,3,0,7,0,0,1,0,0,0,0,0,7.83817E+20,5.84168E+21,1.31963E+16,5.26507E+16
164137,12,0,69,656,2018,7,18,7,3,5,3,0,0,1,0,1,0,0,0,7.65896E+20,5.81127E+21,1.29077E+16,5.2387E+16
164138,12,0,61,433,2018,8,6,5,3,0,6,0,0,1,0,1,0,0,0,8.02294E+20,5.81417E+21,1.34436E+16,5.23942E+16
164139,12,0,54,0,2018,7,9,3,3,0,6,0,1,0,0,0,0,1,0,7.70241E+20,5.81426E+21,1.29738E+16,5.24117E+16
164140,12,0,70,316,2018,7,15,3,3,5,3,0,0,1,0,0,0,1,0,7.1245E+20,5.89345E+21,1.2177E+16,5.3148E+16
164141,12,0,68,320,2018,7,11,2,3,5,3,0,1,1,0,0,0,0,0,7.546E+20,5.87013E+21,1.27875E+16,5.29203E+16
164142,12,0,69,397,2018,7,9,3,3,5,3,0,1,1,0,0,0,0,0,7.74554E+20,5.80305E+21,1.30279E+16,5.2309E+16
164143,12,0,52,0,2018,7,11,3,3,0,7,0,1,0,0,0,0,0,1,8.68543E+20,5.74811E+21,1.4342E+16,5.17622E+16
164144,12,0,70,241,2018,8,4,1,3,6,4,2,0,1,1,0,0,0,0,7.00969E+20,5.86435E+21,1.19875E+16,5.28912E+16
164145,12,0,73,532,2018,7,10,3,2,5,7,0,1,0,0,0,0,1,0,8.54081E+20,5.89177E+21,1.42852E+16,5.30578E+16
164146,12,0,67,36,2018,7,14,3,3,2,2,0,0,1,0,0,0,0,0,8.58788E+20,5.79364E+21,1.42488E+16,5.21763E+16
164147,12,0,72,340,2018,7,18,2,2,8,1,0,0,0,0,1,0,0,0,8.02093E+20,5.8029E+21,1.34306E+16,5.22932E+16
164148,12,0,54,0,2018,8,7,4,3,5,3,0,1,1,0,0,0,0,0,7.76569E+20,5.81387E+21,1.30663E+16,5.24051E+16
164149,12,0,70,424,2018,7,17,3,3,0,7,0,1,0,0,0,0,0,0,6.85005E+20,5.87542E+21,1.17568E+16,5.29964E+16
164150,12,0,70,296,2018,7,16,3,3,1,5,0,0,1,0,0,0,0,0,6.92375E+20,5.88354E+21,1.18713E+16,5.30667E+16
164151,12,0,72,340,2018,7,17,2,3,6,6,0,0,1,1,0,0,0,0,8.01955E+20,5.8032E+21,1.34288E+16,5.2296E+16
164152,12,0,69,397,2018,7,15,2,3,0,1,0,0,0,0,1,0,0,0,7.78751E+20,5.79896E+21,1.30859E+16,5.22702E+16
164153,12,0,51,0,2018,7,8,2,2,4,2,0,1,1,0,0,0,0,0,7.39984E+20,5.81487E+21,1.25303E+16,5.24312E+16
164154,12,0,67,544,2018,8,3,7,2,8,1,2,1,0,0,0,0,0,0,8.21371E+20,5.82279E+21,1.37313E+16,5.24605E+16
164155,12,0,62,124,2018,7,20,2,3,8,1,0,0,1,0,0,0,0,0,8.12901E+20,5.71198E+21,1.35061E+16,5.14722E+16
164156,12,0,72,232,2018,7,10,2,3,7,7,0,0,0,0,1,0,0,0,7.86765E+20,5.7794E+21,1.31866E+16,5.20907E+16
164157,12,0,52,0,2018,8,20,4,3,5,2,0,1,1,0,0,0,0,0,8.68698E+20,5.74825E+21,1.43444E+16,5.17634E+16
164158,12,0,71,76,2018,7,17,2,3,1,5,0,1,1,0,0,0,0,0,8.89437E+20,5.751E+21,1.46465E+16,5.1774E+16
164159,12,0,54,0,2018,7,12,5,3,1,5,0,1,1,0,0,0,0,0,7.74168E+20,5.81813E+21,1.30346E+16,5.24445E+16
164160,12,0,52,0,2018,7,16,2,3,5,2,0,1,1,0,0,0,0,0,8.67642E+20,5.74605E+21,1.43268E+16,5.17444E+16
164161,12,0,52,0,2018,7,12,2,3,1,6,0,1,1,0,0,0,0,0,8.65646E+20,5.74761E+21,1.42996E+16,5.17597E+16
164162,12,0,65,256,2018,7,13,2,3,0,7,0,0,0,0,1,0,1,1,7.85407E+20,5.85001E+21,1.3227E+16,5.27245E+16
164163,12,0,63,252,2018,7,19,2,3,5,3,0,1,1,0,0,0,0,0,7.25674E+20,5.83444E+21,1.23335E+16,5.2613E+16
164164,12,0,65,356,2018,8,14,6,2,2,7,0,0,1,0,1,0,0,0,7.91479E+20,5.87833E+21,1.33419E+16,5.29751E+16
164165,12,0,65,256,2018,7,9,2,2,5,3,0,0,1,0,1,0,0,0,7.86382E+20,5.8546E+21,1.32454E+16,5.27652E+16
164166,12,0,54,0,2018,7,8,2,3,5,2,0,1,1,0,0,0,0,0,7.79174E+20,5.81168E+21,1.31027E+16,5.2384E+16
164167,12,0,69,632,2018,7,7,2,3,5,3,0,1,1,0,0,0,0,0,7.65357E+20,5.77814E+21,1.28738E+16,5.20901E+16
164168,12,0,66,52,2018,8,8,6,3,0,7,0,0,0,0,1,0,0,0,8.435E+20,5.74485E+21,1.39773E+16,5.1749E+16
164169,12,0,63,240,2018,7,10,1,2,9,1,0,0,1,0,0,0,0,0,7.4698E+20,5.83708E+21,1.26495E+16,5.26274E+16
164170,12,0,62,224,2018,7,16,3,2,9,1,0,0,0,0,1,0,0,0,7.91147E+20,5.73661E+21,1.32142E+16,5.17048E+16
164171,12,0,63,273,2018,7,23,1,3,8,1,2,0,1,0,0,0,0,0,7.79615E+20,5.83802E+21,1.31313E+16,5.26201E+16
164172,12,0,54,0,2018,7,14,1,3,0,7,0,1,1,0,0,0,0,0,7.7257E+20,5.82108E+21,1.30136E+16,5.24717E+16
164173,12,0,71,76,2018,7,9,1,2,5,3,0,0,1,0,0,0,0,0,8.89585E+20,5.75021E+21,1.46478E+16,5.17668E+16
164174,12,0,71,76,2018,7,2,1,2,5,3,2,1,1,0,0,0,0,0,8.87451E+20,5.74961E+21,1.46163E+16,5.1763E+16
164175,12,0,52,0,2018,7,18,1,3,1,7,0,0,1,0,0,0,0,0,8.66837E+20,5.74984E+21,1.43192E+16,5.17789E+16
164176,12,0,63,357,2018,8,13,5,3,4,2,0,0,1,0,1,0,0,0,7.6967E+20,5.82854E+21,1.2977E+16,5.254E+16
164177,12,0,73,8,2018,7,18,1,3,5,3,0,1,1,0,0,0,0,0,8.35299E+20,5.88568E+21,1.39998E+16,5.30154E+16
164178,12,0,67,201,2018,7,14,2,3,6,4,0,0,1,1,0,0,0,0,8.36345E+20,5.82415E+21,1.39523E+16,5.24637E+16
164179,12,0,60,198,2018,7,10,1,3,1,1,0,0,1,0,0,0,1,0,8.19999E+20,5.86821E+21,1.37553E+16,5.28683E+16
164180,12,0,53,0,2018,7,16,1,2,0,5,0,1,1,0,0,0,0,0,8.7513E+20,5.81403E+21,1.45093E+16,5.23479E+16
164181,12,0,64,428,2018,8,0,1,3,6,4,2,0,1,1,0,0,0,0,8.24438E+20,5.8247E+21,1.37782E+16,5.24758E+16
164182,12,0,63,80,2018,7,13,7,3,0,7,0,1,0,0,0,0,0,0,7.77615E+20,5.83215E+21,1.30969E+16,5.25684E+16
164183,12,0,51,0,2018,7,11,7,2,5,3,0,0,1,0,0,0,0,0,7.39997E+20,5.81485E+21,1.25305E+16,5.24311E+16
164184,12,0,66,176,2018,7,11,7,3,3,6,0,1,1,0,0,0,0,0,8.25742E+20,5.71716E+21,1.36952E+16,5.15114E+16
164185,12,0,72,232,2018,7,19,6,3,4,2,0,0,1,0,1,0,0,0,7.84918E+20,5.77923E+21,1.31595E+16,5.20901E+16
164186,12,0,54,0,2018,7,17,6,3,6,4,0,0,1,1,0,0,0,0,7.75444E+20,5.81269E+21,1.30488E+16,5.2395E+16
164187,12,0,52,0,2018,8,22,5,3,0,3,2,1,1,0,0,0,0,0,8.67643E+20,5.74605E+21,1.43268E+16,5.17444E+16
164188,12,0,54,0,2018,7,2,6,3,0,1,2,1,0,0,0,0,0,0,7.74604E+20,5.81253E+21,1.30364E+16,5.2394E+16
164189,12,0,63,80,2018,7,10,1,2,5,3,0,1,1,0,0,0,0,0,7.80664E+20,5.83112E+21,1.31409E+16,5.25577E+16
164190,12,0,64,380,2018,7,16,6,3,8,7,0,0,1,0,0,0,0,0,8.27208E+20,5.83348E+21,1.38274E+16,5.25528E+16
164191,12,0,68,320,2018,7,14,6,3,5,2,0,1,1,0,0,0,0,0,7.55685E+20,5.87083E+21,1.28042E+16,5.29262E+16
164192,12,0,69,304,2018,8,15,7,3,5,3,0,0,1,0,0,0,0,0,7.88107E+20,5.81451E+21,1.3236E+16,5.24048E+16
164193,12,0,69,604,2018,7,15,5,3,5,2,0,1,1,0,0,0,0,0,7.8641E+20,5.81313E+21,1.321E+16,5.23933E+16
164194,12,0,51,0,2018,7,20,6,3,8,1,1,0,1,0,0,0,0,1,7.33911E+20,5.80907E+21,1.24371E+16,5.23819E+16
164195,12,0,54,0,2018,8,12,4,2,5,3,0,1,1,0,0,0,0,0,7.76183E+20,5.81426E+21,1.3061E+16,5.24087E+16
164196,12,0,69,656,2018,7,18,5,3,5,2,0,0,1,0,1,0,0,0,7.67161E+20,5.80986E+21,1.29251E+16,5.23738E+16
164197,12,0,54,0,2018,7,11,5,3,1,6,0,0,1,0,1,0,0,0,7.81531E+20,5.81146E+21,1.3137E+16,5.23808E+16
164198,12,0,72,169,2018,8,12,4,3,4,6,0,0,1,0,0,0,1,0,7.80359E+20,5.77228E+21,1.30874E+16,5.20302E+16
164199,12,0,54,0,2018,7,11,5,3,5,3,0,1,1,0,0,0,0,0,7.76361E+20,5.81313E+21,1.30627E+16,5.23985E+16
164200,12,0,61,572,2018,7,9,7,3,0,1,0,0,0,0,1,0,0,0,8.14141E+20,5.81054E+21,1.36138E+16,5.23549E+16
164201,12,0,54,0,2018,7,10,5,3,0,1,0,1,0,0,0,0,0,0,7.76019E+20,5.81325E+21,1.30577E+16,5.23998E+16
164202,12,0,72,232,2018,8,7,6,2,6,2,0,0,1,1,0,0,0,0,7.86195E+20,5.77908E+21,1.3178E+16,5.20882E+16
164203,12,0,64,227,2018,7,13,5,3,1,5,0,1,1,0,0,0,0,0,8.15056E+20,5.83095E+21,1.36464E+16,5.25373E+16
164204,12,0,54,0,2018,7,8,3,3,5,3,0,1,1,0,0,0,0,0,7.79192E+20,5.81203E+21,1.31032E+16,5.23872E+16
164205,12,0,61,260,2018,7,15,5,3,0,1,0,1,0,0,0,0,0,0,8.15823E+20,5.80415E+21,1.36324E+16,5.22967E+16
164206,12,0,51,0,2018,7,18,5,2,5,3,0,1,1,0,0,0,0,0,7.38707E+20,5.81449E+21,1.25113E+16,5.24284E+16
164207,12,0,61,260,2018,7,10,5,3,3,6,0,1,1,0,0,0,0,0,8.15099E+20,5.80421E+21,1.36219E+16,5.22977E+16
164208,12,0,65,144,2018,7,14,5,3,0,6,0,1,0,0,0,1,0,0,7.90916E+20,5.84602E+21,1.33048E+16,5.26858E+16
164209,12,0,53,0,2018,8,7,4,2,6,4,0,0,1,1,0,0,0,0,8.77355E+20,5.81374E+21,1.45415E+16,5.23438E+16
164210,12,0,65,144,2018,8,7,4,3,5,3,0,1,1,0,0,0,0,0,7.89459E+20,5.84447E+21,1.32819E+16,5.26727E+16
164211,12,0,54,0,2018,8,9,5,3,5,2,0,1,1,0,0,0,0,0,7.75984E+20,5.81368E+21,1.30576E+16,5.24036E+16
164212,12,0,65,332,2018,8,6,4,3,0,3,0,1,1,0,0,0,0,0,7.81035E+20,5.84568E+21,1.31587E+16,5.2688E+16
164213,12,0,67,124,2018,8,7,4,3,4,6,0,1,1,0,0,0,0,0,8.23253E+20,5.81963E+21,1.37559E+16,5.24311E+16
164214,12,0,65,165,2018,8,9,4,3,6,7,0,0,1,1,0,0,0,0,7.71576E+20,5.85317E+21,1.30253E+16,5.276E+16
164215,12,0,63,252,2018,8,19,3,2,5,2,0,1,1,0,0,0,0,0,7.26643E+20,5.8344E+21,1.23478E+16,5.26123E+16
164216,12,0,70,296,2018,8,15,4,3,5,3,0,1,1,0,0,0,0,0,6.91973E+20,5.88397E+21,1.18656E+16,5.30706E+16
164217,12,0,63,252,2018,8,12,6,3,2,6,0,0,1,0,0,0,0,0,7.26187E+20,5.83367E+21,1.23405E+16,5.26059E+16
164218,12,0,72,17,2018,8,12,3,3,5,3,0,0,1,0,1,0,0,0,8.02337E+20,5.81048E+21,1.34409E+16,5.23611E+16
164219,12,0,72,232,2018,8,7,3,3,5,3,0,1,1,0,0,0,0,0,7.85707E+20,5.77877E+21,1.31706E+16,5.20856E+16
164220,12,0,63,56,2018,8,18,4,2,9,7,0,0,1,0,0,0,0,0,7.75054E+20,5.82919E+21,1.30567E+16,5.25431E+16
164221,12,0,63,208,2018,8,8,3,2,5,3,0,1,1,0,0,0,0,0,7.62379E+20,5.83571E+21,1.28754E+16,5.26079E+16
164222,12,0,63,56,2018,8,14,3,3,2,6,0,0,0,0,1,0,1,0,7.74355E+20,5.82896E+21,1.30463E+16,5.25415E+16
164223,12,0,63,357,2018,8,15,3,3,5,3,0,0,1,0,0,0,0,0,7.67046E+20,5.82921E+21,1.29389E+16,5.25473E+16
164224,12,0,63,80,2018,8,18,3,3,0,7,0,1,0,0,0,0,0,0,7.7707E+20,5.83097E+21,1.30879E+16,5.25581E+16
164225,12,0,63,80,2018,8,7,3,2,5,3,0,0,1,0,1,0,0,0,7.76057E+20,5.83053E+21,1.30726E+16,5.25547E+16
164226,12,0,63,148,2018,8,7,3,3,5,3,0,1,1,0,0,0,0,0,7.60934E+20,5.82081E+21,1.28424E+16,5.24749E+16
164227,12,0,63,80,2018,8,14,3,3,6,6,0,1,0,1,0,0,0,0,7.79694E+20,5.83027E+21,1.31259E+16,5.25505E+16
164228,12,0,54,0,2018,8,17,3,3,5,2,0,0,1,0,1,0,0,0,7.80651E+20,5.81162E+21,1.31243E+16,5.23828E+16
164229,12,0,54,0,2018,8,18,3,3,1,5,0,1,1,0,0,0,0,0,7.7601E+20,5.81349E+21,1.30578E+16,5.24019E+16
164230,12,0,69,397,2018,8,16,6,2,2,6,0,0,1,0,0,0,1,0,7.74818E+20,5.80246E+21,1.30313E+16,5.23035E+16
164231,12,0,54,0,2018,8,0,3,2,9,1,2,0,1,0,0,0,0,0,7.72856E+20,5.81303E+21,1.30112E+16,5.23994E+16
164232,12,0,52,0,2018,8,13,4,3,2,6,0,0,0,0,0,0,1,0,8.68628E+20,5.74813E+21,1.43432E+16,5.17624E+16
164233,12,0,71,76,2018,8,13,3,2,1,5,0,1,0,0,0,0,1,0,8.89225E+20,5.74586E+21,1.46377E+16,5.17281E+16
164234,12,0,52,0,2018,8,11,3,3,4,2,0,0,0,0,1,0,0,0,8.692E+20,5.74351E+21,1.43466E+16,5.17206E+16
164235,12,0,54,0,2018,8,8,3,3,3,7,0,1,1,0,0,0,0,0,7.78456E+20,5.8125E+21,1.30928E+16,5.23918E+16
164236,12,0,52,0,2018,8,18,3,3,5,2,0,1,1,0,0,0,0,0,8.67624E+20,5.74745E+21,1.4328E+16,5.1757E+16
164237,12,0,54,0,2018,8,7,3,3,3,6,0,1,0,0,0,0,1,0,7.75696E+20,5.81317E+21,1.30529E+16,5.23992E+16
164238,12,0,60,52,2018,8,17,3,3,3,2,0,1,1,0,0,0,0,0,8.24018E+20,5.8651E+21,1.38117E+16,5.2838E+16
164239,12,0,67,544,2018,8,16,6,3,0,7,0,1,0,0,0,0,0,0,8.23567E+20,5.8213E+21,1.37621E+16,5.24459E+16
164240,12,0,51,0,2018,8,15,3,2,4,6,0,1,0,0,0,0,0,0,7.41341E+20,5.81379E+21,1.25495E+16,5.2421E+16
164241,12,0,60,280,2018,8,17,3,3,6,7,0,1,0,1,0,0,0,0,8.21331E+20,5.84099E+21,1.37483E+16,5.26236E+16
164242,12,0,60,20,2018,8,15,6,3,5,3,0,1,0,0,0,0,0,0,8.09519E+20,5.84576E+21,1.35789E+16,5.26732E+16
164243,12,0,64,428,2018,8,13,3,3,6,4,0,1,0,1,0,0,0,0,8.24409E+20,5.82378E+21,1.37768E+16,5.24675E+16