OBJECTID_1,ULAND,UREGBEZ,UKREIS,UGEMEINDE,UJAHR,UMONAT,USTUNDE,UWOCHENTAG,UKATEGORIE,UART,UTYP1,ULICHTVERH,IstRad,IstPKW,IstFuss,IstKrad,IstGkfz,IstSonstig,STRZUSTAND,LINREFX,LINREFY,XGCSWGS84,YGCSWGS84
164244,12,0,61,260,2018,8,7,3,3,0,3,0,0,1,0,1,0,0,0,8.16339E+20,5.80223E+21,1.36381E+16,5.22792E+16
164245,12,0,53,0,2018,8,10,3,2,5,3,0,1,1,0,0,0,0,0,8.7744E+20,5.81516E+21,1.45443E+16,5.23564E+16
164246,12,0,67,144,2018,8,12,3,3,5,3,0,1,1,0,0,0,0,0,8.44977E+20,5.81106E+21,1.40654E+16,5.23411E+16
164247,12,0,71,372,2018,8,9,3,3,6,4,0,0,1,1,0,0,0,0,8.6983E+20,5.72125E+21,1.43322E+16,5.15209E+16
164248,12,0,65,136,2018,8,15,3,3,5,3,0,1,1,0,0,0,0,0,7.84406E+20,5.84047E+21,1.3204E+16,5.26395E+16
164249,12,0,68,320,2018,8,17,3,3,2,6,0,0,1,0,0,0,0,0,7.55762E+20,5.87095E+21,1.28054E+16,5.29272E+16
164250,12,0,72,477,2018,8,16,5,3,2,2,0,0,1,0,0,0,0,0,8.03496E+20,5.79752E+21,1.34462E+16,5.22442E+16
164251,12,0,68,320,2018,8,5,3,3,2,6,0,0,1,0,0,0,0,0,7.55593E+20,5.86924E+21,1.28016E+16,5.29119E+16
164252,12,0,52,0,2018,8,16,3,3,3,6,0,1,0,0,0,0,0,0,8.7005E+20,5.74824E+21,1.43638E+16,5.17624E+16
164253,12,0,72,232,2018,8,17,2,3,0,7,0,1,0,0,0,0,0,0,7.85838E+20,5.77942E+21,1.31731E+16,5.20914E+16
164254,12,0,63,252,2018,8,16,2,3,2,6,0,0,1,0,0,0,1,0,7.24155E+20,5.83328E+21,1.23103E+16,5.26033E+16
164255,12,0,73,532,2018,8,16,3,3,8,7,0,1,0,0,0,0,0,0,8.52359E+20,5.89295E+21,1.4261E+16,5.30695E+16
164256,12,0,61,260,2018,8,5,2,3,5,3,1,1,1,0,0,0,0,0,8.14337E+20,5.80222E+21,1.36089E+16,5.22803E+16
164257,12,0,64,380,2018,8,14,3,3,0,6,0,1,1,0,0,0,0,0,8.24724E+20,5.83126E+21,1.37888E+16,5.25344E+16
164258,12,0,52,0,2018,8,7,2,2,5,3,0,1,1,0,0,0,0,0,8.67144E+20,5.74601E+21,1.43196E+16,5.17444E+16
164259,12,0,64,336,2018,8,10,2,3,5,3,0,1,1,0,0,0,0,0,8.18026E+20,5.8303E+21,1.36894E+16,5.25297E+16
164260,12,0,62,92,2018,8,7,5,3,5,3,0,1,1,0,0,0,0,0,8.14971E+20,5.72756E+21,1.35498E+16,5.16108E+16
164261,12,0,67,544,2018,8,8,2,3,5,2,0,0,1,0,0,0,1,0,8.21844E+20,5.82214E+21,1.37376E+16,5.24544E+16
164262,12,0,67,144,2018,8,10,2,2,8,3,0,1,1,0,0,0,0,0,8.44056E+20,5.81481E+21,1.40557E+16,5.23752E+16
164263,12,0,53,0,2018,8,13,3,3,6,4,0,0,1,1,0,0,0,0,8.77205E+20,5.81363E+21,1.45392E+16,5.23429E+16
164264,12,0,72,297,2018,8,17,1,2,1,1,0,0,1,0,1,0,0,0,7.77832E+20,5.76083E+21,1.30414E+16,5.19287E+16
164265,12,0,67,124,2018,8,19,3,3,5,3,0,1,1,0,0,0,0,0,8.22433E+20,5.81842E+21,1.37427E+16,5.24207E+16
164266,12,0,66,196,2018,8,3,1,3,5,3,2,0,1,0,0,1,0,1,8.408E+20,5.75627E+21,1.39495E+16,5.18529E+16
164267,12,0,54,0,2018,8,16,6,3,0,5,0,1,1,0,0,0,0,0,7.76015E+20,5.81404E+21,1.30583E+16,5.24068E+16
164268,12,0,60,20,2018,8,11,1,3,5,3,0,1,1,0,0,0,0,0,8.10184E+20,5.84634E+21,1.35892E+16,5.2678E+16
164269,12,0,68,320,2018,8,7,3,3,2,6,0,0,1,0,0,0,1,0,7.54589E+20,5.87027E+21,1.27875E+16,5.29216E+16
164270,12,0,65,136,2018,8,10,1,3,1,5,0,0,1,0,0,0,0,0,7.84181E+20,5.84107E+21,1.32012E+16,5.2645E+16
164271,12,0,71,372,2018,9,17,7,3,0,6,0,1,1,0,0,0,0,1,8.73398E+20,5.73027E+21,1.43929E+16,5.15994E+16
164272,12,0,65,251,2018,8,0,1,3,8,7,2,1,0,0,0,0,0,0,7.81143E+20,5.84386E+21,1.31588E+16,5.26716E+16
164273,12,0,63,252,2018,8,16,7,2,9,1,0,0,1,0,0,0,0,0,7.26323E+20,5.83364E+21,1.23425E+16,5.26056E+16
164274,12,0,67,24,2018,8,9,5,3,5,3,0,1,1,0,0,0,0,0,8.44957E+20,5.80439E+21,1.40582E+16,5.22814E+16
164275,12,0,61,320,2018,8,16,7,2,6,4,0,0,1,1,0,0,0,0,8.23871E+20,5.75566E+21,1.3704E+16,5.18575E+16
164276,12,0,60,198,2018,8,12,7,3,2,6,0,1,0,0,0,0,0,0,8.0211E+20,5.86948E+21,1.34915E+16,5.28899E+16
164277,12,0,69,616,2018,8,17,2,3,2,6,0,0,1,0,0,0,0,0,7.92595E+20,5.8143E+21,1.33016E+16,5.24006E+16
164278,12,0,60,198,2018,8,11,7,3,3,5,0,1,0,0,0,0,1,0,8.04633E+20,5.87151E+21,1.35308E+16,5.29067E+16
164279,12,0,54,0,2018,8,14,2,3,0,7,0,1,0,0,0,0,1,0,7.77509E+20,5.81294E+21,1.30793E+16,5.23962E+16
164280,12,0,64,340,2018,8,23,7,2,7,7,2,1,0,1,0,0,0,0,8.52607E+20,5.84358E+21,1.42113E+16,5.26274E+16
164281,12,0,52,0,2018,8,19,6,3,5,7,1,0,1,0,0,0,1,0,8.67388E+20,5.74299E+21,1.43199E+16,5.17172E+16
164282,12,0,70,424,2018,8,2,7,3,0,7,2,1,0,0,0,0,0,0,6.86295E+20,5.87373E+21,1.1775E+16,5.29807E+16
164283,12,0,72,240,2018,8,12,6,3,0,3,0,1,1,0,0,0,0,0,7.89439E+20,5.8036E+21,1.32461E+16,5.23063E+16
164284,12,0,63,208,2018,8,9,6,3,6,4,0,0,1,1,0,0,0,0,7.62324E+20,5.8354E+21,1.28744E+16,5.26051E+16
164285,12,0,64,448,2018,8,14,2,3,0,7,0,0,0,0,1,0,1,1,8.65581E+20,5.83386E+21,1.43914E+16,5.25318E+16
164286,12,0,69,616,2018,8,10,6,3,5,2,0,1,1,0,0,0,0,0,7.89258E+20,5.81413E+21,1.32526E+16,5.24008E+16
164287,12,0,54,0,2018,8,9,4,3,0,1,0,1,0,0,0,0,0,0,7.76863E+20,5.81194E+21,1.3069E+16,5.23876E+16
164288,12,0,54,0,2018,8,9,6,2,8,1,0,1,0,0,0,0,0,0,7.76525E+20,5.8185E+21,1.30695E+16,5.24466E+16
164289,12,0,51,0,2018,8,15,6,3,5,3,0,1,0,0,1,0,0,0,7.40469E+20,5.81483E+21,1.25374E+16,5.24307E+16
164290,12,0,64,336,2018,8,13,2,3,5,2,0,1,1,0,0,0,0,0,8.19674E+20,5.82877E+21,1.37122E+16,5.2515E+16
164291,12,0,61,540,2018,8,10,6,3,1,7,0,1,1,0,0,0,0,0,8.14065E+20,5.8058E+21,1.36082E+16,5.23125E+16
164292,12,0,68,117,2018,8,20,2,3,5,3,2,0,1,0,0,0,1,1,7.54361E+20,5.85687E+21,1.27736E+16,5.28015E+16
164293,12,0,71,372,2018,8,15,6,3,5,3,0,1,1,0,0,0,0,0,8.7109E+20,5.72631E+21,1.43556E+16,5.15654E+16
164294,12,0,64,136,2018,8,16,6,3,5,3,0,1,1,0,0,0,0,0,8.22349E+20,5.82816E+21,1.37509E+16,5.2508E+16
164295,12,0,64,29,2018,8,13,6,3,9,1,0,0,1,0,0,0,0,0,8.23331E+20,5.83759E+21,1.37745E+16,5.2592E+16
164296,12,0,72,17,2018,8,10,1,3,6,4,0,0,1,1,0,0,0,0,8.02218E+20,5.80996E+21,1.34387E+16,5.23564E+16
164297,12,0,64,472,2018,8,15,6,3,0,3,0,0,1,0,0,0,0,0,8.30672E+20,5.83636E+21,1.38812E+16,5.25765E+16
164298,12,0,52,0,2018,8,14,1,3,5,5,0,1,1,0,0,0,0,0,8.65761E+20,5.746E+21,1.42996E+16,5.17452E+16
164299,12,0,53,0,2018,8,11,6,3,1,5,0,0,1,0,0,1,1,0,8.77989E+20,5.81394E+21,1.4551E+16,5.23451E+16
164300,12,0,65,256,2018,8,18,6,1,4,1,0,0,1,0,1,0,0,0,7.88951E+20,5.85433E+21,1.32831E+16,5.27613E+16
164301,12,0,72,169,2018,8,9,7,3,5,3,0,0,1,0,0,0,0,0,7.80005E+20,5.76813E+21,1.30789E+16,5.19931E+16
164302,12,0,68,264,2018,8,11,6,3,0,7,0,1,0,0,1,0,0,0,7.30172E+20,5.871E+21,1.24255E+16,5.29392E+16
164303,12,0,65,136,2018,8,9,6,3,0,7,0,1,0,0,0,0,0,0,7.84084E+20,5.83979E+21,1.31986E+16,5.26335E+16
164304,12,0,68,320,2018,8,9,6,2,5,3,0,1,1,0,0,0,0,0,7.55964E+20,5.87097E+21,1.28084E+16,5.29272E+16
164305,12,0,63,252,2018,8,19,7,2,8,1,0,1,0,0,0,0,0,0,7.26547E+20,5.83355E+21,1.23458E+16,5.26046E+16
164306,12,0,72,240,2018,8,14,5,3,2,6,0,0,1,0,0,0,0,0,7.91591E+20,5.80467E+21,1.32785E+16,5.23148E+16
164307,12,0,63,80,2018,8,14,7,3,4,6,0,1,0,0,0,0,0,0,7.77349E+20,5.83114E+21,1.30921E+16,5.25595E+16
164308,12,0,69,616,2018,8,9,5,3,5,3,0,0,1,0,1,0,0,0,7.90354E+20,5.81446E+21,1.32689E+16,5.24032E+16
164309,12,0,54,0,2018,9,15,7,2,5,3,0,0,1,0,0,0,1,0,7.7601E+20,5.81347E+21,1.30578E+16,5.24017E+16
164310,12,0,69,306,2018,8,16,5,3,5,3,0,0,1,0,0,0,0,0,7.5942E+20,5.80926E+21,1.28112E+16,5.23721E+16
164311,12,0,60,52,2018,8,17,5,3,5,2,0,0,1,0,1,0,0,0,8.18237E+20,5.8657E+21,1.37267E+16,5.28468E+16
164312,12,0,69,397,2018,8,19,5,3,6,4,0,0,1,1,0,0,0,0,7.77671E+20,5.805E+21,1.30751E+16,5.23249E+16
164313,12,0,66,52,2018,8,13,5,3,5,2,0,0,0,0,1,0,1,0,8.41999E+20,5.74399E+21,1.39548E+16,5.17422E+16
164314,12,0,63,36,2018,8,18,7,3,5,3,0,0,1,0,0,0,0,0,7.71117E+20,5.83347E+21,1.30023E+16,5.25835E+16
164315,12,0,61,112,2018,8,8,5,3,5,3,0,1,0,0,0,0,1,0,8.14026E+20,5.81293E+21,1.36143E+16,5.23764E+16
164316,12,0,54,0,2018,8,17,5,3,1,7,0,0,1,0,1,0,0,1,7.78761E+20,5.81214E+21,1.3097E+16,5.23884E+16
164317,12,0,52,0,2018,8,11,5,3,2,2,0,0,1,0,0,0,0,0,8.6671E+20,5.74733E+21,1.43147E+16,5.17565E+16
164318,12,0,69,454,2018,8,11,7,3,1,5,0,1,1,0,0,0,0,0,7.79064E+20,5.80744E+21,1.30975E+16,5.23461E+16
164319,12,0,60,52,2018,8,18,5,3,4,6,0,1,0,0,0,0,0,0,8.22414E+20,5.86525E+21,1.37881E+16,5.28403E+16
164320,12,0,54,0,2018,8,14,7,2,5,3,0,1,0,0,0,0,1,1,7.78372E+20,5.81016E+21,1.30897E+16,5.23708E+16
164321,12,0,65,256,2018,8,15,5,3,5,3,0,0,1,0,1,0,0,0,7.85184E+20,5.85214E+21,1.32255E+16,5.27438E+16
164322,12,0,63,244,2018,8,9,6,3,3,6,0,1,1,0,0,0,0,0,7.26473E+20,5.82501E+21,1.23388E+16,5.2528E+16
164323,12,0,72,17,2018,8,13,4,3,1,5,0,1,1,0,0,0,0,0,8.02435E+20,5.80622E+21,1.34385E+16,5.23228E+16
164324,12,0,63,56,2018,8,15,4,2,0,7,0,1,0,0,0,0,0,0,7.73794E+20,5.82968E+21,1.30386E+16,5.25482E+16
164325,12,0,70,316,2018,8,10,5,3,2,2,0,0,0,0,1,0,1,1,7.12659E+20,5.89368E+21,1.21803E+16,5.315E+16
164326,12,0,69,656,2018,8,18,4,3,5,3,0,0,1,0,1,0,0,0,7.66112E+20,5.81306E+21,1.29123E+16,5.2403E+16
164327,12,0,54,0,2018,8,18,4,3,1,5,0,1,1,0,0,0,0,0,7.78503E+20,5.81295E+21,1.30939E+16,5.23958E+16
164328,12,0,66,304,2018,8,15,7,3,5,3,0,0,1,0,0,0,0,0,8.46599E+20,5.71999E+21,1.39974E+16,5.15244E+16
164329,12,0,54,0,2018,8,8,4,3,2,6,0,0,1,0,0,0,0,0,7.74792E+20,5.81374E+21,1.30402E+16,5.24048E+16
164330,12,0,71,414,2018,8,13,7,3,5,3,0,0,1,0,0,0,0,0,8.81784E+20,5.73972E+21,1.45237E+16,5.16783E+16
164331,12,0,66,320,2018,8,9,4,3,5,3,0,1,1,0,0,0,0,0,8.50794E+20,5.74864E+21,1.40864E+16,5.17784E+16
164332,12,0,52,0,2018,8,12,6,3,2,6,0,0,1,0,0,0,0,0,8.67936E+20,5.74658E+21,1.43316E+16,5.17489E+16
164333,12,0,61,316,2018,8,10,4,2,3,6,0,1,1,0,0,0,0,0,8.36326E+20,5.76599E+21,1.38943E+16,5.19427E+16
164334,12,0,64,136,2018,8,11,7,3,0,6,0,1,0,0,0,0,1,0,8.2175E+20,5.8282E+21,1.37421E+16,5.25087E+16
164335,12,0,64,29,2018,8,15,4,3,0,6,0,0,0,0,0,0,1,0,8.20272E+20,5.83436E+21,1.37264E+16,5.25648E+16
164336,12,0,69,632,2018,8,13,6,2,6,7,0,0,1,1,0,0,0,0,7.63712E+20,5.77788E+21,1.28497E+16,5.20886E+16
164337,12,0,67,493,2018,8,17,4,3,3,6,0,1,1,0,0,0,0,0,8.50565E+20,5.78538E+21,1.41205E+16,5.21076E+16
164338,12,0,65,256,2018,8,16,4,3,2,2,0,0,1,0,0,0,1,0,7.86808E+20,5.85166E+21,1.32491E+16,5.27386E+16
164339,12,0,62,124,2018,8,13,4,3,0,2,0,0,1,0,1,0,0,0,8.16175E+20,5.70889E+21,1.35504E+16,5.14428E+16
164340,12,0,72,312,2018,8,17,3,3,0,7,0,1,0,0,0,0,0,1,7.87083E+20,5.78239E+21,1.31937E+16,5.21174E+16
164341,12,0,63,208,2018,8,17,3,3,5,3,0,1,1,0,0,0,0,0,7.62306E+20,5.83541E+21,1.28741E+16,5.26053E+16
164342,12,0,65,136,2018,8,8,7,3,5,3,0,1,1,0,0,0,0,0,7.84105E+20,5.84021E+21,1.31993E+16,5.26373E+16
164343,12,0,54,0,2018,8,17,3,2,0,1,0,1,0,0,0,0,0,0,7.77359E+20,5.81282E+21,1.3077E+16,5.23952E+16
164344,12,0,65,256,2018,8,18,7,2,4,6,0,0,0,0,1,1,0,1,7.87235E+20,5.8528E+21,1.32564E+16,5.27485E+16
164345,12,0,54,0,2018,8,10,3,3,5,2,0,1,1,0,0,0,0,0,7.80467E+20,5.81166E+21,1.31216E+16,5.23832E+16
164346,12,0,67,124,2018,8,11,6,3,0,7,0,1,0,0,0,0,0,0,8.22927E+20,5.82035E+21,1.37518E+16,5.24377E+16
164347,12,0,51,0,2018,8,16,3,3,5,3,0,0,1,0,0,0,0,1,7.39782E+20,5.81487E+21,1.25274E+16,5.24314E+16
164348,12,0,72,240,2018,8,15,6,3,6,6,0,1,0,1,0,0,0,0,7.89135E+20,5.80361E+21,1.32417E+16,5.23065E+16
164349,12,0,71,372,2018,8,17,3,3,5,2,0,1,1,0,0,0,0,0,8.7175E+20,5.72604E+21,1.43648E+16,5.15626E+16
164350,12,0,69,304,2018,8,7,6,3,5,3,0,1,0,0,0,0,1,0,7.86857E+20,5.81531E+21,1.32184E+16,5.24126E+16
164351,12,0,71,244,2018,8,21,3,3,8,7,2,0,0,0,1,0,0,0,8.56191E+20,5.74638E+21,1.4162E+16,5.17548E+16
164352,12,0,52,0,2018,8,11,3,2,5,3,0,1,1,0,0,0,0,0,8.67578E+20,5.74851E+21,1.43285E+16,5.17665E+16
164353,12,0,69,616,2018,8,12,6,3,5,3,0,1,1,0,0,0,0,1,7.90095E+20,5.8142E+21,1.32649E+16,5.2401E+16
164354,12,0,60,5,2018,8,17,3,3,5,7,0,1,1,0,0,0,0,0,8.11789E+20,5.8319E+21,1.35993E+16,5.25477E+16
164355,12,0,54,0,2018,8,8,6,3,0,1,0,1,0,0,0,0,0,0,7.78495E+20,5.81169E+21,1.30927E+16,5.23845E+16
164356,12,0,64,428,2018,8,11,3,2,6,4,0,0,0,1,0,1,0,0,8.28243E+20,5.8283E+21,1.38375E+16,5.25058E+16
164357,12,0,72,477,2018,8,15,5,3,5,3,0,0,1,0,0,0,1,0,8.05075E+20,5.78905E+21,1.34617E+16,5.21674E+16
164358,12,0,67,288,2018,8,14,3,3,2,2,0,0,1,0,1,0,0,0,8.4789E+20,5.80965E+21,1.41065E+16,5.23266E+16
164359,12,0,51,0,2018,8,11,6,3,1,5,0,0,1,0,1,0,0,0,7.41547E+20,5.81284E+21,1.25518E+16,5.24123E+16
164360,12,0,63,252,2018,8,15,2,3,1,5,0,1,1,0,0,0,0,0,7.27111E+20,5.83312E+21,1.23538E+16,5.26006E+16
164361,12,0,66,296,2018,8,18,6,3,5,3,0,1,1,0,0,0,0,1,8.36396E+20,5.7145E+21,1.38456E+16,5.14814E+16
164362,12,0,54,0,2018,8,20,2,3,0,1,0,1,0,0,0,0,0,0,7.78489E+20,5.81249E+21,1.30933E+16,5.23916E+16
164363,12,0,61,260,2018,9,15,7,3,5,2,0,0,1,0,0,0,0,0,8.15277E+20,5.80427E+21,1.36245E+16,5.2298E+16
164364,12,0,69,397,2018,8,7,2,3,5,3,0,1,1,0,0,0,0,0,7.74341E+20,5.80035E+21,1.30226E+16,5.22849E+16
164365,12,0,61,316,2018,8,18,6,2,0,7,0,1,0,0,0,0,0,0,8.35171E+20,5.76616E+21,1.38777E+16,5.1945E+16
164366,12,0,62,140,2018,8,9,2,3,5,3,0,1,1,0,0,0,0,0,8.25762E+20,5.73083E+21,1.37081E+16,5.16339E+16
164367,12,0,71,76,2018,8,15,2,3,5,2,0,1,1,0,0,0,0,0,8.89306E+20,5.74733E+21,1.46405E+16,5.17412E+16
164368,12,0,54,0,2018,8,23,5,2,0,1,2,1,0,0,0,0,0,1,7.74205E+20,5.81245E+21,1.30305E+16,5.23935E+16
164369,12,0,60,52,2018,8,11,2,3,5,3,0,1,0,0,0,0,1,0,8.24221E+20,5.86457E+21,1.38141E+16,5.28331E+16
164370,12,0,61,572,2018,8,15,6,3,5,3,0,1,0,0,0,0,1,0,8.139E+20,5.8093E+21,1.36091E+16,5.2344E+16
164371,12,0,65,144,2018,8,16,2,3,9,7,0,0,1,0,0,0,0,0,7.87536E+20,5.84835E+21,1.3257E+16,5.27085E+16
164372,12,0,65,256,2018,8,13,6,3,0,6,0,0,0,0,1,0,0,0,7.86025E+20,5.85225E+21,1.3238E+16,5.27443E+16
164373,12,0,70,424,2018,8,14,2,3,0,7,0,1,0,0,0,0,0,0,6.84972E+20,5.87634E+21,1.17568E+16,5.30047E+16
164374,12,0,54,0,2018,8,16,6,3,0,1,0,1,0,0,0,0,0,0,7.74643E+20,5.80999E+21,1.30349E+16,5.23712E+16
164375,12,0,72,232,2018,8,19,1,3,9,1,0,0,1,1,0,0,0,0,7.863E+20,5.7782E+21,1.31788E+16,5.20802E+16
164376,12,0,69,616,2018,8,5,1,2,1,5,2,1,1,0,0,0,0,0,7.88817E+20,5.81346E+21,1.32455E+16,5.23951E+16
164377,12,0,69,604,2018,8,13,4,3,4,2,0,0,1,0,1,0,0,0,7.86121E+20,5.81171E+21,1.32045E+16,5.23807E+16
164378,12,0,69,397,2018,8,18,1,3,3,6,0,1,1,0,0,0,0,0,7.80221E+20,5.79932E+21,1.31077E+16,5.22727E+16
164379,12,0,60,172,2018,8,11,1,3,3,6,0,1,0,0,0,0,1,0,8.31561E+20,5.86518E+21,1.39233E+16,5.28341E+16
164380,12,0,68,320,2018,8,10,1,3,5,3,0,1,1,0,0,0,0,0,7.5554E+20,5.87038E+21,1.28017E+16,5.29221E+16
164381,12,0,68,320,2018,8,10,1,2,1,5,0,1,1,0,0,0,0,0,7.56022E+20,5.87092E+21,1.28093E+16,5.29268E+16
164382,12,0,67,120,2018,8,12,5,3,5,3,0,0,1,0,1,0,0,1,8.85172E+20,5.79318E+21,1.46322E+16,5.21543E+16
164383,12,0,72,232,2018,8,1,7,2,8,5,2,1,1,0,0,0,1,0,7.83384E+20,5.78018E+21,1.3138E+16,5.20994E+16
164384,12,0,69,656,2018,8,10,7,3,3,6,0,1,1,0,0,0,0,0,7.66743E+20,5.81662E+21,1.29244E+16,5.24345E+16
164385,12,0,72,232,2018,8,9,5,3,5,3,0,1,1,0,0,0,0,0,7.85158E+20,5.77841E+21,1.31623E+16,5.20826E+16
164386,12,0,54,0,2018,8,15,7,3,3,6,0,1,0,0,0,0,1,0,7.77967E+20,5.81233E+21,1.30855E+16,5.23905E+16
164387,12,0,63,252,2018,8,12,5,3,5,2,0,0,0,0,1,0,1,0,7.26224E+20,5.83446E+21,1.23416E+16,5.2613E+16
164388,12,0,54,0,2018,8,2,7,2,9,1,2,0,0,0,1,0,0,0,7.73597E+20,5.81247E+21,1.30216E+16,5.23939E+16
164389,12,0,51,0,2018,8,10,6,3,1,5,0,0,1,0,1,0,0,0,7.4212E+20,5.81197E+21,1.25596E+16,5.24043E+16
164390,12,0,68,320,2018,8,11,7,3,1,5,0,1,1,0,0,0,0,0,7.56051E+20,5.8708E+21,1.28096E+16,5.29256E+16
164391,12,0,54,0,2018,8,18,6,3,5,2,0,1,1,0,0,0,0,0,7.76063E+20,5.81299E+21,1.30582E+16,5.23974E+16
164392,12,0,61,572,2018,8,12,6,2,5,3,0,1,1,0,0,0,0,0,8.14123E+20,5.80941E+21,1.36125E+16,5.23448E+16
164393,12,0,63,252,2018,8,17,5,3,5,3,0,1,1,0,0,0,0,0,7.27111E+20,5.8336E+21,1.23541E+16,5.26049E+16
164394,12,0,73,532,2018,8,11,6,3,2,2,0,0,1,0,0,0,0,0,8.53651E+20,5.89109E+21,1.42781E+16,5.30521E+16
164395,12,0,69,304,2018,8,7,5,3,5,3,0,1,1,0,0,0,0,0,7.87435E+20,5.81414E+21,1.32259E+16,5.24019E+16
164396,12,0,54,0,2018,8,18,5,3,0,1,0,1,0,0,0,0,0,0,7.77903E+20,5.81097E+21,1.30835E+16,5.23783E+16
164397,12,0,64,44,2018,8,13,6,3,9,1,0,0,0,0,1,0,0,0,8.41773E+20,5.86079E+21,1.40697E+16,5.27884E+16
164398,12,0,54,0,2018,8,9,5,3,2,6,0,0,1,0,0,0,0,0,7.76908E+20,5.81251E+21,1.30702E+16,5.23926E+16
164399,12,0,68,264,2018,8,10,6,2,5,3,0,1,1,0,0,0,0,0,7.27519E+20,5.87192E+21,1.23867E+16,5.29486E+16
164400,12,0,60,20,2018,8,21,6,3,4,6,2,1,1,0,0,0,0,0,8.09841E+20,5.84619E+21,1.3584E+16,5.26769E+16
164401,12,0,54,0,2018,8,9,5,3,4,2,0,1,0,0,1,0,0,0,7.79454E+20,5.81163E+21,1.31067E+16,5.23834E+16
164402,12,0,54,0,2018,8,18,5,3,5,3,0,1,0,0,0,0,1,0,7.78696E+20,5.81252E+21,1.30964E+16,5.23919E+16
164403,12,0,54,0,2018,8,9,5,3,0,7,0,1,0,0,0,0,0,0,7.7736E+20,5.81137E+21,1.30758E+16,5.23822E+16
164404,12,0,54,0,2018,8,15,5,3,2,6,0,0,1,0,0,0,0,0,7.757E+20,5.81285E+21,1.30527E+16,5.23963E+16
164405,12,0,51,0,2018,8,10,5,3,2,2,0,0,1,0,0,0,1,0,7.41083E+20,5.81484E+21,1.25464E+16,5.24305E+16
164406,12,0,61,433,2018,8,19,5,3,5,3,0,1,1,0,0,0,0,0,8.02722E+20,5.81459E+21,1.34503E+16,5.23976E+16
164407,12,0,73,532,2018,8,21,5,3,0,1,2,0,0,0,1,0,0,0,8.52051E+20,5.89258E+21,1.4256E+16,5.30664E+16
164408,12,0,72,232,2018,8,15,5,2,0,7,0,0,0,0,1,0,0,0,7.85982E+20,5.77912E+21,1.31749E+16,5.20886E+16
164409,12,0,73,532,2018,8,8,5,3,5,3,0,1,1,0,0,0,0,0,8.52417E+20,5.89187E+21,1.42606E+16,5.30598E+16
164410,12,0,68,468,2018,8,13,5,3,5,3,0,0,1,0,0,0,0,0,7.33631E+20,5.89703E+21,1.24957E+16,5.31713E+16
164411,12,0,65,144,2018,8,19,6,3,4,6,0,1,1,0,0,0,0,0,7.91757E+20,5.8448E+21,1.33161E+16,5.26745E+16
164412,12,0,54,0,2018,8,11,4,3,5,3,0,1,0,0,0,0,1,0,7.75392E+20,5.81309E+21,1.30484E+16,5.23986E+16
164413,12,0,51,0,2018,8,12,5,3,5,3,0,0,1,0,0,0,1,0,7.40307E+20,5.8128E+21,1.25336E+16,5.24125E+16
164414,12,0,60,181,2018,8,11,4,3,8,1,0,0,0,0,0,0,1,0,8.07315E+20,5.84241E+21,1.35433E+16,5.26444E+16
164415,12,0,66,304,2018,8,15,5,2,3,6,0,1,0,0,0,0,0,0,8.46054E+20,5.71687E+21,1.39865E+16,5.14968E+16
164416,12,0,65,84,2018,8,11,4,3,4,6,0,1,0,0,0,0,1,0,7.83414E+20,5.89718E+21,1.32387E+16,5.31485E+16
164417,12,0,67,440,2018,9,16,1,3,0,7,0,1,0,0,0,0,0,0,8.20244E+20,5.82401E+21,1.3716E+16,5.24721E+16
164418,12,0,68,353,2018,8,1,4,3,6,7,2,0,1,1,0,0,0,0,7.61323E+20,5.8906E+21,1.29039E+16,5.31007E+16
164419,12,0,73,532,2018,8,14,5,2,8,1,0,0,0,0,0,1,0,0,8.49007E+20,5.89719E+21,1.42157E+16,5.31097E+16
164420,12,0,63,252,2018,8,14,3,2,5,3,0,1,1,0,0,0,0,0,7.26721E+20,5.83417E+21,1.23487E+16,5.26101E+16
164421,12,0,52,0,2018,8,16,3,3,2,6,0,0,1,0,0,0,0,0,8.67464E+20,5.74792E+21,1.43262E+16,5.17613E+16
164422,12,0,71,76,2018,8,9,5,3,5,2,0,1,1,0,0,0,0,0,8.89231E+20,5.74785E+21,1.464E+16,5.1746E+16
164423,12,0,73,532,2018,8,9,3,3,2,2,0,0,1,0,0,0,0,0,8.54153E+20,5.89456E+21,1.42894E+16,5.30827E+16
164424,12,0,64,44,2018,8,9,5,3,1,5,0,0,1,0,1,0,0,0,8.38886E+20,5.85963E+21,1.40259E+16,5.27799E+16
164425,12,0,64,472,2018,8,18,5,3,3,2,0,1,1,0,0,0,0,0,8.30983E+20,5.83665E+21,1.38861E+16,5.25789E+16
164426,12,0,60,52,2018,8,2,3,3,7,7,2,0,1,0,0,0,0,0,8.24753E+20,5.8659E+21,1.38233E+16,5.28447E+16