OBJECTID_1,ULAND,UREGBEZ,UKREIS,UGEMEINDE,UJAHR,UMONAT,USTUNDE,UWOCHENTAG,UKATEGORIE,UART,UTYP1,ULICHTVERH,IstRad,IstPKW,IstFuss,IstKrad,IstGkfz,IstSonstig,STRZUSTAND,LINREFX,LINREFY,XGCSWGS84,YGCSWGS84
164427,12,0,53,0,2018,8,20,5,2,9,1,1,0,0,0,1,0,0,0,8.78674E+20,5.80934E+21,1.45558E+16,5.23035E+16
164428,12,0,60,181,2018,8,11,3,3,8,1,0,0,1,0,0,0,0,0,8.06129E+20,5.84316E+21,1.35265E+16,5.26518E+16
164429,12,0,72,240,2018,8,11,6,2,5,3,0,1,1,0,0,0,0,0,7.90273E+20,5.80373E+21,1.32584E+16,5.2307E+16
164430,12,0,64,336,2018,8,16,3,3,6,1,0,0,0,1,0,0,1,0,8.16568E+20,5.83069E+21,1.36684E+16,5.25341E+16
164431,12,0,64,205,2018,8,8,3,3,5,3,0,0,1,0,0,0,0,0,8.26597E+20,5.85428E+21,1.3839E+16,5.27395E+16
164432,12,0,67,144,2018,8,13,5,3,5,3,0,1,1,0,0,0,0,1,8.45049E+20,5.81141E+21,1.40668E+16,5.23442E+16
164433,12,0,64,428,2018,8,18,3,3,5,3,0,1,1,0,0,0,0,0,8.26178E+20,5.82389E+21,1.38029E+16,5.24675E+16
164434,12,0,64,61,2018,8,7,3,2,4,2,0,0,0,0,1,0,1,0,8.51012E+20,5.85286E+21,1.41977E+16,5.27115E+16
164435,12,0,67,144,2018,8,9,5,3,5,3,0,1,1,0,0,0,0,0,8.44712E+20,5.81468E+21,1.40652E+16,5.23736E+16
164436,12,0,53,0,2018,8,8,3,3,5,2,0,1,1,0,0,0,0,0,8.7657E+20,5.81301E+21,1.45292E+16,5.23377E+16
164437,12,0,67,144,2018,8,16,5,3,4,6,0,1,1,0,0,0,0,0,8.44568E+20,5.81337E+21,1.40617E+16,5.2362E+16
164438,12,0,67,440,2018,8,16,3,3,5,3,0,0,1,0,0,0,0,0,8.19108E+20,5.82326E+21,1.36986E+16,5.2466E+16
164439,12,0,52,0,2018,8,16,6,3,5,3,0,1,0,0,1,0,0,0,8.67931E+20,5.74607E+21,1.4331E+16,5.17444E+16
164440,12,0,63,80,2018,8,20,2,3,2,6,0,0,1,0,0,0,0,0,7.78551E+20,5.83051E+21,1.31093E+16,5.25533E+16
164441,12,0,63,80,2018,8,17,4,3,7,7,0,1,1,0,0,0,0,0,7.77292E+20,5.83233E+21,1.30923E+16,5.25702E+16
164442,12,0,54,0,2018,8,10,2,3,0,5,0,1,1,0,0,0,0,0,7.79007E+20,5.81281E+21,1.31012E+16,5.23943E+16
164443,12,0,54,0,2018,8,12,6,2,4,6,0,0,1,0,0,0,0,0,7.70353E+20,5.82294E+21,1.29825E+16,5.24894E+16
164444,12,0,61,540,2018,8,9,2,3,5,7,0,0,1,0,1,0,0,0,8.14207E+20,5.80578E+21,1.36103E+16,5.23122E+16
164445,12,0,61,260,2018,8,12,2,3,5,2,0,0,1,0,0,0,0,0,8.16993E+20,5.80503E+21,1.36503E+16,5.2304E+16
164446,12,0,54,0,2018,8,17,4,3,6,4,0,1,0,1,0,0,0,0,7.72417E+20,5.81369E+21,1.30053E+16,5.24055E+16
164447,12,0,71,76,2018,8,8,2,3,5,3,0,1,1,0,0,0,0,0,8.89635E+20,5.74741E+21,1.46453E+16,5.17417E+16
164448,12,0,71,76,2018,8,18,2,3,5,3,0,0,1,0,0,0,0,0,8.88649E+20,5.7503E+21,1.46344E+16,5.17683E+16
164449,12,0,69,304,2018,8,12,4,3,5,3,0,1,1,0,0,0,0,0,7.87279E+20,5.81621E+21,1.32253E+16,5.24205E+16
164450,12,0,52,0,2018,8,8,2,3,5,3,0,1,1,0,0,0,0,0,8.68309E+20,5.75077E+21,1.43414E+16,5.17863E+16
164451,12,0,54,0,2018,8,17,4,2,4,6,0,0,1,0,1,0,0,0,7.733E+20,5.81467E+21,1.3019E+16,5.24138E+16
164452,12,0,64,472,2018,8,19,2,3,4,6,0,0,1,0,0,0,0,0,8.31733E+20,5.8364E+21,1.38969E+16,5.25762E+16
164453,12,0,53,0,2018,8,12,6,3,8,1,0,1,0,0,0,0,0,0,8.77474E+20,5.81412E+21,1.45437E+16,5.23471E+16
164454,12,0,53,0,2018,8,17,2,3,2,6,0,0,1,0,0,0,1,0,8.73286E+20,5.81433E+21,1.44827E+16,5.23518E+16
164455,12,0,51,0,2018,8,7,4,3,4,2,0,0,1,0,1,0,0,0,7.3204E+20,5.80971E+21,1.24101E+16,5.23884E+16
164456,12,0,67,120,2018,8,16,2,3,5,2,0,1,1,0,0,0,0,0,8.85177E+20,5.79221E+21,1.46312E+16,5.21457E+16
164457,12,0,51,0,2018,8,9,4,3,5,3,0,1,1,0,0,0,0,0,7.38405E+20,5.8143E+21,1.25067E+16,5.24268E+16
164458,12,0,67,544,2018,8,8,2,3,4,2,0,0,1,0,1,0,0,0,8.22937E+20,5.82175E+21,1.37533E+16,5.24503E+16
164459,12,0,67,144,2018,8,11,2,3,1,7,0,0,1,0,0,0,0,0,8.44889E+20,5.81487E+21,1.4068E+16,5.23752E+16
164460,12,0,52,0,2018,8,10,4,3,5,3,0,1,1,0,0,0,0,0,8.68241E+20,5.74439E+21,1.43337E+16,5.17292E+16
164461,12,0,67,144,2018,8,18,2,3,5,3,0,1,0,0,0,0,0,0,8.44756E+20,5.81319E+21,1.40643E+16,5.23603E+16
164462,12,0,52,0,2018,8,13,4,3,0,7,0,1,0,0,0,0,0,0,8.68456E+20,5.74769E+21,1.43403E+16,5.17586E+16
164463,12,0,65,144,2018,8,13,2,3,4,6,0,1,0,0,0,0,0,0,7.87143E+20,5.84968E+21,1.32523E+16,5.27207E+16
164464,12,0,70,316,2018,8,16,6,3,5,3,0,0,1,0,0,0,0,0,7.13125E+20,5.89469E+21,1.21879E+16,5.31588E+16
164465,12,0,73,532,2018,8,12,4,2,5,3,0,1,1,0,0,0,0,0,8.51985E+20,5.89194E+21,1.42543E+16,5.30607E+16
164466,12,0,70,316,2018,8,17,2,2,5,3,0,1,1,0,0,0,0,0,7.12296E+20,5.89464E+21,1.21755E+16,5.31588E+16
164467,12,0,64,380,2018,8,17,4,2,5,3,0,1,0,0,0,0,0,0,8.24604E+20,5.83166E+21,1.37874E+16,5.25381E+16
164468,12,0,63,252,2018,8,20,1,3,4,6,0,0,0,0,0,0,1,0,7.26525E+20,5.83444E+21,1.2346E+16,5.26126E+16
164469,12,0,51,0,2018,9,12,7,3,2,6,0,0,1,0,0,0,0,0,7.40103E+20,5.81484E+21,1.2532E+16,5.24309E+16
164470,12,0,60,52,2018,8,15,1,2,8,1,0,0,0,0,1,0,0,0,8.22834E+20,5.86726E+21,1.37963E+16,5.2858E+16
164471,12,0,64,428,2018,8,14,5,3,5,3,0,0,1,0,1,0,0,1,8.25407E+20,5.82397E+21,1.37917E+16,5.24686E+16
164472,12,0,65,256,2018,9,13,7,3,8,1,0,0,1,0,0,0,0,0,7.83532E+20,5.85138E+21,1.32005E+16,5.27378E+16
164473,12,0,60,52,2018,9,12,4,3,2,6,0,0,0,0,1,1,0,0,8.18999E+20,5.86443E+21,1.37368E+16,5.2835E+16
164474,12,0,63,252,2018,9,14,6,3,5,3,0,0,1,0,0,0,0,0,7.2636E+20,5.83485E+21,1.23439E+16,5.26164E+16
164475,12,0,67,120,2018,9,14,4,2,5,2,0,0,1,0,0,1,0,0,8.86401E+20,5.79195E+21,1.46487E+16,5.21425E+16
164476,12,0,54,0,2018,9,9,6,3,6,4,0,0,1,1,0,0,0,0,7.76569E+20,5.81226E+21,1.3065E+16,5.23906E+16
164477,12,0,67,120,2018,9,6,4,2,5,3,1,1,0,0,0,0,0,0,8.84893E+20,5.79209E+21,1.4627E+16,5.21448E+16
164478,12,0,54,0,2018,9,22,6,3,0,1,2,1,0,0,0,0,0,0,7.74008E+20,5.81245E+21,1.30276E+16,5.23936E+16
164479,12,0,67,124,2018,9,8,4,3,6,7,0,0,1,1,0,0,0,0,8.23035E+20,5.81932E+21,1.37524E+16,5.24285E+16
164480,12,0,51,0,2018,9,15,6,3,2,6,0,0,1,0,0,0,0,0,7.42453E+20,5.81239E+21,1.25648E+16,5.2408E+16
164481,12,0,70,424,2018,9,17,4,3,0,7,0,1,0,0,0,0,0,0,6.8499E+20,5.87573E+21,1.17567E+16,5.29992E+16
164482,12,0,66,272,2018,9,15,6,3,1,7,0,1,0,0,0,0,1,0,8.37957E+20,5.71201E+21,1.38657E+16,5.14582E+16
164483,12,0,66,196,2018,9,19,6,3,5,3,2,1,1,0,0,0,0,0,8.39944E+20,5.75726E+21,1.39381E+16,5.18623E+16
164484,12,0,72,169,2018,9,10,3,3,5,3,0,1,0,0,0,0,1,0,7.80474E+20,5.7686E+21,1.30861E+16,5.19971E+16
164485,12,0,52,0,2018,9,9,6,3,5,3,0,0,1,0,0,0,1,1,8.69305E+20,5.74818E+21,1.4353E+16,5.17624E+16
164486,12,0,53,0,2018,9,9,6,3,5,3,0,0,1,0,0,0,1,0,8.78258E+20,5.81273E+21,1.45535E+16,5.23341E+16
164487,12,0,72,232,2018,9,15,3,3,8,1,0,0,1,0,0,0,0,0,7.86653E+20,5.77943E+21,1.31849E+16,5.2091E+16
164488,12,0,53,0,2018,9,18,6,3,6,4,0,0,1,1,0,0,0,0,8.77549E+20,5.81417E+21,1.45448E+16,5.23475E+16
164489,12,0,65,256,2018,9,15,6,3,3,6,0,1,0,0,0,0,1,0,7.85832E+20,5.85228E+21,1.32352E+16,5.27446E+16
164490,12,0,72,232,2018,9,13,3,3,5,2,0,1,1,0,0,0,0,0,7.84424E+20,5.77983E+21,1.31528E+16,5.20957E+16
164491,12,0,70,316,2018,9,15,6,3,2,2,0,0,1,0,0,1,0,0,7.11833E+20,5.89441E+21,1.21684E+16,5.31568E+16
164492,12,0,54,0,2018,9,11,3,3,5,2,0,1,1,0,0,0,0,0,7.79101E+20,5.80981E+21,1.31001E+16,5.23673E+16
164493,12,0,72,17,2018,9,8,5,3,5,3,0,1,1,0,0,0,0,1,8.00164E+20,5.80625E+21,1.34053E+16,5.23243E+16
164494,12,0,54,0,2018,9,8,3,3,5,3,0,1,1,0,0,0,0,0,7.80267E+20,5.81126E+21,1.31184E+16,5.23798E+16
164495,12,0,72,17,2018,9,15,5,3,5,3,0,0,1,0,0,0,0,0,8.00626E+20,5.80966E+21,1.34152E+16,5.23546E+16
164496,12,0,51,0,2018,9,14,3,3,5,3,0,1,1,0,0,0,0,1,7.41757E+20,5.81244E+21,1.25546E+16,5.24087E+16
164497,12,0,54,0,2018,9,10,5,3,2,6,0,0,1,0,0,0,0,1,7.76674E+20,5.81332E+21,1.30674E+16,5.24E+16
164498,12,0,61,433,2018,9,20,5,3,5,2,2,1,1,0,0,0,0,1,8.06213E+20,5.81463E+21,1.35015E+16,5.23961E+16
164499,12,0,66,304,2018,9,14,3,3,5,3,0,1,1,0,0,0,0,0,8.47034E+20,5.71996E+21,1.40036E+16,5.15239E+16
164500,12,0,66,52,2018,9,11,5,2,5,3,0,0,1,0,0,0,0,0,8.41502E+20,5.74466E+21,1.39483E+16,5.17485E+16
164501,12,0,62,124,2018,9,18,3,2,9,3,0,0,0,0,1,0,1,0,8.19934E+20,5.70889E+21,1.36043E+16,5.14407E+16
164502,12,0,61,540,2018,9,11,5,3,8,1,0,0,1,0,0,0,0,1,8.15661E+20,5.80594E+21,1.36317E+16,5.23128E+16
164503,12,0,64,428,2018,9,17,3,3,4,6,0,0,1,0,0,0,0,0,8.30075E+20,5.82646E+21,1.38626E+16,5.24882E+16
164504,12,0,53,0,2018,9,17,3,2,0,7,0,1,0,0,0,0,0,1,8.70904E+20,5.80918E+21,1.44422E+16,5.23074E+16
164505,12,0,52,0,2018,9,18,5,3,2,6,0,0,1,0,0,0,0,0,8.67499E+20,5.74522E+21,1.43238E+16,5.17371E+16
164506,12,0,67,440,2018,9,15,3,3,6,7,0,0,1,1,0,0,0,0,8.19354E+20,5.82426E+21,1.37032E+16,5.24748E+16
164507,12,0,73,572,2018,9,7,5,3,5,3,0,1,1,0,0,0,0,1,8.01711E+20,5.89454E+21,1.3509E+16,5.31148E+16
164508,12,0,67,481,2018,9,7,3,2,8,7,0,0,1,0,0,0,0,0,8.38136E+20,5.7999E+21,1.39541E+16,5.22453E+16
164509,12,0,73,8,2018,9,9,5,3,5,3,0,0,1,0,0,0,0,1,8.35623E+20,5.88579E+21,1.40047E+16,5.30162E+16
164510,12,0,53,0,2018,9,12,5,3,1,7,0,0,1,0,0,0,0,1,8.76411E+20,5.8149E+21,1.4529E+16,5.23548E+16
164511,12,0,67,144,2018,9,6,3,3,5,3,1,1,1,0,0,0,0,1,8.46861E+20,5.81264E+21,1.40945E+16,5.2354E+16
164512,12,0,65,136,2018,9,10,5,3,5,3,0,1,1,0,0,0,0,1,7.8414E+20,5.84056E+21,1.32001E+16,5.26405E+16
164513,12,0,53,0,2018,9,13,5,3,5,3,0,0,1,0,0,0,1,0,8.72796E+20,5.81161E+21,1.44725E+16,5.23278E+16
164514,12,0,65,256,2018,9,21,5,3,7,7,2,0,0,0,1,0,0,1,7.82214E+20,5.85118E+21,1.31808E+16,5.27367E+16
164515,12,0,65,256,2018,9,18,3,3,4,6,0,1,1,0,0,0,0,0,7.89401E+20,5.85916E+21,1.3294E+16,5.28044E+16
164516,12,0,72,53,2018,9,7,4,3,6,4,0,0,1,1,0,0,0,0,8.04682E+20,5.75599E+21,1.34265E+16,5.18713E+16
164517,12,0,65,256,2018,9,15,3,3,3,6,0,1,1,0,0,0,0,0,7.87116E+20,5.85356E+21,1.32553E+16,5.27555E+16
164518,12,0,72,232,2018,9,15,4,2,6,4,0,0,1,1,0,0,0,0,7.85014E+20,5.77973E+21,1.31613E+16,5.20946E+16
164519,12,0,63,252,2018,9,8,4,3,3,6,0,0,1,0,1,0,0,0,7.25882E+20,5.83365E+21,1.2336E+16,5.26059E+16
164520,12,0,70,296,2018,9,11,3,3,4,2,0,1,1,0,0,0,0,0,6.9207E+20,5.88368E+21,1.18668E+16,5.3068E+16
164521,12,0,54,0,2018,9,15,4,3,5,3,0,1,1,0,0,0,0,0,7.78285E+20,5.8123E+21,1.30902E+16,5.239E+16
164522,12,0,54,0,2018,9,20,2,3,5,2,2,0,1,0,1,0,0,0,7.80981E+20,5.81043E+21,1.31281E+16,5.2372E+16
164523,12,0,54,0,2018,9,15,4,3,0,1,0,1,0,0,0,0,0,0,7.71742E+20,5.81367E+21,1.29954E+16,5.24057E+16
164524,12,0,51,0,2018,9,9,4,3,2,2,0,1,1,0,0,0,0,0,7.39011E+20,5.81291E+21,1.25146E+16,5.24141E+16
164525,12,0,61,433,2018,9,12,2,3,5,3,0,0,1,0,0,1,0,0,8.07429E+20,5.81407E+21,1.35188E+16,5.23904E+16
164526,12,0,51,0,2018,9,7,4,3,5,3,0,1,1,0,0,0,0,0,7.41467E+20,5.81232E+21,1.25502E+16,5.24077E+16
164527,12,0,66,176,2018,9,13,4,3,5,3,0,1,1,0,0,0,0,0,8.31102E+20,5.71589E+21,1.3771E+16,5.1497E+16
164528,12,0,66,304,2018,9,15,2,3,6,4,0,0,1,1,0,0,0,0,8.45743E+20,5.7189E+21,1.3984E+16,5.15151E+16
164529,12,0,66,112,2018,9,9,4,3,5,3,0,0,0,0,0,0,1,0,8.48302E+20,5.72719E+21,1.4029E+16,5.15879E+16
164530,12,0,52,0,2018,9,17,2,3,2,6,0,0,1,0,0,0,0,1,8.68503E+20,5.74493E+21,1.4338E+16,5.17338E+16
164531,12,0,61,260,2018,9,6,4,3,1,5,0,1,1,0,0,0,0,0,8.1748E+20,5.80275E+21,1.36553E+16,5.22832E+16
164532,12,0,73,8,2018,9,14,2,3,0,7,0,0,0,0,1,0,0,0,8.35406E+20,5.88464E+21,1.40003E+16,5.3006E+16
164533,12,0,62,140,2018,9,8,4,3,5,3,0,1,1,0,0,0,0,0,8.26121E+20,5.73106E+21,1.37135E+16,5.16358E+16
164534,12,0,70,296,2018,9,16,2,3,5,3,0,1,1,0,0,0,0,0,6.92002E+20,5.88438E+21,1.18662E+16,5.30743E+16
164535,12,0,52,0,2018,9,7,4,3,5,2,0,1,1,0,0,0,0,0,8.68961E+20,5.74745E+21,1.43473E+16,5.17561E+16
164536,12,0,63,208,2018,9,19,1,3,5,3,1,0,1,0,1,0,0,1,7.61888E+20,5.83567E+21,1.28682E+16,5.26078E+16
164537,12,0,64,408,2018,9,16,4,3,2,2,0,0,1,0,0,0,1,0,8.34368E+20,5.82859E+21,1.39277E+16,5.25047E+16
164538,12,0,65,256,2018,9,13,4,3,1,7,0,0,0,0,0,1,1,0,7.81773E+20,5.85111E+21,1.31742E+16,5.27363E+16
164539,12,0,63,56,2018,9,4,1,2,0,1,2,1,0,0,0,0,0,1,7.73707E+20,5.82936E+21,1.30371E+16,5.25454E+16
164540,12,0,65,256,2018,9,7,4,3,3,2,0,1,1,0,0,0,0,0,7.89318E+20,5.85819E+21,1.32919E+16,5.27958E+16
164541,12,0,65,256,2018,9,6,4,3,5,3,0,1,1,0,0,0,0,0,7.86164E+20,5.85381E+21,1.32415E+16,5.27582E+16
164542,12,0,61,476,2018,9,4,1,3,8,1,2,0,1,0,0,0,0,0,8.52506E+20,5.76219E+21,1.41249E+16,5.18987E+16
164543,12,0,63,260,2018,9,14,3,2,0,7,0,0,0,0,0,0,1,0,7.25079E+20,5.85036E+21,1.23356E+16,5.27561E+16
164544,12,0,70,244,2018,9,2,1,3,6,4,2,0,1,1,0,0,0,0,6.66941E+20,5.88598E+21,1.14934E+16,5.30971E+16
164545,12,0,63,80,2018,9,17,3,3,5,3,0,0,1,0,0,0,0,0,7.73563E+20,5.83104E+21,1.30363E+16,5.25605E+16
164546,12,0,71,408,2018,9,15,7,3,9,1,0,1,0,0,0,0,0,0,8.58913E+20,5.72588E+21,1.41802E+16,5.15695E+16
164547,12,0,63,80,2018,9,16,3,3,5,3,0,0,1,0,0,0,0,0,7.76356E+20,5.83066E+21,1.30771E+16,5.25557E+16
164548,12,0,54,0,2018,9,18,3,2,5,3,0,0,1,0,0,0,1,0,7.76622E+20,5.81395E+21,1.30672E+16,5.24057E+16
164549,12,0,51,0,2018,9,9,3,3,5,3,0,0,1,0,0,0,0,0,7.40004E+20,5.81486E+21,1.25306E+16,5.24312E+16
164550,12,0,52,0,2018,9,12,7,2,5,2,0,1,1,0,0,0,0,0,8.68631E+20,5.7491E+21,1.43443E+16,5.17711E+16
164551,12,0,66,296,2018,9,18,3,3,5,7,0,1,0,0,0,0,0,0,8.3669E+20,5.71435E+21,1.38497E+16,5.14799E+16
164552,12,0,52,0,2018,9,14,7,3,0,3,0,1,1,0,0,0,0,0,8.6793E+20,5.7485E+21,1.43335E+16,5.17661E+16
164553,12,0,66,176,2018,9,21,3,3,5,2,2,1,1,0,0,0,0,0,8.30508E+20,5.71556E+21,1.37621E+16,5.14943E+16
164554,12,0,62,140,2018,9,11,3,3,5,3,0,1,1,0,0,0,0,0,8.25759E+20,5.73086E+21,1.37081E+16,5.16342E+16
164555,12,0,69,616,2018,9,23,6,3,9,1,2,0,0,0,1,0,0,1,7.89135E+20,5.81435E+21,1.32509E+16,5.24028E+16
164556,12,0,62,140,2018,9,18,3,2,5,3,0,1,1,0,0,0,0,0,8.2495E+20,5.73145E+21,1.3697E+16,5.16399E+16
164557,12,0,54,0,2018,9,18,6,3,5,3,0,0,1,0,0,0,0,1,7.77251E+20,5.81213E+21,1.30749E+16,5.23891E+16
164558,12,0,52,0,2018,9,16,3,2,0,1,0,1,0,0,0,0,0,0,8.67792E+20,5.74808E+21,1.43311E+16,5.17625E+16
164559,12,0,69,270,2018,9,14,6,3,5,3,0,0,1,0,0,0,1,0,7.3467E+20,5.82202E+21,1.24573E+16,5.24977E+16
164560,12,0,52,0,2018,9,15,3,3,1,7,0,0,1,0,0,0,1,0,8.67626E+20,5.74744E+21,1.4328E+16,5.17568E+16
164561,12,0,51,0,2018,9,15,6,2,5,3,0,0,1,0,1,0,0,1,7.3935E+20,5.81549E+21,1.25215E+16,5.24371E+16
164562,12,0,52,0,2018,9,16,3,3,6,4,0,0,0,1,1,0,0,0,8.66963E+20,5.74775E+21,1.43188E+16,5.17601E+16
164563,12,0,61,260,2018,9,14,6,3,5,3,0,0,1,0,0,0,0,0,8.15933E+20,5.80202E+21,1.3632E+16,5.22775E+16
164564,12,0,52,0,2018,9,12,3,3,5,3,0,0,1,0,0,0,0,0,8.66958E+20,5.74842E+21,1.43194E+16,5.17661E+16
164565,12,0,54,0,2018,9,16,4,3,1,5,0,1,1,0,0,0,0,0,7.81278E+20,5.80946E+21,1.31317E+16,5.23631E+16
164566,12,0,67,144,2018,9,11,3,3,0,7,0,1,0,0,0,0,0,0,8.45082E+20,5.81234E+21,1.40682E+16,5.23525E+16
164567,12,0,62,92,2018,9,10,5,3,8,1,0,0,1,0,0,0,0,0,8.15649E+20,5.73069E+21,1.35624E+16,5.16384E+16
164568,12,0,62,88,2018,9,14,6,3,1,7,0,0,1,0,0,0,0,0,8.28347E+20,5.74243E+21,1.37563E+16,5.17364E+16
164569,12,0,65,36,2018,9,12,3,3,6,4,0,0,1,1,0,0,0,0,7.88967E+20,5.84679E+21,1.32767E+16,5.26938E+16
164570,12,0,52,0,2018,9,17,6,3,6,4,0,0,1,1,0,0,0,0,8.68965E+20,5.74816E+21,1.43481E+16,5.17625E+16
164571,12,0,69,616,2018,9,15,2,3,5,3,0,1,1,0,0,0,0,0,7.90479E+20,5.81393E+21,1.32703E+16,5.23984E+16
164572,12,0,52,0,2018,9,16,6,2,3,6,0,1,0,0,0,0,1,0,8.68003E+20,5.75135E+21,1.43376E+16,5.17916E+16
164573,12,0,51,0,2018,9,22,2,3,5,3,2,1,1,0,0,0,0,0,7.40451E+20,5.8123E+21,1.25353E+16,5.2408E+16
164574,12,0,73,532,2018,9,14,6,3,5,3,0,1,0,0,0,0,1,0,8.52368E+20,5.89247E+21,1.42606E+16,5.30652E+16
164575,12,0,61,260,2018,9,14,2,3,5,3,0,1,1,0,0,0,0,0,8.14535E+20,5.80319E+21,1.36127E+16,5.22889E+16
164576,12,0,60,269,2018,9,8,6,3,9,1,0,0,1,0,1,0,0,0,8.00314E+20,5.85408E+21,1.34508E+16,5.27529E+16
164577,12,0,61,572,2018,9,10,2,3,5,3,0,1,1,0,0,0,0,0,8.14953E+20,5.80987E+21,1.3625E+16,5.23484E+16
164578,12,0,53,0,2018,9,12,6,3,6,4,0,0,0,1,0,0,1,0,8.77843E+20,5.81357E+21,1.45484E+16,5.23419E+16
164579,12,0,60,5,2018,9,7,2,3,5,3,0,1,1,0,0,0,0,0,8.10363E+20,5.83536E+21,1.35816E+16,5.25795E+16
164580,12,0,64,472,2018,9,19,2,3,1,7,1,0,1,0,1,0,0,0,8.29441E+20,5.83492E+21,1.38617E+16,5.25643E+16
164581,12,0,65,36,2018,9,15,6,3,5,3,0,1,1,0,0,0,0,0,7.89915E+20,5.84615E+21,1.32901E+16,5.26875E+16
164582,12,0,68,320,2018,9,18,2,3,0,1,0,1,0,0,0,0,0,0,7.55678E+20,5.86963E+21,1.28031E+16,5.29154E+16
164583,12,0,70,173,2018,9,10,6,3,5,3,0,1,1,0,0,0,0,0,6.78981E+20,5.89601E+21,1.16786E+16,5.31833E+16
164584,12,0,63,273,2018,9,14,1,3,7,7,0,1,0,0,0,0,1,0,7.79339E+20,5.83883E+21,1.31279E+16,5.26275E+16
164585,12,0,72,340,2018,9,10,5,3,4,6,0,0,1,0,0,0,0,0,8.01885E+20,5.80277E+21,1.34274E+16,5.22922E+16
164586,12,0,54,0,2018,9,17,1,3,6,4,0,1,0,1,0,0,0,0,7.78723E+20,5.81358E+21,1.30977E+16,5.24013E+16
164587,12,0,63,80,2018,9,15,5,3,5,2,0,0,1,0,1,0,0,0,7.77309E+20,5.83272E+21,1.30929E+16,5.25737E+16
164588,12,0,61,433,2018,9,13,1,3,6,4,0,0,1,1,0,0,0,0,8.07944E+20,5.81176E+21,1.35242E+16,5.23694E+16
164589,12,0,54,0,2018,9,9,5,3,5,3,0,1,1,0,0,0,0,0,7.78339E+20,5.81148E+21,1.30903E+16,5.23827E+16
164590,12,0,66,296,2018,9,19,1,3,5,3,0,1,1,0,0,0,0,0,8.36292E+20,5.71457E+21,1.38442E+16,5.1482E+16
164591,12,0,64,29,2018,9,17,1,2,2,6,0,0,0,0,1,0,1,0,8.18257E+20,5.83334E+21,1.36957E+16,5.25568E+16
164592,12,0,54,0,2018,9,7,5,3,0,6,0,1,0,0,0,0,0,0,7.76008E+20,5.81361E+21,1.30579E+16,5.2403E+16
164593,12,0,65,180,2018,9,17,1,2,0,7,0,1,0,0,0,0,0,0,7.82593E+20,5.84978E+21,1.31852E+16,5.27239E+16
164594,12,0,65,256,2018,9,14,1,3,6,7,0,0,1,1,0,0,0,0,7.87411E+20,5.85452E+21,1.32605E+16,5.27638E+16
164595,12,0,54,0,2018,9,15,5,3,5,2,0,1,1,0,0,0,0,0,7.76229E+20,5.81467E+21,1.3062E+16,5.24123E+16
164596,12,0,61,260,2018,9,12,7,3,5,3,0,1,1,0,0,0,0,0,8.16987E+20,5.80504E+21,1.36502E+16,5.2304E+16
164597,12,0,69,397,2018,9,19,5,3,5,3,2,1,1,0,0,0,0,0,7.74809E+20,5.80395E+21,1.30324E+16,5.2317E+16
164598,12,0,52,0,2018,9,19,7,2,5,3,1,1,1,0,0,0,0,0,8.67763E+20,5.74662E+21,1.43291E+16,5.17494E+16
164599,12,0,71,372,2018,9,13,5,3,5,3,0,1,0,0,0,0,0,0,8.72389E+20,5.72689E+21,1.43748E+16,5.15697E+16
164600,12,0,60,52,2018,9,23,7,3,0,1,2,1,0,0,0,0,0,0,8.20248E+20,5.86419E+21,1.3755E+16,5.28321E+16
164601,12,0,73,532,2018,9,14,5,3,5,3,0,1,1,0,0,0,0,0,8.54077E+20,5.89138E+21,1.42848E+16,5.30543E+16
164602,12,0,60,5,2018,9,17,7,2,9,7,0,1,0,0,0,0,0,0,8.09717E+20,5.83528E+21,1.3572E+16,5.25792E+16
164603,12,0,64,29,2018,9,7,5,2,6,4,0,0,1,1,0,0,0,0,8.1995E+20,5.83369E+21,1.3721E+16,5.2559E+16
164604,12,0,64,61,2018,9,18,7,3,9,7,0,0,1,0,0,0,0,0,8.50186E+20,5.85187E+21,1.41845E+16,5.27032E+16
164605,12,0,67,120,2018,9,11,7,2,5,3,0,0,1,0,0,0,0,0,8.85647E+20,5.79074E+21,1.46364E+16,5.21322E+16
164606,12,0,67,144,2018,9,15,5,3,6,6,0,0,1,1,0,0,0,0,8.4501E+20,5.81305E+21,1.40679E+16,5.23589E+16
164607,12,0,67,173,2018,9,12,7,2,2,6,0,1,1,0,0,0,0,0,8.23212E+20,5.8146E+21,1.37504E+16,5.2386E+16
164608,12,0,67,144,2018,9,18,7,3,2,2,0,0,0,0,1,0,0,0,8.44457E+20,5.81394E+21,1.40607E+16,5.23672E+16
164609,12,0,65,165,2018,9,17,5,3,5,3,0,1,1,0,0,0,0,0,7.72136E+20,5.85296E+21,1.30334E+16,5.27578E+16
164610,12,0,63,36,2018,9,14,6,3,4,6,0,0,1,0,0,0,0,0,7.69094E+20,5.83665E+21,1.29751E+16,5.2613E+16