OBJECTID_1,ULAND,UREGBEZ,UKREIS,UGEMEINDE,UJAHR,UMONAT,USTUNDE,UWOCHENTAG,UKATEGORIE,UART,UTYP1,ULICHTVERH,IstRad,IstPKW,IstFuss,IstKrad,IstGkfz,IstSonstig,STRZUSTAND,LINREFX,LINREFY,XGCSWGS84,YGCSWGS84
164611,12,0,68,468,2018,9,14,5,3,5,3,0,1,1,0,0,0,0,0,7.33065E+20,5.8959E+21,1.24865E+16,5.31614E+16
164612,12,0,69,604,2018,9,10,6,3,8,1,0,1,0,0,0,0,0,1,7.89009E+20,5.81199E+21,1.32471E+16,5.23817E+16
164613,12,0,68,320,2018,9,15,5,3,5,7,0,0,1,0,1,0,0,0,7.55002E+20,5.8707E+21,1.2794E+16,5.29253E+16
164614,12,0,69,656,2018,9,13,6,3,5,3,0,1,1,0,0,0,0,0,7.68109E+20,5.80885E+21,1.29382E+16,5.23642E+16
164615,12,0,63,80,2018,9,14,4,3,5,2,0,1,1,0,0,0,0,0,7.76748E+20,5.83105E+21,1.30832E+16,5.2559E+16
164616,12,0,54,0,2018,9,6,6,3,5,2,1,1,1,0,0,0,0,1,7.78364E+20,5.81253E+21,1.30915E+16,5.23921E+16
164617,12,0,54,0,2018,9,7,4,3,2,6,0,0,1,0,0,0,0,0,7.78384E+20,5.81154E+21,1.3091E+16,5.23832E+16
164618,12,0,54,0,2018,9,8,6,2,0,1,0,0,0,0,1,0,0,1,7.76013E+20,5.81399E+21,1.30583E+16,5.24063E+16
164619,12,0,54,0,2018,9,7,6,2,0,1,0,1,0,0,0,0,0,1,7.76013E+20,5.814E+21,1.30583E+16,5.24065E+16
164620,12,0,54,0,2018,9,14,4,2,5,3,0,1,1,0,0,0,0,0,7.788E+20,5.80913E+21,1.30951E+16,5.23614E+16
164621,12,0,54,0,2018,9,7,6,3,5,2,0,1,1,0,0,0,0,1,7.76355E+20,5.8143E+21,1.30635E+16,5.2409E+16
164622,12,0,60,52,2018,9,16,5,3,5,3,0,1,1,0,0,0,0,0,8.18458E+20,5.86571E+21,1.373E+16,5.28467E+16
164623,12,0,54,0,2018,9,15,4,3,0,1,0,1,0,0,0,0,0,0,7.76013E+20,5.814E+21,1.30583E+16,5.24065E+16
164624,12,0,60,100,2018,9,8,6,3,0,1,0,0,0,0,1,0,0,1,8.18348E+20,5.8802E+21,1.37426E+16,5.29766E+16
164625,12,0,61,433,2018,9,17,4,3,5,3,0,1,1,0,0,0,0,0,8.08157E+20,5.80832E+21,1.35242E+16,5.23384E+16
164626,12,0,60,52,2018,9,7,6,3,5,3,0,1,1,0,0,0,0,1,8.24195E+20,5.86423E+21,1.38134E+16,5.28301E+16
164627,12,0,52,0,2018,9,7,4,3,1,5,0,1,1,0,0,0,0,0,8.68878E+20,5.74844E+21,1.43471E+16,5.1765E+16
164628,12,0,60,20,2018,9,14,6,3,5,3,0,0,1,0,0,0,1,0,8.08143E+20,5.8452E+21,1.35581E+16,5.26689E+16
164629,12,0,73,532,2018,9,19,4,3,5,3,2,1,1,0,0,0,0,0,8.54767E+20,5.89648E+21,1.43006E+16,5.30995E+16
164630,12,0,64,370,2018,9,11,6,3,0,1,0,1,0,0,0,0,0,0,8.4262E+20,5.83714E+21,1.40577E+16,5.25761E+16
164631,12,0,64,227,2018,9,11,4,3,1,5,0,0,1,0,0,0,1,0,8.15021E+20,5.83134E+21,1.36463E+16,5.25408E+16
164632,12,0,53,0,2018,9,11,6,3,2,6,0,0,1,0,0,0,0,1,8.77432E+20,5.81294E+21,1.45417E+16,5.23366E+16
164633,12,0,64,428,2018,9,14,4,3,5,3,0,1,1,0,0,0,0,0,8.2545E+20,5.82376E+21,1.37921E+16,5.24668E+16
164634,12,0,67,36,2018,9,7,6,3,6,4,0,0,1,1,0,0,0,1,8.58351E+20,5.79332E+21,1.4242E+16,5.21737E+16
164635,12,0,70,316,2018,9,9,6,2,5,3,0,0,0,0,1,0,1,1,7.12127E+20,5.89431E+21,1.21728E+16,5.31558E+16
164636,12,0,68,468,2018,9,12,4,2,2,6,0,0,1,0,0,0,0,0,7.3131E+20,5.89282E+21,1.2458E+16,5.31345E+16
164637,12,0,70,424,2018,9,14,6,3,5,3,0,0,1,0,0,0,0,0,6.85131E+20,5.87532E+21,1.17586E+16,5.29954E+16
164638,12,0,65,96,2018,9,13,4,3,5,3,0,1,1,0,0,0,0,0,7.93655E+20,5.84004E+21,1.33399E+16,5.26307E+16
164639,12,0,72,232,2018,9,9,5,2,2,2,0,1,1,0,0,0,0,0,7.85271E+20,5.77969E+21,1.3165E+16,5.20941E+16
164640,12,0,65,144,2018,9,11,4,3,5,3,0,0,1,0,1,0,0,0,7.88802E+20,5.84457E+21,1.32723E+16,5.2674E+16
164641,12,0,72,232,2018,9,7,5,3,5,7,0,1,0,0,0,0,1,0,7.85017E+20,5.77918E+21,1.31609E+16,5.20896E+16
164642,12,0,65,136,2018,9,13,4,3,6,4,0,0,1,1,0,0,0,0,7.84838E+20,5.84043E+21,1.32103E+16,5.26389E+16
164643,12,0,54,0,2018,9,17,5,2,0,7,0,1,0,0,0,0,0,0,7.76534E+20,5.81361E+21,1.30656E+16,5.24027E+16
164644,12,0,54,0,2018,9,7,5,3,5,2,1,0,1,0,0,0,0,0,7.70975E+20,5.81255E+21,1.29832E+16,5.2396E+16
164645,12,0,70,424,2018,9,12,4,3,0,7,0,1,0,0,0,0,0,0,6.84861E+20,5.87577E+21,1.17548E+16,5.29995E+16
164646,12,0,51,0,2018,9,16,5,2,4,2,0,0,1,0,0,0,0,0,7.40008E+20,5.81486E+21,1.25307E+16,5.24312E+16
164647,12,0,61,316,2018,9,11,5,3,0,1,0,1,0,0,0,0,0,0,8.35059E+20,5.76647E+21,1.38764E+16,5.19477E+16
164648,12,0,61,540,2018,9,12,5,3,0,4,0,0,1,1,0,0,0,0,8.14985E+20,5.80722E+21,1.3623E+16,5.23247E+16
164649,12,0,64,448,2018,9,13,5,2,9,6,0,0,1,0,0,0,1,0,8.63572E+20,5.83297E+21,1.43609E+16,5.25252E+16
164650,12,0,63,244,2018,9,12,3,2,6,3,0,0,1,1,0,0,0,0,7.26175E+20,5.82547E+21,1.23348E+16,5.25323E+16
164651,12,0,64,428,2018,9,9,5,3,3,2,0,0,1,0,0,0,1,0,8.2501E+20,5.82416E+21,1.3786E+16,5.24706E+16
164652,12,0,67,144,2018,9,7,5,3,5,3,0,1,1,0,0,0,0,0,8.45048E+20,5.81141E+21,1.40668E+16,5.23442E+16
164653,12,0,63,80,2018,9,7,3,2,5,3,0,0,1,0,1,0,0,0,7.7658E+20,5.83272E+21,1.30821E+16,5.25741E+16
164654,12,0,70,424,2018,9,9,5,3,5,3,0,1,1,0,0,0,0,0,6.8502E+20,5.87661E+21,1.17577E+16,5.30071E+16
164655,12,0,69,604,2018,9,12,3,3,0,1,0,1,0,0,0,0,0,0,7.8662E+20,5.81316E+21,1.32131E+16,5.23935E+16
164656,12,0,72,17,2018,9,12,4,3,0,7,0,0,1,0,0,0,0,0,8.01624E+20,5.80947E+21,1.34296E+16,5.23523E+16
164657,12,0,69,616,2018,9,8,3,3,5,3,0,1,1,0,0,0,0,0,7.90614E+20,5.81407E+21,1.32724E+16,5.23996E+16
164658,12,0,54,0,2018,9,15,4,3,6,4,0,0,1,1,0,0,0,0,7.8041E+20,5.81168E+21,1.31208E+16,5.23834E+16
164659,12,0,54,0,2018,9,17,4,3,5,2,0,1,0,0,0,0,0,0,7.78481E+20,5.81242E+21,1.30931E+16,5.2391E+16
164660,12,0,54,0,2018,9,19,4,3,0,2,0,1,0,0,0,0,1,0,7.76011E+20,5.81324E+21,1.30576E+16,5.23997E+16
164661,12,0,69,656,2018,9,18,3,3,0,7,1,1,0,0,0,0,1,0,7.67629E+20,5.81025E+21,1.29323E+16,5.2377E+16
164662,12,0,66,176,2018,9,16,4,2,5,3,0,0,1,0,1,0,0,0,8.33193E+20,5.71706E+21,1.38021E+16,5.15062E+16
164663,12,0,61,540,2018,9,13,5,3,2,7,0,1,1,0,0,0,0,0,8.15E+20,5.80722E+21,1.36232E+16,5.23246E+16
164664,12,0,54,0,2018,9,17,3,3,5,3,0,1,1,0,0,0,0,0,7.80969E+20,5.8106E+21,1.31281E+16,5.23734E+16
164665,12,0,54,0,2018,9,14,3,3,6,4,0,0,1,1,0,0,0,0,7.811E+20,5.81144E+21,1.31307E+16,5.23809E+16
164666,12,0,66,304,2018,9,19,4,3,5,2,1,1,1,0,0,0,0,0,8.46169E+20,5.72008E+21,1.39913E+16,5.15255E+16
164667,12,0,54,0,2018,9,8,3,3,5,3,0,1,0,0,0,0,1,0,7.75208E+20,5.813E+21,1.30456E+16,5.23979E+16
164668,12,0,61,260,2018,9,5,4,3,9,1,2,0,1,0,0,0,0,0,8.20399E+20,5.80582E+21,1.37009E+16,5.2309E+16
164669,12,0,66,304,2018,9,15,3,3,5,3,0,1,1,0,0,0,0,0,8.45779E+20,5.71887E+21,1.39845E+16,5.15149E+16
164670,12,0,71,76,2018,9,18,4,2,0,7,0,1,0,0,0,0,0,0,8.88291E+20,5.74497E+21,1.46233E+16,5.17208E+16
164671,12,0,62,140,2018,9,14,3,3,2,6,0,1,1,0,0,0,0,0,8.26037E+20,5.73102E+21,1.37123E+16,5.16354E+16
164672,12,0,52,0,2018,9,8,4,3,2,6,0,0,1,0,0,0,0,0,8.67661E+20,5.74496E+21,1.43259E+16,5.17346E+16
164673,12,0,65,144,2018,9,17,4,3,4,6,0,1,0,0,0,0,0,0,7.8813E+20,5.84851E+21,1.32659E+16,5.27096E+16
164674,12,0,60,198,2018,9,16,3,3,3,1,0,1,1,0,0,0,0,0,8.15102E+20,5.86464E+21,1.36793E+16,5.28391E+16
164675,12,0,65,136,2018,9,16,4,3,5,3,0,0,1,0,0,0,1,0,7.84288E+20,5.84048E+21,1.32022E+16,5.26397E+16
164676,12,0,65,136,2018,9,8,5,3,6,2,0,0,1,1,0,0,0,0,7.84742E+20,5.83946E+21,1.3208E+16,5.26303E+16
164677,12,0,68,320,2018,9,7,4,3,5,3,0,1,1,0,0,0,0,0,7.55803E+20,5.87075E+21,1.28059E+16,5.29254E+16
164678,12,0,68,468,2018,9,15,3,3,6,6,0,0,1,1,0,0,0,0,7.32992E+20,5.89625E+21,1.24856E+16,5.31645E+16
164679,12,0,72,17,2018,9,7,3,3,5,3,0,0,1,0,1,0,0,0,8.01873E+20,5.81011E+21,1.34338E+16,5.2358E+16
164680,12,0,63,357,2018,9,13,3,2,0,7,0,1,0,0,0,0,0,0,7.6693E+20,5.829E+21,1.29371E+16,5.25455E+16
164681,12,0,68,320,2018,9,10,3,3,4,6,0,0,1,0,0,0,0,0,7.57059E+20,5.87343E+21,1.28266E+16,5.29488E+16
164682,12,0,63,80,2018,9,12,3,2,0,7,0,1,0,0,0,0,0,0,7.77799E+20,5.83045E+21,1.30982E+16,5.25531E+16
164683,12,0,72,297,2018,9,17,2,2,0,7,0,0,1,0,1,0,0,0,7.78087E+20,5.76106E+21,1.30453E+16,5.19307E+16
164684,12,0,69,304,2018,9,15,3,3,5,3,0,0,1,0,0,0,0,0,7.86253E+20,5.81421E+21,1.32086E+16,5.24031E+16
164685,12,0,63,36,2018,9,14,2,3,1,1,0,1,1,0,0,0,0,0,7.70718E+20,5.83396E+21,1.29969E+16,5.25881E+16
164686,12,0,54,0,2018,9,14,3,3,3,6,0,1,0,0,0,0,0,0,7.78413E+20,5.81251E+21,1.30922E+16,5.23919E+16
164687,12,0,54,0,2018,9,8,2,3,5,2,0,1,1,0,0,0,0,0,7.79899E+20,5.81182E+21,1.31134E+16,5.2385E+16
164688,12,0,54,0,2018,9,16,3,3,6,4,0,0,1,1,0,0,0,0,7.76405E+20,5.81335E+21,1.30635E+16,5.24005E+16
164689,12,0,51,0,2018,9,7,2,3,0,7,0,1,0,0,0,0,0,0,7.41337E+20,5.8125E+21,1.25485E+16,5.24094E+16
164690,12,0,69,397,2018,9,17,3,3,5,3,0,1,1,0,0,0,0,0,7.74717E+20,5.80355E+21,1.30307E+16,5.23134E+16
164691,12,0,51,0,2018,9,8,3,3,5,3,0,0,1,0,0,0,0,0,7.41427E+20,5.81143E+21,1.2549E+16,5.23997E+16
164692,12,0,61,260,2018,9,10,2,3,2,6,0,0,1,0,0,0,0,0,8.15293E+20,5.80408E+21,1.36246E+16,5.22964E+16
164693,12,0,61,433,2018,9,10,3,3,5,3,0,1,1,0,0,0,0,0,8.06044E+20,5.81374E+21,1.34982E+16,5.23881E+16
164694,12,0,71,160,2018,9,21,2,2,0,7,2,1,0,0,0,0,0,0,8.91601E+20,5.77052E+21,1.46998E+16,5.19471E+16
164695,12,0,52,0,2018,9,8,2,3,5,3,0,1,1,0,0,0,0,0,8.68071E+20,5.74841E+21,1.43355E+16,5.17653E+16
164696,12,0,66,296,2018,9,16,3,3,0,1,0,1,0,0,0,0,0,0,8.35543E+20,5.71562E+21,1.38345E+16,5.1492E+16
164697,12,0,73,8,2018,9,9,2,3,5,2,0,0,1,0,1,0,0,0,8.35305E+20,5.88626E+21,1.40005E+16,5.30206E+16
164698,12,0,66,304,2018,9,7,3,3,5,3,0,1,1,0,0,0,0,0,8.471E+20,5.71975E+21,1.40044E+16,5.1522E+16
164699,12,0,73,532,2018,9,9,2,3,2,6,0,0,1,0,0,0,0,0,8.53626E+20,5.89264E+21,1.42794E+16,5.30659E+16
164700,12,0,62,128,2018,9,21,3,2,7,7,2,0,0,0,1,0,0,0,7.93022E+20,5.72113E+21,1.32283E+16,5.1565E+16
164701,12,0,52,0,2018,9,15,3,3,5,3,0,1,1,0,0,0,0,0,8.67834E+20,5.7484E+21,1.4332E+16,5.17653E+16
164702,12,0,60,181,2018,9,16,2,3,3,7,0,1,1,0,0,0,0,0,8.064E+20,5.84068E+21,1.35282E+16,5.26294E+16
164703,12,0,64,136,2018,9,10,3,3,5,3,0,0,1,0,0,0,1,0,8.23418E+20,5.82816E+21,1.37666E+16,5.25074E+16
164704,12,0,64,136,2018,9,13,3,3,0,7,0,1,0,0,0,0,0,0,8.22765E+20,5.83163E+21,1.37604E+16,5.25389E+16
164705,12,0,68,117,2018,9,15,2,3,0,7,0,1,0,0,0,0,0,0,7.53711E+20,5.85789E+21,1.27648E+16,5.2811E+16
164706,12,0,64,336,2018,9,16,3,3,2,6,0,0,1,0,0,0,0,0,8.19879E+20,5.83052E+21,1.37169E+16,5.25306E+16
164707,12,0,72,240,2018,9,13,1,3,5,3,0,0,1,0,0,0,0,0,7.90593E+20,5.80472E+21,1.3264E+16,5.23157E+16
164708,12,0,67,144,2018,9,11,3,2,6,4,0,1,0,1,0,1,0,0,8.44925E+20,5.81351E+21,1.40671E+16,5.2363E+16
164709,12,0,63,80,2018,9,23,1,3,5,3,2,0,1,0,0,0,0,0,7.77082E+20,5.83041E+21,1.30876E+16,5.2553E+16
164710,12,0,65,136,2018,9,14,3,3,5,3,0,1,1,0,0,0,0,0,7.84473E+20,5.8398E+21,1.32044E+16,5.26335E+16
164711,12,0,69,616,2018,9,18,1,2,0,7,0,1,0,0,0,0,0,0,7.9061E+20,5.81409E+21,1.32723E+16,5.23998E+16
164712,12,0,65,256,2018,9,17,3,3,5,3,0,1,1,0,0,0,0,0,7.85804E+20,5.85299E+21,1.32354E+16,5.27511E+16
164713,12,0,54,0,2018,9,12,1,3,5,3,0,1,1,0,0,0,0,0,7.80134E+20,5.81103E+21,1.31162E+16,5.23777E+16
164714,12,0,69,616,2018,9,14,2,3,5,3,0,1,0,0,0,0,1,0,7.90341E+20,5.81344E+21,1.32678E+16,5.2394E+16
164715,12,0,54,0,2018,9,21,2,3,6,4,2,0,1,1,0,0,0,0,7.7848E+20,5.81067E+21,1.30917E+16,5.23753E+16
164716,12,0,54,0,2018,9,0,1,3,8,1,2,0,1,0,0,0,0,0,7.75415E+20,5.8144E+21,1.30498E+16,5.24104E+16
164717,12,0,54,0,2018,9,8,2,3,5,3,0,1,1,0,0,0,0,0,7.76014E+20,5.81401E+21,1.30583E+16,5.24066E+16
164718,12,0,61,260,2018,9,8,2,2,0,2,0,1,1,0,0,0,0,0,8.15874E+20,5.80235E+21,1.36315E+16,5.22806E+16
164719,12,0,69,397,2018,9,10,1,2,4,2,0,0,1,0,0,0,0,0,7.78448E+20,5.80347E+21,1.30852E+16,5.23108E+16
164720,12,0,60,172,2018,9,5,2,3,8,1,2,0,0,0,1,0,0,0,8.30837E+20,5.86543E+21,1.39129E+16,5.28368E+16
164721,12,0,66,304,2018,9,15,1,3,4,6,0,1,0,0,0,0,0,0,8.51724E+20,5.71622E+21,1.40672E+16,5.14875E+16
164722,12,0,60,52,2018,9,13,2,2,2,2,0,0,1,0,0,1,0,0,8.22649E+20,5.86504E+21,1.37914E+16,5.28382E+16
164723,12,0,61,444,2018,9,13,1,2,5,3,0,1,1,0,0,0,0,0,8.13215E+20,5.81246E+21,1.3602E+16,5.23727E+16
164724,12,0,64,448,2018,9,15,2,3,5,3,0,1,1,0,0,0,0,0,8.64762E+20,5.83398E+21,1.43795E+16,5.25334E+16
164725,12,0,52,0,2018,9,16,1,2,0,1,0,1,0,0,0,0,0,0,8.68864E+20,5.74551E+21,1.43438E+16,5.17388E+16
164726,12,0,64,227,2018,9,13,2,3,5,3,0,1,1,0,0,0,0,0,8.15562E+20,5.82734E+21,1.36504E+16,5.25047E+16
164727,12,0,52,0,2018,9,16,1,3,0,7,0,1,0,0,0,0,0,0,8.68801E+20,5.74966E+21,1.43473E+16,5.1776E+16
164728,12,0,64,428,2018,9,15,2,3,5,2,0,1,1,0,0,0,0,0,8.24766E+20,5.82424E+21,1.37825E+16,5.24715E+16
164729,12,0,64,472,2018,9,18,2,3,2,7,0,0,1,0,0,0,0,0,8.31703E+20,5.83413E+21,1.38941E+16,5.25559E+16
164730,12,0,52,0,2018,9,17,1,3,5,3,0,0,1,0,0,0,0,0,8.66347E+20,5.74733E+21,1.43095E+16,5.17567E+16
164731,12,0,72,240,2018,9,15,1,2,0,7,0,1,0,0,0,0,0,0,7.89482E+20,5.80292E+21,1.32462E+16,5.23001E+16
164732,12,0,52,0,2018,9,14,5,3,2,6,0,0,1,0,0,0,0,0,8.6989E+20,5.74248E+21,1.43554E+16,5.1711E+16
164733,12,0,73,572,2018,9,10,1,3,2,6,0,0,1,0,0,0,0,0,8.01171E+20,5.895E+21,1.35014E+16,5.31192E+16
164734,12,0,63,80,2018,9,2,1,3,6,4,2,0,0,1,1,0,0,0,7.771E+20,5.83116E+21,1.30885E+16,5.25598E+16
164735,12,0,65,256,2018,9,14,1,3,1,1,0,0,1,0,0,0,0,0,7.83956E+20,5.85308E+21,1.32082E+16,5.27528E+16
164736,12,0,72,477,2018,9,9,7,3,1,5,0,0,1,0,1,0,0,0,8.05839E+20,5.78776E+21,1.34716E+16,5.21555E+16
164737,12,0,54,0,2018,9,15,1,3,1,5,0,1,1,0,0,0,0,0,7.76014E+20,5.81329E+21,1.30577E+16,5.24001E+16
164738,12,0,66,304,2018,9,10,7,2,6,4,0,0,1,1,0,0,0,0,8.45687E+20,5.7183E+21,1.39827E+16,5.15098E+16
164739,12,0,61,444,2018,9,10,1,3,1,5,0,0,1,0,0,0,0,0,8.12863E+20,5.81316E+21,1.35975E+16,5.23792E+16
164740,12,0,60,296,2018,9,20,7,2,8,1,2,0,1,0,0,0,0,0,8.31017E+20,5.87925E+21,1.39296E+16,5.29604E+16
164741,12,0,71,372,2018,9,12,1,3,2,2,0,1,1,0,0,0,0,0,8.69871E+20,5.72127E+21,1.43328E+16,5.15212E+16
164742,12,0,54,0,2018,10,14,5,3,5,3,0,1,1,0,0,0,0,0,7.76569E+20,5.81386E+21,1.30663E+16,5.2405E+16
164743,12,0,54,0,2018,10,7,5,3,5,3,1,1,1,0,0,0,0,0,7.7601E+20,5.81324E+21,1.30576E+16,5.23997E+16
164744,12,0,54,0,2018,10,14,5,3,9,1,0,0,1,0,0,0,1,0,7.75451E+20,5.81621E+21,1.30518E+16,5.24266E+16
164745,12,0,64,428,2018,10,10,7,3,5,2,0,0,1,0,1,0,0,0,8.27859E+20,5.82638E+21,1.383E+16,5.24888E+16
164746,12,0,51,0,2018,10,10,5,3,5,3,0,1,1,0,0,0,0,0,7.39206E+20,5.81428E+21,1.25185E+16,5.24263E+16
164747,12,0,51,0,2018,10,11,5,3,2,6,0,0,1,0,0,0,0,0,7.41439E+20,5.81141E+21,1.25492E+16,5.23996E+16
164748,12,0,66,176,2018,10,14,5,3,6,4,0,0,0,1,0,0,1,0,8.28755E+20,5.7135E+21,1.3735E+16,5.14769E+16
164749,12,0,71,160,2018,10,13,5,1,2,6,0,0,0,0,1,1,0,0,8.90992E+20,5.77169E+21,1.46923E+16,5.1958E+16
164750,12,0,60,269,2018,10,17,6,3,5,3,0,0,1,0,0,0,0,0,8.00737E+20,5.85343E+21,1.34564E+16,5.27468E+16
164751,12,0,52,0,2018,10,7,5,3,4,6,0,1,1,0,0,0,0,1,8.67545E+20,5.74939E+21,1.43289E+16,5.17744E+16
164752,12,0,53,0,2018,10,15,2,3,2,2,0,0,1,0,0,0,0,0,8.73077E+20,5.81402E+21,1.44793E+16,5.23492E+16
164753,12,0,66,296,2018,10,16,6,3,5,2,0,1,1,0,0,0,0,0,8.36765E+20,5.7143E+21,1.38508E+16,5.14794E+16
164754,12,0,73,532,2018,10,8,5,3,5,3,0,1,0,0,0,0,1,0,8.52844E+20,5.89242E+21,1.42676E+16,5.30645E+16
164755,12,0,72,232,2018,10,17,3,3,4,6,2,1,1,0,0,0,0,1,7.85919E+20,5.77934E+21,1.31742E+16,5.20906E+16
164756,12,0,73,452,2018,10,13,5,3,8,7,0,0,1,0,0,0,0,0,8.26248E+20,5.9217E+21,1.39021E+16,5.33436E+16
164757,12,0,69,656,2018,10,14,3,3,1,7,0,0,1,0,0,0,0,0,7.67866E+20,5.80875E+21,1.29346E+16,5.23635E+16
164758,12,0,64,472,2018,10,15,5,3,5,3,0,1,1,0,0,0,0,0,8.32547E+20,5.83796E+21,1.39104E+16,5.25897E+16
164759,12,0,54,0,2018,10,17,3,3,5,3,2,0,1,0,0,0,0,1,7.80468E+20,5.81166E+21,1.31216E+16,5.23832E+16
164760,12,0,54,0,2018,10,9,3,3,1,6,0,1,0,0,0,1,0,0,7.75445E+20,5.8131E+21,1.30492E+16,5.23987E+16
164761,12,0,53,0,2018,10,13,5,3,0,7,0,1,0,0,0,0,0,0,8.7714E+20,5.81428E+21,1.45389E+16,5.23487E+16
164762,12,0,51,0,2018,10,5,3,2,0,1,2,0,0,0,1,0,0,1,7.41314E+20,5.81247E+21,1.25481E+16,5.24091E+16
164763,12,0,69,616,2018,10,15,5,2,5,3,0,0,1,0,1,0,0,0,7.88681E+20,5.81404E+21,1.3244E+16,5.24003E+16
164764,12,0,63,80,2018,10,7,4,3,5,3,0,1,1,0,0,0,0,0,7.75315E+20,5.83302E+21,1.30637E+16,5.25774E+16
164765,12,0,51,0,2018,10,14,3,3,5,3,0,1,1,0,0,0,0,0,7.41751E+20,5.81205E+21,1.25542E+16,5.24052E+16
164766,12,0,69,304,2018,10,11,4,3,5,3,0,1,1,0,0,0,0,0,7.8695E+20,5.81442E+21,1.3219E+16,5.24047E+16
164767,12,0,69,397,2018,10,15,4,3,1,6,0,0,1,0,0,0,0,0,7.74877E+20,5.8045E+21,1.30338E+16,5.23219E+16
164768,12,0,62,224,2018,10,6,3,3,7,7,1,0,0,0,1,0,0,0,7.91464E+20,5.72933E+21,1.32127E+16,5.16393E+16
164769,12,0,66,196,2018,10,7,4,2,6,4,0,0,1,1,0,0,0,0,8.40056E+20,5.75705E+21,1.39395E+16,5.18604E+16
164770,12,0,62,128,2018,10,10,3,3,6,6,0,0,1,1,0,0,0,0,7.93328E+20,5.72324E+21,1.32345E+16,5.15838E+16
164771,12,0,61,260,2018,10,15,4,3,5,2,0,1,1,0,0,0,0,0,8.15528E+20,5.8048E+21,1.36287E+16,5.23027E+16
164772,12,0,62,128,2018,10,22,3,3,6,7,2,0,1,1,0,0,0,0,7.95091E+20,5.72359E+21,1.32602E+16,5.1586E+16
164773,12,0,52,0,2018,10,16,3,3,5,7,0,1,1,0,0,0,0,0,8.67715E+20,5.74645E+21,1.43283E+16,5.1748E+16
164774,12,0,52,0,2018,10,8,4,3,5,3,0,0,1,0,0,0,1,0,8.68742E+20,5.74965E+21,1.43465E+16,5.1776E+16
164775,12,0,73,532,2018,10,8,3,3,2,2,0,0,1,0,0,0,1,1,8.54793E+20,5.89247E+21,1.42966E+16,5.30636E+16
164776,12,0,73,532,2018,10,12,4,2,4,6,0,0,1,0,0,0,1,0,8.54677E+20,5.89199E+21,1.42943E+16,5.30594E+16
164777,12,0,60,5,2018,10,18,3,3,0,1,1,0,0,0,1,0,0,1,8.16051E+20,5.83454E+21,1.36645E+16,5.25689E+16
164778,12,0,60,52,2018,10,10,4,3,5,2,0,1,1,0,0,0,0,0,8.24179E+20,5.86482E+21,1.38138E+16,5.28354E+16
164779,12,0,64,274,2018,10,16,3,2,9,1,0,0,0,0,1,0,0,0,8.60682E+20,5.85334E+21,1.43407E+16,5.27095E+16
164780,12,0,64,227,2018,10,6,4,3,4,6,2,1,1,0,0,0,0,0,8.17263E+20,5.82634E+21,1.36745E+16,5.24947E+16
164781,12,0,64,29,2018,10,12,3,3,3,2,0,0,1,0,0,1,0,0,8.1811E+20,5.83364E+21,1.36939E+16,5.25597E+16
164782,12,0,54,0,2018,10,16,7,3,0,1,0,1,0,0,0,0,0,0,7.78203E+20,5.81245E+21,1.30891E+16,5.23914E+16
164783,12,0,65,256,2018,10,14,3,3,7,7,0,1,0,0,0,0,0,0,7.89703E+20,5.85963E+21,1.32989E+16,5.28085E+16
164784,12,0,53,0,2018,10,16,4,3,5,3,0,1,1,0,0,0,0,0,8.73028E+20,5.80791E+21,1.44718E+16,5.22945E+16
164785,12,0,68,320,2018,10,11,3,3,5,6,0,1,1,0,0,0,0,0,7.55591E+20,5.86907E+21,1.28014E+16,5.29104E+16
164786,12,0,67,544,2018,10,15,4,3,5,2,0,0,1,0,1,0,0,0,8.22985E+20,5.82163E+21,1.37539E+16,5.24492E+16
164787,12,0,69,20,2018,10,10,2,3,2,2,0,0,1,0,0,0,0,1,7.46756E+20,5.78317E+21,1.26065E+16,5.21438E+16
164788,12,0,61,316,2018,10,9,2,3,6,3,0,0,1,1,0,0,0,0,8.35163E+20,5.76696E+21,1.38784E+16,5.19521E+16
164789,12,0,67,144,2018,10,10,4,2,5,3,0,0,1,0,1,0,0,0,8.45068E+20,5.8119E+21,1.40676E+16,5.23486E+16
164790,12,0,60,52,2018,10,19,2,2,8,1,2,0,1,0,0,0,0,1,8.23861E+20,5.86537E+21,1.38096E+16,5.28405E+16
164791,12,0,64,336,2018,10,8,2,3,6,7,0,0,0,1,0,1,0,0,8.19839E+20,5.83055E+21,1.37163E+16,5.25309E+16
164792,12,0,65,180,2018,10,14,4,3,0,3,0,0,1,0,0,0,0,0,7.82928E+20,5.85086E+21,1.31911E+16,5.27335E+16
164793,12,0,70,424,2018,10,18,2,2,4,6,2,1,0,0,0,0,0,0,6.85044E+20,5.87545E+21,1.17574E+16,5.29966E+16
164794,12,0,54,0,2018,10,15,6,3,2,6,0,0,1,0,1,0,0,0,7.78023E+20,5.81198E+21,1.30861E+16,5.23874E+16