OBJECTID_1,ULAND,UREGBEZ,UKREIS,UGEMEINDE,UJAHR,UMONAT,USTUNDE,UWOCHENTAG,UKATEGORIE,UART,UTYP1,ULICHTVERH,IstRad,IstPKW,IstFuss,IstKrad,IstGkfz,IstSonstig,STRZUSTAND,LINREFX,LINREFY,XGCSWGS84,YGCSWGS84
164795,12,0,72,232,2018,10,9,3,3,5,3,0,0,1,0,0,0,0,0,7.85036E+20,5.77917E+21,1.31612E+16,5.20895E+16
164796,12,0,70,296,2018,10,9,2,3,2,6,0,0,1,0,0,0,0,0,6.90596E+20,5.88372E+21,1.18449E+16,5.30689E+16
164797,12,0,72,232,2018,10,14,3,3,2,6,0,0,1,0,0,0,0,0,7.86273E+20,5.78022E+21,1.31801E+16,5.20984E+16
164798,12,0,63,252,2018,10,15,1,2,3,6,0,1,1,0,0,0,0,0,7.2716E+20,5.8331E+21,1.23545E+16,5.26004E+16
164799,12,0,63,80,2018,10,16,3,3,5,3,0,1,1,0,0,0,0,0,7.77405E+20,5.83239E+21,1.3094E+16,5.25707E+16
164800,12,0,52,0,2018,10,16,1,3,5,2,0,0,1,0,0,0,1,0,8.66669E+20,5.74756E+21,1.43144E+16,5.17586E+16
164801,12,0,54,0,2018,10,19,3,3,1,6,2,0,1,0,0,0,0,0,7.81826E+20,5.81056E+21,1.31406E+16,5.23726E+16
164802,12,0,60,20,2018,10,13,1,2,4,2,0,0,1,0,0,0,0,0,8.0813E+20,5.84763E+21,1.35602E+16,5.26908E+16
164803,12,0,69,656,2018,10,22,7,3,6,4,2,0,1,1,0,0,0,0,7.67726E+20,5.81018E+21,1.29337E+16,5.23763E+16
164804,12,0,51,0,2018,10,18,3,3,3,2,1,0,1,0,0,0,0,0,7.40242E+20,5.81485E+21,1.25341E+16,5.2431E+16
164805,12,0,54,0,2018,10,11,7,2,1,5,0,1,1,0,0,0,0,0,7.76078E+20,5.81327E+21,1.30586E+16,5.23999E+16
164806,12,0,52,0,2018,10,17,7,3,8,1,0,0,1,0,0,0,0,0,8.66384E+20,5.74737E+21,1.431E+16,5.1757E+16
164807,12,0,51,0,2018,10,13,3,3,5,2,0,1,1,0,0,0,0,0,7.41483E+20,5.81279E+21,1.25508E+16,5.24119E+16
164808,12,0,68,353,2018,10,13,2,3,8,7,0,0,1,0,0,0,0,0,7.53946E+20,5.89354E+21,1.27963E+16,5.31307E+16
164809,12,0,73,572,2018,10,15,7,3,3,6,0,1,0,0,0,0,0,0,8.02491E+20,5.89386E+21,1.352E+16,5.31082E+16
164810,12,0,62,24,2018,10,19,6,2,0,7,2,1,0,0,0,0,0,0,8.04683E+20,5.71644E+21,1.3392E+16,5.15167E+16
164811,12,0,52,0,2018,10,6,3,2,5,3,2,0,1,0,0,0,1,0,8.67624E+20,5.74745E+21,1.4328E+16,5.1757E+16
164812,12,0,64,448,2018,10,1,7,3,0,7,2,1,0,0,0,0,0,0,8.65246E+20,5.83384E+21,1.43865E+16,5.25319E+16
164813,12,0,52,0,2018,10,10,3,3,5,3,0,1,1,0,0,0,0,0,8.67405E+20,5.74813E+21,1.43256E+16,5.17632E+16
164814,12,0,63,357,2018,10,15,6,3,5,3,0,0,1,0,0,1,0,0,7.69314E+20,5.8301E+21,1.2973E+16,5.25542E+16
164815,12,0,63,208,2018,10,8,6,3,5,3,0,1,1,0,0,0,0,0,7.61227E+20,5.83584E+21,1.28586E+16,5.26096E+16
164816,12,0,63,56,2018,10,15,6,3,5,3,0,0,1,0,0,0,0,0,7.74313E+20,5.82817E+21,1.3045E+16,5.25344E+16
164817,12,0,67,440,2018,10,14,3,3,6,6,0,0,1,1,0,0,0,0,8.19036E+20,5.82413E+21,1.36984E+16,5.24739E+16
164818,12,0,54,0,2018,10,9,6,3,5,3,0,1,1,0,0,0,0,0,7.78961E+20,5.80993E+21,1.30981E+16,5.23685E+16
164819,12,0,72,17,2018,10,14,2,2,0,3,0,1,0,0,0,0,1,0,8.00372E+20,5.80765E+21,1.34096E+16,5.23367E+16
164820,12,0,61,433,2018,10,3,6,1,9,1,2,0,1,0,0,0,0,0,8.02305E+20,5.81214E+21,1.3442E+16,5.2376E+16
164821,12,0,65,256,2018,10,12,6,3,5,3,0,1,0,0,0,1,0,1,7.86409E+20,5.8548E+21,1.32459E+16,5.27669E+16
164822,12,0,63,80,2018,10,16,2,3,5,3,0,0,1,0,0,0,0,0,7.78162E+20,5.83283E+21,1.31055E+16,5.25743E+16
164823,12,0,72,240,2018,10,6,5,3,5,3,2,1,1,0,0,0,0,1,7.89161E+20,5.80396E+21,1.32424E+16,5.23096E+16
164824,12,0,65,144,2018,10,15,6,3,0,1,0,0,0,0,1,0,0,0,7.89766E+20,5.84428E+21,1.32863E+16,5.26708E+16
164825,12,0,69,616,2018,10,7,2,3,1,7,2,1,1,0,0,0,0,0,7.89339E+20,5.81376E+21,1.32534E+16,5.23974E+16
164826,12,0,63,252,2018,10,4,5,3,0,1,2,1,0,0,0,0,0,1,7.26406E+20,5.8336E+21,1.23437E+16,5.26051E+16
164827,12,0,54,0,2018,10,15,2,3,4,7,0,1,0,0,0,0,0,0,7.78033E+20,5.81275E+21,1.30868E+16,5.23943E+16
164828,12,0,54,0,2018,10,14,5,2,6,4,0,0,1,1,0,0,0,1,7.76824E+20,5.81364E+21,1.30699E+16,5.24028E+16
164829,12,0,61,316,2018,10,15,2,2,5,3,0,1,1,0,0,0,0,0,8.34829E+20,5.76658E+21,1.38732E+16,5.19489E+16
164830,12,0,51,0,2018,10,7,5,3,8,1,0,0,1,0,0,0,0,1,7.41764E+20,5.81317E+21,1.25552E+16,5.24153E+16
164831,12,0,61,260,2018,10,14,2,3,2,6,0,0,1,0,1,0,0,0,8.14535E+20,5.80244E+21,1.3612E+16,5.22821E+16
164832,12,0,62,24,2018,10,23,5,2,8,1,2,0,1,0,0,0,0,0,8.04018E+20,5.71635E+21,1.33824E+16,5.15162E+16
164833,12,0,52,0,2018,10,12,2,3,5,3,0,1,0,0,0,0,1,0,8.70686E+20,5.74841E+21,1.43732E+16,5.17636E+16
164834,12,0,52,0,2018,10,8,5,3,4,6,0,0,1,0,1,0,0,1,8.67487E+20,5.74661E+21,1.43251E+16,5.17495E+16
164835,12,0,52,0,2018,10,9,2,3,5,3,0,0,1,0,0,0,0,0,8.68618E+20,5.74824E+21,1.43432E+16,5.17634E+16
164836,12,0,67,544,2018,10,16,2,2,6,4,0,0,0,1,0,0,1,0,8.23324E+20,5.82172E+21,1.37589E+16,5.24497E+16
164837,12,0,52,0,2018,10,11,5,3,0,6,0,0,0,0,1,0,0,1,8.6749E+20,5.74524E+21,1.43237E+16,5.17373E+16
164838,12,0,65,136,2018,10,14,2,3,5,3,0,1,1,0,0,0,0,0,7.8393E+20,5.8406E+21,1.3197E+16,5.26409E+16
164839,12,0,60,20,2018,10,7,5,3,5,3,2,1,0,0,1,0,0,1,8.10433E+20,5.84626E+21,1.35928E+16,5.26772E+16
164840,12,0,54,0,2018,10,19,1,2,8,1,2,0,1,0,0,0,0,0,7.76542E+20,5.81851E+21,1.30697E+16,5.24466E+16
164841,12,0,67,144,2018,10,12,5,2,5,2,0,1,1,0,0,0,0,1,8.4505E+20,5.81386E+21,1.40693E+16,5.23661E+16
164842,12,0,54,0,2018,10,11,7,3,5,3,0,1,1,0,0,0,0,0,7.69614E+20,5.81409E+21,1.29645E+16,5.24105E+16
164843,12,0,67,144,2018,10,17,5,3,1,7,0,0,1,0,0,0,0,1,8.44555E+20,5.81311E+21,1.40613E+16,5.23597E+16
164844,12,0,52,0,2018,10,17,7,2,5,2,0,1,0,0,0,0,1,0,8.67657E+20,5.74724E+21,1.43283E+16,5.1755E+16
164845,12,0,65,256,2018,10,15,5,3,0,7,0,0,1,0,0,0,0,0,7.86702E+20,5.85216E+21,1.3248E+16,5.27431E+16
164846,12,0,52,0,2018,10,12,7,3,5,3,0,1,1,0,0,0,0,0,8.69069E+20,5.75024E+21,1.43518E+16,5.1781E+16
164847,12,0,72,17,2018,10,20,4,2,8,7,2,0,0,0,1,0,0,1,7.99127E+20,5.81158E+21,1.33949E+16,5.23727E+16
164848,12,0,54,0,2018,10,11,4,2,5,2,0,1,1,0,0,0,0,0,7.78087E+20,5.81282E+21,1.30877E+16,5.23948E+16
164849,12,0,64,44,2018,10,13,7,2,5,3,0,1,1,0,0,0,0,0,8.39165E+20,5.86054E+21,1.4031E+16,5.27879E+16
164850,12,0,51,0,2018,10,18,4,3,5,3,2,1,1,0,0,0,0,0,7.40243E+20,5.81486E+21,1.25341E+16,5.2431E+16
164851,12,0,65,256,2018,10,11,7,2,5,3,0,0,1,0,1,0,0,0,7.86011E+20,5.85608E+21,1.32412E+16,5.27787E+16
164852,12,0,61,260,2018,10,16,4,3,5,3,0,1,1,0,0,0,0,0,8.14628E+20,5.80428E+21,1.36151E+16,5.22986E+16
164853,12,0,72,340,2018,10,11,6,3,0,3,0,1,0,0,0,0,1,0,8.02343E+20,5.80315E+21,1.34344E+16,5.22953E+16
164854,12,0,52,0,2018,10,6,4,3,6,3,2,0,1,1,0,0,0,1,8.67277E+20,5.74305E+21,1.43184E+16,5.17178E+16
164855,12,0,60,52,2018,10,17,7,3,0,1,0,0,0,0,1,0,0,0,8.23618E+20,5.86459E+21,1.38053E+16,5.28336E+16
164856,12,0,69,304,2018,10,15,6,3,0,1,0,1,0,0,0,0,0,0,7.86419E+20,5.81422E+21,1.3211E+16,5.24031E+16
164857,12,0,52,0,2018,10,6,4,3,2,6,2,0,1,0,0,0,0,1,8.65837E+20,5.74608E+21,1.43008E+16,5.17459E+16
164858,12,0,54,0,2018,10,14,6,3,6,4,0,0,1,1,0,0,0,0,7.74035E+20,5.81361E+21,1.30289E+16,5.2404E+16
164859,12,0,51,0,2018,10,9,3,2,0,1,0,0,0,0,1,0,0,1,7.41399E+20,5.81258E+21,1.25494E+16,5.24101E+16
164860,12,0,60,20,2018,10,18,3,3,5,3,2,1,1,0,0,0,0,1,8.09999E+20,5.8465E+21,1.35867E+16,5.26795E+16
164861,12,0,66,304,2018,10,11,6,3,5,3,0,1,1,0,0,0,0,0,8.46126E+20,5.71892E+21,1.39896E+16,5.15151E+16
164862,12,0,64,44,2018,10,15,3,3,2,7,0,0,1,0,0,0,1,1,8.39268E+20,5.85987E+21,1.40318E+16,5.27818E+16
164863,12,0,67,144,2018,10,17,3,3,5,3,1,0,1,0,0,0,1,1,8.46312E+20,5.8113E+21,1.40851E+16,5.23424E+16
164864,12,0,61,260,2018,10,10,6,3,2,6,0,0,1,0,0,0,0,0,8.15576E+20,5.80341E+21,1.36281E+16,5.22902E+16
164865,12,0,65,256,2018,10,16,3,3,2,6,0,0,1,0,0,0,0,1,7.84844E+20,5.85208E+21,1.32205E+16,5.27433E+16
164866,12,0,52,0,2018,10,7,6,3,2,6,0,0,1,0,0,0,1,0,8.67731E+20,5.74642E+21,1.43285E+16,5.17477E+16
164867,12,0,60,181,2018,10,16,6,3,5,3,0,0,1,0,1,0,0,0,8.08285E+20,5.84243E+21,1.35576E+16,5.26441E+16
164868,12,0,68,320,2018,10,10,3,3,5,3,0,1,1,0,0,0,0,0,7.55887E+20,5.87086E+21,1.28072E+16,5.29263E+16
164869,12,0,67,544,2018,10,13,6,3,5,2,0,0,1,0,1,0,0,0,8.22934E+20,5.82176E+21,1.37533E+16,5.24503E+16
164870,12,0,64,227,2018,10,8,2,2,0,7,0,0,1,0,0,0,0,0,8.15322E+20,5.83056E+21,1.365E+16,5.25337E+16
164871,12,0,72,17,2018,10,8,2,3,5,2,0,0,1,0,0,0,0,0,8.0107E+20,5.80922E+21,1.34213E+16,5.23504E+16
164872,12,0,54,0,2018,10,17,6,2,6,4,0,0,1,1,0,0,0,0,7.75732E+20,5.81356E+21,1.30538E+16,5.24026E+16
164873,12,0,65,144,2018,10,11,6,3,1,5,0,1,1,0,0,0,0,0,7.88757E+20,5.84821E+21,1.32749E+16,5.27066E+16
164874,12,0,63,56,2018,10,15,2,3,5,3,0,0,1,0,1,0,0,0,7.7649E+20,5.82848E+21,1.30773E+16,5.25361E+16
164875,12,0,65,198,2018,10,11,6,3,6,4,0,0,1,1,0,0,0,0,7.89468E+20,5.87046E+21,1.3305E+16,5.29057E+16
164876,12,0,54,0,2018,10,11,2,3,5,3,0,1,0,0,0,0,1,0,7.75598E+20,5.81314E+21,1.30515E+16,5.2399E+16
164877,12,0,54,0,2018,10,8,2,3,0,1,0,1,0,0,0,0,0,0,7.76012E+20,5.81392E+21,1.30582E+16,5.24058E+16
164878,12,0,68,264,2018,10,10,6,3,0,7,0,1,0,0,0,0,0,0,7.27272E+20,5.87192E+21,1.23831E+16,5.29487E+16
164879,12,0,54,0,2018,10,14,2,2,6,4,0,1,0,1,0,0,0,1,7.75621E+20,5.81315E+21,1.30518E+16,5.2399E+16
164880,12,0,66,304,2018,10,15,2,2,5,3,0,1,1,0,0,0,0,1,8.46054E+20,5.71972E+21,1.39893E+16,5.15223E+16
164881,12,0,54,0,2018,10,16,5,3,5,3,0,1,1,0,0,0,0,0,7.80097E+20,5.80923E+21,1.31142E+16,5.23616E+16
164882,12,0,61,540,2018,10,12,2,3,8,1,0,0,1,0,0,0,0,1,8.15642E+20,5.80594E+21,1.36314E+16,5.23128E+16
164883,12,0,63,80,2018,10,18,5,2,4,6,2,1,1,0,0,0,0,0,7.76922E+20,5.83277E+21,1.30872E+16,5.25743E+16
164884,12,0,51,0,2018,10,12,5,3,8,7,0,1,0,0,0,0,0,0,7.31632E+20,5.80978E+21,1.24042E+16,5.23891E+16
164885,12,0,52,0,2018,10,19,2,3,6,7,0,0,1,1,0,0,0,1,8.67524E+20,5.74661E+21,1.43257E+16,5.17495E+16
164886,12,0,61,112,2018,10,9,5,3,5,3,0,0,1,0,0,0,0,0,8.14902E+20,5.81256E+21,1.36268E+16,5.23726E+16
164887,12,0,73,452,2018,10,15,2,2,0,1,0,1,0,0,0,0,0,0,8.2384E+20,5.91736E+21,1.38616E+16,5.33062E+16
164888,12,0,61,260,2018,10,17,5,3,0,7,0,0,1,1,0,0,0,0,8.17363E+20,5.80911E+21,1.36596E+16,5.23403E+16
164889,12,0,65,332,2018,10,5,2,3,5,3,2,0,1,0,0,0,0,0,7.81932E+20,5.84571E+21,1.3172E+16,5.26878E+16
164890,12,0,71,44,2018,10,7,5,3,0,6,0,0,1,0,0,0,0,0,8.87593E+20,5.73341E+21,1.46004E+16,5.16179E+16
164891,12,0,54,0,2018,10,15,1,3,1,5,0,1,1,0,0,0,0,0,7.78666E+20,5.81677E+21,1.30995E+16,5.243E+16
164892,12,0,73,572,2018,10,11,1,3,3,6,0,1,0,0,0,0,0,0,8.01262E+20,5.89534E+21,1.35031E+16,5.31222E+16
164893,12,0,52,0,2018,10,19,5,3,5,7,2,1,1,0,0,0,0,0,8.67639E+20,5.74477E+21,1.43254E+16,5.17329E+16
164894,12,0,67,120,2018,10,0,1,3,8,1,2,1,0,0,0,0,0,0,8.86503E+20,5.79175E+21,1.465E+16,5.21407E+16
164895,12,0,52,0,2018,10,15,5,3,4,2,0,1,1,0,0,0,0,0,8.67982E+20,5.74941E+21,1.43352E+16,5.17743E+16
164896,12,0,52,0,2018,10,13,5,3,2,7,0,0,1,0,0,1,0,0,8.68461E+20,5.74919E+21,1.43419E+16,5.1772E+16
164897,12,0,65,256,2018,10,12,1,3,5,3,0,1,1,0,0,0,0,0,7.86522E+20,5.85103E+21,1.32443E+16,5.27331E+16
164898,12,0,73,532,2018,10,7,5,3,8,1,0,0,0,0,1,0,0,0,8.54783E+20,5.89215E+21,1.42961E+16,5.30607E+16
164899,12,0,69,616,2018,10,13,7,3,1,6,0,0,1,0,0,0,0,0,7.89034E+20,5.81428E+21,1.32494E+16,5.24023E+16
164900,12,0,60,20,2018,10,13,5,1,1,7,0,0,1,0,0,0,0,0,8.10117E+20,5.84723E+21,1.35891E+16,5.26861E+16
164901,12,0,54,0,2018,10,13,7,3,2,6,0,0,1,0,0,0,0,0,7.78826E+20,5.80914E+21,1.30955E+16,5.23615E+16
164902,12,0,67,124,2018,10,12,1,2,0,7,0,1,0,0,0,0,0,0,8.22583E+20,5.81782E+21,1.37443E+16,5.24152E+16
164903,12,0,54,0,2018,10,15,4,3,1,7,0,1,1,0,0,0,0,0,7.80218E+20,5.81257E+21,1.31187E+16,5.23915E+16
164904,12,0,67,544,2018,10,16,7,3,5,3,0,1,1,0,0,0,0,0,8.22722E+20,5.82255E+21,1.37509E+16,5.24576E+16
164905,12,0,72,240,2018,10,15,3,3,5,3,0,1,1,0,0,0,0,1,7.90288E+20,5.80374E+21,1.32587E+16,5.23071E+16
164906,12,0,65,256,2018,10,9,7,2,5,3,0,1,1,0,0,0,0,0,7.86166E+20,5.85187E+21,1.32398E+16,5.27408E+16
164907,12,0,63,252,2018,10,17,3,2,5,2,0,1,1,0,0,0,0,1,7.26102E+20,5.83314E+21,1.23389E+16,5.26011E+16
164908,12,0,68,320,2018,10,10,7,2,5,3,0,1,1,0,0,0,0,0,7.55691E+20,5.8701E+21,1.28037E+16,5.29196E+16
164909,12,0,72,240,2018,10,14,6,2,2,6,0,0,1,0,1,0,0,0,7.89448E+20,5.80362E+21,1.32463E+16,5.23065E+16
164910,12,0,63,56,2018,10,15,3,3,2,6,0,0,1,0,0,0,0,1,7.76511E+20,5.82796E+21,1.30771E+16,5.25314E+16
164911,12,0,69,604,2018,10,16,6,2,8,1,0,0,0,0,1,0,0,1,7.83676E+20,5.81077E+21,1.31679E+16,5.23736E+16
164912,12,0,63,80,2018,10,20,3,3,5,3,2,0,1,0,0,0,0,1,7.76823E+20,5.83193E+21,1.3085E+16,5.25668E+16
164913,12,0,54,0,2018,10,19,6,2,0,5,2,1,1,0,0,0,0,0,7.78288E+20,5.81255E+21,1.30904E+16,5.23923E+16
164914,12,0,63,56,2018,10,7,6,3,3,6,0,1,0,0,0,0,0,0,7.74792E+20,5.82941E+21,1.30531E+16,5.25453E+16
164915,12,0,69,616,2018,10,14,3,3,2,6,0,0,1,0,0,0,0,0,7.89092E+20,5.81195E+21,1.32482E+16,5.23813E+16
164916,12,0,71,57,2018,10,17,6,2,8,1,0,0,0,0,1,0,0,0,8.57373E+20,5.73479E+21,1.41671E+16,5.16502E+16
164917,12,0,69,616,2018,10,9,3,3,1,5,0,1,1,0,0,0,0,0,7.88534E+20,5.81411E+21,1.32419E+16,5.2401E+16
164918,12,0,64,380,2018,10,12,6,3,5,3,0,1,1,0,0,0,0,0,8.24798E+20,5.83101E+21,1.37896E+16,5.25321E+16
164919,12,0,67,120,2018,10,18,6,3,4,2,2,1,1,0,0,0,0,0,8.84964E+20,5.79205E+21,1.4628E+16,5.21445E+16
164920,12,0,54,0,2018,10,15,3,3,1,6,0,0,1,0,0,0,0,1,7.76615E+20,5.81321E+21,1.30664E+16,5.23991E+16
164921,12,0,65,256,2018,10,12,6,3,2,2,0,0,1,0,0,0,0,0,7.86591E+20,5.8535E+21,1.32475E+16,5.27552E+16
164922,12,0,70,424,2018,10,15,6,3,5,3,0,1,1,0,0,0,0,0,6.85008E+20,5.87675E+21,1.17576E+16,5.30083E+16
164923,12,0,72,2,2018,10,15,5,3,6,7,0,0,1,1,0,0,0,0,7.99461E+20,5.78865E+21,1.33795E+16,5.21669E+16
164924,12,0,54,0,2018,10,11,5,3,1,5,0,1,1,0,0,0,0,0,7.78441E+20,5.81223E+21,1.30924E+16,5.23894E+16
164925,12,0,61,20,2018,10,7,3,3,5,3,0,1,1,0,0,0,0,1,8.16601E+20,5.79785E+21,1.36379E+16,5.22398E+16
164926,12,0,54,0,2018,10,6,5,3,5,3,2,1,1,0,0,0,0,0,7.75747E+20,5.81357E+21,1.3054E+16,5.24028E+16
164927,12,0,54,0,2018,10,8,5,2,5,3,0,1,0,0,0,1,0,0,7.70155E+20,5.81387E+21,1.29723E+16,5.24082E+16
164928,12,0,71,372,2018,10,9,3,3,5,3,0,0,1,0,1,0,0,0,8.7113E+20,5.72752E+21,1.43574E+16,5.15762E+16
164929,12,0,65,256,2018,10,15,2,3,2,6,0,0,1,0,0,0,0,0,7.8596E+20,5.85256E+21,1.32374E+16,5.27471E+16
164930,12,0,61,320,2018,10,9,5,3,5,2,0,0,1,0,0,0,0,0,8.23814E+20,5.75479E+21,1.37024E+16,5.18498E+16
164931,12,0,66,320,2018,10,15,6,3,5,3,0,1,1,0,0,0,0,0,8.50169E+20,5.74941E+21,1.40781E+16,5.17857E+16
164932,12,0,71,76,2018,10,17,3,2,5,3,1,0,1,0,0,0,0,1,8.8958E+20,5.75021E+21,1.46477E+16,5.17668E+16
164933,12,0,71,160,2018,10,16,5,2,5,3,0,0,1,0,1,0,0,0,8.91052E+20,5.76929E+21,1.46905E+16,5.19365E+16
164934,12,0,64,380,2018,10,17,3,3,1,5,1,0,1,0,1,0,0,1,8.26972E+20,5.83225E+21,1.38228E+16,5.25419E+16
164935,12,0,64,512,2018,10,7,5,3,6,4,0,0,1,1,0,0,0,0,8.46726E+20,5.85311E+21,1.41348E+16,5.27165E+16
164936,12,0,53,0,2018,10,9,5,3,6,4,0,1,0,1,0,0,0,0,8.77996E+20,5.81325E+21,1.45503E+16,5.23389E+16
164937,12,0,65,180,2018,10,15,5,3,8,1,0,0,1,0,0,0,0,0,7.8226E+20,5.84812E+21,1.31789E+16,5.27092E+16
164938,12,0,64,44,2018,10,23,3,3,2,2,2,0,1,0,0,0,0,0,8.39375E+20,5.86007E+21,1.40336E+16,5.27835E+16
164939,12,0,65,256,2018,10,12,5,3,2,2,0,0,1,0,0,0,0,0,7.86382E+20,5.8546E+21,1.32454E+16,5.27652E+16
164940,12,0,64,472,2018,10,18,3,3,2,1,2,0,1,0,1,0,0,1,8.30973E+20,5.83663E+21,1.38859E+16,5.25788E+16
164941,12,0,67,72,2018,10,11,3,3,5,2,0,1,1,0,0,0,0,0,8.59511E+20,5.81265E+21,1.42795E+16,5.2346E+16
164942,12,0,70,316,2018,10,9,3,2,5,3,0,1,1,0,0,0,0,0,7.12151E+20,5.8944E+21,1.21732E+16,5.31567E+16
164943,12,0,72,17,2018,10,13,4,3,5,3,0,0,1,0,0,0,0,0,8.01442E+20,5.80885E+21,1.34264E+16,5.23469E+16
164944,12,0,64,44,2018,10,21,6,2,3,2,2,0,1,0,1,0,0,0,8.3949E+20,5.86009E+21,1.40353E+16,5.27836E+16
164945,12,0,69,304,2018,10,9,2,3,6,4,0,0,1,1,0,0,0,0,7.87032E+20,5.81443E+21,1.32202E+16,5.24047E+16
164946,12,0,72,232,2018,10,8,4,3,6,4,0,0,1,1,0,0,0,0,7.86052E+20,5.77977E+21,1.31765E+16,5.20944E+16
164947,12,0,54,0,2018,10,18,2,3,0,1,0,1,0,0,0,0,0,1,7.7757E+20,5.81231E+21,1.30797E+16,5.23905E+16
164948,12,0,63,56,2018,10,16,4,3,5,3,0,0,1,0,0,0,1,0,7.76985E+20,5.82806E+21,1.30842E+16,5.25321E+16
164949,12,0,54,0,2018,10,14,2,3,0,1,0,1,0,0,0,0,0,1,7.76022E+20,5.81324E+21,1.30578E+16,5.23997E+16
164950,12,0,54,0,2018,10,13,4,3,5,3,0,1,1,0,0,0,0,0,7.78298E+20,5.8114E+21,1.30896E+16,5.2382E+16
164951,12,0,54,0,2018,10,11,4,3,0,7,0,0,1,0,0,0,0,0,7.75922E+20,5.8131E+21,1.30562E+16,5.23984E+16
164952,12,0,51,0,2018,10,18,2,1,0,7,1,1,0,0,0,0,0,0,7.39884E+20,5.81202E+21,1.25268E+16,5.24058E+16
164953,12,0,66,272,2018,10,23,4,2,6,4,2,1,0,1,0,0,0,0,8.37929E+20,5.71197E+21,1.38652E+16,5.14578E+16
164954,12,0,52,0,2018,10,1,2,3,5,3,2,0,1,0,0,0,1,0,8.67446E+20,5.74352E+21,1.43213E+16,5.17219E+16
164955,12,0,52,0,2018,10,12,4,3,2,2,0,0,1,0,0,0,0,0,8.67516E+20,5.74519E+21,1.43241E+16,5.17368E+16
164956,12,0,60,52,2018,10,17,2,2,6,4,0,0,1,1,0,0,0,0,8.2448E+20,5.86463E+21,1.3818E+16,5.28334E+16
164957,12,0,73,393,2018,10,17,4,3,2,7,0,0,1,0,1,0,0,0,8.61924E+20,5.9129E+21,1.44256E+16,5.32416E+16
164958,12,0,67,24,2018,10,7,4,2,6,2,0,0,1,1,0,0,0,0,8.45042E+20,5.80558E+21,1.40607E+16,5.22919E+16
164959,12,0,53,0,2018,10,14,2,3,5,3,0,0,1,0,0,0,0,0,8.7698E+20,5.81392E+21,1.45362E+16,5.23456E+16
164960,12,0,65,180,2018,10,10,4,3,5,3,0,0,1,0,0,0,1,0,7.83443E+20,5.84888E+21,1.3197E+16,5.27154E+16
164961,12,0,70,296,2018,10,11,2,3,5,3,0,0,1,0,0,0,0,0,6.90677E+20,5.88399E+21,1.18463E+16,5.30713E+16
164962,12,0,65,256,2018,10,16,4,3,2,2,0,0,1,0,0,0,0,0,7.84852E+20,5.85208E+21,1.32206E+16,5.27434E+16
164963,12,0,54,0,2018,9,10,1,3,5,3,0,1,1,0,0,0,0,0,7.77472E+20,5.81301E+21,1.30788E+16,5.23969E+16
164964,12,0,65,256,2018,10,17,4,3,6,4,0,0,1,1,0,0,0,0,7.86608E+20,5.85347E+21,1.32477E+16,5.27549E+16
164965,12,0,54,0,2018,9,18,1,3,0,1,1,0,0,0,1,0,0,0,7.74472E+20,5.81377E+21,1.30355E+16,5.24052E+16
164966,12,0,69,616,2018,10,8,3,3,5,3,0,1,1,0,0,0,0,0,7.90235E+20,5.81417E+21,1.32669E+16,5.24006E+16
164967,12,0,54,0,2018,9,13,1,3,8,1,0,1,0,0,0,0,0,0,7.7463E+20,5.81374E+21,1.30378E+16,5.24049E+16
164968,12,0,66,196,2018,10,15,3,2,5,3,0,1,1,0,0,0,0,0,8.40576E+20,5.75744E+21,1.39474E+16,5.18636E+16
164969,12,0,52,0,2018,10,17,3,3,5,3,0,0,1,0,0,0,0,0,8.69466E+20,5.74638E+21,1.43534E+16,5.17462E+16
164970,12,0,66,296,2018,9,17,1,3,6,7,0,0,1,1,0,0,0,0,8.35808E+20,5.71483E+21,1.38375E+16,5.14847E+16
164971,12,0,73,8,2018,10,13,3,3,6,4,0,0,1,1,0,0,0,0,8.35281E+20,5.88565E+21,1.39995E+16,5.30151E+16
164972,12,0,54,0,2018,10,11,6,3,6,4,0,0,1,1,0,0,0,0,7.80283E+20,5.81327E+21,1.31203E+16,5.23977E+16
164973,12,0,66,196,2018,9,16,1,3,5,3,0,1,1,0,0,0,0,0,8.40165E+20,5.75747E+21,1.39415E+16,5.1864E+16
164974,12,0,60,52,2018,9,0,1,3,0,1,2,1,1,0,0,0,0,0,8.21363E+20,5.86512E+21,1.37724E+16,5.28397E+16
164975,12,0,64,29,2018,10,12,3,3,5,3,0,1,1,0,0,0,0,0,8.19698E+20,5.83367E+21,1.37172E+16,5.25589E+16
164976,12,0,73,532,2018,10,12,7,2,5,3,0,1,1,0,0,0,0,0,8.52339E+20,5.89238E+21,1.426E+16,5.30644E+16
164977,12,0,60,181,2018,9,19,1,3,1,5,2,0,1,0,0,0,0,0,8.06196E+20,5.84477E+21,1.3529E+16,5.26662E+16