OBJECTID_1,ULAND,UREGBEZ,UKREIS,UGEMEINDE,UJAHR,UMONAT,USTUNDE,UWOCHENTAG,UKATEGORIE,UART,UTYP1,ULICHTVERH,IstRad,IstPKW,IstFuss,IstKrad,IstGkfz,IstSonstig,STRZUSTAND,LINREFX,LINREFY,XGCSWGS84,YGCSWGS84
164978,12,0,64,371,2018,10,22,3,3,7,7,2,0,1,0,0,0,0,0,8.51666E+20,5.86104E+21,1.42161E+16,5.27843E+16
164979,12,0,63,252,2018,9,17,7,2,1,6,0,1,0,0,0,0,1,0,7.26447E+20,5.83395E+21,1.23446E+16,5.26083E+16
164980,12,0,64,472,2018,10,15,3,3,6,4,0,0,1,1,0,0,0,0,8.27742E+20,5.83141E+21,1.38333E+16,5.25339E+16
164981,12,0,53,0,2018,10,13,3,3,5,3,0,1,1,0,0,0,0,0,8.78297E+20,5.81247E+21,1.45538E+16,5.23317E+16
164982,12,0,69,616,2018,9,17,7,3,5,3,0,1,0,0,0,0,1,0,7.88676E+20,5.81405E+21,1.3244E+16,5.24004E+16
164983,12,0,67,137,2018,10,15,3,2,2,6,0,1,0,0,0,0,0,0,8.59649E+20,5.78595E+21,1.42532E+16,5.21068E+16
164984,12,0,67,440,2018,10,15,3,2,5,3,0,0,1,0,0,0,0,0,8.18244E+20,5.82347E+21,1.36861E+16,5.24684E+16
164985,12,0,69,616,2018,9,13,7,3,2,6,0,0,1,0,0,0,0,0,7.88488E+20,5.81395E+21,1.32411E+16,5.23996E+16
164986,12,0,65,96,2018,10,15,3,3,5,3,0,1,1,0,0,0,0,0,7.92106E+20,5.84096E+21,1.33179E+16,5.26398E+16
164987,12,0,71,76,2018,10,7,6,2,4,2,0,0,1,0,0,0,0,0,8.90112E+20,5.74751E+21,1.46523E+16,5.17423E+16
164988,12,0,54,0,2018,9,9,7,3,5,3,0,1,1,0,0,0,0,0,7.79099E+20,5.80981E+21,1.31E+16,5.23673E+16
164989,12,0,65,96,2018,10,7,3,3,2,2,2,0,1,0,1,0,0,0,7.91839E+20,5.84032E+21,1.33134E+16,5.26342E+16
164990,12,0,51,0,2018,9,19,7,3,5,3,1,1,0,0,0,0,1,0,7.321E+20,5.81127E+21,1.24121E+16,5.24023E+16
164991,12,0,65,36,2018,10,15,3,3,5,3,0,1,1,0,0,0,0,0,7.90256E+20,5.84647E+21,1.32954E+16,5.26902E+16
164992,12,0,51,0,2018,9,8,7,3,2,6,0,0,1,0,0,0,0,0,7.39969E+20,5.81486E+21,1.25301E+16,5.24312E+16
164993,12,0,65,136,2018,10,15,3,3,8,1,0,0,0,0,1,0,0,0,7.84437E+20,5.84046E+21,1.32044E+16,5.26394E+16
164994,12,0,62,24,2018,9,11,7,2,5,3,0,1,1,0,0,0,0,0,8.0506E+20,5.71712E+21,1.3398E+16,5.15226E+16
164995,12,0,63,36,2018,10,16,2,3,6,7,0,1,0,1,0,0,0,0,7.69546E+20,5.83246E+21,1.29784E+16,5.25753E+16
164996,12,0,69,304,2018,10,10,2,3,5,2,0,1,1,0,0,0,0,0,7.87139E+20,5.81544E+21,1.32226E+16,5.24136E+16
164997,12,0,62,124,2018,9,10,7,3,1,5,0,1,1,0,0,0,0,0,8.1311E+20,5.7107E+21,1.3508E+16,5.14607E+16
164998,12,0,69,304,2018,10,16,2,3,5,3,0,1,1,0,0,0,0,0,7.8751E+20,5.81449E+21,1.32272E+16,5.24049E+16
164999,12,0,69,616,2018,10,12,2,3,5,2,0,0,1,0,0,0,0,0,7.89321E+20,5.81418E+21,1.32535E+16,5.24013E+16
165000,12,0,64,428,2018,9,17,7,3,2,6,0,0,1,0,0,0,0,0,8.24541E+20,5.82428E+21,1.37793E+16,5.2472E+16
165001,12,0,54,0,2018,10,12,2,3,0,1,0,1,0,0,0,0,0,0,7.76008E+20,5.81358E+21,1.30579E+16,5.24027E+16
165002,12,0,68,320,2018,10,15,6,3,5,3,0,1,1,0,0,0,0,0,7.5507E+20,5.87035E+21,1.27947E+16,5.29221E+16
165003,12,0,65,256,2018,9,5,7,3,4,6,2,1,0,0,0,0,0,0,7.87423E+20,5.85664E+21,1.32626E+16,5.27829E+16
165004,12,0,69,17,2018,10,16,2,3,1,5,0,1,1,0,0,0,0,0,7.71484E+20,5.79431E+21,1.2976E+16,5.22322E+16
165005,12,0,70,424,2018,9,9,7,2,5,3,0,1,1,0,0,0,0,0,6.8408E+20,5.87656E+21,1.17437E+16,5.30069E+16
165006,12,0,66,176,2018,10,9,2,3,5,3,0,0,1,0,0,0,0,0,8.30841E+20,5.71604E+21,1.37674E+16,5.14985E+16
165007,12,0,66,296,2018,9,11,6,3,0,3,0,1,1,0,0,0,0,0,8.38111E+20,5.71351E+21,1.38693E+16,5.14715E+16
165008,12,0,66,320,2018,10,20,2,3,3,6,2,1,1,0,0,0,0,0,8.50025E+20,5.74908E+21,1.40757E+16,5.17828E+16
165009,12,0,66,304,2018,9,9,6,3,5,3,0,0,1,0,0,0,0,0,8.46172E+20,5.71852E+21,1.39898E+16,5.15115E+16
165010,12,0,66,196,2018,10,17,2,3,5,3,0,1,1,0,0,0,0,0,8.40575E+20,5.75744E+21,1.39474E+16,5.18636E+16
165011,12,0,61,112,2018,10,8,2,3,1,5,0,0,1,0,0,0,0,0,8.1369E+20,5.81224E+21,1.36088E+16,5.23704E+16
165012,12,0,73,452,2018,9,10,6,3,1,7,0,0,1,0,0,0,0,0,8.23616E+20,5.91834E+21,1.38593E+16,5.33151E+16
165013,12,0,61,572,2018,10,7,2,3,0,7,0,0,0,1,0,0,1,0,8.146E+20,5.80956E+21,1.36196E+16,5.23459E+16
165014,12,0,72,17,2018,9,7,5,2,5,3,0,1,0,0,1,0,0,0,8.00853E+20,5.8078E+21,1.34168E+16,5.23379E+16
165015,12,0,72,240,2018,9,14,5,3,9,7,0,0,1,0,0,0,0,0,7.90266E+20,5.80422E+21,1.32588E+16,5.23114E+16
165016,12,0,61,260,2018,10,21,2,3,4,2,2,1,0,0,0,0,1,0,8.1526E+20,5.8044E+21,1.36244E+16,5.22993E+16
165017,12,0,63,80,2018,9,9,5,3,5,3,0,1,1,0,0,0,0,0,7.76624E+20,5.83242E+21,1.30825E+16,5.25714E+16
165018,12,0,63,80,2018,9,21,5,2,5,3,2,0,1,0,1,0,0,0,7.80001E+20,5.83126E+21,1.31312E+16,5.25592E+16
165019,12,0,60,52,2018,10,16,2,3,5,3,0,1,1,0,0,0,0,0,8.21707E+20,5.86621E+21,1.37786E+16,5.28493E+16
165020,12,0,52,0,2018,10,17,1,2,3,6,0,1,1,0,0,0,0,0,8.66291E+20,5.7473E+21,1.43086E+16,5.17565E+16
165021,12,0,69,604,2018,9,15,5,3,5,3,0,0,1,0,0,0,0,0,7.86104E+20,5.81173E+21,1.32043E+16,5.2381E+16
165022,12,0,64,336,2018,10,18,2,3,5,3,1,0,1,0,1,0,0,0,8.20382E+20,5.82891E+21,1.37227E+16,5.25159E+16
165023,12,0,66,112,2018,9,8,5,2,5,6,0,0,1,0,1,0,0,0,8.44981E+20,5.72621E+21,1.39803E+16,5.15811E+16
165024,12,0,69,616,2018,10,15,5,3,5,2,0,1,1,0,0,0,0,0,7.90339E+20,5.81445E+21,1.32687E+16,5.24031E+16
165025,12,0,61,260,2018,12,19,6,3,5,3,2,1,1,0,0,0,0,1,8.14792E+20,5.80311E+21,1.36164E+16,5.2288E+16
165026,12,0,51,0,2018,11,17,7,3,2,6,2,0,1,0,0,0,0,0,7.41529E+20,5.81487E+21,1.2553E+16,5.24306E+16
165027,12,0,52,0,2018,12,15,6,3,5,3,0,0,1,0,0,0,1,1,8.70752E+20,5.74156E+21,1.43669E+16,5.17021E+16
165028,12,0,66,304,2018,11,4,7,2,2,6,2,1,1,0,0,0,0,1,8.45678E+20,5.71897E+21,1.39832E+16,5.15158E+16
165029,12,0,52,0,2018,12,18,6,3,6,2,2,0,1,1,0,0,0,1,8.66661E+20,5.74757E+21,1.43142E+16,5.17586E+16
165030,12,0,71,372,2018,11,21,7,3,5,3,2,1,1,0,0,0,0,0,8.72119E+20,5.72714E+21,1.43712E+16,5.15722E+16
165031,12,0,52,0,2018,12,9,6,3,4,2,0,1,0,0,0,0,1,1,8.67503E+20,5.74793E+21,1.43268E+16,5.17613E+16
165032,12,0,71,160,2018,11,10,7,2,5,3,0,1,1,0,0,0,0,0,8.92353E+20,5.77117E+21,1.47114E+16,5.19524E+16
165033,12,0,72,232,2018,11,18,6,3,1,5,2,1,1,0,0,0,0,0,7.85698E+20,5.77876E+21,1.31705E+16,5.20855E+16
165034,12,0,60,5,2018,12,17,6,2,6,4,2,0,1,1,0,0,0,1,8.11944E+20,5.83188E+21,1.36015E+16,5.25474E+16
165035,12,0,69,656,2018,11,14,6,2,6,4,0,0,1,1,0,0,0,0,7.67512E+20,5.81008E+21,1.29305E+16,5.23755E+16
165036,12,0,60,5,2018,12,14,6,3,5,3,0,0,1,0,0,0,0,1,8.10165E+20,5.83563E+21,1.35789E+16,5.2582E+16
165037,12,0,64,227,2018,12,15,6,3,7,7,0,0,1,0,0,0,1,1,8.17011E+20,5.82567E+21,1.36701E+16,5.24889E+16
165038,12,0,54,0,2018,11,11,6,3,6,4,0,0,0,1,0,1,0,0,7.78052E+20,5.8111E+21,1.30858E+16,5.23794E+16
165039,12,0,64,472,2018,12,15,6,3,5,2,0,0,1,0,0,0,0,1,8.30654E+20,5.83633E+21,1.38809E+16,5.25763E+16
165040,12,0,64,472,2018,12,6,6,3,5,3,2,1,1,0,0,0,0,1,8.304E+20,5.83586E+21,1.38767E+16,5.25722E+16
165041,12,0,54,0,2018,11,9,6,3,5,3,0,0,1,0,0,0,1,0,7.79786E+20,5.81302E+21,1.31128E+16,5.23958E+16
165042,12,0,73,532,2018,11,14,6,3,5,3,0,1,1,0,0,0,0,0,8.52121E+20,5.89275E+21,1.42572E+16,5.30679E+16
165043,12,0,65,256,2018,11,7,6,3,2,6,0,0,1,0,0,0,1,0,7.85934E+20,5.8528E+21,1.32372E+16,5.27493E+16
165044,12,0,65,256,2018,11,10,6,3,5,3,0,1,1,0,0,0,0,0,7.86153E+20,5.85383E+21,1.32413E+16,5.27584E+16
165045,12,0,72,477,2018,11,16,5,2,5,3,2,0,1,0,1,0,0,0,8.03625E+20,5.79846E+21,1.3449E+16,5.22526E+16
165046,12,0,63,244,2018,11,18,5,2,7,7,2,0,1,0,0,0,1,0,7.26645E+20,5.82608E+21,1.23421E+16,5.25376E+16
165047,12,0,67,144,2018,12,7,6,3,5,3,1,0,1,0,0,0,0,0,8.45655E+20,5.81328E+21,1.40776E+16,5.23605E+16
165048,12,0,63,208,2018,11,7,5,3,5,3,0,1,0,0,0,1,0,0,7.63157E+20,5.835E+21,1.28863E+16,5.26012E+16
165049,12,0,72,2,2018,12,14,5,3,0,7,0,1,0,0,0,0,1,0,7.98323E+20,5.78875E+21,1.3363E+16,5.21685E+16
165050,12,0,54,0,2018,11,17,5,3,5,2,1,1,1,0,0,0,0,0,7.76251E+20,5.81303E+21,1.3061E+16,5.23977E+16
165051,12,0,72,232,2018,12,17,5,2,5,3,2,1,1,0,0,0,0,1,7.85795E+20,5.77923E+21,1.31723E+16,5.20897E+16
165052,12,0,63,80,2018,12,8,5,3,0,2,0,1,1,0,0,0,0,0,7.78181E+20,5.83196E+21,1.31051E+16,5.25664E+16
165053,12,0,66,304,2018,11,7,5,3,5,3,0,1,1,0,0,0,0,0,8.46098E+20,5.71887E+21,1.39891E+16,5.15147E+16
165054,12,0,54,0,2018,12,16,5,3,1,1,1,1,1,0,0,0,0,1,7.80692E+20,5.81116E+21,1.31245E+16,5.23786E+16
165055,12,0,71,76,2018,11,12,5,3,5,3,0,1,0,0,0,0,0,0,8.89553E+20,5.748E+21,1.46448E+16,5.17471E+16
165056,12,0,52,0,2018,11,17,5,3,5,2,2,1,1,0,0,0,0,0,8.67483E+20,5.74911E+21,1.43277E+16,5.17719E+16
165057,12,0,54,0,2018,12,8,5,3,2,6,0,0,1,0,0,0,0,1,7.76802E+20,5.81352E+21,1.30694E+16,5.24018E+16
165058,12,0,52,0,2018,11,7,5,3,4,2,0,1,1,0,0,0,0,1,8.68214E+20,5.74993E+21,1.43391E+16,5.17788E+16
165059,12,0,65,144,2018,11,12,5,3,1,5,0,1,1,0,0,0,0,0,7.88995E+20,5.84419E+21,1.32748E+16,5.26705E+16
165060,12,0,69,632,2018,12,14,5,3,9,1,0,0,1,0,0,0,0,0,7.63381E+20,5.7782E+21,1.28451E+16,5.20915E+16
165061,12,0,65,256,2018,11,12,5,3,5,3,0,1,1,0,0,0,0,0,7.85956E+20,5.8526E+21,1.32373E+16,5.27474E+16
165062,12,0,51,0,2018,12,6,5,3,5,3,2,1,1,0,0,0,0,1,7.46483E+20,5.81567E+21,1.26263E+16,5.24355E+16
165063,12,0,70,316,2018,11,16,5,2,6,7,0,0,0,1,0,0,1,0,7.12431E+20,5.89328E+21,1.21766E+16,5.31465E+16
165064,12,0,61,260,2018,12,18,5,3,6,7,2,0,1,1,0,0,0,1,8.14336E+20,5.80314E+21,1.36097E+16,5.22885E+16
165065,12,0,71,160,2018,12,16,5,1,6,4,2,0,1,1,0,0,0,0,8.89938E+20,5.77094E+21,1.46762E+16,5.19521E+16
165066,12,0,63,56,2018,11,9,4,3,4,6,0,1,0,0,0,0,0,1,7.75721E+20,5.82962E+21,1.30669E+16,5.25467E+16
165067,12,0,52,0,2018,12,19,5,2,5,3,2,1,1,0,0,0,0,1,8.67655E+20,5.74498E+21,1.43258E+16,5.17348E+16
165068,12,0,69,616,2018,11,9,4,3,2,6,0,0,1,0,0,0,1,0,7.88626E+20,5.81375E+21,1.3243E+16,5.23977E+16
165069,12,0,52,0,2018,12,17,5,2,4,6,2,0,1,0,0,0,0,1,8.69033E+20,5.74378E+21,1.43445E+16,5.17232E+16
165070,12,0,54,0,2018,11,15,4,3,5,3,0,1,1,0,0,0,0,0,7.76571E+20,5.81386E+21,1.30663E+16,5.24049E+16
165071,12,0,73,532,2018,12,11,5,2,8,1,0,0,1,0,0,0,0,0,8.52725E+20,5.89014E+21,1.42633E+16,5.30442E+16
165072,12,0,54,0,2018,11,7,4,3,0,1,1,1,0,0,0,0,0,0,7.73795E+20,5.81507E+21,1.30266E+16,5.24172E+16
165073,12,0,64,472,2018,12,17,5,3,6,4,2,0,1,1,0,0,0,1,8.29923E+20,5.83511E+21,1.3869E+16,5.25658E+16
165074,12,0,66,304,2018,11,6,4,2,2,6,1,0,1,0,1,0,0,1,8.45742E+20,5.7189E+21,1.3984E+16,5.15152E+16
165075,12,0,53,0,2018,12,7,5,2,6,4,1,0,1,1,0,0,0,1,8.77118E+20,5.81487E+21,1.45393E+16,5.23541E+16
165076,12,0,61,260,2018,11,16,4,2,0,1,1,1,0,0,0,0,0,1,8.15143E+20,5.80403E+21,1.36223E+16,5.2296E+16
165077,12,0,65,136,2018,12,14,5,3,0,3,0,0,1,0,0,0,1,0,7.84405E+20,5.84047E+21,1.32039E+16,5.26395E+16
165078,12,0,61,260,2018,11,16,4,3,5,3,2,1,1,0,0,0,0,1,8.15507E+20,5.80357E+21,1.36272E+16,5.22916E+16
165079,12,0,65,136,2018,12,15,5,2,5,3,0,1,1,0,0,0,0,0,7.83761E+20,5.84074E+21,1.31947E+16,5.26422E+16
165080,12,0,65,256,2018,12,8,5,3,2,7,0,0,1,0,0,0,0,0,7.84273E+20,5.85192E+21,1.32119E+16,5.27422E+16
165081,12,0,52,0,2018,11,6,4,3,1,6,2,0,1,0,0,0,0,1,8.69178E+20,5.74354E+21,1.43463E+16,5.1721E+16
165082,12,0,72,340,2018,12,14,4,2,0,1,0,0,0,0,1,0,0,0,8.0395E+20,5.8038E+21,1.34585E+16,5.23003E+16
165083,12,0,63,208,2018,12,6,4,2,6,4,2,0,1,1,0,0,0,0,7.62186E+20,5.83551E+21,1.28724E+16,5.26062E+16
165084,12,0,64,336,2018,11,8,4,2,5,3,0,1,1,0,0,0,0,1,8.18013E+20,5.8301E+21,1.3689E+16,5.25279E+16
165085,12,0,69,304,2018,12,9,4,3,5,3,0,1,1,0,0,0,0,0,7.86732E+20,5.81446E+21,1.32158E+16,5.2405E+16
165086,12,0,64,512,2018,11,17,4,3,6,6,2,0,1,1,0,0,0,1,8.45412E+20,5.85018E+21,1.41123E+16,5.26911E+16
165087,12,0,72,232,2018,11,16,3,2,6,7,1,0,1,1,0,0,0,1,7.85337E+20,5.7797E+21,1.3166E+16,5.20941E+16
165088,12,0,69,656,2018,12,17,4,3,6,4,2,0,1,1,0,0,0,0,7.67096E+20,5.81195E+21,1.29259E+16,5.23925E+16
165089,12,0,63,56,2018,11,15,3,3,0,1,0,1,0,0,0,0,0,0,7.75671E+20,5.82912E+21,1.30658E+16,5.25423E+16
165090,12,0,54,0,2018,12,10,4,3,0,7,0,0,0,0,0,0,1,1,7.70117E+20,5.81413E+21,1.29719E+16,5.24106E+16
165091,12,0,69,304,2018,11,11,3,3,5,3,0,1,1,0,0,0,0,1,7.85981E+20,5.81378E+21,1.32042E+16,5.23994E+16
165092,12,0,51,0,2018,12,11,4,3,1,7,0,0,1,0,0,0,1,0,7.40668E+20,5.81374E+21,1.25396E+16,5.24209E+16
165093,12,0,54,0,2018,11,6,3,3,5,3,2,1,0,0,0,0,1,1,7.78187E+20,5.81257E+21,1.3089E+16,5.23926E+16
165094,12,0,51,0,2018,12,16,4,3,1,6,2,0,1,0,0,0,0,0,7.38966E+20,5.8142E+21,1.25149E+16,5.24257E+16
165095,12,0,62,140,2018,12,14,4,3,6,4,0,0,1,1,0,0,0,0,8.25918E+20,5.72983E+21,1.37095E+16,5.16249E+16
165096,12,0,54,0,2018,11,11,3,3,5,2,0,0,1,0,0,0,1,1,7.7673E+20,5.81342E+21,1.30683E+16,5.24009E+16
165097,12,0,60,181,2018,12,12,4,3,5,2,0,1,1,0,0,0,0,0,8.06092E+20,5.84488E+21,1.35276E+16,5.26672E+16
165098,12,0,64,428,2018,12,7,4,3,8,1,1,0,0,0,0,0,1,2,8.2742E+20,5.82455E+21,1.38218E+16,5.24727E+16
165099,12,0,51,0,2018,11,16,3,2,4,2,2,1,1,0,0,0,0,1,7.39813E+20,5.81417E+21,1.25273E+16,5.24251E+16
165100,12,0,66,176,2018,11,9,3,2,6,7,0,0,1,1,0,0,0,0,8.30015E+20,5.7158E+21,1.37553E+16,5.14968E+16
165101,12,0,64,472,2018,12,9,4,3,5,3,0,1,1,0,0,0,0,0,8.30325E+20,5.83449E+21,1.38743E+16,5.25599E+16
165102,12,0,61,260,2018,11,7,3,1,6,4,1,0,1,1,0,0,0,1,8.14966E+20,5.80354E+21,1.36193E+16,5.22917E+16
165103,12,0,73,8,2018,11,15,3,3,6,4,0,0,1,1,0,0,0,1,8.35227E+20,5.88581E+21,1.39988E+16,5.30166E+16
165104,12,0,53,0,2018,12,15,4,3,4,6,0,0,1,0,0,0,1,0,8.70189E+20,5.81202E+21,1.44349E+16,5.23333E+16
165105,12,0,53,0,2018,11,14,3,3,6,4,0,0,1,1,0,0,0,1,8.75562E+20,5.81397E+21,1.45155E+16,5.23471E+16
165106,12,0,65,256,2018,12,7,4,3,2,6,0,0,1,0,0,0,1,2,7.86006E+20,5.8561E+21,1.32411E+16,5.27788E+16
165107,12,0,72,169,2018,12,14,3,3,5,3,0,1,1,0,0,0,0,0,7.80477E+20,5.76867E+21,1.30862E+16,5.19978E+16
165108,12,0,69,304,2018,12,7,3,3,2,2,1,0,1,0,0,0,0,1,7.88062E+20,5.81321E+21,1.32342E+16,5.23932E+16
165109,12,0,72,477,2018,11,7,2,3,5,3,0,1,1,0,0,0,0,1,8.06243E+20,5.7878E+21,1.34776E+16,5.21556E+16
165110,12,0,54,0,2018,12,18,3,3,4,6,2,1,0,0,0,0,0,0,7.81173E+20,5.80974E+21,1.31303E+16,5.23656E+16
165111,12,0,63,208,2018,11,4,2,3,5,3,2,1,1,0,0,0,0,1,7.62294E+20,5.83539E+21,1.28739E+16,5.26051E+16
165112,12,0,61,540,2018,12,14,3,3,1,7,0,0,1,0,0,1,0,0,8.14355E+20,5.80602E+21,1.36127E+16,5.23143E+16
165113,12,0,62,124,2018,12,11,3,3,1,2,0,0,1,0,0,0,0,1,8.13958E+20,5.71094E+21,1.35204E+16,5.14624E+16
165114,12,0,63,56,2018,11,16,2,3,6,2,0,0,0,1,0,0,1,0,7.7428E+20,5.82886E+21,1.30451E+16,5.25407E+16
165115,12,0,71,57,2018,12,18,3,3,5,2,2,0,1,0,0,0,0,0,8.63646E+20,5.73377E+21,1.42564E+16,5.1637E+16
165116,12,0,54,0,2018,11,6,2,3,5,3,0,1,1,0,0,0,0,1,7.81008E+20,5.80963E+21,1.31278E+16,5.23647E+16
165117,12,0,54,0,2018,11,14,2,3,0,1,0,1,0,0,0,0,0,0,7.80913E+20,5.8093E+21,1.31262E+16,5.23618E+16
165118,12,0,52,0,2018,12,12,3,3,5,3,0,1,1,0,0,0,0,0,8.68035E+20,5.74433E+21,1.43306E+16,5.17287E+16
165119,12,0,54,0,2018,11,23,2,3,1,1,2,0,1,0,0,0,0,0,7.81451E+20,5.80966E+21,1.31344E+16,5.23648E+16
165120,12,0,52,0,2018,12,16,3,3,0,1,1,1,0,0,0,0,0,1,8.65992E+20,5.74708E+21,1.43041E+16,5.17547E+16
165121,12,0,54,0,2018,11,16,2,3,3,6,0,1,1,0,0,0,0,0,7.78452E+20,5.8125E+21,1.30928E+16,5.23918E+16
165122,12,0,73,532,2018,12,17,3,3,4,2,2,0,1,0,0,0,0,0,8.49519E+20,5.8952E+21,1.42212E+16,5.30915E+16
165123,12,0,54,0,2018,11,15,2,3,0,7,0,1,1,0,0,0,0,0,7.76025E+20,5.81392E+21,1.30584E+16,5.24058E+16
165124,12,0,67,144,2018,12,16,3,2,0,3,2,0,1,0,1,0,0,1,8.45007E+20,5.81308E+21,1.40679E+16,5.23591E+16
165125,12,0,61,433,2018,11,14,2,2,5,3,0,1,1,0,0,0,0,0,8.11048E+20,5.81255E+21,1.35704E+16,5.23747E+16
165126,12,0,67,144,2018,12,17,3,3,5,3,2,0,1,0,0,0,0,0,8.45017E+20,5.81079E+21,1.40657E+16,5.23386E+16
165127,12,0,61,192,2018,11,14,2,2,0,1,0,1,0,0,0,0,0,1,8.17809E+20,5.78898E+21,1.36472E+16,5.21596E+16
165128,12,0,61,260,2018,11,11,2,3,5,3,0,1,0,0,0,0,0,0,8.15923E+20,5.80416E+21,1.36339E+16,5.22967E+16
165129,12,0,65,144,2018,12,17,3,3,1,5,1,0,1,0,0,0,0,0,7.89969E+20,5.84317E+21,1.32883E+16,5.26608E+16
165130,12,0,71,160,2018,11,10,2,2,5,2,0,1,0,0,0,0,0,0,8.91664E+20,5.77019E+21,1.47004E+16,5.19442E+16
165131,12,0,65,256,2018,12,17,3,3,5,3,2,0,1,0,0,0,0,0,7.86085E+20,5.85583E+21,1.32421E+16,5.27763E+16
165132,12,0,73,532,2018,11,8,2,2,0,7,0,1,0,0,0,0,0,1,8.51997E+20,5.89218E+21,1.42547E+16,5.30629E+16
165133,12,0,63,252,2018,12,12,2,3,2,2,0,0,1,0,0,0,0,0,7.25995E+20,5.83373E+21,1.23377E+16,5.26065E+16
165134,12,0,64,448,2018,11,16,2,2,4,2,2,0,1,0,0,0,0,0,8.63927E+20,5.83333E+21,1.43666E+16,5.25282E+16
165135,12,0,63,56,2018,12,7,2,3,5,3,0,1,1,0,0,0,0,1,7.75573E+20,5.82915E+21,1.30643E+16,5.25426E+16
165136,12,0,70,296,2018,11,14,2,3,8,1,0,0,1,0,0,0,0,1,6.91848E+20,5.88651E+21,1.18652E+16,5.30935E+16
165137,12,0,54,0,2018,12,14,2,3,6,4,0,0,1,1,0,0,0,1,7.81686E+20,5.81184E+21,1.31396E+16,5.23842E+16
165138,12,0,72,240,2018,11,17,1,3,6,6,2,0,1,1,0,0,0,0,7.90666E+20,5.80314E+21,1.32637E+16,5.23015E+16
165139,12,0,54,0,2018,12,5,2,3,5,3,2,1,1,0,0,0,0,1,7.80518E+20,5.81259E+21,1.31231E+16,5.23916E+16
165140,12,0,51,0,2018,12,7,2,3,6,4,2,0,1,1,0,0,0,1,7.41969E+20,5.81205E+21,1.25574E+16,5.2405E+16
165141,12,0,52,0,2018,11,11,1,3,0,7,0,0,0,1,0,0,1,0,8.67709E+20,5.74793E+21,1.43297E+16,5.17612E+16
165142,12,0,60,52,2018,12,17,2,3,9,1,2,0,1,0,0,0,0,1,8.21373E+20,5.86325E+21,1.37707E+16,5.2823E+16
165143,12,0,64,408,2018,11,9,1,3,8,1,0,0,0,0,1,0,0,0,8.32717E+20,5.83151E+21,1.39064E+16,5.25318E+16
165144,12,0,64,472,2018,12,18,2,3,0,7,2,0,1,0,0,0,0,1,8.2908E+20,5.83252E+21,1.3854E+16,5.25431E+16
165145,12,0,62,140,2018,11,23,7,3,1,6,2,0,1,0,0,0,0,0,8.25262E+20,5.73079E+21,1.37009E+16,5.16339E+16
165146,12,0,65,136,2018,12,13,2,3,6,6,0,0,1,1,0,0,0,0,7.83295E+20,5.8412E+21,1.31882E+16,5.26466E+16
165147,12,0,71,76,2018,11,10,7,3,6,7,0,0,1,1,0,0,0,0,8.893E+20,5.74592E+21,1.46389E+16,5.17287E+16
165148,12,0,60,5,2018,11,10,7,3,5,3,0,0,1,0,0,0,0,0,8.08021E+20,5.83764E+21,1.35492E+16,5.26012E+16
165149,12,0,65,256,2018,12,7,2,3,5,3,2,1,1,0,0,0,0,1,7.8659E+20,5.8535E+21,1.32475E+16,5.27552E+16
165150,12,0,69,304,2018,11,13,6,3,5,2,0,1,1,0,0,0,0,0,7.86961E+20,5.81442E+21,1.32191E+16,5.24046E+16
165151,12,0,63,252,2018,12,17,1,2,6,4,2,0,1,1,0,0,0,1,7.26349E+20,5.83361E+21,1.23429E+16,5.26053E+16
165152,12,0,64,227,2018,12,22,1,3,1,5,2,0,1,0,1,0,0,1,8.15556E+20,5.82881E+21,1.36517E+16,5.25179E+16
165153,12,0,51,0,2018,11,9,6,3,5,2,0,1,1,0,0,0,0,1,7.41349E+20,5.81523E+21,1.25506E+16,5.24339E+16
165154,12,0,67,473,2018,12,14,1,2,8,1,0,0,0,0,1,0,0,1,8.54703E+20,5.82599E+21,1.42233E+16,5.24686E+16
165155,12,0,63,80,2018,12,22,7,3,5,3,2,0,1,0,0,0,0,1,7.77086E+20,5.8304E+21,1.30876E+16,5.2553E+16
165156,12,0,61,540,2018,11,22,6,2,1,1,2,0,1,0,0,0,0,0,8.15486E+20,5.80891E+21,1.36319E+16,5.23395E+16
165157,12,0,54,0,2018,12,14,7,2,6,4,0,0,0,1,1,0,0,1,7.78626E+20,5.81022E+21,1.30934E+16,5.23713E+16
165158,12,0,71,160,2018,11,22,6,3,8,1,2,0,1,0,0,0,0,0,8.90466E+20,5.77074E+21,1.46836E+16,5.19499E+16
165159,12,0,64,44,2018,11,17,6,3,5,3,2,1,1,0,0,0,0,0,8.39982E+20,5.86061E+21,1.40431E+16,5.2788E+16