OBJECTID_1,ULAND,UREGBEZ,UKREIS,UGEMEINDE,UJAHR,UMONAT,USTUNDE,UWOCHENTAG,UKATEGORIE,UART,UTYP1,ULICHTVERH,IstRad,IstPKW,IstFuss,IstKrad,IstGkfz,IstSonstig,STRZUSTAND,LINREFX,LINREFY,XGCSWGS84,YGCSWGS84
165342,12,0,68,477,2018,12,11,3,3,2,6,0,1,1,0,0,0,0,1,7.32671E+20,5.8684E+21,1.24608E+16,5.29148E+16
165343,12,0,64,380,2018,12,10,2,3,5,3,0,0,1,0,0,0,0,1,8.25225E+20,5.82926E+21,1.37942E+16,5.25161E+16
165344,12,0,65,256,2018,12,6,2,3,5,3,2,0,1,0,0,0,0,0,7.85994E+20,5.85233E+21,1.32377E+16,5.2745E+16
165345,14,5,11,0,2018,1,10,6,2,3,2,0,1,1,0,0,0,0,1,7.75751E+20,5.63904E+21,1.29167E+16,5.08372E+16
165346,12,0,72,17,2018,12,11,1,3,3,6,0,1,1,0,0,0,0,1,7.99154E+20,5.81165E+21,1.33954E+16,5.23733E+16
165347,14,5,11,0,2018,1,8,6,3,4,2,0,1,1,0,0,0,0,0,7.75532E+20,5.63869E+21,1.29133E+16,5.08342E+16
165348,12,0,73,532,2018,12,17,1,3,1,7,2,1,1,0,0,0,0,1,8.53427E+20,5.89267E+21,1.42765E+16,5.30663E+16
165349,14,5,11,0,2018,1,11,6,3,5,3,0,0,1,0,0,0,0,1,7.78582E+20,5.63932E+21,1.2957E+16,5.08384E+16
165350,12,0,67,120,2018,12,16,1,1,5,2,2,0,1,0,0,0,0,0,8.86405E+20,5.79195E+21,1.46488E+16,5.21425E+16
165351,14,5,24,180,2018,1,5,5,3,4,1,2,0,1,0,0,0,0,1,7.66555E+20,5.63971E+21,1.27869E+16,5.08476E+16
165352,12,0,72,17,2018,12,6,7,2,5,3,2,0,1,0,0,0,0,1,8.02041E+20,5.8085E+21,1.34348E+16,5.23434E+16
165353,12,0,69,304,2018,12,21,7,3,1,5,2,0,1,0,0,0,0,1,7.87905E+20,5.81559E+21,1.3234E+16,5.24146E+16
165354,14,7,30,70,2018,1,11,5,2,2,2,0,0,1,0,0,0,0,0,7.31414E+20,5.71383E+21,1.23364E+16,5.1528E+16
165355,12,0,72,232,2018,12,16,6,3,6,4,2,0,1,1,0,0,0,1,7.86266E+20,5.77918E+21,1.31791E+16,5.2089E+16
165356,12,0,69,304,2018,12,7,6,2,5,2,0,1,1,0,0,0,0,1,7.86662E+20,5.81452E+21,1.32148E+16,5.24057E+16
165357,14,7,13,0,2018,1,15,5,3,3,2,0,1,1,0,0,0,0,0,7.33796E+20,5.69416E+21,1.23577E+16,5.13505E+16
165358,12,0,66,196,2018,12,17,6,3,5,2,2,1,1,0,0,0,0,1,8.40651E+20,5.75705E+21,1.39481E+16,5.186E+16
165359,14,7,13,0,2018,1,18,5,3,2,6,2,0,1,0,0,0,1,1,7.31237E+20,5.69676E+21,1.23227E+16,5.13749E+16
165360,14,7,13,0,2018,1,12,5,3,2,2,0,0,1,0,0,0,0,0,7.29938E+20,5.69433E+21,1.23025E+16,5.13537E+16
165361,12,0,66,285,2018,12,18,6,2,6,3,2,0,1,1,0,0,0,1,8.39209E+20,5.71924E+21,1.38906E+16,5.15222E+16
165362,14,7,13,0,2018,1,11,5,3,6,4,0,0,1,1,0,0,0,0,7.38348E+20,5.69237E+21,1.24217E+16,5.13326E+16
165363,12,0,52,0,2018,12,10,6,2,9,1,0,0,1,0,0,0,0,1,8.67993E+20,5.75199E+21,1.43381E+16,5.17973E+16
165364,14,7,13,0,2018,1,7,5,3,6,2,0,0,1,1,0,0,0,0,7.38223E+20,5.69069E+21,1.24188E+16,5.13175E+16
165365,12,0,60,52,2018,12,12,6,3,5,1,0,1,1,0,0,0,0,1,8.2465E+20,5.86439E+21,1.38203E+16,5.28313E+16
165366,14,6,25,430,2018,1,9,5,2,6,6,0,1,0,1,0,0,0,1,8.37371E+20,5.68199E+21,1.38289E+16,5.11895E+16
165367,12,0,60,52,2018,12,15,6,3,5,3,0,1,1,0,0,0,0,1,8.19943E+20,5.86468E+21,1.3751E+16,5.28367E+16
165368,12,0,60,24,2018,12,16,6,3,8,1,2,0,1,0,0,0,0,1,8.14818E+20,5.85475E+21,1.36656E+16,5.27507E+16
165369,14,6,28,270,2018,1,13,5,3,5,3,0,0,1,0,1,0,0,0,8.46447E+20,5.65709E+21,1.39344E+16,5.0961E+16
165370,12,0,60,20,2018,12,6,6,3,1,5,2,1,1,0,0,0,0,1,8.09435E+20,5.84745E+21,1.35792E+16,5.26884E+16
165371,12,0,69,304,2018,12,19,5,3,5,2,2,0,1,0,0,0,0,1,7.84724E+20,5.81409E+21,1.31861E+16,5.24029E+16
165372,14,6,28,160,2018,1,14,5,3,5,3,0,0,1,0,0,0,0,0,8.42175E+20,5.65833E+21,1.3875E+16,5.09747E+16
165373,14,6,12,0,2018,1,13,5,3,6,2,0,0,0,1,0,0,1,0,8.30997E+20,5.66641E+21,1.37237E+16,5.10536E+16
165374,12,0,54,0,2018,12,12,5,3,5,3,0,1,1,0,0,0,0,1,7.78959E+20,5.81252E+21,1.31002E+16,5.23917E+16
165375,14,6,12,0,2018,1,18,5,3,5,3,2,1,1,0,0,0,0,0,8.34846E+20,5.66568E+21,1.37777E+16,5.10448E+16
165376,14,6,12,0,2018,1,18,5,2,5,2,2,0,1,0,0,0,1,0,8.32947E+20,5.66741E+21,1.37523E+16,5.10615E+16
165377,12,0,54,0,2018,12,15,5,3,4,6,0,1,1,0,0,0,0,1,7.78274E+20,5.81229E+21,1.309E+16,5.239E+16
165378,14,5,11,0,2018,1,18,5,3,2,2,2,0,1,0,0,0,1,0,7.771E+20,5.63723E+21,1.29345E+16,5.08204E+16
165379,12,0,54,0,2018,12,16,5,3,0,4,1,1,0,1,0,0,0,0,7.76032E+20,5.81321E+21,1.30579E+16,5.23993E+16
165380,12,0,61,320,2018,12,15,5,2,5,3,0,1,1,0,0,0,0,0,8.23813E+20,5.75478E+21,1.37024E+16,5.18497E+16
165381,12,0,61,260,2018,12,2,5,3,8,1,2,0,1,0,0,0,0,1,8.15706E+20,5.80312E+21,1.36297E+16,5.22875E+16
165382,14,5,11,0,2018,1,20,5,3,3,2,2,1,1,0,0,0,0,0,7.75472E+20,5.63974E+21,1.29133E+16,5.08436E+16
165383,12,0,61,260,2018,12,9,5,3,3,6,0,1,0,0,0,0,0,0,8.15513E+20,5.80371E+21,1.36274E+16,5.22929E+16
165384,14,7,13,0,2018,1,13,4,2,6,4,0,0,1,1,0,0,0,0,7.35099E+20,5.69429E+21,1.23764E+16,5.13511E+16
165385,12,0,62,124,2018,12,13,5,3,3,2,0,1,1,0,0,0,0,1,8.14722E+20,5.71094E+21,1.35313E+16,5.14619E+16
165386,12,0,62,140,2018,12,11,5,3,5,3,0,0,1,0,0,0,0,0,8.25806E+20,5.73088E+21,1.37088E+16,5.16344E+16
165387,14,5,23,320,2018,1,12,4,2,6,4,0,0,0,1,0,0,1,0,7.24994E+20,5.59807E+21,1.21722E+16,5.04914E+16
165388,12,0,52,0,2018,12,7,5,3,6,2,0,0,1,1,0,0,0,0,8.66606E+20,5.74775E+21,1.43136E+16,5.17604E+16
165389,14,5,23,20,2018,1,11,4,3,2,2,0,0,1,0,0,0,0,0,7.42488E+20,5.59984E+21,1.24195E+16,5.05002E+16
165390,14,7,13,0,2018,1,11,4,3,3,2,0,1,0,0,0,0,1,0,7.35099E+20,5.69413E+21,1.23763E+16,5.13498E+16
165391,12,0,73,532,2018,12,15,5,2,5,3,0,0,1,0,0,0,0,1,8.53598E+20,5.89234E+21,1.42787E+16,5.30632E+16
165392,14,7,13,0,2018,1,9,4,3,2,2,0,1,0,0,0,0,0,0,7.31985E+20,5.69022E+21,1.23291E+16,5.13159E+16
165393,12,0,64,472,2018,12,10,5,3,4,2,0,0,1,0,0,0,0,1,8.29999E+20,5.83527E+21,1.38702E+16,5.25672E+16
165394,14,7,13,0,2018,1,10,4,3,1,5,0,1,1,0,0,0,0,0,7.35396E+20,5.69099E+21,1.23785E+16,5.13214E+16
165395,12,0,64,472,2018,12,12,5,3,5,3,0,1,1,0,0,0,0,0,8.30954E+20,5.83732E+21,1.38863E+16,5.25849E+16
165396,14,6,12,0,2018,1,17,3,3,5,3,2,1,1,0,0,0,0,0,8.33993E+20,5.66246E+21,1.37626E+16,5.10165E+16
165397,14,7,13,0,2018,1,13,4,2,6,7,0,0,0,1,0,0,1,0,7.38796E+20,5.69602E+21,1.24306E+16,5.13651E+16
165398,12,0,53,0,2018,12,14,5,3,5,3,0,0,1,0,0,0,0,1,8.76575E+20,5.81301E+21,1.45293E+16,5.23377E+16
165399,14,7,13,0,2018,1,12,4,3,4,2,0,0,1,0,0,0,0,0,7.36581E+20,5.69129E+21,1.23957E+16,5.13237E+16
165400,12,0,68,320,2018,12,12,5,3,3,5,0,1,1,0,0,0,0,1,7.55711E+20,5.87062E+21,1.28044E+16,5.29242E+16
165401,14,7,13,0,2018,1,10,4,2,6,4,0,0,1,1,0,0,0,0,7.36201E+20,5.69189E+21,1.23906E+16,5.13292E+16
165402,14,6,26,110,2018,1,7,4,3,5,3,1,1,1,0,0,0,0,1,9.18732E+20,5.6828E+21,1.49882E+16,5.1143E+16
165403,12,0,72,120,2018,12,16,4,3,1,7,0,1,1,0,0,0,0,0,7.91745E+20,5.80873E+21,1.32843E+16,5.23511E+16
165404,14,6,27,210,2018,1,7,4,3,5,3,1,1,1,0,0,0,0,1,8.25712E+20,5.67353E+21,1.36549E+16,5.11204E+16
165405,12,0,72,120,2018,12,4,4,3,8,1,2,0,1,0,0,0,0,2,7.94499E+20,5.81387E+21,1.33291E+16,5.23957E+16
165406,14,6,12,0,2018,1,17,4,3,5,3,2,1,1,0,0,0,0,0,8.32915E+20,5.66432E+21,1.3749E+16,5.10338E+16
165407,12,0,69,604,2018,12,7,4,2,0,1,2,1,0,0,0,0,0,2,7.86615E+20,5.81315E+21,1.3213E+16,5.23934E+16
165408,14,5,11,0,2018,1,18,3,3,5,3,2,0,1,0,0,0,0,1,7.77295E+20,5.63982E+21,1.29392E+16,5.08435E+16
165409,14,6,12,0,2018,1,16,4,3,1,5,2,0,1,0,0,0,0,0,8.36714E+20,5.66216E+21,1.3801E+16,5.10122E+16
165410,12,0,69,616,2018,12,12,4,3,5,2,0,1,0,0,0,0,0,0,7.92237E+20,5.81464E+21,1.32967E+16,5.24038E+16
165411,14,6,12,0,2018,1,7,4,3,5,2,2,1,1,0,0,0,0,1,8.33796E+20,5.66878E+21,1.37657E+16,5.10732E+16
165412,12,0,66,304,2018,12,8,4,3,0,1,0,1,0,0,0,0,0,2,8.46676E+20,5.71991E+21,1.39984E+16,5.15236E+16
165413,14,6,12,0,2018,1,11,4,3,5,3,0,0,1,0,0,0,0,1,8.3658E+20,5.66473E+21,1.38015E+16,5.10353E+16
165414,12,0,61,112,2018,12,7,4,3,1,1,2,0,1,0,0,0,0,2,8.14704E+20,5.81326E+21,1.36246E+16,5.2379E+16
165415,12,0,61,540,2018,12,17,4,3,5,7,2,0,1,0,0,0,0,0,8.13744E+20,5.80615E+21,1.36039E+16,5.23158E+16
165416,14,5,23,340,2018,1,17,2,3,5,3,2,0,1,0,0,0,0,0,7.33609E+20,5.61335E+21,1.2303E+16,5.06251E+16
165417,14,6,12,0,2018,1,5,4,3,5,3,2,1,0,0,0,0,1,1,8.346E+20,5.66622E+21,1.37747E+16,5.10498E+16
165418,12,0,60,52,2018,12,16,4,3,6,2,0,0,1,1,0,0,0,0,8.18976E+20,5.86475E+21,1.37367E+16,5.28378E+16
165419,14,5,22,520,2018,1,11,4,3,1,7,0,0,1,0,0,0,0,1,8.12477E+20,5.62678E+21,1.34264E+16,5.07087E+16
165420,12,0,60,20,2018,12,16,4,3,4,2,2,0,1,0,0,0,0,1,8.09257E+20,5.84561E+21,1.35749E+16,5.2672E+16
165421,14,5,22,180,2018,1,9,4,3,5,3,0,1,1,0,0,0,0,0,8.0573E+20,5.64993E+21,1.33504E+16,5.09199E+16
165422,12,0,64,482,2018,12,8,4,3,8,1,0,0,1,0,0,0,0,2,8.61235E+20,5.83201E+21,1.43256E+16,5.25182E+16
165423,14,7,29,370,2018,1,11,2,3,9,1,0,0,1,0,0,0,0,0,7.44017E+20,5.678E+21,1.24931E+16,5.12012E+16
165424,14,5,22,570,2018,1,11,4,2,5,3,0,0,1,0,0,0,0,1,7.81098E+20,5.66576E+21,1.30131E+16,5.10744E+16
165425,14,5,11,0,2018,1,17,4,3,6,4,2,0,1,1,0,0,0,0,7.74233E+20,5.63415E+21,1.28916E+16,5.07941E+16
165426,12,0,64,336,2018,12,7,4,2,0,1,1,1,0,0,0,0,0,2,8.17988E+20,5.82917E+21,1.36878E+16,5.25196E+16
165427,14,5,24,330,2018,1,18,3,2,6,4,2,0,1,1,0,0,0,0,7.46239E+20,5.62439E+21,1.24886E+16,5.07191E+16
165428,12,0,64,227,2018,12,8,4,3,4,1,0,0,1,0,0,0,0,2,8.15389E+20,5.83058E+21,1.3651E+16,5.25338E+16
165429,12,0,64,227,2018,12,7,4,3,8,1,2,0,1,0,0,0,0,2,8.17279E+20,5.82637E+21,1.36747E+16,5.2495E+16
165430,14,7,29,160,2018,1,17,3,3,5,3,2,0,1,0,0,0,0,0,7.58536E+20,5.68221E+21,1.27035E+16,5.12326E+16
165431,12,0,53,0,2018,12,9,4,3,6,4,0,0,1,1,0,0,0,1,8.75879E+20,5.81573E+21,1.45221E+16,5.23626E+16
165432,12,0,67,144,2018,12,11,4,3,9,7,0,0,1,0,0,0,0,0,8.44097E+20,5.81255E+21,1.4054E+16,5.2355E+16
165433,14,7,13,0,2018,1,0,2,3,6,4,2,0,1,1,0,0,0,0,7.35051E+20,5.69114E+21,1.23736E+16,5.13229E+16
165434,14,7,30,70,2018,1,14,3,2,5,7,0,1,1,0,0,0,0,0,7.29453E+20,5.71558E+21,1.23093E+16,5.15446E+16
165435,12,0,65,136,2018,12,21,4,2,3,2,2,1,1,0,0,0,0,1,7.84138E+20,5.84056E+21,1.32001E+16,5.26405E+16
165436,14,6,12,0,2018,1,10,2,3,4,2,0,0,1,0,0,0,0,1,8.30049E+20,5.66987E+21,1.37133E+16,5.10852E+16
165437,14,7,13,0,2018,1,8,3,3,1,5,1,1,1,0,0,0,0,0,7.37324E+20,5.69304E+21,1.24075E+16,5.13391E+16
165438,14,6,12,0,2018,1,16,3,3,2,6,2,0,1,0,0,0,0,1,8.34293E+20,5.66354E+21,1.37679E+16,5.1026E+16
165439,12,0,65,136,2018,12,17,4,2,6,2,2,0,1,1,0,0,0,1,7.84115E+20,5.84007E+21,1.31993E+16,5.26361E+16
165440,14,6,12,0,2018,1,10,3,3,2,6,0,1,0,0,0,0,1,0,8.34471E+20,5.66843E+21,1.37749E+16,5.10697E+16
165441,14,6,12,0,2018,1,7,3,2,0,3,0,0,1,0,0,0,1,0,8.32522E+20,5.6645E+21,1.37436E+16,5.10356E+16
165442,12,0,65,198,2018,12,9,4,3,9,1,0,0,1,0,0,0,0,2,7.76665E+20,5.8719E+21,1.31164E+16,5.29253E+16
165443,14,6,12,0,2018,1,19,3,3,5,3,2,1,1,0,0,0,0,1,8.35611E+20,5.66473E+21,1.37877E+16,5.10359E+16
165444,14,5,11,0,2018,1,13,3,3,6,7,0,0,1,1,0,0,0,0,7.74521E+20,5.63672E+21,1.28976E+16,5.08171E+16
165445,12,0,72,17,2018,12,13,3,3,0,3,0,0,1,0,0,0,1,0,8.0014E+20,5.81053E+21,1.34088E+16,5.23627E+16
165446,14,5,23,320,2018,1,14,2,2,0,3,0,0,1,0,1,0,0,0,7.21402E+20,5.59786E+21,1.21215E+16,5.04908E+16
165447,12,0,63,36,2018,12,14,3,3,5,3,0,0,1,0,0,0,0,0,7.66276E+20,5.8307E+21,1.29288E+16,5.25611E+16
165448,12,0,63,80,2018,12,12,3,3,2,2,0,0,1,0,0,0,0,0,7.80378E+20,5.83112E+21,1.31367E+16,5.25578E+16
165449,14,5,24,80,2018,1,9,2,3,6,2,0,0,1,1,0,0,0,0,7.49563E+20,5.63593E+21,1.25434E+16,5.08212E+16
165450,12,0,54,0,2018,12,6,3,3,5,3,2,1,1,0,0,0,0,0,7.76126E+20,5.81328E+21,1.30593E+16,5.23999E+16
165451,12,0,69,688,2018,12,18,3,3,5,2,2,1,1,0,0,0,0,0,7.29396E+20,5.80954E+21,1.23712E+16,5.23879E+16
165452,14,6,27,50,2018,1,1,2,2,9,1,2,0,1,0,0,0,0,1,8.07012E+20,5.70365E+21,1.34144E+16,5.14008E+16
165453,14,5,24,200,2018,1,16,2,2,3,7,1,0,1,0,1,0,0,0,7.50994E+20,5.62596E+21,1.25569E+16,5.07311E+16
165454,12,0,71,160,2018,12,14,3,3,5,2,0,1,1,0,0,0,0,0,8.90927E+20,5.77049E+21,1.469E+16,5.19473E+16
165455,14,5,23,340,2018,1,14,2,3,6,6,0,0,1,1,0,0,0,1,7.34237E+20,5.61457E+21,1.23127E+16,5.06359E+16
165456,14,7,13,0,2018,1,16,2,3,2,2,2,0,1,0,0,0,0,0,7.35501E+20,5.69206E+21,1.23807E+16,5.1331E+16
165457,12,0,73,572,2018,12,0,3,3,9,1,2,0,1,0,0,0,0,0,8.05833E+20,5.88267E+21,1.35591E+16,5.30061E+16
165458,14,7,13,0,2018,1,15,2,3,6,7,0,0,1,1,0,0,0,0,7.35892E+20,5.6935E+21,1.23873E+16,5.13437E+16
165459,12,0,64,472,2018,12,13,3,3,5,3,0,0,1,0,0,0,0,0,8.29774E+20,5.83431E+21,1.3866E+16,5.25587E+16
165460,14,7,13,0,2018,1,7,2,3,5,3,1,1,0,0,0,1,0,0,7.36341E+20,5.69276E+21,1.23932E+16,5.13369E+16
165461,12,0,67,144,2018,12,11,3,3,6,7,0,0,1,1,0,0,0,0,8.43915E+20,5.81254E+21,1.40514E+16,5.2355E+16
165462,14,7,13,0,2018,1,15,2,3,3,2,0,1,1,0,0,0,0,0,7.35466E+20,5.69198E+21,1.23801E+16,5.13302E+16
165463,12,0,70,296,2018,12,7,3,3,5,3,2,1,1,0,0,0,0,1,6.91999E+20,5.88436E+21,1.18662E+16,5.30741E+16
165464,12,0,68,320,2018,12,6,3,3,5,3,2,1,1,0,0,0,0,1,7.55541E+20,5.87038E+21,1.28017E+16,5.29222E+16
165465,12,0,63,56,2018,12,14,2,3,6,4,0,0,1,1,0,0,0,0,7.7673E+20,5.82791E+21,1.30803E+16,5.25309E+16
165466,14,7,13,0,2018,1,7,2,3,5,3,2,0,1,0,1,0,0,0,7.41932E+20,5.69157E+21,1.24725E+16,5.13239E+16
165467,12,0,72,169,2018,12,18,2,3,9,1,2,0,1,0,0,0,0,1,7.79561E+20,5.76865E+21,1.30729E+16,5.1998E+16
165468,14,7,13,0,2018,1,16,2,3,3,2,1,1,1,0,0,0,0,0,7.36715E+20,5.68926E+21,1.23962E+16,5.13054E+16
165469,14,7,29,300,2018,1,17,2,3,5,3,1,0,1,0,1,0,0,0,7.5055E+20,5.68698E+21,1.25927E+16,5.1279E+16
165470,12,0,63,80,2018,12,13,2,3,5,3,0,1,0,0,0,0,1,0,7.77356E+20,5.8309E+21,1.3092E+16,5.25573E+16
165471,14,7,29,410,2018,1,7,2,2,5,3,1,1,1,0,0,0,0,0,7.60897E+20,5.69837E+21,1.27491E+16,5.13766E+16
165472,12,0,51,0,2018,12,14,2,3,3,6,0,1,0,0,0,0,1,0,7.31634E+20,5.81038E+21,1.24046E+16,5.23946E+16
165473,14,7,13,0,2018,1,7,2,3,5,2,0,1,1,0,0,0,0,0,7.32642E+20,5.69071E+21,1.23389E+16,5.132E+16
165474,12,0,61,260,2018,12,10,2,3,5,3,0,0,1,0,0,0,1,1,8.18547E+20,5.80551E+21,1.36735E+16,5.23073E+16
165475,12,0,52,0,2018,12,9,2,3,5,3,0,0,1,0,0,0,0,0,8.69305E+20,5.74818E+21,1.4353E+16,5.17624E+16
165476,14,7,13,0,2018,1,15,2,3,1,5,0,1,1,0,0,0,0,0,7.34728E+20,5.69018E+21,1.23684E+16,5.13144E+16
165477,14,6,25,450,2018,1,7,2,3,6,6,0,0,1,1,0,0,0,0,8.50271E+20,5.6822E+21,1.40129E+16,5.11836E+16
165478,12,0,66,196,2018,12,10,2,2,5,2,0,1,1,0,0,0,0,1,8.40159E+20,5.75745E+21,1.39414E+16,5.18639E+16
165479,14,6,25,20,2018,1,10,2,3,5,3,0,0,1,0,0,0,0,0,8.8024E+20,5.68463E+21,1.44424E+16,5.11863E+16
165480,12,0,66,304,2018,12,9,2,3,6,6,0,1,0,1,0,0,0,0,8.44676E+20,5.7174E+21,1.39673E+16,5.15024E+16
165481,12,0,60,269,2018,12,10,2,3,8,1,0,0,1,0,0,0,0,1,8.0098E+20,5.85356E+21,1.34601E+16,5.27479E+16
165482,14,6,12,0,2018,1,12,2,3,1,5,0,0,1,0,0,0,1,0,8.30345E+20,5.66417E+21,1.37123E+16,5.10339E+16
165483,12,0,61,260,2018,12,20,2,3,1,5,2,0,1,0,0,0,0,1,8.20231E+20,5.80487E+21,1.36975E+16,5.23006E+16
165484,12,0,71,160,2018,12,7,2,3,5,3,0,1,1,0,0,0,0,0,8.90668E+20,5.7713E+21,1.46872E+16,5.19548E+16
165485,14,6,12,0,2018,1,17,2,3,5,3,2,0,1,0,0,0,0,0,8.36783E+20,5.66633E+21,1.38059E+16,5.10496E+16
165486,12,0,52,0,2018,12,14,2,3,6,4,0,0,1,1,0,0,0,0,8.68916E+20,5.74401E+21,1.4343E+16,5.17253E+16
165487,14,6,12,0,2018,1,23,2,3,5,3,2,0,1,0,0,0,0,0,8.33794E+20,5.66878E+21,1.37656E+16,5.10732E+16
165488,12,0,64,380,2018,12,16,2,3,1,5,1,1,1,0,0,0,0,0,8.26762E+20,5.83195E+21,1.38194E+16,5.25394E+16
165489,14,5,21,370,2018,1,15,2,3,1,7,0,0,1,0,0,0,0,0,7.62896E+20,5.61337E+21,1.27163E+16,5.06128E+16
165490,14,5,11,0,2018,1,16,2,3,5,3,2,0,1,0,0,0,1,1,7.72681E+20,5.63687E+21,1.28716E+16,5.08192E+16
165491,12,0,64,227,2018,12,10,2,3,5,3,0,0,1,0,0,0,0,0,8.14537E+20,5.82754E+21,1.36356E+16,5.2507E+16
165492,14,7,13,0,2018,1,0,1,3,2,6,2,0,1,0,0,0,0,0,7.34654E+20,5.69328E+21,1.23694E+16,5.13423E+16
165493,12,0,53,0,2018,12,17,2,2,6,2,2,0,1,1,0,0,0,0,8.77983E+20,5.81357E+21,1.45505E+16,5.23418E+16
165494,12,0,70,149,2018,12,9,2,3,8,1,0,0,1,0,0,0,0,2,7.07889E+20,5.87439E+21,1.20966E+16,5.29787E+16
165495,14,7,13,0,2018,1,19,1,3,5,3,2,0,1,0,0,0,0,0,7.29936E+20,5.6932E+21,1.23017E+16,5.13435E+16
165496,12,0,72,169,2018,12,19,1,3,5,3,2,0,1,0,0,0,0,1,7.79986E+20,5.76914E+21,1.30794E+16,5.20021E+16
165497,12,0,61,316,2018,12,11,1,3,5,3,0,0,1,0,0,0,0,0,8.36747E+20,5.76589E+21,1.39003E+16,5.19415E+16
165498,12,0,67,36,2018,12,17,7,3,5,2,2,1,1,0,0,0,0,1,8.59093E+20,5.79293E+21,1.42524E+16,5.21697E+16
165499,12,0,65,198,2018,12,10,7,2,8,1,0,0,1,0,0,0,0,0,7.82494E+20,5.86859E+21,1.32E+16,5.28926E+16
165500,14,7,13,0,2018,1,3,1,2,6,4,2,0,1,1,0,0,0,1,7.36942E+20,5.69049E+21,1.24003E+16,5.13163E+16
165501,12,0,72,232,2018,12,5,6,2,5,3,1,1,1,0,0,0,0,1,7.85258E+20,5.77969E+21,1.31649E+16,5.20941E+16
165502,12,0,69,696,2018,12,7,6,3,1,7,0,0,1,0,0,0,0,1,7.24296E+20,5.79589E+21,1.22873E+16,5.22675E+16
165503,14,7,13,0,2018,1,11,1,2,5,3,0,0,1,0,0,0,0,1,7.35602E+20,5.6971E+21,1.23855E+16,5.13761E+16
165504,14,6,26,245,2018,1,17,1,2,6,4,2,0,1,1,0,0,0,1,8.96402E+20,5.66178E+21,1.46476E+16,5.09708E+16
165505,12,0,73,8,2018,12,8,6,2,6,7,0,0,1,1,0,0,0,1,8.34869E+20,5.88542E+21,1.39931E+16,5.30133E+16
165506,14,6,12,0,2018,1,20,1,3,0,1,2,0,1,0,0,0,0,1,8.34501E+20,5.66742E+21,1.37744E+16,5.10606E+16
165507,14,7,13,0,2018,1,18,7,3,2,6,2,0,1,0,0,0,0,0,7.31176E+20,5.69068E+21,1.23178E+16,5.13204E+16
165508,12,0,73,452,2018,12,10,6,2,5,2,0,1,0,0,0,0,0,1,8.24362E+20,5.91794E+21,1.387E+16,5.33111E+16
165509,14,7,13,0,2018,1,18,7,3,5,3,2,0,1,0,0,0,0,0,7.35117E+20,5.69398E+21,1.23765E+16,5.13484E+16
165510,12,0,70,424,2018,12,11,6,3,5,3,0,0,1,0,0,0,0,0,6.85131E+20,5.87532E+21,1.17586E+16,5.29954E+16
165511,12,0,72,169,2018,12,10,5,3,5,3,0,0,1,0,0,0,0,0,7.80003E+20,5.76814E+21,1.30789E+16,5.19932E+16
165512,12,0,54,0,2018,12,20,5,3,1,1,2,1,0,0,0,0,1,0,7.78273E+20,5.81256E+21,1.30902E+16,5.23924E+16
165513,12,0,65,144,2018,12,10,2,3,5,3,0,0,1,0,0,0,0,0,7.89075E+20,5.84399E+21,1.32759E+16,5.26686E+16
165514,14,5,22,570,2018,1,14,7,3,2,2,0,1,1,0,0,0,0,1,7.81577E+20,5.66565E+21,1.30198E+16,5.10731E+16
165515,12,0,54,0,2018,12,14,5,3,0,1,0,1,0,0,0,0,0,0,7.76299E+20,5.81484E+21,1.30632E+16,5.24139E+16
165516,12,0,61,320,2018,12,20,1,3,0,7,2,0,1,1,0,0,0,0,8.31995E+20,5.75288E+21,1.38189E+16,5.18279E+16
165517,14,5,11,0,2018,1,17,7,3,5,3,2,1,1,0,0,0,0,1,7.73497E+20,5.6383E+21,1.28842E+16,5.08317E+16
165518,14,5,11,0,2018,1,1,7,3,0,7,2,0,1,0,0,0,1,0,7.77274E+20,5.63898E+21,1.29383E+16,5.0836E+16
165519,14,7,13,0,2018,1,13,6,3,6,7,0,0,1,1,0,0,0,1,7.36043E+20,5.69225E+21,1.23886E+16,5.13325E+16
165520,12,0,62,224,2018,12,19,5,3,9,1,2,0,1,0,0,0,0,1,7.91421E+20,5.73604E+21,1.32177E+16,5.16995E+16
165521,12,0,67,24,2018,12,13,1,3,5,2,0,1,0,0,0,0,1,1,8.45231E+20,5.80805E+21,1.4066E+16,5.2314E+16
165522,14,7,13,0,2018,1,7,6,3,5,3,0,1,0,0,0,1,0,0,7.34653E+20,5.69321E+21,1.23693E+16,5.13417E+16
165523,14,6,25,240,2018,1,10,6,2,6,4,0,0,1,1,0,0,0,0,8.66275E+20,5.71227E+21,1.42718E+16,5.14429E+16
165524,12,0,65,256,2018,12,14,5,3,2,2,0,0,1,0,0,0,0,0,7.86794E+20,5.8503E+21,1.32477E+16,5.27264E+16
165525,14,6,12,0,2018,1,16,6,3,3,6,1,1,1,0,0,0,0,1,8.35686E+20,5.66413E+21,1.37882E+16,5.10305E+16