OBJECTID_1,ULAND,UREGBEZ,UKREIS,UGEMEINDE,UJAHR,UMONAT,USTUNDE,UWOCHENTAG,UKATEGORIE,UART,UTYP1,ULICHTVERH,IstRad,IstPKW,IstFuss,IstKrad,IstGkfz,IstSonstig,STRZUSTAND,LINREFX,LINREFY,XGCSWGS84,YGCSWGS84
165526,12,0,69,604,2018,12,12,4,3,2,2,0,0,1,0,0,0,0,1,7.85966E+20,5.81196E+21,1.32025E+16,5.23831E+16
165527,14,6,12,0,2018,1,15,6,3,4,1,0,0,1,0,0,0,0,1,8.24897E+20,5.66436E+21,1.36351E+16,5.10387E+16
165528,12,0,69,249,2018,12,23,4,3,9,1,2,0,1,0,0,0,0,1,7.53463E+20,5.81347E+21,1.27271E+16,5.24126E+16
165529,12,0,66,304,2018,12,7,4,3,6,4,2,0,1,1,0,0,0,1,8.45815E+20,5.71883E+21,1.3985E+16,5.15145E+16
165530,12,0,69,616,2018,12,0,7,3,8,1,2,0,1,0,0,0,0,1,7.90351E+20,5.81457E+21,1.3269E+16,5.24042E+16
165531,14,6,12,0,2018,1,12,6,3,0,2,0,0,0,0,0,0,1,0,8.31127E+20,5.66604E+21,1.37252E+16,5.10502E+16
165532,12,0,65,193,2018,12,19,4,3,1,5,2,0,1,0,0,0,0,1,7.9851E+20,5.8679E+21,1.34367E+16,5.28778E+16
165533,14,6,12,0,2018,1,16,6,3,5,3,1,1,1,0,0,0,0,0,8.35443E+20,5.66473E+21,1.37853E+16,5.10359E+16
165534,12,0,72,232,2018,12,12,3,3,6,7,0,0,0,1,0,0,1,0,7.85639E+20,5.77881E+21,1.31697E+16,5.2086E+16
165535,14,6,12,0,2018,1,16,6,2,5,3,2,1,1,0,0,0,0,0,8.29624E+20,5.66424E+21,1.37022E+16,5.10349E+16
165536,12,0,54,0,2018,12,14,3,3,6,4,0,0,1,1,0,0,0,1,7.78414E+20,5.81099E+21,1.3091E+16,5.23783E+16
165537,12,0,54,0,2018,12,15,3,3,6,4,0,0,0,1,0,0,1,1,7.81394E+20,5.80935E+21,1.31333E+16,5.23621E+16
165538,14,5,24,190,2018,1,12,5,3,8,1,0,0,1,0,0,0,0,0,7.44748E+20,5.63869E+21,1.2477E+16,5.0848E+16
165539,12,0,69,397,2018,12,18,3,3,7,1,2,1,0,0,0,0,0,1,7.74789E+20,5.80387E+21,1.3032E+16,5.23163E+16
165540,14,5,23,20,2018,1,20,5,2,4,2,2,0,1,0,0,0,0,1,7.3967E+20,5.60242E+21,1.23815E+16,5.05245E+16
165541,12,0,51,0,2018,12,8,3,3,5,3,0,0,1,0,0,0,0,0,7.40326E+20,5.81196E+21,1.25333E+16,5.2405E+16
165542,12,0,61,316,2018,12,22,7,3,8,1,2,1,0,0,0,0,0,1,8.35121E+20,5.76599E+21,1.38768E+16,5.19435E+16
165543,14,7,13,0,2018,1,21,5,3,3,6,2,1,0,0,0,0,0,0,7.3406E+20,5.69073E+21,1.23592E+16,5.13196E+16
165544,12,0,66,296,2018,12,16,3,3,4,1,1,0,1,0,0,1,0,1,8.35768E+20,5.71486E+21,1.3837E+16,5.14849E+16
165545,14,7,13,0,2018,1,16,5,3,5,2,2,1,1,0,0,0,0,1,7.40902E+20,5.69637E+21,1.2461E+16,5.13674E+16
165546,12,0,66,304,2018,12,13,3,3,3,3,0,0,1,0,0,0,0,1,8.4703E+20,5.71997E+21,1.40036E+16,5.1524E+16
165547,14,7,13,0,2018,1,15,5,3,6,4,0,0,1,1,0,0,0,1,7.30767E+20,5.6937E+21,1.23139E+16,5.13476E+16
165548,12,0,62,140,2018,12,10,3,2,5,3,0,1,1,0,0,0,0,1,8.25934E+20,5.72941E+21,1.37093E+16,5.16211E+16
165549,12,0,52,0,2018,12,7,3,2,5,2,2,1,1,0,0,0,0,1,8.67282E+20,5.74352E+21,1.43189E+16,5.1722E+16
165550,12,0,61,540,2018,12,11,7,3,5,3,0,0,1,0,1,0,0,0,8.14999E+20,5.80722E+21,1.36232E+16,5.23247E+16
165551,14,7,13,0,2018,1,16,5,3,6,4,2,0,1,1,0,0,0,0,7.35415E+20,5.69031E+21,1.23783E+16,5.13153E+16
165552,12,0,52,0,2018,12,7,3,2,6,2,2,0,1,1,0,0,0,1,8.67885E+20,5.7457E+21,1.43299E+16,5.17411E+16
165553,12,0,60,52,2018,12,17,7,3,9,1,2,0,1,0,0,0,0,1,8.21372E+20,5.86325E+21,1.37707E+16,5.2823E+16
165554,14,6,26,110,2018,1,21,5,3,6,2,2,0,1,1,0,0,0,1,9.18305E+20,5.68403E+21,1.49835E+16,5.11544E+16
165555,14,6,12,0,2018,1,11,5,3,5,3,0,0,1,0,0,0,0,0,8.38403E+20,5.66173E+21,1.38246E+16,5.10074E+16
165556,14,6,12,0,2018,1,20,5,3,5,3,2,1,1,0,0,0,0,1,8.33246E+20,5.6668E+21,1.3756E+16,5.10558E+16
165557,12,0,52,0,2018,12,6,3,3,5,3,2,1,1,0,0,0,0,1,8.70046E+20,5.7489E+21,1.43645E+16,5.17684E+16
165558,14,6,12,0,2018,1,17,5,3,5,3,2,1,1,0,0,0,0,1,8.3476E+20,5.66433E+21,1.37753E+16,5.10328E+16
165559,14,6,12,0,2018,1,8,5,3,3,2,0,0,1,0,0,0,0,1,8.34506E+20,5.66742E+21,1.37745E+16,5.10607E+16
165560,12,0,52,0,2018,12,6,3,3,6,2,2,0,1,1,0,0,0,1,8.67427E+20,5.74711E+21,1.43248E+16,5.17541E+16
165561,14,6,12,0,2018,1,15,5,3,3,6,0,0,1,0,0,0,0,0,8.3479E+20,5.6667E+21,1.37779E+16,5.1054E+16
165562,12,0,73,572,2018,12,18,3,3,1,5,2,1,1,0,0,0,0,1,8.00309E+20,5.89538E+21,1.34889E+16,5.31231E+16
165563,12,0,65,96,2018,12,12,3,3,6,2,0,0,1,1,0,0,0,0,7.91474E+20,5.8404E+21,1.33081E+16,5.26352E+16
165564,14,5,21,30,2018,1,16,5,2,5,3,1,0,1,0,0,0,0,0,7.62485E+20,5.61034E+21,1.27083E+16,5.05858E+16
165565,12,0,70,296,2018,12,13,3,3,5,3,0,1,1,0,0,0,0,1,6.91901E+20,5.88446E+21,1.18648E+16,5.30751E+16
165566,12,0,68,320,2018,12,13,3,3,6,4,0,0,1,1,0,0,0,0,7.56037E+20,5.87078E+21,1.28094E+16,5.29255E+16
165567,14,5,11,0,2018,1,10,5,3,8,1,0,1,0,0,0,0,1,1,7.76484E+20,5.63747E+21,1.29259E+16,5.08229E+16
165568,12,0,72,120,2018,12,7,2,3,5,7,0,1,1,0,0,0,0,0,7.93119E+20,5.80866E+21,1.33044E+16,5.23497E+16
165569,14,5,11,0,2018,1,19,5,3,5,3,2,0,1,0,0,0,1,1,7.71207E+20,5.64215E+21,1.28546E+16,5.08673E+16
165570,14,5,11,0,2018,1,23,5,3,3,6,2,0,1,0,1,0,0,1,7.77894E+20,5.63907E+21,1.29471E+16,5.08365E+16
165571,12,0,72,232,2018,12,18,2,2,6,4,2,0,1,1,0,0,0,1,7.85122E+20,5.77832E+21,1.31617E+16,5.20819E+16
165572,14,5,24,330,2018,1,17,4,2,5,3,2,0,1,0,0,0,0,0,7.42915E+20,5.62484E+21,1.24419E+16,5.07245E+16
165573,12,0,66,296,2018,12,7,2,3,6,4,1,0,1,1,0,0,0,0,8.37445E+20,5.71393E+21,1.38601E+16,5.14756E+16
165574,14,5,23,300,2018,1,14,4,2,6,7,0,0,1,1,0,0,0,1,7.25474E+20,5.58976E+21,1.21739E+16,5.04165E+16
165575,12,0,52,0,2018,12,7,2,2,5,2,2,1,1,0,0,0,0,1,8.68655E+20,5.74352E+21,1.43387E+16,5.17211E+16
165576,14,7,29,50,2018,1,12,4,2,3,6,0,0,1,0,0,0,0,1,7.44611E+20,5.66992E+21,1.24961E+16,5.11285E+16
165577,12,0,52,0,2018,12,5,2,3,5,3,2,1,1,0,0,0,0,1,8.67636E+20,5.74492E+21,1.43255E+16,5.17343E+16
165578,12,0,52,0,2018,12,12,2,3,5,2,0,1,1,0,0,0,0,0,8.68264E+20,5.7476E+21,1.43374E+16,5.17579E+16
165579,14,7,13,0,2018,1,7,4,3,5,2,2,1,1,0,0,0,0,1,7.35019E+20,5.6924E+21,1.2374E+16,5.13342E+16
165580,12,0,60,181,2018,12,17,2,2,5,2,2,0,1,0,1,0,0,0,8.06397E+20,5.84413E+21,1.35313E+16,5.26603E+16
165581,12,0,64,29,2018,12,9,2,3,5,3,0,1,0,0,0,0,1,0,8.20284E+20,5.83417E+21,1.37263E+16,5.25631E+16
165582,14,7,29,260,2018,1,15,4,3,6,4,0,0,1,1,0,0,0,0,7.35464E+20,5.68605E+21,1.23762E+16,5.1277E+16
165583,12,0,67,36,2018,12,16,2,2,6,4,2,0,1,1,0,0,0,1,8.58549E+20,5.79335E+21,1.4245E+16,5.21738E+16
165584,14,7,13,0,2018,1,7,4,2,6,2,1,0,1,1,0,0,0,1,7.34636E+20,5.69539E+21,1.23705E+16,5.13612E+16
165585,14,7,13,0,2018,1,15,4,3,1,6,0,0,1,0,0,0,0,1,7.39761E+20,5.68823E+21,1.24392E+16,5.12949E+16
165586,12,0,65,256,2018,12,18,2,2,5,3,2,1,0,0,0,0,1,1,7.84853E+20,5.85208E+21,1.32206E+16,5.27434E+16
165587,14,6,12,0,2018,1,8,4,3,8,1,0,0,1,0,0,0,0,1,8.29633E+20,5.66424E+21,1.37023E+16,5.10349E+16
165588,12,0,70,316,2018,12,13,2,2,0,1,0,1,1,0,0,0,0,1,7.12919E+20,5.89372E+21,1.21842E+16,5.31503E+16
165589,14,6,12,0,2018,1,14,4,3,5,3,0,1,1,0,0,0,0,1,8.30873E+20,5.66464E+21,1.37203E+16,5.10378E+16
165590,12,0,72,17,2018,12,12,1,2,9,1,0,0,1,0,0,0,0,1,8.01704E+20,5.80986E+21,1.34311E+16,5.23558E+16
165591,14,6,12,0,2018,1,5,4,2,0,1,2,1,0,0,0,0,0,1,8.34352E+20,5.66371E+21,1.37689E+16,5.10275E+16
165592,12,0,69,604,2018,12,12,1,3,3,6,0,1,1,0,0,0,0,1,7.86802E+20,5.8115E+21,1.32143E+16,5.23785E+16
165593,12,0,69,604,2018,12,18,1,3,6,4,2,0,1,1,0,0,0,1,7.8691E+20,5.81264E+21,1.32169E+16,5.23887E+16
165594,14,6,12,0,2018,1,12,4,3,5,3,0,0,1,0,0,0,0,0,8.37005E+20,5.66472E+21,1.38075E+16,5.1035E+16
165595,12,0,60,181,2018,12,16,1,2,5,3,2,0,1,0,0,0,0,1,8.08022E+20,5.8428E+21,1.35541E+16,5.26475E+16
165596,14,6,12,0,2018,1,11,4,3,5,3,0,1,1,0,0,0,0,1,8.31469E+20,5.66466E+21,1.37288E+16,5.10377E+16
165597,14,5,22,35,2018,1,13,4,3,5,3,0,1,1,0,0,0,0,1,8.13481E+20,5.64519E+21,1.34563E+16,5.08732E+16
165598,12,0,67,36,2018,12,13,1,3,5,2,0,0,1,0,0,0,0,1,8.5807E+20,5.79483E+21,1.42396E+16,5.21874E+16
165599,14,5,22,180,2018,1,14,4,3,6,4,0,0,1,1,0,0,0,0,8.04255E+20,5.64801E+21,1.33279E+16,5.09034E+16
165600,14,5,22,320,2018,1,17,4,3,0,7,2,0,1,1,0,0,0,1,7.91444E+20,5.63361E+21,1.31347E+16,5.07809E+16
165601,12,0,54,0,2018,12,16,7,3,3,2,2,0,1,0,0,0,1,1,7.76635E+20,5.81225E+21,1.30659E+16,5.23905E+16
165602,14,5,24,330,2018,1,22,3,3,6,4,2,0,1,1,0,0,0,1,7.44311E+20,5.62179E+21,1.24596E+16,5.06966E+16
165603,14,6,28,110,2018,1,7,3,3,5,3,2,1,1,0,0,0,0,1,8.26572E+20,5.66194E+21,1.36567E+16,5.10161E+16
165604,12,0,54,0,2018,12,14,7,3,6,4,0,1,0,1,0,0,0,1,7.74784E+20,5.81264E+21,1.30391E+16,5.23949E+16
165605,14,7,13,0,2018,1,6,3,3,5,3,2,1,1,0,0,0,0,1,7.35177E+20,5.68905E+21,1.23741E+16,5.13041E+16
165606,14,7,29,60,2018,1,6,3,3,5,3,2,1,1,0,0,0,0,1,7.46081E+20,5.69443E+21,1.25339E+16,5.13478E+16
165607,14,7,13,0,2018,1,8,3,3,4,1,0,0,1,0,0,0,0,1,7.36181E+20,5.69445E+21,1.2392E+16,5.13522E+16
165608,14,6,25,640,2018,1,9,3,2,4,6,0,1,1,0,0,1,1,1,8.64709E+20,5.70567E+21,1.42426E+16,5.13848E+16
165609,14,6,28,110,2018,1,7,3,3,5,3,2,0,1,0,0,0,0,1,8.27325E+20,5.66153E+21,1.3667E+16,5.1012E+16
165610,14,6,12,0,2018,1,18,3,2,5,3,2,1,1,0,0,0,0,1,8.33621E+20,5.66609E+21,1.37607E+16,5.10492E+16
165611,14,6,12,0,2018,1,21,3,3,0,1,2,0,0,0,1,0,0,0,8.25623E+20,5.66448E+21,1.36455E+16,5.10394E+16
165612,14,6,12,0,2018,1,13,3,3,5,3,0,0,1,0,0,0,0,1,8.3337E+20,5.66613E+21,1.37572E+16,5.10497E+16
165613,14,5,21,20,2018,1,11,3,3,0,7,0,0,1,0,0,0,0,2,7.82991E+20,5.60938E+21,1.29966E+16,5.05677E+16
165614,14,5,24,330,2018,1,20,2,3,6,2,2,0,1,1,0,0,0,1,7.46458E+20,5.62468E+21,1.24919E+16,5.07215E+16
165615,14,5,24,330,2018,1,7,2,3,6,7,0,0,1,1,0,0,0,0,7.46304E+20,5.62607E+21,1.24906E+16,5.07341E+16
165616,14,7,29,50,2018,1,7,2,3,2,6,2,1,1,0,0,0,0,1,7.44931E+20,5.66959E+21,1.25005E+16,5.11253E+16
165617,14,7,13,0,2018,1,16,2,3,0,7,0,0,0,0,1,0,0,1,7.35405E+20,5.69234E+21,1.23795E+16,5.13335E+16
165618,14,7,13,0,2018,1,23,2,2,5,2,2,1,1,0,0,0,0,1,7.39051E+20,5.69493E+21,1.24335E+16,5.13552E+16
165619,14,7,13,0,2018,1,6,2,2,5,2,2,0,1,0,0,0,0,1,7.33822E+20,5.69256E+21,1.2357E+16,5.13361E+16
165620,14,7,13,0,2018,1,17,2,3,5,3,2,1,1,0,0,0,0,1,7.35295E+20,5.69598E+21,1.23803E+16,5.13662E+16
165621,14,6,26,480,2018,1,15,2,2,5,3,0,0,1,0,0,0,0,1,9.15678E+20,5.70404E+21,1.49694E+16,5.13352E+16
165622,14,6,28,160,2018,1,7,2,3,5,2,1,1,1,0,0,0,0,2,8.4215E+20,5.65811E+21,1.38744E+16,5.09727E+16
165623,14,6,12,0,2018,1,8,2,3,0,1,0,1,0,0,0,0,0,2,8.33987E+20,5.66363E+21,1.37636E+16,5.1027E+16
165624,14,6,12,0,2018,1,9,2,3,4,6,0,1,1,0,0,0,0,0,8.32418E+20,5.66813E+21,1.37455E+16,5.10682E+16
165625,14,6,12,0,2018,1,18,2,2,6,4,2,1,0,1,0,0,0,1,8.32801E+20,5.66738E+21,1.37502E+16,5.10613E+16
165626,14,5,22,230,2018,1,7,2,2,6,4,2,0,1,1,0,0,0,0,7.89462E+20,5.65459E+21,1.31233E+16,5.097E+16
165627,14,5,22,180,2018,1,7,2,2,5,3,0,0,1,0,0,0,0,1,8.04838E+20,5.65054E+21,1.33382E+16,5.09258E+16
165628,14,5,21,550,2018,1,8,2,2,8,1,0,0,1,0,0,0,0,1,7.67666E+20,5.60571E+21,1.2778E+16,5.0542E+16
165629,14,7,13,0,2018,2,5,1,2,0,1,2,1,0,0,0,0,0,1,7.33466E+20,5.69222E+21,1.23517E+16,5.13332E+16
165630,14,5,11,0,2018,1,6,2,3,3,2,2,1,1,0,0,0,0,0,7.76153E+20,5.63694E+21,1.29208E+16,5.08182E+16
165631,14,6,25,20,2018,2,18,1,3,6,6,2,1,0,1,0,0,0,0,8.79044E+20,5.68319E+21,1.44239E+16,5.11741E+16
165632,14,7,13,0,2018,1,6,1,3,8,1,2,1,1,0,0,0,0,1,7.35059E+20,5.69046E+21,1.23733E+16,5.13168E+16
165633,14,6,12,0,2018,2,8,1,3,0,1,0,1,0,0,0,0,0,1,8.28994E+20,5.66517E+21,1.36941E+16,5.10436E+16
165634,14,6,12,0,2018,2,20,1,2,0,1,2,1,0,0,0,0,0,2,8.3132E+20,5.66902E+21,1.37307E+16,5.10768E+16
165635,14,7,13,0,2018,1,11,1,3,5,3,0,0,1,0,0,0,0,0,7.31775E+20,5.69102E+21,1.23266E+16,5.13232E+16
165636,14,6,12,0,2018,2,3,1,2,5,3,2,0,1,0,0,0,0,1,8.36176E+20,5.66258E+21,1.37938E+16,5.10163E+16
165637,14,5,11,0,2018,2,15,1,3,3,7,0,0,1,0,0,0,1,1,7.75736E+20,5.63832E+21,1.2916E+16,5.08308E+16
165638,14,6,25,240,2018,1,17,1,3,5,3,1,0,1,0,0,0,0,1,8.64331E+20,5.7122E+21,1.42439E+16,5.14435E+16
165639,14,5,24,330,2018,2,17,7,2,0,1,2,1,0,0,0,0,0,1,7.4485E+20,5.62104E+21,1.24667E+16,5.06896E+16
165640,14,6,28,190,2018,1,12,1,3,0,1,0,0,0,0,1,0,0,1,8.58982E+20,5.65995E+21,1.4115E+16,5.0979E+16
165641,14,6,28,110,2018,1,17,1,2,5,3,2,0,1,0,0,0,0,1,8.26987E+20,5.66186E+21,1.36625E+16,5.10151E+16
165642,14,7,13,0,2018,2,7,7,3,8,1,1,0,1,0,0,0,0,0,7.41464E+20,5.69399E+21,1.24675E+16,5.13458E+16
165643,14,6,12,0,2018,1,3,1,3,6,4,2,0,1,1,0,0,0,0,8.33031E+20,5.66801E+21,1.37541E+16,5.10668E+16
165644,14,7,13,0,2018,2,9,7,3,5,3,0,1,1,0,0,0,0,0,7.34405E+20,5.69297E+21,1.23656E+16,5.13396E+16
165645,14,7,13,0,2018,1,3,7,3,0,1,2,1,0,0,0,0,0,1,7.3692E+20,5.69316E+21,1.24018E+16,5.13403E+16
165646,14,7,13,0,2018,2,15,7,3,5,3,0,0,1,0,0,0,0,1,7.31735E+20,5.69059E+21,1.23258E+16,5.13193E+16
165647,14,7,13,0,2018,1,8,7,3,5,3,0,0,1,0,0,0,0,1,7.37562E+20,5.69261E+21,1.24106E+16,5.1335E+16
165648,14,6,25,430,2018,2,6,7,3,4,2,2,1,1,0,0,0,0,1,8.38094E+20,5.681E+21,1.38382E+16,5.11802E+16
165649,14,6,12,0,2018,2,4,7,2,6,4,2,0,0,1,0,0,1,1,8.25768E+20,5.66454E+21,1.36476E+16,5.10399E+16
165650,14,6,12,0,2018,1,12,7,2,5,2,0,0,1,0,0,0,0,0,8.29617E+20,5.66952E+21,1.37069E+16,5.10823E+16
165651,14,6,12,0,2018,2,14,7,3,0,7,0,0,0,0,0,0,1,0,8.31171E+20,5.67019E+21,1.37296E+16,5.10874E+16
165652,14,7,13,0,2018,2,15,6,3,3,6,0,1,1,0,0,0,0,0,7.30739E+20,5.69371E+21,1.23135E+16,5.13478E+16
165653,14,6,12,0,2018,1,9,7,2,5,3,0,0,1,0,0,0,0,0,8.35827E+20,5.66497E+21,1.3791E+16,5.10379E+16
165654,14,5,21,390,2018,1,8,7,3,6,7,0,0,0,1,0,0,1,2,7.96532E+20,5.606E+21,1.31846E+16,5.05307E+16
165655,14,7,13,0,2018,2,12,6,3,6,2,0,1,0,1,0,0,0,1,7.33088E+20,5.69159E+21,1.23458E+16,5.13278E+16
165656,14,7,30,300,2018,1,13,6,3,0,1,0,1,0,0,0,0,0,0,7.42049E+20,5.69747E+21,1.24782E+16,5.13768E+16
165657,14,7,13,0,2018,1,7,6,2,5,3,1,1,1,0,0,0,0,0,7.36685E+20,5.69303E+21,1.23983E+16,5.13392E+16
165658,14,7,13,0,2018,2,7,6,3,6,4,0,0,1,1,0,0,0,0,7.35971E+20,5.69095E+21,1.23867E+16,5.13208E+16
165659,14,7,13,0,2018,1,22,6,2,6,4,2,0,1,1,0,0,0,0,7.30113E+20,5.69317E+21,1.23042E+16,5.13431E+16
165660,14,7,13,0,2018,2,22,6,3,4,2,2,0,1,0,0,0,0,0,7.3622E+20,5.69253E+21,1.23913E+16,5.13349E+16
165661,14,7,13,0,2018,2,8,6,2,8,1,0,0,1,0,0,0,0,2,7.45561E+20,5.6932E+21,1.25256E+16,5.1337E+16
165662,14,7,13,0,2018,2,15,6,3,5,3,0,0,1,0,0,0,0,0,7.37427E+20,5.69324E+21,1.24091E+16,5.13407E+16
165663,14,6,25,100,2018,1,14,6,3,4,1,0,1,1,0,0,0,0,1,8.66754E+20,5.6783E+21,1.42439E+16,5.11384E+16
165664,14,6,12,0,2018,2,16,6,3,5,3,1,0,1,0,0,1,0,0,8.28028E+20,5.66973E+21,1.36845E+16,5.10851E+16
165665,14,6,27,230,2018,1,9,6,3,5,3,0,1,1,0,0,0,0,0,7.97419E+20,5.69189E+21,1.3267E+16,5.13005E+16
165666,14,6,12,0,2018,2,14,6,3,2,6,0,0,1,0,0,0,0,0,8.29793E+20,5.66946E+21,1.37093E+16,5.10816E+16
165667,14,6,12,0,2018,2,11,6,3,4,2,0,1,1,0,0,0,0,0,8.35004E+20,5.66563E+21,1.37799E+16,5.10443E+16
165668,14,6,12,0,2018,1,17,6,3,5,3,2,1,1,0,0,0,0,0,8.27309E+20,5.66545E+21,1.36704E+16,5.10471E+16
165669,14,5,11,0,2018,2,19,6,3,2,6,1,0,1,0,0,0,0,0,7.74792E+20,5.63917E+21,1.29032E+16,5.08389E+16
165670,14,6,12,0,2018,1,14,6,3,0,2,0,1,1,0,0,0,0,0,8.33666E+20,5.6664E+21,1.37616E+16,5.1052E+16
165671,14,6,12,0,2018,1,14,6,3,0,7,0,1,1,0,0,0,0,0,8.3625E+20,5.66609E+21,1.37981E+16,5.10477E+16
165672,14,5,11,0,2018,2,8,6,3,2,6,0,0,1,0,0,0,1,0,7.73832E+20,5.64151E+21,1.28914E+16,5.08603E+16
165673,14,6,12,0,2018,1,16,6,3,5,3,1,0,1,0,0,0,0,0,8.34416E+20,5.66612E+21,1.3772E+16,5.10491E+16
165674,14,7,30,110,2018,2,11,5,3,0,6,0,0,1,0,0,0,1,0,7.51356E+20,5.70681E+21,1.26183E+16,5.14566E+16
165675,14,6,12,0,2018,1,17,6,3,5,2,2,0,1,0,1,0,0,0,8.30927E+20,5.67042E+21,1.37263E+16,5.10896E+16
165676,14,7,13,0,2018,2,18,5,3,5,3,2,1,1,0,0,0,0,0,7.37346E+20,5.69292E+21,1.24077E+16,5.13379E+16
165677,14,5,21,310,2018,1,13,6,3,6,7,0,0,0,1,0,0,1,2,7.72344E+20,5.62946E+21,1.28613E+16,5.0753E+16
165678,14,7,13,0,2018,2,6,5,3,5,3,1,1,0,0,0,0,1,1,7.37272E+20,5.69441E+21,1.24076E+16,5.13513E+16
165679,14,5,22,180,2018,1,11,6,3,4,7,0,0,1,0,0,0,0,0,8.04881E+20,5.64788E+21,1.33366E+16,5.09019E+16
165680,14,7,29,160,2018,2,7,5,2,4,2,1,0,0,0,1,0,1,1,7.59407E+20,5.68198E+21,1.27158E+16,5.12302E+16
165681,14,5,22,110,2018,1,16,6,3,8,1,2,0,1,0,0,0,0,1,7.96625E+20,5.63605E+21,1.321E+16,5.08001E+16
165682,14,5,21,540,2018,1,15,6,3,4,1,0,0,1,0,0,0,0,1,7.5051E+20,5.60146E+21,1.25335E+16,5.05114E+16
165683,14,7,13,0,2018,2,15,5,3,5,3,0,1,1,0,0,0,0,0,7.37134E+20,5.69234E+21,1.24043E+16,5.13328E+16
165684,14,5,11,0,2018,1,13,6,3,4,7,0,0,1,0,0,0,0,1,7.75754E+20,5.64105E+21,1.29183E+16,5.08553E+16
165685,14,7,13,0,2018,2,15,5,2,5,3,0,1,1,0,0,0,0,0,7.3556E+20,5.69215E+21,1.23816E+16,5.13318E+16
165686,14,5,11,0,2018,1,16,6,3,2,2,1,0,1,0,0,0,0,1,7.77733E+20,5.63486E+21,1.29416E+16,5.07988E+16
165687,14,7,13,0,2018,2,8,5,3,5,3,0,0,1,0,0,0,1,1,7.37195E+20,5.69116E+21,1.24044E+16,5.13222E+16
165688,14,5,24,50,2018,1,17,5,3,8,1,2,0,0,0,0,1,0,1,7.42744E+20,5.6355E+21,1.24465E+16,5.08203E+16
165689,14,6,25,480,2018,2,6,5,3,6,4,1,0,1,1,0,0,0,1,8.443E+20,5.6741E+21,1.39201E+16,5.11147E+16
165690,14,6,25,450,2018,1,14,5,2,6,4,0,0,1,1,0,0,0,1,8.50302E+20,5.68261E+21,1.40138E+16,5.11873E+16
165691,14,6,25,20,2018,2,7,5,3,6,2,2,0,1,1,0,0,0,1,8.79677E+20,5.68299E+21,1.44327E+16,5.1172E+16
165692,14,6,26,300,2018,1,6,5,2,8,6,2,0,1,0,0,0,1,2,9.09827E+20,5.68031E+21,1.48587E+16,5.11273E+16
165693,14,6,27,230,2018,2,7,5,3,5,2,1,1,1,0,0,0,0,1,7.99022E+20,5.69247E+21,1.32905E+16,5.13048E+16
165694,14,6,12,0,2018,2,14,5,2,3,2,0,0,1,0,1,0,0,0,8.32698E+20,5.66353E+21,1.37452E+16,5.10268E+16
165695,14,6,26,110,2018,1,15,5,3,5,3,0,1,1,0,0,0,0,0,9.1833E+20,5.68375E+21,1.49836E+16,5.11518E+16
165696,14,5,11,0,2018,2,19,5,3,5,2,2,1,1,0,0,0,0,0,7.77427E+20,5.63993E+21,1.29411E+16,5.08445E+16
165697,14,6,27,180,2018,1,15,5,3,6,7,0,0,1,1,0,0,0,1,8.04043E+20,5.67178E+21,1.33448E+16,5.11167E+16
165698,14,5,24,330,2018,1,16,4,3,5,3,0,0,1,0,0,0,0,1,7.45355E+20,5.62464E+21,1.24763E+16,5.07217E+16
165699,14,6,27,210,2018,1,14,5,3,5,3,0,0,1,0,0,0,0,0,8.27234E+20,5.67146E+21,1.36747E+16,5.11011E+16
165700,14,7,13,0,2018,1,7,4,3,0,7,0,1,0,0,0,0,0,0,7.3477E+20,5.69554E+21,1.23725E+16,5.13625E+16
165701,14,6,12,0,2018,1,15,5,3,1,5,0,0,1,0,1,0,0,1,8.30937E+20,5.66406E+21,1.37207E+16,5.10326E+16
165702,14,6,12,0,2018,1,14,5,3,5,3,0,1,0,0,0,0,1,1,8.32882E+20,5.66846E+21,1.37524E+16,5.10709E+16
165703,14,7,30,20,2018,1,13,4,2,0,7,0,0,0,0,0,0,1,0,7.48205E+20,5.72268E+21,1.25842E+16,5.16004E+16
165704,14,6,12,0,2018,1,16,5,3,6,2,1,0,0,1,0,0,1,1,8.38165E+20,5.66682E+21,1.3826E+16,5.10532E+16
165705,14,7,13,0,2018,1,8,4,3,9,7,0,0,1,0,0,0,0,0,7.36137E+20,5.69943E+21,1.23947E+16,5.13969E+16
165706,14,7,13,0,2018,1,15,4,3,5,3,0,0,1,0,0,0,1,0,7.38458E+20,5.68967E+21,1.24215E+16,5.13083E+16
165707,14,6,12,0,2018,1,17,5,3,2,2,2,0,1,0,0,0,0,1,8.36644E+20,5.66332E+21,1.38011E+16,5.10227E+16
165708,14,7,13,0,2018,1,18,4,3,6,7,0,0,1,1,0,0,0,0,7.37113E+20,5.69508E+21,1.24058E+16,5.13575E+16
165709,14,6,12,0,2018,1,17,4,2,5,3,0,1,1,0,0,0,0,0,8.30541E+20,5.66903E+21,1.37196E+16,5.10774E+16
165710,14,6,12,0,2018,1,1,5,2,5,3,2,0,1,0,0,0,1,1,8.36964E+20,5.66485E+21,1.38071E+16,5.10362E+16