OBJECTID_1,ULAND,UREGBEZ,UKREIS,UGEMEINDE,UJAHR,UMONAT,USTUNDE,UWOCHENTAG,UKATEGORIE,UART,UTYP1,ULICHTVERH,IstRad,IstPKW,IstFuss,IstKrad,IstGkfz,IstSonstig,STRZUSTAND,LINREFX,LINREFY,XGCSWGS84,YGCSWGS84
165896,14,6,25,20,2018,2,11,6,2,6,4,0,0,1,1,0,0,0,0,8.80811E+20,5.68516E+21,1.44511E+16,5.11907E+16
165897,14,6,12,0,2018,3,18,3,3,5,3,2,1,1,0,0,0,0,1,8.34528E+20,5.66609E+21,1.37736E+16,5.10487E+16
165898,14,6,12,0,2018,2,17,6,3,5,3,0,0,1,0,0,0,0,0,8.29201E+20,5.67E+21,1.37014E+16,5.10868E+16
165899,14,6,12,0,2018,2,11,6,3,0,1,0,1,0,0,0,0,0,0,8.27844E+20,5.66497E+21,1.36775E+16,5.10426E+16
165900,14,6,12,0,2018,3,16,3,3,5,2,0,1,1,0,0,0,0,1,8.33246E+20,5.66681E+21,1.3756E+16,5.10559E+16
165901,14,6,12,0,2018,2,7,6,3,0,1,0,1,0,0,0,0,0,2,8.31909E+20,5.66647E+21,1.37367E+16,5.10537E+16
165902,14,6,12,0,2018,2,9,6,3,0,1,0,1,0,0,0,0,0,1,8.33832E+20,5.66479E+21,1.37625E+16,5.10374E+16
165903,14,5,22,60,2018,3,18,3,3,4,6,2,0,1,0,0,0,1,2,7.68149E+20,5.64595E+21,1.2814E+16,5.09028E+16
165904,14,6,12,0,2018,2,13,6,3,2,2,0,0,1,0,0,0,0,0,8.35364E+20,5.66459E+21,1.37841E+16,5.10348E+16
165905,14,5,22,150,2018,3,18,3,3,5,3,2,0,1,0,0,0,0,2,7.83856E+20,5.64792E+21,1.30384E+16,5.0913E+16
165906,14,6,12,0,2018,2,8,6,3,0,1,0,1,0,0,0,0,0,2,8.34847E+20,5.66568E+21,1.37777E+16,5.10448E+16
165907,14,6,27,220,2018,2,11,6,1,5,3,0,1,0,0,0,0,0,0,8.30172E+20,5.68342E+21,1.37275E+16,5.12065E+16
165908,14,6,27,220,2018,2,15,6,3,6,2,0,0,1,1,0,0,0,0,8.29957E+20,5.68369E+21,1.37247E+16,5.12091E+16
165909,14,5,22,80,2018,3,12,3,2,4,3,0,1,1,0,0,0,0,0,7.87103E+20,5.67163E+21,1.31033E+16,5.1124E+16
165910,14,5,21,150,2018,2,10,6,3,6,6,0,0,1,1,0,0,0,0,7.85334E+20,5.62551E+21,1.3042E+16,5.07112E+16
165911,14,5,11,0,2018,3,11,3,3,1,6,0,0,1,0,0,0,0,0,7.74827E+20,5.63815E+21,1.2903E+16,5.08297E+16
165912,14,5,22,110,2018,2,15,6,3,4,2,0,0,1,0,1,0,0,0,7.97794E+20,5.63598E+21,1.32264E+16,5.07989E+16
165913,14,5,11,0,2018,3,14,3,3,8,1,0,0,1,0,0,0,0,1,7.78416E+20,5.63936E+21,1.29547E+16,5.08389E+16
165914,14,5,11,0,2018,3,10,3,3,0,1,0,0,0,0,0,0,1,1,7.76074E+20,5.63834E+21,1.29208E+16,5.08308E+16
165915,14,7,29,80,2018,2,13,5,3,9,7,0,0,1,0,0,0,0,0,7.70422E+20,5.66927E+21,1.28637E+16,5.1111E+16
165916,14,5,24,30,2018,3,6,2,3,4,1,2,0,1,0,0,0,0,0,7.39716E+20,5.63523E+21,1.24034E+16,5.08191E+16
165917,14,7,30,20,2018,3,13,2,2,0,7,0,1,0,0,0,0,0,0,7.48437E+20,5.7212E+21,1.25865E+16,5.1587E+16
165918,14,7,13,0,2018,2,15,5,3,0,5,0,1,0,0,0,1,0,0,7.35767E+20,5.69302E+21,1.23852E+16,5.13395E+16
165919,14,7,13,0,2018,3,9,2,3,3,2,0,1,0,0,0,0,1,1,7.35275E+20,5.69088E+21,1.23767E+16,5.13205E+16
165920,14,7,13,0,2018,2,9,5,3,5,3,0,1,1,0,0,0,0,1,7.31427E+20,5.69313E+21,1.2323E+16,5.13422E+16
165921,14,7,13,0,2018,2,11,5,3,5,3,0,0,1,0,0,0,0,0,7.39759E+20,5.68823E+21,1.24391E+16,5.12949E+16
165922,14,7,13,0,2018,3,19,2,3,6,4,2,0,1,1,0,0,0,0,7.34963E+20,5.69604E+21,1.23756E+16,5.13669E+16
165923,14,7,13,0,2018,2,16,5,3,5,3,0,0,1,0,0,0,0,1,7.31605E+20,5.68841E+21,1.23225E+16,5.12998E+16
165924,14,7,13,0,2018,3,10,2,2,3,5,0,1,1,0,0,0,0,0,7.3501E+20,5.692E+21,1.23736E+16,5.13307E+16
165925,14,7,13,0,2018,2,7,5,3,5,3,0,1,1,0,0,0,0,0,7.37298E+20,5.69538E+21,1.24087E+16,5.136E+16
165926,14,6,28,270,2018,3,12,2,3,6,6,0,0,1,1,0,0,0,0,8.48236E+20,5.65735E+21,1.396E+16,5.09623E+16
165927,14,6,28,110,2018,2,15,5,3,1,5,0,1,1,0,0,0,0,0,8.27342E+20,5.66176E+21,1.36675E+16,5.1014E+16
165928,14,6,28,270,2018,3,18,2,3,1,5,2,0,1,0,1,0,0,0,8.45569E+20,5.65867E+21,1.39235E+16,5.09757E+16
165929,14,6,27,10,2018,3,16,2,3,0,1,0,1,0,0,0,0,0,0,8.19085E+20,5.67375E+21,1.35607E+16,5.11261E+16
165930,14,5,22,150,2018,2,10,5,3,5,3,0,0,1,0,0,0,0,0,7.8383E+20,5.64782E+21,1.3038E+16,5.09121E+16
165931,14,6,27,150,2018,3,15,2,2,5,3,0,0,1,0,1,0,0,0,8.27538E+20,5.67447E+21,1.36818E+16,5.11278E+16
165932,14,6,12,0,2018,3,4,2,3,5,3,2,0,1,0,0,0,1,0,8.34234E+20,5.66634E+21,1.37696E+16,5.10511E+16
165933,14,5,11,0,2018,2,11,5,3,0,7,0,0,0,0,0,0,1,0,7.73225E+20,5.6328E+21,1.28763E+16,5.07824E+16
165934,14,7,13,0,2018,2,10,4,3,2,6,0,0,1,0,0,1,0,0,7.34624E+20,5.69323E+21,1.23689E+16,5.13419E+16
165935,14,7,30,20,2018,3,16,1,3,6,4,0,0,1,1,0,0,0,1,7.4878E+20,5.72218E+21,1.25921E+16,5.15956E+16
165936,14,7,13,0,2018,2,6,4,3,5,3,2,1,1,0,0,0,0,0,7.3178E+20,5.69174E+21,1.23272E+16,5.13296E+16
165937,14,7,13,0,2018,2,15,4,3,4,2,0,0,1,0,0,0,0,0,7.30288E+20,5.69132E+21,1.23055E+16,5.13264E+16
165938,14,7,13,0,2018,3,8,1,3,5,3,0,0,1,0,0,0,0,0,7.38043E+20,5.69116E+21,1.24165E+16,5.13219E+16
165939,14,7,13,0,2018,2,15,4,3,0,7,0,1,0,0,0,0,0,0,7.37866E+20,5.688E+21,1.24119E+16,5.12936E+16
165940,14,6,25,240,2018,3,18,1,3,6,4,2,0,1,1,0,0,0,0,8.65694E+20,5.71178E+21,1.4263E+16,5.14389E+16
165941,14,5,24,180,2018,3,10,7,3,5,3,0,0,1,0,0,0,0,0,7.65525E+20,5.64099E+21,1.27732E+16,5.08595E+16
165942,14,7,13,0,2018,3,8,7,3,3,2,0,1,1,0,0,0,0,0,7.34771E+20,5.69398E+21,1.23715E+16,5.13485E+16
165943,14,7,13,0,2018,2,11,4,2,6,4,0,0,1,1,0,0,0,0,7.35099E+20,5.6924E+21,1.23752E+16,5.13342E+16
165944,14,7,13,0,2018,3,10,7,2,5,3,0,0,1,0,0,0,0,0,7.27383E+20,5.69211E+21,1.22644E+16,5.13347E+16
165945,14,7,13,0,2018,2,6,4,3,5,3,1,0,1,0,0,0,0,1,7.36523E+20,5.69323E+21,1.23961E+16,5.13411E+16
165946,14,5,23,320,2018,3,12,6,3,6,4,0,0,1,1,0,0,0,0,7.21584E+20,5.59806E+21,1.21242E+16,5.04925E+16
165947,14,5,24,230,2018,3,6,6,2,4,6,0,0,1,0,0,0,0,0,7.62228E+20,5.63216E+21,1.27202E+16,5.07818E+16
165948,14,7,13,0,2018,2,20,4,2,6,4,2,0,1,1,0,0,0,0,7.35106E+20,5.68946E+21,1.23733E+16,5.13078E+16
165949,14,7,13,0,2018,3,15,6,3,3,2,0,0,1,0,0,0,1,0,7.36705E+20,5.68966E+21,1.23964E+16,5.13089E+16
165950,14,7,13,0,2018,2,15,4,3,5,3,0,0,1,0,0,0,0,0,7.36122E+20,5.6951E+21,1.23916E+16,5.1358E+16
165951,14,6,12,0,2018,2,14,4,3,5,2,0,0,1,0,0,0,0,0,8.29601E+20,5.66441E+21,1.3702E+16,5.10365E+16
165952,14,7,13,0,2018,3,16,6,3,4,2,0,0,1,0,0,0,1,0,7.33785E+20,5.69567E+21,1.23585E+16,5.13641E+16
165953,14,5,22,360,2018,2,11,4,3,0,7,0,0,0,0,0,0,1,0,7.79522E+20,5.65639E+21,1.29834E+16,5.09911E+16
165954,14,7,13,0,2018,3,3,6,3,1,1,2,0,1,0,0,0,0,0,7.28309E+20,5.69733E+21,1.2281E+16,5.13812E+16
165955,14,5,11,0,2018,2,17,4,3,6,4,1,0,1,1,0,0,0,0,7.77376E+20,5.63885E+21,1.29396E+16,5.08348E+16
165956,14,7,13,0,2018,3,13,6,3,5,3,0,0,1,0,0,0,0,0,7.35739E+20,5.69537E+21,1.23863E+16,5.13606E+16
165957,14,5,11,0,2018,2,17,4,3,5,3,1,0,1,0,0,0,1,0,7.7622E+20,5.63828E+21,1.29228E+16,5.08302E+16
165958,14,6,25,40,2018,3,15,6,3,2,2,0,0,1,0,0,0,0,0,8.60994E+20,5.67868E+21,1.41622E+16,5.11455E+16
165959,14,5,24,330,2018,2,15,3,3,6,7,0,0,1,1,0,0,0,0,7.46536E+20,5.62453E+21,1.24929E+16,5.07202E+16
165960,14,6,27,60,2018,3,10,6,3,0,5,0,1,1,0,0,0,0,0,8.15946E+20,5.69212E+21,1.35322E+16,5.12926E+16
165961,14,7,29,410,2018,2,8,3,2,1,1,0,0,1,0,0,0,0,1,7.6155E+20,5.69748E+21,1.27578E+16,5.13682E+16
165962,14,7,13,0,2018,2,7,3,3,3,7,0,0,1,0,0,0,1,0,7.34382E+20,5.69268E+21,1.23651E+16,5.1337E+16
165963,14,6,12,0,2018,3,15,6,3,0,7,0,0,1,0,0,0,0,0,8.31514E+20,5.66645E+21,1.37311E+16,5.10537E+16
165964,14,7,13,0,2018,2,12,3,3,5,2,0,1,1,0,0,0,0,0,7.35641E+20,5.69243E+21,1.23829E+16,5.13342E+16
165965,14,6,12,0,2018,3,8,6,3,2,6,0,0,1,0,0,0,0,0,8.32236E+20,5.66863E+21,1.37433E+16,5.10728E+16
165966,14,7,13,0,2018,2,9,3,3,5,3,0,0,1,0,0,0,0,1,7.38036E+20,5.69137E+21,1.24166E+16,5.13238E+16
165967,14,5,11,0,2018,3,16,6,3,0,7,0,0,0,0,0,0,1,0,7.72171E+20,5.63457E+21,1.28627E+16,5.07989E+16
165968,14,6,25,240,2018,2,14,3,2,5,3,0,1,1,0,0,0,0,0,8.65433E+20,5.71181E+21,1.42593E+16,5.14393E+16
165969,14,7,13,0,2018,3,7,5,3,5,2,0,1,1,0,0,0,0,0,7.35097E+20,5.69397E+21,1.23762E+16,5.13483E+16
165970,14,6,12,0,2018,2,13,3,3,3,6,0,1,1,0,0,0,0,0,8.35586E+20,5.6626E+21,1.37854E+16,5.10168E+16
165971,14,7,13,0,2018,3,14,5,3,1,6,0,0,1,0,0,0,0,0,7.29127E+20,5.70091E+21,1.22951E+16,5.1413E+16
165972,14,6,12,0,2018,2,17,3,3,5,2,2,1,1,0,0,0,0,0,8.33665E+20,5.66639E+21,1.37616E+16,5.10519E+16
165973,14,6,28,110,2018,3,8,5,3,2,6,0,0,1,0,0,0,0,0,8.26461E+20,5.66116E+21,1.36544E+16,5.10092E+16
165974,14,6,12,0,2018,3,13,5,3,5,3,0,0,1,0,0,0,1,0,8.27984E+20,5.66609E+21,1.36805E+16,5.10525E+16
165975,14,6,12,0,2018,2,20,3,3,4,6,2,1,0,0,0,0,0,0,8.30404E+20,5.66638E+21,1.37152E+16,5.10537E+16
165976,14,6,12,0,2018,3,19,5,3,6,4,2,0,1,1,0,0,0,0,8.32028E+20,5.66849E+21,1.37402E+16,5.10717E+16
165977,14,5,22,150,2018,2,17,3,3,5,3,1,0,1,0,0,0,0,0,7.83856E+20,5.64792E+21,1.30384E+16,5.0913E+16
165978,14,5,11,0,2018,3,7,5,3,5,3,0,0,1,0,0,0,0,0,7.77013E+20,5.63925E+21,1.29347E+16,5.08385E+16
165979,14,5,11,0,2018,2,14,3,3,5,3,0,0,1,0,0,0,0,0,7.71493E+20,5.6421E+21,1.28586E+16,5.08667E+16
165980,14,5,11,0,2018,3,1,5,2,0,1,2,1,0,0,0,0,0,0,7.74969E+20,5.64001E+21,1.29064E+16,5.08463E+16
165981,14,7,29,410,2018,2,21,2,3,9,1,2,0,1,0,0,0,0,1,7.60582E+20,5.69792E+21,1.27443E+16,5.13726E+16
165982,14,7,13,0,2018,2,11,2,3,5,3,0,0,1,0,0,0,0,0,7.27383E+20,5.69211E+21,1.22644E+16,5.13347E+16
165983,14,5,11,0,2018,3,18,5,3,0,3,2,0,1,0,0,0,1,0,7.7703E+20,5.6377E+21,1.29338E+16,5.08247E+16
165984,14,7,13,0,2018,2,7,2,2,5,3,1,0,1,0,0,0,0,1,7.32654E+20,5.69145E+21,1.23395E+16,5.13267E+16
165985,14,5,11,0,2018,3,21,5,3,5,3,2,0,1,0,0,0,0,0,7.75652E+20,5.63907E+21,1.29153E+16,5.08376E+16
165986,14,5,24,330,2018,2,19,4,3,5,3,2,0,1,0,0,0,1,0,7.45884E+20,5.62425E+21,1.24835E+16,5.07179E+16
165987,14,6,25,240,2018,2,17,2,2,0,1,1,1,0,0,0,0,0,0,8.65208E+20,5.71173E+21,1.4256E+16,5.14387E+16
165988,14,7,13,0,2018,2,17,4,3,6,2,1,0,1,1,0,0,0,0,7.30634E+20,5.69009E+21,1.23097E+16,5.13153E+16
165989,14,7,13,0,2018,2,19,4,3,9,7,2,0,1,0,0,0,0,0,7.35324E+20,5.68955E+21,1.23765E+16,5.13085E+16
165990,14,6,12,0,2018,2,7,2,2,0,1,0,1,0,0,0,0,0,2,8.30822E+20,5.66363E+21,1.37186E+16,5.10288E+16
165991,14,7,13,0,2018,2,15,4,3,5,3,0,0,1,0,0,0,0,0,7.36571E+20,5.69717E+21,1.23994E+16,5.13764E+16
165992,14,6,12,0,2018,2,7,2,3,0,1,0,1,0,0,0,0,0,2,8.30648E+20,5.66343E+21,1.3716E+16,5.10271E+16
165993,14,6,12,0,2018,2,15,2,3,5,3,0,1,0,0,1,0,0,0,8.36175E+20,5.66477E+21,1.37958E+16,5.10359E+16
165994,14,7,13,0,2018,2,21,4,3,5,3,2,0,1,0,1,0,0,0,7.32385E+20,5.69631E+21,1.23388E+16,5.13704E+16
165995,14,6,12,0,2018,2,10,2,3,2,6,0,0,1,0,0,0,0,0,8.30852E+20,5.66594E+21,1.37212E+16,5.10495E+16
165996,14,6,12,0,2018,2,20,2,3,5,2,2,1,1,0,0,0,0,0,8.33243E+20,5.66681E+21,1.3756E+16,5.10559E+16
165997,14,7,13,0,2018,2,18,4,2,6,4,2,0,1,1,0,0,0,0,7.42802E+20,5.69298E+21,1.24859E+16,5.13362E+16
165998,14,6,28,400,2018,2,6,2,2,8,1,1,0,1,0,0,0,0,2,8.18781E+20,5.65975E+21,1.35441E+16,5.10008E+16
165999,14,6,12,0,2018,2,18,2,2,6,4,2,0,1,1,0,0,0,0,8.27365E+20,5.66733E+21,1.36728E+16,5.10639E+16
166000,14,7,30,250,2018,2,10,4,3,5,3,0,0,1,0,0,0,0,0,7.33078E+20,5.70869E+21,1.23569E+16,5.14812E+16
166001,14,5,11,0,2018,2,7,2,3,6,7,0,0,1,1,0,0,0,0,7.746E+20,5.63556E+21,1.28978E+16,5.08066E+16
166002,14,7,29,40,2018,2,13,4,1,8,1,0,0,0,0,1,0,0,0,7.36813E+20,5.67798E+21,1.23902E+16,5.12041E+16
166003,14,6,25,390,2018,2,9,4,3,4,6,0,0,1,0,0,0,0,0,8.77116E+20,5.67969E+21,1.43928E+16,5.11441E+16
166004,14,5,11,0,2018,2,7,2,3,0,1,0,1,0,0,0,0,0,1,7.77858E+20,5.63437E+21,1.2943E+16,5.07943E+16
166005,14,6,27,140,2018,2,14,4,3,0,7,0,0,1,0,0,0,0,2,8.14668E+20,5.6786E+21,1.3502E+16,5.11721E+16
166006,14,6,12,0,2018,2,7,4,3,5,3,0,1,1,0,0,0,0,0,8.36801E+20,5.66323E+21,1.38032E+16,5.10217E+16
166007,14,5,11,0,2018,2,13,2,3,5,3,0,0,1,0,0,0,0,0,7.75652E+20,5.63907E+21,1.29153E+16,5.08376E+16
166008,14,5,23,340,2018,2,6,3,2,5,3,1,0,1,0,1,0,0,0,7.34633E+20,5.61343E+21,1.23175E+16,5.06255E+16
166009,14,5,11,0,2018,2,7,2,3,5,2,0,0,1,0,0,1,0,1,7.68499E+20,5.63592E+21,1.28117E+16,5.08127E+16
166010,14,5,23,320,2018,2,21,1,3,1,5,2,0,1,0,1,0,0,0,7.23322E+20,5.59752E+21,1.21483E+16,5.0487E+16
166011,14,7,13,0,2018,2,10,3,3,0,7,0,0,0,0,0,0,1,0,7.3586E+20,5.69348E+21,1.23868E+16,5.13436E+16
166012,14,7,13,0,2018,2,14,1,3,5,2,0,0,1,0,0,0,0,0,7.36851E+20,5.69305E+21,1.24007E+16,5.13393E+16
166013,14,7,13,0,2018,2,13,3,3,2,6,0,0,1,0,0,0,0,0,7.37186E+20,5.69383E+21,1.2406E+16,5.13461E+16
166014,14,7,13,0,2018,2,20,1,3,2,2,2,0,1,0,0,0,0,0,7.30514E+20,5.69072E+21,1.23084E+16,5.1321E+16
166015,14,7,13,0,2018,2,13,3,3,5,3,0,0,1,0,0,0,0,0,7.30006E+20,5.6901E+21,1.23007E+16,5.13156E+16
166016,14,7,29,260,2018,2,21,1,2,0,1,2,1,0,0,0,0,0,0,7.35072E+20,5.68627E+21,1.23707E+16,5.12792E+16
166017,14,7,13,0,2018,2,7,3,3,5,3,0,1,1,0,0,0,0,0,7.35411E+20,5.69046E+21,1.23784E+16,5.13166E+16
166018,14,7,13,0,2018,2,6,3,3,5,3,1,0,1,0,0,0,0,0,7.35184E+20,5.68897E+21,1.23741E+16,5.13033E+16
166019,14,6,28,160,2018,2,21,1,3,7,7,2,1,0,0,0,0,1,0,8.41155E+20,5.65947E+21,1.38616E+16,5.09855E+16
166020,14,5,22,180,2018,2,14,3,3,5,3,0,0,1,0,0,0,0,0,8.05443E+20,5.64882E+21,1.33454E+16,5.09101E+16
166021,14,6,12,0,2018,2,10,1,3,5,3,0,0,1,0,0,0,0,0,8.34593E+20,5.6734E+21,1.37813E+16,5.11142E+16
166022,14,5,24,300,2018,2,1,7,3,6,6,2,0,1,1,0,0,0,0,7.38344E+20,5.62565E+21,1.23778E+16,5.07337E+16
166023,14,5,11,0,2018,2,15,3,3,5,3,0,0,1,0,0,0,0,0,7.7297E+20,5.63877E+21,1.28771E+16,5.08362E+16
166024,14,7,30,300,2018,2,10,7,3,5,3,0,1,1,0,0,0,0,0,7.42677E+20,5.69703E+21,1.24869E+16,5.13726E+16
166025,14,5,23,320,2018,2,11,2,2,1,5,0,0,1,0,0,0,0,0,7.24298E+20,5.59843E+21,1.21626E+16,5.04949E+16
166026,14,6,28,100,2018,2,18,7,3,8,1,2,0,1,0,0,0,0,0,8.49833E+20,5.66201E+21,1.39872E+16,5.10031E+16
166027,14,7,30,80,2018,2,12,2,3,0,1,0,0,1,0,0,0,0,0,7.60612E+20,5.70835E+21,1.27524E+16,5.14662E+16
166028,14,7,29,160,2018,2,14,6,3,5,3,0,0,1,0,1,0,0,0,7.58561E+20,5.68208E+21,1.27038E+16,5.12314E+16
166029,14,7,13,0,2018,2,12,6,3,3,7,0,1,1,0,0,0,0,0,7.35442E+20,5.69321E+21,1.23806E+16,5.13413E+16
166030,14,7,13,0,2018,2,22,2,3,5,3,2,0,1,0,0,0,0,0,7.35739E+20,5.69537E+21,1.23863E+16,5.13606E+16
166031,14,7,13,0,2018,2,7,6,3,3,2,1,1,1,0,0,0,0,0,7.33893E+20,5.69335E+21,1.23585E+16,5.13432E+16
166032,14,7,13,0,2018,2,11,2,3,6,4,0,0,1,1,0,0,0,0,7.35013E+20,5.69624E+21,1.23765E+16,5.13687E+16
166033,14,7,13,0,2018,2,20,6,3,6,6,2,0,0,1,0,1,0,0,7.29388E+20,5.69926E+21,1.22978E+16,5.13981E+16
166034,14,7,30,300,2018,2,10,2,2,6,2,0,0,1,1,0,0,0,0,7.43562E+20,5.69806E+21,1.25003E+16,5.13814E+16
166035,14,7,29,50,2018,2,12,2,3,5,3,0,0,1,0,0,0,0,0,7.45443E+20,5.66916E+21,1.25075E+16,5.11212E+16
166036,14,7,13,0,2018,2,7,6,3,5,3,1,1,0,0,0,0,0,1,7.35769E+20,5.69321E+21,1.23853E+16,5.13412E+16
166037,14,6,25,240,2018,2,10,2,2,5,3,0,0,1,0,1,0,0,0,8.65704E+20,5.71209E+21,1.42635E+16,5.14416E+16
166038,14,7,13,0,2018,2,8,6,3,1,5,0,0,1,0,0,0,0,0,7.3184E+20,5.69035E+21,1.23271E+16,5.13171E+16
166039,14,6,12,0,2018,2,18,2,3,6,4,1,0,1,1,0,0,0,0,8.38154E+20,5.66112E+21,1.38205E+16,5.1002E+16
166040,14,6,25,20,2018,2,13,6,3,5,3,0,0,1,0,1,0,0,0,8.79894E+20,5.68379E+21,1.44366E+16,5.1179E+16
166041,14,6,28,160,2018,2,12,6,2,5,3,0,1,1,0,0,0,0,0,8.41165E+20,5.6589E+21,1.38612E+16,5.09804E+16
166042,14,5,22,570,2018,2,15,2,3,6,7,0,0,1,1,0,0,0,0,7.8242E+20,5.66531E+21,1.30316E+16,5.10697E+16
166043,14,6,12,0,2018,2,7,6,3,5,3,0,0,1,0,0,0,0,0,8.35766E+20,5.67676E+21,1.38011E+16,5.11436E+16
166044,14,7,13,0,2018,2,13,1,3,2,6,0,0,1,0,0,0,0,0,7.34806E+20,5.69264E+21,1.23711E+16,5.13364E+16
166045,14,5,23,320,2018,2,0,1,2,5,3,2,0,1,0,0,0,0,0,7.2283E+20,5.59896E+21,1.21423E+16,5.05002E+16
166046,14,6,12,0,2018,2,15,6,3,5,3,0,0,1,0,0,0,1,0,8.32133E+20,5.66576E+21,1.37392E+16,5.10471E+16
166047,14,7,13,0,2018,2,18,1,3,3,2,2,1,1,0,0,0,0,0,7.32573E+20,5.69208E+21,1.23388E+16,5.13324E+16
166048,14,6,12,0,2018,2,13,1,2,2,6,0,0,1,0,0,0,0,0,8.33925E+20,5.66534E+21,1.37643E+16,5.10424E+16
166049,14,5,24,330,2018,2,12,7,2,6,7,0,0,1,1,0,0,0,0,7.485E+20,5.62639E+21,1.25219E+16,5.0736E+16
166050,14,7,29,190,2018,2,0,7,2,8,1,2,0,1,0,0,0,0,0,7.4446E+20,5.68596E+21,1.25049E+16,5.12724E+16
166051,14,6,12,0,2018,2,7,6,2,4,2,0,0,1,0,0,0,1,0,8.33649E+20,5.66628E+21,1.37612E+16,5.10509E+16
166052,14,6,12,0,2018,2,18,7,3,0,3,2,1,0,0,0,0,1,0,8.29884E+20,5.67094E+21,1.3712E+16,5.10948E+16
166053,14,6,12,0,2018,2,13,7,3,3,6,0,1,0,0,0,0,0,0,8.39815E+20,5.66115E+21,1.38441E+16,5.10014E+16
166054,14,5,21,710,2018,2,7,6,2,6,1,1,0,1,1,0,0,0,0,7.69255E+20,5.6159E+21,1.28078E+16,5.06327E+16
166055,14,7,13,0,2018,2,23,5,2,6,7,2,0,0,1,0,0,1,0,7.32516E+20,5.69624E+21,1.23407E+16,5.13697E+16
166056,14,5,24,330,2018,2,9,6,3,8,1,0,0,1,0,0,0,0,0,7.47264E+20,5.62581E+21,1.2504E+16,5.07314E+16
166057,14,7,13,0,2018,2,14,5,3,1,6,0,0,1,0,0,0,0,0,7.31177E+20,5.69192E+21,1.23187E+16,5.13315E+16
166058,14,7,13,0,2018,2,12,5,3,5,3,0,0,1,0,0,0,0,0,7.28633E+20,5.68934E+21,1.22805E+16,5.13093E+16
166059,14,7,29,60,2018,2,13,6,3,5,3,0,0,1,0,0,0,1,0,7.47335E+20,5.6931E+21,1.2551E+16,5.13353E+16
166060,14,6,25,600,2018,2,22,5,3,6,2,2,0,1,1,0,0,0,0,8.47868E+20,5.67858E+21,1.39752E+16,5.11527E+16
166061,14,7,13,0,2018,2,12,6,3,2,6,0,0,1,0,0,0,0,0,7.35291E+20,5.69793E+21,1.23816E+16,5.13838E+16
166062,14,6,26,610,2018,2,14,6,3,1,5,0,1,1,0,0,0,0,0,9.08132E+20,5.65451E+21,1.48056E+16,5.08976E+16
166063,14,6,25,240,2018,2,14,6,3,5,2,0,0,1,0,0,0,0,0,8.66469E+20,5.71233E+21,1.42747E+16,5.14433E+16
166064,14,6,25,240,2018,2,13,5,3,5,2,0,1,1,0,0,0,0,0,8.64151E+20,5.71153E+21,1.42407E+16,5.14376E+16
166065,14,6,28,270,2018,2,10,6,3,2,2,0,0,1,0,0,0,0,0,8.46408E+20,5.65739E+21,1.39341E+16,5.09637E+16
166066,14,6,12,0,2018,2,17,5,3,6,4,2,1,1,1,0,0,0,0,8.36643E+20,5.66531E+21,1.38029E+16,5.10405E+16
166067,14,5,21,590,2018,2,11,5,3,6,7,0,0,1,1,0,0,0,0,7.66717E+20,5.62358E+21,1.27775E+16,5.07027E+16
166068,14,5,11,0,2018,2,7,5,3,5,3,0,0,1,0,0,0,0,1,7.74982E+20,5.63981E+21,1.29064E+16,5.08445E+16
166069,14,6,28,270,2018,2,19,6,3,0,1,2,1,0,0,0,0,0,0,8.47082E+20,5.65723E+21,1.39436E+16,5.09619E+16
166070,14,5,23,320,2018,2,12,4,3,5,3,0,0,1,0,0,0,0,0,7.22046E+20,5.59878E+21,1.21311E+16,5.04988E+16
166071,14,7,29,160,2018,2,18,4,3,6,4,2,0,1,1,0,0,0,1,7.60299E+20,5.68445E+21,1.27304E+16,5.12519E+16
166072,14,6,12,0,2018,2,10,6,3,1,5,0,1,1,0,0,0,0,0,8.2952E+20,5.67042E+21,1.37063E+16,5.10904E+16
166073,14,7,29,350,2018,2,10,4,3,6,2,0,0,1,1,0,0,0,0,7.27463E+20,5.67338E+21,1.22537E+16,5.11666E+16
166074,14,5,11,0,2018,2,6,6,3,4,2,1,0,1,0,0,0,0,1,7.76411E+20,5.63773E+21,1.29251E+16,5.08252E+16
166075,14,7,13,0,2018,2,17,4,3,2,6,2,0,1,0,0,0,0,0,7.34158E+20,5.6922E+21,1.23616E+16,5.13328E+16
166076,14,5,24,330,2018,2,10,5,3,3,7,0,1,1,0,0,0,0,0,7.46441E+20,5.62495E+21,1.24918E+16,5.0724E+16
166077,14,7,13,0,2018,2,13,5,3,5,2,0,1,1,0,0,0,0,0,7.3178E+20,5.69174E+21,1.23272E+16,5.13296E+16
166078,14,7,13,0,2018,2,11,4,3,5,3,0,1,1,0,0,0,0,0,7.34176E+20,5.69218E+21,1.23618E+16,5.13326E+16
166079,14,6,28,270,2018,2,11,5,3,0,4,0,0,0,1,0,0,1,0,8.46667E+20,5.65698E+21,1.39374E+16,5.09599E+16
166080,14,7,13,0,2018,2,9,4,3,5,3,0,0,1,0,0,0,0,0,7.31781E+20,5.69174E+21,1.23272E+16,5.13296E+16