OBJECTID_1,ULAND,UREGBEZ,UKREIS,UGEMEINDE,UJAHR,UMONAT,USTUNDE,UWOCHENTAG,UKATEGORIE,UART,UTYP1,ULICHTVERH,IstRad,IstPKW,IstFuss,IstKrad,IstGkfz,IstSonstig,STRZUSTAND,LINREFX,LINREFY,XGCSWGS84,YGCSWGS84
166452,14,5,21,620,2018,4,8,5,3,6,7,0,0,1,1,0,0,0,0,7.717E+20,5.62423E+21,1.28484E+16,5.07063E+16
166453,14,5,11,0,2018,4,7,5,2,3,6,0,0,1,0,1,0,1,0,7.75128E+20,5.63743E+21,1.29067E+16,5.08231E+16
166454,14,5,24,330,2018,4,8,4,3,6,7,0,0,1,1,0,0,0,0,7.45523E+20,5.62017E+21,1.24757E+16,5.06815E+16
166455,14,7,13,0,2018,4,17,4,3,4,2,0,1,1,0,0,0,0,0,7.35724E+20,5.68911E+21,1.2382E+16,5.13044E+16
166456,14,5,22,180,2018,4,11,3,3,2,6,0,0,1,0,0,0,0,0,8.04541E+20,5.64947E+21,1.33331E+16,5.09163E+16
166457,14,7,29,300,2018,4,16,4,3,8,1,0,0,1,0,0,0,0,0,7.50173E+20,5.68749E+21,1.25877E+16,5.12837E+16
166458,14,6,26,410,2018,4,15,7,3,9,1,0,0,0,0,1,0,0,0,8.85695E+20,5.67193E+21,1.45066E+16,5.10689E+16
166459,14,7,13,0,2018,4,6,4,2,6,4,0,0,1,1,0,0,0,0,7.37427E+20,5.69324E+21,1.24091E+16,5.13407E+16
166460,14,7,13,0,2018,4,17,1,3,2,6,0,0,1,0,0,0,0,0,7.37294E+20,5.69375E+21,1.24075E+16,5.13454E+16
166461,14,5,11,0,2018,4,21,1,3,8,1,2,0,1,0,0,0,0,0,7.72899E+20,5.63688E+21,1.28747E+16,5.08193E+16
166462,14,7,13,0,2018,4,18,4,2,5,3,0,0,1,0,0,0,0,1,7.35323E+20,5.6926E+21,1.23785E+16,5.13359E+16
166463,14,7,30,70,2018,4,7,4,2,6,4,0,0,1,1,0,0,0,0,7.31782E+20,5.71422E+21,1.23419E+16,5.15314E+16
166464,14,6,12,0,2018,4,19,4,3,6,4,0,1,0,1,0,0,0,0,8.32104E+20,5.6661E+21,1.37391E+16,5.10502E+16
166465,14,6,12,0,2018,4,18,4,3,2,6,0,0,1,0,0,0,0,0,8.33275E+20,5.67905E+21,1.37677E+16,5.11656E+16
166466,14,7,13,0,2018,4,16,2,2,0,1,0,1,0,0,0,0,0,1,7.35744E+20,5.69279E+21,1.23847E+16,5.13374E+16
166467,14,6,12,0,2018,4,9,4,3,5,2,0,0,1,0,0,0,1,0,8.33188E+20,5.67311E+21,1.3761E+16,5.11124E+16
166468,14,6,12,0,2018,4,9,7,3,0,1,0,0,0,0,1,0,0,1,8.34236E+20,5.66633E+21,1.37696E+16,5.10511E+16
166469,14,6,25,300,2018,4,15,4,3,5,3,0,0,1,0,1,0,0,0,8.40339E+20,5.68902E+21,1.38778E+16,5.12507E+16
166470,14,5,22,250,2018,4,18,4,3,6,4,0,0,1,1,0,0,0,0,7.7818E+20,5.66848E+21,1.29736E+16,5.11002E+16
166471,14,6,25,20,2018,4,11,4,3,2,2,0,0,1,0,0,1,0,0,8.79343E+20,5.68322E+21,1.44282E+16,5.11742E+16
166472,14,7,13,0,2018,4,9,4,3,5,3,0,0,1,0,1,0,0,0,7.31833E+20,5.69142E+21,1.23277E+16,5.13268E+16
166473,14,6,25,250,2018,4,12,4,2,5,3,0,0,1,0,0,0,0,0,8.55315E+20,5.69395E+21,1.40965E+16,5.12858E+16
166474,14,7,13,0,2018,4,15,2,3,5,3,0,0,1,0,0,0,0,1,7.36118E+20,5.69714E+21,1.23929E+16,5.13764E+16
166475,14,6,25,40,2018,4,17,4,3,5,3,0,0,1,0,1,0,0,0,8.62257E+20,5.67737E+21,1.41789E+16,5.11329E+16
166476,14,7,13,0,2018,4,7,6,3,5,3,0,1,1,0,0,0,0,0,7.33112E+20,5.69414E+21,1.23478E+16,5.13506E+16
166477,14,6,27,60,2018,4,0,4,3,0,3,2,1,0,0,0,0,0,0,8.15717E+20,5.69191E+21,1.35287E+16,5.12908E+16
166478,14,6,28,110,2018,4,19,4,2,0,1,0,1,0,0,0,0,0,0,8.25795E+20,5.66101E+21,1.36448E+16,5.10081E+16
166479,14,6,12,0,2018,4,14,4,3,5,5,0,1,0,0,0,0,1,0,8.28842E+20,5.66564E+21,1.36923E+16,5.10479E+16
166480,14,6,27,230,2018,4,14,3,2,0,7,0,0,0,0,0,0,1,0,8.00783E+20,5.69058E+21,1.33141E+16,5.12869E+16
166481,14,7,13,0,2018,4,7,6,3,5,3,0,1,1,0,0,0,0,1,7.31832E+20,5.69142E+21,1.23277E+16,5.13268E+16
166482,14,6,12,0,2018,4,13,4,3,6,4,0,0,1,1,0,0,0,0,8.32873E+20,5.66505E+21,1.37491E+16,5.10403E+16
166483,14,7,13,0,2018,4,17,6,3,5,2,0,1,1,0,0,0,0,0,7.35154E+20,5.69374E+21,1.23768E+16,5.13462E+16
166484,14,5,22,450,2018,4,16,2,3,5,3,0,0,1,0,0,1,0,1,7.90533E+20,5.68068E+21,1.31594E+16,5.12035E+16
166485,14,7,13,0,2018,4,10,1,3,3,6,0,1,0,0,0,0,0,0,7.45394E+20,5.69343E+21,1.25234E+16,5.13391E+16
166486,14,6,12,0,2018,4,14,4,3,0,1,0,1,0,0,0,0,0,0,8.33866E+20,5.66342E+21,1.37617E+16,5.10251E+16
166487,14,6,12,0,2018,4,7,4,3,1,5,0,0,1,0,1,0,0,0,8.3396E+20,5.6687E+21,1.37679E+16,5.10725E+16
166488,14,6,12,0,2018,4,7,2,3,6,4,0,0,1,1,0,0,0,1,8.40185E+20,5.66058E+21,1.38488E+16,5.0996E+16
166489,14,5,23,420,2018,4,18,6,3,8,7,0,0,1,0,0,0,0,0,7.28059E+20,5.59374E+21,1.22127E+16,5.04513E+16
166490,14,6,12,0,2018,4,23,4,3,0,1,2,1,0,0,0,0,0,0,8.34098E+20,5.66529E+21,1.37667E+16,5.10417E+16
166491,14,6,12,0,2018,4,13,4,3,5,2,0,0,1,0,0,0,1,0,8.34716E+20,5.66494E+21,1.37752E+16,5.10383E+16
166492,14,6,12,0,2018,4,15,4,2,3,6,0,1,1,0,0,0,0,0,8.38361E+20,5.66461E+21,1.38267E+16,5.10332E+16
166493,14,6,12,0,2018,4,6,4,2,5,3,0,1,0,0,0,0,0,0,8.41011E+20,5.66075E+21,1.38607E+16,5.09971E+16
166494,14,5,21,410,2018,4,9,4,2,5,3,0,0,1,0,0,0,0,1,7.7377E+20,5.63193E+21,1.28833E+16,5.07744E+16
166495,14,6,28,110,2018,4,9,3,3,4,1,0,0,1,0,0,0,1,0,8.27623E+20,5.66063E+21,1.36705E+16,5.10037E+16
166496,14,7,13,0,2018,4,14,6,3,2,6,0,1,1,0,0,0,0,1,7.33698E+20,5.6954E+21,1.23571E+16,5.13617E+16
166497,14,5,21,450,2018,4,6,4,3,8,1,0,0,1,0,0,0,0,0,7.60281E+20,5.62334E+21,1.26864E+16,5.07035E+16
166498,14,5,24,160,2018,4,16,1,2,0,1,0,1,0,0,0,0,0,0,7.55639E+20,5.62947E+21,1.2625E+16,5.07606E+16
166499,14,6,12,0,2018,4,13,1,3,0,7,0,0,1,0,0,0,0,0,8.34017E+20,5.66711E+21,1.37673E+16,5.10581E+16
166500,14,5,23,320,2018,4,14,3,3,0,3,0,0,1,0,0,0,1,0,7.22129E+20,5.5985E+21,1.21321E+16,5.04963E+16
166501,14,5,23,320,2018,4,8,3,3,0,1,0,1,0,0,0,0,0,0,7.22552E+20,5.59903E+21,1.21384E+16,5.05009E+16
166502,14,5,23,340,2018,4,16,3,3,6,4,0,0,1,1,0,0,0,0,7.3376E+20,5.61286E+21,1.23048E+16,5.06207E+16
166503,14,5,24,150,2018,4,17,3,2,8,1,0,0,1,0,0,0,0,0,7.56239E+20,5.61521E+21,1.26236E+16,5.06323E+16
166504,14,5,24,30,2018,4,15,2,3,5,3,0,0,1,0,0,0,0,1,7.40073E+20,5.63585E+21,1.24089E+16,5.08245E+16
166505,14,7,13,0,2018,4,15,3,3,5,3,0,1,1,0,0,0,0,0,7.35773E+20,5.69321E+21,1.23854E+16,5.13412E+16
166506,14,7,13,0,2018,4,20,3,3,3,6,1,1,1,0,0,0,0,0,7.34907E+20,5.69238E+21,1.23724E+16,5.13341E+16
166507,14,7,13,0,2018,4,17,3,3,1,5,0,1,1,0,0,0,0,0,7.3318E+20,5.69196E+21,1.23474E+16,5.13311E+16
166508,14,6,12,0,2018,4,7,3,3,2,2,0,1,0,0,0,0,1,1,8.34505E+20,5.66844E+21,1.37754E+16,5.10697E+16
166509,14,7,13,0,2018,4,13,3,3,6,6,0,0,1,1,0,0,0,0,7.38193E+20,5.69243E+21,1.24195E+16,5.13332E+16
166510,14,7,13,0,2018,4,10,1,3,5,3,0,1,1,0,0,0,0,0,7.28017E+20,5.69102E+21,1.22728E+16,5.13247E+16
166511,14,7,13,0,2018,4,19,7,3,3,5,0,1,1,0,0,0,0,0,7.34077E+20,5.69319E+21,1.2361E+16,5.13417E+16
166512,14,7,13,0,2018,4,22,3,3,5,3,2,0,1,0,1,0,0,0,7.29178E+20,5.69923E+21,1.22947E+16,5.13979E+16
166513,14,7,13,0,2018,4,21,3,3,6,4,2,1,0,1,0,0,0,0,7.34636E+20,5.69605E+21,1.23709E+16,5.13672E+16
166514,14,7,13,0,2018,4,17,3,2,6,6,0,1,0,1,0,0,0,0,7.34792E+20,5.69252E+21,1.23709E+16,5.13354E+16
166515,14,6,26,110,2018,4,10,6,3,6,4,0,0,1,1,0,0,0,0,9.17162E+20,5.68561E+21,1.49691E+16,5.11694E+16
166516,14,5,22,180,2018,4,18,7,3,3,2,0,1,1,0,0,0,0,0,8.04818E+20,5.64973E+21,1.33373E+16,5.09185E+16
166517,14,7,13,0,2018,4,6,2,3,2,6,0,0,1,0,0,0,0,1,7.30804E+20,5.69171E+21,1.23132E+16,5.13297E+16
166518,14,7,13,0,2018,4,8,3,3,2,6,0,0,1,0,0,1,0,0,7.30586E+20,5.68965E+21,1.23087E+16,5.13114E+16
166519,14,7,29,260,2018,4,7,3,3,5,3,0,1,1,0,0,0,0,0,7.34363E+20,5.68608E+21,1.23605E+16,5.12778E+16
166520,14,6,26,110,2018,4,15,7,3,1,5,0,1,1,0,0,0,0,0,9.18313E+20,5.68376E+21,1.49833E+16,5.1152E+16
166521,14,7,13,0,2018,4,18,3,3,5,3,0,1,1,0,0,0,0,0,7.34729E+20,5.69105E+21,1.2369E+16,5.13222E+16
166522,14,6,25,530,2018,4,14,3,2,5,3,0,1,1,0,0,0,0,0,8.68343E+20,5.67328E+21,1.42613E+16,5.10924E+16
166523,14,6,25,20,2018,4,7,3,3,5,3,0,0,1,0,0,0,0,0,8.80207E+20,5.68317E+21,1.44404E+16,5.11732E+16
166524,14,6,25,360,2018,4,14,6,3,3,6,0,1,1,0,0,0,0,0,8.74084E+20,5.69116E+21,1.43616E+16,5.12488E+16
166525,14,7,13,0,2018,4,16,2,3,2,2,0,1,1,0,0,0,0,1,7.37144E+20,5.69454E+21,1.24059E+16,5.13526E+16
166526,14,6,12,0,2018,4,17,3,3,5,3,0,1,1,0,0,0,0,0,8.27616E+20,5.66552E+21,1.36748E+16,5.10476E+16
166527,14,7,13,0,2018,4,7,6,3,5,3,0,1,1,0,0,0,0,0,7.26799E+20,5.69082E+21,1.22552E+16,5.13234E+16
166528,14,6,12,0,2018,4,12,3,3,2,6,0,0,1,0,0,0,0,0,8.38023E+20,5.66167E+21,1.38191E+16,5.1007E+16
166529,14,6,12,0,2018,4,7,3,3,0,1,0,1,0,0,0,0,0,0,8.3433E+20,5.66571E+21,1.37704E+16,5.10455E+16
166530,14,6,12,0,2018,4,17,3,3,6,4,0,1,0,1,0,0,0,0,8.3176E+20,5.66613E+21,1.37343E+16,5.10507E+16
166531,14,6,26,370,2018,4,11,6,3,5,3,0,1,1,0,0,0,0,0,9.07214E+20,5.69869E+21,1.48424E+16,5.12935E+16
166532,14,6,28,270,2018,4,13,3,2,0,5,0,1,1,0,0,0,0,0,8.47051E+20,5.65707E+21,1.3943E+16,5.09605E+16
166533,14,5,22,310,2018,4,7,3,3,2,2,0,0,1,0,1,0,0,0,7.74338E+20,5.67565E+21,1.29243E+16,5.11664E+16
166534,14,5,11,0,2018,4,6,3,2,5,3,0,0,1,0,0,0,0,0,7.74724E+20,5.63842E+21,1.29017E+16,5.08321E+16
166535,14,5,11,0,2018,4,5,3,2,4,6,2,1,0,0,1,0,0,0,7.75973E+20,5.64024E+21,1.29208E+16,5.08479E+16
166536,14,6,27,180,2018,4,10,6,3,6,7,0,0,1,1,0,0,0,0,8.01177E+20,5.66494E+21,1.32982E+16,5.10568E+16
166537,14,6,12,0,2018,4,17,2,3,0,1,0,1,0,0,0,0,0,1,8.36972E+20,5.6667E+21,1.38089E+16,5.10527E+16
166538,14,5,24,330,2018,4,9,2,3,1,6,0,0,1,0,0,0,0,0,7.47351E+20,5.6259E+21,1.25053E+16,5.07321E+16
166539,14,5,24,330,2018,4,16,2,3,5,3,0,1,1,0,0,0,0,0,7.45528E+20,5.62017E+21,1.24757E+16,5.06815E+16
166540,14,5,23,120,2018,4,15,2,2,5,3,0,0,1,0,0,0,0,0,7.38678E+20,5.59725E+21,1.23642E+16,5.04786E+16
166541,14,5,24,280,2018,4,8,2,3,2,6,0,0,1,0,1,0,0,0,7.55242E+20,5.63243E+21,1.26215E+16,5.07873E+16
166542,14,5,23,320,2018,4,15,2,3,3,2,0,0,1,0,1,0,0,0,7.20571E+20,5.60041E+21,1.21113E+16,5.0514E+16
166543,14,6,27,210,2018,4,15,6,3,5,3,0,1,1,0,0,0,0,0,8.273E+20,5.67108E+21,1.36753E+16,5.10976E+16
166544,14,6,12,0,2018,4,9,3,3,0,7,0,0,1,0,0,0,1,0,8.34469E+20,5.66597E+21,1.37726E+16,5.10477E+16
166545,14,5,23,20,2018,4,7,2,3,6,4,0,0,1,1,0,0,0,0,7.40213E+20,5.60073E+21,1.23881E+16,5.05092E+16
166546,14,6,12,0,2018,4,10,6,3,5,3,0,0,1,0,0,0,0,0,8.29574E+20,5.6646E+21,1.37018E+16,5.10382E+16
166547,14,7,13,0,2018,4,1,1,2,3,6,2,1,1,0,0,0,0,0,7.33263E+20,5.69059E+21,1.23477E+16,5.13187E+16
166548,14,5,22,490,2018,4,17,1,2,9,1,0,0,0,0,1,0,0,0,7.64783E+20,5.66158E+21,1.27777E+16,5.10447E+16
166549,14,7,30,230,2018,4,17,2,3,4,2,0,1,1,0,0,0,0,0,7.85222E+20,5.69111E+21,1.30919E+16,5.12997E+16
166550,14,7,29,160,2018,4,11,2,3,4,6,0,0,1,0,0,0,0,0,7.65729E+20,5.68635E+21,1.28094E+16,5.12665E+16
166551,14,5,11,0,2018,4,8,2,3,5,3,0,0,1,0,0,0,0,1,7.70662E+20,5.6367E+21,1.28429E+16,5.08187E+16
166552,14,7,13,0,2018,4,10,1,3,4,2,0,1,1,0,0,0,0,0,7.40392E+20,5.69391E+21,1.2452E+16,5.13455E+16
166553,14,7,13,0,2018,4,12,2,3,5,2,0,1,1,0,0,0,0,0,7.35099E+20,5.69397E+21,1.23762E+16,5.13483E+16
166554,14,7,13,0,2018,4,9,2,3,3,7,0,1,1,0,0,0,0,0,7.35163E+20,5.6934E+21,1.23767E+16,5.13431E+16
166555,14,7,13,0,2018,4,7,2,3,5,2,0,1,1,0,0,0,0,0,7.36065E+20,5.68853E+21,1.23865E+16,5.12991E+16
166556,14,7,13,0,2018,4,15,2,3,6,4,0,0,1,1,0,0,0,0,7.34788E+20,5.69605E+21,1.23731E+16,5.13671E+16
166557,14,7,13,0,2018,4,16,2,3,1,7,0,0,1,0,0,0,0,0,7.34034E+20,5.69672E+21,1.23628E+16,5.13734E+16
166558,14,6,12,0,2018,4,12,6,2,5,2,0,1,0,0,0,0,1,1,8.31241E+20,5.66377E+21,1.37247E+16,5.10298E+16
166559,14,5,22,180,2018,4,15,3,3,6,7,0,1,0,1,0,0,0,0,8.05239E+20,5.64966E+21,1.33432E+16,5.09177E+16
166560,14,6,26,500,2018,4,17,2,3,1,7,0,1,1,0,0,0,0,0,9.12385E+20,5.67303E+21,1.48868E+16,5.10602E+16
166561,14,7,13,0,2018,4,16,1,3,4,6,0,0,1,0,0,0,0,0,7.42751E+20,5.69411E+21,1.2486E+16,5.13463E+16
166562,14,7,13,0,2018,4,21,7,3,1,1,2,1,1,0,0,0,0,0,7.3886E+20,5.69401E+21,1.24301E+16,5.13471E+16
166563,14,6,28,190,2018,4,16,2,3,1,1,0,1,1,0,0,0,0,0,8.65252E+20,5.65882E+21,1.42028E+16,5.0965E+16
166564,14,6,12,0,2018,4,10,2,3,5,2,0,1,1,0,0,0,0,0,8.30055E+20,5.6641E+21,1.37082E+16,5.10334E+16
166565,14,6,12,0,2018,4,16,2,3,2,6,0,0,1,0,0,0,0,0,8.34759E+20,5.66489E+21,1.37757E+16,5.10378E+16
166566,14,6,12,0,2018,4,18,2,3,5,3,0,1,1,0,0,0,0,0,8.36258E+20,5.66569E+21,1.37978E+16,5.10441E+16
166567,14,6,12,0,2018,4,9,2,3,0,1,0,1,0,0,0,0,0,0,8.35682E+20,5.66578E+21,1.37897E+16,5.10453E+16
166568,14,6,12,0,2018,4,13,6,3,5,2,0,0,1,0,1,0,0,0,8.34669E+20,5.66633E+21,1.37758E+16,5.10508E+16
166569,14,7,30,110,2018,4,10,2,3,5,7,0,1,1,0,0,0,0,1,7.53609E+20,5.70786E+21,1.26514E+16,5.1465E+16
166570,14,6,12,0,2018,4,15,2,3,3,6,0,1,1,0,0,0,0,0,8.38474E+20,5.66342E+21,1.38272E+16,5.10225E+16
166571,14,6,12,0,2018,4,11,7,3,5,3,0,0,1,0,0,0,0,0,8.368E+20,5.66323E+21,1.38032E+16,5.10217E+16
166572,14,6,12,0,2018,4,17,2,3,6,4,0,0,1,1,0,0,0,0,8.27992E+20,5.66511E+21,1.36798E+16,5.10437E+16
166573,14,6,12,0,2018,4,10,2,2,6,2,0,0,1,1,0,0,0,0,8.35096E+20,5.66676E+21,1.37823E+16,5.10544E+16
166574,14,5,21,30,2018,4,15,2,2,1,6,0,0,1,0,1,0,1,0,7.61639E+20,5.60885E+21,1.26953E+16,5.05729E+16
166575,14,6,12,0,2018,4,17,6,2,9,7,0,0,1,0,0,0,0,1,8.34949E+20,5.66307E+21,1.37768E+16,5.10214E+16
166576,14,7,13,0,2018,4,10,2,3,5,2,0,0,1,0,0,0,1,1,7.3547E+20,5.69759E+21,1.23839E+16,5.13806E+16
166577,14,5,11,0,2018,4,7,2,3,3,2,0,1,1,0,0,0,0,0,7.75613E+20,5.63904E+21,1.29148E+16,5.08374E+16
166578,14,5,11,0,2018,4,16,2,3,5,3,0,1,0,0,0,0,1,0,7.74939E+20,5.63996E+21,1.29059E+16,5.08459E+16
166579,14,6,12,0,2018,4,9,6,3,0,7,0,1,1,0,0,0,0,0,8.3348E+20,5.66809E+21,1.37605E+16,5.10672E+16
166580,14,7,13,0,2018,4,18,2,2,5,3,0,1,1,0,0,0,0,1,7.35144E+20,5.68922E+21,1.23737E+16,5.13056E+16
166581,14,5,11,0,2018,4,7,2,3,2,7,0,0,0,0,1,0,1,0,7.77939E+20,5.64097E+21,1.29492E+16,5.08536E+16
166582,14,5,21,410,2018,4,6,2,2,3,6,0,0,1,0,1,0,0,0,7.72616E+20,5.63101E+21,1.28663E+16,5.07667E+16
166583,14,5,11,0,2018,4,18,2,3,6,4,0,0,1,1,0,0,0,0,7.74607E+20,5.6354E+21,1.28978E+16,5.08052E+16
166584,14,6,25,20,2018,4,14,5,3,3,2,0,0,1,0,0,1,0,0,8.7824E+20,5.68191E+21,1.44111E+16,5.11632E+16
166585,14,6,25,270,2018,4,15,3,3,4,2,0,1,1,0,0,0,0,0,8.42231E+20,5.69072E+21,1.39065E+16,5.12648E+16
166586,14,5,24,30,2018,4,18,1,3,8,1,0,0,1,0,0,0,0,0,7.38776E+20,5.63423E+21,1.23895E+16,5.08105E+16
166587,14,6,28,70,2018,4,15,5,3,0,1,0,1,0,0,0,0,0,0,8.50091E+20,5.65115E+21,1.39804E+16,5.09056E+16
166588,14,5,21,450,2018,4,18,2,3,2,2,0,0,1,0,0,0,1,1,7.6132E+20,5.62586E+21,1.27028E+16,5.07256E+16
166589,14,7,13,0,2018,4,7,6,3,5,2,0,1,1,0,0,0,0,1,7.35586E+20,5.69225E+21,1.23821E+16,5.13326E+16
166590,14,5,24,80,2018,4,2,1,3,0,1,2,0,0,0,1,0,0,0,7.49201E+20,5.63475E+21,1.25375E+16,5.08108E+16
166591,14,7,29,160,2018,4,15,1,2,8,1,0,0,0,0,1,0,0,0,7.59545E+20,5.68178E+21,1.27177E+16,5.12283E+16
166592,14,7,13,0,2018,4,1,1,2,0,1,2,1,0,0,0,0,0,0,7.38299E+20,5.69361E+21,1.24218E+16,5.13437E+16
166593,14,7,29,140,2018,4,13,1,2,5,3,0,1,0,0,0,0,1,0,7.4772E+20,5.66345E+21,1.2536E+16,5.1069E+16
166594,14,6,26,110,2018,4,14,1,3,0,1,0,1,0,0,0,0,0,1,9.18054E+20,5.68218E+21,1.49778E+16,5.1138E+16
166595,14,6,25,240,2018,4,10,5,3,0,1,0,1,0,0,0,0,0,0,8.65857E+20,5.71201E+21,1.42656E+16,5.14409E+16
166596,14,6,27,50,2018,4,18,1,3,5,3,0,1,0,0,0,0,1,0,8.0866E+20,5.70502E+21,1.34392E+16,5.14122E+16
166597,14,6,28,110,2018,4,18,1,3,6,4,0,0,1,1,0,0,0,0,8.22831E+20,5.65694E+21,1.35991E+16,5.09734E+16
166598,14,6,12,0,2018,4,11,1,3,0,1,0,1,0,0,0,0,0,0,8.34398E+20,5.66584E+21,1.37715E+16,5.10466E+16
166599,14,6,12,0,2018,4,16,1,3,6,6,0,1,0,1,0,0,0,0,8.34062E+20,5.66469E+21,1.37657E+16,5.10365E+16
166600,14,7,13,0,2018,4,8,5,3,4,6,0,1,1,0,0,0,0,0,7.41208E+20,5.68679E+21,1.24589E+16,5.12813E+16
166601,14,6,28,110,2018,4,16,3,3,5,2,0,1,1,0,0,0,0,0,8.26983E+20,5.66186E+21,1.36625E+16,5.10151E+16
166602,14,5,21,340,2018,4,22,1,3,9,1,2,0,1,0,0,0,0,0,7.85779E+20,5.60697E+21,1.3034E+16,5.05447E+16
166603,14,6,25,40,2018,4,8,5,3,5,3,0,1,1,0,0,0,0,0,8.62535E+20,5.67663E+21,1.41821E+16,5.11261E+16
166604,14,5,24,330,2018,4,19,1,3,8,1,0,0,1,0,0,0,0,0,7.4683E+20,5.62474E+21,1.24972E+16,5.07219E+16
166605,14,6,25,20,2018,4,16,1,3,0,1,0,1,0,0,0,0,0,0,8.76534E+20,5.68705E+21,1.43922E+16,5.12104E+16
166606,14,5,23,320,2018,4,22,7,3,6,4,2,0,1,1,0,0,0,0,7.22973E+20,5.60024E+21,1.2145E+16,5.05116E+16
166607,14,5,21,460,2018,4,15,7,3,4,2,0,0,1,0,0,0,0,0,8.05976E+20,5.62121E+21,1.333E+16,5.06622E+16
166608,14,7,13,0,2018,4,18,7,3,5,3,0,1,1,0,0,0,0,0,7.3363E+20,5.69348E+21,1.23548E+16,5.13445E+16
166609,14,7,13,0,2018,4,18,7,3,5,3,0,1,1,0,0,0,0,0,7.36596E+20,5.6913E+21,1.23959E+16,5.13237E+16
166610,14,7,13,0,2018,4,18,7,2,6,4,0,0,1,1,0,0,0,0,7.31364E+20,5.6967E+21,1.23244E+16,5.13744E+16
166611,14,5,11,0,2018,4,14,6,3,2,6,0,0,1,0,1,0,0,1,7.74217E+20,5.63975E+21,1.28955E+16,5.08444E+16
166612,14,5,11,0,2018,4,5,3,3,5,3,1,1,1,0,0,0,0,1,7.76105E+20,5.63997E+21,1.29224E+16,5.08454E+16
166613,14,7,30,80,2018,4,10,7,2,4,2,0,0,1,0,0,0,0,0,7.60568E+20,5.71191E+21,1.27543E+16,5.14982E+16
166614,14,5,24,330,2018,4,14,5,2,0,7,0,1,0,0,0,0,0,0,7.46839E+20,5.62439E+21,1.24971E+16,5.07188E+16
166615,14,6,12,0,2018,4,5,3,3,3,2,1,1,1,0,0,0,0,1,8.35052E+20,5.66663E+21,1.37815E+16,5.10533E+16
166616,14,6,28,80,2018,4,13,7,2,0,7,0,0,0,0,1,0,0,0,8.40888E+20,5.65764E+21,1.38561E+16,5.09693E+16
166617,14,5,24,330,2018,4,0,5,2,0,1,2,1,0,0,0,0,0,0,7.47095E+20,5.62287E+21,1.24997E+16,5.07051E+16
166618,14,7,13,0,2018,4,17,1,3,5,3,0,0,1,0,0,0,0,0,7.30507E+20,5.69202E+21,1.23091E+16,5.13327E+16
166619,14,7,13,0,2018,4,23,7,3,6,4,2,0,0,1,1,0,0,0,7.37034E+20,5.69299E+21,1.24033E+16,5.13387E+16
166620,14,6,12,0,2018,4,12,7,3,1,1,0,1,0,0,0,0,1,0,8.31788E+20,5.6629E+21,1.37317E+16,5.10217E+16
166621,14,6,12,0,2018,4,12,7,3,0,7,0,1,1,0,0,0,0,0,8.36689E+20,5.66653E+21,1.38047E+16,5.10514E+16
166622,14,6,12,0,2018,4,11,7,3,5,3,0,0,1,0,1,0,0,0,8.33603E+20,5.67386E+21,1.37676E+16,5.11188E+16
166623,14,5,11,0,2018,4,16,7,3,5,3,0,0,1,0,1,0,0,0,7.74653E+20,5.63711E+21,1.28997E+16,5.08205E+16
166624,14,7,13,0,2018,4,10,5,3,5,3,0,1,1,0,0,0,0,0,7.3464E+20,5.69541E+21,1.23706E+16,5.13614E+16
166625,14,7,13,0,2018,4,10,2,3,3,6,0,0,1,0,0,0,1,1,7.33013E+20,5.6906E+21,1.23441E+16,5.13189E+16
166626,14,5,21,30,2018,4,15,7,3,6,7,0,0,0,1,0,1,0,0,7.62752E+20,5.61116E+21,1.27126E+16,5.05931E+16
166627,14,5,21,370,2018,4,13,7,3,5,3,0,1,1,0,0,0,0,0,7.63673E+20,5.61388E+21,1.27276E+16,5.06171E+16
166628,14,5,11,0,2018,4,17,7,3,3,6,0,0,1,0,0,0,0,0,7.77363E+20,5.63522E+21,1.29367E+16,5.08022E+16
166629,14,5,23,300,2018,4,12,6,3,5,3,0,0,1,0,1,0,0,0,7.25734E+20,5.58991E+21,1.21777E+16,5.04178E+16
166630,14,6,25,480,2018,4,20,7,3,9,1,2,1,0,0,0,0,0,0,8.43817E+20,5.67202E+21,1.39112E+16,5.10963E+16
166631,14,7,13,0,2018,4,11,6,3,2,2,0,0,1,0,0,0,0,0,7.36247E+20,5.69403E+21,1.23927E+16,5.13484E+16
166632,14,7,13,0,2018,4,5,6,2,5,3,2,1,1,0,0,0,0,0,7.38137E+20,5.69052E+21,1.24175E+16,5.13161E+16
166633,14,7,13,0,2018,4,6,6,3,5,3,0,1,1,0,0,0,0,0,7.36737E+20,5.68906E+21,1.23964E+16,5.13036E+16
166634,14,5,23,160,2018,4,12,5,3,4,2,0,0,0,0,1,0,1,0,7.46678E+20,5.5856E+21,1.24691E+16,5.03707E+16
166635,14,7,13,0,2018,4,5,2,3,6,7,2,0,1,1,0,0,0,1,7.29178E+20,5.70057E+21,1.22956E+16,5.14099E+16
166636,14,7,13,0,2018,4,10,6,3,5,3,0,0,1,0,0,0,0,0,7.34812E+20,5.69251E+21,1.23711E+16,5.13353E+16