OBJECTID_1,ULAND,UREGBEZ,UKREIS,UGEMEINDE,UJAHR,UMONAT,USTUNDE,UWOCHENTAG,UKATEGORIE,UART,UTYP1,ULICHTVERH,IstRad,IstPKW,IstFuss,IstKrad,IstGkfz,IstSonstig,STRZUSTAND,LINREFX,LINREFY,XGCSWGS84,YGCSWGS84
166637,14,7,13,0,2018,4,8,6,3,2,6,0,0,1,0,0,1,0,0,7.35412E+20,5.69091E+21,1.23787E+16,5.13207E+16
166638,14,7,30,70,2018,4,22,6,2,5,3,2,1,1,0,0,0,0,0,7.33434E+20,5.70922E+21,1.23624E+16,5.14859E+16
166639,14,6,26,600,2018,4,18,6,3,4,6,0,1,1,0,0,0,0,0,8.90111E+20,5.72182E+21,1.46237E+16,5.15125E+16
166640,14,6,26,600,2018,4,15,6,3,3,6,0,1,1,0,0,0,0,0,8.91518E+20,5.72087E+21,1.46429E+16,5.1503E+16
166641,14,7,29,300,2018,4,15,5,2,6,4,0,0,1,1,0,0,0,0,7.50182E+20,5.68698E+21,1.25875E+16,5.12791E+16
166642,14,6,28,270,2018,4,7,3,2,5,3,0,1,0,0,0,0,0,1,8.48176E+20,5.6564E+21,1.39583E+16,5.09538E+16
166643,14,6,25,330,2018,4,9,6,3,8,1,0,0,1,0,0,0,0,0,8.74474E+20,5.70184E+21,1.43783E+16,5.13442E+16
166644,14,7,29,170,2018,4,14,5,3,0,2,0,1,0,0,0,0,1,0,7.29439E+20,5.67234E+21,1.22812E+16,5.11564E+16
166645,14,5,21,530,2018,4,16,2,2,0,1,0,1,0,0,0,0,0,0,7.5724E+20,5.61157E+21,1.26352E+16,5.05993E+16
166646,14,7,13,0,2018,4,12,1,3,5,3,0,0,1,0,0,0,0,0,7.34807E+20,5.69256E+21,1.23711E+16,5.13357E+16
166647,14,6,25,20,2018,4,15,6,3,6,6,0,0,0,1,1,0,0,0,8.80248E+20,5.68353E+21,1.44414E+16,5.11764E+16
166648,14,6,12,0,2018,4,17,2,3,0,1,0,1,0,0,0,0,0,1,8.35929E+20,5.66312E+21,1.37907E+16,5.10213E+16
166649,14,6,12,0,2018,4,19,6,2,1,5,0,1,1,0,0,0,0,0,8.31165E+20,5.67074E+21,1.373E+16,5.10923E+16
166650,14,6,12,0,2018,4,15,6,2,6,6,0,1,0,1,0,0,0,0,8.321E+20,5.66667E+21,1.37396E+16,5.10553E+16
166651,14,6,12,0,2018,4,16,6,3,6,6,0,1,0,1,0,0,0,0,8.30717E+20,5.67034E+21,1.37233E+16,5.1089E+16
166652,14,6,12,0,2018,4,17,6,3,5,2,0,1,0,0,0,0,0,0,8.32415E+20,5.66722E+21,1.37446E+16,5.10601E+16
166653,14,5,22,230,2018,4,13,6,3,3,5,0,1,1,0,0,0,0,0,7.89653E+20,5.65398E+21,1.31255E+16,5.09645E+16
166654,14,6,12,0,2018,4,6,3,3,0,1,0,1,0,0,0,0,0,1,8.28653E+20,5.66638E+21,1.36903E+16,5.10547E+16
166655,14,5,22,180,2018,4,14,6,3,3,2,0,1,1,0,0,0,0,0,8.05748E+20,5.64869E+21,1.33496E+16,5.09087E+16
166656,14,5,23,340,2018,4,12,1,2,0,7,0,1,0,0,0,0,0,0,7.34828E+20,5.61406E+21,1.23207E+16,5.0631E+16
166657,14,6,12,0,2018,4,19,1,2,6,4,0,1,0,1,0,0,0,0,8.34789E+20,5.66537E+21,1.37766E+16,5.10421E+16
166658,14,5,11,0,2018,4,15,6,2,5,3,0,1,1,0,0,0,0,0,7.75041E+20,5.63592E+21,1.29043E+16,5.08096E+16
166659,14,5,24,330,2018,4,6,5,3,0,1,2,0,0,0,1,0,0,0,7.44918E+20,5.62105E+21,1.24677E+16,5.06896E+16
166660,14,5,23,230,2018,4,15,5,3,4,2,0,0,1,0,0,0,0,0,7.30278E+20,5.58831E+21,1.22406E+16,5.04016E+16
166661,14,7,13,0,2018,4,8,5,3,5,3,0,1,0,0,0,1,0,0,7.33842E+20,5.69319E+21,1.23577E+16,5.13418E+16
166662,14,7,13,0,2018,4,11,5,3,5,3,0,1,1,0,0,0,0,0,7.308E+20,5.6917E+21,1.23131E+16,5.13297E+16
166663,14,7,13,0,2018,4,15,5,2,4,1,0,1,1,0,0,0,0,1,7.3629E+20,5.69298E+21,1.23926E+16,5.13389E+16
166664,14,6,25,240,2018,4,20,5,2,5,3,2,1,1,0,0,0,0,0,8.63879E+20,5.71042E+21,1.42356E+16,5.14278E+16
166665,14,6,12,0,2018,4,17,3,3,5,3,0,1,0,0,1,0,0,0,8.33197E+20,5.66616E+21,1.37547E+16,5.10501E+16
166666,14,6,12,0,2018,4,13,5,3,2,2,0,0,1,0,1,0,0,0,8.28392E+20,5.66663E+21,1.36868E+16,5.10571E+16
166667,14,7,13,0,2018,4,18,1,3,3,2,0,1,1,0,0,0,0,0,7.38547E+20,5.68949E+21,1.24226E+16,5.13066E+16
166668,14,7,13,0,2018,4,15,7,2,5,3,0,0,1,0,1,0,0,0,7.27209E+20,5.69357E+21,1.22628E+16,5.13479E+16
166669,14,6,12,0,2018,4,10,5,2,1,5,0,0,1,0,0,0,0,0,8.31379E+20,5.66582E+21,1.37286E+16,5.10481E+16
166670,14,5,22,180,2018,4,15,5,2,2,2,0,1,1,0,0,0,0,0,8.04734E+20,5.64902E+21,1.33355E+16,5.09122E+16
166671,14,5,21,700,2018,4,14,5,3,4,6,0,1,1,0,0,0,0,0,7.58209E+20,5.60781E+21,1.26463E+16,5.05651E+16
166672,14,5,24,170,2018,4,22,6,3,0,7,2,1,1,0,0,0,0,1,7.41415E+20,5.62192E+21,1.24188E+16,5.06989E+16
166673,14,7,13,0,2018,4,19,2,3,0,7,0,0,1,0,0,0,1,1,7.31109E+20,5.68927E+21,1.2316E+16,5.13077E+16
166674,14,5,21,690,2018,4,11,5,2,5,3,0,0,1,0,0,0,1,0,7.87875E+20,5.62949E+21,1.3081E+16,5.07457E+16
166675,14,7,30,330,2018,4,15,4,2,2,2,0,0,1,0,0,0,0,0,7.75216E+20,5.68821E+21,1.29465E+16,5.12786E+16
166676,14,5,24,230,2018,4,9,2,3,5,3,0,0,1,0,0,0,0,1,7.63998E+20,5.63346E+21,1.27462E+16,5.07927E+16
166677,14,7,29,410,2018,4,22,4,3,0,1,2,1,0,0,0,0,0,1,7.59632E+20,5.6974E+21,1.27302E+16,5.13684E+16
166678,14,6,27,140,2018,4,11,7,3,2,2,0,0,1,0,0,0,0,0,8.13368E+20,5.67812E+21,1.34831E+16,5.11685E+16
166679,14,7,13,0,2018,4,20,4,3,1,5,2,1,1,0,0,0,0,0,7.34485E+20,5.69309E+21,1.23668E+16,5.13407E+16
166680,14,7,13,0,2018,4,16,3,3,1,2,0,1,1,0,0,0,0,0,7.35403E+20,5.69091E+21,1.23785E+16,5.13207E+16
166681,14,7,13,0,2018,4,11,2,3,2,6,0,0,1,0,0,0,0,1,7.39912E+20,5.69397E+21,1.24452E+16,5.13462E+16
166682,14,7,13,0,2018,4,18,4,3,5,3,0,0,1,0,0,0,1,0,7.34639E+20,5.69539E+21,1.23706E+16,5.13613E+16
166683,14,6,26,530,2018,4,7,6,2,2,6,0,1,0,0,0,0,0,0,8.93009E+20,5.65752E+21,1.45949E+16,5.0935E+16
166684,14,5,24,80,2018,4,12,3,3,5,3,0,1,1,0,0,0,0,0,7.50183E+20,5.63656E+21,1.25526E+16,5.08266E+16
166685,14,7,13,0,2018,4,16,3,3,0,1,0,1,1,0,0,0,0,0,7.36694E+20,5.69378E+21,1.23989E+16,5.13459E+16
166686,14,6,12,0,2018,4,11,5,3,5,3,0,0,1,0,0,0,0,0,8.35266E+20,5.66439E+21,1.37825E+16,5.10331E+16
166687,14,6,12,0,2018,4,14,5,3,5,3,0,1,1,0,0,0,0,0,8.29108E+20,5.66978E+21,1.36999E+16,5.10849E+16
166688,14,5,22,80,2018,5,16,4,3,8,1,0,0,0,0,1,0,0,0,7.88597E+20,5.67109E+21,1.31241E+16,5.11185E+16
166689,14,5,11,0,2018,4,13,5,3,0,7,0,0,0,0,0,0,1,0,7.7621E+20,5.63875E+21,1.2923E+16,5.08344E+16
166690,14,6,12,0,2018,4,17,2,3,7,1,0,1,0,0,0,0,0,0,8.40691E+20,5.66221E+21,1.38575E+16,5.10104E+16
166691,14,5,11,0,2018,4,7,5,3,6,4,0,0,1,1,0,0,0,0,7.77903E+20,5.64075E+21,1.29485E+16,5.08516E+16
166692,14,6,12,0,2018,4,18,2,3,2,6,0,0,1,0,0,0,0,0,8.33409E+20,5.66661E+21,1.37581E+16,5.10541E+16
166693,14,5,24,330,2018,4,14,4,3,3,6,0,1,1,0,0,0,0,0,7.45194E+20,5.62964E+21,1.24773E+16,5.07666E+16
166694,14,5,24,80,2018,4,17,4,2,5,3,0,0,1,0,0,0,0,1,7.49626E+20,5.63533E+21,1.25439E+16,5.08158E+16
166695,14,7,13,0,2018,4,15,4,3,5,3,0,1,1,0,0,0,0,1,7.34913E+20,5.69088E+21,1.23715E+16,5.13206E+16
166696,14,6,12,0,2018,5,11,3,3,1,5,0,0,1,0,0,0,0,0,8.31821E+20,5.66441E+21,1.37335E+16,5.10352E+16
166697,14,7,13,0,2018,4,18,4,3,2,6,0,0,1,0,0,0,0,1,7.33247E+20,5.69584E+21,1.23509E+16,5.13658E+16
166698,14,7,13,0,2018,4,11,4,3,5,3,0,0,1,0,0,0,1,0,7.32551E+20,5.69262E+21,1.23388E+16,5.13372E+16
166699,14,6,12,0,2018,4,9,2,3,5,2,0,1,1,0,0,0,0,0,8.36372E+20,5.66348E+21,1.37974E+16,5.10242E+16
166700,14,7,13,0,2018,4,8,4,3,2,2,0,0,1,0,0,0,0,0,7.30763E+20,5.68951E+21,1.23112E+16,5.13101E+16
166701,14,7,13,0,2018,4,13,4,3,2,6,0,0,1,0,1,0,0,0,7.3992E+20,5.69395E+21,1.24453E+16,5.13461E+16
166702,14,6,12,0,2018,4,15,2,3,1,5,0,0,1,0,0,0,0,0,8.33651E+20,5.66629E+21,1.37613E+16,5.1051E+16
166703,14,7,13,0,2018,4,16,4,3,0,1,0,0,1,0,0,0,0,1,7.39991E+20,5.69194E+21,1.2445E+16,5.13281E+16
166704,14,6,12,0,2018,4,17,2,3,5,3,0,1,1,0,0,0,0,0,8.36429E+20,5.66344E+21,1.37981E+16,5.10238E+16
166705,14,6,12,0,2018,4,17,2,3,5,2,0,0,1,0,0,0,0,0,8.29319E+20,5.66901E+21,1.37022E+16,5.10779E+16
166706,14,7,30,70,2018,4,17,4,3,8,1,0,0,0,0,1,0,0,0,7.30083E+20,5.71254E+21,1.23164E+16,5.1517E+16
166707,14,7,13,0,2018,4,5,4,2,6,4,0,0,1,1,0,0,0,0,7.4188E+20,5.69413E+21,1.24735E+16,5.13469E+16
166708,14,5,11,0,2018,5,12,3,3,1,5,0,1,1,0,0,0,0,0,7.78186E+20,5.64241E+21,1.29538E+16,5.08663E+16
166709,14,7,13,0,2018,4,8,4,3,3,6,0,1,1,0,0,0,0,0,7.34747E+20,5.69089E+21,1.23691E+16,5.13208E+16
166710,14,6,25,320,2018,4,17,4,3,5,3,0,0,1,0,1,0,0,0,8.48604E+20,5.6804E+21,1.39875E+16,5.11685E+16
166711,14,6,12,0,2018,4,19,2,3,0,7,0,1,0,0,0,0,1,0,8.35287E+20,5.66445E+21,1.37828E+16,5.10335E+16
166712,14,6,12,0,2018,4,10,4,3,5,3,0,0,1,0,0,0,0,0,8.31666E+20,5.66857E+21,1.37352E+16,5.10726E+16
166713,14,6,12,0,2018,4,7,2,2,6,4,0,0,1,1,0,0,0,0,8.28352E+20,5.66499E+21,1.36848E+16,5.10425E+16
166714,14,6,12,0,2018,4,15,4,3,6,4,0,1,0,1,0,0,0,0,8.33648E+20,5.66276E+21,1.3758E+16,5.10194E+16
166715,14,7,13,0,2018,5,15,4,3,5,3,0,0,1,0,0,0,0,0,7.31708E+20,5.69246E+21,1.23266E+16,5.13361E+16
166716,14,6,12,0,2018,4,12,2,2,6,2,0,0,1,1,0,0,0,0,8.35166E+20,5.66651E+21,1.3783E+16,5.10521E+16
166717,14,5,22,360,2018,4,10,2,3,6,6,0,0,1,1,0,0,0,0,7.79369E+20,5.65576E+21,1.29808E+16,5.09855E+16
166718,14,6,12,0,2018,4,18,4,3,5,3,0,1,1,0,0,0,0,1,8.38227E+20,5.66213E+21,1.38225E+16,5.10111E+16
166719,14,7,13,0,2018,5,13,4,3,6,2,0,1,0,1,0,0,0,0,7.35163E+20,5.69339E+21,1.23767E+16,5.13431E+16
166720,14,6,12,0,2018,4,9,4,3,2,6,0,1,1,0,0,0,0,0,8.37332E+20,5.6669E+21,1.38142E+16,5.10543E+16
166721,14,7,13,0,2018,4,11,2,3,3,7,0,1,1,0,0,0,0,0,7.33939E+20,5.69561E+21,1.23607E+16,5.13635E+16
166722,14,6,12,0,2018,4,8,4,3,5,3,0,1,1,0,0,0,0,0,8.35167E+20,5.6652E+21,1.37818E+16,5.10404E+16
166723,14,6,12,0,2018,4,8,4,3,5,2,0,1,1,0,0,0,0,0,8.32314E+20,5.66516E+21,1.37412E+16,5.10416E+16
166724,14,5,21,340,2018,4,10,2,3,3,2,0,0,1,0,1,0,0,0,7.86891E+20,5.60709E+21,1.30497E+16,5.05452E+16
166725,14,6,12,0,2018,4,15,4,3,0,1,0,1,0,0,0,0,0,1,8.31968E+20,5.66652E+21,1.37376E+16,5.1054E+16
166726,14,5,23,320,2018,4,18,1,3,5,3,0,0,1,0,1,0,0,0,7.22677E+20,5.59854E+21,1.21399E+16,5.04965E+16
166727,14,6,12,0,2018,4,17,4,3,2,6,0,0,1,0,0,0,0,1,8.36093E+20,5.66395E+21,1.37938E+16,5.10287E+16
166728,14,6,27,140,2018,5,19,4,3,5,3,0,1,1,0,0,0,0,0,8.1329E+20,5.67803E+21,1.34819E+16,5.11677E+16
166729,14,5,21,560,2018,4,10,4,2,5,3,0,0,0,0,0,0,1,0,7.81989E+20,5.59956E+21,1.2975E+16,5.04801E+16
166730,14,7,13,0,2018,4,17,3,3,5,2,0,1,1,0,0,0,0,1,7.36313E+20,5.69436E+21,1.23939E+16,5.13513E+16
166731,14,7,13,0,2018,4,10,3,3,5,2,0,1,0,0,0,0,1,0,7.34837E+20,5.69299E+21,1.23718E+16,5.13396E+16
166732,14,6,26,110,2018,4,9,2,3,0,7,0,0,0,0,0,0,1,0,9.18116E+20,5.68301E+21,1.49797E+16,5.11453E+16
166733,14,7,13,0,2018,4,12,3,3,3,6,0,1,0,0,0,0,0,0,7.36966E+20,5.6927E+21,1.24021E+16,5.13361E+16
166734,14,7,29,300,2018,4,17,1,2,6,7,0,0,1,1,0,0,0,0,7.46344E+20,5.68706E+21,1.25326E+16,5.12815E+16
166735,14,7,13,0,2018,4,15,3,3,5,7,0,1,1,0,0,0,0,1,7.367E+20,5.68935E+21,1.23961E+16,5.13062E+16
166736,14,7,13,0,2018,4,11,3,3,2,2,0,0,1,0,0,0,0,0,7.39924E+20,5.69446E+21,1.24457E+16,5.13507E+16
166737,14,5,23,150,2018,5,17,3,3,0,7,0,0,1,0,0,0,0,0,7.37808E+20,5.61453E+21,1.2363E+16,5.06341E+16
166738,14,7,13,0,2018,4,8,3,2,5,3,0,1,1,0,0,0,0,0,7.37441E+20,5.693E+21,1.24091E+16,5.13386E+16
166739,14,6,25,250,2018,4,8,3,3,5,3,0,0,1,0,0,0,0,0,8.5597E+20,5.69314E+21,1.4105E+16,5.12781E+16
166740,14,7,13,0,2018,4,14,1,3,2,6,0,0,1,0,0,0,0,0,7.32797E+20,5.69328E+21,1.23427E+16,5.1343E+16
166741,14,6,25,200,2018,4,13,3,3,5,3,0,0,1,0,0,0,0,0,8.49364E+20,5.67686E+21,1.39949E+16,5.11364E+16
166742,14,7,29,260,2018,4,14,1,2,0,1,0,1,0,0,0,0,0,0,7.35005E+20,5.68669E+21,1.23701E+16,5.12829E+16
166743,14,7,29,260,2018,4,13,1,3,4,6,0,1,0,0,0,0,0,0,7.37407E+20,5.68547E+21,1.24036E+16,5.12711E+16
166744,14,6,25,20,2018,4,7,3,3,6,4,0,1,0,1,0,0,0,0,8.79148E+20,5.68333E+21,1.44255E+16,5.11754E+16
166745,14,6,25,20,2018,4,16,3,2,5,3,0,1,1,0,0,0,0,0,8.78968E+20,5.68351E+21,1.44231E+16,5.11771E+16
166746,14,6,25,250,2018,4,5,1,3,8,1,0,0,0,0,0,0,1,0,8.53717E+20,5.69048E+21,1.40702E+16,5.12557E+16
166747,14,6,27,140,2018,4,15,3,3,0,7,0,1,0,0,0,0,1,0,8.13857E+20,5.67728E+21,1.34893E+16,5.11607E+16
166748,14,6,27,210,2018,4,7,3,3,3,6,0,1,0,0,0,0,1,0,8.22226E+20,5.6725E+21,1.36044E+16,5.11132E+16
166749,14,6,12,0,2018,4,9,3,3,5,3,0,1,1,0,0,0,0,0,8.34715E+20,5.66495E+21,1.37752E+16,5.10384E+16
166750,14,7,13,0,2018,5,22,3,3,8,1,2,0,1,0,0,0,0,0,7.38273E+20,5.6936E+21,1.24215E+16,5.13437E+16
166751,14,6,12,0,2018,4,8,3,3,6,2,0,0,1,1,0,0,0,0,8.33821E+20,5.66415E+21,1.37617E+16,5.10318E+16
166752,14,5,11,0,2018,4,8,3,3,2,6,0,0,1,0,0,0,0,0,7.70303E+20,5.63834E+21,1.2839E+16,5.08335E+16
166753,14,6,12,0,2018,4,14,1,3,5,3,0,1,1,0,0,0,0,0,8.28597E+20,5.66983E+21,1.36927E+16,5.10857E+16
166754,14,5,11,0,2018,4,10,3,3,6,7,0,0,1,1,0,0,0,0,7.77491E+20,5.63808E+21,1.29406E+16,5.08278E+16
166755,14,6,12,0,2018,4,16,1,3,5,3,0,1,1,0,0,0,0,0,8.32422E+20,5.66814E+21,1.37455E+16,5.10683E+16
166756,14,6,12,0,2018,4,3,1,3,1,5,2,1,0,0,0,1,0,0,8.29988E+20,5.66616E+21,1.37091E+16,5.1052E+16
166757,14,5,11,0,2018,4,7,3,3,5,3,0,1,1,0,0,0,0,1,7.78832E+20,5.63925E+21,1.29605E+16,5.08376E+16
166758,14,7,30,230,2018,4,9,2,3,5,3,0,0,1,0,0,0,0,1,7.86196E+20,5.69048E+21,1.31054E+16,5.12936E+16
166759,14,7,30,230,2018,4,20,2,3,8,7,1,0,1,0,0,0,0,0,7.83613E+20,5.69045E+21,1.30684E+16,5.12946E+16
166760,14,7,13,0,2018,4,14,2,3,6,4,0,0,1,1,0,0,0,0,7.38206E+20,5.69115E+21,1.24189E+16,5.13217E+16
166761,14,7,30,300,2018,4,18,2,3,5,3,0,0,1,0,0,0,0,0,7.42015E+20,5.69808E+21,1.24781E+16,5.13823E+16
166762,14,7,13,0,2018,4,10,7,3,5,3,0,1,1,0,0,0,0,0,7.34398E+20,5.69355E+21,1.23659E+16,5.13448E+16
166763,14,7,13,0,2018,4,18,2,3,5,3,0,1,1,0,0,0,0,0,7.34589E+20,5.69915E+21,1.23723E+16,5.1395E+16
166764,14,6,12,0,2018,5,0,3,3,5,3,2,0,1,0,0,0,0,0,8.28815E+20,5.66576E+21,1.3692E+16,5.10491E+16
166765,14,6,12,0,2018,4,15,2,3,6,4,0,1,0,1,0,0,0,0,8.30506E+20,5.66661E+21,1.37169E+16,5.10557E+16
166766,14,6,12,0,2018,4,18,2,3,5,3,0,0,1,0,0,0,0,1,8.29271E+20,5.66437E+21,1.36973E+16,5.10363E+16
166767,14,7,13,0,2018,4,5,7,3,9,1,2,0,0,0,1,0,0,0,7.34602E+20,5.69246E+21,1.23681E+16,5.13349E+16
166768,14,6,12,0,2018,4,7,2,3,1,2,0,0,1,0,0,0,0,0,8.32466E+20,5.66267E+21,1.37411E+16,5.10192E+16
166769,14,7,29,260,2018,4,13,7,3,6,4,0,0,1,1,0,0,0,0,7.34918E+20,5.68543E+21,1.2368E+16,5.12717E+16
166770,14,7,13,0,2018,4,13,7,3,4,2,0,0,1,0,1,0,0,0,7.38807E+20,5.69576E+21,1.24305E+16,5.13628E+16
166771,14,6,12,0,2018,4,16,2,3,0,1,0,1,0,0,0,0,0,0,8.32467E+20,5.66316E+21,1.37416E+16,5.10236E+16
166772,14,7,13,0,2018,5,7,4,3,1,5,0,1,1,0,0,0,0,0,7.35007E+20,5.69195E+21,1.23736E+16,5.13302E+16
166773,14,6,12,0,2018,4,15,2,3,6,2,0,0,1,1,0,0,0,0,8.31361E+20,5.66644E+21,1.37289E+16,5.10537E+16
166774,14,7,13,0,2018,4,17,2,3,6,4,0,1,0,1,0,0,0,0,7.33836E+20,5.69509E+21,1.23588E+16,5.13589E+16
166775,14,6,12,0,2018,4,16,2,3,5,2,0,0,1,0,0,0,0,0,8.36398E+20,5.66352E+21,1.37978E+16,5.10246E+16
166776,14,7,13,0,2018,4,23,7,3,3,6,2,1,1,0,0,0,0,0,7.42468E+20,5.69278E+21,1.2481E+16,5.13346E+16
166777,14,6,12,0,2018,4,7,2,3,6,4,0,0,1,1,0,0,0,0,8.32411E+20,5.66596E+21,1.37434E+16,5.10487E+16
166778,14,6,12,0,2018,4,9,2,3,5,3,0,0,1,0,0,0,0,0,8.34593E+20,5.6734E+21,1.37813E+16,5.11142E+16
166779,14,7,29,70,2018,4,11,7,3,4,6,0,0,1,0,0,0,1,0,7.50637E+20,5.69239E+21,1.25978E+16,5.13274E+16
166780,14,6,28,160,2018,4,16,2,2,5,3,0,1,1,0,0,0,0,0,8.4122E+20,5.65811E+21,1.38612E+16,5.09733E+16
166781,14,6,25,240,2018,5,20,4,3,4,2,1,1,1,0,0,0,0,0,8.65679E+20,5.71207E+21,1.42631E+16,5.14415E+16
166782,14,5,23,430,2018,4,17,1,3,2,6,0,0,1,0,0,0,0,0,7.36386E+20,5.60487E+21,1.23368E+16,5.05479E+16
166783,14,6,27,50,2018,4,21,2,2,8,1,2,0,0,0,1,0,0,0,8.08998E+20,5.70508E+21,1.34441E+16,5.14125E+16
166784,14,7,13,0,2018,4,14,1,3,1,5,0,1,1,0,0,0,0,0,7.33677E+20,5.6935E+21,1.23555E+16,5.13446E+16
166785,14,7,13,0,2018,4,12,7,3,3,6,0,1,1,0,0,0,0,0,7.31522E+20,5.69662E+21,1.23267E+16,5.13736E+16
166786,14,7,29,430,2018,4,5,1,2,4,1,1,0,1,0,0,0,0,0,7.3343E+20,5.67909E+21,1.23426E+16,5.12154E+16
166787,14,7,13,0,2018,4,19,1,3,5,3,0,0,1,0,0,0,0,0,7.31981E+20,5.69098E+21,1.23296E+16,5.13227E+16
166788,14,7,13,0,2018,5,11,3,3,1,5,0,1,1,0,0,0,0,0,7.35394E+20,5.69134E+21,1.23787E+16,5.13245E+16
166789,14,6,28,270,2018,4,13,1,3,3,6,0,1,0,0,0,0,1,0,8.44989E+20,5.66135E+21,1.39178E+16,5.10001E+16
166790,14,6,27,210,2018,4,13,1,3,0,6,0,1,1,0,0,0,0,0,8.23642E+20,5.67157E+21,1.36237E+16,5.11041E+16
166791,14,6,12,0,2018,4,10,7,3,5,3,0,1,1,0,0,0,0,0,8.37997E+20,5.66072E+21,1.38179E+16,5.09986E+16
166792,14,6,28,110,2018,4,13,1,2,0,1,0,1,0,0,0,0,0,0,8.25605E+20,5.66176E+21,1.36428E+16,5.10151E+16
166793,14,6,12,0,2018,5,16,4,3,5,2,0,1,1,0,0,0,0,0,8.36182E+20,5.66357E+21,1.37948E+16,5.10252E+16
166794,14,6,12,0,2018,4,17,1,3,2,6,0,0,1,0,0,0,0,0,8.30939E+20,5.66671E+21,1.37231E+16,5.10564E+16
166795,14,6,12,0,2018,4,17,1,3,0,1,0,1,0,0,0,0,0,0,8.26255E+20,5.6655E+21,1.36554E+16,5.10482E+16
166796,14,6,12,0,2018,4,16,7,3,6,4,0,0,1,1,0,0,0,0,8.32717E+20,5.66481E+21,1.37467E+16,5.10383E+16
166797,14,6,12,0,2018,4,18,1,3,5,3,0,1,1,0,0,0,0,0,8.34149E+20,5.66538E+21,1.37675E+16,5.10426E+16
166798,14,5,22,510,2018,4,10,1,3,0,1,0,1,0,0,0,0,0,0,7.93512E+20,5.6654E+21,1.31895E+16,5.10649E+16
166799,14,7,30,110,2018,4,11,7,3,1,5,0,0,1,0,0,0,0,0,7.5256E+20,5.70726E+21,1.26359E+16,5.146E+16
166800,14,6,27,10,2018,5,12,3,3,5,3,0,0,1,0,0,0,0,0,8.20411E+20,5.67356E+21,1.35795E+16,5.11237E+16
166801,14,7,13,0,2018,4,16,7,3,5,3,0,0,1,0,0,0,0,0,7.35708E+20,5.69265E+21,1.23841E+16,5.13362E+16
166802,14,7,13,0,2018,4,18,7,2,2,6,0,1,0,0,0,0,0,0,7.36677E+20,5.68702E+21,1.23942E+16,5.12853E+16
166803,14,5,11,0,2018,4,13,7,3,2,6,0,0,1,0,0,0,0,0,7.72113E+20,5.64134E+21,1.28669E+16,5.08596E+16
166804,14,7,13,0,2018,4,9,7,3,5,3,0,1,1,0,0,0,0,0,7.39226E+20,5.69771E+21,1.24379E+16,5.13802E+16
166805,14,5,21,120,2018,4,18,7,3,5,3,0,1,0,0,1,0,0,0,7.75973E+20,5.62727E+21,1.2911E+16,5.07315E+16
166806,14,5,24,330,2018,4,13,6,2,0,1,0,1,0,0,0,0,0,0,7.47797E+20,5.62651E+21,1.25121E+16,5.07374E+16
166807,14,7,13,0,2018,4,9,7,2,4,2,0,0,1,0,1,0,0,0,7.35058E+20,5.6909E+21,1.23736E+16,5.13207E+16
166808,14,7,13,0,2018,5,7,4,2,0,1,0,0,0,0,1,0,0,0,7.37204E+20,5.69337E+21,1.2406E+16,5.13421E+16
166809,14,6,12,0,2018,4,18,7,3,0,1,0,1,0,0,0,0,0,0,8.2814E+20,5.66954E+21,1.36859E+16,5.10833E+16
166810,14,5,24,320,2018,4,16,6,3,0,7,0,0,1,0,0,0,0,0,7.48395E+20,5.61952E+21,1.25158E+16,5.06744E+16
166811,14,5,24,330,2018,4,16,6,2,1,7,0,0,1,0,0,0,0,0,7.45253E+20,5.62124E+21,1.24726E+16,5.06912E+16
166812,14,6,12,0,2018,4,21,7,3,0,7,2,0,1,0,0,0,0,0,8.35038E+20,5.66832E+21,1.37829E+16,5.10684E+16
166813,14,5,11,0,2018,4,19,7,3,5,3,0,0,1,0,1,0,0,0,7.77619E+20,5.63766E+21,1.29421E+16,5.08239E+16
166814,14,5,11,0,2018,4,18,7,3,0,7,0,1,0,0,0,0,0,0,7.78906E+20,5.63812E+21,1.29607E+16,5.08275E+16
166815,14,5,11,0,2018,5,16,3,3,5,3,0,0,1,0,0,0,0,0,7.77504E+20,5.64058E+21,1.29427E+16,5.08502E+16
166816,14,5,24,330,2018,4,16,6,3,6,1,0,1,0,1,0,0,0,0,7.48453E+20,5.62636E+21,1.25212E+16,5.07358E+16
166817,14,5,23,320,2018,4,12,6,3,5,3,0,0,1,0,0,0,0,0,7.22049E+20,5.6033E+21,1.21338E+16,5.05394E+16
166818,14,7,13,0,2018,4,19,6,3,5,3,0,1,1,0,0,0,0,0,7.34543E+20,5.6938E+21,1.23681E+16,5.1347E+16
166819,14,5,24,120,2018,4,9,6,3,2,6,0,0,1,0,0,0,0,0,7.62063E+20,5.63424E+21,1.27193E+16,5.08005E+16
166820,14,7,13,0,2018,4,14,6,3,1,5,0,1,1,0,0,0,0,0,7.36621E+20,5.69378E+21,1.23979E+16,5.1346E+16
166821,14,7,13,0,2018,4,15,6,3,5,3,0,0,1,0,0,0,1,0,7.35308E+20,5.68976E+21,1.23764E+16,5.13104E+16