OBJECTID_1,ULAND,UREGBEZ,UKREIS,UGEMEINDE,UJAHR,UMONAT,USTUNDE,UWOCHENTAG,UKATEGORIE,UART,UTYP1,ULICHTVERH,IstRad,IstPKW,IstFuss,IstKrad,IstGkfz,IstSonstig,STRZUSTAND,LINREFX,LINREFY,XGCSWGS84,YGCSWGS84
166822,14,5,24,80,2018,4,11,6,2,5,2,0,0,1,0,0,0,0,0,7.5012E+20,5.63676E+21,1.25519E+16,5.08284E+16
166823,14,7,13,0,2018,5,17,4,3,5,3,0,0,1,0,0,0,0,0,7.3529E+20,5.69045E+21,1.23766E+16,5.13166E+16
166824,14,7,13,0,2018,4,13,6,3,3,2,0,1,1,0,0,0,0,0,7.36639E+20,5.68977E+21,1.23955E+16,5.131E+16
166825,14,7,13,0,2018,4,7,2,1,5,2,0,1,0,0,0,1,0,0,7.35045E+20,5.69258E+21,1.23745E+16,5.13358E+16
166826,14,7,13,0,2018,4,13,6,3,2,2,0,0,1,0,0,0,1,0,7.32173E+20,5.69401E+21,1.23343E+16,5.13498E+16
166827,14,7,13,0,2018,4,10,2,2,1,3,0,1,1,0,0,0,0,0,7.35492E+20,5.69278E+21,1.23811E+16,5.13375E+16
166828,14,7,13,0,2018,4,5,6,3,5,3,1,1,1,0,0,0,0,0,7.27406E+20,5.69057E+21,1.22638E+16,5.13209E+16
166829,14,7,29,260,2018,4,13,6,3,5,3,0,1,1,0,0,0,0,0,7.35479E+20,5.68649E+21,1.23767E+16,5.1281E+16
166830,14,7,13,0,2018,4,17,6,2,5,3,0,0,1,0,1,0,0,0,7.38228E+20,5.6951E+21,1.24218E+16,5.13571E+16
166831,14,7,13,0,2018,4,14,6,3,5,3,0,1,1,0,0,0,0,0,7.4088E+20,5.68995E+21,1.24564E+16,5.13098E+16
166832,14,7,13,0,2018,4,8,6,3,1,6,0,1,0,0,0,0,1,0,7.35758E+20,5.6929E+21,1.23849E+16,5.13385E+16
166833,14,7,13,0,2018,4,21,6,2,6,2,2,0,1,1,0,0,0,0,7.32261E+20,5.69121E+21,1.23337E+16,5.13247E+16
166834,14,6,27,230,2018,5,16,4,3,2,6,0,0,1,0,0,0,0,0,7.98512E+20,5.69138E+21,1.32823E+16,5.12954E+16
166835,14,7,29,60,2018,4,19,6,2,4,6,0,0,1,0,0,0,0,0,7.44221E+20,5.69466E+21,1.25074E+16,5.13506E+16
166836,14,6,12,0,2018,4,9,2,2,5,3,0,0,1,0,1,0,0,0,8.31934E+20,5.66424E+21,1.3735E+16,5.10336E+16
166837,14,6,25,240,2018,4,17,6,3,8,6,0,1,1,0,0,0,0,0,8.6328E+20,5.71163E+21,1.42283E+16,5.14391E+16
166838,14,6,25,430,2018,4,16,6,2,5,3,0,0,1,0,1,0,0,0,8.38456E+20,5.68061E+21,1.3843E+16,5.11765E+16
166839,14,6,28,270,2018,4,14,6,2,0,1,0,1,0,0,0,0,0,0,8.46333E+20,5.65691E+21,1.39326E+16,5.09595E+16
166840,14,6,27,170,2018,4,17,6,2,5,3,0,0,0,0,1,0,1,0,8.17728E+20,5.67934E+21,1.35463E+16,5.1177E+16
166841,14,6,27,210,2018,4,18,6,3,8,1,0,1,0,0,0,0,0,0,8.25019E+20,5.672E+21,1.36437E+16,5.11071E+16
166842,14,6,12,0,2018,4,21,6,2,0,1,2,1,0,0,0,0,0,0,8.29611E+20,5.6689E+21,1.37062E+16,5.10767E+16
166843,14,6,12,0,2018,4,18,6,3,6,4,0,0,1,1,0,0,0,0,8.30405E+20,5.66797E+21,1.37167E+16,5.10679E+16
166844,14,5,24,10,2018,5,9,3,3,3,2,0,1,1,0,0,0,0,0,7.58123E+20,5.63166E+21,1.26617E+16,5.07792E+16
166845,14,6,12,0,2018,4,14,6,3,3,2,0,1,1,0,0,0,0,0,8.34499E+20,5.67362E+21,1.37801E+16,5.11162E+16
166846,14,6,12,0,2018,4,8,6,3,3,6,0,0,1,0,1,0,0,0,8.36841E+20,5.66663E+21,1.3807E+16,5.10522E+16
166847,14,6,12,0,2018,4,10,6,3,5,3,0,0,1,0,0,0,0,0,8.32575E+20,5.66836E+21,1.37479E+16,5.10702E+16
166848,14,6,12,0,2018,4,16,6,3,3,6,0,1,0,0,0,0,0,0,8.3479E+20,5.6667E+21,1.37779E+16,5.1054E+16
166849,14,6,12,0,2018,4,14,6,3,5,3,0,0,1,0,0,0,0,0,8.34545E+20,5.67361E+21,1.37808E+16,5.11161E+16
166850,14,6,12,0,2018,4,14,6,2,5,3,0,0,1,0,0,0,1,0,8.34234E+20,5.66634E+21,1.37696E+16,5.10511E+16
166851,14,6,12,0,2018,4,10,6,3,6,6,0,0,1,1,0,0,0,0,8.2873E+20,5.66613E+21,1.36912E+16,5.10524E+16
166852,14,6,12,0,2018,5,18,3,3,5,2,0,1,1,0,0,0,0,0,8.31594E+20,5.6652E+21,1.37311E+16,5.10424E+16
166853,14,5,11,0,2018,4,11,6,3,2,6,0,0,1,0,0,0,0,0,7.77522E+20,5.63797E+21,1.2941E+16,5.08268E+16
166854,14,5,11,0,2018,4,9,6,3,1,3,0,0,1,0,0,0,1,0,7.76403E+20,5.63738E+21,1.29247E+16,5.08221E+16
166855,14,5,24,330,2018,4,19,5,3,0,1,0,1,0,0,0,0,0,0,7.47094E+20,5.62432E+21,1.25006E+16,5.0718E+16
166856,14,5,24,330,2018,4,16,5,3,5,3,0,0,1,0,0,0,0,0,7.48635E+20,5.62521E+21,1.2523E+16,5.07254E+16
166857,14,7,13,0,2018,5,15,3,3,6,6,0,1,0,1,0,0,0,0,7.34934E+20,5.68941E+21,1.23708E+16,5.13074E+16
166858,14,5,24,330,2018,4,7,5,2,2,2,0,0,1,0,1,0,0,0,7.4689E+20,5.62075E+21,1.24954E+16,5.06861E+16
166859,14,7,13,0,2018,4,18,5,3,5,2,0,1,1,0,0,0,0,0,7.31974E+20,5.69398E+21,1.23314E+16,5.13497E+16
166860,14,6,12,0,2018,4,11,6,3,5,3,0,1,1,0,0,0,0,0,8.36649E+20,5.6653E+21,1.3803E+16,5.10404E+16
166861,14,7,13,0,2018,4,8,5,3,6,2,0,0,1,1,0,0,0,0,7.35237E+20,5.69519E+21,1.2379E+16,5.13592E+16
166862,14,5,22,150,2018,4,10,6,3,5,3,0,0,1,0,0,0,1,0,7.83856E+20,5.64792E+21,1.30384E+16,5.0913E+16
166863,14,5,22,150,2018,4,13,6,3,2,6,0,0,1,0,0,0,0,0,7.845E+20,5.64804E+21,1.30477E+16,5.09138E+16
166864,14,7,29,260,2018,4,17,5,3,0,3,0,1,1,0,0,0,0,0,7.34834E+20,5.68579E+21,1.2367E+16,5.1275E+16
166865,14,7,13,0,2018,4,19,5,3,3,2,0,1,1,0,0,0,0,0,7.35312E+20,5.68975E+21,1.23765E+16,5.13103E+16
166866,14,5,24,330,2018,4,10,2,2,5,3,0,1,1,0,0,0,0,0,7.44081E+20,5.62417E+21,1.24579E+16,5.0718E+16
166867,14,7,30,270,2018,4,11,5,2,2,6,0,0,1,0,0,1,1,0,7.21276E+20,5.69819E+21,1.21807E+16,5.13917E+16
166868,14,7,13,0,2018,4,18,5,3,5,2,0,1,1,0,0,0,0,0,7.35174E+20,5.69349E+21,1.2377E+16,5.13439E+16
166869,14,5,22,80,2018,4,7,6,3,2,6,0,0,1,0,1,0,0,0,7.88579E+20,5.67149E+21,1.31242E+16,5.1122E+16
166870,14,7,13,0,2018,4,16,5,3,6,4,0,0,1,1,0,0,0,0,7.37896E+20,5.6914E+21,1.24146E+16,5.13241E+16
166871,14,5,21,700,2018,4,16,6,3,6,7,0,0,1,1,0,0,0,0,7.57457E+20,5.60768E+21,1.26356E+16,5.05643E+16
166872,14,7,13,0,2018,4,14,5,3,3,2,0,1,1,0,0,0,0,0,7.30163E+20,5.6933E+21,1.2305E+16,5.13443E+16
166873,14,6,12,0,2018,4,6,5,3,0,1,0,1,0,0,0,0,0,1,8.29209E+20,5.66753E+21,1.36993E+16,5.10647E+16
166874,14,5,23,320,2018,4,10,5,3,6,7,0,0,1,1,0,0,0,0,7.22039E+20,5.59831E+21,1.21307E+16,5.04947E+16
166875,14,7,13,0,2018,4,16,5,2,5,7,0,1,1,0,0,0,0,0,7.31317E+20,5.68858E+21,1.23185E+16,5.13014E+16
166876,14,7,13,0,2018,5,17,4,3,2,6,0,0,1,0,0,0,0,0,7.35064E+20,5.69501E+21,1.23764E+16,5.13576E+16
166877,14,6,27,100,2018,4,12,5,3,0,7,0,0,1,0,0,0,0,0,8.07734E+20,5.66648E+21,1.33928E+16,5.10672E+16
166878,14,7,29,270,2018,4,11,2,3,4,6,0,0,1,0,0,0,0,0,7.27778E+20,5.68672E+21,1.22666E+16,5.12861E+16
166879,14,6,12,0,2018,4,12,5,3,0,1,0,0,0,0,1,0,0,0,8.33084E+20,5.66618E+21,1.37531E+16,5.10504E+16
166880,14,6,12,0,2018,4,12,5,2,6,4,0,1,0,1,0,0,0,0,8.34774E+20,5.66654E+21,1.37775E+16,5.10526E+16
166881,14,5,24,80,2018,4,6,5,3,1,5,1,1,0,0,0,0,1,0,7.49178E+20,5.63645E+21,1.25383E+16,5.08261E+16
166882,14,6,12,0,2018,4,6,5,2,5,3,0,1,1,0,0,0,0,0,8.34206E+20,5.66411E+21,1.37672E+16,5.10311E+16
166883,14,7,30,110,2018,4,12,5,3,5,3,0,0,1,0,1,0,0,0,7.5199E+20,5.70701E+21,1.26275E+16,5.14581E+16
166884,14,6,12,0,2018,4,9,5,3,5,2,0,1,1,0,0,0,0,0,8.29878E+20,5.66554E+21,1.3707E+16,5.10465E+16
166885,14,6,28,60,2018,5,8,4,3,8,6,0,1,1,0,0,0,0,0,8.28352E+20,5.64741E+21,1.36689E+16,5.08848E+16
166886,14,5,21,20,2018,4,12,5,3,0,6,0,0,1,0,1,0,0,0,7.81583E+20,5.60968E+21,1.2977E+16,5.05711E+16
166887,14,7,13,0,2018,4,18,5,3,6,4,0,0,1,1,0,0,0,0,7.35446E+20,5.6917E+21,1.23797E+16,5.13277E+16
166888,14,5,11,0,2018,4,15,5,3,2,6,0,0,1,0,0,0,0,0,7.77506E+20,5.63523E+21,1.29387E+16,5.08023E+16
166889,14,6,25,270,2018,5,6,4,3,0,1,0,1,0,0,0,0,0,0,8.41898E+20,5.69078E+21,1.39018E+16,5.12655E+16
166890,14,5,11,0,2018,4,12,5,3,3,6,0,1,1,0,0,0,0,0,7.77298E+20,5.63982E+21,1.29392E+16,5.08435E+16
166891,14,6,25,270,2018,4,17,2,2,5,3,0,1,1,0,0,0,0,0,8.40526E+20,5.69131E+21,1.38827E+16,5.12711E+16
166892,14,5,23,320,2018,4,16,4,2,0,1,0,0,0,0,1,0,0,0,7.2097E+20,5.60059E+21,1.2117E+16,5.05155E+16
166893,14,7,13,0,2018,4,8,5,3,5,2,0,1,1,0,0,0,0,0,7.30468E+20,5.69147E+21,1.23082E+16,5.13278E+16
166894,14,7,29,160,2018,4,16,4,3,0,7,0,1,0,0,0,0,0,0,7.59995E+20,5.68075E+21,1.27233E+16,5.12188E+16
166895,14,7,13,0,2018,4,11,4,3,4,2,0,0,1,0,0,0,0,0,7.34806E+20,5.69264E+21,1.23711E+16,5.13365E+16
166896,14,7,13,0,2018,5,17,3,3,4,2,0,1,1,0,0,0,0,0,7.38332E+20,5.69089E+21,1.24205E+16,5.13193E+16
166897,14,7,13,0,2018,4,16,4,3,2,2,0,0,1,0,0,0,0,0,7.37957E+20,5.69392E+21,1.24171E+16,5.13467E+16
166898,14,7,13,0,2018,4,14,4,3,3,5,0,1,0,0,0,1,0,0,7.37056E+20,5.69376E+21,1.24041E+16,5.13456E+16
166899,14,7,13,0,2018,4,19,5,3,3,6,0,0,1,0,0,0,0,0,7.42793E+20,5.69346E+21,1.24861E+16,5.13405E+16
166900,14,7,13,0,2018,4,13,4,3,2,6,0,0,1,0,0,0,0,0,7.32329E+20,5.69136E+21,1.23348E+16,5.1326E+16
166901,14,7,13,0,2018,4,9,5,3,5,3,0,1,1,0,0,0,0,0,7.35258E+20,5.68909E+21,1.23753E+16,5.13045E+16
166902,14,7,13,0,2018,4,16,5,3,5,3,0,0,1,0,0,0,0,0,7.40161E+20,5.68796E+21,1.24447E+16,5.12922E+16
166903,14,7,13,0,2018,4,14,4,3,5,3,0,0,1,0,0,0,0,0,7.35276E+20,5.69105E+21,1.23768E+16,5.1322E+16
166904,14,7,13,0,2018,4,13,5,3,5,3,0,0,1,0,0,1,0,0,7.34606E+20,5.69245E+21,1.23681E+16,5.13349E+16
166905,14,7,30,270,2018,4,7,4,3,1,6,0,0,1,0,0,1,1,0,7.23356E+20,5.6994E+21,1.22113E+16,5.14018E+16
166906,14,6,26,600,2018,4,5,4,3,5,3,1,0,1,0,0,1,0,0,8.90595E+20,5.72023E+21,1.46289E+16,5.14979E+16
166907,14,6,27,230,2018,4,16,4,3,2,6,0,0,1,0,0,1,0,0,7.98991E+20,5.6932E+21,1.32906E+16,5.13114E+16
166908,14,6,25,20,2018,5,5,3,2,8,1,0,0,1,0,0,0,0,0,8.79153E+20,5.68386E+21,1.44261E+16,5.11801E+16
166909,14,6,12,0,2018,4,7,4,2,3,6,0,1,0,0,0,0,0,0,8.28707E+20,5.6673E+21,1.36919E+16,5.10629E+16
166910,14,6,12,0,2018,4,15,4,3,2,1,0,1,0,0,0,0,0,0,8.28396E+20,5.665E+21,1.36854E+16,5.10425E+16
166911,14,7,13,0,2018,4,8,5,3,4,2,0,0,1,0,1,0,0,0,7.38363E+20,5.6909E+21,1.24209E+16,5.13193E+16
166912,14,6,12,0,2018,4,20,4,2,5,2,1,1,1,0,0,0,0,0,8.30767E+20,5.66392E+21,1.37181E+16,5.10314E+16
166913,14,6,26,110,2018,4,14,5,3,0,7,0,1,0,0,0,0,0,0,9.16753E+20,5.68192E+21,1.4959E+16,5.11366E+16
166914,14,6,26,300,2018,4,14,5,3,2,6,0,0,1,0,0,0,0,0,9.11644E+20,5.67779E+21,1.48817E+16,5.11034E+16
166915,14,6,12,0,2018,4,14,4,3,5,3,0,1,1,0,0,0,0,0,8.38233E+20,5.66046E+21,1.3821E+16,5.09961E+16
166916,14,6,12,0,2018,4,16,4,3,0,1,0,1,0,0,0,0,0,0,8.32929E+20,5.66746E+21,1.37521E+16,5.10619E+16
166917,14,7,29,320,2018,4,10,2,3,6,7,0,0,1,1,0,0,0,0,7.38501E+20,5.67222E+21,1.24105E+16,5.11516E+16
166918,14,6,12,0,2018,4,19,4,3,0,2,0,0,1,0,0,0,1,0,8.31627E+20,5.66616E+21,1.37324E+16,5.1051E+16
166919,14,6,12,0,2018,4,15,4,3,5,3,0,1,1,0,0,0,0,0,8.37005E+20,5.66472E+21,1.38075E+16,5.1035E+16
166920,14,6,12,0,2018,4,9,4,3,5,2,0,1,1,0,0,0,0,0,8.36107E+20,5.66554E+21,1.37955E+16,5.10428E+16
166921,14,6,12,0,2018,5,13,3,3,5,3,0,1,1,0,0,0,0,0,8.36088E+20,5.6667E+21,1.37963E+16,5.10533E+16
166922,14,6,12,0,2018,4,13,4,2,5,3,0,0,1,0,1,0,0,0,8.36589E+20,5.66521E+21,1.38021E+16,5.10397E+16
166923,14,5,22,500,2018,4,13,4,2,5,3,0,0,1,0,1,0,0,0,7.81395E+20,5.65866E+21,1.30118E+16,5.10105E+16
166924,14,6,26,110,2018,4,14,5,3,6,4,0,1,0,1,0,0,0,0,9.18783E+20,5.68369E+21,1.49899E+16,5.11509E+16
166925,14,5,11,0,2018,4,15,4,3,0,7,0,0,0,0,0,0,1,0,7.74731E+20,5.63842E+21,1.29018E+16,5.08322E+16
166926,14,6,26,110,2018,4,20,5,2,6,4,1,0,1,1,0,0,0,0,9.1788E+20,5.6807E+21,1.49736E+16,5.11249E+16
166927,14,6,28,220,2018,4,9,5,2,8,7,0,0,1,0,0,0,0,0,8.35489E+20,5.6555E+21,1.37775E+16,5.09532E+16
166928,14,5,21,600,2018,4,18,4,3,5,3,0,1,1,0,0,0,0,0,7.50017E+20,5.60387E+21,1.25282E+16,5.05332E+16
166929,14,7,13,0,2018,5,18,4,3,5,3,0,1,1,0,0,0,0,0,7.32552E+20,5.69136E+21,1.2338E+16,5.13259E+16
166930,14,5,24,80,2018,4,7,3,3,1,5,0,0,1,0,0,0,0,1,7.50287E+20,5.63654E+21,1.25541E+16,5.08263E+16
166931,14,7,13,0,2018,4,19,2,2,5,3,0,1,1,0,0,0,0,0,7.30295E+20,5.69354E+21,1.23071E+16,5.13464E+16
166932,14,7,30,230,2018,4,7,3,2,5,3,0,1,0,0,0,1,0,0,7.85804E+20,5.69169E+21,1.31007E+16,5.13046E+16
166933,14,6,12,0,2018,4,15,5,3,6,4,0,0,1,1,0,0,0,1,8.31061E+20,5.66986E+21,1.37277E+16,5.10845E+16
166934,14,7,13,0,2018,4,9,3,3,2,6,0,0,1,0,0,0,0,0,7.38284E+20,5.69361E+21,1.24216E+16,5.13437E+16
166935,14,7,13,0,2018,4,7,3,3,2,6,2,0,1,0,0,0,0,0,7.40975E+20,5.69623E+21,1.2462E+16,5.13661E+16
166936,14,6,12,0,2018,4,10,5,3,0,6,0,0,1,0,0,0,1,0,8.35694E+20,5.6658E+21,1.37899E+16,5.10454E+16
166937,14,7,13,0,2018,4,17,3,3,5,3,0,1,1,0,0,0,0,0,7.36764E+20,5.68984E+21,1.23973E+16,5.13106E+16
166938,14,6,12,0,2018,4,13,5,3,5,2,0,0,1,0,1,0,0,1,8.35066E+20,5.66539E+21,1.37806E+16,5.10421E+16
166939,14,7,13,0,2018,4,9,3,3,1,6,0,0,1,0,0,0,1,0,7.37158E+20,5.69479E+21,1.24063E+16,5.13548E+16
166940,14,6,25,240,2018,5,9,4,3,0,3,0,0,1,0,1,0,0,1,8.60277E+20,5.7107E+21,1.41843E+16,5.14327E+16
166941,14,7,13,0,2018,4,17,3,3,6,4,0,0,1,1,0,0,0,0,7.42262E+20,5.69403E+21,1.24789E+16,5.13458E+16
166942,14,6,12,0,2018,4,16,2,3,5,2,0,1,1,0,0,0,0,0,8.27511E+20,5.66531E+21,1.36731E+16,5.10458E+16
166943,14,6,12,0,2018,4,7,5,3,2,6,0,0,1,0,0,0,0,1,8.37464E+20,5.66571E+21,1.3815E+16,5.10436E+16
166944,14,7,13,0,2018,4,12,3,2,6,4,0,0,0,1,0,0,1,0,7.40914E+20,5.69519E+21,1.24604E+16,5.13568E+16
166945,14,7,13,0,2018,4,21,3,3,5,3,2,1,1,0,0,0,0,0,7.35114E+20,5.68874E+21,1.2373E+16,5.13014E+16
166946,14,7,13,0,2018,5,18,3,3,5,3,0,1,1,0,0,0,0,0,7.34868E+20,5.68736E+21,1.23685E+16,5.12891E+16
166947,14,7,29,410,2018,5,13,3,2,5,3,0,1,1,0,0,0,0,0,7.60343E+20,5.69803E+21,1.27409E+16,5.13738E+16
166948,14,7,13,0,2018,5,20,3,2,6,4,0,1,0,1,0,0,0,0,7.37046E+20,5.69247E+21,1.24031E+16,5.1334E+16
166949,14,7,13,0,2018,5,18,2,3,5,3,0,1,1,0,0,0,0,0,7.32747E+20,5.69628E+21,1.2344E+16,5.137E+16
166950,14,7,13,0,2018,5,9,3,3,1,5,0,1,1,0,0,0,0,0,7.3242E+20,5.69154E+21,1.23362E+16,5.13276E+16
166951,14,7,13,0,2018,5,13,2,3,4,2,0,1,1,0,0,0,0,0,7.34393E+20,5.69605E+21,1.23675E+16,5.13672E+16
166952,14,7,13,0,2018,5,22,3,3,4,2,2,1,1,0,0,0,0,0,7.35017E+20,5.69371E+21,1.23749E+16,5.1346E+16
166953,14,7,13,0,2018,5,14,2,3,5,3,0,1,1,0,0,0,0,0,7.30579E+20,5.69155E+21,1.23098E+16,5.13284E+16
166954,14,7,13,0,2018,5,7,3,3,6,2,0,0,1,1,0,0,0,0,7.40856E+20,5.69477E+21,1.24593E+16,5.13531E+16
166955,14,6,12,0,2018,5,8,3,3,4,6,0,1,1,0,0,0,0,0,8.36822E+20,5.66369E+21,1.3804E+16,5.10258E+16
166956,14,7,13,0,2018,5,17,3,3,2,6,0,0,1,0,0,0,0,0,7.41134E+20,5.69609E+21,1.24641E+16,5.13648E+16
166957,14,7,13,0,2018,5,15,3,3,6,4,0,0,1,1,0,0,0,0,7.31178E+20,5.69745E+21,1.23223E+16,5.13812E+16
166958,14,7,13,0,2018,5,7,2,3,6,4,0,0,1,1,0,0,0,0,7.36007E+20,5.69246E+21,1.23882E+16,5.13343E+16
166959,14,6,26,610,2018,5,18,3,3,5,3,0,1,1,0,0,0,0,0,9.07839E+20,5.65432E+21,1.48013E+16,5.08961E+16
166960,14,6,25,270,2018,5,8,3,3,3,2,0,0,1,0,0,1,0,0,8.42487E+20,5.69068E+21,1.39101E+16,5.12644E+16
166961,14,7,30,80,2018,5,16,2,2,1,5,0,0,1,0,1,0,0,0,7.58265E+20,5.70795E+21,1.27183E+16,5.14637E+16
166962,14,6,28,260,2018,5,16,3,3,5,3,0,1,1,0,0,0,0,0,8.64805E+20,5.66601E+21,1.42037E+16,5.10296E+16
166963,14,6,27,140,2018,5,6,3,3,5,3,0,0,1,0,0,1,0,0,8.1498E+20,5.67834E+21,1.35063E+16,5.11695E+16
166964,14,7,13,0,2018,5,16,2,3,0,3,0,0,1,0,0,0,1,0,7.31775E+20,5.69102E+21,1.23266E+16,5.13232E+16
166965,14,6,12,0,2018,5,7,3,3,5,3,0,1,1,0,0,0,0,0,8.32957E+20,5.6643E+21,1.37496E+16,5.10336E+16
166966,14,7,13,0,2018,5,20,2,3,5,3,0,1,1,0,0,0,0,0,7.40874E+20,5.69018E+21,1.24564E+16,5.13118E+16
166967,14,6,26,370,2018,5,14,2,3,5,3,0,1,1,0,0,0,0,0,9.06737E+20,5.69805E+21,1.48349E+16,5.12881E+16
166968,14,6,12,0,2018,5,14,3,2,6,4,0,0,1,1,0,0,0,0,8.31972E+20,5.66573E+21,1.37369E+16,5.10469E+16
166969,14,7,13,0,2018,5,12,2,3,5,2,0,1,1,0,0,0,0,0,7.36371E+20,5.69379E+21,1.23943E+16,5.13461E+16
166970,14,6,12,0,2018,5,7,3,3,6,3,0,1,0,1,0,0,0,0,8.34668E+20,5.66635E+21,1.37758E+16,5.10509E+16
166971,14,6,25,240,2018,5,15,2,3,5,3,0,1,1,0,0,0,0,0,8.63352E+20,5.71144E+21,1.42291E+16,5.14374E+16
166972,14,6,12,0,2018,5,16,3,2,5,3,0,1,0,0,1,0,0,0,8.35635E+20,5.66498E+21,1.37883E+16,5.10381E+16
166973,14,6,12,0,2018,5,6,3,3,5,3,0,1,0,0,0,0,0,0,8.32025E+20,5.66647E+21,1.37383E+16,5.10536E+16
166974,14,6,12,0,2018,5,13,2,3,5,7,0,1,1,0,0,0,0,0,8.36586E+20,5.66133E+21,1.37984E+16,5.10049E+16
166975,14,6,12,0,2018,5,11,3,3,2,6,0,0,1,0,0,0,0,0,8.34789E+20,5.66658E+21,1.37777E+16,5.1053E+16
166976,14,6,12,0,2018,5,10,2,3,5,3,0,1,1,0,0,0,0,0,8.39263E+20,5.66359E+21,1.38385E+16,5.10235E+16
166977,14,6,12,0,2018,5,15,3,3,6,4,0,0,1,1,0,0,0,0,8.34067E+20,5.66706E+21,1.37679E+16,5.10577E+16
166978,14,6,12,0,2018,5,8,2,3,5,3,0,1,1,0,0,0,0,0,8.33926E+20,5.66484E+21,1.37639E+16,5.10379E+16
166979,14,6,12,0,2018,5,13,2,3,2,6,0,0,1,0,1,0,0,0,8.37294E+20,5.66261E+21,1.38097E+16,5.10159E+16
166980,14,6,12,0,2018,5,11,2,3,5,2,0,1,1,0,0,0,0,0,8.3927E+20,5.66358E+21,1.38386E+16,5.10234E+16
166981,14,5,21,460,2018,5,15,3,3,4,2,0,0,1,0,0,0,0,0,8.06808E+20,5.62087E+21,1.33414E+16,5.06587E+16
166982,14,5,21,20,2018,5,7,2,2,4,2,0,0,1,0,0,0,0,0,7.83031E+20,5.60971E+21,1.29974E+16,5.05706E+16
166983,14,5,21,550,2018,5,14,3,3,0,7,0,0,1,0,0,0,0,0,7.66987E+20,5.60458E+21,1.27676E+16,5.05322E+16
166984,14,5,11,0,2018,5,15,2,3,2,6,0,0,1,0,0,0,0,0,7.74286E+20,5.63829E+21,1.28954E+16,5.08312E+16
166985,14,5,21,30,2018,5,12,3,3,1,7,0,0,1,0,1,0,0,0,7.61888E+20,5.61053E+21,1.27E+16,5.05879E+16
166986,14,5,11,0,2018,5,20,3,3,0,1,0,1,0,0,0,0,0,0,7.76001E+20,5.6404E+21,1.29213E+16,5.08494E+16
166987,14,5,11,0,2018,5,5,2,3,5,3,0,1,1,0,0,0,0,0,7.69032E+20,5.63775E+21,1.28206E+16,5.08289E+16
166988,14,5,23,320,2018,5,13,2,3,2,6,0,0,1,0,0,0,0,0,7.22693E+20,5.5991E+21,1.21404E+16,5.05015E+16
166989,14,7,29,220,2018,5,12,1,3,6,6,0,0,1,1,0,0,0,0,7.48116E+20,5.67451E+21,1.25493E+16,5.11681E+16
166990,14,5,24,180,2018,5,7,2,3,5,3,0,1,1,0,0,0,0,0,7.65882E+20,5.64051E+21,1.27779E+16,5.08551E+16
166991,14,7,29,350,2018,5,16,1,3,0,7,0,0,1,0,0,0,0,0,7.26944E+20,5.6738E+21,1.22465E+16,5.11705E+16
166992,14,5,24,160,2018,5,17,2,3,2,2,0,0,1,0,0,0,0,0,7.56517E+20,5.62832E+21,1.26366E+16,5.07499E+16
166993,14,5,23,160,2018,5,16,2,2,5,3,0,1,1,0,0,0,0,0,7.46616E+20,5.58524E+21,1.2468E+16,5.03674E+16
166994,14,5,23,320,2018,5,7,2,2,6,7,0,0,1,1,0,0,0,0,7.2007E+20,5.59823E+21,1.2103E+16,5.04947E+16
166995,14,7,13,0,2018,5,9,1,3,1,1,0,1,1,0,0,0,0,0,7.34205E+20,5.69325E+21,1.23629E+16,5.13422E+16
166996,14,7,30,310,2018,5,16,2,3,5,3,0,1,1,0,0,0,0,0,7.75045E+20,5.72055E+21,1.29692E+16,5.15688E+16
166997,14,7,13,0,2018,5,22,1,3,5,3,2,1,1,0,0,0,0,0,7.32653E+20,5.69145E+21,1.23395E+16,5.13267E+16
166998,14,7,30,310,2018,5,13,2,3,4,2,0,0,1,0,1,0,0,0,7.77203E+20,5.71937E+21,1.29993E+16,5.15571E+16
166999,14,7,29,430,2018,5,18,2,3,5,3,0,0,1,0,0,0,0,0,7.32785E+20,5.67937E+21,1.23335E+16,5.12182E+16
167000,14,7,13,0,2018,5,10,1,3,3,2,0,1,1,0,0,0,0,0,7.38082E+20,5.69002E+21,1.24163E+16,5.13116E+16
167001,14,7,13,0,2018,5,15,2,3,2,6,0,0,1,0,0,0,0,0,7.34801E+20,5.69459E+21,1.23723E+16,5.1354E+16
167002,14,7,13,0,2018,5,16,2,3,5,3,0,1,1,0,0,0,0,0,7.3298E+20,5.69118E+21,1.2344E+16,5.13241E+16
167003,14,7,13,0,2018,5,13,1,3,4,2,0,1,1,0,0,0,0,0,7.33821E+20,5.69256E+21,1.2357E+16,5.13361E+16
167004,14,7,13,0,2018,5,12,2,3,1,5,0,1,1,0,0,0,0,0,7.40974E+20,5.68986E+21,1.24576E+16,5.1309E+16
167005,14,6,12,0,2018,5,19,1,2,5,2,0,1,1,0,0,0,0,0,8.38832E+20,5.66204E+21,1.3831E+16,5.10099E+16
167006,14,6,12,0,2018,5,21,1,3,2,2,1,0,1,0,0,0,0,0,8.32735E+20,5.66652E+21,1.37485E+16,5.10536E+16