OBJECTID_1,ULAND,UREGBEZ,UKREIS,UGEMEINDE,UJAHR,UMONAT,USTUNDE,UWOCHENTAG,UKATEGORIE,UART,UTYP1,ULICHTVERH,IstRad,IstPKW,IstFuss,IstKrad,IstGkfz,IstSonstig,STRZUSTAND,LINREFX,LINREFY,XGCSWGS84,YGCSWGS84
167007,14,7,13,0,2018,5,14,2,2,4,2,0,1,1,0,0,0,0,0,7.40536E+20,5.68913E+21,1.24509E+16,5.13026E+16
167008,14,5,22,360,2018,5,15,3,3,5,2,0,1,1,0,0,0,0,1,7.77709E+20,5.65623E+21,1.29575E+16,5.09906E+16
167009,14,7,13,0,2018,5,16,2,3,0,7,0,1,0,0,0,0,0,0,7.34809E+20,5.69158E+21,1.23705E+16,5.1327E+16
167010,14,6,27,10,2018,5,17,1,2,5,3,0,1,1,0,0,0,0,0,8.20325E+20,5.67371E+21,1.35784E+16,5.11251E+16
167011,14,7,13,0,2018,5,14,2,3,0,1,0,1,0,0,0,0,0,0,7.343E+20,5.6957E+21,1.23659E+16,5.13641E+16
167012,14,6,27,100,2018,5,11,3,3,5,1,0,0,1,0,1,0,0,0,8.07577E+20,5.66617E+21,1.33903E+16,5.10645E+16
167013,14,7,13,0,2018,5,15,2,3,2,2,0,0,1,0,0,0,1,0,7.31178E+20,5.69069E+21,1.23179E+16,5.13204E+16
167014,14,7,13,0,2018,5,6,2,3,4,2,0,1,1,0,0,0,0,0,7.36169E+20,5.69295E+21,1.23909E+16,5.13387E+16
167015,14,5,22,530,2018,5,19,1,2,4,6,0,0,1,0,1,0,0,0,7.68096E+20,5.6623E+21,1.28253E+16,5.10495E+16
167016,14,6,28,260,2018,5,16,2,3,6,4,0,1,0,1,0,0,0,0,8.65366E+20,5.66556E+21,1.42112E+16,5.10252E+16
167017,14,6,27,230,2018,5,15,2,2,5,3,0,1,1,0,0,0,0,0,7.99641E+20,5.69256E+21,1.32994E+16,5.13053E+16
167018,14,5,21,440,2018,5,17,1,2,9,1,0,0,0,0,1,0,0,0,7.82882E+20,5.59322E+21,1.29828E+16,5.04228E+16
167019,14,6,28,270,2018,5,13,2,3,5,3,0,0,1,0,1,0,0,0,8.46677E+20,5.65711E+21,1.39377E+16,5.0961E+16
167020,14,5,24,330,2018,5,12,7,3,2,6,0,0,1,0,1,0,0,0,7.47245E+20,5.62332E+21,1.25021E+16,5.07091E+16
167021,14,7,13,0,2018,5,18,7,3,5,3,0,1,0,0,0,0,0,0,7.32315E+20,5.692E+21,1.2335E+16,5.13317E+16
167022,14,6,12,0,2018,5,10,2,3,0,7,0,0,1,0,0,0,1,0,8.38994E+20,5.66115E+21,1.38324E+16,5.10018E+16
167023,14,7,13,0,2018,5,7,2,3,3,2,0,1,1,0,0,0,0,0,7.34921E+20,5.69872E+21,1.23768E+16,5.1391E+16
167024,14,6,12,0,2018,5,6,2,3,0,2,0,1,1,0,0,0,0,0,8.38302E+20,5.66233E+21,1.38237E+16,5.10129E+16
167025,14,7,13,0,2018,5,19,7,2,1,7,0,0,1,0,1,0,0,0,7.37544E+20,5.70083E+21,1.24158E+16,5.14089E+16
167026,14,6,12,0,2018,5,7,2,3,0,2,0,1,0,0,0,0,1,0,8.3136E+20,5.66396E+21,1.37266E+16,5.10315E+16
167027,14,6,12,0,2018,5,14,2,3,5,3,0,1,1,0,0,0,0,0,8.39383E+20,5.66163E+21,1.38384E+16,5.10059E+16
167028,14,7,13,0,2018,5,13,7,3,8,1,0,0,1,0,0,0,0,0,7.40766E+20,5.69451E+21,1.24578E+16,5.13508E+16
167029,14,6,12,0,2018,5,4,2,3,7,7,1,1,0,0,0,0,0,0,8.30336E+20,5.67352E+21,1.37208E+16,5.11177E+16
167030,14,7,13,0,2018,5,13,7,2,7,1,0,0,1,0,0,0,0,0,7.37382E+20,5.69906E+21,1.24123E+16,5.1393E+16
167031,14,6,12,0,2018,5,15,2,3,5,3,0,1,1,0,0,0,0,0,8.36099E+20,5.66554E+21,1.37954E+16,5.10429E+16
167032,14,6,12,0,2018,5,16,2,3,5,3,0,0,1,0,0,0,1,0,8.34994E+20,5.66441E+21,1.37786E+16,5.10334E+16
167033,14,7,13,0,2018,5,11,7,1,5,3,0,1,0,0,0,0,1,0,7.3838E+20,5.69436E+21,1.24235E+16,5.13504E+16
167034,14,6,12,0,2018,5,14,2,3,6,4,0,0,0,1,0,0,1,0,8.3578E+20,5.6641E+21,1.37895E+16,5.10302E+16
167035,14,7,29,300,2018,5,23,7,2,1,1,2,0,1,0,0,0,0,0,7.50844E+20,5.68451E+21,1.25952E+16,5.12567E+16
167036,14,6,28,270,2018,5,14,7,3,4,6,0,1,0,0,0,0,1,0,8.50706E+20,5.65604E+21,1.39938E+16,5.09491E+16
167037,14,6,12,0,2018,5,8,2,3,0,1,0,0,0,0,1,0,0,0,8.34948E+20,5.66482E+21,1.37784E+16,5.10371E+16
167038,14,6,28,110,2018,5,19,7,3,8,1,0,1,0,0,0,0,0,0,8.25973E+20,5.66057E+21,1.3647E+16,5.10041E+16
167039,14,6,12,0,2018,5,16,2,3,5,3,0,0,1,0,0,0,0,0,8.33716E+20,5.66562E+21,1.37616E+16,5.10449E+16
167040,14,6,12,0,2018,5,18,7,3,5,3,1,0,1,0,0,0,0,0,8.27282E+20,5.66466E+21,1.36693E+16,5.104E+16
167041,14,6,12,0,2018,5,15,2,3,5,2,0,1,0,0,0,0,1,0,8.34699E+20,5.66737E+21,1.37772E+16,5.10601E+16
167042,14,6,12,0,2018,5,9,7,3,5,3,0,1,1,0,0,0,0,0,8.29629E+20,5.66508E+21,1.3703E+16,5.10425E+16
167043,14,5,21,460,2018,5,11,2,2,5,3,0,1,1,0,0,0,0,0,8.06815E+20,5.62066E+21,1.33414E+16,5.06568E+16
167044,14,5,22,440,2018,5,9,2,3,2,2,0,0,1,0,1,0,0,0,7.93147E+20,5.6418E+21,1.31653E+16,5.08534E+16
167045,14,6,12,0,2018,5,11,7,3,1,1,0,0,1,0,1,0,0,0,8.26699E+20,5.66476E+21,1.36611E+16,5.10413E+16
167046,14,5,21,110,2018,5,13,2,3,0,7,0,0,1,0,0,0,0,0,7.65127E+20,5.59803E+21,1.27368E+16,5.04742E+16
167047,14,5,22,210,2018,5,15,7,3,6,6,0,0,1,1,0,0,0,0,8.0178E+20,5.66198E+21,1.33043E+16,5.103E+16
167048,14,5,21,320,2018,5,12,2,3,2,6,0,1,0,0,0,0,1,0,7.63052E+20,5.5934E+21,1.27044E+16,5.04336E+16
167049,14,5,21,355,2018,5,20,7,3,1,5,1,1,1,0,0,0,0,0,7.66803E+20,5.60925E+21,1.27684E+16,5.05741E+16
167050,14,5,24,250,2018,5,12,1,3,6,7,0,0,0,1,0,0,1,0,7.52352E+20,5.62178E+21,1.25732E+16,5.0693E+16
167051,14,5,11,0,2018,5,9,7,3,0,6,0,1,1,0,0,0,0,0,7.74038E+20,5.63818E+21,1.28918E+16,5.08304E+16
167052,14,5,24,30,2018,5,16,1,3,4,1,0,0,1,0,1,0,0,0,7.39033E+20,5.63591E+21,1.23942E+16,5.08255E+16
167053,14,6,26,390,2018,5,2,1,3,0,7,2,0,1,0,0,0,1,0,9.02247E+20,5.66024E+21,1.47287E+16,5.0953E+16
167054,14,5,11,0,2018,5,12,7,3,0,1,0,1,0,0,0,0,0,1,7.76974E+20,5.64067E+21,1.29353E+16,5.08513E+16
167055,14,6,26,570,2018,5,22,1,3,9,6,2,0,0,0,1,0,1,0,9.00443E+20,5.688E+21,1.47338E+16,5.12026E+16
167056,14,6,25,40,2018,5,15,1,3,3,6,0,1,0,0,0,0,0,0,8.62652E+20,5.67844E+21,1.41856E+16,5.11422E+16
167057,14,5,22,80,2018,5,17,7,2,0,1,0,1,0,0,0,0,0,0,7.88438E+20,5.67115E+21,1.31219E+16,5.11191E+16
167058,14,6,25,40,2018,5,0,1,3,1,5,2,0,1,0,0,0,0,0,8.62347E+20,5.6778E+21,1.41806E+16,5.11367E+16
167059,14,5,11,0,2018,5,13,7,3,0,7,0,0,1,0,0,0,1,0,7.77845E+20,5.63983E+21,1.2947E+16,5.08433E+16
167060,14,6,28,270,2018,5,13,1,3,5,3,0,0,1,0,1,0,0,0,8.47692E+20,5.65417E+21,1.39493E+16,5.09341E+16
167061,14,6,28,270,2018,5,16,1,3,0,1,0,1,0,0,0,0,0,0,8.46463E+20,5.6578E+21,1.39353E+16,5.09673E+16
167062,14,5,23,40,2018,5,9,6,2,8,7,0,0,1,0,0,0,0,0,7.30719E+20,5.57556E+21,1.22389E+16,5.0287E+16
167063,14,6,12,0,2018,5,0,1,3,5,3,2,0,1,0,1,0,0,0,8.28534E+20,5.66674E+21,1.36889E+16,5.1058E+16
167064,14,6,12,0,2018,5,11,3,3,5,2,0,1,0,0,0,0,1,0,8.32842E+20,5.66731E+21,1.37507E+16,5.10607E+16
167065,14,6,12,0,2018,5,21,1,3,0,1,1,1,0,0,0,0,0,0,8.38031E+20,5.66243E+21,1.382E+16,5.10138E+16
167066,14,6,12,0,2018,5,17,1,2,5,3,0,1,1,0,0,0,0,0,8.38714E+20,5.6621E+21,1.38294E+16,5.10105E+16
167067,14,7,13,0,2018,5,16,6,3,5,2,0,1,1,0,0,0,0,0,7.34296E+20,5.69092E+21,1.23627E+16,5.13212E+16
167068,14,6,12,0,2018,5,19,1,3,1,5,0,0,1,0,0,1,0,0,8.34571E+20,5.67492E+21,1.37824E+16,5.11278E+16
167069,14,6,12,0,2018,5,15,1,3,5,3,0,0,1,0,1,0,0,0,8.34803E+20,5.66635E+21,1.37777E+16,5.10508E+16
167070,14,7,13,0,2018,5,8,6,3,9,1,0,0,1,0,0,0,0,0,7.36083E+20,5.68807E+21,1.23864E+16,5.12949E+16
167071,14,6,12,0,2018,5,6,1,3,6,4,0,0,0,1,0,0,1,0,8.33225E+20,5.66574E+21,1.37547E+16,5.10463E+16
167072,14,7,13,0,2018,5,17,6,3,1,1,0,1,1,0,0,0,0,0,7.37686E+20,5.69533E+21,1.24142E+16,5.13595E+16
167073,14,7,13,0,2018,5,9,6,3,4,2,0,0,1,0,0,0,0,0,7.29335E+20,5.69084E+21,1.22916E+16,5.13225E+16
167074,14,5,22,180,2018,5,16,1,3,1,6,0,0,1,0,0,0,0,0,8.06381E+20,5.64913E+21,1.33589E+16,5.09123E+16
167075,14,6,26,110,2018,5,10,6,3,6,3,0,0,1,1,0,0,0,0,9.1779E+20,5.68589E+21,1.49784E+16,5.11713E+16
167076,14,5,11,0,2018,5,13,1,3,5,3,0,1,1,0,0,0,0,0,7.75913E+20,5.63952E+21,1.29194E+16,5.08414E+16
167077,14,6,27,140,2018,5,11,6,3,5,3,0,0,1,0,0,0,0,0,8.13724E+20,5.67779E+21,1.34879E+16,5.11654E+16
167078,14,6,28,110,2018,5,19,6,3,5,3,0,0,1,0,0,0,0,0,8.26043E+20,5.65933E+21,1.36469E+16,5.0993E+16
167079,14,5,11,0,2018,5,21,1,3,8,1,2,0,1,0,0,0,0,0,7.74679E+20,5.63473E+21,1.28983E+16,5.07991E+16
167080,14,5,23,320,2018,5,15,2,3,2,6,0,0,1,0,0,0,0,0,7.23113E+20,5.59974E+21,1.21467E+16,5.05071E+16
167081,14,5,11,0,2018,5,15,1,2,5,3,0,0,1,0,1,0,0,0,7.75237E+20,5.63355E+21,1.29053E+16,5.07882E+16
167082,14,7,13,0,2018,5,18,7,3,5,3,0,1,1,0,0,0,0,0,7.33821E+20,5.69256E+21,1.2357E+16,5.13361E+16
167083,14,6,12,0,2018,5,17,6,3,0,1,0,1,0,0,0,0,0,0,8.28297E+20,5.66594E+21,1.36849E+16,5.1051E+16
167084,14,7,13,0,2018,5,12,7,3,2,6,0,1,0,0,0,0,0,0,7.35016E+20,5.6917E+21,1.23735E+16,5.1328E+16
167085,14,7,13,0,2018,5,18,7,3,0,7,0,1,0,0,0,0,0,0,7.34808E+20,5.69159E+21,1.23705E+16,5.1327E+16
167086,14,6,12,0,2018,5,12,6,3,5,2,0,0,1,0,1,0,0,0,8.32553E+20,5.662E+21,1.37418E+16,5.10132E+16
167087,14,7,13,0,2018,5,12,7,3,2,2,0,0,1,0,0,0,0,0,7.31473E+20,5.69665E+21,1.2326E+16,5.13738E+16
167088,14,6,12,0,2018,5,18,6,3,5,2,0,0,1,0,1,0,0,0,8.29978E+20,5.6694E+21,1.37119E+16,5.1081E+16
167089,14,6,12,0,2018,5,14,6,2,6,4,0,0,0,1,0,0,1,0,8.33405E+20,5.66612E+21,1.37576E+16,5.10497E+16
167090,14,7,13,0,2018,5,8,7,3,4,2,0,0,1,0,0,0,0,0,7.34342E+20,5.69605E+21,1.23667E+16,5.13673E+16
167091,14,5,22,290,2018,5,9,6,2,4,6,0,0,1,0,0,0,0,0,7.72635E+20,5.65311E+21,1.28831E+16,5.0965E+16
167092,14,7,29,160,2018,5,13,7,2,4,6,0,1,1,0,0,0,0,0,7.59139E+20,5.68282E+21,1.27126E+16,5.12378E+16
167093,14,5,22,80,2018,5,18,6,3,5,3,0,1,0,0,0,0,0,0,7.8663E+20,5.67206E+21,1.30968E+16,5.11281E+16
167094,14,7,13,0,2018,5,17,7,3,6,7,0,0,1,1,0,0,0,0,7.33683E+20,5.69386E+21,1.23558E+16,5.13479E+16
167095,14,7,29,160,2018,5,16,5,2,0,7,0,1,0,1,0,0,0,0,7.69796E+20,5.68029E+21,1.2863E+16,5.12101E+16
167096,14,6,26,570,2018,5,12,7,3,5,3,0,0,1,0,1,0,0,0,9.00425E+20,5.688E+21,1.47336E+16,5.12027E+16
167097,14,6,26,420,2018,5,12,7,3,6,6,0,1,0,1,0,0,0,0,9.16072E+20,5.66713E+21,1.49323E+16,5.10048E+16
167098,14,7,29,50,2018,5,17,5,2,2,2,0,0,1,0,1,0,0,0,7.45319E+20,5.6694E+21,1.25059E+16,5.11235E+16
167099,14,6,27,100,2018,5,12,7,3,9,1,0,0,0,0,1,0,0,0,8.12847E+20,5.67114E+21,1.34696E+16,5.11062E+16
167100,14,7,29,250,2018,5,0,5,3,9,7,2,0,1,0,0,0,0,0,7.49188E+20,5.69542E+21,1.25791E+16,5.13553E+16
167101,14,6,27,210,2018,5,12,7,3,5,3,0,1,1,0,0,0,0,0,8.2674E+20,5.67159E+21,1.36678E+16,5.11024E+16
167102,14,7,13,0,2018,5,17,5,3,5,2,0,1,1,0,0,0,0,0,7.33977E+20,5.69529E+21,1.2361E+16,5.13606E+16
167103,14,6,28,220,2018,5,20,7,3,5,3,0,1,1,0,0,0,0,0,8.3207E+20,5.65455E+21,1.37281E+16,5.09467E+16
167104,14,7,13,0,2018,5,18,5,3,2,6,0,0,1,0,0,0,0,0,7.34012E+20,5.6956E+21,1.23617E+16,5.13634E+16
167105,14,6,12,0,2018,5,19,7,3,0,3,0,1,0,0,0,0,0,0,8.28825E+20,5.66628E+21,1.36927E+16,5.10537E+16
167106,14,7,13,0,2018,5,12,5,3,0,7,0,0,1,0,0,0,0,0,7.41008E+20,5.69396E+21,1.24609E+16,5.13458E+16
167107,14,6,12,0,2018,5,14,7,3,5,3,0,1,1,0,0,0,0,0,8.2565E+20,5.66462E+21,1.3646E+16,5.10406E+16
167108,14,6,12,0,2018,5,9,7,3,5,3,0,0,1,0,1,0,0,0,8.31279E+20,5.66475E+21,1.37262E+16,5.10386E+16
167109,14,6,26,600,2018,5,16,5,3,0,7,0,0,0,0,0,0,1,0,8.90118E+20,5.71907E+21,1.46208E+16,5.14878E+16
167110,14,6,12,0,2018,5,19,7,2,1,1,0,0,1,0,0,1,0,0,8.34558E+20,5.67492E+21,1.37822E+16,5.11278E+16
167111,14,6,12,0,2018,5,13,7,3,5,3,0,1,1,0,0,0,0,0,8.36844E+20,5.66443E+21,1.3805E+16,5.10325E+16
167112,14,6,26,110,2018,5,19,5,3,6,6,0,0,1,1,0,0,0,0,9.18166E+20,5.68346E+21,1.49809E+16,5.11494E+16
167113,14,6,12,0,2018,5,15,7,3,5,3,0,1,1,0,0,0,0,0,8.347E+20,5.66737E+21,1.37772E+16,5.10601E+16
167114,14,6,26,110,2018,5,10,5,3,6,7,0,0,1,1,0,0,0,0,9.17852E+20,5.68576E+21,1.49791E+16,5.11702E+16
167115,14,6,12,0,2018,5,7,7,1,6,4,0,0,0,1,0,0,1,0,8.36713E+20,5.66078E+21,1.37997E+16,5.09998E+16
167116,14,6,25,20,2018,5,22,5,2,6,7,2,1,0,1,0,0,0,1,8.78576E+20,5.68501E+21,1.44191E+16,5.11908E+16
167117,14,6,12,0,2018,5,15,7,2,5,3,0,1,0,0,0,0,1,0,8.33518E+20,5.66447E+21,1.37577E+16,5.10347E+16
167118,14,6,12,0,2018,5,11,3,3,6,2,0,0,1,1,0,0,0,0,8.35019E+20,5.66674E+21,1.37812E+16,5.10543E+16
167119,14,6,12,0,2018,5,21,7,2,5,2,2,0,1,0,1,0,0,0,8.34139E+20,5.6731E+21,1.37745E+16,5.11117E+16
167120,14,6,12,0,2018,5,18,7,3,3,6,0,1,1,0,0,0,0,0,8.33611E+20,5.66608E+21,1.37605E+16,5.10492E+16
167121,14,6,12,0,2018,5,16,5,3,0,1,0,1,0,0,0,0,0,1,8.28107E+20,5.66691E+21,1.3683E+16,5.10597E+16
167122,14,5,21,590,2018,5,9,7,3,2,2,0,0,1,0,1,0,0,0,7.66605E+20,5.62388E+21,1.27761E+16,5.07055E+16
167123,14,5,22,150,2018,5,18,7,2,5,3,0,0,1,0,0,0,0,0,7.83856E+20,5.64792E+21,1.30384E+16,5.0913E+16
167124,14,5,22,50,2018,5,18,7,3,5,2,0,1,1,0,0,0,0,0,8.04056E+20,5.6435E+21,1.33213E+16,5.08631E+16
167125,14,5,11,0,2018,5,9,7,3,2,6,0,0,1,0,0,0,0,0,7.75961E+20,5.63892E+21,1.29196E+16,5.08361E+16
167126,14,6,12,0,2018,5,16,5,2,0,1,0,1,0,0,0,0,0,0,8.30548E+20,5.66917E+21,1.37198E+16,5.10786E+16
167127,14,5,24,330,2018,5,21,6,3,5,3,2,1,1,0,0,0,0,0,7.46609E+20,5.62504E+21,1.24943E+16,5.07248E+16
167128,14,7,29,60,2018,5,13,6,3,6,7,0,0,1,1,0,0,0,0,7.45014E+20,5.69458E+21,1.25187E+16,5.13496E+16
167129,14,6,12,0,2018,5,9,5,3,5,3,0,0,1,0,0,0,0,0,8.30243E+20,5.66401E+21,1.37108E+16,5.10325E+16
167130,14,7,13,0,2018,5,10,6,3,5,3,0,1,1,0,0,0,0,0,7.39092E+20,5.6977E+21,1.24359E+16,5.13801E+16
167131,14,6,12,0,2018,5,19,5,3,0,7,0,1,0,0,0,0,0,1,8.36769E+20,5.66541E+21,1.38048E+16,5.10413E+16
167132,14,6,12,0,2018,5,14,5,3,0,1,0,1,0,0,0,0,0,0,8.40906E+20,5.6621E+21,1.38605E+16,5.10092E+16
167133,14,7,13,0,2018,5,12,6,3,5,3,0,0,1,0,0,0,1,0,7.3607E+20,5.68811E+21,1.23862E+16,5.12953E+16
167134,14,7,13,0,2018,5,19,2,2,0,1,1,0,1,0,0,0,0,0,7.35754E+20,5.69289E+21,1.23849E+16,5.13383E+16
167135,14,7,13,0,2018,5,14,6,2,1,6,0,1,1,0,0,0,0,0,7.38828E+20,5.69197E+21,1.24283E+16,5.13288E+16
167136,14,6,12,0,2018,5,15,5,2,1,7,0,0,1,0,0,1,0,0,8.40646E+20,5.66162E+21,1.38563E+16,5.1005E+16
167137,14,6,26,245,2018,5,7,6,3,5,3,0,0,1,0,1,0,0,0,8.97627E+20,5.66861E+21,1.46724E+16,5.10311E+16
167138,14,6,26,110,2018,5,9,6,2,6,2,0,0,1,1,0,0,0,0,9.18504E+20,5.68414E+21,1.49865E+16,5.11552E+16
167139,14,5,22,420,2018,5,17,5,3,0,1,0,0,1,0,1,0,0,0,7.82136E+20,5.64424E+21,1.30112E+16,5.08808E+16
167140,14,6,25,20,2018,5,10,6,2,5,3,0,0,1,0,0,0,1,0,8.79063E+20,5.68295E+21,1.44239E+16,5.1172E+16
167141,14,5,11,0,2018,5,14,5,3,5,3,0,0,1,0,0,0,0,0,7.76496E+20,5.63777E+21,1.29263E+16,5.08255E+16
167142,14,6,12,0,2018,5,17,6,3,7,7,0,1,0,0,0,0,0,0,8.30042E+20,5.66691E+21,1.37105E+16,5.10586E+16
167143,14,5,11,0,2018,5,11,5,3,4,6,0,1,0,0,0,0,0,0,7.75625E+20,5.63867E+21,1.29147E+16,5.0834E+16
167144,14,5,23,320,2018,5,10,4,3,5,3,0,0,1,0,0,0,0,0,7.21586E+20,5.59805E+21,1.21242E+16,5.04925E+16
167145,14,6,12,0,2018,5,19,6,2,5,3,0,0,1,0,0,0,1,0,8.36156E+20,5.67781E+21,1.38076E+16,5.11527E+16
167146,14,5,23,320,2018,5,14,4,2,5,3,0,1,1,0,0,0,0,0,7.22708E+20,5.59921E+21,1.21407E+16,5.05024E+16
167147,14,6,12,0,2018,5,18,6,3,5,3,0,1,1,0,0,0,0,0,8.37664E+20,5.66441E+21,1.38166E+16,5.10318E+16
167148,14,5,24,190,2018,5,12,4,2,1,7,0,0,1,1,0,0,0,0,7.43475E+20,5.63918E+21,1.24593E+16,5.0853E+16
167149,14,6,12,0,2018,5,16,6,3,5,3,0,1,0,0,0,0,1,0,8.31728E+20,5.66566E+21,1.37334E+16,5.10464E+16
167150,14,6,12,0,2018,5,11,6,3,5,7,0,0,1,0,0,0,0,0,8.37701E+20,5.66533E+21,1.3818E+16,5.10401E+16
167151,14,5,24,200,2018,5,13,4,2,5,3,0,0,1,0,1,0,0,0,7.54957E+20,5.62403E+21,1.26116E+16,5.07121E+16
167152,14,6,12,0,2018,5,7,6,3,5,3,0,1,1,0,0,0,0,0,8.33481E+20,5.66611E+21,1.37587E+16,5.10495E+16
167153,14,7,30,230,2018,5,13,4,3,2,2,0,0,1,0,1,0,0,0,7.85205E+20,5.69142E+21,1.30919E+16,5.13025E+16
167154,14,6,12,0,2018,5,11,6,3,0,1,0,0,0,0,1,0,0,0,8.377E+20,5.66533E+21,1.3818E+16,5.10401E+16
167155,14,7,13,0,2018,5,14,4,3,1,5,0,0,1,0,0,0,0,0,7.36706E+20,5.69738E+21,1.24015E+16,5.13783E+16
167156,14,6,12,0,2018,5,8,6,3,0,7,0,0,1,0,0,0,0,0,8.34958E+20,5.66727E+21,1.37808E+16,5.1059E+16
167157,14,7,13,0,2018,5,19,4,1,6,4,0,0,0,1,0,0,1,0,7.33879E+20,5.69495E+21,1.23594E+16,5.13576E+16
167158,14,6,12,0,2018,5,9,6,3,0,7,0,0,0,0,0,0,1,0,8.36976E+20,5.66483E+21,1.38072E+16,5.10359E+16
167159,14,7,13,0,2018,5,15,4,3,5,3,0,1,1,0,0,0,0,0,7.35824E+20,5.69344E+21,1.23862E+16,5.13433E+16
167160,14,6,12,0,2018,5,13,6,3,6,7,0,1,0,1,0,0,0,0,8.3458E+20,5.66413E+21,1.37725E+16,5.10311E+16
167161,14,7,13,0,2018,5,13,4,3,5,3,0,1,1,0,0,0,0,0,7.34288E+20,5.69841E+21,1.23675E+16,5.13885E+16
167162,14,6,12,0,2018,5,15,6,3,2,2,0,0,1,0,0,1,0,0,8.33233E+20,5.66903E+21,1.37579E+16,5.10758E+16
167163,14,6,25,240,2018,5,11,4,3,5,3,0,1,1,0,0,0,0,0,8.6533E+20,5.71227E+21,1.42583E+16,5.14435E+16
167164,14,6,12,0,2018,5,14,6,3,0,1,0,0,0,0,1,0,0,0,8.32923E+20,5.66748E+21,1.3752E+16,5.10621E+16
167165,14,6,12,0,2018,5,7,6,3,5,3,0,1,0,0,0,0,0,0,8.36911E+20,5.66679E+21,1.38081E+16,5.10535E+16
167166,14,6,27,210,2018,5,17,4,2,1,1,0,1,1,0,0,0,0,0,8.24196E+20,5.67285E+21,1.36327E+16,5.11152E+16
167167,14,5,22,450,2018,5,9,6,3,1,7,0,0,1,1,0,0,0,0,7.90871E+20,5.68036E+21,1.3164E+16,5.12005E+16
167168,14,5,24,330,2018,5,10,5,3,2,6,0,0,1,0,0,0,1,0,7.42879E+20,5.62509E+21,1.24415E+16,5.07267E+16
167169,14,6,12,0,2018,5,15,4,3,6,2,0,0,1,1,0,0,0,0,8.31041E+20,5.66686E+21,1.37247E+16,5.10576E+16
167170,14,5,24,80,2018,5,9,5,3,1,7,0,0,1,0,0,0,0,0,7.47288E+20,5.63593E+21,1.25112E+16,5.08222E+16
167171,14,6,12,0,2018,5,19,4,3,5,3,0,1,0,0,0,0,0,0,8.32554E+20,5.66761E+21,1.37469E+16,5.10635E+16
167172,14,6,12,0,2018,5,15,4,3,2,6,0,0,1,0,0,0,0,0,8.34607E+20,5.66812E+21,1.37766E+16,5.10668E+16
167173,14,7,30,160,2018,5,18,5,3,5,3,0,0,1,0,0,0,0,0,7.55278E+20,5.72491E+21,1.26877E+16,5.16172E+16
167174,14,6,12,0,2018,5,15,4,3,5,3,0,0,1,0,0,0,1,0,8.29935E+20,5.66554E+21,1.37078E+16,5.10464E+16
167175,14,7,29,410,2018,5,19,5,2,8,1,0,0,0,0,1,0,0,0,7.60068E+20,5.69703E+21,1.27362E+16,5.13649E+16
167176,14,6,12,0,2018,5,13,3,3,1,5,0,1,1,0,0,0,0,1,8.34674E+20,5.66327E+21,1.3773E+16,5.10233E+16
167177,14,7,13,0,2018,5,13,5,3,5,3,0,1,1,0,0,0,0,0,7.34796E+20,5.69291E+21,1.23712E+16,5.13389E+16
167178,14,7,13,0,2018,5,6,5,3,0,7,0,1,0,0,0,0,1,0,7.34741E+20,5.69385E+21,1.2371E+16,5.13474E+16
167179,14,6,12,0,2018,5,19,4,3,5,2,0,1,1,0,0,0,0,0,8.37022E+20,5.66382E+21,1.38069E+16,5.10269E+16
167180,14,7,13,0,2018,5,11,5,3,2,2,0,0,1,0,0,0,0,0,7.35517E+20,5.69202E+21,1.23809E+16,5.13307E+16
167181,14,7,13,0,2018,5,16,5,3,3,2,0,1,1,0,0,0,0,0,7.32996E+20,5.69127E+21,1.23443E+16,5.13249E+16
167182,14,6,12,0,2018,5,9,4,2,0,7,0,1,1,0,0,0,0,0,8.31134E+20,5.66636E+21,1.37256E+16,5.10531E+16
167183,14,7,13,0,2018,5,20,5,3,5,3,1,1,1,0,0,0,0,0,7.2915E+20,5.69121E+21,1.22891E+16,5.13259E+16
167184,14,6,12,0,2018,5,19,4,3,0,1,0,1,0,0,0,0,0,0,8.35999E+20,5.66486E+21,1.37933E+16,5.10368E+16
167185,14,6,12,0,2018,5,15,4,3,5,3,0,0,1,0,1,0,0,0,8.34701E+20,5.66492E+21,1.3775E+16,5.10381E+16
167186,14,7,13,0,2018,5,6,5,2,1,7,0,1,1,0,0,0,0,0,7.36826E+20,5.69589E+21,1.24022E+16,5.13648E+16
167187,14,7,13,0,2018,5,12,5,2,4,2,0,0,1,0,0,0,0,0,7.29353E+20,5.6907E+21,1.22917E+16,5.13213E+16
167188,14,6,12,0,2018,5,15,4,3,5,3,0,1,0,0,0,0,0,0,8.33971E+20,5.66691E+21,1.37664E+16,5.10564E+16
167189,14,7,13,0,2018,5,15,5,3,4,2,0,0,1,0,0,0,0,0,7.36065E+20,5.68853E+21,1.23865E+16,5.12991E+16
167190,14,5,24,80,2018,5,7,2,2,4,1,0,0,1,0,0,0,0,0,7.50137E+20,5.63536E+21,1.25512E+16,5.08158E+16
167191,14,7,13,0,2018,5,4,5,3,9,1,2,0,0,0,1,0,0,1,7.30723E+20,5.69165E+21,1.2312E+16,5.13292E+16