OBJECTID_1,ULAND,UREGBEZ,UKREIS,UGEMEINDE,UJAHR,UMONAT,USTUNDE,UWOCHENTAG,UKATEGORIE,UART,UTYP1,ULICHTVERH,IstRad,IstPKW,IstFuss,IstKrad,IstGkfz,IstSonstig,STRZUSTAND,LINREFX,LINREFY,XGCSWGS84,YGCSWGS84
167562,14,6,27,230,2018,6,14,3,3,6,7,0,1,0,1,0,0,0,0,7.98578E+20,5.69262E+21,1.32842E+16,5.13065E+16
167563,14,5,22,330,2018,6,16,3,2,5,3,0,1,1,0,0,0,0,0,7.78484E+20,5.65013E+21,1.29639E+16,5.09354E+16
167564,14,6,12,0,2018,6,16,3,3,0,3,0,0,1,0,1,0,0,0,8.31834E+20,5.66867E+21,1.37377E+16,5.10734E+16
167565,14,5,24,70,2018,6,7,2,3,0,1,0,1,0,0,0,0,0,0,7.61778E+20,5.62868E+21,1.27113E+16,5.07508E+16
167566,14,6,12,0,2018,6,10,3,3,0,1,0,1,0,0,0,0,0,0,8.38099E+20,5.66365E+21,1.38221E+16,5.10247E+16
167567,14,5,24,330,2018,6,15,2,3,5,3,0,1,0,0,0,0,1,0,7.4656E+20,5.62474E+21,1.24934E+16,5.07221E+16
167568,14,6,12,0,2018,6,10,3,3,0,3,0,1,1,0,0,0,0,0,8.36507E+20,5.66122E+21,1.37972E+16,5.10039E+16
167569,14,6,12,0,2018,6,15,3,2,5,2,0,1,1,0,0,0,0,0,8.31693E+20,5.66617E+21,1.37333E+16,5.1051E+16
167570,14,7,30,310,2018,6,20,2,3,6,2,1,0,1,1,0,0,0,0,7.77508E+20,5.71974E+21,1.3004E+16,5.15603E+16
167571,14,6,12,0,2018,6,7,3,3,5,2,0,1,1,0,0,0,0,0,8.31441E+20,5.67361E+21,1.37366E+16,5.11179E+16
167572,14,6,12,0,2018,6,14,3,3,0,1,0,1,0,0,0,0,0,0,8.33017E+20,5.66711E+21,1.3753E+16,5.10587E+16
167573,14,7,13,0,2018,6,7,2,2,5,3,0,1,0,0,0,0,0,0,7.35038E+20,5.69288E+21,1.23746E+16,5.13385E+16
167574,14,6,12,0,2018,6,6,3,3,0,1,0,1,0,0,0,0,0,0,8.33774E+20,5.66879E+21,1.37653E+16,5.10733E+16
167575,14,7,13,0,2018,6,17,2,3,6,4,0,0,1,1,0,0,0,0,7.28702E+20,5.6912E+21,1.22827E+16,5.1326E+16
167576,14,7,13,0,2018,6,15,2,3,4,2,0,1,0,0,0,0,0,0,7.35723E+20,5.69029E+21,1.23827E+16,5.1315E+16
167577,14,6,12,0,2018,6,7,3,3,3,6,0,1,0,0,0,0,0,0,8.33383E+20,5.66454E+21,1.37559E+16,5.10355E+16
167578,14,7,13,0,2018,6,18,2,3,5,3,0,0,1,0,1,0,0,0,7.34782E+20,5.6959E+21,1.23729E+16,5.13657E+16
167579,14,6,12,0,2018,6,7,3,2,5,2,0,0,1,0,1,0,0,0,8.32957E+20,5.66713E+21,1.37522E+16,5.10589E+16
167580,14,7,13,0,2018,6,16,2,3,2,6,0,0,1,0,0,0,0,0,7.39271E+20,5.69156E+21,1.24344E+16,5.13249E+16
167581,14,6,12,0,2018,6,14,3,3,0,6,0,0,0,0,1,0,0,0,8.27862E+20,5.66561E+21,1.36784E+16,5.10482E+16
167582,14,5,23,300,2018,6,9,2,3,2,6,0,0,1,0,1,0,0,0,7.2538E+20,5.58956E+21,1.21725E+16,5.04147E+16
167583,14,6,26,110,2018,6,18,2,3,0,1,0,1,0,0,0,0,0,0,9.18208E+20,5.68304E+21,1.4981E+16,5.11456E+16
167584,14,5,23,60,2018,6,7,2,3,3,6,0,0,1,0,1,0,0,0,7.23495E+20,5.5868E+21,1.21444E+16,5.03907E+16
167585,14,6,25,590,2018,6,17,2,3,0,1,0,1,0,0,0,0,0,0,8.74364E+20,5.67155E+21,1.43452E+16,5.1073E+16
167586,14,5,23,320,2018,6,14,2,3,6,4,0,0,1,1,0,0,0,0,7.22347E+20,5.59908E+21,1.21355E+16,5.05014E+16
167587,14,5,24,330,2018,6,19,2,3,2,2,0,1,1,0,0,0,0,0,7.46569E+20,5.62876E+21,1.24962E+16,5.07582E+16
167588,14,6,12,0,2018,6,14,2,3,0,7,0,1,1,0,0,0,0,0,8.29253E+20,5.66996E+21,1.37021E+16,5.10864E+16
167589,14,7,30,250,2018,6,7,2,3,5,3,0,1,1,0,0,0,0,0,7.34437E+20,5.70335E+21,1.23729E+16,5.14327E+16
167590,14,6,12,0,2018,6,16,2,3,1,5,0,1,1,0,0,0,0,0,8.32968E+20,5.664E+21,1.37495E+16,5.10309E+16
167591,14,6,12,0,2018,6,8,2,3,5,3,0,1,0,0,0,0,0,0,8.34187E+20,5.67373E+21,1.37758E+16,5.11174E+16
167592,14,7,30,70,2018,6,15,2,3,3,3,0,1,1,0,0,0,0,0,7.31578E+20,5.71342E+21,1.23385E+16,5.15243E+16
167593,14,6,12,0,2018,6,12,2,3,5,3,0,1,1,0,0,0,0,0,8.32996E+20,5.66582E+21,1.37516E+16,5.10472E+16
167594,14,7,29,410,2018,6,10,2,3,0,5,0,1,1,0,0,0,0,0,7.60328E+20,5.69781E+21,1.27405E+16,5.13718E+16
167595,14,6,12,0,2018,6,14,2,2,6,7,0,0,0,1,0,0,1,0,8.36728E+20,5.66662E+21,1.38053E+16,5.10522E+16
167596,14,7,13,0,2018,6,10,2,3,3,7,0,1,0,0,0,0,1,0,7.36591E+20,5.69984E+21,1.24015E+16,5.14004E+16
167597,14,5,22,110,2018,6,15,2,2,4,2,0,1,1,0,0,0,0,0,7.99426E+20,5.6372E+21,1.32505E+16,5.0809E+16
167598,14,7,13,0,2018,6,13,2,3,2,6,0,0,1,0,0,0,0,0,7.3632E+20,5.69506E+21,1.23944E+16,5.13575E+16
167599,14,5,21,180,2018,6,15,2,3,0,2,0,1,1,0,0,0,0,0,7.74624E+20,5.60965E+21,1.28789E+16,5.05741E+16
167600,14,7,13,0,2018,6,17,2,3,5,2,0,1,1,0,0,0,0,0,7.34999E+20,5.69226E+21,1.23736E+16,5.1333E+16
167601,14,5,11,0,2018,6,10,2,3,0,7,0,1,1,0,0,0,0,0,7.79691E+20,5.63703E+21,1.2971E+16,5.08173E+16
167602,14,5,11,0,2018,6,14,2,3,6,7,0,0,1,1,0,0,0,0,7.75735E+20,5.64E+21,1.29172E+16,5.08458E+16
167603,14,7,13,0,2018,6,16,2,3,5,3,0,0,1,0,0,0,0,0,7.38086E+20,5.69756E+21,1.24214E+16,5.13792E+16
167604,14,7,30,310,2018,6,12,1,3,5,3,0,1,1,0,0,0,0,0,7.77324E+20,5.71267E+21,1.29958E+16,5.1497E+16
167605,14,7,13,0,2018,6,8,2,3,2,6,0,1,1,0,0,0,0,0,7.38371E+20,5.69131E+21,1.24213E+16,5.13231E+16
167606,14,7,13,0,2018,6,12,1,3,1,7,0,1,1,0,0,0,0,0,7.34298E+20,5.69346E+21,1.23644E+16,5.1344E+16
167607,14,6,25,480,2018,6,18,2,3,8,6,0,1,1,0,0,0,0,0,8.43382E+20,5.67037E+21,1.39035E+16,5.10819E+16
167608,14,7,13,0,2018,6,12,1,3,2,6,0,1,1,0,0,0,0,0,7.30035E+20,5.69424E+21,1.23038E+16,5.13528E+16
167609,14,6,25,240,2018,6,6,2,3,5,3,0,1,1,0,0,0,0,0,8.63811E+20,5.71043E+21,1.42347E+16,5.1428E+16
167610,14,7,13,0,2018,6,18,1,3,9,1,0,0,1,0,0,0,0,1,7.35822E+20,5.68897E+21,1.23833E+16,5.13031E+16
167611,14,6,26,110,2018,6,8,2,3,6,6,0,1,0,1,0,0,0,0,9.17223E+20,5.68285E+21,1.49668E+16,5.11446E+16
167612,14,6,27,10,2018,6,17,1,3,5,3,0,1,0,0,0,0,1,0,8.20912E+20,5.67439E+21,1.35873E+16,5.11309E+16
167613,14,6,27,230,2018,6,17,2,3,8,1,0,1,0,0,0,0,0,0,7.99824E+20,5.69127E+21,1.33009E+16,5.12937E+16
167614,14,6,27,10,2018,6,16,2,2,8,7,0,0,1,0,0,0,0,0,8.17137E+20,5.67556E+21,1.35346E+16,5.11434E+16
167615,14,6,12,0,2018,6,10,1,3,1,1,0,0,1,0,0,0,0,0,8.35802E+20,5.66573E+21,1.37914E+16,5.10448E+16
167616,14,6,28,110,2018,6,19,2,3,5,3,0,1,1,0,0,0,0,0,8.26316E+20,5.66342E+21,1.36544E+16,5.10295E+16
167617,14,6,12,0,2018,6,10,1,3,5,3,0,0,1,0,0,0,0,1,8.29026E+20,5.6701E+21,1.3699E+16,5.10878E+16
167618,14,6,12,0,2018,6,15,2,3,6,6,0,1,0,1,0,0,0,0,8.31682E+20,5.67024E+21,1.37369E+16,5.10875E+16
167619,14,6,12,0,2018,6,7,2,3,5,3,0,1,0,0,0,0,0,0,8.38776E+20,5.66808E+21,1.38358E+16,5.1064E+16
167620,14,5,21,550,2018,6,13,1,3,6,6,0,1,0,1,0,0,0,0,7.664E+20,5.60487E+21,1.27596E+16,5.0535E+16
167621,14,6,12,0,2018,6,19,2,3,0,7,0,1,0,0,0,0,0,0,4.56751E+20,5.42883E+21,8.40857E+15,4.90108E+16
167622,14,5,21,690,2018,6,14,1,2,8,1,0,1,1,0,0,0,0,0,7.87045E+20,5.62918E+21,1.3069E+16,5.07433E+16
167623,14,6,12,0,2018,6,9,2,3,5,3,0,1,1,0,1,0,0,0,8.34435E+20,5.66387E+21,1.37702E+16,5.10289E+16
167624,14,6,12,0,2018,6,7,2,3,2,2,0,1,1,0,0,0,0,0,8.34534E+20,5.66609E+21,1.37737E+16,5.10487E+16
167625,14,5,21,310,2018,6,20,1,3,5,3,0,1,1,0,0,0,0,0,7.72435E+20,5.6295E+21,1.28627E+16,5.07532E+16
167626,14,6,12,0,2018,6,20,2,2,5,3,0,0,1,0,0,0,0,0,8.31376E+20,5.66626E+21,1.37289E+16,5.10521E+16
167627,14,6,12,0,2018,6,9,2,3,2,6,0,0,1,0,1,0,0,0,8.3461E+20,5.66809E+21,1.37766E+16,5.10666E+16
167628,14,5,23,330,2018,6,13,7,3,5,3,0,1,1,0,0,0,0,0,7.25286E+20,5.6025E+21,1.2179E+16,5.0531E+16
167629,14,6,12,0,2018,6,16,2,3,0,1,0,1,0,0,0,0,0,0,8.34672E+20,5.66439E+21,1.37741E+16,5.10334E+16
167630,14,5,24,290,2018,6,14,7,3,0,3,0,1,1,0,0,0,0,1,7.53583E+20,5.64219E+21,1.26047E+16,5.08757E+16
167631,14,5,23,340,2018,6,12,7,2,0,2,0,1,1,0,0,0,0,0,7.33785E+20,5.61258E+21,1.2305E+16,5.06181E+16
167632,14,5,21,550,2018,6,13,2,3,2,5,0,0,0,0,1,0,1,0,7.67943E+20,5.60763E+21,1.27833E+16,5.0559E+16
167633,14,7,29,140,2018,6,10,7,3,5,2,0,0,1,0,1,0,0,0,7.49271E+20,5.66165E+21,1.25569E+16,5.10522E+16
167634,14,5,21,550,2018,6,8,2,3,5,3,0,0,0,0,1,1,0,0,7.6811E+20,5.60757E+21,1.27856E+16,5.05585E+16
167635,14,7,29,260,2018,6,17,7,3,3,5,0,1,1,0,0,0,0,0,7.36853E+20,5.686E+21,1.23961E+16,5.12761E+16
167636,14,7,13,0,2018,6,13,7,3,5,3,0,1,1,0,0,0,0,0,7.35001E+20,5.69224E+21,1.23737E+16,5.13328E+16
167637,14,5,11,0,2018,6,6,2,3,0,7,0,1,0,0,0,0,0,0,7.73941E+20,5.63995E+21,1.28917E+16,5.08462E+16
167638,14,6,28,270,2018,6,18,7,2,5,3,0,0,1,0,1,0,0,1,8.46701E+20,5.65779E+21,1.39387E+16,5.09672E+16
167639,14,5,11,0,2018,6,5,2,3,8,1,0,0,1,0,0,0,0,0,7.78646E+20,5.64075E+21,1.2959E+16,5.08512E+16
167640,14,5,11,0,2018,6,22,2,3,0,1,2,1,0,0,0,0,0,0,7.76257E+20,5.63999E+21,1.29246E+16,5.08455E+16
167641,14,6,12,0,2018,6,13,7,3,4,6,0,0,1,0,0,0,0,0,8.32234E+20,5.66264E+21,1.37378E+16,5.10191E+16
167642,14,5,11,0,2018,6,13,2,3,0,3,0,1,1,0,0,0,0,0,7.72613E+20,5.63685E+21,1.28706E+16,5.08191E+16
167643,14,5,24,300,2018,6,14,1,2,0,7,0,1,0,0,0,0,0,0,7.32548E+20,5.62544E+21,1.22957E+16,5.07342E+16
167644,14,6,12,0,2018,6,9,7,3,6,7,0,0,1,1,0,0,0,0,8.34003E+20,5.66245E+21,1.37628E+16,5.10164E+16
167645,14,7,13,0,2018,6,12,1,3,1,5,0,1,1,0,0,0,0,0,7.36836E+20,5.69386E+21,1.2401E+16,5.13465E+16
167646,14,6,12,0,2018,6,18,7,3,4,1,0,1,0,0,0,0,0,0,8.34326E+20,5.66939E+21,1.37737E+16,5.10784E+16
167647,14,5,11,0,2018,6,17,7,3,0,7,0,0,1,0,0,0,1,0,7.72006E+20,5.63542E+21,1.2861E+16,5.08065E+16
167648,14,7,13,0,2018,6,17,1,3,5,3,0,0,1,0,0,0,0,0,7.31214E+20,5.68847E+21,1.23169E+16,5.13005E+16
167649,14,5,24,330,2018,6,22,6,3,5,3,2,1,1,0,0,0,0,0,7.46567E+20,5.62458E+21,1.24934E+16,5.07206E+16
167650,14,7,13,0,2018,6,11,1,3,5,3,0,0,1,0,0,0,0,0,7.32094E+20,5.69657E+21,1.23348E+16,5.13729E+16
167651,14,7,30,310,2018,6,20,6,2,3,6,0,1,1,0,0,0,0,0,7.80883E+20,5.7133E+21,1.30474E+16,5.15009E+16
167652,14,6,26,470,2018,6,0,1,3,6,4,2,0,1,1,0,0,0,0,9.01963E+20,5.67609E+21,1.47422E+16,5.1095E+16
167653,14,7,30,230,2018,6,16,6,3,5,3,0,0,1,0,0,0,0,0,7.86198E+20,5.69059E+21,1.31055E+16,5.12945E+16
167654,14,6,12,0,2018,6,20,1,3,1,5,0,0,1,0,1,0,0,0,8.39381E+20,5.6634E+21,1.384E+16,5.10218E+16
167655,14,6,12,0,2018,6,18,1,3,0,1,0,1,0,0,0,0,0,0,8.3622E+20,5.66222E+21,1.37941E+16,5.10131E+16
167656,14,7,13,0,2018,6,7,6,3,2,1,0,0,1,0,0,0,0,0,7.36376E+20,5.69301E+21,1.23939E+16,5.13391E+16
167657,14,6,12,0,2018,6,7,1,2,0,1,0,1,0,0,0,0,0,0,8.33094E+20,5.66872E+21,1.37556E+16,5.10731E+16
167658,14,7,13,0,2018,6,14,6,3,2,6,0,0,1,0,1,0,0,0,7.35908E+20,5.69446E+21,1.23881E+16,5.13523E+16
167659,14,7,13,0,2018,6,9,6,3,0,7,0,1,0,0,0,0,0,0,7.3176E+20,5.69128E+21,1.23266E+16,5.13255E+16
167660,14,6,12,0,2018,6,14,1,3,6,4,0,1,0,1,0,0,0,0,8.35014E+20,5.66674E+21,1.37811E+16,5.10542E+16
167661,14,7,30,300,2018,6,14,6,3,5,3,0,1,1,0,0,0,0,0,7.43101E+20,5.69827E+21,1.24938E+16,5.13835E+16
167662,14,6,12,0,2018,6,11,1,3,5,2,0,1,1,0,0,0,0,0,8.34717E+20,5.66722E+21,1.37773E+16,5.10587E+16
167663,14,7,13,0,2018,6,12,6,3,5,3,0,1,1,0,0,0,0,0,7.36562E+20,5.6998E+21,1.24011E+16,5.14E+16
167664,14,5,11,0,2018,6,0,1,3,8,7,2,0,1,0,1,0,0,1,7.75455E+20,5.63566E+21,1.291E+16,5.08071E+16
167665,14,7,29,60,2018,6,19,6,3,0,1,0,0,0,0,1,0,0,0,7.46819E+20,5.69524E+21,1.2545E+16,5.13547E+16
167666,14,5,11,0,2018,6,16,1,3,5,3,0,1,1,0,0,0,0,0,7.75747E+20,5.63955E+21,1.2917E+16,5.08418E+16
167667,14,6,25,480,2018,6,10,6,3,6,4,0,0,1,1,0,0,0,0,8.44615E+20,5.67417E+21,1.39246E+16,5.11151E+16
167668,14,7,13,0,2018,6,13,7,3,0,7,0,0,0,0,1,0,0,1,7.35037E+20,5.69507E+21,1.2376E+16,5.13582E+16
167669,14,6,25,250,2018,6,8,6,3,5,3,0,0,1,0,0,1,0,0,8.55316E+20,5.69213E+21,1.40947E+16,5.12695E+16
167670,14,7,13,0,2018,6,14,7,3,4,6,0,1,0,0,0,0,0,0,7.30033E+20,5.69125E+21,1.23018E+16,5.13259E+16
167671,14,6,25,40,2018,6,15,6,2,6,4,0,0,1,1,0,0,0,0,8.62261E+20,5.67669E+21,1.41783E+16,5.11268E+16
167672,14,7,13,0,2018,6,20,7,3,6,4,0,0,0,1,0,0,1,0,7.33718E+20,5.69732E+21,1.23586E+16,5.1379E+16
167673,14,6,25,20,2018,6,16,6,3,5,3,0,1,1,0,0,0,0,0,8.7917E+20,5.6827E+21,1.44252E+16,5.11697E+16
167674,14,7,13,0,2018,6,18,7,3,0,1,0,1,0,0,0,0,0,0,7.36603E+20,5.6955E+21,1.23988E+16,5.13614E+16
167675,14,6,25,40,2018,6,15,6,3,6,4,0,0,1,1,0,0,0,0,8.62625E+20,5.67683E+21,1.41836E+16,5.11279E+16
167676,14,6,26,110,2018,6,10,7,3,1,5,0,0,1,0,0,0,1,0,9.17503E+20,5.68363E+21,1.49717E+16,5.11514E+16
167677,14,6,27,140,2018,6,18,6,3,5,3,0,1,1,0,0,0,0,0,8.1198E+20,5.67612E+21,1.34616E+16,5.11513E+16
167678,14,6,26,110,2018,6,23,7,1,3,6,2,1,0,0,0,0,0,0,9.15136E+20,5.67403E+21,1.4927E+16,5.10672E+16
167679,14,6,12,0,2018,6,7,6,3,5,7,0,1,1,0,0,0,0,0,8.32478E+20,5.66826E+21,1.37464E+16,5.10694E+16
167680,14,6,12,0,2018,6,12,7,3,1,7,0,1,1,0,0,0,0,0,8.29722E+20,5.66551E+21,1.37047E+16,5.10463E+16
167681,14,5,22,140,2018,6,13,7,3,5,2,0,1,0,0,0,0,0,0,7.89436E+20,5.64143E+21,1.31125E+16,5.0852E+16
167682,14,6,12,0,2018,6,23,6,2,0,7,2,1,0,0,0,0,0,0,8.29957E+20,5.66901E+21,1.37113E+16,5.10775E+16
167683,14,5,11,0,2018,6,19,7,3,8,1,0,0,0,0,1,0,0,0,7.77279E+20,5.6352E+21,1.29355E+16,5.08021E+16
167684,14,5,11,0,2018,6,11,7,3,5,3,0,0,1,0,0,0,0,0,7.76496E+20,5.63777E+21,1.29263E+16,5.08255E+16
167685,14,5,11,0,2018,6,12,7,2,0,3,0,1,1,0,0,0,0,0,7.75868E+20,5.63792E+21,1.29175E+16,5.08271E+16
167686,14,7,13,0,2018,6,15,6,3,2,6,0,0,1,0,1,0,0,0,7.35172E+20,5.69355E+21,1.2377E+16,5.13445E+16
167687,14,5,22,360,2018,6,10,6,3,6,7,0,0,1,1,0,0,0,0,7.78739E+20,5.65662E+21,1.29725E+16,5.09935E+16
167688,14,5,24,30,2018,6,16,6,3,5,3,0,0,1,0,1,0,0,0,7.38701E+20,5.63622E+21,1.23897E+16,5.08284E+16
167689,14,5,24,80,2018,6,12,6,3,9,1,0,0,1,0,0,0,0,0,7.49296E+20,5.63802E+21,1.25411E+16,5.08401E+16
167690,14,5,22,180,2018,6,7,6,2,5,3,0,1,0,0,0,0,1,0,8.05303E+20,5.6488E+21,1.33434E+16,5.091E+16
167691,14,5,24,330,2018,6,8,6,3,6,4,0,0,1,1,0,0,0,0,7.44701E+20,5.62132E+21,1.24648E+16,5.06921E+16
167692,14,5,11,0,2018,6,14,6,3,2,6,0,0,1,0,0,0,0,0,7.77366E+20,5.63842E+21,1.29391E+16,5.08309E+16
167693,14,5,11,0,2018,6,15,6,3,4,2,0,0,1,0,0,0,0,0,7.77015E+20,5.63925E+21,1.29348E+16,5.08385E+16
167694,14,7,30,200,2018,6,10,6,3,5,3,0,1,1,0,0,0,0,0,7.82426E+20,5.68391E+21,1.30462E+16,5.12365E+16
167695,14,5,11,0,2018,6,12,6,3,5,3,0,0,1,0,0,0,0,0,7.75928E+20,5.63479E+21,1.2916E+16,5.0799E+16
167696,14,7,13,0,2018,6,9,6,3,7,1,0,1,0,0,0,0,0,0,7.30668E+20,5.69161E+21,1.23112E+16,5.13289E+16
167697,14,5,24,330,2018,6,9,5,3,8,7,0,0,0,0,1,0,0,0,7.48987E+20,5.62656E+21,1.25289E+16,5.07374E+16
167698,14,7,13,0,2018,6,18,6,3,1,7,0,0,1,0,1,0,0,1,7.31713E+20,5.69188E+21,1.23263E+16,5.1331E+16
167699,14,7,13,0,2018,6,14,6,3,2,2,0,0,1,0,0,0,0,0,7.42154E+20,5.69306E+21,1.24767E+16,5.13372E+16
167700,14,5,24,300,2018,6,7,5,3,5,3,0,1,1,0,0,0,0,0,7.38278E+20,5.62647E+21,1.23774E+16,5.0741E+16
167701,14,7,13,0,2018,6,11,6,3,5,3,0,1,1,0,0,0,0,0,7.39981E+20,5.69244E+21,1.24451E+16,5.13325E+16
167702,14,5,24,30,2018,6,13,5,3,2,6,0,0,0,0,1,0,1,0,7.34353E+20,5.63473E+21,1.23271E+16,5.08168E+16
167703,14,5,23,320,2018,6,18,5,3,6,4,0,0,1,1,0,0,0,0,7.23033E+20,5.6002E+21,1.21458E+16,5.05112E+16
167704,14,7,30,300,2018,6,7,6,3,5,3,0,1,1,0,0,0,0,0,7.43221E+20,5.69792E+21,1.24953E+16,5.13804E+16
167705,14,7,29,410,2018,6,16,5,3,1,6,0,0,1,0,0,0,0,0,7.59756E+20,5.69936E+21,1.27335E+16,5.13859E+16
167706,14,7,13,0,2018,6,11,5,3,3,2,0,1,1,0,0,0,0,0,7.34999E+20,5.69226E+21,1.23736E+16,5.1333E+16
167707,14,6,26,290,2018,6,15,6,2,6,4,0,0,1,1,0,0,0,1,8.9737E+20,5.67552E+21,1.46763E+16,5.10931E+16
167708,14,7,13,0,2018,6,11,5,3,4,2,0,1,1,0,0,0,0,0,7.36063E+20,5.6936E+21,1.23898E+16,5.13446E+16
167709,14,6,25,430,2018,6,16,6,2,0,1,0,1,0,0,0,0,0,1,8.36858E+20,5.68118E+21,1.38208E+16,5.11825E+16
167710,14,7,13,0,2018,6,7,5,3,1,5,0,1,1,0,0,0,0,0,7.32333E+20,5.6909E+21,1.23346E+16,5.13219E+16
167711,14,6,26,200,2018,6,22,6,3,8,1,2,0,1,0,0,0,0,0,9.10677E+20,5.70164E+21,1.48952E+16,5.13174E+16
167712,14,6,27,230,2018,6,16,6,3,5,3,0,1,1,0,0,0,0,1,7.97349E+20,5.69171E+21,1.32659E+16,5.12989E+16
167713,14,7,13,0,2018,6,12,5,3,0,7,0,1,0,0,0,0,0,0,7.32428E+20,5.69205E+21,1.23367E+16,5.13322E+16
167714,14,6,12,0,2018,6,14,6,3,0,1,0,0,0,0,1,0,0,0,8.30155E+20,5.66549E+21,1.37109E+16,5.10459E+16
167715,14,7,13,0,2018,6,14,5,3,1,5,0,1,1,0,0,0,0,0,7.35432E+20,5.68949E+21,1.2378E+16,5.1308E+16
167716,14,7,13,0,2018,6,16,5,3,5,2,0,1,1,0,0,0,0,0,7.35768E+20,5.69287E+21,1.23851E+16,5.13381E+16
167717,14,6,12,0,2018,6,15,6,3,0,7,0,1,0,0,0,0,0,0,8.29491E+20,5.66506E+21,1.3701E+16,5.10424E+16
167718,14,7,13,0,2018,6,6,5,2,9,1,0,0,0,0,1,0,0,0,7.35695E+20,5.69577E+21,1.23859E+16,5.13642E+16
167719,14,6,12,0,2018,6,17,6,2,6,4,0,0,1,1,0,0,0,1,8.38073E+20,5.66234E+21,1.38205E+16,5.1013E+16
167720,14,7,13,0,2018,6,13,5,3,5,3,0,1,0,0,0,0,1,0,7.42273E+20,5.69436E+21,1.24793E+16,5.13488E+16
167721,14,6,12,0,2018,6,15,6,3,0,5,0,1,1,0,0,0,0,1,8.3019E+20,5.66352E+21,1.37096E+16,5.10282E+16
167722,14,7,13,0,2018,6,22,5,3,3,6,2,1,0,0,0,0,1,0,7.37578E+20,5.69707E+21,1.24138E+16,5.1375E+16
167723,14,6,12,0,2018,6,13,6,3,6,4,0,0,1,1,0,0,0,0,8.35968E+20,5.66227E+21,1.37905E+16,5.10136E+16
167724,14,6,26,610,2018,6,17,5,3,0,7,0,1,0,0,0,0,0,0,9.08797E+20,5.65405E+21,1.48145E+16,5.0893E+16
167725,14,6,12,0,2018,6,17,6,3,0,1,0,1,0,0,0,0,0,1,8.32497E+20,5.66316E+21,1.3742E+16,5.10236E+16
167726,14,6,26,10,2018,6,15,5,2,4,2,0,1,1,0,0,0,0,0,8.96111E+20,5.726E+21,1.47145E+16,5.15457E+16
167727,14,6,12,0,2018,6,13,6,3,0,3,0,0,0,0,1,0,1,0,8.3505E+20,5.66663E+21,1.37815E+16,5.10533E+16
167728,14,6,25,20,2018,6,11,5,3,5,3,0,0,1,0,0,0,0,0,8.80071E+20,5.68284E+21,1.44381E+16,5.11704E+16
167729,14,6,12,0,2018,6,10,6,3,6,7,0,0,1,1,0,0,0,0,8.31549E+20,5.6685E+21,1.37334E+16,5.1072E+16
167730,14,6,25,20,2018,6,15,5,3,5,3,0,1,1,0,0,0,0,0,8.80599E+20,5.68458E+21,1.44475E+16,5.11856E+16
167731,14,6,12,0,2018,6,19,6,3,0,1,0,1,0,0,0,0,0,1,8.33785E+20,5.66867E+21,1.37654E+16,5.10722E+16
167732,14,6,12,0,2018,6,19,6,2,3,6,0,1,0,0,0,0,0,0,8.37228E+20,5.66514E+21,1.38111E+16,5.10386E+16
167733,14,6,27,230,2018,6,9,5,2,5,3,0,1,1,0,0,0,0,0,8.00095E+20,5.69188E+21,1.33053E+16,5.1299E+16
167734,14,6,12,0,2018,6,17,6,3,0,1,0,0,0,0,1,0,0,1,8.3744E+20,5.66404E+21,1.38131E+16,5.10286E+16
167735,14,6,28,270,2018,6,18,5,2,6,4,0,0,1,1,0,0,0,0,8.46872E+20,5.65625E+21,1.39396E+16,5.09532E+16
167736,14,6,27,210,2018,6,19,5,3,5,3,0,1,1,0,0,0,0,0,8.27515E+20,5.67134E+21,1.36786E+16,5.10998E+16
167737,14,6,12,0,2018,6,7,6,3,5,3,0,1,1,0,0,0,0,0,8.34463E+20,5.66521E+21,1.37718E+16,5.10409E+16
167738,14,6,27,10,2018,6,16,5,3,5,3,0,1,1,0,0,0,0,0,8.18247E+20,5.67556E+21,1.35504E+16,5.11428E+16
167739,14,6,12,0,2018,6,23,6,3,2,6,2,0,1,0,0,0,0,0,8.35276E+20,5.66445E+21,1.37827E+16,5.10335E+16
167740,14,6,28,110,2018,6,11,5,3,0,3,0,0,1,0,0,0,1,0,8.24445E+20,5.65716E+21,1.36222E+16,5.09744E+16
167741,14,6,12,0,2018,6,11,6,3,6,4,0,0,0,1,0,0,1,0,8.31728E+20,5.66614E+21,1.37338E+16,5.10508E+16
167742,14,6,12,0,2018,6,15,6,3,0,1,0,0,1,0,1,0,0,1,8.38723E+20,5.6608E+21,1.38283E+16,5.09989E+16
167743,14,6,12,0,2018,6,19,5,3,2,2,0,0,1,0,1,0,0,0,8.28581E+20,5.66576E+21,1.36887E+16,5.10492E+16
167744,14,5,21,210,2018,6,18,6,3,9,1,0,0,1,0,1,0,0,0,7.78487E+20,5.61536E+21,1.29376E+16,5.06235E+16
167745,14,5,22,180,2018,6,14,6,3,0,7,0,0,1,1,0,0,0,0,8.054E+20,5.64752E+21,1.33437E+16,5.08984E+16
167746,14,6,12,0,2018,6,10,5,3,2,7,0,1,1,0,0,0,0,0,8.31079E+20,5.6669E+21,1.37253E+16,5.1058E+16
167747,14,5,11,0,2018,6,11,6,3,5,3,0,0,1,0,0,0,0,0,7.75273E+20,5.63651E+21,1.2908E+16,5.08148E+16