OBJECTID_1,ULAND,UREGBEZ,UKREIS,UGEMEINDE,UJAHR,UMONAT,USTUNDE,UWOCHENTAG,UKATEGORIE,UART,UTYP1,ULICHTVERH,IstRad,IstPKW,IstFuss,IstKrad,IstGkfz,IstSonstig,STRZUSTAND,LINREFX,LINREFY,XGCSWGS84,YGCSWGS84
167748,14,6,12,0,2018,6,10,5,3,5,3,0,0,1,0,1,0,0,0,8.28134E+20,5.66965E+21,1.36859E+16,5.10843E+16
167749,14,6,12,0,2018,6,19,5,3,0,6,0,0,1,0,0,0,1,0,8.36794E+20,5.66078E+21,1.38009E+16,5.09998E+16
167750,14,5,11,0,2018,6,10,6,3,0,7,0,0,0,0,0,0,1,0,7.77769E+20,5.63661E+21,1.29435E+16,5.08145E+16
167751,14,5,11,0,2018,6,8,6,3,0,7,0,0,0,0,0,0,1,0,7.73229E+20,5.63288E+21,1.28764E+16,5.07832E+16
167752,14,6,12,0,2018,6,5,5,3,5,3,0,0,1,0,1,0,0,0,8.38226E+20,5.66214E+21,1.38225E+16,5.10111E+16
167753,14,5,23,430,2018,5,20,5,3,5,3,0,1,1,0,0,0,0,0,7.33136E+20,5.60478E+21,1.2291E+16,5.05484E+16
167754,14,6,12,0,2018,6,15,5,3,1,5,0,1,1,0,0,0,0,0,8.31897E+20,5.66425E+21,1.37345E+16,5.10337E+16
167755,14,7,29,190,2018,5,14,5,3,4,6,0,1,1,0,0,0,0,0,7.43033E+20,5.68249E+21,1.24821E+16,5.12419E+16
167756,14,7,13,0,2018,5,7,5,3,3,3,0,1,1,0,0,0,0,0,7.35595E+20,5.69312E+21,1.23828E+16,5.13405E+16
167757,14,5,21,10,2018,6,23,5,2,7,7,2,1,0,0,0,0,0,0,7.81607E+20,5.62944E+21,1.29923E+16,5.07484E+16
167758,14,7,13,0,2018,5,14,5,3,5,3,0,0,1,0,1,0,0,0,7.35897E+20,5.69457E+21,1.2388E+16,5.13533E+16
167759,14,7,13,0,2018,5,18,5,3,5,3,0,1,1,0,0,0,0,0,7.34783E+20,5.68985E+21,1.2369E+16,5.13114E+16
167760,14,5,11,0,2018,6,16,5,3,2,6,0,0,1,0,0,0,0,0,7.72739E+20,5.63599E+21,1.28718E+16,5.08113E+16
167761,14,7,13,0,2018,5,17,5,2,3,6,0,1,1,0,0,0,0,0,7.38157E+20,5.69361E+21,1.24198E+16,5.13438E+16
167762,14,5,11,0,2018,6,19,5,3,9,4,0,1,0,1,0,0,0,0,7.75005E+20,5.63368E+21,1.29021E+16,5.07895E+16
167763,14,5,11,0,2018,6,10,5,3,1,7,0,1,1,0,0,0,0,0,7.76499E+20,5.64017E+21,1.29282E+16,5.0847E+16
167764,14,7,13,0,2018,5,9,5,3,0,5,0,0,1,0,0,0,0,0,7.40915E+20,5.69845E+21,1.24626E+16,5.1386E+16
167765,14,5,22,440,2018,6,18,5,2,5,3,0,1,1,0,0,0,0,0,7.93463E+20,5.64273E+21,1.31706E+16,5.08617E+16
167766,14,7,13,0,2018,5,14,5,1,5,3,0,1,0,0,0,1,0,0,7.36438E+20,5.69384E+21,1.23953E+16,5.13466E+16
167767,14,5,11,0,2018,6,13,5,3,2,6,0,0,1,0,0,0,1,0,7.7777E+20,5.63717E+21,1.29439E+16,5.08195E+16
167768,14,7,13,0,2018,5,21,5,3,5,3,1,1,1,0,0,0,0,0,7.33543E+20,5.69419E+21,1.2354E+16,5.13509E+16
167769,14,5,23,320,2018,6,14,4,3,6,4,0,0,1,1,0,0,0,0,7.21425E+20,5.59794E+21,1.21219E+16,5.04915E+16
167770,14,7,13,0,2018,5,15,5,3,2,6,0,1,1,0,0,0,0,0,7.34633E+20,5.69538E+21,1.23705E+16,5.13612E+16
167771,14,6,26,110,2018,5,14,5,3,1,5,0,1,1,0,0,0,0,0,9.15684E+20,5.68281E+21,1.49449E+16,5.11453E+16
167772,14,5,23,320,2018,6,7,4,2,6,4,0,0,0,1,0,0,1,0,7.22319E+20,5.59913E+21,1.21352E+16,5.05019E+16
167773,14,6,26,370,2018,5,12,5,2,5,3,0,1,0,0,0,0,1,0,9.06481E+20,5.69813E+21,1.48313E+16,5.1289E+16
167774,14,7,29,245,2018,6,17,4,2,8,1,0,0,0,0,1,0,0,0,7.68958E+20,5.69669E+21,1.28634E+16,5.13577E+16
167775,14,7,13,0,2018,6,20,4,3,5,3,0,1,1,0,0,0,0,0,7.32038E+20,5.69187E+21,1.2331E+16,5.13307E+16
167776,14,6,27,210,2018,5,19,5,3,0,1,0,1,0,0,0,0,0,0,8.23947E+20,5.67162E+21,1.36281E+16,5.11043E+16
167777,14,7,29,270,2018,6,7,4,3,1,7,0,0,1,0,0,0,0,0,7.24965E+20,5.68888E+21,1.22277E+16,5.13067E+16
167778,14,6,12,0,2018,5,18,5,3,5,3,0,1,1,0,0,0,0,0,8.34634E+20,5.66423E+21,1.37734E+16,5.1032E+16
167779,14,7,13,0,2018,6,17,4,3,8,7,0,1,0,0,0,0,0,0,7.34223E+20,5.69285E+21,1.23629E+16,5.13386E+16
167780,14,7,13,0,2018,6,14,4,3,5,2,0,1,1,0,0,0,0,0,7.34569E+20,5.69213E+21,1.23674E+16,5.1332E+16
167781,14,6,12,0,2018,5,7,5,2,6,4,0,0,1,1,0,0,0,0,8.24783E+20,5.66484E+21,1.36339E+16,5.10431E+16
167782,14,6,12,0,2018,6,12,4,3,5,3,0,0,1,0,0,0,0,0,8.32807E+20,5.666E+21,1.3749E+16,5.10489E+16
167783,14,6,12,0,2018,6,13,4,3,9,7,0,0,1,0,0,0,0,0,8.344E+20,5.66508E+21,1.37708E+16,5.10398E+16
167784,14,6,12,0,2018,6,0,4,2,9,1,2,1,0,0,0,0,0,0,8.37318E+20,5.65915E+21,1.38068E+16,5.09849E+16
167785,14,6,12,0,2018,6,14,4,3,5,3,0,1,1,0,0,0,0,0,8.28787E+20,5.66942E+21,1.3695E+16,5.10819E+16
167786,14,6,12,0,2018,6,13,3,3,5,3,0,1,0,0,0,0,1,0,8.35532E+20,5.66454E+21,1.37864E+16,5.10343E+16
167787,14,5,11,0,2018,6,15,4,3,5,3,0,0,1,0,1,0,0,0,7.71761E+20,5.64351E+21,1.28635E+16,5.08793E+16
167788,14,5,21,20,2018,6,8,3,3,6,6,0,0,1,1,0,0,0,0,7.83887E+20,5.61166E+21,1.30109E+16,5.05877E+16
167789,14,5,11,0,2018,6,14,4,3,0,7,0,0,0,0,0,0,1,0,7.76841E+20,5.63655E+21,1.29303E+16,5.08144E+16
167790,14,5,23,450,2018,6,17,3,2,5,2,0,0,0,0,1,0,0,0,7.17268E+20,5.59272E+21,1.20603E+16,5.04462E+16
167791,14,5,24,250,2018,6,14,2,3,2,6,0,0,1,0,1,0,0,0,7.49726E+20,5.62133E+21,1.25358E+16,5.06901E+16
167792,14,5,23,320,2018,6,22,3,2,0,1,2,1,1,0,0,0,0,0,7.23548E+20,5.59746E+21,1.21515E+16,5.04864E+16
167793,14,7,13,0,2018,6,17,3,3,2,6,0,1,1,0,0,0,0,0,7.38373E+20,5.6925E+21,1.24222E+16,5.13337E+16
167794,14,5,24,160,2018,6,14,2,3,5,3,0,0,1,0,1,0,0,0,7.56088E+20,5.62936E+21,1.26313E+16,5.07594E+16
167795,14,7,13,0,2018,6,9,3,3,3,5,0,1,1,0,0,0,0,0,7.34618E+20,5.69362E+21,1.23691E+16,5.13454E+16
167796,14,6,28,60,2018,6,18,3,3,2,6,0,1,0,0,0,0,0,0,8.28485E+20,5.64959E+21,1.36728E+16,5.09043E+16
167797,14,7,13,0,2018,6,18,3,3,2,6,0,0,1,0,0,0,0,0,7.34787E+20,5.69249E+21,1.23707E+16,5.13351E+16
167798,14,7,13,0,2018,6,16,2,3,4,2,0,1,1,0,0,0,0,0,7.28531E+20,5.69077E+21,1.228E+16,5.13222E+16
167799,14,7,13,0,2018,6,22,3,3,5,3,2,0,1,0,0,0,0,0,7.38135E+20,5.69052E+21,1.24174E+16,5.13161E+16
167800,14,7,13,0,2018,6,16,2,3,2,6,0,0,1,0,0,0,0,0,7.38056E+20,5.69403E+21,1.24186E+16,5.13476E+16
167801,14,7,13,0,2018,6,7,2,3,5,3,0,1,1,0,0,0,0,0,7.36386E+20,5.6957E+21,1.23958E+16,5.13633E+16
167802,14,7,13,0,2018,6,7,3,3,5,3,0,1,1,0,0,0,0,0,7.41023E+20,5.69532E+21,1.2462E+16,5.1358E+16
167803,14,7,13,0,2018,6,10,2,3,2,2,0,0,1,0,0,0,0,0,7.37801E+20,5.69532E+21,1.24158E+16,5.13593E+16
167804,14,7,13,0,2018,6,8,3,3,6,2,0,0,1,1,0,0,0,0,7.33251E+20,5.69584E+21,1.23509E+16,5.13658E+16
167805,14,7,13,0,2018,6,15,2,3,4,6,0,1,0,0,0,0,0,0,7.35688E+20,5.69288E+21,1.23839E+16,5.13383E+16
167806,14,7,13,0,2018,6,10,3,3,2,6,0,1,1,0,0,0,0,0,7.34109E+20,5.69485E+21,1.23626E+16,5.13566E+16
167807,14,7,13,0,2018,6,22,3,3,4,2,2,0,1,0,0,0,0,0,7.30085E+20,5.6931E+21,1.23038E+16,5.13425E+16
167808,14,7,13,0,2018,6,19,2,3,1,5,0,1,1,0,0,0,0,0,7.35483E+20,5.68947E+21,1.23787E+16,5.13077E+16
167809,14,6,26,110,2018,6,20,3,3,0,6,0,1,1,0,0,0,0,1,9.18164E+20,5.68305E+21,1.49804E+16,5.11457E+16
167810,14,7,13,0,2018,6,12,2,2,6,2,0,0,1,1,0,0,0,0,7.35925E+20,5.69274E+21,1.23872E+16,5.13369E+16
167811,14,6,27,210,2018,6,16,3,2,5,3,0,1,1,0,0,0,0,0,8.24446E+20,5.67217E+21,1.36357E+16,5.1109E+16
167812,14,7,13,0,2018,6,10,2,3,4,6,0,0,0,0,0,0,1,0,7.34278E+20,5.69552E+21,1.23655E+16,5.13625E+16
167813,14,7,13,0,2018,6,18,2,3,5,3,0,1,1,0,0,0,0,0,7.3553E+20,5.69293E+21,1.23817E+16,5.13388E+16
167814,14,7,30,110,2018,6,13,2,2,3,3,0,1,0,0,0,0,1,0,7.52556E+20,5.7067E+21,1.26354E+16,5.1455E+16
167815,14,6,12,0,2018,6,20,3,3,3,5,0,1,1,0,0,0,1,0,8.29137E+20,5.66949E+21,1.37E+16,5.10823E+16
167816,14,6,26,110,2018,6,16,2,3,5,3,0,0,1,0,0,0,0,0,9.15929E+20,5.68287E+21,1.49484E+16,5.11457E+16
167817,14,6,12,0,2018,6,10,3,3,6,7,0,0,1,1,0,0,0,0,8.32642E+20,5.66326E+21,1.37442E+16,5.10244E+16
167818,14,6,26,110,2018,6,8,2,2,6,4,0,0,1,1,0,0,0,0,9.15929E+20,5.68286E+21,1.49484E+16,5.11457E+16
167819,14,6,12,0,2018,6,7,3,3,5,2,0,1,1,0,0,0,0,0,8.33862E+20,5.66795E+21,1.37658E+16,5.10658E+16
167820,14,6,12,0,2018,6,22,3,3,5,3,2,1,0,0,0,0,0,0,8.32779E+20,5.66787E+21,1.37503E+16,5.10656E+16
167821,14,6,28,260,2018,6,17,2,2,6,4,0,0,1,1,0,0,0,0,8.65288E+20,5.66535E+21,1.42099E+16,5.10233E+16
167822,14,6,12,0,2018,6,14,3,3,5,2,0,1,1,0,0,0,0,0,8.36275E+20,5.66352E+21,1.3796E+16,5.10247E+16
167823,14,6,12,0,2018,6,13,2,2,0,5,0,0,1,0,0,0,1,0,8.30991E+20,5.66965E+21,1.37265E+16,5.10826E+16
167824,14,6,12,0,2018,6,18,2,3,2,6,0,0,1,0,0,0,0,0,8.37201E+20,5.6614E+21,1.38072E+16,5.10051E+16
167825,14,6,12,0,2018,6,18,3,2,5,2,0,1,1,0,0,0,0,0,8.36429E+20,5.66344E+21,1.37981E+16,5.10238E+16
167826,14,6,12,0,2018,6,9,2,3,5,2,0,1,1,0,0,0,0,0,8.34714E+20,5.66495E+21,1.37752E+16,5.10384E+16
167827,14,6,12,0,2018,6,13,3,3,2,7,0,0,1,0,0,0,1,0,8.37382E+20,5.66687E+21,1.38149E+16,5.10541E+16
167828,14,5,11,0,2018,6,15,3,3,5,2,0,1,1,0,0,0,0,0,7.76906E+20,5.63646E+21,1.29311E+16,5.08136E+16
167829,14,5,24,330,2018,6,9,2,3,6,4,0,0,1,1,0,0,0,0,7.45307E+20,5.62068E+21,1.2473E+16,5.06861E+16
167830,14,6,12,0,2018,6,14,2,3,3,2,0,1,1,0,0,0,0,0,8.33241E+20,5.66681E+21,1.37559E+16,5.10559E+16
167831,14,5,24,330,2018,6,17,2,3,6,4,0,0,1,1,0,0,0,0,7.46453E+20,5.62493E+21,1.2492E+16,5.07238E+16
167832,14,6,12,0,2018,6,8,2,2,8,6,0,1,0,0,0,0,1,0,8.34524E+20,5.66582E+21,1.37733E+16,5.10463E+16
167833,14,5,24,330,2018,6,12,2,3,5,3,0,0,1,0,0,0,1,0,7.46248E+20,5.62438E+21,1.24887E+16,5.0719E+16
167834,14,6,12,0,2018,6,9,2,3,5,3,0,0,1,0,0,0,0,0,8.30998E+20,5.66374E+21,1.37212E+16,5.10297E+16
167835,14,7,13,0,2018,6,20,2,3,5,3,0,0,1,0,0,0,0,0,7.29708E+20,5.69034E+21,1.22966E+16,5.13179E+16
167836,14,6,12,0,2018,6,12,2,3,3,5,0,1,1,0,0,0,0,0,8.30978E+20,5.66959E+21,1.37263E+16,5.10821E+16
167837,14,7,13,0,2018,6,9,2,3,3,2,0,1,0,0,0,0,0,0,7.3142E+20,5.69207E+21,1.23222E+16,5.13327E+16
167838,14,7,13,0,2018,6,5,2,3,5,3,0,1,1,0,0,0,0,1,7.38712E+20,5.68928E+21,1.24249E+16,5.13047E+16
167839,14,5,11,0,2018,6,16,2,3,5,3,0,1,1,0,0,0,0,0,7.77154E+20,5.6352E+21,1.29337E+16,5.08021E+16
167840,14,7,29,60,2018,6,8,2,3,5,3,0,0,1,0,0,0,0,0,7.45186E+20,5.69562E+21,1.25219E+16,5.13588E+16
167841,14,5,11,0,2018,6,14,2,2,0,1,0,1,0,0,0,0,0,0,7.75581E+20,5.63775E+21,1.29133E+16,5.08258E+16
167842,14,5,11,0,2018,6,15,2,3,6,4,0,0,1,1,0,0,0,0,7.77486E+20,5.63809E+21,1.29406E+16,5.08279E+16
167843,14,7,13,0,2018,6,5,2,3,0,7,0,1,0,0,0,0,0,1,7.38375E+20,5.6909E+21,1.24211E+16,5.13194E+16
167844,14,5,11,0,2018,6,8,2,3,4,2,0,0,1,0,0,0,0,0,7.74082E+20,5.63999E+21,1.28938E+16,5.08465E+16
167845,14,7,13,0,2018,6,6,2,3,0,1,0,1,0,0,0,0,0,1,7.31319E+20,5.69672E+21,1.23238E+16,5.13746E+16
167846,14,5,11,0,2018,6,6,2,3,2,6,0,0,0,0,1,0,1,0,7.71952E+20,5.63562E+21,1.28603E+16,5.08084E+16
167847,14,7,13,0,2018,6,19,2,3,5,2,0,1,1,0,0,0,0,0,7.34639E+20,5.69539E+21,1.23705E+16,5.13613E+16
167848,14,5,11,0,2018,6,17,2,2,1,3,0,1,1,0,0,0,0,0,7.74519E+20,5.6358E+21,1.28968E+16,5.08087E+16
167849,14,7,13,0,2018,6,10,2,2,5,2,0,1,0,1,0,0,1,0,7.35059E+20,5.69105E+21,1.23737E+16,5.13221E+16
167850,14,7,13,0,2018,6,16,2,3,5,2,0,1,1,0,0,0,0,0,7.35476E+20,5.69757E+21,1.2384E+16,5.13805E+16
167851,14,5,23,20,2018,6,16,1,3,8,3,0,0,1,0,1,0,0,0,7.3979E+20,5.60058E+21,1.2382E+16,5.0508E+16
167852,14,7,13,0,2018,6,7,2,3,5,2,0,1,1,0,0,0,0,1,7.34747E+20,5.69078E+21,1.23691E+16,5.13198E+16
167853,14,6,25,250,2018,6,23,2,2,9,1,2,1,0,0,0,0,0,0,8.55967E+20,5.69315E+21,1.4105E+16,5.12782E+16
167854,14,7,29,340,2018,6,23,1,3,2,7,2,1,0,0,0,0,0,0,7.53707E+20,5.68707E+21,1.2638E+16,5.12784E+16
167855,14,6,25,20,2018,6,8,2,3,0,7,0,1,0,0,0,0,0,1,8.79738E+20,5.68394E+21,1.44346E+16,5.11805E+16
167856,14,6,25,40,2018,6,14,3,2,8,1,0,0,1,0,0,0,0,0,8.63217E+20,5.67541E+21,1.41906E+16,5.11148E+16
167857,14,7,29,160,2018,6,20,1,3,0,1,0,1,0,0,0,0,0,0,7.59875E+20,5.68288E+21,1.27232E+16,5.1238E+16
167858,14,7,13,0,2018,6,3,1,2,6,6,2,0,1,1,0,0,0,0,7.3184E+20,5.68938E+21,1.23265E+16,5.13084E+16
167859,14,6,27,310,2018,6,7,2,3,0,6,0,0,1,0,1,0,0,0,8.18898E+20,5.67754E+21,1.35614E+16,5.11602E+16
167860,14,6,27,240,2018,6,19,1,3,8,1,0,0,1,0,0,0,0,1,8.14203E+20,5.70245E+21,1.35164E+16,5.13861E+16
167861,14,6,12,0,2018,6,6,2,3,0,3,0,0,1,0,1,0,0,1,8.38291E+20,5.66144E+21,1.38227E+16,5.10049E+16
167862,14,6,27,210,2018,6,20,1,2,0,1,1,1,0,0,0,0,0,0,8.27115E+20,5.67149E+21,1.36731E+16,5.11014E+16
167863,14,6,12,0,2018,6,8,2,3,5,3,0,0,1,0,0,0,0,0,8.34999E+20,5.66563E+21,1.37798E+16,5.10443E+16
167864,14,6,12,0,2018,6,16,2,3,2,6,0,0,1,0,0,0,1,0,8.33375E+20,5.66616E+21,1.37572E+16,5.105E+16
167865,14,6,28,110,2018,6,17,1,3,4,1,0,0,1,0,0,0,0,1,8.27163E+20,5.66238E+21,1.36655E+16,5.10197E+16
167866,14,6,12,0,2018,6,14,2,2,2,6,0,0,1,0,0,0,0,0,8.34095E+20,5.67377E+21,1.37745E+16,5.11178E+16
167867,14,6,12,0,2018,6,12,1,3,1,3,0,1,1,0,0,0,0,0,8.32921E+20,5.66454E+21,1.37493E+16,5.10357E+16
167868,14,5,11,0,2018,6,16,2,3,5,2,0,1,1,0,0,0,0,0,7.7089E+20,5.63652E+21,1.2846E+16,5.0817E+16
167869,14,5,11,0,2018,6,9,2,3,6,4,0,0,0,1,0,0,1,0,7.70492E+20,5.63661E+21,1.28404E+16,5.08179E+16
167870,14,5,22,330,2018,6,12,1,3,4,3,0,0,1,0,0,0,0,0,7.8225E+20,5.64859E+21,1.30161E+16,5.09198E+16
167871,14,7,13,0,2018,6,20,1,2,5,3,0,0,1,0,1,0,0,1,7.31946E+20,5.69059E+21,1.23288E+16,5.13192E+16
167872,14,6,12,0,2018,6,15,3,3,5,2,0,1,1,0,0,0,0,0,8.34566E+20,5.67448E+21,1.37819E+16,5.11238E+16
167873,14,5,21,320,2018,6,14,1,3,5,3,0,0,1,0,0,0,0,0,7.63435E+20,5.59321E+21,1.27096E+16,5.04317E+16
167874,14,5,24,330,2018,6,10,7,2,0,7,0,0,1,0,0,0,0,0,7.45942E+20,5.61911E+21,1.24809E+16,5.06718E+16
167875,14,7,13,0,2018,6,18,1,3,0,1,0,0,1,0,1,0,0,1,7.37342E+20,5.69229E+21,1.24072E+16,5.13323E+16
167876,14,7,13,0,2018,6,17,7,1,5,3,0,1,0,0,1,0,0,0,7.35067E+20,5.68858E+21,1.23722E+16,5.12999E+16
167877,14,7,13,0,2018,6,12,1,3,1,7,0,0,1,0,0,0,0,1,7.39476E+20,5.69798E+21,1.24416E+16,5.13825E+16
167878,14,7,13,0,2018,6,12,7,3,5,7,0,0,1,0,1,0,0,0,7.37318E+20,5.68935E+21,1.24049E+16,5.13059E+16
167879,14,7,13,0,2018,6,3,1,2,9,1,2,0,1,0,0,0,0,1,7.35848E+20,5.68892E+21,1.23836E+16,5.13027E+16
167880,14,7,29,70,2018,6,23,7,3,5,3,2,0,1,0,0,0,0,0,7.53972E+20,5.69158E+21,1.2645E+16,5.13187E+16
167881,14,6,12,0,2018,6,10,1,3,5,3,0,1,1,0,0,0,0,0,8.28351E+20,5.66666E+21,1.36863E+16,5.10574E+16
167882,14,6,26,110,2018,6,1,7,2,1,1,2,0,1,0,1,0,0,0,9.18776E+20,5.68025E+21,1.49859E+16,5.11202E+16
167883,14,6,12,0,2018,6,15,1,3,6,6,0,1,0,1,0,0,0,0,8.32054E+20,5.66627E+21,1.37386E+16,5.10518E+16
167884,14,5,11,0,2018,6,11,7,2,0,1,0,1,1,0,0,0,0,0,7.74415E+20,5.634E+21,1.2894E+16,5.07927E+16
167885,14,5,23,320,2018,6,17,6,2,4,2,0,0,1,0,0,0,0,0,7.22956E+20,5.59981E+21,1.21445E+16,5.05077E+16
167886,14,5,21,620,2018,6,10,1,2,0,1,0,1,0,0,0,0,0,0,7.7416E+20,5.62549E+21,1.28841E+16,5.07164E+16
167887,14,5,24,80,2018,6,16,6,3,1,5,0,0,1,0,0,0,0,0,7.50515E+20,5.6357E+21,1.25568E+16,5.08188E+16
167888,14,5,22,230,2018,6,1,1,3,8,1,2,0,1,0,0,0,0,1,7.93275E+20,5.65052E+21,1.31741E+16,5.09316E+16
167889,14,5,23,100,2018,6,19,6,2,5,3,0,1,1,0,0,0,0,0,7.23526E+20,5.61084E+21,1.21592E+16,5.06066E+16
167890,14,5,21,50,2018,6,15,1,1,9,1,0,1,0,0,0,0,0,0,7.58652E+20,5.61207E+21,1.26555E+16,5.06031E+16
167891,14,7,30,310,2018,6,10,6,3,0,3,0,0,1,0,0,0,1,0,7.75867E+20,5.7199E+21,1.29805E+16,5.15625E+16
167892,14,5,24,330,2018,6,15,7,3,5,3,0,0,1,0,0,0,1,1,7.4338E+20,5.6245E+21,1.24482E+16,5.07212E+16
167893,14,7,13,0,2018,6,5,6,3,3,6,1,1,1,0,0,0,0,0,7.37925E+20,5.69531E+21,1.24176E+16,5.13591E+16
167894,14,5,23,300,2018,6,15,7,2,6,4,0,0,1,1,0,0,0,1,7.25719E+20,5.59036E+21,1.21777E+16,5.04218E+16
167895,14,7,13,0,2018,6,14,6,3,5,3,0,0,1,0,1,0,0,0,7.36254E+20,5.69297E+21,1.23921E+16,5.13388E+16
167896,14,7,29,320,2018,6,16,7,3,5,3,0,0,1,0,0,0,0,1,7.39994E+20,5.66734E+21,1.24285E+16,5.11072E+16
167897,14,7,13,0,2018,6,12,7,3,5,3,0,1,1,0,0,0,0,1,7.34785E+20,5.69263E+21,1.23708E+16,5.13364E+16
167898,14,7,13,0,2018,6,0,6,3,9,1,2,0,1,0,0,0,0,0,7.2848E+20,5.68934E+21,1.22784E+16,5.13095E+16
167899,14,7,13,0,2018,6,19,7,3,2,2,1,0,1,0,0,0,0,0,7.32577E+20,5.69209E+21,1.23388E+16,5.13324E+16
167900,14,7,13,0,2018,6,15,6,2,5,3,0,0,1,0,1,0,0,0,7.38893E+20,5.69112E+21,1.24287E+16,5.13211E+16
167901,14,7,13,0,2018,6,15,7,3,5,3,0,1,1,0,0,0,0,0,7.3058E+20,5.69155E+21,1.23099E+16,5.13284E+16
167902,14,7,13,0,2018,6,18,7,3,6,4,0,1,0,1,0,0,0,0,7.34522E+20,5.69315E+21,1.23674E+16,5.13411E+16
167903,14,7,13,0,2018,6,15,6,3,0,7,0,0,1,0,0,0,0,0,7.41024E+20,5.69464E+21,1.24616E+16,5.13518E+16
167904,14,7,13,0,2018,6,19,7,3,3,6,0,0,1,0,1,0,0,0,7.32031E+20,5.69071E+21,1.23301E+16,5.13203E+16
167905,14,7,13,0,2018,6,16,6,3,5,3,0,1,1,0,0,0,0,0,7.34806E+20,5.69264E+21,1.23711E+16,5.13365E+16
167906,14,7,13,0,2018,6,10,7,3,5,3,0,0,1,0,0,0,1,1,7.35471E+20,5.69758E+21,1.23839E+16,5.13806E+16
167907,14,7,13,0,2018,6,1,7,1,0,7,2,0,0,1,0,0,1,0,7.32744E+20,5.69274E+21,1.23416E+16,5.13382E+16
167908,14,7,29,260,2018,6,11,6,3,5,3,0,1,1,0,0,0,0,0,7.34564E+20,5.6867E+21,1.23638E+16,5.12832E+16
167909,14,7,13,0,2018,6,14,7,3,2,6,0,0,1,0,0,0,0,1,7.3467E+20,5.69332E+21,1.23696E+16,5.13426E+16
167910,14,6,28,160,2018,6,11,7,3,8,1,0,1,0,0,0,0,0,0,8.41551E+20,5.65782E+21,1.38656E+16,5.09705E+16
167911,14,6,26,85,2018,6,22,6,2,2,6,2,0,1,0,0,0,0,0,8.91045E+20,5.66484E+21,1.45749E+16,5.10019E+16
167912,14,6,12,0,2018,6,12,7,3,5,3,0,0,1,0,0,0,0,0,8.29989E+20,5.67075E+21,1.37133E+16,5.10931E+16
167913,14,6,28,50,2018,6,12,3,3,2,6,0,0,1,0,0,0,0,0,8.30843E+20,5.66037E+21,1.3716E+16,5.09996E+16
167914,14,6,25,250,2018,6,16,6,3,0,7,0,0,0,0,1,0,0,0,8.55061E+20,5.69514E+21,1.4094E+16,5.12966E+16
167915,14,6,26,110,2018,6,17,6,3,6,4,0,1,0,1,0,0,0,0,9.18563E+20,5.68389E+21,1.4987E+16,5.11529E+16
167916,14,5,11,0,2018,6,9,7,3,9,7,0,0,1,0,0,0,0,0,7.78792E+20,5.63919E+21,1.29599E+16,5.08372E+16
167917,14,6,28,160,2018,6,7,6,2,3,6,0,1,0,0,0,0,0,0,8.41293E+20,5.6592E+21,1.38633E+16,5.0983E+16
167918,14,5,11,0,2018,6,0,7,2,0,1,2,1,0,0,0,0,0,1,7.76641E+20,5.64441E+21,1.29334E+16,5.0885E+16
167919,14,6,27,60,2018,6,10,6,3,5,3,0,1,1,0,0,0,0,0,8.15636E+20,5.692E+21,1.35277E+16,5.12916E+16
167920,14,6,12,0,2018,6,9,6,3,5,3,0,1,1,0,0,0,0,0,8.28454E+20,5.66909E+21,1.36899E+16,5.10791E+16
167921,14,5,23,320,2018,6,8,6,3,5,3,0,0,1,0,0,0,1,0,7.24029E+20,5.59798E+21,1.21585E+16,5.04909E+16
167922,14,6,12,0,2018,6,9,6,3,5,3,0,1,0,0,0,0,0,0,8.31802E+20,5.66446E+21,1.37333E+16,5.10357E+16
167923,14,5,23,320,2018,6,23,6,3,1,6,2,0,1,0,0,0,0,0,7.22787E+20,5.59809E+21,1.21411E+16,5.04923E+16
167924,14,5,24,180,2018,6,9,6,3,1,6,0,0,1,0,0,0,1,0,7.66555E+20,5.64045E+21,1.27874E+16,5.08543E+16
167925,14,6,12,0,2018,6,15,6,3,6,7,0,0,1,1,0,0,0,0,8.31613E+20,5.66586E+21,1.37319E+16,5.10484E+16
167926,14,7,29,160,2018,6,18,6,3,9,1,0,0,0,0,0,0,1,0,7.67878E+20,5.68757E+21,1.28411E+16,5.12763E+16
167927,14,7,13,0,2018,6,14,6,2,5,3,0,1,0,0,0,0,0,0,7.37759E+20,5.69447E+21,1.24147E+16,5.13517E+16
167928,14,6,12,0,2018,6,10,6,3,3,6,0,1,0,0,0,0,1,0,8.34527E+20,5.66582E+21,1.37733E+16,5.10463E+16
167929,14,7,13,0,2018,6,14,6,3,3,7,0,0,1,0,0,0,1,0,7.37097E+20,5.69295E+21,1.24042E+16,5.13384E+16
167930,14,6,12,0,2018,6,13,6,3,5,3,0,1,1,0,0,0,0,0,8.36941E+20,5.66649E+21,1.38083E+16,5.10509E+16
167931,14,5,21,150,2018,6,19,6,2,8,1,0,1,0,0,0,0,0,0,7.8189E+20,5.62072E+21,1.29897E+16,5.06699E+16
167932,14,7,13,0,2018,6,4,6,3,5,3,1,1,0,0,0,0,1,0,7.35761E+20,5.69286E+21,1.2385E+16,5.13381E+16