OBJECTID_1,ULAND,UREGBEZ,UKREIS,UGEMEINDE,UJAHR,UMONAT,USTUNDE,UWOCHENTAG,UKATEGORIE,UART,UTYP1,ULICHTVERH,IstRad,IstPKW,IstFuss,IstKrad,IstGkfz,IstSonstig,STRZUSTAND,LINREFX,LINREFY,XGCSWGS84,YGCSWGS84
167933,14,5,11,0,2018,6,7,6,3,5,3,0,1,1,0,0,0,0,0,7.74566E+20,5.63755E+21,1.28988E+16,5.08244E+16
167934,14,6,25,240,2018,6,17,6,3,0,6,0,0,1,0,1,0,0,1,8.64672E+20,5.71186E+21,1.42484E+16,5.14402E+16
167935,14,5,11,0,2018,6,20,6,2,9,1,0,1,1,0,0,0,0,0,7.76119E+20,5.64015E+21,1.29228E+16,5.0847E+16
167936,14,6,26,240,2018,6,13,6,2,5,3,0,0,1,0,1,0,0,0,9.11258E+20,5.68682E+21,1.48865E+16,5.11844E+16
167937,14,5,24,330,2018,6,16,5,3,5,3,0,0,1,0,0,0,0,0,7.47017E+20,5.62573E+21,1.25005E+16,5.07307E+16
167938,14,6,27,230,2018,6,12,6,2,5,3,0,1,1,0,0,0,0,0,7.97304E+20,5.69223E+21,1.32657E+16,5.13036E+16
167939,14,6,27,10,2018,6,12,6,3,0,1,0,0,0,0,1,0,0,1,8.20943E+20,5.6731E+21,1.35866E+16,5.11193E+16
167940,14,5,24,80,2018,6,10,5,3,5,3,0,1,1,0,0,0,0,0,7.4801E+20,5.63594E+21,1.25214E+16,5.0822E+16
167941,14,6,28,60,2018,6,14,6,3,9,1,0,1,0,0,0,0,0,1,8.27543E+20,5.64487E+21,1.36552E+16,5.08625E+16
167942,14,5,24,180,2018,6,12,5,2,5,3,0,0,1,0,0,0,1,0,7.64388E+20,5.64067E+21,1.27569E+16,5.08572E+16
167943,14,7,30,70,2018,6,16,5,3,0,7,0,1,0,0,0,0,0,0,7.32153E+20,5.71284E+21,1.23463E+16,5.15189E+16
167944,14,6,12,0,2018,6,1,6,3,0,1,2,1,0,0,0,0,0,0,8.2893E+20,5.66537E+21,1.36933E+16,5.10455E+16
167945,14,7,29,170,2018,6,16,5,2,8,1,0,0,1,0,0,0,0,0,7.30747E+20,5.67414E+21,1.2301E+16,5.11721E+16
167946,14,6,12,0,2018,6,17,6,3,5,3,0,1,0,0,0,0,0,1,8.35231E+20,5.66555E+21,1.37831E+16,5.10434E+16
167947,14,7,13,0,2018,6,15,5,3,5,3,0,1,1,0,0,0,0,0,7.27244E+20,5.69321E+21,1.22631E+16,5.13446E+16
167948,14,6,12,0,2018,6,20,6,3,6,4,1,0,1,1,0,0,0,1,8.28854E+20,5.66944E+21,1.36959E+16,5.1082E+16
167949,14,7,13,0,2018,6,15,5,3,5,3,0,1,1,0,0,0,0,0,7.34785E+20,5.69263E+21,1.23708E+16,5.13364E+16
167950,14,6,12,0,2018,6,22,6,3,0,7,2,1,0,0,0,0,0,0,8.37386E+20,5.66328E+21,1.38116E+16,5.10219E+16
167951,14,7,13,0,2018,6,16,5,3,5,3,0,1,1,0,0,0,0,0,7.35279E+20,5.69089E+21,1.23768E+16,5.13205E+16
167952,14,6,12,0,2018,6,23,6,3,0,1,2,1,0,0,0,0,0,1,8.36949E+20,5.66648E+21,1.38084E+16,5.10508E+16
167953,14,7,13,0,2018,6,6,5,3,5,2,0,1,1,0,0,0,0,0,7.41521E+20,5.69029E+21,1.24658E+16,5.13126E+16
167954,14,6,12,0,2018,6,18,6,3,0,1,0,1,0,0,0,0,0,1,8.32444E+20,5.66754E+21,1.37453E+16,5.10629E+16
167955,14,7,13,0,2018,6,11,5,3,5,3,0,1,1,0,0,0,0,0,7.38549E+20,5.68949E+21,1.24227E+16,5.13066E+16
167956,14,6,12,0,2018,6,1,6,2,3,2,2,1,0,0,0,0,1,0,8.33244E+20,5.66681E+21,1.3756E+16,5.10559E+16
167957,14,7,13,0,2018,6,7,5,3,5,3,0,1,1,0,0,0,0,0,7.42022E+20,5.69395E+21,1.24754E+16,5.13452E+16
167958,14,6,12,0,2018,6,7,6,3,6,4,0,1,0,1,0,0,0,0,8.42298E+20,5.66777E+21,1.38856E+16,5.10592E+16
167959,14,7,29,260,2018,6,7,5,3,5,3,0,1,1,0,0,0,0,0,7.35073E+20,5.68594E+21,1.23705E+16,5.12762E+16
167960,14,5,21,710,2018,6,16,6,2,3,6,0,1,1,0,0,0,0,0,7.69228E+20,5.61583E+21,1.28073E+16,5.06321E+16
167961,14,6,26,180,2018,6,17,4,3,6,4,0,0,1,1,0,0,0,0,9.06685E+20,5.66484E+21,1.47967E+16,5.0991E+16
167962,14,7,13,0,2018,6,22,5,3,5,3,2,0,1,0,0,0,0,0,7.33785E+20,5.69567E+21,1.23585E+16,5.13641E+16
167963,14,5,22,220,2018,6,8,6,2,8,7,0,1,0,0,0,0,0,0,7.81085E+20,5.67263E+21,1.30182E+16,5.1136E+16
167964,14,7,13,0,2018,6,12,5,2,3,2,0,1,1,0,0,0,0,0,7.38081E+20,5.69513E+21,1.24197E+16,5.13574E+16
167965,14,5,22,360,2018,6,13,6,3,1,5,0,0,1,0,1,0,0,1,7.79316E+20,5.65559E+21,1.29799E+16,5.0984E+16
167966,14,5,11,0,2018,6,11,6,3,5,3,0,0,1,0,0,0,1,1,7.72046E+20,5.63504E+21,1.28613E+16,5.08031E+16
167967,14,7,13,0,2018,6,15,5,3,1,5,0,1,1,0,0,0,0,0,7.34891E+20,5.69576E+21,1.23744E+16,5.13645E+16
167968,14,7,30,70,2018,6,8,5,3,4,2,0,1,1,0,0,0,0,0,7.32331E+20,5.71338E+21,1.23493E+16,5.15236E+16
167969,14,7,29,350,2018,6,12,5,3,0,7,0,0,1,0,0,0,0,0,7.28529E+20,5.67413E+21,1.22693E+16,5.11728E+16
167970,14,6,26,610,2018,6,14,4,3,2,7,0,0,1,0,0,0,0,0,9.08509E+20,5.64966E+21,1.48056E+16,5.08539E+16
167971,14,7,13,0,2018,6,20,5,3,2,6,0,0,1,0,0,0,0,0,7.35408E+20,5.69263E+21,1.23797E+16,5.13361E+16
167972,14,7,13,0,2018,6,13,5,3,5,3,0,1,1,0,0,0,0,0,7.38016E+20,5.69205E+21,1.24167E+16,5.13298E+16
167973,14,7,13,0,2018,6,12,5,3,4,2,0,1,0,0,0,0,0,0,7.34623E+20,5.69323E+21,1.23689E+16,5.13419E+16
167974,14,7,13,0,2018,6,7,5,3,5,3,0,1,1,0,0,0,0,0,7.30644E+20,5.6971E+21,1.23144E+16,5.13782E+16
167975,14,7,13,0,2018,6,10,5,3,4,6,0,1,0,0,0,0,0,0,7.34548E+20,5.69852E+21,1.23713E+16,5.13894E+16
167976,14,6,26,110,2018,6,14,4,3,0,1,0,1,0,0,0,0,0,1,9.18221E+20,5.68304E+21,1.49812E+16,5.11455E+16
167977,14,6,25,240,2018,6,16,5,3,5,3,0,1,0,0,0,0,0,0,8.64124E+20,5.71129E+21,1.424E+16,5.14355E+16
167978,14,7,13,0,2018,6,15,5,3,4,2,0,1,1,0,0,0,0,1,7.41889E+20,5.694E+21,1.24735E+16,5.13457E+16
167979,14,6,26,110,2018,6,15,3,3,6,4,0,0,0,1,0,0,1,0,9.18071E+20,5.68306E+21,1.49791E+16,5.11459E+16
167980,14,6,25,530,2018,6,13,4,3,2,2,0,1,0,0,0,0,0,0,8.64455E+20,5.67465E+21,1.42074E+16,5.11071E+16
167981,14,6,25,240,2018,6,12,5,2,5,3,0,1,1,0,0,0,0,0,8.63612E+20,5.71111E+21,1.42325E+16,5.14342E+16
167982,14,6,25,20,2018,6,19,5,3,5,3,0,1,1,0,0,0,0,0,8.79441E+20,5.68397E+21,1.44304E+16,5.11809E+16
167983,14,7,13,0,2018,6,7,5,3,5,3,0,1,1,0,0,0,0,0,7.32632E+20,5.69263E+21,1.234E+16,5.13373E+16
167984,14,6,27,210,2018,6,18,5,3,5,2,0,1,1,0,0,0,0,0,8.24549E+20,5.67376E+21,1.36386E+16,5.11232E+16
167985,14,7,13,0,2018,6,8,5,3,5,2,0,1,1,0,0,0,0,0,7.3529E+20,5.69239E+21,1.23779E+16,5.1334E+16
167986,14,6,28,60,2018,6,17,5,3,0,1,0,1,0,0,0,0,0,0,8.29414E+20,5.6421E+21,1.36792E+16,5.08367E+16
167987,14,6,25,240,2018,6,17,5,2,0,1,0,0,1,0,1,0,0,1,8.64344E+20,5.71218E+21,1.42441E+16,5.14434E+16
167988,14,6,26,110,2018,6,17,5,3,4,6,0,1,0,0,0,0,0,0,9.18222E+20,5.68305E+21,1.49812E+16,5.11456E+16
167989,14,6,25,20,2018,6,15,4,3,4,1,0,0,1,0,0,0,0,1,8.81758E+20,5.68619E+21,1.44657E+16,5.11992E+16
167990,14,6,12,0,2018,6,8,5,3,5,2,0,1,1,0,0,0,0,0,8.38901E+20,5.66412E+21,1.38339E+16,5.10285E+16
167991,14,6,12,0,2018,6,15,5,2,0,7,0,0,1,1,0,0,0,0,8.28626E+20,5.66998E+21,1.36932E+16,5.10869E+16
167992,14,6,12,0,2018,6,17,5,2,5,3,0,1,0,0,0,0,0,0,8.33799E+20,5.66878E+21,1.37657E+16,5.10732E+16
167993,14,6,27,10,2018,6,12,4,3,3,6,0,1,0,0,0,0,0,0,8.20036E+20,5.67302E+21,1.35736E+16,5.1119E+16
167994,14,6,12,0,2018,6,16,5,3,6,4,0,1,0,1,0,0,0,0,8.36801E+20,5.66336E+21,1.38034E+16,5.10229E+16
167995,14,6,12,0,2018,6,6,5,2,6,4,0,0,1,1,0,0,0,0,8.39382E+20,5.66163E+21,1.38384E+16,5.10059E+16
167996,14,6,12,0,2018,6,11,3,3,0,1,0,1,0,0,0,0,0,0,8.39176E+20,5.66374E+21,1.38374E+16,5.10249E+16
167997,14,6,27,110,2018,6,21,4,3,9,1,2,0,1,0,0,0,0,0,8.23061E+20,5.69533E+21,1.36368E+16,5.13173E+16
167998,14,5,22,150,2018,6,12,5,3,5,3,0,0,1,0,0,0,0,0,7.85067E+20,5.65084E+21,1.30579E+16,5.09386E+16
167999,14,5,22,120,2018,6,7,5,2,0,6,0,1,0,0,0,0,1,0,7.73238E+20,5.6602E+21,1.2897E+16,5.10283E+16
168000,14,6,12,0,2018,6,15,5,2,3,6,0,1,1,0,0,0,0,0,8.38847E+20,5.66124E+21,1.38304E+16,5.10027E+16
168001,14,5,11,0,2018,6,19,5,3,1,5,0,1,1,0,0,0,0,0,7.75025E+20,5.63898E+21,1.29064E+16,5.0837E+16
168002,14,5,22,180,2018,6,13,5,3,5,3,0,0,1,0,0,0,0,0,8.05643E+20,5.64902E+21,1.33484E+16,5.09117E+16
168003,14,5,11,0,2018,6,12,5,3,5,3,0,1,1,0,0,0,0,0,7.76957E+20,5.63905E+21,1.29338E+16,5.08367E+16
168004,14,5,22,50,2018,6,14,5,2,1,5,0,1,0,0,0,1,0,0,8.04973E+20,5.64411E+21,1.33348E+16,5.08681E+16
168005,14,5,11,0,2018,6,17,5,3,5,3,0,0,1,0,0,0,0,0,7.80931E+20,5.63882E+21,1.29899E+16,5.08328E+16
168006,14,6,12,0,2018,6,8,4,2,3,2,0,0,1,0,1,0,0,0,8.32626E+20,5.66445E+21,1.3745E+16,5.10351E+16
168007,14,5,22,420,2018,6,11,5,2,6,7,0,0,1,1,0,0,0,0,7.85041E+20,5.64227E+21,1.30508E+16,5.08617E+16
168008,14,5,21,540,2018,6,15,5,2,0,7,0,0,1,0,1,0,0,0,7.51125E+20,5.60086E+21,1.25418E+16,5.05057E+16
168009,14,5,24,330,2018,6,16,4,3,5,3,0,1,1,0,0,0,0,0,7.46609E+20,5.62504E+21,1.24943E+16,5.07248E+16
168010,14,5,24,230,2018,6,7,4,2,8,1,0,1,0,0,0,0,0,0,7.62041E+20,5.63247E+21,1.27177E+16,5.07846E+16
168011,14,5,24,330,2018,6,19,4,3,6,4,0,0,1,1,0,0,0,0,7.44956E+20,5.62456E+21,1.24706E+16,5.07211E+16
168012,14,5,24,190,2018,6,9,4,3,8,1,0,0,0,0,1,0,0,0,7.433E+20,5.63945E+21,1.2457E+16,5.08555E+16
168013,14,7,29,320,2018,6,10,4,3,4,6,0,0,1,0,0,1,0,0,7.41217E+20,5.67056E+21,1.24481E+16,5.11356E+16
168014,14,5,23,320,2018,6,15,4,2,8,1,0,0,0,0,1,0,0,0,7.21287E+20,5.60378E+21,1.21234E+16,5.05441E+16
168015,14,7,29,320,2018,6,15,4,3,9,1,0,1,0,0,0,0,0,0,7.38647E+20,5.67208E+21,1.24125E+16,5.11503E+16
168016,14,7,30,310,2018,6,13,4,3,5,3,0,0,1,0,1,0,0,0,7.77238E+20,5.72001E+21,1.30003E+16,5.15629E+16
168017,14,7,13,0,2018,6,16,4,3,5,3,0,1,1,0,0,0,0,0,7.34874E+20,5.69449E+21,1.23733E+16,5.13531E+16
168018,14,7,13,0,2018,6,20,4,3,5,3,0,0,1,0,0,0,0,0,7.34645E+20,5.69325E+21,1.23692E+16,5.1342E+16
168019,14,7,13,0,2018,6,11,4,3,2,6,0,0,1,0,0,0,0,0,7.3101E+20,5.68874E+21,1.23142E+16,5.1303E+16
168020,14,6,12,0,2018,6,9,4,3,3,6,0,1,1,0,0,0,0,0,8.34244E+20,5.67491E+21,1.37777E+16,5.11279E+16
168021,14,7,13,0,2018,6,18,4,3,5,2,0,1,1,0,0,0,0,0,7.40168E+20,5.69151E+21,1.24472E+16,5.13241E+16
168022,14,7,13,0,2018,6,23,4,3,3,6,2,1,1,0,0,0,0,0,7.35074E+20,5.69032E+21,1.23734E+16,5.13156E+16
168023,14,7,13,0,2018,6,8,4,3,0,7,0,1,1,0,0,0,0,0,7.34927E+20,5.69331E+21,1.23733E+16,5.13425E+16
168024,14,7,13,0,2018,6,16,4,2,5,3,0,1,1,0,0,0,0,0,7.39333E+20,5.69596E+21,1.24382E+16,5.13644E+16
168025,14,7,13,0,2018,6,9,4,3,5,5,0,1,0,0,0,0,0,0,7.34959E+20,5.69267E+21,1.23733E+16,5.13367E+16
168026,14,7,13,0,2018,6,7,4,3,6,4,0,0,1,1,0,0,0,0,7.36381E+20,5.69276E+21,1.23938E+16,5.13369E+16
168027,14,6,26,240,2018,6,18,4,2,6,7,0,0,1,1,0,0,0,0,9.10192E+20,5.68659E+21,1.48711E+16,5.11831E+16
168028,14,6,12,0,2018,6,9,4,3,6,2,0,0,1,1,0,0,0,0,8.33792E+20,5.66878E+21,1.37656E+16,5.10733E+16
168029,14,7,13,0,2018,6,9,4,3,5,3,0,1,1,0,0,0,0,0,7.36072E+20,5.68967E+21,1.23873E+16,5.13093E+16
168030,14,6,26,480,2018,6,15,4,3,5,3,0,1,1,0,0,0,0,0,9.15337E+20,5.70319E+21,1.49635E+16,5.13279E+16
168031,14,6,12,0,2018,6,9,4,3,5,3,0,0,1,0,0,0,0,0,8.35448E+20,5.66742E+21,1.37879E+16,5.106E+16
168032,14,7,13,0,2018,6,13,4,3,5,3,0,0,1,0,0,0,0,0,7.347E+20,5.69338E+21,1.23701E+16,5.13432E+16
168033,14,6,25,240,2018,6,15,4,3,0,7,0,1,0,0,0,0,0,0,8.64284E+20,5.71128E+21,1.42423E+16,5.14353E+16
168034,14,6,27,310,2018,6,18,4,2,8,1,0,1,0,0,0,0,0,0,8.20055E+20,5.67867E+21,1.35789E+16,5.11697E+16
168035,14,6,25,310,2018,6,13,4,3,5,3,0,0,1,0,0,0,0,0,8.5447E+20,5.71387E+21,1.41043E+16,5.14648E+16
168036,14,6,27,10,2018,6,13,4,3,8,1,0,1,0,0,0,0,0,0,8.20321E+20,5.67359E+21,1.35782E+16,5.1124E+16
168037,14,6,25,20,2018,6,11,4,3,5,2,0,1,1,0,0,0,0,0,8.80826E+20,5.68516E+21,1.44514E+16,5.11907E+16
168038,14,6,28,110,2018,6,17,4,2,1,1,0,0,1,0,1,0,0,0,8.25144E+20,5.65839E+21,1.36333E+16,5.09851E+16
168039,14,6,12,0,2018,6,7,4,3,0,7,0,1,0,0,0,0,1,0,8.35899E+20,5.663E+21,1.37902E+16,5.10202E+16
168040,14,6,27,230,2018,6,15,4,3,5,3,0,1,1,0,0,0,0,0,8.00125E+20,5.69243E+21,1.33062E+16,5.13039E+16
168041,14,6,12,0,2018,6,19,4,3,5,2,0,1,1,0,0,0,0,0,8.30413E+20,5.67352E+21,1.37219E+16,5.11177E+16
168042,14,6,12,0,2018,6,9,4,3,5,3,0,0,1,0,0,0,0,0,8.33243E+20,5.66681E+21,1.3756E+16,5.10559E+16
168043,14,6,27,230,2018,6,11,4,2,5,3,0,0,1,0,0,0,0,0,8.00212E+20,5.69182E+21,1.33069E+16,5.12984E+16
168044,14,6,12,0,2018,6,18,4,3,2,2,0,1,1,0,0,0,0,0,8.36826E+20,5.66662E+21,1.38067E+16,5.10521E+16
168045,14,6,28,100,2018,6,19,3,2,0,7,0,1,0,0,0,0,0,0,8.50706E+20,5.66485E+21,1.40023E+16,5.10279E+16
168046,14,6,27,10,2018,6,13,4,2,5,3,0,0,0,0,1,0,1,0,8.20672E+20,5.67325E+21,1.35829E+16,5.11208E+16
168047,14,6,12,0,2018,6,16,4,3,5,6,0,1,1,0,0,0,0,0,8.35003E+20,5.66492E+21,1.37792E+16,5.10379E+16
168048,14,6,12,0,2018,6,9,4,2,6,6,0,1,0,1,0,0,0,0,8.34E+20,5.6651E+21,1.37652E+16,5.10402E+16
168049,14,6,12,0,2018,6,16,4,3,2,6,0,0,1,0,0,0,0,0,8.34832E+20,5.6646E+21,1.37765E+16,5.10352E+16
168050,14,6,12,0,2018,6,17,4,3,5,3,0,1,1,0,0,0,0,0,8.35378E+20,5.66402E+21,1.37837E+16,5.10297E+16
168051,14,6,12,0,2018,6,11,4,3,2,6,0,0,1,0,0,0,0,0,8.38068E+20,5.66163E+21,1.38197E+16,5.10067E+16
168052,14,6,12,0,2018,6,15,4,3,5,3,0,1,1,0,0,0,0,0,8.37116E+20,5.66351E+21,1.3808E+16,5.1024E+16
168053,14,5,22,70,2018,6,7,4,3,5,3,0,1,1,0,0,0,0,0,7.7192E+20,5.6492E+21,1.287E+16,5.09303E+16
168054,14,5,22,180,2018,6,17,4,3,6,7,0,0,1,1,0,0,0,0,8.03816E+20,5.64807E+21,1.33217E+16,5.09042E+16
168055,14,6,12,0,2018,6,7,4,3,5,2,0,1,0,0,0,0,0,0,8.34921E+20,5.66379E+21,1.3777E+16,5.10279E+16
168056,14,5,11,0,2018,6,13,4,3,1,5,0,0,1,0,0,0,0,0,7.77097E+20,5.63826E+21,1.29352E+16,5.08296E+16
168057,14,5,11,0,2018,6,17,4,2,0,7,0,1,0,0,0,0,0,0,7.78693E+20,5.64263E+21,1.29611E+16,5.08681E+16
168058,14,6,12,0,2018,6,6,4,3,0,1,0,0,0,0,1,0,0,1,8.37259E+20,5.6634E+21,1.38099E+16,5.1023E+16
168059,14,5,23,320,2018,6,14,3,3,5,2,0,1,1,0,0,0,0,0,7.2135E+20,5.59842E+21,1.21211E+16,5.04959E+16
168060,14,6,12,0,2018,6,6,4,3,1,5,0,0,1,0,1,0,0,0,8.32869E+20,5.66413E+21,1.37482E+16,5.10321E+16
168061,14,6,12,0,2018,6,15,4,2,0,1,0,1,0,0,0,0,0,0,8.34527E+20,5.66582E+21,1.37733E+16,5.10463E+16
168062,14,5,24,180,2018,6,16,3,2,9,1,0,1,0,0,0,0,0,0,7.62417E+20,5.64045E+21,1.27288E+16,5.08561E+16
168063,14,5,22,470,2018,6,21,4,2,9,1,1,0,1,0,0,0,0,0,8.2141E+20,5.63031E+21,1.35556E+16,5.07355E+16
168064,14,7,13,0,2018,6,17,3,3,3,6,0,1,0,0,0,0,1,0,7.3667E+20,5.69378E+21,1.23986E+16,5.13459E+16
168065,14,5,23,20,2018,6,17,3,2,2,2,0,1,0,0,0,0,1,0,7.44882E+20,5.59983E+21,1.24532E+16,5.04991E+16
168066,14,7,13,0,2018,6,7,3,2,5,7,0,1,1,0,0,0,0,0,7.35004E+20,5.69177E+21,1.23734E+16,5.13286E+16
168067,14,5,24,80,2018,6,14,3,3,5,3,0,1,1,0,0,0,0,0,7.49146E+20,5.63582E+21,1.25374E+16,5.08204E+16
168068,14,7,13,0,2018,6,15,3,3,6,4,0,0,1,1,0,0,0,0,7.32311E+20,5.69131E+21,1.23345E+16,5.13256E+16
168069,14,7,13,0,2018,6,8,3,3,0,7,0,1,0,0,0,0,0,0,7.35292E+20,5.6953E+21,1.23798E+16,5.13602E+16
168070,14,5,24,180,2018,6,15,3,2,6,4,0,0,1,1,0,0,0,0,7.66986E+20,5.6407E+21,1.27937E+16,5.08563E+16
168071,14,7,13,0,2018,6,8,3,3,4,1,0,0,1,0,0,0,0,0,7.37311E+20,5.6932E+21,1.24074E+16,5.13405E+16
168072,14,7,13,0,2018,6,13,3,2,6,6,0,1,0,1,0,0,0,0,7.34928E+20,5.69291E+21,1.23731E+16,5.13389E+16
168073,14,7,13,0,2018,6,16,3,3,6,4,0,0,0,1,0,0,1,0,7.35522E+20,5.69294E+21,1.23816E+16,5.13388E+16
168074,14,7,13,0,2018,6,10,3,3,5,2,0,1,0,0,0,0,1,0,7.35098E+20,5.69397E+21,1.23762E+16,5.13483E+16
168075,14,7,13,0,2018,6,7,3,2,5,3,0,1,0,0,0,0,0,0,7.35194E+20,5.69088E+21,1.23755E+16,5.13205E+16
168076,14,7,30,270,2018,6,15,3,3,0,3,0,0,1,0,1,0,0,0,7.29219E+20,5.70232E+21,1.22973E+16,5.14257E+16
168077,14,7,13,0,2018,6,9,3,3,1,5,0,1,1,0,0,0,0,0,7.32422E+20,5.69617E+21,1.23393E+16,5.13692E+16
168078,14,7,13,0,2018,6,13,3,3,6,6,0,1,0,1,0,0,0,0,7.29125E+20,5.69092E+21,1.22886E+16,5.13234E+16
168079,14,7,30,270,2018,7,17,6,3,6,7,0,0,1,1,0,0,0,0,7.24583E+20,5.70428E+21,1.2232E+16,5.14451E+16
168080,14,6,26,610,2018,7,16,6,3,2,6,0,0,1,0,1,0,0,0,9.0886E+20,5.65333E+21,1.48146E+16,5.08865E+16
168081,14,6,27,190,2018,7,18,6,2,0,1,0,1,0,0,0,0,0,0,8.08431E+20,5.68598E+21,1.34194E+16,5.12416E+16
168082,14,6,28,270,2018,7,15,6,3,5,2,0,1,0,0,0,1,0,0,8.44669E+20,5.65675E+21,1.39089E+16,5.0959E+16
168083,14,6,27,210,2018,7,15,3,2,8,1,0,1,0,0,0,0,0,0,8.25629E+20,5.67291E+21,1.36532E+16,5.1115E+16
168084,14,6,12,0,2018,7,15,6,2,5,2,0,0,1,0,0,0,0,0,8.34101E+20,5.66529E+21,1.37668E+16,5.10418E+16
168085,14,6,12,0,2018,7,21,3,3,1,5,1,1,1,0,0,0,0,0,8.33685E+20,5.66607E+21,1.37616E+16,5.1049E+16
168086,14,6,12,0,2018,7,6,6,3,3,6,0,0,1,0,0,0,0,0,8.34278E+20,5.66856E+21,1.37723E+16,5.1071E+16
168087,14,5,22,360,2018,7,8,6,2,9,7,0,0,1,0,0,0,0,0,7.77015E+20,5.65571E+21,1.29473E+16,5.09862E+16
168088,14,6,12,0,2018,7,8,3,3,2,6,0,1,1,0,0,0,0,0,8.34239E+20,5.66702E+21,1.37703E+16,5.10572E+16
168089,14,5,22,50,2018,7,22,6,2,6,2,2,0,1,1,0,0,0,0,8.03995E+20,5.64313E+21,1.33201E+16,5.08598E+16
168090,14,5,11,0,2018,7,17,6,2,0,7,0,0,1,0,0,0,1,0,7.72046E+20,5.63504E+21,1.28612E+16,5.08031E+16
168091,14,6,12,0,2018,7,16,3,3,5,3,0,1,1,0,0,0,0,0,8.36478E+20,5.66156E+21,1.37971E+16,5.1007E+16
168092,14,5,11,0,2018,7,15,6,3,0,7,0,0,0,0,1,0,0,0,7.78002E+20,5.63948E+21,1.29489E+16,5.08401E+16
168093,14,5,22,140,2018,7,20,3,2,8,1,0,0,1,0,0,0,0,0,7.86596E+20,5.64112E+21,1.3072E+16,5.08506E+16
168094,14,7,29,40,2018,7,12,5,3,0,6,0,1,0,0,0,0,0,0,7.36495E+20,5.67761E+21,1.23854E+16,5.12009E+16
168095,14,5,21,150,2018,7,19,3,3,4,6,0,0,1,0,1,0,0,0,7.84214E+20,5.62486E+21,1.30256E+16,5.0706E+16
168096,14,7,13,0,2018,7,7,5,3,2,6,0,0,1,0,0,0,0,1,7.35122E+20,5.69398E+21,1.23765E+16,5.13484E+16
168097,14,5,21,690,2018,7,15,3,3,6,7,0,0,1,1,0,0,0,0,7.86995E+20,5.62966E+21,1.30687E+16,5.07477E+16
168098,14,5,22,240,2018,7,7,3,3,8,1,0,0,0,0,1,0,0,0,8.11982E+20,5.65615E+21,1.34444E+16,5.09723E+16
168099,14,7,13,0,2018,7,11,5,3,3,6,0,1,1,0,0,0,0,1,7.3452E+20,5.69498E+21,1.23686E+16,5.13576E+16
168100,14,5,21,550,2018,7,19,3,3,0,7,0,0,1,0,0,0,1,0,7.67251E+20,5.60701E+21,1.27731E+16,5.05538E+16
168101,14,7,13,0,2018,7,7,5,3,5,3,0,1,1,0,0,0,0,0,7.35102E+20,5.69706E+21,1.23783E+16,5.13761E+16
168102,14,5,11,0,2018,7,11,3,3,5,3,0,0,1,0,0,0,1,0,7.73974E+20,5.63879E+21,1.28914E+16,5.08359E+16
168103,14,6,26,290,2018,7,17,5,3,9,1,0,0,1,0,0,0,0,1,8.95354E+20,5.67739E+21,1.46497E+16,5.11113E+16
168104,14,6,26,600,2018,7,11,5,2,5,3,0,0,1,0,0,0,0,1,8.90595E+20,5.72023E+21,1.46289E+16,5.14979E+16
168105,14,5,11,0,2018,7,22,3,3,5,3,2,0,1,0,1,0,0,0,7.67712E+20,5.63589E+21,1.28005E+16,5.08127E+16
168106,14,6,12,0,2018,7,13,5,3,2,6,0,0,1,0,0,0,0,0,8.36616E+20,5.66396E+21,1.38013E+16,5.10284E+16
168107,14,5,11,0,2018,7,16,3,3,6,4,0,1,0,1,0,0,0,0,7.74557E+20,5.63918E+21,1.28999E+16,5.0839E+16
168108,14,6,12,0,2018,7,7,5,3,5,3,0,1,1,0,0,0,0,0,8.42286E+20,5.66744E+21,1.38851E+16,5.10562E+16
168109,14,5,11,0,2018,7,8,3,3,6,7,0,0,1,1,0,0,0,0,7.78245E+20,5.64364E+21,1.29555E+16,5.08773E+16
168110,14,5,11,0,2018,7,19,3,3,5,3,0,0,1,0,0,0,0,0,7.78456E+20,5.63886E+21,1.29549E+16,5.08344E+16
168111,14,5,23,320,2018,7,14,2,2,0,7,0,0,0,1,1,0,0,0,7.2184E+20,5.60047E+21,1.21292E+16,5.05141E+16
168112,14,6,12,0,2018,7,8,5,3,6,4,0,1,0,1,0,0,0,1,8.32772E+20,5.66785E+21,1.37502E+16,5.10655E+16
168113,14,7,30,70,2018,7,18,2,3,3,5,0,1,1,0,0,0,1,0,7.31918E+20,5.71361E+21,1.23435E+16,5.15259E+16
168114,14,5,22,480,2018,7,14,5,2,8,1,0,0,1,0,0,0,0,1,8.06615E+20,5.6631E+21,1.3374E+16,5.10375E+16
168115,14,7,13,0,2018,7,10,2,3,2,6,0,0,1,0,0,0,0,0,7.3526E+20,5.69521E+21,1.23793E+16,5.13594E+16
168116,14,5,21,320,2018,7,10,5,3,8,7,0,0,1,0,0,0,0,1,7.64852E+20,5.59243E+21,1.2729E+16,5.0424E+16
168117,14,5,11,0,2018,7,10,5,3,5,3,0,1,1,0,0,0,0,1,7.70772E+20,5.63699E+21,1.28447E+16,5.08212E+16