OBJECTID_1,ULAND,UREGBEZ,UKREIS,UGEMEINDE,UJAHR,UMONAT,USTUNDE,UWOCHENTAG,UKATEGORIE,UART,UTYP1,ULICHTVERH,IstRad,IstPKW,IstFuss,IstKrad,IstGkfz,IstSonstig,STRZUSTAND,LINREFX,LINREFY,XGCSWGS84,YGCSWGS84
168118,14,7,13,0,2018,7,9,2,3,3,2,0,1,1,0,0,0,0,0,7.35588E+20,5.69224E+21,1.23821E+16,5.13326E+16
168119,14,5,23,320,2018,7,16,4,3,3,3,0,1,1,0,0,0,0,0,7.2476E+20,5.59809E+21,1.21689E+16,5.04916E+16
168120,14,7,13,0,2018,7,18,2,3,4,2,0,1,1,0,0,0,0,0,7.37663E+20,5.69258E+21,1.2412E+16,5.13348E+16
168121,14,7,13,0,2018,7,5,2,3,5,3,0,1,1,0,0,0,0,0,7.36686E+20,5.69715E+21,1.24011E+16,5.13762E+16
168122,14,7,30,50,2018,7,15,4,3,0,6,0,0,1,0,0,0,1,0,7.89214E+20,5.70077E+21,1.31569E+16,5.13843E+16
168123,14,7,13,0,2018,7,11,2,3,0,4,0,0,0,1,0,0,1,0,7.33774E+20,5.69567E+21,1.23583E+16,5.13641E+16
168124,14,7,13,0,2018,7,5,4,3,2,6,0,1,1,0,0,0,0,0,7.35757E+20,5.69331E+21,1.23852E+16,5.13421E+16
168125,14,7,13,0,2018,7,0,4,2,0,1,2,0,0,0,1,0,0,0,7.39737E+20,5.69227E+21,1.24415E+16,5.13311E+16
168126,14,7,13,0,2018,7,8,4,2,3,6,0,0,1,0,1,0,0,0,7.3975E+20,5.69273E+21,1.2442E+16,5.13352E+16
168127,14,7,13,0,2018,7,10,2,1,6,4,0,0,1,1,0,0,0,0,7.31217E+20,5.69195E+21,1.23192E+16,5.13317E+16
168128,14,7,29,300,2018,7,13,4,3,5,3,0,0,1,0,1,0,0,0,7.50721E+20,5.68619E+21,1.25946E+16,5.12718E+16
168129,14,6,25,240,2018,7,9,2,3,5,3,0,1,1,0,0,0,0,0,8.64556E+20,5.71169E+21,1.42466E+16,5.14388E+16
168130,14,6,25,600,2018,7,6,4,2,0,1,0,1,0,0,0,0,0,0,8.41636E+20,5.67825E+21,1.38861E+16,5.11535E+16
168131,14,6,25,40,2018,7,8,2,2,1,5,0,0,1,0,1,0,0,0,8.63186E+20,5.67793E+21,1.41927E+16,5.11374E+16
168132,14,6,27,240,2018,7,18,4,3,9,1,0,0,1,0,0,0,0,1,8.14612E+20,5.70304E+21,1.35228E+16,5.13911E+16
168133,14,6,26,560,2018,7,13,2,2,4,6,0,0,1,0,1,0,0,0,8.85793E+20,5.72325E+21,1.45634E+16,5.15282E+16
168134,14,6,12,0,2018,7,14,4,3,0,1,0,1,1,0,0,0,0,0,8.2879E+20,5.66592E+21,1.36918E+16,5.10505E+16
168135,14,6,12,0,2018,7,15,4,2,0,1,0,1,0,0,0,0,0,0,8.35701E+20,5.6625E+21,1.37869E+16,5.10158E+16
168136,14,6,27,270,2018,7,16,2,3,0,7,0,0,0,0,1,0,0,0,7.93968E+20,5.7E+21,1.32244E+16,5.1375E+16
168137,14,6,12,0,2018,7,15,4,3,5,3,0,1,1,0,0,0,0,0,8.30799E+20,5.66469E+21,1.37193E+16,5.10383E+16
168138,14,6,27,150,2018,7,15,2,2,4,6,0,1,0,0,0,0,1,0,8.23458E+20,5.68082E+21,1.36294E+16,5.11871E+16
168139,14,6,27,60,2018,7,14,2,3,0,7,0,1,0,0,0,0,0,0,8.15402E+20,5.69196E+21,1.35243E+16,5.12914E+16
168140,14,6,12,0,2018,7,16,4,2,1,5,0,1,1,0,0,0,0,1,8.30276E+20,5.66693E+21,1.37139E+16,5.10587E+16
168141,14,6,27,60,2018,7,12,2,3,5,3,0,1,1,0,0,0,0,0,8.14137E+20,5.69229E+21,1.35065E+16,5.12951E+16
168142,14,5,11,0,2018,7,10,4,3,6,4,0,0,1,1,0,0,0,0,7.73513E+20,5.63544E+21,1.28823E+16,5.0806E+16
168143,14,6,12,0,2018,7,11,2,3,5,3,0,0,1,0,0,0,0,0,8.296E+20,5.66441E+21,1.3702E+16,5.10365E+16
168144,14,5,23,410,2018,7,15,3,2,8,1,0,1,0,0,0,0,0,1,7.29524E+20,5.59434E+21,1.22337E+16,5.04561E+16
168145,14,6,12,0,2018,7,7,2,3,6,4,0,0,1,1,0,0,0,0,8.33046E+20,5.66756E+21,1.37539E+16,5.10627E+16
168146,14,7,30,70,2018,7,13,3,3,3,2,0,1,1,0,0,0,0,0,7.31846E+20,5.7138E+21,1.23426E+16,5.15276E+16
168147,14,7,13,0,2018,7,18,3,3,5,3,0,1,0,0,0,0,0,0,7.35706E+20,5.69092E+21,1.23829E+16,5.13206E+16
168148,14,6,12,0,2018,7,16,2,3,5,3,0,1,1,0,0,0,0,0,8.35139E+20,5.66415E+21,1.37805E+16,5.1031E+16
168149,14,7,13,0,2018,7,9,3,3,4,2,0,0,1,0,0,0,0,0,7.27784E+20,5.68914E+21,1.22683E+16,5.13079E+16
168150,14,7,13,0,2018,7,19,3,3,3,6,0,0,1,0,0,0,1,0,7.32799E+20,5.69054E+21,1.2341E+16,5.13184E+16
168151,14,6,12,0,2018,7,17,2,3,4,6,0,1,0,0,0,0,0,0,8.3431E+20,5.66568E+21,1.37701E+16,5.10451E+16
168152,14,7,13,0,2018,7,17,3,3,5,3,0,0,1,0,0,0,0,0,7.4084E+20,5.68837E+21,1.24547E+16,5.12956E+16
168153,14,6,12,0,2018,7,17,2,2,0,3,0,1,1,0,0,0,0,0,8.33665E+20,5.66639E+21,1.37616E+16,5.10519E+16
168154,14,6,12,0,2018,7,12,2,3,0,1,0,1,0,0,0,0,0,0,8.34494E+20,5.66583E+21,1.37729E+16,5.10464E+16
168155,14,5,21,270,2018,7,17,2,2,0,6,0,1,1,0,0,0,0,0,7.93559E+20,5.63233E+21,1.31636E+16,5.07683E+16
168156,14,7,13,0,2018,7,14,3,3,2,6,0,1,0,0,0,0,1,0,7.39796E+20,5.69515E+21,1.24443E+16,5.13569E+16
168157,14,5,11,0,2018,7,9,2,3,5,3,0,1,1,0,0,0,0,0,7.73785E+20,5.6329E+21,1.28843E+16,5.07831E+16
168158,14,7,13,0,2018,7,11,3,3,5,3,0,1,1,0,0,0,0,1,7.38137E+20,5.69052E+21,1.24174E+16,5.13161E+16
168159,14,5,11,0,2018,7,16,2,2,5,3,0,0,1,0,0,0,0,0,7.74213E+20,5.63485E+21,1.28918E+16,5.08004E+16
168160,14,6,26,610,2018,7,14,3,3,1,5,0,1,1,0,0,0,0,0,9.07909E+20,5.65469E+21,1.48027E+16,5.08994E+16
168161,14,6,25,480,2018,7,19,3,3,0,7,0,1,0,0,0,0,0,0,8.44273E+20,5.67363E+21,1.39193E+16,5.11105E+16
168162,14,5,11,0,2018,7,14,2,3,0,3,0,1,1,0,0,0,0,0,7.74222E+20,5.63653E+21,1.28932E+16,5.08154E+16
168163,14,6,12,0,2018,7,0,3,3,1,5,2,0,1,0,0,0,0,0,8.2941E+20,5.66395E+21,1.36989E+16,5.10324E+16
168164,14,5,24,330,2018,7,19,1,2,0,1,0,1,0,0,0,0,0,0,7.47839E+20,5.62592E+21,1.25123E+16,5.07321E+16
168165,14,6,12,0,2018,7,20,3,3,6,7,0,0,1,1,0,0,0,0,8.32601E+20,5.66315E+21,1.37435E+16,5.10235E+16
168166,14,6,12,0,2018,7,9,3,3,0,1,0,1,0,0,0,0,0,1,8.32463E+20,5.66316E+21,1.37415E+16,5.10236E+16
168167,14,5,24,30,2018,7,18,1,3,3,6,0,1,1,0,0,0,0,0,7.40038E+20,5.6353E+21,1.2408E+16,5.08196E+16
168168,14,6,12,0,2018,7,10,3,2,5,3,0,0,1,0,0,0,0,1,8.3388E+20,5.66723E+21,1.37654E+16,5.10593E+16
168169,14,5,24,230,2018,7,0,1,3,8,1,2,1,0,0,0,0,0,0,7.62892E+20,5.63279E+21,1.273E+16,5.07872E+16
168170,14,5,23,120,2018,7,10,1,3,0,7,0,1,0,1,0,0,0,0,7.32786E+20,5.59739E+21,1.22814E+16,5.04822E+16
168171,14,7,13,0,2018,7,12,1,3,5,3,0,0,1,0,0,0,0,0,7.33892E+20,5.69335E+21,1.23585E+16,5.13432E+16
168172,14,5,21,670,2018,7,15,3,3,6,6,0,0,1,1,0,0,0,0,7.91017E+20,5.62173E+21,1.31193E+16,5.06745E+16
168173,14,7,13,0,2018,7,19,1,2,4,2,0,1,1,0,0,0,0,0,7.32308E+20,5.69062E+21,1.2334E+16,5.13193E+16
168174,14,5,11,0,2018,7,17,3,3,6,7,0,0,1,1,0,0,0,0,7.7203E+20,5.64163E+21,1.28659E+16,5.08622E+16
168175,14,7,13,0,2018,7,18,1,2,5,3,0,1,1,0,0,0,0,0,7.34874E+20,5.69449E+21,1.23733E+16,5.13531E+16
168176,14,5,24,10,2018,7,15,2,2,4,1,0,0,0,0,1,0,0,0,7.58547E+20,5.63015E+21,1.26666E+16,5.07654E+16
168177,14,7,13,0,2018,7,10,3,3,5,3,0,0,1,0,0,0,1,0,7.34477E+20,5.69308E+21,1.23667E+16,5.13406E+16
168178,14,7,13,0,2018,7,13,1,3,0,3,0,1,0,0,0,0,0,0,7.37459E+20,5.69306E+21,1.24094E+16,5.13392E+16
168179,14,7,13,0,2018,7,18,2,3,2,2,0,0,1,0,0,0,0,0,7.35322E+20,5.6926E+21,1.23785E+16,5.13359E+16
168180,14,7,13,0,2018,7,4,1,3,8,1,2,0,1,0,0,0,0,0,7.33708E+20,5.69245E+21,1.23553E+16,5.13352E+16
168181,14,7,13,0,2018,7,22,2,3,0,7,2,1,0,0,0,0,0,0,7.36481E+20,5.69301E+21,1.23954E+16,5.13391E+16
168182,14,6,28,270,2018,7,14,1,3,5,3,0,1,1,0,0,0,0,0,8.445E+20,5.66135E+21,1.39108E+16,5.10004E+16
168183,14,6,27,180,2018,7,19,1,2,0,1,0,1,0,0,0,0,0,0,8.01251E+20,5.66452E+21,1.32989E+16,5.10531E+16
168184,14,7,13,0,2018,7,6,2,3,6,4,0,0,1,1,0,0,0,0,7.27315E+20,5.69326E+21,1.22642E+16,5.13451E+16
168185,14,6,27,210,2018,7,19,1,2,8,1,0,1,0,0,0,0,0,0,8.23676E+20,5.6716E+21,1.36242E+16,5.11043E+16
168186,14,7,13,0,2018,7,13,2,2,6,4,0,1,0,1,0,0,0,0,7.35673E+20,5.69617E+21,1.23859E+16,5.13678E+16
168187,14,6,12,0,2018,7,19,1,3,8,1,0,1,0,0,0,0,0,0,8.28476E+20,5.66657E+21,1.3688E+16,5.10565E+16
168188,14,7,13,0,2018,7,7,2,3,6,4,0,1,0,1,0,0,0,0,7.35973E+20,5.69288E+21,1.2388E+16,5.13382E+16
168189,14,7,13,0,2018,7,19,3,3,5,3,0,1,1,0,0,0,0,0,7.36421E+20,5.6912E+21,1.23933E+16,5.13229E+16
168190,14,6,12,0,2018,7,18,1,2,5,2,0,1,1,0,0,0,0,0,8.32614E+20,5.66854E+21,1.37486E+16,5.10717E+16
168191,14,7,13,0,2018,7,19,2,3,5,3,0,1,1,0,0,0,0,0,7.34818E+20,5.6941E+21,1.23723E+16,5.13496E+16
168192,14,5,21,550,2018,7,0,1,3,6,7,2,0,1,1,0,0,0,0,7.68045E+20,5.60596E+21,1.27835E+16,5.0544E+16
168193,14,7,13,0,2018,7,5,2,3,5,3,0,1,1,0,0,0,0,0,7.2959E+20,5.69473E+21,1.22977E+16,5.13574E+16
168194,14,5,23,430,2018,6,16,7,2,0,1,0,1,0,0,0,0,0,0,7.36175E+20,5.60227E+21,1.23322E+16,5.05247E+16
168195,14,7,13,0,2018,7,14,2,3,6,7,0,0,0,1,1,0,0,0,7.3739E+20,5.69159E+21,1.24075E+16,5.1326E+16
168196,14,7,30,20,2018,7,9,2,2,0,7,0,1,0,1,0,0,0,0,7.48823E+20,5.72242E+21,1.25929E+16,5.15978E+16
168197,14,7,29,270,2018,7,18,3,3,6,7,0,0,1,1,0,0,0,0,7.26414E+20,5.68661E+21,1.2247E+16,5.12857E+16
168198,14,5,23,170,2018,6,13,7,2,6,4,0,1,0,1,0,0,0,0,7.369E+20,5.60941E+21,1.2347E+16,5.05884E+16
168199,14,6,25,480,2018,7,8,2,2,5,3,0,1,1,0,0,0,0,0,8.4399E+20,5.67293E+21,1.39146E+16,5.11044E+16
168200,14,5,24,230,2018,6,16,7,2,6,7,0,0,1,1,0,0,0,0,7.62237E+20,5.63232E+21,1.27204E+16,5.07832E+16
168201,14,6,25,20,2018,7,14,2,3,4,2,0,1,1,0,0,0,0,0,8.79387E+20,5.68352E+21,1.44291E+16,5.11769E+16
168202,14,6,25,480,2018,7,11,2,1,8,1,0,0,1,0,0,0,0,0,8.44293E+20,5.67039E+21,1.39165E+16,5.10815E+16
168203,14,7,13,0,2018,7,12,3,3,5,7,0,1,1,0,0,0,0,0,7.3216E+20,5.69271E+21,1.23332E+16,5.13382E+16
168204,14,7,30,70,2018,6,17,7,3,0,2,0,1,1,0,0,0,0,0,7.30402E+20,5.71446E+21,1.23222E+16,5.15341E+16
168205,14,6,12,0,2018,7,13,2,3,5,3,0,1,1,0,0,0,0,0,8.31365E+20,5.66417E+21,1.37268E+16,5.10333E+16
168206,14,7,13,0,2018,6,11,7,3,5,3,0,0,1,0,0,0,0,0,7.36573E+20,5.69717E+21,1.23995E+16,5.13764E+16
168207,14,6,12,0,2018,7,16,2,3,6,2,0,0,1,1,0,0,0,0,8.34716E+20,5.66438E+21,1.37747E+16,5.10332E+16
168208,14,6,12,0,2018,7,16,2,2,5,3,0,1,1,0,0,0,0,0,8.39386E+20,5.66162E+21,1.38385E+16,5.10058E+16
168209,14,7,13,0,2018,6,5,7,3,0,7,1,0,1,0,0,0,0,0,7.29177E+20,5.70057E+21,1.22956E+16,5.141E+16
168210,14,6,12,0,2018,7,11,2,3,0,1,0,1,0,0,0,0,0,0,8.32468E+20,5.66316E+21,1.37416E+16,5.10236E+16
168211,14,7,29,80,2018,7,1,1,2,0,1,2,1,0,0,0,0,0,0,7.68906E+20,5.66885E+21,1.28418E+16,5.1108E+16
168212,14,7,13,0,2018,7,16,3,3,5,3,0,1,0,0,0,1,0,0,7.30511E+20,5.68972E+21,1.23077E+16,5.1312E+16
168213,14,7,13,0,2018,6,21,7,3,3,6,1,0,1,0,0,0,0,0,7.37119E+20,5.69804E+21,1.24079E+16,5.1384E+16
168214,14,7,29,410,2018,7,16,1,3,1,5,0,1,1,0,0,0,0,0,7.59744E+20,5.69806E+21,1.27323E+16,5.13743E+16
168215,14,6,25,20,2018,6,13,7,3,0,1,0,0,0,0,1,0,0,0,8.81464E+20,5.68334E+21,1.44585E+16,5.11739E+16
168216,14,7,13,0,2018,7,6,3,3,3,6,0,0,1,0,0,1,0,0,7.32967E+20,5.69059E+21,1.23434E+16,5.13188E+16
168217,14,6,28,270,2018,6,16,7,3,6,7,0,0,1,0,0,0,1,0,8.47006E+20,5.65731E+21,1.39425E+16,5.09627E+16
168218,14,6,28,270,2018,6,17,7,3,1,7,0,0,1,0,0,0,0,0,8.45247E+20,5.65781E+21,1.39181E+16,5.09682E+16
168219,14,7,13,0,2018,7,14,1,3,5,3,0,1,1,0,0,0,0,0,7.36794E+20,5.69333E+21,1.24001E+16,5.13419E+16
168220,14,6,28,270,2018,6,10,7,3,1,7,0,0,1,0,0,0,0,0,8.47538E+20,5.65457E+21,1.39475E+16,5.09378E+16
168221,14,7,13,0,2018,7,17,1,3,5,3,0,0,1,0,0,0,0,0,7.40252E+20,5.69477E+21,1.24506E+16,5.13533E+16
168222,14,6,27,10,2018,6,4,7,3,8,1,1,0,1,0,0,0,0,0,8.19351E+20,5.67477E+21,1.35654E+16,5.11351E+16
168223,14,6,12,0,2018,6,22,7,3,6,4,2,0,1,1,0,0,0,0,8.32354E+20,5.66859E+21,1.3745E+16,5.10724E+16
168224,14,7,13,0,2018,7,19,1,2,0,7,0,0,1,0,1,0,0,0,7.35805E+20,5.69262E+21,1.23854E+16,5.13359E+16
168225,14,5,22,150,2018,6,11,7,3,5,3,0,0,1,0,1,0,0,0,7.83857E+20,5.64792E+21,1.30384E+16,5.0913E+16
168226,14,7,13,0,2018,7,4,1,3,8,1,2,0,0,0,0,0,1,0,7.32044E+20,5.69048E+21,1.23301E+16,5.13182E+16
168227,14,7,13,0,2018,7,11,1,3,5,3,0,0,1,0,0,0,1,0,7.32688E+20,5.69186E+21,1.23403E+16,5.13304E+16
168228,14,5,22,570,2018,6,10,7,3,4,6,0,0,1,0,0,0,0,0,7.80922E+20,5.66416E+21,1.30093E+16,5.10601E+16
168229,14,6,28,410,2018,7,17,1,3,0,1,0,1,0,0,0,0,0,0,8.21248E+20,5.66343E+21,1.35824E+16,5.10324E+16
168230,14,5,23,320,2018,7,9,7,2,2,6,0,1,1,0,0,0,0,0,7.21799E+20,5.59866E+21,1.21276E+16,5.04978E+16
168231,14,7,13,0,2018,7,8,3,3,5,2,0,1,1,0,0,0,0,0,7.38163E+20,5.68997E+21,1.24174E+16,5.13111E+16
168232,14,5,11,0,2018,6,17,7,3,3,2,0,0,1,0,1,0,0,0,7.76675E+20,5.63834E+21,1.29293E+16,5.08305E+16
168233,14,5,24,80,2018,7,12,7,2,6,4,0,0,1,1,0,0,0,0,7.49928E+20,5.63495E+21,1.25479E+16,5.08122E+16
168234,14,5,11,0,2018,6,16,7,2,0,7,0,0,0,0,0,0,1,0,7.76153E+20,5.6385E+21,1.2922E+16,5.08322E+16
168235,14,5,23,300,2018,6,15,6,3,2,6,0,1,1,0,0,0,0,0,7.25681E+20,5.59109E+21,1.21776E+16,5.04284E+16
168236,14,7,13,0,2018,7,19,7,3,9,1,0,0,0,0,1,0,0,0,7.30907E+20,5.69177E+21,1.23147E+16,5.13303E+16
168237,14,7,30,70,2018,6,18,6,3,1,6,0,0,1,0,0,0,0,0,7.31765E+20,5.71399E+21,1.23415E+16,5.15294E+16
168238,14,7,13,0,2018,7,0,7,2,8,1,2,0,0,0,1,0,0,0,7.3076E+20,5.69629E+21,1.23155E+16,5.13709E+16
168239,14,7,29,400,2018,6,19,6,2,0,1,0,0,1,0,0,0,0,0,7.62421E+20,5.68793E+21,1.27633E+16,5.12821E+16
168240,14,7,30,270,2018,7,15,7,3,4,6,0,1,0,0,0,0,0,0,7.2389E+20,5.69896E+21,1.22187E+16,5.13976E+16
168241,14,7,29,320,2018,6,6,6,3,3,6,0,1,1,0,0,0,0,0,7.34112E+20,5.6763E+21,1.23505E+16,5.11901E+16
168242,14,7,13,0,2018,7,13,7,3,1,5,0,0,1,0,0,0,1,0,7.40335E+20,5.69761E+21,1.24537E+16,5.13787E+16
168243,14,7,13,0,2018,7,18,7,3,2,6,0,0,1,0,0,0,0,0,7.40108E+20,5.68788E+21,1.24439E+16,5.12915E+16
168244,14,7,29,260,2018,7,17,3,3,5,3,0,1,1,0,0,0,0,0,7.34565E+20,5.6867E+21,1.23638E+16,5.12832E+16
168245,14,7,13,0,2018,6,9,6,3,5,2,0,1,0,0,1,0,0,0,7.35009E+20,5.69214E+21,1.23737E+16,5.13319E+16
168246,14,7,29,320,2018,7,12,7,2,9,1,0,0,1,0,0,0,0,0,7.36304E+20,5.67314E+21,1.23797E+16,5.11608E+16
168247,14,7,13,0,2018,6,20,6,3,1,1,0,0,1,0,0,0,0,0,7.30483E+20,5.69066E+21,1.23079E+16,5.13205E+16
168248,14,7,13,0,2018,6,14,6,3,5,3,0,1,1,0,0,0,0,0,7.37786E+20,5.69145E+21,1.2413E+16,5.13245E+16
168249,14,7,13,0,2018,7,17,7,2,6,4,0,1,0,1,0,0,0,0,7.3587E+20,5.68885E+21,1.23839E+16,5.1302E+16
168250,14,7,13,0,2018,6,10,6,3,5,3,0,0,1,0,0,0,0,0,7.34807E+20,5.69236E+21,1.2371E+16,5.1334E+16
168251,14,6,12,0,2018,7,11,7,3,5,2,0,0,1,0,1,0,0,0,8.32524E+20,5.6645E+21,1.37436E+16,5.10356E+16
168252,14,7,29,260,2018,6,16,6,2,0,7,0,0,1,0,0,0,0,0,7.35013E+20,5.68666E+21,1.23701E+16,5.12827E+16
168253,14,6,12,0,2018,7,23,7,3,0,1,2,1,0,0,0,0,0,0,8.32084E+20,5.66591E+21,1.37387E+16,5.10485E+16
168254,14,7,30,300,2018,7,18,3,2,9,1,0,0,1,0,0,0,0,0,7.42302E+20,5.69887E+21,1.24828E+16,5.13892E+16
168255,14,7,30,270,2018,6,12,6,3,0,7,0,0,0,0,1,0,1,1,7.2967E+20,5.70147E+21,1.23032E+16,5.14178E+16
168256,14,6,12,0,2018,7,10,7,3,5,3,0,1,1,0,0,0,0,0,8.35443E+20,5.66473E+21,1.37853E+16,5.10359E+16
168257,14,7,13,0,2018,6,11,6,3,1,1,0,1,1,0,0,0,0,0,7.34061E+20,5.69521E+21,1.23621E+16,5.13598E+16
168258,14,6,12,0,2018,7,9,7,3,5,3,0,1,1,0,0,0,0,0,8.32613E+20,5.66649E+21,1.37467E+16,5.10534E+16
168259,14,7,13,0,2018,7,9,3,3,6,2,0,0,1,1,0,0,0,0,7.32487E+20,5.69638E+21,1.23403E+16,5.1371E+16
168260,14,7,13,0,2018,6,10,6,3,5,3,0,1,1,0,0,0,0,0,7.42017E+20,5.694E+21,1.24754E+16,5.13456E+16
168261,14,5,21,320,2018,7,20,7,2,9,1,0,0,1,0,0,0,0,0,7.63441E+20,5.59321E+21,1.27097E+16,5.04317E+16
168262,14,7,13,0,2018,6,17,6,2,5,3,0,0,1,0,0,0,0,0,7.35622E+20,5.68934E+21,1.23806E+16,5.13066E+16
168263,14,5,11,0,2018,7,19,7,2,0,5,0,1,0,0,0,0,1,0,7.74801E+20,5.63635E+21,1.29012E+16,5.08136E+16
168264,14,7,13,0,2018,6,11,6,3,3,5,0,0,1,0,0,0,0,0,7.35136E+20,5.69238E+21,1.23757E+16,5.1334E+16
168265,14,5,11,0,2018,7,5,7,3,5,3,0,0,1,0,0,0,0,0,7.77559E+20,5.63961E+21,1.29428E+16,5.08415E+16
168266,14,7,13,0,2018,7,8,3,3,3,2,0,1,1,0,0,0,0,0,7.37268E+20,5.6944E+21,1.24076E+16,5.13513E+16
168267,14,7,29,50,2018,6,15,6,2,8,1,0,0,0,0,0,0,1,0,7.46081E+20,5.66935E+21,1.25167E+16,5.11227E+16
168268,14,5,11,0,2018,7,15,7,2,0,4,0,0,1,1,0,0,0,0,7.76498E+20,5.63778E+21,1.29263E+16,5.08256E+16
168269,14,7,13,0,2018,7,15,3,2,2,6,0,0,1,0,1,0,0,0,7.36644E+20,5.69571E+21,1.23995E+16,5.13633E+16
168270,14,6,26,600,2018,6,7,6,2,3,2,0,1,1,0,0,0,0,0,8.9032E+20,5.72125E+21,1.46261E+16,5.15072E+16
168271,14,5,11,0,2018,7,12,7,3,5,2,0,1,1,0,0,0,0,0,7.77016E+20,5.63925E+21,1.29348E+16,5.08385E+16
168272,14,6,25,480,2018,6,17,6,3,2,6,0,1,1,0,0,0,0,0,8.43939E+20,5.67245E+21,1.39134E+16,5.11001E+16
168273,14,5,11,0,2018,7,8,7,3,2,2,0,0,1,0,0,0,0,0,7.78106E+20,5.63535E+21,1.29473E+16,5.0803E+16
168274,14,7,13,0,2018,7,20,6,3,3,6,0,0,1,0,0,0,1,0,7.3636E+20,5.69378E+21,1.23942E+16,5.13461E+16
168275,14,6,27,50,2018,6,19,6,3,5,3,0,1,1,0,0,0,0,0,8.09543E+20,5.7049E+21,1.34518E+16,5.14107E+16
168276,14,7,13,0,2018,7,18,6,3,3,3,0,0,1,0,1,0,0,0,7.37315E+20,5.6932E+21,1.24075E+16,5.13405E+16
168277,14,7,13,0,2018,7,7,6,3,6,4,0,0,1,1,0,0,0,0,7.33996E+20,5.69541E+21,1.23613E+16,5.13617E+16
168278,14,7,13,0,2018,7,16,3,3,5,3,0,0,1,0,0,0,0,0,7.31981E+20,5.69098E+21,1.23296E+16,5.13227E+16
168279,14,6,26,400,2018,7,11,6,2,5,3,0,1,1,0,0,0,0,0,9.05052E+20,5.65105E+21,1.47582E+16,5.08688E+16
168280,14,6,25,330,2018,7,19,6,2,0,1,2,0,1,0,0,0,0,0,8.75294E+20,5.71045E+21,1.43991E+16,5.14207E+16
168281,14,6,28,160,2018,6,13,6,3,0,1,0,1,0,0,0,0,0,0,8.41558E+20,5.65753E+21,1.38655E+16,5.09679E+16
168282,14,6,25,20,2018,7,19,6,3,3,2,0,1,1,0,0,0,0,0,8.80411E+20,5.68497E+21,1.44452E+16,5.11892E+16
168283,14,6,28,270,2018,7,18,6,3,1,5,0,1,1,0,0,0,0,0,8.46401E+20,5.65598E+21,1.39327E+16,5.09511E+16
168284,14,7,13,0,2018,7,16,3,3,0,6,0,1,0,0,0,0,0,0,7.32439E+20,5.69206E+21,1.23368E+16,5.13322E+16
168285,14,6,12,0,2018,6,11,6,3,1,5,0,0,1,0,1,0,0,0,8.338E+20,5.66366E+21,1.3761E+16,5.10274E+16
168286,14,6,12,0,2018,7,11,6,3,5,3,0,0,1,0,1,0,0,0,8.27411E+20,5.66739E+21,1.36736E+16,5.10644E+16
168287,14,6,12,0,2018,6,7,6,3,2,6,0,0,1,0,0,0,0,0,8.35808E+20,5.66674E+21,1.37924E+16,5.10538E+16
168288,14,7,13,0,2018,7,18,3,3,5,3,0,1,1,0,0,0,0,0,7.34084E+20,5.69513E+21,1.23624E+16,5.13591E+16
168289,14,6,12,0,2018,6,7,6,3,5,3,0,0,1,0,0,0,0,0,8.33094E+20,5.66647E+21,1.37535E+16,5.10529E+16
168290,14,6,12,0,2018,6,18,6,3,0,7,0,0,1,0,1,0,0,0,8.35408E+20,5.66742E+21,1.37873E+16,5.10601E+16
168291,14,6,12,0,2018,7,8,6,3,5,3,0,0,1,0,1,0,0,0,8.39469E+20,5.66753E+21,1.38452E+16,5.10587E+16
168292,14,6,12,0,2018,6,11,6,2,0,1,0,1,0,0,0,0,0,0,8.32948E+20,5.6643E+21,1.37495E+16,5.10336E+16
168293,14,5,22,360,2018,7,7,6,3,0,3,0,0,1,0,1,0,0,0,7.78812E+20,5.65541E+21,1.29726E+16,5.09827E+16
168294,14,6,12,0,2018,6,8,6,2,1,7,0,0,1,0,0,0,0,0,8.34285E+20,5.66726E+21,1.37712E+16,5.10594E+16
168295,14,5,21,20,2018,7,16,6,2,0,6,0,1,0,1,0,0,0,0,7.84388E+20,5.60944E+21,1.30163E+16,5.05676E+16
168296,14,5,23,320,2018,7,16,5,3,6,7,0,1,0,1,0,0,0,1,7.22674E+20,5.59826E+21,1.21396E+16,5.04939E+16
168297,14,7,13,0,2018,7,6,3,2,3,2,0,0,1,0,0,0,1,0,7.36731E+20,5.68906E+21,1.23963E+16,5.13035E+16
168298,14,5,21,550,2018,6,20,6,2,2,2,1,1,1,0,0,0,0,0,7.67564E+20,5.60581E+21,1.27766E+16,5.05429E+16
168299,14,5,24,130,2018,7,20,5,3,4,1,0,0,1,0,1,0,0,0,7.48737E+20,5.61348E+21,1.25166E+16,5.06201E+16
168300,14,5,21,410,2018,6,16,6,3,5,3,0,0,1,0,1,0,0,0,7.7152E+20,5.63289E+21,1.28522E+16,5.07841E+16
168301,14,6,26,610,2018,7,10,3,3,7,7,0,1,0,0,0,0,1,0,9.09484E+20,5.65041E+21,1.48202E+16,5.086E+16
168302,14,5,22,60,2018,6,12,6,3,2,6,0,0,1,0,0,0,0,0,7.68233E+20,5.64592E+21,1.28152E+16,5.09026E+16