OBJECTID_1,ULAND,UREGBEZ,UKREIS,UGEMEINDE,UJAHR,UMONAT,USTUNDE,UWOCHENTAG,UKATEGORIE,UART,UTYP1,ULICHTVERH,IstRad,IstPKW,IstFuss,IstKrad,IstGkfz,IstSonstig,STRZUSTAND,LINREFX,LINREFY,XGCSWGS84,YGCSWGS84
168488,14,6,25,240,2018,7,10,7,3,3,2,0,1,1,0,0,0,0,0,8.63609E+20,5.71157E+21,1.42329E+16,5.14384E+16
168489,14,6,12,0,2018,7,17,5,3,5,2,0,1,1,0,0,0,0,0,8.35149E+20,5.66601E+21,1.37823E+16,5.10476E+16
168490,14,5,24,80,2018,8,16,4,3,5,3,0,0,1,0,0,0,0,0,7.49436E+20,5.63503E+21,1.2541E+16,5.08132E+16
168491,14,6,28,270,2018,7,18,7,3,8,1,0,0,0,0,1,0,0,0,8.46097E+20,5.65933E+21,1.39316E+16,5.09813E+16
168492,14,5,11,0,2018,7,8,5,3,5,2,0,1,1,0,0,0,0,0,7.7546E+20,5.63651E+21,1.29107E+16,5.08147E+16
168493,14,6,12,0,2018,7,11,7,3,7,7,0,0,1,0,0,0,0,0,8.30965E+20,5.66252E+21,1.37197E+16,5.10188E+16
168494,14,5,11,0,2018,7,17,5,3,0,3,0,1,1,0,0,0,0,0,7.70664E+20,5.6367E+21,1.28429E+16,5.08187E+16
168495,14,5,22,300,2018,7,15,7,3,6,6,0,1,0,1,0,0,0,0,7.80867E+20,5.66155E+21,1.30065E+16,5.10367E+16
168496,14,5,22,80,2018,7,18,7,3,0,6,0,1,1,0,0,0,0,0,7.87523E+20,5.67392E+21,1.31111E+16,5.11444E+16
168497,14,5,11,0,2018,7,16,5,3,5,3,0,1,1,0,0,0,0,0,7.74476E+20,5.63743E+21,1.28974E+16,5.08234E+16
168498,14,5,23,410,2018,7,7,6,2,4,1,0,1,0,0,0,1,0,0,7.29873E+20,5.59529E+21,1.22391E+16,5.04645E+16
168499,14,5,11,0,2018,7,3,5,2,9,1,2,0,1,0,0,0,0,0,7.67137E+20,5.63577E+21,1.27923E+16,5.08119E+16
168500,14,7,30,250,2018,7,17,6,3,3,2,0,0,1,0,1,0,0,1,7.3411E+20,5.7078E+21,1.23712E+16,5.14728E+16
168501,14,7,13,0,2018,7,16,4,2,3,2,0,1,1,0,0,0,0,0,7.34995E+20,5.69226E+21,1.23736E+16,5.1333E+16
168502,14,5,24,230,2018,8,8,4,3,4,1,0,1,1,0,0,0,0,0,7.60933E+20,5.63212E+21,1.27018E+16,5.07821E+16
168503,14,7,13,0,2018,7,19,6,3,5,3,0,1,1,0,0,0,0,1,7.35823E+20,5.69344E+21,1.23862E+16,5.13433E+16
168504,14,7,13,0,2018,7,14,4,2,5,3,0,1,0,0,0,0,1,0,7.3528E+20,5.69088E+21,1.23768E+16,5.13205E+16
168505,14,7,13,0,2018,7,20,6,3,8,1,1,0,1,0,0,0,0,1,7.45802E+20,5.69231E+21,1.25285E+16,5.13289E+16
168506,14,5,22,240,2018,7,18,2,3,5,3,0,0,1,0,0,0,0,0,8.12039E+20,5.65594E+21,1.3445E+16,5.09704E+16
168507,14,7,13,0,2018,7,9,4,3,4,1,0,0,1,0,0,0,0,0,7.30506E+20,5.69367E+21,1.23102E+16,5.13475E+16
168508,14,7,13,0,2018,7,8,6,3,2,6,0,0,1,0,0,0,1,0,7.31518E+20,5.69159E+21,1.23233E+16,5.13284E+16
168509,14,7,13,0,2018,7,14,4,3,3,4,0,1,1,1,0,0,0,0,7.3546E+20,5.69296E+21,1.23807E+16,5.13391E+16
168510,14,7,30,60,2018,7,19,4,2,1,3,0,1,1,0,0,0,0,0,7.77618E+20,5.69843E+21,1.29888E+16,5.13692E+16
168511,14,7,13,0,2018,8,11,4,3,1,7,0,0,1,0,0,0,0,0,7.37545E+20,5.69195E+21,1.24099E+16,5.13292E+16
168512,14,7,13,0,2018,7,18,6,3,6,4,0,0,1,1,0,0,0,1,7.3754E+20,5.69336E+21,1.24108E+16,5.13418E+16
168513,14,6,26,390,2018,7,22,4,3,0,7,2,1,0,0,0,0,0,0,8.99667E+20,5.66264E+21,1.46948E+16,5.09763E+16
168514,14,7,13,0,2018,7,16,6,2,2,6,0,0,1,0,1,0,0,0,7.35629E+20,5.69594E+21,1.23851E+16,5.13657E+16
168515,14,6,26,600,2018,7,6,4,3,4,6,0,1,0,0,0,0,0,0,8.91381E+20,5.72094E+21,1.4641E+16,5.15037E+16
168516,14,6,28,260,2018,7,15,4,3,9,1,0,0,1,0,0,0,0,0,8.65302E+20,5.66566E+21,1.42104E+16,5.10261E+16
168517,14,7,13,0,2018,8,6,4,2,8,1,0,0,1,0,0,0,0,0,7.33214E+20,5.69392E+21,1.23491E+16,5.13486E+16
168518,14,7,13,0,2018,7,7,6,3,5,2,0,0,1,0,0,0,1,0,7.36858E+20,5.69271E+21,1.24006E+16,5.13362E+16
168519,14,6,28,270,2018,7,15,4,3,4,3,0,1,1,0,0,0,0,0,8.44674E+20,5.65671E+21,1.39089E+16,5.09587E+16
168520,14,6,25,240,2018,7,19,6,3,5,3,0,1,1,0,0,0,0,0,8.66128E+20,5.71225E+21,1.42697E+16,5.14428E+16
168521,14,6,28,370,2018,7,10,4,3,6,7,0,0,1,1,0,0,0,0,8.53515E+20,5.65716E+21,1.40347E+16,5.09574E+16
168522,14,6,12,0,2018,7,19,4,3,0,7,0,1,1,0,0,0,0,0,8.33208E+20,5.6679E+21,1.37565E+16,5.10657E+16
168523,14,6,28,160,2018,7,22,6,3,5,3,2,1,0,0,0,0,0,0,8.41827E+20,5.65885E+21,1.38705E+16,5.09796E+16
168524,14,6,12,0,2018,7,13,4,3,5,3,0,1,1,0,0,0,0,0,8.28454E+20,5.66909E+21,1.36899E+16,5.10791E+16
168525,14,6,12,0,2018,7,6,4,3,5,2,0,1,1,0,0,0,0,0,8.29735E+20,5.67035E+21,1.37093E+16,5.10896E+16
168526,14,7,30,270,2018,8,21,4,3,5,3,2,0,1,0,0,0,0,0,7.29957E+20,5.70154E+21,1.23074E+16,5.14184E+16
168527,14,6,12,0,2018,7,10,6,2,6,4,0,0,0,1,0,0,1,0,8.35287E+20,5.66445E+21,1.37828E+16,5.10335E+16
168528,14,6,12,0,2018,7,15,4,3,5,2,0,0,1,0,0,0,1,0,8.30995E+20,5.66375E+21,1.37212E+16,5.10298E+16
168529,14,6,12,0,2018,7,17,6,3,5,3,0,1,1,0,0,0,0,0,8.32045E+20,5.6647E+21,1.3737E+16,5.10377E+16
168530,14,6,12,0,2018,8,10,4,3,5,3,0,0,1,0,1,0,0,0,8.41322E+20,5.66135E+21,1.38657E+16,5.10022E+16
168531,14,5,11,0,2018,7,11,6,3,2,2,0,0,1,0,1,0,0,0,7.72483E+20,5.63847E+21,1.287E+16,5.08337E+16
168532,14,5,11,0,2018,7,17,6,3,0,1,0,1,0,0,0,0,0,1,7.76127E+20,5.63764E+21,1.2921E+16,5.08245E+16
168533,14,6,12,0,2018,7,15,4,2,5,3,0,1,1,0,0,0,0,0,8.29178E+20,5.66949E+21,1.37006E+16,5.10822E+16
168534,14,5,24,330,2018,7,17,5,3,2,6,0,0,1,0,0,0,1,0,7.47352E+20,5.6259E+21,1.25054E+16,5.07322E+16
168535,14,5,21,390,2018,7,20,4,2,9,1,1,0,0,0,1,0,0,0,8.03756E+20,5.61215E+21,1.32912E+16,5.05821E+16
168536,14,5,24,160,2018,7,11,5,3,0,7,0,0,0,0,1,0,0,0,7.56624E+20,5.62898E+21,1.26386E+16,5.07558E+16
168537,14,5,24,80,2018,7,10,5,3,0,7,0,1,1,0,0,0,0,0,7.49504E+20,5.63567E+21,1.25424E+16,5.08189E+16
168538,14,5,11,0,2018,7,5,4,3,0,7,0,0,0,0,0,0,1,0,7.74986E+20,5.63775E+21,1.29049E+16,5.08261E+16
168539,14,5,23,270,2018,7,11,5,3,9,7,0,0,0,0,0,1,0,0,7.30001E+20,5.59854E+21,1.22429E+16,5.04936E+16
168540,14,5,24,30,2018,7,9,3,3,4,1,0,0,1,0,0,0,0,0,7.33115E+20,5.63393E+21,1.2309E+16,5.08101E+16
168541,14,5,24,300,2018,7,9,3,3,9,1,0,0,1,0,0,0,0,0,7.37414E+20,5.62357E+21,1.23633E+16,5.07154E+16
168542,14,7,29,150,2018,7,10,5,3,8,7,0,1,0,0,0,0,1,0,7.57758E+20,5.66361E+21,1.26791E+16,5.10661E+16
168543,14,5,24,330,2018,7,14,3,3,4,2,0,0,1,0,1,0,0,0,7.47025E+20,5.62573E+21,1.25006E+16,5.07308E+16
168544,14,7,29,410,2018,7,16,3,3,1,7,0,1,1,0,0,0,0,0,7.60817E+20,5.6976E+21,1.27474E+16,5.13696E+16
168545,14,6,12,0,2018,8,15,4,2,6,7,0,0,1,1,0,0,0,0,8.40062E+20,5.6618E+21,1.38482E+16,5.1007E+16
168546,14,7,13,0,2018,7,16,5,3,2,6,0,1,0,0,0,0,0,0,7.39006E+20,5.6922E+21,1.2431E+16,5.13308E+16
168547,14,7,13,0,2018,7,9,3,3,2,2,0,0,1,0,0,0,0,0,7.34202E+20,5.69289E+21,1.23626E+16,5.1339E+16
168548,14,7,13,0,2018,7,22,5,3,5,3,2,1,1,0,0,0,0,0,7.35167E+20,5.6936E+21,1.23769E+16,5.13449E+16
168549,14,7,13,0,2018,7,20,5,3,2,2,0,0,1,0,0,0,0,0,7.3176E+20,5.68979E+21,1.23256E+16,5.13122E+16
168550,14,7,13,0,2018,7,18,3,3,3,5,0,1,1,0,0,0,0,0,7.35275E+20,5.68976E+21,1.23759E+16,5.13104E+16
168551,14,7,13,0,2018,7,15,5,3,4,6,0,1,0,0,0,0,0,0,7.37192E+20,5.7001E+21,1.24103E+16,5.14025E+16
168552,14,7,13,0,2018,7,7,3,2,4,2,0,1,1,0,0,0,0,0,7.35307E+20,5.68976E+21,1.23764E+16,5.13104E+16
168553,14,7,13,0,2018,7,8,5,3,5,3,0,0,1,0,0,0,0,0,7.29021E+20,5.69434E+21,1.22893E+16,5.13541E+16
168554,14,6,26,600,2018,7,13,3,3,5,3,0,1,1,0,0,0,0,0,8.9186E+20,5.7211E+21,1.4648E+16,5.15048E+16
168555,14,7,13,0,2018,7,11,5,3,2,6,0,0,1,0,0,0,0,0,7.3128E+20,5.69716E+21,1.23235E+16,5.13785E+16
168556,14,6,25,240,2018,7,14,3,3,3,6,0,1,0,0,0,0,0,0,8.64561E+20,5.71128E+21,1.42463E+16,5.14352E+16
168557,14,6,12,0,2018,7,8,3,3,6,6,0,1,0,1,0,0,0,0,8.28617E+20,5.6656E+21,1.36891E+16,5.10477E+16
168558,14,6,12,0,2018,8,8,4,3,0,7,0,1,0,0,0,0,0,0,8.34756E+20,5.6659E+21,1.37766E+16,5.10469E+16
168559,14,7,13,0,2018,7,11,5,3,4,2,0,1,1,0,0,0,0,0,7.37187E+20,5.69384E+21,1.2406E+16,5.13463E+16
168560,14,6,12,0,2018,7,19,3,3,6,4,0,0,1,1,0,0,0,0,8.2772E+20,5.66702E+21,1.36776E+16,5.1061E+16
168561,14,7,13,0,2018,7,15,5,3,6,2,0,0,1,1,0,0,0,0,7.34519E+20,5.69543E+21,1.23689E+16,5.13616E+16
168562,14,7,30,270,2018,7,12,5,3,4,6,0,0,0,0,0,1,1,0,7.25534E+20,5.70332E+21,1.2245E+16,5.14361E+16
168563,14,6,12,0,2018,7,14,3,3,0,1,0,1,0,0,0,0,0,0,8.32471E+20,5.66316E+21,1.37416E+16,5.10236E+16
168564,14,7,13,0,2018,7,7,5,3,2,2,0,0,1,0,1,0,0,0,7.35178E+20,5.68905E+21,1.23741E+16,5.13041E+16
168565,14,6,12,0,2018,7,5,3,3,5,3,0,1,1,0,0,0,0,0,8.34543E+20,5.66336E+21,1.37713E+16,5.10243E+16
168566,14,6,26,400,2018,7,7,5,2,5,3,0,1,1,0,0,0,0,0,9.06477E+20,5.65245E+21,1.47799E+16,5.08803E+16
168567,14,6,12,0,2018,7,16,3,2,0,1,0,1,0,0,0,0,0,0,8.34101E+20,5.66529E+21,1.37668E+16,5.10418E+16
168568,14,6,12,0,2018,8,8,4,3,5,3,0,1,0,0,0,1,0,0,8.31958E+20,5.66583E+21,1.37368E+16,5.10479E+16
168569,14,6,25,240,2018,7,8,5,3,8,7,0,0,1,0,0,0,0,0,8.67657E+20,5.7123E+21,1.42917E+16,5.14423E+16
168570,14,6,12,0,2018,7,15,3,3,0,7,0,0,0,0,0,0,1,0,8.35394E+20,5.66463E+21,1.37845E+16,5.10351E+16
168571,14,6,26,110,2018,7,16,5,2,4,6,0,0,1,0,0,0,0,0,9.17333E+20,5.68696E+21,1.49731E+16,5.11812E+16
168572,14,5,11,0,2018,7,23,3,3,8,7,2,1,0,0,0,0,0,0,7.75519E+20,5.63912E+21,1.29135E+16,5.08381E+16
168573,14,6,12,0,2018,8,17,4,3,5,6,0,1,1,0,0,0,0,0,8.33413E+20,5.6666E+21,1.37582E+16,5.1054E+16
168574,14,6,26,110,2018,7,15,5,2,6,4,0,0,0,1,0,0,1,0,9.1785E+20,5.68576E+21,1.49791E+16,5.11702E+16
168575,14,5,21,390,2018,7,21,3,2,5,3,2,0,1,0,0,0,0,0,7.95474E+20,5.61889E+21,1.31799E+16,5.06468E+16
168576,14,6,25,20,2018,7,9,5,2,5,3,0,0,1,0,0,1,0,0,8.75091E+20,5.68533E+21,1.43698E+16,5.11959E+16
168577,14,5,11,0,2018,7,15,3,2,6,7,0,0,1,1,0,0,0,0,7.73882E+20,5.63876E+21,1.289E+16,5.08356E+16
168578,14,6,12,0,2018,7,6,5,3,5,3,0,1,1,0,0,0,0,0,8.27434E+20,5.6661E+21,1.36727E+16,5.10529E+16
168579,14,5,23,100,2018,7,12,2,3,5,3,0,1,1,0,0,0,0,0,7.24169E+20,5.61091E+21,1.21683E+16,5.06069E+16
168580,14,5,11,0,2018,8,21,4,2,4,2,2,0,1,0,1,0,0,0,7.77382E+20,5.63896E+21,1.29398E+16,5.08357E+16
168581,14,6,12,0,2018,7,17,5,3,1,7,0,1,1,0,0,0,0,0,8.3873E+20,5.66037E+21,1.3828E+16,5.0995E+16
168582,14,5,24,120,2018,7,13,2,3,5,3,0,1,1,0,0,0,0,0,7.62129E+20,5.63414E+21,1.27202E+16,5.07996E+16
168583,14,5,11,0,2018,8,13,4,3,4,2,0,0,1,0,0,0,0,0,7.68517E+20,5.63911E+21,1.28142E+16,5.08413E+16
168584,14,6,12,0,2018,7,10,5,3,8,1,0,1,0,0,0,0,0,0,8.40621E+20,5.66164E+21,1.3856E+16,5.10052E+16
168585,14,5,23,340,2018,7,13,2,2,0,1,0,0,0,0,1,0,0,0,7.30627E+20,5.61266E+21,1.22605E+16,5.06202E+16
168586,14,6,12,0,2018,7,7,5,3,5,3,0,1,1,0,0,0,0,0,8.32439E+20,5.66753E+21,1.37452E+16,5.10628E+16
168587,14,7,30,70,2018,7,15,2,3,2,6,0,0,1,0,0,0,0,0,7.29901E+20,5.71171E+21,1.23132E+16,5.15097E+16
168588,14,7,13,0,2018,7,16,2,3,5,3,0,1,1,0,0,0,0,0,7.35333E+20,5.69219E+21,1.23784E+16,5.13322E+16
168589,14,6,12,0,2018,7,7,5,3,5,1,0,1,1,0,0,0,0,0,8.33391E+20,5.67292E+21,1.37637E+16,5.11106E+16
168590,14,7,13,0,2018,7,14,2,3,6,4,0,0,1,1,0,0,0,0,7.31988E+20,5.69064E+21,1.23294E+16,5.13197E+16
168591,14,7,13,0,2018,7,18,2,3,6,4,0,0,1,1,0,0,0,0,7.35601E+20,5.69709E+21,1.23855E+16,5.13761E+16
168592,14,5,24,330,2018,7,7,3,3,5,3,0,1,1,0,0,0,0,0,7.46097E+20,5.62264E+21,1.24854E+16,5.07034E+16
168593,14,7,30,300,2018,7,13,2,3,2,2,0,0,1,0,1,0,0,0,7.42004E+20,5.69808E+21,1.2478E+16,5.13823E+16
168594,14,7,13,0,2018,7,10,2,3,2,6,0,0,1,0,1,0,0,0,7.3707E+20,5.69711E+21,1.24066E+16,5.13757E+16
168595,14,6,12,0,2018,7,7,5,2,6,4,0,0,1,1,0,0,1,0,8.35465E+20,5.66269E+21,1.37838E+16,5.10177E+16
168596,14,7,13,0,2018,7,20,2,3,5,3,0,1,1,0,0,0,0,0,7.28893E+20,5.701E+21,1.22918E+16,5.14139E+16
168597,14,7,13,0,2018,7,15,2,3,2,6,0,0,1,0,1,0,0,0,7.27465E+20,5.69085E+21,1.22648E+16,5.13234E+16
168598,14,5,24,330,2018,7,22,3,3,0,7,2,0,0,0,0,0,1,0,7.46836E+20,5.62458E+21,1.24972E+16,5.07205E+16
168599,14,5,23,320,2018,7,15,4,3,2,2,0,0,1,0,1,0,0,0,7.23059E+20,5.6005E+21,1.21464E+16,5.05139E+16
168600,14,7,13,0,2018,7,6,2,3,5,3,0,1,1,0,0,0,0,0,7.3494E+20,5.69863E+21,1.2377E+16,5.13902E+16
168601,14,5,23,300,2018,7,19,4,3,2,6,0,0,1,0,0,0,0,0,7.20423E+20,5.59124E+21,1.21038E+16,5.04317E+16
168602,14,7,13,0,2018,7,9,3,3,6,7,0,0,0,1,0,1,0,0,7.35033E+20,5.69149E+21,1.23736E+16,5.1326E+16
168603,14,5,24,80,2018,7,19,4,3,5,3,0,0,1,0,0,0,0,0,7.49953E+20,5.63569E+21,1.25488E+16,5.08189E+16
168604,14,5,24,190,2018,7,16,4,3,5,3,0,0,1,0,1,0,0,0,7.43397E+20,5.63805E+21,1.24575E+16,5.08429E+16
168605,14,6,25,630,2018,7,19,2,3,0,7,0,0,0,0,1,0,0,0,8.77894E+20,5.67508E+21,1.4399E+16,5.11023E+16
168606,14,5,23,90,2018,7,18,4,3,2,2,0,1,1,0,0,0,0,0,7.40053E+20,5.59756E+21,1.23838E+16,5.04808E+16
168607,14,6,25,40,2018,7,9,2,3,5,3,0,0,1,0,0,0,0,0,8.6254E+20,5.677E+21,1.41826E+16,5.11294E+16
168608,14,7,29,40,2018,7,8,4,3,0,7,2,1,0,1,0,0,0,0,7.37419E+20,5.67619E+21,1.23977E+16,5.11878E+16
168609,14,6,28,110,2018,7,16,2,3,5,3,0,1,1,0,0,0,0,0,8.26557E+20,5.66194E+21,1.36565E+16,5.10161E+16
168610,14,6,12,0,2018,7,8,2,3,5,3,0,1,1,0,0,0,0,0,8.30774E+20,5.66392E+21,1.37182E+16,5.10314E+16
168611,14,7,13,0,2018,7,15,3,3,6,4,0,1,0,1,0,0,0,0,7.34585E+20,5.69529E+21,1.23697E+16,5.13604E+16
168612,14,7,29,260,2018,7,12,4,3,1,6,0,0,1,0,0,0,0,0,7.34703E+20,5.68696E+21,1.23659E+16,5.12856E+16
168613,14,6,12,0,2018,7,14,2,3,4,6,0,1,1,0,0,0,0,0,8.35764E+20,5.66446E+21,1.37896E+16,5.10334E+16
168614,14,7,13,0,2018,7,18,4,3,5,3,0,1,1,0,0,0,0,0,7.40997E+20,5.69624E+21,1.24623E+16,5.13662E+16
168615,14,7,13,0,2018,7,8,3,3,2,6,0,0,1,0,0,0,0,0,7.41206E+20,5.69606E+21,1.24651E+16,5.13645E+16
168616,14,7,13,0,2018,7,8,4,2,5,2,0,1,1,0,0,0,0,0,7.36064E+20,5.69153E+21,1.23884E+16,5.1326E+16
168617,14,6,12,0,2018,7,7,2,2,0,7,0,1,0,0,0,0,0,0,8.35196E+20,5.66746E+21,1.37843E+16,5.10606E+16
168618,14,7,13,0,2018,7,8,4,2,2,6,0,0,0,0,1,0,1,0,7.34124E+20,5.6909E+21,1.23602E+16,5.13211E+16
168619,14,7,30,300,2018,7,22,3,3,5,3,2,0,1,0,1,0,0,0,7.43859E+20,5.69815E+21,1.25046E+16,5.13821E+16
168620,14,7,13,0,2018,7,19,4,3,9,2,0,1,1,0,0,0,0,0,7.35146E+20,5.68885E+21,1.23735E+16,5.13023E+16
168621,14,6,26,290,2018,7,7,4,3,5,3,0,1,1,0,0,0,0,0,8.9667E+20,5.67572E+21,1.46666E+16,5.10954E+16
168622,14,6,12,0,2018,7,15,2,3,5,3,0,1,1,0,0,0,0,0,8.35896E+20,5.66404E+21,1.37911E+16,5.10296E+16
168623,14,6,26,280,2018,7,17,4,3,5,3,0,0,1,0,0,0,0,0,8.9478E+20,5.66188E+21,1.46247E+16,5.09728E+16
168624,14,6,12,0,2018,7,15,2,2,5,2,0,0,1,0,1,0,0,0,8.30538E+20,5.67356E+21,1.37237E+16,5.11179E+16
168625,14,6,26,310,2018,7,14,4,3,4,6,0,0,1,0,1,0,0,0,9.04863E+20,5.65653E+21,1.47616E+16,5.0918E+16
168626,14,5,22,50,2018,7,7,2,3,5,3,0,0,1,0,0,0,1,1,8.0403E+20,5.64527E+21,1.33224E+16,5.0879E+16
168627,14,5,21,110,2018,7,18,2,3,0,7,0,0,1,0,0,0,0,0,7.67212E+20,5.59851E+21,1.27665E+16,5.04776E+16
168628,14,7,13,0,2018,7,7,3,3,6,4,0,0,0,1,1,0,0,0,7.35544E+20,5.6974E+21,1.23848E+16,5.13789E+16
168629,14,6,28,360,2018,7,11,4,3,2,6,0,0,1,0,0,0,1,0,8.69252E+20,5.65941E+21,1.42602E+16,5.09676E+16
168630,14,5,11,0,2018,7,7,2,3,0,1,0,1,0,0,0,0,0,0,7.78341E+20,5.63746E+21,1.29522E+16,5.08219E+16
168631,14,6,12,0,2018,7,17,4,3,6,7,0,0,1,1,0,0,0,0,8.29492E+20,5.6644E+21,1.37004E+16,5.10365E+16
168632,14,6,12,0,2018,7,8,4,3,0,7,0,1,0,0,0,0,0,0,8.33287E+20,5.66803E+21,1.37577E+16,5.10669E+16
168633,14,7,13,0,2018,7,19,1,2,1,5,0,1,1,0,0,0,0,0,7.35154E+20,5.69331E+21,1.23766E+16,5.13424E+16
168634,14,6,12,0,2018,7,15,4,3,2,6,0,0,1,0,0,0,0,0,8.34767E+20,5.66489E+21,1.37759E+16,5.10378E+16
168635,14,7,13,0,2018,7,14,1,2,5,2,0,1,1,0,0,0,0,0,7.31971E+20,5.68871E+21,1.23279E+16,5.13024E+16
168636,14,6,12,0,2018,7,6,4,2,5,3,0,0,1,0,1,0,0,0,8.38604E+20,5.66027E+21,1.38261E+16,5.09942E+16
168637,14,7,13,0,2018,7,11,1,3,2,6,0,0,1,0,0,0,0,0,7.34009E+20,5.6956E+21,1.23617E+16,5.13634E+16
168638,14,6,12,0,2018,7,10,4,2,2,6,0,0,1,0,0,0,0,0,8.33385E+20,5.66622E+21,1.37574E+16,5.10506E+16
168639,14,6,25,90,2018,7,7,1,3,9,1,0,0,1,0,0,0,0,0,8.8884E+20,5.67501E+21,1.45545E+16,5.10944E+16
168640,14,5,22,60,2018,7,16,4,3,6,4,0,0,0,1,0,0,1,0,7.67676E+20,5.648E+21,1.28088E+16,5.09214E+16
168641,14,6,28,260,2018,7,0,1,3,0,6,2,1,0,0,0,0,1,0,8.65102E+20,5.66336E+21,1.42053E+16,5.10056E+16
168642,14,7,13,0,2018,7,14,3,2,5,2,0,0,1,0,1,0,0,0,7.33226E+20,5.69391E+21,1.23493E+16,5.13485E+16
168643,14,5,11,0,2018,7,15,4,3,6,6,0,1,0,1,0,0,0,0,7.76246E+20,5.6388E+21,1.29235E+16,5.08349E+16
168644,14,6,28,160,2018,7,10,1,3,0,1,0,1,0,0,0,0,0,0,8.41952E+20,5.65869E+21,1.38721E+16,5.09781E+16
168645,14,5,24,300,2018,7,19,3,3,5,3,0,0,1,0,1,0,0,0,7.38259E+20,5.62589E+21,1.23767E+16,5.07358E+16
168646,14,6,27,150,2018,7,12,1,3,8,1,0,0,1,0,0,0,0,0,8.2533E+20,5.67456E+21,1.36504E+16,5.11299E+16
168647,14,5,24,160,2018,7,16,3,2,5,3,0,0,1,0,0,0,0,0,7.56072E+20,5.62858E+21,1.26305E+16,5.07524E+16
168648,14,6,27,140,2018,7,15,1,3,5,3,0,0,1,0,0,0,0,0,8.14882E+20,5.67853E+21,1.3505E+16,5.11713E+16
168649,14,6,12,0,2018,7,19,1,3,1,7,0,1,1,0,0,0,0,0,8.24909E+20,5.66998E+21,1.36403E+16,5.10891E+16
168650,14,6,26,85,2018,7,17,3,3,4,2,0,0,1,0,0,0,0,0,8.94126E+20,5.66256E+21,1.46161E+16,5.09794E+16
168651,14,7,30,230,2018,7,9,3,3,5,3,0,1,1,0,0,0,0,0,7.86723E+20,5.69061E+21,1.3113E+16,5.12944E+16
168652,14,6,12,0,2018,7,13,1,3,5,3,0,0,1,0,0,0,0,0,8.34923E+20,5.66544E+21,1.37786E+16,5.10426E+16
168653,14,6,26,600,2018,7,10,3,3,5,3,0,0,1,0,0,0,0,0,8.91839E+20,5.72111E+21,1.46477E+16,5.15049E+16
168654,14,7,13,0,2018,7,6,3,3,5,3,0,0,1,0,1,0,0,0,7.35607E+20,5.69442E+21,1.23838E+16,5.13521E+16
168655,14,7,13,0,2018,7,11,3,3,5,2,0,0,1,0,0,0,0,0,7.34806E+20,5.69264E+21,1.23711E+16,5.13365E+16
168656,14,6,12,0,2018,7,14,1,3,0,7,0,0,1,0,1,0,0,0,8.35254E+20,5.66409E+21,1.3782E+16,5.10303E+16
168657,14,7,30,270,2018,7,11,3,3,6,7,0,0,1,1,0,0,0,0,7.24146E+20,5.69889E+21,1.22223E+16,5.13969E+16
168658,14,5,22,150,2018,7,18,1,3,7,5,0,1,1,0,0,0,0,0,7.84791E+20,5.65226E+21,1.30551E+16,5.09515E+16
168659,14,7,13,0,2018,7,10,3,3,1,5,0,1,1,0,0,0,0,0,7.34214E+20,5.69636E+21,1.23651E+16,5.13701E+16
168660,14,5,22,50,2018,7,12,1,3,0,7,0,1,0,0,0,0,0,0,8.04902E+20,5.64401E+21,1.33337E+16,5.08672E+16
168661,14,5,24,110,2018,7,12,7,2,8,6,0,1,1,0,0,0,0,0,7.45609E+20,5.61542E+21,1.24737E+16,5.06388E+16
168662,14,7,13,0,2018,7,15,3,3,6,2,0,0,1,1,0,0,0,0,7.33179E+20,5.69591E+21,1.23499E+16,5.13665E+16
168663,14,7,13,0,2018,7,11,7,3,4,2,0,1,1,0,0,0,0,0,7.37183E+20,5.69376E+21,1.24059E+16,5.13455E+16
168664,14,7,13,0,2018,7,11,7,3,1,5,0,1,1,0,0,0,0,0,7.32452E+20,5.69627E+21,1.23398E+16,5.137E+16
168665,14,7,13,0,2018,7,18,3,3,3,5,0,1,1,0,0,0,0,0,7.37345E+20,5.69375E+21,1.24083E+16,5.13454E+16
168666,14,7,13,0,2018,7,6,7,2,5,3,0,0,1,0,0,0,1,0,7.34006E+20,5.69559E+21,1.23616E+16,5.13633E+16
168667,14,7,13,0,2018,7,6,3,2,5,3,0,1,0,0,0,0,1,0,7.33905E+20,5.69082E+21,1.2357E+16,5.13205E+16
168668,14,6,26,85,2018,7,16,3,3,5,3,0,0,1,0,1,0,0,0,8.93148E+20,5.66226E+21,1.46019E+16,5.09773E+16
168669,14,6,25,90,2018,7,15,3,3,5,3,0,0,1,0,1,0,0,0,8.85139E+20,5.67523E+21,1.45022E+16,5.10988E+16
168670,14,6,28,60,2018,7,14,7,2,0,1,0,1,0,0,0,0,0,0,8.2725E+20,5.65155E+21,1.3657E+16,5.09226E+16
168671,14,6,12,0,2018,7,18,7,3,5,3,0,1,1,0,0,0,0,0,8.28598E+20,5.66983E+21,1.36927E+16,5.10857E+16
168672,14,6,26,110,2018,7,13,3,3,4,1,0,0,1,0,0,0,0,0,9.17004E+20,5.68693E+21,1.49684E+16,5.11812E+16