OBJECTID_1,ULAND,UREGBEZ,UKREIS,UGEMEINDE,UJAHR,UMONAT,USTUNDE,UWOCHENTAG,UKATEGORIE,UART,UTYP1,ULICHTVERH,IstRad,IstPKW,IstFuss,IstKrad,IstGkfz,IstSonstig,STRZUSTAND,LINREFX,LINREFY,XGCSWGS84,YGCSWGS84
169043,14,5,11,0,2018,8,18,1,3,4,2,0,1,1,0,0,0,0,0,7.76463E+20,5.63869E+21,1.29265E+16,5.08338E+16
169044,14,6,28,160,2018,8,14,6,3,5,2,0,1,1,0,0,0,0,0,8.41373E+20,5.65887E+21,1.38641E+16,5.098E+16
169045,14,7,29,160,2018,8,7,7,2,8,1,0,0,0,0,1,0,0,1,7.59536E+20,5.68079E+21,1.27168E+16,5.12194E+16
169046,14,7,13,0,2018,8,18,4,3,3,6,0,1,0,0,0,0,0,0,7.34597E+20,5.69244E+21,1.2368E+16,5.13347E+16
169047,14,7,13,0,2018,8,8,7,3,2,6,0,0,1,0,0,0,0,0,7.34788E+20,5.69301E+21,1.23711E+16,5.13398E+16
169048,14,7,13,0,2018,8,13,7,3,6,4,0,1,0,1,0,0,0,0,7.3505E+20,5.6924E+21,1.23745E+16,5.13342E+16
169049,14,7,13,0,2018,8,12,7,3,5,3,0,1,1,0,0,0,0,0,7.40533E+20,5.69068E+21,1.24519E+16,5.13165E+16
169050,14,7,30,270,2018,8,10,7,3,6,7,0,0,1,1,0,0,0,1,7.29575E+20,5.70175E+21,1.23021E+16,5.14204E+16
169051,14,7,29,410,2018,8,10,5,3,5,2,0,1,1,0,0,0,0,0,7.60396E+20,5.69791E+21,1.27416E+16,5.13726E+16
169052,14,5,21,530,2018,8,10,2,3,5,3,0,0,1,0,1,0,0,0,7.57343E+20,5.61008E+21,1.26356E+16,5.05858E+16
169053,14,7,13,0,2018,8,11,4,2,5,3,0,1,1,0,0,0,0,0,7.39954E+20,5.69417E+21,1.24459E+16,5.1348E+16
169054,14,6,12,0,2018,8,10,6,2,1,5,0,0,1,0,0,0,0,0,8.40065E+20,5.66211E+21,1.38486E+16,5.10098E+16
169055,14,7,13,0,2018,8,20,7,2,0,1,1,0,0,0,1,0,0,0,7.37262E+20,5.69514E+21,1.2408E+16,5.13579E+16
169056,14,7,30,270,2018,8,20,4,3,6,6,1,0,1,0,0,0,1,0,7.24256E+20,5.69394E+21,1.22207E+16,5.13524E+16
169057,14,7,13,0,2018,8,20,7,3,3,2,2,0,1,0,1,0,0,0,7.38859E+20,5.69433E+21,1.24303E+16,5.135E+16
169058,14,6,26,110,2018,8,11,7,2,6,4,0,0,0,1,0,0,1,0,9.18556E+20,5.68388E+21,1.49869E+16,5.11528E+16
169059,14,7,13,0,2018,8,10,3,3,5,3,0,1,1,0,0,0,0,0,7.34875E+20,5.69449E+21,1.23733E+16,5.13531E+16
169060,14,6,27,60,2018,8,10,7,3,0,1,0,1,0,0,0,0,0,0,8.15683E+20,5.69221E+21,1.35285E+16,5.12935E+16
169061,14,7,13,0,2018,8,8,5,3,3,2,0,1,1,0,0,0,0,1,7.35168E+20,5.69343E+21,1.23768E+16,5.13434E+16
169062,14,6,12,0,2018,8,13,7,3,0,1,0,1,0,0,0,0,0,0,8.3424E+20,5.66555E+21,1.3769E+16,5.1044E+16
169063,14,7,13,0,2018,8,16,3,3,5,2,0,1,1,0,0,0,0,0,7.35498E+20,5.69204E+21,1.23806E+16,5.13308E+16
169064,14,6,12,0,2018,8,15,4,3,5,3,0,0,1,0,1,0,0,0,8.31278E+20,5.6683E+21,1.37294E+16,5.10704E+16
169065,14,7,13,0,2018,8,9,3,3,1,5,0,1,1,0,0,0,0,0,7.36258E+20,5.69279E+21,1.2392E+16,5.13372E+16
169066,14,6,12,0,2018,8,11,7,3,5,2,0,1,1,0,0,0,0,0,8.33291E+20,5.66585E+21,1.37558E+16,5.10472E+16
169067,14,6,12,0,2018,8,18,7,2,6,4,0,1,0,1,0,0,0,0,8.31955E+20,5.66572E+21,1.37367E+16,5.10469E+16
169068,14,6,12,0,2018,8,11,7,2,6,7,0,0,1,1,0,0,0,0,8.30046E+20,5.66369E+21,1.37077E+16,5.10298E+16
169069,14,5,24,190,2018,8,7,6,3,4,6,0,0,1,0,1,0,0,0,7.43469E+20,5.63867E+21,1.24589E+16,5.08484E+16
169070,14,5,21,710,2018,8,13,7,3,6,4,0,0,1,1,0,0,0,0,7.69577E+20,5.62181E+21,1.28166E+16,5.06856E+16
169071,14,5,24,30,2018,8,17,7,3,2,7,0,1,1,0,0,0,0,0,7.38712E+20,5.63478E+21,1.23889E+16,5.08155E+16
169072,14,5,22,360,2018,8,10,7,3,0,1,0,1,0,0,0,0,0,1,7.79736E+20,5.65631E+21,1.29864E+16,5.09903E+16
169073,14,5,24,330,2018,8,8,6,3,5,3,0,0,1,0,1,0,0,1,7.42914E+20,5.62484E+21,1.24419E+16,5.07245E+16
169074,14,6,25,20,2018,8,13,5,3,1,5,0,1,1,0,0,0,0,1,8.80219E+20,5.6832E+21,1.44406E+16,5.11735E+16
169075,14,7,29,320,2018,8,5,6,3,5,3,2,1,0,0,0,1,0,0,7.35259E+20,5.67552E+21,1.23664E+16,5.11826E+16
169076,14,7,13,0,2018,8,10,3,2,6,7,0,0,1,1,0,0,0,0,7.38657E+20,5.69099E+21,1.24252E+16,5.13201E+16
169077,14,7,13,0,2018,8,13,6,3,5,2,0,1,1,0,0,0,0,0,7.3725E+20,5.69223E+21,1.24059E+16,5.13318E+16
169078,14,5,23,320,2018,8,13,3,3,0,7,0,1,0,0,0,0,0,0,7.20312E+20,5.5984E+21,1.21065E+16,5.04961E+16
169079,14,7,13,0,2018,8,7,6,3,3,6,0,1,1,0,0,0,0,1,7.39495E+20,5.69186E+21,1.24378E+16,5.13275E+16
169080,14,6,26,610,2018,8,18,6,3,6,2,1,0,1,1,0,0,0,1,9.0891E+20,5.65412E+21,1.48162E+16,5.08936E+16
169081,14,6,26,110,2018,8,16,6,3,0,1,0,1,0,0,0,0,0,1,9.18202E+20,5.68304E+21,1.49809E+16,5.11456E+16
169082,14,6,26,610,2018,8,23,6,3,1,5,2,0,1,0,0,0,1,0,9.08882E+20,5.65411E+21,1.48158E+16,5.08935E+16
169083,14,6,25,290,2018,8,18,6,2,0,1,0,1,0,0,0,0,0,0,8.815E+20,5.68149E+21,1.44571E+16,5.11574E+16
169084,14,5,11,0,2018,8,22,5,3,8,7,2,1,0,0,0,0,0,1,7.74175E+20,5.63826E+21,1.28938E+16,5.0831E+16
169085,14,6,28,270,2018,8,9,6,3,5,3,0,0,1,0,1,0,0,1,8.4638E+20,5.65979E+21,1.3936E+16,5.09853E+16
169086,14,6,12,0,2018,8,17,6,3,0,7,0,1,1,0,0,0,0,0,8.28385E+20,5.66648E+21,1.36866E+16,5.10557E+16
169087,14,6,12,0,2018,8,8,5,2,5,3,0,0,1,0,0,0,0,1,8.3796E+20,5.66211E+21,1.38187E+16,5.10111E+16
169088,14,6,12,0,2018,8,12,6,3,5,3,0,1,1,0,0,0,0,0,8.28571E+20,5.66501E+21,1.36879E+16,5.10425E+16
169089,14,6,12,0,2018,8,13,6,3,6,4,0,0,0,1,0,0,1,0,8.36726E+20,5.66057E+21,1.37997E+16,5.0998E+16
169090,14,6,12,0,2018,8,16,6,3,3,6,0,1,1,0,0,0,0,0,8.33095E+20,5.66545E+21,1.37526E+16,5.10438E+16
169091,14,6,12,0,2018,8,17,6,3,5,2,0,0,1,0,0,0,0,0,8.34634E+20,5.66423E+21,1.37734E+16,5.1032E+16
169092,14,6,12,0,2018,8,15,6,3,0,1,0,1,0,0,0,0,0,0,8.36906E+20,5.66517E+21,1.38065E+16,5.10391E+16
169093,14,6,12,0,2018,8,12,6,3,6,7,0,1,0,1,0,0,0,0,8.31349E+20,5.67035E+21,1.37323E+16,5.10887E+16
169094,14,5,22,80,2018,8,14,6,2,6,7,0,0,1,1,0,0,0,0,7.88549E+20,5.67118E+21,1.31235E+16,5.11193E+16
169095,14,7,13,0,2018,8,10,4,2,0,7,0,0,0,0,0,0,1,0,7.33246E+20,5.69059E+21,1.23474E+16,5.13187E+16
169096,14,6,12,0,2018,8,8,3,3,5,3,0,1,0,0,0,0,0,0,8.28825E+20,5.66628E+21,1.36927E+16,5.10537E+16
169097,14,7,29,250,2018,8,18,3,3,5,3,0,1,1,0,0,0,0,0,7.48731E+20,5.69531E+21,1.25725E+16,5.13545E+16
169098,14,5,22,570,2018,8,8,6,3,2,2,0,0,1,0,0,0,0,0,7.81216E+20,5.66572E+21,1.30147E+16,5.1074E+16
169099,14,5,11,0,2018,8,9,6,3,5,3,0,0,1,0,0,0,1,0,7.71614E+20,5.64205E+21,1.28603E+16,5.08662E+16
169100,14,5,11,0,2018,8,13,6,3,4,2,0,0,1,0,0,0,0,0,7.76258E+20,5.63998E+21,1.29246E+16,5.08455E+16
169101,14,5,22,570,2018,8,9,6,2,6,4,0,0,1,1,0,0,0,0,7.82046E+20,5.66547E+21,1.30264E+16,5.10713E+16
169102,14,5,24,80,2018,8,9,5,3,4,2,0,0,1,0,0,0,0,0,7.4972E+20,5.63595E+21,1.25457E+16,5.08213E+16
169103,14,5,22,60,2018,8,7,6,3,0,2,0,1,1,0,0,0,0,0,7.67646E+20,5.64656E+21,1.28074E+16,5.09085E+16
169104,14,5,24,170,2018,8,13,5,2,3,2,0,0,1,0,1,0,0,0,7.41892E+20,5.62257E+21,1.24259E+16,5.07046E+16
169105,14,7,13,0,2018,8,14,4,3,6,4,0,0,1,1,0,0,0,0,7.27111E+20,5.68862E+21,1.22583E+16,5.13035E+16
169106,14,6,12,0,2018,8,9,3,3,5,3,0,0,1,0,0,0,0,0,8.3417E+20,5.66311E+21,1.37657E+16,5.10222E+16
169107,14,7,30,320,2018,8,15,5,3,0,7,0,1,0,0,0,0,0,0,7.65954E+20,5.72201E+21,1.28394E+16,5.15862E+16
169108,14,7,30,230,2018,8,15,5,3,2,2,0,0,0,0,1,0,1,0,7.85602E+20,5.69152E+21,1.30977E+16,5.13032E+16
169109,14,7,13,0,2018,8,16,3,2,5,3,0,0,1,0,0,0,1,0,7.40847E+20,5.69478E+21,1.24591E+16,5.13532E+16
169110,14,7,29,50,2018,8,9,5,3,5,3,0,0,1,0,0,0,0,0,7.44633E+20,5.66929E+21,1.2496E+16,5.11228E+16
169111,14,7,13,0,2018,8,13,5,3,5,3,0,0,1,0,0,0,0,1,7.39758E+20,5.68823E+21,1.24391E+16,5.12948E+16
169112,14,6,12,0,2018,8,18,3,3,0,1,1,1,0,0,0,0,1,0,8.36172E+20,5.66069E+21,1.37919E+16,5.09994E+16
169113,14,7,13,0,2018,8,7,5,3,1,5,0,1,1,0,0,0,0,0,7.36429E+20,5.69351E+21,1.2395E+16,5.13436E+16
169114,14,7,13,0,2018,8,0,5,3,6,6,2,0,1,1,0,0,0,0,7.31003E+20,5.68864E+21,1.2314E+16,5.13021E+16
169115,14,7,13,0,2018,8,13,5,3,6,4,0,0,1,1,0,0,0,1,7.34301E+20,5.6957E+21,1.23659E+16,5.13642E+16
169116,14,5,22,440,2018,8,16,2,3,5,3,0,1,1,0,0,0,0,0,7.94642E+20,5.64556E+21,1.31895E+16,5.08865E+16
169117,14,6,12,0,2018,8,16,4,2,0,1,0,1,0,0,0,0,0,0,8.32468E+20,5.66316E+21,1.37416E+16,5.10236E+16
169118,14,6,12,0,2018,8,9,3,3,5,3,0,1,0,0,0,0,0,0,8.32829E+20,5.66803E+21,1.37512E+16,5.10671E+16
169119,14,7,13,0,2018,8,15,5,2,5,3,0,0,1,0,1,0,0,0,7.30993E+20,5.68849E+21,1.23138E+16,5.13008E+16
169120,14,7,13,0,2018,8,9,5,3,4,6,0,0,1,0,0,0,0,0,7.37878E+20,5.69289E+21,1.24153E+16,5.13375E+16
169121,14,5,11,0,2018,9,14,7,2,5,3,0,0,1,0,1,0,0,0,7.77949E+20,5.63744E+21,1.29466E+16,5.08218E+16
169122,14,7,13,0,2018,8,17,5,3,4,6,0,1,0,0,0,1,0,1,7.35392E+20,5.69113E+21,1.23785E+16,5.13227E+16
169123,14,6,12,0,2018,8,23,5,2,0,1,2,1,0,0,0,0,0,1,8.27785E+20,5.66488E+21,1.36766E+16,5.10417E+16
169124,14,6,12,0,2018,8,7,3,3,1,5,0,0,1,0,0,0,0,0,8.35732E+20,5.66586E+21,1.37905E+16,5.1046E+16
169125,14,7,13,0,2018,8,15,5,3,5,3,0,1,1,0,0,0,0,0,7.39082E+20,5.68937E+21,1.24302E+16,5.13053E+16
169126,14,7,13,0,2018,8,18,5,3,5,2,0,1,1,0,0,0,0,1,7.34407E+20,5.69297E+21,1.23656E+16,5.13396E+16
169127,14,6,12,0,2018,8,16,3,3,1,1,0,1,1,0,0,0,0,0,8.31367E+20,5.66668E+21,1.37292E+16,5.10558E+16
169128,14,7,13,0,2018,8,15,5,2,5,3,0,1,0,0,1,0,0,0,7.35174E+20,5.69348E+21,1.2377E+16,5.13439E+16
169129,14,7,13,0,2018,8,14,5,3,5,3,0,1,1,0,0,0,0,0,7.34569E+20,5.69213E+21,1.23674E+16,5.1332E+16
169130,14,7,29,60,2018,8,16,5,2,5,3,0,0,1,0,1,0,0,0,7.45187E+20,5.69562E+21,1.25219E+16,5.13589E+16
169131,14,5,21,590,2018,8,12,4,3,4,2,0,0,1,0,0,0,0,0,7.66119E+20,5.62452E+21,1.27697E+16,5.07115E+16
169132,14,6,25,240,2018,8,8,5,3,5,3,0,1,1,0,0,0,0,0,8.65285E+20,5.71233E+21,1.42577E+16,5.14441E+16
169133,14,6,27,230,2018,8,12,5,3,1,5,0,1,1,0,0,0,0,0,7.97469E+20,5.6941E+21,1.32696E+16,5.13202E+16
169134,14,6,27,180,2018,8,12,5,3,1,5,0,1,1,0,0,0,0,0,8.0184E+20,5.66507E+21,1.33078E+16,5.10577E+16
169135,14,7,13,0,2018,8,11,6,3,5,3,0,1,1,0,0,0,0,0,7.35299E+20,5.69025E+21,1.23766E+16,5.13148E+16
169136,14,6,12,0,2018,8,17,5,3,3,6,0,1,0,0,0,0,0,0,8.35514E+20,5.66555E+21,1.37871E+16,5.10433E+16
169137,14,6,12,0,2018,8,7,5,3,0,3,0,1,1,0,0,0,0,1,8.32957E+20,5.6643E+21,1.37496E+16,5.10336E+16
169138,14,6,12,0,2018,8,18,3,2,0,1,0,1,0,0,0,0,0,0,8.38309E+20,5.66234E+21,1.38238E+16,5.10129E+16
169139,14,6,12,0,2018,8,18,5,3,2,6,0,0,1,0,0,0,0,0,8.30021E+20,5.66258E+21,1.37063E+16,5.10199E+16
169140,14,5,22,430,2018,8,10,1,2,9,6,0,0,1,0,1,0,0,0,7.99295E+20,5.65164E+21,1.32605E+16,5.09385E+16
169141,14,6,12,0,2018,8,14,5,2,6,4,0,1,0,1,0,0,0,0,8.34568E+20,5.66608E+21,1.37741E+16,5.10486E+16
169142,14,6,12,0,2018,8,16,5,3,5,3,0,1,1,0,0,0,0,0,8.33403E+20,5.66632E+21,1.37578E+16,5.10515E+16
169143,14,6,12,0,2018,8,17,5,3,2,6,0,1,0,0,0,0,0,0,8.37159E+20,5.66643E+21,1.38113E+16,5.10503E+16
169144,14,6,12,0,2018,8,15,6,3,1,6,0,0,1,0,0,0,0,0,8.31759E+20,5.6657E+21,1.37338E+16,5.10469E+16
169145,14,6,12,0,2018,8,15,5,2,5,2,0,0,1,0,0,0,0,0,8.31457E+20,5.66556E+21,1.37294E+16,5.10457E+16
169146,14,6,25,640,2018,8,9,6,2,6,4,0,0,1,1,0,0,0,0,8.64828E+20,5.70569E+21,1.42443E+16,5.13849E+16
169147,14,6,12,0,2018,8,20,5,3,5,2,2,0,1,0,0,0,1,0,8.33025E+20,5.66708E+21,1.37531E+16,5.10585E+16
169148,14,7,30,70,2018,8,15,4,2,5,3,0,1,0,0,0,0,1,0,7.29362E+20,5.71605E+21,1.23083E+16,5.15489E+16
169149,14,6,12,0,2018,8,7,3,3,3,6,0,1,1,0,0,0,0,0,8.32816E+20,5.6655E+21,1.37487E+16,5.10444E+16
169150,14,5,22,330,2018,8,10,5,3,0,7,0,0,0,0,1,0,0,0,7.78523E+20,5.64689E+21,1.2962E+16,5.09064E+16
169151,14,5,22,80,2018,8,16,5,3,5,3,0,1,1,0,0,0,0,0,7.88011E+20,5.67132E+21,1.31159E+16,5.11208E+16
169152,14,5,23,320,2018,8,10,4,3,6,7,0,0,0,1,0,0,1,0,7.22338E+20,5.59911E+21,1.21354E+16,5.05017E+16
169153,14,5,23,320,2018,8,7,4,3,6,4,0,0,1,1,0,0,0,0,7.22167E+20,5.5989E+21,1.21329E+16,5.04999E+16
169154,14,7,30,110,2018,8,13,5,3,1,5,0,1,1,0,0,0,0,0,7.52774E+20,5.70681E+21,1.26386E+16,5.1456E+16
169155,14,5,23,20,2018,8,17,4,3,5,3,0,1,1,0,0,0,0,0,7.42315E+20,5.59967E+21,1.2417E+16,5.04988E+16
169156,14,7,13,0,2018,8,10,4,3,5,2,0,1,1,0,0,0,0,0,7.33392E+20,5.69215E+21,1.23505E+16,5.13327E+16
169157,14,5,22,150,2018,8,15,3,2,6,4,0,0,1,1,0,0,0,0,7.83651E+20,5.64723E+21,1.3035E+16,5.09069E+16
169158,14,7,13,0,2018,8,13,4,3,6,4,0,1,0,1,0,0,0,0,7.34828E+20,5.6956E+21,1.23734E+16,5.13631E+16
169159,14,7,13,0,2018,8,17,4,2,5,3,0,1,1,0,0,0,0,0,7.34478E+20,5.69308E+21,1.23667E+16,5.13405E+16
169160,14,7,13,0,2018,8,16,4,3,5,3,0,1,1,0,0,0,0,0,7.38704E+20,5.69106E+21,1.24259E+16,5.13207E+16
169161,14,5,22,440,2018,8,16,3,2,5,3,0,1,1,0,0,0,0,0,7.93771E+20,5.64265E+21,1.31749E+16,5.08608E+16
169162,14,7,13,0,2018,8,18,4,2,3,3,0,1,1,0,0,0,0,0,7.3728E+20,5.69667E+21,1.24093E+16,5.13716E+16
169163,14,7,13,0,2018,8,14,4,3,2,2,0,0,1,0,0,0,1,0,7.3531E+20,5.69261E+21,1.23783E+16,5.1336E+16
169164,14,6,28,160,2018,8,13,4,3,9,1,0,1,0,0,0,0,0,0,8.41958E+20,5.65847E+21,1.3872E+16,5.09761E+16
169165,14,7,13,0,2018,8,18,5,3,3,7,0,1,1,0,0,0,0,1,7.35158E+20,5.69292E+21,1.23764E+16,5.13389E+16
169166,14,5,23,300,2018,8,10,2,3,2,6,0,0,1,0,0,0,0,0,7.25106E+20,5.59003E+21,1.21689E+16,5.04191E+16
169167,14,6,28,60,2018,8,8,4,3,8,1,0,0,0,0,0,0,1,0,8.25465E+20,5.64714E+21,1.36278E+16,5.0884E+16
169168,14,6,12,0,2018,8,17,4,3,5,3,0,0,1,0,1,0,0,0,8.32446E+20,5.66606E+21,1.37439E+16,5.10496E+16
169169,14,5,23,340,2018,8,11,2,3,5,7,0,0,1,0,1,0,0,0,7.33007E+20,5.61297E+21,1.22943E+16,5.0622E+16
169170,14,6,12,0,2018,8,7,4,3,5,2,0,1,1,0,0,0,0,0,8.33547E+20,5.66363E+21,1.37574E+16,5.10272E+16
169171,14,5,22,380,2018,8,9,7,3,0,7,0,0,1,0,0,0,1,0,7.62984E+20,5.6459E+21,1.27407E+16,5.09047E+16
169172,14,6,12,0,2018,8,13,4,3,1,1,0,1,0,0,0,0,1,0,8.37424E+20,5.6606E+21,1.38097E+16,5.09978E+16
169173,14,5,24,160,2018,8,16,6,2,0,6,0,1,1,0,0,0,0,0,7.55135E+20,5.62947E+21,1.26179E+16,5.07608E+16
169174,14,6,12,0,2018,8,19,4,3,5,2,0,0,1,0,1,0,0,0,8.3692E+20,5.66498E+21,1.38066E+16,5.10374E+16
169175,14,6,12,0,2018,8,10,5,2,0,1,0,1,0,0,0,0,0,1,8.30664E+20,5.66704E+21,1.37195E+16,5.10595E+16
169176,14,7,13,0,2018,8,12,2,3,8,1,0,0,0,0,1,0,0,0,7.34794E+20,5.69357E+21,1.23716E+16,5.13449E+16
169177,14,6,12,0,2018,8,9,4,3,2,2,0,0,1,0,0,0,0,0,8.37457E+20,5.66491E+21,1.38141E+16,5.10364E+16
169178,14,6,26,110,2018,8,12,5,3,0,1,0,0,0,0,1,0,0,1,9.16862E+20,5.68659E+21,1.4966E+16,5.11783E+16
169179,14,7,13,0,2018,8,16,2,3,2,6,0,1,1,0,0,0,0,0,7.35466E+20,5.69188E+21,1.23801E+16,5.13293E+16
169180,14,6,12,0,2018,8,13,4,3,0,1,0,1,0,0,0,0,0,0,8.36834E+20,5.66444E+21,1.38048E+16,5.10326E+16
169181,14,5,21,450,2018,8,11,4,3,8,7,0,0,1,0,0,0,0,0,7.60993E+20,5.62566E+21,1.26981E+16,5.0724E+16
169182,14,5,11,0,2018,8,15,4,3,0,7,0,0,0,0,0,0,1,0,7.75804E+20,5.63824E+21,1.29169E+16,5.083E+16
169183,14,7,13,0,2018,8,11,2,3,4,3,0,0,1,0,1,0,0,0,7.37715E+20,5.69255E+21,1.24127E+16,5.13344E+16
169184,14,5,11,0,2018,8,16,4,3,5,3,0,0,1,0,0,0,1,0,7.78171E+20,5.63641E+21,1.2949E+16,5.08125E+16
169185,14,5,11,0,2018,8,9,4,3,2,6,0,0,1,0,0,0,0,0,7.76093E+20,5.63773E+21,1.29206E+16,5.08254E+16
169186,14,5,11,0,2018,8,17,4,3,0,7,0,0,0,0,0,0,1,0,7.76181E+20,5.6389E+21,1.29227E+16,5.08357E+16
169187,14,5,24,300,2018,8,9,3,3,5,3,0,0,1,0,0,0,1,0,7.37942E+20,5.62517E+21,1.23718E+16,5.07295E+16
169188,14,7,13,0,2018,8,11,6,3,3,2,0,1,1,0,0,0,0,0,7.37378E+20,5.69316E+21,1.24083E+16,5.13401E+16
169189,14,5,22,150,2018,8,3,4,2,8,1,2,0,1,0,0,0,0,0,7.89757E+20,5.64878E+21,1.31228E+16,5.09178E+16
169190,14,6,12,0,2018,8,9,5,3,5,3,0,1,1,0,0,0,0,1,8.34528E+20,5.66609E+21,1.37736E+16,5.10487E+16
169191,14,7,29,260,2018,8,11,2,3,4,7,0,0,1,0,0,0,1,0,7.36988E+20,5.68568E+21,1.23978E+16,5.12731E+16
169192,14,5,24,190,2018,8,14,3,3,1,1,0,0,1,0,1,0,0,0,7.43817E+20,5.63903E+21,1.24641E+16,5.08515E+16
169193,14,7,30,230,2018,8,7,3,3,2,6,0,0,1,0,0,0,0,1,7.86559E+20,5.69062E+21,1.31107E+16,5.12946E+16
169194,14,6,26,110,2018,8,17,2,3,1,5,0,1,1,0,0,0,0,0,9.18178E+20,5.6829E+21,1.49804E+16,5.11443E+16
169195,14,7,30,110,2018,8,12,3,3,5,7,0,1,1,0,0,0,0,0,7.53956E+20,5.70799E+21,1.26565E+16,5.1466E+16
169196,14,7,13,0,2018,8,8,3,3,3,5,0,1,1,0,0,0,0,0,7.35319E+20,5.68957E+21,1.23764E+16,5.13087E+16
169197,14,6,25,20,2018,8,10,2,3,5,3,0,0,1,0,0,0,0,0,8.79032E+20,5.68331E+21,1.44238E+16,5.11752E+16
169198,14,7,13,0,2018,8,15,3,3,5,2,0,0,1,0,1,0,0,0,7.36568E+20,5.6972E+21,1.23994E+16,5.13767E+16
169199,14,7,13,0,2018,8,7,3,2,5,3,0,1,1,0,0,0,0,1,7.32594E+20,5.69159E+21,1.23387E+16,5.1328E+16
169200,14,7,29,260,2018,8,10,3,3,5,3,0,1,0,0,0,0,0,0,7.35444E+20,5.68675E+21,1.23764E+16,5.12833E+16
169201,14,6,27,210,2018,8,14,6,3,0,1,0,1,0,0,0,0,0,0,8.2425E+20,5.67178E+21,1.36325E+16,5.11056E+16
169202,14,7,13,0,2018,8,17,3,2,5,2,0,1,1,0,0,0,0,0,7.30619E+20,5.68963E+21,1.23092E+16,5.13111E+16
169203,14,7,29,40,2018,8,7,4,3,6,4,0,0,1,1,0,0,0,0,7.3659E+20,5.67755E+21,1.23867E+16,5.12003E+16
169204,14,6,27,50,2018,8,10,2,2,3,6,0,1,0,0,0,0,1,0,8.09089E+20,5.70518E+21,1.34455E+16,5.14134E+16
169205,14,6,12,0,2018,8,17,3,3,5,2,0,1,1,0,0,0,0,0,8.35878E+20,5.66556E+21,1.37923E+16,5.10432E+16
169206,14,6,12,0,2018,8,12,3,3,5,3,0,0,1,1,0,0,0,0,8.33243E+20,5.66681E+21,1.3756E+16,5.10559E+16
169207,14,6,12,0,2018,8,10,3,3,5,2,0,0,1,0,0,0,1,1,8.33592E+20,5.67021E+21,1.37641E+16,5.10862E+16
169208,14,6,12,0,2018,8,7,3,3,9,1,0,1,0,0,0,0,0,0,8.37113E+20,5.6672E+21,1.38114E+16,5.10572E+16
169209,14,7,13,0,2018,8,21,5,3,5,3,2,1,1,0,0,0,0,1,7.36342E+20,5.69276E+21,1.23932E+16,5.13369E+16
169210,14,6,12,0,2018,8,17,3,3,5,3,0,1,1,0,0,0,0,0,8.3169E+20,5.66533E+21,1.37325E+16,5.10435E+16
169211,14,6,12,0,2018,8,15,3,3,6,4,0,0,1,1,0,0,0,0,8.33606E+20,5.66608E+21,1.37605E+16,5.10492E+16
169212,14,6,12,0,2018,8,22,6,2,5,3,2,1,1,0,0,0,0,0,8.32463E+20,5.66267E+21,1.37411E+16,5.10192E+16
169213,14,6,12,0,2018,8,8,3,3,5,3,0,1,0,0,0,1,0,0,8.35169E+20,5.66709E+21,1.37836E+16,5.10573E+16
169214,14,7,13,0,2018,8,16,4,3,2,6,0,0,1,0,0,0,0,0,7.3977E+20,5.69539E+21,1.24441E+16,5.13591E+16
169215,14,6,27,60,2018,8,15,2,2,3,6,0,0,1,0,0,0,0,0,8.15956E+20,5.69187E+21,1.35321E+16,5.12903E+16
169216,14,6,12,0,2018,8,8,3,3,5,3,0,0,1,0,0,0,0,0,8.34234E+20,5.66634E+21,1.37696E+16,5.10511E+16
169217,14,6,12,0,2018,8,11,3,2,5,2,0,1,1,0,0,0,0,0,8.32701E+20,5.66353E+21,1.37452E+16,5.10268E+16
169218,14,6,27,310,2018,8,16,3,3,8,1,0,1,0,0,0,0,0,0,8.18863E+20,5.67772E+21,1.35611E+16,5.11619E+16
169219,14,5,22,490,2018,8,7,3,3,0,7,0,0,0,0,0,0,1,1,7.64219E+20,5.66095E+21,1.27692E+16,5.10392E+16
169220,14,7,13,0,2018,8,15,5,3,5,3,0,1,1,0,0,0,0,1,7.32825E+20,5.69119E+21,1.23418E+16,5.13243E+16
169221,14,6,12,0,2018,8,16,2,3,5,3,0,0,1,0,0,0,1,0,8.37606E+20,5.66465E+21,1.3816E+16,5.1034E+16
169222,14,5,21,20,2018,8,19,3,2,4,1,0,0,1,0,0,0,0,0,7.83825E+20,5.61088E+21,1.30094E+16,5.05807E+16
169223,14,6,12,0,2018,8,8,4,3,2,6,0,1,1,0,0,0,0,0,8.31068E+20,5.66638E+21,1.37246E+16,5.10533E+16
169224,14,5,21,710,2018,8,15,2,2,1,3,0,1,1,0,0,0,0,0,7.69278E+20,5.61596E+21,1.28081E+16,5.06332E+16
169225,14,5,11,0,2018,8,9,3,2,0,1,0,0,0,0,1,0,0,1,7.781E+20,5.63535E+21,1.29472E+16,5.0803E+16
169226,14,5,11,0,2018,8,9,3,3,4,6,0,1,1,0,0,0,0,1,7.78918E+20,5.63758E+21,1.29605E+16,5.08226E+16
169227,14,5,22,180,2018,8,15,2,3,5,3,0,0,1,0,0,0,0,0,8.05926E+20,5.64827E+21,1.33518E+16,5.09049E+16