OBJECTID_1,ULAND,UREGBEZ,UKREIS,UGEMEINDE,UJAHR,UMONAT,USTUNDE,UWOCHENTAG,UKATEGORIE,UART,UTYP1,ULICHTVERH,IstRad,IstPKW,IstFuss,IstKrad,IstGkfz,IstSonstig,STRZUSTAND,LINREFX,LINREFY,XGCSWGS84,YGCSWGS84
169413,14,7,29,260,2018,9,20,6,3,1,5,1,1,1,0,0,0,0,0,7.3521E+20,5.68657E+21,1.23729E+16,5.12819E+16
169414,14,7,13,0,2018,9,6,4,3,4,6,1,1,0,0,0,0,0,0,7.34635E+20,5.69215E+21,1.23683E+16,5.13322E+16
169415,14,7,13,0,2018,9,12,5,3,6,6,0,1,0,1,0,0,0,0,7.37919E+20,5.69706E+21,1.24187E+16,5.13749E+16
169416,14,7,13,0,2018,9,15,4,3,5,3,0,1,1,0,0,0,0,0,7.35161E+20,5.69324E+21,1.23766E+16,5.13417E+16
169417,14,7,13,0,2018,9,17,4,3,3,6,0,1,1,0,0,0,0,0,7.34076E+20,5.69516E+21,1.23623E+16,5.13594E+16
169418,14,7,13,0,2018,9,16,2,3,4,2,0,1,1,0,0,0,0,0,7.32402E+20,5.69089E+21,1.23355E+16,5.13217E+16
169419,14,6,26,290,2018,9,11,4,3,8,1,0,0,0,0,1,0,0,0,8.97762E+20,5.67568E+21,1.46821E+16,5.10943E+16
169420,14,6,25,630,2018,9,17,1,2,5,3,0,1,1,0,0,0,0,0,8.77915E+20,5.67509E+21,1.43993E+16,5.11024E+16
169421,14,6,25,250,2018,9,17,2,3,1,1,0,1,1,0,0,0,0,0,8.55686E+20,5.69324E+21,1.41011E+16,5.12792E+16
169422,14,6,26,600,2018,9,15,4,3,2,7,0,1,1,0,0,0,0,0,8.90918E+20,5.72087E+21,1.46343E+16,5.15034E+16
169423,14,6,28,270,2018,9,11,6,3,5,3,0,0,1,0,1,0,0,1,8.46748E+20,5.6578E+21,1.39393E+16,5.09672E+16
169424,14,6,25,270,2018,9,7,4,3,6,6,0,0,1,1,0,0,0,0,8.42059E+20,5.69081E+21,1.39041E+16,5.12658E+16
169425,14,6,27,230,2018,9,11,2,3,5,3,0,0,1,0,0,0,0,0,7.99792E+20,5.69223E+21,1.33013E+16,5.13023E+16
169426,14,6,26,370,2018,9,8,4,3,5,3,0,1,1,0,0,0,0,0,9.05936E+20,5.69832E+21,1.48238E+16,5.12911E+16
169427,14,6,27,210,2018,9,13,2,3,5,3,0,1,0,0,0,0,1,0,8.23949E+20,5.67162E+21,1.36281E+16,5.11044E+16
169428,14,5,21,530,2018,9,19,5,2,8,1,0,0,1,0,0,0,0,0,7.58081E+20,5.61138E+21,1.2647E+16,5.05972E+16
169429,14,6,27,220,2018,9,10,4,3,5,3,0,1,1,0,0,0,0,0,8.30203E+20,5.68411E+21,1.37286E+16,5.12127E+16
169430,14,6,27,140,2018,9,16,2,3,5,3,0,1,1,0,0,0,0,0,8.12977E+20,5.67808E+21,1.34775E+16,5.11683E+16
169431,14,6,27,310,2018,9,16,4,2,0,7,0,1,0,0,0,0,0,0,8.18962E+20,5.67808E+21,1.35628E+16,5.11651E+16
169432,14,5,11,0,2018,9,19,1,3,2,6,1,0,1,0,0,0,0,0,7.77654E+20,5.63738E+21,1.29424E+16,5.08214E+16
169433,14,6,28,300,2018,9,15,4,3,5,2,0,0,1,0,1,0,0,0,8.30027E+20,5.65387E+21,1.36985E+16,5.09418E+16
169434,14,6,12,0,2018,9,11,2,2,5,2,0,0,1,1,0,0,0,0,8.36553E+20,5.66218E+21,1.37987E+16,5.10125E+16
169435,14,6,12,0,2018,9,8,4,3,4,2,0,1,1,0,0,0,0,0,8.36946E+20,5.66024E+21,1.38025E+16,5.09948E+16
169436,14,6,12,0,2018,9,23,6,2,8,1,2,0,0,0,1,0,0,1,8.34137E+20,5.66366E+21,1.37658E+16,5.10272E+16
169437,14,6,12,0,2018,9,9,4,2,0,1,0,1,0,0,0,0,0,0,8.39613E+20,5.66326E+21,1.38432E+16,5.10203E+16
169438,14,6,12,0,2018,9,21,4,3,1,1,1,0,1,0,1,0,0,0,8.35426E+20,5.67714E+21,1.37966E+16,5.11472E+16
169439,14,6,12,0,2018,9,22,2,2,0,1,2,1,0,0,0,0,0,0,8.29922E+20,5.66415E+21,1.37063E+16,5.1034E+16
169440,14,6,12,0,2018,9,7,4,2,3,6,0,1,0,0,0,0,1,0,8.35481E+20,5.66395E+21,1.37851E+16,5.1029E+16
169441,14,6,12,0,2018,9,14,2,2,5,3,0,1,0,0,0,0,0,0,8.32478E+20,5.66902E+21,1.37471E+16,5.10762E+16
169442,14,6,12,0,2018,9,17,4,3,6,7,0,0,0,1,0,0,1,0,8.34312E+20,5.66582E+21,1.37703E+16,5.10464E+16
169443,14,5,22,360,2018,9,1,7,3,0,1,2,1,0,0,0,0,0,0,7.79314E+20,5.65552E+21,1.29798E+16,5.09834E+16
169444,14,6,12,0,2018,9,16,4,3,0,7,0,1,1,0,0,0,0,0,8.35777E+20,5.66379E+21,1.37892E+16,5.10274E+16
169445,14,7,30,310,2018,9,18,5,3,3,6,0,1,0,0,0,0,0,0,7.75244E+20,5.72048E+21,1.2972E+16,5.15681E+16
169446,14,6,12,0,2018,9,17,4,3,0,1,0,1,0,0,0,0,0,0,8.34172E+20,5.66542E+21,1.37679E+16,5.10429E+16
169447,14,6,27,210,2018,9,14,7,3,0,3,0,0,1,0,1,0,0,0,8.24851E+20,5.67422E+21,1.36433E+16,5.11271E+16
169448,14,5,21,380,2018,9,11,4,3,9,7,0,0,1,0,0,0,0,0,7.64233E+20,5.62712E+21,1.27449E+16,5.07357E+16
169449,14,5,22,60,2018,9,7,4,3,5,3,0,1,1,0,0,0,0,0,7.67569E+20,5.64548E+21,1.28055E+16,5.08989E+16
169450,14,5,11,0,2018,9,7,6,3,2,1,0,0,1,0,1,0,0,1,7.75414E+20,5.63914E+21,1.2912E+16,5.08383E+16
169451,14,5,21,200,2018,9,0,4,2,9,1,2,1,0,0,0,0,0,0,7.80462E+20,5.62513E+21,1.29728E+16,5.07102E+16
169452,14,5,11,0,2018,9,16,4,2,2,6,0,0,1,0,1,0,0,0,7.73788E+20,5.63872E+21,1.28887E+16,5.08353E+16
169453,14,6,12,0,2018,9,15,2,3,5,3,0,1,1,0,0,0,0,0,8.33222E+20,5.66789E+21,1.37567E+16,5.10656E+16
169454,14,5,24,330,2018,9,11,3,3,5,3,0,0,1,0,0,0,0,0,7.45582E+20,5.62427E+21,1.24792E+16,5.07182E+16
169455,14,6,12,0,2018,9,18,2,3,0,2,0,0,0,0,0,0,1,0,8.36921E+20,5.66498E+21,1.38066E+16,5.10374E+16
169456,14,7,30,70,2018,9,17,3,3,0,2,0,1,1,0,0,0,0,0,7.31876E+20,5.71373E+21,1.23429E+16,5.1527E+16
169457,14,7,13,0,2018,9,12,6,3,4,2,0,0,1,0,0,0,1,0,7.37559E+20,5.69338E+21,1.24111E+16,5.1342E+16
169458,14,7,30,70,2018,9,6,3,3,8,1,0,0,0,0,1,0,0,0,7.32256E+20,5.71219E+21,1.23474E+16,5.1513E+16
169459,14,7,13,0,2018,9,12,5,3,5,3,0,1,1,0,0,0,0,0,7.34636E+20,5.6909E+21,1.23675E+16,5.1321E+16
169460,14,7,13,0,2018,9,7,3,3,5,2,0,1,1,0,0,0,0,0,7.35519E+20,5.69202E+21,1.23809E+16,5.13306E+16
169461,14,7,30,110,2018,9,21,4,3,0,7,2,0,1,1,0,0,0,0,7.51009E+20,5.70675E+21,1.26133E+16,5.14562E+16
169462,14,7,29,410,2018,9,12,3,2,5,3,0,0,1,0,1,0,0,0,7.60604E+20,5.69802E+21,1.27446E+16,5.13736E+16
169463,14,6,12,0,2018,9,17,2,3,8,7,0,0,1,0,0,0,0,0,8.34667E+20,5.66633E+21,1.37758E+16,5.10508E+16
169464,14,7,13,0,2018,9,9,3,3,5,3,0,0,1,0,1,0,0,0,7.37594E+20,5.69345E+21,1.24116E+16,5.13426E+16
169465,14,6,26,610,2018,9,12,3,3,8,1,0,0,0,0,1,0,0,0,9.08103E+20,5.65514E+21,1.48059E+16,5.09032E+16
169466,14,6,12,0,2018,9,16,2,3,5,2,0,1,0,0,0,0,1,0,8.3324E+20,5.66681E+21,1.37559E+16,5.10559E+16
169467,14,6,25,480,2018,9,15,3,3,0,7,0,1,0,0,0,0,0,0,8.43644E+20,5.67383E+21,1.39105E+16,5.11127E+16
169468,14,5,24,80,2018,9,17,1,3,5,3,0,1,1,0,0,0,0,0,7.5032E+20,5.63556E+21,1.25539E+16,5.08176E+16
169469,14,6,12,0,2018,9,15,2,3,5,2,0,1,0,0,0,1,0,0,8.33794E+20,5.66879E+21,1.37656E+16,5.10733E+16
169470,14,6,25,490,2018,9,16,3,3,8,1,0,0,0,0,0,0,1,0,8.76298E+20,5.69083E+21,1.43928E+16,5.12443E+16
169471,14,7,13,0,2018,9,8,6,3,3,7,0,0,1,0,0,0,1,1,7.34785E+20,5.69263E+21,1.23708E+16,5.13364E+16
169472,14,6,12,0,2018,9,17,3,3,5,3,0,1,1,0,0,0,0,0,8.2888E+20,5.66842E+21,1.36954E+16,5.10728E+16
169473,14,6,25,20,2018,9,9,7,3,2,6,0,0,1,0,0,0,1,0,8.79034E+20,5.68326E+21,1.44238E+16,5.11748E+16
169474,14,6,27,10,2018,9,13,5,3,0,7,0,1,0,0,0,0,1,0,8.19545E+20,5.67514E+21,1.35685E+16,5.11383E+16
169475,14,6,25,20,2018,9,15,4,3,2,6,0,0,1,0,1,0,0,0,8.79887E+20,5.68447E+21,1.44372E+16,5.11851E+16
169476,14,6,12,0,2018,9,20,3,3,1,5,2,1,1,0,0,0,0,0,8.30861E+20,5.6648E+21,1.37203E+16,5.10393E+16
169477,14,5,11,0,2018,9,6,2,3,2,6,0,1,1,0,0,0,0,1,7.75253E+20,5.63916E+21,1.29097E+16,5.08385E+16
169478,14,6,12,0,2018,9,16,3,2,5,3,0,1,1,0,0,0,0,0,8.34529E+20,5.66609E+21,1.37736E+16,5.10487E+16
169479,14,6,12,0,2018,9,10,1,2,0,5,0,0,1,0,1,0,0,0,8.2995E+20,5.66274E+21,1.37054E+16,5.10213E+16
169480,14,5,11,0,2018,9,17,2,3,5,3,0,0,1,0,0,0,0,0,7.78429E+20,5.63869E+21,1.29544E+16,5.08329E+16
169481,14,6,12,0,2018,9,19,3,3,0,1,0,1,0,0,0,0,0,0,8.29651E+20,5.66461E+21,1.37029E+16,5.10382E+16
169482,14,6,28,160,2018,9,18,6,3,6,4,0,0,1,1,0,0,0,0,8.40985E+20,5.65953E+21,1.38592E+16,5.09861E+16
169483,14,5,22,250,2018,9,13,3,3,5,3,0,0,1,0,0,0,0,0,7.7793E+20,5.66673E+21,1.29687E+16,5.10846E+16
169484,14,5,21,560,2018,9,6,3,2,3,7,0,0,1,0,1,0,0,0,7.83035E+20,5.60606E+21,1.29947E+16,5.05379E+16
169485,14,7,30,310,2018,9,5,1,3,5,3,2,1,1,0,0,0,0,0,7.77835E+20,5.71932E+21,1.30083E+16,5.15564E+16
169486,14,5,11,0,2018,9,17,2,3,2,6,0,0,1,0,0,0,0,0,7.72616E+20,5.63592E+21,1.287E+16,5.08107E+16
169487,14,5,11,0,2018,9,11,3,2,6,7,0,0,0,1,0,0,1,0,7.74447E+20,5.63611E+21,1.2896E+16,5.08116E+16
169488,14,6,26,110,2018,9,7,6,3,3,2,0,0,1,0,0,0,1,0,9.17133E+20,5.68087E+21,1.49632E+16,5.11269E+16
169489,14,5,11,0,2018,9,12,3,2,5,3,0,1,1,0,0,0,0,0,7.75686E+20,5.63852E+21,1.29154E+16,5.08326E+16
169490,14,5,24,30,2018,9,14,4,3,8,6,0,0,1,0,0,0,1,0,7.36897E+20,5.63593E+21,1.23639E+16,5.08265E+16
169491,14,7,13,0,2018,9,20,1,3,0,6,1,1,1,0,0,0,0,0,7.34172E+20,5.69217E+21,1.23617E+16,5.13325E+16
169492,14,5,11,0,2018,9,14,3,3,0,7,0,1,0,0,0,0,0,0,7.7326E+20,5.63698E+21,1.28799E+16,5.08199E+16
169493,14,7,29,190,2018,9,16,1,2,9,1,0,0,0,0,0,0,1,0,7.41535E+20,5.68387E+21,1.24616E+16,5.12549E+16
169494,14,5,24,30,2018,9,20,2,3,6,4,2,0,1,1,0,0,0,0,7.38912E+20,5.63525E+21,1.2392E+16,5.08196E+16
169495,14,7,13,0,2018,9,18,7,3,3,6,0,1,0,0,0,0,0,0,7.35141E+20,5.69088E+21,1.23748E+16,5.13205E+16
169496,14,5,23,320,2018,9,16,2,3,6,4,0,0,1,1,0,0,0,0,7.22473E+20,5.59831E+21,1.21368E+16,5.04944E+16
169497,14,7,13,0,2018,9,10,1,3,5,3,0,0,1,0,0,0,0,1,7.30307E+20,5.68855E+21,1.2304E+16,5.13016E+16
169498,14,5,23,300,2018,9,17,2,3,1,5,0,0,1,0,0,0,0,0,7.25546E+20,5.58983E+21,1.2175E+16,5.04171E+16
169499,14,6,12,0,2018,9,21,6,3,2,1,2,0,1,0,0,0,0,1,8.32246E+20,5.66578E+21,1.37409E+16,5.10473E+16
169500,14,5,23,320,2018,9,14,2,3,5,3,0,0,1,0,1,0,0,0,7.22934E+20,5.59887E+21,1.21437E+16,5.04993E+16
169501,14,5,24,330,2018,9,12,2,2,5,3,0,1,1,0,0,0,0,0,7.47453E+20,5.62687E+21,1.25074E+16,5.07408E+16
169502,14,6,25,30,2018,9,12,1,3,0,1,0,0,0,0,1,0,0,1,8.49758E+20,5.70473E+21,1.40277E+16,5.13857E+16
169503,14,5,24,320,2018,9,10,2,2,3,2,0,0,1,0,1,0,0,0,7.47718E+20,5.619E+21,1.25059E+16,5.06701E+16
169504,14,7,29,360,2018,9,9,2,3,5,3,0,1,0,0,0,1,0,0,7.41277E+20,5.66569E+21,1.24457E+16,5.10918E+16
169505,14,6,12,0,2018,9,3,1,2,0,1,2,1,0,0,0,0,0,1,8.32986E+20,5.66785E+21,1.37533E+16,5.10653E+16
169506,14,7,29,260,2018,9,16,2,3,6,2,0,0,1,1,0,0,0,0,7.34929E+20,5.68626E+21,1.23687E+16,5.12791E+16
169507,14,6,12,0,2018,9,17,1,2,5,3,0,0,1,0,1,0,0,0,8.34999E+20,5.66563E+21,1.37798E+16,5.10443E+16
169508,14,7,29,260,2018,9,7,2,3,4,7,0,1,1,0,0,0,0,0,7.34434E+20,5.68603E+21,1.23615E+16,5.12773E+16
169509,14,6,12,0,2018,9,20,7,3,5,3,2,1,1,0,0,0,0,0,8.34696E+20,5.66573E+21,1.37756E+16,5.10454E+16
169510,14,7,30,300,2018,9,16,2,3,5,3,0,1,1,0,0,0,0,0,7.44118E+20,5.69782E+21,1.25081E+16,5.13791E+16
169511,14,7,13,0,2018,9,9,2,3,5,2,0,1,1,0,0,0,0,0,7.42285E+20,5.69403E+21,1.24792E+16,5.13458E+16
169512,14,5,23,320,2018,9,8,5,3,5,7,0,1,1,0,0,0,0,0,7.2191E+20,5.59834E+21,1.21289E+16,5.0495E+16
169513,14,7,29,60,2018,9,16,2,3,1,3,0,1,1,0,0,0,0,0,7.46654E+20,5.69452E+21,1.25422E+16,5.13483E+16
169514,14,6,27,230,2018,9,20,2,3,0,1,2,1,0,0,0,0,0,0,7.96841E+20,5.69203E+21,1.32589E+16,5.1302E+16
169515,14,5,11,0,2018,9,12,1,3,9,1,0,0,1,0,0,0,0,0,7.79122E+20,5.63754E+21,1.29633E+16,5.08222E+16
169516,14,6,12,0,2018,9,18,2,3,0,3,0,0,1,0,1,0,0,0,8.3831E+20,5.66065E+21,1.38223E+16,5.09978E+16
169517,14,5,24,330,2018,9,14,7,3,1,5,0,0,1,0,0,0,0,0,7.45915E+20,5.62436E+21,1.2484E+16,5.07189E+16
169518,14,6,12,0,2018,9,16,2,3,6,4,0,1,0,1,0,0,0,0,8.36972E+20,5.6667E+21,1.38089E+16,5.10527E+16
169519,14,7,13,0,2018,9,11,6,2,5,2,0,1,1,0,0,0,0,0,7.37594E+20,5.69345E+21,1.24116E+16,5.13426E+16
169520,14,5,24,330,2018,9,20,7,3,4,2,2,0,1,0,1,0,0,0,7.45733E+20,5.62175E+21,1.24797E+16,5.06956E+16
169521,14,6,12,0,2018,9,7,2,3,2,6,0,0,1,0,0,0,0,0,8.33624E+20,5.66608E+21,1.37607E+16,5.10492E+16
169522,14,5,24,300,2018,9,10,6,3,0,7,0,0,0,0,1,0,0,1,7.37832E+20,5.6255E+21,1.23704E+16,5.07325E+16
169523,14,6,12,0,2018,9,15,2,3,3,6,0,1,0,0,0,0,0,0,8.35863E+20,5.66375E+21,1.37904E+16,5.10269E+16
169524,14,7,29,40,2018,9,10,5,2,6,7,0,0,1,1,0,0,0,0,7.36748E+20,5.67734E+21,1.23888E+16,5.11983E+16
169525,14,6,12,0,2018,9,19,2,3,1,1,2,1,1,0,0,0,0,0,8.35645E+20,5.66488E+21,1.37883E+16,5.10372E+16
169526,14,5,24,30,2018,9,10,7,2,8,1,0,0,0,0,1,0,0,0,7.29523E+20,5.63351E+21,1.22579E+16,5.08078E+16
169527,14,6,12,0,2018,9,5,2,2,5,3,2,0,1,0,1,0,0,0,8.28534E+20,5.66674E+21,1.36889E+16,5.1058E+16
169528,14,5,23,340,2018,9,8,1,3,2,2,0,0,1,0,0,0,0,0,7.33492E+20,5.61337E+21,1.23014E+16,5.06253E+16
169529,14,7,30,70,2018,9,13,7,2,3,2,0,1,1,0,0,0,0,0,7.31725E+20,5.71374E+21,1.23408E+16,5.15271E+16
169530,14,6,12,0,2018,9,14,2,2,5,3,0,0,1,0,1,0,0,0,8.34535E+20,5.6661E+21,1.37737E+16,5.10488E+16
169531,14,7,29,260,2018,9,12,6,2,5,2,0,1,1,0,0,0,0,0,7.34945E+20,5.68602E+21,1.23688E+16,5.1277E+16
169532,14,5,11,0,2018,9,21,2,2,5,2,2,0,1,0,0,0,0,0,7.77437E+20,5.63698E+21,1.2939E+16,5.08179E+16
169533,14,6,28,410,2018,9,7,7,3,0,1,0,0,0,0,1,0,0,0,8.20905E+20,5.66543E+21,1.35793E+16,5.10506E+16
169534,14,6,12,0,2018,9,13,5,3,0,7,0,1,1,0,0,0,0,0,8.32207E+20,5.66864E+21,1.37429E+16,5.10729E+16
169535,14,7,13,0,2018,9,16,6,3,1,5,0,1,1,0,0,0,0,0,7.31746E+20,5.68974E+21,1.23254E+16,5.13117E+16
169536,14,7,13,0,2018,9,7,6,3,5,3,0,1,0,0,0,0,0,0,7.32961E+20,5.69286E+21,1.23448E+16,5.13392E+16
169537,14,7,29,260,2018,9,9,6,3,5,5,0,0,1,0,0,0,0,0,7.35416E+20,5.68613E+21,1.23756E+16,5.12778E+16
169538,14,7,13,0,2018,9,18,6,3,1,5,0,1,1,0,0,0,0,1,7.37753E+20,5.69465E+21,1.24147E+16,5.13533E+16
169539,14,7,13,0,2018,9,22,6,3,5,3,2,1,1,0,0,0,0,1,7.38526E+20,5.69668E+21,1.24271E+16,5.13712E+16
169540,14,7,13,0,2018,9,0,6,2,5,3,2,1,0,0,1,0,0,0,7.33905E+20,5.69082E+21,1.2357E+16,5.13205E+16
169541,14,7,13,0,2018,9,14,6,2,3,6,0,0,1,0,1,0,0,0,7.37785E+20,5.69375E+21,1.24145E+16,5.13452E+16
169542,14,6,25,20,2018,9,7,6,3,5,3,0,1,1,0,0,0,0,0,8.79388E+20,5.68352E+21,1.44291E+16,5.11769E+16
169543,14,6,27,50,2018,9,9,6,3,6,7,0,0,1,1,0,0,0,0,8.09707E+20,5.70532E+21,1.34545E+16,5.14143E+16
169544,14,5,21,570,2018,9,22,7,2,8,1,2,0,1,0,0,0,0,0,8.17011E+20,5.62007E+21,1.34847E+16,5.06461E+16
169545,14,6,27,210,2018,9,8,6,3,6,7,0,0,1,1,0,0,0,0,8.26178E+20,5.67086E+21,1.36592E+16,5.10963E+16
169546,14,6,12,0,2018,9,8,6,3,5,3,0,1,1,0,0,0,0,0,8.29622E+20,5.66424E+21,1.37021E+16,5.10349E+16
169547,14,6,12,0,2018,9,13,6,3,3,6,0,1,0,0,0,0,1,0,8.38365E+20,5.66207E+21,1.38244E+16,5.10104E+16
169548,14,6,12,0,2018,9,11,6,3,0,2,0,0,0,0,0,1,1,0,8.36823E+20,5.66662E+21,1.38067E+16,5.10521E+16
169549,14,6,12,0,2018,9,22,6,3,2,6,2,0,1,0,0,0,0,1,8.33395E+20,5.66356E+21,1.37551E+16,5.10267E+16
169550,14,6,12,0,2018,9,17,6,3,5,3,0,0,1,0,0,0,1,1,8.30875E+20,5.66386E+21,1.37196E+16,5.10308E+16
169551,14,6,12,0,2018,9,12,6,3,5,2,0,0,1,0,0,0,0,0,8.38149E+20,5.6611E+21,1.38204E+16,5.10019E+16
169552,14,6,12,0,2018,9,11,6,3,2,6,0,0,1,0,0,0,0,0,8.35905E+20,5.66304E+21,1.37903E+16,5.10206E+16
169553,14,6,12,0,2018,9,10,6,3,3,2,0,1,1,0,0,0,0,0,8.37034E+20,5.66611E+21,1.38092E+16,5.10474E+16
169554,14,6,12,0,2018,9,8,6,2,5,3,0,1,1,0,0,0,0,0,8.31125E+20,5.66604E+21,1.37252E+16,5.10503E+16
169555,14,6,12,0,2018,9,17,6,3,6,4,0,1,0,1,0,0,0,1,8.33793E+20,5.66625E+21,1.37633E+16,5.10505E+16
169556,14,6,12,0,2018,9,7,6,2,0,1,0,0,0,0,1,0,0,1,8.34784E+20,5.66857E+21,1.37795E+16,5.10707E+16
169557,14,5,21,530,2018,9,11,6,3,5,3,0,0,1,0,0,0,1,0,7.56095E+20,5.6091E+21,1.26174E+16,5.05775E+16
169558,14,5,11,0,2018,9,13,6,3,5,2,0,0,1,0,0,0,1,0,7.74563E+20,5.64199E+21,1.29021E+16,5.08643E+16
169559,14,5,24,330,2018,9,9,5,3,2,1,0,0,0,0,1,0,0,0,7.46102E+20,5.62432E+21,1.24866E+16,5.07185E+16
169560,14,7,29,50,2018,9,13,5,3,6,7,0,1,0,1,0,0,0,0,7.44683E+20,5.66934E+21,1.24967E+16,5.11232E+16
169561,14,7,13,0,2018,9,14,5,3,5,3,0,1,1,0,0,0,0,0,7.296E+20,5.68861E+21,1.22939E+16,5.13024E+16
169562,14,7,13,0,2018,9,11,6,2,5,3,0,0,1,0,0,0,1,0,7.27782E+20,5.68914E+21,1.22682E+16,5.13079E+16
169563,14,7,13,0,2018,9,14,6,2,5,3,0,1,1,0,0,0,0,0,7.42271E+20,5.69456E+21,1.24794E+16,5.13506E+16
169564,14,7,13,0,2018,9,16,5,3,2,2,0,0,0,0,1,0,1,0,7.29788E+20,5.69404E+21,1.23001E+16,5.13511E+16
169565,14,6,26,600,2018,9,10,6,3,5,3,0,0,1,0,0,0,0,0,8.90821E+20,5.72075E+21,1.46327E+16,5.15024E+16
169566,14,7,13,0,2018,9,12,5,3,5,2,0,0,1,0,1,0,0,0,7.38875E+20,5.69355E+21,1.243E+16,5.13429E+16
169567,14,6,25,480,2018,9,15,6,3,4,2,0,0,1,0,1,0,0,0,8.44093E+20,5.6732E+21,1.39163E+16,5.11067E+16
169568,14,7,13,0,2018,9,19,5,3,2,2,1,0,1,0,0,0,0,0,7.34313E+20,5.6955E+21,1.23659E+16,5.13623E+16
169569,14,5,11,0,2018,9,15,7,3,5,3,0,1,1,0,0,0,0,0,7.67111E+20,5.63612E+21,1.27922E+16,5.08151E+16
169570,14,6,25,240,2018,9,16,6,2,2,6,0,0,1,0,0,0,1,0,8.65913E+20,5.71149E+21,1.42659E+16,5.14361E+16
169571,14,6,27,10,2018,9,15,6,3,6,4,0,0,1,1,0,0,0,1,8.21483E+20,5.67552E+21,1.35965E+16,5.11407E+16
169572,14,7,29,260,2018,9,12,5,3,4,6,0,1,0,0,0,0,1,0,7.354E+20,5.68591E+21,1.23752E+16,5.12758E+16
169573,14,6,12,0,2018,9,15,6,3,2,6,0,0,1,0,0,0,0,1,8.28292E+20,5.66434E+21,1.36833E+16,5.10366E+16
169574,14,7,29,260,2018,9,17,5,2,5,3,0,1,1,0,0,0,0,0,7.35547E+20,5.68568E+21,1.23772E+16,5.12737E+16
169575,14,6,12,0,2018,9,16,6,3,2,6,0,1,1,0,0,0,0,0,8.32523E+20,5.66451E+21,1.37436E+16,5.10357E+16
169576,14,6,12,0,2018,9,11,6,3,2,6,0,0,1,0,0,0,0,0,8.36692E+20,5.6606E+21,1.37992E+16,5.09982E+16
169577,14,5,11,0,2018,9,10,7,3,5,3,0,1,1,0,0,0,0,0,7.79294E+20,5.63877E+21,1.29667E+16,5.08332E+16
169578,14,7,13,0,2018,9,15,5,3,1,6,0,0,1,0,0,0,0,0,7.26843E+20,5.69775E+21,1.22603E+16,5.13855E+16
169579,14,6,12,0,2018,9,16,6,3,3,6,0,0,1,0,1,0,0,0,8.32927E+20,5.66454E+21,1.37494E+16,5.10358E+16
169580,14,6,12,0,2018,9,14,6,3,6,4,0,0,1,1,0,0,0,1,8.36348E+20,5.66221E+21,1.37959E+16,5.10129E+16
169581,14,6,12,0,2018,9,5,6,3,6,2,2,1,0,1,0,0,0,1,8.34721E+20,5.66722E+21,1.37774E+16,5.10588E+16
169582,14,7,30,270,2018,9,17,5,3,5,3,0,0,1,0,0,0,0,0,7.23818E+20,5.70162E+21,1.22193E+16,5.14215E+16
169583,14,6,12,0,2018,9,20,6,2,1,5,2,0,1,0,1,0,0,0,8.28385E+20,5.66655E+21,1.36866E+16,5.10564E+16
169584,14,6,26,110,2018,9,9,5,3,0,1,0,0,1,0,0,0,0,0,9.17891E+20,5.68293E+21,1.49764E+16,5.11448E+16
169585,14,5,11,0,2018,9,14,6,3,2,6,0,0,1,0,0,0,0,1,7.73764E+20,5.63871E+21,1.28883E+16,5.08352E+16
169586,14,6,26,110,2018,9,7,5,3,6,2,0,0,1,1,0,0,0,0,9.17279E+20,5.68283E+21,1.49676E+16,5.11444E+16
169587,14,5,11,0,2018,9,15,6,3,2,1,0,0,1,0,0,0,0,1,7.74333E+20,5.63703E+21,1.28951E+16,5.08199E+16
169588,14,6,27,60,2018,9,7,5,3,1,5,0,1,0,0,0,0,0,0,8.14999E+20,5.69149E+21,1.35181E+16,5.12874E+16
169589,14,7,13,0,2018,9,13,5,3,1,5,0,1,0,0,0,1,0,0,7.34318E+20,5.69584E+21,1.23662E+16,5.13654E+16
169590,14,6,27,60,2018,9,15,5,3,5,3,0,1,1,0,0,0,0,0,8.15687E+20,5.69178E+21,1.35282E+16,5.12896E+16
169591,14,7,30,80,2018,9,12,5,3,5,3,0,1,1,0,0,0,0,0,7.59979E+20,5.71217E+21,1.27461E+16,5.15007E+16
169592,14,6,12,0,2018,9,16,5,3,5,3,0,1,1,0,0,0,0,0,8.36082E+20,5.66579E+21,1.37954E+16,5.10451E+16
169593,14,6,12,0,2018,9,9,5,3,5,2,0,0,1,0,0,0,1,0,8.33715E+20,5.67388E+21,1.37692E+16,5.1119E+16
169594,14,7,13,0,2018,9,18,5,3,1,1,0,1,1,0,0,0,0,0,7.35054E+20,5.69105E+21,1.23736E+16,5.13221E+16
169595,14,6,12,0,2018,9,16,5,3,4,1,0,1,0,0,0,0,0,0,8.33092E+20,5.667E+21,1.3754E+16,5.10577E+16
169596,14,7,13,0,2018,9,16,5,3,5,2,0,1,0,0,0,0,0,0,7.35161E+20,5.69324E+21,1.23766E+16,5.13417E+16
169597,14,6,12,0,2018,9,9,5,3,0,1,0,1,0,0,0,0,0,0,8.34789E+20,5.66657E+21,1.37777E+16,5.10529E+16