OBJECTID_1,ULAND,UREGBEZ,UKREIS,UGEMEINDE,UJAHR,UMONAT,USTUNDE,UWOCHENTAG,UKATEGORIE,UART,UTYP1,ULICHTVERH,IstRad,IstPKW,IstFuss,IstKrad,IstGkfz,IstSonstig,STRZUSTAND,LINREFX,LINREFY,XGCSWGS84,YGCSWGS84
169966,14,5,22,180,2018,10,13,5,3,0,3,0,0,1,0,0,0,0,0,8.04657E+20,5.65005E+21,1.33353E+16,5.09215E+16
169967,14,7,13,0,2018,10,11,3,3,5,3,0,0,1,0,0,0,0,0,7.3042E+20,5.69095E+21,1.23072E+16,5.13231E+16
169968,14,5,22,50,2018,10,16,5,3,5,3,0,0,1,0,0,0,0,0,8.03954E+20,5.64342E+21,1.33198E+16,5.08624E+16
169969,14,7,13,0,2018,10,17,3,3,5,1,0,0,1,0,0,0,0,1,7.35268E+20,5.69522E+21,1.23795E+16,5.13594E+16
169970,14,5,11,0,2018,10,12,5,3,1,5,0,0,1,0,0,0,0,0,7.74002E+20,5.63725E+21,1.28906E+16,5.0822E+16
169971,14,5,11,0,2018,10,0,5,3,0,7,2,0,1,0,0,0,0,0,7.69622E+20,5.64294E+21,1.28327E+16,5.08752E+16
169972,14,7,13,0,2018,10,17,3,3,5,3,0,0,1,0,0,0,0,0,7.316E+20,5.6905E+21,1.23238E+16,5.13186E+16
169973,14,5,21,690,2018,10,15,5,2,5,2,0,0,0,0,1,0,1,0,7.87046E+20,5.63071E+21,1.30702E+16,5.0757E+16
169974,14,6,25,640,2018,10,17,3,3,7,7,0,0,1,0,0,0,0,1,8.64462E+20,5.7027E+21,1.42361E+16,5.13584E+16
169975,14,5,21,450,2018,10,7,5,2,5,3,0,0,1,0,0,0,0,0,7.6118E+20,5.62612E+21,1.2701E+16,5.0728E+16
169976,14,6,25,630,2018,10,20,3,2,9,1,2,0,0,0,1,0,0,1,8.76018E+20,5.67445E+21,1.43717E+16,5.1098E+16
169977,14,7,29,410,2018,10,14,4,2,5,3,0,1,1,0,0,0,0,0,7.60712E+20,5.69816E+21,1.27463E+16,5.13748E+16
169978,14,7,13,0,2018,10,3,4,3,7,1,2,1,0,0,0,0,0,0,7.34839E+20,5.69299E+21,1.23718E+16,5.13396E+16
169979,14,6,25,20,2018,10,14,3,3,6,4,0,0,1,1,0,0,0,0,8.79885E+20,5.68515E+21,1.44379E+16,5.11912E+16
169980,14,7,13,0,2018,10,15,4,3,6,4,0,0,1,1,0,0,0,0,7.3173E+20,5.69071E+21,1.23258E+16,5.13204E+16
169981,14,6,25,20,2018,10,14,3,3,6,7,0,1,0,1,0,0,0,0,8.79951E+20,5.68363E+21,1.44373E+16,5.11775E+16
169982,14,7,13,0,2018,10,16,4,3,2,6,0,0,0,0,1,0,1,0,7.39823E+20,5.69478E+21,1.24445E+16,5.13536E+16
169983,14,6,27,190,2018,10,16,3,3,5,3,0,1,1,0,0,0,0,0,8.06212E+20,5.69236E+21,1.33932E+16,5.13E+16
169984,14,7,13,0,2018,10,17,4,3,4,2,0,1,1,0,0,0,0,0,7.33825E+20,5.69256E+21,1.2357E+16,5.13361E+16
169985,14,6,12,0,2018,10,16,3,3,1,5,0,1,1,0,0,0,0,0,8.26836E+20,5.66679E+21,1.36648E+16,5.10594E+16
169986,14,7,13,0,2018,10,17,4,3,6,4,1,0,1,1,0,0,0,0,7.37298E+20,5.6967E+21,1.24095E+16,5.13719E+16
169987,14,6,12,0,2018,10,16,3,3,5,3,0,1,1,0,0,0,0,0,8.29424E+20,5.67025E+21,1.37048E+16,5.1089E+16
169988,14,6,12,0,2018,10,7,3,3,2,6,0,0,1,0,0,0,0,1,8.35476E+20,5.66473E+21,1.37858E+16,5.1036E+16
169989,14,7,13,0,2018,10,13,4,3,5,2,0,1,1,0,0,0,0,0,7.38189E+20,5.69241E+21,1.24195E+16,5.1333E+16
169990,14,6,12,0,2018,10,16,3,3,6,4,0,0,0,1,0,0,1,0,8.37658E+20,5.66538E+21,1.38174E+16,5.10405E+16
169991,14,7,13,0,2018,10,15,4,3,5,3,0,0,1,0,1,0,0,0,7.40846E+20,5.69478E+21,1.24591E+16,5.13532E+16
169992,14,5,22,360,2018,10,12,3,3,2,2,0,0,1,0,0,0,0,0,7.78991E+20,5.65595E+21,1.29755E+16,5.09874E+16
169993,14,7,13,0,2018,10,17,4,2,2,6,0,0,1,0,0,0,1,0,7.34951E+20,5.69088E+21,1.2372E+16,5.13206E+16
169994,14,5,11,0,2018,10,15,3,3,6,4,0,0,1,1,0,0,0,1,7.74418E+20,5.63425E+21,1.28942E+16,5.07949E+16
169995,14,7,13,0,2018,10,8,4,2,5,3,0,1,1,0,0,0,0,0,7.34151E+20,5.69564E+21,1.23637E+16,5.13637E+16
169996,14,5,11,0,2018,10,9,3,3,1,2,0,0,1,0,0,0,0,0,7.78274E+20,5.63663E+21,1.29506E+16,5.08144E+16
169997,14,7,29,430,2018,10,8,4,2,5,2,0,1,1,0,0,0,0,0,7.32319E+20,5.67925E+21,1.23268E+16,5.12173E+16
169998,14,5,22,50,2018,10,20,3,3,5,3,2,0,1,0,0,1,0,1,8.04055E+20,5.64258E+21,1.33205E+16,5.08549E+16
169999,14,5,21,630,2018,10,19,3,2,6,4,2,0,1,1,0,0,0,1,7.84157E+20,5.61416E+21,1.30166E+16,5.061E+16
170000,14,6,25,200,2018,10,16,4,3,6,4,0,0,0,1,0,0,1,0,8.51838E+20,5.67846E+21,1.40316E+16,5.11492E+16
170001,14,5,24,80,2018,10,15,2,3,5,3,0,0,1,0,1,0,0,0,7.49234E+20,5.63496E+21,1.25381E+16,5.08126E+16
170002,14,5,24,330,2018,10,16,2,3,5,3,0,0,1,0,0,0,0,0,7.45582E+20,5.62427E+21,1.24792E+16,5.07182E+16
170003,14,6,25,480,2018,10,5,4,3,5,3,2,0,1,0,0,0,0,0,8.44093E+20,5.67319E+21,1.39163E+16,5.11067E+16
170004,14,7,13,0,2018,10,19,2,3,0,1,0,0,0,0,1,0,0,0,7.35779E+20,5.69314E+21,1.23854E+16,5.13406E+16
170005,14,6,27,230,2018,10,9,4,2,5,3,0,1,1,0,0,0,0,0,7.97166E+20,5.69218E+21,1.32637E+16,5.13032E+16
170006,14,7,13,0,2018,10,12,2,3,6,2,0,0,1,1,0,0,0,1,7.32141E+20,5.69068E+21,1.23317E+16,5.13199E+16
170007,14,6,12,0,2018,10,13,4,2,5,3,0,1,0,0,0,0,1,0,8.29853E+20,5.66418E+21,1.37054E+16,5.10343E+16
170008,14,7,13,0,2018,10,17,2,3,2,2,0,1,1,0,0,0,0,0,7.37746E+20,5.69215E+21,1.24129E+16,5.13309E+16
170009,14,6,12,0,2018,10,17,4,3,2,6,0,0,1,0,0,0,0,0,8.28588E+20,5.66665E+21,1.36896E+16,5.10572E+16
170010,14,7,13,0,2018,10,12,2,2,5,3,0,1,1,0,0,0,0,0,7.39942E+20,5.69807E+21,1.24484E+16,5.1383E+16
170011,14,6,12,0,2018,10,6,4,3,6,2,2,0,1,1,0,0,0,0,8.30239E+20,5.66401E+21,1.37107E+16,5.10326E+16
170012,14,6,25,240,2018,10,6,2,3,5,3,1,1,1,0,0,0,0,0,8.66057E+20,5.71129E+21,1.42677E+16,5.14343E+16
170013,14,6,12,0,2018,10,14,4,3,5,1,0,1,1,0,0,0,0,0,8.32428E+20,5.66412E+21,1.37419E+16,5.10322E+16
170014,14,6,28,270,2018,10,12,2,3,5,3,0,0,1,0,0,0,0,0,8.47698E+20,5.65847E+21,1.39535E+16,5.09726E+16
170015,14,6,12,0,2018,10,16,2,3,5,2,0,1,0,0,0,0,1,0,8.31823E+20,5.67353E+21,1.37419E+16,5.1117E+16
170016,14,6,12,0,2018,10,17,4,2,5,3,1,1,1,0,0,0,0,0,8.32418E+20,5.66814E+21,1.37455E+16,5.10683E+16
170017,14,6,12,0,2018,10,17,2,3,0,1,0,1,0,0,0,0,0,0,8.37412E+20,5.66312E+21,1.38118E+16,5.10204E+16
170018,14,5,22,180,2018,10,16,4,3,5,2,0,1,1,0,0,0,0,0,8.04657E+20,5.64891E+21,1.33343E+16,5.09113E+16
170019,14,5,22,340,2018,10,14,4,3,6,7,0,0,1,0,0,0,1,0,8.09973E+20,5.6414E+21,1.34033E+16,5.08411E+16
170020,14,6,12,0,2018,10,14,2,3,0,2,0,0,1,0,0,0,1,0,8.29874E+20,5.66527E+21,1.37067E+16,5.1044E+16
170021,14,5,24,30,2018,10,4,3,3,0,7,2,0,1,0,0,0,0,1,7.35443E+20,5.63476E+21,1.23426E+16,5.08166E+16
170022,14,5,11,0,2018,10,12,2,3,5,3,0,1,1,0,0,0,0,0,7.74503E+20,5.63644E+21,1.28971E+16,5.08145E+16
170023,14,5,23,10,2018,10,13,3,2,5,3,0,0,1,0,1,0,0,0,7.31508E+20,5.57969E+21,1.22525E+16,5.03238E+16
170024,14,7,13,0,2018,10,11,3,3,2,2,0,0,1,0,1,0,0,0,7.35144E+20,5.68922E+21,1.23737E+16,5.13056E+16
170025,14,7,29,160,2018,9,17,1,3,0,7,0,1,0,0,0,0,0,0,7.6015E+20,5.68224E+21,1.27266E+16,5.12322E+16
170026,14,7,13,0,2018,10,12,3,3,5,3,0,1,1,0,0,0,0,0,7.31698E+20,5.69263E+21,1.23266E+16,5.13377E+16
170027,14,7,29,260,2018,9,15,1,3,0,7,0,1,0,0,0,0,0,0,7.38971E+20,5.68616E+21,1.24265E+16,5.12766E+16
170028,14,7,13,0,2018,10,9,3,3,2,6,0,0,1,0,0,0,0,0,7.41894E+20,5.694E+21,1.24736E+16,5.13457E+16
170029,14,6,26,310,2018,10,16,3,3,4,6,0,0,0,0,0,1,0,0,9.03567E+20,5.65761E+21,1.47445E+16,5.09285E+16
170030,14,7,13,0,2018,9,21,1,3,5,3,2,0,0,0,1,0,1,0,7.35088E+20,5.68972E+21,1.23732E+16,5.13101E+16
170031,14,6,26,300,2018,10,13,3,3,5,3,0,1,1,0,0,0,0,0,9.10178E+20,5.68236E+21,1.4866E+16,5.11453E+16
170032,14,7,13,0,2018,9,15,1,3,5,2,0,0,1,0,0,0,1,0,7.34818E+20,5.6941E+21,1.23723E+16,5.13496E+16
170033,14,7,13,0,2018,9,21,1,3,2,6,2,0,1,0,0,0,0,0,7.34105E+20,5.69506E+21,1.23627E+16,5.13585E+16
170034,14,6,25,20,2018,10,14,3,2,2,6,0,0,1,0,1,0,0,0,8.79017E+20,5.68339E+21,1.44237E+16,5.1176E+16
170035,14,6,27,230,2018,10,18,3,3,6,4,1,1,0,1,0,0,0,0,8.0058E+20,5.69224E+21,1.33126E+16,5.1302E+16
170036,14,6,26,600,2018,9,16,1,3,1,5,0,1,1,0,0,0,0,0,8.89521E+20,5.72077E+21,1.46141E+16,5.15035E+16
170037,14,6,28,270,2018,10,17,3,3,2,6,0,0,1,0,0,0,0,0,8.45351E+20,5.65678E+21,1.39186E+16,5.09589E+16
170038,14,6,12,0,2018,9,3,1,3,5,3,2,0,1,0,0,0,1,0,8.31072E+20,5.66495E+21,1.37234E+16,5.10405E+16
170039,14,6,12,0,2018,10,15,3,3,0,1,0,1,0,0,0,0,0,0,8.30995E+20,5.66599E+21,1.37233E+16,5.10499E+16
170040,14,6,12,0,2018,10,17,3,3,6,7,0,0,1,0,0,0,1,0,8.34714E+20,5.66495E+21,1.37752E+16,5.10384E+16
170041,14,6,27,210,2018,9,16,1,2,4,1,0,0,1,0,0,0,0,0,8.26534E+20,5.67077E+21,1.36641E+16,5.10952E+16
170042,14,6,12,0,2018,10,14,3,3,3,2,0,0,0,0,0,0,1,0,8.34716E+20,5.66494E+21,1.37752E+16,5.10383E+16
170043,14,5,21,410,2018,9,11,1,3,0,1,0,0,0,0,1,0,0,0,7.71282E+20,5.63239E+21,1.28485E+16,5.07797E+16
170044,14,6,12,0,2018,10,16,3,3,3,6,0,1,1,0,0,0,0,0,8.31282E+20,5.6658E+21,1.37272E+16,5.10479E+16
170045,14,5,24,320,2018,9,14,7,3,3,2,0,0,1,0,1,0,0,0,7.48299E+20,5.62093E+21,1.25154E+16,5.06871E+16
170046,14,6,12,0,2018,10,19,3,2,6,4,2,0,1,1,0,0,0,0,8.27202E+20,5.66465E+21,1.36681E+16,5.104E+16
170047,14,5,23,300,2018,9,13,7,3,4,6,0,0,1,0,0,0,0,0,7.28069E+20,5.58883E+21,1.22098E+16,5.04072E+16
170048,14,6,12,0,2018,10,10,3,2,5,3,0,1,1,0,0,0,0,0,8.32533E+20,5.66838E+21,1.37473E+16,5.10704E+16
170049,14,7,30,70,2018,9,18,7,3,2,6,0,0,1,0,0,0,0,0,7.31017E+20,5.71485E+21,1.23313E+16,5.15374E+16
170050,14,7,29,170,2018,9,10,7,3,0,7,0,1,1,0,0,0,0,0,7.29605E+20,5.6721E+21,1.22834E+16,5.11542E+16
170051,14,6,12,0,2018,10,20,3,3,0,7,2,0,1,0,0,0,0,0,8.36402E+20,5.66542E+21,1.37996E+16,5.10416E+16
170052,14,7,13,0,2018,9,11,7,3,6,7,0,0,0,1,0,0,1,0,7.36883E+20,5.68869E+21,1.23983E+16,5.13001E+16
170053,14,7,13,0,2018,9,19,7,3,0,6,1,1,0,0,0,0,1,0,7.40728E+20,5.69675E+21,1.24588E+16,5.13709E+16
170054,14,6,12,0,2018,10,16,3,3,0,1,0,1,0,0,0,0,0,0,8.3271E+20,5.6636E+21,1.37454E+16,5.10275E+16
170055,14,6,27,210,2018,9,1,7,3,0,1,2,1,0,0,0,0,0,0,8.23292E+20,5.67372E+21,1.36206E+16,5.11236E+16
170056,14,6,12,0,2018,10,17,3,3,5,2,0,0,1,0,0,0,1,0,8.34716E+20,5.66494E+21,1.37752E+16,5.10383E+16
170057,14,6,28,50,2018,9,12,7,3,2,6,0,1,1,0,0,0,0,0,8.31E+20,5.6603E+21,1.37181E+16,5.09988E+16
170058,14,5,21,590,2018,10,18,3,3,6,6,0,0,1,1,0,0,0,0,7.6236E+20,5.61953E+21,1.27131E+16,5.06684E+16
170059,14,6,12,0,2018,9,17,7,3,0,1,0,1,0,0,0,0,0,0,8.32354E+20,5.6686E+21,1.3745E+16,5.10724E+16
170060,14,6,12,0,2018,9,13,7,3,5,3,0,1,1,0,0,0,0,0,8.32996E+20,5.66582E+21,1.37515E+16,5.10472E+16
170061,14,5,11,0,2018,10,14,3,3,2,2,0,0,1,0,0,0,1,0,7.71328E+20,5.63669E+21,1.28523E+16,5.08183E+16
170062,14,6,12,0,2018,9,23,7,3,6,4,2,0,0,1,0,0,1,0,8.32927E+20,5.66586E+21,1.37506E+16,5.10475E+16
170063,14,7,29,160,2018,9,16,6,3,5,3,0,0,1,0,0,0,0,0,7.58272E+20,5.67909E+21,1.26975E+16,5.12047E+16
170064,14,5,24,140,2018,10,9,2,3,6,7,0,0,1,1,0,0,0,0,7.34797E+20,5.62804E+21,1.23291E+16,5.07565E+16
170065,14,7,29,140,2018,9,12,6,3,5,2,0,1,1,0,0,0,0,1,7.49175E+20,5.66265E+21,1.25562E+16,5.10612E+16
170066,14,7,13,0,2018,10,11,2,3,5,3,0,0,1,0,0,0,0,0,7.28537E+20,5.68994E+21,1.22795E+16,5.13148E+16
170067,14,7,13,0,2018,9,13,6,3,2,6,0,0,1,0,0,0,0,0,7.37373E+20,5.69315E+21,1.24083E+16,5.134E+16
170068,14,7,13,0,2018,10,17,2,3,3,6,0,1,0,0,0,0,1,0,7.33038E+20,5.6906E+21,1.23445E+16,5.13189E+16
170069,14,7,29,260,2018,10,8,2,3,9,7,0,0,1,0,0,0,0,0,7.3572E+20,5.68395E+21,1.23785E+16,5.12581E+16
170070,14,7,13,0,2018,9,8,6,3,5,3,0,1,1,0,0,0,0,0,7.37252E+20,5.69495E+21,1.24077E+16,5.13562E+16
170071,14,7,13,0,2018,10,16,2,2,4,6,0,1,0,0,0,0,0,0,7.35112E+20,5.69419E+21,1.23765E+16,5.13503E+16
170072,14,7,13,0,2018,9,16,6,3,5,3,0,1,1,0,0,0,0,0,7.35173E+20,5.69346E+21,1.23769E+16,5.13437E+16
170073,14,7,13,0,2018,10,11,2,3,2,6,0,0,1,0,0,1,1,0,7.35212E+20,5.69405E+21,1.23779E+16,5.13489E+16
170074,14,7,13,0,2018,9,9,6,2,5,3,0,1,1,0,0,0,0,0,7.29913E+20,5.69341E+21,1.23015E+16,5.13454E+16
170075,14,6,25,480,2018,10,22,2,3,5,3,2,0,1,0,0,0,0,0,8.44092E+20,5.67319E+21,1.39163E+16,5.11067E+16
170076,14,7,30,270,2018,9,21,6,3,8,1,2,0,1,0,0,0,0,0,7.22434E+20,5.69386E+21,1.21946E+16,5.13524E+16
170077,14,6,26,110,2018,10,14,2,3,6,7,0,1,1,1,0,0,0,0,9.1812E+20,5.68353E+21,1.49803E+16,5.115E+16
170078,14,6,28,260,2018,10,14,2,2,0,7,0,1,0,0,0,0,0,0,8.65748E+20,5.66464E+21,1.42157E+16,5.10167E+16
170079,14,7,13,0,2018,9,12,6,3,1,5,0,1,0,0,0,1,0,1,7.36906E+20,5.69305E+21,1.24015E+16,5.13393E+16
170080,14,6,28,340,2018,10,19,2,3,7,7,2,0,0,0,1,0,0,0,8.54949E+20,5.64736E+21,1.40455E+16,5.08687E+16
170081,14,7,13,0,2018,9,17,6,3,1,5,0,1,0,0,0,1,0,0,7.35045E+20,5.69136E+21,1.23737E+16,5.13249E+16
170082,14,6,28,270,2018,10,10,5,2,6,2,0,0,1,1,0,0,0,1,8.46336E+20,5.65718E+21,1.39329E+16,5.09619E+16
170083,14,6,28,240,2018,10,7,5,3,9,1,0,0,1,0,0,0,0,1,8.5013E+20,5.6607E+21,1.39901E+16,5.09911E+16
170084,14,6,28,110,2018,10,10,5,3,4,1,0,0,1,0,0,1,0,1,8.273E+20,5.66199E+21,1.36671E+16,5.10162E+16
170085,14,6,12,0,2018,10,19,5,3,4,6,2,1,0,0,0,0,0,0,8.28243E+20,5.66958E+21,1.36874E+16,5.10836E+16
170086,14,6,12,0,2018,10,9,5,3,6,4,0,1,0,1,0,0,0,1,8.30949E+20,5.66374E+21,1.37205E+16,5.10297E+16
170087,14,6,12,0,2018,10,8,5,3,0,3,0,0,1,0,1,0,0,1,8.31761E+20,5.66268E+21,1.37311E+16,5.10197E+16
170088,14,5,22,490,2018,11,17,1,3,9,6,2,0,1,0,1,0,0,0,7.63296E+20,5.6613E+21,1.27563E+16,5.10428E+16
170089,14,6,12,0,2018,10,10,5,3,0,1,0,0,0,0,1,0,0,1,8.34238E+20,5.67498E+21,1.37777E+16,5.11286E+16
170090,14,6,12,0,2018,10,19,5,3,2,2,2,0,1,0,0,0,0,1,8.34707E+20,5.66437E+21,1.37745E+16,5.10331E+16
170091,14,5,24,330,2018,11,12,7,3,5,3,0,1,1,0,0,0,0,0,7.42999E+20,5.62478E+21,1.2443E+16,5.0724E+16
170092,14,6,12,0,2018,10,6,5,3,8,1,2,0,1,0,0,0,0,1,8.32135E+20,5.66491E+21,1.37385E+16,5.10395E+16
170093,14,7,13,0,2018,11,11,7,2,4,2,0,1,1,0,0,0,0,0,7.37373E+20,5.69316E+21,1.24083E+16,5.13401E+16
170094,14,6,12,0,2018,10,16,5,3,1,7,0,0,1,0,0,0,0,0,8.37826E+20,5.66183E+21,1.38165E+16,5.10086E+16
170095,14,7,13,0,2018,11,12,7,2,6,4,0,0,0,1,0,0,1,0,7.35112E+20,5.69419E+21,1.23765E+16,5.13503E+16
170096,14,6,12,0,2018,10,16,5,3,2,6,0,0,1,0,0,0,0,0,8.37826E+20,5.66183E+21,1.38165E+16,5.10086E+16
170097,14,7,13,0,2018,11,16,7,3,5,3,2,1,1,0,0,0,0,0,7.34372E+20,5.69237E+21,1.23647E+16,5.13343E+16
170098,14,5,22,180,2018,10,8,5,3,5,3,0,0,1,0,0,0,0,1,8.05638E+20,5.64835E+21,1.33478E+16,5.09058E+16
170099,14,5,11,0,2018,10,9,5,3,0,6,0,0,1,0,0,0,1,0,7.75883E+20,5.63883E+21,1.29184E+16,5.08353E+16
170100,14,7,13,0,2018,11,16,7,3,1,5,0,1,1,0,0,0,0,0,7.34947E+20,5.69579E+21,1.23752E+16,5.13647E+16
170101,14,5,11,0,2018,10,16,5,2,5,3,0,1,0,0,0,0,1,0,7.753E+20,5.63817E+21,1.29097E+16,5.08296E+16
170102,14,6,27,230,2018,11,12,7,2,4,6,0,1,1,0,0,0,0,0,7.99465E+20,5.69222E+21,1.32966E+16,5.13024E+16
170103,14,6,27,60,2018,11,13,7,2,6,2,0,0,1,1,0,0,0,0,8.13275E+20,5.69881E+21,1.34999E+16,5.1354E+16
170104,14,7,13,0,2018,10,17,4,3,6,2,0,1,0,1,0,0,0,0,7.35756E+20,5.69287E+21,1.23849E+16,5.13381E+16
170105,14,6,12,0,2018,11,18,7,3,3,2,2,0,1,0,0,0,1,0,8.35465E+20,5.66421E+21,1.37852E+16,5.10313E+16
170106,14,7,13,0,2018,10,18,4,3,5,3,2,1,1,0,0,0,0,0,7.35272E+20,5.69118E+21,1.23768E+16,5.13232E+16
170107,14,6,12,0,2018,11,16,7,3,5,3,2,1,1,0,0,0,0,0,8.34403E+20,5.66508E+21,1.37709E+16,5.10398E+16
170108,14,7,13,0,2018,10,17,4,3,5,3,1,0,1,0,0,0,0,0,7.34645E+20,5.69325E+21,1.23692E+16,5.1342E+16
170109,14,5,21,30,2018,11,9,7,3,5,3,0,0,1,0,0,0,0,0,7.62318E+20,5.61109E+21,1.27065E+16,5.05927E+16
170110,14,7,13,0,2018,10,11,4,3,2,6,0,0,1,0,0,0,0,0,7.34772E+20,5.69894E+21,1.23748E+16,5.1393E+16
170111,14,5,11,0,2018,11,23,7,3,5,3,2,0,1,0,0,0,0,0,7.74928E+20,5.63884E+21,1.29049E+16,5.08358E+16
170112,14,6,12,0,2018,11,10,6,3,2,6,0,0,1,0,0,0,0,0,8.36418E+20,5.66344E+21,1.3798E+16,5.10239E+16
170113,14,5,23,430,2018,11,10,6,2,5,3,0,0,1,0,0,0,1,0,7.32831E+20,5.60483E+21,1.22867E+16,5.0549E+16
170114,14,6,25,40,2018,10,13,4,3,6,4,0,0,1,1,0,0,0,0,8.62236E+20,5.67707E+21,1.41783E+16,5.11303E+16
170115,14,7,13,0,2018,11,7,6,3,3,5,0,1,1,0,0,0,0,0,7.36859E+20,5.69305E+21,1.24008E+16,5.13393E+16
170116,14,7,13,0,2018,11,16,6,2,0,7,0,0,1,0,0,0,1,0,7.34278E+20,5.69551E+21,1.23654E+16,5.13625E+16
170117,14,6,25,40,2018,10,6,4,3,6,2,2,0,1,1,0,0,0,1,8.63464E+20,5.67636E+21,1.41951E+16,5.11231E+16
170118,14,7,13,0,2018,11,8,6,3,6,4,0,1,0,1,0,0,0,0,7.34747E+20,5.69091E+21,1.23691E+16,5.1321E+16
170119,14,6,28,60,2018,10,17,4,3,5,3,0,0,1,0,1,0,0,0,8.30407E+20,5.65024E+21,1.37006E+16,5.0909E+16
170120,14,7,13,0,2018,11,21,6,2,5,3,2,1,0,0,0,0,1,0,7.35066E+20,5.69067E+21,1.23735E+16,5.13187E+16
170121,14,6,12,0,2018,10,18,4,3,2,6,2,0,1,0,0,0,0,0,8.37521E+20,5.66209E+21,1.38124E+16,5.10111E+16
170122,14,7,13,0,2018,11,11,6,3,3,6,0,1,1,0,0,0,0,0,7.31863E+20,5.68926E+21,1.23268E+16,5.13073E+16
170123,14,6,12,0,2018,10,16,4,3,5,3,0,1,1,0,0,0,0,0,8.36801E+20,5.66323E+21,1.38032E+16,5.10217E+16
170124,14,7,29,250,2018,11,16,6,3,5,3,0,0,0,0,1,1,0,0,7.4873E+20,5.69531E+21,1.25725E+16,5.13545E+16
170125,14,6,25,20,2018,11,16,6,3,2,2,0,0,1,0,0,0,0,0,8.79446E+20,5.68315E+21,1.44296E+16,5.11736E+16
170126,14,6,12,0,2018,10,19,4,3,6,2,2,0,1,1,0,0,0,1,8.3237E+20,5.66586E+21,1.37427E+16,5.10479E+16
170127,14,6,28,410,2018,11,15,6,3,6,7,0,0,0,1,0,0,1,0,8.18812E+20,5.66317E+21,1.35475E+16,5.10314E+16
170128,14,6,12,0,2018,10,7,4,3,5,3,0,0,1,0,0,0,0,0,8.34439E+20,5.66387E+21,1.37703E+16,5.10289E+16
170129,14,6,12,0,2018,10,12,4,3,0,4,0,0,0,1,0,0,1,1,8.3371E+20,5.66368E+21,1.37597E+16,5.10275E+16
170130,14,7,13,0,2018,10,12,3,3,8,1,0,0,1,0,0,0,0,0,7.34442E+20,5.69709E+21,1.23688E+16,5.13766E+16
170131,14,6,12,0,2018,11,10,6,3,2,2,0,1,1,0,0,0,0,0,8.31693E+20,5.66588E+21,1.37331E+16,5.10485E+16
170132,14,5,23,340,2018,10,13,3,2,6,4,0,0,1,1,0,0,0,1,7.33936E+20,5.61348E+21,1.23077E+16,5.06262E+16
170133,14,6,12,0,2018,11,14,6,3,1,5,0,1,0,0,0,0,1,0,8.34228E+20,5.67357E+21,1.37762E+16,5.11159E+16
170134,14,7,29,300,2018,10,18,3,2,1,5,2,0,1,0,0,0,1,1,7.50159E+20,5.68771E+21,1.25876E+16,5.12857E+16
170135,14,6,12,0,2018,11,15,6,3,5,3,0,1,1,0,0,0,0,0,8.35443E+20,5.66473E+21,1.37853E+16,5.10359E+16
170136,14,7,13,0,2018,10,7,3,3,3,6,0,1,0,0,0,0,0,0,7.358E+20,5.6914E+21,1.23846E+16,5.13249E+16
170137,14,7,13,0,2018,10,17,3,3,1,3,0,1,1,0,0,0,0,0,7.33914E+20,5.6932E+21,1.23587E+16,5.13419E+16
170138,14,6,12,0,2018,11,19,6,2,5,3,2,1,0,0,0,0,1,0,8.35788E+20,5.66596E+21,1.37914E+16,5.10468E+16
170139,14,7,13,0,2018,10,17,3,3,5,3,1,0,1,0,0,0,0,0,7.36065E+20,5.68853E+21,1.23865E+16,5.12991E+16
170140,14,5,22,180,2018,11,14,6,3,6,7,0,0,1,1,0,0,0,0,8.05456E+20,5.65008E+21,1.33466E+16,5.09214E+16
170141,14,7,13,0,2018,10,11,3,3,1,6,0,0,1,0,0,0,0,0,7.35046E+20,5.69136E+21,1.23737E+16,5.13249E+16
170142,14,6,26,600,2018,10,12,3,3,5,3,0,0,1,0,0,0,1,1,8.91605E+20,5.72083E+21,1.46441E+16,5.15025E+16
170143,14,7,13,0,2018,11,6,5,3,1,6,1,0,1,0,1,0,0,0,7.37202E+20,5.6934E+21,1.2406E+16,5.13423E+16
170144,14,6,25,250,2018,10,8,3,3,5,3,0,0,1,0,0,0,0,0,8.55713E+20,5.69315E+21,1.41014E+16,5.12783E+16
170145,14,6,25,540,2018,10,13,3,3,5,3,0,0,1,0,1,0,0,1,8.5468E+20,5.69743E+21,1.40909E+16,5.13173E+16
170146,14,6,25,20,2018,10,12,3,3,5,3,0,1,1,0,0,0,0,1,8.78728E+20,5.68268E+21,1.44189E+16,5.11698E+16
170147,14,7,13,0,2018,11,5,5,3,0,7,2,1,0,0,0,0,0,0,7.36486E+20,5.68879E+21,1.23926E+16,5.13012E+16
170148,14,6,25,20,2018,10,15,3,3,0,1,0,1,0,0,0,0,0,1,8.79543E+20,5.68308E+21,1.44309E+16,5.11729E+16