OBJECTID_1,ULAND,UREGBEZ,UKREIS,UGEMEINDE,UJAHR,UMONAT,USTUNDE,UWOCHENTAG,UKATEGORIE,UART,UTYP1,ULICHTVERH,IstRad,IstPKW,IstFuss,IstKrad,IstGkfz,IstSonstig,STRZUSTAND,LINREFX,LINREFY,XGCSWGS84,YGCSWGS84
170149,14,7,13,0,2018,11,8,5,3,5,3,0,0,1,0,0,0,1,0,7.27784E+20,5.68914E+21,1.22683E+16,5.13079E+16
170150,14,6,28,110,2018,10,13,3,3,5,3,0,0,1,0,0,0,1,1,8.24444E+20,5.65716E+21,1.36222E+16,5.09744E+16
170151,14,7,13,0,2018,11,16,5,3,3,2,1,1,1,0,0,0,0,0,7.3445E+20,5.69213E+21,1.23657E+16,5.13321E+16
170152,14,6,28,50,2018,10,10,3,3,9,1,0,0,1,0,0,0,0,0,8.31039E+20,5.66058E+21,1.37189E+16,5.10013E+16
170153,14,7,13,0,2018,11,11,5,3,5,3,0,1,1,0,0,0,0,0,7.27735E+20,5.68884E+21,1.22674E+16,5.13053E+16
170154,14,6,28,410,2018,10,15,3,3,8,1,0,0,0,0,1,0,0,1,8.1977E+20,5.66538E+21,1.35631E+16,5.10507E+16
170155,14,6,25,250,2018,11,9,5,3,8,7,0,1,0,0,0,0,0,0,8.56151E+20,5.69195E+21,1.41064E+16,5.12673E+16
170156,14,6,12,0,2018,10,15,3,3,5,3,0,0,1,0,0,0,0,1,8.29269E+20,5.66437E+21,1.36972E+16,5.10363E+16
170157,14,6,25,240,2018,11,10,5,3,0,1,0,1,0,0,0,0,0,0,8.65796E+20,5.71097E+21,1.42636E+16,5.14315E+16
170158,14,6,26,450,2018,11,7,5,3,9,6,0,0,1,0,1,0,0,0,9.05713E+20,5.68122E+21,1.48012E+16,5.11382E+16
170159,14,6,12,0,2018,10,7,3,3,5,3,0,1,1,0,0,0,0,0,8.33019E+20,5.66829E+21,1.37541E+16,5.10693E+16
170160,14,6,28,360,2018,11,18,5,3,6,4,2,0,0,1,0,0,1,0,8.76584E+20,5.6551E+21,1.43597E+16,5.09243E+16
170161,14,6,12,0,2018,10,9,3,3,5,2,0,0,1,0,0,0,0,0,8.32829E+20,5.66401E+21,1.37475E+16,5.1031E+16
170162,14,6,27,230,2018,11,18,5,3,0,1,2,1,0,0,0,0,0,0,7.9709E+20,5.69336E+21,1.32636E+16,5.13138E+16
170163,14,6,12,0,2018,10,16,3,3,6,6,0,1,0,1,0,0,0,1,8.35904E+20,5.66303E+21,1.37903E+16,5.10205E+16
170164,14,6,27,140,2018,11,18,5,2,6,2,2,0,1,1,0,0,0,0,8.12776E+20,5.67755E+21,1.34741E+16,5.11637E+16
170165,14,6,12,0,2018,10,12,3,3,0,1,0,1,0,0,0,0,0,1,8.33409E+20,5.66641E+21,1.3758E+16,5.10523E+16
170166,14,6,27,10,2018,11,17,5,3,4,2,2,1,1,0,0,0,0,0,8.20346E+20,5.67487E+21,1.35797E+16,5.11355E+16
170167,14,5,22,570,2018,10,5,3,3,0,6,2,0,0,0,1,0,1,0,7.81276E+20,5.6657E+21,1.30156E+16,5.10738E+16
170168,14,6,28,220,2018,11,7,5,3,2,6,0,1,1,0,0,0,0,0,8.33832E+20,5.65578E+21,1.37542E+16,5.09567E+16
170169,14,6,12,0,2018,11,9,5,3,5,3,0,0,1,0,0,0,0,0,8.3074E+20,5.66418E+21,1.3718E+16,5.10338E+16
170170,14,5,11,0,2018,10,12,3,2,6,7,0,0,1,1,0,0,0,1,7.77101E+20,5.63724E+21,1.29345E+16,5.08204E+16
170171,14,6,12,0,2018,11,19,5,3,0,1,2,1,0,0,0,0,0,0,8.31632E+20,5.66749E+21,1.37337E+16,5.1063E+16
170172,14,6,12,0,2018,11,7,5,3,5,3,0,1,1,0,0,0,0,0,8.34759E+20,5.66692E+21,1.37776E+16,5.1056E+16
170173,14,5,11,0,2018,10,20,3,3,5,3,2,1,1,0,0,0,0,1,7.76956E+20,5.63904E+21,1.29338E+16,5.08367E+16
170174,14,6,12,0,2018,11,8,5,3,5,2,0,1,0,0,0,0,1,0,8.34706E+20,5.66732E+21,1.37772E+16,5.10596E+16
170175,14,5,11,0,2018,10,17,3,3,1,5,1,0,1,0,0,0,0,1,7.75129E+20,5.63951E+21,1.29083E+16,5.08417E+16
170176,14,6,12,0,2018,11,7,5,3,5,3,0,1,1,0,0,0,0,0,8.35443E+20,5.66473E+21,1.37853E+16,5.10359E+16
170177,14,7,13,0,2018,10,6,2,3,5,3,2,1,0,0,0,0,0,0,7.34305E+20,5.69182E+21,1.23634E+16,5.13294E+16
170178,14,6,12,0,2018,11,14,5,3,5,3,0,0,1,0,0,0,0,0,8.33649E+20,5.66628E+21,1.37613E+16,5.10509E+16
170179,14,7,13,0,2018,10,7,2,3,5,3,1,1,1,0,0,0,0,0,7.42017E+20,5.694E+21,1.24754E+16,5.13456E+16
170180,14,7,13,0,2018,10,7,2,2,1,5,2,1,1,0,0,0,0,0,7.35072E+20,5.69038E+21,1.23735E+16,5.13161E+16
170181,14,5,11,0,2018,11,17,5,3,5,3,1,0,1,0,0,0,1,0,7.74585E+20,5.63838E+21,1.28997E+16,5.08319E+16
170182,14,6,26,600,2018,10,17,2,3,5,3,1,1,1,0,0,0,0,1,8.90488E+20,5.72069E+21,1.46279E+16,5.15021E+16
170183,14,5,11,0,2018,11,17,5,3,2,6,2,0,1,0,0,0,0,0,7.75611E+20,5.63805E+21,1.2914E+16,5.08284E+16
170184,14,5,11,0,2018,11,7,5,3,5,3,0,0,0,0,0,0,1,0,7.77095E+20,5.63843E+21,1.29353E+16,5.08311E+16
170185,14,6,28,270,2018,10,16,2,3,6,4,1,0,1,1,0,0,0,1,8.46684E+20,5.65714E+21,1.39378E+16,5.09613E+16
170186,14,7,29,270,2018,10,19,4,2,9,1,2,0,1,0,0,0,0,0,7.22113E+20,5.68913E+21,1.2187E+16,5.131E+16
170187,14,6,12,0,2018,10,14,2,3,1,6,0,0,1,0,0,0,0,0,8.37304E+20,5.66199E+21,1.38092E+16,5.10104E+16
170188,14,6,12,0,2018,10,16,2,3,0,5,1,1,0,0,0,0,1,1,8.33518E+20,5.66421E+21,1.37575E+16,5.10324E+16
170189,14,7,29,260,2018,10,14,4,3,0,6,0,1,1,0,0,0,0,0,7.39176E+20,5.68419E+21,1.24281E+16,5.12588E+16
170190,14,6,12,0,2018,10,10,2,2,1,7,0,0,1,1,0,0,0,0,8.32399E+20,5.66745E+21,1.37446E+16,5.10622E+16
170191,14,7,13,0,2018,10,10,4,3,8,1,0,0,0,0,1,0,0,0,7.39125E+20,5.69371E+21,1.24337E+16,5.13443E+16
170192,14,6,12,0,2018,10,8,2,2,3,6,0,1,0,0,0,0,1,0,8.35165E+20,5.6642E+21,1.37809E+16,5.10314E+16
170193,14,5,21,230,2018,10,18,2,3,0,7,2,0,0,0,0,1,0,1,7.74261E+20,5.62559E+21,1.28856E+16,5.07173E+16
170194,14,7,30,70,2018,10,9,4,2,5,3,0,1,1,0,0,0,0,0,7.31469E+20,5.7136E+21,1.2337E+16,5.1526E+16
170195,14,5,21,50,2018,10,7,2,3,4,6,1,0,1,0,0,0,0,0,7.60388E+20,5.61271E+21,1.26804E+16,5.06081E+16
170196,14,7,13,0,2018,10,14,4,3,5,3,0,0,1,0,0,0,0,0,7.37665E+20,5.69188E+21,1.24116E+16,5.13284E+16
170197,14,5,11,0,2018,10,15,2,3,2,6,0,0,1,0,0,0,0,1,7.7581E+20,5.63472E+21,1.29143E+16,5.07984E+16
170198,14,7,13,0,2018,10,1,4,3,4,2,2,1,1,0,0,0,0,0,7.34246E+20,5.69215E+21,1.23628E+16,5.13323E+16
170199,14,5,11,0,2018,10,15,2,3,3,6,0,0,1,0,1,0,0,1,7.7611E+20,5.63995E+21,1.29225E+16,5.08452E+16
170200,14,6,26,460,2018,10,9,4,3,6,3,0,0,1,1,0,0,0,0,9.0461E+20,5.70897E+21,1.48169E+16,5.13873E+16
170201,14,5,11,0,2018,10,9,2,2,3,6,0,1,0,0,0,1,0,0,7.78457E+20,5.63886E+21,1.29549E+16,5.08344E+16
170202,14,5,23,270,2018,10,18,1,2,8,1,2,0,1,0,0,0,0,0,7.2969E+20,5.59799E+21,1.22382E+16,5.04888E+16
170203,14,6,12,0,2018,10,11,4,3,5,3,0,0,1,0,0,0,0,0,8.32831E+20,5.66401E+21,1.37475E+16,5.1031E+16
170204,14,7,13,0,2018,10,17,1,3,5,3,0,1,1,0,0,0,0,0,7.27208E+20,5.69357E+21,1.22628E+16,5.13479E+16
170205,14,5,11,0,2018,10,10,4,3,0,7,0,1,0,0,0,0,0,0,7.76171E+20,5.63869E+21,1.29224E+16,5.08339E+16
170206,14,7,13,0,2018,10,16,1,3,3,6,0,0,1,0,0,0,0,0,7.32042E+20,5.69072E+21,1.23303E+16,5.13203E+16
170207,14,7,13,0,2018,10,9,1,3,5,3,0,1,1,0,0,0,0,0,7.42271E+20,5.69456E+21,1.24794E+16,5.13506E+16
170208,14,5,11,0,2018,10,21,4,2,4,7,2,1,0,0,0,0,1,0,7.78429E+20,5.63869E+21,1.29544E+16,5.08329E+16
170209,14,6,12,0,2018,10,14,1,3,0,2,0,1,0,0,0,0,0,0,8.37474E+20,5.66591E+21,1.38153E+16,5.10453E+16
170210,14,5,24,330,2018,10,9,3,3,6,7,0,0,1,1,0,0,0,0,7.47041E+20,5.62312E+21,1.24991E+16,5.07073E+16
170211,14,6,12,0,2018,10,17,1,3,6,4,1,0,1,1,0,0,0,0,8.36638E+20,5.66133E+21,1.37992E+16,5.10049E+16
170212,14,5,24,330,2018,10,7,3,3,0,1,0,0,0,0,1,0,0,1,7.46607E+20,5.62331E+21,1.24931E+16,5.07092E+16
170213,14,5,23,320,2018,10,16,3,3,5,3,0,0,1,0,0,0,1,1,7.21776E+20,5.59843E+21,1.21271E+16,5.04958E+16
170214,14,5,11,0,2018,10,1,1,3,0,7,2,0,0,0,0,0,1,0,7.76153E+20,5.6385E+21,1.2922E+16,5.08322E+16
170215,14,5,23,340,2018,10,15,3,3,5,3,0,0,1,0,1,0,0,1,7.33706E+20,5.61295E+21,1.23041E+16,5.06216E+16
170216,14,7,13,0,2018,10,7,3,3,5,2,0,1,1,0,0,0,0,0,7.38698E+20,5.68927E+21,1.24246E+16,5.13046E+16
170217,14,5,24,330,2018,10,16,7,2,5,3,0,1,1,0,0,0,0,0,7.48629E+20,5.62599E+21,1.25235E+16,5.07324E+16
170218,14,7,13,0,2018,10,6,3,3,3,3,1,1,1,0,0,0,0,1,7.3487E+20,5.6945E+21,1.23733E+16,5.13532E+16
170219,14,5,23,200,2018,10,22,7,3,8,1,2,0,1,0,0,0,0,0,7.39915E+20,5.58195E+21,1.23719E+16,5.03407E+16
170220,14,7,13,0,2018,10,6,3,2,2,6,1,0,1,0,0,0,0,1,7.35387E+20,5.69089E+21,1.23783E+16,5.13205E+16
170221,14,7,13,0,2018,10,18,3,3,2,2,2,0,1,0,0,0,0,1,7.37284E+20,5.69294E+21,1.24068E+16,5.13382E+16
170222,14,5,23,320,2018,10,11,7,3,5,3,0,1,1,0,0,0,0,0,7.22655E+20,5.5998E+21,1.21403E+16,5.05078E+16
170223,14,7,29,410,2018,10,16,3,2,4,6,0,1,1,0,0,0,0,1,7.602E+20,5.69845E+21,1.27392E+16,5.13776E+16
170224,14,7,13,0,2018,10,17,7,3,5,3,0,1,1,0,0,0,0,0,7.36354E+20,5.68746E+21,1.23899E+16,5.12894E+16
170225,14,6,27,210,2018,10,7,3,3,5,3,0,0,1,0,0,0,0,1,8.22597E+20,5.67181E+21,1.3609E+16,5.11068E+16
170226,14,7,13,0,2018,10,13,7,3,6,4,0,0,1,1,0,0,0,0,7.32628E+20,5.6926E+21,1.23399E+16,5.1337E+16
170227,14,6,28,110,2018,10,17,3,3,2,6,1,0,1,0,0,0,0,0,8.25992E+20,5.66016E+21,1.36469E+16,5.10005E+16
170228,14,6,12,0,2018,10,15,3,3,5,2,0,1,1,0,0,0,0,0,8.29423E+20,5.66534E+21,1.37003E+16,5.1045E+16
170229,14,7,13,0,2018,10,13,7,3,6,7,0,1,0,1,0,0,0,0,7.34921E+20,5.69301E+21,1.2373E+16,5.13398E+16
170230,14,6,12,0,2018,10,18,3,2,5,3,2,1,1,0,0,0,0,0,8.27005E+20,5.66464E+21,1.36653E+16,5.104E+16
170231,14,6,12,0,2018,10,13,3,2,4,7,0,0,1,0,0,1,0,0,8.3709E+20,5.66623E+21,1.38101E+16,5.10485E+16
170232,14,7,13,0,2018,10,20,7,2,5,3,1,0,1,0,0,0,0,0,7.37638E+20,5.69216E+21,1.24114E+16,5.1331E+16
170233,14,6,12,0,2018,10,7,3,3,2,6,0,1,1,0,0,0,0,1,8.36808E+20,5.66216E+21,1.38023E+16,5.10122E+16
170234,14,6,25,560,2018,10,8,7,3,4,6,0,0,1,0,1,0,0,1,8.84673E+20,5.6691E+21,1.4489E+16,5.10443E+16
170235,14,6,12,0,2018,10,16,3,3,0,1,0,1,0,0,0,0,0,1,8.36936E+20,5.66373E+21,1.38056E+16,5.10261E+16
170236,14,6,27,210,2018,10,11,7,2,5,3,0,1,1,0,0,0,0,0,8.25732E+20,5.67108E+21,1.3653E+16,5.10985E+16
170237,14,5,21,590,2018,10,13,3,3,2,2,0,1,1,0,0,0,0,0,7.67445E+20,5.62523E+21,1.2789E+16,5.07172E+16
170238,14,6,12,0,2018,10,14,7,3,0,7,0,1,0,0,0,0,0,0,8.3668E+20,5.66002E+21,1.37985E+16,5.09931E+16
170239,14,5,22,70,2018,10,18,3,3,1,5,2,1,1,0,0,0,0,0,7.71138E+20,5.64887E+21,1.28586E+16,5.09276E+16
170240,14,6,12,0,2018,10,11,7,3,0,2,0,0,1,0,0,0,1,0,8.35758E+20,5.66483E+21,1.37899E+16,5.10367E+16
170241,14,5,22,230,2018,10,18,3,3,2,1,2,0,1,0,1,0,0,0,7.88238E+20,5.65565E+21,1.31067E+16,5.09801E+16
170242,14,5,21,10,2018,10,23,3,2,8,1,2,0,0,0,1,0,0,0,7.82098E+20,5.62989E+21,1.29996E+16,5.07521E+16
170243,14,5,11,0,2018,10,11,7,3,5,2,0,0,1,0,0,0,0,0,7.77296E+20,5.63982E+21,1.29392E+16,5.08435E+16
170244,14,5,24,180,2018,10,11,2,3,1,7,0,0,1,1,0,0,0,1,7.64796E+20,5.64089E+21,1.27628E+16,5.0859E+16
170245,14,5,11,0,2018,10,11,7,2,5,3,0,1,1,0,0,0,0,0,7.77301E+20,5.63982E+21,1.29393E+16,5.08435E+16
170246,14,7,13,0,2018,10,8,6,3,5,3,0,1,1,0,0,0,0,0,7.34537E+20,5.69559E+21,1.23692E+16,5.13631E+16
170247,14,7,30,110,2018,10,15,2,3,8,7,0,0,1,0,0,0,0,1,7.51914E+20,5.70697E+21,1.26264E+16,5.14578E+16
170248,14,7,13,0,2018,10,15,6,3,5,7,0,0,1,0,0,0,1,0,7.37284E+20,5.69294E+21,1.24068E+16,5.13381E+16
170249,14,7,13,0,2018,10,19,2,3,5,3,2,1,1,0,0,0,0,0,7.35923E+20,5.69274E+21,1.23872E+16,5.13369E+16
170250,14,7,13,0,2018,10,12,6,3,3,3,0,0,1,0,0,0,1,0,7.35005E+20,5.69191E+21,1.23735E+16,5.13298E+16
170251,14,7,13,0,2018,10,7,2,3,5,3,0,1,1,0,0,0,0,1,7.3922E+20,5.68969E+21,1.24324E+16,5.13081E+16
170252,14,7,13,0,2018,10,0,6,3,6,7,2,0,1,1,0,0,0,0,7.37267E+20,5.6909E+21,1.24052E+16,5.13198E+16
170253,14,6,26,600,2018,10,7,2,3,2,6,0,1,1,0,0,0,0,1,8.90677E+20,5.72064E+21,1.46305E+16,5.15015E+16
170254,14,6,26,110,2018,10,10,6,3,1,5,0,0,1,0,0,0,0,1,9.17603E+20,5.68382E+21,1.49733E+16,5.1153E+16
170255,14,6,25,20,2018,10,13,6,3,5,3,0,0,1,0,0,0,0,1,8.80827E+20,5.68516E+21,1.44514E+16,5.11906E+16
170256,14,6,25,250,2018,10,13,2,3,5,3,0,1,0,0,0,0,0,1,8.55229E+20,5.69287E+21,1.40942E+16,5.12762E+16
170257,14,6,28,160,2018,10,6,6,3,0,1,1,1,0,0,0,0,0,1,8.41119E+20,5.65884E+21,1.38605E+16,5.09799E+16
170258,14,6,25,40,2018,10,13,2,3,6,4,0,0,1,1,0,0,0,1,8.62324E+20,5.67771E+21,1.41802E+16,5.1136E+16
170259,14,6,27,210,2018,10,12,6,3,1,6,0,1,1,0,0,0,0,0,8.27576E+20,5.67144E+21,1.36796E+16,5.11007E+16
170260,14,6,12,0,2018,10,5,6,3,5,3,2,1,1,0,0,0,0,0,8.34501E+20,5.67362E+21,1.37802E+16,5.11162E+16
170261,14,6,25,20,2018,10,17,2,3,4,2,1,1,1,0,0,0,0,1,8.7945E+20,5.68314E+21,1.44296E+16,5.11735E+16
170262,14,6,12,0,2018,10,9,6,3,5,3,0,0,1,0,0,0,0,1,8.31291E+20,5.6733E+21,1.37342E+16,5.11152E+16
170263,14,6,28,270,2018,10,9,2,3,0,1,0,1,0,0,0,0,1,1,8.46403E+20,5.65709E+21,1.39338E+16,5.0961E+16
170264,14,6,27,290,2018,10,12,6,2,8,1,0,0,1,0,0,0,0,0,8.32243E+20,5.68882E+21,1.37621E+16,5.12537E+16
170265,14,6,27,210,2018,10,16,2,3,6,4,1,0,1,1,0,0,0,1,8.27867E+20,5.67092E+21,1.36833E+16,5.10958E+16
170266,14,5,11,0,2018,10,20,6,3,4,2,2,0,1,0,0,0,0,0,7.76105E+20,5.63951E+21,1.29221E+16,5.08413E+16
170267,14,7,30,20,2018,10,16,5,3,6,4,0,0,1,1,0,0,0,1,7.49665E+20,5.72157E+21,1.26044E+16,5.15898E+16
170268,14,6,12,0,2018,10,7,2,3,5,2,0,1,1,0,0,0,0,1,8.32364E+20,5.66858E+21,1.37451E+16,5.10723E+16
170269,14,7,13,0,2018,10,6,5,3,5,3,2,0,1,0,1,0,0,0,7.3189E+20,5.69289E+21,1.23295E+16,5.13399E+16
170270,14,6,12,0,2018,10,11,2,3,5,3,0,0,1,0,0,0,0,1,8.35273E+20,5.66597E+21,1.37841E+16,5.10472E+16
170271,14,7,13,0,2018,10,18,5,2,6,4,1,0,1,1,0,0,0,0,7.30167E+20,5.68997E+21,1.23029E+16,5.13144E+16
170272,14,6,12,0,2018,10,19,2,3,5,3,2,1,1,0,0,0,0,0,8.34418E+20,5.66588E+21,1.37718E+16,5.10469E+16
170273,14,7,13,0,2018,10,16,5,3,3,2,0,1,1,0,0,0,0,0,7.38277E+20,5.69373E+21,1.24216E+16,5.13448E+16
170274,14,6,12,0,2018,10,9,2,3,5,2,0,1,1,0,0,0,0,1,8.30458E+20,5.66435E+21,1.37141E+16,5.10355E+16
170275,14,7,13,0,2018,10,8,5,3,5,2,0,1,1,0,0,0,0,0,7.34774E+20,5.69373E+21,1.23714E+16,5.13463E+16
170276,14,6,12,0,2018,10,7,2,3,5,3,0,1,1,0,0,0,0,1,8.35015E+20,5.66525E+21,1.37797E+16,5.10409E+16
170277,14,5,21,460,2018,10,14,2,3,2,2,0,1,1,0,0,0,0,0,8.07553E+20,5.62004E+21,1.33512E+16,5.06508E+16
170278,14,6,26,180,2018,10,5,5,3,4,2,2,1,1,0,0,0,0,0,9.06788E+20,5.66488E+21,1.47982E+16,5.09913E+16
170279,14,5,22,180,2018,10,10,2,3,6,7,0,0,1,1,0,0,0,1,8.04237E+20,5.64809E+21,1.33277E+16,5.09042E+16
170280,14,6,25,120,2018,10,15,5,3,4,2,0,1,1,0,0,0,0,0,8.68965E+20,5.71939E+21,1.43178E+16,5.15048E+16
170281,14,5,21,550,2018,10,16,2,3,0,7,0,0,1,0,0,0,0,1,7.68103E+20,5.60548E+21,1.2784E+16,5.05397E+16
170282,14,6,25,20,2018,10,17,5,3,2,2,1,0,1,0,0,0,0,0,8.78293E+20,5.68407E+21,1.44141E+16,5.11826E+16
170283,14,5,11,0,2018,10,14,2,3,6,7,0,0,1,1,0,0,0,0,7.72774E+20,5.63934E+21,1.28748E+16,5.08413E+16
170284,14,6,12,0,2018,10,11,5,3,5,3,0,0,1,0,0,0,1,0,8.36563E+20,5.66383E+21,1.38004E+16,5.10273E+16
170285,14,5,11,0,2018,10,10,2,3,5,3,0,0,1,0,0,0,1,1,7.72086E+20,5.63511E+21,1.28619E+16,5.08038E+16
170286,14,5,11,0,2018,10,16,5,2,0,1,0,1,0,0,0,0,0,0,7.73917E+20,5.63383E+21,1.28868E+16,5.07914E+16
170287,14,5,24,180,2018,10,14,1,3,8,1,0,0,1,0,0,0,0,1,7.6472E+20,5.64128E+21,1.2762E+16,5.08625E+16
170288,14,7,13,0,2018,10,17,1,2,6,4,2,0,1,1,0,0,0,1,7.36848E+20,5.69305E+21,1.24007E+16,5.13393E+16
170289,14,5,21,170,2018,10,13,5,2,5,3,0,0,1,0,0,0,1,0,7.55108E+20,5.60009E+21,1.25973E+16,5.04972E+16
170290,14,6,12,0,2018,10,18,1,3,2,6,2,0,1,0,0,0,0,1,8.33234E+20,5.66903E+21,1.37579E+16,5.10758E+16
170291,14,6,27,200,2018,10,8,1,2,9,1,0,0,1,0,0,0,0,1,8.19354E+20,5.68867E+21,1.35778E+16,5.12597E+16
170292,14,5,24,330,2018,10,14,4,3,2,6,0,0,1,0,0,0,0,0,7.44379E+20,5.62171E+21,1.24605E+16,5.06958E+16
170293,14,5,22,350,2018,10,11,1,3,2,6,0,1,0,0,0,0,0,1,7.65208E+20,5.65267E+21,1.27772E+16,5.09645E+16
170294,14,5,23,320,2018,10,6,4,3,6,2,2,0,1,1,0,0,0,0,7.23046E+20,5.60025E+21,1.21461E+16,5.05116E+16
170295,14,5,22,80,2018,10,9,1,3,6,7,0,0,1,1,0,0,0,1,7.89139E+20,5.67064E+21,1.31315E+16,5.11142E+16
170296,14,5,23,340,2018,10,11,4,3,2,6,0,0,1,0,0,0,0,0,7.32234E+20,5.61316E+21,1.22835E+16,5.0624E+16
170297,14,5,24,300,2018,10,10,7,3,5,3,0,0,1,0,0,0,0,0,7.37885E+20,5.62535E+21,1.23711E+16,5.07312E+16
170298,14,5,24,330,2018,10,16,4,3,5,3,0,0,0,0,1,0,1,0,7.45628E+20,5.624E+21,1.24797E+16,5.07159E+16
170299,14,5,23,20,2018,10,19,7,1,6,7,2,0,1,1,0,0,0,0,7.39822E+20,5.60132E+21,1.2383E+16,5.05147E+16
170300,14,7,29,360,2018,10,17,4,2,4,6,0,1,0,0,0,0,0,0,7.36392E+20,5.66542E+21,1.23759E+16,5.10915E+16
170301,14,7,13,0,2018,10,10,7,3,4,2,0,0,1,0,1,0,0,0,7.35399E+20,5.69089E+21,1.23785E+16,5.13205E+16
170302,14,7,13,0,2018,10,19,4,3,2,2,2,0,1,0,0,0,0,0,7.35501E+20,5.69206E+21,1.23807E+16,5.13309E+16
170303,14,6,28,110,2018,10,11,7,3,2,6,0,0,1,0,0,0,0,0,8.25855E+20,5.66171E+21,1.36463E+16,5.10144E+16
170304,14,6,12,0,2018,10,1,7,3,1,5,2,0,1,0,0,0,1,0,8.33365E+20,5.66378E+21,1.37549E+16,5.10287E+16
170305,14,7,13,0,2018,10,6,4,3,4,2,1,1,1,0,0,0,0,0,7.36408E+20,5.69521E+21,1.23958E+16,5.13589E+16
170306,14,6,12,0,2018,10,11,7,2,1,1,0,1,1,0,0,0,0,0,8.34316E+20,5.67432E+21,1.37782E+16,5.11226E+16
170307,14,7,13,0,2018,10,10,4,3,0,1,0,1,0,0,0,0,0,0,7.34553E+20,5.69874E+21,1.23715E+16,5.13914E+16
170308,14,7,13,0,2018,10,17,4,3,5,3,0,1,1,0,0,0,0,0,7.36594E+20,5.69386E+21,1.23976E+16,5.13467E+16
170309,14,5,22,80,2018,10,10,7,3,5,3,0,1,1,0,0,0,0,0,7.87939E+20,5.67107E+21,1.31147E+16,5.11186E+16
170310,14,7,13,0,2018,10,15,4,3,5,3,0,1,1,0,0,0,0,0,7.3131E+20,5.69399E+21,1.23219E+16,5.135E+16
170311,14,5,11,0,2018,10,11,7,2,6,2,0,0,1,1,0,0,0,0,7.74649E+20,5.63879E+21,1.29009E+16,5.08355E+16
170312,14,7,13,0,2018,10,10,4,3,6,7,0,0,1,1,0,0,0,0,7.34777E+20,5.6913E+21,1.23698E+16,5.13245E+16
170313,14,6,12,0,2018,10,19,4,3,5,3,2,0,1,0,0,0,0,0,8.29571E+20,5.66459E+21,1.37017E+16,5.10382E+16
170314,14,7,29,50,2018,10,21,6,3,8,1,2,0,1,0,0,0,0,0,7.46698E+20,5.66959E+21,1.25256E+16,5.11245E+16
170315,14,6,12,0,2018,10,16,4,2,3,7,0,0,1,0,1,0,0,0,8.38074E+20,5.66241E+21,1.38206E+16,5.10137E+16
170316,14,7,13,0,2018,10,0,6,2,7,7,2,1,0,0,0,0,0,1,7.31792E+20,5.69175E+21,1.23274E+16,5.13297E+16
170317,14,6,12,0,2018,10,11,4,3,3,2,0,1,1,0,0,0,0,0,8.32097E+20,5.66611E+21,1.3739E+16,5.10503E+16
170318,14,6,12,0,2018,10,16,4,3,5,3,0,1,1,0,0,0,0,0,8.3375E+20,5.66433E+21,1.37609E+16,5.10334E+16
170319,14,7,13,0,2018,10,8,6,3,5,3,0,1,1,0,0,0,0,1,7.37815E+20,5.69349E+21,1.24148E+16,5.13428E+16
170320,14,6,12,0,2018,10,9,4,3,5,3,0,0,1,0,0,0,0,0,8.37727E+20,5.6642E+21,1.38173E+16,5.10299E+16
170321,14,7,13,0,2018,10,5,6,3,4,2,2,1,1,0,0,0,0,1,7.35588E+20,5.69224E+21,1.23821E+16,5.13326E+16
170322,14,7,13,0,2018,10,16,6,3,1,5,0,1,1,0,0,0,0,0,7.35903E+20,5.69214E+21,1.23865E+16,5.13315E+16
170323,14,5,21,450,2018,10,17,4,3,5,3,0,0,1,1,0,0,0,0,7.61253E+20,5.62565E+21,1.27017E+16,5.07238E+16
170324,14,5,11,0,2018,10,16,4,1,6,4,0,0,0,1,0,1,0,0,7.74722E+20,5.64222E+21,1.29045E+16,5.08663E+16
170325,14,7,13,0,2018,10,7,6,3,5,3,0,0,1,0,0,0,0,1,7.3951E+20,5.68942E+21,1.24364E+16,5.13057E+16
170326,14,5,11,0,2018,10,15,4,2,5,2,0,1,1,0,0,0,0,0,7.74112E+20,5.64002E+21,1.28942E+16,5.08469E+16
170327,14,7,13,0,2018,10,12,6,2,1,3,0,1,1,0,0,0,0,0,7.28612E+20,5.69035E+21,1.22809E+16,5.13184E+16
170328,14,5,23,320,2018,10,0,3,3,0,7,2,0,0,0,1,0,0,0,7.19233E+20,5.59842E+21,1.20913E+16,5.04967E+16
170329,14,7,30,200,2018,10,14,3,3,6,1,0,0,1,1,0,0,0,0,7.82864E+20,5.68393E+21,1.30525E+16,5.12365E+16
170330,14,7,13,0,2018,10,8,6,3,2,6,0,0,1,0,0,1,0,0,7.34785E+20,5.6925E+21,1.23707E+16,5.13352E+16
170331,14,7,13,0,2018,10,17,3,2,4,2,0,1,1,0,0,0,0,0,7.37377E+20,5.69316E+21,1.24083E+16,5.13401E+16
170332,14,7,13,0,2018,10,8,6,3,5,2,0,1,1,0,0,0,0,0,7.37204E+20,5.69338E+21,1.2406E+16,5.13421E+16