OBJECTID_1,ULAND,UREGBEZ,UKREIS,UGEMEINDE,UJAHR,UMONAT,USTUNDE,UWOCHENTAG,UKATEGORIE,UART,UTYP1,ULICHTVERH,IstRad,IstPKW,IstFuss,IstKrad,IstGkfz,IstSonstig,STRZUSTAND,LINREFX,LINREFY,XGCSWGS84,YGCSWGS84
170333,14,7,13,0,2018,10,8,3,3,3,2,0,1,1,0,0,0,0,0,7.37715E+20,5.69255E+21,1.24127E+16,5.13344E+16
170334,14,6,26,610,2018,10,14,6,3,5,3,0,0,1,0,1,0,0,0,9.08197E+20,5.65375E+21,1.48057E+16,5.08908E+16
170335,14,7,13,0,2018,10,16,3,3,5,3,0,1,0,0,0,0,0,0,7.33577E+20,5.69068E+21,1.23522E+16,5.13194E+16
170336,14,6,12,0,2018,10,16,6,2,6,4,0,0,1,1,0,0,0,0,8.29486E+20,5.66954E+21,1.3705E+16,5.10826E+16
170337,14,6,25,20,2018,10,13,3,3,4,6,0,1,0,0,0,0,0,0,8.78983E+20,5.6835E+21,1.44233E+16,5.1177E+16
170338,14,6,12,0,2018,10,4,6,3,0,6,2,1,1,0,0,0,0,0,8.3741E+20,5.66313E+21,1.38118E+16,5.10205E+16
170339,14,6,12,0,2018,10,11,6,3,1,5,0,1,1,0,0,0,0,0,8.39024E+20,5.66372E+21,1.38353E+16,5.10249E+16
170340,14,6,27,10,2018,10,15,3,3,5,7,0,1,1,0,0,0,0,0,8.20443E+20,5.67363E+21,1.358E+16,5.11243E+16
170341,14,6,12,0,2018,10,15,6,3,2,2,0,0,1,0,0,0,0,0,8.35899E+20,5.66373E+21,1.37909E+16,5.10268E+16
170342,14,5,21,590,2018,10,17,6,3,5,2,1,0,1,0,1,0,0,0,7.65916E+20,5.62459E+21,1.27669E+16,5.07122E+16
170343,14,6,27,60,2018,10,16,3,3,6,7,0,0,1,1,0,0,0,0,8.15517E+20,5.69258E+21,1.35265E+16,5.1297E+16
170344,14,5,21,620,2018,10,11,6,2,6,2,0,0,1,1,0,0,0,0,7.71561E+20,5.62433E+21,1.28465E+16,5.07072E+16
170345,14,6,12,0,2018,10,18,3,2,6,2,1,0,0,1,0,0,1,0,8.29114E+20,5.66978E+21,1.37E+16,5.10849E+16
170346,14,5,11,0,2018,10,10,6,2,6,4,0,0,1,1,0,0,0,0,7.74618E+20,5.63535E+21,1.28979E+16,5.08047E+16
170347,14,6,12,0,2018,10,19,3,3,5,3,2,0,1,0,1,0,0,0,8.34463E+20,5.66521E+21,1.37718E+16,5.10409E+16
170348,14,5,24,330,2018,10,13,5,3,5,7,0,0,1,0,0,0,0,0,7.48536E+20,5.62483E+21,1.25214E+16,5.07221E+16
170349,14,5,24,300,2018,10,7,5,2,9,7,1,0,1,0,0,0,0,1,7.39021E+20,5.62596E+21,1.23876E+16,5.07362E+16
170350,14,5,22,360,2018,10,9,3,3,5,3,0,0,1,0,1,0,0,0,7.78915E+20,5.65469E+21,1.29735E+16,5.09762E+16
170351,14,5,24,330,2018,10,19,5,3,5,3,2,0,1,0,0,0,1,0,7.46455E+20,5.62468E+21,1.24919E+16,5.07216E+16
170352,14,7,13,0,2018,10,5,5,3,0,1,2,1,0,0,0,0,0,1,7.3512E+20,5.68876E+21,1.23731E+16,5.13016E+16
170353,14,5,11,0,2018,10,13,3,3,0,1,0,1,0,0,0,0,0,0,7.76286E+20,5.63814E+21,1.29236E+16,5.0829E+16
170354,14,7,13,0,2018,10,8,5,3,2,6,0,0,1,0,0,0,0,1,7.34628E+20,5.6954E+21,1.23704E+16,5.13613E+16
170355,14,5,11,0,2018,10,15,3,2,4,7,0,0,1,0,0,0,0,0,7.74749E+20,5.63835E+21,1.2902E+16,5.08315E+16
170356,14,7,30,70,2018,10,7,5,2,6,4,2,0,0,1,1,0,0,1,7.32291E+20,5.71346E+21,1.23487E+16,5.15244E+16
170357,14,5,24,190,2018,10,22,2,3,0,1,2,0,0,0,1,0,0,0,7.42582E+20,5.63781E+21,1.24457E+16,5.08411E+16
170358,14,5,24,80,2018,10,9,2,2,8,1,0,0,1,0,0,0,0,0,7.50455E+20,5.63292E+21,1.2554E+16,5.07938E+16
170359,14,7,13,0,2018,10,14,5,3,5,3,0,0,1,0,0,0,0,0,7.40108E+20,5.68788E+21,1.24439E+16,5.12915E+16
170360,14,5,24,300,2018,10,19,2,2,0,7,2,1,0,0,0,0,0,0,7.38407E+20,5.62533E+21,1.23785E+16,5.07308E+16
170361,14,7,13,0,2018,10,10,5,2,6,4,0,0,0,1,0,0,1,0,7.30739E+20,5.69371E+21,1.23135E+16,5.13478E+16
170362,14,7,13,0,2018,10,19,2,3,2,6,2,0,1,0,0,0,0,0,7.3713E+20,5.69294E+21,1.24046E+16,5.13382E+16
170363,14,6,25,240,2018,10,15,5,3,5,3,0,0,1,0,1,0,0,1,8.64551E+20,5.71192E+21,1.42468E+16,5.14409E+16
170364,14,7,13,0,2018,10,14,2,3,1,5,0,0,1,0,0,0,0,0,7.37159E+20,5.69484E+21,1.24063E+16,5.13553E+16
170365,14,6,25,330,2018,10,7,5,3,6,7,2,0,1,1,0,0,0,1,8.75115E+20,5.70771E+21,1.43937E+16,5.13962E+16
170366,14,7,13,0,2018,10,12,2,3,5,3,0,1,1,0,0,0,0,0,7.33143E+20,5.69787E+21,1.23507E+16,5.13841E+16
170367,14,7,13,0,2018,10,10,2,3,5,2,0,1,1,0,0,0,0,0,7.32721E+20,5.69602E+21,1.23434E+16,5.13676E+16
170368,14,6,26,110,2018,10,20,5,3,0,1,1,0,0,0,1,0,0,1,9.17539E+20,5.68303E+21,1.49715E+16,5.1146E+16
170369,14,7,13,0,2018,10,11,2,2,5,2,0,0,1,0,0,0,1,0,7.28914E+20,5.68966E+21,1.22848E+16,5.13121E+16
170370,14,5,24,330,2018,11,11,2,3,1,5,0,0,1,0,0,0,0,0,7.4643E+20,5.62497E+21,1.24917E+16,5.07242E+16
170371,14,5,11,0,2018,11,16,5,3,5,2,1,1,1,0,0,0,0,0,7.73123E+20,5.63849E+21,1.28791E+16,5.08336E+16
170372,14,5,11,0,2018,11,20,5,3,5,3,2,0,1,0,0,0,0,0,7.76326E+20,5.63852E+21,1.29245E+16,5.08323E+16
170373,14,5,24,320,2018,11,11,2,2,5,3,0,1,1,0,0,0,0,0,7.48383E+20,5.61951E+21,1.25156E+16,5.06744E+16
170374,14,7,29,50,2018,11,13,4,3,1,7,0,0,1,0,0,0,0,0,7.44683E+20,5.66786E+21,1.24958E+16,5.11099E+16
170375,14,6,26,600,2018,11,16,4,2,5,3,1,1,1,0,0,0,0,0,8.90697E+20,5.7204E+21,1.46306E+16,5.14993E+16
170376,14,5,21,550,2018,11,14,4,3,7,7,0,1,0,0,0,0,1,0,7.68303E+20,5.60597E+21,1.27872E+16,5.0544E+16
170377,14,5,24,330,2018,11,17,3,2,6,4,2,0,1,1,0,0,0,1,7.46982E+20,5.62289E+21,1.24981E+16,5.07053E+16
170378,14,5,24,330,2018,11,9,2,2,3,6,0,1,1,0,0,0,0,0,7.46629E+20,5.62462E+21,1.24943E+16,5.0721E+16
170379,14,5,24,300,2018,11,9,3,2,1,7,0,0,1,1,0,0,0,0,7.38303E+20,5.62592E+21,1.23774E+16,5.07361E+16
170380,14,7,13,0,2018,11,10,3,3,6,6,0,0,1,1,0,0,0,0,7.3698E+20,5.69303E+21,1.24025E+16,5.1339E+16
170381,14,7,29,40,2018,11,13,2,3,6,7,0,0,0,0,0,1,1,0,7.36545E+20,5.68089E+21,1.23883E+16,5.12303E+16
170382,14,6,26,110,2018,11,19,3,3,6,4,2,0,1,1,0,0,0,1,9.18207E+20,5.68304E+21,1.4981E+16,5.11456E+16
170383,14,7,29,50,2018,11,15,2,3,4,2,0,1,1,0,0,0,0,0,7.44487E+20,5.66917E+21,1.24938E+16,5.11217E+16
170384,14,6,25,20,2018,11,15,3,3,5,3,0,1,1,0,0,0,0,1,8.79439E+20,5.68389E+21,1.44302E+16,5.11802E+16
170385,14,7,13,0,2018,11,7,2,3,0,7,0,1,0,0,0,0,0,0,7.37652E+20,5.69332E+21,1.24124E+16,5.13414E+16
170386,14,6,28,20,2018,11,11,3,3,9,7,0,0,1,0,0,0,0,0,8.481E+20,5.64731E+21,1.39485E+16,5.08724E+16
170387,14,7,13,0,2018,11,15,2,3,2,6,0,1,1,0,0,0,0,0,7.31944E+20,5.69314E+21,1.23304E+16,5.13421E+16
170388,14,6,12,0,2018,11,11,3,3,0,4,0,0,1,1,0,0,0,0,8.36847E+20,5.66654E+21,1.3807E+16,5.10514E+16
170389,14,5,22,440,2018,11,14,3,3,6,7,0,0,1,1,0,0,0,2,7.95975E+20,5.6485E+21,1.32108E+16,5.09121E+16
170390,14,7,13,0,2018,11,20,2,3,5,3,2,1,1,0,0,0,0,0,7.31832E+20,5.69142E+21,1.23277E+16,5.13268E+16
170391,14,5,11,0,2018,11,14,3,3,5,3,0,1,1,0,0,0,0,1,7.75323E+20,5.63977E+21,1.29112E+16,5.0844E+16
170392,14,7,13,0,2018,11,14,2,2,6,4,0,0,0,1,0,0,1,0,7.33089E+20,5.69061E+21,1.23452E+16,5.1319E+16
170393,14,7,13,0,2018,11,7,2,3,5,3,0,1,1,0,0,0,0,1,7.32385E+20,5.69631E+21,1.23388E+16,5.13704E+16
170394,14,5,11,0,2018,11,15,3,3,2,6,0,0,1,0,0,0,0,1,7.7519E+20,5.63915E+21,1.29088E+16,5.08385E+16
170395,14,7,13,0,2018,11,22,2,3,1,5,2,0,1,0,0,0,0,0,7.36493E+20,5.69378E+21,1.23961E+16,5.13461E+16
170396,14,5,11,0,2018,11,16,3,2,4,2,1,0,1,0,0,0,0,1,7.77363E+20,5.64018E+21,1.29404E+16,5.08467E+16
170397,14,7,13,0,2018,11,15,2,3,5,2,0,1,1,0,0,0,0,0,7.37388E+20,5.69159E+21,1.24074E+16,5.1326E+16
170398,14,5,23,340,2018,11,13,2,3,6,4,0,0,1,1,0,0,0,1,7.33599E+20,5.61335E+21,1.23029E+16,5.06251E+16
170399,14,7,13,0,2018,11,18,2,3,5,3,2,0,1,0,0,0,0,0,7.35101E+20,5.69088E+21,1.23742E+16,5.13205E+16
170400,14,7,30,230,2018,11,11,2,3,5,3,0,1,1,0,0,0,0,1,7.85747E+20,5.69005E+21,1.30986E+16,5.129E+16
170401,14,7,13,0,2018,11,7,2,3,3,6,0,1,0,0,0,0,0,0,7.32334E+20,5.69216E+21,1.23354E+16,5.13332E+16
170402,14,6,26,190,2018,11,16,2,2,6,4,1,0,1,1,0,0,0,0,8.95029E+20,5.69325E+21,1.46625E+16,5.12534E+16
170403,14,6,25,40,2018,11,8,2,3,1,5,0,0,1,0,0,1,0,0,8.63838E+20,5.67618E+21,1.42002E+16,5.11213E+16
170404,14,7,13,0,2018,11,6,2,3,0,1,2,0,0,0,1,0,0,1,7.36333E+20,5.69437E+21,1.23942E+16,5.13514E+16
170405,14,6,27,310,2018,11,14,2,3,0,1,0,1,0,0,0,0,0,0,8.19689E+20,5.67811E+21,1.35732E+16,5.11649E+16
170406,14,6,12,0,2018,11,19,2,3,2,2,2,0,1,0,1,0,0,0,8.28174E+20,5.66962E+21,1.36864E+16,5.1084E+16
170407,14,7,13,0,2018,11,8,2,3,5,2,0,1,1,0,0,0,0,1,7.32081E+20,5.69245E+21,1.2332E+16,5.13359E+16
170408,14,6,12,0,2018,11,8,2,3,1,5,0,1,0,0,0,0,1,0,8.38997E+20,5.66127E+21,1.38326E+16,5.10029E+16
170409,14,7,13,0,2018,11,17,2,3,2,6,2,0,1,0,0,0,0,1,7.30178E+20,5.68997E+21,1.23031E+16,5.13144E+16
170410,14,6,12,0,2018,11,7,2,2,1,5,0,1,1,0,0,0,0,0,8.30821E+20,5.66401E+21,1.3719E+16,5.10322E+16
170411,14,6,25,220,2018,11,18,2,3,8,1,2,0,1,0,0,0,0,1,8.46831E+20,5.68965E+21,1.39711E+16,5.12525E+16
170412,14,6,12,0,2018,11,13,2,3,5,3,0,0,1,0,0,0,1,0,8.33206E+20,5.67309E+21,1.37612E+16,5.11122E+16
170413,14,6,26,110,2018,11,15,2,3,2,6,0,0,1,0,0,0,0,0,9.18004E+20,5.68309E+21,1.49782E+16,5.11461E+16
170414,14,6,12,0,2018,11,7,2,3,3,6,0,1,1,0,0,0,0,0,8.3273E+20,5.66851E+21,1.37502E+16,5.10715E+16
170415,14,6,12,0,2018,11,15,2,3,5,2,0,0,1,0,0,0,0,0,8.36619E+20,5.66397E+21,1.38013E+16,5.10284E+16
170416,14,6,28,110,2018,11,9,2,3,4,7,0,0,1,0,0,0,0,1,8.28269E+20,5.66187E+21,1.36808E+16,5.10145E+16
170417,14,6,12,0,2018,11,6,2,2,0,1,2,1,0,0,0,0,0,0,8.34496E+20,5.67362E+21,1.37801E+16,5.11162E+16
170418,14,6,12,0,2018,11,7,2,3,8,6,1,1,1,0,0,0,0,0,8.37494E+20,5.6595E+21,1.38096E+16,5.09879E+16
170419,14,6,12,0,2018,11,11,2,2,0,1,0,1,0,0,0,0,0,1,8.30871E+20,5.66464E+21,1.37203E+16,5.10379E+16
170420,14,6,12,0,2018,11,7,2,3,5,3,0,1,1,0,0,0,0,1,8.33317E+20,5.66757E+21,1.37577E+16,5.10627E+16
170421,14,5,11,0,2018,11,13,2,3,9,7,0,0,1,0,0,0,0,0,7.71297E+20,5.63794E+21,1.28528E+16,5.08295E+16
170422,14,6,12,0,2018,11,17,2,3,3,2,2,0,1,0,1,0,0,0,8.34701E+20,5.66492E+21,1.3775E+16,5.10381E+16
170423,14,5,11,0,2018,11,11,2,3,4,6,0,0,1,0,0,0,0,0,7.78085E+20,5.63815E+21,1.29491E+16,5.08282E+16
170424,14,6,12,0,2018,11,12,2,3,5,3,0,0,1,0,0,0,0,0,8.35149E+20,5.66601E+21,1.37823E+16,5.10476E+16
170425,14,5,24,160,2018,11,15,1,2,5,3,0,0,1,0,1,0,0,0,7.56218E+20,5.62905E+21,1.26329E+16,5.07566E+16
170426,14,5,22,570,2018,11,9,2,3,8,7,0,0,1,0,0,0,0,1,7.7952E+20,5.66617E+21,1.29909E+16,5.10788E+16
170427,14,7,29,370,2018,11,10,1,2,5,3,0,1,1,0,0,0,0,0,7.38285E+20,5.67771E+21,1.2411E+16,5.1201E+16
170428,14,7,29,50,2018,11,16,1,3,1,7,1,0,1,0,0,0,0,0,7.45448E+20,5.66998E+21,1.25081E+16,5.11286E+16
170429,14,6,25,480,2018,11,13,1,3,4,2,0,1,1,0,0,0,0,0,8.44257E+20,5.67356E+21,1.3919E+16,5.11099E+16
170430,14,7,13,0,2018,11,11,1,3,2,7,0,0,1,0,0,0,0,1,7.36092E+20,5.69151E+21,1.23888E+16,5.13258E+16
170431,14,5,11,0,2018,11,11,1,3,5,3,0,0,1,0,0,0,0,0,7.69517E+20,5.63669E+21,1.28267E+16,5.08191E+16
170432,14,5,24,80,2018,11,12,7,3,0,7,0,0,1,1,0,0,0,0,7.50259E+20,5.63652E+21,1.25537E+16,5.08262E+16
170433,14,7,13,0,2018,11,19,1,3,5,3,2,0,1,0,0,1,0,0,7.39495E+20,5.69186E+21,1.24378E+16,5.13275E+16
170434,14,5,24,330,2018,11,3,7,2,0,7,2,0,1,1,0,0,0,0,7.46331E+20,5.62457E+21,1.249E+16,5.07206E+16
170435,14,7,30,270,2018,11,13,7,3,6,7,0,0,1,1,0,0,0,0,7.24226E+20,5.69882E+21,1.22234E+16,5.13962E+16
170436,14,7,13,0,2018,11,17,7,2,6,4,2,0,1,1,0,0,0,0,7.32053E+20,5.6907E+21,1.23304E+16,5.13202E+16
170437,14,7,13,0,2018,11,13,1,3,5,2,0,1,1,0,0,0,0,1,7.37763E+20,5.69034E+21,1.2412E+16,5.13146E+16
170438,14,6,26,30,2018,11,14,7,3,9,1,0,0,1,0,0,0,0,0,9.08115E+20,5.6713E+21,1.48242E+16,5.10479E+16
170439,14,7,13,0,2018,11,16,1,2,6,5,0,0,0,1,0,0,1,0,7.32218E+20,5.6911E+21,1.2333E+16,5.13237E+16
170440,14,6,26,230,2018,11,13,7,3,9,1,0,0,1,0,0,0,0,0,9.08098E+20,5.69147E+21,1.48468E+16,5.12283E+16
170441,14,7,13,0,2018,11,17,1,3,3,2,2,1,0,0,0,0,1,0,7.34291E+20,5.69562E+21,1.23657E+16,5.13635E+16
170442,14,6,27,230,2018,11,9,7,3,5,3,0,1,1,0,0,0,0,0,8.00101E+20,5.69184E+21,1.33054E+16,5.12986E+16
170443,14,6,25,480,2018,11,18,1,3,3,6,2,1,1,0,0,0,0,0,8.43951E+20,5.67537E+21,1.39164E+16,5.11263E+16
170444,14,6,12,0,2018,11,13,7,3,6,2,0,0,1,1,0,0,0,0,8.24641E+20,5.66441E+21,1.36315E+16,5.10394E+16
170445,14,6,25,330,2018,11,12,1,2,4,2,0,1,1,0,0,0,0,0,8.76397E+20,5.7047E+21,1.44088E+16,5.13685E+16
170446,14,6,12,0,2018,11,14,7,3,5,3,0,0,1,0,0,0,0,0,8.30288E+20,5.66672E+21,1.37139E+16,5.10568E+16
170447,14,6,12,0,2018,11,16,1,3,0,1,0,1,0,0,0,0,0,0,8.37276E+20,5.66216E+21,1.3809E+16,5.10119E+16
170448,14,6,12,0,2018,11,11,1,3,5,2,0,0,1,0,0,0,0,0,8.31789E+20,5.66427E+21,1.3733E+16,5.1034E+16
170449,14,5,22,260,2018,11,10,7,3,1,5,0,1,1,0,0,0,0,0,7.67372E+20,5.64344E+21,1.28012E+16,5.08807E+16
170450,14,5,11,0,2018,11,11,1,3,5,3,0,0,1,0,0,0,0,1,7.74524E+20,5.63925E+21,1.28995E+16,5.08398E+16
170451,14,5,21,510,2018,11,21,7,3,6,7,2,0,1,1,0,0,0,0,7.77079E+20,5.60636E+21,1.2911E+16,5.05434E+16
170452,14,5,11,0,2018,11,16,1,3,6,4,1,1,0,1,0,0,0,0,7.77187E+20,5.63964E+21,1.29375E+16,5.0842E+16
170453,14,5,23,320,2018,11,13,6,2,5,3,0,1,1,0,0,0,0,0,7.22676E+20,5.59953E+21,1.21404E+16,5.05053E+16
170454,14,5,22,480,2018,11,12,1,2,6,6,0,0,0,1,0,0,1,0,8.04557E+20,5.65772E+21,1.33403E+16,5.09903E+16
170455,14,7,13,0,2018,11,11,6,3,3,2,0,1,1,0,0,0,0,0,7.35173E+20,5.69346E+21,1.23769E+16,5.13437E+16
170456,14,5,24,330,2018,11,17,7,3,6,2,0,0,1,1,0,0,0,0,7.44243E+20,5.62471E+21,1.24606E+16,5.07228E+16
170457,14,7,13,0,2018,11,7,6,2,5,3,0,0,1,0,1,0,0,1,7.34634E+20,5.69088E+21,1.23675E+16,5.13208E+16
170458,14,7,13,0,2018,11,11,7,3,5,3,0,1,1,0,0,0,0,1,7.3248E+20,5.69208E+21,1.23374E+16,5.13324E+16
170459,14,7,13,0,2018,11,14,7,3,8,7,0,1,0,0,0,0,0,1,7.3131E+20,5.68457E+21,1.23158E+16,5.12655E+16
170460,14,7,13,0,2018,11,7,6,3,0,7,1,1,0,0,0,0,0,0,7.37889E+20,5.69061E+21,1.24139E+16,5.1317E+16
170461,14,7,13,0,2018,11,5,7,2,6,6,2,0,1,1,0,0,0,1,7.3293E+20,5.69441E+21,1.23454E+16,5.13531E+16
170462,14,7,13,0,2018,11,14,7,3,3,6,0,0,1,0,0,0,1,0,7.37262E+20,5.6923E+21,1.24061E+16,5.13324E+16
170463,14,7,13,0,2018,11,5,6,2,5,3,2,1,1,0,0,0,0,0,7.30661E+20,5.69036E+21,1.23103E+16,5.13177E+16
170464,14,6,27,10,2018,11,9,7,3,5,3,0,0,1,0,0,0,0,0,8.20911E+20,5.67439E+21,1.35873E+16,5.11308E+16
170465,14,7,29,410,2018,11,12,6,3,5,3,0,0,1,0,0,0,0,0,7.60184E+20,5.69816E+21,1.27387E+16,5.1375E+16
170466,14,6,12,0,2018,11,17,7,3,5,2,2,0,1,1,0,0,0,0,8.26641E+20,5.66582E+21,1.36612E+16,5.10508E+16
170467,14,7,13,0,2018,11,9,6,3,1,6,0,0,1,0,0,0,1,0,7.38229E+20,5.69606E+21,1.24225E+16,5.13658E+16
170468,14,5,11,0,2018,11,15,7,2,4,6,0,1,0,0,0,0,0,0,7.75554E+20,5.63792E+21,1.29131E+16,5.08273E+16
170469,14,6,26,390,2018,11,7,6,3,4,6,0,0,1,0,1,0,0,1,9.00096E+20,5.6624E+21,1.47006E+16,5.09739E+16
170470,14,6,27,130,2018,11,16,6,3,5,3,2,1,1,0,0,0,0,0,8.00969E+20,5.68012E+21,1.33079E+16,5.11931E+16
170471,14,5,22,80,2018,11,9,7,3,5,3,0,1,1,0,0,0,0,0,7.86678E+20,5.67187E+21,1.30974E+16,5.11264E+16
170472,14,6,27,210,2018,11,7,6,3,0,7,0,1,1,0,0,0,0,0,8.24986E+20,5.67166E+21,1.36429E+16,5.11041E+16
170473,14,7,13,0,2018,11,14,6,3,6,4,0,0,1,1,0,0,0,0,7.35418E+20,5.69305E+21,1.23802E+16,5.13399E+16
170474,14,7,13,0,2018,11,15,6,3,3,6,0,1,1,0,0,0,1,0,7.35076E+20,5.69088E+21,1.23738E+16,5.13205E+16
170475,14,6,27,200,2018,11,5,6,3,8,7,2,0,0,0,1,0,0,0,8.1876E+20,5.68856E+21,1.35692E+16,5.1259E+16
170476,14,7,13,0,2018,11,11,6,3,1,3,0,1,1,0,0,0,0,1,7.38237E+20,5.68989E+21,1.24185E+16,5.13104E+16
170477,14,6,12,0,2018,11,8,6,3,4,6,0,1,0,0,0,0,0,0,8.3079E+20,5.6665E+21,1.37208E+16,5.10545E+16
170478,14,6,12,0,2018,11,14,6,3,2,6,0,1,1,0,0,0,0,0,8.39076E+20,5.66391E+21,1.38362E+16,5.10265E+16
170479,14,7,13,0,2018,11,14,6,3,4,2,0,1,1,0,0,0,0,0,7.3507E+20,5.6886E+21,1.23722E+16,5.13001E+16
170480,14,6,12,0,2018,11,6,6,3,1,7,0,0,1,0,0,0,0,0,8.36136E+20,5.6648E+21,1.37952E+16,5.10362E+16
170481,14,7,13,0,2018,11,19,6,2,6,6,1,0,1,1,0,0,0,0,7.38643E+20,5.6936E+21,1.24267E+16,5.13435E+16
170482,14,5,22,230,2018,11,9,6,3,6,4,0,0,1,1,0,0,0,0,7.89405E+20,5.65492E+21,1.31227E+16,5.0973E+16
170483,14,5,11,0,2018,11,18,6,3,6,6,2,0,1,1,0,0,0,0,7.73796E+20,5.63457E+21,1.28857E+16,5.07981E+16
170484,14,7,13,0,2018,11,17,6,2,6,4,2,0,1,1,0,0,0,0,7.35837E+20,5.69772E+21,1.23893E+16,5.13816E+16
170485,14,5,11,0,2018,11,13,6,3,2,6,0,0,1,0,0,0,0,0,7.76702E+20,5.64078E+21,1.29315E+16,5.08524E+16
170486,14,7,13,0,2018,11,17,6,2,0,1,2,1,0,0,0,0,0,0,7.42277E+20,5.69423E+21,1.24793E+16,5.13476E+16
170487,14,5,11,0,2018,11,14,6,3,0,7,0,1,0,0,0,0,0,0,7.76606E+20,5.63766E+21,1.29278E+16,5.08244E+16
170488,14,6,26,110,2018,11,14,6,3,5,3,0,0,1,0,0,0,0,0,9.17177E+20,5.68552E+21,1.49692E+16,5.11685E+16
170489,14,5,11,0,2018,11,9,6,3,5,3,0,1,1,0,0,0,0,0,7.76871E+20,5.63742E+21,1.29314E+16,5.08222E+16
170490,14,6,28,150,2018,11,6,6,2,8,1,1,0,1,0,0,0,0,0,8.21825E+20,5.64065E+21,1.35705E+16,5.08279E+16
170491,14,5,11,0,2018,11,11,6,2,2,7,0,0,1,0,0,0,0,0,7.71326E+20,5.63669E+21,1.28523E+16,5.08183E+16
170492,14,5,23,320,2018,11,15,5,3,5,3,0,0,1,0,0,0,0,0,7.2298E+20,5.59992E+21,1.21449E+16,5.05087E+16
170493,14,6,12,0,2018,11,17,6,3,0,1,2,1,0,0,0,0,0,0,8.26181E+20,5.66535E+21,1.36542E+16,5.10469E+16
170494,14,5,24,180,2018,11,17,5,3,5,3,2,0,1,0,0,0,0,0,7.63904E+20,5.64082E+21,1.27501E+16,5.08587E+16
170495,14,6,12,0,2018,11,12,6,3,0,1,0,1,0,0,0,0,0,0,8.32461E+20,5.66316E+21,1.37415E+16,5.10236E+16
170496,14,7,13,0,2018,11,9,5,3,5,3,0,1,1,0,0,0,0,0,7.34834E+20,5.69299E+21,1.23718E+16,5.13396E+16
170497,14,7,13,0,2018,11,15,5,3,2,2,0,0,1,0,0,0,0,0,7.33628E+20,5.69237E+21,1.23541E+16,5.13346E+16
170498,14,6,12,0,2018,11,8,6,3,3,6,0,1,1,0,0,0,0,0,8.3568E+20,5.66601E+21,1.37899E+16,5.10473E+16
170499,14,7,13,0,2018,11,9,5,3,1,7,0,1,1,0,0,0,0,0,7.3584E+20,5.69186E+21,1.23854E+16,5.1329E+16
170500,14,6,12,0,2018,11,8,6,3,0,7,0,1,1,0,0,0,0,0,8.35353E+20,5.66622E+21,1.37854E+16,5.10494E+16
170501,14,7,13,0,2018,11,5,5,3,3,2,1,1,1,0,0,0,0,0,7.30409E+20,5.69364E+21,1.23088E+16,5.13473E+16
170502,14,6,27,60,2018,11,21,6,1,3,6,2,0,1,0,0,0,0,0,8.19219E+20,5.69999E+21,1.3586E+16,5.13613E+16
170503,14,6,12,0,2018,11,18,6,3,5,3,2,1,0,0,0,0,0,0,8.32656E+20,5.6692E+21,1.37498E+16,5.10776E+16
170504,14,7,13,0,2018,11,14,5,3,6,4,0,0,1,1,0,0,0,0,7.38416E+20,5.69515E+21,1.24245E+16,5.13575E+16
170505,14,6,12,0,2018,11,14,6,3,5,2,0,1,1,0,0,0,0,0,8.38832E+20,5.66204E+21,1.3831E+16,5.10099E+16
170506,14,5,24,140,2018,11,15,5,3,8,7,0,0,1,0,0,0,0,0,7.32096E+20,5.62673E+21,1.22901E+16,5.07459E+16
170507,14,7,13,0,2018,11,9,5,3,5,3,0,0,1,0,0,0,1,0,7.31812E+20,5.69127E+21,1.23273E+16,5.13254E+16
170508,14,7,30,230,2018,11,16,5,2,5,3,1,1,1,0,0,0,0,1,7.86568E+20,5.69091E+21,1.3111E+16,5.12972E+16
170509,14,7,13,0,2018,11,11,5,3,5,2,0,1,1,0,0,0,0,0,7.35776E+20,5.69309E+21,1.23853E+16,5.13401E+16
170510,14,7,13,0,2018,11,20,5,3,5,3,2,1,1,0,0,0,0,0,7.37356E+20,5.69291E+21,1.24079E+16,5.13379E+16
170511,14,7,13,0,2018,11,14,5,3,1,5,0,1,1,0,0,0,0,0,7.35038E+20,5.69116E+21,1.23735E+16,5.13231E+16
170512,14,7,13,0,2018,11,15,5,2,6,4,0,0,1,1,0,0,0,0,7.31839E+20,5.69238E+21,1.23284E+16,5.13354E+16
170513,14,7,13,0,2018,11,9,5,3,1,5,0,1,1,0,0,0,0,0,7.35005E+20,5.6919E+21,1.23735E+16,5.13298E+16
170514,14,6,25,240,2018,11,9,5,2,1,5,0,0,1,1,0,0,0,0,8.66134E+20,5.71315E+21,1.42707E+16,5.14508E+16
170515,14,7,13,0,2018,11,7,5,3,2,2,0,0,1,0,0,0,0,0,7.36753E+20,5.68865E+21,1.23964E+16,5.12999E+16