OBJECTID_1,ULAND,UREGBEZ,UKREIS,UGEMEINDE,UJAHR,UMONAT,USTUNDE,UWOCHENTAG,UKATEGORIE,UART,UTYP1,ULICHTVERH,IstRad,IstPKW,IstFuss,IstKrad,IstGkfz,IstSonstig,STRZUSTAND,LINREFX,LINREFY,XGCSWGS84,YGCSWGS84
170516,14,6,27,210,2018,11,7,5,2,6,2,0,0,1,1,0,0,0,1,8.23974E+20,5.67242E+21,1.36292E+16,5.11115E+16
170517,14,7,13,0,2018,11,9,5,2,5,3,0,0,1,0,1,0,0,0,7.34139E+20,5.69556E+21,1.23635E+16,5.1363E+16
170518,14,7,13,0,2018,11,12,5,3,5,3,0,0,1,0,0,0,1,0,7.42286E+20,5.69403E+21,1.24793E+16,5.13458E+16
170519,14,6,27,60,2018,11,17,5,3,5,3,2,1,1,0,0,0,0,0,8.1664E+20,5.69245E+21,1.35424E+16,5.12951E+16
170520,14,7,13,0,2018,11,6,5,3,6,4,2,0,1,1,0,0,0,0,7.34564E+20,5.69582E+21,1.23698E+16,5.13651E+16
170521,14,6,25,270,2018,11,18,5,2,1,5,2,1,0,0,0,1,0,0,8.41009E+20,5.68985E+21,1.38882E+16,5.12578E+16
170522,14,6,28,110,2018,11,15,5,3,5,2,0,0,1,0,1,0,0,0,8.26202E+20,5.65936E+21,1.36491E+16,5.09932E+16
170523,14,6,26,370,2018,11,15,5,2,2,7,0,1,0,0,0,0,1,0,9.06157E+20,5.69847E+21,1.48271E+16,5.12923E+16
170524,14,6,28,110,2018,11,12,5,3,4,1,0,1,1,0,0,0,0,0,8.25818E+20,5.66095E+21,1.36451E+16,5.10077E+16
170525,14,6,12,0,2018,11,19,5,3,3,2,2,1,1,0,0,0,0,0,8.34724E+20,5.66722E+21,1.37774E+16,5.10587E+16
170526,14,6,12,0,2018,11,8,5,3,0,7,0,0,1,0,1,0,0,0,8.30551E+20,5.6666E+21,1.37175E+16,5.10556E+16
170527,14,5,11,0,2018,11,17,5,3,3,6,2,1,1,0,0,0,0,0,7.77269E+20,5.63591E+21,1.29358E+16,5.08084E+16
170528,14,6,12,0,2018,11,7,5,3,3,2,1,1,1,0,0,0,0,1,8.39842E+20,5.66137E+21,1.38447E+16,5.10033E+16
170529,14,5,11,0,2018,11,5,5,3,5,3,2,0,1,0,0,1,0,0,7.75418E+20,5.63449E+21,1.29086E+16,5.07966E+16
170530,14,6,12,0,2018,11,9,5,3,1,4,0,0,1,1,0,0,0,0,8.3108E+20,5.66397E+21,1.37226E+16,5.10317E+16
170531,14,5,22,140,2018,11,15,5,2,5,3,0,1,1,0,0,0,0,0,7.86595E+20,5.64173E+21,1.30724E+16,5.08561E+16
170532,14,5,23,320,2018,11,9,4,3,5,3,0,0,1,0,0,0,0,0,7.22881E+20,5.59996E+21,1.21436E+16,5.05091E+16
170533,14,6,12,0,2018,11,7,5,3,5,3,0,1,1,0,0,0,0,0,8.33621E+20,5.66609E+21,1.37607E+16,5.10492E+16
170534,14,5,23,360,2018,11,6,4,2,6,4,2,0,1,1,0,0,0,0,7.41292E+20,5.60347E+21,1.2405E+16,5.05333E+16
170535,14,6,12,0,2018,11,18,5,3,3,2,2,1,1,0,0,0,0,0,8.36604E+20,5.66608E+21,1.38031E+16,5.10474E+16
170536,14,6,12,0,2018,11,8,5,2,3,6,0,1,1,0,0,0,0,0,8.32856E+20,5.6673E+21,1.37509E+16,5.10605E+16
170537,14,7,13,0,2018,11,11,4,3,1,5,0,1,1,0,0,0,0,0,7.34766E+20,5.69131E+21,1.23697E+16,5.13245E+16
170538,14,5,22,420,2018,11,13,5,3,6,4,0,0,1,1,0,0,0,0,7.83062E+20,5.6424E+21,1.30229E+16,5.08639E+16
170539,14,7,13,0,2018,11,8,4,3,3,2,0,1,1,0,0,0,0,0,7.36399E+20,5.69142E+21,1.23931E+16,5.13249E+16
170540,14,5,24,300,2018,11,17,4,3,5,3,1,0,1,0,1,0,0,0,7.38015E+20,5.62496E+21,1.23727E+16,5.07276E+16
170541,14,7,13,0,2018,11,22,4,3,5,3,2,0,1,0,0,0,0,0,7.37639E+20,5.69216E+21,1.24114E+16,5.1331E+16
170542,14,5,24,30,2018,11,16,4,1,6,7,2,0,1,1,0,0,0,1,7.38806E+20,5.63519E+21,1.23905E+16,5.08191E+16
170543,14,7,13,0,2018,11,10,4,3,3,6,0,1,0,0,0,0,0,0,7.35068E+20,5.69057E+21,1.23735E+16,5.13178E+16
170544,14,5,23,20,2018,11,10,4,3,6,4,0,0,1,1,0,0,0,0,7.40944E+20,5.60084E+21,1.23984E+16,5.05099E+16
170545,14,7,30,310,2018,11,10,4,3,3,7,0,0,1,0,0,1,0,0,7.76073E+20,5.72017E+21,1.29836E+16,5.15649E+16
170546,14,7,13,0,2018,11,13,4,3,3,2,0,1,1,0,0,0,0,0,7.31546E+20,5.69661E+21,1.2327E+16,5.13735E+16
170547,14,7,13,0,2018,11,13,4,3,3,5,0,1,1,0,0,0,0,0,7.34713E+20,5.69372E+21,1.23705E+16,5.13462E+16
170548,14,7,13,0,2018,11,7,4,3,3,2,0,1,1,0,0,0,0,0,7.34799E+20,5.69605E+21,1.23733E+16,5.13671E+16
170549,14,7,13,0,2018,11,8,4,3,4,2,0,1,1,0,0,0,0,0,7.31892E+20,5.69241E+21,1.23292E+16,5.13356E+16
170550,14,7,13,0,2018,11,6,4,3,5,3,2,1,1,0,0,0,0,1,7.36071E+20,5.68967E+21,1.23873E+16,5.13093E+16
170551,14,7,13,0,2018,11,6,4,2,0,7,0,0,0,0,0,0,1,0,7.33898E+20,5.69082E+21,1.23569E+16,5.13205E+16
170552,14,7,13,0,2018,11,5,4,3,5,3,2,1,1,0,0,0,0,0,7.39235E+20,5.69913E+21,1.2439E+16,5.13929E+16
170553,14,7,30,300,2018,11,7,4,3,5,3,0,1,1,0,0,0,0,0,7.43092E+20,5.69693E+21,1.24928E+16,5.13715E+16
170554,14,7,13,0,2018,11,18,4,3,5,2,2,1,1,0,0,0,0,0,7.34282E+20,5.6935E+21,1.23642E+16,5.13444E+16
170555,14,7,13,0,2018,11,10,4,3,1,5,0,0,1,0,0,0,0,0,7.39384E+20,5.69229E+21,1.24365E+16,5.13314E+16
170556,14,6,27,50,2018,11,18,4,3,0,6,2,1,1,0,0,0,0,0,8.08736E+20,5.70503E+21,1.34403E+16,5.14122E+16
170557,14,6,27,230,2018,11,9,4,3,6,7,0,0,1,1,0,0,0,0,8.00534E+20,5.69229E+21,1.33119E+16,5.13024E+16
170558,14,6,26,110,2018,11,16,4,3,5,3,0,1,1,0,0,0,0,0,9.17842E+20,5.67481E+21,1.49663E+16,5.10723E+16
170559,14,6,28,20,2018,11,7,4,3,9,7,1,0,1,0,0,0,0,1,8.48205E+20,5.64525E+21,1.39481E+16,5.08539E+16
170560,14,6,27,60,2018,11,11,4,3,5,3,0,0,1,0,0,1,0,0,8.15471E+20,5.69198E+21,1.35253E+16,5.12916E+16
170561,14,6,27,180,2018,11,7,4,2,6,4,0,0,1,1,0,0,0,1,8.0099E+20,5.66562E+21,1.32961E+16,5.1063E+16
170562,14,6,12,0,2018,11,16,4,3,3,6,0,1,1,0,0,0,0,0,8.33121E+20,5.66878E+21,1.3756E+16,5.10736E+16
170563,14,6,12,0,2018,11,7,4,3,5,3,0,0,1,0,0,0,0,1,8.30061E+20,5.66696E+21,1.37109E+16,5.10591E+16
170564,14,6,12,0,2018,11,9,4,3,5,2,0,1,1,0,0,0,0,0,8.3643E+20,5.66344E+21,1.37982E+16,5.10238E+16
170565,14,6,12,0,2018,11,15,4,3,2,6,0,0,1,0,0,0,0,0,8.30343E+20,5.66609E+21,1.37141E+16,5.10511E+16
170566,14,6,12,0,2018,11,8,4,3,5,3,0,0,1,0,1,0,0,0,8.30244E+20,5.66401E+21,1.37108E+16,5.10325E+16
170567,14,6,12,0,2018,11,14,4,2,5,3,0,1,1,0,0,0,0,0,8.31887E+20,5.66876E+21,1.37385E+16,5.10741E+16
170568,14,6,12,0,2018,11,7,4,3,2,7,0,1,1,0,0,0,0,0,8.33319E+20,5.66756E+21,1.37577E+16,5.10625E+16
170569,14,5,21,590,2018,11,7,4,3,6,4,2,0,1,1,0,0,0,1,7.66295E+20,5.62447E+21,1.27722E+16,5.07109E+16
170570,14,6,12,0,2018,11,9,4,3,5,3,0,1,1,0,0,0,0,0,8.33969E+20,5.66804E+21,1.37674E+16,5.10665E+16
170571,14,5,11,0,2018,11,13,4,3,5,3,0,0,1,0,0,0,0,0,7.74552E+20,5.63919E+21,1.28998E+16,5.08391E+16
170572,14,6,12,0,2018,11,16,4,3,5,3,0,1,1,0,0,0,0,0,8.36101E+20,5.66554E+21,1.37954E+16,5.10429E+16
170573,14,5,11,0,2018,11,7,4,3,6,7,0,0,1,1,0,0,0,0,7.78602E+20,5.63865E+21,1.29568E+16,5.08324E+16
170574,14,6,12,0,2018,11,7,4,2,5,3,0,1,1,0,0,0,0,0,8.33156E+20,5.66313E+21,1.37514E+16,5.1023E+16
170575,14,5,22,140,2018,11,13,4,2,6,4,0,0,1,1,0,0,0,0,7.86881E+20,5.64194E+21,1.30767E+16,5.08578E+16
170576,14,5,22,180,2018,11,15,4,2,5,3,0,1,1,0,0,0,0,0,8.05489E+20,5.64952E+21,1.33466E+16,5.09163E+16
170577,14,5,23,340,2018,11,14,3,2,8,1,0,0,0,0,1,0,0,0,7.33781E+20,5.61276E+21,1.23051E+16,5.06198E+16
170578,14,7,29,245,2018,11,8,3,2,5,3,0,1,1,0,0,0,0,0,7.64548E+20,5.70246E+21,1.28045E+16,5.14115E+16
170579,14,5,11,0,2018,11,12,4,3,2,6,0,0,1,1,0,0,0,0,7.74673E+20,5.63296E+21,1.28969E+16,5.07832E+16
170580,14,7,13,0,2018,11,15,3,3,3,5,0,1,1,0,0,0,0,0,7.35434E+20,5.69315E+21,1.23805E+16,5.13408E+16
170581,14,7,13,0,2018,11,6,3,3,2,6,0,0,1,0,0,0,0,0,7.34751E+20,5.69385E+21,1.23711E+16,5.13473E+16
170582,14,5,11,0,2018,11,11,4,3,5,3,0,1,1,0,0,0,0,0,7.74707E+20,5.63511E+21,1.2899E+16,5.08025E+16
170583,14,7,13,0,2018,11,5,3,3,1,7,2,1,1,0,0,0,0,0,7.36557E+20,5.69387E+21,1.2397E+16,5.13468E+16
170584,14,5,21,30,2018,11,12,4,3,6,7,0,0,0,1,0,1,0,0,7.6213E+20,5.61035E+21,1.27033E+16,5.05861E+16
170585,14,7,29,260,2018,11,14,3,2,0,1,0,1,0,0,0,0,0,0,7.35162E+20,5.68723E+21,1.23727E+16,5.12878E+16
170586,14,7,13,0,2018,11,18,3,3,5,2,0,1,1,0,0,0,0,0,7.34796E+20,5.69248E+21,1.23709E+16,5.13351E+16
170587,14,7,13,0,2018,11,12,3,3,4,2,0,1,1,0,0,0,0,0,7.38933E+20,5.68821E+21,1.24273E+16,5.1295E+16
170588,14,5,23,160,2018,11,15,3,3,8,1,0,0,1,0,0,0,0,0,7.45821E+20,5.58415E+21,1.24562E+16,5.0358E+16
170589,14,7,13,0,2018,11,5,3,3,6,2,2,0,1,1,0,0,0,0,7.37918E+20,5.69532E+21,1.24175E+16,5.13593E+16
170590,14,7,30,310,2018,11,7,3,3,5,3,0,1,1,0,0,0,0,0,7.74832E+20,5.72019E+21,1.29658E+16,5.15657E+16
170591,14,7,30,70,2018,11,7,3,2,5,3,0,1,1,0,0,0,0,0,7.31413E+20,5.71383E+21,1.23363E+16,5.15281E+16
170592,14,7,30,70,2018,11,4,3,3,4,6,2,0,1,0,0,0,1,0,7.28984E+20,5.71174E+21,1.23E+16,5.15103E+16
170593,14,7,13,0,2018,11,14,3,3,4,6,0,0,1,0,1,0,0,0,7.34767E+20,5.69139E+21,1.23697E+16,5.13253E+16
170594,14,6,26,290,2018,11,16,3,3,5,3,1,1,1,0,0,0,0,0,8.98099E+20,5.67406E+21,1.46851E+16,5.10796E+16
170595,14,7,30,70,2018,11,9,3,3,4,2,0,0,1,0,0,0,0,1,7.31412E+20,5.71383E+21,1.23363E+16,5.15281E+16
170596,14,6,25,240,2018,11,21,3,3,6,7,2,0,1,1,0,0,0,0,8.65992E+20,5.71279E+21,1.42683E+16,5.14477E+16
170597,14,7,13,0,2018,11,18,3,3,2,6,2,0,1,0,0,0,0,1,7.33575E+20,5.69068E+21,1.23522E+16,5.13194E+16
170598,14,7,29,260,2018,11,10,3,3,5,3,0,1,1,0,0,0,0,1,7.34043E+20,5.68558E+21,1.23556E+16,5.12734E+16
170599,14,6,25,20,2018,11,10,3,3,6,7,0,0,1,1,0,0,0,0,8.78973E+20,5.68396E+21,1.44237E+16,5.11811E+16
170600,14,7,13,0,2018,11,7,3,3,0,1,0,0,0,0,1,0,0,1,7.35946E+20,5.68856E+21,1.23848E+16,5.12994E+16
170601,14,6,25,20,2018,11,12,3,3,2,6,0,0,1,0,0,0,0,0,8.80659E+20,5.68427E+21,1.4448E+16,5.11827E+16
170602,14,7,13,0,2018,11,19,3,3,1,5,2,1,1,0,0,0,0,1,7.34508E+20,5.695E+21,1.23684E+16,5.13578E+16
170603,14,7,13,0,2018,11,15,3,3,3,2,0,1,1,0,0,0,0,1,7.30869E+20,5.69174E+21,1.23141E+16,5.133E+16
170604,14,6,12,0,2018,11,7,3,3,5,3,0,1,1,0,0,0,0,0,8.32961E+20,5.66427E+21,1.37496E+16,5.10333E+16
170605,14,7,13,0,2018,11,11,3,3,5,7,0,0,1,0,0,0,1,1,7.31262E+20,5.69197E+21,1.23199E+16,5.13319E+16
170606,14,5,21,450,2018,11,13,5,3,6,7,0,1,0,1,0,0,0,0,7.6405E+20,5.62604E+21,1.27416E+16,5.07261E+16
170607,14,6,12,0,2018,11,9,3,3,5,3,0,1,1,0,0,0,0,0,8.32977E+20,5.6673E+21,1.37526E+16,5.10605E+16
170608,14,7,13,0,2018,11,7,3,3,5,3,0,0,1,0,0,0,0,1,7.31775E+20,5.69102E+21,1.23266E+16,5.13232E+16
170609,14,7,13,0,2018,11,14,3,3,5,2,0,0,1,0,0,0,1,1,7.39101E+20,5.69945E+21,1.24372E+16,5.13958E+16
170610,14,5,11,0,2018,11,9,5,3,6,7,0,0,1,1,0,0,0,0,7.77503E+20,5.63804E+21,1.29408E+16,5.08274E+16
170611,14,6,12,0,2018,11,7,3,3,5,3,1,1,1,0,0,0,0,0,8.32562E+20,5.67349E+21,1.37524E+16,5.11162E+16
170612,14,7,13,0,2018,11,18,3,2,6,6,1,0,1,1,0,0,0,1,7.30748E+20,5.6861E+21,1.23087E+16,5.12794E+16
170613,14,6,12,0,2018,11,9,3,3,5,3,0,1,1,0,0,0,0,0,8.34441E+20,5.66387E+21,1.37703E+16,5.10289E+16
170614,14,6,12,0,2018,11,7,3,3,3,2,0,1,1,0,0,0,0,0,8.33241E+20,5.66681E+21,1.37559E+16,5.10559E+16
170615,14,6,25,250,2018,11,20,3,3,5,3,2,0,1,0,0,0,0,1,8.55712E+20,5.69314E+21,1.41014E+16,5.12783E+16
170616,14,6,26,110,2018,11,17,3,3,6,7,2,1,0,1,0,0,0,1,9.18256E+20,5.68352E+21,1.49823E+16,5.11498E+16
170617,14,5,21,550,2018,11,9,3,3,2,6,0,0,1,0,0,0,0,0,7.67846E+20,5.60646E+21,1.27811E+16,5.05486E+16
170618,14,6,26,300,2018,11,20,3,2,9,1,2,0,1,0,0,0,0,1,9.11391E+20,5.67986E+21,1.48804E+16,5.11221E+16
170619,14,5,11,0,2018,11,6,3,3,5,3,0,1,1,0,0,0,0,0,7.72483E+20,5.63847E+21,1.287E+16,5.08337E+16
170620,14,6,25,20,2018,11,17,3,3,5,3,2,1,1,0,0,0,0,1,8.80019E+20,5.68311E+21,1.44377E+16,5.11728E+16
170621,14,6,25,20,2018,11,15,3,3,6,7,0,0,1,1,0,0,0,1,8.79673E+20,5.68445E+21,1.44342E+16,5.1185E+16
170622,14,5,24,80,2018,11,12,2,2,6,4,0,0,0,1,0,0,1,0,7.49511E+20,5.63573E+21,1.25426E+16,5.08195E+16
170623,14,6,25,20,2018,11,15,3,3,2,6,0,0,1,0,0,0,0,1,8.79713E+20,5.68354E+21,1.44338E+16,5.11768E+16
170624,14,5,23,20,2018,11,17,2,3,4,2,2,0,1,0,1,0,0,0,7.39825E+20,5.6006E+21,1.23825E+16,5.05081E+16
170625,14,6,27,230,2018,11,10,3,2,2,6,0,0,1,0,0,0,0,0,7.97138E+20,5.69217E+21,1.32633E+16,5.13031E+16
170626,14,5,23,340,2018,11,8,2,3,5,7,0,1,1,0,0,0,0,0,7.35266E+20,5.61497E+21,1.23274E+16,5.06391E+16
170627,14,6,27,230,2018,11,7,3,3,0,1,0,1,0,0,0,0,0,1,7.97041E+20,5.69367E+21,1.32631E+16,5.13166E+16
170628,14,7,29,150,2018,11,17,2,3,1,5,1,1,1,0,0,0,0,0,7.58966E+20,5.66249E+21,1.26955E+16,5.10555E+16
170629,14,6,27,210,2018,11,11,3,3,0,1,0,1,0,0,0,0,0,1,8.27396E+20,5.67119E+21,1.36768E+16,5.10985E+16
170630,14,7,13,0,2018,11,17,2,3,2,6,2,0,1,0,0,0,0,0,7.33753E+20,5.6937E+21,1.23567E+16,5.13464E+16
170631,14,7,13,0,2018,11,16,2,3,0,7,0,1,0,0,0,0,0,0,7.35938E+20,5.69382E+21,1.23881E+16,5.13466E+16
170632,14,6,27,60,2018,11,12,3,2,0,1,0,1,1,0,0,0,0,1,8.15969E+20,5.69211E+21,1.35325E+16,5.12925E+16
170633,14,7,13,0,2018,11,12,2,3,0,7,0,1,1,0,0,0,0,0,7.32392E+20,5.69155E+21,1.23358E+16,5.13276E+16
170634,14,7,13,0,2018,11,7,2,3,0,1,1,1,0,0,0,0,0,1,7.31763E+20,5.68997E+21,1.23258E+16,5.13138E+16
170635,14,6,12,0,2018,11,8,3,3,1,5,0,1,1,0,0,0,0,0,8.30962E+20,5.66987E+21,1.37263E+16,5.10846E+16
170636,14,7,13,0,2018,11,17,2,3,1,5,2,1,1,0,0,0,0,0,7.34288E+20,5.69619E+21,1.2366E+16,5.13686E+16
170637,14,6,12,0,2018,11,17,3,3,6,2,2,0,1,1,0,0,0,1,8.39393E+20,5.66162E+21,1.38386E+16,5.10058E+16
170638,14,7,13,0,2018,11,15,2,3,6,4,0,0,1,1,0,0,0,0,7.37932E+20,5.69525E+21,1.24177E+16,5.13586E+16
170639,14,6,12,0,2018,11,17,3,3,1,5,2,0,1,0,0,0,0,0,8.32638E+20,5.66731E+21,1.37478E+16,5.10607E+16
170640,14,6,26,210,2018,11,11,2,3,9,7,0,0,1,0,0,0,0,0,9.02273E+20,5.65054E+21,1.47184E+16,5.08662E+16
170641,14,6,28,270,2018,11,11,2,3,1,1,0,1,1,0,0,0,0,0,8.46467E+20,5.65863E+21,1.39362E+16,5.09748E+16
170642,14,6,12,0,2018,11,13,3,3,5,3,0,1,1,0,0,0,0,1,8.32974E+20,5.6673E+21,1.37526E+16,5.10604E+16
170643,14,6,27,310,2018,11,8,2,3,5,3,0,1,1,0,0,0,0,0,8.18905E+20,5.67752E+21,1.35615E+16,5.116E+16
170644,14,6,12,0,2018,11,12,2,3,1,5,0,1,1,0,0,0,0,0,8.31299E+20,5.66678E+21,1.37283E+16,5.10568E+16
170645,14,6,12,0,2018,11,13,3,3,6,2,0,0,1,1,0,0,0,1,8.36941E+20,5.66649E+21,1.38083E+16,5.10509E+16
170646,14,6,12,0,2018,11,14,2,3,3,6,0,1,0,0,0,0,0,0,8.30179E+20,5.67023E+21,1.37155E+16,5.10883E+16
170647,14,6,12,0,2018,11,20,3,1,6,4,2,0,1,1,0,0,0,1,8.29205E+20,5.6695E+21,1.3701E+16,5.10823E+16
170648,14,6,12,0,2018,11,6,2,3,1,7,1,1,1,0,0,0,0,0,8.31164E+20,5.66606E+21,1.37257E+16,5.10504E+16
170649,14,5,22,180,2018,11,8,3,3,0,3,0,1,1,0,0,0,0,1,8.03962E+20,5.64979E+21,1.33252E+16,5.09196E+16
170650,14,5,11,0,2018,11,11,3,3,2,2,0,0,1,0,0,0,1,1,7.73567E+20,5.63435E+21,1.28823E+16,5.07962E+16
170651,14,6,12,0,2018,11,0,2,2,5,3,2,1,1,0,0,0,0,0,8.35268E+20,5.66597E+21,1.3784E+16,5.10472E+16
170652,14,5,11,0,2018,11,14,3,3,3,6,0,0,1,0,0,0,0,1,7.68505E+20,5.63593E+21,1.28118E+16,5.08127E+16
170653,14,5,11,0,2018,11,6,2,2,8,7,2,0,1,0,0,0,0,0,7.77637E+20,5.64089E+21,1.29448E+16,5.0853E+16
170654,14,5,11,0,2018,11,10,3,3,4,2,0,0,1,0,0,0,1,1,7.74249E+20,5.63733E+21,1.28942E+16,5.08227E+16
170655,14,7,13,0,2018,11,15,1,2,3,6,0,1,0,0,0,0,0,0,7.36175E+20,5.69107E+21,1.23897E+16,5.13218E+16
170656,14,5,11,0,2018,11,8,3,2,2,1,0,0,1,0,0,1,0,1,7.71084E+20,5.63659E+21,1.28488E+16,5.08175E+16
170657,14,6,12,0,2018,11,13,1,3,4,7,0,1,1,0,0,0,0,1,8.37186E+20,5.66159E+21,1.38072E+16,5.10069E+16
170658,14,5,11,0,2018,11,11,3,3,4,6,0,0,1,0,0,0,0,1,7.75404E+20,5.64142E+21,1.29136E+16,5.08588E+16
170659,14,5,24,330,2018,11,16,2,3,0,7,0,0,1,0,0,0,0,0,7.45095E+20,5.62829E+21,1.2475E+16,5.07546E+16
170660,14,6,12,0,2018,11,17,1,3,2,6,2,0,1,0,0,0,0,0,8.34525E+20,5.66608E+21,1.37735E+16,5.10486E+16
170661,14,6,26,290,2018,12,13,4,3,0,1,0,1,0,0,0,0,0,1,8.97445E+20,5.67689E+21,1.46789E+16,5.11053E+16
170662,14,7,13,0,2018,12,7,2,3,6,4,2,0,1,1,0,0,0,1,7.35722E+20,5.6955E+21,1.23861E+16,5.13618E+16
170663,14,7,13,0,2018,12,16,2,3,5,3,1,1,1,0,0,0,0,1,7.35837E+20,5.69498E+21,1.23874E+16,5.1357E+16
170664,14,6,25,20,2018,12,10,4,3,3,6,0,1,1,0,0,0,0,1,8.79735E+20,5.68394E+21,1.44345E+16,5.11804E+16
170665,14,7,13,0,2018,12,15,2,3,5,3,0,0,1,0,0,0,0,0,7.33742E+20,5.69248E+21,1.23558E+16,5.13355E+16
170666,14,7,13,0,2018,12,16,2,3,5,2,2,1,1,0,0,0,0,1,7.34746E+20,5.69078E+21,1.2369E+16,5.13198E+16
170667,14,7,29,60,2018,12,18,2,3,6,2,2,0,1,1,0,0,0,1,7.46307E+20,5.69444E+21,1.25372E+16,5.13478E+16
170668,14,7,13,0,2018,12,13,2,3,2,2,0,0,1,0,0,0,0,0,7.38462E+20,5.69029E+21,1.24219E+16,5.13138E+16
170669,14,6,27,10,2018,12,9,4,3,5,3,0,0,1,0,0,0,0,1,8.20583E+20,5.67422E+21,1.35825E+16,5.11295E+16
170670,14,7,13,0,2018,12,15,2,2,0,1,0,1,1,0,0,0,0,1,7.36983E+20,5.69232E+21,1.24021E+16,5.13327E+16
170671,14,6,26,600,2018,12,10,2,3,5,3,0,1,1,0,0,0,0,1,8.90958E+20,5.72003E+21,1.46339E+16,5.14959E+16
170672,14,6,12,0,2018,12,19,4,2,6,2,2,0,1,1,0,0,0,1,8.27767E+20,5.66705E+21,1.36783E+16,5.10612E+16
170673,14,6,25,640,2018,12,14,2,3,5,3,0,0,1,0,1,0,0,1,8.65249E+20,5.70169E+21,1.42463E+16,5.13488E+16
170674,14,6,12,0,2018,12,12,4,3,6,4,0,0,1,1,0,0,0,1,8.38591E+20,5.66219E+21,1.38277E+16,5.10114E+16
170675,14,6,26,110,2018,12,12,2,3,6,4,0,0,1,1,0,0,0,0,9.17624E+20,5.6831E+21,1.49728E+16,5.11465E+16
170676,14,6,12,0,2018,12,8,4,3,6,7,2,0,1,1,0,0,0,0,8.32114E+20,5.66884E+21,1.37418E+16,5.10748E+16
170677,14,6,26,110,2018,12,11,2,1,5,3,0,1,1,0,0,0,0,0,9.184E+20,5.68348E+21,1.49843E+16,5.11494E+16
170678,14,6,12,0,2018,12,7,4,3,5,2,1,1,0,0,0,0,1,1,8.3324E+20,5.66681E+21,1.37559E+16,5.10559E+16
170679,14,6,28,270,2018,12,16,2,3,4,2,2,0,1,0,0,0,1,1,8.46406E+20,5.65739E+21,1.39341E+16,5.09637E+16
170680,14,7,29,260,2018,12,12,4,2,0,7,0,1,1,0,0,0,0,0,7.34581E+20,5.68627E+21,1.23637E+16,5.12794E+16
170681,14,6,27,220,2018,12,18,2,2,5,3,2,1,1,0,0,0,0,1,8.3039E+20,5.68428E+21,1.37314E+16,5.12141E+16
170682,14,5,24,30,2018,12,8,4,3,0,1,1,0,0,0,1,0,0,1,7.39025E+20,5.63592E+21,1.23941E+16,5.08256E+16
170683,14,6,12,0,2018,12,6,4,3,6,2,2,0,1,1,0,0,0,1,8.35701E+20,5.66249E+21,1.37869E+16,5.10158E+16
170684,14,6,27,60,2018,12,10,2,3,6,2,0,0,1,1,0,0,0,1,8.15868E+20,5.69214E+21,1.35311E+16,5.12928E+16
170685,14,5,21,690,2018,12,14,4,3,0,5,0,0,1,0,0,0,0,1,7.8745E+20,5.62996E+21,1.30753E+16,5.07501E+16
170686,14,5,21,270,2018,12,8,4,3,0,7,0,0,1,0,0,0,0,1,7.95074E+20,5.63281E+21,1.31854E+16,5.07719E+16
170687,14,6,12,0,2018,12,13,2,3,5,2,0,1,1,0,0,0,0,1,8.32611E+20,5.66853E+21,1.37486E+16,5.10717E+16
170688,14,5,11,0,2018,12,10,4,3,5,7,0,0,1,0,0,0,1,1,7.76825E+20,5.63747E+21,1.29307E+16,5.08227E+16
170689,14,6,12,0,2018,12,17,2,3,3,6,2,1,1,0,0,0,0,0,8.35267E+20,5.6644E+21,1.37825E+16,5.10331E+16
170690,14,5,11,0,2018,12,9,4,3,5,7,0,0,1,0,0,0,0,1,7.74417E+20,5.63906E+21,1.28978E+16,5.0838E+16
170691,14,5,11,0,2018,12,18,2,3,5,3,2,1,1,0,0,0,0,1,7.73252E+20,5.63827E+21,1.28807E+16,5.08316E+16
170692,14,5,11,0,2018,12,8,4,3,3,7,0,0,1,0,0,0,0,1,7.73947E+20,5.63723E+21,1.28898E+16,5.08219E+16
170693,14,5,11,0,2018,12,10,2,2,6,4,0,0,1,1,0,0,0,1,7.7891E+20,5.63751E+21,1.29603E+16,5.0822E+16
170694,14,5,11,0,2018,12,10,4,3,0,7,0,0,0,0,0,0,1,1,7.76823E+20,5.63747E+21,1.29307E+16,5.08227E+16
170695,14,5,11,0,2018,12,18,4,3,5,3,2,0,1,0,0,0,0,1,7.72778E+20,5.63934E+21,1.28748E+16,5.08413E+16
170696,14,5,24,320,2018,12,16,3,3,0,1,1,0,0,0,1,0,0,1,7.48356E+20,5.61932E+21,1.25151E+16,5.06727E+16
170697,14,7,13,0,2018,12,22,1,3,9,1,2,0,1,0,0,0,0,1,7.36296E+20,5.6941E+21,1.23935E+16,5.1349E+16
170698,14,5,24,180,2018,12,18,3,2,6,2,2,0,1,1,0,0,0,1,7.65133E+20,5.64087E+21,1.27676E+16,5.08587E+16
170699,14,7,13,0,2018,12,8,3,3,3,2,0,1,1,0,0,0,0,1,7.3419E+20,5.69289E+21,1.23625E+16,5.13389E+16