OBJECTID_1,ULAND,UREGBEZ,UKREIS,UGEMEINDE,UJAHR,UMONAT,USTUNDE,UWOCHENTAG,UKATEGORIE,UART,UTYP1,ULICHTVERH,IstRad,IstPKW,IstFuss,IstKrad,IstGkfz,IstSonstig,STRZUSTAND,LINREFX,LINREFY,XGCSWGS84,YGCSWGS84
170700,14,7,13,0,2018,12,16,1,2,6,2,2,0,1,1,0,0,0,1,7.37015E+20,5.69712E+21,1.24058E+16,5.13758E+16
170701,14,7,13,0,2018,12,8,3,3,5,3,0,0,1,0,0,0,0,1,7.32437E+20,5.69168E+21,1.23366E+16,5.13288E+16
170702,14,6,27,230,2018,12,17,1,2,6,2,2,0,1,1,0,0,0,1,7.99866E+20,5.692E+21,1.33021E+16,5.13002E+16
170703,14,7,13,0,2018,12,10,3,3,5,3,0,0,1,0,0,0,0,1,7.3525E+20,5.68892E+21,1.2375E+16,5.13029E+16
170704,14,6,12,0,2018,12,7,1,3,5,3,1,0,1,0,0,0,0,1,8.3303E+20,5.66594E+21,1.37521E+16,5.10482E+16
170705,14,7,13,0,2018,12,20,3,3,3,7,2,0,1,0,0,0,1,1,7.36085E+20,5.69263E+21,1.23895E+16,5.13359E+16
170706,14,6,12,0,2018,12,10,1,3,5,3,0,1,1,0,0,0,0,0,8.34936E+20,5.66424E+21,1.37777E+16,5.10319E+16
170707,14,7,13,0,2018,12,16,3,3,6,4,2,0,1,1,0,0,0,1,7.38679E+20,5.69363E+21,1.24273E+16,5.13438E+16
170708,14,7,13,0,2018,12,22,3,3,6,2,2,0,0,1,0,0,1,1,7.34777E+20,5.6925E+21,1.23706E+16,5.13352E+16
170709,14,6,28,160,2018,12,9,1,2,5,3,0,0,1,0,0,0,1,1,8.40992E+20,5.65954E+21,1.38593E+16,5.09862E+16
170710,14,7,13,0,2018,12,9,3,2,2,2,0,1,1,0,0,0,0,1,7.35445E+20,5.69168E+21,1.23796E+16,5.13276E+16
170711,14,6,12,0,2018,12,17,1,3,6,4,2,0,0,1,0,0,1,1,8.35585E+20,5.66555E+21,1.37881E+16,5.10433E+16
170712,14,5,22,180,2018,12,1,1,2,9,1,2,0,1,0,0,0,0,0,8.04234E+20,5.65148E+21,1.33305E+16,5.09346E+16
170713,14,5,22,80,2018,12,16,1,2,6,4,0,0,1,1,0,0,0,1,7.88015E+20,5.6713E+21,1.3116E+16,5.11207E+16
170714,14,6,27,60,2018,12,14,3,3,5,3,0,1,0,0,1,0,0,1,8.14755E+20,5.69225E+21,1.35153E+16,5.12943E+16
170715,14,7,29,190,2018,12,11,7,3,5,2,0,1,1,0,0,0,0,0,7.40639E+20,5.6796E+21,1.24459E+16,5.1217E+16
170716,14,6,12,0,2018,12,14,3,3,4,2,0,1,1,0,0,0,0,1,8.35699E+20,5.6625E+21,1.37869E+16,5.10158E+16
170717,14,7,13,0,2018,12,10,7,3,3,6,0,0,1,0,1,0,0,1,7.35152E+20,5.69364E+21,1.23767E+16,5.13453E+16
170718,14,6,12,0,2018,12,9,3,3,2,6,0,0,1,0,0,0,0,1,8.35584E+20,5.66555E+21,1.37881E+16,5.10433E+16
170719,14,7,29,320,2018,12,14,4,3,9,1,0,0,1,0,0,0,0,0,7.42332E+20,5.67303E+21,1.24657E+16,5.11573E+16
170720,14,7,13,0,2018,12,12,7,3,2,1,0,0,1,0,1,0,0,1,7.34825E+20,5.69254E+21,1.23713E+16,5.13356E+16
170721,14,7,30,170,2018,12,12,7,2,8,1,0,0,1,0,0,0,0,0,7.90356E+20,5.69166E+21,1.31658E+16,5.1302E+16
170722,14,6,12,0,2018,12,7,3,3,5,3,0,0,1,0,0,0,1,1,8.37651E+20,5.66785E+21,1.38196E+16,5.10627E+16
170723,14,6,25,525,2018,12,9,7,3,8,1,0,0,1,0,0,0,0,2,8.80174E+20,5.67577E+21,1.44322E+16,5.1107E+16
170724,14,6,12,0,2018,12,13,3,3,6,3,0,0,0,1,0,0,1,1,8.34979E+20,5.6671E+21,1.37809E+16,5.10575E+16
170725,14,6,26,440,2018,12,1,7,3,8,1,2,0,1,0,0,0,0,1,9.01564E+20,5.70169E+21,1.47652E+16,5.13243E+16
170726,14,7,13,0,2018,12,16,4,2,5,3,2,0,1,0,0,0,1,1,7.37839E+20,5.69504E+21,1.24162E+16,5.13567E+16
170727,14,6,25,525,2018,12,7,7,3,0,1,0,0,1,0,0,0,0,2,8.79546E+20,5.67216E+21,1.44194E+16,5.10751E+16
170728,14,6,12,0,2018,12,16,3,3,6,4,1,0,1,1,0,0,0,1,8.3457E+20,5.66543E+21,1.37736E+16,5.10427E+16
170729,14,6,12,0,2018,12,13,7,3,5,3,0,0,1,0,0,0,0,1,8.40401E+20,5.66176E+21,1.3853E+16,5.10065E+16
170730,14,5,22,360,2018,12,11,7,2,0,7,0,0,1,0,1,0,0,1,7.79324E+20,5.65579E+21,1.29802E+16,5.09858E+16
170731,14,5,21,390,2018,12,14,7,3,2,2,0,0,1,0,0,0,0,1,7.93558E+20,5.62004E+21,1.31538E+16,5.06581E+16
170732,14,7,13,0,2018,12,7,4,3,5,2,0,1,0,0,0,0,1,1,7.34777E+20,5.6925E+21,1.23706E+16,5.13352E+16
170733,14,6,12,0,2018,12,21,3,3,5,3,2,1,1,0,0,0,0,1,8.3146E+20,5.66556E+21,1.37295E+16,5.10457E+16
170734,14,5,11,0,2018,12,11,7,3,0,7,0,1,0,1,0,0,0,0,7.76271E+20,5.63883E+21,1.29239E+16,5.08351E+16
170735,14,6,12,0,2018,12,14,3,3,6,4,0,0,1,1,0,0,0,1,8.30695E+20,5.66644E+21,1.37194E+16,5.10541E+16
170736,14,5,11,0,2018,12,5,7,2,6,4,2,0,0,1,0,1,0,1,7.76223E+20,5.63841E+21,1.29229E+16,5.08314E+16
170737,14,5,11,0,2018,12,7,3,3,2,6,0,0,1,0,0,0,1,1,7.74146E+20,5.63564E+21,1.28914E+16,5.08075E+16
170738,14,5,23,360,2018,11,17,6,2,6,4,2,0,1,1,0,0,0,1,7.41322E+20,5.60325E+21,1.24053E+16,5.05313E+16
170739,14,7,13,0,2018,12,5,4,3,5,3,2,0,1,0,0,0,0,1,7.34606E+20,5.69245E+21,1.23681E+16,5.13349E+16
170740,14,5,11,0,2018,12,18,3,1,6,4,2,0,1,1,0,0,0,1,7.77477E+20,5.64004E+21,1.29419E+16,5.08454E+16
170741,14,7,13,0,2018,11,15,6,3,6,4,0,0,1,1,0,0,0,1,7.39735E+20,5.69179E+21,1.24412E+16,5.13268E+16
170742,14,5,24,330,2018,12,16,2,3,6,2,2,0,1,1,0,0,0,1,7.48614E+20,5.62596E+21,1.25232E+16,5.07321E+16
170743,14,7,13,0,2018,11,6,6,3,6,4,2,0,1,1,0,0,0,0,7.31868E+20,5.69645E+21,1.23315E+16,5.13719E+16
170744,14,5,23,320,2018,12,14,2,2,6,4,0,0,1,1,0,0,0,1,7.21178E+20,5.59839E+21,1.21187E+16,5.04956E+16
170745,14,7,30,70,2018,12,11,2,2,2,6,0,0,1,0,0,0,0,0,7.31896E+20,5.71346E+21,1.23431E+16,5.15245E+16
170746,14,7,13,0,2018,11,13,6,3,5,3,0,0,1,0,0,0,0,1,7.39941E+20,5.6941E+21,1.24457E+16,5.13474E+16
170747,14,7,29,170,2018,12,11,2,3,5,3,0,0,1,0,0,0,1,0,7.29441E+20,5.67234E+21,1.22812E+16,5.11564E+16
170748,14,7,13,0,2018,11,14,6,2,6,4,0,0,1,1,0,0,0,1,7.35143E+20,5.69374E+21,1.23767E+16,5.13462E+16
170749,14,7,29,50,2018,12,14,2,2,3,6,0,1,0,0,0,0,0,0,7.44456E+20,5.6683E+21,1.24928E+16,5.11139E+16
170750,14,7,29,260,2018,11,10,6,3,5,7,0,0,1,0,0,0,0,0,7.34854E+20,5.68542E+21,1.23671E+16,5.12717E+16
170751,14,7,13,0,2018,12,6,2,3,5,3,2,1,1,0,0,0,0,1,7.32962E+20,5.69286E+21,1.23448E+16,5.13392E+16
170752,14,6,25,480,2018,11,17,6,3,5,3,2,1,1,0,0,0,0,1,8.44227E+20,5.67318E+21,1.39182E+16,5.11065E+16
170753,14,7,13,0,2018,12,14,2,3,2,2,0,0,1,0,0,0,0,1,7.37335E+20,5.69147E+21,1.24066E+16,5.13249E+16
170754,14,6,25,240,2018,11,10,6,3,4,2,0,0,1,0,0,0,0,0,8.64331E+20,5.7122E+21,1.42439E+16,5.14435E+16
170755,14,7,13,0,2018,12,17,2,3,6,7,2,0,1,1,0,0,0,0,7.34836E+20,5.69392E+21,1.23724E+16,5.13479E+16
170756,14,7,13,0,2018,12,9,2,2,5,3,0,0,1,0,1,0,0,0,7.3178E+20,5.69174E+21,1.23272E+16,5.13296E+16
170757,14,6,27,230,2018,11,13,6,3,3,6,0,1,1,0,0,0,0,1,7.9854E+20,5.69261E+21,1.32837E+16,5.13064E+16
170758,14,7,30,70,2018,12,16,2,3,0,7,1,0,0,0,0,0,1,1,7.31902E+20,5.71367E+21,1.23433E+16,5.15265E+16
170759,14,6,25,480,2018,12,16,2,2,5,3,2,0,1,0,0,0,0,1,8.44259E+20,5.67357E+21,1.3919E+16,5.111E+16
170760,14,6,12,0,2018,11,21,6,3,5,3,2,0,1,0,0,0,0,1,8.34457E+20,5.66521E+21,1.37718E+16,5.10408E+16
170761,14,6,26,110,2018,12,9,2,3,4,1,0,0,1,0,0,0,0,1,9.16721E+20,5.68153E+21,1.49581E+16,5.11331E+16
170762,14,6,12,0,2018,11,13,6,3,5,3,0,1,1,0,0,0,0,1,8.32955E+20,5.6643E+21,1.37496E+16,5.10336E+16
170763,14,6,12,0,2018,12,5,3,2,4,6,2,1,0,0,0,0,0,1,8.32666E+20,5.6665E+21,1.37475E+16,5.10534E+16
170764,14,7,13,0,2018,12,16,4,3,5,2,2,0,1,0,0,0,0,1,7.29335E+20,5.69083E+21,1.22916E+16,5.13225E+16
170765,14,6,26,110,2018,12,13,2,2,6,4,0,0,1,1,0,0,0,1,9.18061E+20,5.68306E+21,1.4979E+16,5.11459E+16
170766,14,5,22,20,2018,11,12,6,3,0,1,0,0,0,0,0,0,1,2,7.88717E+20,5.63719E+21,1.30989E+16,5.08144E+16
170767,14,6,27,230,2018,12,11,2,3,5,3,0,0,1,0,0,1,0,1,7.98793E+20,5.6923E+21,1.3287E+16,5.13035E+16
170768,14,5,11,0,2018,11,17,6,3,5,3,2,0,1,0,0,0,0,1,7.74973E+20,5.63766E+21,1.29046E+16,5.08252E+16
170769,14,5,11,0,2018,11,16,6,3,0,7,1,0,1,1,0,0,0,0,7.76918E+20,5.63738E+21,1.2932E+16,5.08218E+16
170770,14,6,27,10,2018,12,7,2,3,5,3,0,1,0,0,0,0,1,1,8.20588E+20,5.67394E+21,1.35823E+16,5.11271E+16
170771,14,5,24,300,2018,11,12,5,3,5,3,0,0,1,0,0,0,0,0,7.38668E+20,5.62551E+21,1.23823E+16,5.07323E+16
170772,14,6,27,10,2018,12,17,2,3,5,3,2,0,1,0,0,0,0,0,8.20912E+20,5.67439E+21,1.35873E+16,5.11309E+16
170773,14,6,12,0,2018,12,14,2,3,1,7,0,0,1,0,0,0,0,0,8.40208E+20,5.66051E+21,1.38491E+16,5.09953E+16
170774,14,7,13,0,2018,11,17,5,3,6,4,2,0,1,1,0,0,0,0,7.32439E+20,5.69168E+21,1.23366E+16,5.13288E+16
170775,14,6,12,0,2018,12,10,2,2,0,3,0,1,1,0,0,0,0,1,8.32212E+20,5.66778E+21,1.37422E+16,5.10652E+16
170776,14,7,13,0,2018,11,19,5,3,3,7,2,0,1,0,1,0,0,0,7.34822E+20,5.69409E+21,1.23723E+16,5.13495E+16
170777,14,7,30,70,2018,11,12,5,3,4,2,0,0,0,0,0,1,1,0,7.32281E+20,5.71335E+21,1.23485E+16,5.15234E+16
170778,14,6,12,0,2018,12,7,3,3,2,6,1,0,1,0,0,0,0,1,8.31298E+20,5.66585E+21,1.37274E+16,5.10485E+16
170779,14,6,12,0,2018,12,10,2,2,0,1,0,1,0,0,0,0,0,1,8.33816E+20,5.66855E+21,1.37657E+16,5.10712E+16
170780,14,7,29,50,2018,11,7,5,3,0,7,0,0,1,0,1,0,0,0,7.45244E+20,5.67155E+21,1.25063E+16,5.11427E+16
170781,14,6,12,0,2018,12,18,2,3,1,5,2,0,1,0,0,0,0,1,8.36046E+20,5.66592E+21,1.3795E+16,5.10463E+16
170782,14,7,13,0,2018,11,19,5,2,6,2,2,0,1,1,0,0,0,0,7.32392E+20,5.6963E+21,1.23389E+16,5.13703E+16
170783,14,7,13,0,2018,11,9,5,2,5,3,0,0,1,0,0,0,0,0,7.37281E+20,5.69376E+21,1.24073E+16,5.13455E+16
170784,14,6,12,0,2018,12,16,2,2,5,3,1,1,1,0,0,0,0,1,8.35066E+20,5.66581E+21,1.3781E+16,5.10459E+16
170785,14,7,13,0,2018,11,17,5,3,5,2,2,1,1,0,0,0,0,0,7.34772E+20,5.69373E+21,1.23714E+16,5.13463E+16
170786,14,6,12,0,2018,12,17,3,3,3,2,2,1,1,0,0,0,0,0,8.34998E+20,5.66563E+21,1.37798E+16,5.10443E+16
170787,14,6,12,0,2018,12,14,2,3,6,4,0,0,1,1,0,0,0,1,8.33254E+20,5.66573E+21,1.37551E+16,5.10462E+16
170788,14,7,13,0,2018,11,6,5,3,7,7,2,1,0,0,0,0,0,0,7.34027E+20,5.69676E+21,1.23627E+16,5.13738E+16
170789,14,6,12,0,2018,12,6,2,3,5,3,2,1,1,0,0,0,0,1,8.36993E+20,5.66587E+21,1.38084E+16,5.10453E+16
170790,14,6,12,0,2018,11,6,5,3,0,7,1,1,1,0,0,0,0,0,8.30088E+20,5.67001E+21,1.3714E+16,5.10864E+16
170791,14,6,12,0,2018,12,12,2,3,5,3,0,0,1,0,1,0,0,1,8.29622E+20,5.66424E+21,1.37021E+16,5.10349E+16
170792,14,6,12,0,2018,11,15,5,3,5,3,0,0,1,0,0,0,0,0,8.32521E+20,5.6645E+21,1.37436E+16,5.10356E+16
170793,14,6,12,0,2018,11,7,5,2,4,2,0,1,1,0,0,0,0,0,8.34439E+20,5.66387E+21,1.37703E+16,5.10289E+16
170794,14,6,12,0,2018,12,7,3,3,5,3,1,1,1,0,0,0,0,1,8.29181E+20,5.66862E+21,1.36999E+16,5.10745E+16
170795,14,5,22,60,2018,12,15,2,3,2,6,0,0,1,0,0,0,0,0,7.68233E+20,5.64593E+21,1.28152E+16,5.09026E+16
170796,14,5,21,450,2018,11,7,5,3,1,7,0,0,1,0,0,0,1,0,7.60018E+20,5.62512E+21,1.26839E+16,5.07196E+16
170797,14,5,21,180,2018,12,22,2,3,9,1,2,0,1,0,0,0,0,2,7.76422E+20,5.61046E+21,1.29048E+16,5.05805E+16
170798,14,5,21,510,2018,11,8,5,3,4,2,0,0,1,0,0,0,0,0,7.77224E+20,5.60606E+21,1.29128E+16,5.05407E+16
170799,14,5,11,0,2018,11,18,5,3,2,6,2,0,1,0,0,0,0,0,7.75895E+20,5.63993E+21,1.29194E+16,5.08452E+16
170800,14,5,21,20,2018,12,21,2,2,6,4,2,0,1,1,0,0,0,2,7.83713E+20,5.6103E+21,1.30074E+16,5.05756E+16
170801,14,5,11,0,2018,11,14,5,3,3,6,0,0,1,0,0,0,0,0,7.72159E+20,5.63521E+21,1.2863E+16,5.08046E+16
170802,14,5,21,440,2018,12,9,3,2,6,4,0,0,0,1,0,0,1,1,7.82044E+20,5.59294E+21,1.29708E+16,5.04207E+16
170803,14,7,29,350,2018,12,17,1,3,6,7,2,0,1,1,0,0,0,1,7.27454E+20,5.67338E+21,1.22535E+16,5.11666E+16
170804,14,5,11,0,2018,11,13,5,2,2,6,0,0,1,0,0,0,0,0,7.71084E+20,5.64181E+21,1.28526E+16,5.08643E+16
170805,14,7,13,0,2018,12,20,1,3,4,2,2,1,1,0,0,0,0,0,7.36341E+20,5.69276E+21,1.23932E+16,5.13369E+16
170806,14,5,11,0,2018,12,8,3,2,6,4,0,0,1,1,0,0,0,1,7.76293E+20,5.63774E+21,1.29234E+16,5.08253E+16
170807,14,7,13,0,2018,12,23,1,3,3,1,2,0,1,0,1,0,0,0,7.29008E+20,5.6939E+21,1.22888E+16,5.13502E+16
170808,14,5,24,330,2018,11,6,4,3,2,6,2,0,1,0,0,0,0,0,7.45202E+20,5.62524E+21,1.24745E+16,5.07272E+16
170809,14,6,27,310,2018,12,17,1,3,6,4,2,0,1,1,0,0,0,1,8.18921E+20,5.67746E+21,1.35617E+16,5.11595E+16
170810,14,5,22,180,2018,12,0,1,3,5,3,2,0,1,0,0,0,0,1,8.05445E+20,5.64882E+21,1.33454E+16,5.091E+16
170811,14,5,24,250,2018,11,16,4,3,6,6,1,0,1,1,0,0,0,1,7.48801E+20,5.62067E+21,1.25223E+16,5.06846E+16
170812,14,5,11,0,2018,12,4,1,3,9,1,2,0,1,0,0,0,0,1,7.75401E+20,5.63914E+21,1.29118E+16,5.08383E+16
170813,14,5,24,330,2018,11,11,4,3,6,4,0,0,0,1,0,0,1,0,7.44555E+20,5.62188E+21,1.24631E+16,5.06972E+16
170814,14,7,30,45,2018,12,22,7,2,9,1,2,0,1,0,0,0,0,1,7.8093E+20,5.70645E+21,1.30426E+16,5.14394E+16
170815,14,7,30,110,2018,12,9,7,3,5,3,0,1,1,0,0,0,0,0,7.52674E+20,5.70737E+21,1.26376E+16,5.1461E+16
170816,14,7,29,430,2018,11,11,4,3,5,3,0,1,1,0,0,0,0,0,7.32505E+20,5.67992E+21,1.23299E+16,5.12232E+16
170817,14,7,30,70,2018,12,14,7,3,5,3,0,1,1,0,0,0,0,0,7.31317E+20,5.71351E+21,1.23348E+16,5.15252E+16
170818,14,7,29,260,2018,11,17,4,3,5,3,2,0,1,0,0,0,0,1,7.38735E+20,5.68651E+21,1.24233E+16,5.12798E+16
170819,14,5,24,330,2018,12,19,2,2,1,1,2,1,1,0,0,0,0,0,7.45977E+20,5.62543E+21,1.24856E+16,5.07285E+16
170820,14,6,26,110,2018,12,18,7,3,6,6,2,0,1,1,0,0,0,1,9.18717E+20,5.68436E+21,1.49898E+16,5.1157E+16
170821,14,7,13,0,2018,11,14,4,3,2,2,0,0,1,0,0,0,0,0,7.3221E+20,5.69898E+21,1.23381E+16,5.13944E+16
170822,14,6,12,0,2018,12,0,7,3,5,3,2,1,0,0,0,0,1,0,8.32764E+20,5.66761E+21,1.37499E+16,5.10634E+16
170823,14,6,12,0,2018,12,9,7,3,8,1,0,0,1,0,0,0,0,0,8.34099E+20,5.66525E+21,1.37667E+16,5.10414E+16
170824,14,7,13,0,2018,11,7,4,3,2,6,0,0,1,0,0,0,0,0,7.37272E+20,5.69231E+21,1.24062E+16,5.13325E+16
170825,14,6,12,0,2018,12,14,7,3,2,6,0,0,1,0,0,0,0,0,8.37762E+20,5.66266E+21,1.38164E+16,5.10161E+16
170826,14,5,22,180,2018,12,18,7,3,1,7,2,0,1,0,0,0,0,1,8.05643E+20,5.64902E+21,1.33484E+16,5.09117E+16
170827,14,7,13,0,2018,11,11,4,3,2,6,0,0,1,0,0,0,0,0,7.351E+20,5.69397E+21,1.23762E+16,5.13483E+16
170828,14,5,21,390,2018,12,11,7,3,2,6,0,0,1,0,0,0,0,0,7.94992E+20,5.61915E+21,1.31733E+16,5.06494E+16
170829,14,7,13,0,2018,11,18,4,3,5,3,2,1,1,0,0,0,0,0,7.35114E+20,5.68874E+21,1.2373E+16,5.13014E+16
170830,14,5,24,320,2018,12,17,6,2,0,1,2,1,0,0,0,0,0,1,7.48341E+20,5.61926E+21,1.25149E+16,5.06721E+16
170831,14,6,25,230,2018,11,12,4,3,6,6,0,0,0,1,0,0,1,0,8.89862E+20,5.68316E+21,1.45779E+16,5.11666E+16
170832,14,5,23,320,2018,12,16,2,3,2,6,2,0,1,0,0,0,0,1,7.23011E+20,5.59918E+21,1.21449E+16,5.05021E+16
170833,14,5,24,180,2018,12,15,6,3,5,3,0,0,1,0,0,0,0,1,7.65323E+20,5.64061E+21,1.27701E+16,5.08562E+16
170834,14,6,27,10,2018,11,9,4,3,4,1,0,0,1,0,0,0,0,0,8.20071E+20,5.67521E+21,1.35761E+16,5.11387E+16
170835,14,5,24,330,2018,12,18,6,3,4,2,2,0,1,0,1,0,0,1,7.46365E+20,5.62433E+21,1.24903E+16,5.07185E+16
170836,14,6,12,0,2018,11,7,4,3,6,4,2,0,1,1,0,0,0,0,8.27811E+20,5.66655E+21,1.36785E+16,5.10567E+16
170837,14,7,30,110,2018,12,17,6,3,6,4,2,1,0,1,0,0,0,1,7.52715E+20,5.707E+21,1.26379E+16,5.14577E+16
170838,14,7,13,0,2018,12,16,6,3,6,7,0,0,1,1,0,0,0,0,7.3517E+20,5.69314E+21,1.23767E+16,5.13408E+16
170839,14,6,12,0,2018,11,6,4,3,5,3,2,1,1,0,0,0,0,0,8.33248E+20,5.66615E+21,1.37554E+16,5.105E+16
170840,14,7,13,0,2018,12,6,6,3,6,4,1,0,1,1,0,0,0,1,7.34573E+20,5.69213E+21,1.23675E+16,5.1332E+16
170841,14,6,12,0,2018,11,8,4,3,5,2,0,1,1,0,0,0,0,0,8.37464E+20,5.66306E+21,1.38125E+16,5.10199E+16
170842,14,6,12,0,2018,11,15,4,3,0,1,1,1,0,0,0,0,0,0,8.34701E+20,5.66438E+21,1.37745E+16,5.10333E+16
170843,14,5,23,300,2018,12,16,2,2,6,2,1,0,1,1,0,0,0,1,7.25481E+20,5.59001E+21,1.21742E+16,5.04188E+16
170844,14,7,13,0,2018,12,17,6,2,4,2,2,0,1,0,0,0,0,1,7.42507E+20,5.69194E+21,1.2481E+16,5.1327E+16
170845,14,6,12,0,2018,11,13,4,2,5,3,0,0,1,0,1,0,0,0,8.27576E+20,5.66473E+21,1.36735E+16,5.10405E+16
170846,14,7,13,0,2018,12,13,6,3,6,4,0,1,0,1,0,0,0,1,7.35307E+20,5.69222E+21,1.2378E+16,5.13325E+16
170847,14,5,11,0,2018,11,7,4,3,4,2,0,0,1,0,0,0,0,0,7.68499E+20,5.63592E+21,1.28117E+16,5.08127E+16
170848,14,7,30,310,2018,12,9,2,3,6,6,0,0,1,1,0,0,0,1,7.76832E+20,5.71817E+21,1.2993E+16,5.15466E+16
170849,14,7,13,0,2018,12,19,6,3,1,3,2,1,0,0,0,0,0,1,7.34663E+20,5.69132E+21,1.23682E+16,5.13247E+16
170850,14,5,24,180,2018,11,11,3,3,5,3,0,0,1,0,1,0,0,0,7.64662E+20,5.64049E+21,1.27606E+16,5.08554E+16
170851,14,7,29,160,2018,12,15,6,2,9,1,0,0,0,0,0,0,1,1,7.66707E+20,5.68698E+21,1.28239E+16,5.12716E+16
170852,14,5,24,330,2018,11,17,3,3,4,2,2,1,1,0,0,0,0,0,7.44019E+20,5.6244E+21,1.24572E+16,5.07201E+16
170853,14,7,13,0,2018,11,9,3,3,2,6,0,0,1,0,0,0,1,0,7.3725E+20,5.69223E+21,1.24059E+16,5.13318E+16
170854,14,7,13,0,2018,12,19,6,3,5,2,2,1,1,0,0,0,0,1,7.35589E+20,5.69224E+21,1.23821E+16,5.13326E+16
170855,14,7,13,0,2018,11,14,3,3,5,3,0,0,1,0,0,0,0,0,7.37899E+20,5.70224E+21,1.24219E+16,5.14214E+16
170856,14,7,29,160,2018,12,18,2,3,5,3,1,0,1,0,0,0,0,1,7.59096E+20,5.68263E+21,1.27119E+16,5.12361E+16
170857,14,7,13,0,2018,12,11,6,3,5,3,0,0,1,0,0,1,0,1,7.36724E+20,5.68906E+21,1.23962E+16,5.13036E+16
170858,14,7,13,0,2018,11,8,3,3,6,4,0,0,1,1,0,0,0,1,7.34147E+20,5.69647E+21,1.23642E+16,5.13711E+16
170859,14,7,13,0,2018,11,17,3,3,2,4,2,1,1,1,0,0,0,0,7.38549E+20,5.69097E+21,1.24236E+16,5.13199E+16
170860,14,7,13,0,2018,12,14,2,3,5,3,0,1,1,0,0,0,0,1,7.3441E+20,5.69267E+21,1.23655E+16,5.13369E+16
170861,14,7,13,0,2018,12,16,6,3,6,4,2,0,1,1,0,0,0,1,7.35816E+20,5.69289E+21,1.23858E+16,5.13383E+16
170862,14,7,13,0,2018,11,13,3,3,5,3,0,0,1,0,0,0,0,0,7.36048E+20,5.68818E+21,1.2386E+16,5.12959E+16
170863,14,7,13,0,2018,12,17,4,3,4,2,2,1,1,0,0,0,0,1,7.33498E+20,5.69576E+21,1.23544E+16,5.1365E+16
170864,14,6,26,110,2018,12,19,6,3,5,3,2,1,1,0,0,0,0,1,9.16204E+20,5.68329E+21,1.49528E+16,5.11492E+16
170865,14,7,13,0,2018,11,16,3,2,1,5,1,1,1,0,0,0,0,0,7.35952E+20,5.69224E+21,1.23873E+16,5.13324E+16
170866,14,6,25,20,2018,12,9,6,2,5,3,0,1,1,0,0,0,0,1,8.79714E+20,5.68388E+21,1.44342E+16,5.11799E+16
170867,14,6,26,600,2018,11,17,3,2,6,4,2,0,1,1,0,0,0,0,8.90902E+20,5.72068E+21,1.46338E+16,5.15017E+16
170868,14,7,13,0,2018,12,6,2,3,2,2,1,0,1,0,0,0,0,1,7.37374E+20,5.69316E+21,1.24083E+16,5.13401E+16
170869,14,6,12,0,2018,11,7,3,3,1,5,0,0,1,0,0,0,0,1,8.30386E+20,5.66657E+21,1.37151E+16,5.10554E+16
170870,14,6,27,210,2018,12,7,6,3,6,4,2,0,1,1,0,0,0,1,8.272E+20,5.67162E+21,1.36744E+16,5.11025E+16
170871,14,6,12,0,2018,11,16,3,2,5,3,1,0,1,0,0,0,0,0,8.30463E+20,5.67074E+21,1.372E+16,5.10927E+16
170872,14,7,13,0,2018,12,6,2,3,5,2,2,1,1,0,0,0,0,1,7.34526E+20,5.69315E+21,1.23674E+16,5.13412E+16
170873,14,6,27,210,2018,12,12,6,2,1,5,0,1,1,0,0,0,0,1,8.23915E+20,5.6717E+21,1.36277E+16,5.11051E+16
170874,14,5,11,0,2018,11,11,3,3,6,7,0,0,1,1,0,0,0,0,7.77748E+20,5.63657E+21,1.29431E+16,5.08142E+16
170875,14,6,12,0,2018,12,22,6,3,6,2,2,0,1,1,0,0,0,0,8.30926E+20,5.66902E+21,1.3725E+16,5.1077E+16
170876,14,5,24,120,2018,11,11,2,3,5,3,0,0,1,0,0,0,0,1,7.60478E+20,5.63376E+21,1.26965E+16,5.0797E+16
170877,14,7,13,0,2018,12,11,2,3,2,6,0,0,1,0,0,0,0,1,7.304E+20,5.6898E+21,1.23061E+16,5.13128E+16
170878,14,6,12,0,2018,12,8,6,3,1,1,0,0,1,0,0,0,0,1,8.29498E+20,5.66106E+21,1.36975E+16,5.10065E+16
170879,14,7,13,0,2018,11,17,2,2,5,3,2,1,1,0,0,0,0,0,7.36542E+20,5.69072E+21,1.23947E+16,5.13186E+16
170880,14,6,12,0,2018,12,12,6,3,5,2,0,0,1,0,1,0,0,1,8.35919E+20,5.66309E+21,1.37906E+16,5.1021E+16
170881,14,6,12,0,2018,12,11,6,3,0,1,0,0,0,0,1,0,1,1,8.30751E+20,5.66652E+21,1.37203E+16,5.10547E+16
170882,14,7,13,0,2018,11,18,2,3,5,3,2,0,1,0,0,0,0,0,7.35606E+20,5.69442E+21,1.23838E+16,5.13521E+16