OBJECTID_1,ULAND,UREGBEZ,UKREIS,UGEMEINDE,UJAHR,UMONAT,USTUNDE,UWOCHENTAG,UKATEGORIE,UART,UTYP1,ULICHTVERH,IstRad,IstPKW,IstFuss,IstKrad,IstGkfz,IstSonstig,STRZUSTAND,LINREFX,LINREFY,XGCSWGS84,YGCSWGS84
170883,14,5,21,260,2018,12,11,6,3,8,7,0,0,1,0,0,0,0,1,7.6849E+20,5.60806E+21,1.27913E+16,5.05627E+16
170884,14,7,13,0,2018,11,7,2,3,2,6,0,0,1,0,0,0,1,0,7.31858E+20,5.68928E+21,1.23267E+16,5.13075E+16
170885,14,5,22,310,2018,12,18,6,2,5,2,2,0,1,0,0,0,0,1,7.73777E+20,5.67441E+21,1.29154E+16,5.11555E+16
170886,14,6,25,20,2018,11,10,2,3,5,3,0,0,1,0,0,0,1,0,8.8125E+20,5.68514E+21,1.44574E+16,5.11902E+16
170887,14,5,22,570,2018,12,8,6,2,9,6,0,0,1,0,0,0,1,1,7.79156E+20,5.66627E+21,1.29858E+16,5.10799E+16
170888,14,6,25,20,2018,11,17,2,3,4,2,1,1,1,0,0,0,0,0,8.8011E+20,5.68456E+21,1.44405E+16,5.11857E+16
170889,14,7,13,0,2018,12,8,5,3,5,3,1,1,1,0,0,0,0,1,7.32552E+20,5.69261E+21,1.23388E+16,5.13372E+16
170890,14,6,27,230,2018,11,17,2,2,2,6,2,0,1,0,0,0,0,0,7.98306E+20,5.69143E+21,1.32793E+16,5.12959E+16
170891,14,7,13,0,2018,12,17,5,3,5,3,2,1,1,0,0,0,0,0,7.34519E+20,5.69545E+21,1.23689E+16,5.13618E+16
170892,14,7,30,300,2018,12,6,5,3,9,1,1,0,0,0,0,0,1,1,7.41433E+20,5.70133E+21,1.2472E+16,5.14117E+16
170893,14,6,27,10,2018,11,8,2,2,5,3,0,1,1,0,0,0,0,1,8.20055E+20,5.67307E+21,1.3574E+16,5.11195E+16
170894,14,7,13,0,2018,12,13,5,3,5,3,0,0,1,0,0,0,0,0,7.34755E+20,5.69117E+21,1.23694E+16,5.13233E+16
170895,14,7,13,0,2018,12,22,5,3,5,3,2,1,0,0,0,0,1,0,7.35333E+20,5.69219E+21,1.23784E+16,5.13322E+16
170896,14,6,27,220,2018,11,15,2,3,5,3,0,1,1,0,0,0,0,0,8.30353E+20,5.68429E+21,1.37309E+16,5.12142E+16
170897,14,6,26,610,2018,12,16,5,3,6,4,2,0,1,1,0,0,0,0,9.07206E+20,5.65449E+21,1.47925E+16,5.08981E+16
170898,14,6,12,0,2018,11,13,2,3,0,1,0,1,0,0,0,0,0,0,8.30081E+20,5.66538E+21,1.37097E+16,5.10449E+16
170899,14,6,28,10,2018,12,16,5,3,9,1,1,0,1,0,0,0,0,2,8.40387E+20,5.63216E+21,1.38253E+16,5.07412E+16
170900,14,6,12,0,2018,11,18,2,2,6,4,2,0,1,1,0,0,0,0,8.3307E+20,5.66838E+21,1.3755E+16,5.10701E+16
170901,14,6,12,0,2018,12,18,5,2,5,3,2,0,1,0,1,0,0,1,8.33858E+20,5.66795E+21,1.37658E+16,5.10658E+16
170902,14,6,12,0,2018,11,11,2,3,6,4,0,1,0,1,0,0,0,0,8.37941E+20,5.665E+21,1.38211E+16,5.10369E+16
170903,14,6,12,0,2018,12,16,5,3,1,7,2,1,1,0,0,0,0,1,8.33171E+20,5.66823E+21,1.37562E+16,5.10687E+16
170904,14,5,11,0,2018,11,16,2,3,6,4,1,0,1,1,0,0,0,1,7.74283E+20,5.63894E+21,1.28958E+16,5.0837E+16
170905,14,6,12,0,2018,12,16,5,3,5,3,2,0,1,0,0,0,1,1,8.38715E+20,5.66211E+21,1.38294E+16,5.10106E+16
170906,14,6,27,180,2018,11,10,1,1,6,7,0,0,1,1,0,0,0,0,8.00266E+20,5.66514E+21,1.32854E+16,5.10591E+16
170907,14,6,12,0,2018,12,8,5,3,3,6,0,0,0,0,0,0,1,0,8.34768E+20,5.66653E+21,1.37774E+16,5.10525E+16
170908,14,5,11,0,2018,12,7,5,3,5,2,1,1,1,0,0,0,0,0,7.76105E+20,5.63951E+21,1.29221E+16,5.08413E+16
170909,14,6,12,0,2018,11,18,1,3,1,5,2,1,1,0,0,0,0,0,8.32312E+20,5.6686E+21,1.37444E+16,5.10725E+16
170910,14,5,11,0,2018,12,15,5,3,0,6,0,0,1,0,0,0,1,1,7.75451E+20,5.63914E+21,1.29125E+16,5.08383E+16
170911,14,7,13,0,2018,11,17,7,3,6,4,1,0,0,1,0,0,1,0,7.35111E+20,5.69418E+21,1.23765E+16,5.13502E+16
170912,14,6,26,110,2018,11,11,7,3,5,3,0,1,1,0,0,0,0,0,9.18282E+20,5.68242E+21,1.49813E+16,5.114E+16
170913,14,5,24,210,2018,12,11,4,2,0,7,0,0,1,0,0,0,0,0,7.39469E+20,5.6305E+21,1.23968E+16,5.07768E+16
170914,14,5,24,330,2018,11,13,6,3,0,3,0,0,1,0,0,0,1,0,7.46096E+20,5.62264E+21,1.24854E+16,5.07034E+16
170915,14,7,13,0,2018,12,16,4,3,4,2,1,1,1,0,0,0,0,0,7.34956E+20,5.69864E+21,1.23772E+16,5.13903E+16
170916,14,7,30,230,2018,11,13,6,2,6,4,0,0,1,1,0,0,0,0,7.86183E+20,5.69082E+21,1.31054E+16,5.12966E+16
170917,14,7,13,0,2018,11,11,6,3,6,2,0,0,1,1,0,0,0,0,7.4018E+20,5.69391E+21,1.2449E+16,5.13456E+16
170918,14,7,13,0,2018,12,18,4,2,5,3,2,1,1,0,0,0,0,0,7.35323E+20,5.69259E+21,1.23785E+16,5.13358E+16
170919,14,7,13,0,2018,11,11,6,3,5,3,0,1,1,0,0,0,0,0,7.32285E+20,5.69893E+21,1.23391E+16,5.1394E+16
170920,14,7,13,0,2018,12,10,2,3,2,2,0,0,1,0,0,0,0,1,7.32609E+20,5.6923E+21,1.23394E+16,5.13344E+16
170921,14,7,13,0,2018,12,9,4,3,6,2,0,0,1,1,0,0,0,0,7.34475E+20,5.69308E+21,1.23667E+16,5.13406E+16
170922,14,7,13,0,2018,11,17,6,3,6,7,2,0,1,1,0,0,0,0,7.33007E+20,5.69155E+21,1.23446E+16,5.13275E+16
170923,14,7,13,0,2018,11,20,6,3,7,1,2,0,0,0,1,0,0,0,7.29764E+20,5.69114E+21,1.22979E+16,5.13251E+16
170924,14,7,29,260,2018,12,9,2,2,5,3,0,1,1,0,0,0,0,1,7.34562E+20,5.6867E+21,1.23637E+16,5.12832E+16
170925,14,7,29,260,2018,12,16,4,3,5,3,1,1,1,0,0,0,0,0,7.34504E+20,5.68602E+21,1.23625E+16,5.12772E+16
170926,14,7,13,0,2018,11,11,6,3,6,4,0,1,0,1,0,0,0,0,7.31804E+20,5.69313E+21,1.23284E+16,5.13421E+16
170927,14,7,13,0,2018,12,15,4,3,2,2,0,0,1,0,0,0,0,0,7.38351E+20,5.69237E+21,1.24218E+16,5.13326E+16
170928,14,7,13,0,2018,12,14,4,3,5,3,0,0,1,0,0,0,0,0,7.41024E+20,5.69533E+21,1.2462E+16,5.1358E+16
170929,14,6,25,10,2018,11,11,6,3,6,7,0,0,1,1,0,0,0,0,8.49214E+20,5.67206E+21,1.39881E+16,5.10935E+16
170930,14,6,25,20,2018,11,5,6,2,5,3,2,1,1,0,0,0,0,0,8.80332E+20,5.68532E+21,1.44445E+16,5.11924E+16
170931,14,7,29,60,2018,12,16,4,3,4,6,1,0,1,0,0,0,0,0,7.46284E+20,5.69581E+21,1.25378E+16,5.13601E+16
170932,14,6,27,210,2018,11,11,6,3,2,7,0,1,1,0,0,0,0,0,8.26214E+20,5.67203E+21,1.36607E+16,5.11067E+16
170933,14,6,26,610,2018,12,10,4,3,0,1,0,1,0,0,0,0,0,2,9.08552E+20,5.65309E+21,1.481E+16,5.08846E+16
170934,14,6,27,210,2018,11,12,6,3,4,6,0,0,1,0,0,0,1,0,8.23426E+20,5.67181E+21,1.36208E+16,5.11064E+16
170935,14,6,12,0,2018,11,18,6,3,2,6,2,0,1,0,0,0,0,0,8.28649E+20,5.66967E+21,1.36932E+16,5.10842E+16
170936,14,6,26,110,2018,12,11,4,3,6,4,0,0,1,1,0,0,0,0,9.18868E+20,5.68321E+21,1.49906E+16,5.11466E+16
170937,14,6,12,0,2018,11,13,6,3,6,4,0,0,1,1,0,0,0,0,8.33242E+20,5.66903E+21,1.3758E+16,5.10758E+16
170938,14,6,26,110,2018,12,18,4,2,5,3,2,0,1,0,1,0,0,1,9.18908E+20,5.68408E+21,1.49922E+16,5.11544E+16
170939,14,6,12,0,2018,11,14,6,3,0,7,0,1,0,0,0,0,0,0,8.34498E+20,5.67493E+21,1.37813E+16,5.11279E+16
170940,14,6,27,140,2018,12,12,4,2,0,1,0,1,0,0,0,0,0,2,8.1228E+20,5.6772E+21,1.34668E+16,5.11608E+16
170941,14,6,12,0,2018,11,10,6,3,5,3,0,1,1,0,0,0,0,0,8.32041E+20,5.66574E+21,1.37379E+16,5.1047E+16
170942,14,6,12,0,2018,12,17,4,3,2,2,2,0,1,0,0,0,0,0,8.29527E+20,5.66488E+21,1.37014E+16,5.10407E+16
170943,14,6,12,0,2018,11,17,6,3,5,3,2,1,1,0,0,0,0,0,8.34699E+20,5.66737E+21,1.37772E+16,5.10601E+16
170944,14,6,12,0,2018,12,8,4,3,6,4,0,0,1,1,0,0,0,0,8.29634E+20,5.66214E+21,1.37004E+16,5.10162E+16
170945,14,6,12,0,2018,12,6,4,3,4,2,2,0,1,0,1,0,0,0,8.30244E+20,5.66401E+21,1.37108E+16,5.10325E+16
170946,14,6,12,0,2018,11,12,6,3,3,6,0,1,1,0,0,0,0,0,8.33579E+20,5.67385E+21,1.37672E+16,5.11188E+16
170947,14,6,12,0,2018,12,16,4,3,4,2,2,1,1,0,0,0,0,0,8.34439E+20,5.66388E+21,1.37703E+16,5.10289E+16
170948,14,5,11,0,2018,12,15,4,3,0,1,0,0,0,0,1,0,0,0,7.80903E+20,5.6359E+21,1.29873E+16,5.08066E+16
170949,14,5,21,460,2018,11,16,6,3,5,3,1,1,1,0,0,0,0,1,8.06412E+20,5.62111E+21,1.3336E+16,5.06611E+16
170950,14,5,11,0,2018,12,7,4,3,4,2,0,1,1,0,0,0,0,0,7.74835E+20,5.63813E+21,1.29031E+16,5.08295E+16
170951,14,5,21,530,2018,11,22,6,3,8,1,2,0,1,0,0,0,0,1,7.57318E+20,5.61025E+21,1.26354E+16,5.05873E+16
170952,14,5,11,0,2018,12,14,4,3,1,5,0,1,1,0,0,0,0,0,7.76329E+20,5.64033E+21,1.29259E+16,5.08486E+16
170953,14,5,11,0,2018,11,15,6,2,4,2,0,1,1,0,0,0,0,0,7.771E+20,5.63723E+21,1.29345E+16,5.08204E+16
170954,14,5,11,0,2018,12,7,4,2,6,2,2,0,1,1,0,0,0,1,7.75402E+20,5.63985E+21,1.29124E+16,5.08447E+16
170955,14,5,24,180,2018,12,19,3,3,2,7,1,1,1,0,0,0,0,0,7.64968E+20,5.64107E+21,1.27654E+16,5.08605E+16
170956,14,5,22,360,2018,11,5,6,2,6,2,2,0,1,1,0,0,0,0,7.78252E+20,5.65565E+21,1.29648E+16,5.09851E+16
170957,14,5,24,320,2018,12,11,3,3,4,1,0,0,1,0,0,0,0,1,7.47568E+20,5.61893E+21,1.25037E+16,5.06695E+16
170958,14,7,29,430,2018,12,12,3,3,2,6,0,1,0,0,0,0,1,0,7.32761E+20,5.67926E+21,1.23331E+16,5.12172E+16
170959,14,5,24,330,2018,11,15,5,3,1,2,0,0,1,0,0,0,0,0,7.45628E+20,5.624E+21,1.24797E+16,5.07159E+16
170960,14,7,13,0,2018,12,7,3,3,3,2,1,1,0,0,0,0,1,1,7.30164E+20,5.69331E+21,1.2305E+16,5.13444E+16
170961,14,5,24,180,2018,11,12,5,2,6,7,0,0,1,1,0,0,0,1,7.63773E+20,5.64165E+21,1.27489E+16,5.08663E+16
170962,14,7,13,0,2018,12,11,4,2,6,4,0,0,1,1,0,0,0,1,7.42039E+20,5.694E+21,1.24757E+16,5.13456E+16
170963,14,7,13,0,2018,12,11,3,3,6,2,0,0,1,1,0,0,0,1,7.36918E+20,5.69079E+21,1.24002E+16,5.1319E+16
170964,14,7,29,170,2018,11,10,5,3,0,7,0,1,0,0,0,0,0,0,7.2904E+20,5.67255E+21,1.22756E+16,5.11585E+16
170965,14,7,13,0,2018,11,16,5,3,5,3,0,1,1,0,0,0,0,0,7.36338E+20,5.69206E+21,1.23927E+16,5.13306E+16
170966,14,7,13,0,2018,12,5,3,2,6,4,2,0,1,1,0,0,0,1,7.36232E+20,5.6937E+21,1.23923E+16,5.13454E+16
170967,14,7,13,0,2018,11,20,5,3,5,3,2,1,1,0,0,0,0,0,7.37942E+20,5.6954E+21,1.24179E+16,5.136E+16
170968,14,7,13,0,2018,12,19,3,3,6,2,2,0,1,1,0,0,0,0,7.35323E+20,5.69259E+21,1.23785E+16,5.13358E+16
170969,14,7,13,0,2018,11,8,5,3,5,2,0,1,1,0,0,0,0,1,7.3224E+20,5.69283E+21,1.23345E+16,5.13393E+16
170970,14,6,26,110,2018,12,17,3,3,5,3,2,1,1,0,0,0,0,1,9.16805E+20,5.68637E+21,1.49649E+16,5.11764E+16
170971,14,7,13,0,2018,11,16,5,3,6,4,1,0,1,1,0,0,0,0,7.35058E+20,5.69257E+21,1.23747E+16,5.13358E+16
170972,14,6,12,0,2018,12,5,3,3,0,1,2,0,0,0,0,0,1,1,8.35792E+20,5.67709E+21,1.38018E+16,5.11466E+16
170973,14,6,12,0,2018,11,8,5,3,0,1,0,1,0,0,0,0,0,0,8.32753E+20,5.66378E+21,1.37462E+16,5.1029E+16
170974,14,6,12,0,2018,11,18,5,3,1,5,2,1,1,0,0,0,0,0,8.35719E+20,5.66478E+21,1.37893E+16,5.10362E+16
170975,14,7,13,0,2018,12,9,2,2,6,2,0,0,0,1,0,0,1,0,7.31449E+20,5.69655E+21,1.23256E+16,5.13729E+16
170976,14,6,26,245,2018,12,15,2,3,9,1,0,0,1,0,0,0,0,2,8.95489E+20,5.6628E+21,1.46357E+16,5.09806E+16
170977,14,6,25,200,2018,12,7,2,3,4,2,2,1,1,0,0,0,0,1,8.51166E+20,5.67819E+21,1.40218E+16,5.11472E+16
170978,14,6,27,210,2018,12,14,2,3,8,1,0,1,0,0,0,0,0,1,8.23813E+20,5.6717E+21,1.36262E+16,5.11051E+16
170979,14,6,12,0,2018,12,13,2,2,9,1,0,0,1,0,0,0,0,1,8.32135E+20,5.66491E+21,1.37385E+16,5.10396E+16
170980,14,7,13,0,2018,12,8,1,3,8,1,0,0,1,0,0,0,0,1,7.36287E+20,5.69409E+21,1.23933E+16,5.13489E+16
170981,14,6,26,290,2018,12,14,1,3,5,3,0,0,1,0,0,0,0,1,8.97196E+20,5.67651E+21,1.46749E+16,5.11021E+16
170982,14,6,28,70,2018,12,14,1,3,6,6,0,0,1,1,0,0,0,1,8.4636E+20,5.6527E+21,1.3929E+16,5.09217E+16
170983,14,6,12,0,2018,12,13,1,3,4,1,0,0,1,0,1,0,0,1,8.33715E+20,5.67278E+21,1.37682E+16,5.11092E+16
170984,9,1,62,0,2018,1,10,4,3,0,7,0,1,0,0,0,0,1,1,6.86216E+20,5.33465E+21,1.15031E+16,4.81379E+16
170985,14,5,22,500,2018,12,13,1,2,6,6,0,1,0,1,0,0,0,1,7.84797E+20,5.65452E+21,1.30569E+16,5.09717E+16
170986,9,1,62,0,2018,1,11,4,3,6,4,0,0,1,1,0,0,0,1,6.91548E+20,5.33285E+21,1.15739E+16,4.81201E+16
170987,14,7,13,0,2018,12,14,7,3,3,2,0,0,1,0,0,0,0,1,7.35273E+20,5.69158E+21,1.23771E+16,5.13268E+16
170988,9,7,61,0,2018,1,12,4,3,2,5,0,0,1,0,0,0,0,1,6.3966E+20,5.35888E+21,1.08857E+16,4.83676E+16
170989,14,7,13,0,2018,12,11,7,3,2,6,0,0,1,0,0,0,0,1,7.32889E+20,5.69089E+21,1.23425E+16,5.13216E+16
170990,14,6,25,20,2018,12,17,7,2,6,4,2,0,1,1,0,0,0,1,8.80146E+20,5.68533E+21,1.44418E+16,5.11926E+16
170991,9,7,71,130,2018,1,9,4,3,4,1,0,0,1,0,0,0,0,1,6.46871E+20,5.36363E+21,1.09847E+16,4.84087E+16
170992,14,6,12,0,2018,12,19,7,2,6,2,2,0,1,1,0,0,0,1,8.36741E+20,5.66527E+21,1.38043E+16,5.104E+16
170993,9,7,61,0,2018,1,11,4,3,6,2,0,0,0,1,0,0,1,0,6.41971E+20,5.3607E+21,1.09175E+16,4.83834E+16
170994,9,7,61,0,2018,1,18,4,3,2,6,2,0,1,0,0,0,0,0,6.39569E+20,5.35576E+21,1.08834E+16,4.83396E+16
170995,14,5,11,0,2018,12,20,7,3,5,2,2,0,1,0,0,0,0,1,7.70406E+20,5.63633E+21,1.2839E+16,5.08155E+16
170996,9,7,61,0,2018,1,15,4,2,6,4,0,0,1,1,0,0,0,1,6.40605E+20,5.35923E+21,1.08986E+16,4.83706E+16
170997,14,7,29,410,2018,12,18,6,2,6,2,2,0,1,1,0,0,0,1,7.60763E+20,5.69795E+21,1.27469E+16,5.13728E+16
170998,9,7,61,0,2018,1,21,4,3,5,3,2,0,1,0,0,0,0,1,6.39627E+20,5.36015E+21,1.08857E+16,4.83791E+16
170999,14,7,29,50,2018,12,11,6,3,0,7,0,0,1,0,0,0,0,1,7.44486E+20,5.66917E+21,1.24938E+16,5.11217E+16
171000,9,7,71,112,2018,1,9,4,3,7,7,0,0,1,0,0,0,0,1,6.47322E+20,5.36534E+21,1.09914E+16,4.8424E+16
171001,14,7,13,0,2018,12,15,6,3,5,3,0,0,1,0,0,0,0,1,7.33542E+20,5.69419E+21,1.2354E+16,5.13509E+16
171002,9,6,79,180,2018,1,16,4,3,5,3,0,0,1,0,0,0,0,0,5.69416E+20,5.52345E+21,9.96579E+15,4.98594E+16
171003,9,6,63,0,2018,1,7,4,3,6,2,2,0,1,1,0,0,0,1,5.67502E+20,5.51507E+21,9.9377E+15,4.97843E+16
171004,9,6,63,0,2018,1,18,4,3,4,2,2,1,1,0,0,0,0,0,5.68693E+20,5.51667E+21,9.95453E+15,4.97985E+16
171005,14,7,13,0,2018,12,18,6,3,5,2,2,0,1,0,0,0,0,1,7.40524E+20,5.68742E+21,1.24495E+16,5.12872E+16
171006,9,6,63,0,2018,1,8,4,3,6,2,2,0,1,1,0,0,0,1,5.6923E+20,5.51847E+21,9.96231E+15,4.98147E+16
171007,9,6,73,141,2018,1,18,4,1,6,1,2,0,1,1,0,0,0,1,6.04871E+20,5.57324E+21,1.04726E+16,5.0302E+16
171008,14,7,13,0,2018,12,11,6,3,1,5,0,1,1,0,0,0,0,1,7.35058E+20,5.69092E+21,1.23736E+16,5.13209E+16
171009,9,6,73,117,2018,1,5,4,3,1,7,2,1,1,0,0,0,0,1,5.70949E+20,5.58308E+21,9.9982E+15,5.03955E+16
171010,14,7,13,0,2018,12,7,6,3,5,2,1,1,1,0,0,0,0,1,7.39737E+20,5.69551E+21,1.24437E+16,5.13601E+16
171011,9,6,61,0,2018,1,13,4,3,5,3,0,1,1,0,0,0,0,0,5.11821E+20,5.53387E+21,9.1648E+15,4.9957E+16
171012,14,7,13,0,2018,12,16,6,3,2,6,1,0,1,0,0,0,0,0,7.34766E+20,5.69537E+21,1.23723E+16,5.1361E+16
171013,9,6,61,0,2018,1,6,4,2,0,6,2,1,0,0,0,0,0,0,5.1164E+20,5.53705E+21,9.16237E+15,4.99857E+16
171014,14,7,13,0,2018,12,15,6,3,3,5,0,0,1,0,0,0,1,1,7.37145E+20,5.69294E+21,1.24048E+16,5.13382E+16
171015,9,5,62,0,2018,1,14,4,3,9,1,0,0,1,0,0,0,0,1,6.42175E+20,5.49287E+21,1.09665E+16,4.95717E+16
171016,9,5,62,0,2018,1,4,4,3,8,7,2,0,1,0,0,0,0,1,6.46598E+20,5.49524E+21,1.10285E+16,4.9592E+16
171017,14,7,13,0,2018,12,13,6,3,0,7,0,0,0,1,0,0,1,0,7.39973E+20,5.69244E+21,1.2445E+16,5.13325E+16
171018,9,5,63,0,2018,1,19,4,3,0,6,2,0,1,0,0,0,1,1,6.45389E+20,5.48297E+21,1.10072E+16,4.9482E+16
171019,14,7,30,270,2018,12,14,6,2,4,6,0,0,1,0,0,0,0,1,7.27304E+20,5.7036E+21,1.22706E+16,5.14379E+16
171020,14,6,26,110,2018,12,17,6,2,6,2,2,0,1,1,0,0,0,1,9.15929E+20,5.68287E+21,1.49484E+16,5.11457E+16
171021,14,6,27,230,2018,12,7,6,3,5,3,0,1,1,0,0,0,0,1,8.00088E+20,5.69141E+21,1.33048E+16,5.12948E+16
171022,9,5,71,180,2018,1,16,4,2,5,2,1,1,1,0,0,0,0,1,6.3E+20,5.46115E+21,1.07878E+16,4.92892E+16
171023,14,6,27,310,2018,12,15,6,3,5,2,0,0,1,0,0,0,1,1,8.20043E+20,5.67848E+21,1.35786E+16,5.1168E+16
171024,9,5,61,0,2018,1,5,4,3,4,2,2,1,1,0,0,0,0,0,6.1452E+20,5.46257E+21,1.05754E+16,4.93051E+16
171025,14,6,28,130,2018,12,5,6,3,8,1,1,0,1,0,0,0,0,2,8.35631E+20,5.64141E+21,1.37665E+16,5.08269E+16
171026,9,4,75,136,2018,1,10,4,2,0,6,0,0,1,0,0,0,1,1,6.94058E+20,5.56865E+21,1.17214E+16,5.02381E+16
171027,14,6,12,0,2018,12,17,6,3,5,3,2,1,1,0,0,0,0,1,8.33291E+20,5.66672E+21,1.37566E+16,5.10551E+16
171028,14,6,12,0,2018,12,18,6,3,5,3,2,0,1,0,0,0,0,1,8.36204E+20,5.66572E+21,1.37971E+16,5.10444E+16
171029,9,4,75,162,2018,1,17,4,3,6,7,2,0,1,1,0,0,0,1,7.16431E+20,5.57049E+21,1.20358E+16,5.02468E+16
171030,14,5,11,0,2018,12,11,6,3,4,2,0,0,1,0,0,0,0,1,7.77364E+20,5.64018E+21,1.29404E+16,5.08467E+16
171031,9,4,72,154,2018,1,12,4,2,0,7,0,0,0,0,1,0,0,1,6.64207E+20,5.53145E+21,1.12872E+16,4.99128E+16
171032,14,5,11,0,2018,12,15,6,3,5,3,0,0,1,0,0,0,0,0,7.71701E+20,5.64213E+21,1.28616E+16,5.08669E+16
171033,14,5,23,320,2018,12,6,5,2,5,3,2,1,1,0,0,0,0,1,7.22882E+20,5.59963E+21,1.21434E+16,5.05062E+16
171034,9,4,61,0,2018,1,19,4,3,6,4,2,0,1,1,0,0,0,1,6.35935E+20,5.52832E+21,1.08926E+16,4.98918E+16
171035,14,7,30,20,2018,12,9,5,3,3,3,0,1,1,0,0,0,0,0,7.48484E+20,5.72192E+21,1.25877E+16,5.15934E+16
171036,14,7,13,0,2018,12,19,5,3,3,6,2,0,1,0,1,0,0,1,7.35589E+20,5.69197E+21,1.23819E+16,5.13301E+16
171037,14,7,13,0,2018,12,16,5,3,4,2,2,0,1,0,0,0,0,1,7.35061E+20,5.69088E+21,1.23736E+16,5.13206E+16
171038,9,3,62,0,2018,1,9,4,3,5,3,0,0,1,0,0,0,1,1,7.28722E+20,5.43542E+21,1.21291E+16,4.90292E+16
171039,14,7,13,0,2018,12,8,5,3,5,3,1,0,1,0,0,0,0,1,7.36297E+20,5.68774E+21,1.23892E+16,5.12919E+16
171040,9,3,73,156,2018,1,16,4,3,0,1,0,1,0,0,0,0,0,1,6.66713E+20,5.46303E+21,1.12931E+16,4.92972E+16
171041,14,7,13,0,2018,12,15,5,3,5,2,0,0,1,0,0,0,0,0,7.34806E+20,5.69264E+21,1.23711E+16,5.13365E+16
171042,9,2,74,182,2018,1,20,4,3,0,1,2,1,0,0,0,0,0,1,7.29495E+20,5.37814E+21,1.21077E+16,4.85144E+16
171043,14,6,27,230,2018,12,6,5,3,5,2,2,1,1,0,0,0,0,1,7.98768E+20,5.69148E+21,1.3286E+16,5.12961E+16
171044,9,2,61,0,2018,1,7,4,2,6,4,1,0,1,1,0,0,0,1,7.35246E+20,5.3825E+21,1.2188E+16,4.85515E+16
171045,14,6,28,270,2018,12,12,5,2,6,4,0,0,1,1,0,0,0,1,8.46236E+20,5.65801E+21,1.39323E+16,5.09694E+16
171046,9,1,63,0,2018,1,1,4,3,0,1,2,1,0,0,0,0,0,0,7.32652E+20,5.30486E+21,1.21103E+16,4.78549E+16
171047,14,6,12,0,2018,12,0,5,3,0,1,0,0,1,0,1,0,0,1,8.32366E+20,5.66918E+21,1.37457E+16,5.10776E+16
171048,9,1,61,0,2018,1,11,4,3,6,4,0,0,1,1,0,0,0,0,6.78097E+20,5.40382E+21,1.14235E+16,4.87619E+16
171049,9,1,61,0,2018,1,22,4,3,6,7,2,0,1,1,0,0,0,0,6.76096E+20,5.40485E+21,1.13967E+16,4.87717E+16
171050,14,6,12,0,2018,12,17,5,3,5,3,2,0,1,0,1,0,0,1,8.35108E+20,5.66592E+21,1.37817E+16,5.10468E+16
171051,9,1,79,121,2018,1,15,4,3,5,2,0,0,1,0,0,0,0,1,6.65838E+20,5.33858E+21,1.12309E+16,4.81788E+16
171052,14,6,12,0,2018,12,5,5,2,3,2,2,0,1,0,0,0,0,1,8.30508E+20,5.66662E+21,1.37169E+16,5.10558E+16
171053,9,1,74,115,2018,1,12,4,3,8,1,0,0,1,0,0,0,0,1,6.82123E+20,5.34875E+21,1.14542E+16,4.82658E+16
171054,14,5,21,460,2018,12,9,5,3,5,3,0,0,1,0,0,0,1,1,8.08088E+20,5.6201E+21,1.33588E+16,5.06511E+16
171055,9,1,78,130,2018,1,9,4,3,5,1,0,0,1,0,0,0,1,1,7.02767E+20,5.35661E+21,1.17358E+16,4.83301E+16
171056,14,5,22,340,2018,12,7,5,3,4,6,0,0,1,0,0,0,0,2,8.12274E+20,5.63989E+21,1.34346E+16,5.08264E+16
171057,9,1,62,0,2018,1,14,3,3,1,7,0,0,1,0,0,0,1,1,6.9158E+20,5.34298E+21,1.15789E+16,4.82111E+16
171058,14,5,11,0,2018,12,19,5,3,2,6,2,0,1,0,0,0,0,0,7.70177E+20,5.63715E+21,1.28363E+16,5.08229E+16
171059,9,1,62,0,2018,1,21,3,3,5,2,2,1,1,0,0,0,0,0,6.87442E+20,5.3328E+21,1.15188E+16,4.81208E+16
171060,9,1,62,0,2018,1,18,3,3,5,3,2,1,1,0,0,0,0,0,6.92475E+20,5.33667E+21,1.15881E+16,4.81541E+16
171061,14,5,11,0,2018,12,8,5,2,6,7,0,0,0,1,0,1,0,1,7.77057E+20,5.63488E+21,1.29321E+16,5.07993E+16
171062,9,7,75,135,2018,1,14,3,3,4,2,0,0,1,0,0,0,0,0,5.76052E+20,5.3618E+21,1.00276E+16,4.84048E+16
171063,9,7,63,0,2018,1,11,3,3,6,7,0,0,1,1,0,0,0,1,5.9816E+20,5.28695E+21,1.03091E+16,4.77285E+16
171064,14,5,24,30,2018,12,5,4,3,0,3,2,1,0,0,0,1,0,1,7.38915E+20,5.63411E+21,1.23913E+16,5.08094E+16
171065,9,7,79,201,2018,1,6,3,3,5,3,2,1,1,0,0,0,0,1,6.40782E+20,5.39481E+21,1.0913E+16,4.86904E+16
171066,14,7,13,0,2018,12,16,4,3,5,3,2,1,1,0,0,0,0,1,7.36511E+20,5.69346E+21,1.23961E+16,5.13432E+16