OBJECTID_1,ULAND,UREGBEZ,UKREIS,UGEMEINDE,UJAHR,UMONAT,USTUNDE,UWOCHENTAG,UKATEGORIE,UART,UTYP1,ULICHTVERH,IstRad,IstPKW,IstFuss,IstKrad,IstGkfz,IstSonstig,STRZUSTAND,LINREFX,LINREFY,XGCSWGS84,YGCSWGS84
171251,14,5,11,0,2018,12,19,5,3,5,3,2,0,1,0,0,0,0,0,7.74524E+20,5.63925E+21,1.28995E+16,5.08398E+16
171252,14,6,12,0,2018,12,11,3,3,5,3,0,0,1,0,1,0,0,1,8.36345E+20,5.66564E+21,1.3799E+16,5.10437E+16
171253,14,5,11,0,2018,12,12,5,3,5,3,0,1,1,0,0,0,0,1,7.69891E+20,5.63672E+21,1.2832E+16,5.08192E+16
171254,14,6,12,0,2018,12,15,3,2,1,7,1,0,1,0,0,1,0,1,8.28231E+20,5.66663E+21,1.36845E+16,5.10572E+16
171255,14,5,24,330,2018,12,12,4,3,0,7,0,1,0,0,0,0,0,1,7.46997E+20,5.62334E+21,1.24986E+16,5.07093E+16
171256,14,7,13,0,2018,12,8,2,3,9,1,0,0,1,0,0,0,0,1,7.36289E+20,5.6941E+21,1.23934E+16,5.13489E+16
171257,14,5,24,330,2018,12,14,4,3,6,6,0,0,1,1,0,0,0,1,7.42322E+20,5.62302E+21,1.24323E+16,5.07084E+16
171258,9,1,62,0,2018,1,7,2,2,5,3,1,1,0,0,0,0,0,0,6.92065E+20,5.33245E+21,1.15807E+16,4.81163E+16
171259,9,1,62,0,2018,1,15,2,3,0,7,0,1,0,0,0,0,0,1,6.87415E+20,5.33959E+21,1.15214E+16,4.81819E+16
171260,9,1,84,142,2018,1,17,2,3,5,2,1,1,1,0,0,0,0,1,6.83322E+20,5.31826E+21,1.14572E+16,4.79914E+16
171261,9,1,62,0,2018,1,18,2,3,5,2,1,0,1,0,0,0,0,0,6.84349E+20,5.33752E+21,1.14793E+16,4.81642E+16
171262,9,1,62,0,2018,1,7,2,3,0,7,1,1,0,0,0,0,0,1,6.87178E+20,5.33755E+21,1.15173E+16,4.81636E+16
171263,9,1,84,123,2018,1,15,2,3,6,7,0,0,1,1,0,0,0,0,7.02784E+20,5.33173E+21,1.17242E+16,4.81066E+16
171264,9,1,62,0,2018,1,11,2,3,2,6,0,0,1,0,0,0,0,0,6.96625E+20,5.3381E+21,1.16445E+16,4.81657E+16
171265,9,1,62,0,2018,1,19,2,3,5,3,2,1,1,0,0,0,0,0,6.90175E+20,5.33418E+21,1.15561E+16,4.81324E+16
171266,9,7,75,164,2018,1,13,2,3,5,3,0,0,1,0,0,0,0,0,5.86011E+20,5.35102E+21,1.01599E+16,4.83065E+16
171267,9,7,75,118,2018,1,18,2,3,4,6,2,0,1,0,0,0,0,0,5.86643E+20,5.34277E+21,1.01668E+16,4.82323E+16
171268,9,7,74,135,2018,1,14,2,3,9,1,0,0,1,0,0,0,0,0,5.95671E+20,5.36736E+21,1.02939E+16,4.84521E+16
171269,9,7,74,121,2018,1,12,2,3,6,4,0,0,1,1,0,0,0,0,6.04868E+20,5.3647E+21,1.04176E+16,4.84268E+16
171270,9,7,72,147,2018,1,20,2,3,5,3,2,0,1,0,1,0,0,0,6.38401E+20,5.36579E+21,1.0871E+16,4.843E+16
171271,9,7,61,0,2018,1,13,2,3,0,1,0,0,1,0,0,0,0,0,6.38734E+20,5.35511E+21,1.0872E+16,4.8334E+16
171272,9,6,79,130,2018,1,17,2,3,5,3,2,0,1,0,0,0,0,1,5.72608E+20,5.52105E+21,1.00097E+16,4.98375E+16
171273,9,6,79,185,2018,1,9,2,3,5,3,0,0,1,0,1,0,0,0,5.7352E+20,5.51645E+21,1.00215E+16,4.9796E+16
171274,9,6,63,0,2018,1,13,2,3,6,4,0,0,1,1,0,0,0,0,5.69529E+20,5.51826E+21,9.96643E+15,4.98128E+16
171275,9,6,62,0,2018,1,18,2,3,0,7,2,1,0,0,0,0,0,0,5.86109E+20,5.54478E+21,1.02028E+16,5.00491E+16
171276,9,5,65,0,2018,1,13,2,3,0,6,0,0,1,0,0,0,1,1,6.45947E+20,5.46776E+21,1.10094E+16,4.93451E+16
171277,9,5,74,155,2018,1,13,2,3,2,6,0,0,1,0,0,0,0,0,6.68934E+20,5.492E+21,1.13359E+16,4.9557E+16
171278,9,5,63,0,2018,1,7,2,3,2,6,1,0,1,0,0,0,0,0,6.436E+20,5.47986E+21,1.09814E+16,4.94544E+16
171279,9,5,64,0,2018,1,16,2,3,5,3,2,0,1,0,0,0,0,0,6.49464E+20,5.47767E+21,1.10615E+16,4.94333E+16
171280,9,4,62,0,2018,1,12,2,3,6,4,0,0,1,1,0,0,0,0,6.8447E+20,5.53591E+21,1.15713E+16,4.9947E+16
171281,9,3,62,0,2018,1,7,2,3,0,7,1,1,1,0,0,0,0,0,7.26668E+20,5.43259E+21,1.20995E+16,4.90045E+16
171282,9,3,71,151,2018,1,4,2,2,0,1,2,0,0,0,1,0,0,0,7.02674E+20,5.48655E+21,1.17991E+16,4.94977E+16
171283,9,2,78,112,2018,1,14,2,2,3,1,0,1,0,0,0,0,0,0,7.56164E+20,5.42481E+21,1.24972E+16,4.89232E+16
171284,9,2,78,118,2018,1,0,2,3,9,7,2,0,1,0,0,0,0,1,7.70499E+20,5.42404E+21,1.2692E+16,4.89102E+16
171285,9,1,87,162,2018,1,7,2,3,5,5,0,1,1,0,0,0,0,0,7.50488E+20,5.30506E+21,1.23484E+16,4.785E+16
171286,9,6,63,0,2018,1,17,5,3,1,5,2,0,1,0,0,0,0,0,5.67274E+20,5.51571E+21,9.93464E+15,4.97901E+16
171287,9,1,61,0,2018,1,5,2,3,8,6,2,0,1,0,0,0,1,0,6.75283E+20,5.39926E+21,1.13833E+16,4.87217E+16
171288,9,6,75,174,2018,1,16,5,2,0,7,1,1,1,0,0,0,0,0,5.88304E+20,5.52435E+21,1.02287E+16,4.98651E+16
171289,9,6,74,129,2018,1,14,5,3,2,6,0,0,1,0,0,0,0,0,6.19595E+20,5.53818E+21,1.06683E+16,4.9984E+16
171290,9,6,78,138,2018,1,10,5,3,5,3,0,0,1,0,0,0,0,0,5.94399E+20,5.5379E+21,1.03168E+16,4.9986E+16
171291,9,1,79,134,2018,1,19,2,2,0,7,2,1,0,1,0,0,0,0,6.70696E+20,5.34246E+21,1.12978E+16,4.82124E+16
171292,9,6,61,0,2018,1,13,5,3,0,6,0,1,0,0,0,0,0,0,5.0849E+20,5.53464E+21,9.11838E+15,4.99641E+16
171293,9,1,79,123,2018,1,11,2,3,0,1,0,1,0,0,0,0,0,0,6.76013E+20,5.3334E+21,1.13656E+16,4.81295E+16
171294,9,5,62,0,2018,1,14,5,3,5,3,0,1,0,0,0,0,0,0,6.44738E+20,5.49278E+21,1.10019E+16,4.95703E+16
171295,9,1,79,121,2018,1,11,2,2,5,3,0,0,1,0,0,1,0,0,6.68378E+20,5.33994E+21,1.12656E+16,4.81904E+16
171296,9,5,64,0,2018,1,17,5,3,1,7,2,1,1,0,0,0,0,0,6.5425E+20,5.48011E+21,1.11284E+16,4.94541E+16
171297,9,1,62,0,2018,1,18,1,3,5,6,2,0,1,0,0,0,0,0,6.91572E+20,5.34132E+21,1.1578E+16,4.81962E+16
171298,9,5,64,0,2018,1,13,5,2,6,4,0,0,1,1,0,0,0,0,6.51938E+20,5.47909E+21,1.10961E+16,4.94455E+16
171299,9,1,62,0,2018,1,10,1,3,1,6,0,0,1,0,0,0,1,0,6.90888E+20,5.33428E+21,1.15657E+16,4.81331E+16
171300,9,5,64,0,2018,1,14,5,3,2,7,0,0,1,1,0,0,0,0,6.50421E+20,5.47898E+21,1.10752E+16,4.94449E+16
171301,9,1,62,0,2018,1,11,1,3,1,1,0,0,1,0,0,0,0,0,6.80045E+20,5.3367E+21,1.14211E+16,4.8158E+16
171302,9,1,62,0,2018,1,15,1,3,6,4,0,0,1,1,0,0,0,0,6.90157E+20,5.33371E+21,1.15556E+16,4.81282E+16
171303,9,4,64,0,2018,1,15,5,2,6,1,0,0,1,1,0,0,0,1,7.06339E+20,5.58121E+21,1.19003E+16,5.03467E+16
171304,9,7,78,188,2018,1,19,1,3,0,1,2,1,0,0,0,0,0,0,5.8601E+20,5.327E+21,1.0155E+16,4.80904E+16
171305,9,4,62,0,2018,1,13,5,3,3,6,0,0,1,0,0,0,0,0,6.85444E+20,5.5371E+21,1.15854E+16,4.99574E+16
171306,9,7,63,0,2018,1,14,1,2,1,2,0,1,1,0,0,0,0,1,5.9862E+20,5.28624E+21,1.0315E+16,4.7722E+16
171307,9,4,61,0,2018,1,15,5,3,6,2,0,0,1,1,0,0,0,0,6.36928E+20,5.52987E+21,1.09069E+16,4.99055E+16
171308,9,7,63,0,2018,1,21,1,3,1,6,2,0,1,0,0,0,0,0,5.99554E+20,5.28722E+21,1.03277E+16,4.77307E+16
171309,9,3,77,154,2018,1,7,5,3,5,3,2,1,1,0,0,0,0,1,7.39197E+20,5.53124E+21,1.233E+16,4.98857E+16
171310,9,7,61,0,2018,1,19,1,3,6,2,2,0,1,1,0,0,0,0,6.37588E+20,5.36146E+21,1.08586E+16,4.83913E+16
171311,9,3,62,0,2018,1,10,5,3,5,7,0,0,1,0,0,0,0,1,7.32428E+20,5.43282E+21,1.21783E+16,4.90045E+16
171312,9,7,61,0,2018,1,13,1,3,5,3,0,0,1,0,0,0,0,0,6.42351E+20,5.35985E+21,1.09223E+16,4.83758E+16
171313,9,6,76,122,2018,1,11,1,3,5,3,0,0,1,0,0,0,0,0,5.11299E+20,5.51731E+21,9.15704E+15,4.98081E+16
171314,9,3,62,0,2018,1,16,5,3,0,3,0,0,1,0,0,1,0,0,7.30463E+20,5.43154E+21,1.21507E+16,4.89937E+16
171315,9,5,74,112,2018,1,16,1,3,2,6,2,0,1,0,0,0,0,0,6.68748E+20,5.4717E+21,1.13247E+16,4.93746E+16
171316,9,5,64,0,2018,1,5,1,3,6,4,2,0,1,1,0,0,0,0,6.50988E+20,5.47955E+21,1.10832E+16,4.94499E+16
171317,9,3,62,0,2018,1,7,5,3,5,3,1,1,1,0,0,0,0,1,7.27561E+20,5.43444E+21,1.21127E+16,4.90208E+16
171318,9,4,64,0,2018,1,19,1,2,5,3,2,0,1,0,1,0,0,0,7.08094E+20,5.57788E+21,1.19231E+16,5.03163E+16
171319,9,3,62,0,2018,1,8,5,2,5,3,0,0,1,0,1,0,0,0,7.28111E+20,5.43736E+21,1.21219E+16,4.90469E+16
171320,9,2,74,184,2018,1,22,1,3,8,1,2,0,1,0,0,0,0,0,7.46226E+20,5.37481E+21,1.23319E+16,4.84782E+16
171321,9,2,63,0,2018,1,5,5,2,5,3,2,0,1,0,0,0,0,0,7.65656E+20,5.42127E+21,1.26242E+16,4.88874E+16
171322,9,1,82,120,2018,1,17,1,3,6,6,2,0,1,1,0,0,0,0,7.02718E+20,5.30854E+21,1.17123E+16,4.78981E+16
171323,9,2,63,0,2018,1,8,5,3,6,7,0,0,1,1,0,0,0,0,7.60642E+20,5.41927E+21,1.25546E+16,4.88715E+16
171324,9,2,71,119,2018,1,12,5,3,2,2,0,0,1,0,1,0,0,0,7.89863E+20,5.41807E+21,1.29514E+16,4.88478E+16
171325,9,1,85,149,2018,1,21,1,3,7,7,2,0,1,0,0,0,1,0,6.61832E+20,5.39915E+21,1.12005E+16,4.87244E+16
171326,9,2,72,136,2018,1,9,5,3,0,1,0,0,0,0,0,1,0,2,8.46582E+20,5.41233E+21,1.37172E+16,4.87673E+16
171327,9,1,62,0,2018,1,12,7,3,6,4,0,0,1,1,0,0,0,1,6.88884E+20,5.33441E+21,1.15388E+16,4.81348E+16
171328,9,1,62,0,2018,1,20,7,3,0,7,2,1,1,0,0,0,0,1,6.90925E+20,5.33625E+21,1.1567E+16,4.81508E+16
171329,9,2,61,0,2018,1,12,5,3,0,6,0,1,1,0,0,0,0,0,7.34809E+20,5.38205E+21,1.21818E+16,4.85476E+16
171330,9,1,62,0,2018,1,16,7,3,0,7,2,1,1,0,0,0,0,0,6.91929E+20,5.33462E+21,1.15798E+16,4.81359E+16
171331,9,1,71,112,2018,1,15,5,3,2,2,0,1,1,0,0,0,0,0,7.84951E+20,5.34251E+21,1.2833E+16,4.81718E+16
171332,9,1,87,177,2018,1,11,5,3,0,7,0,1,0,0,0,0,1,0,7.386E+20,5.30509E+21,1.21898E+16,4.78548E+16
171333,9,1,62,0,2018,1,16,7,3,6,7,0,1,0,1,0,0,0,0,6.91752E+20,5.33528E+21,1.15777E+16,4.81419E+16
171334,9,1,79,118,2018,1,18,5,2,6,2,2,0,1,1,0,0,0,0,6.7298E+20,5.3373E+21,1.13264E+16,4.81654E+16
171335,9,7,63,0,2018,1,14,7,2,5,3,0,0,1,0,0,0,0,0,5.97373E+20,5.28532E+21,1.02982E+16,4.77139E+16
171336,9,1,74,137,2018,1,17,5,3,5,3,2,0,1,0,0,0,0,0,6.60216E+20,5.35216E+21,1.11605E+16,4.83024E+16
171337,9,1,62,0,2018,1,16,4,3,5,3,1,1,1,0,0,0,0,0,6.91372E+20,5.33808E+21,1.15739E+16,4.81672E+16
171338,9,7,80,115,2018,1,11,7,3,0,1,0,1,0,0,0,0,0,1,5.94464E+20,5.26425E+21,1.02549E+16,4.75248E+16
171339,9,1,62,0,2018,1,15,4,3,0,7,0,1,0,0,0,0,0,0,6.8525E+20,5.3333E+21,1.14895E+16,4.81259E+16
171340,9,7,61,0,2018,1,17,7,3,2,2,2,0,1,0,0,0,0,0,6.41411E+20,5.35924E+21,1.09095E+16,4.83704E+16
171341,9,1,62,0,2018,1,12,4,3,6,4,0,1,0,1,0,0,0,0,6.9179E+20,5.33556E+21,1.15784E+16,4.81444E+16
171342,9,6,63,0,2018,1,2,7,3,6,2,2,0,1,1,0,0,0,0,5.68807E+20,5.51657E+21,9.95609E+15,4.97977E+16
171343,9,1,62,0,2018,1,8,4,3,3,6,0,0,1,0,0,0,0,0,6.85102E+20,5.33925E+21,1.14901E+16,4.81795E+16
171344,9,6,77,148,2018,1,23,7,3,6,4,2,0,1,1,0,0,0,0,5.55301E+20,5.5345E+21,9.77101E+15,4.99603E+16
171345,9,1,62,0,2018,1,20,4,2,5,3,2,0,1,0,0,0,1,1,6.86246E+20,5.3318E+21,1.15023E+16,4.81122E+16
171346,9,1,62,0,2018,1,14,4,3,5,3,0,1,1,0,0,0,0,0,6.93524E+20,5.33148E+21,1.15998E+16,4.81072E+16
171347,9,6,76,132,2018,1,15,7,3,5,3,1,0,1,0,1,0,0,1,5.15441E+20,5.50795E+21,9.21423E+15,4.97239E+16
171348,9,1,84,135,2018,1,16,4,3,3,3,1,1,0,0,0,0,1,0,6.8955E+20,5.34872E+21,1.15542E+16,4.82633E+16
171349,9,5,72,135,2018,1,23,7,3,6,4,2,0,1,1,0,0,0,0,6.30224E+20,5.50805E+21,1.08063E+16,4.97109E+16
171350,9,1,62,0,2018,1,17,4,3,4,6,2,0,1,0,0,0,0,1,6.89435E+20,5.33717E+21,1.15475E+16,4.81595E+16
171351,9,1,62,0,2018,1,5,4,3,5,3,2,0,0,0,0,1,1,0,6.86459E+20,5.32845E+21,1.15037E+16,4.8082E+16
171352,9,5,64,0,2018,1,14,7,3,2,6,0,0,1,0,0,0,0,0,6.50945E+20,5.47924E+21,1.10825E+16,4.9447E+16
171353,9,1,62,0,2018,1,6,4,3,0,7,2,0,0,0,0,0,1,0,6.92975E+20,5.33186E+21,1.15926E+16,4.81107E+16
171354,9,5,64,0,2018,1,12,7,3,2,6,0,0,1,0,0,0,0,1,6.50796E+20,5.47797E+21,1.10799E+16,4.94357E+16
171355,9,1,62,0,2018,1,10,4,3,0,4,0,0,0,1,0,0,1,0,6.93831E+20,5.33393E+21,1.1605E+16,4.81291E+16
171356,9,5,64,0,2018,1,15,7,3,2,6,0,0,1,0,0,0,0,1,6.48054E+20,5.48126E+21,1.10434E+16,4.94659E+16
171357,9,4,62,0,2018,1,20,7,3,5,3,2,0,0,0,1,0,1,1,6.84318E+20,5.53507E+21,1.15688E+16,4.99396E+16
171358,9,7,75,129,2018,1,7,4,3,6,7,0,0,0,1,1,0,0,0,5.81939E+20,5.34145E+21,1.01032E+16,4.82209E+16
171359,9,4,61,0,2018,1,1,7,2,1,7,2,1,1,0,0,0,0,1,6.35343E+20,5.52771E+21,1.08841E+16,4.98865E+16
171360,9,3,62,0,2018,1,10,7,3,0,7,0,1,0,0,0,0,0,1,7.24703E+20,5.43321E+21,1.2073E+16,4.90109E+16
171361,9,7,74,121,2018,1,18,4,3,2,7,2,1,1,0,0,0,0,0,6.04698E+20,5.36499E+21,1.04153E+16,4.84293E+16
171362,9,3,72,137,2018,1,9,7,2,5,3,0,0,1,0,0,0,0,0,7.81356E+20,5.45432E+21,1.28608E+16,4.91771E+16
171363,9,7,79,201,2018,1,6,4,3,9,1,2,0,1,0,0,0,0,0,6.39414E+20,5.39657E+21,1.0895E+16,4.87066E+16
171364,9,2,79,124,2018,1,13,7,3,5,3,0,1,1,0,0,0,0,1,7.521E+20,5.39334E+21,1.24225E+16,4.86422E+16
171365,9,1,73,131,2018,1,12,7,3,0,1,0,0,0,0,1,0,0,2,6.82682E+20,5.26971E+21,1.14282E+16,4.75551E+16
171366,9,7,72,141,2018,1,12,4,3,5,3,0,0,1,0,0,0,0,0,6.23225E+20,5.34968E+21,1.06612E+16,4.82883E+16
171367,9,1,85,149,2018,1,13,7,3,6,7,0,1,0,1,0,0,0,0,6.61326E+20,5.40017E+21,1.1194E+16,4.87336E+16
171368,9,7,72,147,2018,1,13,4,3,6,1,0,1,0,1,0,0,0,0,6.38786E+20,5.36408E+21,1.08756E+16,4.84146E+16
171369,9,1,62,0,2018,1,18,6,3,2,6,2,0,1,0,0,0,0,1,6.83079E+20,5.33552E+21,1.14614E+16,4.81466E+16
171370,9,7,61,0,2018,1,18,4,3,4,6,2,1,1,0,0,0,0,0,6.37196E+20,5.36072E+21,1.08531E+16,4.83847E+16
171371,9,1,62,0,2018,1,10,6,3,4,3,0,0,1,0,0,1,0,1,6.9228E+20,5.33489E+21,1.15846E+16,4.81382E+16
171372,9,1,62,0,2018,1,10,6,2,0,7,0,1,0,0,0,0,0,0,6.95876E+20,5.33281E+21,1.1632E+16,4.81184E+16
171373,9,7,61,0,2018,1,13,4,3,2,6,0,0,1,0,0,0,0,0,6.40081E+20,5.35861E+21,1.08913E+16,4.83651E+16
171374,9,1,62,0,2018,1,12,6,3,3,7,0,0,0,0,0,0,1,0,6.90272E+20,5.33616E+21,1.15582E+16,4.81502E+16
171375,9,1,62,0,2018,1,17,6,3,6,7,2,0,1,1,0,0,0,1,6.88268E+20,5.33645E+21,1.15315E+16,4.81534E+16
171376,9,6,76,169,2018,1,12,4,3,5,7,0,0,1,0,0,0,0,1,5.10804E+20,5.51559E+21,9.15011E+15,4.97927E+16
171377,9,1,62,0,2018,1,17,6,3,6,2,2,0,1,1,0,0,0,1,6.91824E+20,5.33566E+21,1.15789E+16,4.81453E+16
171378,9,5,62,0,2018,1,8,4,3,5,3,1,1,1,0,0,0,0,0,6.45548E+20,5.49533E+21,1.1014E+16,4.9593E+16
171379,9,1,62,0,2018,1,9,6,3,5,3,0,1,1,0,0,0,0,0,6.907E+20,5.33815E+21,1.15649E+16,4.81679E+16
171380,9,5,65,0,2018,1,15,4,3,5,2,0,1,1,0,0,0,0,0,6.48678E+20,5.46757E+21,1.10469E+16,4.93427E+16
171381,9,1,62,0,2018,1,15,6,3,4,2,0,1,1,0,0,0,0,1,6.89916E+20,5.34397E+21,1.15569E+16,4.82205E+16
171382,9,5,63,0,2018,1,19,4,3,1,6,2,0,1,0,0,0,0,0,6.45172E+20,5.48289E+21,1.10042E+16,4.94813E+16
171383,9,1,62,0,2018,1,13,6,2,1,5,0,1,1,0,0,0,0,0,6.98514E+20,5.33346E+21,1.16677E+16,4.81234E+16
171384,9,5,64,0,2018,1,7,4,3,0,3,1,0,1,0,1,0,0,2,6.56155E+20,5.4811E+21,1.1155E+16,4.94624E+16
171385,9,1,62,0,2018,1,17,6,3,6,2,2,0,1,1,0,0,0,1,6.89082E+20,5.33494E+21,1.15417E+16,4.81396E+16
171386,9,1,62,0,2018,1,19,6,3,0,7,2,1,0,0,0,0,0,1,6.90946E+20,5.33574E+21,1.15671E+16,4.81462E+16
171387,9,5,64,0,2018,1,17,4,2,6,4,2,0,1,1,0,0,0,0,6.56131E+20,5.48117E+21,1.11547E+16,4.94631E+16
171388,9,7,74,185,2018,1,18,6,3,5,7,2,0,1,0,0,0,0,1,6.08327E+20,5.34903E+21,1.04603E+16,4.82852E+16
171389,9,5,64,0,2018,1,17,4,2,6,4,2,0,1,1,0,0,0,0,6.47435E+20,5.48254E+21,1.10353E+16,4.94775E+16
171390,9,5,64,0,2018,1,21,4,3,2,6,2,1,1,0,0,0,0,0,6.50303E+20,5.47951E+21,1.10737E+16,4.94497E+16
171391,9,7,72,184,2018,1,15,6,3,5,3,0,0,1,0,0,0,0,1,6.36158E+20,5.36309E+21,1.08398E+16,4.84062E+16
171392,9,5,75,112,2018,1,3,4,3,4,6,2,0,1,0,0,0,0,0,6.0328E+20,5.48412E+21,1.04264E+16,4.95009E+16
171393,9,7,61,0,2018,1,12,6,3,1,6,0,1,1,0,0,0,0,0,6.37858E+20,5.35754E+21,1.0861E+16,4.83559E+16
171394,9,4,79,136,2018,1,15,4,3,5,3,0,0,1,0,0,1,0,0,7.22525E+20,5.5438E+21,1.21056E+16,5.00049E+16
171395,9,6,62,0,2018,1,6,6,3,5,3,2,0,1,0,0,0,0,1,5.88836E+20,5.54285E+21,1.02404E+16,5.00313E+16
171396,9,4,63,0,2018,1,9,4,2,8,1,0,0,1,0,0,0,0,0,6.40607E+20,5.56783E+21,1.09721E+16,5.02459E+16
171397,9,6,76,121,2018,1,16,6,2,6,4,2,0,1,1,0,0,0,1,5.11625E+20,5.52174E+21,9.1617E+15,4.9848E+16
171398,9,4,61,0,2018,1,7,4,3,6,4,2,0,1,1,0,0,0,1,6.37295E+20,5.53E+21,1.09121E+16,4.99066E+16
171399,9,3,75,113,2018,1,17,4,3,9,1,2,0,1,0,0,0,0,1,7.32768E+20,5.42355E+21,1.21776E+16,4.89211E+16
171400,9,5,72,132,2018,1,18,6,3,4,2,2,0,1,0,1,0,0,1,6.36992E+20,5.49215E+21,1.08946E+16,4.95665E+16
171401,9,3,72,153,2018,1,6,4,3,2,6,2,0,1,0,0,0,0,1,7.54078E+20,5.45696E+21,1.24889E+16,4.92127E+16
171402,9,5,62,0,2018,1,16,6,2,5,3,2,1,1,0,0,0,0,1,6.47124E+20,5.49558E+21,1.10359E+16,4.95949E+16
171403,9,3,62,0,2018,1,6,4,3,4,2,2,0,1,0,0,0,0,1,7.27705E+20,5.43112E+21,1.21128E+16,4.8991E+16
171404,9,3,62,0,2018,1,16,4,3,0,7,2,0,0,0,1,0,0,0,7.31103E+20,5.43355E+21,1.21606E+16,4.90115E+16
171405,9,5,65,0,2018,1,17,6,3,1,2,2,1,1,0,0,0,0,1,6.48202E+20,5.46535E+21,1.10395E+16,4.93229E+16
171406,9,3,62,0,2018,1,15,4,3,0,7,0,1,0,0,0,0,0,0,7.25554E+20,5.4344E+21,1.20853E+16,4.90212E+16
171407,9,5,63,0,2018,1,18,6,3,5,3,2,0,1,0,0,0,0,1,6.44186E+20,5.48015E+21,1.09896E+16,4.94569E+16
171408,9,3,73,167,2018,1,13,4,3,5,3,0,0,1,0,0,0,0,0,6.94594E+20,5.45666E+21,1.1673E+16,4.92317E+16
171409,9,5,64,0,2018,1,20,6,3,5,2,2,0,1,0,0,0,0,1,6.48934E+20,5.47966E+21,1.10549E+16,4.94514E+16
171410,9,2,63,0,2018,1,17,4,3,2,6,2,0,1,0,0,0,0,1,7.6229E+20,5.41841E+21,1.25765E+16,4.88631E+16
171411,9,1,90,139,2018,1,12,4,2,1,5,0,0,1,0,0,0,0,0,6.54164E+20,5.29644E+21,1.10589E+16,4.78029E+16
171412,9,5,64,0,2018,1,18,6,2,5,3,2,0,1,0,0,0,0,1,6.45186E+20,5.47946E+21,1.10032E+16,4.94504E+16
171413,9,1,90,141,2018,1,17,4,3,5,3,2,1,1,0,0,0,0,0,6.78069E+20,5.29192E+21,1.1376E+16,4.7756E+16
171414,9,4,73,159,2018,1,6,6,3,5,3,2,0,1,0,0,0,0,1,6.45781E+20,5.57264E+21,1.10465E+16,5.02879E+16
171415,9,1,73,126,2018,1,18,4,3,5,3,2,0,1,0,0,0,0,0,6.84894E+20,5.30485E+21,1.14725E+16,4.78703E+16
171416,9,4,61,0,2018,1,17,6,3,4,2,2,0,1,0,0,0,0,1,6.37822E+20,5.52711E+21,1.09184E+16,4.98805E+16
171417,9,1,87,182,2018,1,7,4,3,0,6,0,1,1,0,0,0,0,1,7.40374E+20,5.32754E+21,1.2226E+16,4.80558E+16
171418,9,3,77,154,2018,1,17,6,3,6,4,2,0,1,1,0,0,0,1,7.39951E+20,5.53012E+21,1.23398E+16,4.98754E+16
171419,9,1,88,137,2018,1,12,4,2,5,2,0,0,1,0,1,0,0,0,6.71842E+20,5.31542E+21,1.13023E+16,4.7969E+16
171420,9,3,75,190,2018,1,16,6,3,0,3,0,0,1,0,0,0,0,0,7.279E+20,5.44474E+21,1.21231E+16,4.91132E+16
171421,9,2,76,126,2018,1,17,6,3,5,3,2,0,1,0,0,0,0,1,8.06424E+20,5.42456E+21,1.31814E+16,4.88981E+16
171422,9,1,88,120,2018,1,15,4,3,0,7,0,1,0,0,0,0,1,0,6.7752E+20,5.32659E+21,1.1383E+16,4.80679E+16
171423,9,2,71,146,2018,1,14,6,3,4,6,0,0,0,0,0,1,0,0,7.85288E+20,5.41177E+21,1.28848E+16,4.87934E+16
171424,9,1,75,127,2018,1,8,4,3,6,6,0,0,1,1,0,0,0,0,7.13443E+20,5.34191E+21,1.18723E+16,4.81945E+16
171425,9,2,77,138,2018,1,8,6,2,3,2,0,0,0,0,1,1,0,1,7.9114E+20,5.37161E+21,1.29361E+16,4.84302E+16
171426,9,1,62,0,2018,1,18,3,2,4,2,2,0,1,0,1,0,0,0,6.90741E+20,5.34273E+21,1.15675E+16,4.82091E+16
171427,9,2,72,152,2018,1,14,6,3,8,1,0,0,1,0,0,0,0,0,8.13847E+20,5.41367E+21,1.3274E+16,4.87966E+16
171428,9,1,84,145,2018,1,11,3,3,1,7,0,0,1,0,0,0,0,0,6.95206E+20,5.32327E+21,1.16186E+16,4.80329E+16
171429,9,2,61,0,2018,1,12,6,3,0,1,0,1,0,0,0,0,0,1,7.34615E+20,5.38212E+21,1.21792E+16,4.85483E+16
171430,9,1,62,0,2018,1,18,3,3,2,6,2,0,1,0,0,0,0,0,6.88903E+20,5.34014E+21,1.15416E+16,4.81864E+16
171431,9,2,74,176,2018,1,13,6,3,0,7,0,0,0,1,0,0,1,1,7.22261E+20,5.40303E+21,1.20232E+16,4.87406E+16
171432,9,1,90,157,2018,1,17,6,3,5,3,2,1,1,0,0,0,0,0,6.60587E+20,5.30154E+21,1.11465E+16,4.78471E+16
171433,9,1,62,0,2018,1,19,3,3,6,2,2,0,1,1,0,0,0,0,6.88576E+20,5.33496E+21,1.15349E+16,4.81399E+16
171434,9,1,90,141,2018,1,18,6,3,0,7,2,0,1,0,0,0,0,0,6.78543E+20,5.29179E+21,1.13823E+16,4.77547E+16
171435,9,1,82,131,2018,1,11,6,3,0,7,0,0,1,0,0,0,0,2,7.1613E+20,5.28678E+21,1.18807E+16,4.76982E+16
171436,9,1,62,0,2018,1,17,3,3,0,2,2,0,1,0,1,0,0,0,6.90862E+20,5.33719E+21,1.15666E+16,4.81593E+16