OBJECTID_1,ULAND,UREGBEZ,UKREIS,UGEMEINDE,UJAHR,UMONAT,USTUNDE,UWOCHENTAG,UKATEGORIE,UART,UTYP1,ULICHTVERH,IstRad,IstPKW,IstFuss,IstKrad,IstGkfz,IstSonstig,STRZUSTAND,LINREFX,LINREFY,XGCSWGS84,YGCSWGS84
171624,9,3,63,0,2018,1,10,1,3,5,3,0,0,1,0,0,0,0,0,7.28113E+20,5.50766E+21,1.21622E+16,4.96783E+16
171625,9,3,62,0,2018,1,14,1,3,6,7,0,0,1,1,0,0,0,0,7.26004E+20,5.43404E+21,1.20912E+16,4.90178E+16
171626,9,2,71,148,2018,1,19,1,3,9,1,2,0,1,0,0,0,0,2,7.96652E+20,5.41794E+21,1.30436E+16,4.88435E+16
171627,9,1,89,140,2018,1,0,1,3,0,7,2,0,1,1,0,0,0,0,7.73197E+20,5.2964E+21,1.26459E+16,4.7763E+16
171628,9,1,71,111,2018,1,18,1,3,2,6,2,0,1,0,0,0,0,1,7.74059E+20,5.34867E+21,1.26908E+16,4.8232E+16
171629,9,1,62,0,2018,1,14,7,3,4,2,0,0,1,0,0,0,0,0,6.9007E+20,5.33194E+21,1.15536E+16,4.81124E+16
171630,9,2,77,118,2018,1,7,4,2,0,1,1,1,0,0,0,0,0,1,8.07362E+20,5.35789E+21,1.31448E+16,4.82995E+16
171631,9,1,62,0,2018,1,20,7,3,5,3,2,1,1,0,0,0,0,0,6.92602E+20,5.33806E+21,1.15904E+16,4.81666E+16
171632,9,1,62,0,2018,1,14,3,3,6,2,0,0,1,1,0,0,0,1,6.89682E+20,5.3349E+21,1.15498E+16,4.8139E+16
171633,9,2,78,129,2018,1,3,3,3,9,1,2,0,1,0,0,0,0,2,7.7189E+20,5.4389E+21,1.27208E+16,4.90429E+16
171634,9,1,62,0,2018,1,4,7,2,6,7,2,0,1,1,0,0,0,0,6.91482E+20,5.33433E+21,1.15737E+16,4.81334E+16
171635,9,1,62,0,2018,1,15,7,3,8,7,0,0,1,1,0,0,0,0,6.91069E+20,5.33506E+21,1.15685E+16,4.81401E+16
171636,9,1,62,0,2018,1,20,7,3,6,7,2,0,1,1,0,0,0,0,6.91378E+20,5.33473E+21,1.15725E+16,4.8137E+16
171637,9,1,62,0,2018,1,14,7,3,5,3,0,0,1,0,0,0,0,0,6.87232E+20,5.33481E+21,1.15168E+16,4.8139E+16
171638,9,1,62,0,2018,1,15,7,3,1,6,0,0,1,0,0,0,0,0,6.88306E+20,5.33059E+21,1.15294E+16,4.81007E+16
171639,9,1,61,0,2018,1,10,4,3,5,3,0,1,1,0,0,0,0,1,6.78475E+20,5.40465E+21,1.1429E+16,4.87693E+16
171640,9,7,75,135,2018,1,17,7,3,0,7,1,0,1,0,0,0,0,0,5.764E+20,5.36249E+21,1.00324E+16,4.84109E+16
171641,9,6,74,180,2018,1,19,3,2,6,7,2,0,1,1,0,0,0,2,6.03823E+20,5.54181E+21,1.04493E+16,5.00195E+16
171642,9,1,89,127,2018,1,7,4,2,9,1,1,0,1,0,0,0,0,1,7.83496E+20,5.31926E+21,1.27981E+16,4.79638E+16
171643,9,7,61,0,2018,1,20,7,3,5,3,2,1,1,0,0,0,0,1,6.44722E+20,5.36048E+21,1.09546E+16,4.83808E+16
171644,9,7,76,128,2018,1,16,3,3,6,7,0,1,0,1,0,0,0,0,5.47883E+20,5.26864E+21,9.63662E+15,4.75694E+16
171645,9,2,75,133,2018,1,13,3,2,0,3,0,1,1,0,0,0,0,1,8.23E+20,5.38292E+21,1.33744E+16,4.85162E+16
171646,9,7,61,0,2018,1,17,7,3,5,3,2,0,1,0,0,0,0,0,6.39729E+20,5.35644E+21,1.08858E+16,4.83456E+16
171647,9,7,61,0,2018,1,5,7,3,4,2,2,0,1,0,0,0,0,1,6.39977E+20,5.35918E+21,1.08901E+16,4.83702E+16
171648,9,5,64,0,2018,1,9,4,3,5,3,0,1,1,0,0,0,0,2,6.51596E+20,5.48077E+21,1.1092E+16,4.94607E+16
171649,9,7,61,0,2018,1,17,7,2,6,2,2,0,1,1,0,0,0,0,6.4076E+20,5.35997E+21,1.09009E+16,4.83772E+16
171650,9,6,72,131,2018,1,10,7,3,5,3,0,0,1,0,0,0,0,0,5.86589E+20,5.56098E+21,1.02131E+16,5.01947E+16
171651,9,1,81,121,2018,1,12,4,3,5,7,0,0,1,0,0,1,0,1,6.37814E+20,5.3114E+21,1.08454E+16,4.79411E+16
171652,9,6,62,0,2018,1,20,7,3,5,3,2,0,1,0,1,0,0,0,5.87842E+20,5.54481E+21,1.0227E+16,5.00491E+16
171653,9,2,74,184,2018,1,8,3,3,0,3,0,0,1,0,0,0,0,0,7.48091E+20,5.37156E+21,1.23552E+16,4.84482E+16
171654,9,5,72,135,2018,1,16,7,3,2,6,2,0,1,0,0,0,0,0,6.29692E+20,5.50764E+21,1.07988E+16,4.97073E+16
171655,9,5,62,0,2018,1,7,7,3,5,3,0,0,1,0,0,0,0,0,6.42253E+20,5.49439E+21,1.09681E+16,4.95853E+16
171656,9,2,73,147,2018,1,11,3,3,6,5,0,0,1,1,0,0,0,1,7.05239E+20,5.39127E+21,1.17862E+16,4.86408E+16
171657,9,5,64,0,2018,1,23,7,3,6,7,2,0,1,1,0,0,0,0,6.53879E+20,5.47727E+21,1.11222E+16,4.94286E+16
171658,9,4,79,136,2018,1,18,7,2,6,7,2,0,1,1,0,0,0,0,7.209E+20,5.54335E+21,1.20827E+16,5.00015E+16
171659,9,4,62,0,2018,1,6,4,3,5,3,1,0,1,0,0,0,0,2,6.84875E+20,5.53661E+21,1.15773E+16,4.99532E+16
171660,9,3,73,147,2018,1,17,7,3,5,3,2,0,1,0,0,0,0,0,6.78562E+20,5.46129E+21,1.14551E+16,4.92783E+16
171661,9,1,78,145,2018,1,7,4,2,5,3,0,0,1,0,0,0,0,1,6.97316E+20,5.35442E+21,1.16613E+16,4.83121E+16
171662,9,2,61,0,2018,1,18,3,3,5,3,2,0,1,0,0,0,0,1,7.3411E+20,5.37936E+21,1.21708E+16,4.85237E+16
171663,9,2,71,127,2018,1,19,7,3,6,7,2,0,1,1,0,0,0,1,8.04412E+20,5.40575E+21,1.31401E+16,4.87303E+16
171664,9,1,63,0,2018,1,11,3,3,0,3,0,0,1,0,0,0,1,0,7.33709E+20,5.30508E+21,1.21245E+16,4.78566E+16
171665,9,2,75,120,2018,1,11,7,3,2,6,0,0,1,0,0,0,1,0,8.13678E+20,5.40415E+21,1.32645E+16,4.87113E+16
171666,9,5,64,0,2018,1,18,3,3,6,2,2,0,1,1,0,0,0,0,6.52158E+20,5.47885E+21,1.10991E+16,4.94433E+16
171667,9,2,75,141,2018,1,11,7,3,5,3,0,1,1,0,0,0,0,0,8.19194E+20,5.36994E+21,1.33131E+16,4.84017E+16
171668,9,3,76,161,2018,1,16,4,3,6,4,1,0,1,1,0,0,0,1,7.2449E+20,5.46834E+21,1.20897E+16,4.93265E+16
171669,9,1,63,0,2018,1,3,7,3,0,1,2,1,0,0,0,0,0,0,7.32867E+20,5.30619E+21,1.21139E+16,4.78668E+16
171670,9,1,62,0,2018,1,15,3,3,5,3,0,1,1,0,0,0,0,1,6.86389E+20,5.32841E+21,1.15027E+16,4.80817E+16
171671,9,1,63,0,2018,1,13,3,3,6,4,0,0,1,1,0,0,0,0,7.32905E+20,5.30564E+21,1.21141E+16,4.78618E+16
171672,9,3,62,0,2018,1,19,4,2,6,2,1,0,1,1,0,0,0,2,7.24249E+20,5.43375E+21,1.20671E+16,4.90159E+16
171673,9,1,86,143,2018,1,7,7,3,8,1,2,0,1,0,0,0,0,1,6.77719E+20,5.38163E+21,1.14088E+16,4.85625E+16
171674,9,1,84,123,2018,1,7,3,3,5,2,1,1,1,0,0,0,0,0,7.04149E+20,5.33291E+21,1.1743E+16,4.81167E+16
171675,9,1,63,0,2018,1,17,3,3,3,2,1,1,1,0,0,0,0,1,7.34031E+20,5.30508E+21,1.21288E+16,4.78564E+16
171676,9,1,85,149,2018,1,18,7,3,1,2,2,0,1,0,0,0,0,0,6.60391E+20,5.40083E+21,1.11816E+16,4.87399E+16
171677,9,1,61,0,2018,1,14,7,3,4,6,0,0,1,0,0,0,0,0,6.75909E+20,5.40446E+21,1.1394E+16,4.87682E+16
171678,9,1,61,0,2018,1,10,3,3,5,2,0,1,1,0,0,0,0,1,6.79536E+20,5.4057E+21,1.14439E+16,4.87783E+16
171679,9,1,88,121,2018,1,21,7,3,6,7,2,0,1,1,0,0,0,0,6.71213E+20,5.33087E+21,1.13001E+16,4.81081E+16
171680,9,1,79,121,2018,1,14,7,3,4,6,0,0,1,0,0,0,0,0,6.66142E+20,5.3396E+21,1.12354E+16,4.81879E+16
171681,9,1,78,155,2018,1,6,7,3,8,1,2,0,1,0,0,0,0,0,7.11457E+20,5.37624E+21,1.18628E+16,4.85037E+16
171682,9,5,74,112,2018,1,16,3,3,6,4,0,0,1,1,0,0,0,0,6.7092E+20,5.47267E+21,1.1355E+16,4.93827E+16
171683,9,2,73,163,2018,1,8,4,3,3,2,0,0,1,0,0,0,0,1,7.06746E+20,5.39926E+21,1.18106E+16,4.8712E+16
171684,9,1,77,130,2018,1,7,7,3,2,6,0,0,1,0,0,0,0,0,7.07131E+20,5.35083E+21,1.17918E+16,4.82768E+16
171685,9,7,75,135,2018,1,21,3,3,2,6,2,0,1,0,0,0,0,1,5.74544E+20,5.35895E+21,1.00067E+16,4.83793E+16
171686,9,1,62,0,2018,1,9,2,3,0,7,0,0,0,0,0,0,1,1,6.84569E+20,5.33503E+21,1.14811E+16,4.81417E+16
171687,9,1,62,0,2018,1,21,6,3,5,3,2,0,1,0,0,0,0,0,6.91454E+20,5.3346E+21,1.15734E+16,4.81358E+16
171688,9,1,62,0,2018,1,13,6,3,6,4,0,1,0,1,0,0,0,0,6.8624E+20,5.33285E+21,1.15026E+16,4.81216E+16
171689,9,1,77,139,2018,1,18,3,3,5,3,2,0,1,0,0,0,1,0,7.31336E+20,5.35911E+21,1.21221E+16,4.83427E+16
171690,9,1,62,0,2018,1,11,6,3,6,4,0,0,1,1,0,0,0,0,6.97177E+20,5.33216E+21,1.16491E+16,4.81122E+16
171691,9,1,62,0,2018,1,10,6,3,0,2,0,1,1,0,0,0,0,0,6.88945E+20,5.33675E+21,1.15407E+16,4.81559E+16
171692,9,1,62,0,2018,1,12,2,2,6,2,0,0,1,1,0,0,0,0,6.90341E+20,5.33462E+21,1.15585E+16,4.81364E+16
171693,9,1,62,0,2018,1,13,6,3,1,6,0,0,1,0,0,0,0,0,6.89415E+20,5.33609E+21,1.15467E+16,4.81498E+16
171694,9,1,62,0,2018,1,12,6,3,1,5,0,1,1,0,0,0,0,0,6.91672E+20,5.33427E+21,1.15762E+16,4.81328E+16
171695,9,1,62,0,2018,1,19,6,3,6,2,2,0,1,1,0,0,0,0,6.95816E+20,5.33417E+21,1.16318E+16,4.81307E+16
171696,9,1,71,137,2018,1,12,4,3,4,6,0,0,1,0,0,0,0,1,7.73599E+20,5.35114E+21,1.26862E+16,4.82543E+16
171697,9,1,84,123,2018,1,13,6,3,0,7,0,0,0,0,0,0,1,1,7.02462E+20,5.3319E+21,1.17199E+16,4.81081E+16
171698,9,7,72,163,2018,1,13,3,2,4,2,0,0,1,0,0,0,0,1,6.39277E+20,5.34842E+21,1.08771E+16,4.82736E+16
171699,9,1,62,0,2018,1,21,2,3,2,6,2,0,1,0,0,0,0,0,6.9071E+20,5.34029E+21,1.1566E+16,4.81872E+16
171700,9,7,75,135,2018,1,14,6,3,5,3,0,1,1,0,0,0,0,0,5.7418E+20,5.36045E+21,1.00021E+16,4.83928E+16
171701,9,7,75,135,2018,1,14,6,3,5,3,0,1,1,0,0,0,0,0,5.76355E+20,5.36195E+21,1.00317E+16,4.84061E+16
171702,9,5,77,177,2018,1,7,4,3,6,4,2,0,1,1,0,0,0,0,6.44398E+20,5.43264E+21,1.09754E+16,4.90297E+16
171703,9,7,63,0,2018,1,12,6,3,6,4,0,0,1,1,0,0,0,0,5.9829E+20,5.28668E+21,1.03107E+16,4.7726E+16
171704,9,7,63,0,2018,1,7,6,3,2,6,0,0,1,0,0,0,0,0,5.98633E+20,5.28548E+21,1.0315E+16,4.77151E+16
171705,9,1,88,120,2018,1,21,4,3,1,5,2,0,1,0,0,0,0,1,6.73187E+20,5.32622E+21,1.13247E+16,4.80657E+16
171706,9,7,63,0,2018,1,7,6,2,5,3,2,0,1,0,0,0,0,0,5.9863E+20,5.28549E+21,1.0315E+16,4.77152E+16
171707,9,7,77,151,2018,1,23,6,2,6,4,2,0,1,1,0,0,0,0,6.21377E+20,5.29438E+21,1.06206E+16,4.77913E+16
171708,9,1,86,113,2018,1,7,4,2,5,3,2,0,1,0,0,0,1,1,6.81681E+20,5.39407E+21,1.14679E+16,4.86732E+16
171709,9,7,72,211,2018,1,18,6,3,8,1,2,0,1,0,0,0,0,1,6.19986E+20,5.35434E+21,1.06189E+16,4.83308E+16
171710,9,6,76,135,2018,1,6,3,2,6,4,2,0,1,1,0,0,0,1,5.12282E+20,5.51033E+21,9.17048E+15,4.97453E+16
171711,9,1,62,0,2018,1,7,2,3,5,2,2,1,1,0,0,0,0,0,6.89225E+20,5.3417E+21,1.15466E+16,4.82003E+16
171712,9,7,72,200,2018,1,14,6,3,5,3,0,0,1,0,0,0,0,0,6.30667E+20,5.33794E+21,1.07579E+16,4.81813E+16
171713,9,7,72,125,2018,1,13,6,3,5,3,0,1,1,0,0,0,0,0,6.36786E+20,5.34887E+21,1.08437E+16,4.82783E+16
171714,9,4,63,0,2018,1,17,3,2,6,4,2,0,1,1,0,0,0,2,6.40044E+20,5.56875E+21,1.09645E+16,5.02542E+16
171715,9,3,74,154,2018,1,15,4,3,4,6,1,0,1,0,0,0,0,2,7.30114E+20,5.50395E+21,1.21877E+16,4.96442E+16
171716,9,7,61,0,2018,1,10,6,3,6,7,0,1,0,1,0,0,0,0,6.39523E+20,5.35878E+21,1.08838E+16,4.83668E+16
171717,9,1,78,143,2018,1,13,4,3,5,3,0,0,1,0,0,0,0,0,7.17253E+20,5.37221E+21,1.19391E+16,4.84655E+16
171718,9,1,61,0,2018,1,19,3,3,0,6,2,0,1,0,0,0,0,0,6.73638E+20,5.39831E+21,1.13606E+16,4.87137E+16
171719,9,6,63,0,2018,1,12,6,2,3,3,0,0,1,0,1,0,0,0,5.64175E+20,5.51623E+21,9.89168E+15,4.97951E+16
171720,9,1,74,126,2018,1,18,3,3,5,3,2,0,1,0,1,0,0,1,6.84574E+20,5.34421E+21,1.14852E+16,4.82243E+16
171721,9,6,63,0,2018,1,16,6,3,8,6,0,0,1,0,0,0,0,0,5.68454E+20,5.51131E+21,9.95026E+15,4.97503E+16
171722,9,6,73,114,2018,1,17,6,3,9,1,2,1,0,0,0,0,0,1,5.86381E+20,5.57624E+21,1.02137E+16,5.03319E+16
171723,9,5,76,143,2018,1,22,6,2,4,2,2,0,1,0,1,0,0,1,6.52114E+20,5.45657E+21,1.10899E+16,4.9243E+16
171724,9,5,74,155,2018,1,15,6,3,0,1,0,0,0,0,1,0,0,1,6.68939E+20,5.49198E+21,1.1336E+16,4.95568E+16
171725,9,5,63,0,2018,1,10,6,2,5,7,0,1,1,0,0,0,0,0,6.44586E+20,5.48109E+21,1.09955E+16,4.94653E+16
171726,9,3,72,116,2018,1,9,4,3,5,3,0,0,1,0,1,0,0,1,7.66066E+20,5.45923E+21,1.26547E+16,4.9228E+16
171727,9,5,64,0,2018,1,16,6,3,0,1,0,1,0,0,0,0,0,0,6.4927E+20,5.4806E+21,1.10599E+16,4.94597E+16
171728,9,1,62,0,2018,1,18,3,3,5,3,2,0,1,0,0,0,0,1,6.87294E+20,5.32743E+21,1.15144E+16,4.80726E+16
171729,9,5,64,0,2018,1,16,6,3,4,6,0,0,1,0,0,0,0,0,6.49575E+20,5.47655E+21,1.10626E+16,4.94232E+16
171730,9,5,64,0,2018,1,9,6,3,5,3,0,0,1,0,0,0,0,0,6.52159E+20,5.47915E+21,1.10992E+16,4.94459E+16
171731,9,4,75,156,2018,1,15,6,3,2,6,0,0,1,0,0,0,0,1,6.92664E+20,5.57923E+21,1.17073E+16,5.03337E+16
171732,9,4,73,151,2018,1,19,6,3,2,6,2,0,1,0,0,0,0,0,6.51323E+20,5.57749E+21,1.11262E+16,5.03301E+16
171733,9,4,77,128,2018,1,16,6,3,2,6,1,0,1,0,0,0,0,1,6.75084E+20,5.55353E+21,1.14487E+16,5.01082E+16
171734,9,1,89,154,2018,1,17,4,3,4,1,2,0,1,0,0,0,0,2,7.648E+20,5.3185E+21,1.25476E+16,4.7965E+16
171735,9,4,61,0,2018,1,17,6,3,5,3,2,0,1,0,0,0,0,0,6.37457E+20,5.52853E+21,1.09138E+16,4.98934E+16
171736,9,4,61,0,2018,1,14,6,3,6,4,0,0,1,1,0,0,0,0,6.36303E+20,5.52925E+21,1.0898E+16,4.99001E+16
171737,9,2,63,0,2018,1,7,4,2,6,4,1,0,1,1,0,0,0,1,7.63217E+20,5.42116E+21,1.25909E+16,4.88874E+16
171738,9,3,75,130,2018,1,7,6,3,0,7,1,1,0,0,0,0,0,1,7.35004E+20,5.43578E+21,1.22151E+16,4.90301E+16
171739,9,1,62,0,2018,1,17,3,3,6,7,0,0,1,1,0,0,0,1,6.94406E+20,5.33651E+21,1.16139E+16,4.81521E+16
171740,9,3,75,208,2018,1,13,6,3,5,3,0,0,1,0,0,0,0,0,7.32725E+20,5.44038E+21,1.21866E+16,4.90723E+16
171741,9,3,62,0,2018,1,7,6,3,3,6,0,0,1,0,1,0,0,0,7.25825E+20,5.43366E+21,1.20886E+16,4.90145E+16
171742,9,3,62,0,2018,1,19,6,3,2,6,2,0,1,0,0,0,0,0,7.26649E+20,5.43233E+21,1.20991E+16,4.90022E+16
171743,9,3,62,0,2018,1,8,6,3,5,3,0,1,1,0,0,0,0,0,7.26983E+20,5.43377E+21,1.21044E+16,4.9015E+16
171744,9,3,62,0,2018,1,12,6,3,2,2,0,1,0,0,0,0,0,0,7.26727E+20,5.43545E+21,1.21019E+16,4.90302E+16
171745,9,1,76,143,2018,1,9,4,2,1,5,0,1,1,0,0,0,0,0,6.80015E+20,5.40955E+21,1.14521E+16,4.88128E+16
171746,9,2,77,116,2018,1,11,6,2,2,6,0,1,1,0,0,0,0,0,7.78179E+20,5.36799E+21,1.27589E+16,4.84036E+16
171747,9,6,63,0,2018,1,7,3,3,5,3,2,0,1,0,0,1,0,1,5.67154E+20,5.51446E+21,9.93276E+15,4.97789E+16
171748,9,5,64,0,2018,1,8,3,3,4,6,0,1,1,0,0,0,0,1,6.50262E+20,5.48E+21,1.10734E+16,4.9454E+16
171749,9,1,90,141,2018,1,11,6,3,5,3,0,0,1,0,0,0,0,0,6.78174E+20,5.29186E+21,1.13774E+16,4.77555E+16
171750,9,7,80,139,2018,1,15,3,3,6,4,0,0,1,1,0,0,0,0,5.96535E+20,5.26315E+21,1.02821E+16,4.75146E+16
171751,9,1,87,177,2018,1,21,6,2,0,7,2,1,0,0,0,0,0,0,7.37187E+20,5.30592E+21,1.21714E+16,4.78628E+16
171752,9,1,77,117,2018,1,13,6,3,0,6,0,0,1,0,0,0,0,0,7.14807E+20,5.35363E+21,1.18966E+16,4.82993E+16
171753,9,1,62,0,2018,1,22,5,3,0,7,2,1,0,0,0,0,0,0,6.92377E+20,5.33698E+21,1.15869E+16,4.81569E+16
171754,9,1,62,0,2018,1,9,5,3,1,6,0,0,1,0,0,0,0,0,6.89377E+20,5.33492E+21,1.15457E+16,4.81393E+16
171755,9,1,88,139,2018,1,9,4,3,2,6,0,0,1,0,0,0,0,2,6.7479E+20,5.31946E+21,1.13434E+16,4.80045E+16
171756,9,1,62,0,2018,1,9,5,3,5,3,0,1,1,0,0,0,0,0,6.88554E+20,5.33369E+21,1.15341E+16,4.81285E+16
171757,9,1,62,0,2018,1,7,5,3,4,2,1,0,1,0,0,0,0,1,6.82778E+20,5.3348E+21,1.1457E+16,4.81402E+16
171758,9,4,62,0,2018,1,16,3,3,5,3,0,0,1,1,0,1,0,1,6.8262E+20,5.5363E+21,1.15457E+16,4.99511E+16
171759,9,3,62,0,2018,1,7,4,3,5,2,2,1,1,0,0,0,0,1,7.3016E+20,5.43356E+21,1.21477E+16,4.90119E+16
171760,9,6,63,0,2018,1,15,5,2,3,6,0,0,1,0,0,0,1,0,5.6733E+20,5.51684E+21,9.93562E+15,4.98002E+16
171761,9,1,62,0,2018,1,10,5,3,6,4,0,0,1,1,0,0,0,0,6.91533E+20,5.33429E+21,1.15743E+16,4.8133E+16
171762,9,1,62,0,2018,1,8,5,3,0,5,0,1,1,0,0,0,0,1,6.92814E+20,5.33885E+21,1.15936E+16,4.81736E+16
171763,9,1,84,145,2018,1,21,6,3,6,7,2,0,0,1,0,0,1,0,6.9443E+20,5.32566E+21,1.16093E+16,4.80546E+16
171764,9,1,61,0,2018,1,6,6,2,3,2,2,1,1,0,0,0,0,1,6.79186E+20,5.4058E+21,1.14392E+16,4.87794E+16
171765,9,1,62,0,2018,1,14,5,3,3,6,0,0,1,0,0,0,0,0,6.84287E+20,5.33752E+21,1.14784E+16,4.81642E+16
171766,9,1,62,0,2018,1,7,5,3,1,6,0,0,1,0,0,1,0,1,6.86726E+20,5.33021E+21,1.1508E+16,4.80978E+16
171767,9,7,72,163,2018,1,10,6,3,2,6,0,0,1,0,0,0,0,0,6.40345E+20,5.34893E+21,1.08916E+16,4.8278E+16
171768,9,1,62,0,2018,1,18,5,3,6,4,2,0,1,1,0,0,0,0,6.8969E+20,5.33191E+21,1.15485E+16,4.81121E+16
171769,9,7,63,0,2018,1,14,6,2,4,6,0,0,1,0,0,0,0,1,5.96462E+20,5.28744E+21,1.02865E+16,4.77331E+16
171770,9,1,79,123,2018,1,7,6,3,4,2,1,1,1,0,0,0,0,1,6.74859E+20,5.33288E+21,1.13499E+16,4.81251E+16
171771,9,1,62,0,2018,1,9,5,3,2,6,0,0,1,0,0,0,0,1,6.89008E+20,5.33196E+21,1.15394E+16,4.81128E+16
171772,9,1,62,0,2018,1,18,7,3,1,5,2,0,1,0,0,0,0,1,6.9789E+20,5.33289E+21,1.1659E+16,4.81185E+16
171773,9,7,61,0,2018,1,18,7,3,2,6,2,0,1,0,0,0,0,2,6.41471E+20,5.35855E+21,1.091E+16,4.83643E+16
171774,9,1,62,0,2018,1,13,5,3,2,6,0,0,1,0,0,0,0,0,6.92468E+20,5.33547E+21,1.15874E+16,4.81434E+16
171775,9,6,76,133,2018,1,7,6,3,5,3,2,1,1,0,0,0,0,1,5.12104E+20,5.52439E+21,9.16844E+15,4.98718E+16
171776,9,1,62,0,2018,1,15,5,3,5,3,0,0,1,0,0,0,0,0,6.88968E+20,5.33058E+21,1.15383E+16,4.81005E+16
171777,9,7,64,0,2018,1,10,5,3,5,3,0,0,1,0,0,0,0,1,5.89109E+20,5.31573E+21,1.01943E+16,4.79886E+16
171778,9,1,62,0,2018,1,10,5,3,5,3,0,0,1,0,0,0,0,1,6.94161E+20,5.33657E+21,1.16107E+16,4.81528E+16
171779,9,7,75,129,2018,1,17,5,2,6,4,2,0,0,1,1,0,0,1,5.81852E+20,5.34184E+21,1.01021E+16,4.82245E+16
171780,9,7,75,135,2018,1,21,7,3,6,7,2,0,1,1,0,0,0,2,5.74201E+20,5.36071E+21,1.00024E+16,4.83952E+16
171781,9,5,64,0,2018,1,19,7,3,4,6,2,0,1,0,0,0,0,1,6.50814E+20,5.48154E+21,1.10816E+16,4.94678E+16
171782,9,7,78,203,2018,1,5,5,2,9,1,2,0,1,0,0,0,0,2,6.2377E+20,5.32237E+21,1.06606E+16,4.80426E+16
171783,9,5,75,121,2018,1,5,6,3,9,1,2,0,1,0,0,0,0,2,6.24526E+20,5.4852E+21,1.07201E+16,4.95066E+16
171784,9,7,72,163,2018,1,19,5,3,5,3,2,1,1,0,0,0,0,1,6.40066E+20,5.34873E+21,1.08878E+16,4.82763E+16
171785,9,7,72,125,2018,1,7,5,3,5,3,1,1,1,0,0,0,0,1,6.36493E+20,5.34799E+21,1.08394E+16,4.82704E+16
171786,9,1,81,128,2018,1,8,7,3,0,1,0,1,0,0,0,0,0,2,6.39679E+20,5.32785E+21,1.08757E+16,4.80886E+16
171787,9,7,72,209,2018,1,23,7,3,9,1,2,0,1,0,0,0,0,2,6.35739E+20,5.33669E+21,1.08257E+16,4.81689E+16
171788,9,1,90,140,2018,1,18,7,2,2,6,2,1,1,0,0,0,0,1,6.44842E+20,5.29393E+21,1.09336E+16,4.77824E+16
171789,9,7,61,0,2018,1,7,5,3,5,2,0,1,1,0,0,0,0,1,6.39199E+20,5.35698E+21,1.08789E+16,4.83507E+16
171790,9,3,63,0,2018,1,11,6,3,5,3,0,0,1,0,0,0,0,1,7.29002E+20,5.50671E+21,1.21739E+16,4.96693E+16
171791,9,7,71,113,2018,1,7,5,3,6,3,1,1,0,1,0,0,0,1,6.57404E+20,5.36932E+21,1.1129E+16,4.84573E+16
171792,9,6,63,0,2018,1,13,5,3,5,3,0,0,1,0,1,0,0,1,5.68073E+20,5.51569E+21,9.94574E+15,4.97898E+16
171793,9,1,62,0,2018,1,20,6,3,4,3,2,1,1,0,0,0,0,0,6.90675E+20,5.34077E+21,1.15657E+16,4.81915E+16
171794,9,1,61,0,2018,1,7,6,3,5,2,0,1,1,0,0,0,0,1,6.79121E+20,5.40421E+21,1.14376E+16,4.87651E+16
171795,9,6,63,0,2018,1,7,5,3,6,4,1,0,1,1,0,0,0,1,5.67717E+20,5.51653E+21,9.94094E+15,4.97974E+16
171796,9,1,80,124,2018,1,17,6,3,0,1,2,1,0,0,0,0,0,2,6.66027E+20,5.2815E+21,1.12115E+16,4.76656E+16
171797,9,6,63,0,2018,1,7,5,3,2,6,2,0,1,0,0,0,0,1,5.67495E+20,5.51507E+21,9.9376E+15,4.97843E+16
171798,9,5,76,151,2018,1,19,5,2,2,6,2,0,1,0,0,0,0,1,6.54308E+20,5.47239E+21,1.11262E+16,4.93846E+16
171799,9,7,77,129,2018,1,13,6,2,5,3,0,0,1,0,0,0,1,2,6.2541E+20,5.27134E+21,1.06678E+16,4.75833E+16
171800,9,1,62,0,2018,1,5,5,3,5,3,2,0,1,0,0,0,0,1,6.9088E+20,5.33427E+21,1.15656E+16,4.8133E+16
171801,9,5,62,0,2018,1,13,5,3,0,3,0,1,1,0,0,0,0,0,6.46696E+20,5.4949E+21,1.10297E+16,4.95889E+16
171802,9,1,62,0,2018,1,8,7,2,6,4,0,0,1,1,0,0,0,1,6.84561E+20,5.33503E+21,1.1481E+16,4.81418E+16
171803,9,5,63,0,2018,1,9,7,2,5,3,0,0,1,0,0,0,0,1,6.38574E+20,5.48357E+21,1.09134E+16,4.94889E+16
171804,9,5,76,143,2018,1,7,5,3,0,3,1,1,0,0,0,0,0,1,6.52311E+20,5.45555E+21,1.10923E+16,4.92338E+16
171805,9,3,62,0,2018,1,14,4,3,5,3,0,0,1,0,0,0,1,0,7.28243E+20,5.43672E+21,1.21233E+16,4.9041E+16
171806,9,5,64,0,2018,1,18,6,3,6,2,2,0,1,1,0,0,0,1,6.53688E+20,5.47532E+21,1.11188E+16,4.94111E+16
171807,9,1,78,143,2018,1,19,1,3,2,6,2,0,1,0,0,0,0,2,7.17475E+20,5.37214E+21,1.19421E+16,4.84647E+16
171808,9,2,77,127,2018,1,13,4,2,6,4,0,0,1,1,0,0,0,0,7.89572E+20,5.35225E+21,1.29017E+16,4.82572E+16
171809,9,5,64,0,2018,1,14,5,3,6,3,0,0,1,1,0,0,0,1,6.57929E+20,5.4742E+21,1.11768E+16,4.94E+16
171810,9,2,62,0,2018,1,6,4,3,4,2,1,0,1,0,1,0,0,1,8.26908E+20,5.38939E+21,1.34322E+16,4.85722E+16