OBJECTID_1,ULAND,UREGBEZ,UKREIS,UGEMEINDE,UJAHR,UMONAT,USTUNDE,UWOCHENTAG,UKATEGORIE,UART,UTYP1,ULICHTVERH,IstRad,IstPKW,IstFuss,IstKrad,IstGkfz,IstSonstig,STRZUSTAND,LINREFX,LINREFY,XGCSWGS84,YGCSWGS84
171811,9,6,63,0,2018,1,15,6,3,4,7,0,0,1,0,0,0,0,0,5.69738E+20,5.5083E+21,9.96755E+15,4.97232E+16
171812,9,2,73,147,2018,1,10,4,2,6,5,0,0,1,1,0,0,0,0,7.05313E+20,5.39153E+21,1.17873E+16,4.8643E+16
171813,9,1,83,128,2018,1,14,4,3,5,5,0,0,1,0,0,0,0,0,7.61565E+20,5.3508E+21,1.25242E+16,4.82564E+16
171814,9,1,84,145,2018,1,17,5,3,5,3,2,0,1,0,0,0,0,1,6.978E+20,5.3245E+21,1.1654E+16,4.80431E+16
171815,9,1,87,148,2018,1,11,4,3,6,6,0,0,1,1,0,0,0,0,7.39779E+20,5.27767E+21,1.21904E+16,4.7608E+16
171816,9,1,61,0,2018,1,13,4,3,5,3,0,0,1,0,0,0,0,0,6.78674E+20,5.40571E+21,1.14322E+16,4.87788E+16
171817,9,5,64,0,2018,1,22,5,3,5,3,2,0,1,0,0,0,1,0,6.50185E+20,5.47832E+21,1.10717E+16,4.9439E+16
171818,9,7,63,0,2018,1,19,7,3,4,1,2,0,1,0,0,0,0,2,5.99296E+20,5.28555E+21,1.03239E+16,4.77157E+16
171819,9,1,62,0,2018,1,14,3,3,6,4,0,0,1,1,0,0,0,1,6.92293E+20,5.33753E+21,1.1586E+16,4.81619E+16
171820,9,4,72,190,2018,1,11,7,2,5,3,0,0,1,0,0,0,0,1,6.99317E+20,5.52856E+21,1.17742E+16,4.98762E+16
171821,9,5,64,0,2018,1,11,5,2,0,7,0,0,0,0,1,0,0,1,6.48303E+20,5.47704E+21,1.10452E+16,4.94279E+16
171822,9,1,62,0,2018,1,18,3,3,1,6,2,0,1,0,0,0,0,0,6.91517E+20,5.33438E+21,1.15742E+16,4.81339E+16
171823,9,5,75,143,2018,1,7,6,3,8,1,1,0,1,0,0,0,0,2,5.9927E+20,5.47536E+21,1.03689E+16,4.94228E+16
171824,9,1,62,0,2018,1,12,3,3,8,7,0,0,1,0,1,0,0,1,6.85788E+20,5.34018E+21,1.14998E+16,4.81876E+16
171825,9,5,64,0,2018,1,8,5,3,2,6,0,0,1,0,0,0,1,1,6.50344E+20,5.47836E+21,1.10739E+16,4.94393E+16
171826,9,1,62,0,2018,1,15,3,3,6,7,0,0,1,1,0,0,0,1,6.98673E+20,5.33332E+21,1.16697E+16,4.81221E+16
171827,9,1,84,130,2018,1,19,5,3,1,3,2,1,1,0,0,0,0,1,6.99506E+20,5.34554E+21,1.16867E+16,4.82317E+16
171828,9,1,62,0,2018,1,13,3,3,5,3,0,1,1,0,0,0,0,0,6.8344E+20,5.33756E+21,1.14671E+16,4.81648E+16
171829,9,1,62,0,2018,1,11,3,3,6,4,0,0,0,1,0,0,1,0,6.89039E+20,5.33238E+21,1.154E+16,4.81166E+16
171830,9,5,64,0,2018,1,7,5,3,2,6,0,0,1,0,0,0,0,1,6.55158E+20,5.47581E+21,1.11392E+16,4.94152E+16
171831,9,1,62,0,2018,1,22,3,3,0,1,2,1,0,0,0,0,0,0,6.91064E+20,5.33317E+21,1.15675E+16,4.8123E+16
171832,9,1,71,111,2018,1,12,7,3,5,3,0,0,1,0,0,0,0,0,7.73219E+20,5.34763E+21,1.26788E+16,4.8223E+16
171833,9,5,64,0,2018,1,12,5,3,0,3,0,1,1,0,0,0,0,1,6.53064E+20,5.47902E+21,1.11116E+16,4.94446E+16
171834,9,7,63,0,2018,1,8,3,3,3,7,0,1,1,0,0,0,0,1,5.98676E+20,5.2858E+21,1.03157E+16,4.7718E+16
171835,9,2,76,138,2018,1,13,6,3,0,3,0,0,1,0,1,0,0,1,8.01967E+20,5.43237E+21,1.31265E+16,4.89703E+16
171836,9,7,72,149,2018,1,18,3,3,5,3,1,1,1,0,0,0,0,0,6.36629E+20,5.33851E+21,1.08382E+16,4.81851E+16
171837,9,5,64,0,2018,1,17,5,3,0,4,1,0,0,1,0,0,1,1,6.50035E+20,5.48106E+21,1.10706E+16,4.94636E+16
171838,9,7,61,0,2018,1,14,3,3,5,3,0,0,1,0,0,0,0,0,6.38364E+20,5.35929E+21,1.08684E+16,4.83716E+16
171839,9,5,73,134,2018,1,7,5,3,5,3,0,0,0,0,1,0,1,1,6.41165E+20,5.47846E+21,1.09474E+16,4.94424E+16
171840,9,6,61,0,2018,1,10,3,3,4,2,0,0,1,0,0,0,0,1,5.10826E+20,5.53702E+21,9.15102E+15,4.99854E+16
171841,9,7,78,118,2018,1,14,6,2,6,7,0,0,0,1,0,0,1,0,5.90453E+20,5.31342E+21,1.02118E+16,4.79677E+16
171842,9,6,71,111,2018,1,11,3,3,2,6,0,0,1,0,0,0,0,0,5.07225E+20,5.54969E+21,9.10102E+15,5.00994E+16
171843,9,5,71,166,2018,1,6,5,3,4,6,1,0,1,0,0,0,0,1,6.08595E+20,5.45483E+21,1.04918E+16,4.92366E+16
171844,9,5,62,0,2018,1,16,3,3,0,7,0,1,1,0,0,0,0,0,6.45144E+20,5.49533E+21,1.10084E+16,4.95931E+16
171845,9,1,62,0,2018,1,15,6,3,1,7,0,1,1,0,0,0,0,0,6.92239E+20,5.33717E+21,1.15851E+16,4.81587E+16
171846,9,5,62,0,2018,1,17,3,3,4,2,2,1,1,0,0,0,0,0,6.4567E+20,5.49496E+21,1.10156E+16,4.95897E+16
171847,9,1,82,136,2018,1,10,6,2,7,1,0,0,1,0,0,0,0,1,7.01511E+20,5.29906E+21,1.16918E+16,4.78133E+16
171848,9,5,76,122,2018,1,8,3,3,6,7,0,0,1,1,0,0,0,1,6.72464E+20,5.43585E+21,1.13604E+16,4.90514E+16
171849,9,4,64,0,2018,1,9,5,3,5,3,0,0,1,0,0,0,0,2,7.08065E+20,5.57741E+21,1.19224E+16,5.0312E+16
171850,9,5,64,0,2018,1,19,3,3,5,3,2,0,1,0,0,0,0,0,6.55536E+20,5.47556E+21,1.11443E+16,4.94128E+16
171851,9,4,64,0,2018,1,8,5,3,1,1,2,0,1,0,0,1,0,2,7.09259E+20,5.57723E+21,1.19391E+16,5.031E+16
171852,9,5,64,0,2018,1,17,3,3,5,3,1,0,1,0,0,0,0,0,6.48124E+20,5.48003E+21,1.10439E+16,4.94548E+16
171853,9,7,61,0,2018,1,21,6,3,1,2,2,1,1,0,0,0,0,1,6.38803E+20,5.3623E+21,1.08753E+16,4.83986E+16
171854,9,5,64,0,2018,1,10,3,3,5,3,0,0,1,0,0,0,0,0,6.50048E+20,5.47901E+21,1.107E+16,4.94452E+16
171855,9,5,64,0,2018,1,16,3,2,6,4,2,0,1,1,0,0,0,1,6.5101E+20,5.47961E+21,1.10835E+16,4.94503E+16
171856,9,1,62,0,2018,1,20,5,2,6,2,2,0,1,1,0,0,0,1,6.93276E+20,5.33464E+21,1.15979E+16,4.81356E+16
171857,9,5,77,136,2018,1,11,3,3,5,3,0,0,1,0,1,0,0,0,6.27959E+20,5.4422E+21,1.07537E+16,4.91193E+16
171858,9,5,71,177,2018,1,14,3,3,4,6,0,0,1,0,0,0,0,1,6.22048E+20,5.4502E+21,1.06751E+16,4.91925E+16
171859,9,4,64,0,2018,1,14,3,2,5,3,0,0,1,0,0,0,0,1,7.07637E+20,5.57857E+21,1.1917E+16,5.03226E+16
171860,9,1,85,149,2018,1,18,6,3,1,6,2,0,1,0,1,0,0,0,6.61762E+20,5.40059E+21,1.12001E+16,4.87373E+16
171861,9,4,61,0,2018,1,7,3,3,4,2,1,1,1,0,0,0,0,0,6.36666E+20,5.52889E+21,1.09029E+16,4.98968E+16
171862,9,3,63,0,2018,1,15,3,3,2,6,0,0,1,0,0,0,0,0,7.28545E+20,5.50798E+21,1.21683E+16,4.96809E+16
171863,9,4,72,119,2018,1,7,5,3,9,6,0,0,1,0,0,0,0,2,6.85707E+20,5.53985E+21,1.15904E+16,4.99821E+16
171864,9,1,62,0,2018,1,12,7,2,0,5,0,1,1,0,0,0,0,1,6.95481E+20,5.33373E+21,1.16271E+16,4.81268E+16
171865,9,3,75,119,2018,1,16,3,2,8,1,0,0,0,0,0,0,1,0,7.3929E+20,5.44856E+21,1.22812E+16,4.91432E+16
171866,9,7,61,0,2018,1,14,7,3,5,3,0,1,1,0,0,0,0,0,6.41796E+20,5.36158E+21,1.09154E+16,4.83914E+16
171867,9,4,62,0,2018,1,12,5,3,5,3,0,0,1,0,0,0,0,1,6.84982E+20,5.53652E+21,1.15787E+16,4.99523E+16
171868,9,3,62,0,2018,1,16,3,3,6,4,0,0,1,1,0,0,0,0,7.2753E+20,5.4358E+21,1.2113E+16,4.90331E+16
171869,9,6,79,187,2018,1,8,6,3,6,7,0,0,1,1,0,0,0,0,5.74155E+20,5.50599E+21,1.00284E+16,4.97019E+16
171870,9,2,61,0,2018,1,15,3,3,5,3,0,0,1,0,0,0,0,0,7.351E+20,5.38229E+21,1.21858E+16,4.85496E+16
171871,9,1,90,148,2018,1,7,3,2,5,3,1,0,0,0,0,1,1,1,6.42504E+20,5.29676E+21,1.09034E+16,4.78084E+16
171872,9,1,62,0,2018,1,9,5,3,0,7,0,0,1,1,0,0,0,0,6.8952E+20,5.33358E+21,1.1547E+16,4.81273E+16
171873,9,1,71,112,2018,1,11,3,3,0,6,0,1,0,0,0,0,0,0,7.84244E+20,5.34233E+21,1.28234E+16,4.81706E+16
171874,9,1,76,126,2018,1,11,3,3,5,3,0,0,1,0,0,0,0,0,6.73784E+20,5.40821E+21,1.13667E+16,4.88026E+16
171875,9,3,63,0,2018,1,18,5,3,3,6,2,0,1,0,0,0,0,1,7.28988E+20,5.5067E+21,1.21737E+16,4.96693E+16
171876,9,7,77,151,2018,1,19,7,3,4,6,2,0,1,0,0,0,0,2,6.21215E+20,5.29349E+21,1.06182E+16,4.77833E+16
171877,9,1,86,143,2018,1,19,3,3,2,6,2,0,1,0,1,0,0,0,6.85386E+20,5.37858E+21,1.15113E+16,4.85329E+16
171878,9,1,90,141,2018,1,11,7,3,1,6,0,0,1,0,0,0,0,1,6.77779E+20,5.29209E+21,1.13722E+16,4.77577E+16
171879,9,3,74,150,2018,1,7,5,3,4,6,1,0,1,0,0,0,0,2,7.32761E+20,5.51645E+21,1.22317E+16,4.97554E+16
171880,9,3,72,116,2018,1,17,5,3,0,3,1,0,1,0,1,0,0,0,7.6747E+20,5.45616E+21,1.26719E+16,4.91998E+16
171881,9,7,75,152,2018,1,18,7,3,6,4,2,0,1,1,0,0,0,1,5.77868E+20,5.35269E+21,1.00504E+16,4.83226E+16
171882,9,1,62,0,2018,1,18,2,2,6,4,2,0,1,1,0,0,0,1,6.91247E+20,5.33594E+21,1.15712E+16,4.81479E+16
171883,9,5,64,0,2018,1,18,7,3,2,6,2,0,1,1,0,0,0,1,6.49858E+20,5.47838E+21,1.10672E+16,4.94396E+16
171884,9,3,76,160,2018,1,11,5,3,8,7,0,0,1,0,0,0,0,2,7.53433E+20,5.4874E+21,1.24995E+16,4.94863E+16
171885,9,1,62,0,2018,1,19,2,1,6,2,2,0,0,1,0,0,1,1,6.96947E+20,5.3307E+21,1.16454E+16,4.80991E+16
171886,9,5,64,0,2018,1,8,6,3,5,3,0,1,1,0,0,0,0,1,6.50793E+20,5.47919E+21,1.10804E+16,4.94467E+16
171887,9,1,84,146,2018,1,16,2,3,6,7,2,0,1,1,0,0,0,1,6.97652E+20,5.32809E+21,1.16536E+16,4.80754E+16
171888,9,3,76,147,2018,1,17,5,3,4,6,2,0,1,0,0,0,0,1,7.44327E+20,5.47549E+21,1.23666E+16,4.9383E+16
171889,9,1,62,0,2018,1,13,2,3,6,7,0,1,0,1,0,0,0,1,6.88114E+20,5.33674E+21,1.15295E+16,4.81561E+16
171890,9,1,62,0,2018,1,18,2,3,6,2,2,0,1,1,0,0,0,1,6.88502E+20,5.33002E+21,1.15318E+16,4.80955E+16
171891,9,2,71,125,2018,1,21,5,3,6,7,2,1,0,1,0,0,0,1,7.97602E+20,5.41032E+21,1.3051E+16,4.87746E+16
171892,9,1,84,136,2018,1,17,2,3,6,7,2,0,1,1,0,0,0,1,6.98628E+20,5.32636E+21,1.16659E+16,4.80595E+16
171893,9,1,87,165,2018,1,8,7,3,4,1,0,0,1,0,0,0,0,2,7.33343E+20,5.29923E+21,1.21165E+16,4.78041E+16
171894,9,1,62,0,2018,1,19,2,3,6,4,2,0,1,1,0,0,0,1,6.90457E+20,5.33531E+21,1.15603E+16,4.81425E+16
171895,9,1,90,141,2018,1,7,6,3,4,6,2,1,0,0,0,0,0,2,6.7827E+20,5.29298E+21,1.13791E+16,4.77655E+16
171896,9,7,75,135,2018,1,8,2,2,6,4,0,0,1,1,0,0,0,1,5.7675E+20,5.36069E+21,1.00368E+16,4.83947E+16
171897,9,7,74,135,2018,1,5,2,3,8,1,2,0,1,0,0,0,0,2,5.95996E+20,5.36934E+21,1.02987E+16,4.84699E+16
171898,9,3,63,0,2018,1,6,6,3,6,4,2,0,1,1,0,0,0,0,7.27294E+20,5.50852E+21,1.21513E+16,4.96863E+16
171899,9,7,63,0,2018,1,19,2,2,6,4,2,0,1,1,0,0,0,1,5.98734E+20,5.28698E+21,1.03167E+16,4.77286E+16
171900,9,2,71,119,2018,1,19,5,3,6,7,2,0,1,1,0,0,0,1,7.90665E+20,5.41684E+21,1.29614E+16,4.88364E+16
171901,9,7,62,0,2018,1,16,2,3,5,3,0,0,1,0,0,0,0,1,6.2168E+20,5.30418E+21,1.06274E+16,4.78794E+16
171902,9,2,74,126,2018,1,12,5,3,4,2,0,1,1,0,0,0,0,0,7.32757E+20,5.38429E+21,1.21553E+16,4.85684E+16
171903,9,7,79,194,2018,1,15,2,3,5,3,0,0,1,0,0,1,0,1,6.11022E+20,5.41356E+21,1.05138E+16,4.88651E+16
171904,9,1,62,0,2018,1,18,6,3,5,7,2,0,1,0,0,0,1,1,6.90653E+20,5.34076E+21,1.15654E+16,4.81914E+16
171905,9,7,73,125,2018,1,10,2,3,5,3,0,0,1,0,0,0,0,1,6.12102E+20,5.38273E+21,1.05202E+16,4.85876E+16
171906,9,1,61,0,2018,1,11,6,3,2,6,0,0,1,0,0,0,0,0,6.79983E+20,5.4056E+21,1.14499E+16,4.87773E+16
171907,9,7,61,0,2018,1,12,2,3,5,3,0,0,1,0,0,0,0,2,6.42407E+20,5.35991E+21,1.09231E+16,4.83763E+16
171908,9,1,61,0,2018,1,11,5,2,5,3,0,1,1,0,0,0,0,0,6.78167E+20,5.40211E+21,1.14237E+16,4.87465E+16
171909,9,7,72,147,2018,1,18,2,3,5,3,2,0,1,0,0,0,0,1,6.37884E+20,5.36515E+21,1.08638E+16,4.84244E+16
171910,9,1,79,145,2018,1,21,5,3,5,3,2,1,1,0,0,0,0,1,6.75462E+20,5.33845E+21,1.13602E+16,4.81751E+16
171911,9,1,75,132,2018,1,19,5,3,0,7,2,1,0,0,0,0,0,1,7.06082E+20,5.33177E+21,1.17684E+16,4.81059E+16
171912,9,7,72,184,2018,1,16,2,3,1,6,1,0,1,0,0,1,0,1,6.35513E+20,5.3612E+21,1.08305E+16,4.83894E+16
171913,9,1,62,0,2018,1,19,4,3,5,5,2,1,1,0,0,0,0,1,6.91283E+20,5.33501E+21,1.15713E+16,4.81396E+16
171914,9,7,72,125,2018,1,8,2,3,5,3,0,0,1,0,0,0,0,1,6.36786E+20,5.34887E+21,1.08437E+16,4.82783E+16
171915,9,7,80,139,2018,1,7,6,3,3,3,2,0,1,0,0,0,0,1,5.95432E+20,5.26376E+21,1.02676E+16,4.75203E+16
171916,9,7,61,0,2018,1,7,2,3,4,2,1,0,1,0,0,0,1,1,6.38508E+20,5.36233E+21,1.08713E+16,4.83989E+16
171917,9,7,61,0,2018,1,13,2,3,0,7,0,0,1,1,0,0,0,1,6.41773E+20,5.36113E+21,1.0915E+16,4.83874E+16
171918,9,1,62,0,2018,1,17,5,3,5,2,2,0,1,0,0,0,1,1,6.89078E+20,5.33494E+21,1.15417E+16,4.81396E+16
171919,9,6,62,0,2018,1,14,2,3,2,6,0,0,1,0,0,0,1,1,5.86551E+20,5.54371E+21,1.02087E+16,5.00394E+16
171920,9,6,74,147,2018,1,18,2,3,0,1,2,0,0,0,0,0,1,1,6.09019E+20,5.54299E+21,1.05221E+16,5.00292E+16
171921,9,1,62,0,2018,1,8,4,3,5,3,0,1,1,0,0,0,0,1,6.91702E+20,5.33693E+21,1.15778E+16,4.81567E+16
171922,9,1,62,0,2018,1,23,7,3,1,2,2,0,1,0,0,0,0,0,6.88993E+20,5.33557E+21,1.15408E+16,4.81453E+16
171923,9,5,63,0,2018,1,5,2,3,8,7,2,0,1,0,0,0,0,2,6.46335E+20,5.4848E+21,1.1021E+16,4.94982E+16
171924,9,6,61,0,2018,1,9,7,3,0,7,0,1,0,0,0,0,0,0,5.09128E+20,5.53196E+21,9.12721E+15,4.994E+16
171925,9,1,62,0,2018,1,9,4,3,5,3,0,0,1,0,0,0,0,0,6.90869E+20,5.3372E+21,1.15667E+16,4.81593E+16
171926,9,5,64,0,2018,1,9,2,3,9,1,0,0,0,0,0,0,1,2,6.48415E+20,5.4756E+21,1.10462E+16,4.9415E+16
171927,9,5,65,0,2018,1,18,6,3,3,6,2,1,1,0,0,0,0,0,6.47628E+20,5.46608E+21,1.10319E+16,4.93296E+16
171928,9,5,64,0,2018,1,13,2,3,6,4,0,0,0,1,0,0,1,1,6.49448E+20,5.48088E+21,1.10625E+16,4.94622E+16
171929,9,1,62,0,2018,1,9,5,3,2,4,0,0,1,1,0,0,0,1,6.87417E+20,5.33099E+21,1.15176E+16,4.81046E+16
171930,9,5,64,0,2018,1,9,2,3,5,3,0,1,0,0,0,0,1,2,6.52771E+20,5.48563E+21,1.11101E+16,4.9504E+16
171931,9,7,72,125,2018,1,13,6,3,6,4,0,0,1,1,0,0,0,0,6.35946E+20,5.34768E+21,1.0832E+16,4.82678E+16
171932,9,5,64,0,2018,1,12,2,3,2,6,0,0,1,0,0,0,0,1,6.53357E+20,5.48018E+21,1.11161E+16,4.94549E+16
171933,9,5,64,0,2018,1,17,2,3,5,2,2,1,1,0,0,0,0,1,6.49672E+20,5.48074E+21,1.10655E+16,4.94609E+16
171934,9,1,62,0,2018,1,15,5,3,0,5,0,1,1,0,0,0,0,0,6.90907E+20,5.33466E+21,1.15661E+16,4.81366E+16
171935,9,5,64,0,2018,1,21,2,3,2,6,2,0,1,0,0,0,0,0,6.49294E+20,5.47946E+21,1.10598E+16,4.94494E+16
171936,9,5,64,0,2018,1,13,2,3,4,6,0,0,1,0,0,0,0,1,6.49464E+20,5.47766E+21,1.10615E+16,4.94332E+16
171937,9,1,62,0,2018,1,14,4,3,5,4,0,1,0,1,0,0,0,0,6.93048E+20,5.33558E+21,1.15953E+16,4.81441E+16
171938,9,7,75,135,2018,1,11,7,3,0,3,0,1,1,0,0,0,0,1,5.74237E+20,5.3605E+21,1.00029E+16,4.83933E+16
171939,9,5,64,0,2018,1,9,2,3,0,1,0,1,0,0,0,0,0,2,6.46164E+20,5.47729E+21,1.10158E+16,4.94307E+16
171940,9,5,71,223,2018,1,18,7,2,9,1,2,0,1,0,0,0,0,2,6.0921E+20,5.44763E+21,1.04983E+16,4.91717E+16
171941,9,7,78,136,2018,1,8,4,3,9,1,0,0,1,0,0,0,0,2,6.00546E+20,5.32188E+21,1.0349E+16,4.80423E+16
171942,9,5,61,0,2018,1,17,2,2,6,2,2,0,1,1,0,0,0,1,6.13901E+20,5.46148E+21,1.05666E+16,4.92955E+16
171943,9,5,71,145,2018,1,20,6,3,4,1,2,0,1,0,0,0,0,2,5.9934E+20,5.44562E+21,1.03624E+16,4.91553E+16
171944,9,4,75,162,2018,1,16,2,3,8,1,0,0,1,0,0,0,0,2,7.11586E+20,5.57232E+21,1.19689E+16,5.02651E+16
171945,9,7,80,139,2018,1,15,4,3,1,2,0,1,1,0,0,0,0,2,5.96183E+20,5.26257E+21,1.02773E+16,4.75095E+16
171946,9,4,61,0,2018,1,17,2,3,8,1,2,0,1,0,0,0,0,1,6.40077E+20,5.52548E+21,1.09492E+16,4.98653E+16
171947,9,4,61,0,2018,1,6,2,2,0,1,2,1,0,0,0,0,0,2,6.35012E+20,5.52925E+21,1.08801E+16,4.99004E+16
171948,9,7,76,128,2018,1,7,4,3,7,7,1,0,0,0,1,0,0,0,5.49285E+20,5.26801E+21,9.6552E+15,4.75636E+16
171949,9,2,63,0,2018,1,11,2,3,5,3,0,0,1,0,0,0,0,1,7.61672E+20,5.41971E+21,1.2569E+16,4.88751E+16
171950,9,2,71,141,2018,1,4,2,3,1,7,2,0,1,0,0,0,1,1,7.95815E+20,5.40087E+21,1.302E+16,4.86907E+16
171951,9,7,77,152,2018,1,6,4,3,5,3,2,1,1,0,0,0,0,2,6.24655E+20,5.30611E+21,1.06678E+16,4.78962E+16
171952,9,2,71,119,2018,1,15,2,2,6,4,0,0,0,1,0,0,1,1,7.90452E+20,5.41654E+21,1.29583E+16,4.88338E+16
171953,9,1,73,126,2018,1,15,7,3,5,3,0,0,1,0,0,0,0,1,6.85554E+20,5.30311E+21,1.14806E+16,4.78545E+16
171954,9,7,72,184,2018,1,16,4,3,8,1,1,0,1,0,0,0,0,2,6.3434E+20,5.35887E+21,1.08139E+16,4.83687E+16
171955,9,2,72,149,2018,1,14,2,3,5,3,0,0,1,0,0,0,0,1,8.18747E+20,5.42678E+21,1.33508E+16,4.89118E+16
171956,9,3,73,112,2018,1,6,6,3,8,6,2,0,1,0,0,0,0,1,6.78455E+20,5.44438E+21,1.14461E+16,4.91264E+16
171957,9,2,61,0,2018,1,7,2,3,6,4,1,0,1,1,0,0,0,0,7.33632E+20,5.38017E+21,1.21648E+16,4.85311E+16
171958,9,7,71,130,2018,1,7,4,3,4,6,0,0,1,0,0,0,0,2,6.46098E+20,5.36253E+21,1.09739E+16,4.8399E+16
171959,9,2,79,132,2018,1,7,2,2,9,1,0,0,1,0,0,0,0,2,7.71945E+20,5.40208E+21,1.26971E+16,4.87123E+16
171960,9,7,72,125,2018,1,16,4,2,4,2,0,0,1,0,0,0,0,2,6.35274E+20,5.34784E+21,1.0823E+16,4.82693E+16
171961,9,2,73,137,2018,1,20,2,3,0,7,2,1,0,0,0,0,0,1,7.10964E+20,5.42128E+21,1.18792E+16,4.89085E+16
171962,9,1,62,0,2018,1,7,6,3,6,4,0,1,0,1,0,0,0,1,6.93635E+20,5.33334E+21,1.16021E+16,4.81239E+16
171963,9,1,90,157,2018,1,16,2,2,5,2,1,1,1,0,0,0,0,1,6.59898E+20,5.30082E+21,1.1137E+16,4.78408E+16
171964,9,1,86,143,2018,1,8,6,2,6,4,0,0,1,1,0,0,0,1,6.85165E+20,5.37873E+21,1.15084E+16,4.85343E+16
171965,9,1,83,128,2018,1,19,2,3,5,3,2,0,1,0,0,0,0,2,7.62406E+20,5.3485E+21,1.25341E+16,4.82353E+16
171966,9,1,87,163,2018,1,7,2,3,8,7,1,0,1,0,0,0,0,2,7.37374E+20,5.30991E+21,1.21761E+16,4.78986E+16
171967,9,1,79,145,2018,1,17,7,3,0,7,2,1,0,0,0,0,0,1,6.75071E+20,5.33823E+21,1.13549E+16,4.81732E+16
171968,9,1,87,117,2018,1,12,2,3,5,2,0,1,1,0,0,0,0,1,7.2528E+20,5.30538E+21,1.20121E+16,4.78622E+16
171969,9,1,87,167,2018,1,20,6,3,9,1,2,0,1,0,0,0,0,2,7.44008E+20,5.30279E+21,1.22607E+16,4.78321E+16
171970,9,1,85,149,2018,1,17,2,2,1,6,2,0,1,0,0,0,0,1,6.60299E+20,5.39931E+21,1.11797E+16,4.87262E+16
171971,9,7,61,0,2018,1,7,4,2,5,3,2,1,1,0,0,0,0,1,6.39108E+20,5.35913E+21,1.08783E+16,4.837E+16
171972,9,1,61,0,2018,1,8,2,3,2,6,0,0,1,0,0,0,0,1,6.80402E+20,5.40552E+21,1.14556E+16,4.87766E+16
171973,9,7,71,130,2018,1,23,4,3,4,1,2,0,1,0,0,0,0,2,6.48382E+20,5.36162E+21,1.10044E+16,4.83903E+16
171974,9,1,76,150,2018,1,12,2,3,4,1,0,0,1,0,0,0,0,2,6.91401E+20,5.41043E+21,1.16074E+16,4.88173E+16
171975,9,7,72,147,2018,1,20,6,3,5,3,2,0,1,0,0,0,0,1,6.3606E+20,5.36415E+21,1.08388E+16,4.84158E+16
171976,9,1,79,145,2018,1,17,2,3,6,4,2,0,1,1,0,0,0,1,6.75871E+20,5.33871E+21,1.13659E+16,4.81773E+16
171977,9,1,88,127,2018,1,8,2,2,4,6,0,0,1,0,0,0,0,2,6.74235E+20,5.32853E+21,1.13397E+16,4.80862E+16
171978,9,1,62,0,2018,1,14,5,3,2,6,0,0,1,0,0,0,0,1,6.92208E+20,5.33909E+21,1.15856E+16,4.8176E+16
171979,9,1,78,145,2018,1,16,2,3,2,1,1,0,1,0,0,0,0,2,6.97353E+20,5.35443E+21,1.16619E+16,4.83123E+16
171980,9,1,62,0,2018,1,21,1,3,5,3,2,0,1,0,0,0,0,0,6.90879E+20,5.33427E+21,1.15655E+16,4.8133E+16
171981,9,7,61,0,2018,1,8,4,3,5,3,0,1,1,0,0,0,0,1,6.38939E+20,5.35633E+21,1.08751E+16,4.83449E+16
171982,9,1,62,0,2018,1,18,7,3,6,4,2,0,1,1,0,0,0,2,6.86205E+20,5.33389E+21,1.15026E+16,4.8131E+16
171983,9,1,62,0,2018,1,13,1,3,0,7,0,1,0,0,0,0,0,1,6.90804E+20,5.33594E+21,1.15653E+16,4.81481E+16
171984,9,5,64,0,2018,1,14,7,3,6,7,0,0,1,1,0,0,0,1,6.51176E+20,5.47849E+21,1.10854E+16,4.94403E+16
171985,9,1,62,0,2018,1,7,1,2,4,3,0,0,1,0,0,0,1,1,6.86251E+20,5.33329E+21,1.1503E+16,4.81256E+16
171986,9,7,61,0,2018,1,13,4,2,0,7,0,0,0,0,0,0,1,1,6.39186E+20,5.35616E+21,1.08784E+16,4.83433E+16
171987,9,1,75,122,2018,1,17,1,3,2,6,2,0,1,0,0,0,0,1,7.21328E+20,5.32587E+21,1.19699E+16,4.80477E+16
171988,9,1,62,0,2018,1,12,1,2,8,7,0,0,1,0,0,0,0,1,6.85985E+20,5.32988E+21,1.14979E+16,4.8095E+16
171989,9,7,72,151,2018,1,0,7,3,8,1,2,0,1,0,0,0,0,2,6.28566E+20,5.34357E+21,1.07313E+16,4.82323E+16
171990,9,7,61,0,2018,1,14,4,3,3,5,0,0,1,0,0,0,1,1,6.39715E+20,5.36004E+21,1.08868E+16,4.8378E+16
171991,9,7,78,116,2018,1,10,1,3,9,1,0,0,1,0,0,0,0,1,6.20559E+20,5.31839E+21,1.06164E+16,4.80074E+16
171992,9,6,79,124,2018,1,9,6,3,6,4,0,0,1,1,0,1,0,1,5.71981E+20,5.50874E+21,9.99875E+15,4.97269E+16
171993,9,7,73,140,2018,1,18,1,3,4,1,2,0,1,0,0,0,0,2,6.15211E+20,5.37495E+21,1.05601E+16,4.85171E+16
171994,9,7,61,0,2018,1,18,1,2,0,3,2,0,1,0,0,0,1,1,6.41418E+20,5.36213E+21,1.09105E+16,4.83965E+16
171995,9,1,62,0,2018,1,21,5,3,1,6,2,0,1,0,0,0,0,0,6.86659E+20,5.33822E+21,1.15106E+16,4.81698E+16
171996,9,7,61,0,2018,1,14,1,3,0,1,0,1,0,0,0,0,0,0,6.42417E+20,5.35732E+21,1.09224E+16,4.8353E+16