OBJECTID_1,ULAND,UREGBEZ,UKREIS,UGEMEINDE,UJAHR,UMONAT,USTUNDE,UWOCHENTAG,UKATEGORIE,UART,UTYP1,ULICHTVERH,IstRad,IstPKW,IstFuss,IstKrad,IstGkfz,IstSonstig,STRZUSTAND,LINREFX,LINREFY,XGCSWGS84,YGCSWGS84
171997,9,7,61,0,2018,1,5,1,3,5,3,2,0,1,0,0,1,0,1,6.4101E+20,5.35871E+21,1.09039E+16,4.83658E+16
171998,9,7,61,0,2018,1,16,4,3,0,1,1,1,0,0,0,0,0,1,6.39847E+20,5.35863E+21,1.08881E+16,4.83654E+16
171999,9,7,80,139,2018,1,11,7,3,2,6,0,0,1,0,0,0,0,1,5.96465E+20,5.26417E+21,1.02814E+16,4.75238E+16
172000,9,5,72,135,2018,1,22,1,3,4,6,2,0,1,0,0,0,0,2,6.33489E+20,5.50793E+21,1.08515E+16,4.97091E+16
172001,9,2,77,140,2018,1,19,7,3,8,1,2,0,1,0,0,0,0,2,7.91169E+20,5.35644E+21,1.2926E+16,4.82941E+16
172002,9,5,65,0,2018,1,10,4,3,8,1,0,0,1,0,0,0,0,2,6.44014E+20,5.46564E+21,1.0982E+16,4.93265E+16
172003,9,5,75,168,2018,1,14,1,2,5,3,0,1,1,0,0,0,0,0,5.89034E+20,5.48861E+21,1.02307E+16,4.95435E+16
172004,9,4,63,0,2018,1,16,6,3,5,3,0,0,1,0,1,0,0,1,6.39661E+20,5.57001E+21,1.09596E+16,5.02657E+16
172005,9,5,62,0,2018,1,12,4,3,4,2,0,0,1,0,0,0,0,1,6.46631E+20,5.49563E+21,1.10291E+16,4.95955E+16
172006,9,4,61,0,2018,1,6,1,3,1,7,2,0,1,0,0,0,0,1,6.36352E+20,5.52853E+21,1.08984E+16,4.98936E+16
172007,9,5,64,0,2018,1,8,6,3,0,1,0,1,0,0,0,0,0,1,6.45606E+20,5.48809E+21,1.10121E+16,4.95279E+16
172008,9,4,61,0,2018,1,15,1,3,6,7,0,1,0,1,0,0,0,0,6.35299E+20,5.52808E+21,1.08836E+16,4.98898E+16
172009,9,2,77,116,2018,1,16,1,3,6,4,0,0,1,1,0,0,0,0,7.78563E+20,5.36805E+21,1.27641E+16,4.8404E+16
172010,9,1,71,132,2018,1,20,1,2,5,3,2,0,1,0,0,0,1,2,7.65275E+20,5.35087E+21,1.25741E+16,4.82554E+16
172011,9,5,74,138,2018,1,11,4,3,6,7,0,0,1,1,0,0,0,1,6.65231E+20,5.48697E+21,1.12827E+16,4.95129E+16
172012,9,1,63,0,2018,1,12,7,3,3,6,0,0,1,0,0,0,1,0,7.33338E+20,5.30447E+21,1.21192E+16,4.78512E+16
172013,9,1,71,117,2018,1,18,1,3,5,3,2,0,1,0,0,0,0,2,7.66878E+20,5.33761E+21,1.25873E+16,4.81357E+16
172014,9,2,62,0,2018,1,6,6,3,0,7,2,1,0,0,0,0,0,1,8.31797E+20,5.39117E+21,1.34997E+16,4.85856E+16
172015,9,1,63,0,2018,1,20,1,3,6,2,2,0,1,1,0,0,0,1,7.32874E+20,5.30491E+21,1.21133E+16,4.78553E+16
172016,9,5,74,132,2018,1,15,4,2,6,4,0,0,1,1,0,0,0,1,6.75749E+20,5.48683E+21,1.14278E+16,4.95086E+16
172017,9,6,78,193,2018,1,14,7,2,6,4,0,0,1,1,0,0,0,0,5.76506E+20,5.53934E+21,1.00676E+16,5.00015E+16
172018,9,6,71,134,2018,1,12,7,3,3,6,0,1,1,0,0,0,0,0,5.01261E+20,5.54596E+21,9.01762E+15,5.00659E+16
172019,9,5,64,0,2018,1,17,7,3,5,3,2,0,1,0,0,0,1,0,6.55538E+20,5.47555E+21,1.11444E+16,4.94128E+16
172020,9,5,64,0,2018,1,14,7,3,6,4,0,0,1,1,0,0,0,1,6.51355E+20,5.4793E+21,1.10882E+16,4.94475E+16
172021,9,5,64,0,2018,1,17,7,3,5,2,1,1,1,0,0,0,0,1,6.51533E+20,5.48044E+21,1.10911E+16,4.94577E+16
172022,9,5,64,0,2018,1,21,7,3,6,2,2,0,1,1,0,0,0,1,6.50665E+20,5.47844E+21,1.10783E+16,4.944E+16
172023,9,5,73,122,2018,1,20,7,3,0,3,2,1,1,0,0,0,0,0,6.43146E+20,5.47691E+21,1.09741E+16,4.9428E+16
172024,9,5,77,162,2018,1,15,7,3,5,3,0,0,1,0,0,0,0,0,6.29301E+20,5.42156E+21,1.07655E+16,4.89334E+16
172025,9,5,75,161,2018,1,23,7,3,6,7,2,0,1,1,0,0,0,1,6.0728E+20,5.49945E+21,1.04858E+16,4.96381E+16
172026,9,4,61,0,2018,1,18,7,3,1,1,2,0,1,0,0,0,0,0,6.34971E+20,5.52812E+21,1.08791E+16,4.98903E+16
172027,9,3,61,0,2018,1,13,7,2,6,7,0,0,1,1,0,0,0,0,7.07221E+20,5.48094E+21,1.18589E+16,4.94457E+16
172028,9,2,63,0,2018,1,17,7,3,6,4,2,0,1,1,0,0,0,0,7.61362E+20,5.41866E+21,1.25641E+16,4.88658E+16
172029,9,2,62,0,2018,1,18,7,3,4,1,2,0,1,0,0,0,0,1,8.27824E+20,5.38955E+21,1.34447E+16,4.85732E+16
172030,9,2,74,128,2018,1,20,7,3,1,5,2,1,1,0,0,0,0,0,7.3966E+20,5.38816E+21,1.22509E+16,4.86006E+16
172031,9,1,90,148,2018,1,16,7,3,5,3,0,0,1,0,0,0,0,0,6.41027E+20,5.29752E+21,1.08839E+16,4.78155E+16
172032,9,1,89,155,2018,1,18,7,2,8,1,2,0,1,0,0,0,0,1,7.69122E+20,5.3067E+21,1.25981E+16,4.78572E+16
172033,9,1,89,155,2018,1,15,7,3,2,2,0,0,1,0,0,0,0,1,7.71703E+20,5.30822E+21,1.26335E+16,4.78698E+16
172034,9,1,71,111,2018,1,11,7,3,5,3,0,0,1,0,0,0,0,0,7.72059E+20,5.34624E+21,1.26624E+16,4.8211E+16
172035,9,1,86,143,2018,1,11,7,3,5,3,0,0,1,0,0,0,0,0,6.85246E+20,5.37837E+21,1.15093E+16,4.85311E+16
172036,9,1,79,121,2018,1,9,7,3,0,7,0,1,0,0,0,0,0,1,6.68403E+20,5.33883E+21,1.12655E+16,4.81803E+16
172037,9,1,62,0,2018,1,18,6,3,1,6,1,0,1,0,0,0,0,0,6.88041E+20,5.33901E+21,1.15295E+16,4.81765E+16
172038,9,1,62,0,2018,1,13,6,3,5,2,0,0,1,0,0,0,0,0,6.86405E+20,5.33753E+21,1.15069E+16,4.81636E+16
172039,9,1,62,0,2018,1,21,6,3,5,3,2,1,1,0,0,0,0,0,6.88973E+20,5.33757E+21,1.15414E+16,4.81633E+16
172040,9,1,62,0,2018,1,17,6,3,5,3,2,0,1,0,1,0,0,0,6.86269E+20,5.3395E+21,1.15059E+16,4.81814E+16
172041,9,1,62,0,2018,1,7,6,3,3,2,0,1,1,0,0,0,0,0,6.93178E+20,5.3362E+21,1.15973E+16,4.81497E+16
172042,9,1,62,0,2018,1,13,6,3,5,3,0,0,1,0,0,0,0,0,6.80324E+20,5.33539E+21,1.14243E+16,4.81462E+16
172043,9,1,84,118,2018,1,10,6,3,5,3,0,0,1,0,0,0,0,0,7.03761E+20,5.33654E+21,1.17396E+16,4.81495E+16
172044,9,1,62,0,2018,1,11,6,3,2,6,0,0,1,0,0,0,0,0,6.88347E+20,5.33393E+21,1.15314E+16,4.81307E+16
172045,9,1,62,0,2018,1,9,6,2,0,7,0,1,0,0,0,0,0,0,6.91922E+20,5.33608E+21,1.15804E+16,4.8149E+16
172046,9,7,63,0,2018,1,12,6,3,5,3,0,0,1,0,0,0,0,0,5.98462E+20,5.2861E+21,1.03129E+16,4.77208E+16
172047,9,7,80,139,2018,1,15,6,3,5,2,0,0,1,0,1,0,0,0,5.96475E+20,5.26416E+21,1.02816E+16,4.75237E+16
172048,9,7,77,129,2018,1,12,6,3,5,3,0,1,0,0,0,0,1,0,6.27655E+20,5.26983E+21,1.06972E+16,4.75693E+16
172049,9,7,73,183,2018,1,19,6,3,5,3,2,0,1,0,0,0,0,0,6.04441E+20,5.38597E+21,1.04171E+16,4.86181E+16
172050,9,7,71,130,2018,1,3,6,3,0,7,2,0,1,0,0,0,0,0,6.47416E+20,5.36031E+21,1.09909E+16,4.83787E+16
172051,9,7,61,0,2018,1,15,6,3,5,3,0,0,1,0,0,0,0,0,6.4034E+20,5.36316E+21,1.08963E+16,4.8406E+16
172052,9,7,61,0,2018,1,12,6,2,6,4,0,0,1,1,0,0,0,0,6.40145E+20,5.35912E+21,1.08923E+16,4.83697E+16
172053,9,7,61,0,2018,1,9,6,3,5,3,0,1,1,0,0,0,0,0,6.40819E+20,5.35979E+21,1.09016E+16,4.83755E+16
172054,9,6,63,0,2018,1,18,6,3,0,5,2,0,1,0,0,0,0,1,5.66684E+20,5.51665E+21,9.92662E+15,4.97986E+16
172055,9,5,65,0,2018,1,16,6,3,6,4,0,0,1,1,0,0,0,0,6.46678E+20,5.46591E+21,1.10187E+16,4.93283E+16
172056,9,5,64,0,2018,1,20,6,3,3,7,2,0,1,0,1,0,0,0,6.51973E+20,5.48145E+21,1.10975E+16,4.94667E+16
172057,9,1,81,130,2018,1,14,4,3,1,6,0,0,1,0,0,0,0,0,6.38905E+20,5.3226E+21,1.08636E+16,4.80416E+16
172058,9,5,64,0,2018,1,7,6,3,5,2,1,1,1,0,0,0,0,0,6.55157E+20,5.47582E+21,1.11392E+16,4.94153E+16
172059,9,1,88,120,2018,1,14,4,2,0,7,0,1,0,0,0,0,0,0,6.76789E+20,5.32648E+21,1.13731E+16,4.80671E+16
172060,9,1,78,120,2018,1,14,4,3,5,2,0,0,1,0,0,0,0,0,6.9578E+20,5.35394E+21,1.16404E+16,4.83083E+16
172061,9,1,78,124,2018,1,18,4,3,0,1,2,1,0,0,0,0,0,1,7.03828E+20,5.36391E+21,1.17537E+16,4.83954E+16
172062,9,1,62,0,2018,1,18,3,3,1,5,2,1,1,0,0,0,0,1,6.93746E+20,5.33646E+21,1.1605E+16,4.81518E+16
172063,9,5,64,0,2018,1,12,6,3,0,7,0,0,0,0,0,0,1,0,6.46394E+20,5.47616E+21,1.10186E+16,4.94204E+16
172064,9,1,84,149,2018,1,16,3,3,5,3,0,1,1,0,0,0,0,0,6.90839E+20,5.35064E+21,1.15724E+16,4.82802E+16
172065,9,1,62,0,2018,1,16,3,3,1,6,0,0,1,0,0,0,0,0,6.90189E+20,5.33619E+21,1.15571E+16,4.81505E+16
172066,9,5,71,199,2018,1,21,6,3,2,6,2,0,1,0,0,0,1,0,5.90787E+20,5.44733E+21,1.02456E+16,4.91721E+16
172067,9,1,62,0,2018,1,18,3,2,5,3,2,1,1,0,0,0,0,0,6.92919E+20,5.33534E+21,1.15934E+16,4.81421E+16
172068,9,4,72,175,2018,1,11,6,2,4,2,0,0,1,0,1,0,0,0,6.83201E+20,5.5146E+21,1.15436E+16,4.97559E+16
172069,9,1,62,0,2018,1,16,3,3,6,4,1,0,1,1,0,0,0,0,6.90525E+20,5.33471E+21,1.1561E+16,4.81371E+16
172070,9,4,62,0,2018,1,8,6,3,5,3,0,1,1,0,0,0,0,0,6.86403E+20,5.53551E+21,1.1598E+16,4.99428E+16
172071,9,4,61,0,2018,1,12,6,3,5,3,0,1,1,0,0,0,0,1,6.34703E+20,5.5306E+21,1.08762E+16,4.99126E+16
172072,9,1,62,0,2018,1,20,3,3,0,5,2,1,1,0,0,0,0,0,6.90314E+20,5.33538E+21,1.15585E+16,4.81432E+16
172073,9,4,71,145,2018,1,15,6,3,5,3,0,0,1,0,0,0,0,0,6.43577E+20,5.52101E+21,1.09962E+16,4.98243E+16
172074,9,4,61,0,2018,1,12,6,3,1,7,0,1,1,0,0,0,0,0,6.35183E+20,5.529E+21,1.08824E+16,4.98981E+16
172075,9,1,62,0,2018,1,15,3,3,3,5,0,1,1,0,0,0,0,0,6.90542E+20,5.33921E+21,1.15632E+16,4.81775E+16
172076,9,1,62,0,2018,1,8,3,3,6,7,0,1,0,1,0,0,0,0,6.94542E+20,5.33723E+21,1.16161E+16,4.81585E+16
172077,9,3,63,0,2018,1,17,6,3,5,3,2,0,1,0,1,0,0,0,7.28751E+20,5.50915E+21,1.21719E+16,4.96914E+16
172078,9,1,62,0,2018,1,11,3,3,1,5,0,1,1,0,0,0,0,0,6.90856E+20,5.33541E+21,1.15658E+16,4.81433E+16
172079,9,7,63,0,2018,1,12,3,3,4,2,0,0,1,0,0,0,0,0,5.99015E+20,5.28562E+21,1.03202E+16,4.77164E+16
172080,9,3,74,162,2018,1,19,6,2,1,1,2,0,1,0,0,0,0,0,7.409E+20,5.50224E+21,1.23358E+16,4.96246E+16
172081,9,7,77,129,2018,1,16,3,3,8,1,0,1,0,0,0,0,0,0,6.27978E+20,5.27049E+21,1.07017E+16,4.75752E+16
172082,9,3,75,174,2018,1,13,6,3,3,6,0,1,1,0,0,0,0,0,7.34384E+20,5.43098E+21,1.22039E+16,4.89872E+16
172083,9,7,73,144,2018,1,7,3,3,6,4,1,0,1,1,0,0,0,1,6.0526E+20,5.38092E+21,1.04269E+16,4.85725E+16
172084,9,3,75,190,2018,1,8,6,2,6,4,0,0,0,1,0,0,1,0,7.29147E+20,5.44486E+21,1.21403E+16,4.91139E+16
172085,9,7,79,131,2018,1,13,3,3,6,4,0,0,1,1,0,0,0,0,6.30755E+20,5.39852E+21,1.0778E+16,4.8726E+16
172086,9,3,62,0,2018,1,14,6,3,4,3,0,0,1,0,0,0,0,0,7.26804E+20,5.43323E+21,1.21017E+16,4.90102E+16
172087,9,3,62,0,2018,1,17,6,3,2,6,2,0,1,0,0,0,0,0,7.29171E+20,5.43152E+21,1.2133E+16,4.8994E+16
172088,9,7,72,147,2018,1,7,3,3,2,6,0,0,1,0,1,0,0,1,6.37965E+20,5.36577E+21,1.08651E+16,4.843E+16
172089,9,2,74,119,2018,1,14,6,3,5,3,0,0,1,0,0,0,0,0,7.42629E+20,5.39988E+21,1.2298E+16,4.87047E+16
172090,9,7,72,163,2018,1,16,3,3,5,3,0,1,1,0,0,0,0,0,6.41076E+20,5.34841E+21,1.09013E+16,4.82732E+16
172091,9,7,61,0,2018,1,17,3,3,5,3,1,0,1,0,0,0,0,0,6.39448E+20,5.35748E+21,1.08824E+16,4.83551E+16
172092,9,2,79,135,2018,1,7,6,3,8,7,0,0,1,0,0,0,0,0,7.76953E+20,5.38453E+21,1.27533E+16,4.85526E+16
172093,9,7,61,0,2018,1,7,3,3,6,4,1,0,1,1,0,0,0,0,6.39822E+20,5.36002E+21,1.08883E+16,4.83778E+16
172094,9,2,73,137,2018,1,9,6,3,5,2,0,0,1,0,0,0,0,0,7.11064E+20,5.42249E+21,1.18812E+16,4.89193E+16
172095,9,6,78,178,2018,1,16,3,3,5,3,0,1,1,0,0,0,0,0,5.89E+20,5.54322E+21,1.02428E+16,5.00346E+16
172096,9,1,83,128,2018,1,8,6,3,5,3,0,0,1,0,0,0,0,0,7.61709E+20,5.34978E+21,1.25255E+16,4.82472E+16
172097,9,5,62,0,2018,1,13,3,3,2,6,0,1,1,0,0,0,0,0,6.46491E+20,5.49333E+21,1.10263E+16,4.95748E+16
172098,9,1,87,162,2018,1,15,6,2,0,7,0,0,1,1,0,0,0,0,7.50578E+20,5.30618E+21,1.23503E+16,4.786E+16
172099,9,5,72,121,2018,1,8,3,3,1,5,1,0,1,0,0,0,0,1,6.57839E+20,5.4948E+21,1.11837E+16,4.95852E+16
172100,9,1,87,122,2018,1,9,6,3,4,2,0,0,1,0,0,0,0,0,7.1884E+20,5.3072E+21,1.19271E+16,4.78808E+16
172101,9,5,65,0,2018,1,15,3,3,3,2,0,1,1,0,0,0,0,0,6.46651E+20,5.46688E+21,1.10187E+16,4.9337E+16
172102,9,1,61,0,2018,1,12,6,3,2,6,0,0,1,0,0,0,0,0,6.78682E+20,5.40343E+21,1.14313E+16,4.87582E+16
172103,9,5,64,0,2018,1,19,3,3,5,2,2,0,1,0,0,0,0,0,6.49921E+20,5.47863E+21,1.10681E+16,4.94418E+16
172104,9,1,76,164,2018,1,18,6,2,6,4,2,0,1,1,0,0,0,0,6.59931E+20,5.42713E+21,1.11856E+16,4.89764E+16
172105,9,5,64,0,2018,1,12,3,3,6,1,0,0,1,1,0,0,0,0,6.51685E+20,5.47802E+21,1.10922E+16,4.94359E+16
172106,9,1,79,121,2018,1,17,6,3,4,2,1,0,1,0,0,0,0,0,6.66503E+20,5.33777E+21,1.12396E+16,4.81713E+16
172107,9,5,64,0,2018,1,18,3,3,5,3,2,0,1,0,0,0,0,0,6.51183E+20,5.47848E+21,1.10855E+16,4.94402E+16
172108,9,1,78,124,2018,1,12,6,3,5,3,0,1,1,0,0,0,0,0,7.02959E+20,5.36437E+21,1.17422E+16,4.83998E+16
172109,9,5,64,0,2018,1,13,3,3,5,3,0,0,1,0,0,0,0,0,6.48917E+20,5.47775E+21,1.1054E+16,4.94341E+16
172110,9,1,77,139,2018,1,21,6,3,5,3,2,0,1,0,1,0,0,0,7.30883E+20,5.35963E+21,1.21163E+16,4.83476E+16
172111,9,5,64,0,2018,1,17,3,2,6,2,2,0,1,1,0,0,0,0,6.47422E+20,5.47613E+21,1.10328E+16,4.94199E+16
172112,9,1,62,0,2018,1,9,5,3,5,2,0,0,0,0,0,1,1,0,6.89545E+20,5.33727E+21,1.1549E+16,4.81604E+16
172113,9,1,62,0,2018,1,17,5,3,5,3,1,1,1,0,0,0,0,0,6.90689E+20,5.33815E+21,1.15647E+16,4.8168E+16
172114,9,4,79,152,2018,1,6,3,2,6,4,2,0,1,1,0,0,0,1,7.23979E+20,5.56329E+21,1.21372E+16,5.01794E+16
172115,9,1,62,0,2018,1,14,5,3,6,4,0,1,0,1,0,0,0,0,6.92956E+20,5.33225E+21,1.15925E+16,4.81142E+16
172116,9,1,62,0,2018,1,16,5,2,3,2,0,1,0,0,0,0,0,0,6.91102E+20,5.33521E+21,1.1569E+16,4.81414E+16
172117,9,1,62,0,2018,1,17,5,3,0,2,1,0,1,0,0,0,1,0,6.93935E+20,5.33121E+21,1.16052E+16,4.81046E+16
172118,9,4,78,165,2018,1,13,3,3,5,3,0,0,1,0,0,0,0,0,6.42086E+20,5.55133E+21,1.09867E+16,5.00972E+16
172119,9,1,62,0,2018,1,18,5,3,2,2,2,1,1,0,0,0,0,0,6.88712E+20,5.33341E+21,1.15361E+16,4.8126E+16
172120,9,1,62,0,2018,1,8,5,3,5,2,0,1,1,0,0,0,0,0,6.89438E+20,5.33715E+21,1.15475E+16,4.81593E+16
172121,9,3,74,162,2018,1,11,3,3,5,3,0,0,1,0,0,0,0,0,7.4107E+20,5.50233E+21,1.23382E+16,4.96254E+16
172122,9,3,75,190,2018,1,6,3,3,9,1,1,0,1,1,0,0,0,1,7.27242E+20,5.4458E+21,1.21147E+16,4.9123E+16
172123,9,1,62,0,2018,1,16,5,3,5,7,0,1,0,0,0,0,0,0,7.00669E+20,5.33444E+21,1.16971E+16,4.81315E+16
172124,9,3,75,208,2018,1,14,3,3,1,1,0,0,1,0,0,0,0,0,7.30601E+20,5.43818E+21,1.21564E+16,4.90533E+16
172125,9,3,62,0,2018,1,14,3,3,6,4,0,1,0,1,0,0,0,0,7.26805E+20,5.4335E+21,1.21019E+16,4.90127E+16
172126,9,1,62,0,2018,1,7,5,3,5,3,1,1,1,0,0,0,0,1,7.01101E+20,5.3316E+21,1.17015E+16,4.81059E+16
172127,9,3,62,0,2018,1,4,3,2,5,3,2,0,1,0,0,0,0,1,7.27629E+20,5.4352E+21,1.21141E+16,4.90277E+16
172128,9,1,62,0,2018,1,8,5,3,0,7,0,0,1,0,0,0,1,0,6.90358E+20,5.33404E+21,1.15584E+16,4.81311E+16
172129,9,1,62,0,2018,1,9,5,3,0,1,0,1,0,0,0,0,0,0,6.92567E+20,5.33507E+21,1.15886E+16,4.81397E+16
172130,9,3,73,147,2018,1,7,3,3,5,2,0,0,1,0,1,0,0,0,6.78686E+20,5.46175E+21,1.1457E+16,4.92824E+16
172131,9,1,62,0,2018,1,19,5,3,5,3,2,1,1,0,0,0,0,0,6.91817E+20,5.33493E+21,1.15784E+16,4.81387E+16
172132,9,7,75,135,2018,1,18,5,3,5,7,2,1,1,0,0,0,0,1,5.75569E+20,5.36075E+21,1.00209E+16,4.83954E+16
172133,9,2,63,0,2018,1,11,3,3,5,3,0,1,1,0,0,0,0,0,7.62547E+20,5.41852E+21,1.25801E+16,4.8864E+16
172134,9,2,71,123,2018,1,4,3,3,8,7,2,0,1,0,0,0,0,1,8.04468E+20,5.41583E+21,1.31483E+16,4.88207E+16
172135,9,7,62,0,2018,1,17,5,3,6,4,1,1,0,1,0,0,0,0,6.20944E+20,5.30436E+21,1.06176E+16,4.78812E+16
172136,9,1,80,124,2018,1,6,3,3,1,7,0,1,1,0,0,0,0,0,6.6612E+20,5.28224E+21,1.1213E+16,4.76722E+16
172137,9,1,72,118,2018,1,14,3,3,3,6,0,1,1,0,0,0,0,0,7.97653E+20,5.30666E+21,1.29786E+16,4.78443E+16
172138,9,1,71,127,2018,1,12,3,3,5,3,0,0,1,0,0,0,0,0,7.66644E+20,5.35671E+21,1.25962E+16,4.83073E+16
172139,9,1,63,0,2018,1,18,3,3,6,7,2,0,1,1,0,0,0,0,7.33577E+20,5.30444E+21,1.21224E+16,4.78508E+16
172140,9,7,72,163,2018,1,17,5,3,5,2,2,1,1,0,0,0,0,1,6.39392E+20,5.3495E+21,1.0879E+16,4.82833E+16
172141,9,1,63,0,2018,1,20,3,3,5,2,2,1,1,0,0,0,0,0,7.33387E+20,5.30505E+21,1.21202E+16,4.78564E+16
172142,9,1,63,0,2018,1,19,3,3,1,7,2,1,0,1,0,0,0,0,7.33966E+20,5.30515E+21,1.2128E+16,4.7857E+16
172143,9,7,61,0,2018,1,10,5,2,6,2,0,0,1,1,0,0,0,0,6.41424E+20,5.35922E+21,1.09096E+16,4.83703E+16
172144,9,1,61,0,2018,1,7,3,3,5,3,2,1,1,0,0,0,0,0,6.75404E+20,5.40528E+21,1.13875E+16,4.87757E+16
172145,9,5,72,164,2018,1,19,5,3,0,7,2,1,0,0,0,0,0,0,6.33237E+20,5.49774E+21,1.08446E+16,4.96175E+16
172146,9,1,86,143,2018,1,18,3,3,5,3,2,0,1,0,0,0,0,0,6.85451E+20,5.37935E+21,1.15125E+16,4.85399E+16
172147,9,5,76,121,2018,1,12,5,3,0,7,0,1,0,0,0,0,0,0,6.46722E+20,5.44969E+21,1.10134E+16,4.91825E+16
172148,9,5,64,0,2018,1,6,5,3,2,6,2,0,1,0,1,0,0,0,6.49422E+20,5.47245E+21,1.10589E+16,4.93864E+16
172149,9,1,86,143,2018,1,6,3,3,5,2,2,0,1,0,1,0,0,1,6.85309E+20,5.37804E+21,1.151E+16,4.85281E+16
172150,9,5,64,0,2018,1,19,5,3,0,1,2,1,0,0,0,0,0,0,6.49125E+20,5.48065E+21,1.10579E+16,4.94602E+16
172151,9,1,76,126,2018,1,9,3,3,5,3,0,0,1,0,0,1,0,1,6.74621E+20,5.40652E+21,1.13774E+16,4.87871E+16
172152,9,5,64,0,2018,1,7,5,3,5,3,0,0,1,0,0,0,0,0,6.51415E+20,5.48043E+21,1.10894E+16,4.94577E+16
172153,9,1,74,115,2018,1,12,3,3,4,6,0,0,1,0,0,0,1,0,6.81754E+20,5.34781E+21,1.14488E+16,4.82574E+16
172154,9,5,64,0,2018,1,16,5,3,3,6,1,0,1,0,0,0,0,0,6.54746E+20,5.47544E+21,1.11334E+16,4.94119E+16
172155,9,5,73,115,2018,1,8,5,2,0,7,0,0,1,0,0,0,0,0,6.29616E+20,5.4742E+21,1.07867E+16,4.94067E+16
172156,9,1,88,139,2018,1,15,3,3,6,4,0,0,1,1,0,0,0,0,6.74761E+20,5.31884E+21,1.13428E+16,4.7999E+16
172157,9,4,79,136,2018,1,22,5,3,8,7,2,0,1,0,0,0,0,0,7.25798E+20,5.54535E+21,1.21521E+16,5.00176E+16
172158,9,1,81,116,2018,1,15,3,3,5,3,0,0,1,0,0,0,0,0,6.48E+20,5.34023E+21,1.09917E+16,4.8198E+16
172159,9,4,61,0,2018,1,17,5,3,5,2,2,1,1,0,0,0,0,0,6.35585E+20,5.52903E+21,1.0888E+16,4.98983E+16
172160,9,1,79,126,2018,1,17,3,3,0,7,2,1,0,0,0,0,0,0,6.76708E+20,5.34066E+21,1.13779E+16,4.81945E+16
172161,9,4,61,0,2018,1,12,5,3,2,6,0,1,1,0,0,0,1,0,6.35961E+20,5.52832E+21,1.08929E+16,4.98918E+16
172162,9,1,77,117,2018,1,7,3,3,2,6,0,0,1,0,0,0,0,0,7.15286E+20,5.35286E+21,1.19026E+16,4.82923E+16
172163,9,4,61,0,2018,1,7,5,3,0,7,2,1,0,0,0,0,0,1,6.36832E+20,5.53151E+21,1.09062E+16,4.99203E+16
172164,9,1,62,0,2018,1,13,2,2,6,4,0,0,1,1,0,0,0,0,6.90623E+20,5.33475E+21,1.15623E+16,4.81374E+16
172165,9,3,62,0,2018,1,20,5,3,5,2,2,0,1,0,0,0,0,0,7.25123E+20,5.43098E+21,1.20775E+16,4.89907E+16
172166,9,1,62,0,2018,1,12,2,3,1,6,0,0,1,0,0,0,0,0,6.84203E+20,5.34121E+21,1.14789E+16,4.81974E+16
172167,9,3,75,174,2018,1,13,5,3,6,4,0,0,1,1,0,0,0,0,7.33872E+20,5.4316E+21,1.21973E+16,4.8993E+16
172168,9,1,62,0,2018,1,11,2,3,5,3,0,0,1,0,0,0,0,0,6.91202E+20,5.33582E+21,1.15706E+16,4.81469E+16
172169,9,1,62,0,2018,1,7,2,3,5,7,0,1,0,0,0,0,0,0,6.90432E+20,5.33704E+21,1.15608E+16,4.8158E+16
172170,9,3,62,0,2018,1,23,5,2,5,3,2,0,1,0,0,0,0,1,7.24351E+20,5.43317E+21,1.20682E+16,4.90106E+16
172171,9,1,62,0,2018,1,16,2,3,3,5,0,0,0,0,0,0,1,0,6.90236E+20,5.34387E+21,1.15612E+16,4.82195E+16
172172,9,3,62,0,2018,1,18,5,3,6,3,2,0,1,1,0,0,0,0,7.2872E+20,5.43543E+21,1.21291E+16,4.90293E+16
172173,9,1,62,0,2018,1,16,2,3,0,4,2,0,0,1,0,0,1,0,6.94945E+20,5.3367E+21,1.16213E+16,4.81537E+16
172174,9,3,73,147,2018,1,16,5,3,5,2,0,1,1,0,0,0,0,0,6.79127E+20,5.46036E+21,1.14625E+16,4.92698E+16
172175,9,3,72,116,2018,1,7,5,3,8,1,0,0,1,0,0,0,0,1,7.69554E+20,5.45437E+21,1.26993E+16,4.91828E+16
172176,9,1,62,0,2018,1,19,2,3,5,3,2,1,1,0,0,0,0,0,6.89604E+20,5.3373E+21,1.15498E+16,4.81607E+16
172177,9,3,71,131,2018,1,7,5,2,8,1,1,0,1,0,0,0,0,1,6.97953E+20,5.48034E+21,1.17309E+16,4.94435E+16
172178,9,2,77,128,2018,1,19,5,2,8,1,2,0,0,0,1,0,0,0,7.96435E+20,5.35333E+21,1.29947E+16,4.82638E+16
172179,9,7,75,129,2018,1,16,2,3,6,6,0,0,1,1,0,0,0,0,5.81731E+20,5.34163E+21,1.01004E+16,4.82226E+16
172180,9,7,62,0,2018,1,15,2,3,2,6,0,0,1,0,0,1,0,0,6.23286E+20,5.30606E+21,1.06494E+16,4.7896E+16
172181,9,2,74,184,2018,1,7,5,3,9,1,1,0,1,0,0,0,0,2,7.45233E+20,5.37544E+21,1.23189E+16,4.84842E+16
172182,9,7,77,176,2018,1,15,2,3,6,4,0,0,1,1,0,0,0,0,6.03099E+20,5.298E+21,1.03775E+16,4.78271E+16
172183,9,7,80,124,2018,1,11,2,3,0,7,0,0,1,1,0,0,0,0,5.92469E+20,5.26846E+21,1.02293E+16,4.75629E+16