OBJECTID_1,ULAND,UREGBEZ,UKREIS,UGEMEINDE,UJAHR,UMONAT,USTUNDE,UWOCHENTAG,UKATEGORIE,UART,UTYP1,ULICHTVERH,IstRad,IstPKW,IstFuss,IstKrad,IstGkfz,IstSonstig,STRZUSTAND,LINREFX,LINREFY,XGCSWGS84,YGCSWGS84
172184,9,2,61,0,2018,1,18,5,3,9,1,2,1,0,0,0,0,0,0,7.32129E+20,5.38101E+21,1.21449E+16,4.85392E+16
172185,9,7,71,146,2018,1,13,2,3,5,3,0,1,1,0,0,0,0,0,6.46588E+20,5.3482E+21,1.09755E+16,4.82701E+16
172186,9,1,89,154,2018,1,7,5,3,0,1,0,1,0,0,0,0,0,2,7.67378E+20,5.31894E+21,1.25824E+16,4.79679E+16
172187,9,7,61,0,2018,1,17,2,3,6,2,2,0,0,1,0,0,1,0,6.41727E+20,5.36005E+21,1.0914E+16,4.83777E+16
172188,9,1,71,112,2018,1,6,5,3,1,2,2,1,1,0,0,0,0,1,7.85453E+20,5.34301E+21,1.28401E+16,4.81761E+16
172189,9,7,61,0,2018,1,15,2,3,0,7,0,1,1,0,0,0,0,0,6.42185E+20,5.35898E+21,1.09198E+16,4.8368E+16
172190,9,1,71,111,2018,1,17,5,3,2,6,1,0,1,0,0,0,0,0,7.71801E+20,5.34794E+21,1.266E+16,4.82264E+16
172191,9,1,63,0,2018,1,15,5,3,2,6,0,0,1,0,0,0,0,0,7.33025E+20,5.3046E+21,1.21151E+16,4.78524E+16
172192,9,7,61,0,2018,1,12,2,3,2,6,0,0,1,0,0,0,0,0,6.41018E+20,5.35143E+21,1.09015E+16,4.83004E+16
172193,9,1,63,0,2018,1,22,5,3,5,2,2,1,1,0,0,0,0,1,7.32047E+20,5.30651E+21,1.21031E+16,4.787E+16
172194,9,1,82,120,2018,1,7,5,3,0,1,0,1,0,0,0,0,0,2,7.01578E+20,5.30618E+21,1.1696E+16,4.78773E+16
172195,9,6,62,0,2018,1,18,2,3,0,7,2,1,0,0,0,0,0,0,5.85936E+20,5.54243E+21,1.01998E+16,5.0028E+16
172196,9,6,61,0,2018,1,7,2,3,2,6,0,0,1,0,0,0,0,0,5.11018E+20,5.53514E+21,9.15364E+15,4.99685E+16
172197,9,1,87,122,2018,1,9,5,2,0,1,0,1,0,0,0,0,0,2,7.18307E+20,5.30721E+21,1.192E+16,4.7881E+16
172198,9,5,72,154,2018,1,7,2,2,0,1,1,1,0,0,0,0,0,0,6.48463E+20,5.49626E+21,1.10547E+16,4.96007E+16
172199,9,5,74,157,2018,1,19,2,3,9,1,2,0,1,0,0,0,0,0,6.65845E+20,5.47053E+21,1.12842E+16,4.93649E+16
172200,9,1,86,143,2018,1,17,5,3,0,7,0,1,1,0,0,0,0,0,6.85195E+20,5.37871E+21,1.15088E+16,4.85341E+16
172201,9,5,64,0,2018,1,15,2,2,5,2,0,0,1,0,1,0,0,0,6.49931E+20,5.47774E+21,1.10679E+16,4.94338E+16
172202,9,1,86,162,2018,1,7,5,2,9,1,0,0,1,0,0,0,0,2,6.98484E+20,5.38677E+21,1.16924E+16,4.86025E+16
172203,9,5,64,0,2018,1,14,2,3,5,3,0,0,1,0,0,0,0,0,6.45708E+20,5.48041E+21,1.10107E+16,4.94588E+16
172204,9,1,88,139,2018,1,14,5,3,6,4,0,0,1,1,0,0,0,0,6.75117E+20,5.31953E+21,1.13479E+16,4.80051E+16
172205,9,1,79,121,2018,1,13,5,3,6,7,0,0,1,1,0,0,0,0,6.6787E+20,5.34036E+21,1.1259E+16,4.81943E+16
172206,9,5,64,0,2018,1,19,2,3,5,3,2,0,1,0,0,0,0,0,6.46055E+20,5.47866E+21,1.10148E+16,4.9443E+16
172207,9,1,78,124,2018,1,7,5,3,0,1,1,1,0,0,0,0,0,2,7.04186E+20,5.36531E+21,1.17592E+16,4.84078E+16
172208,9,1,62,0,2018,1,18,4,3,5,3,2,1,1,0,0,0,0,0,6.87986E+20,5.33819E+21,1.15284E+16,4.81692E+16
172209,9,5,64,0,2018,1,14,2,3,6,3,0,0,0,1,0,0,1,0,6.50718E+20,5.47763E+21,1.10787E+16,4.94326E+16
172210,9,1,62,0,2018,1,16,4,3,2,6,1,0,1,0,0,0,0,0,6.90074E+20,5.33819E+21,1.15565E+16,4.81685E+16
172211,9,4,75,154,2018,1,8,2,2,4,1,0,0,1,0,0,0,0,1,6.98254E+20,5.56351E+21,1.17775E+16,5.01905E+16
172212,9,4,64,0,2018,1,8,2,3,2,6,0,0,1,0,0,0,0,0,7.07116E+20,5.5785E+21,1.19097E+16,5.03222E+16
172213,9,1,62,0,2018,1,14,4,3,5,2,0,0,1,0,0,0,0,0,6.83368E+20,5.33548E+21,1.14652E+16,4.81461E+16
172214,9,4,64,0,2018,1,18,2,3,5,3,2,0,1,0,0,0,0,0,7.0668E+20,5.57819E+21,1.19034E+16,5.03195E+16
172215,9,1,62,0,2018,1,16,4,3,5,2,0,0,1,0,0,0,0,0,6.93021E+20,5.34195E+21,1.15978E+16,4.82014E+16
172216,9,4,73,121,2018,1,8,2,3,9,1,0,0,0,0,0,0,1,1,6.45964E+20,5.56809E+21,1.10473E+16,5.02469E+16
172217,9,1,62,0,2018,1,7,4,3,6,7,0,1,0,1,0,0,0,0,6.93977E+20,5.33591E+21,1.16079E+16,4.81468E+16
172218,9,4,61,0,2018,1,17,2,3,6,4,1,1,0,1,0,0,0,0,6.36517E+20,5.52959E+21,1.09011E+16,4.99031E+16
172219,9,1,84,138,2018,1,11,4,3,4,6,0,0,1,0,0,0,0,0,6.82096E+20,5.33125E+21,1.14463E+16,4.81085E+16
172220,9,4,61,0,2018,1,8,2,3,1,6,0,0,0,0,1,0,1,1,6.35458E+20,5.52807E+21,1.08858E+16,4.98897E+16
172221,9,1,62,0,2018,1,5,4,3,6,2,2,0,1,1,0,0,0,1,6.87475E+20,5.33579E+21,1.15205E+16,4.81477E+16
172222,9,3,62,0,2018,1,5,2,3,5,2,2,0,1,0,0,0,0,0,7.28313E+20,5.43516E+21,1.21234E+16,4.9027E+16
172223,9,1,62,0,2018,1,17,4,3,6,2,2,0,1,1,0,0,0,0,6.80099E+20,5.33553E+21,1.14213E+16,4.81475E+16
172224,9,1,62,0,2018,1,11,4,3,6,4,0,0,1,1,0,0,0,0,6.92245E+20,5.3386E+21,1.15858E+16,4.81715E+16
172225,9,2,71,119,2018,1,9,2,3,3,7,0,0,1,0,0,0,0,0,7.90625E+20,5.41696E+21,1.2961E+16,4.88375E+16
172226,9,1,62,0,2018,1,16,4,3,5,3,1,0,1,0,0,0,0,0,6.90396E+20,5.34294E+21,1.15629E+16,4.82111E+16
172227,9,2,61,0,2018,1,12,2,3,0,1,0,1,0,0,0,0,0,0,7.3363E+20,5.38193E+21,1.21658E+16,4.85469E+16
172228,9,1,62,0,2018,1,12,4,3,2,6,0,0,1,0,0,0,0,0,6.91432E+20,5.33545E+21,1.15735E+16,4.81434E+16
172229,9,1,87,150,2018,1,17,2,3,5,3,2,1,1,0,0,0,0,1,7.2573E+20,5.30428E+21,1.20176E+16,4.78521E+16
172230,9,1,62,0,2018,1,15,4,2,8,1,0,1,0,0,0,0,0,0,6.90809E+20,5.33484E+21,1.15649E+16,4.81382E+16
172231,9,1,79,142,2018,1,6,2,3,2,6,0,0,1,0,0,0,0,0,6.74429E+20,5.34387E+21,1.13486E+16,4.8224E+16
172232,9,7,63,0,2018,1,17,4,3,6,2,1,0,1,1,0,0,0,0,5.99076E+20,5.286E+21,1.0321E+16,4.77198E+16
172233,9,1,81,130,2018,1,14,2,3,6,7,0,0,1,1,0,0,0,0,6.3979E+20,5.32348E+21,1.08758E+16,4.80493E+16
172234,9,7,77,151,2018,1,19,4,3,7,7,2,0,1,0,0,0,0,1,6.21748E+20,5.29153E+21,1.06248E+16,4.77656E+16
172235,9,7,77,121,2018,1,17,4,3,0,1,1,1,0,0,0,0,0,1,6.2894E+20,5.32158E+21,1.07297E+16,4.80345E+16
172236,9,1,88,124,2018,1,12,2,3,6,2,0,0,1,1,0,0,0,0,6.61948E+20,5.31809E+21,1.11709E+16,4.79955E+16
172237,9,7,79,194,2018,1,17,4,2,4,2,2,1,1,0,0,0,0,0,6.10336E+20,5.41242E+21,1.05042E+16,4.88549E+16
172238,9,7,72,151,2018,1,12,4,3,5,3,0,1,1,0,0,0,0,0,6.30532E+20,5.34343E+21,1.07578E+16,4.82307E+16
172239,9,1,79,126,2018,1,18,2,3,5,3,2,1,1,0,0,0,0,0,6.76349E+20,5.34114E+21,1.13733E+16,4.8199E+16
172240,9,1,79,121,2018,1,19,2,3,5,3,2,0,1,0,0,0,0,0,6.67198E+20,5.33892E+21,1.12494E+16,4.81815E+16
172241,9,7,72,185,2018,1,8,4,3,1,5,0,0,1,0,0,0,1,0,6.34972E+20,5.38402E+21,1.08306E+16,4.85947E+16
172242,9,1,77,117,2018,1,9,2,3,5,3,0,1,1,0,0,0,0,0,7.1476E+20,5.35491E+21,1.18966E+16,4.83109E+16
172243,9,7,61,0,2018,1,12,4,3,6,7,0,0,1,1,0,0,0,0,6.37514E+20,5.36193E+21,1.08577E+16,4.83955E+16
172244,9,7,75,135,2018,1,13,1,3,5,3,0,0,1,0,0,0,0,0,5.74126E+20,5.35956E+21,1.00012E+16,4.83848E+16
172245,9,7,75,135,2018,1,18,1,3,0,5,2,0,1,0,0,0,0,0,5.75621E+20,5.35705E+21,1.00209E+16,4.83621E+16
172246,9,7,61,0,2018,1,10,4,3,3,5,0,0,1,0,0,0,0,0,6.42539E+20,5.36001E+21,1.09249E+16,4.83772E+16
172247,9,7,77,114,2018,1,0,1,3,8,1,2,0,1,0,0,0,0,0,6.1697E+20,5.31285E+21,1.05668E+16,4.79583E+16
172248,9,7,79,197,2018,1,17,1,2,6,4,2,0,1,1,0,0,0,0,6.1703E+20,5.42358E+21,1.05986E+16,4.8954E+16
172249,9,7,61,0,2018,1,12,4,3,3,1,0,0,1,0,1,0,0,1,6.41075E+20,5.3579E+21,1.09045E+16,4.83585E+16
172250,9,6,79,202,2018,1,15,1,3,5,3,0,0,1,0,0,0,0,0,5.63287E+20,5.51993E+21,9.87995E+15,4.98284E+16
172251,9,7,61,0,2018,1,7,4,3,0,3,1,0,1,0,1,0,0,0,6.40136E+20,5.35827E+21,1.08919E+16,4.8362E+16
172252,9,6,63,0,2018,1,13,4,3,5,3,0,0,0,0,0,1,1,0,5.66853E+20,5.51579E+21,9.92881E+15,4.97909E+16
172253,9,5,62,0,2018,1,17,1,2,0,7,1,1,0,0,0,0,0,1,6.44739E+20,5.49335E+21,1.10021E+16,4.95754E+16
172254,9,6,61,0,2018,1,19,4,3,5,3,2,0,1,0,0,0,0,1,5.12065E+20,5.53552E+21,9.16825E+15,4.99719E+16
172255,9,5,74,132,2018,1,11,4,3,5,3,0,0,1,0,0,0,1,0,6.76702E+20,5.48738E+21,1.14412E+16,4.95133E+16
172256,9,5,64,0,2018,1,13,1,3,6,4,0,0,1,1,0,0,0,1,6.47377E+20,5.47939E+21,1.10333E+16,4.94493E+16
172257,9,3,72,116,2018,1,18,1,3,2,6,2,0,1,0,0,0,0,1,7.67068E+20,5.45803E+21,1.26676E+16,4.92168E+16
172258,9,5,64,0,2018,1,17,4,3,5,2,2,1,1,0,0,0,0,0,6.5394E+20,5.47876E+21,1.11236E+16,4.9442E+16
172259,9,3,76,161,2018,1,16,1,3,9,1,0,0,1,0,0,0,0,0,7.25152E+20,5.46836E+21,1.20988E+16,4.93264E+16
172260,9,1,63,0,2018,1,14,1,3,0,5,0,1,1,0,0,0,0,0,7.33221E+20,5.30476E+21,1.21178E+16,4.78538E+16
172261,9,5,64,0,2018,1,12,4,3,8,1,0,0,1,0,0,0,0,0,6.47502E+20,5.48198E+21,1.1036E+16,4.94726E+16
172262,9,1,62,0,2018,1,11,7,3,1,5,0,0,1,0,1,0,0,0,6.93915E+20,5.3312E+21,1.16049E+16,4.81046E+16
172263,9,1,62,0,2018,1,10,7,3,3,7,0,0,1,0,0,0,0,0,6.91277E+20,5.32995E+21,1.1569E+16,4.80941E+16
172264,9,3,72,126,2018,1,8,4,3,8,6,0,0,1,0,0,0,0,1,7.79042E+20,5.47241E+21,1.28417E+16,4.93405E+16
172265,9,7,75,152,2018,1,9,7,3,1,6,0,1,1,0,0,0,0,0,5.77574E+20,5.35329E+21,1.00466E+16,4.8328E+16
172266,9,3,75,117,2018,1,17,4,2,5,2,1,1,1,0,0,0,0,1,7.33847E+20,5.43256E+21,1.21975E+16,4.90016E+16
172267,9,3,62,0,2018,1,16,4,3,2,6,0,0,1,0,0,0,0,0,7.24534E+20,5.43099E+21,1.20695E+16,4.89909E+16
172268,9,3,62,0,2018,1,15,4,3,6,2,0,0,1,1,0,0,0,0,7.26464E+20,5.4344E+21,1.20977E+16,4.90209E+16
172269,9,7,72,147,2018,1,11,7,3,5,3,0,0,1,0,0,0,0,1,6.38387E+20,5.36579E+21,1.08708E+16,4.843E+16
172270,9,7,61,0,2018,1,5,7,3,0,3,2,1,1,0,0,0,0,1,6.41348E+20,5.36306E+21,1.09099E+16,4.84049E+16
172271,9,3,62,0,2018,1,17,4,3,0,7,0,1,0,1,0,0,0,0,7.24844E+20,5.43507E+21,1.2076E+16,4.90275E+16
172272,9,7,71,113,2018,1,8,7,3,0,7,0,1,0,0,0,0,0,0,6.57434E+20,5.36976E+21,1.11296E+16,4.84612E+16
172273,9,3,62,0,2018,1,18,4,3,2,6,2,0,1,0,0,0,0,0,7.27709E+20,5.43484E+21,1.2115E+16,4.90243E+16
172274,9,1,72,124,2018,2,13,7,3,8,1,0,0,1,0,0,0,0,2,8.04044E+20,5.29024E+21,1.30523E+16,4.76939E+16
172275,9,1,71,127,2018,2,15,7,3,1,7,0,0,1,0,0,0,1,0,7.66377E+20,5.35768E+21,1.25932E+16,4.83161E+16
172276,9,1,81,138,2018,2,20,7,2,6,7,2,0,0,1,0,1,0,1,6.40532E+20,5.33689E+21,1.08902E+16,4.81697E+16
172277,9,1,88,124,2018,2,15,7,3,0,7,0,1,0,0,0,0,1,0,6.59953E+20,5.32193E+21,1.11456E+16,4.80306E+16
172278,9,1,79,145,2018,2,12,7,3,0,7,0,1,0,0,0,0,0,0,6.75035E+20,5.33821E+21,1.13544E+16,4.8173E+16
172279,9,1,62,0,2018,2,12,6,3,6,7,0,0,1,1,0,0,0,0,6.93667E+20,5.3338E+21,1.16028E+16,4.8128E+16
172280,9,1,62,0,2018,2,12,6,3,6,4,0,0,1,1,0,0,0,0,6.86934E+20,5.33928E+21,1.15148E+16,4.81792E+16
172281,9,1,62,0,2018,2,13,6,3,5,7,0,1,1,0,0,0,0,0,6.93048E+20,5.34203E+21,1.15982E+16,4.82021E+16
172282,9,1,62,0,2018,2,8,6,3,5,3,0,1,1,0,0,0,0,0,6.88678E+20,5.33717E+21,1.15373E+16,4.81597E+16
172283,9,1,62,0,2018,2,16,6,3,2,6,0,0,1,0,0,0,0,0,6.94063E+20,5.33638E+21,1.16093E+16,4.8151E+16
172284,9,7,75,129,2018,2,15,6,3,5,3,0,0,1,0,0,0,0,0,5.81014E+20,5.34062E+21,1.00906E+16,4.82136E+16
172285,9,7,78,203,2018,2,11,6,3,6,7,0,1,0,1,0,0,0,0,6.22196E+20,5.32443E+21,1.06401E+16,4.80614E+16
172286,9,7,80,143,2018,2,12,6,3,5,3,0,0,1,0,0,0,0,0,5.98023E+20,5.28019E+21,1.03057E+16,4.76677E+16
172287,9,7,76,111,2018,2,10,6,3,6,3,0,0,1,1,0,0,0,0,5.50149E+20,5.26808E+21,9.66669E+15,4.75642E+16
172288,9,7,62,0,2018,2,19,6,3,6,6,2,1,0,1,0,0,0,0,6.2118E+20,5.30465E+21,1.06209E+16,4.78838E+16
172289,9,7,72,223,2018,2,6,6,3,9,1,1,0,1,0,0,0,0,0,6.17494E+20,5.36221E+21,1.05875E+16,4.84021E+16
172290,9,7,61,0,2018,2,11,6,2,5,3,0,0,1,0,0,0,0,0,6.41604E+20,5.36106E+21,1.09127E+16,4.83868E+16
172291,9,7,61,0,2018,2,9,6,3,5,3,0,0,1,0,0,0,0,1,6.39215E+20,5.35861E+21,1.08796E+16,4.83653E+16
172292,9,6,79,175,2018,2,7,6,3,0,1,2,1,0,0,0,0,0,2,5.7066E+20,5.51219E+21,9.98105E+15,4.97581E+16
172293,9,6,63,0,2018,2,13,6,3,0,7,0,0,0,0,1,0,0,0,5.69503E+20,5.51467E+21,9.96542E+15,4.97805E+16
172294,9,6,71,122,2018,2,14,6,2,5,3,0,0,1,0,0,0,0,1,5.05911E+20,5.52973E+21,9.08235E+15,4.99199E+16
172295,9,5,72,135,2018,2,10,6,3,4,6,0,0,1,0,0,0,0,0,6.31865E+20,5.50726E+21,1.08288E+16,4.97034E+16
172296,9,5,62,0,2018,2,9,6,3,5,3,0,1,1,0,0,0,0,0,6.45159E+20,5.49571E+21,1.10088E+16,4.95966E+16
172297,9,5,62,0,2018,2,9,6,3,0,7,0,1,0,0,0,0,0,1,6.46305E+20,5.49473E+21,1.10243E+16,4.95874E+16
172298,9,5,63,0,2018,2,7,6,3,0,6,2,0,0,0,1,0,0,2,6.44477E+20,5.48391E+21,1.0995E+16,4.94906E+16
172299,9,5,63,0,2018,2,13,6,3,1,6,0,0,1,0,0,0,0,0,6.41891E+20,5.48139E+21,1.09584E+16,4.94686E+16
172300,9,5,64,0,2018,2,9,6,3,3,2,0,1,1,0,0,0,0,0,6.52467E+20,5.48099E+21,1.11041E+16,4.94624E+16
172301,9,5,64,0,2018,2,5,6,2,0,1,2,1,0,0,0,0,0,2,6.45487E+20,5.48788E+21,1.10104E+16,4.95261E+16
172302,9,5,64,0,2018,2,7,6,3,2,6,1,0,1,0,0,0,0,0,6.50601E+20,5.47843E+21,1.10774E+16,4.94398E+16
172303,9,5,64,0,2018,2,12,6,3,4,6,0,1,0,0,0,0,0,1,6.49839E+20,5.48017E+21,1.10676E+16,4.94557E+16
172304,9,5,64,0,2018,2,10,6,2,6,4,0,0,1,1,0,0,0,0,6.54739E+20,5.4744E+21,1.11329E+16,4.94026E+16
172305,9,5,64,0,2018,2,14,6,3,2,6,0,0,1,0,0,0,1,0,6.50406E+20,5.4792E+21,1.1075E+16,4.94468E+16
172306,9,5,64,0,2018,2,6,6,2,0,2,2,1,0,0,0,0,1,0,6.50052E+20,5.48011E+21,1.10705E+16,4.94551E+16
172307,9,5,64,0,2018,2,10,6,3,5,3,0,0,1,0,1,0,0,0,6.48509E+20,5.47793E+21,1.10484E+16,4.94359E+16
172308,9,5,64,0,2018,2,8,6,3,0,1,0,1,0,0,0,0,0,2,6.47565E+20,5.48182E+21,1.10368E+16,4.94711E+16
172309,9,5,77,136,2018,2,23,6,3,5,3,2,0,1,0,0,0,0,1,6.28656E+20,5.44193E+21,1.07631E+16,4.91167E+16
172310,9,4,61,0,2018,2,7,6,3,0,6,0,0,0,0,1,0,0,1,6.35129E+20,5.52936E+21,1.08817E+16,4.99013E+16
172311,9,1,62,0,2018,2,16,3,3,6,4,0,0,1,1,0,0,0,1,6.88009E+20,5.33903E+21,1.15291E+16,4.81766E+16
172312,9,1,62,0,2018,2,10,3,3,6,2,0,0,1,1,0,0,0,0,6.89209E+20,5.333E+21,1.15426E+16,4.81221E+16
172313,9,7,61,0,2018,2,21,3,3,5,3,2,0,1,0,0,0,0,0,6.39202E+20,5.36297E+21,1.08809E+16,4.84045E+16
172314,9,3,77,129,2018,2,6,6,3,8,1,2,0,1,0,0,0,0,2,7.07976E+20,5.52643E+21,1.18934E+16,4.98542E+16
172315,9,7,61,0,2018,2,10,3,3,1,5,0,0,1,0,0,0,0,0,6.39418E+20,5.36008E+21,1.08828E+16,4.83785E+16
172316,9,3,75,148,2018,2,15,6,2,6,7,0,0,1,1,0,0,0,0,7.03797E+20,5.43664E+21,1.17892E+16,4.90489E+16
172317,9,3,62,0,2018,2,20,6,3,3,6,2,1,1,0,0,0,0,0,7.25896E+20,5.43428E+21,1.20899E+16,4.902E+16
172318,9,3,61,0,2018,2,8,6,3,6,4,0,0,1,1,0,0,0,1,7.07153E+20,5.48122E+21,1.18581E+16,4.94483E+16
172319,9,1,83,118,2018,2,10,6,3,6,7,0,0,1,1,0,0,0,0,7.43963E+20,5.33881E+21,1.22806E+16,4.81557E+16
172320,9,5,62,0,2018,2,7,3,3,4,2,0,1,1,0,0,0,0,0,6.45025E+20,5.49497E+21,1.10066E+16,4.95899E+16
172321,9,1,89,155,2018,2,7,6,3,6,7,1,0,0,1,0,0,1,0,7.721E+20,5.30814E+21,1.26387E+16,4.78688E+16
172322,9,1,83,128,2018,2,19,6,3,5,3,2,0,1,0,0,0,0,0,7.61656E+20,5.35206E+21,1.25262E+16,4.82676E+16
172323,9,5,74,138,2018,2,17,3,2,5,3,1,1,1,0,0,0,0,0,6.64786E+20,5.48714E+21,1.12766E+16,4.95145E+16
172324,9,1,72,118,2018,2,18,6,3,0,6,2,1,1,0,0,0,0,0,7.97004E+20,5.30673E+21,1.297E+16,4.78452E+16
172325,9,5,63,0,2018,2,18,3,3,5,3,2,0,1,0,0,0,0,0,6.42386E+20,5.48185E+21,1.09654E+16,4.94726E+16
172326,9,1,79,145,2018,2,13,6,3,1,7,0,1,1,0,0,0,0,0,6.75251E+20,5.3391E+21,1.13577E+16,4.8181E+16
172327,9,5,64,0,2018,2,11,3,2,0,1,0,1,0,0,0,0,0,0,6.57569E+20,5.47566E+21,1.11724E+16,4.94132E+16
172328,9,5,64,0,2018,2,14,3,3,5,2,0,1,1,0,0,0,0,0,6.5094E+20,5.48068E+21,1.1083E+16,4.946E+16
172329,9,1,74,115,2018,2,7,6,3,4,2,1,1,1,0,0,0,0,0,6.83749E+20,5.3477E+21,1.14756E+16,4.82559E+16
172330,9,5,64,0,2018,2,17,3,3,5,3,0,0,1,0,0,0,0,0,6.46798E+20,5.47922E+21,1.10253E+16,4.94479E+16
172331,9,5,64,0,2018,2,0,3,3,6,4,2,0,1,1,0,0,0,0,6.50937E+20,5.47851E+21,1.10821E+16,4.94405E+16
172332,9,1,62,0,2018,2,23,5,3,9,1,2,0,1,0,0,0,0,1,6.93276E+20,5.33464E+21,1.15979E+16,4.81356E+16
172333,9,1,62,0,2018,2,8,5,3,5,3,0,1,1,0,0,0,0,0,6.83077E+20,5.33567E+21,1.14614E+16,4.81479E+16
172334,9,5,64,0,2018,2,12,3,3,4,6,0,1,0,0,0,0,0,0,6.50164E+20,5.47921E+21,1.10717E+16,4.9447E+16
172335,9,1,62,0,2018,2,6,5,3,0,7,2,1,0,0,0,0,1,0,6.90141E+20,5.33512E+21,1.1556E+16,4.81409E+16
172336,9,1,62,0,2018,2,7,5,3,3,6,0,1,1,0,0,0,0,1,6.93042E+20,5.33596E+21,1.15954E+16,4.81476E+16
172337,9,4,79,136,2018,2,6,3,3,6,4,2,0,1,1,0,0,0,0,7.21761E+20,5.54371E+21,1.20949E+16,5.00044E+16
172338,9,1,62,0,2018,2,17,5,3,5,3,1,0,1,0,0,0,0,0,6.9871E+20,5.33102E+21,1.16692E+16,4.81015E+16
172339,9,4,73,159,2018,2,13,3,3,0,7,0,0,0,0,0,0,1,0,6.4618E+20,5.57353E+21,1.10524E+16,5.02958E+16
172340,9,1,62,0,2018,2,7,5,3,6,2,1,0,1,1,0,0,0,1,6.81883E+20,5.3357E+21,1.14454E+16,4.81485E+16
172341,9,4,78,139,2018,2,8,3,3,5,3,0,0,1,0,0,0,0,1,6.44706E+20,5.55498E+21,1.10247E+16,5.01293E+16
172342,9,1,62,0,2018,2,14,5,3,2,6,0,0,1,0,0,0,0,1,6.92452E+20,5.34042E+21,1.15894E+16,4.81879E+16
172343,9,4,78,116,2018,2,7,3,2,1,5,0,0,1,0,0,0,0,1,6.59857E+20,5.55705E+21,1.12373E+16,5.01441E+16
172344,9,4,77,159,2018,2,11,3,3,2,6,0,0,1,0,0,0,0,0,6.81198E+20,5.55655E+21,1.15355E+16,5.01335E+16
172345,9,1,62,0,2018,2,15,5,3,6,4,0,1,0,1,0,0,0,1,6.89416E+20,5.33595E+21,1.15466E+16,4.81486E+16
172346,9,4,72,140,2018,2,7,3,3,6,4,0,0,1,1,0,0,0,0,6.81887E+20,5.53053E+21,1.15328E+16,4.98994E+16
172347,9,1,62,0,2018,2,15,5,2,0,7,0,0,1,0,1,0,0,1,6.8815E+20,5.33853E+21,1.15308E+16,4.81721E+16
172348,9,1,62,0,2018,2,8,5,3,3,7,0,0,1,0,0,0,1,0,6.89198E+20,5.33494E+21,1.15433E+16,4.81395E+16
172349,9,3,75,119,2018,2,8,3,2,4,6,0,0,1,0,0,0,0,1,7.34423E+20,5.44594E+21,1.22131E+16,4.91216E+16
172350,9,1,62,0,2018,2,13,5,3,5,2,0,1,1,0,0,0,0,1,6.88025E+20,5.339E+21,1.15293E+16,4.81764E+16
172351,9,3,62,0,2018,2,7,3,3,3,5,0,1,1,0,0,0,0,0,7.27151E+20,5.4338E+21,1.21068E+16,4.90153E+16
172352,9,1,84,139,2018,2,16,5,3,1,5,0,1,1,0,0,0,0,1,6.88061E+20,5.32585E+21,1.1524E+16,4.80582E+16
172353,9,3,62,0,2018,2,9,3,3,5,2,0,1,0,0,0,1,0,0,7.27936E+20,5.43537E+21,1.21184E+16,4.9029E+16
172354,9,1,62,0,2018,2,18,5,3,6,4,2,0,1,1,0,0,0,1,6.92792E+20,5.33352E+21,1.15909E+16,4.81257E+16
172355,9,3,76,150,2018,2,13,3,2,0,7,0,0,0,0,0,1,0,0,7.27603E+20,5.49078E+21,1.21453E+16,4.95268E+16
172356,9,1,62,0,2018,2,9,5,3,1,5,0,1,1,0,0,0,0,1,6.9196E+20,5.33883E+21,1.15821E+16,4.81737E+16
172357,9,3,76,119,2018,2,16,3,3,6,7,0,0,1,1,0,0,0,0,7.22435E+20,5.45433E+21,1.20537E+16,4.92014E+16
172358,9,1,62,0,2018,2,10,5,3,3,6,0,0,1,0,0,0,0,1,6.91922E+20,5.33603E+21,1.15803E+16,4.81486E+16
172359,9,3,61,0,2018,2,7,3,2,6,4,1,0,1,1,0,0,0,0,7.07716E+20,5.481E+21,1.18657E+16,4.94461E+16
172360,9,7,76,125,2018,2,16,5,1,4,1,0,0,1,0,0,0,0,2,5.64411E+20,5.27044E+21,9.85662E+15,4.75841E+16
172361,9,2,71,125,2018,2,13,3,3,6,4,0,0,1,1,0,0,0,0,7.97273E+20,5.40953E+21,1.3046E+16,4.87677E+16
172362,9,7,61,0,2018,2,16,5,3,6,4,0,0,1,1,0,0,0,0,6.3847E+20,5.35933E+21,1.08698E+16,4.83719E+16
172363,9,2,61,0,2018,2,12,3,3,0,1,0,1,0,0,0,0,0,0,7.32653E+20,5.38098E+21,1.2152E+16,4.85387E+16
172364,9,7,61,0,2018,2,15,5,3,0,1,0,1,0,0,0,0,0,1,6.37647E+20,5.35774E+21,1.08582E+16,4.83578E+16
172365,9,1,80,117,2018,2,14,3,3,4,2,0,1,1,0,0,0,0,0,6.57693E+20,5.26232E+21,1.10937E+16,4.74952E+16
172366,9,7,61,0,2018,2,22,5,3,6,2,2,0,1,1,0,0,0,0,6.41656E+20,5.35901E+21,1.09127E+16,4.83683E+16
172367,9,1,83,148,2018,2,10,3,2,6,2,0,0,1,1,0,0,0,0,7.52949E+20,5.34479E+21,1.24047E+16,4.82058E+16
172368,9,7,61,0,2018,2,6,5,3,8,1,2,0,1,0,0,0,0,1,6.38343E+20,5.35235E+21,1.08658E+16,4.83092E+16
172369,9,1,72,118,2018,2,15,3,3,1,6,0,0,1,0,0,0,0,0,7.96389E+20,5.30754E+21,1.29623E+16,4.78527E+16
172370,9,1,87,118,2018,2,14,3,3,5,3,0,1,1,0,0,0,0,0,7.53439E+20,5.30177E+21,1.23859E+16,4.78193E+16