OBJECTID_1,ULAND,UREGBEZ,UKREIS,UGEMEINDE,UJAHR,UMONAT,USTUNDE,UWOCHENTAG,UKATEGORIE,UART,UTYP1,ULICHTVERH,IstRad,IstPKW,IstFuss,IstKrad,IstGkfz,IstSonstig,STRZUSTAND,LINREFX,LINREFY,XGCSWGS84,YGCSWGS84
172371,9,7,61,0,2018,2,17,5,3,4,2,2,1,1,0,0,0,0,1,6.4098E+20,5.35967E+21,1.09038E+16,4.83744E+16
172372,9,1,61,0,2018,2,11,3,3,5,3,0,1,1,0,0,0,0,0,6.7881E+20,5.40524E+21,1.14338E+16,4.87745E+16
172373,9,1,81,128,2018,2,8,3,3,1,5,0,0,1,0,0,0,0,1,6.38459E+20,5.32733E+21,1.08592E+16,4.80842E+16
172374,9,1,74,115,2018,2,20,3,3,6,2,2,0,1,1,0,0,0,0,6.82126E+20,5.34874E+21,1.14542E+16,4.82656E+16
172375,9,7,61,0,2018,2,23,5,2,6,4,2,0,1,1,0,0,0,0,6.40292E+20,5.35916E+21,1.08943E+16,4.837E+16
172376,9,1,74,115,2018,2,15,3,3,2,6,0,0,1,0,0,0,0,0,6.81859E+20,5.3478E+21,1.14502E+16,4.82573E+16
172377,9,1,78,129,2018,2,13,3,3,5,3,0,0,0,0,0,0,1,0,7.11741E+20,5.37185E+21,1.18645E+16,4.84641E+16
172378,9,7,71,113,2018,2,7,5,2,0,4,2,1,0,1,0,0,0,1,6.57289E+20,5.37069E+21,1.1128E+16,4.84697E+16
172379,9,6,63,0,2018,2,12,5,3,9,1,0,1,1,0,0,0,0,0,5.70582E+20,5.51859E+21,9.98113E+15,4.98156E+16
172380,9,1,77,144,2018,2,17,3,3,9,1,0,0,1,0,0,0,0,0,7.15525E+20,5.34879E+21,1.19038E+16,4.82556E+16
172381,9,6,79,170,2018,2,10,5,2,0,4,0,0,1,1,0,0,0,0,5.76562E+20,5.50194E+21,1.0061E+16,4.96652E+16
172382,9,6,73,114,2018,2,12,5,3,6,4,0,0,1,1,0,0,0,1,5.85333E+20,5.57539E+21,1.01988E+16,5.03244E+16
172383,9,1,77,115,2018,2,7,3,3,5,3,0,1,1,0,0,0,0,0,7.33502E+20,5.35234E+21,1.21476E+16,4.82812E+16
172384,9,6,62,0,2018,2,8,5,3,6,2,1,0,1,1,0,0,0,1,5.88271E+20,5.54503E+21,1.0233E+16,5.0051E+16
172385,9,1,62,0,2018,2,14,2,3,2,6,0,0,1,0,0,0,0,0,6.90948E+20,5.3343E+21,1.15665E+16,4.81333E+16
172386,9,1,62,0,2018,2,8,2,3,5,3,0,1,1,0,0,0,0,0,6.94859E+20,5.33713E+21,1.16203E+16,4.81575E+16
172387,9,6,61,0,2018,2,20,5,2,4,2,2,0,1,0,1,0,0,1,5.10786E+20,5.5371E+21,9.15046E+15,4.99861E+16
172388,9,1,62,0,2018,2,9,2,3,2,6,0,0,1,0,0,0,0,0,6.88668E+20,5.33789E+21,1.15375E+16,4.81662E+16
172389,9,1,84,149,2018,2,6,2,3,0,7,2,0,1,0,0,0,0,1,6.90927E+20,5.35167E+21,1.1574E+16,4.82894E+16
172390,9,5,62,0,2018,2,8,5,2,6,4,0,1,0,1,0,0,0,0,6.45171E+20,5.49521E+21,1.10087E+16,4.9592E+16
172391,9,5,62,0,2018,2,13,5,3,3,2,0,1,1,0,0,0,0,0,6.46063E+20,5.49464E+21,1.10209E+16,4.95867E+16
172392,9,1,62,0,2018,2,7,2,3,0,6,0,1,1,0,0,0,0,1,6.93928E+20,5.34026E+21,1.16092E+16,4.8186E+16
172393,9,5,65,0,2018,2,11,5,3,6,4,0,0,0,1,0,0,1,1,6.49478E+20,5.46513E+21,1.10569E+16,4.93206E+16
172394,9,5,74,138,2018,2,11,5,3,1,6,0,0,1,0,0,0,0,0,6.64464E+20,5.48632E+21,1.12718E+16,4.95072E+16
172395,9,5,64,0,2018,2,20,5,3,2,6,2,0,1,0,0,0,0,0,6.5416E+20,5.47522E+21,1.11253E+16,4.94102E+16
172396,9,5,64,0,2018,2,7,5,3,2,6,0,0,1,0,0,0,0,1,6.46287E+20,5.48178E+21,1.10192E+16,4.94711E+16
172397,9,1,62,0,2018,2,13,2,2,5,3,0,1,1,0,0,0,0,0,6.8443E+20,5.3394E+21,1.14812E+16,4.81811E+16
172398,9,5,64,0,2018,2,17,5,3,2,6,2,0,1,0,0,0,1,0,6.48203E+20,5.47629E+21,1.10436E+16,4.94212E+16
172399,9,4,63,0,2018,2,7,5,2,6,4,1,0,1,1,0,0,0,1,6.41123E+20,5.56663E+21,1.09789E+16,5.02349E+16
172400,9,1,62,0,2018,2,11,2,3,0,6,0,0,1,0,0,0,0,0,6.9332E+20,5.33525E+21,1.15988E+16,4.81411E+16
172401,9,4,62,0,2018,2,7,5,3,6,4,0,0,1,1,0,0,0,1,6.82886E+20,5.53451E+21,1.15486E+16,4.99349E+16
172402,9,1,62,0,2018,2,18,2,3,4,2,1,0,1,0,0,0,0,0,6.94454E+20,5.33304E+21,1.1613E+16,4.81209E+16
172403,9,4,61,0,2018,2,13,5,2,5,3,0,1,0,0,0,0,0,0,6.36847E+20,5.53001E+21,1.09059E+16,4.99068E+16
172404,9,7,75,162,2018,2,15,2,2,6,7,0,0,1,1,0,0,0,0,5.80774E+20,5.34699E+21,1.00885E+16,4.8271E+16
172405,9,7,63,0,2018,2,11,2,3,2,6,0,0,1,0,0,0,0,0,5.99649E+20,5.2871E+21,1.03289E+16,4.77295E+16
172406,9,3,62,0,2018,2,20,5,3,4,6,2,1,1,0,0,0,0,0,7.28023E+20,5.43267E+21,1.2118E+16,4.90047E+16
172407,9,7,79,131,2018,2,6,2,3,6,2,2,0,1,1,0,0,0,1,6.29579E+20,5.39759E+21,1.07617E+16,4.87178E+16
172408,9,3,76,161,2018,2,15,5,3,4,6,0,0,1,0,0,0,0,1,7.26446E+20,5.46741E+21,1.2116E+16,4.93174E+16
172409,9,7,61,0,2018,2,12,2,3,0,1,0,1,0,0,0,0,0,0,6.40299E+20,5.35729E+21,1.08938E+16,4.83532E+16
172410,9,3,61,0,2018,2,6,5,3,4,2,2,0,1,0,0,0,0,1,7.07731E+20,5.47969E+21,1.18653E+16,4.94344E+16
172411,9,6,62,0,2018,2,6,2,3,0,1,2,1,0,0,0,0,0,2,5.87615E+20,5.54417E+21,1.02237E+16,5.00434E+16
172412,9,5,63,0,2018,2,14,2,3,5,3,0,1,1,0,0,0,0,0,6.45081E+20,5.48472E+21,1.10036E+16,4.94978E+16
172413,9,2,77,126,2018,2,13,5,2,0,7,0,1,0,0,0,0,0,1,7.91416E+20,5.38312E+21,1.29479E+16,4.85334E+16
172414,9,5,64,0,2018,2,13,2,3,2,6,0,0,1,0,0,0,0,0,6.50828E+20,5.48142E+21,1.10817E+16,4.94667E+16
172415,9,2,61,0,2018,2,6,5,3,8,1,2,0,1,0,0,0,0,1,7.3291E+20,5.38097E+21,1.21555E+16,4.85385E+16
172416,9,5,64,0,2018,2,9,2,3,2,6,0,0,1,0,0,0,0,0,6.49222E+20,5.48033E+21,1.10591E+16,4.94573E+16
172417,9,1,80,117,2018,2,12,5,2,6,3,0,0,1,1,0,0,0,0,6.58513E+20,5.26217E+21,1.11045E+16,4.74936E+16
172418,9,5,64,0,2018,2,17,2,3,2,6,1,0,1,0,0,0,0,0,6.51152E+20,5.47788E+21,1.10848E+16,4.94348E+16
172419,9,1,83,148,2018,2,7,5,3,5,3,0,1,1,0,0,0,0,0,7.52374E+20,5.34395E+21,1.23965E+16,4.81986E+16
172420,9,5,64,0,2018,2,13,2,3,5,3,0,0,1,0,0,0,1,0,6.48509E+20,5.47793E+21,1.10484E+16,4.94359E+16
172421,9,1,89,130,2018,2,13,5,2,9,1,0,0,1,0,0,0,0,1,7.69464E+20,5.3126E+21,1.26063E+16,4.79101E+16
172422,9,5,77,136,2018,2,16,2,3,2,6,0,0,1,0,0,0,0,0,6.28024E+20,5.44185E+21,1.07545E+16,4.91162E+16
172423,9,1,89,155,2018,2,7,5,3,6,4,1,0,1,1,0,0,0,0,7.72065E+20,5.30839E+21,1.26384E+16,4.78712E+16
172424,9,4,76,146,2018,2,15,2,3,5,3,0,0,1,0,0,0,0,0,6.61272E+20,5.56183E+21,1.12592E+16,5.01867E+16
172425,9,1,72,128,2018,2,6,5,3,5,3,1,1,1,0,0,0,0,0,7.93028E+20,5.29762E+21,1.29108E+16,4.77652E+16
172426,9,1,82,116,2018,2,16,5,3,1,6,0,0,1,0,1,0,0,1,7.03969E+20,5.29525E+21,1.17228E+16,4.77783E+16
172427,9,4,61,0,2018,2,11,2,3,5,3,0,0,1,0,0,0,0,1,6.36154E+20,5.52842E+21,1.08957E+16,4.98926E+16
172428,9,1,75,139,2018,2,12,5,3,5,3,0,0,1,0,1,0,0,1,7.10147E+20,5.3299E+21,1.18221E+16,4.80877E+16
172429,9,3,63,0,2018,2,7,2,3,1,6,0,0,1,0,0,0,0,0,7.29432E+20,5.50666E+21,1.21798E+16,4.96688E+16
172430,9,1,78,145,2018,2,9,5,3,5,2,0,0,1,0,1,0,0,1,6.97429E+20,5.35479E+21,1.1663E+16,4.83154E+16
172431,9,3,63,0,2018,2,7,2,3,1,5,0,0,1,0,0,0,0,0,7.27365E+20,5.5085E+21,1.21523E+16,4.96861E+16
172432,9,3,73,156,2018,2,13,2,3,5,3,0,0,1,0,0,0,1,0,6.66799E+20,5.45941E+21,1.12927E+16,4.92647E+16
172433,9,1,62,0,2018,1,16,4,2,6,4,0,0,1,1,0,0,0,0,6.87038E+20,5.34437E+21,1.15184E+16,4.82249E+16
172434,9,2,61,0,2018,2,17,2,3,6,4,1,1,0,1,0,0,0,0,7.32682E+20,5.38092E+21,1.21524E+16,4.85382E+16
172435,9,1,63,0,2018,2,6,2,3,5,2,1,1,1,0,0,0,0,0,7.33992E+20,5.3057E+21,1.21286E+16,4.7862E+16
172436,9,1,62,0,2018,1,19,4,3,1,5,2,1,1,0,0,0,0,0,6.8909E+20,5.3328E+21,1.15409E+16,4.81204E+16
172437,9,1,62,0,2018,1,7,4,3,0,1,0,1,0,0,0,0,0,0,6.90858E+20,5.33301E+21,1.15647E+16,4.81217E+16
172438,9,1,85,158,2018,2,14,2,3,3,6,0,0,1,0,1,0,0,0,6.67288E+20,5.38132E+21,1.12674E+16,4.85626E+16
172439,9,1,62,0,2018,1,2,4,3,5,3,2,0,1,0,0,0,0,0,6.90796E+20,5.33475E+21,1.15647E+16,4.81374E+16
172440,9,1,62,0,2018,1,18,4,3,6,7,2,0,1,1,0,0,0,1,6.89883E+20,5.34331E+21,1.15562E+16,4.82146E+16
172441,9,1,85,149,2018,2,7,2,3,6,4,0,0,1,1,0,0,0,0,6.61403E+20,5.40053E+21,1.11952E+16,4.87368E+16
172442,9,1,62,0,2018,1,15,4,3,3,7,0,1,1,0,0,0,0,0,6.91941E+20,5.33498E+21,1.15801E+16,4.81391E+16
172443,9,1,75,135,2018,2,23,2,3,8,1,2,0,1,0,0,0,0,2,7.07428E+20,5.33959E+21,1.17903E+16,4.81757E+16
172444,9,1,62,0,2018,1,10,4,3,2,6,0,0,1,0,0,0,0,0,6.91558E+20,5.33258E+21,1.15739E+16,4.81177E+16
172445,9,1,62,0,2018,2,1,1,3,1,7,2,0,1,0,0,0,0,1,6.87946E+20,5.33875E+21,1.15281E+16,4.81741E+16
172446,9,1,62,0,2018,1,18,4,3,4,2,2,0,1,0,1,0,0,0,6.96851E+20,5.3351E+21,1.16461E+16,4.81387E+16
172447,9,1,62,0,2018,2,15,1,3,6,3,0,0,1,1,0,0,0,1,6.90714E+20,5.33628E+21,1.15642E+16,4.81511E+16
172448,9,1,84,138,2018,2,20,1,3,0,1,2,1,0,0,0,0,0,1,6.80675E+20,5.33066E+21,1.1427E+16,4.81036E+16
172449,9,1,62,0,2018,1,18,4,3,5,3,2,1,1,0,0,0,0,0,6.88298E+20,5.33457E+21,1.1531E+16,4.81365E+16
172450,9,1,62,0,2018,2,15,1,3,7,7,0,1,0,0,0,0,0,0,6.89757E+20,5.33645E+21,1.15515E+16,4.8153E+16
172451,9,1,62,0,2018,2,19,1,3,0,1,2,1,0,0,0,0,0,2,6.92269E+20,5.33489E+21,1.15845E+16,4.81382E+16
172452,9,7,64,0,2018,1,18,4,3,2,6,2,0,1,0,0,0,0,1,5.88469E+20,5.31478E+21,1.01855E+16,4.79802E+16
172453,9,7,80,139,2018,1,7,4,3,4,2,1,0,1,0,0,0,0,0,5.96472E+20,5.26315E+21,1.02813E+16,4.75146E+16
172454,9,7,64,0,2018,2,15,1,3,5,3,0,0,1,0,0,0,0,0,5.87038E+20,5.31726E+21,1.01669E+16,4.80027E+16
172455,9,7,77,151,2018,1,12,4,3,0,7,0,1,0,0,0,0,0,0,6.21371E+20,5.29454E+21,1.06206E+16,4.77927E+16
172456,9,7,72,170,2018,1,3,4,3,3,6,2,1,1,0,0,0,0,0,6.3097E+20,5.33379E+21,1.07607E+16,4.81439E+16
172457,9,7,64,0,2018,2,15,1,3,5,3,0,0,1,0,0,0,0,1,5.86892E+20,5.31594E+21,1.01646E+16,4.79908E+16
172458,9,7,72,217,2018,1,12,4,3,6,4,0,0,1,1,0,0,0,0,6.36149E+20,5.38139E+21,1.08456E+16,4.85708E+16
172459,9,7,80,133,2018,2,12,1,3,6,6,0,0,1,1,0,0,0,1,5.92733E+20,5.25076E+21,1.02291E+16,4.74037E+16
172460,9,7,72,184,2018,1,6,4,2,1,5,2,0,1,0,1,0,0,0,6.36124E+20,5.3618E+21,1.08389E+16,4.83947E+16
172461,9,7,77,129,2018,2,19,1,3,5,3,2,0,1,0,0,0,0,0,6.27342E+20,5.26974E+21,1.06931E+16,4.75686E+16
172462,9,7,72,200,2018,2,20,1,2,5,3,2,1,1,0,0,0,0,0,6.30199E+20,5.33801E+21,1.07516E+16,4.8182E+16
172463,9,7,61,0,2018,1,13,4,3,3,6,0,1,0,0,0,0,1,0,6.38434E+20,5.35559E+21,1.08681E+16,4.83383E+16
172464,9,7,72,163,2018,2,11,1,3,5,3,0,0,1,0,0,0,0,0,6.40582E+20,5.34734E+21,1.08943E+16,4.82636E+16
172465,9,7,61,0,2018,2,17,1,3,5,3,1,1,1,0,0,0,0,1,6.39149E+20,5.35922E+21,1.08789E+16,4.83708E+16
172466,9,6,61,0,2018,1,22,4,3,5,3,2,0,1,0,0,0,0,1,5.0763E+20,5.53301E+21,9.10636E+15,4.99494E+16
172467,9,5,61,0,2018,2,15,1,2,2,1,0,0,1,0,0,0,0,0,6.17326E+20,5.45937E+21,1.0613E+16,4.92758E+16
172468,9,6,71,111,2018,1,11,4,2,5,7,0,0,1,0,1,0,0,1,5.03337E+20,5.54417E+21,9.04661E+15,5.00498E+16
172469,9,5,72,130,2018,1,16,4,3,5,3,1,0,1,0,0,0,0,1,6.39809E+20,5.50434E+21,1.09379E+16,4.96753E+16
172470,9,5,71,174,2018,2,21,1,3,9,1,2,0,1,0,0,0,0,2,6.049E+20,5.46297E+21,1.04432E+16,4.93104E+16
172471,9,5,62,0,2018,1,18,4,3,4,2,2,1,1,0,0,0,0,1,6.42258E+20,5.4944E+21,1.09682E+16,4.95854E+16
172472,9,3,62,0,2018,2,19,1,3,8,1,2,0,1,0,0,0,0,0,7.30241E+20,5.43126E+21,1.21475E+16,4.89912E+16
172473,9,5,74,138,2018,1,13,4,3,1,5,0,0,1,0,1,0,0,1,6.6482E+20,5.48678E+21,1.12769E+16,4.95112E+16
172474,9,3,72,137,2018,2,4,1,2,6,4,2,0,1,1,0,0,0,1,7.8212E+20,5.4532E+21,1.28705E+16,4.91666E+16
172475,9,5,63,0,2018,1,14,4,3,5,2,0,0,1,0,0,0,0,1,6.40911E+20,5.48398E+21,1.09458E+16,4.9492E+16
172476,9,2,75,116,2018,2,13,1,3,6,7,0,0,1,1,0,0,0,0,8.20339E+20,5.36319E+21,1.33234E+16,4.83405E+16
172477,9,5,63,0,2018,1,12,4,3,5,7,0,1,1,0,0,0,0,0,6.45368E+20,5.48051E+21,1.10061E+16,4.94598E+16
172478,9,2,74,184,2018,2,16,1,2,4,1,0,0,1,0,0,0,0,2,7.48139E+20,5.36898E+21,1.23543E+16,4.8425E+16
172479,9,5,64,0,2018,1,23,4,3,5,7,2,0,1,0,0,0,0,0,6.51405E+20,5.47892E+21,1.10887E+16,4.9444E+16
172480,9,2,74,113,2018,2,2,1,3,9,1,2,0,1,0,0,0,0,0,7.29322E+20,5.38303E+21,1.21081E+16,4.85584E+16
172481,9,1,72,118,2018,2,22,1,3,5,3,2,0,1,0,0,0,0,1,7.96212E+20,5.30585E+21,1.29588E+16,4.78377E+16
172482,9,5,64,0,2018,1,17,4,3,3,6,2,0,1,0,1,0,0,1,6.51589E+20,5.47817E+21,1.10909E+16,4.94373E+16
172483,9,1,71,112,2018,2,17,1,3,4,2,1,0,1,0,0,0,0,0,7.84153E+20,5.34182E+21,1.28218E+16,4.81661E+16
172484,9,5,64,0,2018,1,15,4,3,6,2,0,0,1,1,0,0,0,0,6.51615E+20,5.47808E+21,1.10913E+16,4.94365E+16
172485,9,1,81,138,2018,2,3,1,3,8,1,2,0,1,0,0,0,0,1,6.40489E+20,5.33657E+21,1.08895E+16,4.81668E+16
172486,9,5,73,133,2018,1,20,4,3,6,4,2,1,0,1,0,0,0,1,6.25147E+20,5.48139E+21,1.07274E+16,4.94723E+16
172487,9,1,88,132,2018,2,0,1,3,0,1,2,1,0,0,0,0,0,1,6.65547E+20,5.32488E+21,1.12217E+16,4.80557E+16
172488,9,5,77,177,2018,1,18,4,3,5,3,2,1,1,0,0,0,0,0,6.44072E+20,5.43343E+21,1.09713E+16,4.90369E+16
172489,9,1,74,151,2018,2,14,1,3,9,1,0,0,1,0,0,0,0,1,6.78171E+20,5.36282E+21,1.14069E+16,4.83934E+16
172490,9,5,77,136,2018,1,9,4,3,5,3,0,0,1,0,1,0,0,0,6.29266E+20,5.44238E+21,1.07716E+16,4.91207E+16
172491,9,1,62,0,2018,2,13,7,3,5,3,0,0,1,0,0,0,0,1,6.94853E+20,5.33172E+21,1.16177E+16,4.81089E+16
172492,9,1,62,0,2018,2,9,7,3,5,3,0,1,1,0,0,0,0,1,6.91729E+20,5.33469E+21,1.15771E+16,4.81365E+16
172493,9,4,79,152,2018,1,12,4,3,5,3,0,0,1,0,0,0,0,0,7.24754E+20,5.56087E+21,1.21466E+16,5.01574E+16
172494,9,1,62,0,2018,2,18,7,3,3,2,2,1,1,0,0,0,0,1,6.86231E+20,5.33438E+21,1.15032E+16,4.81354E+16
172495,9,1,62,0,2018,2,0,7,3,1,7,2,1,1,0,0,0,0,1,6.91539E+20,5.33835E+21,1.15762E+16,4.81695E+16
172496,9,4,73,166,2018,1,6,4,2,9,1,2,0,1,0,0,0,0,1,6.54742E+20,5.5691E+21,1.11707E+16,5.02537E+16
172497,9,4,63,0,2018,1,7,4,3,6,2,2,0,1,1,0,0,0,1,6.39892E+20,5.56876E+21,1.09624E+16,5.02544E+16
172498,9,7,64,0,2018,2,19,7,3,2,6,2,0,1,0,0,0,0,2,5.873E+20,5.31659E+21,1.01702E+16,4.79966E+16
172499,9,4,77,128,2018,1,21,4,3,4,2,2,1,1,0,0,0,0,1,6.75503E+20,5.55374E+21,1.14546E+16,5.011E+16
172500,9,7,78,203,2018,2,10,7,3,4,7,0,0,1,0,0,0,0,0,6.22252E+20,5.32476E+21,1.06409E+16,4.80644E+16
172501,9,4,62,0,2018,1,19,4,3,2,7,2,0,1,0,0,0,0,1,6.85571E+20,5.53753E+21,1.15874E+16,4.99612E+16
172502,9,4,61,0,2018,1,19,4,3,6,4,2,0,1,1,0,0,0,1,6.35941E+20,5.5289E+21,1.08929E+16,4.9897E+16
172503,9,7,80,139,2018,2,22,7,3,2,6,2,0,1,0,0,0,0,0,5.96515E+20,5.2639E+21,1.0282E+16,4.75214E+16
172504,9,3,75,174,2018,1,13,4,3,5,3,0,0,1,0,0,0,0,0,7.33872E+20,5.43071E+21,1.21967E+16,4.8985E+16
172505,9,3,75,114,2018,1,16,4,3,5,3,0,0,1,0,0,0,0,1,7.42179E+20,5.44418E+21,1.23181E+16,4.91027E+16
172506,9,7,80,133,2018,2,14,7,3,3,7,0,1,1,0,0,0,0,0,5.96344E+20,5.25157E+21,1.02771E+16,4.74105E+16
172507,9,3,62,0,2018,1,18,4,3,0,7,1,0,0,0,0,0,1,0,7.26703E+20,5.43358E+21,1.21005E+16,4.90134E+16
172508,9,7,63,0,2018,2,20,7,3,5,3,2,0,1,0,0,0,0,0,5.99758E+20,5.28782E+21,1.03306E+16,4.7736E+16
172509,9,5,62,0,2018,2,11,7,2,4,2,0,1,1,0,0,0,0,1,6.4613E+20,5.49527E+21,1.1022E+16,4.95923E+16
172510,9,3,62,0,2018,1,8,4,3,5,2,0,0,1,0,0,0,0,0,7.27583E+20,5.43158E+21,1.21114E+16,4.89951E+16
172511,9,5,74,138,2018,2,12,7,3,1,5,0,0,1,0,0,0,0,0,6.65282E+20,5.48586E+21,1.12829E+16,4.95028E+16
172512,9,5,64,0,2018,2,16,7,3,5,7,1,0,1,0,0,0,0,0,6.50858E+20,5.47877E+21,1.10811E+16,4.94429E+16
172513,9,3,62,0,2018,1,14,4,3,5,5,0,1,1,0,0,0,0,0,7.24348E+20,5.43154E+21,1.20672E+16,4.8996E+16
172514,9,3,62,0,2018,1,16,4,3,5,3,0,0,1,0,0,0,0,1,7.28613E+20,5.43618E+21,1.21281E+16,4.9036E+16
172515,9,5,64,0,2018,2,21,7,3,5,3,2,0,1,0,0,0,0,0,6.51394E+20,5.48021E+21,1.1089E+16,4.94557E+16
172516,9,2,76,148,2018,1,15,4,3,6,4,0,0,1,1,0,0,0,0,8.09811E+20,5.43727E+21,1.32371E+16,4.90105E+16
172517,9,2,61,0,2018,1,12,4,3,2,6,0,0,1,0,0,0,0,0,7.33732E+20,5.38136E+21,1.21668E+16,4.85418E+16
172518,9,3,63,0,2018,2,13,7,3,5,3,0,0,1,0,0,0,0,0,7.28267E+20,5.50903E+21,1.21651E+16,4.96905E+16
172519,9,2,74,156,2018,1,14,4,3,4,6,0,1,1,0,0,0,0,0,7.44455E+20,5.389E+21,1.23163E+16,4.86063E+16
172520,9,2,61,0,2018,1,15,4,3,5,3,0,0,1,0,0,0,0,0,7.30459E+20,5.3822E+21,1.2123E+16,4.85505E+16
172521,9,3,75,201,2018,2,11,7,3,0,1,0,0,0,0,1,0,0,0,7.45153E+20,5.41953E+21,1.2344E+16,4.88802E+16
172522,9,2,79,126,2018,1,6,4,3,8,1,1,1,0,0,0,0,0,1,7.64229E+20,5.38703E+21,1.25828E+16,4.85806E+16
172523,9,3,73,147,2018,2,20,7,3,8,1,2,0,1,0,0,0,0,0,6.76507E+20,5.46239E+21,1.14274E+16,4.92888E+16
172524,9,3,72,116,2018,2,6,7,3,1,7,0,0,1,0,0,0,0,0,7.66901E+20,5.45938E+21,1.26663E+16,4.9229E+16
172525,9,3,61,0,2018,2,18,7,3,1,1,2,1,1,0,0,0,0,1,7.08839E+20,5.47949E+21,1.18804E+16,4.94322E+16
172526,9,1,87,137,2018,1,18,4,3,1,5,2,1,1,0,0,0,0,0,7.3043E+20,5.30894E+21,1.20828E+16,4.78924E+16
172527,9,1,62,0,2018,1,7,4,3,2,6,1,0,1,0,0,0,0,0,6.80978E+20,5.33955E+21,1.14349E+16,4.81834E+16
172528,9,2,71,119,2018,2,9,7,3,6,7,0,0,1,1,0,0,0,0,7.89983E+20,5.41731E+21,1.29525E+16,4.88409E+16
172529,9,1,81,130,2018,1,14,4,3,6,4,0,1,0,1,0,0,0,0,6.39924E+20,5.32384E+21,1.08777E+16,4.80525E+16
172530,9,3,62,0,2018,2,13,7,3,5,3,0,0,1,0,0,0,0,0,7.29986E+20,5.43718E+21,1.21474E+16,4.90446E+16
172531,9,2,63,0,2018,2,10,7,3,5,3,0,0,1,0,0,1,0,0,7.64284E+20,5.42147E+21,1.26057E+16,4.88898E+16
172532,9,2,77,116,2018,2,17,7,3,6,7,1,0,1,1,0,0,0,0,7.78008E+20,5.36797E+21,1.27566E+16,4.84035E+16
172533,9,2,74,126,2018,2,21,7,3,5,3,2,0,1,0,0,0,0,1,7.33144E+20,5.38288E+21,1.21597E+16,4.85556E+16
172534,9,1,80,117,2018,2,21,7,3,5,3,2,0,1,0,0,0,0,1,6.57508E+20,5.26184E+21,1.1091E+16,4.74909E+16
172535,9,1,71,111,2018,2,20,7,2,8,7,2,1,0,0,0,0,0,0,7.72694E+20,5.34742E+21,1.26716E+16,4.82213E+16
172536,9,1,78,143,2018,2,13,7,3,5,3,0,0,1,0,0,0,1,0,7.16045E+20,5.37219E+21,1.19228E+16,4.84657E+16
172537,9,1,78,124,2018,2,19,7,3,1,6,2,0,0,0,1,0,0,0,7.00487E+20,5.35913E+21,1.17063E+16,4.83535E+16
172538,9,1,77,117,2018,2,11,7,3,2,6,0,0,1,0,0,0,0,0,7.13896E+20,5.35478E+21,1.18849E+16,4.831E+16
172539,9,1,62,0,2018,2,10,6,3,5,3,0,0,1,0,0,0,0,1,6.89533E+20,5.33189E+21,1.15464E+16,4.81121E+16
172540,9,1,62,0,2018,2,19,6,3,3,7,2,0,1,0,0,0,0,1,6.89775E+20,5.3334E+21,1.15503E+16,4.81255E+16
172541,9,1,62,0,2018,2,16,6,2,3,2,0,1,0,0,0,1,0,0,6.90371E+20,5.3335E+21,1.15584E+16,4.81262E+16
172542,9,1,62,0,2018,2,14,6,3,5,2,0,1,1,0,0,0,0,1,6.92671E+20,5.33419E+21,1.15896E+16,4.81318E+16
172543,9,1,62,0,2018,2,18,6,3,0,6,2,0,1,0,0,0,1,1,6.94917E+20,5.3367E+21,1.16209E+16,4.81537E+16
172544,9,1,62,0,2018,2,15,6,3,5,4,0,0,1,1,0,0,0,0,6.84398E+20,5.33541E+21,1.1479E+16,4.81452E+16
172545,9,1,62,0,2018,2,14,6,3,1,6,0,0,1,0,0,0,0,0,6.88212E+20,5.33837E+21,1.15316E+16,4.81707E+16
172546,9,1,62,0,2018,2,17,6,3,6,4,2,0,1,1,0,0,0,1,6.88958E+20,5.33677E+21,1.15409E+16,4.81561E+16
172547,9,1,62,0,2018,2,1,6,3,5,3,2,0,1,0,0,0,0,1,6.86409E+20,5.33755E+21,1.1507E+16,4.81638E+16
172548,9,1,62,0,2018,2,10,6,3,5,2,0,0,1,0,0,0,0,0,6.90451E+20,5.33474E+21,1.156E+16,4.81374E+16
172549,9,7,64,0,2018,2,11,6,3,0,7,0,1,0,0,0,0,0,1,5.86989E+20,5.31162E+21,1.01651E+16,4.7952E+16
172550,9,7,63,0,2018,2,10,6,3,2,6,0,0,1,0,0,0,0,0,5.98556E+20,5.28613E+21,1.03141E+16,4.77211E+16
172551,9,7,61,0,2018,2,17,6,3,1,7,2,1,0,0,0,1,0,2,6.37385E+20,5.36065E+21,1.08556E+16,4.83841E+16
172552,9,6,63,0,2018,2,13,6,3,0,2,0,0,1,0,1,0,0,0,5.65863E+20,5.51703E+21,9.91527E+15,4.98021E+16
172553,9,6,63,0,2018,2,8,6,3,0,7,0,1,0,1,0,0,0,0,5.672E+20,5.51651E+21,9.93376E+15,4.97973E+16
172554,9,5,62,0,2018,2,13,6,3,0,7,0,1,0,0,0,0,0,0,6.45159E+20,5.49443E+21,1.10083E+16,4.9585E+16
172555,9,5,64,0,2018,2,15,6,3,0,7,0,0,0,0,0,0,1,0,6.54905E+20,5.4756E+21,1.11357E+16,4.94134E+16
172556,9,5,64,0,2018,2,9,6,3,5,3,0,0,0,0,0,0,1,0,6.49768E+20,5.47512E+21,1.10647E+16,4.94103E+16
172557,9,5,64,0,2018,2,15,6,3,2,6,0,0,1,0,0,0,0,0,6.49575E+20,5.47936E+21,1.10636E+16,4.94485E+16