OBJECTID_1,ULAND,UREGBEZ,UKREIS,UGEMEINDE,UJAHR,UMONAT,USTUNDE,UWOCHENTAG,UKATEGORIE,UART,UTYP1,ULICHTVERH,IstRad,IstPKW,IstFuss,IstKrad,IstGkfz,IstSonstig,STRZUSTAND,LINREFX,LINREFY,XGCSWGS84,YGCSWGS84
172931,9,3,72,171,2018,2,8,5,2,4,2,0,0,1,0,0,0,0,0,7.67599E+20,5.47591E+21,1.26869E+16,4.93771E+16
172932,9,3,76,144,2018,2,13,5,3,4,6,0,1,1,0,0,0,0,0,7.30478E+20,5.48265E+21,1.21802E+16,4.94528E+16
172933,9,7,80,120,2018,2,12,2,2,6,4,0,0,1,1,0,0,0,0,6.01044E+20,5.28357E+21,1.03467E+16,4.76976E+16
172934,9,3,76,170,2018,2,15,5,3,5,3,0,0,1,0,0,0,0,1,7.24605E+20,5.45624E+21,1.20845E+16,4.92177E+16
172935,9,7,79,115,2018,2,14,2,3,5,3,0,0,1,0,0,1,0,0,6.34034E+20,5.39284E+21,1.08207E+16,4.86742E+16
172936,9,3,76,170,2018,2,5,5,3,5,3,2,0,1,0,1,0,0,0,7.246E+20,5.45636E+21,1.20845E+16,4.92188E+16
172937,9,7,73,125,2018,2,17,2,3,0,7,0,1,0,0,0,0,0,2,6.10576E+20,5.3814E+21,1.04991E+16,4.85759E+16
172938,9,7,72,200,2018,2,7,2,3,0,1,0,1,0,0,0,0,0,1,6.30778E+20,5.3379E+21,1.07593E+16,4.81808E+16
172939,9,2,75,154,2018,2,13,5,3,5,3,0,0,1,0,0,0,0,0,8.03044E+20,5.39784E+21,1.31157E+16,4.866E+16
172940,9,7,61,0,2018,2,5,2,3,1,5,2,0,1,0,0,0,0,1,6.39812E+20,5.35866E+21,1.08877E+16,4.83656E+16
172941,9,2,61,0,2018,2,10,5,3,5,3,0,0,1,0,0,0,0,0,7.30791E+20,5.38301E+21,1.21279E+16,4.85577E+16
172942,9,6,63,0,2018,2,13,2,3,3,6,0,0,1,0,1,0,0,0,5.67379E+20,5.51596E+21,9.93615E+15,4.97923E+16
172943,9,2,61,0,2018,2,15,5,3,0,7,0,1,0,0,0,0,0,1,7.32408E+20,5.38193E+21,1.21492E+16,4.85473E+16
172944,9,6,62,0,2018,2,21,2,2,5,3,2,1,1,0,0,0,0,0,5.87372E+20,5.54502E+21,1.02204E+16,5.0051E+16
172945,9,6,71,140,2018,2,21,2,3,4,7,2,0,1,0,0,0,0,0,5.05653E+20,5.53736E+21,9.07886E+15,4.99886E+16
172946,9,2,73,137,2018,2,15,5,3,8,7,0,1,0,0,0,0,0,1,7.10712E+20,5.42294E+21,1.18766E+16,4.89235E+16
172947,9,5,74,117,2018,2,17,2,3,5,7,2,0,1,0,0,0,0,0,6.65574E+20,5.46887E+21,1.12798E+16,4.935E+16
172948,9,1,90,157,2018,6,18,6,3,1,5,0,1,1,0,0,0,0,0,6.59795E+20,5.30151E+21,1.11359E+16,4.7847E+16
172949,9,5,64,0,2018,2,14,2,3,5,7,0,1,1,0,0,0,0,1,6.49156E+20,5.48037E+21,1.10582E+16,4.94577E+16
172950,9,1,90,157,2018,2,11,5,3,6,4,0,0,1,1,0,0,0,0,6.60182E+20,5.30057E+21,1.11407E+16,4.78385E+16
172951,9,5,64,0,2018,2,7,2,3,2,6,0,0,1,0,0,0,0,1,6.46212E+20,5.47739E+21,1.10165E+16,4.94316E+16
172952,9,1,80,117,2018,2,12,5,3,6,7,0,0,0,1,0,0,1,0,6.57313E+20,5.26171E+21,1.10884E+16,4.74898E+16
172953,9,5,64,0,2018,2,16,2,3,6,2,0,0,0,1,0,0,1,0,6.50009E+20,5.48117E+21,1.10703E+16,4.94647E+16
172954,9,1,89,154,2018,2,16,5,3,5,3,0,0,1,0,0,0,0,2,7.67902E+20,5.31787E+21,1.25887E+16,4.7958E+16
172955,9,5,64,0,2018,2,17,2,3,0,7,0,1,0,0,0,0,0,0,6.46814E+20,5.47269E+21,1.10231E+16,4.93892E+16
172956,9,1,89,130,2018,2,21,5,3,8,1,2,0,1,0,0,0,0,2,7.68498E+20,5.31301E+21,1.25937E+16,4.79141E+16
172957,9,5,64,0,2018,2,7,2,3,5,3,0,1,1,0,0,0,0,0,6.56042E+20,5.47423E+21,1.11508E+16,4.94008E+16
172958,9,1,71,117,2018,2,19,5,3,5,1,2,0,1,0,0,0,0,1,7.68886E+20,5.33897E+21,1.26151E+16,4.81471E+16
172959,9,1,87,167,2018,2,16,5,3,9,1,0,0,1,0,0,0,0,1,7.40602E+20,5.30196E+21,1.22148E+16,4.78259E+16
172960,9,5,64,0,2018,2,17,2,3,2,6,1,0,1,0,0,0,0,0,6.50377E+20,5.47902E+21,1.10746E+16,4.94452E+16
172961,9,1,79,142,2018,2,16,5,3,8,1,0,0,1,0,0,0,0,2,6.75064E+20,5.34329E+21,1.13569E+16,4.82186E+16
172962,9,5,65,0,2018,2,7,2,3,6,7,0,0,1,1,0,0,0,0,6.46984E+20,5.46489E+21,1.10226E+16,4.9319E+16
172963,9,1,74,115,2018,2,18,5,3,6,2,2,0,1,1,0,0,0,1,6.83478E+20,5.34921E+21,1.14726E+16,4.82695E+16
172964,9,4,79,158,2018,2,16,2,3,4,6,0,0,1,0,0,0,0,0,7.23333E+20,5.55094E+21,1.2121E+16,5.00687E+16
172965,9,4,79,152,2018,2,11,2,2,8,1,0,0,1,0,0,0,0,0,7.21841E+20,5.56072E+21,1.21058E+16,5.01572E+16
172966,9,1,78,124,2018,2,18,5,3,5,3,1,1,0,0,0,0,1,1,7.01513E+20,5.36408E+21,1.17225E+16,4.83977E+16
172967,9,4,78,145,2018,2,15,2,3,6,6,0,0,1,1,0,0,0,0,6.50736E+20,5.55888E+21,1.11105E+16,5.0163E+16
172968,9,4,62,0,2018,2,19,2,3,5,2,2,1,1,0,0,0,0,0,6.84729E+20,5.53645E+21,1.15752E+16,4.99518E+16
172969,9,1,62,0,2018,2,20,4,3,5,3,2,0,1,0,0,0,0,1,6.88544E+20,5.33902E+21,1.15363E+16,4.81764E+16
172970,9,1,62,0,2018,2,9,4,3,4,2,0,0,1,0,0,0,0,1,6.82189E+20,5.33491E+21,1.14491E+16,4.81413E+16
172971,9,4,62,0,2018,2,7,2,3,5,3,0,1,1,0,0,0,0,0,6.8639E+20,5.53513E+21,1.15977E+16,4.99394E+16
172972,9,1,62,0,2018,2,9,4,3,5,2,0,0,1,0,0,0,0,0,6.94557E+20,5.34265E+21,1.16188E+16,4.82072E+16
172973,9,1,62,0,2018,2,15,4,3,5,3,0,1,1,0,0,0,0,0,6.87885E+20,5.32996E+21,1.15235E+16,4.80952E+16
172974,9,3,63,0,2018,2,17,2,3,0,1,0,1,0,0,0,0,0,0,7.26817E+20,5.50858E+21,1.21448E+16,4.9687E+16
172975,9,1,62,0,2018,2,13,4,3,6,2,0,0,1,1,0,0,0,0,6.93686E+20,5.34033E+21,1.1606E+16,4.81866E+16
172976,9,3,63,0,2018,2,5,2,3,5,3,2,0,1,0,0,0,0,0,7.293E+20,5.50709E+21,1.21783E+16,4.96727E+16
172977,9,1,62,0,2018,2,9,4,3,5,3,0,0,1,0,0,0,0,0,6.88544E+20,5.33902E+21,1.15363E+16,4.81764E+16
172978,9,3,62,0,2018,2,11,2,3,4,2,0,0,1,0,0,0,0,0,7.24252E+20,5.43375E+21,1.20671E+16,4.90159E+16
172979,9,1,62,0,2018,2,9,4,3,9,1,0,0,1,0,0,0,0,0,6.90632E+20,5.34092E+21,1.15652E+16,4.81929E+16
172980,9,3,73,147,2018,2,20,2,3,4,2,2,1,1,0,0,0,0,0,6.78675E+20,5.46176E+21,1.14569E+16,4.92824E+16
172981,9,2,76,138,2018,2,8,2,3,5,3,0,0,1,0,0,0,0,0,8.01649E+20,5.43256E+21,1.31223E+16,4.89722E+16
172982,9,1,62,0,2018,2,14,4,3,5,2,0,1,1,0,0,0,0,0,6.90722E+20,5.34037E+21,1.15662E+16,4.81879E+16
172983,9,2,74,126,2018,2,5,2,3,4,2,2,0,1,0,0,0,0,0,7.32863E+20,5.38379E+21,1.21564E+16,4.85639E+16
172984,9,1,73,126,2018,2,8,2,3,5,3,0,0,1,0,0,0,0,0,6.85957E+20,5.30283E+21,1.14858E+16,4.78519E+16
172985,9,1,62,0,2018,2,9,4,3,4,2,0,0,1,0,0,0,0,0,6.98565E+20,5.33529E+21,1.16692E+16,4.81399E+16
172986,9,1,62,0,2018,2,19,4,3,6,1,2,0,1,1,0,0,0,0,6.90605E+20,5.3373E+21,1.15632E+16,4.81603E+16
172987,9,1,63,0,2018,2,16,2,3,2,6,0,0,1,0,0,0,0,0,7.33948E+20,5.30423E+21,1.21272E+16,4.78488E+16
172988,9,7,64,0,2018,2,12,4,3,5,3,0,0,1,0,0,0,0,0,5.8737E+20,5.31539E+21,1.01709E+16,4.79858E+16
172989,9,7,63,0,2018,2,11,4,3,1,6,0,0,1,0,0,0,0,0,5.98978E+20,5.28555E+21,1.03196E+16,4.77158E+16
172990,9,1,74,115,2018,2,14,2,3,0,1,0,1,0,0,0,0,0,2,6.81864E+20,5.34627E+21,1.14496E+16,4.82435E+16
172991,9,7,73,139,2018,2,14,4,3,9,1,0,0,1,0,0,0,0,0,6.152E+20,5.38525E+21,1.05629E+16,4.86097E+16
172992,9,1,62,0,2018,2,14,1,3,3,2,0,0,1,0,0,0,1,0,6.86767E+20,5.33695E+21,1.15115E+16,4.81583E+16
172993,9,7,61,0,2018,2,19,4,3,2,6,2,0,1,0,0,0,0,0,6.37732E+20,5.35943E+21,1.08599E+16,4.8373E+16
172994,9,1,62,0,2018,2,8,1,3,8,7,0,0,1,0,0,0,0,1,6.88656E+20,5.33315E+21,1.15352E+16,4.81237E+16
172995,9,1,62,0,2018,2,5,1,2,6,4,2,0,1,1,0,0,0,1,6.89917E+20,5.3353E+21,1.15531E+16,4.81426E+16
172996,9,7,61,0,2018,2,12,4,3,5,3,0,1,1,0,0,0,0,0,6.41899E+20,5.3607E+21,1.09165E+16,4.83835E+16
172997,9,1,84,120,2018,2,1,1,3,0,3,2,0,1,0,0,0,0,2,6.81993E+20,5.33261E+21,1.14455E+16,4.81207E+16
172998,9,7,80,139,2018,2,17,1,3,0,1,0,1,0,0,0,0,0,1,5.97277E+20,5.26384E+21,1.02921E+16,4.75207E+16
172999,9,7,61,0,2018,2,23,4,3,0,1,2,1,0,0,0,0,0,0,6.40709E+20,5.35924E+21,1.09E+16,4.83706E+16
173000,9,6,74,163,2018,2,15,1,2,6,4,0,0,0,1,1,0,0,0,6.11259E+20,5.53831E+21,1.0552E+16,4.99868E+16
173001,9,7,61,0,2018,2,17,4,3,4,6,2,1,1,0,0,0,0,0,6.40528E+20,5.35938E+21,1.08976E+16,4.83719E+16
173002,9,6,75,141,2018,2,15,4,3,5,2,0,0,1,0,0,0,0,0,5.84792E+20,5.51222E+21,1.01772E+16,4.97565E+16
173003,9,5,64,0,2018,2,4,1,2,5,3,2,1,1,0,0,0,0,0,6.50204E+20,5.47943E+21,1.10723E+16,4.9449E+16
173004,9,6,76,124,2018,2,12,4,3,0,7,0,0,0,0,1,0,0,0,5.32069E+20,5.51447E+21,9.44546E+15,4.97818E+16
173005,9,5,64,0,2018,2,18,1,3,0,7,2,1,0,1,0,0,0,1,6.506E+20,5.47968E+21,1.10779E+16,4.94511E+16
173006,9,6,76,132,2018,2,11,4,3,6,5,0,0,1,1,0,0,0,0,5.14954E+20,5.50747E+21,9.20745E+15,4.97195E+16
173007,9,5,71,180,2018,2,0,1,3,8,1,2,0,1,0,0,0,0,2,6.30254E+20,5.46097E+21,1.07912E+16,4.92876E+16
173008,9,6,71,139,2018,2,11,4,3,5,3,0,1,1,0,0,0,0,0,5.22113E+20,5.54015E+21,9.30863E+15,5.00133E+16
173009,9,3,76,117,2018,2,11,1,2,9,1,0,0,1,0,0,0,0,2,7.36352E+20,5.46089E+21,1.22483E+16,4.92551E+16
173010,9,5,72,111,2018,2,9,4,2,5,3,0,1,1,0,0,0,0,1,6.371E+20,5.50847E+21,1.09018E+16,4.97131E+16
173011,9,2,78,113,2018,2,8,1,2,0,3,0,0,1,0,0,0,1,2,7.6849E+20,5.42193E+21,1.26632E+16,4.88921E+16
173012,9,5,62,0,2018,2,16,4,3,5,3,0,1,1,0,0,0,0,0,6.45737E+20,5.49568E+21,1.10168E+16,4.95961E+16
173013,9,2,75,111,2018,2,4,1,3,9,1,2,0,1,0,0,0,0,2,8.15571E+20,5.4E+21,1.3287E+16,4.86732E+16
173014,9,1,87,172,2018,2,9,1,3,4,1,0,0,1,0,0,0,0,1,7.42159E+20,5.29656E+21,1.22325E+16,4.77768E+16
173015,9,5,64,0,2018,2,18,4,2,6,4,2,0,1,1,0,0,0,0,6.49355E+20,5.48058E+21,1.10611E+16,4.94595E+16
173016,9,1,85,149,2018,2,13,1,3,5,3,0,0,1,0,0,0,0,1,6.61508E+20,5.40011E+21,1.11965E+16,4.8733E+16
173017,9,5,64,0,2018,2,8,4,3,5,3,0,1,1,0,0,0,0,0,6.50128E+20,5.47769E+21,1.10706E+16,4.94334E+16
173018,9,1,62,0,2018,2,10,7,3,5,3,0,0,1,0,0,0,0,1,6.97734E+20,5.3368E+21,1.16588E+16,4.81537E+16
173019,9,5,64,0,2018,2,8,4,3,6,2,0,0,1,1,0,0,0,1,6.48926E+20,5.47848E+21,1.10544E+16,4.94407E+16
173020,9,1,62,0,2018,2,16,7,3,2,6,0,0,1,0,0,0,1,1,6.93611E+20,5.34183E+21,1.16057E+16,4.82002E+16
173021,9,5,75,153,2018,2,8,4,3,7,1,0,0,1,0,0,0,0,0,6.16737E+20,5.49315E+21,1.06149E+16,4.95796E+16
173022,9,1,62,0,2018,2,11,7,3,8,6,0,0,1,0,0,0,0,1,6.91954E+20,5.3404E+21,1.15827E+16,4.81878E+16
173023,9,5,71,136,2018,2,20,4,3,4,6,2,0,1,0,0,0,0,0,5.98279E+20,5.43552E+21,1.03454E+16,4.90647E+16
173024,9,1,62,0,2018,2,1,7,3,3,7,2,1,1,0,0,0,0,1,6.90214E+20,5.33524E+21,1.15571E+16,4.81419E+16
173025,9,1,62,0,2018,2,14,7,3,5,3,0,0,1,0,0,0,0,2,6.84006E+20,5.33965E+21,1.14756E+16,4.81834E+16
173026,9,4,64,0,2018,2,8,4,3,2,6,0,0,1,0,0,0,0,0,7.04676E+20,5.57703E+21,1.18747E+16,5.03098E+16
173027,9,1,62,0,2018,2,17,7,3,9,1,0,0,1,0,0,0,0,2,6.93192E+20,5.33183E+21,1.15955E+16,4.81104E+16
173028,9,7,75,152,2018,2,12,7,3,5,1,0,0,1,0,0,0,0,2,5.78264E+20,5.35341E+21,1.00559E+16,4.83291E+16
173029,9,4,62,0,2018,2,19,4,3,8,2,2,0,1,0,0,0,0,0,6.86855E+20,5.53508E+21,1.16041E+16,4.99388E+16
173030,9,3,62,0,2018,2,10,4,3,0,7,0,0,0,0,1,0,0,0,7.25846E+20,5.43395E+21,1.2089E+16,4.90171E+16
173031,9,7,75,135,2018,2,12,7,3,4,1,0,0,1,0,0,0,0,2,5.767E+20,5.36348E+21,1.00367E+16,4.84198E+16
173032,9,3,73,147,2018,2,13,4,3,2,6,0,0,1,0,0,0,0,0,6.76115E+20,5.46265E+21,1.14221E+16,4.92912E+16
173033,9,7,75,135,2018,2,10,7,3,1,6,0,0,1,0,0,0,1,2,5.76213E+20,5.36099E+21,1.00296E+16,4.83975E+16
173034,9,3,73,140,2018,2,15,4,3,8,1,0,0,1,0,0,0,0,1,6.81145E+20,5.47352E+21,1.14961E+16,4.93874E+16
173035,9,2,73,147,2018,2,19,4,3,5,3,2,0,1,0,0,0,0,0,7.05192E+20,5.39136E+21,1.17856E+16,4.86416E+16
173036,9,7,64,0,2018,2,15,7,3,5,3,0,0,1,0,0,0,0,1,5.87039E+20,5.31727E+21,1.01669E+16,4.80028E+16
173037,9,2,79,112,2018,2,15,4,3,2,6,0,0,1,0,0,0,0,0,7.57507E+20,5.39297E+21,1.24955E+16,4.86367E+16
173038,9,1,80,123,2018,2,13,4,3,5,3,0,0,1,0,0,0,0,0,6.71399E+20,5.25837E+21,1.1274E+16,4.74562E+16
173039,9,7,64,0,2018,2,13,7,3,5,3,0,0,1,0,0,0,0,1,5.89008E+20,5.31581E+21,1.0193E+16,4.79894E+16
173040,9,1,72,114,2018,2,9,4,3,2,5,0,0,1,0,0,0,0,0,7.9068E+20,5.2932E+21,1.28766E+16,4.77267E+16
173041,9,7,77,121,2018,2,11,7,3,5,3,0,0,1,0,0,0,0,2,6.28818E+20,5.32118E+21,1.07279E+16,4.80309E+16
173042,9,7,72,151,2018,2,14,7,3,4,6,0,0,1,0,0,0,0,2,6.32072E+20,5.34309E+21,1.07784E+16,4.82272E+16
173043,9,1,63,0,2018,2,6,4,3,5,2,0,0,1,0,0,0,1,0,7.31376E+20,5.30409E+21,1.20928E+16,4.78485E+16
173044,9,7,61,0,2018,2,16,7,3,1,6,0,0,1,0,0,0,1,2,6.39097E+20,5.35912E+21,1.08782E+16,4.83699E+16
173045,9,7,61,0,2018,2,13,7,3,5,3,0,0,1,0,0,0,0,2,6.39166E+20,5.35883E+21,1.0879E+16,4.83673E+16
173046,9,1,87,179,2018,2,17,4,2,0,7,2,0,1,0,0,0,0,2,7.22201E+20,5.30882E+21,1.19728E+16,4.78942E+16
173047,9,1,79,123,2018,2,7,4,3,5,3,0,1,1,0,0,0,0,0,6.76002E+20,5.33338E+21,1.13654E+16,4.81293E+16
173048,9,7,61,0,2018,2,19,7,3,1,5,2,0,1,0,0,0,0,2,6.39767E+20,5.36003E+21,1.08875E+16,4.83779E+16
173049,9,1,74,115,2018,2,11,4,3,4,5,0,0,1,0,0,0,1,0,6.82932E+20,5.34886E+21,1.14651E+16,4.82665E+16
173050,9,1,62,0,2018,2,9,3,3,3,2,0,1,1,0,0,0,0,0,6.89751E+20,5.33456E+21,1.15505E+16,4.8136E+16
173051,9,6,71,140,2018,2,10,7,3,3,6,0,1,1,0,0,0,0,0,5.06103E+20,5.53613E+21,9.08512E+15,4.99775E+16
173052,9,1,62,0,2018,2,8,3,3,6,2,0,0,1,1,0,0,0,0,6.90739E+20,5.34275E+21,1.15675E+16,4.82093E+16
173053,9,1,62,0,2018,2,17,3,3,0,3,2,1,1,0,0,0,0,0,6.90382E+20,5.33615E+21,1.15597E+16,4.81501E+16
173054,9,5,62,0,2018,2,23,7,3,0,7,2,1,0,0,0,0,0,0,6.45647E+20,5.49569E+21,1.10155E+16,4.95962E+16
173055,9,1,62,0,2018,2,13,3,3,4,6,0,1,1,0,0,0,1,0,6.93567E+20,5.33384E+21,1.16014E+16,4.81283E+16
173056,9,5,62,0,2018,2,17,7,2,0,7,1,1,0,0,0,0,0,0,6.45202E+20,5.49433E+21,1.10089E+16,4.95841E+16
173057,9,5,76,143,2018,2,14,7,3,0,6,0,0,1,0,0,0,0,2,6.56936E+20,5.45486E+21,1.11555E+16,4.92264E+16
173058,9,5,64,0,2018,2,23,7,3,5,3,2,0,1,0,0,0,0,1,6.49241E+20,5.47948E+21,1.10591E+16,4.94496E+16
173059,9,7,78,164,2018,2,13,3,3,6,7,0,0,0,1,0,1,0,0,5.83422E+20,5.30506E+21,1.0116E+16,4.78935E+16
173060,9,7,71,146,2018,2,14,3,3,4,3,0,0,1,0,0,0,0,0,6.47353E+20,5.3469E+21,1.09853E+16,4.82582E+16
173061,9,7,78,186,2018,2,8,1,2,0,7,0,1,0,0,0,0,0,2,5.96867E+20,5.31086E+21,1.02972E+16,4.79437E+16
173062,9,7,63,0,2018,2,20,1,3,8,1,2,0,1,0,0,0,0,0,5.99678E+20,5.28757E+21,1.03294E+16,4.77338E+16
173063,9,7,61,0,2018,2,16,1,3,5,3,0,0,1,0,0,0,0,0,6.38676E+20,5.35774E+21,1.0872E+16,4.83576E+16
173064,9,7,61,0,2018,2,20,1,3,6,4,2,0,1,1,0,0,0,0,6.39226E+20,5.36166E+21,1.08808E+16,4.83928E+16
173065,9,6,73,141,2018,2,12,1,3,5,3,0,0,1,0,0,0,0,0,6.04497E+20,5.57303E+21,1.04673E+16,5.03001E+16
173066,9,5,74,141,2018,2,7,1,3,8,1,0,0,1,0,0,0,0,0,6.68003E+20,5.48874E+21,1.13217E+16,4.9528E+16
173067,9,5,74,128,2018,2,15,1,3,1,7,0,0,1,0,0,0,0,0,6.79021E+20,5.48485E+21,1.1472E+16,4.94898E+16
173068,9,4,63,0,2018,2,15,1,3,6,2,0,0,1,1,0,0,0,0,6.39694E+20,5.56963E+21,1.096E+16,5.02622E+16
173069,9,4,61,0,2018,2,15,1,3,5,3,0,0,1,0,0,0,0,0,6.37356E+20,5.52783E+21,1.09122E+16,4.98871E+16
173070,9,3,63,0,2018,2,16,1,2,1,5,0,0,1,0,0,1,0,0,7.28013E+20,5.50821E+21,1.21611E+16,4.96833E+16
173071,9,3,72,135,2018,2,17,1,3,4,6,0,0,1,0,0,0,0,0,7.86497E+20,5.45755E+21,1.29335E+16,4.92037E+16
173072,9,3,72,155,2018,2,5,1,2,8,1,2,0,1,0,0,0,0,0,7.71467E+20,5.45833E+21,1.27281E+16,4.92175E+16
173073,9,3,76,117,2018,2,20,1,2,0,1,2,0,1,0,0,0,0,1,7.42068E+20,5.45923E+21,1.23257E+16,4.92379E+16
173074,9,2,76,118,2018,2,6,1,3,9,1,2,0,1,0,0,0,0,0,8.00502E+20,5.43721E+21,1.31101E+16,4.90145E+16
173075,9,2,76,117,2018,2,14,1,2,6,3,0,0,1,1,0,0,0,0,7.99788E+20,5.44264E+21,1.31044E+16,4.90636E+16
173076,9,2,62,0,2018,2,13,1,3,1,1,0,0,1,0,0,0,0,0,8.28049E+20,5.38869E+21,1.34471E+16,4.85654E+16
173077,9,1,72,118,2018,2,13,1,3,5,3,0,0,1,0,0,0,0,0,7.97573E+20,5.30601E+21,1.29771E+16,4.78385E+16
173078,9,1,79,134,2018,2,3,1,3,1,1,2,0,1,0,0,0,0,2,6.70406E+20,5.34273E+21,1.1294E+16,4.82149E+16
173079,9,2,62,0,2018,3,1,5,3,0,1,2,1,0,0,0,0,0,0,8.27583E+20,5.38932E+21,1.34413E+16,4.85712E+16
173080,9,1,62,0,2018,2,17,7,3,6,4,0,0,1,1,0,0,0,0,6.90631E+20,5.33475E+21,1.15624E+16,4.81374E+16
173081,9,1,62,0,2018,2,19,7,3,2,6,2,0,1,0,0,0,0,0,6.91752E+20,5.33541E+21,1.15778E+16,4.8143E+16
173082,9,2,74,184,2018,3,20,5,3,8,1,2,0,1,0,0,0,0,0,7.50489E+20,5.37439E+21,1.23893E+16,4.84727E+16
173083,9,1,62,0,2018,2,7,7,3,2,5,0,0,1,0,0,0,0,0,6.90631E+20,5.34093E+21,1.15652E+16,4.81929E+16
173084,9,7,75,142,2018,2,14,7,3,8,1,0,0,1,0,0,0,0,2,5.87171E+20,5.33384E+21,1.0172E+16,4.81518E+16
173085,9,1,71,112,2018,3,11,5,3,4,2,0,1,1,0,0,0,0,0,7.83754E+20,5.34215E+21,1.28167E+16,4.81692E+16
173086,9,7,62,0,2018,2,5,7,3,8,1,2,0,1,0,0,0,0,0,6.22325E+20,5.30564E+21,1.06365E+16,4.78924E+16
173087,9,1,71,125,2018,3,20,5,3,8,1,2,0,1,0,0,0,0,0,7.73805E+20,5.34921E+21,1.26877E+16,4.82369E+16
173088,9,7,79,194,2018,2,12,7,3,4,2,0,0,1,0,0,0,0,0,6.11191E+20,5.41393E+21,1.05162E+16,4.88684E+16
173089,9,1,87,150,2018,3,14,5,3,4,6,0,0,1,0,0,0,0,0,7.29758E+20,5.30458E+21,1.20715E+16,4.78535E+16
173090,9,1,61,0,2018,3,16,5,3,6,4,0,0,1,1,0,0,0,0,6.74427E+20,5.40521E+21,1.13742E+16,4.87754E+16
173091,9,7,73,125,2018,2,16,7,3,2,1,0,0,1,0,0,0,0,0,6.11513E+20,5.38258E+21,1.05121E+16,4.85864E+16
173092,9,1,61,0,2018,3,13,5,3,4,1,0,0,1,0,0,0,0,0,6.77512E+20,5.40409E+21,1.14157E+16,4.87644E+16
173093,9,7,61,0,2018,2,14,7,2,0,1,0,1,0,0,0,0,0,2,6.41173E+20,5.35906E+21,1.09062E+16,4.83689E+16
173094,9,1,85,149,2018,3,15,5,3,2,6,0,0,1,0,0,0,0,0,6.59515E+20,5.40016E+21,1.11694E+16,4.8734E+16
173095,9,1,61,0,2018,3,7,5,3,5,2,1,1,1,0,0,0,0,1,6.7827E+20,5.40458E+21,1.14262E+16,4.87687E+16
173096,9,1,76,120,2018,3,7,5,2,6,7,0,0,0,1,0,0,1,2,6.79751E+20,5.42203E+21,1.1454E+16,4.89251E+16
173097,9,6,73,142,2018,2,9,7,2,6,2,0,0,1,1,0,0,0,0,5.92497E+20,5.58699E+21,1.03023E+16,5.04276E+16
173098,9,1,79,121,2018,3,8,5,3,5,2,0,0,1,0,0,0,0,0,6.66503E+20,5.33777E+21,1.12396E+16,4.81713E+16
173099,9,6,61,0,2018,2,18,7,3,7,7,2,0,1,0,0,0,0,0,5.09646E+20,5.53516E+21,9.13451E+15,4.99687E+16
173100,9,1,78,113,2018,3,17,5,3,0,1,0,0,0,0,1,0,0,0,6.91864E+20,5.36697E+21,1.15936E+16,4.84266E+16
173101,9,5,64,0,2018,2,23,7,3,0,2,2,1,1,0,0,0,0,0,6.5077E+20,5.47957E+21,1.10802E+16,4.94501E+16
173102,9,1,62,0,2018,2,12,4,3,5,3,0,0,1,0,0,0,0,0,6.8935E+20,5.33364E+21,1.15447E+16,4.81278E+16
173103,9,4,62,0,2018,2,20,7,3,5,3,2,0,1,0,0,0,0,0,6.84117E+20,5.53514E+21,1.1566E+16,4.99402E+16
173104,9,1,62,0,2018,2,6,4,3,5,2,0,0,1,0,0,0,1,1,6.90271E+20,5.33564E+21,1.1558E+16,4.81456E+16
173105,9,1,62,0,2018,2,9,4,3,2,6,0,0,1,0,0,0,0,0,6.9018E+20,5.33373E+21,1.15559E+16,4.81284E+16
173106,9,4,71,140,2018,2,17,7,3,0,3,0,0,1,0,0,0,0,0,6.34215E+20,5.53068E+21,1.08695E+16,4.99134E+16
173107,9,1,62,0,2018,2,20,4,2,6,4,2,0,1,1,0,0,0,0,6.94475E+20,5.33372E+21,1.16136E+16,4.8127E+16
173108,9,4,71,140,2018,2,9,7,3,5,3,0,0,1,0,0,0,0,0,6.33985E+20,5.53108E+21,1.08664E+16,4.99171E+16
173109,9,4,71,140,2018,2,15,7,3,1,6,0,0,1,0,0,0,0,0,6.36271E+20,5.53194E+21,1.08985E+16,4.99242E+16
173110,9,1,62,0,2018,2,8,4,2,5,3,0,0,1,0,1,0,0,0,6.96951E+20,5.33418E+21,1.1647E+16,4.81304E+16
173111,9,1,62,0,2018,2,8,4,3,5,7,0,0,1,0,0,0,0,1,6.92309E+20,5.33753E+21,1.15862E+16,4.81619E+16
173112,9,7,78,115,2018,2,14,4,3,5,3,0,0,1,0,0,0,0,0,5.93907E+20,5.33293E+21,1.02624E+16,4.81427E+16
173113,9,3,75,180,2018,2,8,7,3,1,1,0,0,1,0,0,0,0,0,7.23949E+20,5.42985E+21,1.20609E+16,4.89809E+16
173114,9,7,74,171,2018,2,7,4,3,5,3,0,1,1,0,0,0,0,0,6.00743E+20,5.37044E+21,1.03632E+16,4.8479E+16
173115,9,3,73,121,2018,2,20,7,3,8,1,2,0,1,0,0,0,0,2,6.86968E+20,5.43607E+21,1.15589E+16,4.90491E+16
173116,9,2,63,0,2018,2,15,7,3,5,3,0,0,1,0,0,0,0,0,7.64418E+20,5.42043E+21,1.26068E+16,4.88803E+16
173117,9,2,62,0,2018,2,16,7,3,5,3,0,0,1,0,0,0,0,0,8.26952E+20,5.38849E+21,1.34321E+16,4.85641E+16