OBJECTID_1,ULAND,UREGBEZ,UKREIS,UGEMEINDE,UJAHR,UMONAT,USTUNDE,UWOCHENTAG,UKATEGORIE,UART,UTYP1,ULICHTVERH,IstRad,IstPKW,IstFuss,IstKrad,IstGkfz,IstSonstig,STRZUSTAND,LINREFX,LINREFY,XGCSWGS84,YGCSWGS84
173305,9,1,63,0,2018,2,12,2,3,0,1,0,0,0,0,1,0,0,1,7.34448E+20,5.30498E+21,1.21343E+16,4.78553E+16
173306,9,7,61,0,2018,2,14,4,3,6,4,0,0,1,1,0,0,0,0,6.40981E+20,5.35878E+21,1.09035E+16,4.83665E+16
173307,9,1,85,149,2018,2,8,2,2,5,3,0,1,1,0,0,0,0,0,6.60384E+20,5.39965E+21,1.1181E+16,4.87292E+16
173308,9,1,61,0,2018,2,10,2,3,2,6,0,0,1,0,0,0,0,0,6.78706E+20,5.40573E+21,1.14326E+16,4.87789E+16
173309,9,6,63,0,2018,2,7,4,3,5,2,1,1,1,0,0,0,0,0,5.67344E+20,5.51626E+21,9.93572E+15,4.9795E+16
173310,9,1,61,0,2018,2,17,2,3,2,6,0,0,1,0,0,0,0,0,6.75426E+20,5.405E+21,1.13877E+16,4.87733E+16
173311,9,1,81,130,2018,2,8,2,2,1,6,0,1,0,0,0,0,1,0,6.38559E+20,5.32545E+21,1.08599E+16,4.80673E+16
173312,9,6,74,163,2018,2,10,4,3,5,3,0,0,1,0,0,0,1,0,6.10407E+20,5.53897E+21,1.05404E+16,4.99928E+16
173313,9,5,72,135,2018,2,14,4,2,5,3,0,1,1,0,0,0,0,0,6.30103E+20,5.50638E+21,1.08041E+16,4.96959E+16
173314,9,1,79,145,2018,2,7,2,3,0,7,0,0,1,0,0,0,1,0,6.75896E+20,5.33864E+21,1.13662E+16,4.81766E+16
173315,9,5,62,0,2018,2,11,4,3,5,3,0,1,1,0,0,0,0,0,6.44911E+20,5.4949E+21,1.1005E+16,4.95893E+16
173316,9,5,74,123,2018,2,6,4,3,0,7,0,1,0,0,0,0,0,2,6.60484E+20,5.47061E+21,1.12105E+16,4.93671E+16
173317,9,1,74,115,2018,2,12,2,3,1,6,0,0,1,0,0,0,0,0,6.81278E+20,5.34738E+21,1.14422E+16,4.82536E+16
173318,9,5,64,0,2018,2,14,4,2,6,4,0,0,0,1,0,0,1,0,6.51557E+20,5.47828E+21,1.10905E+16,4.94383E+16
173319,9,5,64,0,2018,2,6,4,3,6,2,1,0,1,1,0,0,0,1,6.51092E+20,5.4795E+21,1.10846E+16,4.94494E+16
173320,9,1,77,117,2018,2,12,2,2,6,2,0,0,1,1,0,0,0,0,7.15765E+20,5.35348E+21,1.19094E+16,4.82977E+16
173321,9,5,64,0,2018,2,20,4,3,6,1,2,1,0,1,0,0,0,0,6.50363E+20,5.48095E+21,1.10751E+16,4.94626E+16
173322,9,1,62,0,2018,2,16,1,3,4,6,0,0,1,0,0,0,0,0,6.87504E+20,5.33105E+21,1.15188E+16,4.81051E+16
173323,9,1,62,0,2018,2,16,1,3,6,7,0,0,1,1,0,0,0,0,7.01432E+20,5.33468E+21,1.17074E+16,4.81335E+16
173324,9,1,62,0,2018,2,14,1,3,5,3,0,0,1,0,0,0,0,0,6.92093E+20,5.33121E+21,1.15805E+16,4.81051E+16
173325,9,5,64,0,2018,2,7,4,3,5,3,0,1,1,0,0,0,0,1,6.49285E+20,5.47982E+21,1.10598E+16,4.94526E+16
173326,9,7,73,125,2018,3,16,2,3,5,2,0,0,1,0,0,0,0,0,6.09656E+20,5.38358E+21,1.04872E+16,4.85957E+16
173327,9,1,90,152,2018,3,19,6,3,0,3,2,1,1,0,0,0,0,0,6.71977E+20,5.29927E+21,1.12977E+16,4.78238E+16
173328,9,7,61,0,2018,3,14,2,3,2,6,0,0,1,0,1,0,0,0,6.419E+20,5.36051E+21,1.09165E+16,4.83818E+16
173329,9,1,73,126,2018,3,7,6,3,2,6,0,0,1,0,0,0,0,0,6.84539E+20,5.306E+21,1.14683E+16,4.78808E+16
173330,9,6,77,189,2018,3,17,2,3,0,7,0,1,1,0,0,0,0,0,5.61465E+20,5.53275E+21,9.85665E+15,4.99439E+16
173331,9,1,87,159,2018,3,20,6,3,6,7,2,0,1,1,0,0,0,0,7.32225E+20,5.32845E+21,1.21173E+16,4.8067E+16
173332,9,6,78,170,2018,3,13,2,3,0,7,0,1,0,0,0,0,0,0,5.86514E+20,5.53539E+21,1.02063E+16,4.99646E+16
173333,9,1,87,122,2018,3,8,6,3,5,3,0,0,1,0,0,0,0,0,7.21159E+20,5.30842E+21,1.19587E+16,4.7891E+16
173334,9,5,65,0,2018,3,16,2,3,2,7,0,0,1,0,0,0,0,0,6.4965E+20,5.4651E+21,1.10593E+16,4.93203E+16
173335,9,1,81,130,2018,3,13,6,3,5,2,0,0,1,0,1,0,0,0,6.39069E+20,5.32491E+21,1.08666E+16,4.80623E+16
173336,9,5,64,0,2018,3,6,2,3,5,3,1,1,0,0,0,0,1,0,6.54728E+20,5.4747E+21,1.11329E+16,4.94053E+16
173337,9,1,74,122,2018,3,8,6,3,2,7,0,0,1,0,0,0,0,1,6.859E+20,5.35117E+21,1.15061E+16,4.82864E+16
173338,9,5,64,0,2018,3,8,2,3,2,6,0,0,1,0,0,0,0,0,6.49037E+20,5.47857E+21,1.10559E+16,4.94415E+16
173339,9,1,78,120,2018,3,13,6,3,5,2,1,0,1,0,0,0,0,0,6.95211E+20,5.35347E+21,1.16326E+16,4.83043E+16
173340,9,5,64,0,2018,3,10,2,3,2,6,0,0,1,0,0,0,0,0,6.48017E+20,5.48025E+21,1.10425E+16,4.94569E+16
173341,9,1,78,124,2018,3,8,6,3,5,3,0,0,1,0,0,0,0,1,7.01516E+20,5.36407E+21,1.17226E+16,4.83976E+16
173342,9,5,64,0,2018,3,15,2,3,2,6,0,0,1,0,0,0,0,0,6.50822E+20,5.4834E+21,1.10824E+16,4.94845E+16
173343,9,1,62,0,2018,3,17,5,3,6,2,0,0,1,1,0,0,0,0,6.91129E+20,5.33478E+21,1.15691E+16,4.81375E+16
173344,9,5,64,0,2018,3,13,2,3,1,5,0,1,1,0,0,0,0,0,6.46807E+20,5.47938E+21,1.10255E+16,4.94494E+16
173345,9,1,62,0,2018,3,8,5,3,5,3,0,1,1,0,0,0,0,0,6.96453E+20,5.33699E+21,1.16416E+16,4.81558E+16
173346,9,1,62,0,2018,3,6,5,3,5,3,1,0,1,0,0,0,0,0,6.93665E+20,5.3311E+21,1.16015E+16,4.81037E+16
173347,9,1,62,0,2018,3,6,5,3,0,3,0,0,0,0,1,0,1,0,6.8841E+20,5.33431E+21,1.15324E+16,4.81341E+16
173348,9,1,62,0,2018,3,19,5,3,2,6,2,1,1,0,0,0,0,0,6.91681E+20,5.33617E+21,1.15772E+16,4.81499E+16
173349,9,1,84,138,2018,3,17,5,3,5,3,0,0,1,0,0,0,1,0,6.82516E+20,5.33131E+21,1.1452E+16,4.81089E+16
173350,9,1,84,149,2018,3,10,5,3,5,2,0,1,1,0,0,0,0,0,6.90606E+20,5.35081E+21,1.15693E+16,4.82818E+16
173351,9,5,64,0,2018,3,15,2,3,5,7,0,0,1,0,0,0,0,0,6.50222E+20,5.48004E+21,1.10728E+16,4.94544E+16
173352,9,1,62,0,2018,3,13,5,3,5,3,0,0,1,0,0,0,0,0,6.86536E+20,5.33633E+21,1.15081E+16,4.81529E+16
173353,9,5,73,134,2018,3,8,2,3,5,2,0,0,1,0,1,0,0,0,6.41049E+20,5.47812E+21,1.09456E+16,4.94394E+16
173354,9,4,78,165,2018,3,12,2,2,5,3,0,0,1,0,0,0,0,0,6.42086E+20,5.55133E+21,1.09867E+16,5.00972E+16
173355,9,1,62,0,2018,3,8,5,3,5,3,0,1,1,0,0,0,0,0,6.93757E+20,5.33208E+21,1.16032E+16,4.81124E+16
173356,9,4,61,0,2018,3,17,2,2,0,7,0,1,0,0,0,0,0,0,6.376E+20,5.53036E+21,1.09165E+16,4.99098E+16
173357,9,1,62,0,2018,3,15,5,3,5,3,0,1,1,0,0,0,0,0,6.88742E+20,5.33429E+21,1.15369E+16,4.81339E+16
173358,9,3,62,0,2018,3,16,2,3,2,6,0,0,1,0,0,0,0,0,7.26885E+20,5.43155E+21,1.21019E+16,4.89952E+16
173359,9,3,75,190,2018,3,16,2,3,5,3,0,0,1,0,0,1,0,0,7.27683E+20,5.44641E+21,1.21211E+16,4.91283E+16
173360,9,7,75,135,2018,3,7,5,3,0,7,0,0,0,0,1,0,0,1,5.74326E+20,5.361E+21,1.00041E+16,4.83978E+16
173361,9,7,80,143,2018,3,20,5,2,8,1,2,1,0,0,0,0,0,0,5.98026E+20,5.28021E+21,1.03057E+16,4.76678E+16
173362,9,3,62,0,2018,3,20,2,3,1,5,2,1,1,0,0,0,0,0,7.23241E+20,5.43395E+21,1.20534E+16,4.9018E+16
173363,9,7,80,120,2018,3,14,5,3,5,3,0,0,1,0,0,0,0,0,6.01938E+20,5.28442E+21,1.03588E+16,4.77051E+16
173364,9,7,63,0,2018,3,13,5,3,1,5,0,0,1,0,0,0,0,0,5.96796E+20,5.28496E+21,1.02904E+16,4.77108E+16
173365,9,3,62,0,2018,3,9,2,2,4,7,0,0,1,0,0,0,0,0,7.26588E+20,5.43106E+21,1.20975E+16,4.89909E+16
173366,9,7,72,125,2018,3,15,5,3,1,7,0,0,1,0,0,0,1,0,6.36879E+20,5.34847E+21,1.08448E+16,4.82746E+16
173367,9,3,62,0,2018,3,18,2,3,5,3,2,0,1,0,0,0,0,0,7.28078E+20,5.4376E+21,1.21216E+16,4.9049E+16
173368,9,7,61,0,2018,3,7,5,3,2,2,0,0,1,0,0,0,1,0,6.43145E+20,5.36068E+21,1.09333E+16,4.8383E+16
173369,9,2,62,0,2018,3,15,2,3,2,6,0,0,1,0,0,0,0,0,8.25514E+20,5.38934E+21,1.34133E+16,4.85725E+16
173370,9,2,61,0,2018,3,7,2,2,1,7,0,1,0,1,0,0,0,0,7.33721E+20,5.38139E+21,1.21667E+16,4.8542E+16
173371,9,7,61,0,2018,3,15,5,2,6,7,0,0,1,1,0,0,0,0,6.39666E+20,5.35608E+21,1.08849E+16,4.83425E+16
173372,9,1,73,135,2018,3,12,2,3,5,3,0,0,1,0,0,0,0,0,6.93811E+20,5.28314E+21,1.15819E+16,4.76726E+16
173373,9,6,79,202,2018,3,15,5,3,5,3,0,0,1,0,0,0,0,0,5.63233E+20,5.51948E+21,9.87913E+15,4.98244E+16
173374,9,1,61,0,2018,3,13,2,3,1,1,0,0,1,0,0,0,0,0,6.77796E+20,5.40583E+21,1.14203E+16,4.878E+16
173375,9,1,79,134,2018,3,20,2,3,5,3,2,1,1,0,0,0,0,0,6.69569E+20,5.34263E+21,1.12827E+16,4.82142E+16
173376,9,1,62,0,2018,3,20,1,2,5,3,2,0,1,0,0,0,0,0,6.99769E+20,5.33484E+21,1.16852E+16,4.81355E+16
173377,9,6,63,0,2018,3,10,5,3,2,6,0,0,1,0,0,0,0,0,5.66005E+20,5.51615E+21,9.9171E+15,4.97942E+16
173378,9,1,62,0,2018,3,15,1,3,3,2,0,1,1,0,0,0,0,0,6.88109E+20,5.33389E+21,1.15282E+16,4.81305E+16
173379,9,6,63,0,2018,3,7,5,3,5,3,0,1,1,0,0,0,0,0,5.66129E+20,5.51683E+21,9.91893E+15,4.98003E+16
173380,9,1,62,0,2018,3,17,1,2,5,3,0,0,1,0,0,0,1,1,6.9577E+20,5.33284E+21,1.16306E+16,4.81187E+16
173381,9,6,62,0,2018,3,11,5,3,0,1,0,0,0,0,1,0,0,1,5.88563E+20,5.54529E+21,1.02371E+16,5.00533E+16
173382,9,1,62,0,2018,3,18,1,3,4,2,1,0,1,0,0,0,0,0,6.96869E+20,5.33524E+21,1.16464E+16,4.81399E+16
173383,9,5,63,0,2018,3,10,5,3,1,5,0,0,1,0,0,0,0,0,6.45493E+20,5.48297E+21,1.10087E+16,4.94819E+16
173384,9,1,62,0,2018,3,10,1,3,6,4,0,0,1,1,0,0,0,0,6.86244E+20,5.33904E+21,1.15054E+16,4.81772E+16
173385,9,7,78,130,2018,3,14,1,3,6,7,0,0,1,1,0,0,0,1,5.94887E+20,5.32714E+21,1.02743E+16,4.80905E+16
173386,9,5,64,0,2018,3,14,5,2,5,3,0,0,1,0,0,1,0,0,6.48416E+20,5.4762E+21,1.10465E+16,4.94204E+16
173387,9,7,61,0,2018,3,15,1,3,0,1,0,1,0,0,0,0,0,0,6.42135E+20,5.36172E+21,1.09201E+16,4.83926E+16
173388,9,5,64,0,2018,3,9,5,3,4,2,0,0,1,0,0,0,0,0,6.49931E+20,5.47788E+21,1.1068E+16,4.94351E+16
173389,9,5,75,112,2018,3,0,5,3,1,1,2,0,1,0,0,0,0,0,6.02908E+20,5.48421E+21,1.04213E+16,4.95018E+16
173390,9,6,63,0,2018,3,3,1,3,0,7,2,0,0,1,0,0,1,2,5.6543E+20,5.51654E+21,9.90917E+15,4.97977E+16
173391,9,6,63,0,2018,3,12,1,3,4,2,0,0,1,0,0,0,0,0,5.71404E+20,5.51617E+21,9.9921E+15,4.97937E+16
173392,9,6,61,0,2018,3,13,1,3,0,5,0,1,1,0,0,0,0,0,5.11072E+20,5.5376E+21,9.15446E+15,4.99906E+16
173393,9,4,73,151,2018,3,16,5,3,2,6,0,0,1,0,0,0,0,0,6.52584E+20,5.57866E+21,1.11443E+16,5.03403E+16
173394,9,5,74,155,2018,3,20,1,3,9,7,2,0,1,0,0,0,0,0,6.65703E+20,5.49722E+21,1.12935E+16,4.96048E+16
173395,9,4,62,0,2018,3,13,5,3,6,7,0,0,1,1,0,0,0,0,6.84779E+20,5.53673E+21,1.1576E+16,4.99543E+16
173396,9,3,73,147,2018,3,20,5,3,3,2,2,1,1,0,0,0,0,0,6.78872E+20,5.46134E+21,1.14594E+16,4.92787E+16
173397,9,2,75,154,2018,3,15,5,2,0,1,0,0,0,0,1,0,0,0,8.06285E+20,5.39101E+21,1.31546E+16,4.85972E+16
173398,9,2,74,113,2018,3,15,5,3,5,3,0,0,1,0,0,0,0,0,7.29418E+20,5.38284E+21,1.21093E+16,4.85566E+16
173399,9,5,64,0,2018,3,2,1,3,7,1,2,0,1,0,0,0,0,2,6.50165E+20,5.47833E+21,1.10714E+16,4.9439E+16
173400,9,2,79,122,2018,3,16,5,3,5,3,0,0,1,0,1,0,0,0,7.7192E+20,5.3968E+21,1.26933E+16,4.8665E+16
173401,9,2,79,124,2018,3,17,5,2,5,3,0,0,1,0,1,0,0,0,7.52975E+20,5.39204E+21,1.24336E+16,4.86302E+16
173402,9,5,64,0,2018,3,19,1,3,5,2,2,1,1,0,0,0,0,0,6.47254E+20,5.48152E+21,1.10324E+16,4.94685E+16
173403,9,1,73,112,2018,3,11,5,3,9,1,0,0,1,0,0,0,1,0,6.9187E+20,5.29303E+21,1.15605E+16,4.7762E+16
173404,9,1,90,148,2018,3,13,1,3,0,3,0,0,1,0,0,0,0,0,6.40773E+20,5.2964E+21,1.08801E+16,4.78055E+16
173405,9,1,72,118,2018,3,9,5,2,0,7,0,0,0,0,1,0,0,0,7.97121E+20,5.3061E+21,1.29711E+16,4.78395E+16
173406,9,1,80,117,2018,3,17,1,3,0,1,0,1,0,0,0,0,0,0,6.58965E+20,5.26189E+21,1.11104E+16,4.7491E+16
173407,9,1,73,145,2018,3,15,1,3,2,7,0,1,1,0,0,0,0,0,6.90769E+20,5.28826E+21,1.15437E+16,4.77195E+16
173408,9,1,87,150,2018,3,23,5,3,6,4,2,0,1,1,0,0,0,0,7.29589E+20,5.30417E+21,1.2069E+16,4.78498E+16
173409,9,1,83,148,2018,3,15,1,2,5,3,0,1,1,0,0,0,0,0,7.52552E+20,5.34552E+21,1.23998E+16,4.82126E+16
173410,9,1,71,112,2018,9,8,3,2,0,1,0,1,0,0,0,0,0,1,7.84511E+20,5.3423E+21,1.2827E+16,4.81702E+16
173411,9,1,61,0,2018,3,9,5,2,4,2,0,1,1,0,0,0,0,0,6.79812E+20,5.40471E+21,1.14472E+16,4.87694E+16
173412,9,1,88,117,2018,3,12,5,3,2,6,0,1,1,0,0,0,0,0,6.63076E+20,5.31527E+21,1.11849E+16,4.79699E+16
173413,9,1,71,117,2018,3,5,1,3,6,6,2,0,1,1,0,0,0,2,7.67494E+20,5.3378E+21,1.25957E+16,4.81371E+16
173414,9,1,78,145,2018,3,7,5,3,5,1,0,1,1,0,0,0,0,0,6.9677E+20,5.35458E+21,1.16541E+16,4.83138E+16
173415,9,1,62,0,2018,3,8,4,3,5,3,0,0,1,0,0,0,0,0,6.92278E+20,5.33825E+21,1.15861E+16,4.81684E+16
173416,9,1,86,113,2018,3,6,1,3,9,1,0,0,1,0,0,0,0,2,6.83222E+20,5.39461E+21,1.14891E+16,4.86776E+16
173417,9,1,62,0,2018,3,8,4,3,0,6,0,0,1,0,1,0,0,0,6.88667E+20,5.33789E+21,1.15374E+16,4.81663E+16
173418,9,1,74,115,2018,3,20,1,3,1,1,2,0,1,0,0,0,0,1,6.82323E+20,5.34865E+21,1.14568E+16,4.82648E+16
173419,9,1,62,0,2018,3,13,4,2,0,7,0,0,0,0,0,0,1,0,6.84496E+20,5.3346E+21,1.148E+16,4.81378E+16
173420,9,1,62,0,2018,3,20,7,3,6,4,2,0,1,1,0,0,0,0,6.8854E+20,5.33963E+21,1.15365E+16,4.81819E+16
173421,9,1,62,0,2018,3,7,4,3,5,3,0,1,1,0,0,0,0,0,6.96781E+20,5.33248E+21,1.1644E+16,4.81151E+16
173422,9,1,62,0,2018,3,12,7,3,1,5,0,0,0,0,0,0,1,1,6.9054E+20,5.3352E+21,1.15614E+16,4.81415E+16
173423,9,1,62,0,2018,3,13,7,3,5,2,0,0,1,0,0,0,0,1,6.87314E+20,5.33482E+21,1.15179E+16,4.8139E+16
173424,9,1,62,0,2018,3,12,4,3,2,6,0,0,1,0,0,0,1,0,6.86663E+20,5.3382E+21,1.15107E+16,4.81696E+16
173425,9,1,62,0,2018,3,15,7,2,6,4,0,0,1,1,0,0,0,0,6.97012E+20,5.33098E+21,1.16464E+16,4.81016E+16
173426,9,1,84,118,2018,3,16,4,3,6,7,0,0,0,1,0,0,1,0,7.03763E+20,5.33607E+21,1.17394E+16,4.81453E+16
173427,9,1,84,149,2018,3,8,4,3,6,4,0,0,1,1,0,0,0,0,6.91597E+20,5.35151E+21,1.1583E+16,4.82878E+16
173428,9,1,62,0,2018,3,18,7,3,6,7,1,0,0,1,0,0,1,0,6.95821E+20,5.33835E+21,1.16338E+16,4.81682E+16
173429,9,1,62,0,2018,3,11,4,3,6,6,0,0,1,1,0,0,0,0,6.88448E+20,5.33666E+21,1.1534E+16,4.81553E+16
173430,9,1,62,0,2018,3,11,7,3,5,7,0,0,1,0,0,0,1,0,6.84466E+20,5.33286E+21,1.14788E+16,4.81222E+16
173431,9,1,62,0,2018,3,6,4,3,5,3,2,1,1,0,0,0,0,0,6.86833E+20,5.33952E+21,1.15135E+16,4.81815E+16
173432,9,1,62,0,2018,3,0,7,3,1,7,2,0,1,0,0,0,0,1,6.80432E+20,5.33566E+21,1.14259E+16,4.81486E+16
173433,9,1,62,0,2018,3,3,4,3,1,7,2,0,1,0,0,0,0,0,6.96408E+20,5.33294E+21,1.16392E+16,4.81194E+16
173434,9,1,62,0,2018,3,0,7,3,8,6,2,0,1,0,0,0,0,2,6.89305E+20,5.33258E+21,1.15437E+16,4.81184E+16
173435,9,7,75,135,2018,3,15,4,3,1,7,0,1,1,0,0,0,0,0,5.73494E+20,5.36033E+21,9.99278E+15,4.83919E+16
173436,9,1,62,0,2018,3,18,7,3,3,6,2,0,1,0,0,0,0,0,6.84499E+20,5.333E+21,1.14793E+16,4.81235E+16
173437,9,7,63,0,2018,3,10,4,3,8,1,0,0,0,0,1,0,0,1,5.98975E+20,5.28669E+21,1.03199E+16,4.7726E+16
173438,9,1,62,0,2018,3,15,7,3,6,7,0,1,0,1,0,0,0,0,6.93828E+20,5.34113E+21,1.16083E+16,4.81938E+16
173439,9,7,79,197,2018,3,7,4,3,5,3,0,0,1,0,0,0,0,0,6.17667E+20,5.42338E+21,1.06072E+16,4.89521E+16
173440,9,7,80,128,2018,3,22,7,2,9,1,2,0,1,0,0,0,0,2,6.11025E+20,5.27771E+21,1.04782E+16,4.76433E+16
173441,9,7,71,142,2018,3,11,4,3,1,2,0,0,1,0,0,0,0,0,6.45355E+20,5.35276E+21,1.09604E+16,4.83114E+16
173442,9,7,80,139,2018,3,15,7,3,4,6,0,0,1,0,0,0,0,0,5.96115E+20,5.26311E+21,1.02766E+16,4.75143E+16
173443,9,7,71,142,2018,3,18,4,3,5,3,2,0,1,0,0,0,0,0,6.46196E+20,5.35225E+21,1.09716E+16,4.83065E+16
173444,9,7,72,147,2018,3,16,7,3,4,2,0,0,1,0,0,0,0,0,6.36003E+20,5.36444E+21,1.08382E+16,4.84185E+16
173445,9,7,71,142,2018,3,16,4,3,5,3,0,1,0,0,0,0,0,0,6.4591E+20,5.35195E+21,1.09676E+16,4.83039E+16
173446,9,7,61,0,2018,3,10,7,3,2,2,0,0,1,0,0,0,0,0,6.39623E+20,5.36005E+21,1.08856E+16,4.83782E+16
173447,9,7,72,163,2018,3,17,4,3,0,1,1,1,0,0,0,0,0,0,6.39652E+20,5.34631E+21,1.08814E+16,4.82546E+16
173448,9,7,61,0,2018,3,12,7,3,5,3,0,0,1,0,0,0,0,0,6.40785E+20,5.35924E+21,1.0901E+16,4.83706E+16
173449,9,6,63,0,2018,3,17,7,3,1,7,0,0,1,0,0,0,0,1,5.68259E+20,5.51303E+21,9.94785E+15,4.97658E+16
173450,9,7,61,0,2018,3,13,4,3,8,6,0,1,1,0,0,0,0,0,6.39357E+20,5.36097E+21,1.08823E+16,4.83865E+16
173451,9,6,72,131,2018,3,15,7,3,6,7,0,0,1,1,0,0,0,2,5.91416E+20,5.55962E+21,1.02804E+16,5.01817E+16
173452,9,6,62,0,2018,3,12,7,3,5,3,0,0,1,0,0,0,0,1,5.85429E+20,5.54612E+21,1.01936E+16,5.00612E+16
173453,9,6,61,0,2018,3,6,7,3,4,1,1,1,1,0,0,0,0,2,5.08845E+20,5.53721E+21,9.12338E+15,4.99871E+16
173454,9,7,61,0,2018,3,16,4,3,9,1,0,1,0,0,0,0,0,0,6.3974E+20,5.3598E+21,1.08871E+16,4.83759E+16
173455,9,5,65,0,2018,3,21,7,3,9,1,2,0,1,0,0,0,0,2,6.48494E+20,5.46572E+21,1.10436E+16,4.93261E+16
173456,9,5,65,0,2018,3,12,7,3,1,6,0,0,1,0,0,0,0,0,6.4917E+20,5.4651E+21,1.10527E+16,4.93204E+16
173457,9,7,61,0,2018,3,9,4,3,0,1,0,1,0,0,0,0,0,1,6.4015E+20,5.35832E+21,1.08921E+16,4.83625E+16
173458,9,6,63,0,2018,3,16,4,3,6,7,0,0,1,1,0,0,0,0,5.67176E+20,5.51647E+21,9.93342E+15,4.97969E+16
173459,9,5,63,0,2018,3,8,7,2,6,4,0,0,1,1,0,0,0,2,6.41706E+20,5.48358E+21,1.09566E+16,4.94883E+16
173460,9,6,73,153,2018,3,20,4,3,8,1,2,0,0,0,1,0,0,0,5.88534E+20,5.59178E+21,1.02476E+16,5.04713E+16
173461,9,6,72,114,2018,3,14,4,3,6,7,0,0,1,1,0,0,0,0,5.76959E+20,5.56174E+21,1.00784E+16,5.02028E+16
173462,9,5,64,0,2018,3,7,7,3,9,1,1,0,1,0,0,0,0,1,6.49779E+20,5.47549E+21,1.1065E+16,4.94137E+16
173463,9,5,62,0,2018,3,13,4,3,2,6,0,0,1,0,0,0,0,0,6.40839E+20,5.49546E+21,1.09489E+16,4.95953E+16
173464,9,5,64,0,2018,3,4,7,3,7,7,2,0,1,0,0,0,0,2,6.4928E+20,5.47916E+21,1.10595E+16,4.94467E+16
173465,9,3,62,0,2018,3,6,7,2,9,1,2,0,1,0,0,0,0,2,7.29194E+20,5.43348E+21,1.21345E+16,4.90116E+16
173466,9,5,62,0,2018,3,7,4,3,3,6,0,1,0,0,0,0,0,1,6.44663E+20,5.49232E+21,1.10007E+16,4.95662E+16
173467,9,3,62,0,2018,3,16,7,3,0,1,0,1,0,0,0,0,0,0,7.22756E+20,5.43393E+21,1.20468E+16,4.9018E+16
173468,9,3,62,0,2018,3,15,7,3,5,3,0,0,1,0,0,0,0,0,7.30598E+20,5.43653E+21,1.21554E+16,4.90385E+16
173469,9,5,63,0,2018,3,13,4,3,2,6,0,0,1,0,0,0,0,0,6.42301E+20,5.48252E+21,1.09645E+16,4.94786E+16
173470,9,5,64,0,2018,3,13,4,3,6,4,0,0,0,1,0,0,1,0,6.49032E+20,5.48208E+21,1.10572E+16,4.94731E+16
173471,9,3,61,0,2018,3,14,7,3,8,1,0,0,0,0,1,0,0,0,7.06035E+20,5.4804E+21,1.18423E+16,4.94413E+16
173472,9,5,64,0,2018,3,8,4,3,2,6,0,0,1,0,0,0,0,0,6.53245E+20,5.4823E+21,1.11154E+16,4.9474E+16
173473,9,5,77,177,2018,3,7,4,2,8,1,0,0,1,0,0,0,0,2,6.45933E+20,5.43018E+21,1.09955E+16,4.90072E+16
173474,9,5,71,145,2018,3,12,4,3,6,4,0,0,0,1,0,0,1,0,5.97178E+20,5.44685E+21,1.03331E+16,4.91668E+16
173475,9,4,78,120,2018,3,8,4,3,0,1,0,1,0,0,0,0,0,2,6.42433E+20,5.54782E+21,1.09902E+16,5.00656E+16
173476,9,2,61,0,2018,3,23,7,3,1,5,2,1,1,0,0,0,0,1,7.30908E+20,5.38198E+21,1.2129E+16,4.85484E+16
173477,9,4,73,170,2018,3,11,4,2,8,7,0,0,0,0,1,0,0,0,6.38489E+20,5.56462E+21,1.09412E+16,5.02175E+16
173478,9,4,63,0,2018,3,12,4,3,0,1,0,1,0,0,0,0,0,0,6.40481E+20,5.56808E+21,1.09704E+16,5.02482E+16
173479,9,2,73,152,2018,3,8,7,3,5,3,0,0,1,0,0,0,0,0,7.04307E+20,5.41142E+21,1.17835E+16,4.88222E+16
173480,9,4,61,0,2018,3,13,4,3,6,7,0,0,1,1,0,0,0,0,6.35805E+20,5.5285E+21,1.08908E+16,4.98935E+16
173481,9,1,90,126,2018,3,4,7,3,8,1,2,0,1,0,0,0,0,2,6.71059E+20,5.28931E+21,1.12815E+16,4.77345E+16
173482,9,3,63,0,2018,3,11,4,3,5,3,0,0,1,0,0,0,0,0,7.27358E+20,5.50606E+21,1.21508E+16,4.96642E+16
173483,9,1,71,111,2018,3,13,7,3,0,7,0,1,0,0,0,0,0,0,7.73382E+20,5.34792E+21,1.26812E+16,4.82255E+16
173484,9,1,63,0,2018,3,10,7,3,5,3,0,0,1,0,0,0,0,1,7.31958E+20,5.30649E+21,1.21019E+16,4.78698E+16
173485,9,3,62,0,2018,3,10,4,3,2,6,0,0,1,0,0,0,0,0,7.26671E+20,5.43261E+21,1.20995E+16,4.90047E+16
173486,9,1,87,169,2018,3,14,7,3,6,7,0,0,1,1,0,0,0,0,7.41981E+20,5.29838E+21,1.22312E+16,4.77933E+16
173487,9,2,63,0,2018,3,12,4,3,2,2,0,0,1,0,0,0,0,0,7.61407E+20,5.41874E+21,1.25647E+16,4.88665E+16
173488,9,1,85,149,2018,3,10,7,2,6,4,0,0,1,1,0,0,0,0,6.60391E+20,5.39964E+21,1.11811E+16,4.87292E+16
173489,9,2,77,138,2018,3,13,4,3,1,5,0,1,1,0,0,0,0,0,7.91442E+20,5.37173E+21,1.29403E+16,4.84312E+16
173490,9,1,77,133,2018,3,5,7,3,8,1,2,0,1,0,0,0,0,2,7.06328E+20,5.35998E+21,1.17855E+16,4.83592E+16