OBJECTID_1,ULAND,UREGBEZ,UKREIS,UGEMEINDE,UJAHR,UMONAT,USTUNDE,UWOCHENTAG,UKATEGORIE,UART,UTYP1,ULICHTVERH,IstRad,IstPKW,IstFuss,IstKrad,IstGkfz,IstSonstig,STRZUSTAND,LINREFX,LINREFY,XGCSWGS84,YGCSWGS84
173491,9,1,75,132,2018,3,10,7,3,0,7,0,1,0,0,0,0,0,1,7.06656E+20,5.33189E+21,1.17762E+16,4.81067E+16
173492,9,2,75,116,2018,3,11,4,3,5,3,0,0,1,0,0,0,0,0,8.18882E+20,5.36395E+21,1.33043E+16,4.83481E+16
173493,9,1,62,0,2018,3,20,6,3,6,4,2,0,1,1,0,0,0,1,6.86459E+20,5.32844E+21,1.15037E+16,4.8082E+16
173494,9,2,73,137,2018,3,19,4,3,0,7,2,1,0,0,0,0,0,1,7.11964E+20,5.42192E+21,1.18931E+16,4.89139E+16
173495,9,1,62,0,2018,3,9,6,3,1,3,0,1,1,0,0,0,0,0,6.9851E+20,5.33347E+21,1.16676E+16,4.81235E+16
173496,9,2,73,137,2018,3,6,4,3,0,7,0,1,0,0,0,0,0,1,7.08886E+20,5.42344E+21,1.1852E+16,4.89286E+16
173497,9,1,62,0,2018,3,22,6,3,5,3,2,0,1,0,0,0,0,1,6.9232E+20,5.33424E+21,1.15849E+16,4.81323E+16
173498,9,1,73,147,2018,3,10,4,3,5,3,0,0,1,0,0,0,0,0,6.82318E+20,5.30905E+21,1.14399E+16,4.79089E+16
173499,9,1,62,0,2018,3,9,6,3,4,2,0,0,1,0,0,0,0,0,6.96009E+20,5.3388E+21,1.16365E+16,4.81722E+16
173500,9,1,83,148,2018,3,8,4,2,5,3,0,1,1,0,0,0,0,0,7.53888E+20,5.34496E+21,1.24174E+16,4.8207E+16
173501,9,1,62,0,2018,3,12,6,2,5,3,0,0,1,0,0,0,0,0,6.86186E+20,5.33526E+21,1.1503E+16,4.81433E+16
173502,9,1,76,129,2018,3,10,4,3,5,3,0,0,0,0,0,1,1,0,6.84554E+20,5.40735E+21,1.15129E+16,4.87918E+16
173503,9,1,62,0,2018,3,9,6,3,6,4,0,0,1,1,0,0,0,1,6.87985E+20,5.33777E+21,1.15282E+16,4.81653E+16
173504,9,1,85,149,2018,3,18,4,3,5,3,2,1,1,0,0,0,0,0,6.60117E+20,5.39976E+21,1.11774E+16,4.87302E+16
173505,9,1,85,149,2018,3,10,4,2,6,4,0,0,1,1,0,0,0,0,6.60427E+20,5.3995E+21,1.11816E+16,4.87279E+16
173506,9,1,62,0,2018,3,11,6,3,5,7,0,0,1,0,0,0,0,0,6.91584E+20,5.33691E+21,1.15762E+16,4.81566E+16
173507,9,1,81,130,2018,3,12,4,3,0,7,0,0,0,0,0,0,1,0,6.40983E+20,5.32405E+21,1.0892E+16,4.80542E+16
173508,9,1,62,0,2018,3,8,6,3,1,1,0,1,1,0,0,0,0,1,6.92252E+20,5.33754E+21,1.15855E+16,4.8162E+16
173509,9,1,88,121,2018,3,12,4,3,0,6,0,1,1,0,0,0,0,0,6.70791E+20,5.33096E+21,1.12945E+16,4.8109E+16
173510,9,7,78,116,2018,3,17,6,3,5,3,0,0,1,0,0,0,0,2,6.20299E+20,5.31864E+21,1.0613E+16,4.80097E+16
173511,9,7,79,167,2018,3,9,6,3,5,3,0,0,1,0,0,0,0,0,6.25379E+20,5.40953E+21,1.07083E+16,4.88261E+16
173512,9,1,88,120,2018,3,10,4,3,0,7,0,0,0,0,0,0,1,1,6.77336E+20,5.32555E+21,1.13801E+16,4.80586E+16
173513,9,7,61,0,2018,3,21,6,3,0,7,2,0,0,0,0,0,1,1,6.4175E+20,5.36008E+21,1.09143E+16,4.83779E+16
173514,9,7,61,0,2018,3,18,6,3,2,6,2,0,1,0,0,0,0,0,6.39731E+20,5.35679E+21,1.0886E+16,4.83488E+16
173515,9,1,62,0,2018,3,23,3,3,5,3,2,0,1,0,0,0,0,0,6.87907E+20,5.34361E+21,1.15298E+16,4.82179E+16
173516,9,1,62,0,2018,3,12,3,2,0,1,0,1,0,0,0,0,0,0,6.83123E+20,5.34028E+21,1.1464E+16,4.81894E+16
173517,9,7,71,113,2018,3,14,6,3,5,3,0,1,1,0,0,0,0,1,6.57273E+20,5.36899E+21,1.11271E+16,4.84544E+16
173518,9,1,62,0,2018,3,0,3,3,6,5,2,0,1,1,0,0,0,0,6.90887E+20,5.33719E+21,1.1567E+16,4.81593E+16
173519,9,1,62,0,2018,3,7,3,3,5,3,0,0,1,0,0,0,0,0,6.89656E+20,5.33322E+21,1.15487E+16,4.81239E+16
173520,9,6,63,0,2018,3,7,6,3,2,6,0,0,1,0,0,0,0,0,5.66574E+20,5.51507E+21,9.92482E+15,4.97844E+16
173521,9,7,64,0,2018,3,19,3,2,5,2,2,1,1,0,0,0,0,0,5.88518E+20,5.31545E+21,1.01863E+16,4.79863E+16
173522,9,6,76,124,2018,3,9,6,3,5,3,0,0,1,0,1,0,0,0,5.31993E+20,5.51422E+21,9.44438E+15,4.97796E+16
173523,9,7,61,0,2018,3,17,3,3,2,5,0,0,1,0,0,0,0,0,6.41119E+20,5.35792E+21,1.09051E+16,4.83587E+16
173524,9,6,61,0,2018,3,9,6,3,3,6,0,0,1,0,0,1,0,0,5.09801E+20,5.535E+21,9.13667E+15,4.99673E+16
173525,9,6,71,130,2018,3,8,3,3,5,3,0,0,1,0,0,0,0,0,5.14313E+20,5.53916E+21,9.19973E+15,5.00046E+16
173526,9,5,64,0,2018,3,7,6,3,6,1,0,1,0,1,0,0,0,0,6.49231E+20,5.4804E+21,1.10593E+16,4.94579E+16
173527,9,5,64,0,2018,3,15,6,2,6,4,0,0,1,1,0,0,0,0,6.4843E+20,5.47716E+21,1.1047E+16,4.9429E+16
173528,9,5,63,0,2018,3,8,3,3,5,3,0,0,1,0,1,0,0,0,6.43938E+20,5.48192E+21,1.09868E+16,4.94729E+16
173529,9,5,64,0,2018,3,13,6,3,2,6,0,0,1,0,0,0,0,0,6.49866E+20,5.47845E+21,1.10673E+16,4.94402E+16
173530,9,5,75,156,2018,3,22,6,2,8,1,2,0,1,0,0,0,0,2,6.08391E+20,5.47814E+21,1.04953E+16,4.94462E+16
173531,9,5,64,0,2018,3,19,3,3,5,3,2,1,1,0,0,0,0,1,6.50124E+20,5.47769E+21,1.10706E+16,4.94333E+16
173532,9,5,64,0,2018,3,10,3,2,6,2,0,0,1,1,0,0,0,0,6.4972E+20,5.47926E+21,1.10656E+16,4.94475E+16
173533,9,4,72,154,2018,3,14,6,3,4,6,0,0,1,0,0,0,0,0,6.62974E+20,5.52916E+21,1.12691E+16,4.98926E+16
173534,9,5,64,0,2018,3,20,3,3,4,2,2,0,1,0,0,0,0,1,6.55534E+20,5.47556E+21,1.11443E+16,4.94128E+16
173535,9,5,64,0,2018,3,10,3,3,3,6,0,0,1,0,0,0,0,0,6.49959E+20,5.48127E+21,1.10697E+16,4.94656E+16
173536,9,4,61,0,2018,3,15,6,3,5,2,0,1,0,0,0,0,1,0,6.35472E+20,5.52813E+21,1.08861E+16,4.98902E+16
173537,9,4,75,156,2018,3,15,3,2,8,1,0,0,1,0,0,0,0,2,6.94739E+20,5.58131E+21,1.17375E+16,5.03516E+16
173538,9,4,61,0,2018,3,22,6,2,6,7,2,0,1,1,0,0,0,0,6.35962E+20,5.5289E+21,1.08932E+16,4.9897E+16
173539,9,4,75,123,2018,3,17,3,3,8,1,1,0,1,0,0,0,0,2,7.08833E+20,5.58246E+21,1.1936E+16,5.03572E+16
173540,9,2,63,0,2018,3,16,6,2,3,6,0,1,1,0,0,0,0,0,7.62665E+20,5.42008E+21,1.25827E+16,4.8878E+16
173541,9,2,76,138,2018,3,19,6,3,0,7,2,0,1,0,0,0,0,0,8.01787E+20,5.43223E+21,1.3124E+16,4.89692E+16
173542,9,4,63,0,2018,3,6,3,3,5,3,0,0,1,0,0,0,0,0,6.40622E+20,5.5691E+21,1.09728E+16,5.02573E+16
173543,9,2,73,133,2018,3,22,6,3,4,6,2,0,1,0,0,0,0,2,7.09296E+20,5.42457E+21,1.18581E+16,4.89386E+16
173544,9,1,73,147,2018,3,14,6,3,6,7,0,0,1,1,0,0,0,0,6.807E+20,5.3094E+21,1.14184E+16,4.79124E+16
173545,9,4,72,138,2018,3,20,3,2,9,1,2,0,1,0,0,0,0,2,7.04384E+20,5.54302E+21,1.18523E+16,5.00044E+16
173546,9,1,73,124,2018,3,3,6,2,9,1,2,0,1,0,0,0,0,1,6.93206E+20,5.29006E+21,1.1577E+16,4.7735E+16
173547,9,4,62,0,2018,3,10,3,3,5,3,0,0,1,0,0,0,0,0,6.8492E+20,5.53448E+21,1.15769E+16,4.9934E+16
173548,9,4,61,0,2018,3,7,3,2,4,2,0,1,1,0,0,0,0,0,6.3615E+20,5.52768E+21,1.08953E+16,4.9886E+16
173549,9,1,90,157,2018,3,16,6,3,5,3,0,1,1,0,0,0,0,0,6.60173E+20,5.30111E+21,1.11408E+16,4.78434E+16
173550,9,1,89,133,2018,3,10,6,3,5,3,0,0,1,0,0,0,0,0,7.54128E+20,5.32188E+21,1.24069E+16,4.79996E+16
173551,9,4,61,0,2018,3,12,3,3,1,6,0,0,1,0,1,0,0,0,6.37359E+20,5.52897E+21,1.09126E+16,4.98973E+16
173552,9,1,63,0,2018,3,20,6,3,6,4,2,0,1,1,0,0,0,1,7.32672E+20,5.30486E+21,1.21106E+16,4.78549E+16
173553,9,3,62,0,2018,3,5,3,3,5,3,2,1,1,0,0,0,0,0,7.28201E+20,5.43265E+21,1.21204E+16,4.90045E+16
173554,9,1,63,0,2018,3,20,6,3,5,3,2,1,1,0,0,0,0,0,7.3273E+20,5.30392E+21,1.21108E+16,4.78465E+16
173555,9,3,73,121,2018,3,5,3,3,1,5,2,1,0,0,0,1,0,1,6.89483E+20,5.43413E+21,1.15923E+16,4.90309E+16
173556,9,1,90,157,2018,3,8,6,2,8,1,0,1,0,0,0,0,0,0,6.61248E+20,5.30126E+21,1.11552E+16,4.78444E+16
173557,9,1,87,117,2018,3,15,6,3,0,7,0,0,0,0,0,0,1,0,7.2501E+20,5.3056E+21,1.20087E+16,4.78643E+16
173558,9,3,76,161,2018,3,13,3,3,1,6,0,0,1,0,0,0,0,0,7.28888E+20,5.46741E+21,1.21496E+16,4.93164E+16
173559,9,1,90,141,2018,3,14,6,3,5,3,0,1,1,0,0,0,0,0,6.77896E+20,5.29354E+21,1.13744E+16,4.77707E+16
173560,9,1,61,0,2018,3,7,6,3,4,6,0,1,1,0,0,0,0,0,6.77534E+20,5.4044E+21,1.14161E+16,4.87673E+16
173561,9,3,76,161,2018,3,15,3,3,5,3,0,0,1,0,0,0,0,0,7.25155E+20,5.46835E+21,1.20988E+16,4.93263E+16
173562,9,1,74,136,2018,3,20,6,3,8,1,2,0,0,0,1,0,0,1,6.83245E+20,5.36661E+21,1.14771E+16,4.84259E+16
173563,9,1,62,0,2018,3,16,5,3,2,6,0,0,1,0,0,0,0,0,6.9358E+20,5.33288E+21,1.16012E+16,4.81198E+16
173564,9,2,63,0,2018,3,20,3,3,0,7,2,1,0,0,0,0,0,0,7.64941E+20,5.42095E+21,1.26143E+16,4.88848E+16
173565,9,1,62,0,2018,3,14,5,3,1,1,0,0,1,0,1,0,0,1,6.93339E+20,5.3381E+21,1.16003E+16,4.81668E+16
173566,9,2,71,119,2018,3,15,3,3,5,3,0,0,1,0,0,0,0,0,7.90206E+20,5.41712E+21,1.29554E+16,4.88391E+16
173567,9,1,62,0,2018,3,12,5,3,2,6,0,0,1,0,0,0,1,2,6.89796E+20,5.34318E+21,1.1555E+16,4.82134E+16
173568,9,2,79,122,2018,3,20,3,3,1,6,2,0,1,0,0,0,0,1,7.71879E+20,5.39737E+21,1.26931E+16,4.86702E+16
173569,9,1,62,0,2018,3,7,5,3,1,1,0,1,1,0,0,0,0,2,6.89367E+20,5.34139E+21,1.15484E+16,4.81975E+16
173570,9,2,73,141,2018,3,18,3,3,8,1,1,0,1,0,0,0,0,1,7.2337E+20,5.4116E+21,1.2043E+16,4.88172E+16
173571,9,1,62,0,2018,3,21,5,3,0,7,2,0,0,0,0,0,1,0,6.9013E+20,5.3332E+21,1.1555E+16,4.81236E+16
173572,9,1,83,139,2018,3,19,3,3,4,6,2,0,1,0,0,0,0,0,7.35967E+20,5.33504E+21,1.21711E+16,4.81249E+16
173573,9,1,62,0,2018,3,18,5,3,2,6,1,0,1,0,0,0,0,1,6.92699E+20,5.3354E+21,1.15905E+16,4.81427E+16
173574,9,1,62,0,2018,3,16,5,3,5,3,0,0,1,0,0,0,1,0,6.99292E+20,5.33246E+21,1.16776E+16,4.81142E+16
173575,9,1,89,154,2018,3,6,3,3,0,1,2,1,0,0,0,0,0,2,7.68671E+20,5.31793E+21,1.2599E+16,4.79582E+16
173576,9,1,62,0,2018,3,12,5,3,1,5,0,1,1,0,0,0,0,0,6.89003E+20,5.33717E+21,1.15416E+16,4.81596E+16
173577,9,1,62,0,2018,3,18,5,3,2,6,1,0,1,0,0,0,0,0,6.91426E+20,5.33429E+21,1.15729E+16,4.81331E+16
173578,9,1,72,118,2018,3,15,3,3,2,6,0,0,1,0,0,0,0,0,7.97119E+20,5.30649E+21,1.29713E+16,4.7843E+16
173579,9,1,61,0,2018,3,14,3,3,3,2,0,1,1,0,0,0,0,0,6.78052E+20,5.40428E+21,1.14231E+16,4.8766E+16
173580,9,1,62,0,2018,3,16,5,3,6,3,0,0,1,1,0,0,0,0,6.88638E+20,5.33151E+21,1.15342E+16,4.81089E+16
173581,9,1,61,0,2018,3,15,3,3,3,6,0,0,1,0,0,0,1,1,6.75431E+20,5.40516E+21,1.13878E+16,4.87747E+16
173582,9,1,62,0,2018,3,12,5,3,5,3,0,1,1,0,0,0,0,0,6.91224E+20,5.33644E+21,1.15712E+16,4.81525E+16
173583,9,1,61,0,2018,3,16,3,3,5,3,1,1,1,0,0,0,0,1,6.77035E+20,5.40527E+21,1.14097E+16,4.87752E+16
173584,9,1,86,147,2018,3,7,3,3,5,3,0,0,1,0,0,0,0,0,6.8225E+20,5.39216E+21,1.14748E+16,4.86559E+16
173585,9,7,61,0,2018,3,18,5,3,0,7,2,0,1,0,1,0,0,1,6.39456E+20,5.36008E+21,1.08833E+16,4.83784E+16
173586,9,1,81,130,2018,3,19,3,3,1,6,2,0,1,0,0,0,0,0,6.39245E+20,5.32422E+21,1.08687E+16,4.80561E+16
173587,9,1,78,124,2018,3,16,3,3,3,2,0,0,1,0,0,0,0,0,7.0315E+20,5.36479E+21,1.1745E+16,4.84035E+16
173588,9,6,74,147,2018,3,20,5,3,6,6,2,0,1,1,0,0,0,0,6.08227E+20,5.54327E+21,1.05112E+16,5.00319E+16
173589,9,1,62,0,2018,3,15,2,3,0,1,0,1,0,0,0,0,0,0,6.91739E+20,5.33506E+21,1.15775E+16,4.81399E+16
173590,9,6,76,121,2018,3,8,5,3,9,1,0,0,1,0,0,0,0,0,5.13397E+20,5.52183E+21,9.18635E+15,4.98487E+16
173591,9,6,71,111,2018,3,7,5,2,0,4,0,0,1,1,0,0,0,0,5.04666E+20,5.54805E+21,9.06522E+15,5.00847E+16
173592,9,1,62,0,2018,3,11,2,3,5,5,0,1,1,0,0,0,0,0,6.90165E+20,5.3338E+21,1.15557E+16,4.8129E+16
173593,9,5,62,0,2018,3,8,5,3,2,6,0,0,1,0,1,0,0,0,6.44614E+20,5.4927E+21,1.10001E+16,4.95696E+16
173594,9,5,64,0,2018,3,17,5,3,2,6,1,0,1,0,0,0,0,0,6.56256E+20,5.47439E+21,1.11538E+16,4.94021E+16
173595,9,1,62,0,2018,3,16,2,3,0,7,0,0,0,0,0,0,1,0,6.96294E+20,5.32955E+21,1.16361E+16,4.80889E+16
173596,9,1,62,0,2018,3,8,2,3,5,3,0,0,1,0,0,0,0,0,6.90186E+20,5.33373E+21,1.1556E+16,4.81283E+16
173597,9,4,73,141,2018,3,18,5,3,0,1,0,0,1,0,0,0,0,0,6.40985E+20,5.57359E+21,1.09795E+16,5.02975E+16
173598,9,1,62,0,2018,3,14,2,3,0,7,0,0,0,0,0,0,1,0,6.96262E+20,5.33163E+21,1.16366E+16,4.81076E+16
173599,9,1,62,0,2018,3,16,2,3,0,7,0,0,1,0,1,0,0,0,6.8961E+20,5.33474E+21,1.15487E+16,4.81376E+16
173600,9,4,78,139,2018,3,19,5,2,6,4,2,0,1,1,0,0,0,0,6.47188E+20,5.55688E+21,1.10601E+16,5.01459E+16
173601,9,1,84,149,2018,3,8,2,3,0,7,1,0,0,0,0,0,1,1,6.91421E+20,5.3504E+21,1.15801E+16,4.82779E+16
173602,9,7,64,0,2018,3,11,2,3,5,3,0,1,1,0,0,0,0,0,5.88305E+20,5.31519E+21,1.01834E+16,4.79839E+16
173603,9,4,76,154,2018,3,7,5,3,5,3,1,0,1,0,0,0,0,0,6.57809E+20,5.56874E+21,1.12136E+16,5.02497E+16
173604,9,7,79,131,2018,3,17,2,3,1,7,0,1,1,0,0,0,0,0,6.30656E+20,5.39785E+21,1.07764E+16,4.872E+16
173605,9,4,61,0,2018,3,14,5,3,5,3,0,0,1,0,0,0,0,0,6.36931E+20,5.53071E+21,1.09073E+16,4.99131E+16
173606,9,3,62,0,2018,3,5,5,3,2,6,1,0,1,0,0,0,0,0,7.30975E+20,5.43027E+21,1.2157E+16,4.89821E+16
173607,9,2,76,144,2018,3,18,5,3,6,4,2,0,1,1,0,0,0,0,7.82733E+20,5.44355E+21,1.28721E+16,4.90798E+16
173608,9,1,62,0,2018,3,14,2,3,2,6,0,0,1,0,0,0,0,0,6.98807E+20,5.33307E+21,1.16714E+16,4.81198E+16
173609,9,1,62,0,2018,3,16,2,3,5,3,0,0,1,0,0,1,0,0,7.01307E+20,5.3359E+21,1.17063E+16,4.81445E+16
173610,9,1,62,0,2018,3,11,2,3,1,5,0,1,1,0,0,0,0,1,6.93254E+20,5.33432E+21,1.15975E+16,4.81328E+16
173611,9,1,62,0,2018,3,1,2,2,0,7,2,1,0,0,0,0,0,1,6.9325E+20,5.33434E+21,1.15974E+16,4.8133E+16
173612,9,1,62,0,2018,3,5,2,3,1,5,2,1,0,0,0,0,1,1,6.85404E+20,5.3417E+21,1.14953E+16,4.82014E+16
173613,9,1,62,0,2018,3,8,2,3,0,7,0,0,0,0,0,1,1,0,6.92102E+20,5.33667E+21,1.15831E+16,4.81543E+16
173614,9,1,62,0,2018,3,22,2,3,5,3,2,1,1,0,0,0,0,0,6.91701E+20,5.33371E+21,1.15763E+16,4.81278E+16
173615,9,1,62,0,2018,3,15,2,3,5,3,0,0,1,0,0,0,0,0,6.8506E+20,5.33924E+21,1.14896E+16,4.81794E+16
173616,9,1,84,122,2018,3,16,2,3,6,2,0,0,1,1,0,0,0,0,6.87942E+20,5.32328E+21,1.15213E+16,4.80351E+16
173617,9,1,62,0,2018,3,19,2,3,5,2,2,1,1,0,0,0,0,0,6.95684E+20,5.3309E+21,1.16285E+16,4.81013E+16
173618,9,1,62,0,2018,3,17,2,3,6,6,0,1,0,1,0,0,0,0,6.93532E+20,5.33384E+21,1.1601E+16,4.81283E+16
173619,9,7,75,135,2018,3,15,5,3,5,6,0,0,1,0,0,0,0,0,5.74561E+20,5.36082E+21,1.00073E+16,4.83961E+16
173620,9,1,62,0,2018,3,19,2,3,5,2,2,0,1,0,1,0,0,0,6.92066E+20,5.33495E+21,1.15818E+16,4.81388E+16
173621,9,7,78,173,2018,3,17,2,2,2,2,0,1,1,0,0,0,0,0,6.0961E+20,5.32217E+21,1.04706E+16,4.80434E+16
173622,9,7,75,135,2018,3,16,5,3,2,6,0,0,1,0,0,0,0,0,5.73973E+20,5.36066E+21,9.99931E+15,4.83947E+16
173623,9,7,80,120,2018,3,7,2,2,6,4,0,0,1,1,0,0,0,0,6.00972E+20,5.28355E+21,1.03458E+16,4.76974E+16
173624,9,7,64,0,2018,3,19,5,3,2,6,2,0,1,0,0,0,0,0,5.88489E+20,5.3157E+21,1.0186E+16,4.79884E+16
173625,9,7,80,139,2018,3,15,2,3,2,6,0,0,1,0,0,0,0,1,5.96327E+20,5.2631E+21,1.02794E+16,4.75141E+16
173626,9,7,62,0,2018,3,14,2,3,0,1,0,1,0,0,0,0,0,0,6.21775E+20,5.30859E+21,1.06299E+16,4.7919E+16
173627,9,7,74,121,2018,3,7,5,3,5,3,0,1,1,0,0,0,0,0,6.0364E+20,5.36484E+21,1.0401E+16,4.84281E+16
173628,9,7,77,151,2018,3,12,5,3,2,6,0,1,1,0,0,0,0,0,6.2103E+20,5.29218E+21,1.06154E+16,4.77716E+16
173629,9,7,72,185,2018,3,6,2,3,3,6,2,1,1,0,0,0,0,0,6.3512E+20,5.38281E+21,1.08322E+16,4.85838E+16
173630,9,7,72,171,2018,3,6,5,2,5,3,0,1,1,0,0,0,0,0,6.38023E+20,5.3696E+21,1.08671E+16,4.84644E+16
173631,9,7,61,0,2018,3,11,5,3,5,3,0,1,1,0,0,0,0,0,6.38684E+20,5.36231E+21,1.08737E+16,4.83987E+16
173632,9,7,72,184,2018,3,16,2,3,5,3,0,0,1,0,0,0,0,0,6.35911E+20,5.36094E+21,1.08358E+16,4.8387E+16
173633,9,7,61,0,2018,3,20,5,2,6,4,2,0,0,1,0,0,1,1,6.39231E+20,5.36051E+21,1.08805E+16,4.83823E+16
173634,9,7,61,0,2018,3,17,2,3,3,6,0,0,1,0,0,0,0,0,6.4097E+20,5.35127E+21,1.09008E+16,4.82989E+16
173635,9,7,61,0,2018,3,14,5,3,4,6,0,0,1,0,1,0,0,0,6.4032E+20,5.35367E+21,1.08929E+16,4.83206E+16
173636,9,7,61,0,2018,3,7,2,3,3,6,0,0,1,0,0,1,0,1,6.39408E+20,5.36003E+21,1.08827E+16,4.8378E+16
173637,9,6,75,141,2018,3,14,2,3,0,7,0,0,1,0,0,0,0,0,5.82811E+20,5.51039E+21,1.01493E+16,4.97403E+16
173638,9,6,63,0,2018,3,18,5,3,4,6,2,0,1,0,0,0,0,0,5.67437E+20,5.51552E+21,9.93687E+15,4.97884E+16
173639,9,5,72,135,2018,3,15,2,2,5,3,0,0,1,0,0,0,0,0,6.30683E+20,5.50776E+21,1.08126E+16,4.97081E+16
173640,9,6,76,132,2018,3,17,5,3,5,2,0,1,1,0,0,0,0,0,5.15207E+20,5.50747E+21,9.21096E+15,4.97196E+16
173641,9,5,64,0,2018,3,7,2,3,2,6,0,0,1,0,0,0,0,1,6.49135E+20,5.48003E+21,1.10578E+16,4.94546E+16
173642,9,5,77,136,2018,3,17,2,2,5,3,1,1,1,0,0,0,0,0,6.27637E+20,5.44433E+21,1.07499E+16,4.91386E+16
173643,9,4,62,0,2018,3,1,2,3,0,7,2,1,0,0,0,0,0,1,6.84402E+20,5.53557E+21,1.15702E+16,4.9944E+16
173644,9,6,71,111,2018,3,16,5,3,2,6,0,0,1,0,0,0,0,0,5.04653E+20,5.54809E+21,9.06505E+15,5.0085E+16
173645,9,3,63,0,2018,3,8,2,3,2,7,0,0,1,0,0,0,0,1,7.29063E+20,5.5067E+21,1.21747E+16,4.96692E+16
173646,9,5,62,0,2018,3,7,5,3,4,2,0,1,1,0,0,0,0,0,6.44959E+20,5.49625E+21,1.10062E+16,4.96015E+16
173647,9,3,62,0,2018,3,0,2,3,0,1,2,0,1,0,1,0,0,0,7.2471E+20,5.43313E+21,1.2073E+16,4.90101E+16
173648,9,5,63,0,2018,3,8,5,3,5,3,0,0,1,0,0,0,1,0,6.4528E+20,5.48292E+21,1.10057E+16,4.94815E+16
173649,9,3,75,117,2018,3,12,2,3,3,2,0,1,1,0,0,0,0,0,7.34047E+20,5.43275E+21,1.22003E+16,4.90032E+16
173650,9,5,63,0,2018,3,6,5,3,9,7,1,0,0,0,1,0,1,2,6.46281E+20,5.48471E+21,1.10202E+16,4.94974E+16
173651,9,3,72,116,2018,3,14,2,3,6,4,0,0,1,1,0,0,0,1,7.66592E+20,5.45887E+21,1.26617E+16,4.92245E+16
173652,9,3,71,136,2018,3,17,2,3,5,3,0,0,1,0,0,0,0,0,7.08665E+20,5.47896E+21,1.18777E+16,4.94275E+16
173653,9,5,64,0,2018,3,9,5,3,2,6,0,0,1,0,0,0,0,0,6.48502E+20,5.47617E+21,1.10476E+16,4.94201E+16
173654,9,2,76,118,2018,3,7,2,3,5,3,1,0,1,0,0,0,0,1,8.0054E+20,5.43713E+21,1.31106E+16,4.90137E+16
173655,9,5,64,0,2018,3,16,5,3,5,3,0,1,1,0,0,0,0,0,6.45339E+20,5.47847E+21,1.10049E+16,4.94415E+16
173656,9,5,64,0,2018,3,20,5,3,3,6,2,0,1,0,0,0,0,0,6.51912E+20,5.48135E+21,1.10966E+16,4.94658E+16
173657,9,2,76,126,2018,3,11,2,3,0,6,0,0,0,0,0,0,1,1,8.09503E+20,5.42457E+21,1.32233E+16,4.88967E+16
173658,9,2,71,119,2018,3,7,2,3,0,1,0,1,0,0,0,0,0,1,7.8971E+20,5.41788E+21,1.29492E+16,4.88462E+16
173659,9,2,61,0,2018,3,10,2,3,6,4,0,0,1,1,0,0,0,0,7.32354E+20,5.38261E+21,1.21489E+16,4.85535E+16
173660,9,5,73,122,2018,3,11,5,3,0,7,0,1,1,0,0,0,0,0,6.43071E+20,5.47712E+21,1.09732E+16,4.94299E+16
173661,9,2,73,127,2018,3,6,2,3,4,2,1,0,1,0,1,0,0,1,7.24982E+20,5.40893E+21,1.20634E+16,4.87926E+16
173662,9,4,78,139,2018,3,12,5,2,6,4,0,0,1,1,0,0,0,0,6.47552E+20,5.55695E+21,1.10652E+16,5.01464E+16
173663,9,4,63,0,2018,3,13,5,3,6,4,0,0,1,1,0,0,0,0,6.41081E+20,5.5668E+21,1.09784E+16,5.02365E+16
173664,9,4,63,0,2018,3,19,5,3,4,2,2,1,1,0,0,0,0,0,6.39776E+20,5.5702E+21,1.09613E+16,5.02674E+16
173665,9,4,77,128,2018,3,9,5,3,2,6,0,0,1,0,0,0,0,0,6.75045E+20,5.55404E+21,1.14483E+16,5.01128E+16
173666,9,1,90,157,2018,3,10,2,2,6,4,0,1,0,1,0,0,0,0,6.60333E+20,5.30051E+21,1.11427E+16,4.78379E+16
173667,9,4,62,0,2018,3,12,5,3,5,2,0,1,1,0,0,0,0,0,6.84177E+20,5.53657E+21,1.15675E+16,4.9953E+16
173668,9,4,62,0,2018,3,18,5,3,5,3,1,1,1,0,0,0,0,0,6.84346E+20,5.53533E+21,1.15693E+16,4.99419E+16
173669,9,1,83,148,2018,3,13,2,3,5,3,0,0,1,0,0,0,0,0,7.53123E+20,5.34462E+21,1.2407E+16,4.82043E+16
173670,9,4,62,0,2018,3,14,5,3,0,1,0,0,0,0,1,0,0,0,6.86033E+20,5.53683E+21,1.15935E+16,4.99548E+16
173671,9,1,89,157,2018,3,10,2,2,0,7,0,1,0,0,0,0,0,0,7.64695E+20,5.32465E+21,1.255E+16,4.80203E+16
173672,9,4,61,0,2018,3,9,5,3,3,6,0,1,1,0,0,0,0,0,6.35956E+20,5.52841E+21,1.08929E+16,4.98927E+16
173673,9,1,89,118,2018,3,16,2,3,4,1,0,1,1,0,0,0,0,0,7.83726E+20,5.32159E+21,1.28027E+16,4.79846E+16
173674,9,1,71,114,2018,3,17,2,3,3,2,0,1,1,0,0,0,0,0,7.80194E+20,5.34477E+21,1.27706E+16,4.81942E+16
173675,9,3,75,174,2018,3,16,5,3,6,7,0,1,0,1,0,0,0,0,7.34021E+20,5.43102E+21,1.2199E+16,4.89877E+16
173676,9,1,87,122,2018,3,13,2,3,5,3,0,1,1,0,0,0,0,0,7.182E+20,5.30734E+21,1.19186E+16,4.78822E+16
173677,9,1,61,0,2018,3,8,2,3,2,6,0,0,1,0,0,0,0,0,6.76464E+20,5.40507E+21,1.14018E+16,4.87736E+16