OBJECTID_1,ULAND,UREGBEZ,UKREIS,UGEMEINDE,UJAHR,UMONAT,USTUNDE,UWOCHENTAG,UKATEGORIE,UART,UTYP1,ULICHTVERH,IstRad,IstPKW,IstFuss,IstKrad,IstGkfz,IstSonstig,STRZUSTAND,LINREFX,LINREFY,XGCSWGS84,YGCSWGS84
173678,9,3,75,119,2018,3,8,5,3,5,3,0,0,1,0,0,0,0,0,7.41268E+20,5.44817E+21,1.23081E+16,4.9139E+16
173679,9,3,62,0,2018,3,19,5,3,0,1,2,0,1,0,0,0,0,0,7.24656E+20,5.43079E+21,1.2071E+16,4.89891E+16
173680,9,1,74,115,2018,3,6,2,2,6,2,2,0,1,1,0,0,0,0,6.81271E+20,5.34784E+21,1.14423E+16,4.82578E+16
173681,9,3,62,0,2018,3,9,5,3,2,6,0,0,1,0,0,0,1,0,7.28363E+20,5.43668E+21,1.21249E+16,4.90406E+16
173682,9,3,73,147,2018,3,12,5,3,5,3,0,0,1,0,0,0,0,0,6.79513E+20,5.46067E+21,1.14679E+16,4.92724E+16
173683,9,4,63,0,2018,3,12,3,3,1,6,0,0,1,0,1,0,0,1,6.40429E+20,5.57007E+21,1.09704E+16,5.0266E+16
173684,9,1,78,145,2018,3,15,2,3,6,1,0,0,1,1,0,0,0,0,6.97635E+20,5.35403E+21,1.16655E+16,4.83085E+16
173685,9,3,72,116,2018,3,9,5,2,6,4,0,0,1,1,0,0,0,0,7.67195E+20,5.45845E+21,1.26697E+16,4.92205E+16
173686,9,1,84,147,2018,3,1,1,2,0,1,2,1,0,0,0,0,0,1,6.96445E+20,5.34151E+21,1.16436E+16,4.81964E+16
173687,9,3,76,161,2018,3,11,5,2,2,6,0,0,1,0,1,0,0,0,7.27706E+20,5.46792E+21,1.21336E+16,4.93214E+16
173688,9,1,62,0,2018,3,12,1,3,5,3,0,1,1,0,0,0,0,0,6.82086E+20,5.3348E+21,1.14477E+16,4.81404E+16
173689,9,3,61,0,2018,3,13,5,3,5,3,0,0,1,0,0,1,0,0,7.07938E+20,5.47916E+21,1.18678E+16,4.94295E+16
173690,9,1,62,0,2018,3,15,1,3,4,6,0,0,1,0,0,0,0,0,6.96433E+20,5.33192E+21,1.1639E+16,4.81102E+16
173691,9,1,62,0,2018,3,18,1,3,0,1,1,1,0,0,0,0,0,0,6.86792E+20,5.33977E+21,1.15131E+16,4.81836E+16
173692,9,2,76,134,2018,3,7,5,3,7,7,0,0,1,0,0,0,0,2,7.88655E+20,5.43561E+21,1.29474E+16,4.90057E+16
173693,9,1,62,0,2018,3,18,1,3,1,6,2,0,1,0,0,0,0,0,6.90436E+20,5.34269E+21,1.15634E+16,4.82088E+16
173694,9,2,78,123,2018,3,7,5,3,1,5,0,0,1,0,0,0,0,0,7.48937E+20,5.41374E+21,1.2392E+16,4.88267E+16
173695,9,2,71,119,2018,3,14,5,3,2,6,0,0,1,0,0,0,0,0,7.90447E+20,5.41638E+21,1.29581E+16,4.88323E+16
173696,9,3,62,0,2018,3,14,3,3,5,2,0,1,1,0,0,0,0,0,7.27377E+20,5.43406E+21,1.211E+16,4.90175E+16
173697,9,7,75,135,2018,3,19,1,3,5,3,2,1,1,0,0,0,0,1,5.74385E+20,5.35947E+21,1.00047E+16,4.8384E+16
173698,9,2,62,0,2018,3,14,5,3,4,2,0,0,1,0,0,0,0,0,8.25787E+20,5.38921E+21,1.34169E+16,4.85712E+16
173699,9,7,77,129,2018,3,10,1,3,0,6,0,1,0,0,0,0,0,0,6.26741E+20,5.26968E+21,1.06851E+16,4.75681E+16
173700,9,2,74,132,2018,3,14,5,3,5,3,0,0,1,0,0,0,0,0,7.22609E+20,5.38659E+21,1.20191E+16,4.85928E+16
173701,9,7,72,216,2018,3,3,1,3,6,6,2,0,1,1,0,0,0,0,6.23307E+20,5.36857E+21,1.06679E+16,4.84582E+16
173702,9,1,71,112,2018,3,14,5,3,4,6,0,0,1,0,0,1,0,0,7.85143E+20,5.34244E+21,1.28355E+16,4.81712E+16
173703,9,2,62,0,2018,3,13,3,3,2,6,0,0,1,0,0,0,0,0,8.2558E+20,5.38977E+21,1.34145E+16,4.85763E+16
173704,9,5,64,0,2018,3,11,1,3,3,1,0,1,0,0,0,0,0,0,6.53151E+20,5.47312E+21,1.11105E+16,4.93915E+16
173705,9,1,71,112,2018,3,12,5,3,5,3,0,0,1,0,0,0,0,0,7.83886E+20,5.34137E+21,1.2818E+16,4.81621E+16
173706,9,5,73,114,2018,3,16,1,2,8,1,0,0,0,0,0,0,1,0,6.37224E+20,5.47957E+21,1.08934E+16,4.94533E+16
173707,9,1,72,117,2018,3,13,5,3,0,4,0,0,1,1,0,0,0,0,7.95417E+20,5.28621E+21,1.29349E+16,4.76618E+16
173708,9,5,77,136,2018,3,14,1,3,0,7,0,1,0,0,0,0,0,0,6.29025E+20,5.44064E+21,1.07678E+16,4.91051E+16
173709,9,1,87,117,2018,3,8,5,3,5,3,0,0,1,1,0,0,0,0,7.25412E+20,5.30512E+21,1.20138E+16,4.78598E+16
173710,9,2,75,141,2018,3,5,3,3,5,3,1,1,1,0,0,0,0,0,8.19228E+20,5.37051E+21,1.3314E+16,4.84068E+16
173711,9,5,71,132,2018,3,23,1,3,8,1,2,0,0,0,1,0,0,1,6.05917E+20,5.44502E+21,1.04524E+16,4.91489E+16
173712,9,1,61,0,2018,3,13,5,3,5,3,0,1,0,0,0,0,1,0,6.79095E+20,5.40275E+21,1.14366E+16,4.87519E+16
173713,9,5,61,0,2018,3,9,1,2,5,3,0,1,1,0,0,0,0,0,6.1437E+20,5.46151E+21,1.0573E+16,4.92956E+16
173714,9,1,88,141,2018,3,7,5,3,0,7,0,0,1,0,0,0,0,0,6.69859E+20,5.30982E+21,1.12736E+16,4.79192E+16
173715,9,4,72,198,2018,3,1,1,2,8,1,2,0,1,0,0,0,0,1,6.99003E+20,5.54268E+21,1.17771E+16,5.00032E+16
173716,9,1,81,131,2018,3,7,5,2,5,3,0,0,1,0,0,0,0,0,6.34865E+20,5.33439E+21,1.08132E+16,4.81485E+16
173717,9,1,72,114,2018,3,3,3,3,8,1,2,0,1,0,0,0,0,1,7.92294E+20,5.2952E+21,1.28994E+16,4.77439E+16
173718,9,2,62,0,2018,3,19,1,3,5,3,2,0,1,0,0,0,0,0,8.26498E+20,5.38914E+21,1.34265E+16,4.85702E+16
173719,9,1,79,145,2018,3,3,5,3,0,1,2,1,0,0,0,0,0,0,6.74843E+20,5.33809E+21,1.13518E+16,4.8172E+16
173720,9,2,77,119,2018,3,12,1,2,0,7,0,1,0,0,0,0,0,0,7.75644E+20,5.3749E+21,1.27293E+16,4.84667E+16
173721,9,1,87,117,2018,3,8,3,3,6,4,0,0,1,1,0,0,0,0,7.24654E+20,5.30462E+21,1.20034E+16,4.78556E+16
173722,9,2,74,120,2018,3,12,1,2,8,1,0,0,1,0,0,0,0,0,7.51418E+20,5.36384E+21,1.23955E+16,4.83776E+16
173723,9,1,79,121,2018,3,13,5,3,5,2,0,1,1,0,0,0,0,0,6.65743E+20,5.3372E+21,1.12291E+16,4.81664E+16
173724,9,2,74,119,2018,3,13,1,3,0,1,0,0,0,0,1,0,0,0,7.43484E+20,5.40036E+21,1.23099E+16,4.87087E+16
173725,9,1,88,118,2018,3,11,1,3,0,1,0,1,0,0,0,0,0,0,6.71444E+20,5.31371E+21,1.12963E+16,4.79537E+16
173726,9,1,81,130,2018,3,20,1,3,5,3,2,0,1,0,0,0,0,0,6.38921E+20,5.32497E+21,1.08646E+16,4.80629E+16
173727,9,1,62,0,2018,3,13,4,3,2,6,0,0,1,0,0,0,0,0,6.89682E+20,5.34013E+21,1.15521E+16,4.81861E+16
173728,9,1,81,122,2018,3,14,1,2,2,6,0,0,1,0,1,0,0,0,6.51665E+20,5.33014E+21,1.10374E+16,4.81065E+16
173729,9,1,79,123,2018,3,9,1,3,5,3,0,1,1,0,0,0,0,0,6.76586E+20,5.33342E+21,1.13733E+16,4.81295E+16
173730,9,1,62,0,2018,3,7,4,3,6,2,0,0,1,1,0,0,0,1,6.8968E+20,5.33219E+21,1.15485E+16,4.81147E+16
173731,9,1,62,0,2018,3,18,4,3,1,5,0,1,1,0,0,0,0,0,6.89987E+20,5.33332E+21,1.15532E+16,4.81247E+16
173732,9,1,78,124,2018,3,18,1,3,6,4,2,0,1,1,0,0,0,0,7.03909E+20,5.36499E+21,1.17553E+16,4.8405E+16
173733,9,1,62,0,2018,3,15,4,3,2,6,0,1,1,0,0,0,0,0,6.9179E+20,5.33672E+21,1.15789E+16,4.81548E+16
173734,9,1,62,0,2018,3,16,4,3,5,3,0,0,1,0,0,0,0,0,6.90493E+20,5.33861E+21,1.15623E+16,4.81722E+16
173735,9,1,61,0,2018,3,15,3,3,1,6,0,0,1,0,0,0,0,0,6.76171E+20,5.40662E+21,1.13985E+16,4.87876E+16
173736,9,1,62,0,2018,3,22,7,3,2,6,2,0,1,0,0,0,0,1,6.92531E+20,5.33456E+21,1.15879E+16,4.81351E+16
173737,9,1,62,0,2018,3,19,4,3,5,3,2,0,1,0,0,0,0,0,6.90366E+20,5.34221E+21,1.15622E+16,4.82045E+16
173738,9,1,62,0,2018,3,9,7,3,0,1,0,1,0,0,0,0,0,0,6.98163E+20,5.33368E+21,1.16631E+16,4.81255E+16
173739,9,1,62,0,2018,3,17,7,3,1,6,0,0,1,0,0,0,0,1,6.90343E+20,5.34311E+21,1.15623E+16,4.82127E+16
173740,9,1,62,0,2018,3,14,4,3,0,6,0,0,1,0,1,0,0,0,6.90721E+20,5.34017E+21,1.15661E+16,4.81861E+16
173741,9,1,62,0,2018,3,13,7,3,6,2,0,0,1,1,0,0,0,0,6.86699E+20,5.33949E+21,1.15117E+16,4.81812E+16
173742,9,1,62,0,2018,3,21,7,3,0,6,2,1,0,0,0,0,0,0,6.89533E+20,5.33834E+21,1.15493E+16,4.817E+16
173743,9,1,62,0,2018,3,14,4,3,3,6,0,0,1,0,0,0,0,0,6.91196E+20,5.34047E+21,1.15726E+16,4.81886E+16
173744,9,1,62,0,2018,3,8,4,3,5,3,0,0,1,0,0,0,0,1,6.89368E+20,5.34139E+21,1.15484E+16,4.81975E+16
173745,9,1,62,0,2018,3,19,7,3,6,7,2,0,1,1,0,0,0,0,6.92832E+20,5.33145E+21,1.15905E+16,4.81071E+16
173746,9,1,62,0,2018,3,18,4,3,5,3,1,1,1,0,0,0,0,0,6.88006E+20,5.33918E+21,1.15291E+16,4.8178E+16
173747,9,1,62,0,2018,3,16,4,3,5,2,0,1,1,0,0,0,0,0,6.8656E+20,5.32982E+21,1.15056E+16,4.80943E+16
173748,9,1,62,0,2018,3,15,4,3,6,7,0,0,1,1,0,0,0,0,6.84684E+20,5.32867E+21,1.14799E+16,4.80845E+16
173749,9,1,62,0,2018,3,8,4,3,6,4,0,0,1,1,0,0,0,1,6.8187E+20,5.33664E+21,1.14456E+16,4.8157E+16
173750,9,1,62,0,2018,3,19,7,3,6,2,2,0,1,1,0,0,0,1,6.96984E+20,5.33524E+21,1.1648E+16,4.81399E+16
173751,9,1,62,0,2018,3,12,4,3,5,3,0,1,1,0,0,0,0,1,6.86886E+20,5.33391E+21,1.15118E+16,4.8131E+16
173752,9,1,62,0,2018,3,11,4,3,1,5,0,1,1,0,0,0,0,1,6.91153E+20,5.3338E+21,1.1569E+16,4.81287E+16
173753,9,1,85,149,2018,3,14,3,3,5,3,0,0,1,0,0,0,0,0,6.60212E+20,5.39975E+21,1.11787E+16,4.87301E+16
173754,9,1,62,0,2018,3,16,7,3,3,6,0,0,1,0,1,0,0,0,6.92494E+20,5.33449E+21,1.15873E+16,4.81345E+16
173755,9,7,74,135,2018,3,15,4,3,5,6,0,0,1,0,1,0,0,0,5.94761E+20,5.36829E+21,1.02818E+16,4.84606E+16
173756,9,7,75,135,2018,3,17,7,3,0,7,0,1,0,0,0,0,0,1,5.75277E+20,5.36078E+21,1.00169E+16,4.83957E+16
173757,9,7,78,173,2018,3,14,4,3,6,6,0,0,0,1,0,0,1,0,6.11756E+20,5.32283E+21,1.04996E+16,4.80489E+16
173758,9,7,63,0,2018,3,16,7,3,0,1,0,1,0,0,0,0,0,1,5.98391E+20,5.28705E+21,1.03122E+16,4.77294E+16
173759,9,7,72,147,2018,3,18,7,3,2,6,2,0,1,0,0,0,0,1,6.39021E+20,5.36487E+21,1.08791E+16,4.84216E+16
173760,9,7,64,0,2018,3,14,4,3,6,4,0,0,0,1,0,0,1,0,5.88381E+20,5.31625E+21,1.01847E+16,4.79934E+16
173761,9,7,61,0,2018,3,12,7,3,1,5,0,1,1,0,0,0,0,1,6.42187E+20,5.36089E+21,1.09205E+16,4.83852E+16
173762,9,7,61,0,2018,3,4,4,3,6,4,2,0,1,1,0,0,0,0,6.38337E+20,5.36089E+21,1.08685E+16,4.8386E+16
173763,9,1,88,117,2018,3,20,3,2,4,6,2,0,0,0,0,0,1,0,6.65374E+20,5.31761E+21,1.12166E+16,4.79904E+16
173764,9,7,61,0,2018,3,10,7,3,5,2,0,0,1,0,0,0,1,1,6.4151E+20,5.35821E+21,1.09104E+16,4.83612E+16
173765,9,7,61,0,2018,3,9,4,3,5,3,0,0,1,0,0,0,0,1,6.39367E+20,5.36026E+21,1.08822E+16,4.83801E+16
173766,9,7,61,0,2018,3,5,7,3,0,1,2,1,0,0,0,0,0,0,6.41183E+20,5.358E+21,1.0906E+16,4.83594E+16
173767,9,1,79,121,2018,3,8,3,3,6,3,0,0,1,1,0,0,0,0,6.65463E+20,5.33701E+21,1.12253E+16,4.81648E+16
173768,9,6,79,136,2018,3,11,7,3,0,2,0,0,1,0,1,0,0,0,5.7105E+20,5.51483E+21,9.98694E+15,4.97817E+16
173769,9,7,61,0,2018,3,7,4,3,3,2,0,1,1,0,0,0,0,0,6.43234E+20,5.35906E+21,1.0934E+16,4.83684E+16
173770,9,6,77,157,2018,3,11,7,3,5,3,0,0,1,0,0,0,1,0,5.43694E+20,5.52217E+21,9.6078E+15,4.98504E+16
173771,9,7,61,0,2018,3,17,4,3,5,2,0,1,1,0,0,0,0,0,6.39125E+20,5.35689E+21,1.08778E+16,4.83498E+16
173772,9,6,72,143,2018,3,13,7,3,8,7,0,0,1,0,0,0,0,0,5.85772E+20,5.55919E+21,1.02013E+16,5.01787E+16
173773,9,7,61,0,2018,3,15,4,3,6,4,0,1,0,1,0,0,0,0,6.40786E+20,5.35924E+21,1.0901E+16,4.83706E+16
173774,9,1,78,140,2018,3,7,3,3,0,1,0,0,0,0,1,0,0,1,7.06073E+20,5.36579E+21,1.17849E+16,4.84115E+16
173775,9,6,71,140,2018,3,14,7,3,0,1,0,1,0,0,0,0,0,0,5.0566E+20,5.53735E+21,9.07896E+15,4.99885E+16
173776,9,6,72,114,2018,3,15,4,3,6,4,0,0,1,1,0,0,0,0,5.77285E+20,5.56216E+21,1.00831E+16,5.02066E+16
173777,9,1,78,129,2018,3,21,3,2,1,1,2,0,1,0,1,0,0,0,7.09742E+20,5.37099E+21,1.1837E+16,4.8457E+16
173778,9,5,65,0,2018,3,16,7,2,9,7,0,0,1,0,0,0,0,1,6.45844E+20,5.46552E+21,1.10071E+16,4.93249E+16
173779,9,6,76,116,2018,3,17,4,3,1,1,0,0,1,0,0,0,0,0,5.19127E+20,5.50616E+21,9.26528E+15,4.97076E+16
173780,9,5,64,0,2018,3,19,7,3,6,6,1,0,1,1,0,0,0,1,6.46408E+20,5.47617E+21,1.10188E+16,4.94206E+16
173781,9,6,61,0,2018,3,6,4,2,5,2,1,1,1,0,0,0,0,1,5.10249E+20,5.53556E+21,9.14293E+15,4.99723E+16
173782,9,5,64,0,2018,3,9,7,3,0,1,0,1,0,0,0,0,0,0,6.50453E+20,5.48076E+21,1.10763E+16,4.94608E+16
173783,9,5,72,130,2018,3,13,4,3,5,3,0,0,1,0,0,0,0,0,6.39453E+20,5.50624E+21,1.09336E+16,4.96925E+16
173784,9,1,62,0,2018,3,6,2,3,1,5,1,0,1,0,0,0,0,1,6.90176E+20,5.33633E+21,1.1557E+16,4.81517E+16
173785,9,5,65,0,2018,3,12,4,3,3,2,0,1,1,0,0,0,0,0,6.4737E+20,5.46523E+21,1.1028E+16,4.9322E+16
173786,9,4,64,0,2018,3,15,7,2,5,3,0,0,1,0,1,0,0,0,7.06839E+20,5.57837E+21,1.19057E+16,5.03211E+16
173787,9,5,65,0,2018,3,15,4,2,4,2,0,1,1,0,0,0,0,0,6.48437E+20,5.46714E+21,1.10434E+16,4.93389E+16
173788,9,4,72,116,2018,3,12,7,3,1,6,0,0,1,0,0,0,0,0,6.89705E+20,5.54665E+21,1.16495E+16,5.00419E+16
173789,9,5,64,0,2018,3,15,4,3,1,2,0,0,1,0,0,0,0,0,6.51725E+20,5.47727E+21,1.10925E+16,4.94291E+16
173790,9,3,75,117,2018,3,11,7,3,2,6,0,0,1,0,0,0,0,0,7.33846E+20,5.43259E+21,1.21975E+16,4.90019E+16
173791,9,3,75,174,2018,3,12,7,3,4,2,0,1,1,0,0,0,0,0,7.33337E+20,5.43021E+21,1.21892E+16,4.89807E+16
173792,9,5,64,0,2018,3,20,4,3,4,7,2,0,1,0,1,0,0,0,6.52928E+20,5.4742E+21,1.11079E+16,4.94012E+16
173793,9,3,76,161,2018,3,22,7,2,4,6,2,1,1,0,0,0,0,1,7.2503E+20,5.46818E+21,1.2097E+16,4.93248E+16
173794,9,2,71,119,2018,3,18,7,3,1,1,2,0,1,0,1,0,0,1,7.90532E+20,5.41722E+21,1.29599E+16,4.88398E+16
173795,9,5,73,134,2018,3,7,4,3,5,3,1,1,1,0,0,0,0,0,6.41052E+20,5.47861E+21,1.09459E+16,4.94438E+16
173796,9,5,63,0,2018,3,12,4,3,3,6,0,0,1,0,0,0,0,0,6.43787E+20,5.47979E+21,1.0984E+16,4.94537E+16
173797,9,2,71,119,2018,3,11,7,2,0,7,0,0,0,0,0,0,1,0,7.9097E+20,5.4143E+21,1.29638E+16,4.88135E+16
173798,9,5,63,0,2018,3,17,4,3,5,3,0,0,1,0,0,0,0,0,6.45059E+20,5.48094E+21,1.10019E+16,4.94638E+16
173799,9,4,78,139,2018,3,9,4,2,5,3,0,1,1,0,0,0,0,0,6.47995E+20,5.55736E+21,1.10716E+16,5.01499E+16
173800,9,2,73,137,2018,3,16,7,2,6,4,0,0,0,1,1,0,0,1,7.11841E+20,5.42224E+21,1.18916E+16,4.89168E+16
173801,9,4,62,0,2018,3,7,4,3,6,4,0,0,1,1,0,0,0,0,6.85004E+20,5.53621E+21,1.15789E+16,4.99496E+16
173802,9,1,63,0,2018,3,1,7,3,1,5,2,1,1,0,0,0,0,0,7.32465E+20,5.30449E+21,1.21076E+16,4.78516E+16
173803,9,4,71,120,2018,3,6,4,2,0,7,0,0,0,0,1,0,0,1,6.25448E+20,5.52019E+21,1.0744E+16,4.9821E+16
173804,9,1,87,162,2018,3,11,7,3,0,1,0,1,0,0,0,0,0,0,7.50641E+20,5.30593E+21,1.2351E+16,4.78578E+16
173805,9,3,62,0,2018,3,16,4,3,0,1,0,0,0,0,1,0,0,0,7.28451E+20,5.43632E+21,1.21259E+16,4.90374E+16
173806,9,1,61,0,2018,3,18,7,3,0,6,2,0,1,0,1,0,0,1,6.76142E+20,5.40524E+21,1.13975E+16,4.87752E+16
173807,9,1,61,0,2018,3,18,7,3,1,5,2,0,1,0,0,0,0,1,6.78899E+20,5.40498E+21,1.14349E+16,4.87721E+16
173808,9,3,61,0,2018,3,15,4,3,5,3,0,0,1,0,0,0,0,0,7.07208E+20,5.48123E+21,1.18589E+16,4.94484E+16
173809,9,1,79,123,2018,3,10,7,2,0,7,0,0,1,0,0,0,1,0,6.74769E+20,5.33332E+21,1.13488E+16,4.81291E+16
173810,9,1,74,115,2018,3,19,7,3,2,6,1,0,1,0,0,0,0,1,6.83288E+20,5.34845E+21,1.14697E+16,4.82627E+16
173811,9,3,61,0,2018,3,14,4,3,2,6,0,0,1,0,0,0,0,0,7.06948E+20,5.48007E+21,1.18547E+16,4.9438E+16
173812,9,2,71,146,2018,3,11,4,3,1,7,0,0,1,0,0,0,1,1,7.84152E+20,5.41078E+21,1.28687E+16,4.8785E+16
173813,9,1,77,117,2018,3,19,7,3,0,4,2,0,1,0,0,0,1,1,7.16245E+20,5.35418E+21,1.19162E+16,4.83038E+16
173814,9,2,72,129,2018,3,21,4,2,4,6,2,1,1,0,0,0,0,0,8.44837E+20,5.40859E+21,1.36904E+16,4.87347E+16
173815,9,1,73,112,2018,3,6,4,3,3,3,1,0,1,0,0,0,0,1,6.91281E+20,5.29268E+21,1.15525E+16,4.77591E+16
173816,9,1,62,0,2018,3,11,6,3,5,3,0,1,1,0,0,0,0,0,6.82833E+20,5.3415E+21,1.14606E+16,4.82004E+16
173817,9,1,83,120,2018,3,9,4,2,8,1,0,0,1,0,0,0,0,1,7.50606E+20,5.34804E+21,1.23752E+16,4.8236E+16
173818,9,1,62,0,2018,3,14,6,3,8,1,0,0,1,1,0,0,0,0,6.9172E+20,5.3349E+21,1.15771E+16,4.81385E+16
173819,9,1,61,0,2018,3,5,4,3,4,2,0,0,1,0,1,0,0,0,6.7641E+20,5.40577E+21,1.14014E+16,4.87799E+16
173820,9,1,62,0,2018,3,8,6,2,5,3,0,1,1,0,0,0,0,0,6.8927E+20,5.33613E+21,1.15448E+16,4.81502E+16
173821,9,1,62,0,2018,3,11,6,2,6,2,0,0,1,1,0,0,0,0,6.84149E+20,5.33753E+21,1.14766E+16,4.81643E+16
173822,9,1,81,128,2018,3,8,4,2,8,1,0,0,1,0,0,0,0,1,6.39387E+20,5.33214E+21,1.08732E+16,4.81273E+16
173823,9,1,62,0,2018,3,18,6,3,5,3,1,1,1,0,0,0,0,0,6.88052E+20,5.34356E+21,1.15317E+16,4.82173E+16
173824,9,1,62,0,2018,3,22,6,3,6,2,2,0,1,1,0,0,0,0,6.88544E+20,5.33633E+21,1.15351E+16,4.81523E+16
173825,9,1,88,127,2018,3,17,4,3,5,3,0,1,1,0,0,0,0,0,6.75791E+20,5.32938E+21,1.13609E+16,4.80934E+16
173826,9,1,62,0,2018,3,16,6,3,6,4,0,1,0,1,0,0,0,0,6.91781E+20,5.33789E+21,1.15793E+16,4.81653E+16
173827,9,1,79,138,2018,3,10,4,2,9,7,0,0,1,0,0,0,0,1,6.5384E+20,5.33425E+21,1.10681E+16,4.81429E+16
173828,9,1,74,141,2018,3,7,4,3,6,2,0,0,1,1,0,0,0,1,6.83685E+20,5.35581E+21,1.14783E+16,4.83288E+16
173829,9,1,62,0,2018,3,9,2,3,3,6,0,0,1,0,0,0,0,1,6.93588E+20,5.33264E+21,1.16012E+16,4.81176E+16
173830,9,7,75,143,2018,3,17,6,3,0,4,0,0,1,1,0,0,0,0,5.8572E+20,5.35634E+21,1.01571E+16,4.83545E+16
173831,9,1,74,115,2018,3,8,4,3,5,3,0,0,1,0,0,0,0,0,6.81123E+20,5.34724E+21,1.14401E+16,4.82525E+16
173832,9,7,64,0,2018,3,7,6,3,2,6,0,1,1,0,0,0,0,0,5.88391E+20,5.31652E+21,1.01848E+16,4.79958E+16
173833,9,1,62,0,2018,3,15,3,3,5,3,0,0,1,0,1,0,0,0,6.89356E+20,5.34088E+21,1.1548E+16,4.81929E+16
173834,9,7,74,174,2018,3,18,6,2,9,1,0,0,0,0,1,0,0,0,5.99904E+20,5.36712E+21,1.03511E+16,4.84493E+16
173835,9,1,62,0,2018,3,17,3,3,5,3,0,1,1,0,0,0,0,0,6.93526E+20,5.33148E+21,1.15998E+16,4.81071E+16
173836,9,1,62,0,2018,3,10,2,3,0,1,0,0,1,0,0,0,0,0,6.96397E+20,5.33614E+21,1.16405E+16,4.81481E+16
173837,9,7,80,133,2018,3,7,6,2,3,2,0,1,0,0,0,0,0,0,5.96477E+20,5.25144E+21,1.02788E+16,4.74092E+16
173838,9,1,62,0,2018,3,11,3,3,0,1,0,1,0,0,0,0,0,0,6.91742E+20,5.3352E+21,1.15776E+16,4.81412E+16
173839,9,1,62,0,2018,3,19,2,3,5,3,2,0,1,0,0,1,0,0,6.80237E+20,5.3385E+21,1.14244E+16,4.81741E+16
173840,9,7,79,131,2018,3,12,6,3,6,4,0,0,1,1,0,0,0,0,6.30799E+20,5.39775E+21,1.07783E+16,4.87191E+16
173841,9,1,62,0,2018,3,13,3,3,9,1,0,0,0,0,1,0,0,0,6.79691E+20,5.33823E+21,1.1417E+16,4.81719E+16
173842,9,7,73,125,2018,3,17,6,3,0,7,0,1,0,0,0,0,0,0,6.09205E+20,5.38167E+21,1.04806E+16,4.85786E+16
173843,9,7,61,0,2018,3,13,6,3,5,3,0,1,1,0,0,0,0,0,6.38481E+20,5.35978E+21,1.08701E+16,4.8376E+16
173844,9,1,62,0,2018,3,23,3,3,3,6,2,0,1,0,0,0,0,0,6.91123E+20,5.33516E+21,1.15692E+16,4.8141E+16
173845,9,7,61,0,2018,3,12,6,2,6,4,0,0,1,1,0,0,0,0,6.39844E+20,5.35906E+21,1.08882E+16,4.83692E+16
173846,9,1,62,0,2018,3,16,3,3,1,7,0,0,1,0,0,0,0,0,6.96948E+20,5.33229E+21,1.16461E+16,4.81134E+16
173847,9,6,61,0,2018,3,8,6,3,5,2,0,0,1,0,0,0,0,1,5.11051E+20,5.53511E+21,9.1541E+15,4.99683E+16
173848,9,1,62,0,2018,3,23,3,3,5,3,2,0,1,0,0,0,0,1,6.84884E+20,5.33449E+21,1.14851E+16,4.81368E+16
173849,9,5,62,0,2018,3,14,6,3,5,3,0,1,1,0,0,0,0,1,6.44938E+20,5.49415E+21,1.10051E+16,4.95825E+16
173850,9,1,62,0,2018,3,8,3,2,0,7,0,1,0,0,0,0,0,0,6.88746E+20,5.33627E+21,1.15378E+16,4.81516E+16
173851,9,5,62,0,2018,3,19,6,3,3,3,2,1,1,0,0,0,0,1,6.46119E+20,5.49513E+21,1.10218E+16,4.9591E+16
173852,9,1,62,0,2018,3,8,3,3,5,2,0,1,1,0,0,0,0,0,6.90908E+20,5.33564E+21,1.15665E+16,4.81453E+16
173853,9,5,64,0,2018,3,13,6,3,5,3,0,1,1,0,0,0,0,1,6.50227E+20,5.48121E+21,1.10733E+16,4.9465E+16
173854,9,5,64,0,2018,3,12,6,3,5,3,0,0,1,0,1,0,0,1,6.5145E+20,5.47915E+21,1.10894E+16,4.94462E+16
173855,9,7,63,0,2018,3,8,3,3,1,7,0,0,1,0,0,0,1,0,6.00173E+20,5.28571E+21,1.03356E+16,4.7717E+16
173856,9,5,64,0,2018,3,19,6,2,6,4,2,0,1,1,0,0,0,1,6.52091E+20,5.48064E+21,1.10988E+16,4.94594E+16
173857,9,5,64,0,2018,3,22,6,3,0,1,2,1,0,0,0,0,0,1,6.47872E+20,5.47845E+21,1.10398E+16,4.94407E+16
173858,9,7,62,0,2018,3,7,3,3,0,1,0,1,0,0,0,0,0,0,6.21545E+20,5.30556E+21,1.0626E+16,4.78919E+16
173859,9,7,62,0,2018,3,7,3,3,6,4,0,0,1,1,0,0,0,0,6.22044E+20,5.30733E+21,1.06332E+16,4.79077E+16
173860,9,4,62,0,2018,3,12,6,3,2,6,0,0,1,0,0,0,0,0,6.8327E+20,5.53578E+21,1.15545E+16,4.99462E+16
173861,9,7,61,0,2018,3,10,3,3,5,3,0,0,1,0,0,0,1,0,6.40785E+20,5.35924E+21,1.0901E+16,4.83706E+16
173862,9,3,74,149,2018,3,0,6,3,9,1,2,0,1,0,0,0,0,1,7.09621E+20,5.51636E+21,1.19109E+16,4.97631E+16
173863,9,7,72,200,2018,3,9,3,3,4,2,0,0,1,0,0,0,0,0,6.3062E+20,5.33845E+21,1.07574E+16,4.81859E+16
173864,9,7,72,184,2018,3,12,3,3,5,3,0,0,1,1,0,0,0,0,6.35817E+20,5.36149E+21,1.08347E+16,4.8392E+16