OBJECTID_1,ULAND,UREGBEZ,UKREIS,UGEMEINDE,UJAHR,UMONAT,USTUNDE,UWOCHENTAG,UKATEGORIE,UART,UTYP1,ULICHTVERH,IstRad,IstPKW,IstFuss,IstKrad,IstGkfz,IstSonstig,STRZUSTAND,LINREFX,LINREFY,XGCSWGS84,YGCSWGS84
174052,9,1,62,0,2018,3,19,5,3,6,4,2,0,1,1,0,0,0,0,7.00886E+20,5.33444E+21,1.17E+16,4.81315E+16
174053,9,7,79,115,2018,3,13,7,2,4,2,0,0,1,0,0,0,0,0,6.34039E+20,5.39284E+21,1.08208E+16,4.86742E+16
174054,9,7,72,163,2018,3,10,7,3,4,2,0,0,1,0,0,0,1,0,6.38777E+20,5.34643E+21,1.08697E+16,4.82559E+16
174055,9,1,62,0,2018,3,17,5,3,5,2,0,1,1,0,0,0,0,0,6.94529E+20,5.33521E+21,1.1615E+16,4.81404E+16
174056,9,7,72,163,2018,3,10,7,3,2,6,0,0,1,0,0,0,0,0,6.40128E+20,5.34811E+21,1.08884E+16,4.82707E+16
174057,9,7,63,0,2018,3,2,4,2,4,1,2,0,1,0,0,1,0,2,5.98486E+20,5.28979E+21,1.0314E+16,4.7754E+16
174058,9,7,61,0,2018,3,11,7,3,5,3,0,1,1,0,0,0,0,0,6.41787E+20,5.36203E+21,1.09155E+16,4.83955E+16
174059,9,6,63,0,2018,3,19,7,3,0,7,2,0,0,0,1,0,0,0,5.67329E+20,5.51578E+21,9.93542E+15,4.97907E+16
174060,9,7,64,0,2018,3,18,3,3,0,7,1,1,0,0,0,0,0,0,5.8771E+20,5.31537E+21,1.01755E+16,4.79856E+16
174061,9,2,74,184,2018,3,14,4,3,1,6,0,1,0,0,0,0,1,0,7.48119E+20,5.37161E+21,1.23556E+16,4.84486E+16
174062,9,6,76,125,2018,3,9,7,2,0,1,0,0,0,0,1,0,0,0,5.16193E+20,5.50895E+21,9.22471E+15,4.97329E+16
174063,9,1,62,0,2018,3,8,5,3,4,2,0,0,1,0,0,1,0,0,7.01857E+20,5.33532E+21,1.17134E+16,4.8139E+16
174064,9,6,61,0,2018,3,20,7,3,0,1,2,0,0,0,1,0,0,0,5.10924E+20,5.53634E+21,9.15236E+15,4.99793E+16
174065,9,5,64,0,2018,3,11,7,3,3,6,0,0,1,0,0,0,1,0,6.50732E+20,5.47846E+21,1.10792E+16,4.94401E+16
174066,9,1,62,0,2018,3,17,5,3,2,6,0,0,1,0,0,0,0,0,6.96374E+20,5.33598E+21,1.16401E+16,4.81467E+16
174067,9,5,64,0,2018,3,12,7,3,3,6,0,0,1,0,0,0,0,0,6.51744E+20,5.47877E+21,1.10933E+16,4.94426E+16
174068,9,5,64,0,2018,3,17,7,3,5,3,0,0,1,0,0,0,0,0,6.51729E+20,5.4794E+21,1.10934E+16,4.94483E+16
174069,9,1,62,0,2018,3,16,5,3,0,7,0,1,0,0,0,0,0,0,6.9169E+20,5.33647E+21,1.15774E+16,4.81525E+16
174070,9,5,64,0,2018,3,16,7,3,5,7,0,0,1,0,0,0,0,0,6.50516E+20,5.4785E+21,1.10763E+16,4.94405E+16
174071,9,7,71,146,2018,3,12,4,3,8,1,0,0,1,0,0,0,0,0,6.49006E+20,5.34804E+21,1.1008E+16,4.8268E+16
174072,9,5,64,0,2018,3,23,7,3,6,3,2,0,1,1,0,0,0,2,6.50918E+20,5.47933E+21,1.10821E+16,4.94479E+16
174073,9,5,61,0,2018,3,14,7,2,9,7,0,0,1,0,0,0,0,0,6.17897E+20,5.45769E+21,1.06204E+16,4.92606E+16
174074,9,1,72,118,2018,3,7,4,2,0,1,0,1,0,0,0,0,0,1,7.97639E+20,5.30643E+21,1.29782E+16,4.78423E+16
174075,9,4,64,0,2018,3,10,7,3,1,6,0,0,1,0,0,0,0,2,7.08045E+20,5.5784E+21,1.19227E+16,5.0321E+16
174076,9,1,62,0,2018,3,9,5,3,3,6,0,1,1,0,0,0,0,0,6.91742E+20,5.3366E+21,1.15782E+16,4.81537E+16
174077,9,4,71,159,2018,3,6,7,3,0,1,1,1,0,0,0,0,0,1,6.38213E+20,5.53203E+21,1.09256E+16,4.99247E+16
174078,9,3,63,0,2018,3,10,7,3,5,3,0,1,1,0,0,0,1,1,7.27689E+20,5.50934E+21,1.21573E+16,4.96935E+16
174079,9,5,64,0,2018,3,7,4,2,4,2,0,1,1,0,0,0,0,0,6.50706E+20,5.4783E+21,1.10788E+16,4.94387E+16
174080,9,2,71,119,2018,3,9,7,3,6,7,0,0,1,1,0,0,0,0,7.9087E+20,5.41653E+21,1.2964E+16,4.88335E+16
174081,9,1,90,157,2018,3,1,7,3,0,7,2,1,0,0,0,0,0,0,6.60292E+20,5.3004E+21,1.11421E+16,4.78369E+16
174082,9,1,78,145,2018,3,16,4,3,6,5,0,0,1,1,0,0,0,0,6.97635E+20,5.35403E+21,1.16655E+16,4.83085E+16
174083,9,6,75,127,2018,3,6,4,2,0,7,0,0,1,0,0,0,0,2,6.10694E+20,5.51325E+21,1.0537E+16,4.97615E+16
174084,9,1,80,117,2018,3,11,7,3,0,1,0,1,0,0,0,0,0,0,6.58582E+20,5.26256E+21,1.11056E+16,4.74971E+16
174085,9,1,89,124,2018,3,19,7,3,6,4,2,0,1,1,0,0,0,0,7.81092E+20,5.2956E+21,1.27506E+16,4.77525E+16
174086,9,1,82,120,2018,3,7,4,3,8,1,0,0,1,0,0,0,0,2,7.02132E+20,5.31018E+21,1.17053E+16,4.79131E+16
174087,9,1,82,136,2018,3,17,7,3,5,3,0,0,1,0,0,0,0,0,7.04893E+20,5.30215E+21,1.17384E+16,4.784E+16
174088,9,1,62,0,2018,3,7,5,3,5,3,0,1,1,0,0,0,0,0,6.94345E+20,5.33421E+21,1.16121E+16,4.81315E+16
174089,9,1,81,130,2018,3,20,7,3,6,2,2,0,1,1,0,0,0,1,6.38906E+20,5.32258E+21,1.08636E+16,4.80414E+16
174090,9,1,88,144,2018,3,11,7,2,4,2,0,0,1,0,1,0,0,0,6.6889E+20,5.32908E+21,1.12682E+16,4.80926E+16
174091,9,5,64,0,2018,3,10,3,2,0,1,0,1,0,0,0,0,0,2,6.48072E+20,5.47986E+21,1.10431E+16,4.94533E+16
174092,9,5,75,121,2018,3,16,4,3,2,2,0,0,1,0,0,0,0,0,6.21947E+20,5.49125E+21,1.06863E+16,4.95615E+16
174093,9,1,74,115,2018,3,23,7,3,5,3,2,0,1,0,0,0,0,1,6.81763E+20,5.34796E+21,1.1449E+16,4.82588E+16
174094,9,1,62,0,2018,3,15,3,3,1,6,0,0,1,0,0,0,0,1,6.87191E+20,5.34362E+21,1.15202E+16,4.82182E+16
174095,9,1,62,0,2018,3,9,5,3,6,4,0,0,1,1,0,0,0,0,6.90671E+20,5.33475E+21,1.1563E+16,4.81374E+16
174096,9,1,62,0,2018,3,11,6,2,5,2,0,1,1,0,0,0,0,0,6.86741E+20,5.33025E+21,1.15082E+16,4.80981E+16
174097,9,1,62,0,2018,3,8,5,3,5,3,0,1,1,0,0,0,0,0,6.90977E+20,5.3403E+21,1.15696E+16,4.81872E+16
174098,9,1,62,0,2018,3,10,6,3,4,2,0,1,1,0,0,0,0,0,6.89578E+20,5.33352E+21,1.15477E+16,4.81267E+16
174099,9,7,78,121,2018,3,7,4,2,8,1,0,0,1,0,0,0,0,2,6.02496E+20,5.33567E+21,1.03785E+16,4.8166E+16
174100,9,1,62,0,2018,3,7,6,3,3,6,0,1,1,0,0,0,0,1,6.9364E+20,5.33335E+21,1.16022E+16,4.81239E+16
174101,9,1,62,0,2018,3,23,6,3,5,3,2,0,1,0,0,0,0,1,6.87905E+20,5.34361E+21,1.15297E+16,4.82179E+16
174102,9,1,62,0,2018,3,19,6,3,5,3,2,0,1,0,0,0,0,1,6.88406E+20,5.34336E+21,1.15364E+16,4.82155E+16
174103,9,1,62,0,2018,3,7,6,3,0,7,0,0,0,0,0,0,1,0,6.87335E+20,5.33491E+21,1.15182E+16,4.81398E+16
174104,9,4,77,128,2018,3,18,4,3,5,3,0,0,1,0,0,0,0,0,6.7398E+20,5.55307E+21,1.1433E+16,5.01044E+16
174105,9,1,62,0,2018,3,16,6,3,5,3,0,0,1,0,0,0,0,0,6.99767E+20,5.33484E+21,1.16852E+16,4.81355E+16
174106,9,1,62,0,2018,3,10,3,3,2,6,0,0,1,0,0,1,0,2,6.92956E+20,5.34031E+21,1.15962E+16,4.81867E+16
174107,9,1,62,0,2018,3,14,6,3,5,3,0,1,1,0,0,0,0,0,6.91485E+20,5.33076E+21,1.15721E+16,4.81013E+16
174108,9,1,62,0,2018,3,15,6,3,2,6,0,0,1,0,0,0,0,0,6.88718E+20,5.33679E+21,1.15376E+16,4.81563E+16
174109,9,1,62,0,2018,3,7,6,3,2,6,0,0,1,0,0,0,0,0,6.98808E+20,5.33321E+21,1.16715E+16,4.81211E+16
174110,9,7,77,158,2018,3,14,4,3,5,3,0,0,1,0,0,0,0,0,6.20781E+20,5.30828E+21,1.06166E+16,4.79165E+16
174111,9,1,62,0,2018,3,12,6,3,2,6,0,0,1,0,0,1,1,1,6.94325E+20,5.33498E+21,1.16121E+16,4.81383E+16
174112,9,1,62,0,2018,3,16,6,2,0,1,0,1,0,0,0,0,0,0,6.93244E+20,5.33438E+21,1.15974E+16,4.81333E+16
174113,9,1,73,118,2018,3,8,4,3,4,1,0,0,1,0,0,0,0,2,6.89421E+20,5.30281E+21,1.15321E+16,4.78507E+16
174114,9,1,62,0,2018,3,14,6,2,6,4,0,0,1,1,0,0,0,0,6.91151E+20,5.33569E+21,1.15698E+16,4.81457E+16
174115,9,7,75,135,2018,3,17,6,3,4,2,0,0,1,0,0,0,0,0,5.74148E+20,5.36082E+21,1.00017E+16,4.83962E+16
174116,9,2,63,0,2018,3,13,4,2,4,6,0,1,0,0,0,0,1,0,7.61629E+20,5.42072E+21,1.2569E+16,4.88841E+16
174117,9,7,78,118,2018,3,16,6,3,5,3,0,0,1,0,1,0,0,0,5.90312E+20,5.31346E+21,1.021E+16,4.79681E+16
174118,9,7,74,135,2018,3,6,6,3,5,3,0,0,1,0,0,0,0,0,5.93204E+20,5.36742E+21,1.02605E+16,4.8453E+16
174119,9,7,76,117,2018,3,9,6,3,5,3,0,0,1,0,0,0,0,0,5.67142E+20,5.27295E+21,9.89332E+15,4.76065E+16
174120,9,7,79,194,2018,3,12,6,2,5,3,0,1,1,0,0,0,0,0,6.10417E+20,5.41283E+21,1.05054E+16,4.88586E+16
174121,9,7,61,0,2018,3,15,4,3,2,6,0,0,1,0,0,0,0,0,6.4066E+20,5.36017E+21,1.08996E+16,4.8379E+16
174122,9,7,79,147,2018,3,13,6,3,5,3,0,0,1,0,0,0,0,0,6.08942E+20,5.42401E+21,1.04883E+16,4.89594E+16
174123,9,7,61,0,2018,3,12,6,3,0,6,0,0,1,0,0,0,1,0,6.39719E+20,5.36004E+21,1.08869E+16,4.8378E+16
174124,9,1,71,112,2018,3,7,4,3,8,4,0,0,1,1,0,0,0,2,7.84169E+20,5.34264E+21,1.28226E+16,4.81734E+16
174125,9,6,63,0,2018,3,11,6,3,2,6,0,0,0,0,1,1,0,0,5.66567E+20,5.51512E+21,9.92472E+15,4.97848E+16
174126,9,7,72,163,2018,3,17,3,3,4,2,0,0,1,0,0,0,0,0,6.40488E+20,5.3506E+21,1.08941E+16,4.8293E+16
174127,9,6,63,0,2018,3,23,6,2,5,5,2,0,1,0,0,0,0,0,5.66207E+20,5.51674E+21,9.91999E+15,4.97995E+16
174128,9,6,63,0,2018,3,22,6,3,4,1,2,0,1,0,0,0,0,1,5.68593E+20,5.51641E+21,9.95309E+15,4.97962E+16
174129,9,6,63,0,2018,3,20,6,3,4,2,2,0,1,0,0,0,0,1,5.66855E+20,5.5168E+21,9.92901E+15,4.97999E+16
174130,9,5,62,0,2018,3,12,4,3,2,6,0,0,1,0,0,0,0,0,6.44123E+20,5.49443E+21,1.0994E+16,4.95852E+16
174131,9,5,62,0,2018,3,18,6,3,5,3,2,1,1,0,0,0,0,1,6.44212E+20,5.49399E+21,1.0995E+16,4.95813E+16
174132,9,1,86,152,2018,3,18,4,3,5,3,0,0,1,0,0,0,1,0,6.92073E+20,5.37507E+21,1.16002E+16,4.84993E+16
174133,9,6,78,135,2018,3,20,6,3,5,3,2,0,1,0,0,0,0,1,5.91841E+20,5.54173E+21,1.02821E+16,5.00208E+16
174134,9,3,75,174,2018,3,8,6,3,6,6,0,0,1,1,0,0,0,1,7.33509E+20,5.43113E+21,1.2192E+16,4.89888E+16
174135,9,3,62,0,2018,3,17,6,3,0,7,0,1,1,0,0,0,0,0,7.2743E+20,5.43178E+21,1.21094E+16,4.8997E+16
174136,9,5,71,136,2018,3,22,3,3,1,5,2,0,1,0,0,0,0,1,6.01225E+20,5.43533E+21,1.03857E+16,4.90626E+16
174137,9,4,79,169,2018,3,16,4,3,5,3,0,0,1,0,0,0,0,0,7.15175E+20,5.54748E+21,1.20052E+16,5.00406E+16
174138,9,6,78,178,2018,3,11,6,3,1,6,0,0,1,0,0,0,1,0,5.89921E+20,5.54378E+21,1.02558E+16,5.00395E+16
174139,9,7,72,167,2018,3,14,6,3,4,6,0,0,1,0,0,1,0,0,6.26558E+20,5.3558E+21,1.0708E+16,4.83427E+16
174140,9,1,77,115,2018,3,14,2,3,0,7,0,0,1,1,0,0,0,0,7.33991E+20,5.35188E+21,1.21539E+16,4.82769E+16
174141,9,7,61,0,2018,3,23,6,3,1,5,2,0,0,0,0,1,0,0,6.37866E+20,5.36287E+21,1.08628E+16,4.84039E+16
174142,9,7,75,135,2018,3,17,7,3,2,6,0,0,1,0,0,0,0,0,5.74234E+20,5.35994E+21,1.00027E+16,4.83882E+16
174143,9,1,84,123,2018,3,17,6,3,5,3,0,1,1,0,0,0,0,0,7.04012E+20,5.3319E+21,1.17407E+16,4.81076E+16
174144,9,7,61,0,2018,3,18,6,3,5,3,0,0,1,0,0,0,0,0,6.36965E+20,5.36075E+21,1.08499E+16,4.8385E+16
174145,9,7,61,0,2018,3,13,6,2,5,3,0,1,1,0,0,0,0,0,6.37621E+20,5.36076E+21,1.08588E+16,4.8385E+16
174146,9,1,62,0,2018,3,15,1,3,3,6,0,0,1,0,1,0,0,0,6.89582E+20,5.3332E+21,1.15477E+16,4.81238E+16
174147,9,6,61,0,2018,3,15,7,3,1,6,0,0,0,0,1,0,0,0,5.08122E+20,5.5364E+21,9.11328E+15,4.99799E+16
174148,9,7,61,0,2018,3,10,6,3,5,3,0,0,1,0,0,0,1,0,6.39592E+20,5.35951E+21,1.0885E+16,4.83733E+16
174149,9,7,72,184,2018,3,9,7,3,1,7,0,1,1,0,0,0,0,0,6.35339E+20,5.35981E+21,1.08277E+16,4.83769E+16
174150,9,6,62,0,2018,3,9,6,3,1,3,0,0,1,0,0,0,0,0,5.89232E+20,5.54612E+21,1.02467E+16,5.00606E+16
174151,9,6,71,114,2018,3,13,6,2,6,7,0,0,1,1,0,0,0,0,5.02314E+20,5.54337E+21,9.03232E+15,5.00426E+16
174152,9,6,77,155,2018,3,5,1,2,6,4,2,0,1,1,0,0,0,0,5.4122E+20,5.53756E+21,9.57503E+15,4.9989E+16
174153,9,4,63,0,2018,3,16,7,2,2,6,0,1,1,0,0,0,0,0,6.41117E+20,5.56665E+21,1.09788E+16,5.02351E+16
174154,9,5,76,147,2018,3,17,6,3,0,1,0,0,0,0,1,0,0,1,6.40558E+20,5.44917E+21,1.09287E+16,4.91792E+16
174155,9,5,74,138,2018,3,10,6,3,6,2,0,0,1,1,0,0,0,1,6.64663E+20,5.48669E+21,1.12747E+16,4.95105E+16
174156,9,5,63,0,2018,3,9,6,3,5,3,0,0,1,0,0,0,0,1,6.45209E+20,5.48353E+21,1.1005E+16,4.9487E+16
174157,9,2,75,146,2018,3,12,1,3,8,1,0,0,1,0,0,0,0,0,8.2998E+20,5.39389E+21,1.34773E+16,4.8611E+16
174158,9,2,79,112,2018,3,21,7,2,6,2,2,0,1,1,0,0,0,0,7.57918E+20,5.39219E+21,1.25006E+16,4.86295E+16
174159,9,5,64,0,2018,3,12,6,3,5,3,0,0,1,0,0,0,0,0,6.48481E+20,5.48425E+21,1.10504E+16,4.94927E+16
174160,9,1,81,130,2018,3,20,2,3,5,2,2,0,1,0,1,0,0,0,6.3918E+20,5.32444E+21,1.08679E+16,4.8058E+16
174161,9,5,64,0,2018,3,9,6,3,2,6,0,0,1,0,0,0,0,1,6.49901E+20,5.48035E+21,1.10685E+16,4.94573E+16
174162,9,1,62,0,2018,3,21,7,2,1,7,2,0,1,0,0,0,0,0,6.98146E+20,5.3344E+21,1.16632E+16,4.8132E+16
174163,9,5,64,0,2018,3,7,6,3,2,6,0,0,1,0,0,0,0,0,6.512E+20,5.47652E+21,1.1085E+16,4.94226E+16
174164,9,1,62,0,2018,3,14,7,3,5,3,0,1,1,0,0,0,0,0,6.88123E+20,5.33687E+21,1.15297E+16,4.81572E+16
174165,9,1,88,137,2018,3,16,7,3,2,2,0,1,0,0,0,0,0,0,6.71752E+20,5.3149E+21,1.13009E+16,4.79643E+16
174166,9,1,62,0,2018,3,19,6,3,0,1,2,1,0,0,0,0,0,1,6.91792E+20,5.33255E+21,1.1577E+16,4.81173E+16
174167,9,3,62,0,2018,3,17,6,3,5,3,0,1,1,0,0,0,0,0,7.26939E+20,5.43319E+21,1.21035E+16,4.90099E+16
174168,9,1,62,0,2018,3,16,1,3,2,6,0,0,1,0,0,0,0,0,6.9273E+20,5.33008E+21,1.15885E+16,4.80948E+16
174169,9,3,62,0,2018,3,13,6,3,1,6,0,0,1,0,0,0,0,0,7.28263E+20,5.43191E+21,1.21209E+16,4.89978E+16
174170,9,7,77,151,2018,3,5,7,3,0,1,2,1,0,0,0,0,0,0,6.21133E+20,5.29329E+21,1.06171E+16,4.77816E+16
174171,9,3,71,126,2018,3,13,6,3,2,6,0,0,1,0,0,0,0,0,7.062E+20,5.49054E+21,1.18498E+16,4.95323E+16
174172,9,3,61,0,2018,3,11,6,3,6,4,0,0,1,1,0,0,0,0,7.06575E+20,5.47958E+21,1.18493E+16,4.94338E+16
174173,9,1,62,0,2018,3,15,6,3,4,2,0,0,1,0,0,0,0,0,6.89556E+20,5.34042E+21,1.15505E+16,4.81887E+16
174174,9,2,63,0,2018,3,11,6,2,6,4,0,0,1,1,0,0,0,1,7.62695E+20,5.41969E+21,1.25829E+16,4.88745E+16
174175,9,1,62,0,2018,3,0,1,3,6,2,2,0,1,1,0,0,0,0,6.91339E+20,5.33409E+21,1.15716E+16,4.81313E+16
174176,9,2,73,177,2018,3,10,6,3,8,1,0,0,1,0,0,0,0,0,7.08385E+20,5.4024E+21,1.18344E+16,4.87398E+16
174177,9,7,71,112,2018,3,6,7,3,8,1,0,0,1,0,0,0,0,0,6.47386E+20,5.36695E+21,1.09928E+16,4.84384E+16
174178,9,1,90,140,2018,3,8,6,2,9,1,0,0,1,0,0,0,0,1,6.43736E+20,5.29679E+21,1.09198E+16,4.78084E+16
174179,9,1,74,115,2018,3,18,5,2,5,3,0,1,1,0,0,0,0,0,6.81755E+20,5.3476E+21,1.14487E+16,4.82555E+16
174180,9,1,78,145,2018,3,17,5,3,6,7,0,1,0,1,0,0,0,0,6.96643E+20,5.3545E+21,1.16523E+16,4.83131E+16
174181,9,1,63,0,2018,3,22,6,3,6,2,2,0,1,1,0,0,0,0,7.3398E+20,5.30532E+21,1.21283E+16,4.78586E+16
174182,9,4,77,128,2018,3,0,1,3,2,6,2,0,1,0,0,0,0,0,6.75249E+20,5.55385E+21,1.14511E+16,5.0111E+16
174183,9,1,62,0,2018,3,20,4,3,2,6,1,0,1,0,0,0,0,0,6.88095E+20,5.339E+21,1.15303E+16,4.81764E+16
174184,9,3,62,0,2018,3,14,7,3,2,6,0,0,1,0,0,0,0,0,7.27424E+20,5.43101E+21,1.21089E+16,4.89901E+16
174185,9,1,62,0,2018,3,19,4,3,3,6,2,0,1,0,0,0,0,1,6.91276E+20,5.34001E+21,1.15735E+16,4.81845E+16
174186,9,7,74,144,2018,3,14,1,3,5,3,0,0,1,0,0,0,0,0,6.06612E+20,5.3629E+21,1.04407E+16,4.84102E+16
174187,9,1,62,0,2018,3,10,4,3,5,3,0,0,1,0,0,0,0,0,6.90733E+20,5.34029E+21,1.15663E+16,4.81872E+16
174188,9,5,64,0,2018,3,16,7,3,5,2,0,0,1,0,0,0,0,0,6.55528E+20,5.47555E+21,1.11442E+16,4.94127E+16
174189,9,1,62,0,2018,3,8,4,3,1,5,0,1,1,0,0,0,0,0,6.92134E+20,5.33679E+21,1.15835E+16,4.81553E+16
174190,9,1,62,0,2018,3,19,4,3,5,2,2,0,1,0,0,0,0,1,6.92327E+20,5.33778E+21,1.15866E+16,4.81642E+16
174191,9,1,62,0,2018,3,17,4,3,4,2,0,0,1,0,1,0,0,1,6.87985E+20,5.34332E+21,1.15307E+16,4.82152E+16
174192,9,1,63,0,2018,3,8,6,3,0,1,0,1,0,0,0,0,0,1,7.34128E+20,5.30466E+21,1.21299E+16,4.78526E+16
174193,9,1,62,0,2018,3,14,4,3,5,3,0,1,1,0,0,0,0,0,6.92179E+20,5.33558E+21,1.15836E+16,4.81444E+16
174194,9,1,62,0,2018,3,16,4,3,5,3,0,0,1,0,0,0,0,0,6.9491E+20,5.33497E+21,1.162E+16,4.81381E+16
174195,9,1,87,179,2018,3,12,6,3,4,6,0,0,1,0,0,0,0,0,7.25012E+20,5.31129E+21,1.20117E+16,4.79154E+16
174196,9,1,89,160,2018,3,4,1,3,9,1,2,0,1,0,0,0,0,0,7.59908E+20,5.29331E+21,1.24671E+16,4.77408E+16
174197,9,1,84,135,2018,3,8,4,3,6,4,0,0,1,1,0,0,0,0,6.8972E+20,5.34841E+21,1.15563E+16,4.82605E+16
174198,9,1,90,139,2018,3,12,7,2,6,4,0,0,1,1,0,0,0,0,6.55294E+20,5.29628E+21,1.10739E+16,4.78012E+16
174199,9,1,62,0,2018,3,18,4,3,5,3,2,0,1,0,0,0,0,1,6.87423E+20,5.33643E+21,1.15201E+16,4.81535E+16
174200,9,1,62,0,2018,3,7,6,3,5,3,0,0,1,0,0,0,0,1,6.86232E+20,5.33352E+21,1.15028E+16,4.81277E+16
174201,9,1,62,0,2018,3,15,4,3,9,7,0,0,1,0,0,0,0,0,7.00435E+20,5.33463E+21,1.1694E+16,4.81334E+16
174202,9,1,61,0,2018,3,15,6,2,5,3,0,1,1,0,0,0,0,0,6.78778E+20,5.40183E+21,1.14319E+16,4.87438E+16
174203,9,1,62,0,2018,3,18,4,3,5,3,1,0,1,0,0,0,0,1,6.93296E+20,5.33234E+21,1.15971E+16,4.8115E+16
174204,9,1,79,142,2018,3,8,6,3,5,3,0,1,1,0,0,0,0,0,6.73391E+20,5.34166E+21,1.13337E+16,4.82045E+16
174205,9,7,62,0,2018,3,7,4,3,0,1,0,1,0,0,0,0,0,0,6.21869E+20,5.30385E+21,1.06299E+16,4.78764E+16
174206,9,1,72,115,2018,3,11,2,3,0,7,0,0,1,1,0,0,0,0,7.91851E+20,5.2932E+21,1.28922E+16,4.77261E+16
174207,9,7,79,194,2018,3,17,4,3,5,3,0,1,1,0,0,0,0,1,6.09701E+20,5.41264E+21,1.04956E+16,4.8857E+16
174208,9,1,77,117,2018,3,7,6,3,2,5,0,0,1,0,0,0,0,0,7.1477E+20,5.35482E+21,1.18967E+16,4.831E+16
174209,9,1,62,0,2018,3,23,7,3,2,6,2,0,1,0,0,0,0,0,6.94308E+20,5.33498E+21,1.16119E+16,4.81384E+16
174210,9,7,61,0,2018,3,19,4,3,5,3,1,1,1,0,0,0,0,1,6.40213E+20,5.35924E+21,1.08933E+16,4.83707E+16
174211,9,1,62,0,2018,3,14,6,3,5,3,0,1,1,0,0,0,0,0,6.89668E+20,5.3323E+21,1.15484E+16,4.81157E+16
174212,9,7,61,0,2018,3,17,4,3,0,7,0,1,0,0,0,0,0,1,6.40088E+20,5.35906E+21,1.08915E+16,4.83691E+16
174213,9,1,62,0,2018,3,11,6,3,0,7,0,1,0,0,0,0,0,0,6.90389E+20,5.3356E+21,1.15596E+16,4.81451E+16
174214,9,6,63,0,2018,3,15,4,3,4,2,0,0,1,0,0,0,0,0,5.65988E+20,5.51651E+21,9.91691E+15,4.97974E+16
174215,9,1,62,0,2018,3,17,5,3,5,2,0,1,1,0,0,0,0,0,6.91027E+20,5.3351E+21,1.15679E+16,4.81404E+16
174216,9,1,62,0,2018,3,14,1,3,5,2,0,1,1,0,0,0,0,0,6.84757E+20,5.32974E+21,1.14814E+16,4.80941E+16
174217,9,6,72,114,2018,3,19,4,3,5,3,2,0,1,0,0,0,0,1,5.77242E+20,5.56196E+21,1.00824E+16,5.02048E+16
174218,9,1,62,0,2018,3,11,5,3,6,4,0,0,1,1,0,0,0,0,6.91194E+20,5.34087E+21,1.15728E+16,4.81923E+16
174219,9,7,72,184,2018,3,17,7,2,5,3,0,1,1,0,0,0,0,0,6.34497E+20,5.3618E+21,1.0817E+16,4.8395E+16
174220,9,6,78,178,2018,3,18,4,3,5,3,1,0,1,0,0,0,0,1,5.8904E+20,5.54335E+21,1.02434E+16,5.00357E+16
174221,9,1,74,115,2018,3,17,2,3,5,3,0,1,1,0,0,0,0,0,6.81621E+20,5.34879E+21,1.14474E+16,4.82663E+16
174222,9,5,62,0,2018,3,13,4,3,1,5,0,1,1,0,0,0,0,0,6.44153E+20,5.4941E+21,1.09943E+16,4.95823E+16
174223,9,1,84,148,2018,3,11,5,2,6,4,0,1,0,1,0,0,0,0,6.94613E+20,5.32654E+21,1.16122E+16,4.80624E+16
174224,9,1,62,0,2018,3,9,7,3,2,6,0,0,1,0,0,0,1,0,6.92269E+20,5.33728E+21,1.15856E+16,4.81597E+16
174225,9,5,62,0,2018,3,7,4,3,5,3,0,1,1,0,0,0,0,1,6.41441E+20,5.49486E+21,1.0957E+16,4.95898E+16
174226,9,1,62,0,2018,3,18,6,3,1,3,0,0,1,0,1,0,0,0,6.91853E+20,5.33298E+21,1.1578E+16,4.81211E+16
174227,9,5,64,0,2018,3,9,4,3,0,7,0,1,0,0,0,0,0,1,6.47419E+20,5.48652E+21,1.10366E+16,4.95133E+16
174228,9,5,64,0,2018,3,6,4,3,6,2,1,0,1,1,0,0,0,1,6.48574E+20,5.47794E+21,1.10493E+16,4.9436E+16
174229,9,1,62,0,2018,3,18,5,3,6,7,1,0,0,1,0,0,1,2,6.91848E+20,5.33611E+21,1.15794E+16,4.81493E+16
174230,9,1,62,0,2018,3,16,1,3,5,3,0,1,1,0,0,0,0,0,6.86772E+20,5.33634E+21,1.15113E+16,4.81529E+16
174231,9,5,77,136,2018,3,20,4,3,9,7,2,0,1,0,0,0,0,1,6.21665E+20,5.44031E+21,1.06669E+16,4.91036E+16
174232,9,1,62,0,2018,3,19,5,3,1,7,2,0,1,0,0,0,0,1,6.92431E+20,5.33811E+21,1.15881E+16,4.81671E+16
174233,9,6,71,140,2018,3,16,7,2,0,7,0,0,0,0,0,0,1,0,5.04996E+20,5.53681E+21,9.06969E+15,4.99836E+16
174234,9,4,62,0,2018,3,15,4,3,5,2,0,0,1,0,0,0,0,0,6.82567E+20,5.53534E+21,1.15445E+16,4.99425E+16
174235,9,3,72,126,2018,3,13,4,3,5,3,0,0,1,0,0,0,0,0,7.79211E+20,5.46876E+21,1.28415E+16,4.93077E+16
174236,9,3,75,156,2018,3,15,4,3,0,6,0,1,0,0,0,0,0,0,7.15357E+20,5.44808E+21,1.19533E+16,4.91477E+16
174237,9,1,62,0,2018,3,15,5,3,6,4,0,0,1,1,0,0,0,0,6.84576E+20,5.33468E+21,1.14811E+16,4.81386E+16
174238,9,3,62,0,2018,3,20,4,3,6,4,2,0,1,1,0,0,0,0,7.26785E+20,5.43358E+21,1.21016E+16,4.90133E+16