OBJECTID_1,ULAND,UREGBEZ,UKREIS,UGEMEINDE,UJAHR,UMONAT,USTUNDE,UWOCHENTAG,UKATEGORIE,UART,UTYP1,ULICHTVERH,IstRad,IstPKW,IstFuss,IstKrad,IstGkfz,IstSonstig,STRZUSTAND,LINREFX,LINREFY,XGCSWGS84,YGCSWGS84
174239,9,3,73,146,2018,3,11,4,3,5,3,0,0,1,0,0,0,0,0,6.79487E+20,5.45085E+21,1.14631E+16,4.91842E+16
174240,9,3,73,126,2018,3,6,4,3,5,3,0,0,1,0,0,0,0,1,6.69685E+20,5.45679E+21,1.13312E+16,4.92403E+16
174241,9,1,62,0,2018,3,9,5,3,5,3,0,1,1,0,0,0,0,0,6.93322E+20,5.33123E+21,1.1597E+16,4.81049E+16
174242,9,3,72,116,2018,3,5,4,3,8,1,2,0,1,0,0,0,0,1,7.66323E+20,5.45863E+21,1.26578E+16,4.92224E+16
174243,9,3,61,0,2018,3,16,4,2,6,7,0,0,1,1,0,0,0,0,7.07689E+20,5.48137E+21,1.18656E+16,4.94495E+16
174244,9,1,62,0,2018,3,20,5,3,2,6,2,1,0,0,0,0,0,1,6.91001E+20,5.33321E+21,1.15667E+16,4.81235E+16
174245,9,7,73,137,2018,3,13,1,2,5,3,0,1,1,0,0,0,0,0,6.00471E+20,5.38544E+21,1.03631E+16,4.8614E+16
174246,9,2,71,119,2018,3,14,4,3,0,1,0,0,0,0,1,0,0,1,7.90855E+20,5.41693E+21,1.29641E+16,4.88371E+16
174247,9,5,64,0,2018,3,3,7,2,0,7,2,1,0,0,0,0,0,0,6.50662E+20,5.48007E+21,1.10789E+16,4.94546E+16
174248,9,1,63,0,2018,3,9,4,3,6,6,0,1,0,1,0,0,0,1,7.34147E+20,5.30391E+21,1.21297E+16,4.78459E+16
174249,9,1,87,122,2018,3,17,4,3,4,2,0,0,1,0,0,0,0,0,7.19195E+20,5.3077E+21,1.19321E+16,4.78851E+16
174250,9,1,76,114,2018,3,18,4,3,9,1,1,0,1,0,0,0,0,1,6.80933E+20,5.42785E+21,1.14727E+16,4.89771E+16
174251,9,7,80,143,2018,3,6,5,3,5,3,0,0,1,0,0,0,0,0,5.98065E+20,5.27947E+21,1.03061E+16,4.76612E+16
174252,9,1,79,126,2018,3,14,4,3,6,4,0,1,0,1,0,0,0,0,6.76361E+20,5.34091E+21,1.13733E+16,4.81969E+16
174253,9,1,62,0,2018,3,19,3,3,5,3,1,1,1,0,0,0,0,0,6.97698E+20,5.33421E+21,1.16571E+16,4.81304E+16
174254,9,7,80,132,2018,3,10,5,3,9,1,0,0,1,0,0,0,0,0,5.81298E+20,5.2676E+21,1.00806E+16,4.75567E+16
174255,9,1,79,134,2018,3,17,1,3,1,1,0,1,1,0,0,0,0,0,6.67372E+20,5.34269E+21,1.12532E+16,4.82153E+16
174256,9,1,62,0,2018,3,6,3,3,3,5,1,1,1,0,0,0,0,1,6.88875E+20,5.34261E+21,1.15423E+16,4.82086E+16
174257,9,7,80,124,2018,3,8,5,3,5,3,0,0,1,0,0,0,0,0,5.91952E+20,5.2677E+21,1.02222E+16,4.75562E+16
174258,9,3,72,153,2018,3,16,1,3,4,6,0,0,0,0,1,0,0,0,7.54519E+20,5.45632E+21,1.24946E+16,4.92068E+16
174259,9,1,62,0,2018,3,15,3,3,0,7,0,0,0,0,0,0,1,0,6.89557E+20,5.34261E+21,1.15515E+16,4.82084E+16
174260,9,3,76,144,2018,3,15,7,3,0,7,0,1,0,0,0,0,1,0,7.30479E+20,5.48429E+21,1.21812E+16,4.94675E+16
174261,9,1,62,0,2018,3,6,3,3,5,3,2,1,1,0,0,0,0,1,6.93574E+20,5.34207E+21,1.16053E+16,4.82023E+16
174262,9,1,62,0,2018,3,18,3,3,5,2,0,1,0,0,0,1,0,0,6.86648E+20,5.33827E+21,1.15105E+16,4.81702E+16
174263,9,7,77,121,2018,3,15,5,2,5,3,0,0,1,0,0,0,0,0,6.27786E+20,5.32172E+21,1.07143E+16,4.80359E+16
174264,9,1,62,0,2018,3,17,3,3,5,3,0,1,1,0,0,0,0,0,6.90396E+20,5.34294E+21,1.15629E+16,4.82111E+16
174265,9,1,87,150,2018,3,17,2,3,5,3,0,0,1,0,0,0,0,0,7.28798E+20,5.30426E+21,1.20585E+16,4.78509E+16
174266,9,1,62,0,2018,3,17,3,3,5,3,0,1,1,0,0,0,0,0,6.90381E+20,5.34305E+21,1.15628E+16,4.82121E+16
174267,9,7,79,178,2018,3,18,5,3,5,3,2,0,1,0,0,0,0,1,6.42944E+20,5.40041E+21,1.09443E+16,4.87403E+16
174268,9,1,62,0,2018,3,16,7,3,5,3,0,0,1,0,0,0,1,0,6.79792E+20,5.33853E+21,1.14185E+16,4.81746E+16
174269,9,1,62,0,2018,3,6,3,3,5,2,2,1,1,0,0,0,0,1,6.90853E+20,5.33929E+21,1.15675E+16,4.81782E+16
174270,9,1,62,0,2018,3,17,6,3,5,3,0,0,1,0,0,0,0,0,6.89066E+20,5.33258E+21,1.15405E+16,4.81184E+16
174271,9,1,62,0,2018,3,9,3,3,8,1,0,0,1,0,0,0,0,1,6.88199E+20,5.33379E+21,1.15293E+16,4.81295E+16
174272,9,7,79,197,2018,3,14,6,3,5,3,0,0,1,0,0,0,0,0,6.17459E+20,5.42425E+21,1.06046E+16,4.896E+16
174273,9,1,62,0,2018,3,16,3,2,6,4,0,0,1,1,0,0,0,0,6.90533E+20,5.33527E+21,1.15614E+16,4.81421E+16
174274,9,1,88,113,2018,3,16,7,3,6,7,0,0,1,1,0,0,0,0,6.76936E+20,5.31782E+21,1.13715E+16,4.79892E+16
174275,9,7,74,121,2018,3,10,3,2,0,2,0,0,1,1,0,0,0,0,6.04185E+20,5.36524E+21,1.04085E+16,4.84317E+16
174276,9,1,62,0,2018,3,9,6,3,5,3,0,1,0,0,0,0,1,0,6.9023E+20,5.33589E+21,1.15576E+16,4.81478E+16
174277,9,7,80,143,2018,3,7,3,3,4,6,0,0,1,0,0,0,0,1,5.96074E+20,5.2799E+21,1.02797E+16,4.76654E+16
174278,9,7,73,136,2018,3,6,5,3,5,3,0,0,1,0,0,0,1,0,6.01215E+20,5.37764E+21,1.03713E+16,4.85437E+16
174279,9,1,62,0,2018,3,15,1,3,3,5,0,1,1,0,0,0,0,0,6.89346E+20,5.33482E+21,1.15452E+16,4.81384E+16
174280,9,7,76,117,2018,3,11,3,3,0,3,0,0,1,0,1,0,0,1,5.66856E+20,5.27294E+21,9.88951E+15,4.76064E+16
174281,9,7,61,0,2018,3,12,5,3,6,4,0,0,1,1,0,0,0,0,6.44147E+20,5.35777E+21,1.09459E+16,4.83566E+16
174282,9,7,78,209,2018,3,16,7,3,0,7,0,1,0,0,0,0,1,1,6.17766E+20,5.32492E+21,1.05808E+16,4.80667E+16
174283,9,7,79,131,2018,3,16,3,3,5,3,0,1,1,0,0,0,0,0,6.30692E+20,5.39792E+21,1.07769E+16,4.87206E+16
174284,9,1,62,0,2018,3,17,6,3,1,7,0,0,1,0,0,1,0,0,6.96358E+20,5.33721E+21,1.16405E+16,4.81578E+16
174285,9,7,79,131,2018,3,18,3,3,2,6,0,0,1,0,0,0,0,0,6.30509E+20,5.39666E+21,1.0774E+16,4.87093E+16
174286,9,7,61,0,2018,3,17,5,2,6,4,0,0,1,1,0,0,0,0,6.39552E+20,5.3588E+21,1.08842E+16,4.8367E+16
174287,9,7,61,0,2018,3,14,3,3,0,7,0,1,1,0,0,0,0,0,6.40117E+20,5.3573E+21,1.08913E+16,4.83534E+16
174288,9,7,71,113,2018,3,18,5,3,1,5,2,1,1,0,0,0,0,1,6.57784E+20,5.36966E+21,1.11343E+16,4.84603E+16
174289,9,7,74,150,2018,3,21,1,3,5,3,2,0,1,0,0,0,0,0,6.00929E+20,5.34542E+21,1.03597E+16,4.8254E+16
174290,9,7,61,0,2018,3,16,3,2,4,2,0,0,1,0,1,0,0,0,6.39975E+20,5.35918E+21,1.08901E+16,4.83702E+16
174291,9,6,62,0,2018,3,9,5,2,6,4,0,0,0,1,0,0,1,0,5.88927E+20,5.54453E+21,1.02421E+16,5.00464E+16
174292,9,1,62,0,2018,3,15,1,3,3,2,0,0,1,0,1,0,0,0,6.82697E+20,5.33556E+21,1.14562E+16,4.81471E+16
174293,9,6,79,170,2018,3,10,3,3,0,7,0,1,0,0,0,0,0,0,5.76723E+20,5.50196E+21,1.00632E+16,4.96653E+16
174294,9,6,71,121,2018,3,14,5,3,5,3,0,0,1,0,0,0,0,1,5.13113E+20,5.53833E+21,9.18296E+15,4.99971E+16
174295,9,7,61,0,2018,3,20,7,3,0,7,2,0,0,0,0,0,1,0,6.43004E+20,5.35944E+21,1.0931E+16,4.83719E+16
174296,9,6,78,160,2018,3,14,3,3,6,7,0,0,1,1,0,0,0,0,5.85384E+20,5.54651E+21,1.0193E+16,5.00647E+16
174297,9,5,62,0,2018,3,6,3,3,0,7,1,1,1,0,0,0,0,0,6.46038E+20,5.49511E+21,1.10207E+16,4.9591E+16
174298,9,5,62,0,2018,3,18,3,3,5,3,0,0,1,0,0,0,0,0,6.45839E+20,5.49428E+21,1.10176E+16,4.95835E+16
174299,9,6,71,114,2018,3,11,5,2,5,3,0,0,1,0,1,0,0,1,5.01947E+20,5.54366E+21,9.02719E+15,5.00453E+16
174300,9,5,76,151,2018,3,9,3,3,0,7,0,1,0,0,0,0,0,0,6.56158E+20,5.46888E+21,1.11503E+16,4.93527E+16
174301,9,5,63,0,2018,3,15,3,3,5,3,0,0,1,0,0,0,0,0,6.44406E+20,5.48028E+21,1.09927E+16,4.9458E+16
174302,9,5,62,0,2018,3,20,5,3,5,3,2,1,1,0,0,0,0,1,6.44979E+20,5.49511E+21,1.10061E+16,4.95911E+16
174303,9,6,72,114,2018,3,16,1,3,1,6,0,0,1,0,0,0,0,0,5.7665E+20,5.56144E+21,1.0074E+16,5.02002E+16
174304,9,5,64,0,2018,3,21,3,3,6,7,2,0,1,1,0,0,0,0,6.51863E+20,5.47876E+21,1.10949E+16,4.94425E+16
174305,9,4,62,0,2018,3,13,7,3,3,6,0,0,1,0,0,0,0,0,6.84983E+20,5.5369E+21,1.15789E+16,4.99558E+16
174306,9,5,64,0,2018,3,10,3,3,1,6,0,0,1,0,0,0,0,0,6.49874E+20,5.47974E+21,1.10679E+16,4.94518E+16
174307,9,5,64,0,2018,3,18,3,3,5,7,0,0,1,0,0,0,1,0,6.50004E+20,5.47808E+21,1.10691E+16,4.94369E+16
174308,9,5,65,0,2018,3,11,7,2,5,3,0,1,1,0,0,0,0,0,6.49131E+20,5.4651E+21,1.10522E+16,4.93204E+16
174309,9,5,64,0,2018,3,13,3,3,0,1,0,0,0,0,1,0,0,0,6.47192E+20,5.4764E+21,1.10297E+16,4.94225E+16
174310,9,4,62,0,2018,3,10,3,3,0,1,0,0,0,0,1,0,0,0,6.86036E+20,5.53683E+21,1.15936E+16,4.99548E+16
174311,9,4,62,0,2018,3,11,3,3,1,1,0,1,1,0,0,0,0,0,6.8467E+20,5.5366E+21,1.15744E+16,4.99531E+16
174312,9,5,64,0,2018,3,17,5,3,0,7,0,0,1,0,0,0,0,0,6.49754E+20,5.47933E+21,1.10661E+16,4.94481E+16
174313,9,2,71,141,2018,3,17,3,3,1,7,0,0,1,0,0,0,0,0,7.95792E+20,5.40211E+21,1.30205E+16,4.87018E+16
174314,9,2,72,126,2018,3,15,3,3,4,1,0,0,1,0,0,0,0,2,8.38965E+20,5.41785E+21,1.36184E+16,4.8821E+16
174315,9,5,64,0,2018,3,15,5,2,6,4,0,0,1,1,0,0,0,1,6.5231E+20,5.48235E+21,1.11025E+16,4.94747E+16
174316,9,1,90,157,2018,3,16,1,2,0,6,0,1,0,0,0,0,0,0,6.60135E+20,5.29956E+21,1.11397E+16,4.78294E+16
174317,9,2,61,0,2018,3,13,3,3,4,2,0,0,1,0,0,0,0,0,7.32846E+20,5.38263E+21,1.21555E+16,4.85535E+16
174318,9,1,90,157,2018,3,14,7,3,2,6,0,0,1,0,0,0,0,0,6.60318E+20,5.30097E+21,1.11427E+16,4.78421E+16
174319,9,1,83,127,2018,3,17,3,2,0,7,0,1,0,1,0,0,0,0,7.57614E+20,5.35547E+21,1.24739E+16,4.82999E+16
174320,9,1,63,0,2018,3,19,3,3,2,6,0,0,1,0,0,0,0,0,7.31272E+20,5.30395E+21,1.20914E+16,4.78473E+16
174321,9,5,64,0,2018,3,11,5,3,1,5,0,1,1,0,0,0,0,0,6.49222E+20,5.47943E+21,1.10588E+16,4.94492E+16
174322,9,1,61,0,2018,3,12,3,3,3,2,0,1,1,0,0,0,0,0,6.7493E+20,5.40494E+21,1.13809E+16,4.87729E+16
174323,9,1,79,126,2018,3,15,2,3,1,1,0,0,1,0,0,0,0,0,6.7674E+20,5.33932E+21,1.13778E+16,4.81826E+16
174324,9,1,85,149,2018,3,17,3,3,5,3,0,0,1,0,0,0,0,0,6.61259E+20,5.39929E+21,1.11928E+16,4.87258E+16
174325,9,5,64,0,2018,3,11,5,2,4,6,0,1,0,0,0,0,1,0,6.54247E+20,5.4788E+21,1.11278E+16,4.94423E+16
174326,9,5,61,0,2018,3,19,5,3,5,3,2,1,1,0,0,0,0,1,6.14403E+20,5.46132E+21,1.05734E+16,4.92939E+16
174327,9,1,88,139,2018,3,6,3,3,6,4,2,0,1,1,0,0,0,1,6.74914E+20,5.31926E+21,1.1345E+16,4.80027E+16
174328,9,1,88,144,2018,3,16,3,3,4,6,0,0,0,0,0,1,1,0,6.69264E+20,5.32778E+21,1.12727E+16,4.80808E+16
174329,9,4,71,145,2018,3,17,5,3,5,3,0,1,1,0,0,0,0,1,6.41819E+20,5.51849E+21,1.09708E+16,4.98021E+16
174330,9,1,62,0,2018,3,18,7,3,1,6,1,0,1,0,0,0,0,0,6.90945E+20,5.33323E+21,1.1566E+16,4.81237E+16
174331,9,1,79,136,2018,3,19,3,3,8,7,2,0,0,0,0,0,1,1,6.61596E+20,5.34267E+21,1.11755E+16,4.82166E+16
174332,9,1,78,124,2018,3,11,7,3,1,3,0,0,1,0,0,0,0,0,7.03858E+20,5.36259E+21,1.17534E+16,4.83835E+16
174333,9,1,79,121,2018,3,9,3,3,5,2,0,0,1,0,0,0,0,0,6.66507E+20,5.33777E+21,1.12396E+16,4.81713E+16
174334,9,1,62,0,2018,3,7,6,3,3,5,0,1,1,0,0,0,0,1,6.93326E+20,5.33421E+21,1.15984E+16,4.81317E+16
174335,9,1,74,113,2018,3,17,3,3,9,1,0,0,1,0,0,0,0,0,6.73569E+20,5.34511E+21,1.13375E+16,4.82355E+16
174336,9,3,63,0,2018,3,15,5,2,1,5,0,1,1,0,0,0,0,1,7.26426E+20,5.50933E+21,1.21398E+16,4.96939E+16
174337,9,1,62,0,2018,3,15,1,3,0,7,0,0,1,0,1,0,0,0,6.92209E+20,5.33706E+21,1.15847E+16,4.81577E+16
174338,9,1,74,115,2018,3,11,3,3,4,2,0,0,1,0,0,0,1,0,6.81211E+20,5.34647E+21,1.14409E+16,4.82455E+16
174339,9,3,62,0,2018,3,20,5,3,2,6,2,0,1,0,0,0,0,1,7.28454E+20,5.43514E+21,1.21253E+16,4.90268E+16
174340,9,7,73,139,2018,3,17,7,2,6,4,0,0,1,1,0,0,0,0,6.16257E+20,5.38667E+21,1.05776E+16,4.86223E+16
174341,9,1,78,124,2018,3,9,3,2,5,3,0,1,1,0,0,0,0,0,7.04202E+20,5.36385E+21,1.17587E+16,4.83947E+16
174342,9,1,62,0,2018,3,18,2,3,6,4,0,1,0,1,0,0,0,0,6.93403E+20,5.33384E+21,1.15992E+16,4.81284E+16
174343,9,2,63,0,2018,3,16,5,3,1,2,0,0,1,0,1,0,0,0,7.61638E+20,5.42E+21,1.25687E+16,4.88777E+16
174344,9,1,62,0,2018,3,9,2,3,6,2,0,0,1,1,0,0,0,0,6.86248E+20,5.33336E+21,1.1503E+16,4.81262E+16
174345,9,1,62,0,2018,3,15,7,3,6,7,0,0,1,1,0,0,0,0,6.91451E+20,5.33505E+21,1.15736E+16,4.81398E+16
174346,9,1,62,0,2018,3,11,2,3,6,4,0,0,1,1,0,0,0,0,6.92021E+20,5.33458E+21,1.1581E+16,4.81355E+16
174347,9,1,62,0,2018,3,19,6,2,4,6,2,1,0,0,0,0,0,0,6.90929E+20,5.3351E+21,1.15666E+16,4.81405E+16
174348,9,1,62,0,2018,3,14,2,3,5,3,0,0,1,0,0,0,0,0,6.95354E+20,5.33428E+21,1.16256E+16,4.81317E+16
174349,9,1,62,0,2018,3,14,2,3,5,3,0,1,1,0,0,0,0,0,6.90486E+20,5.33726E+21,1.15616E+16,4.816E+16
174350,9,2,76,138,2018,3,14,5,3,2,2,0,0,1,0,0,0,0,0,8.02054E+20,5.43213E+21,1.31275E+16,4.89682E+16
174351,9,1,62,0,2018,3,13,1,3,3,6,0,0,1,0,0,0,0,0,6.96157E+20,5.33276E+21,1.16357E+16,4.81178E+16
174352,9,1,62,0,2018,3,20,2,2,3,6,2,1,1,0,0,0,0,1,6.92632E+20,5.33418E+21,1.1589E+16,4.81317E+16
174353,9,2,61,0,2018,3,12,5,3,5,3,0,1,1,0,0,0,0,0,7.30482E+20,5.38116E+21,1.21227E+16,4.85412E+16
174354,9,6,77,142,2018,3,15,7,3,0,7,0,1,1,0,0,0,0,0,5.56749E+20,5.53044E+21,9.7906E+15,4.99236E+16
174355,9,1,62,0,2018,3,14,2,3,0,1,0,1,0,0,0,0,0,0,6.91853E+20,5.33705E+21,1.15799E+16,4.81578E+16
174356,9,1,62,0,2018,3,10,2,3,2,6,0,0,1,0,0,0,0,0,6.92069E+20,5.3345E+21,1.15816E+16,4.81347E+16
174357,9,7,75,135,2018,3,12,2,3,2,6,0,0,1,0,0,0,0,0,5.74225E+20,5.36004E+21,1.00026E+16,4.83891E+16
174358,9,1,83,148,2018,3,15,5,3,4,2,0,1,1,0,0,0,0,0,7.52207E+20,5.34392E+21,1.23942E+16,4.81983E+16
174359,9,7,64,0,2018,3,19,2,3,0,1,1,1,0,0,0,0,0,0,5.86418E+20,5.31701E+21,1.01585E+16,4.80006E+16
174360,9,7,74,150,2018,3,14,2,3,0,2,0,0,0,0,1,0,0,0,6.01013E+20,5.34412E+21,1.03605E+16,4.82423E+16
174361,9,1,87,148,2018,3,15,5,3,0,7,0,0,1,0,0,0,1,0,7.38135E+20,5.2808E+21,1.21703E+16,4.76368E+16
174362,9,4,62,0,2018,3,13,1,3,5,3,0,0,1,0,0,0,0,0,6.8184E+20,5.53466E+21,1.15341E+16,4.99366E+16
174363,9,7,80,112,2018,3,8,2,3,5,3,0,0,1,0,0,0,0,0,5.91163E+20,5.29576E+21,1.02176E+16,4.78087E+16
174364,9,7,76,125,2018,3,23,2,3,8,1,2,0,1,0,0,0,0,1,5.62686E+20,5.26782E+21,9.8333E+15,4.75608E+16
174365,9,1,62,0,2018,3,14,4,3,5,3,0,1,1,0,0,0,0,0,6.87807E+20,5.34363E+21,1.15284E+16,4.8218E+16
174366,9,7,79,131,2018,3,18,1,3,1,6,0,0,1,0,0,0,0,0,6.2952E+20,5.39776E+21,1.0761E+16,4.87194E+16
174367,9,7,72,184,2018,3,12,2,3,5,3,0,0,1,0,0,0,0,0,6.36192E+20,5.36284E+21,1.08402E+16,4.8404E+16
174368,9,5,64,0,2018,3,17,7,2,6,4,0,0,1,1,0,0,0,0,6.50877E+20,5.47834E+21,1.10812E+16,4.9439E+16
174369,9,7,72,147,2018,3,5,2,3,4,6,2,0,1,0,1,0,0,0,6.3924E+20,5.36553E+21,1.08823E+16,4.84276E+16
174370,9,7,71,142,2018,3,15,2,3,0,7,0,1,0,0,0,0,0,0,6.45496E+20,5.35186E+21,1.0962E+16,4.83032E+16
174371,9,7,61,0,2018,3,21,2,3,1,6,2,0,1,0,0,0,0,0,6.38785E+20,5.3604E+21,1.08744E+16,4.83815E+16
174372,9,1,62,0,2018,3,19,4,2,8,2,2,0,1,1,0,0,0,0,6.9089E+20,5.33913E+21,1.15679E+16,4.81767E+16
174373,9,6,72,114,2018,3,6,2,3,0,7,0,0,1,0,0,0,0,0,5.77167E+20,5.56146E+21,1.00813E+16,5.02003E+16
174374,9,6,72,114,2018,3,6,2,3,0,1,0,0,0,0,1,0,0,0,5.77167E+20,5.56146E+21,1.00813E+16,5.02003E+16
174375,9,1,84,144,2018,3,9,4,3,5,3,0,0,1,0,0,0,1,2,6.87317E+20,5.32027E+21,1.15116E+16,4.80083E+16
174376,9,1,85,149,2018,3,18,1,2,6,4,0,0,1,1,0,0,0,0,6.61665E+20,5.39996E+21,1.11986E+16,4.87317E+16
174377,9,6,78,190,2018,3,7,2,2,0,7,0,1,0,0,0,0,0,1,5.79951E+20,5.53514E+21,1.01147E+16,4.99632E+16
174378,9,1,71,125,2018,3,9,7,3,5,3,0,0,1,0,0,0,0,0,7.73083E+20,5.34956E+21,1.26783E+16,4.82403E+16
174379,9,6,78,170,2018,3,23,2,3,8,7,2,0,1,0,0,0,0,0,5.88913E+20,5.53799E+21,1.02403E+16,4.99876E+16
174380,9,1,62,0,2018,3,6,6,3,5,3,0,0,1,0,0,0,0,1,6.90663E+20,5.34076E+21,1.15656E+16,4.81915E+16
174381,9,3,62,0,2018,3,3,7,3,5,3,2,1,1,0,0,0,0,0,7.27274E+20,5.4341E+21,1.21086E+16,4.90179E+16
174382,9,6,76,117,2018,3,14,2,3,2,6,0,0,1,0,0,0,0,0,5.23476E+20,5.51332E+21,9.32603E+15,4.97719E+16
174383,9,5,64,0,2018,3,16,2,3,5,3,0,0,1,0,0,0,0,1,6.47831E+20,5.47838E+21,1.10392E+16,4.94401E+16
174384,9,1,62,0,2018,3,8,4,3,5,3,0,1,1,0,0,0,0,2,6.86308E+20,5.32803E+21,1.15014E+16,4.80783E+16
174385,9,1,87,165,2018,3,20,2,2,9,1,2,0,1,0,0,0,0,1,7.34216E+20,5.29522E+21,1.2126E+16,4.77678E+16
174386,9,5,75,115,2018,3,22,2,3,1,5,2,0,1,0,0,0,0,0,5.9553E+20,5.47744E+21,1.03178E+16,4.94421E+16
174387,9,1,62,0,2018,3,17,4,3,4,2,1,1,1,0,0,0,0,0,6.9695E+20,5.33417E+21,1.1647E+16,4.81303E+16
174388,9,1,62,0,2018,3,15,7,3,4,7,0,0,1,0,0,0,0,0,6.90419E+20,5.34263E+21,1.15631E+16,4.82083E+16
174389,9,4,76,145,2018,3,14,2,3,2,6,0,0,1,0,0,0,0,0,6.65795E+20,5.56778E+21,1.13251E+16,5.02389E+16
174390,9,1,62,0,2018,3,23,6,3,5,3,2,1,1,0,0,0,0,0,6.91398E+20,5.33575E+21,1.15732E+16,4.81462E+16
174391,9,4,63,0,2018,3,14,2,3,0,1,0,1,0,0,0,0,0,1,6.39759E+20,5.56917E+21,1.09607E+16,5.02581E+16
174392,9,7,75,135,2018,3,10,6,3,6,7,0,0,1,1,0,0,0,0,5.79626E+20,5.35702E+21,1.0075E+16,4.83613E+16
174393,9,2,75,126,2018,3,6,2,3,0,3,2,0,0,0,1,1,0,0,8.4051E+20,5.39862E+21,1.36236E+16,4.86477E+16
174394,9,1,62,0,2018,3,7,4,3,5,2,0,0,1,0,0,1,0,1,6.94445E+20,5.33346E+21,1.16131E+16,4.81247E+16
174395,9,1,62,0,2018,3,19,1,3,0,3,1,1,1,0,0,0,0,0,6.91457E+20,5.33459E+21,1.15735E+16,4.81357E+16
174396,9,1,63,0,2018,4,19,3,3,2,7,1,0,1,0,0,0,0,0,7.33315E+20,5.30465E+21,1.2119E+16,4.78528E+16
174397,9,1,63,0,2018,4,18,3,3,8,1,0,0,0,0,1,0,0,0,7.31691E+20,5.30448E+21,1.20972E+16,4.78518E+16
174398,9,1,87,139,2018,4,14,3,3,0,1,0,1,0,0,0,0,0,0,7.45686E+20,5.31446E+21,1.22897E+16,4.79363E+16
174399,9,1,61,0,2018,4,14,3,3,3,6,0,1,0,0,0,0,1,0,6.78315E+20,5.40374E+21,1.14264E+16,4.87611E+16
174400,9,1,79,123,2018,4,13,3,3,5,3,0,0,1,0,0,0,0,0,6.75611E+20,5.33242E+21,1.13598E+16,4.81208E+16
174401,9,1,74,115,2018,4,6,3,3,1,7,0,1,1,0,0,0,0,0,6.81678E+20,5.34839E+21,1.1448E+16,4.82627E+16
174402,9,1,78,142,2018,4,17,3,3,0,6,0,1,1,0,0,0,0,0,7.14249E+20,5.37787E+21,1.19014E+16,4.85173E+16
174403,9,1,78,124,2018,4,15,3,3,0,1,0,1,0,0,0,0,0,0,7.02771E+20,5.36336E+21,1.17391E+16,4.83908E+16
174404,9,1,77,130,2018,4,16,3,3,0,7,0,1,0,0,0,0,0,0,7.10527E+20,5.35072E+21,1.18375E+16,4.82746E+16
174405,9,1,62,0,2018,4,13,2,3,5,2,0,1,1,0,0,0,0,0,6.87971E+20,5.33858E+21,1.15284E+16,4.81727E+16
174406,9,1,62,0,2018,4,17,2,3,0,7,0,1,0,0,0,0,0,0,6.88021E+20,5.33241E+21,1.15264E+16,4.81172E+16
174407,9,1,62,0,2018,4,14,2,3,5,3,0,0,1,0,0,0,0,0,6.92622E+20,5.33482E+21,1.15892E+16,4.81374E+16
174408,9,1,84,131,2018,4,2,2,3,0,7,2,0,1,0,0,0,0,0,7.04728E+20,5.34025E+21,1.17544E+16,4.81825E+16
174409,9,7,78,149,2018,4,11,2,3,3,6,0,0,1,0,0,0,0,0,5.94666E+20,5.31305E+21,1.02682E+16,4.79637E+16
174410,9,7,78,149,2018,4,15,2,3,0,7,0,0,0,0,1,0,0,0,5.9438E+20,5.31385E+21,1.02645E+16,4.7971E+16
174411,9,7,76,116,2018,4,22,2,2,3,6,2,1,1,0,0,0,0,0,5.54906E+20,5.26616E+21,9.72968E+15,4.75465E+16
174412,9,7,80,124,2018,4,18,2,3,2,2,0,0,1,0,1,0,0,0,5.92257E+20,5.26782E+21,1.02263E+16,4.75573E+16
174413,9,7,79,169,2018,4,9,2,3,8,1,0,0,0,0,1,0,0,0,6.31175E+20,5.40419E+21,1.07855E+16,4.87769E+16
174414,9,7,61,0,2018,4,17,2,3,5,3,0,1,1,0,0,0,0,0,6.39456E+20,5.35979E+21,1.08833E+16,4.83758E+16
174415,9,7,71,113,2018,4,15,2,3,3,6,0,1,1,0,0,0,0,0,6.57792E+20,5.37048E+21,1.11347E+16,4.84677E+16
174416,9,6,63,0,2018,4,14,2,3,2,6,0,0,1,0,0,0,0,0,5.67926E+20,5.51601E+21,9.94375E+15,4.97927E+16
174417,9,5,74,123,2018,4,13,2,3,2,6,0,0,1,0,0,0,0,0,6.61873E+20,5.47959E+21,1.12333E+16,4.94474E+16
174418,9,5,65,0,2018,4,12,2,3,5,3,0,0,1,0,1,0,0,0,6.47663E+20,5.46591E+21,1.10323E+16,4.9328E+16
174419,9,5,64,0,2018,4,14,2,2,0,7,0,0,0,0,1,0,0,0,6.51696E+20,5.47994E+21,1.10931E+16,4.94532E+16
174420,9,5,64,0,2018,4,10,2,3,5,3,0,0,1,0,0,0,0,0,6.49678E+20,5.48074E+21,1.10656E+16,4.94609E+16
174421,9,5,64,0,2018,4,13,2,3,5,3,0,0,1,0,1,0,0,0,6.51672E+20,5.47804E+21,1.1092E+16,4.94361E+16
174422,9,4,74,121,2018,4,20,2,2,7,7,1,0,0,0,1,0,0,0,6.54426E+20,5.51749E+21,1.11455E+16,4.979E+16
174423,9,2,75,126,2018,4,16,2,2,8,1,0,0,0,0,1,0,1,0,8.4056E+20,5.39444E+21,1.36208E+16,4.86103E+16
174424,9,1,90,139,2018,4,11,2,2,0,1,0,0,0,0,1,0,0,0,6.54281E+20,5.29499E+21,1.10599E+16,4.77898E+16