OBJECTID_1,ULAND,UREGBEZ,UKREIS,UGEMEINDE,UJAHR,UMONAT,USTUNDE,UWOCHENTAG,UKATEGORIE,UART,UTYP1,ULICHTVERH,IstRad,IstPKW,IstFuss,IstKrad,IstGkfz,IstSonstig,STRZUSTAND,LINREFX,LINREFY,XGCSWGS84,YGCSWGS84
174612,9,5,75,153,2018,4,15,3,3,0,7,0,0,1,0,1,0,0,0,6.16389E+20,5.49335E+21,1.06101E+16,4.95815E+16
174613,9,5,71,136,2018,4,17,3,3,5,3,0,1,1,0,0,0,0,0,5.96311E+20,5.43611E+21,1.03186E+16,4.90703E+16
174614,9,5,76,121,2018,3,14,5,3,5,3,0,0,1,0,0,0,0,0,6.46313E+20,5.4484E+21,1.10073E+16,4.91709E+16
174615,9,5,64,0,2018,3,15,5,3,3,6,0,0,1,0,0,0,0,0,6.51824E+20,5.47941E+21,1.10947E+16,4.94484E+16
174616,9,4,79,159,2018,4,13,3,3,4,6,0,0,1,0,1,0,0,0,7.22018E+20,5.55529E+21,1.21052E+16,5.01083E+16
174617,9,4,75,162,2018,4,14,3,3,3,2,0,1,0,0,0,0,0,0,7.17587E+20,5.57094E+21,1.20522E+16,5.02505E+16
174618,9,5,64,0,2018,3,11,5,2,5,2,0,0,1,0,0,0,0,0,6.49937E+20,5.47465E+21,1.10669E+16,4.94061E+16
174619,9,5,64,0,2018,3,21,5,3,2,6,2,0,1,0,0,0,1,0,6.49771E+20,5.47713E+21,1.10655E+16,4.94284E+16
174620,9,4,77,128,2018,4,20,3,3,0,7,1,0,0,0,1,0,0,0,6.7496E+20,5.55107E+21,1.14458E+16,5.00861E+16
174621,9,4,62,0,2018,3,19,5,1,8,1,1,0,1,0,0,0,0,0,6.85189E+20,5.53623E+21,1.15815E+16,4.99496E+16
174622,9,4,62,0,2018,4,10,3,3,0,1,0,1,0,0,0,0,0,0,6.86174E+20,5.5375E+21,1.15958E+16,4.99608E+16
174623,9,4,61,0,2018,4,15,3,3,5,3,0,0,1,0,0,0,0,0,6.3747E+20,5.52815E+21,1.09139E+16,4.98899E+16
174624,9,3,75,190,2018,4,6,3,3,5,3,0,0,1,0,0,1,0,0,7.27962E+20,5.44473E+21,1.2124E+16,4.91131E+16
174625,9,4,62,0,2018,3,9,5,3,0,3,0,1,1,0,0,0,0,0,6.84004E+20,5.53432E+21,1.15641E+16,4.99329E+16
174626,9,3,62,0,2018,4,14,3,2,5,3,0,1,1,0,0,0,0,0,7.23489E+20,5.43498E+21,1.20574E+16,4.90271E+16
174627,9,3,62,0,2018,4,17,3,3,5,3,0,1,1,0,0,0,0,0,7.26974E+20,5.43366E+21,1.21043E+16,4.90141E+16
174628,9,3,63,0,2018,3,14,5,3,9,7,0,0,1,0,0,0,0,0,7.27654E+20,5.50976E+21,1.2157E+16,4.96973E+16
174629,9,3,73,147,2018,3,9,5,3,5,3,0,1,1,0,0,0,0,0,6.79183E+20,5.46187E+21,1.14639E+16,4.92833E+16
174630,9,3,72,137,2018,4,10,3,3,5,3,0,0,0,0,1,0,1,0,7.81463E+20,5.45415E+21,1.28622E+16,4.91755E+16
174631,9,3,73,147,2018,3,14,5,3,0,5,0,0,1,0,0,0,1,0,6.80063E+20,5.46096E+21,1.14756E+16,4.92748E+16
174632,9,3,71,151,2018,4,13,3,3,5,7,0,1,1,0,0,0,0,0,6.98998E+20,5.48611E+21,1.17482E+16,4.94949E+16
174633,9,3,72,130,2018,3,21,5,3,1,5,2,0,1,0,0,0,1,0,7.82787E+20,5.45707E+21,1.28823E+16,4.92011E+16
174634,9,3,72,175,2018,3,16,5,3,5,3,0,0,1,0,0,0,0,0,7.67865E+20,5.46026E+21,1.26801E+16,4.92365E+16
174635,9,3,61,0,2018,4,13,3,1,0,1,0,1,0,0,0,0,0,0,7.08795E+20,5.47968E+21,1.18799E+16,4.94339E+16
174636,9,3,61,0,2018,4,9,3,3,2,6,0,0,1,0,0,0,1,0,7.06199E+20,5.47965E+21,1.18441E+16,4.94345E+16
174637,9,3,76,161,2018,3,14,5,3,1,6,0,0,1,0,0,0,0,0,7.28488E+20,5.46761E+21,1.21442E+16,4.93184E+16
174638,9,3,61,0,2018,3,18,5,3,0,1,0,1,0,0,0,0,0,0,7.08206E+20,5.4809E+21,1.18724E+16,4.9445E+16
174639,9,2,76,142,2018,4,16,3,2,8,6,0,0,1,0,1,0,0,0,7.91353E+20,5.4333E+21,1.29825E+16,4.89838E+16
174640,9,1,89,155,2018,3,2,5,3,0,7,2,0,1,1,0,0,0,0,7.72457E+20,5.30791E+21,1.26433E+16,4.78667E+16
174641,9,1,82,116,2018,3,16,5,2,0,1,0,0,0,0,1,0,0,1,7.05423E+20,5.2925E+21,1.17409E+16,4.77531E+16
174642,9,2,61,0,2018,4,18,3,3,0,1,0,1,0,0,0,0,0,0,7.31374E+20,5.38332E+21,1.2136E+16,4.85602E+16
174643,9,1,61,0,2018,3,8,5,3,6,4,0,1,0,1,0,0,0,0,6.74605E+20,5.40531E+21,1.13767E+16,4.87763E+16
174644,9,2,73,152,2018,4,22,3,3,8,1,2,0,1,0,0,0,0,0,7.05841E+20,5.41198E+21,1.18047E+16,4.88267E+16
174645,9,1,88,113,2018,3,16,5,3,0,1,0,0,0,0,1,0,0,0,6.75867E+20,5.31259E+21,1.13551E+16,4.79425E+16
174646,9,1,90,157,2018,4,14,3,3,0,1,0,0,0,0,1,0,0,0,6.61532E+20,5.30092E+21,1.11589E+16,4.78413E+16
174647,9,1,81,130,2018,3,21,5,3,5,3,2,0,1,0,0,0,0,0,6.39058E+20,5.32495E+21,1.08665E+16,4.80627E+16
174648,9,1,88,120,2018,4,10,7,2,8,1,0,0,0,0,1,0,0,0,6.72636E+20,5.3271E+21,1.13177E+16,4.80738E+16
174649,9,1,74,136,2018,4,9,7,3,5,3,0,0,1,0,0,1,0,0,6.83433E+20,5.36569E+21,1.14792E+16,4.84177E+16
174650,9,1,77,144,2018,4,8,7,2,3,6,0,1,1,0,0,0,0,0,7.15278E+20,5.34694E+21,1.18995E+16,4.82391E+16
174651,9,1,77,144,2018,4,7,7,3,1,2,0,1,1,0,0,0,0,0,7.14366E+20,5.34634E+21,1.18869E+16,4.8234E+16
174652,9,1,62,0,2018,4,18,6,3,2,6,0,0,1,0,0,0,0,0,6.86227E+20,5.33382E+21,1.15029E+16,4.81304E+16
174653,9,1,62,0,2018,4,17,6,3,5,3,0,0,1,0,0,0,0,0,6.92824E+20,5.33537E+21,1.15922E+16,4.81423E+16
174654,9,1,62,0,2018,4,16,6,2,0,1,0,1,0,0,0,0,0,0,6.86751E+20,5.33023E+21,1.15084E+16,4.8098E+16
174655,9,1,62,0,2018,4,7,6,3,1,1,0,0,0,0,0,0,1,0,6.85977E+20,5.33974E+21,1.15021E+16,4.81836E+16
174656,9,1,62,0,2018,4,16,6,3,3,6,0,0,1,0,1,0,0,0,6.92059E+20,5.33457E+21,1.15815E+16,4.81354E+16
174657,9,1,62,0,2018,4,9,6,3,5,2,0,1,1,0,0,0,0,0,6.92133E+20,5.33453E+21,1.15825E+16,4.8135E+16
174658,9,1,62,0,2018,4,7,6,3,2,6,0,1,1,0,0,0,0,0,6.87985E+20,5.33711E+21,1.15279E+16,4.81594E+16
174659,9,1,84,129,2018,4,16,6,3,0,7,0,1,0,0,0,0,0,0,7.00349E+20,5.32697E+21,1.16893E+16,4.80645E+16
174660,9,1,62,0,2018,4,21,6,3,9,1,2,0,0,0,1,0,0,0,6.97836E+20,5.3307E+21,1.16573E+16,4.80988E+16
174661,9,1,62,0,2018,4,13,6,3,1,7,0,1,1,0,0,0,0,0,6.94346E+20,5.33421E+21,1.16121E+16,4.81315E+16
174662,9,1,62,0,2018,4,19,6,3,3,6,2,1,1,0,0,0,0,0,6.90244E+20,5.33524E+21,1.15575E+16,4.81419E+16
174663,9,1,62,0,2018,4,9,6,3,3,6,0,0,1,0,0,0,0,0,6.90284E+20,5.33341E+21,1.15572E+16,4.81254E+16
174664,9,1,62,0,2018,4,16,6,3,5,3,0,0,1,0,1,0,0,0,6.90143E+20,5.33474E+21,1.15559E+16,4.81375E+16
174665,9,1,62,0,2018,4,12,6,3,6,4,0,0,1,1,0,0,0,0,6.90809E+20,5.33515E+21,1.1565E+16,4.81409E+16
174666,9,7,75,134,2018,4,22,6,3,7,1,2,0,1,0,0,0,1,0,5.83092E+20,5.36479E+21,1.01233E+16,4.84308E+16
174667,9,7,75,135,2018,4,20,6,3,0,7,0,1,0,0,0,0,0,0,5.74182E+20,5.36086E+21,1.00022E+16,4.83965E+16
174668,9,7,64,0,2018,4,18,6,3,7,5,0,1,1,0,0,0,0,0,5.89002E+20,5.31592E+21,1.01929E+16,4.79904E+16
174669,9,7,64,0,2018,4,16,6,3,5,3,0,1,1,0,0,0,0,0,5.88389E+20,5.31645E+21,1.01848E+16,4.79953E+16
174670,9,7,78,171,2018,4,16,6,3,5,3,0,0,1,0,0,0,0,0,5.8991E+20,5.31611E+21,1.02051E+16,4.7992E+16
174671,9,7,75,111,2018,4,19,6,3,0,7,0,1,0,0,0,0,1,0,5.8248E+20,5.33785E+21,1.01098E+16,4.81886E+16
174672,9,7,75,162,2018,4,18,6,3,4,1,0,0,0,0,1,1,0,0,5.80191E+20,5.34784E+21,1.00809E+16,4.82787E+16
174673,9,7,74,122,2018,4,12,6,3,2,1,0,0,1,0,0,0,0,0,6.07519E+20,5.35463E+21,1.04508E+16,4.83357E+16
174674,9,3,62,0,2018,4,17,2,3,0,3,1,1,0,0,0,0,0,0,7.28927E+20,5.43533E+21,1.21319E+16,4.90283E+16
174675,9,7,78,116,2018,4,8,6,3,5,3,0,0,1,0,0,0,0,0,6.19178E+20,5.32011E+21,1.05984E+16,4.80231E+16
174676,9,2,62,0,2018,4,21,2,3,0,7,2,1,0,0,0,0,0,0,8.25984E+20,5.38763E+21,1.34183E+16,4.85569E+16
174677,9,7,63,0,2018,4,13,6,2,6,4,0,0,1,1,0,0,0,0,5.97565E+20,5.28732E+21,1.03012E+16,4.77319E+16
174678,9,2,77,133,2018,4,13,2,2,0,7,0,0,1,0,0,0,0,0,7.6722E+20,5.36545E+21,1.26095E+16,4.83856E+16
174679,9,7,76,116,2018,4,6,6,3,5,2,0,1,1,0,0,0,0,0,5.547E+20,5.26653E+21,9.72699E+15,4.75498E+16
174680,9,2,79,137,2018,4,9,2,2,5,3,0,1,1,0,0,0,0,0,7.75381E+20,5.40458E+21,1.27454E+16,4.87333E+16
174681,9,2,79,122,2018,4,18,2,3,0,6,0,0,1,0,1,0,0,0,7.71683E+20,5.39906E+21,1.26916E+16,4.86854E+16
174682,9,7,61,0,2018,4,22,6,3,5,2,2,1,1,0,0,0,0,0,6.39125E+20,5.35912E+21,1.08786E+16,4.83699E+16
174683,9,1,73,147,2018,4,12,2,3,0,7,0,1,0,0,0,0,0,0,6.82202E+20,5.30982E+21,1.14386E+16,4.79158E+16
174684,9,1,90,148,2018,4,15,2,3,2,6,0,0,1,0,0,0,0,0,6.40489E+20,5.29656E+21,1.08764E+16,4.78071E+16
174685,9,7,61,0,2018,4,17,6,3,0,2,0,0,1,0,0,0,1,0,6.41782E+20,5.36153E+21,1.09152E+16,4.83909E+16
174686,9,7,61,0,2018,4,22,6,3,0,1,2,1,0,0,0,0,0,0,6.41083E+20,5.35167E+21,1.09025E+16,4.83025E+16
174687,9,1,89,155,2018,4,14,2,3,5,3,0,1,1,0,0,0,0,0,7.71658E+20,5.30805E+21,1.26328E+16,4.78682E+16
174688,9,7,61,0,2018,4,16,6,3,1,7,0,0,1,0,1,0,0,0,6.40942E+20,5.35792E+21,1.09027E+16,4.83587E+16
174689,9,7,61,0,2018,4,12,6,3,4,2,0,0,1,0,0,0,0,0,6.40554E+20,5.35923E+21,1.08979E+16,4.83706E+16
174690,9,1,71,113,2018,4,15,2,3,0,1,0,1,0,0,0,0,0,0,7.77772E+20,5.34125E+21,1.27358E+16,4.81638E+16
174691,9,1,72,117,2018,4,13,2,3,4,6,0,0,1,0,1,0,0,0,7.99457E+20,5.2831E+21,1.29864E+16,4.7632E+16
174692,9,1,87,122,2018,4,18,2,3,6,4,0,0,1,1,0,0,0,0,7.19355E+20,5.3071E+21,1.19339E+16,4.78797E+16
174693,9,1,76,138,2018,4,13,2,3,0,1,0,0,0,0,1,0,0,0,6.77115E+20,5.41853E+21,1.14165E+16,4.88944E+16
174694,9,1,74,111,2018,4,18,2,3,8,1,0,0,1,0,0,0,0,0,6.69391E+20,5.36418E+21,1.1289E+16,4.8408E+16
174695,9,1,77,143,2018,4,6,2,3,3,6,1,1,1,0,0,0,0,0,7.20754E+20,5.36582E+21,1.1983E+16,4.84068E+16
174696,9,1,77,137,2018,4,19,2,3,0,1,0,1,0,0,0,0,0,0,7.32793E+20,5.34533E+21,1.21342E+16,4.82184E+16
174697,9,1,62,0,2018,4,13,1,3,5,3,0,1,1,0,0,0,0,0,6.88516E+20,5.33421E+21,1.15338E+16,4.81332E+16
174698,9,1,62,0,2018,4,19,1,3,5,3,2,0,1,0,0,0,0,0,6.90714E+20,5.33628E+21,1.15642E+16,4.81511E+16
174699,9,1,62,0,2018,4,21,1,3,4,6,2,1,0,0,0,0,1,0,6.91831E+20,5.3373E+21,1.15797E+16,4.816E+16
174700,9,1,84,140,2018,4,12,1,3,5,3,0,0,1,0,1,0,0,0,7.00616E+20,5.32824E+21,1.16934E+16,4.80758E+16
174701,9,6,79,136,2018,4,17,6,2,9,1,0,1,0,0,0,0,0,0,5.7075E+20,5.51457E+21,9.98272E+15,4.97794E+16
174702,9,1,62,0,2018,4,15,1,3,2,6,0,0,1,0,0,0,0,0,6.95174E+20,5.33299E+21,1.16226E+16,4.81202E+16
174703,9,6,63,0,2018,4,18,6,3,5,3,0,0,1,0,1,0,0,0,5.66826E+20,5.51405E+21,9.92814E+15,4.97752E+16
174704,9,6,63,0,2018,4,13,6,3,5,3,0,0,1,0,1,0,0,0,5.70764E+20,5.51639E+21,9.98325E+15,4.97958E+16
174705,9,6,74,163,2018,4,7,6,3,1,6,0,0,1,0,0,0,0,0,6.11262E+20,5.53831E+21,1.05521E+16,4.99867E+16
174706,9,1,62,0,2018,4,12,1,3,2,5,0,0,1,0,1,0,0,0,6.93848E+20,5.3315E+21,1.16042E+16,4.81073E+16
174707,9,6,74,147,2018,4,8,6,2,1,1,0,0,1,0,0,0,1,0,6.09769E+20,5.54359E+21,1.05328E+16,5.00345E+16
174708,9,6,76,145,2018,4,16,6,3,5,3,0,1,1,0,0,0,0,0,5.10414E+20,5.52083E+21,9.14483E+15,4.98398E+16
174709,9,1,62,0,2018,4,18,1,2,5,3,0,1,1,0,0,0,0,0,6.90175E+20,5.33372E+21,1.15559E+16,4.81283E+16
174710,9,1,62,0,2018,4,17,1,3,3,2,0,1,1,0,0,0,0,0,6.86233E+20,5.33269E+21,1.15025E+16,4.81202E+16
174711,9,6,76,160,2018,4,13,6,3,5,5,0,0,1,0,0,0,0,0,5.108E+20,5.52931E+21,9.15043E+15,4.99161E+16
174712,9,1,62,0,2018,4,16,1,3,5,3,0,0,0,0,0,0,1,0,7.0078E+20,5.33466E+21,1.16987E+16,4.81335E+16
174713,9,5,76,143,2018,4,14,6,3,0,3,0,0,1,0,1,0,0,0,6.52375E+20,5.45775E+21,1.1094E+16,4.92535E+16
174714,9,1,62,0,2018,4,12,1,3,2,6,0,0,1,0,0,0,0,0,6.90679E+20,5.33293E+21,1.15623E+16,4.81211E+16
174715,9,5,76,143,2018,4,21,6,3,4,3,2,1,1,0,0,0,0,0,6.5154E+20,5.45639E+21,1.1082E+16,4.92415E+16
174716,9,7,75,143,2018,4,14,1,3,0,7,0,1,0,0,0,0,0,0,5.85568E+20,5.35737E+21,1.01552E+16,4.83637E+16
174717,9,5,76,111,2018,4,18,6,2,8,7,0,0,0,0,1,0,0,0,6.39462E+20,5.45502E+21,1.09157E+16,4.92321E+16
174718,9,7,80,114,2018,4,15,1,3,0,1,0,1,0,0,0,0,0,0,6.03931E+20,5.28758E+21,1.03861E+16,4.77332E+16
174719,9,5,64,0,2018,4,15,6,3,0,6,0,0,0,0,0,0,1,0,6.54094E+20,5.47951E+21,1.1126E+16,4.94487E+16
174720,9,7,77,129,2018,4,8,1,3,5,2,0,1,1,0,0,0,0,0,6.27849E+20,5.26987E+21,1.06998E+16,4.75697E+16
174721,9,5,64,0,2018,4,7,6,3,5,5,0,0,1,0,0,0,0,0,6.46993E+20,5.47607E+21,1.10268E+16,4.94195E+16
174722,9,7,72,184,2018,4,12,1,2,0,1,0,1,0,0,0,0,0,0,6.32836E+20,5.36093E+21,1.07943E+16,4.83875E+16
174723,9,7,72,171,2018,4,18,1,3,0,7,0,1,0,0,0,0,0,0,6.37515E+20,5.37181E+21,1.0861E+16,4.84844E+16
174724,9,5,64,0,2018,4,11,6,3,0,5,0,0,1,0,0,0,0,0,6.52165E+20,5.48019E+21,1.10997E+16,4.94553E+16
174725,9,7,61,0,2018,4,17,1,2,1,7,0,0,1,0,1,0,0,0,6.41026E+20,5.3526E+21,1.0902E+16,4.83108E+16
174726,9,5,64,0,2018,4,18,6,3,3,7,0,0,0,0,1,0,1,0,6.47364E+20,5.47353E+21,1.1031E+16,4.93967E+16
174727,9,7,61,0,2018,4,14,1,3,1,5,0,0,1,0,0,0,1,0,6.41046E+20,5.35192E+21,1.09021E+16,4.83048E+16
174728,9,5,64,0,2018,4,16,6,3,2,6,0,0,1,0,0,1,0,0,6.49364E+20,5.47919E+21,1.10607E+16,4.9447E+16
174729,9,7,61,0,2018,4,18,1,3,3,6,0,0,1,0,1,0,0,0,6.39665E+20,5.35608E+21,1.08848E+16,4.83424E+16
174730,9,7,61,0,2018,4,3,1,3,1,5,2,1,1,0,0,0,0,0,6.40541E+20,5.35854E+21,1.08975E+16,4.83644E+16
174731,9,5,64,0,2018,4,20,6,3,2,6,2,0,1,0,0,0,1,0,6.49894E+20,5.48147E+21,1.10688E+16,4.94674E+16
174732,9,6,73,114,2018,4,16,1,3,6,1,0,1,0,1,0,0,0,0,5.87555E+20,5.57594E+21,1.02301E+16,5.03291E+16
174733,9,6,78,170,2018,4,14,1,3,0,1,0,1,0,0,0,0,0,0,5.84866E+20,5.5326E+21,1.01827E+16,4.99398E+16
174734,9,5,64,0,2018,4,14,6,3,5,2,0,0,1,0,0,0,0,0,6.45827E+20,5.48665E+21,1.10146E+16,4.95149E+16
174735,9,6,71,143,2018,4,11,1,3,0,1,0,1,0,0,0,0,0,0,5.15371E+20,5.54538E+21,9.21475E+15,5.00605E+16
174736,9,5,64,0,2018,4,18,6,3,5,2,0,0,1,0,0,0,1,0,6.51882E+20,5.48056E+21,1.10959E+16,4.94587E+16
174737,9,5,74,138,2018,4,15,1,3,6,7,0,1,0,1,0,0,0,0,6.64053E+20,5.48802E+21,1.12668E+16,4.95226E+16
174738,9,5,74,129,2018,4,11,1,3,8,1,0,0,0,0,1,0,0,0,6.83993E+20,5.49374E+21,1.15447E+16,4.95683E+16
174739,9,5,73,123,2018,4,20,6,3,0,1,1,1,0,0,0,0,0,0,6.38469E+20,5.48809E+21,1.09136E+16,4.95296E+16
174740,9,5,64,0,2018,4,16,1,3,5,3,0,0,1,0,0,0,0,0,6.49263E+20,5.47904E+21,1.10592E+16,4.94457E+16
174741,9,5,75,133,2018,4,17,6,3,5,3,0,0,1,0,0,1,0,0,6.03433E+20,5.48004E+21,1.04275E+16,4.94642E+16
174742,9,4,64,0,2018,4,13,6,3,5,3,0,0,1,0,0,0,1,0,7.08579E+20,5.57824E+21,1.19301E+16,5.03193E+16
174743,9,5,73,133,2018,4,14,1,3,3,2,0,1,1,0,0,0,0,0,6.22478E+20,5.48395E+21,1.06914E+16,4.94958E+16
174744,9,5,75,150,2018,4,15,1,3,1,5,0,1,1,0,0,0,0,0,6.15621E+20,5.49983E+21,1.06014E+16,4.96399E+16
174745,9,4,73,159,2018,4,13,6,3,5,3,0,0,0,0,1,0,1,0,6.4375E+20,5.57229E+21,1.10178E+16,5.02852E+16
174746,9,4,73,159,2018,4,12,1,3,5,3,0,0,1,0,0,0,0,0,6.43659E+20,5.57246E+21,1.10166E+16,5.02868E+16
174747,9,4,63,0,2018,4,13,1,2,8,1,0,1,0,0,0,0,0,0,6.40065E+20,5.56995E+21,1.09653E+16,5.02651E+16
174748,9,4,78,139,2018,4,17,6,3,5,2,0,1,1,0,0,0,0,0,6.46698E+20,5.5563E+21,1.1053E+16,5.01408E+16
174749,9,4,72,146,2018,4,15,6,3,0,1,0,0,1,0,0,0,0,0,6.86415E+20,5.5293E+21,1.15952E+16,4.98871E+16
174750,9,4,62,0,2018,4,14,6,3,3,6,0,1,1,0,0,0,0,0,6.84693E+20,5.53535E+21,1.15742E+16,4.99419E+16
174751,9,4,61,0,2018,4,14,1,3,3,7,0,0,1,0,0,0,0,0,6.3702E+20,5.52697E+21,1.09072E+16,4.98794E+16
174752,9,3,62,0,2018,4,13,6,3,5,3,0,1,1,0,0,0,0,0,7.25203E+20,5.43434E+21,1.20805E+16,4.90208E+16
174753,9,3,75,174,2018,4,6,6,3,0,1,0,0,0,0,1,0,0,0,7.34691E+20,5.43222E+21,1.22088E+16,4.89982E+16
174754,9,3,73,167,2018,4,14,6,3,5,3,0,0,1,0,0,0,0,0,6.94398E+20,5.45706E+21,1.16705E+16,4.92354E+16
174755,9,2,73,116,2018,4,14,1,3,0,1,0,1,0,0,0,0,0,0,7.2176E+20,5.4256E+21,1.20287E+16,4.89436E+16
174756,9,2,63,0,2018,4,6,6,3,5,3,0,1,0,0,0,0,1,0,7.63169E+20,5.41866E+21,1.25887E+16,4.8865E+16
174757,9,2,78,192,2018,4,20,6,3,8,6,2,0,0,0,1,0,1,0,7.72164E+20,5.41669E+21,1.27097E+16,4.88434E+16
174758,9,3,75,116,2018,4,15,1,2,3,6,0,1,0,0,1,0,0,0,7.43449E+20,5.43395E+21,1.23294E+16,4.90104E+16
174759,9,1,80,124,2018,4,21,1,3,6,7,2,0,1,1,0,0,0,0,6.60587E+20,5.28149E+21,1.11391E+16,4.76668E+16
174760,9,2,63,0,2018,4,12,6,3,6,4,0,0,1,1,0,0,0,0,7.61454E+20,5.4204E+21,1.25664E+16,4.88813E+16
174761,9,1,89,157,2018,4,14,1,3,0,7,0,1,1,0,0,0,0,0,7.63498E+20,5.32502E+21,1.25342E+16,4.8024E+16
174762,9,2,71,149,2018,4,16,6,2,0,7,0,1,0,0,0,0,0,0,8.07349E+20,5.4086E+21,1.3182E+16,4.87545E+16
174763,9,2,75,154,2018,4,12,6,3,5,2,0,0,1,0,1,0,0,0,8.07109E+20,5.39444E+21,1.31682E+16,4.86275E+16
174764,9,2,75,120,2018,4,18,6,2,5,2,0,0,1,0,1,0,0,0,8.13563E+20,5.40388E+21,1.32627E+16,4.8709E+16
174765,9,1,89,154,2018,4,9,1,3,5,3,0,0,1,0,0,0,0,0,7.69005E+20,5.3186E+21,1.26039E+16,4.79641E+16
174766,9,2,77,138,2018,4,15,6,3,5,3,0,0,1,0,1,0,0,0,7.91683E+20,5.37038E+21,1.29426E+16,4.8419E+16
174767,9,2,62,0,2018,4,11,6,3,2,6,0,0,1,0,0,1,0,0,8.25368E+20,5.38931E+21,1.34113E+16,4.85723E+16
174768,9,1,87,117,2018,4,16,1,3,2,6,0,0,1,0,0,0,0,0,7.25508E+20,5.30488E+21,1.20149E+16,4.78577E+16
174769,9,1,87,117,2018,4,15,1,3,4,6,0,0,1,0,0,0,0,0,7.24096E+20,5.30704E+21,1.19972E+16,4.78775E+16
174770,9,2,61,0,2018,4,17,6,3,6,4,0,0,1,1,0,0,0,0,7.3231E+20,5.38227E+21,1.21481E+16,4.85505E+16
174771,9,1,87,179,2018,4,11,1,3,0,1,0,1,0,0,0,0,0,0,7.22847E+20,5.30907E+21,1.19816E+16,4.78962E+16
174772,9,1,61,0,2018,4,15,1,3,1,1,0,1,1,0,0,0,0,0,6.82206E+20,5.40211E+21,1.14786E+16,4.87453E+16
174773,9,2,73,137,2018,4,14,6,3,0,7,0,1,0,0,0,0,0,0,7.08938E+20,5.42323E+21,1.18526E+16,4.89267E+16
174774,9,1,85,158,2018,4,16,1,3,2,6,0,0,1,0,1,0,0,0,6.69483E+20,5.38223E+21,1.12975E+16,4.85702E+16
174775,9,1,90,141,2018,4,18,6,3,9,1,0,0,0,0,1,0,0,0,6.7763E+20,5.29354E+21,1.13708E+16,4.77707E+16
174776,9,1,89,154,2018,4,17,6,3,0,7,0,1,0,0,0,0,0,0,7.68372E+20,5.31839E+21,1.25953E+16,4.79625E+16
174777,9,1,86,143,2018,4,15,1,2,5,3,0,1,1,0,0,0,0,0,6.8758E+20,5.38152E+21,1.15423E+16,4.85587E+16
174778,9,1,85,158,2018,4,17,6,1,0,7,0,0,0,0,1,0,0,0,6.6717E+20,5.38099E+21,1.12657E+16,4.85597E+16
174779,9,1,76,118,2018,4,16,1,3,5,3,0,0,1,0,1,0,0,0,6.6834E+20,5.40871E+21,1.12928E+16,4.88086E+16
174780,9,1,88,139,2018,4,7,6,2,5,3,0,1,0,0,0,0,0,0,6.75684E+20,5.31902E+21,1.13552E+16,4.80003E+16
174781,9,1,79,142,2018,4,16,1,2,5,3,0,0,1,0,1,0,0,0,6.73397E+20,5.34241E+21,1.13341E+16,4.82112E+16
174782,9,1,79,126,2018,4,12,1,3,1,6,0,0,1,0,1,0,0,0,6.76621E+20,5.33893E+21,1.1376E+16,4.8179E+16
174783,9,1,74,115,2018,4,11,6,3,5,3,0,0,1,0,0,1,0,0,6.83357E+20,5.34801E+21,1.14705E+16,4.82587E+16
174784,9,1,79,123,2018,4,2,1,3,0,1,2,0,0,0,1,0,0,0,6.76337E+20,5.33368E+21,1.137E+16,4.8132E+16
174785,9,1,77,120,2018,4,16,6,2,8,7,0,1,0,0,0,0,0,0,7.26586E+20,5.3601E+21,1.20586E+16,4.83534E+16
174786,9,1,88,121,2018,4,14,1,3,5,3,0,1,0,0,1,0,0,0,6.70497E+20,5.33162E+21,1.12908E+16,4.8115E+16
174787,9,1,62,0,2018,4,9,5,3,6,4,0,0,1,1,0,0,0,0,6.91767E+20,5.33547E+21,1.1578E+16,4.81436E+16
174788,9,1,74,126,2018,4,0,1,3,0,1,2,0,1,0,0,0,0,0,6.83163E+20,5.34482E+21,1.14665E+16,4.82301E+16
174789,9,1,62,0,2018,4,16,5,3,3,6,0,0,1,0,1,0,0,0,6.91332E+20,5.33452E+21,1.15717E+16,4.81352E+16
174790,9,1,74,113,2018,4,19,1,2,8,1,0,0,0,0,1,0,0,0,6.73614E+20,5.34712E+21,1.1339E+16,4.82535E+16
174791,9,1,62,0,2018,4,17,5,2,5,3,0,1,1,0,0,0,0,0,6.88358E+20,5.34111E+21,1.15347E+16,4.81952E+16
174792,9,1,74,113,2018,4,13,1,2,5,3,0,0,1,0,0,0,0,0,6.78146E+20,5.34562E+21,1.13993E+16,4.82388E+16
174793,9,1,78,145,2018,4,11,1,3,4,3,0,0,1,0,0,0,0,0,6.97233E+20,5.3543E+21,1.16602E+16,4.83111E+16
174794,9,1,62,0,2018,4,17,5,3,5,3,0,1,0,0,0,0,1,0,6.9224E+20,5.33717E+21,1.15851E+16,4.81587E+16
174795,9,1,84,136,2018,4,10,7,3,6,2,0,0,1,1,0,0,0,0,6.98484E+20,5.32696E+21,1.16643E+16,4.8065E+16
174796,9,1,62,0,2018,4,10,7,3,5,3,0,1,1,0,0,0,0,0,6.89541E+20,5.33089E+21,1.15461E+16,4.8103E+16
174797,9,1,84,120,2018,4,11,5,3,0,4,0,0,1,1,0,0,0,0,6.80748E+20,5.33237E+21,1.14287E+16,4.81189E+16