OBJECTID_1,ULAND,UREGBEZ,UKREIS,UGEMEINDE,UJAHR,UMONAT,USTUNDE,UWOCHENTAG,UKATEGORIE,UART,UTYP1,ULICHTVERH,IstRad,IstPKW,IstFuss,IstKrad,IstGkfz,IstSonstig,STRZUSTAND,LINREFX,LINREFY,XGCSWGS84,YGCSWGS84
175171,9,1,79,123,2018,4,15,4,2,0,7,0,1,0,0,0,0,0,0,6.76758E+20,5.33347E+21,1.13756E+16,4.81299E+16
175172,9,5,64,0,2018,4,0,1,2,9,1,2,0,0,0,1,0,0,0,6.51952E+20,5.47945E+21,1.10964E+16,4.94487E+16
175173,9,1,79,123,2018,4,9,4,2,5,3,0,1,1,0,0,0,0,0,6.76311E+20,5.33376E+21,1.13697E+16,4.81327E+16
175174,9,5,64,0,2018,4,0,1,3,3,6,2,0,1,0,1,0,0,0,6.54121E+20,5.48122E+21,1.1127E+16,4.94641E+16
175175,9,1,88,120,2018,4,7,4,2,5,7,0,0,1,0,0,0,1,0,6.76955E+20,5.32669E+21,1.13754E+16,4.80689E+16
175176,9,1,74,115,2018,4,12,4,3,0,1,0,1,0,0,0,0,0,0,6.82127E+20,5.34873E+21,1.14542E+16,4.82656E+16
175177,9,5,77,136,2018,4,14,1,3,5,2,0,1,1,0,0,0,0,0,6.2718E+20,5.44622E+21,1.07443E+16,4.91557E+16
175178,9,1,62,0,2018,4,18,3,3,1,6,0,0,1,0,0,0,0,0,6.90448E+20,5.33649E+21,1.15608E+16,4.81531E+16
175179,9,5,71,226,2018,4,14,1,3,9,1,0,0,0,0,1,0,0,0,6.3662E+20,5.46332E+21,1.08795E+16,4.93073E+16
175180,9,4,63,0,2018,4,11,1,3,9,5,0,0,1,0,0,0,1,0,6.41241E+20,5.56598E+21,1.09803E+16,5.02291E+16
175181,9,1,62,0,2018,4,18,3,3,0,7,0,1,0,0,0,0,0,0,6.96288E+20,5.33275E+21,1.16375E+16,4.81177E+16
175182,9,1,62,0,2018,4,10,3,2,5,3,0,0,1,0,0,0,0,0,6.98711E+20,5.33102E+21,1.16692E+16,4.81014E+16
175183,9,4,78,139,2018,4,10,1,3,3,6,0,0,1,0,0,0,0,0,6.47817E+20,5.55708E+21,1.1069E+16,5.01475E+16
175184,9,4,62,0,2018,4,13,1,3,0,1,0,1,0,0,0,0,0,0,6.85929E+20,5.53671E+21,1.1592E+16,4.99538E+16
175185,9,1,62,0,2018,4,7,3,3,0,7,0,1,1,0,0,0,0,0,6.93163E+20,5.33371E+21,1.1596E+16,4.81273E+16
175186,9,3,75,196,2018,4,8,1,3,0,1,0,1,0,0,0,0,0,0,7.30399E+20,5.41383E+21,1.21398E+16,4.88346E+16
175187,9,2,71,119,2018,4,21,1,3,5,3,2,0,1,0,0,0,0,0,7.89858E+20,5.41809E+21,1.29513E+16,4.8848E+16
175188,9,1,62,0,2018,4,19,3,3,6,4,0,1,0,1,0,0,0,0,6.91772E+20,5.33467E+21,1.15777E+16,4.81363E+16
175189,9,1,62,0,2018,4,21,3,3,5,3,2,0,1,0,0,0,0,0,6.8588E+20,5.33973E+21,1.15008E+16,4.81836E+16
175190,9,2,74,113,2018,4,13,1,3,3,6,0,1,0,0,0,0,0,0,7.27007E+20,5.38225E+21,1.20763E+16,4.85522E+16
175191,9,1,84,120,2018,4,18,3,3,2,6,0,1,1,0,0,0,0,0,6.80527E+20,5.33257E+21,1.14258E+16,4.81208E+16
175192,9,2,73,137,2018,4,11,1,3,0,1,0,1,0,0,0,0,0,0,7.12519E+20,5.42201E+21,1.19007E+16,4.89145E+16
175193,9,2,73,137,2018,4,16,1,3,0,1,0,1,0,0,0,0,0,0,7.11537E+20,5.42103E+21,1.18869E+16,4.89061E+16
175194,9,1,62,0,2018,4,8,3,3,6,4,0,0,1,1,0,0,0,0,6.86512E+20,5.33833E+21,1.15087E+16,4.81708E+16
175195,9,1,71,137,2018,4,18,1,3,7,1,0,1,0,1,0,0,0,0,7.72206E+20,5.35212E+21,1.26681E+16,4.82638E+16
175196,9,1,63,0,2018,4,0,1,3,3,6,2,0,1,0,0,0,0,0,7.33589E+20,5.30325E+21,1.21219E+16,4.78401E+16
175197,9,1,63,0,2018,4,18,1,3,5,3,0,1,1,0,0,0,0,0,7.32312E+20,5.30522E+21,1.21059E+16,4.78583E+16
175198,9,1,62,0,2018,4,18,3,3,2,3,0,1,0,0,0,0,0,0,6.89532E+20,5.33834E+21,1.15493E+16,4.817E+16
175199,9,1,87,165,2018,4,8,1,2,0,1,0,0,0,0,1,0,0,0,7.33085E+20,5.29733E+21,1.2112E+16,4.77871E+16
175200,9,1,62,0,2018,4,10,3,3,5,2,0,0,1,0,0,0,0,0,6.86086E+20,5.33762E+21,1.15027E+16,4.81645E+16
175201,9,1,62,0,2018,4,17,3,3,6,4,0,1,0,1,0,0,0,0,6.94764E+20,5.33347E+21,1.16173E+16,4.81247E+16
175202,9,7,75,135,2018,4,19,3,3,5,3,0,1,1,0,0,0,0,0,5.73765E+20,5.36059E+21,9.99649E+15,4.83941E+16
175203,9,1,76,143,2018,4,13,1,2,0,1,0,1,0,0,0,0,0,0,6.81215E+20,5.4101E+21,1.14687E+16,4.88174E+16
175204,9,1,86,147,2018,4,13,1,3,5,3,0,1,1,0,0,0,0,0,6.81372E+20,5.39228E+21,1.1463E+16,4.86573E+16
175205,9,7,75,135,2018,4,14,3,3,2,2,0,0,1,0,0,0,0,0,5.75502E+20,5.36075E+21,1.002E+16,4.83954E+16
175206,9,1,79,138,2018,4,16,1,2,8,1,0,1,0,0,0,0,0,0,6.54886E+20,5.33697E+21,1.10831E+16,4.81671E+16
175207,9,7,78,149,2018,4,17,3,3,8,2,0,0,1,0,0,0,0,0,5.94441E+20,5.31377E+21,1.02653E+16,4.79703E+16
175208,9,1,74,113,2018,4,15,1,3,5,2,0,1,0,0,0,0,0,0,6.71479E+20,5.34753E+21,1.13104E+16,4.82578E+16
175209,9,1,78,143,2018,4,13,1,3,5,2,0,1,1,0,0,0,0,0,7.17056E+20,5.37352E+21,1.19371E+16,4.84773E+16
175210,9,7,64,0,2018,4,13,3,3,4,2,0,0,1,0,1,0,0,0,5.86892E+20,5.31594E+21,1.01646E+16,4.79908E+16
175211,9,1,78,124,2018,4,21,1,3,5,2,2,0,1,0,0,0,0,0,7.03012E+20,5.36387E+21,1.17426E+16,4.83952E+16
175212,9,7,78,221,2018,4,8,3,3,1,7,0,0,1,0,0,0,1,0,5.93761E+20,5.33755E+21,1.02614E+16,4.81842E+16
175213,9,1,77,133,2018,4,22,1,3,9,1,2,0,1,0,0,0,0,0,7.05126E+20,5.35617E+21,1.17674E+16,4.83254E+16
175214,9,7,74,150,2018,4,16,3,2,0,7,0,1,0,0,0,0,0,0,6.03226E+20,5.34454E+21,1.03904E+16,4.82457E+16
175215,9,1,62,0,2018,4,21,7,2,6,1,2,1,0,1,0,0,0,0,6.92378E+20,5.33432E+21,1.15857E+16,4.8133E+16
175216,9,7,74,135,2018,4,16,3,3,0,1,0,0,0,0,0,0,1,0,5.93841E+20,5.36817E+21,1.02693E+16,4.84596E+16
175217,9,7,78,203,2018,4,18,3,2,9,1,0,1,0,0,0,0,0,0,6.2242E+20,5.32411E+21,1.0643E+16,4.80585E+16
175218,9,1,62,0,2018,4,17,7,3,3,6,0,1,1,0,0,0,0,0,6.89883E+20,5.33153E+21,1.1551E+16,4.81087E+16
175219,9,7,79,147,2018,4,19,3,2,0,7,0,0,0,0,1,0,1,0,6.04995E+20,5.42483E+21,1.04346E+16,4.89674E+16
175220,9,7,79,194,2018,4,7,3,3,0,7,0,1,0,0,0,0,0,0,6.09044E+20,5.41125E+21,1.04862E+16,4.88447E+16
175221,9,1,62,0,2018,4,20,7,3,3,6,1,0,1,0,1,0,0,0,6.90706E+20,5.33812E+21,1.1565E+16,4.81677E+16
175222,9,1,62,0,2018,4,17,7,2,1,5,0,0,1,0,1,0,0,0,6.89112E+20,5.33311E+21,1.15413E+16,4.81231E+16
175223,9,7,61,0,2018,4,15,3,2,0,1,0,1,0,0,0,0,0,0,6.4057E+20,5.35885E+21,1.0898E+16,4.83672E+16
175224,9,1,84,119,2018,4,13,7,3,0,7,0,0,0,0,0,0,1,0,6.95276E+20,5.34726E+21,1.16306E+16,4.82484E+16
175225,9,1,62,0,2018,4,15,7,3,5,3,0,0,1,0,0,0,0,0,6.92868E+20,5.34032E+21,1.1595E+16,4.81868E+16
175226,9,7,61,0,2018,4,16,3,3,5,3,0,1,1,0,0,0,0,0,6.40246E+20,5.3586E+21,1.08935E+16,4.8365E+16
175227,9,7,72,115,2018,4,15,3,3,5,3,0,0,1,0,0,0,0,0,6.18387E+20,5.36875E+21,1.06014E+16,4.84607E+16
175228,9,7,71,130,2018,4,19,3,3,0,1,0,1,0,0,0,0,0,0,6.46836E+20,5.35736E+21,1.0982E+16,4.83524E+16
175229,9,7,61,0,2018,4,15,3,3,2,6,0,0,1,0,0,0,0,0,6.37204E+20,5.36081E+21,1.08532E+16,4.83855E+16
175230,9,7,61,0,2018,4,18,3,3,1,6,0,0,1,0,0,0,0,0,6.39289E+20,5.36151E+21,1.08816E+16,4.83913E+16
175231,9,7,61,0,2018,4,16,3,3,5,3,0,1,1,0,0,0,0,0,6.41313E+20,5.36073E+21,1.09086E+16,4.83839E+16
175232,9,7,61,0,2018,4,19,3,3,0,7,0,1,0,0,0,0,0,0,6.40724E+20,5.35723E+21,1.08995E+16,4.83525E+16
175233,9,7,61,0,2018,4,13,3,3,1,6,0,0,1,0,1,0,0,0,6.41469E+20,5.3593E+21,1.09103E+16,4.8371E+16
175234,9,7,71,113,2018,4,18,3,3,0,1,0,1,0,0,0,0,0,0,6.57196E+20,5.36804E+21,1.11258E+16,4.84458E+16
175235,9,6,79,202,2018,4,17,3,3,2,6,0,0,1,0,0,0,0,0,5.63429E+20,5.5196E+21,9.88187E+15,4.98255E+16
175236,9,6,63,0,2018,4,9,3,3,5,2,0,1,1,0,0,0,0,0,5.67891E+20,5.51601E+21,9.94326E+15,4.97927E+16
175237,9,1,62,0,2018,4,19,7,3,5,6,0,1,1,0,0,0,0,0,6.87615E+20,5.34177E+21,1.1525E+16,4.82014E+16
175238,9,6,77,157,2018,4,17,3,3,2,6,0,0,1,0,0,0,0,0,5.44169E+20,5.52193E+21,9.61437E+15,4.98481E+16
175239,9,1,62,0,2018,4,18,7,3,5,3,0,0,1,0,0,0,0,0,7.00042E+20,5.33486E+21,1.16888E+16,4.81355E+16
175240,9,1,62,0,2018,4,17,7,3,5,2,0,1,1,0,0,0,0,0,6.89824E+20,5.3349E+21,1.15517E+16,4.8139E+16
175241,9,1,62,0,2018,4,17,7,3,1,5,0,1,1,0,0,0,0,0,6.91391E+20,5.33795E+21,1.15741E+16,4.81659E+16
175242,9,6,73,114,2018,4,7,3,3,3,6,0,1,1,0,0,0,0,0,5.86698E+20,5.57525E+21,1.02179E+16,5.0323E+16
175243,9,7,75,135,2018,4,17,7,3,5,3,0,0,1,0,0,0,0,0,5.74375E+20,5.35999E+21,1.00046E+16,4.83886E+16
175244,9,7,75,135,2018,4,18,7,3,6,4,0,0,1,1,0,0,0,0,5.74273E+20,5.36002E+21,1.00033E+16,4.8389E+16
175245,9,6,62,0,2018,4,18,3,3,5,3,0,0,1,0,0,0,0,0,5.88582E+20,5.54288E+21,1.02368E+16,5.00316E+16
175246,9,5,62,0,2018,4,17,3,3,2,6,0,0,1,0,0,0,0,0,6.42232E+20,5.49332E+21,1.09674E+16,4.95758E+16
175247,9,7,64,0,2018,4,12,7,2,0,7,0,1,0,0,0,0,0,0,5.88632E+20,5.31398E+21,1.01876E+16,4.7973E+16
175248,9,5,74,132,2018,4,16,3,3,1,7,0,0,1,0,0,0,0,0,6.76184E+20,5.48686E+21,1.14338E+16,4.95088E+16
175249,9,7,64,0,2018,4,12,7,3,0,7,0,0,0,0,1,0,0,0,5.89147E+20,5.31538E+21,1.01947E+16,4.79855E+16
175250,9,5,74,157,2018,4,15,3,3,5,3,0,0,1,0,0,0,1,0,6.61024E+20,5.46969E+21,1.12176E+16,4.93586E+16
175251,9,7,80,121,2018,4,14,7,3,0,1,0,1,0,0,0,0,0,0,5.96462E+20,5.25835E+21,1.02801E+16,4.74715E+16
175252,9,5,64,0,2018,4,6,3,3,5,2,0,1,1,0,0,0,0,0,6.47104E+20,5.48215E+21,1.10306E+16,4.94742E+16
175253,9,7,80,133,2018,4,15,7,3,0,1,0,1,0,0,0,0,0,0,5.98447E+20,5.2471E+21,1.0304E+16,4.73699E+16
175254,9,5,64,0,2018,4,8,3,3,4,2,0,0,1,0,0,0,0,0,6.49245E+20,5.47949E+21,1.10591E+16,4.94497E+16
175255,9,7,62,0,2018,4,10,7,3,0,1,0,1,0,0,0,0,0,0,6.21113E+20,5.30463E+21,1.062E+16,4.78836E+16
175256,9,5,64,0,2018,4,5,3,2,1,5,2,1,1,0,0,0,0,0,6.478E+20,5.47723E+21,1.10384E+16,4.94298E+16
175257,9,7,79,131,2018,4,13,7,2,0,7,0,1,1,0,0,0,0,0,6.30505E+20,5.39934E+21,1.07748E+16,4.87334E+16
175258,9,5,64,0,2018,4,16,3,3,5,3,0,1,1,0,0,0,0,0,6.45793E+20,5.4792E+21,1.10114E+16,4.94479E+16
175259,9,5,64,0,2018,4,7,3,3,5,3,0,0,1,0,1,0,0,0,6.53267E+20,5.48012E+21,1.11148E+16,4.94543E+16
175260,9,7,73,182,2018,4,14,7,3,0,6,0,0,1,0,1,0,0,0,6.23799E+20,5.3794E+21,1.06777E+16,4.85555E+16
175261,9,5,64,0,2018,4,17,3,3,0,1,0,0,0,0,1,0,0,0,6.46027E+20,5.47699E+21,1.10139E+16,4.94281E+16
175262,9,7,61,0,2018,4,10,7,3,5,7,0,0,1,0,1,0,0,0,6.39709E+20,5.35625E+21,1.08855E+16,4.8344E+16
175263,9,5,64,0,2018,4,17,3,3,4,6,0,1,1,0,0,0,0,0,6.5052E+20,5.47777E+21,1.10761E+16,4.94339E+16
175264,9,7,61,0,2018,4,13,7,3,2,6,0,0,1,0,0,0,0,0,6.40934E+20,5.3572E+21,1.09023E+16,4.83522E+16
175265,9,5,64,0,2018,4,10,3,3,4,6,0,1,0,0,0,0,0,0,6.46529E+20,5.48055E+21,1.10221E+16,4.94599E+16
175266,9,5,71,198,2018,4,9,3,3,8,6,0,0,1,0,0,0,1,0,5.90766E+20,5.46179E+21,1.02485E+16,4.93021E+16
175267,9,7,61,0,2018,4,15,7,3,0,1,0,1,0,0,0,0,0,0,6.40794E+20,5.35829E+21,1.09008E+16,4.83621E+16
175268,9,5,71,115,2018,4,18,3,3,5,3,0,0,1,0,0,0,0,0,6.12703E+20,5.44503E+21,1.05455E+16,4.91477E+16
175269,9,4,75,142,2018,4,7,3,3,5,3,0,0,1,0,0,0,0,0,7.02907E+20,5.57297E+21,1.18477E+16,5.02739E+16
175270,9,6,78,174,2018,4,13,7,2,0,7,0,1,0,0,0,0,0,0,5.98369E+20,5.54574E+21,1.03742E+16,5.00558E+16
175271,9,4,78,145,2018,4,18,3,2,5,2,0,0,1,0,1,0,0,0,6.53117E+20,5.55884E+21,1.11438E+16,5.0162E+16
175272,9,6,76,169,2018,4,18,7,3,1,5,0,1,1,0,0,0,0,0,5.11818E+20,5.51549E+21,9.16419E+15,4.97917E+16
175273,9,3,62,0,2018,4,17,3,2,5,1,0,1,1,0,0,0,0,0,7.23496E+20,5.43446E+21,1.20572E+16,4.90225E+16
175274,9,3,72,116,2018,4,9,3,3,5,3,0,0,1,0,0,0,0,0,7.67141E+20,5.45783E+21,1.26685E+16,4.92149E+16
175275,9,5,64,0,2018,4,4,7,3,5,3,2,0,1,0,0,0,0,0,6.51163E+20,5.4796E+21,1.10856E+16,4.94503E+16
175276,9,2,61,0,2018,4,12,3,3,0,3,0,1,1,0,0,0,0,0,7.32782E+20,5.38269E+21,1.21547E+16,4.8554E+16
175277,9,5,64,0,2018,4,10,7,3,2,6,0,0,1,0,0,0,0,0,6.50859E+20,5.47849E+21,1.1081E+16,4.94403E+16
175278,9,5,64,0,2018,4,0,7,3,5,3,2,0,1,0,0,0,0,1,6.50897E+20,5.48092E+21,1.10825E+16,4.94622E+16
175279,9,2,74,113,2018,4,20,3,3,5,3,1,1,0,0,0,0,0,0,7.28998E+20,5.38271E+21,1.21035E+16,4.85556E+16
175280,9,1,80,123,2018,4,13,3,2,0,1,0,1,0,0,0,0,0,0,6.70509E+20,5.25658E+21,1.12615E+16,4.74404E+16
175281,9,5,64,0,2018,4,15,7,3,0,1,0,1,0,0,0,0,0,0,6.56003E+20,5.47547E+21,1.11507E+16,4.94119E+16
175282,9,1,89,157,2018,4,18,3,3,5,7,0,1,1,0,0,0,0,0,7.65946E+20,5.32618E+21,1.25677E+16,4.80335E+16
175283,9,1,83,128,2018,4,15,3,2,3,5,0,0,1,0,1,0,0,0,7.63357E+20,5.34856E+21,1.25469E+16,4.82355E+16
175284,9,5,64,0,2018,4,10,7,3,3,6,0,0,1,0,0,0,0,0,6.51069E+20,5.47943E+21,1.10843E+16,4.94487E+16
175285,9,5,73,127,2018,4,19,7,2,0,1,0,1,0,0,0,0,0,0,6.46532E+20,5.4735E+21,1.10195E+16,4.93965E+16
175286,9,5,77,177,2018,4,13,7,3,6,4,0,0,0,1,0,0,1,0,6.43873E+20,5.43221E+21,1.09681E+16,4.9026E+16
175287,9,1,63,0,2018,4,23,3,3,0,7,2,0,0,0,1,0,1,0,7.31983E+20,5.30624E+21,1.21021E+16,4.78675E+16
175288,9,5,71,141,2018,4,16,7,2,5,3,0,1,1,0,0,0,0,0,6.12963E+20,5.43843E+21,1.05472E+16,4.90883E+16
175289,9,4,79,150,2018,4,17,7,3,0,7,0,1,0,0,0,0,0,0,7.20318E+20,5.56538E+21,1.20873E+16,5.01996E+16
175290,9,4,72,119,2018,4,20,7,3,1,6,1,0,1,0,1,0,0,0,6.87774E+20,5.53887E+21,1.16188E+16,4.99726E+16
175291,9,1,87,118,2018,4,14,3,3,0,1,0,0,1,0,0,0,0,0,7.53352E+20,5.30245E+21,1.23851E+16,4.78255E+16
175292,9,4,62,0,2018,4,13,7,3,6,4,0,0,1,1,0,0,0,0,6.85548E+20,5.53434E+21,1.15856E+16,4.99326E+16
175293,9,4,71,120,2018,4,10,7,3,6,7,0,0,1,1,0,0,0,0,6.24431E+20,5.52283E+21,1.07307E+16,4.98449E+16
175294,9,1,61,0,2018,4,14,3,3,6,4,0,0,0,1,1,0,0,0,6.761E+20,5.40585E+21,1.13972E+16,4.87807E+16
175295,9,1,61,0,2018,4,16,3,3,4,6,0,1,0,0,0,0,0,0,6.78601E+20,5.40359E+21,1.14302E+16,4.87597E+16
175296,9,4,71,111,2018,4,22,7,3,9,1,2,0,0,0,0,0,1,0,6.44884E+20,5.51897E+21,1.10136E+16,4.98057E+16
175297,9,1,86,149,2018,4,7,3,3,5,2,0,1,1,0,0,0,0,0,6.88547E+20,5.3878E+21,1.15582E+16,4.86148E+16
175298,9,3,75,130,2018,4,17,7,2,0,7,0,0,0,0,1,0,0,0,7.35586E+20,5.43625E+21,1.22233E+16,4.90341E+16
175299,9,3,75,156,2018,4,7,7,3,0,1,0,0,0,0,1,0,0,1,7.15534E+20,5.44958E+21,1.19565E+16,4.91612E+16
175300,9,3,62,0,2018,4,16,7,3,5,2,0,1,1,0,0,0,0,0,7.2435E+20,5.43318E+21,1.20682E+16,4.90107E+16
175301,9,1,79,126,2018,4,18,3,3,0,1,0,0,1,1,0,0,0,0,6.76127E+20,5.34063E+21,1.13701E+16,4.81944E+16
175302,9,2,76,113,2018,4,15,7,3,6,4,0,0,1,1,0,0,0,0,7.89453E+20,5.44963E+21,1.29683E+16,4.91312E+16
175303,9,2,71,119,2018,4,16,7,3,1,7,0,0,1,0,0,0,1,0,7.93081E+20,5.41951E+21,1.29962E+16,4.88592E+16
175304,9,1,74,135,2018,4,12,3,3,5,3,0,1,1,0,0,0,0,0,6.63483E+20,5.35278E+21,1.12048E+16,4.83071E+16
175305,9,1,77,133,2018,4,16,3,3,2,6,0,0,1,0,0,0,0,0,7.06825E+20,5.36005E+21,1.17922E+16,4.83597E+16
175306,9,2,77,138,2018,4,18,7,3,5,3,0,0,1,0,1,0,0,0,7.91706E+20,5.37183E+21,1.29439E+16,4.8432E+16
175307,9,1,78,143,2018,4,18,3,3,0,7,0,1,0,0,0,0,0,0,7.16782E+20,5.37335E+21,1.19333E+16,4.84758E+16
175308,9,1,62,0,2018,4,16,2,3,5,3,0,0,1,0,1,0,0,1,6.94283E+20,5.34114E+21,1.16144E+16,4.81937E+16
175309,9,2,75,141,2018,4,9,7,2,5,3,0,0,1,0,1,0,0,0,8.19771E+20,5.37007E+21,1.33209E+16,4.84026E+16
175310,9,1,62,0,2018,4,5,2,3,5,3,2,0,1,0,0,0,1,1,6.90233E+20,5.34392E+21,1.15612E+16,4.82199E+16
175311,9,2,75,145,2018,4,20,7,3,6,7,1,0,0,1,1,0,0,0,8.20779E+20,5.37399E+21,1.33375E+16,4.84372E+16
175312,9,2,72,136,2018,4,11,7,3,8,1,0,1,0,0,0,0,0,0,8.46907E+20,5.40917E+21,1.3719E+16,4.87388E+16
175313,9,1,62,0,2018,4,9,2,3,5,3,0,0,1,0,0,0,0,1,6.90692E+20,5.33814E+21,1.15648E+16,4.81679E+16
175314,9,2,77,116,2018,4,14,7,3,0,7,0,1,0,0,0,0,0,0,7.78467E+20,5.36848E+21,1.27631E+16,4.84079E+16
175315,9,1,62,0,2018,4,12,2,3,0,7,0,1,0,0,0,1,0,1,6.96892E+20,5.33234E+21,1.16454E+16,4.81138E+16
175316,9,2,74,111,2018,4,16,7,3,0,1,0,0,0,0,1,0,0,0,7.428E+20,5.37963E+21,1.22885E+16,4.85228E+16
175317,9,1,62,0,2018,4,18,2,3,3,7,0,0,1,0,1,0,0,0,6.90601E+20,5.33577E+21,1.15625E+16,4.81466E+16
175318,9,1,62,0,2018,4,17,2,3,6,4,0,1,0,1,0,0,0,1,6.86239E+20,5.33389E+21,1.15031E+16,4.8131E+16
175319,9,2,74,146,2018,4,16,7,3,8,1,0,1,0,0,0,0,0,0,7.32951E+20,5.3781E+21,1.21544E+16,4.85128E+16
175320,9,1,62,0,2018,4,7,2,3,0,7,0,0,0,0,1,0,0,1,6.82873E+20,5.33566E+21,1.14586E+16,4.81479E+16
175321,9,2,61,0,2018,4,15,7,3,0,1,0,1,0,0,0,0,0,0,7.32449E+20,5.38161E+21,1.21496E+16,4.85445E+16
175322,9,1,62,0,2018,4,9,2,3,2,6,0,0,1,0,0,0,0,0,6.86757E+20,5.33702E+21,1.15114E+16,4.81589E+16
175323,9,2,73,137,2018,4,12,7,3,5,3,0,0,1,0,1,0,0,0,7.10417E+20,5.42168E+21,1.18719E+16,4.89122E+16
175324,9,1,62,0,2018,4,10,2,3,0,7,0,1,0,0,0,0,0,1,6.8532E+20,5.33445E+21,1.1491E+16,4.81363E+16
175325,9,1,71,124,2018,4,14,7,2,2,6,0,0,1,0,1,0,0,0,7.81241E+20,5.34052E+21,1.27819E+16,4.81556E+16
175326,9,1,84,129,2018,4,9,2,3,0,7,0,1,0,0,0,0,0,1,7.01065E+20,5.32527E+21,1.16981E+16,4.8049E+16
175327,9,1,87,114,2018,4,18,7,2,5,3,0,1,0,0,0,0,0,0,7.48685E+20,5.29637E+21,1.23194E+16,4.77726E+16
175328,9,1,62,0,2018,4,7,2,3,5,3,0,1,1,0,0,0,0,0,6.99578E+20,5.33577E+21,1.1683E+16,4.81438E+16
175329,9,1,62,0,2018,4,16,2,3,5,2,0,1,1,0,0,0,0,1,6.99624E+20,5.33283E+21,1.16823E+16,4.81174E+16
175330,9,1,87,122,2018,4,17,7,3,5,3,0,0,1,0,0,0,0,0,7.18965E+20,5.30721E+21,1.19288E+16,4.78808E+16
175331,9,1,62,0,2018,4,8,2,3,5,3,0,0,1,0,0,0,0,1,6.94989E+20,5.33274E+21,1.162E+16,4.81181E+16
175332,9,1,62,0,2018,4,8,2,3,5,3,0,1,1,0,0,0,0,1,6.91445E+20,5.33292E+21,1.15725E+16,4.81208E+16
175333,9,1,87,179,2018,4,17,7,1,5,3,0,0,1,0,1,0,0,0,7.28714E+20,5.31427E+21,1.20627E+16,4.79409E+16
175334,9,1,62,0,2018,4,19,2,3,5,3,1,0,1,0,0,0,0,0,6.92287E+20,5.33678E+21,1.15856E+16,4.81552E+16
175335,9,1,86,152,2018,4,20,7,3,8,1,2,0,1,0,0,0,0,0,6.95441E+20,5.37605E+21,1.16462E+16,4.85071E+16
175336,9,1,62,0,2018,4,16,2,3,5,3,0,1,1,0,0,0,0,0,6.91147E+20,5.33557E+21,1.15697E+16,4.81446E+16
175337,9,1,81,130,2018,4,14,7,3,5,3,0,1,1,0,0,0,0,0,6.39311E+20,5.32244E+21,1.0869E+16,4.804E+16
175338,9,1,62,0,2018,4,10,2,3,3,2,0,1,1,0,0,0,0,0,6.90867E+20,5.33447E+21,1.15655E+16,4.81349E+16
175339,9,7,75,135,2018,4,10,2,3,1,7,0,0,1,0,0,0,0,0,5.73566E+20,5.36037E+21,9.99376E+15,4.83922E+16
175340,9,1,81,116,2018,4,16,7,3,0,7,0,1,0,0,0,0,0,0,6.46812E+20,5.33882E+21,1.09752E+16,4.81856E+16
175341,9,7,63,0,2018,4,16,2,3,5,2,0,0,1,0,0,0,0,0,5.98588E+20,5.28562E+21,1.03145E+16,4.77164E+16
175342,9,7,79,194,2018,4,13,2,3,1,5,0,0,1,0,0,0,0,0,6.10554E+20,5.41114E+21,1.05068E+16,4.88434E+16
175343,9,1,88,139,2018,4,14,7,3,6,7,0,0,1,1,0,0,0,0,6.75024E+20,5.31866E+21,1.13462E+16,4.79973E+16
175344,9,7,71,130,2018,4,8,2,3,5,3,0,0,1,0,0,0,0,1,6.47064E+20,5.35721E+21,1.0985E+16,4.83509E+16
175345,9,7,71,142,2018,4,16,2,3,0,1,0,1,0,0,0,0,0,0,6.46522E+20,5.3518E+21,1.09758E+16,4.83024E+16
175346,9,1,88,117,2018,4,12,7,2,8,1,0,1,0,0,0,0,0,0,6.66133E+20,5.31418E+21,1.12254E+16,4.79593E+16
175347,9,1,79,123,2018,4,17,7,3,0,3,0,0,1,0,1,0,0,0,6.75792E+20,5.33277E+21,1.13623E+16,4.81239E+16
175348,9,1,79,123,2018,4,19,7,2,6,4,0,0,0,1,1,0,0,0,6.76604E+20,5.33429E+21,1.13739E+16,4.81373E+16
175349,9,7,72,125,2018,4,20,2,3,4,1,1,0,1,0,0,0,0,1,6.36987E+20,5.34709E+21,1.08458E+16,4.82622E+16
175350,9,1,79,121,2018,4,17,7,3,6,1,0,0,1,1,0,0,0,0,6.68318E+20,5.33866E+21,1.12643E+16,4.81789E+16
175351,9,1,79,114,2018,4,9,7,3,5,2,0,0,1,0,0,0,0,0,6.54104E+20,5.34295E+21,1.10748E+16,4.8221E+16
175352,9,7,72,163,2018,4,6,2,3,0,1,1,0,0,0,1,0,0,1,6.39373E+20,5.34951E+21,1.08787E+16,4.82835E+16
175353,9,7,61,0,2018,4,15,2,3,2,6,0,0,1,0,0,0,1,0,6.38473E+20,5.35933E+21,1.08698E+16,4.83719E+16
175354,9,1,81,114,2018,4,14,7,2,0,7,0,1,0,0,0,0,0,0,6.55458E+20,5.31164E+21,1.10816E+16,4.79392E+16
175355,9,7,61,0,2018,4,9,2,3,2,6,0,0,1,0,0,0,0,1,6.4075E+20,5.35924E+21,1.09005E+16,4.83707E+16
175356,9,1,62,0,2018,4,19,6,3,6,4,1,0,1,1,0,0,0,0,6.90636E+20,5.33522E+21,1.15627E+16,4.81416E+16