OBJECTID_1,ULAND,UREGBEZ,UKREIS,UGEMEINDE,UJAHR,UMONAT,USTUNDE,UWOCHENTAG,UKATEGORIE,UART,UTYP1,ULICHTVERH,IstRad,IstPKW,IstFuss,IstKrad,IstGkfz,IstSonstig,STRZUSTAND,LINREFX,LINREFY,XGCSWGS84,YGCSWGS84
175357,9,1,62,0,2018,4,15,6,2,5,3,0,1,1,0,0,0,0,0,6.90058E+20,5.3355E+21,1.15551E+16,4.81444E+16
175358,9,6,63,0,2018,4,17,2,3,5,2,0,1,1,0,0,0,0,0,5.67734E+20,5.51498E+21,9.9409E+15,4.97835E+16
175359,9,1,62,0,2018,4,23,6,3,5,3,2,0,1,0,0,0,0,0,6.89814E+20,5.33343E+21,1.15509E+16,4.81258E+16
175360,9,1,62,0,2018,4,12,6,3,2,6,0,0,1,0,0,0,0,0,6.88874E+20,5.33056E+21,1.1537E+16,4.81003E+16
175361,9,1,62,0,2018,4,8,6,3,3,6,0,0,1,0,0,0,0,0,6.8622E+20,5.33434E+21,1.1503E+16,4.8135E+16
175362,9,6,63,0,2018,4,16,2,3,6,7,0,0,1,1,0,0,0,0,5.68167E+20,5.515E+21,9.94693E+15,4.97836E+16
175363,9,1,62,0,2018,4,13,6,3,5,3,0,1,1,0,0,0,0,0,6.87042E+20,5.33026E+21,1.15123E+16,4.80982E+16
175364,9,1,62,0,2018,4,8,6,3,3,2,0,1,1,0,0,0,0,0,6.9149E+20,5.33355E+21,1.15734E+16,4.81264E+16
175365,9,5,62,0,2018,4,18,2,3,4,3,0,1,1,0,0,0,0,0,6.46402E+20,5.49525E+21,1.10258E+16,4.95921E+16
175366,9,5,62,0,2018,4,15,2,3,5,3,0,0,1,0,0,0,0,0,6.42229E+20,5.49345E+21,1.09674E+16,4.95769E+16
175367,9,1,62,0,2018,4,18,6,3,1,5,0,1,1,0,0,0,0,0,6.89885E+20,5.34274E+21,1.1556E+16,4.82095E+16
175368,9,5,74,138,2018,4,9,2,3,5,3,0,0,1,0,1,0,0,0,6.65293E+20,5.48635E+21,1.12832E+16,4.95072E+16
175369,9,1,62,0,2018,4,15,6,3,5,2,0,1,1,0,0,0,0,0,6.88646E+20,5.33566E+21,1.15362E+16,4.81462E+16
175370,9,1,62,0,2018,4,7,6,3,1,7,0,1,1,0,0,0,0,0,6.94013E+20,5.34232E+21,1.16113E+16,4.82044E+16
175371,9,5,64,0,2018,4,9,2,3,5,3,0,1,1,0,0,0,0,0,6.50837E+20,5.48135E+21,1.10818E+16,4.94661E+16
175372,9,1,62,0,2018,4,15,6,3,0,1,0,1,0,0,0,0,0,0,6.91242E+20,5.33443E+21,1.15705E+16,4.81343E+16
175373,9,5,64,0,2018,4,9,2,3,5,3,0,0,1,0,0,0,0,0,6.48059E+20,5.47844E+21,1.10424E+16,4.94405E+16
175374,9,1,62,0,2018,4,9,6,2,0,2,0,1,1,0,0,0,0,0,6.96026E+20,5.33499E+21,1.1635E+16,4.81379E+16
175375,9,5,64,0,2018,4,14,2,3,0,7,0,1,0,1,0,0,0,0,6.50516E+20,5.47988E+21,1.10768E+16,4.94529E+16
175376,9,5,64,0,2018,4,8,2,2,5,3,0,0,1,0,1,0,0,0,6.49988E+20,5.47836E+21,1.10689E+16,4.94394E+16
175377,9,1,62,0,2018,4,16,6,3,3,6,0,0,1,0,1,0,0,0,6.92014E+20,5.33636E+21,1.15817E+16,4.81515E+16
175378,9,1,62,0,2018,4,15,6,3,6,7,0,1,0,1,0,0,0,0,6.93897E+20,5.3313E+21,1.16047E+16,4.81054E+16
175379,9,5,64,0,2018,4,13,2,3,2,6,0,0,1,0,0,0,0,0,6.5376E+20,5.47886E+21,1.11211E+16,4.94429E+16
175380,9,5,64,0,2018,4,17,2,3,5,3,0,0,1,0,0,0,0,0,6.47493E+20,5.48196E+21,1.10359E+16,4.94724E+16
175381,9,1,62,0,2018,4,16,6,3,5,3,0,1,1,0,0,0,0,0,6.96404E+20,5.33617E+21,1.16406E+16,4.81485E+16
175382,9,5,64,0,2018,4,6,2,3,0,7,1,0,1,0,1,0,0,1,6.5016E+20,5.47909E+21,1.10716E+16,4.94459E+16
175383,9,1,62,0,2018,4,15,6,3,5,3,0,1,1,0,0,0,0,0,6.89296E+20,5.33054E+21,1.15426E+16,4.81E+16
175384,9,5,64,0,2018,4,22,2,3,5,3,2,1,1,0,0,0,0,0,6.49238E+20,5.47947E+21,1.1059E+16,4.94496E+16
175385,9,1,84,130,2018,4,2,6,3,0,7,2,1,0,0,0,0,0,0,7.00056E+20,5.3451E+21,1.16939E+16,4.82276E+16
175386,9,5,73,134,2018,4,22,2,3,0,1,2,0,1,0,0,0,0,0,6.42647E+20,5.47825E+21,1.09677E+16,4.94402E+16
175387,9,5,63,0,2018,4,10,2,3,5,3,0,0,1,0,0,0,0,0,6.43853E+20,5.48243E+21,1.09859E+16,4.94775E+16
175388,9,1,62,0,2018,4,11,6,3,1,5,0,1,0,0,0,1,0,0,6.90427E+20,5.33474E+21,1.15597E+16,4.81374E+16
175389,9,4,64,0,2018,4,7,2,3,0,3,0,1,1,0,0,0,0,1,7.06763E+20,5.57592E+21,1.19033E+16,5.02991E+16
175390,9,4,78,116,2018,4,15,2,3,0,1,0,1,0,0,0,0,0,0,6.60906E+20,5.55668E+21,1.12519E+16,5.01405E+16
175391,9,1,62,0,2018,4,11,6,3,2,6,0,0,1,0,0,0,1,0,6.90649E+20,5.33337E+21,1.15621E+16,4.8125E+16
175392,9,1,62,0,2018,4,17,6,3,0,7,0,1,0,0,0,0,1,0,6.89643E+20,5.33342E+21,1.15486E+16,4.81258E+16
175393,9,4,62,0,2018,4,6,2,2,5,3,1,1,1,0,0,0,0,1,6.8467E+20,5.53499E+21,1.15737E+16,4.99387E+16
175394,9,1,62,0,2018,4,8,6,3,4,2,0,1,1,0,0,0,0,0,6.92125E+20,5.33493E+21,1.15826E+16,4.81386E+16
175395,9,3,77,154,2018,4,16,2,3,4,2,0,0,1,0,1,0,0,1,7.38128E+20,5.53093E+21,1.2315E+16,4.98834E+16
175396,9,7,75,152,2018,4,17,6,3,2,6,0,0,1,0,0,0,0,0,5.78856E+20,5.35444E+21,1.00641E+16,4.83383E+16
175397,9,3,62,0,2018,4,13,2,3,0,7,0,0,1,0,0,0,1,0,7.26145E+20,5.43205E+21,1.2092E+16,4.89999E+16
175398,9,7,74,166,2018,4,5,6,3,9,7,2,0,1,0,0,0,0,0,6.14582E+20,5.34488E+21,1.05434E+16,4.82468E+16
175399,9,7,62,0,2018,4,16,6,3,4,2,0,0,1,0,0,0,0,0,6.21872E+20,5.30857E+21,1.06312E+16,4.79189E+16
175400,9,3,62,0,2018,4,17,2,3,4,2,0,0,1,0,0,0,0,0,7.24534E+20,5.43258E+21,1.20703E+16,4.90052E+16
175401,9,3,72,116,2018,4,23,2,3,8,1,2,0,1,0,0,0,0,0,7.70147E+20,5.46227E+21,1.27127E+16,4.92535E+16
175402,9,7,62,0,2018,4,16,6,3,2,6,0,0,1,0,0,0,0,0,6.21615E+20,5.30498E+21,1.06268E+16,4.78866E+16
175403,9,2,76,138,2018,4,18,2,3,0,6,0,1,0,0,0,0,0,0,8.01964E+20,5.43248E+21,1.31266E+16,4.89713E+16
175404,9,2,75,116,2018,4,12,2,2,5,3,0,1,1,0,0,0,0,0,8.19362E+20,5.36466E+21,1.33113E+16,4.83542E+16
175405,9,7,73,125,2018,4,14,6,3,5,3,0,1,1,0,0,0,0,1,6.10132E+20,5.38235E+21,1.04934E+16,4.85845E+16
175406,9,7,71,146,2018,4,7,6,3,5,3,0,0,1,0,0,0,0,0,6.46769E+20,5.34824E+21,1.09779E+16,4.82703E+16
175407,9,7,61,0,2018,4,4,6,3,5,3,2,0,1,0,0,0,0,0,6.39201E+20,5.36224E+21,1.08806E+16,4.8398E+16
175408,9,2,61,0,2018,4,13,2,3,5,3,0,1,1,0,0,0,0,0,7.31284E+20,5.38139E+21,1.21337E+16,4.85429E+16
175409,9,6,79,130,2018,4,7,6,3,9,1,0,0,1,0,0,0,0,1,5.71386E+20,5.51957E+21,9.99248E+15,4.98243E+16
175410,9,6,63,0,2018,4,13,6,3,1,6,0,0,1,0,0,0,0,1,5.66072E+20,5.51689E+21,9.91814E+15,4.98008E+16
175411,9,2,74,126,2018,4,18,2,3,5,3,0,1,1,0,0,0,0,0,7.33297E+20,5.3845E+21,1.21627E+16,4.85701E+16
175412,9,1,89,154,2018,4,18,2,2,0,7,0,1,0,0,0,0,0,0,7.67665E+20,5.31841E+21,1.25859E+16,4.7963E+16
175413,9,6,63,0,2018,4,8,6,3,4,6,0,0,1,0,0,0,0,1,5.71282E+20,5.51731E+21,9.99061E+15,4.9804E+16
175414,9,6,63,0,2018,4,21,6,3,4,2,2,0,1,0,0,0,0,1,5.66282E+20,5.51711E+21,9.92111E+15,4.98027E+16
175415,9,1,87,162,2018,4,11,2,3,0,1,0,0,0,0,1,0,0,1,7.50009E+20,5.30536E+21,1.23422E+16,4.78529E+16
175416,9,1,79,142,2018,4,16,2,3,5,6,0,0,1,0,0,0,0,0,6.73234E+20,5.34396E+21,1.13326E+16,4.82252E+16
175417,9,5,74,132,2018,4,10,6,1,6,4,0,0,1,1,0,0,0,1,6.75476E+20,5.48665E+21,1.14239E+16,4.9507E+16
175418,9,1,62,0,2018,4,0,1,3,6,2,2,0,1,1,0,0,0,0,6.90538E+20,5.33475E+21,1.15612E+16,4.81374E+16
175419,9,5,64,0,2018,4,5,6,2,4,2,2,0,1,0,0,1,0,1,6.4899E+20,5.4747E+21,1.10538E+16,4.94068E+16
175420,9,5,64,0,2018,4,12,6,3,0,2,0,0,1,0,1,0,0,0,6.52002E+20,5.4806E+21,1.10976E+16,4.9459E+16
175421,9,5,64,0,2018,4,8,6,2,5,3,0,1,1,0,0,0,0,0,6.52308E+20,5.48069E+21,1.11018E+16,4.94597E+16
175422,9,1,62,0,2018,4,11,1,3,2,5,0,0,1,0,0,0,0,0,6.84019E+20,5.33365E+21,1.14732E+16,4.81295E+16
175423,9,5,64,0,2018,4,14,6,3,5,3,0,0,1,0,1,0,0,0,6.53357E+20,5.47894E+21,1.11156E+16,4.94438E+16
175424,9,5,64,0,2018,4,21,6,3,2,6,2,0,1,0,0,0,0,0,6.49668E+20,5.4794E+21,1.10649E+16,4.94489E+16
175425,9,1,62,0,2018,4,13,1,3,4,2,0,0,1,0,1,0,0,0,6.91901E+20,5.34295E+21,1.15832E+16,4.82107E+16
175426,9,1,62,0,2018,4,16,1,3,2,6,0,1,0,0,0,0,0,0,6.82217E+20,5.33432E+21,1.14493E+16,4.8136E+16
175427,9,5,64,0,2018,4,17,6,3,5,3,0,0,1,0,0,0,0,1,6.50581E+20,5.47787E+21,1.10769E+16,4.94348E+16
175428,9,7,78,116,2018,4,2,1,3,8,1,2,0,1,0,0,0,0,0,6.21354E+20,5.31476E+21,1.06261E+16,4.79747E+16
175429,9,5,64,0,2018,4,11,6,3,3,6,0,0,1,0,0,0,0,0,6.48919E+20,5.47886E+21,1.10544E+16,4.94441E+16
175430,9,7,80,119,2018,4,19,1,3,0,1,0,0,0,0,1,0,0,1,5.96768E+20,5.29567E+21,1.02924E+16,4.78071E+16
175431,9,7,62,0,2018,4,17,1,3,0,7,0,1,0,0,0,0,0,0,6.20984E+20,5.30442E+21,1.06182E+16,4.78817E+16
175432,9,4,78,176,2018,4,16,6,3,5,3,0,1,0,0,0,0,0,0,6.60354E+20,5.55041E+21,1.12415E+16,5.00843E+16
175433,9,4,77,128,2018,4,13,6,2,5,3,0,0,1,0,1,0,0,0,6.72954E+20,5.55234E+21,1.14183E+16,5.00981E+16
175434,9,7,77,159,2018,4,19,1,3,0,1,0,1,0,0,0,0,0,0,6.16779E+20,5.26987E+21,1.05527E+16,4.75717E+16
175435,9,7,72,147,2018,4,15,1,3,0,1,0,1,0,0,0,0,0,0,6.38309E+20,5.36803E+21,1.08705E+16,4.84502E+16
175436,9,4,61,0,2018,4,0,6,3,0,7,2,1,0,0,0,0,0,0,6.35404E+20,5.52663E+21,1.08846E+16,4.98767E+16
175437,9,7,61,0,2018,4,4,1,3,1,5,2,0,1,0,0,0,0,0,6.39587E+20,5.35951E+21,1.08849E+16,4.83734E+16
175438,9,6,63,0,2018,4,12,1,2,8,1,0,0,0,0,1,0,0,0,5.70682E+20,5.51858E+21,9.98251E+15,4.98155E+16
175439,9,3,72,153,2018,4,13,6,3,6,4,0,0,1,1,0,0,0,0,7.56326E+20,5.45511E+21,1.25186E+16,4.91952E+16
175440,9,6,73,114,2018,4,14,1,3,0,1,0,1,0,0,0,0,0,0,5.85768E+20,5.5751E+21,1.02048E+16,5.03218E+16
175441,9,3,62,0,2018,4,14,6,3,5,3,0,1,1,0,0,0,0,0,7.2819E+20,5.43183E+21,1.21198E+16,4.89972E+16
175442,9,7,64,0,2018,4,15,5,3,5,3,0,1,1,0,0,0,0,0,5.88744E+20,5.31465E+21,1.01892E+16,4.7979E+16
175443,9,7,74,135,2018,4,22,5,3,0,1,2,1,0,0,0,0,0,0,5.94707E+20,5.3681E+21,1.0281E+16,4.84589E+16
175444,9,7,63,0,2018,4,19,5,3,0,1,1,1,0,0,0,0,0,0,6.0019E+20,5.28687E+21,1.03361E+16,4.77274E+16
175445,9,7,76,117,2018,4,14,5,3,0,1,0,1,0,0,0,0,0,0,5.67501E+20,5.27306E+21,9.89811E+15,4.76074E+16
175446,9,7,73,182,2018,4,8,5,3,5,3,0,1,1,0,0,0,0,0,6.24125E+20,5.38005E+21,1.06823E+16,4.85613E+16
175447,9,7,61,0,2018,4,9,5,3,5,3,0,0,1,0,0,1,0,0,6.44328E+20,5.35699E+21,1.09481E+16,4.83495E+16
175448,9,7,61,0,2018,4,4,5,3,5,5,2,1,1,0,0,0,0,0,6.41129E+20,5.35185E+21,1.09032E+16,4.83041E+16
175449,9,7,61,0,2018,4,15,5,3,0,1,0,1,0,0,0,0,0,0,6.37847E+20,5.35566E+21,1.08602E+16,4.83391E+16
175450,9,6,63,0,2018,4,12,5,3,4,2,0,1,1,0,0,0,0,0,5.68302E+20,5.51515E+21,9.94882E+15,4.97849E+16
175451,9,6,79,122,2018,4,17,5,2,0,7,0,0,0,0,1,0,0,0,5.63839E+20,5.49537E+21,9.8836E+15,4.96075E+16
175452,9,6,74,160,2018,4,18,5,2,5,3,0,0,1,0,1,0,0,0,6.20774E+20,5.54358E+21,1.06864E+16,5.00323E+16
175453,9,1,71,111,2018,4,16,7,3,0,7,0,0,1,0,0,0,0,0,7.74959E+20,5.3473E+21,1.2702E+16,4.82193E+16
175454,9,5,72,132,2018,4,16,5,3,0,7,0,0,0,0,0,0,1,0,6.37901E+20,5.49358E+21,1.09076E+16,4.95791E+16
175455,9,1,82,116,2018,4,13,7,3,0,1,0,1,0,0,0,0,0,0,7.07057E+20,5.2914E+21,1.17621E+16,4.77427E+16
175456,9,1,61,0,2018,4,11,7,3,6,4,0,0,1,1,0,0,0,0,6.7266E+20,5.4031E+21,1.13493E+16,4.8757E+16
175457,9,5,62,0,2018,4,9,5,3,0,3,0,1,0,1,0,0,0,0,6.44392E+20,5.49442E+21,1.09977E+16,4.95851E+16
175458,9,1,61,0,2018,4,17,7,3,0,1,0,1,0,0,0,0,0,0,6.79568E+20,5.40203E+21,1.14427E+16,4.87454E+16
175459,9,1,76,114,2018,4,17,7,2,0,1,0,1,0,0,0,0,0,0,6.82827E+20,5.4315E+21,1.15002E+16,4.90093E+16
175460,9,1,79,121,2018,4,16,7,3,3,6,0,1,1,0,0,0,0,0,6.67229E+20,5.34021E+21,1.12503E+16,4.81931E+16
175461,9,5,74,138,2018,4,12,5,2,5,2,0,0,1,0,1,0,0,0,6.65372E+20,5.48614E+21,1.12843E+16,4.95054E+16
175462,9,1,81,115,2018,4,16,7,2,0,1,0,1,0,0,0,0,0,0,6.57091E+20,5.32609E+21,1.11088E+16,4.80687E+16
175463,9,5,63,0,2018,4,6,5,3,2,6,0,0,1,0,0,0,1,0,6.40712E+20,5.48306E+21,1.09428E+16,4.94839E+16
175464,9,5,64,0,2018,4,10,5,3,0,1,0,1,0,0,0,0,0,0,6.51633E+20,5.47808E+21,1.10915E+16,4.94365E+16
175465,9,5,64,0,2018,4,8,5,3,4,6,0,1,0,0,0,0,0,0,6.49781E+20,5.47925E+21,1.10664E+16,4.94475E+16
175466,9,1,74,115,2018,4,13,7,3,0,7,0,0,0,0,0,0,1,0,6.80465E+20,5.34834E+21,1.14317E+16,4.82625E+16
175467,9,1,74,111,2018,4,15,7,3,0,1,0,1,0,0,0,0,0,0,6.6627E+20,5.36112E+21,1.12456E+16,4.83813E+16
175468,9,5,64,0,2018,4,18,5,3,5,3,0,1,1,0,0,0,0,0,6.52477E+20,5.48231E+21,1.11048E+16,4.94743E+16
175469,9,1,77,117,2018,4,11,7,3,0,7,0,1,0,0,0,0,0,0,7.14753E+20,5.35507E+21,1.18966E+16,4.83123E+16
175470,9,5,64,0,2018,4,17,5,2,5,3,0,0,1,0,1,0,0,0,6.46202E+20,5.48016E+21,1.10174E+16,4.94565E+16
175471,9,1,77,127,2018,4,15,7,3,3,6,0,1,1,0,0,0,0,0,7.28878E+20,5.34748E+21,1.20827E+16,4.82392E+16
175472,9,1,62,0,2018,4,11,6,3,5,2,0,1,0,0,0,0,1,0,6.88829E+20,5.33561E+21,1.15386E+16,4.81457E+16
175473,9,5,64,0,2018,4,16,5,3,9,1,0,1,0,0,0,0,0,0,6.55798E+20,5.48105E+21,1.11501E+16,4.94621E+16
175474,9,1,62,0,2018,4,12,6,3,5,3,0,0,1,0,1,0,0,0,6.89927E+20,5.34389E+21,1.15571E+16,4.82198E+16
175475,9,5,64,0,2018,4,13,5,3,2,6,0,0,1,0,0,1,0,0,6.48982E+20,5.47432E+21,1.10536E+16,4.94033E+16
175476,9,1,62,0,2018,4,8,6,3,2,6,0,0,1,0,0,1,0,0,6.91022E+20,5.34032E+21,1.15702E+16,4.81874E+16
175477,9,5,77,136,2018,4,7,5,3,5,3,0,1,1,0,0,0,0,0,6.28823E+20,5.44081E+21,1.07651E+16,4.91066E+16
175478,9,1,62,0,2018,4,17,6,3,6,4,0,1,0,1,0,0,0,0,6.93104E+20,5.33625E+21,1.15963E+16,4.81502E+16
175479,9,5,75,153,2018,4,16,5,3,0,7,0,0,0,0,0,1,0,0,6.17372E+20,5.4934E+21,1.06237E+16,4.95818E+16
175480,9,5,71,189,2018,4,13,5,2,0,7,0,1,0,0,0,0,0,0,6.20871E+20,5.44757E+21,1.06582E+16,4.91691E+16
175481,9,1,62,0,2018,4,7,6,3,5,2,0,1,1,0,0,1,0,0,6.88318E+20,5.34027E+21,1.15338E+16,4.81877E+16
175482,9,5,61,0,2018,4,7,5,2,8,7,0,0,0,1,0,1,0,0,6.13599E+20,5.46206E+21,1.05626E+16,4.93007E+16
175483,9,4,79,136,2018,4,9,5,1,6,4,0,0,1,1,0,0,0,0,7.21788E+20,5.54373E+21,1.20953E+16,5.00045E+16
175484,9,1,62,0,2018,4,13,6,3,0,7,0,1,0,0,0,0,0,0,6.9469E+20,5.32974E+21,1.16146E+16,4.80911E+16
175485,9,1,62,0,2018,4,8,6,3,5,3,0,0,1,0,0,0,1,0,6.92304E+20,5.3309E+21,1.15832E+16,4.81023E+16
175486,9,4,73,174,2018,4,10,5,3,4,2,0,0,1,0,0,0,0,0,6.52469E+20,5.56345E+21,1.11366E+16,5.02036E+16
175487,9,1,84,149,2018,4,7,6,3,3,2,0,1,0,0,0,0,1,0,6.90761E+20,5.34974E+21,1.15709E+16,4.82721E+16
175488,9,1,62,0,2018,4,7,6,3,5,3,0,1,1,0,0,0,0,0,6.94523E+20,5.34268E+21,1.16183E+16,4.82075E+16
175489,9,4,72,139,2018,4,13,5,3,0,3,0,0,1,0,1,0,0,0,6.97957E+20,5.55419E+21,1.17685E+16,5.01069E+16
175490,9,4,62,0,2018,4,8,5,3,5,3,0,1,1,0,0,0,0,0,6.85804E+20,5.53388E+21,1.15889E+16,4.99283E+16
175491,9,4,74,126,2018,4,10,5,3,5,3,0,1,1,0,0,0,0,0,6.49475E+20,5.50913E+21,1.10736E+16,4.97161E+16
175492,9,4,61,0,2018,4,19,5,3,1,7,0,1,1,0,0,0,0,0,6.37569E+20,5.52785E+21,1.09151E+16,4.98872E+16
175493,9,3,62,0,2018,4,8,5,3,4,2,0,1,0,0,1,0,0,0,7.28315E+20,5.43117E+21,1.21212E+16,4.89912E+16
175494,9,3,62,0,2018,4,7,5,3,4,2,0,0,1,0,0,0,0,0,7.23705E+20,5.43315E+21,1.20593E+16,4.90106E+16
175495,9,3,62,0,2018,4,18,5,3,5,3,0,1,1,0,0,0,0,0,7.28346E+20,5.43377E+21,1.21231E+16,4.90145E+16
175496,9,3,62,0,2018,4,1,5,2,0,1,2,1,0,0,0,0,0,0,7.25632E+20,5.43255E+21,1.20853E+16,4.90046E+16
175497,9,3,62,0,2018,4,7,5,3,0,1,0,1,0,0,0,0,0,0,7.25865E+20,5.43414E+21,1.20894E+16,4.90188E+16
175498,9,3,62,0,2018,4,16,5,3,0,1,0,1,0,0,0,0,0,0,7.26777E+20,5.43306E+21,1.21012E+16,4.90087E+16
175499,9,3,73,147,2018,4,10,5,3,5,3,0,1,1,0,0,0,0,0,6.80081E+20,5.46113E+21,1.14759E+16,4.92763E+16
175500,9,1,62,0,2018,4,7,6,3,2,1,0,1,0,0,0,0,0,0,6.89884E+20,5.34261E+21,1.15559E+16,4.82083E+16
175501,9,3,73,147,2018,4,12,5,3,3,2,0,1,0,0,0,1,0,0,6.78679E+20,5.46175E+21,1.14569E+16,4.92824E+16
175502,9,1,62,0,2018,4,7,6,3,4,7,0,1,0,0,0,0,0,0,6.86143E+20,5.33569E+21,1.15026E+16,4.81472E+16
175503,9,1,62,0,2018,4,18,6,3,7,7,0,1,0,0,0,0,0,0,6.89762E+20,5.33646E+21,1.15515E+16,4.8153E+16
175504,9,1,62,0,2018,4,16,6,3,6,4,0,1,0,1,0,0,0,0,6.88501E+20,5.33644E+21,1.15346E+16,4.81533E+16
175505,9,3,61,0,2018,4,16,5,3,2,6,0,0,1,0,1,0,0,0,7.06944E+20,5.48007E+21,1.18546E+16,4.9438E+16
175506,9,1,62,0,2018,4,15,6,3,5,2,0,0,1,0,0,0,1,0,6.90272E+20,5.33616E+21,1.15582E+16,4.81502E+16
175507,9,1,84,127,2018,4,21,6,3,0,7,2,0,0,0,0,0,1,0,7.01571E+20,5.32224E+21,1.17034E+16,4.80216E+16
175508,9,2,76,143,2018,4,11,5,3,9,1,0,0,1,0,0,0,0,0,7.92052E+20,5.43752E+21,1.29951E+16,4.90213E+16
175509,9,2,78,187,2018,4,12,5,2,8,7,0,0,0,0,1,0,0,0,7.80824E+20,5.42909E+21,1.2836E+16,4.89509E+16
175510,9,1,62,0,2018,4,10,6,3,6,7,0,1,0,1,0,0,0,0,6.91623E+20,5.33281E+21,1.15749E+16,4.81197E+16
175511,9,2,75,128,2018,4,20,5,3,9,6,1,0,0,0,1,0,0,0,8.30219E+20,5.40322E+21,1.34879E+16,4.86945E+16
175512,9,1,62,0,2018,4,10,6,3,5,3,0,1,1,0,0,0,0,0,6.90181E+20,5.33408E+21,1.15561E+16,4.81315E+16
175513,9,2,79,113,2018,4,15,5,3,0,7,0,1,0,0,0,0,0,0,7.78475E+20,5.39369E+21,1.278E+16,4.86342E+16
175514,9,1,62,0,2018,4,19,6,3,1,5,0,1,1,0,0,0,0,0,6.91733E+20,5.33537E+21,1.15775E+16,4.81426E+16
175515,9,2,74,120,2018,4,7,5,3,5,3,0,0,1,0,0,0,0,0,7.48589E+20,5.36412E+21,1.23575E+16,4.83812E+16
175516,9,1,62,0,2018,4,15,6,3,6,1,0,1,0,1,0,0,0,0,6.91657E+20,5.33476E+21,1.15762E+16,4.81372E+16
175517,9,2,73,147,2018,4,18,5,3,1,5,0,0,1,0,0,0,0,0,7.04488E+20,5.39114E+21,1.17759E+16,4.86399E+16
175518,9,1,62,0,2018,4,18,6,3,2,6,0,0,1,0,0,0,0,0,6.92142E+20,5.3345E+21,1.15826E+16,4.81348E+16
175519,9,2,61,0,2018,4,7,5,3,0,1,0,0,0,0,1,0,0,0,7.31679E+20,5.38203E+21,1.21394E+16,4.85486E+16
175520,9,7,75,135,2018,4,15,6,3,0,3,0,0,1,0,1,0,0,0,5.74438E+20,5.35885E+21,1.00053E+16,4.83784E+16
175521,9,2,74,182,2018,4,14,5,2,1,5,0,0,0,0,1,0,1,0,7.28562E+20,5.3773E+21,1.20946E+16,4.85072E+16
175522,9,1,73,147,2018,4,7,5,3,0,1,0,1,1,0,0,0,0,0,6.81755E+20,5.30946E+21,1.14325E+16,4.79127E+16
175523,9,7,78,136,2018,4,13,6,2,8,7,0,0,0,0,1,0,0,0,6.00486E+20,5.32024E+21,1.03478E+16,4.80275E+16
175524,9,1,89,155,2018,4,10,5,3,6,4,0,0,1,1,0,0,0,0,7.72506E+20,5.3082E+21,1.26442E+16,4.78693E+16
175525,9,7,64,0,2018,4,8,6,3,5,3,0,1,0,0,1,0,0,0,5.87658E+20,5.31749E+21,1.01752E+16,4.80047E+16
175526,9,1,72,116,2018,4,16,5,3,0,1,0,1,0,0,0,0,0,0,8.00239E+20,5.28424E+21,1.29976E+16,4.76418E+16
175527,9,7,75,129,2018,4,16,6,3,2,6,0,0,1,0,0,0,0,0,5.83133E+20,5.34166E+21,1.01193E+16,4.82227E+16
175528,9,1,72,112,2018,4,6,5,1,6,6,0,0,1,1,0,0,0,0,7.88685E+20,5.30119E+21,1.28554E+16,4.77993E+16
175529,9,1,71,125,2018,4,8,5,3,5,7,0,1,1,0,0,0,0,0,7.75345E+20,5.34966E+21,1.27087E+16,4.82403E+16
175530,9,7,74,171,2018,4,19,6,3,5,3,0,1,1,0,0,0,0,0,6.02098E+20,5.37065E+21,1.03816E+16,4.84806E+16
175531,9,1,63,0,2018,4,15,5,3,1,6,0,0,1,0,0,0,0,0,7.34051E+20,5.30503E+21,1.21291E+16,4.7856E+16
175532,9,1,87,165,2018,4,13,5,3,5,3,0,1,1,0,0,0,0,0,7.33105E+20,5.29791E+21,1.21126E+16,4.77923E+16
175533,9,7,77,151,2018,4,17,6,3,1,7,0,1,1,0,0,0,0,0,6.21849E+20,5.29271E+21,1.06265E+16,4.77762E+16
175534,9,1,61,0,2018,4,18,5,3,8,1,0,0,1,0,0,0,0,0,6.79705E+20,5.40001E+21,1.14437E+16,4.87272E+16
175535,9,7,76,116,2018,4,15,6,3,5,3,0,0,1,0,1,0,0,0,5.54834E+20,5.2663E+21,9.72874E+15,4.75478E+16
175536,9,1,76,137,2018,4,15,5,2,5,3,0,1,1,0,0,0,0,0,6.79064E+20,5.43084E+21,1.14485E+16,4.90045E+16
175537,9,1,81,146,2018,4,19,5,3,1,2,0,1,1,0,0,0,0,0,6.51836E+20,5.32513E+21,1.10379E+16,4.80614E+16
175538,9,7,62,0,2018,4,17,6,3,5,3,0,1,1,0,0,0,0,0,6.22018E+20,5.30441E+21,1.0632E+16,4.78814E+16
175539,9,1,79,123,2018,4,14,5,3,6,4,0,0,1,1,0,0,0,0,6.76834E+20,5.33401E+21,1.13768E+16,4.81347E+16
175540,9,7,72,147,2018,4,10,6,3,3,7,0,1,1,0,0,0,0,0,6.39011E+20,5.36516E+21,1.0879E+16,4.84243E+16
175541,9,7,72,202,2018,4,12,6,3,0,1,0,1,0,0,0,0,0,0,6.34993E+20,5.35831E+21,1.08225E+16,4.83635E+16
175542,9,1,79,123,2018,4,7,5,3,6,4,0,0,1,1,0,0,0,0,6.75894E+20,5.33336E+21,1.1364E+16,4.81292E+16
175543,9,1,74,115,2018,4,9,5,3,2,6,0,0,1,0,0,0,0,0,6.82643E+20,5.34853E+21,1.14611E+16,4.82636E+16