OBJECTID_1,ULAND,UREGBEZ,UKREIS,UGEMEINDE,UJAHR,UMONAT,USTUNDE,UWOCHENTAG,UKATEGORIE,UART,UTYP1,ULICHTVERH,IstRad,IstPKW,IstFuss,IstKrad,IstGkfz,IstSonstig,STRZUSTAND,LINREFX,LINREFY,XGCSWGS84,YGCSWGS84
175730,9,7,80,133,2018,4,14,1,3,0,1,0,0,0,0,1,0,0,0,5.95352E+20,5.25169E+21,1.0264E+16,4.74117E+16
175731,9,7,76,116,2018,4,14,1,2,5,3,0,1,0,0,0,0,0,0,5.492E+20,5.26756E+21,9.65401E+15,4.75596E+16
175732,9,7,61,0,2018,4,16,3,3,0,1,0,1,0,0,0,0,0,0,6.39367E+20,5.35873E+21,1.08817E+16,4.83663E+16
175733,9,7,76,116,2018,4,15,1,3,0,1,0,1,0,0,0,0,0,0,5.50826E+20,5.26745E+21,9.67561E+15,4.75585E+16
175734,9,7,61,0,2018,4,6,3,3,0,7,0,1,0,0,0,0,0,0,6.39262E+20,5.36016E+21,1.08808E+16,4.83793E+16
175735,9,7,61,0,2018,4,7,3,3,5,2,0,1,1,0,0,0,0,0,6.37662E+20,5.36144E+21,1.08596E+16,4.83911E+16
175736,9,7,61,0,2018,4,15,3,3,0,3,0,1,0,0,0,1,0,0,6.41965E+20,5.3607E+21,1.09174E+16,4.83835E+16
175737,9,7,77,169,2018,4,15,1,2,7,6,0,1,0,0,0,0,0,0,6.28921E+20,5.26968E+21,1.0714E+16,4.75677E+16
175738,9,7,77,140,2018,4,17,1,3,5,3,0,1,0,0,0,0,0,0,6.24501E+20,5.31593E+21,1.06685E+16,4.79846E+16
175739,9,7,61,0,2018,4,10,3,2,7,1,0,0,0,0,1,0,0,0,6.44343E+20,5.35846E+21,1.09488E+16,4.83628E+16
175740,9,7,61,0,2018,4,14,1,3,0,1,0,1,0,0,0,0,0,0,6.38165E+20,5.35833E+21,1.08653E+16,4.8363E+16
175741,9,6,73,151,2018,4,7,3,2,0,7,0,1,0,1,0,0,0,0,5.91741E+20,5.58457E+21,1.0291E+16,5.0406E+16
175742,9,7,72,216,2018,4,13,1,3,0,7,0,1,0,0,0,0,0,0,6.2276E+20,5.36863E+21,1.06605E+16,4.84588E+16
175743,9,7,72,202,2018,4,15,1,3,7,7,0,1,0,1,0,0,0,0,6.37396E+20,5.35897E+21,1.08552E+16,4.83689E+16
175744,9,5,62,0,2018,4,6,3,3,3,6,1,0,1,0,0,0,0,0,6.45542E+20,5.4953E+21,1.10139E+16,4.95928E+16
175745,9,7,61,0,2018,4,17,1,3,0,7,0,1,0,0,0,0,0,0,6.39087E+20,5.35581E+21,1.0877E+16,4.83401E+16
175746,9,5,74,112,2018,4,16,3,2,0,2,0,1,1,0,0,0,0,0,6.70676E+20,5.47296E+21,1.13518E+16,4.93854E+16
175747,9,6,63,0,2018,4,17,1,3,0,7,0,1,0,1,0,0,0,0,5.68024E+20,5.51339E+21,9.94466E+15,4.97691E+16
175748,9,5,63,0,2018,4,0,3,3,1,2,2,0,1,0,0,0,1,0,6.44257E+20,5.48069E+21,1.09908E+16,4.94617E+16
175749,9,6,63,0,2018,4,3,1,3,5,7,2,1,1,0,0,0,0,0,5.67067E+20,5.51532E+21,9.9317E+15,4.97866E+16
175750,9,5,73,134,2018,4,17,3,2,5,3,0,1,0,0,0,0,1,0,6.42038E+20,5.47811E+21,1.09593E+16,4.94391E+16
175751,9,5,64,0,2018,4,11,3,3,5,7,0,0,1,0,1,0,0,0,6.53728E+20,5.48301E+21,1.11223E+16,4.94802E+16
175752,9,6,62,0,2018,4,18,1,3,0,7,0,1,0,0,0,0,0,0,5.8818E+20,5.54296E+21,1.02313E+16,5.00324E+16
175753,9,5,64,0,2018,4,14,3,2,8,1,0,0,1,0,0,0,0,0,6.55534E+20,5.47381E+21,1.11436E+16,4.93971E+16
175754,9,5,64,0,2018,4,7,3,2,0,1,0,1,0,0,0,0,0,0,6.48993E+20,5.47469E+21,1.10539E+16,4.94066E+16
175755,9,6,73,117,2018,4,12,1,3,0,1,0,1,0,0,0,0,0,0,5.7017E+20,5.58102E+21,9.98686E+15,5.03771E+16
175756,9,6,61,0,2018,4,1,1,2,6,7,2,0,1,1,0,0,0,0,5.08822E+20,5.53178E+21,9.12295E+15,4.99383E+16
175757,9,5,73,127,2018,4,7,3,3,5,2,0,1,1,0,0,0,0,0,6.46055E+20,5.47519E+21,1.10136E+16,4.94119E+16
175758,9,5,62,0,2018,4,15,1,2,5,3,0,1,1,0,0,0,0,0,6.45546E+20,5.49633E+21,1.10143E+16,4.9602E+16
175759,9,5,76,127,2018,4,19,1,3,0,7,0,1,0,0,0,0,0,0,6.59229E+20,5.45071E+21,1.11853E+16,4.91885E+16
175760,9,5,73,127,2018,4,7,3,2,2,6,0,0,0,0,1,1,0,0,6.458E+20,5.47425E+21,1.10097E+16,4.94035E+16
175761,9,5,75,153,2018,4,11,3,3,1,7,0,0,1,0,0,1,0,0,6.15868E+20,5.49306E+21,1.06028E+16,4.95791E+16
175762,9,5,71,200,2018,4,19,3,3,4,6,0,1,0,0,1,0,0,0,5.95361E+20,5.44202E+21,1.0307E+16,4.91236E+16
175763,9,4,78,165,2018,4,15,3,3,8,1,0,0,0,0,1,0,0,0,6.39884E+20,5.558E+21,1.09583E+16,5.01577E+16
175764,9,4,78,127,2018,4,19,3,3,9,1,1,0,1,0,0,0,0,0,6.55772E+20,5.55651E+21,1.118E+16,5.01404E+16
175765,9,4,78,139,2018,4,7,3,3,5,2,0,0,1,1,0,0,0,0,6.47991E+20,5.55736E+21,1.10715E+16,5.015E+16
175766,9,4,73,158,2018,4,17,3,2,5,3,0,1,1,0,0,0,0,0,6.28405E+20,5.5736E+21,1.0803E+16,5.03005E+16
175767,9,4,74,126,2018,4,16,3,3,5,3,0,0,1,0,1,0,0,0,6.48646E+20,5.50762E+21,1.10615E+16,4.97027E+16
175768,9,4,61,0,2018,4,10,3,3,0,7,0,0,0,0,0,0,1,0,6.36053E+20,5.52894E+21,1.08944E+16,4.98974E+16
175769,9,3,75,174,2018,4,10,3,3,5,3,0,0,1,0,1,0,0,0,7.34038E+20,5.4314E+21,1.21994E+16,4.89911E+16
175770,9,3,62,0,2018,4,12,3,1,8,7,0,0,0,0,1,0,0,0,7.27528E+20,5.43273E+21,1.21113E+16,4.90055E+16
175771,9,5,74,132,2018,4,10,1,3,2,6,0,0,1,0,0,0,0,0,6.76308E+20,5.48743E+21,1.14357E+16,4.95139E+16
175772,9,3,62,0,2018,4,11,3,3,5,3,0,0,1,0,1,0,0,0,7.24568E+20,5.43405E+21,1.20716E+16,4.90184E+16
175773,9,5,63,0,2018,4,19,1,3,0,7,0,1,0,0,0,0,0,0,6.43107E+20,5.48228E+21,1.09755E+16,4.94762E+16
175774,9,5,64,0,2018,4,9,1,3,0,2,0,0,1,0,0,0,1,0,6.52434E+20,5.47836E+21,1.11027E+16,4.94388E+16
175775,9,5,64,0,2018,4,17,1,2,2,6,0,0,1,0,1,0,0,0,6.50125E+20,5.4822E+21,1.10723E+16,4.94738E+16
175776,9,3,62,0,2018,4,8,3,3,0,1,0,1,0,0,0,0,0,0,7.2833E+20,5.43516E+21,1.21236E+16,4.9027E+16
175777,9,5,73,134,2018,4,12,1,3,4,6,0,1,0,0,0,0,0,0,6.42603E+20,5.47835E+21,1.09671E+16,4.94411E+16
175778,9,5,63,0,2018,4,13,1,3,6,3,0,0,1,1,0,0,0,0,6.42672E+20,5.48297E+21,1.09698E+16,4.94826E+16
175779,9,3,73,151,2018,4,13,3,3,6,4,0,0,1,1,0,0,0,0,6.98612E+20,5.44923E+21,1.17245E+16,4.91637E+16
175780,9,2,78,177,2018,4,19,3,3,5,3,0,1,1,0,0,0,0,0,7.54122E+20,5.42272E+21,1.24681E+16,4.89052E+16
175781,9,5,75,168,2018,4,17,1,3,5,7,0,1,1,0,0,0,0,0,5.89085E+20,5.48882E+21,1.02315E+16,4.95454E+16
175782,9,2,71,140,2018,4,7,3,3,1,7,0,0,1,0,1,0,0,0,7.85511E+20,5.4194E+21,1.28931E+16,4.88617E+16
175783,9,4,73,138,2018,4,14,1,3,7,7,0,1,0,0,0,0,1,0,6.35515E+20,5.55714E+21,1.08969E+16,5.0151E+16
175784,9,2,75,116,2018,4,12,3,3,5,3,0,1,1,0,0,0,0,0,8.18891E+20,5.36395E+21,1.33044E+16,4.83481E+16
175785,9,4,77,128,2018,4,13,1,2,2,6,0,0,1,0,1,0,0,0,6.7524E+20,5.55385E+21,1.1451E+16,5.0111E+16
175786,9,2,75,141,2018,4,14,3,3,3,6,0,1,1,0,0,0,0,0,8.18913E+20,5.3698E+21,1.33092E+16,4.84006E+16
175787,9,4,77,128,2018,4,12,1,3,2,6,0,0,0,0,1,0,0,0,6.75617E+20,5.55359E+21,1.14561E+16,5.01086E+16
175788,9,2,74,184,2018,4,15,3,2,2,6,0,0,1,0,1,0,0,0,7.47278E+20,5.37159E+21,1.23443E+16,4.84488E+16
175789,9,4,71,207,2018,4,17,1,3,6,4,0,0,1,1,0,0,0,0,6.2757E+20,5.53167E+21,1.07773E+16,4.99238E+16
175790,9,2,74,145,2018,4,8,3,3,8,6,0,0,0,0,1,0,0,0,7.46097E+20,5.38329E+21,1.23352E+16,4.85544E+16
175791,9,3,63,0,2018,4,17,1,3,4,2,0,0,1,0,0,0,0,0,7.26823E+20,5.5091E+21,1.21451E+16,4.96917E+16
175792,9,2,61,0,2018,4,7,3,3,4,2,0,1,0,0,1,0,0,0,7.32412E+20,5.38136E+21,1.2149E+16,4.85423E+16
175793,9,1,89,140,2018,4,16,3,3,5,3,0,1,1,0,0,0,0,0,7.73433E+20,5.2962E+21,1.2649E+16,4.77611E+16
175794,9,3,75,174,2018,4,13,1,3,5,3,0,0,1,0,0,0,0,0,7.33336E+20,5.43021E+21,1.21891E+16,4.89807E+16
175795,9,1,89,119,2018,4,13,3,3,0,7,0,1,0,0,0,0,0,0,7.65109E+20,5.30512E+21,1.25436E+16,4.78447E+16
175796,9,3,75,213,2018,4,13,1,3,0,1,0,0,0,0,1,0,0,0,7.27605E+20,5.44235E+21,1.21178E+16,4.90919E+16
175797,9,1,72,111,2018,4,16,3,2,3,2,0,1,1,0,0,0,0,0,7.95876E+20,5.30389E+21,1.2953E+16,4.78202E+16
175798,9,3,62,0,2018,4,1,1,3,1,6,2,1,1,0,0,0,0,0,7.24386E+20,5.43433E+21,1.20693E+16,4.9021E+16
175799,9,1,87,157,2018,4,14,3,3,4,1,0,1,1,0,0,0,0,0,7.38406E+20,5.28268E+21,1.21749E+16,4.76535E+16
175800,9,1,82,137,2018,4,19,3,2,0,1,0,1,0,0,0,0,0,0,7.08836E+20,5.30952E+21,1.17946E+16,4.7905E+16
175801,9,3,62,0,2018,4,22,1,3,5,3,2,0,1,0,0,0,0,0,7.29905E+20,5.43293E+21,1.21439E+16,4.90064E+16
175802,9,1,87,150,2018,4,20,3,3,5,7,1,1,1,0,0,0,0,0,7.30368E+20,5.30412E+21,1.20794E+16,4.78491E+16
175803,9,1,76,114,2018,4,11,3,2,0,7,0,1,0,0,0,0,0,0,6.80745E+20,5.43433E+21,1.1473E+16,4.90353E+16
175804,9,3,62,0,2018,4,14,1,3,0,1,0,1,0,0,0,0,0,0,7.29793E+20,5.4309E+21,1.21412E+16,4.89882E+16
175805,9,1,88,113,2018,4,7,3,2,0,7,0,1,0,0,0,0,0,0,6.76243E+20,5.31769E+21,1.13622E+16,4.79882E+16
175806,9,2,75,127,2018,4,16,1,2,0,1,0,1,0,0,0,0,0,0,8.10282E+20,5.40083E+21,1.3216E+16,4.86833E+16
175807,9,1,88,120,2018,4,14,3,3,2,6,0,1,1,0,0,0,0,0,6.76402E+20,5.32747E+21,1.13683E+16,4.80761E+16
175808,9,1,74,113,2018,4,18,3,3,8,1,0,0,0,0,1,0,0,0,6.72841E+20,5.3444E+21,1.13274E+16,4.82292E+16
175809,9,2,75,154,2018,4,12,1,3,0,7,0,1,0,0,0,0,0,0,8.08501E+20,5.39527E+21,1.31877E+16,4.86343E+16
175810,9,1,74,113,2018,4,12,3,3,5,3,0,0,1,0,1,0,0,0,6.77471E+20,5.34685E+21,1.13908E+16,4.825E+16
175811,9,2,75,143,2018,4,11,1,1,0,7,0,0,0,0,0,0,1,0,8.08805E+20,5.36562E+21,1.31699E+16,4.83681E+16
175812,9,2,61,0,2018,4,17,1,3,0,3,0,0,1,0,0,0,1,0,7.30661E+20,5.38201E+21,1.21256E+16,4.85487E+16
175813,9,1,77,134,2018,4,13,3,2,5,3,0,1,1,0,0,0,0,0,7.16095E+20,5.34474E+21,1.19094E+16,4.8219E+16
175814,9,1,77,117,2018,4,13,3,3,5,6,0,1,1,0,0,0,0,0,7.15049E+20,5.3535E+21,1.18998E+16,4.82981E+16
175815,9,2,79,134,2018,4,12,1,3,9,1,0,0,0,0,1,0,0,0,7.607E+20,5.388E+21,1.25357E+16,4.85908E+16
175816,9,1,77,117,2018,4,9,3,3,0,5,0,1,1,0,0,0,0,0,7.15599E+20,5.35442E+21,1.19076E+16,4.83062E+16
175817,9,1,62,0,2018,4,16,2,3,2,6,0,1,1,0,0,0,0,0,6.91151E+20,5.33556E+21,1.15698E+16,4.81445E+16
175818,9,2,79,126,2018,4,15,1,3,0,7,0,1,0,0,0,0,0,0,7.62278E+20,5.38419E+21,1.25546E+16,4.85558E+16
175819,9,1,73,147,2018,4,18,1,2,4,2,0,1,1,0,0,0,0,0,6.81353E+20,5.30811E+21,1.14266E+16,4.79006E+16
175820,9,7,77,147,2018,4,16,1,2,0,7,0,1,0,0,0,0,0,0,6.36829E+20,5.28646E+21,1.08244E+16,4.7717E+16
175821,9,1,62,0,2018,4,17,2,3,5,3,0,0,1,0,1,0,0,0,6.87945E+20,5.32833E+21,1.15235E+16,4.80805E+16
175822,9,1,90,141,2018,4,10,1,2,5,3,0,0,1,0,1,0,0,0,6.78131E+20,5.29186E+21,1.13768E+16,4.77554E+16
175823,9,1,73,126,2018,4,14,1,3,0,7,0,1,0,0,0,0,0,0,6.85611E+20,5.30323E+21,1.14814E+16,4.78556E+16
175824,9,1,73,112,2018,4,11,1,2,0,1,0,1,0,0,0,0,0,0,6.91059E+20,5.29348E+21,1.15499E+16,4.77663E+16
175825,9,1,62,0,2018,4,13,2,3,9,1,0,0,1,0,0,0,0,0,6.92916E+20,5.33569E+21,1.15935E+16,4.81452E+16
175826,9,1,83,148,2018,4,16,1,3,0,7,0,1,0,0,0,0,0,0,7.53452E+20,5.34516E+21,1.24117E+16,4.8209E+16
175827,9,1,72,112,2018,4,10,1,3,8,1,0,1,0,0,0,0,0,0,7.90576E+20,5.29963E+21,1.28795E+16,4.77844E+16
175828,9,1,62,0,2018,4,8,2,3,0,7,0,1,0,0,0,0,0,0,6.91398E+20,5.33448E+21,1.15726E+16,4.81347E+16
175829,9,1,62,0,2018,4,12,2,3,0,1,0,0,0,0,0,0,1,0,6.92521E+20,5.33482E+21,1.15878E+16,4.81375E+16
175830,9,1,87,162,2018,4,12,1,3,6,4,0,0,1,1,0,0,0,0,7.50632E+20,5.30596E+21,1.23509E+16,4.7858E+16
175831,9,1,62,0,2018,4,7,2,3,5,3,0,0,1,0,1,0,0,0,6.87803E+20,5.34363E+21,1.15284E+16,4.8218E+16
175832,9,1,87,148,2018,4,16,1,2,0,1,0,1,0,0,0,0,0,0,7.38313E+20,5.27859E+21,1.21715E+16,4.76169E+16
175833,9,1,87,117,2018,4,12,1,3,0,7,0,1,0,0,0,0,1,0,7.26012E+20,5.30464E+21,1.20215E+16,4.78553E+16
175834,9,1,61,0,2018,4,13,1,3,5,3,0,0,1,0,1,0,0,0,6.79475E+20,5.40374E+21,1.14422E+16,4.87608E+16
175835,9,1,62,0,2018,4,7,2,3,5,3,0,1,1,0,0,0,0,0,6.88363E+20,5.33775E+21,1.15333E+16,4.81651E+16
175836,9,1,76,143,2018,4,14,1,2,9,7,0,0,1,0,0,0,0,0,6.81333E+20,5.40983E+21,1.14701E+16,4.88149E+16
175837,9,1,86,146,2018,4,13,1,3,0,7,0,1,0,0,0,0,0,0,6.82973E+20,5.37036E+21,1.1475E+16,4.84598E+16
175838,9,1,62,0,2018,4,11,2,2,2,7,0,0,1,0,1,1,0,0,6.90274E+20,5.33626E+21,1.15583E+16,4.81511E+16
175839,9,1,62,0,2018,4,15,2,3,0,7,0,0,1,0,0,0,1,0,6.92863E+20,5.33995E+21,1.15948E+16,4.81835E+16
175840,9,1,81,127,2018,4,9,1,3,5,3,0,0,1,0,0,0,0,0,6.35137E+20,5.32679E+21,1.08144E+16,4.80801E+16
175841,9,1,84,148,2018,4,18,2,2,1,1,0,1,1,0,0,0,0,0,6.95629E+20,5.32642E+21,1.16257E+16,4.8061E+16
175842,9,1,84,140,2018,4,18,2,3,3,2,0,1,1,0,0,0,0,0,7.02174E+20,5.32843E+21,1.17144E+16,4.80771E+16
175843,9,1,79,123,2018,4,9,1,3,5,6,0,1,1,0,0,0,0,0,6.76574E+20,5.33327E+21,1.1373E+16,4.81282E+16
175844,9,1,62,0,2018,4,9,2,3,4,2,0,0,1,0,1,0,0,0,6.99997E+20,5.33531E+21,1.16885E+16,4.81395E+16
175845,9,1,74,122,2018,4,17,1,3,3,6,0,1,1,0,0,0,0,0,6.85293E+20,5.35154E+21,1.14981E+16,4.82899E+16
175846,9,1,75,132,2018,4,15,1,3,5,3,0,1,1,0,0,0,0,0,7.0744E+20,5.33092E+21,1.17862E+16,4.80978E+16
175847,9,1,62,0,2018,4,7,2,2,5,2,0,1,1,0,0,0,0,0,6.99624E+20,5.33283E+21,1.16823E+16,4.81174E+16
175848,9,1,78,124,2018,4,20,1,3,0,1,2,1,0,0,0,0,0,0,7.03719E+20,5.36404E+21,1.17523E+16,4.83965E+16
175849,9,1,62,0,2018,4,16,2,3,4,6,0,1,0,0,0,0,0,0,6.90423E+20,5.33016E+21,1.15576E+16,4.80963E+16
175850,9,1,77,117,2018,4,1,1,2,0,1,2,1,0,0,0,0,0,0,7.15186E+20,5.35334E+21,1.19015E+16,4.82966E+16
175851,9,1,62,0,2018,4,20,2,3,6,4,1,0,1,1,0,0,0,0,6.93756E+20,5.33647E+21,1.16052E+16,4.81519E+16
175852,9,1,62,0,2018,4,8,2,3,0,7,0,1,0,0,0,0,0,0,6.92937E+20,5.33467E+21,1.15934E+16,4.8136E+16
175853,9,1,84,122,2018,4,15,7,3,5,3,0,1,1,0,0,0,0,0,6.89439E+20,5.32446E+21,1.15419E+16,4.80453E+16
175854,9,1,62,0,2018,4,10,2,3,3,6,0,1,0,0,0,0,0,0,6.92484E+20,5.33754E+21,1.15886E+16,4.8162E+16
175855,9,1,62,0,2018,4,12,7,3,5,3,0,1,1,0,0,0,0,0,6.83802E+20,5.33783E+21,1.14721E+16,4.81671E+16
175856,9,1,62,0,2018,4,7,2,3,5,2,0,1,1,0,0,0,0,0,6.92339E+20,5.33778E+21,1.15867E+16,4.81642E+16
175857,9,1,62,0,2018,4,18,7,3,3,2,0,1,1,0,0,0,0,0,6.8876E+20,5.33626E+21,1.1538E+16,4.81516E+16
175858,9,7,64,0,2018,4,9,2,3,6,7,0,0,1,1,0,0,0,0,5.86461E+20,5.31471E+21,1.01586E+16,4.79798E+16
175859,9,1,62,0,2018,4,14,7,3,5,3,0,1,1,0,0,0,0,0,6.94309E+20,5.34157E+21,1.16149E+16,4.81976E+16
175860,9,7,76,116,2018,4,6,2,3,5,3,0,1,0,0,1,0,0,0,5.53438E+20,5.2682E+21,9.71042E+15,4.75651E+16
175861,9,1,62,0,2018,4,13,7,3,3,6,0,1,1,0,0,0,0,0,6.80579E+20,5.34058E+21,1.14299E+16,4.81927E+16
175862,9,7,77,129,2018,4,9,2,3,1,6,0,0,1,0,0,0,0,0,6.26517E+20,5.26968E+21,1.06821E+16,4.75682E+16
175863,9,7,79,131,2018,4,16,2,3,5,3,0,0,1,0,0,0,0,1,6.31742E+20,5.39921E+21,1.07916E+16,4.8732E+16
175864,9,1,62,0,2018,4,13,7,3,4,6,0,1,1,0,0,0,0,0,6.90509E+20,5.34026E+21,1.15633E+16,4.8187E+16
175865,9,7,61,0,2018,4,17,2,3,6,4,0,0,1,1,0,0,0,0,6.39383E+20,5.3601E+21,1.08824E+16,4.83787E+16
175866,9,7,61,0,2018,4,16,2,3,5,3,0,1,1,0,0,0,0,0,6.42972E+20,5.36002E+21,1.09308E+16,4.83771E+16
175867,9,1,84,134,2018,4,11,7,3,0,1,0,1,0,0,0,0,0,0,6.93319E+20,5.32169E+21,1.15926E+16,4.80192E+16
175868,9,7,61,0,2018,4,10,2,3,5,3,0,1,1,0,0,0,0,0,6.40559E+20,5.35694E+21,1.08972E+16,4.835E+16
175869,9,1,84,130,2018,4,12,7,3,5,3,0,1,1,0,0,0,0,0,6.98621E+20,5.3442E+21,1.16741E+16,4.82199E+16
175870,9,6,63,0,2018,4,8,2,3,0,1,0,1,0,0,0,0,0,0,5.68217E+20,5.51703E+21,9.94798E+15,4.98019E+16
175871,9,1,62,0,2018,4,13,7,3,1,6,0,0,1,0,1,0,0,0,7.00104E+20,5.33295E+21,1.16888E+16,4.81183E+16
175872,9,6,63,0,2018,4,7,2,2,2,6,0,0,1,0,1,0,0,0,5.68339E+20,5.51513E+21,9.94934E+15,4.97847E+16
175873,9,6,63,0,2018,4,16,2,3,6,7,0,1,0,1,0,0,0,0,5.67173E+20,5.5163E+21,9.93335E+15,4.97954E+16
175874,9,1,62,0,2018,4,10,7,3,5,3,0,1,1,0,0,0,0,0,6.96314E+20,5.33373E+21,1.16383E+16,4.81265E+16
175875,9,6,63,0,2018,4,5,2,2,0,7,1,1,0,0,0,0,0,0,5.71734E+20,5.51705E+21,9.99685E+15,4.98016E+16
175876,9,6,62,0,2018,4,8,2,3,5,3,0,1,1,0,0,0,0,0,5.87995E+20,5.54393E+21,1.02289E+16,5.00411E+16
175877,9,7,75,152,2018,4,10,7,3,1,5,0,0,1,0,1,0,0,0,5.77431E+20,5.35283E+21,1.00446E+16,4.83239E+16
175878,9,6,76,116,2018,4,14,2,3,1,3,0,0,1,0,0,0,0,0,5.20056E+20,5.50712E+21,9.27821E+15,4.97162E+16
175879,9,6,61,0,2018,4,17,2,3,0,7,0,1,0,0,0,0,0,1,5.11216E+20,5.5349E+21,9.15639E+15,4.99664E+16
175880,9,7,78,186,2018,4,10,7,3,0,7,0,0,0,0,1,0,0,0,5.97082E+20,5.31029E+21,1.02999E+16,4.79385E+16
175881,9,7,74,192,2018,4,12,7,3,0,7,0,1,0,0,0,0,0,0,6.01425E+20,5.33867E+21,1.03648E+16,4.81931E+16
175882,9,7,74,121,2018,4,11,7,2,0,1,0,1,0,0,0,0,0,0,6.04304E+20,5.36562E+21,1.04102E+16,4.84351E+16
175883,9,5,72,135,2018,4,17,2,2,3,3,0,1,1,0,0,0,0,0,6.3118E+20,5.50725E+21,1.08193E+16,4.97034E+16
175884,9,7,63,0,2018,4,20,7,3,0,1,0,1,0,0,0,0,0,0,5.98588E+20,5.28587E+21,1.03145E+16,4.77186E+16
175885,9,7,76,122,2018,4,21,7,1,6,1,2,1,0,1,0,0,0,0,5.61669E+20,5.2751E+21,9.8208E+15,4.76263E+16
175886,9,5,62,0,2018,4,12,2,3,5,3,0,1,1,0,0,0,0,1,6.45158E+20,5.49447E+21,1.10083E+16,4.95854E+16
175887,9,5,76,151,2018,4,7,2,2,5,3,0,0,1,0,1,0,0,1,6.55531E+20,5.46866E+21,1.11416E+16,4.93508E+16
175888,9,7,77,141,2018,4,19,7,2,0,7,0,1,0,0,0,0,0,0,6.30641E+20,5.30665E+21,1.0748E+16,4.78999E+16
175889,9,5,74,138,2018,4,22,2,2,9,1,2,0,0,0,1,0,0,0,6.65073E+20,5.48689E+21,1.12804E+16,4.95122E+16
175890,9,7,71,130,2018,4,12,7,3,6,4,0,0,0,0,1,0,1,0,6.44512E+20,5.36332E+21,1.09527E+16,4.84065E+16
175891,9,7,72,170,2018,4,11,7,2,3,6,0,0,1,0,1,0,0,0,6.31928E+20,5.33644E+21,1.07744E+16,4.81675E+16
175892,9,5,74,112,2018,4,9,2,3,0,1,0,1,0,0,0,0,0,0,6.70236E+20,5.4728E+21,1.13456E+16,4.93841E+16
175893,9,7,72,163,2018,4,14,7,3,0,7,0,1,0,0,0,0,0,0,6.39338E+20,5.34928E+21,1.08782E+16,4.82814E+16
175894,9,7,61,0,2018,4,5,7,2,8,6,2,0,1,0,0,0,0,0,6.39272E+20,5.3612E+21,1.08812E+16,4.83886E+16
175895,9,7,61,0,2018,4,16,7,3,0,1,0,1,0,0,0,0,0,0,6.41603E+20,5.35577E+21,1.09109E+16,4.83392E+16
175896,9,5,63,0,2018,4,16,2,3,2,6,0,0,1,0,0,0,0,0,6.40703E+20,5.48311E+21,1.09426E+16,4.94843E+16
175897,9,6,63,0,2018,4,18,7,3,4,2,0,1,0,0,0,0,1,0,5.68136E+20,5.51623E+21,9.94671E+15,4.97947E+16
175898,9,6,79,138,2018,4,19,7,2,0,7,0,1,0,0,0,0,0,0,5.69147E+20,5.50258E+21,9.95833E+15,4.96718E+16
175899,9,5,63,0,2018,4,17,2,3,5,3,0,0,1,0,0,0,0,0,6.44291E+20,5.48132E+21,1.09915E+16,4.94674E+16
175900,9,5,64,0,2018,4,14,2,3,8,1,0,0,0,0,0,1,0,0,6.50005E+20,5.47528E+21,1.1068E+16,4.94117E+16
175901,9,6,74,221,2018,4,16,7,3,6,4,0,1,0,1,0,0,0,0,6.14273E+20,5.54067E+21,1.05948E+16,5.00074E+16
175902,9,5,64,0,2018,4,15,2,3,5,3,0,1,1,0,0,0,0,0,6.48817E+20,5.48049E+21,1.10536E+16,4.94588E+16
175903,9,6,73,146,2018,4,13,7,3,0,1,0,0,0,0,1,0,0,0,5.83887E+20,5.57196E+21,1.01777E+16,5.02938E+16
175904,9,6,78,178,2018,4,14,7,3,2,2,0,0,1,0,1,0,0,0,5.91015E+20,5.54423E+21,1.02711E+16,5.00434E+16
175905,9,5,64,0,2018,4,9,2,2,5,3,0,0,1,0,0,0,0,0,6.48983E+20,5.47436E+21,1.10536E+16,4.94036E+16
175906,9,6,78,168,2018,4,0,7,2,0,7,2,1,0,0,0,0,0,0,5.81781E+20,5.54977E+21,1.01434E+16,5.00945E+16
175907,9,5,64,0,2018,4,8,2,3,0,7,0,0,0,1,0,0,1,0,6.53815E+20,5.4836E+21,1.11237E+16,4.94855E+16
175908,9,6,76,122,2018,4,14,7,3,8,7,0,0,0,0,1,0,0,0,5.10567E+20,5.51705E+21,9.14685E+15,4.98058E+16
175909,9,5,73,127,2018,4,15,2,3,5,3,0,1,1,0,0,0,0,0,6.46011E+20,5.4756E+21,1.10131E+16,4.94155E+16
175910,9,4,63,0,2018,4,16,2,3,2,6,0,0,1,0,1,0,0,0,6.40343E+20,5.56827E+21,1.09686E+16,5.02499E+16
175911,9,6,61,0,2018,4,19,7,3,0,6,0,1,1,0,0,0,0,0,5.09955E+20,5.53639E+21,9.13884E+15,4.99797E+16
175912,9,5,72,133,2018,4,11,7,3,4,6,0,0,1,0,0,0,0,0,6.37955E+20,5.49892E+21,1.09103E+16,4.96271E+16
175913,9,4,72,119,2018,4,14,2,3,0,7,0,0,1,0,0,1,0,0,6.87417E+20,5.53929E+21,1.1614E+16,4.99765E+16
175914,9,4,62,0,2018,4,17,2,3,5,3,0,1,1,0,0,0,0,0,6.84894E+20,5.53483E+21,1.15767E+16,4.99372E+16
175915,9,5,62,0,2018,4,20,7,3,5,3,2,1,1,0,0,0,0,0,6.45749E+20,5.49358E+21,1.10161E+16,4.95772E+16