OBJECTID_1,ULAND,UREGBEZ,UKREIS,UGEMEINDE,UJAHR,UMONAT,USTUNDE,UWOCHENTAG,UKATEGORIE,UART,UTYP1,ULICHTVERH,IstRad,IstPKW,IstFuss,IstKrad,IstGkfz,IstSonstig,STRZUSTAND,LINREFX,LINREFY,XGCSWGS84,YGCSWGS84
176103,9,6,72,113,2018,4,18,6,2,5,2,0,0,1,0,1,0,0,0,5.56053E+20,5.57329E+21,9.78719E+15,5.0309E+16
176104,9,5,64,0,2018,4,11,4,3,5,3,0,0,1,0,0,0,0,0,6.47885E+20,5.4813E+21,1.10411E+16,4.94663E+16
176105,9,6,71,130,2018,4,13,6,3,0,1,0,1,0,0,0,0,0,0,5.14316E+20,5.53915E+21,9.19978E+15,5.00045E+16
176106,9,5,71,145,2018,4,18,4,2,5,3,0,0,1,0,0,0,0,0,6.01401E+20,5.44832E+21,1.03914E+16,4.91793E+16
176107,9,4,64,0,2018,4,17,4,3,4,2,0,1,1,0,0,0,0,0,7.07881E+20,5.57496E+21,1.19185E+16,5.02901E+16
176108,9,5,62,0,2018,4,12,6,3,3,6,0,1,1,0,0,0,0,0,6.45422E+20,5.49586E+21,1.10125E+16,4.95978E+16
176109,9,6,71,155,2018,4,5,5,3,5,3,0,1,1,0,0,0,0,0,5.05974E+20,5.53465E+21,9.08329E+15,4.99641E+16
176110,9,4,78,145,2018,4,16,4,3,8,1,0,1,0,0,0,1,0,0,6.51026E+20,5.55858E+21,1.11144E+16,5.01602E+16
176111,9,5,74,152,2018,4,7,6,3,5,3,0,0,1,0,0,0,0,0,6.63494E+20,5.48456E+21,1.12577E+16,4.94916E+16
176112,9,4,63,0,2018,4,9,4,3,5,3,0,0,1,0,0,0,0,0,6.39246E+20,5.5679E+21,1.0953E+16,5.02469E+16
176113,9,5,74,132,2018,4,13,6,3,6,4,0,1,0,1,0,0,0,0,6.76529E+20,5.4855E+21,1.14379E+16,4.94964E+16
176114,9,5,62,0,2018,4,17,5,3,5,3,0,0,1,0,0,0,1,0,6.46069E+20,5.49464E+21,1.1021E+16,4.95867E+16
176115,9,4,74,134,2018,4,19,4,3,0,7,0,1,0,0,0,0,0,0,6.46522E+20,5.50594E+21,1.10314E+16,4.96881E+16
176116,9,5,63,0,2018,4,12,6,3,6,4,0,0,1,1,0,0,0,0,6.4453E+20,5.48128E+21,1.09948E+16,4.94669E+16
176117,9,4,74,126,2018,4,14,4,2,5,3,0,0,1,0,0,0,0,0,6.49292E+20,5.51081E+21,1.10717E+16,4.97312E+16
176118,9,5,64,0,2018,4,14,6,3,2,6,0,0,1,0,0,0,0,0,6.46197E+20,5.47718E+21,1.10163E+16,4.94297E+16
176119,9,4,74,143,2018,4,17,4,3,5,3,0,0,1,0,0,0,0,0,6.55123E+20,5.51149E+21,1.11528E+16,4.97359E+16
176120,9,4,71,145,2018,4,16,4,3,1,7,0,0,1,0,0,1,0,0,6.42493E+20,5.51882E+21,1.09803E+16,4.98049E+16
176121,9,5,64,0,2018,4,16,6,2,5,2,0,1,1,0,0,0,0,0,6.54388E+20,5.47749E+21,1.11293E+16,4.94305E+16
176122,9,4,71,172,2018,4,18,4,3,2,6,0,1,0,0,0,0,0,0,6.32518E+20,5.5155E+21,1.08406E+16,4.97773E+16
176123,9,5,62,0,2018,4,13,5,3,5,3,0,1,0,0,0,0,1,0,6.47063E+20,5.49483E+21,1.10348E+16,4.95881E+16
176124,9,4,61,0,2018,4,13,4,3,6,7,0,0,1,1,0,0,0,0,6.37545E+20,5.52734E+21,1.09146E+16,4.98827E+16
176125,9,5,64,0,2018,4,11,6,3,1,7,0,0,1,0,1,0,0,0,6.50007E+20,5.47915E+21,1.10695E+16,4.94465E+16
176126,9,5,62,0,2018,4,6,5,3,0,7,0,1,0,0,0,0,0,0,6.45654E+20,5.49585E+21,1.10157E+16,4.95977E+16
176127,9,3,72,126,2018,4,11,4,2,0,7,0,0,0,0,0,1,1,0,7.80515E+20,5.47084E+21,1.28609E+16,4.93258E+16
176128,9,5,64,0,2018,4,19,6,3,4,2,0,0,1,0,0,0,0,0,6.51623E+20,5.48088E+21,1.10925E+16,4.94616E+16
176129,9,3,75,130,2018,4,19,4,3,8,7,0,1,0,0,0,0,0,0,7.34401E+20,5.43561E+21,1.22068E+16,4.90288E+16
176130,9,5,64,0,2018,4,16,6,2,6,3,0,0,1,1,0,0,0,0,6.49746E+20,5.4829E+21,1.10673E+16,4.94803E+16
176131,9,3,75,211,2018,4,18,4,3,0,1,0,0,0,0,1,0,0,0,7.1761E+20,5.44358E+21,1.19817E+16,4.91065E+16
176132,9,3,62,0,2018,4,18,4,3,5,2,0,1,1,0,0,0,0,0,7.27966E+20,5.4317E+21,1.21167E+16,4.89961E+16
176133,9,5,64,0,2018,4,16,6,3,5,3,0,0,1,0,0,0,0,0,6.48919E+20,5.47847E+21,1.10543E+16,4.94407E+16
176134,9,5,62,0,2018,4,17,5,3,0,7,0,1,0,0,0,0,1,0,6.47672E+20,5.49598E+21,1.10436E+16,4.95984E+16
176135,9,3,62,0,2018,4,15,4,3,0,1,0,1,0,0,0,0,0,0,7.27089E+20,5.43358E+21,1.21058E+16,4.90133E+16
176136,9,3,62,0,2018,4,17,4,3,2,6,0,0,1,0,1,0,0,0,7.2935E+20,5.43537E+21,1.21377E+16,4.90285E+16
176137,9,5,64,0,2018,4,15,6,2,7,1,0,1,0,0,0,0,0,0,6.49444E+20,5.47957E+21,1.10619E+16,4.94504E+16
176138,9,3,73,113,2018,4,15,4,3,4,2,0,0,1,0,1,0,0,0,6.77199E+20,5.46707E+21,1.14389E+16,4.93306E+16
176139,9,5,72,142,2018,4,10,5,3,5,3,0,0,1,0,0,0,1,0,6.4386E+20,5.49972E+21,1.09923E+16,4.96329E+16
176140,9,3,61,0,2018,4,8,4,2,5,3,0,1,1,0,0,0,0,0,7.07946E+20,5.48104E+21,1.18689E+16,4.94464E+16
176141,9,4,73,151,2018,4,7,6,3,6,4,0,0,1,1,0,0,0,0,6.51034E+20,5.57775E+21,1.11222E+16,5.03324E+16
176142,9,4,78,165,2018,4,13,6,3,6,2,0,0,1,1,0,0,0,0,6.42845E+20,5.55214E+21,1.09976E+16,5.01043E+16
176143,9,5,74,152,2018,4,18,5,3,5,3,0,1,1,0,0,0,0,0,6.62899E+20,5.48343E+21,1.1249E+16,4.94817E+16
176144,9,4,62,0,2018,4,7,6,3,5,2,0,0,1,0,0,0,0,0,6.84995E+20,5.53641E+21,1.15789E+16,4.99514E+16
176145,9,2,63,0,2018,4,15,4,3,1,6,0,0,1,0,0,0,0,0,7.62322E+20,5.41842E+21,1.2577E+16,4.88632E+16
176146,9,4,74,160,2018,4,9,6,2,5,3,0,0,1,0,0,0,0,0,6.49479E+20,5.50316E+21,1.10713E+16,4.96624E+16
176147,9,4,71,120,2018,4,10,6,2,0,7,0,1,1,0,0,0,0,0,6.2552E+20,5.52077E+21,1.07452E+16,4.98262E+16
176148,9,2,63,0,2018,4,7,4,3,5,3,0,0,1,0,0,0,0,0,7.61504E+20,5.42E+21,1.25669E+16,4.88777E+16
176149,9,2,71,146,2018,4,10,4,2,0,1,0,1,0,0,0,0,0,0,7.82985E+20,5.41053E+21,1.28526E+16,4.87833E+16
176150,9,4,61,0,2018,4,13,6,3,4,2,0,1,1,0,0,0,0,0,6.35985E+20,5.52858E+21,1.08934E+16,4.98941E+16
176151,9,5,64,0,2018,4,15,5,3,2,6,0,0,1,0,0,0,1,0,6.50821E+20,5.47909E+21,1.10807E+16,4.94458E+16
176152,9,2,71,146,2018,4,16,4,2,5,3,0,0,1,0,1,0,0,0,7.85169E+20,5.41291E+21,1.2884E+16,4.88037E+16
176153,9,3,75,174,2018,4,14,6,2,5,3,0,0,1,0,1,0,0,0,7.33576E+20,5.43011E+21,1.21924E+16,4.89796E+16
176154,9,3,62,0,2018,4,9,6,3,5,3,0,1,0,0,0,0,0,0,7.26781E+20,5.4337E+21,1.21016E+16,4.90144E+16
176155,9,5,64,0,2018,4,7,5,3,2,6,0,0,1,0,0,0,0,0,6.51437E+20,5.48055E+21,1.10898E+16,4.94587E+16
176156,9,2,77,116,2018,4,16,4,3,6,4,0,0,1,1,0,0,0,0,7.77553E+20,5.36765E+21,1.27502E+16,4.84008E+16
176157,9,3,76,144,2018,4,7,6,3,5,3,0,0,1,0,1,0,0,0,7.30066E+20,5.48294E+21,1.21747E+16,4.94555E+16
176158,9,3,61,0,2018,4,15,6,2,5,3,0,1,1,0,0,0,0,0,7.07548E+20,5.48034E+21,1.18631E+16,4.94403E+16
176159,9,5,64,0,2018,4,16,5,3,3,2,0,1,1,0,0,0,0,0,6.5334E+20,5.47449E+21,1.11137E+16,4.94038E+16
176160,9,2,71,119,2018,4,18,6,3,2,6,0,0,1,0,0,0,0,0,7.90806E+20,5.41616E+21,1.29628E+16,4.88302E+16
176161,9,2,61,0,2018,4,17,4,3,5,3,0,1,1,0,0,0,0,0,7.35597E+20,5.38238E+21,1.21926E+16,4.85502E+16
176162,9,2,71,119,2018,4,21,6,3,1,1,2,0,1,0,0,0,0,0,7.90163E+20,5.4164E+21,1.29543E+16,4.88327E+16
176163,9,2,79,134,2018,4,15,6,3,6,7,0,0,1,1,0,0,0,0,7.70516E+20,5.38838E+21,1.26688E+16,4.859E+16
176164,9,2,61,0,2018,4,13,4,3,0,1,0,1,0,0,0,0,0,0,7.3371E+20,5.38101E+21,1.21663E+16,4.85386E+16
176165,9,2,73,152,2018,4,18,4,3,0,1,0,1,0,0,0,0,0,0,7.04208E+20,5.4114E+21,1.17822E+16,4.8822E+16
176166,9,1,73,147,2018,4,12,6,3,6,4,0,0,1,1,0,0,0,0,6.81146E+20,5.30973E+21,1.14245E+16,4.79153E+16
176167,9,5,71,226,2018,4,13,5,3,5,7,0,1,1,0,0,0,0,0,6.33067E+20,5.45658E+21,1.08284E+16,4.92475E+16
176168,9,1,71,112,2018,4,10,4,2,0,1,0,1,0,0,0,0,0,0,7.84469E+20,5.34273E+21,1.28267E+16,4.81741E+16
176169,9,1,90,160,2018,4,18,6,2,5,3,0,0,1,0,0,0,0,0,6.44978E+20,5.28482E+21,1.09324E+16,4.77005E+16
176170,9,1,80,124,2018,4,11,6,3,6,4,0,0,0,1,0,1,0,0,6.65573E+20,5.28238E+21,1.12058E+16,4.76736E+16
176171,9,1,71,125,2018,4,22,4,3,5,3,2,0,1,0,0,0,1,0,7.73803E+20,5.35039E+21,1.26885E+16,4.82475E+16
176172,9,1,83,128,2018,4,9,6,3,6,4,0,0,1,1,0,0,1,0,7.61423E+20,5.34982E+21,1.25217E+16,4.82476E+16
176173,9,1,63,0,2018,4,0,4,3,0,1,2,1,0,0,0,0,0,0,7.33975E+20,5.30427E+21,1.21276E+16,4.78491E+16
176174,9,1,72,118,2018,4,18,6,3,5,3,0,0,1,0,0,0,0,0,7.9683E+20,5.30662E+21,1.29676E+16,4.78443E+16
176175,9,1,63,0,2018,4,7,4,3,5,3,0,1,1,0,0,0,0,0,7.31376E+20,5.30409E+21,1.20928E+16,4.78485E+16
176176,9,1,63,0,2018,4,14,4,3,4,2,0,1,1,0,0,0,0,0,7.33911E+20,5.3031E+21,1.21261E+16,4.78387E+16
176177,9,1,71,112,2018,4,6,6,3,2,2,0,0,1,0,1,0,0,0,7.85424E+20,5.34295E+21,1.28396E+16,4.81756E+16
176178,9,1,71,111,2018,4,11,6,3,4,6,0,1,1,0,0,0,0,0,7.73989E+20,5.34766E+21,1.26892E+16,4.8223E+16
176179,9,1,87,145,2018,4,18,4,3,8,1,0,1,0,0,0,0,0,0,7.49688E+20,5.31555E+21,1.23438E+16,4.79445E+16
176180,9,1,87,150,2018,4,8,4,3,0,1,0,1,0,0,0,0,0,0,7.29013E+20,5.30434E+21,1.20614E+16,4.78515E+16
176181,9,1,82,125,2018,4,13,6,3,6,4,0,0,1,1,0,0,0,0,7.1241E+20,5.29678E+21,1.18361E+16,4.77893E+16
176182,9,5,71,216,2018,4,22,5,3,1,5,2,0,1,0,0,0,0,0,6.19914E+20,5.45061E+21,1.0646E+16,4.91966E+16
176183,9,1,61,0,2018,4,6,4,3,8,1,0,1,0,0,0,0,0,0,6.78683E+20,5.40181E+21,1.14306E+16,4.87436E+16
176184,9,1,82,133,2018,4,19,6,3,6,7,0,0,1,1,0,0,0,0,7.04263E+20,5.30605E+21,1.17318E+16,4.78753E+16
176185,9,1,61,0,2018,4,7,4,3,4,6,0,1,0,0,0,0,0,0,6.76574E+20,5.40599E+21,1.14037E+16,4.87818E+16
176186,9,1,82,120,2018,4,11,6,3,0,1,0,1,0,0,0,0,0,0,7.03004E+20,5.30832E+21,1.1716E+16,4.78961E+16
176187,9,1,76,143,2018,4,8,4,3,1,5,0,0,1,0,0,0,1,0,6.8045E+20,5.40917E+21,1.14578E+16,4.88093E+16
176188,9,1,81,130,2018,4,8,4,3,2,5,0,0,1,0,0,1,0,0,6.37136E+20,5.32533E+21,1.08408E+16,4.80665E+16
176189,9,1,87,117,2018,4,8,6,3,5,3,0,1,1,0,0,0,0,0,7.24787E+20,5.30499E+21,1.20054E+16,4.78589E+16
176190,9,1,79,121,2018,4,11,4,3,0,7,0,0,0,0,1,0,0,0,6.68202E+20,5.33809E+21,1.12625E+16,4.81738E+16
176191,9,4,76,145,2018,4,12,5,3,4,3,0,0,1,0,0,0,0,0,6.66493E+20,5.56858E+21,1.13352E+16,5.02459E+16
176192,9,1,79,125,2018,4,17,4,2,0,1,0,1,0,0,0,0,0,0,6.61918E+20,5.33264E+21,1.1176E+16,4.81264E+16
176193,9,1,87,150,2018,4,7,6,3,2,6,0,0,1,0,1,0,0,0,7.30424E+20,5.3041E+21,1.20801E+16,4.78489E+16
176194,9,4,63,0,2018,4,12,5,3,2,6,0,0,1,0,0,0,1,0,6.39351E+20,5.57024E+21,1.09554E+16,5.02678E+16
176195,9,1,61,0,2018,4,22,6,3,0,1,2,0,0,0,1,0,0,0,6.80722E+20,5.40321E+21,1.14589E+16,4.87557E+16
176196,9,1,77,117,2018,4,15,4,3,5,7,0,1,1,0,0,0,0,0,7.15568E+20,5.35422E+21,1.19071E+16,4.83044E+16
176197,9,1,61,0,2018,4,13,6,3,5,3,0,1,0,0,0,0,1,0,6.79218E+20,5.40696E+21,1.14401E+16,4.87898E+16
176198,9,1,78,124,2018,4,7,4,3,2,6,0,0,1,0,0,0,0,0,7.03552E+20,5.36469E+21,1.17503E+16,4.84025E+16
176199,9,1,79,123,2018,4,8,6,3,0,7,0,1,0,0,0,0,0,0,6.75854E+20,5.33428E+21,1.13638E+16,4.81375E+16
176200,9,1,77,115,2018,4,14,4,3,9,6,0,0,1,0,1,0,0,0,7.29646E+20,5.35326E+21,1.20962E+16,4.82908E+16
176201,9,1,74,115,2018,4,14,6,3,0,2,0,1,1,0,0,0,0,0,6.81232E+20,5.34787E+21,1.14418E+16,4.82581E+16
176202,9,1,75,127,2018,4,16,6,3,5,3,0,0,1,0,1,0,0,0,7.12006E+20,5.3415E+21,1.18528E+16,4.81913E+16
176203,9,1,62,0,2018,4,18,3,3,2,6,0,0,0,0,1,1,0,0,6.92323E+20,5.33425E+21,1.15849E+16,4.81324E+16
176204,9,1,62,0,2018,4,17,3,3,5,3,0,1,1,0,0,0,0,0,6.92147E+20,5.33794E+21,1.15842E+16,4.81656E+16
176205,9,1,78,124,2018,4,11,6,3,0,1,0,0,1,0,0,0,0,0,7.04542E+20,5.36443E+21,1.17636E+16,4.83998E+16
176206,9,1,62,0,2018,4,15,3,3,0,7,0,0,0,0,1,0,0,0,6.92236E+20,5.33553E+21,1.15843E+16,4.81439E+16
176207,9,1,62,0,2018,4,11,3,3,2,6,0,0,1,0,0,0,1,0,6.87303E+20,5.33437E+21,1.15176E+16,4.8135E+16
176208,9,1,78,124,2018,4,13,6,3,2,1,0,0,1,0,1,0,0,0,7.02852E+20,5.36475E+21,1.17409E+16,4.84032E+16
176209,9,1,77,117,2018,4,15,6,3,0,3,0,1,1,0,0,0,0,0,7.15077E+20,5.35113E+21,1.18989E+16,4.82768E+16
176210,9,1,62,0,2018,4,17,5,3,5,2,0,0,1,0,1,0,0,0,6.87449E+20,5.33606E+21,1.15203E+16,4.81502E+16
176211,9,1,62,0,2018,4,15,3,3,0,7,0,0,0,0,0,0,1,0,6.85603E+20,5.32818E+21,1.14921E+16,4.80799E+16
176212,9,1,62,0,2018,4,6,5,2,5,3,0,0,1,0,1,0,0,1,6.87528E+20,5.33198E+21,1.15195E+16,4.81134E+16
176213,9,1,62,0,2018,4,14,5,3,5,2,0,1,1,0,0,0,0,0,6.86223E+20,5.33485E+21,1.15033E+16,4.81397E+16
176214,9,1,62,0,2018,4,7,3,3,5,3,0,1,1,0,0,0,0,0,6.86281E+20,5.33125E+21,1.15025E+16,4.81073E+16
176215,9,1,84,120,2018,4,9,3,3,0,2,0,0,1,0,1,0,0,0,6.82252E+20,5.3326E+21,1.1449E+16,4.81205E+16
176216,9,1,62,0,2018,4,8,5,3,5,3,0,0,1,0,0,0,0,1,6.86397E+20,5.3323E+21,1.15045E+16,4.81166E+16
176217,9,1,62,0,2018,4,8,5,2,5,3,0,1,1,0,0,0,0,0,6.86033E+20,5.3362E+21,1.15013E+16,4.81518E+16
176218,9,1,62,0,2018,4,16,3,2,4,2,0,0,1,0,1,0,0,0,6.9351E+20,5.33286E+21,1.16002E+16,4.81196E+16
176219,9,1,62,0,2018,4,19,3,3,5,3,0,1,1,0,0,0,0,0,6.88634E+20,5.33355E+21,1.15351E+16,4.81272E+16
176220,9,1,62,0,2018,4,7,5,3,5,3,0,1,1,0,0,0,0,0,6.90426E+20,5.34251E+21,1.15632E+16,4.82072E+16
176221,9,1,62,0,2018,4,6,3,2,4,2,0,0,1,0,0,0,0,0,6.81239E+20,5.3381E+21,1.14377E+16,4.81703E+16
176222,9,1,62,0,2018,4,8,5,3,3,5,0,1,1,0,0,0,0,0,6.97287E+20,5.32994E+21,1.16496E+16,4.80922E+16
176223,9,1,62,0,2018,4,17,5,3,4,2,0,1,1,0,0,0,0,0,6.85239E+20,5.33373E+21,1.14896E+16,4.81299E+16
176224,9,1,62,0,2018,4,13,5,3,5,3,0,1,1,0,0,0,0,0,6.91105E+20,5.33173E+21,1.15674E+16,4.81101E+16
176225,9,1,62,0,2018,4,16,3,3,6,4,0,0,1,1,0,0,0,0,6.83095E+20,5.34085E+21,1.14639E+16,4.81945E+16
176226,9,1,62,0,2018,4,18,5,3,1,1,0,0,1,0,0,1,0,0,6.92602E+20,5.3313E+21,1.15873E+16,4.81058E+16
176227,9,1,62,0,2018,4,20,5,3,3,6,2,1,1,0,0,0,0,0,6.89069E+20,5.33269E+21,1.15405E+16,4.81193E+16
176228,9,1,62,0,2018,4,10,3,3,5,3,0,0,1,0,0,0,0,0,6.9448E+20,5.33419E+21,1.16139E+16,4.81312E+16
176229,9,1,62,0,2018,4,19,3,2,3,2,0,1,1,0,0,0,0,0,6.91921E+20,5.33388E+21,1.15794E+16,4.81292E+16
176230,9,7,75,135,2018,4,18,5,3,1,7,0,1,1,0,0,0,0,0,5.74244E+20,5.36076E+21,1.0003E+16,4.83956E+16
176231,9,1,62,0,2018,4,5,3,3,5,3,2,1,1,0,0,0,0,1,6.91001E+20,5.33322E+21,1.15667E+16,4.81235E+16
176232,9,7,78,116,2018,4,9,5,2,0,7,0,1,0,0,0,0,0,0,6.196E+20,5.31844E+21,1.06036E+16,4.8008E+16
176233,9,1,84,119,2018,4,18,3,3,5,3,0,1,1,0,0,0,0,0,6.9677E+20,5.34777E+21,1.16509E+16,4.82526E+16
176234,9,1,62,0,2018,4,10,3,3,5,3,0,0,0,0,0,0,1,0,6.84836E+20,5.33969E+21,1.14868E+16,4.81835E+16
176235,9,7,63,0,2018,4,11,5,3,0,3,0,1,1,0,0,0,0,1,5.98676E+20,5.28698E+21,1.03159E+16,4.77287E+16
176236,9,7,76,125,2018,4,9,5,3,0,1,0,1,0,0,0,0,0,1,5.64827E+20,5.27106E+21,9.86224E+15,4.75897E+16
176237,9,1,62,0,2018,4,13,3,3,0,7,0,0,1,0,0,0,0,0,6.98794E+20,5.33492E+21,1.16721E+16,4.81365E+16
176238,9,1,62,0,2018,4,7,3,2,5,3,0,1,1,0,0,0,0,0,6.98864E+20,5.33191E+21,1.16717E+16,4.81094E+16
176239,9,7,73,125,2018,4,8,5,3,4,3,0,0,1,0,0,0,0,0,6.11899E+20,5.38258E+21,1.05174E+16,4.85863E+16
176240,9,1,62,0,2018,4,19,3,3,6,7,2,1,0,1,0,0,0,0,6.9366E+20,5.33617E+21,1.16038E+16,4.81493E+16
176241,9,1,62,0,2018,4,8,3,3,6,6,0,1,0,1,0,0,0,0,6.93001E+20,5.33384E+21,1.15938E+16,4.81285E+16
176242,9,4,62,0,2018,4,15,5,3,4,2,0,1,1,0,0,0,0,0,6.8435E+20,5.53569E+21,1.15695E+16,4.99451E+16
176243,9,1,62,0,2018,5,12,3,3,5,3,0,0,1,0,0,0,0,0,6.91422E+20,5.33904E+21,1.1575E+16,4.81757E+16
176244,9,1,89,118,2018,4,17,2,3,8,1,0,1,0,0,0,0,0,0,7.85867E+20,5.32307E+21,1.28323E+16,4.7997E+16
176245,9,1,81,128,2018,4,12,7,3,1,7,0,0,1,0,1,0,0,0,6.38027E+20,5.3275E+21,1.08534E+16,4.80858E+16
176246,9,1,61,0,2018,5,16,3,3,1,7,0,1,1,0,0,0,0,0,6.77274E+20,5.39779E+21,1.14097E+16,4.87079E+16
176247,9,1,74,118,2018,4,17,7,2,0,1,0,1,0,0,0,0,0,0,6.68388E+20,5.35587E+21,1.12721E+16,4.83336E+16
176248,9,1,61,0,2018,4,11,7,3,6,4,0,0,1,1,0,0,0,0,6.78781E+20,5.40183E+21,1.14319E+16,4.87438E+16
176249,9,1,71,112,2018,4,14,2,3,0,1,0,1,0,0,0,0,0,0,7.85505E+20,5.34221E+21,1.28402E+16,4.81689E+16
176250,9,1,63,0,2018,4,19,2,3,0,5,0,0,0,0,1,0,0,0,7.34011E+20,5.30619E+21,1.21292E+16,4.78664E+16
176251,9,7,73,125,2018,5,18,3,3,0,1,0,0,0,0,1,0,0,0,6.0964E+20,5.38196E+21,1.04866E+16,4.85811E+16
176252,9,1,87,128,2018,4,17,2,3,0,1,0,1,0,0,0,0,0,0,7.45985E+20,5.31172E+21,1.22921E+16,4.79116E+16
176253,9,1,82,125,2018,4,16,2,3,5,3,0,0,1,0,1,0,0,0,7.1257E+20,5.29723E+21,1.18384E+16,4.77933E+16
176254,9,1,62,0,2018,4,12,2,3,2,6,0,0,1,0,0,0,0,0,6.90821E+20,5.33421E+21,1.15647E+16,4.81325E+16
176255,9,1,86,158,2018,4,15,2,3,5,3,0,0,1,0,0,0,0,0,6.93419E+20,5.40481E+21,1.16322E+16,4.87662E+16
176256,9,1,79,119,2018,5,18,3,3,0,1,0,1,0,0,0,0,0,0,6.69096E+20,5.33925E+21,1.1275E+16,4.8184E+16
176257,9,1,81,130,2018,4,13,2,3,2,6,0,0,1,0,1,0,0,0,6.4031E+20,5.32357E+21,1.08828E+16,4.805E+16
176258,9,1,74,115,2018,4,12,2,3,5,7,0,0,1,0,0,0,0,0,6.8357E+20,5.34824E+21,1.14734E+16,4.82608E+16
176259,9,6,75,141,2018,4,14,2,3,5,3,0,1,0,0,0,0,1,0,5.82801E+20,5.51033E+21,1.01492E+16,4.97398E+16
176260,9,5,64,0,2018,4,17,2,3,2,6,0,1,1,0,0,0,0,0,6.50929E+20,5.4785E+21,1.1082E+16,4.94404E+16
176261,9,1,75,132,2018,4,19,2,3,5,3,0,0,1,0,0,0,0,0,7.07087E+20,5.33165E+21,1.17819E+16,4.81044E+16
176262,9,7,61,0,2018,5,20,3,3,5,3,1,0,1,0,0,0,0,0,6.38959E+20,5.36059E+21,1.08768E+16,4.83832E+16
176263,9,1,78,124,2018,4,13,2,3,1,5,0,0,1,0,0,0,0,0,7.02921E+20,5.36531E+21,1.17421E+16,4.84083E+16
176264,9,1,77,117,2018,4,16,2,3,6,4,0,0,1,1,0,0,0,0,7.15782E+20,5.35487E+21,1.19103E+16,4.83101E+16
176265,9,1,62,0,2018,4,12,2,3,6,4,0,1,0,1,0,0,0,0,6.86582E+20,5.33264E+21,1.15071E+16,4.81197E+16
176266,9,1,62,0,2018,4,17,1,3,5,3,0,0,1,0,0,0,0,0,6.8856E+20,5.34333E+21,1.15384E+16,4.82152E+16
176267,9,1,62,0,2018,4,16,1,3,5,3,0,1,1,0,0,0,0,0,6.88828E+20,5.34249E+21,1.15417E+16,4.82075E+16
176268,9,4,74,133,2018,5,19,3,3,0,1,0,1,0,0,0,0,0,0,6.40978E+20,5.51201E+21,1.09568E+16,4.9744E+16
176269,9,1,62,0,2018,4,19,1,3,5,2,0,0,1,0,0,0,1,0,6.88696E+20,5.33785E+21,1.15378E+16,4.81659E+16
176270,9,5,64,0,2018,5,13,3,3,5,3,0,1,1,0,0,0,0,0,6.52257E+20,5.48093E+21,1.11012E+16,4.94619E+16
176271,9,1,62,0,2018,4,14,1,3,1,3,0,1,1,0,0,0,0,0,6.93701E+20,5.33227E+21,1.16025E+16,4.81142E+16
176272,9,1,62,0,2018,4,16,1,3,5,3,0,1,1,0,0,0,0,0,6.99262E+20,5.33296E+21,1.16775E+16,4.81187E+16
176273,9,1,62,0,2018,4,20,2,3,4,2,2,0,1,0,1,0,0,1,6.90149E+20,5.33474E+21,1.1556E+16,4.81375E+16
176274,9,1,62,0,2018,4,9,1,3,5,2,0,1,1,0,0,0,0,0,6.98596E+20,5.33149E+21,1.16679E+16,4.81056E+16
176275,9,1,78,124,2018,5,17,4,3,2,6,0,0,1,0,0,0,0,0,7.03808E+20,5.36431E+21,1.17536E+16,4.8399E+16
176276,9,1,62,0,2018,4,19,1,3,5,2,0,1,1,0,0,0,0,0,6.92278E+20,5.3419E+21,1.15878E+16,4.82012E+16
176277,9,1,62,0,2018,4,22,1,3,1,6,2,0,1,0,0,0,0,0,6.90752E+20,5.3403E+21,1.15665E+16,4.81873E+16
176278,9,2,75,138,2018,5,3,3,2,8,1,2,0,1,0,0,0,0,0,8.11577E+20,5.38972E+21,1.32252E+16,4.8583E+16
176279,9,1,77,119,2018,4,15,7,3,5,6,0,1,1,0,0,0,0,0,7.2077E+20,5.34148E+21,1.19705E+16,4.81882E+16
176280,9,1,63,0,2018,4,12,7,3,0,3,0,0,1,0,0,0,1,0,7.33327E+20,5.30527E+21,1.21195E+16,4.78584E+16
176281,9,1,76,112,2018,4,13,7,3,2,6,0,0,0,0,1,0,0,0,6.98064E+20,5.4202E+21,1.17028E+16,4.89031E+16
176282,9,1,84,112,2018,4,15,1,2,8,7,0,1,0,0,0,0,0,0,7.02392E+20,5.3402E+21,1.17229E+16,4.81827E+16
176283,9,7,62,0,2018,4,11,2,3,5,3,0,0,1,0,0,0,1,0,6.21384E+20,5.30541E+21,1.06238E+16,4.78905E+16
176284,9,1,62,0,2018,4,17,1,3,3,7,0,0,1,0,0,0,0,0,6.9992E+20,5.33543E+21,1.16875E+16,4.81407E+16
176285,9,1,62,0,2018,4,23,1,2,0,4,2,0,0,1,0,0,1,0,6.90328E+20,5.33495E+21,1.15585E+16,4.81393E+16
176286,9,5,64,0,2018,4,11,2,3,5,3,0,1,1,0,0,0,0,0,6.50095E+20,5.48107E+21,1.10715E+16,4.94638E+16
176287,9,1,84,120,2018,5,13,3,3,0,6,0,1,0,1,0,0,0,0,6.81072E+20,5.33218E+21,1.1433E+16,4.81171E+16
176288,9,1,62,0,2018,4,14,1,2,1,6,0,0,1,0,0,0,0,0,6.91273E+20,5.33895E+21,1.15729E+16,4.8175E+16
176289,9,7,74,155,2018,4,16,1,3,0,1,0,1,0,0,0,0,0,0,5.91834E+20,5.36599E+21,1.02417E+16,4.84403E+16