OBJECTID_1,ULAND,UREGBEZ,UKREIS,UGEMEINDE,UJAHR,UMONAT,USTUNDE,UWOCHENTAG,UKATEGORIE,UART,UTYP1,ULICHTVERH,IstRad,IstPKW,IstFuss,IstKrad,IstGkfz,IstSonstig,STRZUSTAND,LINREFX,LINREFY,XGCSWGS84,YGCSWGS84
176290,9,1,79,113,2018,5,15,3,3,0,7,0,1,0,0,0,0,0,0,6.70963E+20,5.33584E+21,1.12987E+16,4.81528E+16
176291,9,7,74,143,2018,4,14,1,3,0,1,0,1,0,0,0,0,0,0,5.96616E+20,5.35854E+21,1.03046E+16,4.83727E+16
176292,9,7,63,0,2018,4,14,1,3,0,5,0,0,1,0,0,0,0,0,5.98117E+20,5.28633E+21,1.03083E+16,4.77229E+16
176293,9,6,76,122,2018,4,18,2,3,6,7,0,1,0,1,0,0,0,0,5.11514E+20,5.51667E+21,9.16E+15,4.98024E+16
176294,9,5,64,0,2018,4,15,2,3,6,2,0,0,1,1,0,0,0,0,6.46813E+20,5.48171E+21,1.10264E+16,4.94702E+16
176295,9,7,80,121,2018,4,18,1,3,9,7,0,1,0,0,0,0,1,0,5.96057E+20,5.25491E+21,1.0274E+16,4.74406E+16
176296,9,7,72,134,2018,5,2,3,3,8,1,2,1,0,0,0,0,0,0,6.33417E+20,5.38461E+21,1.08097E+16,4.86004E+16
176297,9,7,76,116,2018,4,13,1,3,8,1,0,1,0,0,0,0,0,0,5.50804E+20,5.26746E+21,9.67532E+15,4.75585E+16
176298,9,7,79,201,2018,4,15,1,3,0,1,0,1,0,0,0,0,0,0,6.41201E+20,5.39458E+21,1.09186E+16,4.86883E+16
176299,9,7,71,114,2018,4,6,2,3,5,3,0,0,1,0,0,0,0,0,6.46739E+20,5.37189E+21,1.09858E+16,4.8483E+16
176300,9,1,63,0,2018,4,13,7,3,2,6,0,0,1,0,1,0,0,0,7.3373E+20,5.30367E+21,1.2124E+16,4.78439E+16
176301,9,7,78,121,2018,5,14,3,3,0,7,0,0,0,0,0,0,1,0,6.01365E+20,5.32794E+21,1.03614E+16,4.80966E+16
176302,9,7,72,211,2018,4,20,1,3,9,1,1,0,0,0,1,0,0,0,6.21199E+20,5.35306E+21,1.06349E+16,4.83191E+16
176303,9,7,72,163,2018,4,15,1,3,0,1,0,1,0,0,0,0,0,0,6.39706E+20,5.34743E+21,1.08825E+16,4.82647E+16
176304,9,1,77,117,2018,5,16,3,3,0,1,0,1,0,0,0,0,0,0,7.15726E+20,5.35321E+21,1.19087E+16,4.82952E+16
176305,9,7,61,0,2018,4,14,1,2,0,7,0,1,0,0,0,0,0,0,6.3963E+20,5.36171E+21,1.08862E+16,4.83931E+16
176306,9,7,61,0,2018,4,1,1,3,0,1,2,0,1,0,0,0,0,0,6.37946E+20,5.35329E+21,1.08608E+16,4.83178E+16
176307,9,5,74,132,2018,4,15,2,3,5,3,0,1,1,0,0,0,0,0,6.76124E+20,5.48699E+21,1.1433E+16,4.951E+16
176308,9,6,75,174,2018,4,6,1,3,0,7,0,1,1,0,0,0,0,0,5.88692E+20,5.52409E+21,1.02341E+16,4.98627E+16
176309,9,6,78,186,2018,5,17,3,3,0,3,0,0,0,0,0,0,1,0,5.96379E+20,5.55504E+21,1.03487E+16,5.01397E+16
176310,9,6,77,114,2018,4,11,1,3,5,3,0,1,1,0,0,0,0,0,5.67056E+20,5.53605E+21,9.93514E+15,4.9973E+16
176311,9,6,78,123,2018,4,1,1,2,7,7,2,1,0,0,0,0,0,0,5.86359E+20,5.54724E+21,1.02068E+16,5.00712E+16
176312,9,1,62,0,2018,4,18,2,3,1,5,0,1,1,0,0,0,0,0,6.96752E+20,5.33161E+21,1.16432E+16,4.81073E+16
176313,9,6,62,0,2018,4,10,1,3,5,3,0,0,1,0,0,0,0,0,5.86392E+20,5.54382E+21,1.02065E+16,5.00404E+16
176314,9,6,76,121,2018,4,4,1,3,1,5,2,0,1,0,0,0,1,1,5.1139E+20,5.52062E+21,9.15839E+15,4.98379E+16
176315,9,1,62,0,2018,4,12,2,3,5,3,0,1,1,0,0,0,0,0,6.93394E+20,5.33282E+21,1.15987E+16,4.81192E+16
176316,9,6,76,151,2018,4,18,1,3,1,7,0,0,1,0,1,0,0,0,5.17851E+20,5.51314E+21,9.24791E+15,4.97705E+16
176317,9,6,76,122,2018,4,13,1,3,5,3,0,0,1,0,0,0,0,0,5.1199E+20,5.51773E+21,9.16665E+15,4.98119E+16
176318,9,4,75,120,2018,5,13,3,3,0,1,0,1,0,0,0,0,0,0,7.10236E+20,5.5743E+21,1.19511E+16,5.02834E+16
176319,9,5,72,130,2018,4,16,1,2,0,1,0,0,0,0,1,0,0,0,6.39906E+20,5.50629E+21,1.09399E+16,4.96928E+16
176320,9,5,72,143,2018,4,13,1,3,0,1,0,0,0,0,1,0,0,0,6.26171E+20,5.5124E+21,1.07515E+16,4.97509E+16
176321,9,7,64,0,2018,4,16,2,3,2,6,0,0,1,0,0,0,0,0,5.86421E+20,5.31701E+21,1.01586E+16,4.80006E+16
176322,9,5,71,166,2018,4,7,2,2,9,1,0,0,0,0,1,0,0,0,6.11842E+20,5.45275E+21,1.05358E+16,4.92173E+16
176323,9,7,71,156,2018,4,18,2,2,5,7,0,0,1,0,1,0,0,0,6.50527E+20,5.3835E+21,1.10412E+16,4.85865E+16
176324,9,5,62,0,2018,4,20,1,3,0,7,0,1,0,0,0,0,0,0,6.43067E+20,5.49594E+21,1.09799E+16,4.95991E+16
176325,9,5,76,128,2018,4,18,1,3,5,3,0,0,1,0,1,0,0,0,6.43648E+20,5.46381E+21,1.09763E+16,4.93101E+16
176326,9,1,77,115,2018,5,13,4,3,5,5,0,1,1,0,0,0,0,0,7.33677E+20,5.35149E+21,1.21495E+16,4.82734E+16
176327,9,5,63,0,2018,4,3,1,3,5,3,2,0,1,0,0,0,0,0,6.41631E+20,5.48281E+21,1.09553E+16,4.94814E+16
176328,9,5,64,0,2018,4,21,1,3,0,1,2,1,0,0,0,0,0,0,6.50348E+20,5.48E+21,1.10745E+16,4.94541E+16
176329,9,5,64,0,2018,4,2,1,3,2,6,2,0,1,0,1,0,0,0,6.51316E+20,5.47927E+21,1.10876E+16,4.94473E+16
176330,9,3,63,0,2018,5,13,3,3,1,5,0,0,1,0,0,1,0,0,7.27304E+20,5.50674E+21,1.21504E+16,4.96703E+16
176331,9,5,64,0,2018,4,12,1,3,0,1,0,1,0,0,0,0,0,0,6.45771E+20,5.47669E+21,1.10102E+16,4.94254E+16
176332,9,5,64,0,2018,4,10,1,2,0,7,0,1,0,0,0,0,0,0,6.50398E+20,5.47946E+21,1.1075E+16,4.94491E+16
176333,9,7,61,0,2018,4,16,2,2,5,3,0,1,1,0,0,0,0,0,6.41788E+20,5.36204E+21,1.09155E+16,4.83955E+16
176334,9,4,77,128,2018,4,16,2,2,8,1,0,0,0,0,1,0,0,0,6.76497E+20,5.55794E+21,1.14704E+16,5.01473E+16
176335,9,5,64,0,2018,4,13,1,3,5,3,0,0,1,0,1,0,0,0,6.50462E+20,5.47769E+21,1.10752E+16,4.94332E+16
176336,9,5,77,148,2018,4,22,1,3,7,7,2,0,0,0,0,0,1,0,6.39466E+20,5.42012E+21,1.09037E+16,4.89183E+16
176337,9,5,64,0,2018,4,20,2,3,1,7,2,1,1,0,0,0,1,0,6.50952E+20,5.47772E+21,1.1082E+16,4.94334E+16
176338,9,1,62,0,2018,5,9,3,3,5,7,0,0,1,0,0,0,0,0,6.80541E+20,5.33571E+21,1.14273E+16,4.8149E+16
176339,9,5,77,136,2018,4,16,1,3,0,7,0,0,1,1,0,0,0,0,6.2788E+20,5.44177E+21,1.07525E+16,4.91154E+16
176340,9,4,78,139,2018,4,11,1,3,0,1,0,1,0,0,0,0,0,0,6.46202E+20,5.55549E+21,1.10458E+16,5.01336E+16
176341,9,1,79,114,2018,5,17,3,3,4,6,0,1,1,0,0,0,0,0,6.53424E+20,5.3449E+21,1.10664E+16,4.82388E+16
176342,9,4,63,0,2018,4,20,1,3,0,7,0,0,1,0,1,0,0,0,6.40127E+20,5.56911E+21,1.09658E+16,5.02575E+16
176343,9,4,77,128,2018,4,5,2,3,5,3,0,0,1,0,1,0,0,0,6.75578E+20,5.55371E+21,1.14556E+16,5.01097E+16
176344,9,4,73,165,2018,4,16,1,3,5,3,0,0,1,0,0,0,1,0,6.31312E+20,5.56162E+21,1.08397E+16,5.01922E+16
176345,9,4,74,126,2018,4,0,1,3,0,7,2,0,1,0,0,0,0,0,6.48487E+20,5.50954E+21,1.106E+16,4.972E+16
176346,9,1,63,0,2018,5,18,3,3,3,2,0,1,1,0,0,0,0,0,7.33176E+20,5.30457E+21,1.21171E+16,4.78521E+16
176347,9,4,61,0,2018,4,3,1,3,0,7,2,1,0,0,0,0,0,1,6.35828E+20,5.52835E+21,1.08911E+16,4.98921E+16
176348,9,3,75,174,2018,4,18,1,3,1,1,0,1,1,0,0,0,0,0,7.33286E+20,5.43219E+21,1.21896E+16,4.89985E+16
176349,9,4,61,0,2018,4,16,2,3,5,7,0,0,1,0,0,0,1,0,6.36881E+20,5.53038E+21,1.09065E+16,4.99101E+16
176350,9,3,62,0,2018,4,12,1,3,0,1,0,0,0,0,1,0,0,0,7.25898E+20,5.43429E+21,1.20899E+16,4.90201E+16
176351,9,1,88,113,2018,4,12,7,3,0,7,0,1,0,0,0,0,1,0,6.74578E+20,5.3123E+21,1.13377E+16,4.79402E+16
176352,9,7,79,194,2018,5,10,3,3,0,7,0,1,0,0,0,0,0,0,6.07634E+20,5.41275E+21,1.04674E+16,4.88583E+16
176353,9,3,73,151,2018,4,2,1,3,9,1,2,0,1,0,0,0,0,0,6.95301E+20,5.4496E+21,1.16793E+16,4.91681E+16
176354,9,3,73,147,2018,4,11,1,3,0,7,0,0,0,0,0,0,1,0,6.78399E+20,5.4612E+21,1.14528E+16,4.92775E+16
176355,9,1,62,0,2018,4,8,2,3,0,7,0,1,0,0,0,0,0,1,6.90452E+20,5.33611E+21,1.15606E+16,4.81497E+16
176356,9,3,72,138,2018,4,11,1,2,0,1,0,0,0,0,1,0,0,0,7.93984E+20,5.45437E+21,1.30337E+16,4.91716E+16
176357,9,3,77,154,2018,4,22,2,2,6,4,2,0,1,1,0,0,0,0,7.39749E+20,5.53042E+21,1.23372E+16,4.98781E+16
176358,9,3,72,137,2018,4,19,1,3,0,6,1,0,0,0,1,0,0,0,7.80691E+20,5.45634E+21,1.28531E+16,4.91955E+16
176359,9,3,74,149,2018,4,17,2,2,0,1,0,0,0,0,1,0,0,0,7.14669E+20,5.51427E+21,1.19797E+16,4.97425E+16
176360,9,3,74,124,2018,4,17,1,2,8,1,0,0,1,0,0,0,0,0,7.05441E+20,5.50256E+21,1.18456E+16,4.96406E+16
176361,9,2,71,111,2018,4,12,1,3,5,3,0,0,1,0,0,0,0,0,7.86596E+20,5.40536E+21,1.28981E+16,4.87352E+16
176362,9,7,72,163,2018,5,15,3,3,9,1,0,0,1,0,0,0,0,0,6.39572E+20,5.34835E+21,1.0881E+16,4.82729E+16
176363,9,2,71,127,2018,4,16,1,3,4,1,0,0,0,0,1,0,0,0,8.06834E+20,5.40608E+21,1.31732E+16,4.87321E+16
176364,9,2,75,116,2018,4,10,1,2,0,1,0,1,0,0,0,0,0,0,8.19434E+20,5.36438E+21,1.33121E+16,4.83517E+16
176365,9,1,62,0,2018,4,9,2,3,5,7,0,1,1,0,0,0,0,0,6.84725E+20,5.33735E+21,1.14843E+16,4.81625E+16
176366,9,3,72,161,2018,4,2,2,3,8,1,2,0,1,0,0,0,0,0,7.55068E+20,5.46312E+21,1.25064E+16,4.92676E+16
176367,9,2,74,126,2018,4,16,1,2,7,7,0,0,1,0,1,0,0,0,7.33591E+20,5.38447E+21,1.21667E+16,4.85698E+16
176368,9,1,73,147,2018,4,16,1,3,1,6,0,1,1,0,0,0,0,0,6.81884E+20,5.30874E+21,1.14339E+16,4.79061E+16
176369,9,4,62,0,2018,5,19,3,3,0,7,0,1,0,0,0,0,0,0,6.84601E+20,5.53516E+21,1.15728E+16,4.99402E+16
176370,9,1,90,138,2018,4,11,1,2,1,3,0,1,1,0,0,0,0,0,6.64937E+20,5.30985E+21,1.12078E+16,4.79207E+16
176371,9,1,73,118,2018,4,12,1,3,4,1,0,1,1,0,0,0,0,0,6.90062E+20,5.30199E+21,1.15403E+16,4.78431E+16
176372,9,7,76,120,2018,4,22,2,3,9,5,2,1,1,0,0,0,0,0,5.46611E+20,5.2689E+21,9.61974E+15,4.75719E+16
176373,9,5,64,0,2018,5,22,3,3,5,2,2,0,1,0,0,0,0,0,6.5092E+20,5.47851E+21,1.10819E+16,4.94405E+16
176374,9,1,80,117,2018,4,15,1,2,0,1,0,1,0,0,0,0,0,0,6.58492E+20,5.26123E+21,1.11039E+16,4.74852E+16
176375,9,1,73,145,2018,4,15,1,2,0,1,0,1,0,0,0,0,0,0,6.90098E+20,5.29026E+21,1.15356E+16,4.77377E+16
176376,9,1,62,0,2018,4,8,2,3,0,7,0,1,0,0,0,0,0,0,6.92945E+20,5.33392E+21,1.15931E+16,4.81292E+16
176377,9,3,73,153,2018,4,18,2,2,4,6,0,0,1,0,1,0,0,0,6.87696E+20,5.46446E+21,1.1582E+16,4.9304E+16
176378,9,1,71,125,2018,4,15,1,3,8,1,0,1,0,0,0,0,0,0,7.73803E+20,5.3504E+21,1.26885E+16,4.82476E+16
176379,9,1,79,121,2018,5,14,4,3,0,7,0,1,0,0,0,0,0,0,6.66721E+20,5.3386E+21,1.12428E+16,4.81788E+16
176380,9,1,87,128,2018,4,8,1,3,4,6,0,0,1,0,0,0,0,0,7.45037E+20,5.30727E+21,1.2277E+16,4.78719E+16
176381,9,1,82,125,2018,4,22,1,3,2,6,2,0,1,0,0,0,0,0,7.12657E+20,5.29747E+21,1.18397E+16,4.77954E+16
176382,9,3,62,0,2018,5,18,3,3,3,2,0,1,1,0,0,0,0,0,7.25823E+20,5.43348E+21,1.20884E+16,4.90128E+16
176383,9,1,61,0,2018,4,23,1,2,0,7,2,1,0,0,0,0,0,0,6.77078E+20,5.40359E+21,1.14095E+16,4.87601E+16
176384,9,1,61,0,2018,4,18,1,3,5,3,0,0,1,0,0,0,0,0,6.77668E+20,5.40115E+21,1.14165E+16,4.8738E+16
176385,9,3,72,175,2018,4,17,2,2,6,7,0,0,1,1,0,0,0,0,7.68113E+20,5.46162E+21,1.26844E+16,4.92486E+16
176386,9,1,88,137,2018,4,21,1,2,0,1,2,1,0,0,0,0,0,0,6.71544E+20,5.31407E+21,1.12978E+16,4.79569E+16
176387,9,1,81,122,2018,4,16,1,3,0,1,0,1,0,0,0,0,0,0,6.50382E+20,5.33118E+21,1.10205E+16,4.81161E+16
176388,9,3,76,161,2018,4,15,2,3,4,6,0,0,1,0,0,0,0,0,7.25246E+20,5.4664E+21,1.2099E+16,4.93087E+16
176389,9,1,88,132,2018,4,23,1,2,0,7,2,1,0,0,0,0,0,0,6.65411E+20,5.32261E+21,1.1219E+16,4.80353E+16
176390,9,1,79,123,2018,4,15,1,3,0,7,0,1,0,0,0,0,0,0,6.76167E+20,5.33418E+21,1.1368E+16,4.81365E+16
176391,9,1,62,0,2018,5,16,3,3,0,6,0,0,1,0,0,0,0,0,6.89047E+20,5.33556E+21,1.15415E+16,4.81452E+16
176392,9,1,88,121,2018,4,2,1,3,0,7,2,1,0,0,0,0,0,0,6.70812E+20,5.33017E+21,1.12944E+16,4.81019E+16
176393,9,1,81,114,2018,4,18,1,3,1,7,0,0,1,0,0,0,0,0,6.557E+20,5.31221E+21,1.10851E+16,4.79443E+16
176394,9,1,81,130,2018,5,5,3,3,0,1,2,1,0,0,0,0,0,0,6.38698E+20,5.32461E+21,1.08615E+16,4.80596E+16
176395,9,1,74,126,2018,4,20,1,3,5,2,2,1,1,0,0,0,0,0,6.82178E+20,5.3442E+21,1.1453E+16,4.82248E+16
176396,9,3,76,161,2018,4,12,2,3,6,4,0,0,1,1,0,0,0,0,7.25001E+20,5.46692E+21,1.20959E+16,4.93135E+16
176397,9,1,77,117,2018,4,13,1,3,0,1,0,1,0,0,0,0,0,0,7.15394E+20,5.35196E+21,1.19036E+16,4.82841E+16
176398,9,3,76,144,2018,4,16,2,2,8,1,0,0,0,0,1,0,0,0,7.29997E+20,5.48287E+21,1.21737E+16,4.94549E+16
176399,9,1,62,0,2018,4,17,7,3,2,6,0,1,1,0,0,0,0,0,6.945E+20,5.32958E+21,1.1612E+16,4.80897E+16
176400,9,6,63,0,2018,4,10,2,3,5,3,0,0,1,0,1,0,0,1,5.64123E+20,5.51788E+21,9.89123E+15,4.981E+16
176401,9,1,62,0,2018,4,16,7,3,5,3,0,1,0,0,1,0,0,0,6.91607E+20,5.33268E+21,1.15746E+16,4.81185E+16
176402,9,7,72,211,2018,5,14,3,3,0,7,0,1,0,0,0,0,0,0,6.2245E+20,5.35436E+21,1.06521E+16,4.83306E+16
176403,9,1,62,0,2018,4,16,7,3,0,2,0,0,1,1,0,0,0,0,6.92761E+20,5.33315E+21,1.15903E+16,4.81224E+16
176404,9,1,62,0,2018,4,15,7,3,1,5,0,0,1,0,1,0,0,0,6.90985E+20,5.33432E+21,1.1567E+16,4.81335E+16
176405,9,1,62,0,2018,4,7,2,3,5,7,0,0,1,0,0,0,0,0,6.88584E+20,5.33206E+21,1.15338E+16,4.81138E+16
176406,9,3,61,0,2018,4,9,2,3,6,7,0,0,1,1,0,0,0,0,7.07299E+20,5.48095E+21,1.186E+16,4.94458E+16
176407,9,7,75,135,2018,5,16,3,3,0,7,0,1,0,0,0,0,0,0,5.81345E+20,5.35575E+21,1.00979E+16,4.83497E+16
176408,9,1,62,0,2018,4,11,7,3,0,7,0,1,0,0,0,0,0,0,6.91892E+20,5.33352E+21,1.15788E+16,4.8126E+16
176409,9,1,62,0,2018,4,17,7,3,4,2,0,1,1,0,0,0,0,0,6.93064E+20,5.33268E+21,1.15942E+16,4.81181E+16
176410,9,1,61,0,2018,5,18,3,3,0,7,0,1,0,0,0,0,0,0,6.81613E+20,5.40629E+21,1.14724E+16,4.87831E+16
176411,9,1,62,0,2018,4,15,7,2,5,2,0,1,0,0,0,0,0,0,6.829E+20,5.34222E+21,1.14618E+16,4.82069E+16
176412,9,2,63,0,2018,4,12,2,3,1,5,0,0,1,0,0,0,0,0,7.61666E+20,5.4193E+21,1.25686E+16,4.88714E+16
176413,9,1,62,0,2018,4,12,7,3,5,2,0,1,1,0,0,0,0,0,6.8835E+20,5.33717E+21,1.15329E+16,4.81599E+16
176414,9,2,63,0,2018,4,13,2,3,2,6,0,0,1,0,0,0,0,0,7.64342E+20,5.41959E+21,1.26052E+16,4.88728E+16
176415,9,1,62,0,2018,4,11,7,3,5,2,0,0,1,0,1,0,0,0,7.01862E+20,5.33531E+21,1.17135E+16,4.8139E+16
176416,9,7,71,113,2018,4,13,2,3,5,2,0,1,1,0,0,0,0,0,6.58089E+20,5.36941E+21,1.11383E+16,4.84579E+16
176417,9,7,61,0,2018,5,1,3,2,0,1,2,0,0,0,1,0,0,0,6.40938E+20,5.3572E+21,1.09024E+16,4.83522E+16
176418,9,1,62,0,2018,4,14,7,3,2,6,0,0,1,0,1,0,0,0,6.90811E+20,5.3297E+21,1.15626E+16,4.8092E+16
176419,9,1,62,0,2018,4,23,7,3,1,7,2,1,1,0,0,0,0,0,6.93975E+20,5.3356E+21,1.16077E+16,4.81441E+16
176420,9,1,62,0,2018,4,17,2,2,0,4,0,1,0,1,0,0,0,0,6.87636E+20,5.32944E+21,1.15199E+16,4.80905E+16
176421,9,2,62,0,2018,4,15,2,3,6,7,0,0,1,1,0,0,0,0,8.26795E+20,5.38839E+21,1.34299E+16,4.85633E+16
176422,9,1,62,0,2018,4,16,7,2,5,2,0,1,1,0,0,0,0,0,6.93415E+20,5.33664E+21,1.16007E+16,4.81536E+16
176423,9,2,61,0,2018,4,14,2,3,5,3,0,0,1,0,0,0,0,0,7.30232E+20,5.3808E+21,1.21192E+16,4.8538E+16
176424,9,7,75,135,2018,4,9,7,3,0,7,0,1,0,0,0,0,0,0,5.74742E+20,5.36043E+21,1.00097E+16,4.83926E+16
176425,9,2,74,165,2018,4,18,2,3,3,2,0,1,1,0,0,0,0,0,7.17465E+20,5.38857E+21,1.19505E+16,4.86124E+16
176426,9,7,64,0,2018,4,14,7,3,2,6,0,1,0,0,0,0,0,0,5.8531E+20,5.31517E+21,1.01433E+16,4.79841E+16
176427,9,4,75,162,2018,5,23,3,3,0,7,2,1,0,0,0,0,0,0,7.16137E+20,5.57026E+21,1.20315E+16,5.02449E+16
176428,9,7,80,139,2018,4,13,7,3,1,1,0,0,1,0,0,0,1,0,5.9565E+20,5.26425E+21,1.02706E+16,4.75246E+16
176429,9,7,80,133,2018,4,16,7,3,0,1,0,0,0,0,0,0,1,0,5.99587E+20,5.2493E+21,1.03196E+16,4.73896E+16
176430,9,7,75,135,2018,4,15,2,3,4,2,0,1,1,0,0,0,0,0,5.74027E+20,5.36043E+21,1E+16,4.83927E+16
176431,9,2,79,122,2018,4,6,2,3,0,7,0,0,0,0,1,0,0,0,7.7167E+20,5.39904E+21,1.26914E+16,4.86852E+16
176432,9,7,80,124,2018,4,14,7,2,0,1,0,1,0,0,0,0,0,0,5.91898E+20,5.27245E+21,1.02225E+16,4.7599E+16
176433,9,1,77,117,2018,5,20,4,3,0,7,0,1,0,0,0,0,0,0,7.14746E+20,5.35443E+21,1.18961E+16,4.83066E+16
176434,9,7,61,0,2018,4,15,7,3,2,2,0,0,1,0,0,0,0,0,6.4309E+20,5.36176E+21,1.0933E+16,4.83927E+16
176435,9,7,61,0,2018,4,10,7,3,0,7,0,1,0,0,0,0,0,0,6.41918E+20,5.35745E+21,1.09157E+16,4.83543E+16
176436,9,1,89,155,2018,5,9,3,2,0,7,0,1,0,0,0,0,0,0,7.70826E+20,5.30803E+21,1.26216E+16,4.78684E+16
176437,9,7,61,0,2018,4,2,7,3,8,1,2,0,1,0,0,0,0,0,6.40915E+20,5.35527E+21,1.09014E+16,4.83349E+16
176438,9,7,61,0,2018,4,11,7,3,5,2,0,1,1,0,0,0,0,0,6.42778E+20,5.35757E+21,1.09273E+16,4.83551E+16
176439,9,4,71,174,2018,5,19,3,2,0,1,0,1,0,0,0,0,0,0,6.33162E+20,5.54761E+21,1.08607E+16,5.00658E+16
176440,9,7,61,0,2018,4,18,7,3,1,5,0,0,0,0,1,0,0,0,6.40218E+20,5.35901E+21,1.08933E+16,4.83686E+16
176441,9,7,71,156,2018,4,20,7,3,5,3,1,1,1,0,0,0,0,0,6.55036E+20,5.38345E+21,1.11023E+16,4.85849E+16
176442,9,7,61,0,2018,4,13,2,3,5,3,0,1,1,0,0,0,0,0,6.4115E+20,5.3588E+21,1.09058E+16,4.83666E+16
176443,9,2,73,111,2018,4,23,2,3,0,1,2,1,0,0,0,0,0,1,7.08886E+20,5.41096E+21,1.18456E+16,4.88165E+16
176444,9,6,79,170,2018,4,12,7,3,5,3,0,0,1,0,1,0,0,0,5.77164E+20,5.50173E+21,1.00693E+16,4.96632E+16
176445,9,6,77,128,2018,4,10,7,3,5,3,0,1,1,0,0,0,0,0,5.39637E+20,5.55464E+21,9.55471E+15,5.01427E+16
176446,9,5,77,177,2018,4,17,2,3,4,3,0,0,1,0,0,0,0,0,6.43329E+20,5.43117E+21,1.09603E+16,4.90168E+16
176447,9,1,62,0,2018,5,20,3,2,8,7,1,0,0,0,1,0,0,0,6.9591E+20,5.33808E+21,1.16348E+16,4.81658E+16
176448,9,6,61,0,2018,4,14,7,3,0,7,0,1,0,0,0,0,0,0,5.10261E+20,5.53558E+21,9.14309E+15,4.99725E+16
176449,9,5,62,0,2018,4,23,7,3,0,7,2,1,0,0,0,0,0,0,6.45456E+20,5.4968E+21,1.10133E+16,4.96063E+16
176450,9,1,88,120,2018,5,14,3,3,0,1,0,0,0,0,0,0,1,0,6.7732E+20,5.32657E+21,1.13803E+16,4.80677E+16
176451,9,5,62,0,2018,4,13,7,3,6,4,0,0,1,1,0,0,0,0,6.42273E+20,5.49556E+21,1.09688E+16,4.95958E+16
176452,9,1,90,141,2018,4,15,2,3,5,3,0,1,1,0,0,0,0,0,6.78281E+20,5.29163E+21,1.13787E+16,4.77534E+16
176453,9,5,64,0,2018,4,12,7,3,2,6,0,0,1,0,0,0,0,0,6.4853E+20,5.47863E+21,1.1049E+16,4.94422E+16
176454,9,1,73,135,2018,4,9,2,3,0,1,0,1,0,0,0,0,0,1,6.93453E+20,5.28245E+21,1.15769E+16,4.76665E+16
176455,9,5,64,0,2018,4,12,7,3,3,6,0,0,1,0,0,0,0,0,6.48991E+20,5.4747E+21,1.10538E+16,4.94068E+16
176456,9,5,64,0,2018,4,13,7,3,0,1,0,1,0,0,0,0,0,0,6.50967E+20,5.47837E+21,1.10825E+16,4.94392E+16
176457,9,5,64,0,2018,4,13,7,3,4,6,0,0,1,0,0,0,0,0,6.45716E+20,5.47948E+21,1.10105E+16,4.94505E+16
176458,9,1,79,142,2018,4,18,7,3,5,3,0,0,1,0,0,0,0,0,6.75102E+20,5.34248E+21,1.13571E+16,4.82114E+16
176459,9,7,75,129,2018,5,11,3,3,9,1,0,1,0,0,0,0,0,1,5.8331E+20,5.34431E+21,1.01222E+16,4.82465E+16
176460,9,5,71,226,2018,4,15,7,3,5,3,0,1,1,0,0,0,0,0,6.37624E+20,5.45784E+21,1.08914E+16,4.92578E+16
176461,9,5,71,145,2018,4,18,7,2,0,1,0,1,0,0,0,0,0,0,5.9951E+20,5.44569E+21,1.03648E+16,4.9156E+16
176462,9,1,62,0,2018,4,17,2,3,6,4,0,0,1,1,0,0,0,0,6.86536E+20,5.32933E+21,1.15051E+16,4.80899E+16
176463,9,5,71,136,2018,4,18,7,3,2,6,0,0,1,0,1,0,0,0,5.98024E+20,5.43551E+21,1.03419E+16,4.90647E+16
176464,9,4,75,136,2018,4,23,7,3,5,3,2,0,1,0,0,0,0,0,6.9346E+20,5.56818E+21,1.17128E+16,5.02341E+16
176465,9,4,78,139,2018,4,19,7,3,3,6,0,1,0,0,0,0,0,0,6.46262E+20,5.5554E+21,1.10466E+16,5.01328E+16
176466,9,5,62,0,2018,5,20,3,3,0,7,1,0,1,0,0,0,0,0,6.46068E+20,5.4945E+21,1.10209E+16,4.95854E+16
176467,9,4,63,0,2018,4,20,7,2,0,1,0,0,0,0,1,0,0,0,6.40184E+20,5.56913E+21,1.09667E+16,5.02577E+16
176468,9,4,63,0,2018,4,19,7,3,2,6,0,0,1,0,0,0,0,0,6.39614E+20,5.57002E+21,1.0959E+16,5.02658E+16
176469,9,7,71,122,2018,5,19,3,3,9,7,0,0,1,0,0,0,0,0,6.53067E+20,5.35884E+21,1.10666E+16,4.83642E+16
176470,9,3,77,112,2018,4,12,7,3,0,7,0,0,1,0,0,0,0,0,7.47187E+20,5.52327E+21,1.2436E+16,4.98109E+16
176471,9,3,75,180,2018,4,17,7,2,4,1,0,0,1,0,0,0,0,0,7.24216E+20,5.42984E+21,1.20645E+16,4.89807E+16
176472,9,1,62,0,2018,4,10,2,3,5,2,0,0,1,0,0,0,0,0,6.93619E+20,5.33465E+21,1.16025E+16,4.81356E+16
176473,9,3,75,165,2018,4,12,7,3,0,2,0,1,1,0,0,0,0,0,7.25869E+20,5.43847E+21,1.20919E+16,4.90577E+16
176474,9,3,62,0,2018,4,17,7,3,5,3,0,1,1,0,0,0,0,0,7.28464E+20,5.43666E+21,1.21263E+16,4.90404E+16
176475,9,4,77,136,2018,5,17,3,2,0,7,0,1,0,0,0,0,0,0,6.69567E+20,5.55208E+21,1.13709E+16,5.00967E+16