OBJECTID_1,ULAND,UREGBEZ,UKREIS,UGEMEINDE,UJAHR,UMONAT,USTUNDE,UWOCHENTAG,UKATEGORIE,UART,UTYP1,ULICHTVERH,IstRad,IstPKW,IstFuss,IstKrad,IstGkfz,IstSonstig,STRZUSTAND,LINREFX,LINREFY,XGCSWGS84,YGCSWGS84
176476,9,3,62,0,2018,4,7,7,2,4,2,0,0,1,0,0,0,0,0,7.28862E+20,5.43814E+21,1.21326E+16,4.90536E+16
176477,9,3,73,140,2018,4,17,7,3,4,1,0,0,1,0,1,0,0,0,6.88341E+20,5.4711E+21,1.1594E+16,4.93635E+16
176478,9,7,80,113,2018,4,16,2,3,0,7,0,1,0,0,0,0,1,0,5.82701E+20,5.25606E+21,1.00971E+16,4.74527E+16
176479,9,7,71,113,2018,4,17,2,3,4,6,0,0,1,0,1,0,0,0,6.55964E+20,5.36784E+21,1.1109E+16,4.84443E+16
176480,9,2,76,138,2018,4,11,7,3,1,5,0,0,1,0,1,0,0,0,8.00697E+20,5.43221E+21,1.31091E+16,4.89695E+16
176481,9,2,71,135,2018,4,18,7,3,5,3,0,0,0,0,1,0,0,0,7.91857E+20,5.40583E+21,1.29698E+16,4.8737E+16
176482,9,1,62,0,2018,4,21,2,3,5,2,2,0,1,0,0,0,0,1,6.94203E+20,5.33433E+21,1.16102E+16,4.81325E+16
176483,9,2,71,119,2018,4,12,7,3,5,3,0,1,1,0,0,0,0,0,7.92889E+20,5.41899E+21,1.29932E+16,4.88546E+16
176484,9,2,77,127,2018,4,15,7,3,0,3,0,0,1,0,1,0,0,0,7.93778E+20,5.3521E+21,1.29581E+16,4.82539E+16
176485,9,1,90,139,2018,4,14,7,3,6,4,0,0,1,1,0,0,0,0,6.54361E+20,5.29491E+21,1.1061E+16,4.77891E+16
176486,9,3,72,124,2018,5,16,3,3,0,6,0,1,0,0,1,0,0,0,7.84195E+20,5.46785E+21,1.29092E+16,4.92972E+16
176487,9,1,90,115,2018,4,11,7,3,0,7,0,1,0,0,0,0,0,0,6.71883E+20,5.3039E+21,1.12983E+16,4.78654E+16
176488,9,1,83,148,2018,4,17,7,3,4,2,0,0,1,0,0,0,0,0,7.5234E+20,5.34461E+21,1.23964E+16,4.82045E+16
176489,9,1,61,0,2018,4,10,7,3,8,1,0,1,0,0,0,0,0,0,6.74527E+20,5.40516E+21,1.13755E+16,4.8775E+16
176490,9,5,71,145,2018,4,12,2,3,3,6,0,1,1,0,0,0,0,0,5.98014E+20,5.44435E+21,1.03439E+16,4.91441E+16
176491,9,1,62,0,2018,5,19,3,3,2,6,0,0,1,0,1,0,0,0,6.93612E+20,5.33466E+21,1.16024E+16,4.81357E+16
176492,9,1,79,123,2018,4,10,7,2,5,3,0,1,1,0,0,0,0,0,6.75884E+20,5.33356E+21,1.13639E+16,4.8131E+16
176493,9,1,72,114,2018,4,19,7,3,0,1,0,1,0,0,0,0,0,0,7.91305E+20,5.294E+21,1.28855E+16,4.77335E+16
176494,9,1,62,0,2018,5,17,6,3,0,7,0,1,0,0,0,0,0,0,6.91282E+20,5.33502E+21,1.15713E+16,4.81396E+16
176495,9,2,73,152,2018,5,14,6,3,5,3,0,0,1,0,1,0,0,0,7.03349E+20,5.40941E+21,1.17695E+16,4.88044E+16
176496,9,2,79,112,2018,5,19,6,3,5,3,0,0,1,0,0,0,1,0,7.56717E+20,5.39407E+21,1.24855E+16,4.86469E+16
176497,9,1,62,0,2018,5,10,6,2,1,7,0,0,1,0,0,0,0,0,6.83103E+20,5.33567E+21,1.14617E+16,4.81479E+16
176498,9,1,90,157,2018,5,15,6,3,5,3,0,0,1,0,1,0,0,0,6.59476E+20,5.29955E+21,1.11309E+16,4.78295E+16
176499,9,1,90,132,2018,5,20,6,3,1,5,2,1,1,0,0,0,0,0,6.744E+20,5.2945E+21,1.13281E+16,4.77802E+16
176500,9,1,83,128,2018,5,18,6,3,2,6,0,0,1,0,0,0,0,0,7.61935E+20,5.35126E+21,1.25294E+16,4.82603E+16
176501,9,1,63,0,2018,5,17,7,3,4,1,0,0,1,0,0,0,0,0,7.33892E+20,5.3045E+21,1.21266E+16,4.78513E+16
176502,9,1,63,0,2018,5,21,6,3,2,6,2,0,1,0,0,0,0,0,7.33772E+20,5.30569E+21,1.21257E+16,4.7862E+16
176503,9,1,62,0,2018,5,16,6,3,0,7,0,0,0,0,0,0,1,0,6.89052E+20,5.33235E+21,1.15402E+16,4.81164E+16
176504,9,1,82,120,2018,5,12,6,3,2,6,0,0,1,0,0,0,0,0,7.02453E+20,5.30658E+21,1.17079E+16,4.78806E+16
176505,9,1,61,0,2018,5,8,6,2,0,7,0,1,0,0,0,0,0,0,6.76293E+20,5.40299E+21,1.13986E+16,4.8755E+16
176506,9,1,84,132,2018,5,14,6,2,0,3,0,0,0,0,0,0,1,0,6.82757E+20,5.32948E+21,1.14544E+16,4.80924E+16
176507,9,1,61,0,2018,5,15,6,3,5,3,0,0,1,0,1,0,0,0,6.78658E+20,5.40607E+21,1.14321E+16,4.87819E+16
176508,9,5,64,0,2018,5,19,7,3,0,1,0,1,0,0,0,0,0,0,6.48811E+20,5.48073E+21,1.10536E+16,4.9461E+16
176509,9,1,62,0,2018,5,8,6,3,5,3,0,0,1,0,0,0,0,0,6.89408E+20,5.33574E+21,1.15464E+16,4.81467E+16
176510,9,1,86,143,2018,5,7,6,3,5,3,0,1,1,0,0,0,0,0,6.84153E+20,5.37744E+21,1.14941E+16,4.8523E+16
176511,9,1,76,153,2018,5,17,6,2,5,3,0,0,1,0,1,0,0,0,6.96939E+20,5.40964E+21,1.16824E+16,4.88085E+16
176512,9,1,81,126,2018,5,15,7,3,5,3,0,0,1,0,0,0,0,0,6.36708E+20,5.33179E+21,1.08371E+16,4.81247E+16
176513,9,1,74,113,2018,5,19,6,2,6,7,0,0,1,1,0,0,0,0,6.76878E+20,5.34655E+21,1.13827E+16,4.82475E+16
176514,9,1,62,0,2018,5,2,6,3,0,7,2,1,1,0,0,0,0,0,6.86985E+20,5.33728E+21,1.15146E+16,4.81613E+16
176515,9,1,77,119,2018,5,7,6,2,0,3,0,1,1,0,0,0,0,0,7.21028E+20,5.34104E+21,1.19738E+16,4.81841E+16
176516,9,1,77,117,2018,5,15,6,3,4,6,0,0,1,0,0,0,1,0,7.15809E+20,5.35301E+21,1.19097E+16,4.82934E+16
176517,9,1,62,0,2018,5,7,6,3,0,7,0,1,1,0,0,0,0,0,6.93181E+20,5.33912E+21,1.15987E+16,4.81759E+16
176518,9,1,77,117,2018,5,17,6,3,0,7,0,1,0,0,0,0,0,0,7.1415E+20,5.35493E+21,1.18884E+16,4.83113E+16
176519,9,5,64,0,2018,5,19,7,2,3,6,0,1,1,0,0,0,0,0,6.50893E+20,5.4808E+21,1.10824E+16,4.94611E+16
176520,9,1,62,0,2018,5,13,6,3,0,1,0,0,0,0,1,0,0,0,6.85903E+20,5.33226E+21,1.14979E+16,4.81164E+16
176521,9,1,62,0,2018,5,16,5,3,0,7,0,1,0,0,0,0,1,0,6.84221E+20,5.33738E+21,1.14775E+16,4.81629E+16
176522,9,7,78,127,2018,5,15,6,3,9,1,0,0,1,0,0,0,0,0,6.11258E+20,5.31692E+21,1.04914E+16,4.79959E+16
176523,9,1,62,0,2018,5,15,6,3,5,3,0,0,1,0,0,0,0,0,6.90425E+20,5.33698E+21,1.15607E+16,4.81575E+16
176524,9,1,62,0,2018,5,8,5,3,5,2,0,1,0,0,0,0,1,0,6.90171E+20,5.33391E+21,1.15559E+16,4.813E+16
176525,9,7,74,150,2018,5,12,6,3,2,7,0,0,1,0,0,1,0,0,6.00534E+20,5.34754E+21,1.03549E+16,4.82731E+16
176526,9,1,62,0,2018,5,14,5,3,5,7,0,0,1,0,1,0,0,0,6.89391E+20,5.33363E+21,1.15453E+16,4.81277E+16
176527,9,1,62,0,2018,5,13,5,3,6,4,0,0,1,1,0,0,0,0,6.91201E+20,5.34034E+21,1.15726E+16,4.81875E+16
176528,9,7,77,129,2018,5,12,6,3,2,2,0,1,1,0,0,0,0,0,6.27897E+20,5.27027E+21,1.07006E+16,4.75732E+16
176529,9,1,62,0,2018,5,8,5,2,2,2,0,0,1,0,0,0,0,0,6.94345E+20,5.33421E+21,1.16121E+16,4.81315E+16
176530,9,3,62,0,2018,5,0,7,3,5,3,2,0,1,0,1,0,0,0,7.31504E+20,5.43027E+21,1.21642E+16,4.89819E+16
176531,9,7,77,121,2018,5,13,6,3,5,3,0,0,1,0,0,0,0,0,6.28411E+20,5.32149E+21,1.07226E+16,4.80338E+16
176532,9,1,62,0,2018,5,19,5,3,0,7,0,1,0,0,0,0,0,0,6.92185E+20,5.3313E+21,1.15817E+16,4.81059E+16
176533,9,1,62,0,2018,5,14,5,3,6,4,0,0,0,1,0,0,1,0,6.89017E+20,5.33754E+21,1.1542E+16,4.81629E+16
176534,9,7,73,125,2018,5,14,6,3,5,3,0,0,1,0,0,0,0,0,6.09657E+20,5.38358E+21,1.04872E+16,4.85957E+16
176535,9,1,62,0,2018,5,18,5,3,4,6,0,1,0,0,0,0,0,0,6.89451E+20,5.33019E+21,1.15446E+16,4.80968E+16
176536,9,1,62,0,2018,5,17,5,3,0,1,0,1,0,0,0,0,0,0,6.94316E+20,5.33388E+21,1.16115E+16,4.81285E+16
176537,9,1,84,149,2018,5,7,5,3,5,6,0,1,1,1,0,0,0,0,6.90984E+20,5.34966E+21,1.15739E+16,4.82713E+16
176538,9,1,62,0,2018,5,8,5,3,6,6,0,1,0,1,0,0,0,0,6.91405E+20,5.33948E+21,1.1575E+16,4.81797E+16
176539,9,7,71,130,2018,5,10,6,3,2,6,0,0,1,0,0,0,0,0,6.45507E+20,5.35649E+21,1.09638E+16,4.83448E+16
176540,9,1,62,0,2018,5,20,5,3,4,2,1,0,1,0,0,0,0,0,6.88039E+20,5.33762E+21,1.15289E+16,4.8164E+16
176541,9,2,72,149,2018,5,19,7,3,5,3,0,0,1,0,1,0,0,0,8.19356E+20,5.42705E+21,1.33593E+16,4.89139E+16
176542,9,1,84,129,2018,5,15,5,3,4,6,0,1,0,0,0,0,0,0,7.00904E+20,5.32538E+21,1.1696E+16,4.80501E+16
176543,9,7,72,163,2018,5,13,6,3,1,3,0,1,1,0,0,0,0,0,6.40109E+20,5.34726E+21,1.08879E+16,4.8263E+16
176544,9,1,62,0,2018,5,15,5,3,5,3,0,1,1,0,0,0,0,0,6.98138E+20,5.3292E+21,1.16607E+16,4.80853E+16
176545,9,1,62,0,2018,5,18,5,3,5,3,0,0,1,0,0,0,0,0,6.97003E+20,5.33138E+21,1.16464E+16,4.81052E+16
176546,9,7,61,0,2018,5,7,6,3,6,2,0,0,1,1,0,0,0,0,6.42485E+20,5.36081E+21,1.09245E+16,4.83844E+16
176547,9,1,62,0,2018,5,17,5,3,3,6,0,0,0,0,1,0,1,0,6.93276E+20,5.33526E+21,1.15982E+16,4.81412E+16
176548,9,1,62,0,2018,5,7,5,3,2,6,0,1,1,0,0,0,0,0,6.93182E+20,5.33361E+21,1.15962E+16,4.81264E+16
176549,9,1,61,0,2018,5,16,7,3,5,3,0,0,1,0,0,0,0,0,6.78562E+20,5.40198E+21,1.1429E+16,4.87452E+16
176550,9,1,62,0,2018,5,9,5,3,2,7,0,1,1,0,0,0,0,0,6.90151E+20,5.33434E+21,1.15558E+16,4.81339E+16
176551,9,7,61,0,2018,5,19,6,2,0,7,0,1,0,0,0,0,0,0,6.40436E+20,5.36228E+21,1.08973E+16,4.8398E+16
176552,9,1,62,0,2018,5,12,5,3,2,6,0,0,1,0,0,0,1,0,6.90243E+20,5.33555E+21,1.15576E+16,4.81447E+16
176553,9,7,75,135,2018,5,11,5,3,5,3,0,1,1,0,0,0,0,0,5.74225E+20,5.36004E+21,1.00026E+16,4.83891E+16
176554,9,1,83,148,2018,5,12,7,3,3,6,0,1,1,0,0,0,0,0,7.53602E+20,5.34527E+21,1.24138E+16,4.82099E+16
176555,9,7,63,0,2018,5,8,5,3,0,1,0,1,0,0,0,0,0,0,5.98548E+20,5.28689E+21,1.03142E+16,4.77278E+16
176556,9,7,61,0,2018,5,14,6,3,5,3,0,0,1,0,0,0,0,0,6.44064E+20,5.35703E+21,1.09445E+16,4.835E+16
176557,9,7,80,115,2018,5,14,5,3,2,6,0,0,1,0,0,0,0,0,5.94672E+20,5.26456E+21,1.02577E+16,4.75276E+16
176558,9,7,79,131,2018,5,17,5,3,2,6,0,0,1,0,0,0,0,0,6.30725E+20,5.39939E+21,1.07778E+16,4.87338E+16
176559,9,7,61,0,2018,5,21,6,3,0,1,2,1,0,0,0,0,0,0,6.40526E+20,5.35937E+21,1.08976E+16,4.83719E+16
176560,9,7,79,194,2018,5,6,5,2,5,3,0,0,1,0,0,0,0,0,6.11225E+20,5.41311E+21,1.05165E+16,4.88609E+16
176561,9,7,79,186,2018,5,17,5,3,5,3,0,1,1,0,0,0,0,0,6.3667E+20,5.41218E+21,1.08629E+16,4.88475E+16
176562,9,1,74,115,2018,5,23,7,3,0,1,2,1,0,0,0,0,0,0,6.80554E+20,5.34686E+21,1.14323E+16,4.82492E+16
176563,9,7,72,167,2018,5,15,5,2,1,7,0,0,1,0,0,0,0,0,6.24372E+20,5.35671E+21,1.06787E+16,4.83513E+16
176564,9,7,61,0,2018,5,7,6,3,6,4,0,1,0,1,0,0,0,0,6.4143E+20,5.35929E+21,1.09097E+16,4.8371E+16
176565,9,7,72,184,2018,5,20,5,3,6,4,2,0,1,1,0,0,0,0,6.35748E+20,5.36096E+21,1.08336E+16,4.83872E+16
176566,9,7,61,0,2018,5,14,5,3,0,1,0,0,0,0,1,0,0,0,6.41294E+20,5.36225E+21,1.09089E+16,4.83976E+16
176567,9,7,71,112,2018,5,15,6,3,2,2,0,0,1,0,0,0,0,0,6.47407E+20,5.36646E+21,1.09929E+16,4.8434E+16
176568,9,7,61,0,2018,5,12,5,3,5,3,0,0,1,0,0,0,0,0,6.39737E+20,5.35644E+21,1.08859E+16,4.83456E+16
176569,9,5,61,0,2018,5,16,7,3,0,2,0,0,1,0,1,0,0,1,6.14897E+20,5.46193E+21,1.05804E+16,4.92993E+16
176570,9,7,71,113,2018,5,12,5,3,0,7,0,1,0,0,0,0,0,0,6.57698E+20,5.36915E+21,1.11329E+16,4.84558E+16
176571,9,6,63,0,2018,5,15,6,3,4,2,0,0,1,0,1,0,0,0,5.6805E+20,5.51269E+21,9.94489E+15,4.97628E+16
176572,9,6,63,0,2018,5,19,5,3,5,7,0,1,1,0,0,0,0,0,5.6765E+20,5.51671E+21,9.94004E+15,4.9799E+16
176573,9,5,64,0,2018,5,15,7,3,5,2,0,1,1,0,0,0,0,0,6.52458E+20,5.48341E+21,1.11049E+16,4.94842E+16
176574,9,1,62,0,2018,5,22,6,3,8,7,2,0,1,0,0,0,0,0,6.92917E+20,5.33784E+21,1.15945E+16,4.81645E+16
176575,9,6,63,0,2018,5,6,5,3,2,7,0,0,1,0,1,0,0,0,5.69683E+20,5.51519E+21,9.96802E+15,4.97851E+16
176576,9,6,79,170,2018,5,12,6,3,0,7,0,0,0,0,0,0,1,0,5.75827E+20,5.50256E+21,1.00509E+16,4.96708E+16
176577,9,6,63,0,2018,5,18,5,3,0,1,0,1,0,0,0,0,0,0,5.66602E+20,5.51569E+21,9.9253E+15,4.979E+16
176578,9,6,63,0,2018,5,7,5,3,2,6,0,0,1,0,0,0,0,0,5.64347E+20,5.5169E+21,9.89419E+15,4.98011E+16
176579,9,6,62,0,2018,5,21,6,3,0,7,2,1,0,0,0,0,0,0,5.87722E+20,5.54368E+21,1.0225E+16,5.00389E+16
176580,9,6,76,112,2018,5,15,5,3,5,3,0,0,1,0,0,0,0,0,5.15436E+20,5.49947E+21,9.21382E+15,4.96476E+16
176581,9,3,62,0,2018,5,17,7,3,4,7,0,0,1,0,1,0,0,0,7.26414E+20,5.43488E+21,1.20973E+16,4.90252E+16
176582,9,5,62,0,2018,5,17,5,3,1,7,0,0,1,0,1,0,0,0,6.42188E+20,5.4949E+21,1.09674E+16,4.959E+16
176583,9,6,72,117,2018,5,11,6,3,0,7,0,1,0,0,0,0,0,0,5.71031E+20,5.56905E+21,9.99671E+15,5.02693E+16
176584,9,5,64,0,2018,5,16,5,3,5,3,0,0,0,0,1,1,0,0,6.48736E+20,5.47292E+21,1.10497E+16,4.93908E+16
176585,9,5,64,0,2018,5,18,5,3,6,7,0,0,1,1,0,0,0,0,6.48176E+20,5.47805E+21,1.10439E+16,4.9437E+16
176586,9,5,64,0,2018,5,8,5,3,0,3,0,1,0,0,0,0,1,0,6.53534E+20,5.47808E+21,1.11177E+16,4.9436E+16
176587,9,6,72,114,2018,5,19,6,3,9,7,0,1,0,0,0,0,0,0,5.76465E+20,5.56027E+21,1.00712E+16,5.01897E+16
176588,9,5,64,0,2018,5,19,5,2,0,5,0,1,1,0,0,0,0,0,6.51622E+20,5.47881E+21,1.10916E+16,4.9443E+16
176589,9,5,64,0,2018,5,20,5,3,5,6,0,1,1,0,0,0,0,0,6.50321E+20,5.47849E+21,1.10736E+16,4.94405E+16
176590,9,6,62,0,2018,5,17,6,3,6,4,0,0,1,1,0,0,0,0,5.87849E+20,5.54451E+21,1.0227E+16,5.00464E+16
176591,9,5,73,134,2018,5,16,5,2,6,4,0,0,1,1,0,0,0,0,6.4236E+20,5.47797E+21,1.09637E+16,4.94377E+16
176592,9,1,90,118,2018,5,17,7,2,0,1,0,1,0,0,0,0,0,0,6.3397E+20,5.29053E+21,1.07875E+16,4.77542E+16
176593,9,5,71,136,2018,5,7,5,3,5,3,0,0,1,0,1,0,0,0,5.97312E+20,5.43571E+21,1.03322E+16,4.90665E+16
176594,9,6,71,121,2018,5,8,6,3,0,1,0,1,0,0,0,0,0,0,5.12703E+20,5.53817E+21,9.17723E+15,4.99957E+16
176595,9,5,61,0,2018,5,16,5,3,5,3,0,0,1,0,1,0,0,0,6.17243E+20,5.46151E+21,1.06125E+16,4.92951E+16
176596,9,4,64,0,2018,5,16,5,3,2,6,0,0,1,0,0,0,0,0,7.07652E+20,5.57865E+21,1.19173E+16,5.03233E+16
176597,9,6,61,0,2018,5,13,6,2,0,7,0,1,0,0,0,0,0,0,5.11074E+20,5.53509E+21,9.15441E+15,4.9968E+16
176598,9,4,78,139,2018,5,17,5,3,0,7,0,1,0,0,0,0,1,0,6.44412E+20,5.55469E+21,1.10204E+16,5.01269E+16
176599,9,4,77,128,2018,5,11,5,3,5,6,0,0,1,0,1,0,0,0,6.7302E+20,5.55179E+21,1.1419E+16,5.00931E+16
176600,9,4,77,128,2018,5,11,5,3,5,3,0,0,1,0,1,0,0,0,6.73019E+20,5.55178E+21,1.1419E+16,5.00931E+16
176601,9,5,76,147,2018,5,16,6,2,2,6,0,0,1,0,1,0,0,0,6.38927E+20,5.44728E+21,1.09057E+16,4.91626E+16
176602,9,4,62,0,2018,5,15,5,3,0,1,0,1,0,0,0,0,0,0,6.84896E+20,5.53479E+21,1.15767E+16,4.99368E+16
176603,9,4,71,120,2018,5,11,5,3,0,3,0,0,1,0,1,0,0,0,6.25652E+20,5.52093E+21,1.07471E+16,4.98276E+16
176604,9,4,61,0,2018,5,5,5,3,5,3,1,1,1,0,0,0,0,0,6.37974E+20,5.5278E+21,1.09208E+16,4.98866E+16
176605,9,1,72,114,2018,5,19,7,2,5,3,0,0,1,0,0,0,0,0,7.93351E+20,5.29555E+21,1.29137E+16,4.77465E+16
176606,9,3,75,174,2018,5,13,5,3,5,3,0,1,1,0,0,0,0,0,7.33444E+20,5.42982E+21,1.21904E+16,4.89772E+16
176607,9,5,62,0,2018,5,7,6,3,4,2,0,1,1,0,0,0,0,0,6.44979E+20,5.49609E+21,1.10064E+16,4.96E+16
176608,9,3,62,0,2018,5,16,5,3,0,1,0,0,0,0,1,0,0,0,7.26665E+20,5.4337E+21,1.21001E+16,4.90145E+16
176609,9,3,62,0,2018,5,13,5,3,6,4,0,0,1,1,0,0,0,0,7.2481E+20,5.43409E+21,1.20749E+16,4.90187E+16
176610,9,5,65,0,2018,5,18,6,3,1,6,0,0,1,0,0,0,0,0,6.48909E+20,5.46794E+21,1.10502E+16,4.9346E+16
176611,9,2,78,148,2018,5,9,5,3,0,1,0,0,1,0,0,0,0,0,7.36861E+20,5.40676E+21,1.22237E+16,4.87688E+16
176612,9,2,71,119,2018,5,16,5,3,0,7,0,1,0,0,0,0,0,0,7.90968E+20,5.41648E+21,1.29653E+16,4.8833E+16
176613,9,1,78,124,2018,5,18,7,3,5,3,0,1,1,0,0,0,0,0,7.04224E+20,5.36478E+21,1.17594E+16,4.84031E+16
176614,9,1,90,139,2018,5,19,5,3,5,3,1,1,1,0,0,0,0,0,6.54603E+20,5.29475E+21,1.10641E+16,4.77876E+16
176615,9,1,79,142,2018,5,18,7,3,0,1,0,0,0,0,1,0,0,0,6.73301E+20,5.34158E+21,1.13325E+16,4.82038E+16
176616,9,1,73,126,2018,5,13,5,3,5,3,0,0,1,0,0,0,0,0,6.84699E+20,5.30559E+21,1.14702E+16,4.7877E+16
176617,9,5,63,0,2018,5,10,6,3,2,6,0,0,1,0,0,0,1,0,6.43015E+20,5.48017E+21,1.09735E+16,4.94573E+16
176618,9,1,73,140,2018,5,19,5,3,8,1,0,1,0,0,0,0,0,0,6.96666E+20,5.2938E+21,1.16247E+16,4.77675E+16
176619,9,1,72,116,2018,5,9,5,3,8,7,0,0,1,0,0,0,0,0,8.0062E+20,5.28502E+21,1.30032E+16,4.76487E+16
176620,9,5,63,0,2018,5,1,6,3,8,1,2,0,1,0,0,0,0,0,6.44828E+20,5.48446E+21,1.10001E+16,4.94954E+16
176621,9,1,63,0,2018,5,7,5,3,6,4,0,0,1,1,0,0,0,0,7.33661E+20,5.30478E+21,1.21237E+16,4.78538E+16
176622,9,5,64,0,2018,5,10,7,3,5,3,0,0,1,0,0,0,0,0,6.50654E+20,5.47866E+21,1.10783E+16,4.94419E+16
176623,9,1,62,0,2018,5,9,6,3,5,3,0,0,1,0,0,0,0,0,6.88828E+20,5.34249E+21,1.15417E+16,4.82075E+16
176624,9,1,85,113,2018,5,16,5,3,5,6,0,1,0,0,0,0,0,0,6.69657E+20,5.37803E+21,1.12982E+16,4.85325E+16
176625,9,5,64,0,2018,5,8,6,3,2,6,0,0,1,0,0,0,0,0,6.49914E+20,5.47924E+21,1.10683E+16,4.94473E+16
176626,9,1,79,142,2018,5,14,5,3,1,1,0,1,1,0,0,0,0,0,6.72967E+20,5.34149E+21,1.1328E+16,4.82031E+16
176627,9,1,81,130,2018,5,15,5,3,6,3,0,0,1,1,0,0,0,0,6.39198E+20,5.3244E+21,1.08682E+16,4.80577E+16
176628,9,5,64,0,2018,5,20,6,3,5,2,0,1,1,0,0,0,0,0,6.52462E+20,5.48343E+21,1.1105E+16,4.94843E+16
176629,9,5,64,0,2018,5,8,6,3,0,1,0,1,0,0,0,0,0,0,6.51583E+20,5.47721E+21,1.10905E+16,4.94286E+16
176630,9,1,74,115,2018,5,13,5,3,6,2,0,0,1,1,0,0,0,0,6.8094E+20,5.34719E+21,1.14376E+16,4.82521E+16
176631,9,1,75,132,2018,5,10,5,3,3,2,0,1,0,0,0,0,1,0,7.06534E+20,5.33181E+21,1.17745E+16,4.8106E+16
176632,9,5,77,177,2018,5,14,6,3,4,6,0,0,1,0,0,0,0,0,6.44631E+20,5.43247E+21,1.09786E+16,4.90282E+16
176633,9,1,62,0,2018,5,14,4,3,5,3,0,1,1,0,0,0,0,0,6.89062E+20,5.33495E+21,1.15415E+16,4.81396E+16
176634,9,3,62,0,2018,5,18,7,3,1,6,0,0,1,0,1,0,0,0,7.26355E+20,5.43521E+21,1.20967E+16,4.90282E+16
176635,9,5,61,0,2018,5,10,6,3,8,1,0,1,0,0,0,0,0,0,6.14027E+20,5.46133E+21,1.05683E+16,4.92941E+16
176636,9,1,62,0,2018,5,8,4,2,5,3,0,0,1,0,1,0,0,0,6.94608E+20,5.33496E+21,1.16159E+16,4.81381E+16
176637,9,1,62,0,2018,5,22,4,3,0,7,2,1,0,0,0,0,0,0,6.87999E+20,5.33245E+21,1.15261E+16,4.81175E+16
176638,9,4,78,165,2018,5,14,6,3,0,1,0,1,0,0,0,0,0,0,6.42932E+20,5.5517E+21,1.09986E+16,5.01004E+16
176639,9,1,62,0,2018,5,8,4,3,5,3,0,1,1,0,0,0,0,0,6.91644E+20,5.33705E+21,1.15771E+16,4.81577E+16
176640,9,1,62,0,2018,5,17,4,3,5,3,0,1,1,0,0,0,0,0,6.89971E+20,5.34017E+21,1.1556E+16,4.81864E+16
176641,9,1,62,0,2018,5,7,4,2,1,5,0,1,1,0,0,0,0,0,6.93966E+20,5.33114E+21,1.16056E+16,4.81039E+16
176642,9,1,73,126,2018,5,10,7,3,5,3,0,0,1,0,0,1,0,0,6.86327E+20,5.30268E+21,1.14907E+16,4.78505E+16
176643,9,1,62,0,2018,5,8,4,3,3,6,0,0,1,0,1,0,0,0,6.88594E+20,5.33364E+21,1.15346E+16,4.81281E+16
176644,9,1,62,0,2018,5,10,4,3,3,6,0,1,0,0,0,0,0,0,6.9424E+20,5.33644E+21,1.16117E+16,4.81515E+16
176645,9,2,78,172,2018,5,21,7,3,9,1,2,0,1,0,0,0,0,0,7.52241E+20,5.41841E+21,1.24398E+16,4.88673E+16
176646,9,1,62,0,2018,5,18,4,2,4,2,0,0,1,0,0,0,0,0,6.84483E+20,5.33286E+21,1.14791E+16,4.81223E+16
176647,9,4,63,0,2018,5,16,6,3,0,3,0,0,1,0,0,0,1,0,6.4013E+20,5.56843E+21,1.09656E+16,5.02514E+16
176648,9,1,62,0,2018,5,17,4,3,5,3,0,1,1,0,0,0,0,0,6.87642E+20,5.34122E+21,1.15252E+16,4.81965E+16
176649,9,1,62,0,2018,5,7,4,2,4,2,0,0,1,0,1,1,0,0,6.87998E+20,5.33232E+21,1.1526E+16,4.81163E+16
176650,9,4,63,0,2018,5,15,6,3,2,6,0,0,1,0,0,0,0,0,6.39796E+20,5.57021E+21,1.09616E+16,5.02675E+16
176651,9,1,62,0,2018,5,14,4,3,5,3,0,1,1,0,0,0,0,0,6.90635E+20,5.34091E+21,1.15653E+16,4.81927E+16
176652,9,1,62,0,2018,5,16,4,3,5,3,0,0,1,0,0,0,0,0,6.86187E+20,5.33526E+21,1.1503E+16,4.81433E+16
176653,9,1,62,0,2018,5,14,4,3,4,6,0,1,0,0,0,0,0,0,6.86205E+20,5.33476E+21,1.1503E+16,4.81388E+16
176654,9,1,87,150,2018,5,22,7,3,4,1,2,0,1,0,1,0,0,0,7.29638E+20,5.30455E+21,1.20699E+16,4.78532E+16
176655,9,1,62,0,2018,5,10,4,3,0,2,0,0,1,0,1,0,0,0,6.92824E+20,5.33537E+21,1.15922E+16,4.81423E+16
176656,9,4,63,0,2018,5,9,6,3,6,7,0,0,1,1,0,0,0,0,6.40026E+20,5.5694E+21,1.09645E+16,5.02602E+16
176657,9,1,84,131,2018,5,6,4,2,5,3,0,1,1,0,0,0,0,0,7.05516E+20,5.33785E+21,1.17638E+16,4.81606E+16
176658,9,1,62,0,2018,5,8,4,3,1,5,0,1,1,0,0,0,0,0,6.92391E+20,5.33877E+21,1.15879E+16,4.8173E+16
176659,9,4,77,128,2018,5,14,6,3,1,6,0,0,1,0,0,0,0,0,6.76265E+20,5.55475E+21,1.14657E+16,5.01188E+16
176660,9,4,72,119,2018,5,15,6,2,8,1,0,0,1,0,0,0,0,0,6.87193E+20,5.53978E+21,1.16111E+16,4.99809E+16
176661,9,7,75,135,2018,5,8,4,3,5,3,0,1,1,0,0,0,0,0,5.76527E+20,5.3624E+21,1.00341E+16,4.84101E+16