OBJECTID_1,ULAND,UREGBEZ,UKREIS,UGEMEINDE,UJAHR,UMONAT,USTUNDE,UWOCHENTAG,UKATEGORIE,UART,UTYP1,ULICHTVERH,IstRad,IstPKW,IstFuss,IstKrad,IstGkfz,IstSonstig,STRZUSTAND,LINREFX,LINREFY,XGCSWGS84,YGCSWGS84
176662,9,7,75,135,2018,5,19,4,2,5,3,0,1,0,0,0,0,0,0,5.74739E+20,5.36036E+21,1.00096E+16,4.8392E+16
176663,9,4,72,146,2018,5,7,6,3,5,3,0,0,0,0,1,1,0,0,6.83837E+20,5.5283E+21,1.15589E+16,4.98789E+16
176664,9,7,64,0,2018,5,14,4,3,2,6,0,0,1,0,0,0,0,0,5.87118E+20,5.31705E+21,1.01679E+16,4.80008E+16
176665,9,7,74,143,2018,5,10,4,2,0,3,0,0,0,0,0,0,1,0,5.96084E+20,5.36039E+21,1.02979E+16,4.83893E+16
176666,9,1,81,144,2018,5,13,7,3,9,1,0,1,0,0,0,0,0,0,6.56295E+20,5.32101E+21,1.10962E+16,4.80232E+16
176667,9,7,77,151,2018,5,16,4,3,2,7,0,0,1,0,0,0,0,0,6.20728E+20,5.29277E+21,1.06115E+16,4.7777E+16
176668,9,4,62,0,2018,5,12,6,3,5,7,0,0,1,0,0,0,0,0,6.85391E+20,5.53666E+21,1.15845E+16,4.99535E+16
176669,9,7,76,116,2018,5,13,4,3,6,7,0,0,1,1,0,0,0,0,5.54996E+20,5.26518E+21,9.73075E+15,4.75377E+16
176670,9,7,79,201,2018,5,14,4,3,0,1,0,1,0,0,0,0,0,0,6.41952E+20,5.39477E+21,1.09289E+16,4.86898E+16
176671,9,4,62,0,2018,5,11,6,3,1,3,0,0,1,0,1,0,0,0,6.86485E+20,5.53798E+21,1.16004E+16,4.9965E+16
176672,9,7,79,131,2018,5,13,4,3,6,7,0,0,1,1,0,0,0,0,6.30413E+20,5.39737E+21,1.0773E+16,4.87157E+16
176673,9,5,61,0,2018,5,18,7,3,6,7,0,0,1,1,0,0,0,0,6.14024E+20,5.46256E+21,1.05686E+16,4.93052E+16
176674,9,1,62,0,2018,5,8,6,3,5,2,0,1,1,0,0,0,0,0,6.88362E+20,5.33825E+21,1.15335E+16,4.81696E+16
176675,9,7,73,125,2018,5,14,4,3,0,6,0,1,1,0,0,0,0,0,6.08664E+20,5.38126E+21,1.04732E+16,4.8575E+16
176676,9,5,64,0,2018,5,12,7,3,2,6,0,0,1,0,0,0,0,0,6.49933E+20,5.47924E+21,1.10685E+16,4.94473E+16
176677,9,1,62,0,2018,5,15,6,3,5,3,0,1,1,0,0,0,0,0,6.93116E+20,5.33191E+21,1.15945E+16,4.81111E+16
176678,9,7,72,163,2018,5,10,4,3,5,2,0,0,1,0,0,0,0,0,6.40075E+20,5.34983E+21,1.08883E+16,4.82861E+16
176679,9,4,71,155,2018,5,15,6,3,5,3,0,1,1,0,0,0,0,0,6.44211E+20,5.53041E+21,1.10085E+16,4.99087E+16
176680,9,7,61,0,2018,5,7,4,3,5,3,0,0,1,0,0,0,1,0,6.38077E+20,5.36037E+21,1.08648E+16,4.83814E+16
176681,9,7,61,0,2018,5,8,4,3,1,1,0,0,1,0,0,0,0,0,6.41072E+20,5.35839E+21,1.09046E+16,4.83629E+16
176682,9,3,74,131,2018,5,16,6,2,0,2,0,1,0,0,0,0,0,0,7.16099E+20,5.50059E+21,1.1992E+16,4.96192E+16
176683,9,7,61,0,2018,5,15,4,3,5,3,0,1,1,0,0,0,0,0,6.41244E+20,5.35221E+21,1.09049E+16,4.83073E+16
176684,9,3,62,0,2018,5,16,7,2,0,1,0,0,0,0,1,0,0,0,7.26245E+20,5.43101E+21,1.20928E+16,4.89905E+16
176685,9,3,75,117,2018,5,13,6,3,5,3,0,1,0,0,0,1,0,0,7.34573E+20,5.43227E+21,1.22072E+16,4.89987E+16
176686,9,7,61,0,2018,5,11,4,3,5,3,0,0,1,0,0,0,0,0,6.39805E+20,5.35974E+21,1.08879E+16,4.83753E+16
176687,9,6,63,0,2018,5,13,4,2,5,3,0,1,0,0,0,0,0,0,5.67004E+20,5.51625E+21,9.93099E+15,4.9795E+16
176688,9,3,75,174,2018,5,9,6,3,5,3,0,0,1,0,0,0,1,0,7.34766E+20,5.43111E+21,1.22092E+16,4.89882E+16
176689,9,6,63,0,2018,5,18,4,3,4,6,0,1,0,0,0,0,0,0,5.66604E+20,5.51655E+21,9.92548E+15,4.97977E+16
176690,9,6,63,0,2018,5,8,4,3,5,3,0,0,1,0,1,0,0,0,5.67628E+20,5.51673E+21,9.93973E+15,4.97992E+16
176691,9,3,62,0,2018,5,19,6,3,1,6,0,0,1,0,0,0,0,0,7.25813E+20,5.43337E+21,1.20882E+16,4.90119E+16
176692,9,6,63,0,2018,5,8,4,3,3,7,0,1,1,0,0,0,0,0,5.70019E+20,5.51641E+21,9.97291E+15,4.9796E+16
176693,9,6,78,183,2018,5,16,4,2,9,7,0,0,0,0,1,0,0,0,5.95228E+20,5.5322E+21,1.0327E+16,4.99346E+16
176694,9,3,62,0,2018,5,14,6,3,3,2,0,0,1,0,0,1,0,0,7.26669E+20,5.4323E+21,1.20993E+16,4.9002E+16
176695,9,6,62,0,2018,5,17,4,3,5,3,0,0,1,0,0,0,1,0,5.8652E+20,5.54394E+21,1.02083E+16,5.00415E+16
176696,9,2,61,0,2018,5,17,7,3,6,7,0,1,0,1,0,0,0,0,7.31751E+20,5.38226E+21,1.21405E+16,4.85505E+16
176697,9,5,62,0,2018,5,12,4,3,5,3,0,1,1,0,0,0,0,0,6.4494E+20,5.49468E+21,1.10054E+16,4.95873E+16
176698,9,3,62,0,2018,5,8,6,3,5,3,0,0,1,0,0,0,0,0,7.27176E+20,5.43192E+21,1.2106E+16,4.89983E+16
176699,9,5,62,0,2018,5,13,4,3,3,2,0,1,1,0,0,0,0,0,6.45291E+20,5.49524E+21,1.10104E+16,4.95922E+16
176700,9,5,74,117,2018,5,13,4,2,0,1,0,1,0,0,0,0,0,0,6.69019E+20,5.46642E+21,1.13262E+16,4.9327E+16
176701,9,3,62,0,2018,5,17,6,3,5,2,0,1,1,0,0,0,0,0,7.26107E+20,5.43189E+21,1.20914E+16,4.89985E+16
176702,9,5,64,0,2018,5,15,4,3,2,6,0,0,1,0,0,0,0,0,6.52129E+20,5.47962E+21,1.1099E+16,4.94502E+16
176703,9,5,64,0,2018,5,12,4,3,3,2,0,1,0,0,0,1,0,0,6.52452E+20,5.48341E+21,1.11049E+16,4.94842E+16
176704,9,1,86,143,2018,5,11,7,2,0,1,0,0,0,0,0,0,1,0,6.77838E+20,5.37935E+21,1.14095E+16,4.8542E+16
176705,9,5,64,0,2018,5,10,4,3,0,7,0,1,0,0,0,0,0,0,6.51523E+20,5.48136E+21,1.10913E+16,4.9466E+16
176706,9,5,64,0,2018,5,8,4,3,5,3,0,1,1,0,0,0,0,0,6.50834E+20,5.47974E+21,1.10811E+16,4.94516E+16
176707,9,4,78,139,2018,5,13,4,3,5,3,0,1,1,0,0,0,0,0,6.47727E+20,5.5572E+21,1.10678E+16,5.01486E+16
176708,9,1,89,148,2018,5,11,7,3,2,6,0,0,1,0,0,0,0,0,7.74625E+20,5.30914E+21,1.2673E+16,4.78768E+16
176709,9,4,72,190,2018,5,8,4,3,0,7,0,1,0,0,0,0,0,0,7.0001E+20,5.52862E+21,1.17839E+16,4.98765E+16
176710,9,3,72,137,2018,5,20,6,2,0,1,1,0,0,0,1,0,0,0,7.80427E+20,5.45492E+21,1.28485E+16,4.91828E+16
176711,9,3,63,0,2018,5,16,4,3,5,3,0,1,1,0,0,0,0,0,7.26926E+20,5.50736E+21,1.21456E+16,4.9676E+16
176712,9,3,72,171,2018,5,20,4,3,6,4,0,1,0,1,0,0,0,0,7.68989E+20,5.47605E+21,1.27061E+16,4.93777E+16
176713,9,3,72,164,2018,5,12,6,3,8,1,0,0,1,0,0,0,0,0,7.67544E+20,5.45187E+21,1.26701E+16,4.91613E+16
176714,9,3,72,124,2018,5,7,4,2,8,1,0,0,0,0,1,0,0,0,7.84813E+20,5.46608E+21,1.29165E+16,4.92811E+16
176715,9,3,62,0,2018,5,14,4,3,5,3,0,0,1,0,0,0,0,0,7.27202E+20,5.43554E+21,1.21084E+16,4.90308E+16
176716,9,1,78,145,2018,5,12,7,3,5,1,0,0,1,0,0,0,0,0,6.97582E+20,5.35386E+21,1.16647E+16,4.83071E+16
176717,9,3,61,0,2018,5,17,4,3,4,2,0,0,1,0,0,0,0,0,7.05563E+20,5.48077E+21,1.1836E+16,4.94448E+16
176718,9,3,61,0,2018,5,7,6,2,5,2,0,1,1,0,0,0,0,0,7.08255E+20,5.47968E+21,1.18725E+16,4.94341E+16
176719,9,2,78,113,2018,5,10,4,1,8,1,0,0,0,0,1,0,0,0,7.66744E+20,5.4191E+21,1.26376E+16,4.88674E+16
176720,9,2,63,0,2018,5,17,4,3,0,1,0,1,0,0,0,0,0,0,7.59649E+20,5.41879E+21,1.25408E+16,4.88677E+16
176721,9,2,76,126,2018,5,15,6,2,1,3,0,0,1,0,1,0,0,0,8.06479E+20,5.42467E+21,1.31822E+16,4.8899E+16
176722,9,2,71,119,2018,5,15,4,3,0,7,0,1,0,0,0,0,0,0,7.90595E+20,5.41653E+21,1.29602E+16,4.88336E+16
176723,9,2,75,116,2018,5,10,4,3,5,3,0,1,1,0,0,0,0,0,8.19302E+20,5.36427E+21,1.33102E+16,4.83507E+16
176724,9,2,71,119,2018,5,21,6,3,0,7,2,1,0,0,0,0,0,0,7.90352E+20,5.41604E+21,1.29566E+16,4.88294E+16
176725,9,2,61,0,2018,5,8,4,3,1,1,0,1,1,0,0,0,0,0,7.33566E+20,5.38093E+21,1.21643E+16,4.8538E+16
176726,9,5,64,0,2018,5,19,7,3,3,7,0,0,1,0,0,0,0,0,6.54508E+20,5.47767E+21,1.1131E+16,4.94321E+16
176727,9,1,62,0,2018,5,11,6,3,3,5,0,1,1,0,0,0,0,0,6.91949E+20,5.33613E+21,1.15808E+16,4.81494E+16
176728,9,2,79,112,2018,5,7,4,3,6,7,0,0,1,1,0,0,0,0,7.58225E+20,5.39216E+21,1.25048E+16,4.86291E+16
176729,9,2,71,119,2018,5,7,6,3,5,3,0,0,1,0,0,0,0,0,7.90295E+20,5.41669E+21,1.29563E+16,4.88352E+16
176730,9,1,80,124,2018,5,17,4,3,1,1,0,1,1,0,0,0,0,0,6.65241E+20,5.28259E+21,1.12014E+16,4.76755E+16
176731,9,1,83,148,2018,5,7,4,3,0,2,0,1,1,0,0,0,0,0,7.53364E+20,5.34441E+21,1.24101E+16,4.82023E+16
176732,9,2,75,116,2018,5,11,6,3,0,7,0,1,0,0,0,0,0,0,8.19771E+20,5.36446E+21,1.33167E+16,4.83522E+16
176733,9,1,72,114,2018,5,18,4,3,2,6,0,0,1,0,0,0,1,0,7.90998E+20,5.29355E+21,1.28811E+16,4.77296E+16
176734,9,3,73,147,2018,5,11,7,3,5,2,0,1,1,0,0,0,0,0,6.78688E+20,5.46175E+21,1.1457E+16,4.92824E+16
176735,9,1,85,158,2018,5,23,4,2,0,1,2,1,0,0,0,0,0,0,6.67315E+20,5.38093E+21,1.12676E+16,4.85591E+16
176736,9,2,72,127,2018,5,18,6,2,6,6,0,1,0,1,0,0,0,0,8.29134E+20,5.42128E+21,1.34877E+16,4.8857E+16
176737,9,1,86,143,2018,5,12,4,3,5,3,0,0,1,0,1,0,0,0,6.84239E+20,5.37786E+21,1.14954E+16,4.85268E+16
176738,9,3,75,196,2018,5,18,7,3,2,6,0,0,1,0,1,0,0,0,7.29429E+20,5.41426E+21,1.21269E+16,4.88389E+16
176739,9,1,85,149,2018,5,9,4,3,5,7,0,0,1,0,0,0,0,0,6.6231E+20,5.39913E+21,1.1207E+16,4.87241E+16
176740,9,1,76,126,2018,5,15,4,3,5,3,0,1,1,0,0,0,0,0,6.73833E+20,5.40837E+21,1.13675E+16,4.8804E+16
176741,9,2,74,121,2018,5,17,6,2,9,1,0,0,1,0,0,0,0,0,7.23227E+20,5.37034E+21,1.20188E+16,4.84466E+16
176742,9,1,88,139,2018,5,15,4,3,1,7,0,1,1,0,0,0,0,0,6.74867E+20,5.31902E+21,1.13443E+16,4.80006E+16
176743,9,1,81,130,2018,5,13,4,3,2,6,0,0,1,0,0,0,0,0,6.39218E+20,5.32432E+21,1.08684E+16,4.8057E+16
176744,9,1,80,132,2018,5,11,7,3,9,1,0,0,0,0,1,0,0,0,6.639E+20,5.28407E+21,1.11842E+16,4.76892E+16
176745,9,1,79,123,2018,5,18,4,3,5,3,0,1,1,0,0,0,0,0,6.75983E+20,5.33339E+21,1.13652E+16,4.81294E+16
176746,9,2,79,122,2018,5,11,6,2,0,7,0,1,0,0,0,0,0,0,7.7234E+20,5.3979E+21,1.26997E+16,4.86747E+16
176747,9,1,79,138,2018,5,15,4,2,4,6,0,0,1,0,0,0,0,0,6.50401E+20,5.3355E+21,1.10223E+16,4.81549E+16
176748,9,1,62,0,2018,5,16,1,2,2,5,0,0,1,0,1,0,0,0,6.86331E+20,5.33438E+21,1.15045E+16,4.81353E+16
176749,9,1,62,0,2018,5,13,1,2,5,2,0,1,1,0,0,0,0,0,6.90193E+20,5.33329E+21,1.15559E+16,4.81245E+16
176750,9,1,76,123,2018,5,17,2,3,0,2,0,1,1,0,0,0,0,0,6.60269E+20,5.41798E+21,1.11866E+16,4.88941E+16
176751,9,1,62,0,2018,5,16,1,3,0,7,0,1,0,0,0,0,0,0,6.86214E+20,5.33514E+21,1.15033E+16,4.81422E+16
176752,9,1,62,0,2018,5,21,1,2,1,5,2,1,1,0,0,0,0,0,6.93525E+20,5.33312E+21,1.16006E+16,4.81219E+16
176753,9,4,61,0,2018,5,7,2,3,5,3,1,1,1,0,0,0,0,0,6.35895E+20,5.52871E+21,1.08922E+16,4.98953E+16
176754,9,1,62,0,2018,5,17,1,3,6,2,0,0,1,1,0,0,0,0,6.90831E+20,5.33943E+21,1.15672E+16,4.81794E+16
176755,9,1,62,0,2018,5,17,1,3,5,2,0,0,1,0,0,0,1,0,6.87412E+20,5.33398E+21,1.15189E+16,4.81315E+16
176756,9,1,62,0,2018,5,20,1,3,0,1,0,1,0,0,0,0,0,0,6.9295E+20,5.33438E+21,1.15934E+16,4.81334E+16
176757,9,1,62,0,2018,5,17,1,3,4,2,0,0,1,0,1,0,0,0,6.90863E+20,5.3372E+21,1.15666E+16,4.81593E+16
176758,9,1,62,0,2018,5,19,1,3,0,5,0,1,1,0,0,0,0,0,6.87816E+20,5.3324E+21,1.15236E+16,4.81171E+16
176759,9,4,78,139,2018,5,10,2,3,9,7,0,0,1,0,0,0,0,0,6.48385E+20,5.55906E+21,1.10777E+16,5.01651E+16
176760,9,3,73,147,2018,5,11,2,2,5,3,0,1,1,0,0,0,0,0,6.78955E+20,5.4612E+21,1.14605E+16,4.92774E+16
176761,9,1,84,135,2018,5,14,1,3,6,4,0,1,0,1,0,0,1,0,6.89825E+20,5.3476E+21,1.15574E+16,4.82532E+16
176762,9,1,62,0,2018,5,16,1,2,5,3,0,0,1,0,1,0,0,0,6.91954E+20,5.3376E+21,1.15815E+16,4.81626E+16
176763,9,1,62,0,2018,5,15,1,3,4,2,0,0,1,0,1,0,0,0,6.89702E+20,5.33191E+21,1.15487E+16,4.81122E+16
176764,9,1,62,0,2018,5,6,1,3,5,3,0,0,1,0,0,0,0,0,6.85108E+20,5.33497E+21,1.14884E+16,4.8141E+16
176765,9,1,62,0,2018,5,16,1,3,0,1,0,1,0,0,0,0,0,0,6.8093E+20,5.34022E+21,1.14345E+16,4.81894E+16
176766,9,1,62,0,2018,5,18,1,3,6,7,0,1,0,1,0,0,0,0,6.89979E+20,5.33594E+21,1.15542E+16,4.81483E+16
176767,9,3,76,119,2018,5,7,2,3,6,2,0,0,1,1,0,0,0,0,7.22747E+20,5.45409E+21,1.20578E+16,4.91991E+16
176768,9,1,62,0,2018,5,16,1,3,0,7,0,1,0,0,0,0,0,0,6.86762E+20,5.33714E+21,1.15115E+16,4.816E+16
176769,9,1,84,136,2018,5,18,1,3,5,3,0,0,1,0,1,0,0,0,6.97676E+20,5.3268E+21,1.16533E+16,4.80639E+16
176770,9,1,62,0,2018,5,0,1,3,1,7,2,1,1,0,0,0,0,0,6.91574E+20,5.33539E+21,1.15754E+16,4.81429E+16
176771,9,1,62,0,2018,5,16,1,3,5,3,0,0,1,0,0,0,0,0,6.90542E+20,5.33527E+21,1.15615E+16,4.81421E+16
176772,9,1,72,118,2018,5,19,2,3,5,3,0,1,1,0,0,0,0,0,7.97123E+20,5.30598E+21,1.2971E+16,4.78384E+16
176773,9,1,73,126,2018,5,18,2,3,5,2,0,1,1,0,0,0,0,0,6.85435E+20,5.30319E+21,1.1479E+16,4.78553E+16
176774,9,7,75,143,2018,5,15,1,3,0,1,0,1,0,0,0,0,0,0,5.86585E+20,5.35613E+21,1.01687E+16,4.83524E+16
176775,9,7,78,161,2018,5,17,1,2,4,6,0,0,1,0,1,0,0,0,5.86838E+20,5.30609E+21,1.01619E+16,4.79023E+16
176776,9,7,62,0,2018,5,16,1,3,5,3,0,0,1,0,0,0,0,0,6.22508E+20,5.30793E+21,1.06396E+16,4.7913E+16
176777,9,7,79,201,2018,5,3,1,3,9,1,2,0,1,0,0,0,0,0,6.4473E+20,5.39252E+21,1.09658E+16,4.86689E+16
176778,9,5,64,0,2018,5,15,3,3,0,3,0,1,1,0,0,0,0,0,6.49793E+20,5.46864E+21,1.10626E+16,4.9352E+16
176779,9,5,64,0,2018,5,14,3,3,0,1,0,0,0,0,1,0,0,0,6.45786E+20,5.48763E+21,1.10144E+16,4.95238E+16
176780,9,7,61,0,2018,5,7,2,3,5,3,0,1,1,0,0,0,0,0,6.40482E+20,5.35757E+21,1.08964E+16,4.83557E+16
176781,9,7,72,159,2018,5,17,1,3,0,7,0,1,0,0,0,0,0,0,6.26781E+20,5.36247E+21,1.0713E+16,4.84026E+16
176782,9,5,64,0,2018,5,17,3,3,2,6,0,0,1,0,0,0,0,0,6.4998E+20,5.48339E+21,1.10707E+16,4.94846E+16
176783,9,7,72,147,2018,5,14,1,3,5,3,0,1,1,0,0,0,0,0,6.39008E+20,5.36542E+21,1.08791E+16,4.84266E+16
176784,9,5,64,0,2018,5,18,3,3,5,3,0,1,1,0,0,0,0,0,6.47473E+20,5.47462E+21,1.10329E+16,4.94064E+16
176785,9,5,64,0,2018,5,8,3,2,5,3,0,1,0,0,0,0,0,0,6.52002E+20,5.47973E+21,1.10972E+16,4.94512E+16
176786,9,7,61,0,2018,5,17,1,3,0,2,0,0,1,0,0,0,1,0,6.42014E+20,5.3607E+21,1.09181E+16,4.83834E+16
176787,9,5,64,0,2018,5,19,3,3,0,7,0,1,0,1,0,0,0,0,6.51184E+20,5.48063E+21,1.10863E+16,4.94595E+16
176788,9,7,61,0,2018,5,16,1,3,0,7,0,1,0,0,0,0,0,0,6.43169E+20,5.36385E+21,1.09348E+16,4.84116E+16
176789,9,5,64,0,2018,5,14,3,3,3,2,0,1,1,0,0,0,0,0,6.5039E+20,5.47902E+21,1.10747E+16,4.94452E+16
176790,9,5,64,0,2018,5,9,3,3,3,6,0,0,1,0,0,0,0,0,6.46908E+20,5.47959E+21,1.10269E+16,4.94512E+16
176791,9,4,71,117,2018,5,18,2,3,0,1,0,1,0,0,0,0,0,0,6.30471E+20,5.52941E+21,1.08169E+16,4.99028E+16
176792,9,7,61,0,2018,5,2,1,3,0,1,2,1,0,0,0,0,0,0,6.41905E+20,5.36052E+21,1.09166E+16,4.83819E+16
176793,9,5,77,177,2018,5,16,3,3,6,3,0,0,1,1,0,0,0,0,6.43927E+20,5.43334E+21,1.09692E+16,4.90361E+16
176794,9,5,77,161,2018,5,19,3,3,0,1,0,1,0,0,0,0,0,0,6.44496E+20,5.44163E+21,1.098E+16,4.91105E+16
176795,9,7,61,0,2018,5,13,1,3,6,4,0,1,0,1,0,0,0,0,6.40549E+20,5.35931E+21,1.08978E+16,4.83713E+16
176796,9,5,71,135,2018,5,18,3,2,5,3,0,1,1,0,0,0,0,0,6.19111E+20,5.47175E+21,1.06413E+16,4.93867E+16
176797,9,7,61,0,2018,5,2,1,3,0,1,2,1,0,0,0,0,0,0,6.39807E+20,5.361E+21,1.08884E+16,4.83867E+16
176798,9,5,71,145,2018,5,20,3,2,2,6,0,1,1,0,0,0,0,0,5.96258E+20,5.44496E+21,1.032E+16,4.91499E+16
176799,9,5,71,174,2018,5,23,3,3,1,7,2,0,1,0,0,0,0,0,6.03145E+20,5.46135E+21,1.04186E+16,4.92962E+16
176800,9,3,73,119,2018,5,12,2,3,5,3,0,0,1,0,0,0,1,0,6.82545E+20,5.45625E+21,1.15075E+16,4.92318E+16
176801,9,7,61,0,2018,5,3,1,3,5,3,2,0,1,0,0,0,0,0,6.39627E+20,5.35955E+21,1.08855E+16,4.83737E+16
176802,9,4,64,0,2018,5,8,3,3,4,2,0,0,1,0,0,0,0,0,7.04877E+20,5.57711E+21,1.18775E+16,5.03105E+16
176803,9,7,71,113,2018,5,18,1,2,0,5,0,1,1,0,0,0,0,0,6.5719E+20,5.36851E+21,1.11259E+16,4.84501E+16
176804,9,5,77,173,2018,5,6,2,3,5,3,0,0,1,0,0,0,0,0,6.37822E+20,5.42735E+21,1.08837E+16,4.89836E+16
176805,9,4,73,159,2018,5,18,3,2,4,1,0,0,1,0,1,0,0,0,6.44355E+20,5.57146E+21,1.1026E+16,5.02776E+16
176806,9,3,62,0,2018,5,16,2,3,6,6,0,1,0,1,0,0,0,0,7.25951E+20,5.43163E+21,1.20892E+16,4.89962E+16
176807,9,7,71,114,2018,5,16,1,2,0,1,0,1,0,0,0,0,0,0,6.46687E+20,5.37207E+21,1.09851E+16,4.84846E+16
176808,9,4,76,145,2018,5,20,3,3,8,7,1,1,0,0,0,0,0,0,6.66079E+20,5.56709E+21,1.13287E+16,5.02326E+16
176809,9,6,76,145,2018,5,15,1,2,0,1,0,1,0,0,0,0,0,0,5.09833E+20,5.51945E+21,9.13671E+15,4.98274E+16
176810,9,6,61,0,2018,5,17,1,3,2,2,0,0,1,0,0,0,0,0,5.11208E+20,5.53489E+21,9.15628E+15,4.99663E+16
176811,9,4,76,145,2018,5,7,3,3,5,2,0,1,0,0,0,0,1,0,6.68748E+20,5.56723E+21,1.13662E+16,5.02332E+16
176812,9,5,74,157,2018,5,14,1,3,1,7,0,1,1,0,0,0,0,0,6.62271E+20,5.46952E+21,1.12347E+16,4.93568E+16
176813,9,4,63,0,2018,5,15,3,3,5,3,0,0,1,0,0,0,1,0,6.39765E+20,5.56875E+21,1.09606E+16,5.02544E+16
176814,9,4,62,0,2018,5,17,3,3,3,2,0,0,1,0,1,0,0,0,6.86465E+20,5.53744E+21,1.15998E+16,4.99601E+16
176815,9,2,76,138,2018,5,17,2,3,0,7,0,1,0,0,0,0,0,0,8.02361E+20,5.43352E+21,1.31327E+16,4.89805E+16
176816,9,5,76,143,2018,5,16,1,3,0,7,0,0,0,0,1,0,0,0,6.59229E+20,5.4614E+21,1.11896E+16,4.92846E+16
176817,9,4,74,129,2018,5,14,3,2,5,3,0,1,1,0,0,0,0,0,6.65975E+20,5.51328E+21,1.13041E+16,4.97491E+16
176818,9,5,74,138,2018,5,18,1,2,0,1,0,1,0,0,0,0,0,0,6.65039E+20,5.48691E+21,1.128E+16,4.95124E+16
176819,9,4,61,0,2018,5,16,3,3,2,6,0,1,1,0,0,0,0,0,6.35217E+20,5.52795E+21,1.08825E+16,4.98887E+16
176820,9,5,64,0,2018,5,19,1,2,7,1,0,1,0,0,0,0,0,0,6.57057E+20,5.47503E+21,1.11651E+16,4.94076E+16
176821,9,3,74,111,2018,5,17,3,3,1,6,0,0,1,0,1,0,0,0,7.27394E+20,5.51209E+21,1.21548E+16,4.97183E+16
176822,9,3,75,117,2018,5,7,3,3,2,6,0,0,1,0,1,0,0,0,7.33843E+20,5.43275E+21,1.21975E+16,4.90033E+16
176823,9,3,75,190,2018,5,21,3,3,7,7,2,0,0,0,1,0,0,0,7.26731E+20,5.44343E+21,1.21064E+16,4.91019E+16
176824,9,5,64,0,2018,5,1,1,3,2,6,2,0,1,0,0,0,0,0,6.49681E+20,5.47929E+21,1.10651E+16,4.94478E+16
176825,9,3,62,0,2018,5,7,3,3,5,3,0,1,1,0,0,0,0,0,7.25673E+20,5.43311E+21,1.20862E+16,4.90096E+16
176826,9,3,62,0,2018,5,15,3,3,0,1,0,0,0,0,1,0,0,0,7.2681E+20,5.43326E+21,1.21018E+16,4.90105E+16
176827,9,1,80,117,2018,5,7,2,2,6,3,0,0,1,1,0,0,0,0,6.58008E+20,5.26309E+21,1.10981E+16,4.7502E+16
176828,9,5,73,127,2018,5,10,1,3,6,1,0,0,1,1,0,0,0,0,6.46383E+20,5.474E+21,1.10177E+16,4.94011E+16
176829,9,3,73,147,2018,5,17,3,3,5,3,0,1,1,0,0,0,0,0,6.79604E+20,5.46081E+21,1.14692E+16,4.92737E+16
176830,9,5,77,161,2018,5,17,1,2,9,1,0,0,0,0,1,0,0,0,6.41152E+20,5.44192E+21,1.09343E+16,4.91139E+16
176831,9,2,71,141,2018,5,16,3,2,4,2,0,0,1,0,1,0,0,0,7.96189E+20,5.40084E+21,1.3025E+16,4.86902E+16
176832,9,5,75,156,2018,5,15,1,3,7,7,0,0,0,0,1,0,0,0,6.03685E+20,5.47833E+21,1.04305E+16,4.94488E+16
176833,9,2,77,116,2018,5,8,3,3,6,7,0,0,1,1,0,0,0,0,7.77712E+20,5.36792E+21,1.27526E+16,4.84032E+16
176834,9,2,61,0,2018,5,11,3,3,2,6,0,0,1,0,0,0,0,0,7.31679E+20,5.38203E+21,1.21394E+16,4.85486E+16
176835,9,4,72,198,2018,5,16,2,2,9,1,0,0,0,0,0,0,1,0,6.98503E+20,5.54077E+21,1.17692E+16,4.99862E+16
176836,9,4,79,169,2018,5,20,1,3,5,3,0,1,0,0,0,0,0,0,7.12706E+20,5.54587E+21,1.19699E+16,5.00271E+16
176837,9,2,74,126,2018,5,6,3,3,1,7,0,0,1,0,0,0,1,0,7.34162E+20,5.38541E+21,1.21749E+16,4.8578E+16
176838,9,2,61,0,2018,5,21,3,3,5,3,1,0,1,0,0,0,0,0,7.31743E+20,5.38053E+21,1.21395E+16,4.8535E+16
176839,9,1,77,117,2018,5,9,2,3,3,6,0,0,1,0,0,0,0,0,7.15542E+20,5.35558E+21,1.19075E+16,4.83167E+16
176840,9,1,73,126,2018,5,14,3,3,0,1,0,1,0,0,0,0,0,0,6.80667E+20,5.3076E+21,1.14172E+16,4.78963E+16
176841,9,4,79,161,2018,5,15,1,2,5,3,0,0,1,0,0,0,0,0,7.11033E+20,5.54436E+21,1.19457E+16,5.00141E+16
176842,9,1,73,126,2018,5,14,3,3,0,7,0,1,0,0,0,0,0,0,6.85337E+20,5.3034E+21,1.14778E+16,4.78572E+16
176843,9,1,73,126,2018,5,9,3,3,5,3,0,1,1,0,0,0,0,0,6.85224E+20,5.30476E+21,1.14769E+16,4.78695E+16
176844,9,1,87,162,2018,5,15,2,3,0,1,0,1,0,0,0,0,0,0,7.50285E+20,5.30569E+21,1.23461E+16,4.78558E+16
176845,9,1,72,122,2018,5,16,3,3,8,6,0,1,1,0,0,0,0,0,7.93907E+20,5.3171E+21,1.29357E+16,4.79397E+16
176846,9,4,79,152,2018,5,17,1,3,8,1,0,0,1,0,0,0,0,0,7.26447E+20,5.56227E+21,1.21712E+16,5.01693E+16
176847,9,1,71,125,2018,5,16,3,2,0,1,0,1,0,0,0,0,0,0,7.73803E+20,5.35005E+21,1.26882E+16,4.82444E+16
176848,9,4,72,119,2018,5,14,1,2,0,1,0,1,0,0,0,0,0,0,6.85456E+20,5.54158E+21,1.15878E+16,4.99976E+16