OBJECTID_1,ULAND,UREGBEZ,UKREIS,UGEMEINDE,UJAHR,UMONAT,USTUNDE,UWOCHENTAG,UKATEGORIE,UART,UTYP1,ULICHTVERH,IstRad,IstPKW,IstFuss,IstKrad,IstGkfz,IstSonstig,STRZUSTAND,LINREFX,LINREFY,XGCSWGS84,YGCSWGS84
176849,9,1,71,129,2018,5,11,3,3,4,6,0,0,0,0,0,0,1,0,7.74582E+20,5.35386E+21,1.27012E+16,4.82783E+16
176850,9,1,63,0,2018,5,16,3,3,6,7,0,0,1,1,0,0,0,0,7.34232E+20,5.30541E+21,1.21317E+16,4.78593E+16
176851,9,4,61,0,2018,5,12,2,3,4,2,0,1,0,0,1,0,0,0,6.36509E+20,5.52869E+21,1.09007E+16,4.9895E+16
176852,9,4,61,0,2018,5,19,1,3,5,7,0,1,1,0,0,0,0,0,6.37354E+20,5.52813E+21,1.09122E+16,4.98898E+16
176853,9,1,87,122,2018,5,16,3,3,0,1,0,1,0,0,0,0,0,0,7.1772E+20,5.30895E+21,1.1913E+16,4.78969E+16
176854,9,1,76,161,2018,5,16,3,3,6,4,0,0,1,1,0,0,0,0,6.80307E+20,5.4142E+21,1.14581E+16,4.88546E+16
176855,9,3,62,0,2018,5,11,1,3,0,1,0,1,0,0,0,0,0,0,7.25251E+20,5.43382E+21,1.20808E+16,4.90161E+16
176856,9,1,79,118,2018,5,13,3,3,3,6,0,1,0,0,0,0,0,0,6.72904E+20,5.33801E+21,1.13257E+16,4.81718E+16
176857,9,3,62,0,2018,5,20,1,3,4,6,0,0,1,0,1,0,0,0,7.2798E+20,5.43676E+21,1.21197E+16,4.90415E+16
176858,9,1,74,115,2018,5,16,3,3,0,1,0,1,0,0,0,0,0,0,6.83756E+20,5.3477E+21,1.14757E+16,4.82559E+16
176859,9,3,73,159,2018,5,5,1,3,0,1,1,1,0,0,0,0,0,0,6.79056E+20,5.45711E+21,1.146E+16,4.92405E+16
176860,9,1,74,126,2018,5,7,3,3,1,3,0,1,0,0,0,0,1,0,6.84301E+20,5.34466E+21,1.14817E+16,4.82283E+16
176861,9,5,75,112,2018,5,12,2,3,6,6,0,0,1,1,0,0,0,0,6.0249E+20,5.48471E+21,1.04157E+16,4.95063E+16
176862,9,1,78,143,2018,5,15,3,3,5,2,0,1,1,0,0,0,0,0,7.1747E+20,5.37395E+21,1.19429E+16,4.8481E+16
176863,9,3,62,0,2018,5,16,2,2,0,3,0,0,0,0,1,0,1,0,7.27629E+20,5.43521E+21,1.21141E+16,4.90277E+16
176864,9,3,76,149,2018,5,19,1,2,2,6,0,0,0,0,1,0,0,0,7.35497E+20,5.4545E+21,1.22328E+16,4.9198E+16
176865,9,1,78,124,2018,5,22,3,3,0,3,2,1,1,0,0,0,0,0,7.03295E+20,5.36394E+21,1.17465E+16,4.83958E+16
176866,9,3,61,0,2018,5,15,1,2,0,1,0,1,0,0,0,0,0,0,7.06958E+20,5.48044E+21,1.1855E+16,4.94414E+16
176867,9,2,75,116,2018,5,10,1,2,0,1,0,1,0,0,0,0,0,0,8.20443E+20,5.3639E+21,1.33253E+16,4.83469E+16
176868,9,1,78,124,2018,5,2,3,3,0,1,2,1,0,0,0,0,0,0,7.02967E+20,5.36459E+21,1.17424E+16,4.84017E+16
176869,9,1,73,137,2018,5,13,1,3,0,7,0,1,0,0,0,0,0,0,6.75276E+20,5.29746E+21,1.1341E+16,4.78066E+16
176870,9,1,62,0,2018,5,14,2,3,5,2,0,0,1,0,0,0,0,0,6.86087E+20,5.33763E+21,1.15027E+16,4.81646E+16
176871,9,1,62,0,2018,5,11,2,3,5,7,0,1,0,0,0,1,0,0,6.90014E+20,5.33738E+21,1.15553E+16,4.81613E+16
176872,9,1,90,152,2018,5,15,2,1,5,3,0,0,1,0,0,0,1,0,6.71778E+20,5.29702E+21,1.12942E+16,4.78036E+16
176873,9,1,73,120,2018,5,11,1,2,2,6,0,1,0,0,0,0,0,0,6.82964E+20,5.31064E+21,1.14492E+16,4.79229E+16
176874,9,1,90,139,2018,5,8,1,3,5,3,0,0,1,0,0,0,0,0,6.55457E+20,5.29656E+21,1.10762E+16,4.78036E+16
176875,9,1,62,0,2018,5,16,2,3,4,6,0,1,0,0,0,0,0,0,6.91282E+20,5.33448E+21,1.15711E+16,4.81348E+16
176876,9,1,62,0,2018,5,11,2,3,1,6,0,1,1,0,0,0,0,0,6.89178E+20,5.33635E+21,1.15436E+16,4.81523E+16
176877,9,3,72,116,2018,5,17,2,3,4,6,0,0,1,0,0,0,0,0,7.66956E+20,5.45866E+21,1.26665E+16,4.92225E+16
176878,9,1,90,130,2018,5,17,1,3,2,6,0,0,1,0,0,0,0,0,6.49647E+20,5.29635E+21,1.09986E+16,4.78031E+16
176879,9,1,62,0,2018,5,8,2,3,5,3,0,0,1,0,0,0,0,0,6.91267E+20,5.34291E+21,1.15746E+16,4.82106E+16
176880,9,1,71,112,2018,5,9,1,3,0,7,0,1,0,0,0,0,0,0,7.84655E+20,5.34248E+21,1.2829E+16,4.81717E+16
176881,9,1,72,132,2018,5,18,1,3,9,1,0,0,1,0,0,0,0,0,8.00206E+20,5.28114E+21,1.2995E+16,4.7614E+16
176882,9,1,62,0,2018,5,11,2,3,5,3,0,1,1,0,0,0,0,0,6.91149E+20,5.33625E+21,1.15701E+16,4.81508E+16
176883,9,1,62,0,2018,5,9,2,3,5,3,0,1,1,0,0,0,0,0,6.88468E+20,5.33809E+21,1.15349E+16,4.81681E+16
176884,9,1,63,0,2018,5,11,1,3,5,3,0,1,1,0,0,0,0,0,7.32103E+20,5.3057E+21,1.21034E+16,4.78627E+16
176885,9,1,84,131,2018,5,11,2,3,1,5,0,1,1,0,0,0,0,0,7.05122E+20,5.33802E+21,1.17586E+16,4.81623E+16
176886,9,1,84,140,2018,5,17,2,3,5,3,0,1,1,0,0,0,0,0,7.02757E+20,5.32825E+21,1.17222E+16,4.80753E+16
176887,9,1,83,129,2018,5,17,2,2,8,1,0,1,0,0,0,0,0,0,7.59673E+20,5.36185E+21,1.25055E+16,4.83564E+16
176888,9,1,62,0,2018,5,7,2,3,7,7,0,1,0,0,0,0,1,0,6.9184E+20,5.33574E+21,1.15791E+16,4.81459E+16
176889,9,1,82,136,2018,5,10,1,3,0,6,0,1,1,0,0,0,0,0,7.08112E+20,5.29716E+21,1.17789E+16,4.77942E+16
176890,9,1,62,0,2018,5,8,2,2,5,2,0,0,1,0,0,0,0,0,6.86491E+20,5.33833E+21,1.15084E+16,4.81708E+16
176891,9,1,62,0,2018,5,19,2,2,1,1,0,0,1,0,1,0,0,0,6.94906E+20,5.333E+21,1.1619E+16,4.81204E+16
176892,9,1,61,0,2018,5,16,1,2,0,7,0,1,0,0,0,0,1,0,6.77145E+20,5.40189E+21,1.14097E+16,4.87448E+16
176893,9,1,62,0,2018,5,18,2,3,0,6,0,0,1,0,0,0,1,0,6.923E+20,5.33808E+21,1.15864E+16,4.81668E+16
176894,9,1,79,142,2018,5,3,1,3,0,1,2,1,0,0,0,0,0,0,6.74962E+20,5.34383E+21,1.13557E+16,4.82236E+16
176895,9,1,62,0,2018,5,11,2,3,3,6,0,1,0,0,0,0,0,0,6.92795E+20,5.33678E+21,1.15924E+16,4.8155E+16
176896,9,1,62,0,2018,5,12,2,3,5,7,0,1,1,0,0,0,0,0,6.91298E+20,5.3319E+21,1.15701E+16,4.81116E+16
176897,9,1,81,128,2018,5,11,1,2,0,1,0,1,0,0,0,0,0,0,6.38494E+20,5.32735E+21,1.08597E+16,4.80843E+16
176898,9,1,62,0,2018,5,10,2,3,2,6,0,1,1,0,0,0,0,0,6.89022E+20,5.32997E+21,1.15387E+16,4.8095E+16
176899,9,1,62,0,2018,5,7,2,1,3,2,0,1,0,0,0,1,0,0,6.907E+20,5.34029E+21,1.15658E+16,4.81872E+16
176900,9,1,81,130,2018,5,17,2,2,5,3,0,1,1,0,0,0,0,0,6.39053E+20,5.32497E+21,1.08664E+16,4.80629E+16
176901,9,1,62,0,2018,5,16,2,3,3,6,0,0,1,0,1,0,0,0,6.91412E+20,5.34036E+21,1.15755E+16,4.81876E+16
176902,9,1,88,127,2018,5,17,1,3,8,1,0,0,0,0,1,0,0,0,6.72568E+20,5.32778E+21,1.1317E+16,4.80799E+16
176903,9,1,62,0,2018,5,11,2,3,0,7,0,0,0,0,0,0,1,0,6.90374E+20,5.34311E+21,1.15627E+16,4.82126E+16
176904,9,1,74,115,2018,5,18,1,3,0,1,0,1,0,0,0,0,0,0,6.82245E+20,5.34698E+21,1.14551E+16,4.82498E+16
176905,9,1,62,0,2018,5,17,2,3,1,6,0,0,1,0,1,0,0,0,6.92206E+20,5.34189E+21,1.15868E+16,4.82011E+16
176906,9,1,62,0,2018,5,18,2,3,3,3,0,1,1,0,0,0,0,0,6.91167E+20,5.34081E+21,1.15724E+16,4.81917E+16
176907,9,3,63,0,2018,5,14,2,3,2,6,0,0,1,0,1,0,0,0,7.28443E+20,5.50761E+21,1.21667E+16,4.96776E+16
176908,9,1,77,133,2018,5,0,1,3,3,6,0,0,1,0,0,0,0,0,7.06307E+20,5.35952E+21,1.1785E+16,4.83551E+16
176909,9,1,75,127,2018,5,16,1,2,0,7,0,1,0,0,0,0,0,0,7.13106E+20,5.34136E+21,1.18675E+16,4.81897E+16
176910,9,1,62,0,2018,5,9,2,2,3,6,0,1,0,0,0,0,0,0,6.88478E+20,5.33637E+21,1.15342E+16,4.81526E+16
176911,9,1,62,0,2018,5,13,2,3,5,2,0,0,1,0,0,0,0,0,6.89049E+20,5.33556E+21,1.15416E+16,4.81452E+16
176912,9,4,62,0,2018,5,19,2,3,5,3,0,0,1,0,1,0,0,0,6.85674E+20,5.53755E+21,1.15889E+16,4.99614E+16
176913,9,1,78,116,2018,5,13,1,2,5,3,0,0,1,0,1,0,0,0,7.02457E+20,5.38189E+21,1.17439E+16,4.85573E+16
176914,9,1,62,0,2018,5,15,2,3,3,6,0,1,0,0,0,0,0,0,6.89957E+20,5.33595E+21,1.15539E+16,4.81484E+16
176915,9,1,62,0,2018,5,8,2,2,5,2,0,1,1,0,0,0,0,0,6.89932E+20,5.3366E+21,1.15539E+16,4.81543E+16
176916,9,2,74,183,2018,5,19,1,2,4,6,0,1,0,0,1,0,0,0,7.39128E+20,5.36047E+21,1.22279E+16,4.83521E+16
176917,9,1,62,0,2018,5,16,2,3,5,3,0,1,1,0,0,0,0,0,6.99497E+20,5.33159E+21,1.168E+16,4.81063E+16
176918,9,1,62,0,2018,5,13,7,3,2,6,0,0,1,0,0,0,0,0,6.9601E+20,5.33843E+21,1.16364E+16,4.81689E+16
176919,9,1,84,123,2018,5,10,2,3,0,7,0,1,1,0,0,0,1,0,7.02984E+20,5.33195E+21,1.1727E+16,4.81085E+16
176920,9,1,62,0,2018,5,19,2,3,5,6,0,1,0,0,0,0,0,0,6.94875E+20,5.33242E+21,1.16183E+16,4.81152E+16
176921,9,3,73,147,2018,5,13,2,3,2,6,0,0,1,0,0,0,0,0,6.78325E+20,5.46201E+21,1.14522E+16,4.92848E+16
176922,9,1,62,0,2018,5,20,7,3,1,1,0,0,1,0,1,0,0,0,6.91317E+20,5.33861E+21,1.15734E+16,4.81719E+16
176923,9,1,62,0,2018,5,9,2,3,3,6,0,0,1,0,1,0,0,0,6.93854E+20,5.33511E+21,1.16059E+16,4.81397E+16
176924,9,1,84,142,2018,5,17,7,2,5,3,0,1,1,0,0,0,0,0,6.82633E+20,5.31707E+21,1.14475E+16,4.79809E+16
176925,9,1,62,0,2018,5,16,7,3,0,1,0,1,0,0,0,0,0,0,6.9214E+20,5.33307E+21,1.15819E+16,4.81219E+16
176926,9,1,62,0,2018,5,17,2,3,1,5,0,1,1,0,0,0,0,0,6.94499E+20,5.33578E+21,1.16148E+16,4.81455E+16
176927,9,1,62,0,2018,5,15,7,3,5,3,0,0,1,0,0,0,0,0,6.89883E+20,5.33531E+21,1.15526E+16,4.81427E+16
176928,9,1,62,0,2018,5,14,7,3,3,6,0,0,1,0,0,0,0,0,6.91169E+20,5.34079E+21,1.15724E+16,4.81915E+16
176929,9,1,62,0,2018,5,17,2,3,6,4,0,0,1,1,0,0,0,0,6.9361E+20,5.33466E+21,1.16024E+16,4.81357E+16
176930,9,1,62,0,2018,5,15,7,2,4,2,0,0,1,0,1,0,0,0,6.85619E+20,5.33899E+21,1.1497E+16,4.8177E+16
176931,9,1,62,0,2018,5,12,2,3,5,3,0,0,1,0,1,0,0,0,6.8986E+20,5.33193E+21,1.15508E+16,4.81123E+16
176932,9,7,75,139,2018,5,19,2,3,8,6,0,0,1,0,0,0,0,0,5.7829E+20,5.36487E+21,1.00584E+16,4.84321E+16
176933,9,2,63,0,2018,5,17,2,3,0,1,0,1,0,0,0,0,0,0,7.63358E+20,5.41997E+21,1.25921E+16,4.88767E+16
176934,9,1,62,0,2018,5,10,7,2,6,4,0,0,1,1,0,0,0,0,6.90483E+20,5.33295E+21,1.15596E+16,4.81212E+16
176935,9,7,74,135,2018,5,17,2,3,2,6,0,0,1,0,0,0,1,0,5.93421E+20,5.3675E+21,1.02635E+16,4.84537E+16
176936,9,1,62,0,2018,5,13,7,3,5,3,0,1,1,0,0,0,0,0,6.86761E+20,5.33716E+21,1.15115E+16,4.81602E+16
176937,9,1,62,0,2018,5,12,7,3,5,3,0,1,1,0,0,0,0,0,6.8593E+20,5.34068E+21,1.15019E+16,4.81921E+16
176938,9,7,80,140,2018,5,20,2,2,0,1,0,1,0,0,0,0,0,0,6.02026E+20,5.27782E+21,1.03585E+16,4.76457E+16
176939,9,7,76,120,2018,5,10,2,3,0,7,0,1,0,0,0,0,0,0,5.45649E+20,5.26958E+21,9.60702E+15,4.7578E+16
176940,9,1,62,0,2018,5,14,7,3,5,3,0,0,1,0,0,0,0,0,6.86896E+20,5.33138E+21,1.15108E+16,4.81083E+16
176941,9,7,62,0,2018,5,12,2,3,4,6,0,0,1,0,1,0,0,0,6.23226E+20,5.30779E+21,1.06491E+16,4.79116E+16
176942,9,7,79,131,2018,5,13,2,2,2,6,0,0,1,0,1,0,0,0,6.30773E+20,5.39871E+21,1.07783E+16,4.87277E+16
176943,9,1,62,0,2018,5,19,7,3,0,1,0,1,0,0,0,0,0,0,6.90244E+20,5.33524E+21,1.15574E+16,4.81419E+16
176944,9,7,73,125,2018,5,18,2,3,5,3,0,1,0,0,1,0,0,0,6.10177E+20,5.38221E+21,1.04939E+16,4.85833E+16
176945,9,7,61,0,2018,5,13,2,3,2,6,0,0,1,0,0,0,0,0,6.43248E+20,5.35903E+21,1.09342E+16,4.83682E+16
176946,9,1,80,117,2018,5,10,2,3,5,3,0,1,1,0,0,0,0,0,6.58095E+20,5.26198E+21,1.10989E+16,4.7492E+16
176947,9,7,64,0,2018,5,11,7,3,8,7,0,1,0,0,0,0,0,0,5.87957E+20,5.31524E+21,1.01788E+16,4.79844E+16
176948,9,7,61,0,2018,5,17,2,3,2,6,0,0,1,0,0,0,0,0,6.41859E+20,5.36042E+21,1.09159E+16,4.83809E+16
176949,9,7,74,135,2018,5,8,7,3,0,1,0,1,0,0,0,0,0,0,5.95588E+20,5.36726E+21,1.02927E+16,4.84512E+16
176950,9,7,61,0,2018,5,16,2,3,4,6,0,1,1,0,0,0,0,0,6.39072E+20,5.35554E+21,1.08767E+16,4.83377E+16
176951,9,7,80,122,2018,5,10,7,3,0,1,0,1,0,0,0,0,0,0,6.00376E+20,5.29506E+21,1.03405E+16,4.7801E+16
176952,9,7,61,0,2018,5,11,2,3,5,3,0,1,1,0,0,0,0,0,6.41234E+20,5.35801E+21,1.09066E+16,4.83595E+16
176953,9,7,61,0,2018,5,7,2,3,0,1,0,1,0,0,0,0,0,0,6.41033E+20,5.3579E+21,1.09039E+16,4.83585E+16
176954,9,4,62,0,2018,5,19,2,3,0,1,0,1,0,0,0,0,0,0,6.84888E+20,5.53397E+21,1.15762E+16,4.99294E+16
176955,9,7,76,129,2018,5,17,7,3,6,4,0,0,1,1,0,0,0,0,5.68699E+20,5.27035E+21,9.91362E+15,4.75829E+16
176956,9,7,61,0,2018,5,21,2,3,3,6,2,1,1,0,0,0,0,0,6.40291E+20,5.36004E+21,1.08946E+16,4.83779E+16
176957,9,7,61,0,2018,5,17,2,3,5,3,0,1,1,0,0,0,0,0,6.41613E+20,5.35968E+21,1.09123E+16,4.83744E+16
176958,9,1,78,120,2018,5,7,2,3,5,3,0,1,1,0,0,0,0,0,6.93956E+20,5.35292E+21,1.16154E+16,4.82997E+16
176959,9,7,76,125,2018,5,12,7,3,3,6,0,0,1,0,1,0,0,0,5.63082E+20,5.26826E+21,9.83863E+15,4.75647E+16
176960,9,7,61,0,2018,5,20,2,3,0,1,0,1,0,0,0,0,0,0,6.40749E+20,5.35832E+21,1.09002E+16,4.83623E+16
176961,9,6,63,0,2018,5,6,2,3,0,1,0,1,0,0,0,0,0,0,5.68388E+20,5.5169E+21,9.95033E+15,4.98006E+16
176962,9,1,71,113,2018,5,14,2,3,4,1,0,1,0,0,0,0,1,0,7.79679E+20,5.33951E+21,1.27603E+16,4.81473E+16
176963,9,6,63,0,2018,5,10,2,3,0,7,0,0,0,0,0,0,1,0,5.68766E+20,5.5166E+21,9.95553E+15,4.97979E+16
176964,9,7,62,0,2018,5,17,7,3,9,1,0,0,1,0,0,0,0,0,6.21056E+20,5.30414E+21,1.06191E+16,4.78792E+16
176965,9,6,79,170,2018,5,13,2,2,1,7,0,0,1,0,0,0,0,0,5.77623E+20,5.50187E+21,1.00756E+16,4.96644E+16
176966,9,7,72,147,2018,5,11,7,3,0,7,0,1,0,0,0,0,0,0,6.39012E+20,5.36526E+21,1.08791E+16,4.84251E+16
176967,9,6,73,147,2018,5,14,2,3,0,7,0,0,1,0,0,0,1,0,5.83717E+20,5.59258E+21,1.01799E+16,5.04792E+16
176968,9,6,74,163,2018,5,13,2,3,5,3,0,1,1,0,0,0,0,0,6.11252E+20,5.5394E+21,1.05523E+16,4.99966E+16
176969,9,4,71,119,2018,5,19,2,3,5,2,0,1,1,0,0,0,0,0,6.34422E+20,5.53737E+21,1.08747E+16,4.99735E+16
176970,9,7,71,163,2018,5,9,7,3,5,3,0,0,1,0,0,0,0,0,6.46163E+20,5.34209E+21,1.09676E+16,4.82152E+16
176971,9,6,62,0,2018,5,12,2,3,2,6,0,0,1,0,0,0,0,0,5.8787E+20,5.5441E+21,1.02272E+16,5.00427E+16
176972,9,6,62,0,2018,5,13,2,3,0,3,0,1,1,0,0,0,0,0,5.8888E+20,5.54322E+21,1.02411E+16,5.00347E+16
176973,9,7,61,0,2018,5,12,7,2,0,3,0,0,1,0,1,0,0,0,6.40125E+20,5.3632E+21,1.08934E+16,4.84064E+16
176974,9,6,76,139,2018,5,21,2,3,0,7,1,1,0,0,0,0,0,0,5.18052E+20,5.50524E+21,9.25033E+15,4.96994E+16
176975,9,7,61,0,2018,5,13,7,3,0,2,0,0,1,0,1,0,0,0,6.41567E+20,5.36228E+21,1.09126E+16,4.83978E+16
176976,9,6,71,120,2018,5,18,2,3,0,5,0,0,1,0,0,1,0,0,5.10317E+20,5.53978E+21,9.14399E+15,5.00103E+16
176977,9,6,61,0,2018,5,10,2,3,0,7,0,0,0,0,1,0,0,0,5.11719E+20,5.53692E+21,9.16347E+15,4.99845E+16
176978,9,3,72,137,2018,5,7,2,3,5,3,0,0,1,0,1,0,0,0,7.80511E+20,5.45437E+21,1.28493E+16,4.91779E+16
176979,9,7,61,0,2018,5,16,7,3,4,2,0,0,1,0,1,0,0,0,6.40757E+20,5.35998E+21,1.09009E+16,4.83773E+16
176980,9,5,72,132,2018,5,19,2,3,2,6,0,0,1,0,0,0,0,0,6.36953E+20,5.49201E+21,1.0894E+16,4.95651E+16
176981,9,5,77,158,2018,5,16,2,3,5,3,0,0,1,0,1,0,0,0,6.45267E+20,5.42543E+21,1.09847E+16,4.89647E+16
176982,9,5,62,0,2018,5,13,2,3,5,3,0,1,1,0,0,0,0,0,6.44545E+20,5.49485E+21,1.1E+16,4.95889E+16
176983,9,3,62,0,2018,5,17,2,3,8,1,0,0,0,0,1,0,0,0,7.30031E+20,5.43504E+21,1.21468E+16,4.90253E+16
176984,9,6,79,177,2018,5,13,7,3,0,7,0,1,0,0,0,0,0,0,5.49684E+20,5.51733E+21,9.6905E+15,4.98064E+16
176985,9,5,62,0,2018,5,13,2,3,2,6,0,0,1,0,0,0,0,0,6.46519E+20,5.49564E+21,1.10275E+16,4.95956E+16
176986,9,6,63,0,2018,5,12,7,3,6,7,0,0,1,1,0,0,0,0,5.68623E+20,5.51701E+21,9.95362E+15,4.98016E+16
176987,9,6,77,155,2018,5,9,7,3,6,2,0,0,0,1,0,0,1,0,5.41088E+20,5.5383E+21,9.57327E+15,4.99957E+16
176988,9,5,76,151,2018,5,9,2,3,0,7,0,0,0,1,0,0,1,0,6.57484E+20,5.47035E+21,1.11691E+16,4.93655E+16
176989,9,6,76,125,2018,5,18,7,2,0,6,0,0,1,0,1,0,0,0,5.16224E+20,5.50807E+21,9.2251E+15,4.97249E+16
176990,9,5,76,143,2018,5,10,2,3,1,7,0,0,1,1,0,0,0,0,6.5099E+20,5.45572E+21,1.10742E+16,4.92357E+16
176991,9,5,63,0,2018,5,5,2,2,5,3,0,0,0,0,1,0,1,0,6.44963E+20,5.4811E+21,1.10007E+16,4.94653E+16
176992,9,2,74,184,2018,5,18,2,3,5,2,0,0,1,0,1,0,0,0,7.46973E+20,5.37182E+21,1.23403E+16,4.8451E+16
176993,9,6,76,125,2018,5,11,7,3,0,7,0,1,0,0,0,0,0,0,5.16137E+20,5.50909E+21,9.22393E+15,4.97341E+16
176994,9,5,63,0,2018,5,18,2,3,2,6,0,0,1,0,0,0,0,0,6.44542E+20,5.48022E+21,1.09946E+16,4.94574E+16
176995,9,6,76,117,2018,5,14,7,2,0,1,0,1,0,0,0,0,0,0,5.24624E+20,5.51308E+21,9.34196E+15,4.97697E+16
176996,9,5,64,0,2018,5,18,2,2,6,4,0,0,1,1,0,0,0,0,6.50183E+20,5.47943E+21,1.1072E+16,4.9449E+16
176997,9,6,71,140,2018,5,13,7,3,0,7,0,1,0,0,0,0,0,0,5.06374E+20,5.53697E+21,9.08891E+15,4.9985E+16
176998,9,5,64,0,2018,5,23,2,3,5,3,2,0,1,0,0,0,0,0,6.49268E+20,5.47904E+21,1.10593E+16,4.94457E+16
176999,9,6,61,0,2018,5,19,7,3,4,2,0,1,1,0,0,0,0,0,5.10667E+20,5.53702E+21,9.14879E+15,4.99854E+16
177000,9,5,64,0,2018,5,14,2,3,5,3,0,1,1,0,0,0,0,0,6.50026E+20,5.47771E+21,1.10692E+16,4.94335E+16
177001,9,5,64,0,2018,5,17,2,3,5,3,0,0,1,0,0,0,0,0,6.4754E+20,5.47934E+21,1.10356E+16,4.94488E+16
177002,9,6,71,143,2018,5,13,7,3,4,6,0,1,1,0,0,0,0,0,5.13786E+20,5.5444E+21,9.19256E+15,5.00517E+16
177003,9,5,64,0,2018,5,18,2,2,4,6,0,1,1,0,0,0,0,0,6.51333E+20,5.48136E+21,1.10886E+16,4.9466E+16
177004,9,5,64,0,2018,5,18,2,3,5,3,0,0,1,0,0,0,0,0,6.47898E+20,5.47104E+21,1.10374E+16,4.93741E+16
177005,9,1,83,148,2018,5,13,2,3,6,4,0,0,1,1,0,0,0,0,7.51882E+20,5.34419E+21,1.239E+16,4.82009E+16
177006,9,5,76,117,2018,5,12,7,3,5,3,0,1,1,0,0,0,0,0,6.4863E+20,5.45859E+21,1.10429E+16,4.9262E+16
177007,9,5,64,0,2018,5,16,2,3,2,6,0,0,1,0,0,0,0,0,6.53267E+20,5.47898E+21,1.11144E+16,4.94441E+16
177008,9,5,64,0,2018,5,23,7,3,1,7,2,1,1,0,0,0,0,0,6.47825E+20,5.47821E+21,1.10391E+16,4.94386E+16
177009,9,4,62,0,2018,5,18,2,3,4,2,0,1,1,0,0,0,0,0,6.85689E+20,5.53668E+21,1.15887E+16,4.99536E+16
177010,9,7,74,160,2018,5,10,4,3,5,3,0,0,1,0,0,0,1,0,6.08251E+20,5.35163E+21,1.04599E+16,4.83086E+16
177011,9,7,78,116,2018,5,14,4,3,3,2,0,1,1,0,0,0,0,0,6.19205E+20,5.31809E+21,1.05982E+16,4.8005E+16
177012,9,7,63,0,2018,5,16,4,3,9,7,0,1,0,0,0,0,0,0,5.97579E+20,5.28769E+21,1.03015E+16,4.77352E+16
177013,9,7,76,129,2018,5,20,4,2,0,1,1,1,0,0,0,0,0,1,5.69363E+20,5.27044E+21,9.92246E+15,4.75837E+16
177014,9,7,76,129,2018,5,14,4,3,1,1,0,1,0,0,0,0,1,0,5.6788E+20,5.27185E+21,9.90296E+15,4.75965E+16
177015,9,7,76,120,2018,5,10,4,2,5,7,0,1,1,0,0,0,0,0,5.47182E+20,5.26888E+21,9.62733E+15,4.75716E+16
177016,9,7,63,0,2018,5,10,4,3,4,7,0,1,1,0,0,0,0,0,5.98029E+20,5.28689E+21,1.03073E+16,4.7728E+16
177017,9,7,77,159,2018,5,14,4,2,0,7,0,1,0,0,0,0,0,0,6.18103E+20,5.2692E+21,1.05701E+16,4.75655E+16
177018,9,7,71,142,2018,5,17,4,3,0,7,0,1,0,0,0,0,0,0,6.45373E+20,5.3527E+21,1.09607E+16,4.83108E+16
177019,9,7,72,163,2018,5,17,4,3,5,3,0,1,1,0,0,0,0,0,6.40497E+20,5.34954E+21,1.08939E+16,4.82834E+16
177020,9,7,72,163,2018,5,14,4,3,5,3,0,0,1,0,0,0,0,0,6.39791E+20,5.3494E+21,1.08843E+16,4.82824E+16
177021,9,7,61,0,2018,5,19,4,3,5,1,0,1,1,0,0,0,0,0,6.40897E+20,5.35247E+21,1.09003E+16,4.83097E+16
177022,9,7,61,0,2018,5,12,4,3,5,2,0,1,1,0,0,0,0,0,6.40619E+20,5.35724E+21,1.08981E+16,4.83526E+16
177023,9,7,61,0,2018,5,7,4,3,5,3,0,0,1,0,0,0,0,0,6.41057E+20,5.35917E+21,1.09046E+16,4.83699E+16
177024,9,6,63,0,2018,5,10,4,3,5,3,0,0,1,0,1,0,0,0,5.66699E+20,5.51641E+21,9.92677E+15,4.97965E+16
177025,9,6,79,142,2018,5,15,4,3,5,3,0,0,1,0,0,0,0,0,5.6416E+20,5.52486E+21,9.8929E+15,4.98727E+16
177026,9,6,78,193,2018,5,10,4,2,0,1,0,1,0,0,0,0,0,0,5.79611E+20,5.53968E+21,1.01109E+16,5.00041E+16
177027,9,6,73,136,2018,5,17,4,3,7,1,0,1,1,0,0,0,0,0,5.91846E+20,5.57862E+21,1.0291E+16,5.03525E+16
177028,9,6,74,221,2018,5,10,4,3,4,6,0,0,1,0,0,0,1,0,6.1322E+20,5.54041E+21,1.058E+16,5.00053E+16
177029,9,6,62,0,2018,5,15,4,3,5,3,0,1,1,0,0,0,0,0,5.87957E+20,5.54492E+21,1.02286E+16,5.005E+16
177030,9,6,71,121,2018,5,21,4,3,1,3,0,1,1,0,0,0,0,0,5.13444E+20,5.53846E+21,9.18759E+15,4.99983E+16
177031,9,6,71,111,2018,5,9,4,3,6,4,0,0,1,1,0,0,0,0,5.05286E+20,5.5467E+21,9.07387E+15,5.00726E+16
177032,9,5,62,0,2018,5,10,4,3,4,7,0,0,1,0,1,0,0,0,6.44492E+20,5.49621E+21,1.09997E+16,4.96012E+16
177033,9,5,62,0,2018,5,15,4,2,0,7,0,1,0,0,0,0,0,0,6.43583E+20,5.49233E+21,1.09857E+16,4.95665E+16
177034,9,5,74,138,2018,5,10,4,3,4,1,0,0,1,0,1,0,0,0,6.65366E+20,5.48699E+21,1.12845E+16,4.95129E+16