OBJECTID_1,ULAND,UREGBEZ,UKREIS,UGEMEINDE,UJAHR,UMONAT,USTUNDE,UWOCHENTAG,UKATEGORIE,UART,UTYP1,ULICHTVERH,IstRad,IstPKW,IstFuss,IstKrad,IstGkfz,IstSonstig,STRZUSTAND,LINREFX,LINREFY,XGCSWGS84,YGCSWGS84
177221,9,7,63,0,2018,5,7,3,3,8,6,0,1,0,0,0,1,0,0,5.97581E+20,5.28773E+21,1.03015E+16,4.77356E+16
177222,9,1,79,126,2018,5,12,5,3,6,7,0,0,1,1,0,0,0,0,6.75829E+20,5.33973E+21,1.13657E+16,4.81864E+16
177223,9,7,80,139,2018,5,16,3,3,4,6,0,0,1,0,1,0,0,0,5.97378E+20,5.26277E+21,1.02932E+16,4.7511E+16
177224,9,1,79,121,2018,5,20,5,3,5,3,1,0,1,0,0,0,0,1,6.67867E+20,5.33796E+21,1.1258E+16,4.81727E+16
177225,9,7,76,116,2018,5,16,3,2,5,2,0,1,1,0,0,0,0,0,5.51376E+20,5.26626E+21,9.68278E+15,4.75477E+16
177226,9,1,77,133,2018,5,12,5,3,1,5,0,0,1,0,0,0,0,0,7.06231E+20,5.35985E+21,1.17841E+16,4.83581E+16
177227,9,1,78,124,2018,5,14,5,3,8,1,0,0,0,0,1,0,0,0,7.01256E+20,5.3688E+21,1.17213E+16,4.84401E+16
177228,9,7,62,0,2018,5,6,3,3,9,1,0,1,1,0,0,0,1,0,6.20981E+20,5.30442E+21,1.06182E+16,4.78817E+16
177229,9,7,77,129,2018,5,13,3,3,5,3,0,1,1,0,0,0,0,0,6.21123E+20,5.27074E+21,1.06107E+16,4.75787E+16
177230,9,1,78,137,2018,5,1,5,2,0,1,2,0,0,0,1,0,0,0,6.97091E+20,5.36728E+21,1.16643E+16,4.84278E+16
177231,9,1,77,130,2018,5,20,5,3,8,1,2,1,0,0,0,0,0,0,7.06537E+20,5.34872E+21,1.17828E+16,4.8258E+16
177232,9,7,79,194,2018,5,18,3,3,0,7,0,1,0,0,0,0,0,0,6.09566E+20,5.41246E+21,1.04937E+16,4.88554E+16
177233,9,1,62,0,2018,5,18,4,3,5,3,0,0,1,0,0,0,0,0,6.89229E+20,5.33344E+21,1.1543E+16,4.8126E+16
177234,9,7,79,131,2018,5,7,3,3,8,1,0,1,0,0,0,0,0,0,6.30887E+20,5.39838E+21,1.07797E+16,4.87247E+16
177235,9,1,62,0,2018,5,9,4,3,1,7,0,0,1,0,0,0,0,0,6.9213E+20,5.33445E+21,1.15824E+16,4.81342E+16
177236,9,1,84,147,2018,5,15,4,3,2,6,0,0,1,0,0,1,0,0,6.95543E+20,5.33991E+21,1.16308E+16,4.81823E+16
177237,9,7,61,0,2018,5,16,3,3,1,7,0,1,1,0,0,0,0,0,6.38585E+20,5.35801E+21,1.08709E+16,4.83601E+16
177238,9,7,61,0,2018,5,6,3,3,2,6,0,1,1,0,0,0,0,0,6.41552E+20,5.36227E+21,1.09124E+16,4.83977E+16
177239,9,1,62,0,2018,5,13,4,3,0,7,0,1,0,0,0,0,0,0,6.86127E+20,5.32987E+21,1.14998E+16,4.80948E+16
177240,9,7,61,0,2018,5,13,3,3,5,3,0,0,1,0,0,0,0,0,6.39867E+20,5.35788E+21,1.08882E+16,4.83586E+16
177241,9,1,62,0,2018,5,16,4,3,4,2,0,1,1,0,0,0,0,1,6.92583E+20,5.33205E+21,1.15874E+16,4.81126E+16
177242,9,6,63,0,2018,5,10,3,3,5,7,0,1,1,0,0,0,0,0,5.6784E+20,5.51658E+21,9.94267E+15,4.97979E+16
177243,9,6,63,0,2018,5,12,3,3,2,6,0,0,1,0,0,0,0,0,5.67101E+20,5.51686E+21,9.93243E+15,4.98004E+16
177244,9,1,62,0,2018,5,18,4,3,0,7,0,1,0,0,0,0,0,0,6.90337E+20,5.33495E+21,1.15586E+16,4.81393E+16
177245,9,6,79,138,2018,5,19,3,2,4,6,0,1,0,0,0,0,1,0,5.68101E+20,5.50092E+21,9.94356E+15,4.9657E+16
177246,9,6,79,179,2018,5,19,3,2,0,7,0,1,0,0,0,0,0,0,5.67594E+20,5.48959E+21,9.93458E+15,4.95551E+16
177247,9,1,62,0,2018,5,17,4,3,4,2,0,1,1,0,0,0,0,0,6.90694E+20,5.33412E+21,1.1563E+16,4.81318E+16
177248,9,6,71,130,2018,5,7,3,3,4,6,0,0,1,0,0,0,0,0,5.14116E+20,5.54226E+21,9.19711E+15,5.00325E+16
177249,9,1,84,135,2018,5,7,4,3,5,3,0,1,0,0,0,0,0,0,6.88954E+20,5.348E+21,1.15458E+16,4.8257E+16
177250,9,1,62,0,2018,5,5,4,3,5,2,0,1,1,0,0,0,0,0,6.88576E+20,5.33496E+21,1.15349E+16,4.81399E+16
177251,9,6,61,0,2018,5,17,3,2,6,4,0,0,1,1,0,0,0,0,5.10827E+20,5.5357E+21,9.15099E+15,4.99736E+16
177252,9,6,61,0,2018,5,17,3,3,0,5,0,1,0,0,0,0,0,0,5.10396E+20,5.53635E+21,9.14499E+15,4.99794E+16
177253,9,1,62,0,2018,5,10,4,2,0,3,0,0,1,0,1,0,0,0,6.87551E+20,5.33031E+21,1.15191E+16,4.80984E+16
177254,9,5,62,0,2018,5,18,3,2,0,7,0,1,0,0,0,0,0,0,6.45816E+20,5.49466E+21,1.10175E+16,4.9587E+16
177255,9,1,84,112,2018,5,9,4,2,5,3,0,0,1,0,1,0,0,0,6.99764E+20,5.33647E+21,1.16859E+16,4.81501E+16
177256,9,5,62,0,2018,5,8,3,3,4,2,0,1,1,0,0,0,0,0,6.45348E+20,5.49401E+21,1.10108E+16,4.95812E+16
177257,9,1,84,130,2018,5,18,4,3,5,3,0,0,1,0,0,0,0,0,6.99504E+20,5.34516E+21,1.16865E+16,4.82283E+16
177258,9,5,76,142,2018,5,18,3,2,0,7,0,0,0,0,1,0,0,0,6.41361E+20,5.46431E+21,1.0945E+16,4.93151E+16
177259,9,1,62,0,2018,5,14,4,3,5,7,0,0,1,0,0,0,0,1,6.91612E+20,5.33759E+21,1.15769E+16,4.81627E+16
177260,9,1,62,0,2018,5,15,4,3,0,7,0,1,0,0,0,0,0,1,6.91841E+20,5.33611E+21,1.15793E+16,4.81493E+16
177261,9,5,74,123,2018,5,7,3,3,5,3,0,1,1,0,0,0,0,0,6.60367E+20,5.4719E+21,1.12094E+16,4.93787E+16
177262,9,1,62,0,2018,5,17,4,3,2,6,0,0,1,0,1,0,0,0,6.92081E+20,5.3345E+21,1.15818E+16,4.81347E+16
177263,9,7,75,139,2018,5,19,4,3,0,7,0,0,0,0,1,0,0,0,5.79552E+20,5.36704E+21,1.00759E+16,4.84515E+16
177264,9,5,63,0,2018,5,10,3,3,4,6,0,1,0,0,0,0,0,0,6.43844E+20,5.48293E+21,1.09859E+16,4.9482E+16
177265,9,5,63,0,2018,5,16,3,3,2,3,0,0,1,0,1,0,0,0,6.44258E+20,5.48069E+21,1.09908E+16,4.94617E+16
177266,9,7,78,186,2018,5,8,4,3,2,6,0,1,1,0,0,0,0,0,5.96946E+20,5.3107E+21,1.02982E+16,4.79423E+16
177267,9,5,63,0,2018,5,7,3,3,2,6,0,0,1,0,0,0,0,0,6.44949E+20,5.48129E+21,1.10006E+16,4.94669E+16
177268,9,2,71,146,2018,5,14,1,3,0,1,0,1,0,0,0,0,0,0,7.84304E+20,5.40996E+21,1.28702E+16,4.87776E+16
177269,9,2,78,139,2018,5,12,1,3,0,7,0,1,0,0,0,0,0,0,7.72748E+20,5.42796E+21,1.27252E+16,4.89444E+16
177270,9,2,75,135,2018,5,14,1,3,5,3,0,1,1,0,0,0,0,0,8.22419E+20,5.40171E+21,1.33811E+16,4.8685E+16
177271,9,2,75,116,2018,5,9,1,3,5,3,0,1,0,0,0,0,1,0,8.20068E+20,5.36419E+21,1.33205E+16,4.83497E+16
177272,9,2,74,126,2018,5,10,1,3,0,7,0,1,1,0,0,0,0,0,7.33354E+20,5.38246E+21,1.21623E+16,4.85518E+16
177273,9,2,79,112,2018,5,11,1,3,0,7,0,1,0,0,0,0,0,0,7.58422E+20,5.39258E+21,1.25077E+16,4.86328E+16
177274,9,1,73,118,2018,5,10,1,2,4,6,0,0,0,0,1,0,0,0,6.88951E+20,5.30631E+21,1.15273E+16,4.78823E+16
177275,9,1,90,159,2018,5,12,1,2,2,6,0,1,0,0,0,0,0,0,6.60008E+20,5.30534E+21,1.11402E+16,4.78814E+16
177276,9,1,90,111,2018,5,12,1,3,5,3,0,0,1,0,0,0,0,0,6.40475E+20,5.29799E+21,1.08767E+16,4.78199E+16
177277,9,1,73,131,2018,5,16,1,2,8,1,0,0,0,0,1,0,0,0,6.81647E+20,5.26948E+21,1.14144E+16,4.75534E+16
177278,9,1,89,145,2018,5,10,1,3,2,6,0,1,1,0,0,0,0,0,7.73137E+20,5.30289E+21,1.26492E+16,4.78213E+16
177279,9,1,71,115,2018,5,17,1,2,0,1,0,0,0,0,1,0,0,0,7.80745E+20,5.35742E+21,1.27864E+16,4.83076E+16
177280,9,1,87,177,2018,5,10,1,3,0,3,0,1,0,0,0,0,0,0,7.38766E+20,5.3052E+21,1.21921E+16,4.78557E+16
177281,9,1,63,0,2018,5,13,1,3,5,2,0,1,1,0,0,0,0,0,7.33869E+20,5.3056E+21,1.21269E+16,4.78612E+16
177282,9,1,86,149,2018,5,19,1,3,2,6,0,0,1,0,1,0,0,0,6.89501E+20,5.38766E+21,1.15711E+16,4.86133E+16
177283,9,1,86,122,2018,5,15,1,2,4,6,0,0,1,0,1,0,0,0,6.92097E+20,5.40076E+21,1.16124E+16,4.87303E+16
177284,9,1,88,113,2018,5,7,1,3,0,1,0,1,0,0,0,0,0,0,6.75877E+20,5.31557E+21,1.13564E+16,4.79692E+16
177285,9,1,79,142,2018,5,15,1,3,2,6,0,0,1,0,0,0,0,0,6.76145E+20,5.34302E+21,1.13713E+16,4.82159E+16
177286,9,1,88,121,2018,5,14,1,3,0,7,0,1,0,0,0,0,0,0,6.70869E+20,5.33178E+21,1.12958E+16,4.81163E+16
177287,9,1,74,115,2018,5,18,1,3,5,6,0,0,1,0,0,0,0,1,6.81523E+20,5.34817E+21,1.14459E+16,4.82607E+16
177288,9,4,62,0,2018,5,19,3,3,5,3,0,0,1,0,0,0,0,1,6.84487E+20,5.53657E+21,1.15719E+16,4.99529E+16
177289,9,4,62,0,2018,5,12,3,3,0,3,0,0,1,0,0,0,0,0,6.85666E+20,5.53591E+21,1.1588E+16,4.99466E+16
177290,9,1,75,139,2018,5,19,1,3,5,2,0,1,1,0,0,0,0,1,7.10451E+20,5.32936E+21,1.18259E+16,4.80827E+16
177291,9,1,78,124,2018,5,20,1,2,6,4,1,0,1,1,0,0,0,1,7.03787E+20,5.36433E+21,1.17533E+16,4.83991E+16
177292,9,4,61,0,2018,5,13,3,3,0,7,0,0,0,0,1,0,0,0,6.34834E+20,5.53046E+21,1.0878E+16,4.99113E+16
177293,9,1,75,122,2018,5,11,1,3,8,3,0,1,1,0,0,0,0,0,7.20458E+20,5.32574E+21,1.19582E+16,4.80468E+16
177294,9,1,62,0,2018,5,14,7,3,1,1,0,1,1,0,0,0,0,0,6.93038E+20,5.32979E+21,1.15925E+16,4.80922E+16
177295,9,3,77,129,2018,5,9,3,3,5,3,0,1,1,0,0,0,0,0,7.07508E+20,5.52792E+21,1.18877E+16,4.98677E+16
177296,9,1,62,0,2018,5,16,7,3,1,5,0,1,1,0,0,0,0,0,6.90699E+20,5.33665E+21,1.15642E+16,4.81544E+16
177297,9,1,62,0,2018,5,19,7,3,5,3,0,1,1,0,0,0,0,0,6.8523E+20,5.3396E+21,1.1492E+16,4.81826E+16
177298,9,3,72,163,2018,5,15,3,2,9,1,0,0,1,0,0,0,0,0,7.58807E+20,5.47849E+21,1.25677E+16,4.9404E+16
177299,9,3,61,0,2018,5,16,3,2,0,1,0,0,0,0,1,0,0,1,7.08102E+20,5.48108E+21,1.18711E+16,4.94467E+16
177300,9,3,61,0,2018,5,21,3,3,8,7,2,0,1,0,0,0,0,0,7.07263E+20,5.47974E+21,1.18588E+16,4.9435E+16
177301,9,3,61,0,2018,5,13,3,2,4,7,0,0,1,0,1,0,0,0,7.04981E+20,5.48073E+21,1.18279E+16,4.94446E+16
177302,9,2,76,148,2018,5,15,3,3,0,1,0,1,0,0,0,0,0,0,8.09643E+20,5.43886E+21,1.32361E+16,4.90248E+16
177303,9,2,75,126,2018,5,22,3,2,8,1,2,0,0,0,1,0,0,1,8.39517E+20,5.4015E+21,1.36125E+16,4.86741E+16
177304,9,2,72,120,2018,5,17,3,3,5,3,0,0,1,0,0,0,0,0,8.22508E+20,5.42107E+21,1.33975E+16,4.88586E+16
177305,9,2,61,0,2018,5,10,3,3,6,4,0,0,1,1,0,0,0,0,7.31671E+20,5.38228E+21,1.21394E+16,4.85508E+16
177306,9,1,62,0,2018,5,1,7,3,5,2,2,0,1,0,0,0,0,0,6.936E+20,5.33368E+21,1.16018E+16,4.81269E+16
177307,9,1,62,0,2018,5,22,7,2,4,2,2,0,1,0,0,0,0,0,6.91207E+20,5.34033E+21,1.15727E+16,4.81874E+16
177308,9,2,61,0,2018,5,15,3,3,0,1,0,1,0,0,0,0,0,0,7.31406E+20,5.38333E+21,1.21365E+16,4.85604E+16
177309,9,1,62,0,2018,5,15,7,3,3,6,0,0,1,0,0,0,0,0,6.94811E+20,5.33497E+21,1.16187E+16,4.81381E+16
177310,9,1,73,147,2018,5,17,3,2,2,6,0,1,1,0,0,0,0,0,6.80767E+20,5.30968E+21,1.14194E+16,4.79149E+16
177311,9,1,62,0,2018,5,18,7,3,6,2,0,0,0,1,0,0,1,0,6.82779E+20,5.3348E+21,1.1457E+16,4.81402E+16
177312,9,1,84,135,2018,5,9,7,3,6,4,0,0,1,1,0,0,0,0,6.89817E+20,5.34822E+21,1.15575E+16,4.82587E+16
177313,9,1,90,139,2018,5,15,3,3,0,3,0,0,1,0,1,0,0,1,6.54413E+20,5.29597E+21,1.1062E+16,4.77986E+16
177314,9,1,73,126,2018,5,10,3,2,5,3,0,1,1,0,0,0,0,0,6.81482E+20,5.3073E+21,1.1428E+16,4.78934E+16
177315,9,1,62,0,2018,5,12,7,3,3,2,0,1,1,0,0,0,0,0,6.87916E+20,5.33048E+21,1.15241E+16,4.80999E+16
177316,9,1,62,0,2018,5,8,7,3,5,7,0,0,1,0,1,0,0,0,6.86459E+20,5.32844E+21,1.15037E+16,4.8082E+16
177317,9,1,73,135,2018,5,16,3,3,5,2,0,0,1,0,1,0,1,0,6.93202E+20,5.2838E+21,1.15741E+16,4.76787E+16
177318,9,1,62,0,2018,5,14,7,3,5,3,0,0,1,0,0,0,0,0,6.9747E+20,5.33183E+21,1.16529E+16,4.81091E+16
177319,9,1,89,155,2018,5,13,3,3,5,3,0,0,1,0,0,0,0,0,7.72335E+20,5.30786E+21,1.26417E+16,4.78663E+16
177320,9,1,62,0,2018,5,18,7,3,5,2,0,1,1,0,0,0,0,0,6.90137E+20,5.33417E+21,1.15555E+16,4.81324E+16
177321,9,1,62,0,2018,5,22,7,3,2,6,2,0,1,0,0,0,0,0,6.9228E+20,5.33753E+21,1.15858E+16,4.81619E+16
177322,9,1,83,144,2018,5,20,3,3,9,1,1,0,0,0,1,0,0,0,7.41842E+20,5.35117E+21,1.22591E+16,4.82675E+16
177323,9,1,63,0,2018,5,7,3,3,5,2,0,1,1,0,0,0,0,0,7.32458E+20,5.3046E+21,1.21076E+16,4.78526E+16
177324,9,1,62,0,2018,5,13,7,3,3,6,0,1,0,0,0,0,0,0,6.92283E+20,5.33811E+21,1.15861E+16,4.81672E+16
177325,9,1,61,0,2018,5,13,3,2,5,3,0,1,1,0,0,0,0,0,6.77783E+20,5.40526E+21,1.14198E+16,4.87749E+16
177326,9,1,61,0,2018,5,16,3,3,5,2,0,1,1,0,0,0,0,0,6.74579E+20,5.40561E+21,1.13764E+16,4.8779E+16
177327,9,1,62,0,2018,5,11,7,3,5,3,0,1,1,0,0,0,0,0,6.92092E+20,5.33741E+21,1.15832E+16,4.81609E+16
177328,9,1,79,142,2018,5,19,3,3,5,3,0,1,1,0,0,0,0,1,6.72911E+20,5.34196E+21,1.13274E+16,4.82073E+16
177329,9,1,79,121,2018,5,19,3,3,1,1,0,1,1,0,0,0,0,1,6.65657E+20,5.337E+21,1.12279E+16,4.81646E+16
177330,9,7,75,135,2018,5,18,7,3,5,3,0,1,1,0,0,0,0,0,5.74223E+20,5.35982E+21,1.00025E+16,4.83872E+16
177331,9,1,74,115,2018,5,15,3,3,5,3,0,0,0,0,1,0,1,0,6.8367E+20,5.34786E+21,1.14746E+16,4.82573E+16
177332,9,1,74,115,2018,5,13,3,3,5,3,0,0,1,0,0,0,0,1,6.83586E+20,5.34831E+21,1.14737E+16,4.82613E+16
177333,9,7,78,173,2018,5,13,7,2,5,3,0,1,1,0,0,0,0,0,6.08943E+20,5.32544E+21,1.04625E+16,4.80729E+16
177334,9,1,75,132,2018,5,17,3,3,5,3,0,1,1,0,0,0,0,0,7.07517E+20,5.33117E+21,1.17874E+16,4.80999E+16
177335,9,7,64,0,2018,5,12,7,3,5,3,0,1,1,0,0,0,0,0,5.86723E+20,5.31715E+21,1.01626E+16,4.80017E+16
177336,9,7,64,0,2018,5,11,7,3,0,1,0,1,0,0,0,0,0,0,5.86561E+20,5.31534E+21,1.01601E+16,4.79855E+16
177337,9,1,78,123,2018,5,17,3,2,2,1,0,1,1,0,0,0,0,0,6.92392E+20,5.35667E+21,1.1596E+16,4.83339E+16
177338,9,1,77,133,2018,5,19,3,3,5,3,0,0,1,0,0,0,0,1,7.11329E+20,5.35395E+21,1.18499E+16,4.83034E+16
177339,9,7,74,135,2018,5,23,7,3,9,1,2,1,0,0,0,0,0,0,5.95367E+20,5.36893E+21,1.02901E+16,4.84663E+16
177340,9,1,62,0,2018,5,17,2,2,5,3,0,0,1,0,0,1,0,0,6.85629E+20,5.33169E+21,1.14939E+16,4.81114E+16
177341,9,7,78,116,2018,5,10,7,2,0,1,0,1,0,0,0,0,1,0,6.20594E+20,5.31841E+21,1.06169E+16,4.80076E+16
177342,9,1,62,0,2018,5,10,2,3,6,4,0,0,0,1,0,0,1,0,6.93104E+20,5.3319E+21,1.15943E+16,4.81111E+16
177343,9,7,80,123,2018,5,16,7,1,5,2,0,1,0,0,0,0,1,0,6.06547E+20,5.25899E+21,1.04141E+16,4.74756E+16
177344,9,7,80,133,2018,5,9,7,3,1,4,0,0,1,1,0,0,0,0,5.96394E+20,5.25159E+21,1.02778E+16,4.74106E+16
177345,9,7,62,0,2018,5,11,7,3,6,7,0,0,1,1,0,0,0,0,6.22202E+20,5.30796E+21,1.06355E+16,4.79134E+16
177346,9,1,62,0,2018,5,6,2,3,5,3,0,0,1,0,0,0,0,0,6.84482E+20,5.33298E+21,1.14791E+16,4.81233E+16
177347,9,7,80,124,2018,5,12,7,3,2,6,0,0,1,0,0,0,0,0,5.9256E+20,5.26762E+21,1.02303E+16,4.75554E+16
177348,9,7,77,121,2018,5,13,7,3,5,3,0,1,0,0,1,0,0,0,6.28095E+20,5.31977E+21,1.07178E+16,4.80184E+16
177349,9,1,62,0,2018,5,20,2,3,5,3,2,0,1,0,0,0,0,0,6.91272E+20,5.33189E+21,1.15698E+16,4.81115E+16
177350,9,1,62,0,2018,5,6,2,3,3,7,0,0,1,0,1,0,0,0,6.91144E+20,5.3411E+21,1.15722E+16,4.81943E+16
177351,9,7,73,164,2018,5,21,7,3,1,5,2,0,1,0,0,0,0,0,6.20757E+20,5.38817E+21,1.06391E+16,4.8635E+16
177352,9,1,62,0,2018,5,17,2,3,6,4,0,0,1,1,0,0,0,0,6.91659E+20,5.33279E+21,1.15754E+16,4.81195E+16
177353,9,7,72,125,2018,5,18,7,3,2,6,0,0,0,0,1,0,0,0,6.37578E+20,5.34813E+21,1.08541E+16,4.82714E+16
177354,9,1,84,121,2018,5,6,2,3,3,6,0,1,1,0,0,0,0,0,7.06101E+20,5.33071E+21,1.17682E+16,4.80963E+16
177355,9,7,61,0,2018,5,9,7,3,3,6,0,0,1,0,0,0,0,0,6.3988E+20,5.3579E+21,1.08884E+16,4.83588E+16
177356,9,7,61,0,2018,5,1,7,3,0,1,2,1,0,0,0,0,0,0,6.40792E+20,5.35939E+21,1.09012E+16,4.8372E+16
177357,9,1,62,0,2018,5,18,2,3,6,4,0,0,1,1,0,0,0,0,6.91817E+20,5.33452E+21,1.15783E+16,4.8135E+16
177358,9,1,62,0,2018,5,15,2,3,6,4,0,0,1,1,0,0,0,0,6.93121E+20,5.32973E+21,1.15936E+16,4.80915E+16
177359,9,6,79,204,2018,5,10,7,2,5,1,0,1,1,0,0,0,0,0,5.58043E+20,5.51229E+21,9.8059E+15,4.97603E+16
177360,9,6,63,0,2018,5,15,7,3,5,3,0,0,1,0,1,0,0,0,5.65874E+20,5.51703E+21,9.91542E+15,4.98021E+16
177361,9,1,62,0,2018,5,18,2,3,6,7,0,0,1,1,0,0,0,1,6.82386E+20,5.34181E+21,1.14547E+16,4.82033E+16
177362,9,6,63,0,2018,5,11,7,3,0,4,0,0,1,1,0,0,0,0,5.67657E+20,5.51609E+21,9.94004E+15,4.97935E+16
177363,9,1,62,0,2018,5,11,2,3,2,6,0,0,1,0,0,0,0,0,6.90892E+20,5.34031E+21,1.15684E+16,4.81873E+16
177364,9,6,63,0,2018,5,14,7,3,4,2,0,0,1,0,1,0,0,0,5.67473E+20,5.51459E+21,9.93722E+15,4.978E+16
177365,9,6,78,115,2018,5,13,7,3,5,3,0,1,1,0,0,0,0,0,5.85254E+20,5.54123E+21,1.019E+16,5.00173E+16
177366,9,1,62,0,2018,5,13,2,3,6,7,0,0,0,1,0,0,1,0,6.98466E+20,5.33483E+21,1.16677E+16,4.81357E+16
177367,9,6,78,178,2018,5,11,7,3,0,7,0,0,1,1,0,0,0,0,5.89998E+20,5.54417E+21,1.02569E+16,5.0043E+16
177368,9,1,62,0,2018,5,16,2,3,6,4,0,1,0,1,0,0,0,0,6.90846E+20,5.33502E+21,1.15654E+16,4.81398E+16
177369,9,6,72,163,2018,5,12,7,3,0,7,0,0,1,0,0,0,1,0,5.63796E+20,5.5773E+21,9.8966E+15,5.03443E+16
177370,9,1,62,0,2018,5,16,2,3,5,3,0,0,1,0,0,0,0,0,6.90954E+20,5.33509E+21,1.15669E+16,4.81404E+16
177371,9,6,76,122,2018,5,15,7,2,0,1,0,0,0,0,1,0,0,0,5.115E+20,5.51708E+21,9.15982E+15,4.9806E+16
177372,9,5,62,0,2018,5,18,7,3,1,5,0,1,1,0,0,0,0,0,6.45833E+20,5.4944E+21,1.10176E+16,4.95846E+16
177373,9,7,64,0,2018,5,12,2,3,8,1,0,1,0,0,0,0,0,0,5.88008E+20,5.3151E+21,1.01794E+16,4.79832E+16
177374,9,7,64,0,2018,5,8,2,3,5,3,0,0,1,0,1,0,0,0,5.85344E+20,5.31537E+21,1.01438E+16,4.79859E+16
177375,9,5,76,111,2018,5,17,7,2,9,7,0,0,1,0,0,0,0,0,6.40992E+20,5.45675E+21,1.09373E+16,4.92473E+16
177376,9,5,64,0,2018,5,21,7,3,5,2,2,0,1,0,1,0,0,0,6.54614E+20,5.47463E+21,1.11313E+16,4.94047E+16
177377,9,7,74,135,2018,5,10,2,3,4,3,0,0,0,0,1,0,1,0,5.94176E+20,5.36759E+21,1.02737E+16,4.84544E+16
177378,9,5,64,0,2018,5,10,7,3,2,3,0,0,1,0,0,0,0,0,6.50996E+20,5.47608E+21,1.1082E+16,4.94186E+16
177379,9,7,80,139,2018,5,16,2,2,7,1,0,0,1,0,0,1,0,1,5.95587E+20,5.26356E+21,1.02696E+16,4.75184E+16
177380,9,5,64,0,2018,5,19,7,3,5,3,0,1,1,0,0,0,0,0,6.48997E+20,5.47777E+21,1.10551E+16,4.94344E+16
177381,9,7,76,117,2018,5,8,2,3,5,3,0,1,1,0,0,0,0,0,5.67319E+20,5.27303E+21,9.89568E+15,4.76071E+16
177382,9,5,64,0,2018,5,16,7,3,6,4,0,0,1,1,0,0,0,0,6.50851E+20,5.47921E+21,1.10812E+16,4.94468E+16
177383,9,7,76,116,2018,5,12,2,3,5,3,0,0,1,0,1,0,0,0,5.54678E+20,5.26655E+21,9.7267E+15,4.75501E+16
177384,9,5,64,0,2018,5,13,7,3,5,3,0,0,1,0,1,0,0,0,6.4741E+20,5.47631E+21,1.10327E+16,4.94216E+16
177385,9,7,61,0,2018,5,13,2,3,5,3,0,1,1,0,0,0,0,0,6.38867E+20,5.36035E+21,1.08755E+16,4.8381E+16
177386,9,7,61,0,2018,5,16,2,3,2,6,0,0,1,0,0,0,0,0,6.40124E+20,5.35891E+21,1.0892E+16,4.83678E+16
177387,9,5,64,0,2018,5,8,7,3,0,1,0,1,0,0,0,0,0,0,6.51543E+20,5.47809E+21,1.10903E+16,4.94365E+16
177388,9,7,61,0,2018,5,9,2,3,1,5,0,1,1,0,0,0,0,0,6.39672E+20,5.36004E+21,1.08863E+16,4.83781E+16
177389,9,6,79,202,2018,5,7,2,2,0,7,0,1,0,0,0,0,0,1,5.62877E+20,5.521E+21,9.87443E+15,4.98381E+16
177390,9,5,64,0,2018,5,18,7,3,4,2,0,0,1,0,0,0,0,0,6.53432E+20,5.47553E+21,1.11153E+16,4.9413E+16
177391,9,6,77,155,2018,5,13,2,3,1,5,0,1,1,0,0,0,0,0,5.42031E+20,5.53809E+21,9.58641E+15,4.99936E+16
177392,9,5,77,159,2018,5,15,7,3,0,7,0,0,0,0,1,0,0,0,6.35433E+20,5.44245E+21,1.08561E+16,4.912E+16
177393,9,5,77,138,2018,5,16,7,3,5,3,0,0,1,0,1,0,0,0,6.31645E+20,5.44591E+21,1.08054E+16,4.91519E+16
177394,9,6,75,141,2018,5,15,2,3,0,7,0,1,0,0,0,0,0,0,5.83091E+20,5.50908E+21,1.01529E+16,4.97285E+16
177395,9,6,61,0,2018,5,17,2,3,0,7,0,0,0,0,1,0,0,1,5.08091E+20,5.53649E+21,9.11285E+15,4.99807E+16
177396,9,5,62,0,2018,5,17,2,3,5,3,0,1,1,0,0,0,0,0,6.42158E+20,5.49424E+21,1.09667E+16,4.95841E+16
177397,9,5,71,193,2018,5,17,7,3,0,7,0,1,0,0,0,0,0,0,5.85659E+20,5.4698E+21,1.018E+16,4.93749E+16
177398,9,4,61,0,2018,5,14,7,3,0,7,0,1,0,0,0,0,0,0,6.36811E+20,5.52973E+21,1.09053E+16,4.99043E+16
177399,9,5,62,0,2018,5,17,2,3,3,6,0,1,0,0,0,0,0,0,6.45031E+20,5.49492E+21,1.10067E+16,4.95894E+16
177400,9,5,62,0,2018,5,11,2,3,5,3,0,1,1,0,0,0,0,0,6.43501E+20,5.49452E+21,1.09854E+16,4.95862E+16
177401,9,4,61,0,2018,5,14,7,3,2,7,0,0,1,0,1,0,0,0,6.36556E+20,5.52772E+21,1.0901E+16,4.98863E+16
177402,9,5,64,0,2018,5,18,2,3,5,3,0,1,1,0,0,0,0,0,6.50361E+20,5.48095E+21,1.10751E+16,4.94626E+16
177403,9,5,64,0,2018,5,8,2,3,5,3,0,1,1,0,0,0,0,0,6.5042E+20,5.48445E+21,1.10772E+16,4.9494E+16
177404,9,4,61,0,2018,5,16,7,3,6,5,0,0,0,1,0,0,1,0,6.35491E+20,5.52812E+21,1.08863E+16,4.98901E+16
177405,9,4,61,0,2018,5,19,7,3,0,7,2,1,0,0,0,0,0,0,6.37639E+20,5.53072E+21,1.09171E+16,4.9913E+16
177406,9,5,64,0,2018,5,1,2,3,0,1,2,1,0,0,0,0,0,0,6.51382E+20,5.48021E+21,1.10889E+16,4.94557E+16
177407,9,3,62,0,2018,5,3,7,3,0,1,2,1,0,0,0,0,0,0,7.26604E+20,5.43383E+21,1.20993E+16,4.90157E+16