OBJECTID_1,ULAND,UREGBEZ,UKREIS,UGEMEINDE,UJAHR,UMONAT,USTUNDE,UWOCHENTAG,UKATEGORIE,UART,UTYP1,ULICHTVERH,IstRad,IstPKW,IstFuss,IstKrad,IstGkfz,IstSonstig,STRZUSTAND,LINREFX,LINREFY,XGCSWGS84,YGCSWGS84
177408,9,3,71,120,2018,5,16,7,3,8,1,0,0,1,0,0,0,0,0,7.14551E+20,5.46944E+21,1.19537E+16,4.93399E+16
177409,9,5,64,0,2018,5,22,2,3,2,6,2,0,1,0,0,0,0,0,6.5115E+20,5.47855E+21,1.1085E+16,4.94408E+16
177410,9,2,76,144,2018,5,12,7,2,2,2,0,0,1,0,0,0,0,0,7.84925E+20,5.44226E+21,1.29011E+16,4.90672E+16
177411,9,5,73,122,2018,5,15,2,3,2,6,0,0,1,0,0,0,0,0,6.43955E+20,5.47572E+21,1.09848E+16,4.94171E+16
177412,9,2,63,0,2018,5,13,7,3,2,6,0,0,1,0,1,0,0,0,7.62153E+20,5.41985E+21,1.25756E+16,4.88761E+16
177413,9,2,71,149,2018,5,22,7,3,2,6,2,0,0,0,1,0,0,0,8.05219E+20,5.40838E+21,1.3153E+16,4.87535E+16
177414,9,5,71,216,2018,5,10,2,3,1,7,0,1,1,0,0,0,0,0,6.20452E+20,5.45115E+21,1.06535E+16,4.92013E+16
177415,9,2,75,128,2018,5,16,7,2,8,6,0,1,0,0,0,0,0,0,8.28776E+20,5.4013E+21,1.34669E+16,4.86781E+16
177416,9,4,64,0,2018,5,15,2,3,4,2,0,1,1,0,0,0,0,0,7.06409E+20,5.57795E+21,1.18995E+16,5.03174E+16
177417,9,2,72,129,2018,5,13,7,3,4,6,0,0,1,0,1,0,0,0,8.47629E+20,5.40471E+21,1.3725E+16,4.86984E+16
177418,9,2,74,127,2018,5,17,7,3,0,1,0,0,1,0,0,0,0,0,7.35464E+20,5.39765E+21,1.21995E+16,4.86875E+16
177419,9,4,73,159,2018,5,16,2,3,5,3,0,1,1,0,0,0,0,0,6.44852E+20,5.57321E+21,1.10336E+16,5.02932E+16
177420,9,2,74,146,2018,5,9,7,3,5,3,0,1,1,0,0,0,0,0,7.32654E+20,5.37791E+21,1.21503E+16,4.85112E+16
177421,9,2,79,113,2018,5,11,7,3,0,7,0,1,0,0,0,0,0,0,7.82339E+20,5.39367E+21,1.28324E+16,4.86323E+16
177422,9,4,76,145,2018,5,19,2,3,8,7,0,1,0,0,0,0,0,0,6.66443E+20,5.5671E+21,1.13338E+16,5.02326E+16
177423,9,1,90,140,2018,5,19,7,3,0,3,0,0,1,0,1,0,0,0,6.43924E+20,5.29566E+21,1.09219E+16,4.77982E+16
177424,9,4,61,0,2018,5,20,2,3,1,7,1,1,1,0,0,0,0,1,6.35357E+20,5.52891E+21,1.08847E+16,4.98973E+16
177425,9,1,73,111,2018,5,15,7,2,0,1,0,1,0,0,0,0,0,0,6.85035E+20,5.29195E+21,1.14689E+16,4.77544E+16
177426,9,3,62,0,2018,5,12,2,3,2,6,0,1,1,0,0,0,0,0,7.27865E+20,5.43293E+21,1.2116E+16,4.90072E+16
177427,9,1,71,125,2018,5,14,7,3,5,3,0,0,1,0,0,0,0,0,7.73807E+20,5.35043E+21,1.26885E+16,4.82479E+16
177428,9,1,87,113,2018,5,12,7,3,5,3,0,0,1,0,1,0,0,0,7.46988E+20,5.31959E+21,1.23101E+16,4.79819E+16
177429,9,3,75,119,2018,5,18,2,2,5,3,0,0,1,0,1,0,0,0,7.40896E+20,5.44717E+21,1.23024E+16,4.91301E+16
177430,9,3,62,0,2018,5,13,2,3,2,6,0,1,1,0,0,0,0,0,7.24568E+20,5.43491E+21,1.20721E+16,4.90262E+16
177431,9,3,62,0,2018,5,15,2,3,0,3,0,1,1,0,0,0,0,0,7.2667E+20,5.43261E+21,1.20995E+16,4.90047E+16
177432,9,1,87,148,2018,5,11,7,3,0,1,0,1,0,0,0,0,0,0,7.39163E+20,5.27888E+21,1.21829E+16,4.76191E+16
177433,9,1,82,133,2018,5,13,7,3,0,1,0,1,0,0,0,0,0,0,7.07765E+20,5.30775E+21,1.17794E+16,4.78894E+16
177434,9,3,62,0,2018,5,20,2,3,6,7,1,1,0,1,0,0,0,0,7.29786E+20,5.43091E+21,1.21411E+16,4.89883E+16
177435,9,3,76,117,2018,5,16,2,2,9,1,0,0,0,0,1,0,0,0,7.40407E+20,5.4588E+21,1.23026E+16,4.92347E+16
177436,9,1,87,154,2018,5,13,7,3,1,1,0,1,1,0,0,0,0,0,7.35133E+20,5.29693E+21,1.21391E+16,4.77828E+16
177437,9,1,87,122,2018,5,12,7,3,5,3,0,1,1,0,0,0,0,0,7.20873E+20,5.30623E+21,1.19537E+16,4.78714E+16
177438,9,2,71,128,2018,5,12,2,3,0,1,0,1,0,0,0,0,0,0,7.952E+20,5.39475E+21,1.30073E+16,4.8636E+16
177439,9,1,87,137,2018,5,17,7,3,5,3,0,1,1,0,0,0,0,0,7.30423E+20,5.30893E+21,1.20827E+16,4.78923E+16
177440,9,2,77,121,2018,5,15,2,3,5,3,0,0,1,0,1,0,0,0,7.58391E+20,5.37179E+21,1.24944E+16,4.84461E+16
177441,9,1,61,0,2018,5,15,7,2,6,4,0,0,1,1,0,0,0,0,6.7635E+20,5.40497E+21,1.14002E+16,4.87727E+16
177442,9,1,61,0,2018,5,16,7,3,0,1,0,1,0,0,0,0,0,0,6.7953E+20,5.40382E+21,1.1443E+16,4.87615E+16
177443,9,2,61,0,2018,5,7,2,3,5,3,0,0,1,0,0,0,0,0,7.31003E+20,5.3802E+21,1.21293E+16,4.85324E+16
177444,9,2,73,152,2018,5,19,2,3,0,7,0,1,0,0,0,0,0,0,7.03116E+20,5.40952E+21,1.17664E+16,4.88054E+16
177445,9,1,61,0,2018,5,12,7,3,5,3,0,0,1,0,0,0,0,0,6.80143E+20,5.40387E+21,1.14513E+16,4.87617E+16
177446,9,1,90,157,2018,5,10,2,3,6,7,0,0,0,1,0,0,1,0,6.60167E+20,5.3006E+21,1.11405E+16,4.78388E+16
177447,9,1,90,141,2018,5,13,2,3,5,3,0,0,1,0,0,0,0,0,6.78244E+20,5.29308E+21,1.13788E+16,4.77664E+16
177448,9,1,79,121,2018,5,11,7,3,6,7,0,0,1,1,0,0,0,0,6.65896E+20,5.3376E+21,1.12313E+16,4.817E+16
177449,9,1,83,128,2018,5,15,2,3,3,6,0,0,1,0,0,0,0,0,7.62631E+20,5.34849E+21,1.25371E+16,4.82352E+16
177450,9,1,61,0,2018,5,7,2,3,5,3,0,1,0,0,1,0,0,0,6.78624E+20,5.40223E+21,1.143E+16,4.87475E+16
177451,9,1,79,121,2018,5,9,7,3,2,6,0,0,1,0,0,0,0,0,6.67039E+20,5.33776E+21,1.12468E+16,4.81711E+16
177452,9,1,85,149,2018,5,6,2,3,5,3,0,0,1,0,0,0,0,0,6.61575E+20,5.39933E+21,1.11971E+16,4.8726E+16
177453,9,1,79,121,2018,5,16,7,3,5,3,0,1,1,0,0,0,0,0,6.66914E+20,5.33774E+21,1.12451E+16,4.8171E+16
177454,9,1,81,114,2018,5,11,7,3,8,1,0,0,0,0,1,0,0,0,6.54296E+20,5.3108E+21,1.10658E+16,4.7932E+16
177455,9,1,88,121,2018,5,17,2,2,5,2,0,0,1,0,1,0,0,0,6.70293E+20,5.32961E+21,1.12872E+16,4.8097E+16
177456,9,1,74,121,2018,5,22,2,3,0,1,2,1,0,0,0,0,0,0,6.90434E+20,5.35269E+21,1.15679E+16,4.82987E+16
177457,9,1,78,130,2018,5,6,7,3,0,7,0,0,1,0,1,0,0,0,7.05473E+20,5.35905E+21,1.17735E+16,4.83512E+16
177458,9,1,62,0,2018,5,10,1,3,3,6,0,0,0,0,1,0,0,0,6.90839E+20,5.33473E+21,1.15652E+16,4.81372E+16
177459,9,1,62,0,2018,5,23,1,3,5,3,2,1,1,0,0,0,0,0,6.85452E+20,5.32873E+21,1.14903E+16,4.80848E+16
177460,9,1,78,124,2018,5,15,7,3,0,1,0,1,0,0,0,0,0,0,7.04016E+20,5.36394E+21,1.17562E+16,4.83956E+16
177461,9,1,77,117,2018,5,21,7,3,0,1,2,1,0,0,0,0,0,0,7.15076E+20,5.35337E+21,1.19E+16,4.82969E+16
177462,9,1,62,0,2018,5,9,1,3,3,2,0,0,1,0,1,0,0,0,6.91665E+20,5.33376E+21,1.15759E+16,4.81282E+16
177463,9,1,75,124,2018,5,7,7,3,8,1,0,0,1,0,0,0,0,0,7.12556E+20,5.32981E+21,1.18543E+16,4.8086E+16
177464,9,1,62,0,2018,5,0,6,3,0,7,2,1,0,0,0,0,0,1,6.87429E+20,5.33923E+21,1.15214E+16,4.81786E+16
177465,9,1,62,0,2018,5,18,1,3,6,7,0,0,1,1,0,0,0,0,6.88388E+20,5.32968E+21,1.15301E+16,4.80925E+16
177466,9,1,62,0,2018,5,16,6,3,3,7,0,0,1,0,1,0,0,0,6.90511E+20,5.33398E+21,1.15605E+16,4.81305E+16
177467,9,1,62,0,2018,5,17,6,2,4,2,0,0,1,0,1,0,0,0,7.00149E+20,5.33486E+21,1.16903E+16,4.81355E+16
177468,9,1,62,0,2018,5,12,1,2,4,6,0,0,1,0,0,0,0,0,6.84323E+20,5.33152E+21,1.14763E+16,4.81102E+16
177469,9,1,62,0,2018,5,12,1,2,6,7,0,1,0,1,0,0,0,0,6.90146E+20,5.33466E+21,1.15559E+16,4.81368E+16
177470,9,1,62,0,2018,5,20,6,3,5,3,2,1,1,0,0,0,0,0,6.87411E+20,5.33488E+21,1.15192E+16,4.81396E+16
177471,9,1,62,0,2018,5,15,1,3,5,2,0,1,0,0,0,0,0,0,6.78994E+20,5.3384E+21,1.14077E+16,4.81736E+16
177472,9,1,62,0,2018,5,16,6,3,5,3,0,0,1,0,0,0,1,0,6.98024E+20,5.33535E+21,1.1662E+16,4.81406E+16
177473,9,1,62,0,2018,5,12,1,3,5,3,0,1,0,0,0,0,0,0,6.82699E+20,5.34042E+21,1.14584E+16,4.81907E+16
177474,9,1,62,0,2018,5,8,6,3,0,5,0,1,1,0,0,0,0,0,6.94591E+20,5.33544E+21,1.16159E+16,4.81424E+16
177475,9,1,62,0,2018,5,7,6,2,4,7,0,1,0,0,0,0,0,0,6.91883E+20,5.33775E+21,1.15806E+16,4.8164E+16
177476,9,1,62,0,2018,5,15,1,3,5,3,0,1,1,0,0,0,0,0,6.81428E+20,5.33926E+21,1.14408E+16,4.81806E+16
177477,9,1,62,0,2018,5,10,1,3,0,7,0,1,0,0,0,0,0,0,6.89534E+20,5.33834E+21,1.15493E+16,4.817E+16
177478,9,1,84,136,2018,5,18,6,3,5,3,0,0,1,0,0,0,0,0,6.98302E+20,5.32635E+21,1.16615E+16,4.80596E+16
177479,9,1,62,0,2018,5,23,6,3,3,2,2,1,1,0,0,0,0,0,6.92813E+20,5.33537E+21,1.1592E+16,4.81424E+16
177480,9,1,84,139,2018,5,16,1,3,3,2,0,1,1,0,0,0,0,0,6.87361E+20,5.32385E+21,1.15137E+16,4.80404E+16
177481,9,1,84,147,2018,5,17,1,3,0,1,0,1,0,0,0,0,0,0,6.9726E+20,5.34179E+21,1.16547E+16,4.81986E+16
177482,9,1,62,0,2018,5,21,6,3,5,2,1,1,1,0,0,0,0,0,6.91571E+20,5.33541E+21,1.15753E+16,4.81431E+16
177483,9,1,62,0,2018,5,18,6,3,5,2,0,1,1,0,0,0,0,0,6.91535E+20,5.33285E+21,1.15737E+16,4.812E+16
177484,9,1,62,0,2018,5,20,1,2,1,7,2,0,1,0,0,0,0,1,6.89015E+20,5.33217E+21,1.15396E+16,4.81147E+16
177485,9,1,62,0,2018,5,10,6,3,8,1,0,0,0,0,1,0,0,0,6.80305E+20,5.33897E+21,1.14255E+16,4.81783E+16
177486,9,7,75,129,2018,5,13,1,3,6,7,0,0,1,1,0,0,0,0,5.82404E+20,5.34169E+21,1.01095E+16,4.82231E+16
177487,9,1,62,0,2018,5,13,6,3,6,7,0,1,0,1,0,0,0,0,6.88894E+20,5.33561E+21,1.15395E+16,4.81457E+16
177488,9,7,74,144,2018,5,14,1,3,0,1,0,1,0,0,0,0,0,0,6.06345E+20,5.35982E+21,1.04363E+16,4.83826E+16
177489,9,1,62,0,2018,5,10,6,3,8,7,0,0,1,0,0,0,0,0,6.99869E+20,5.33323E+21,1.16858E+16,4.81209E+16
177490,9,1,62,0,2018,5,14,6,3,4,2,0,0,1,1,0,0,0,0,6.92154E+20,5.33041E+21,1.15809E+16,4.8098E+16
177491,9,7,78,116,2018,5,14,1,2,8,7,0,1,0,0,0,0,0,0,6.20845E+20,5.31403E+21,1.0619E+16,4.79682E+16
177492,9,7,80,118,2018,5,8,1,3,0,1,0,1,0,0,0,0,0,0,5.95747E+20,5.26639E+21,1.02724E+16,4.75439E+16
177493,9,1,84,120,2018,5,14,6,3,1,5,0,1,1,0,0,0,0,0,6.80828E+20,5.33207E+21,1.14297E+16,4.81162E+16
177494,9,1,62,0,2018,5,17,6,3,0,1,0,1,0,0,0,0,0,0,6.85562E+20,5.33487E+21,1.14944E+16,4.814E+16
177495,9,7,71,113,2018,5,18,1,3,5,1,0,1,1,0,0,0,0,1,6.58235E+20,5.37067E+21,1.11408E+16,4.84693E+16
177496,9,1,62,0,2018,5,21,6,3,0,5,2,1,1,0,0,0,0,0,6.90608E+20,5.33475E+21,1.15621E+16,4.81374E+16
177497,9,6,71,114,2018,5,9,1,3,1,5,0,0,1,0,0,0,0,0,5.00745E+20,5.54403E+21,9.0104E+15,5.00485E+16
177498,9,1,62,0,2018,5,18,6,3,0,1,0,1,0,0,0,0,0,0,6.90866E+20,5.33433E+21,1.15654E+16,4.81336E+16
177499,9,7,75,135,2018,5,20,6,3,0,7,0,0,0,0,1,0,0,0,5.75261E+20,5.36188E+21,1.00169E+16,4.84056E+16
177500,9,5,74,146,2018,5,12,1,3,5,3,0,1,1,0,0,0,0,0,6.69348E+20,5.48652E+21,1.13393E+16,4.95077E+16
177501,9,5,76,113,2018,5,9,1,3,3,6,0,1,1,0,0,0,0,0,6.60987E+20,5.45902E+21,1.12128E+16,4.92627E+16
177502,9,7,74,155,2018,5,20,6,3,3,2,0,1,1,0,0,0,0,0,5.90939E+20,5.36675E+21,1.02298E+16,4.84473E+16
177503,9,5,64,0,2018,5,18,1,3,5,3,0,1,1,0,0,0,0,0,6.51043E+20,5.4775E+21,1.10832E+16,4.94314E+16
177504,9,7,80,139,2018,5,14,6,3,0,1,0,0,0,0,1,0,0,0,5.96103E+20,5.26311E+21,1.02764E+16,4.75143E+16
177505,9,5,64,0,2018,5,15,1,2,2,6,0,0,1,0,0,0,0,0,6.49537E+20,5.48337E+21,1.10646E+16,4.94845E+16
177506,9,5,64,0,2018,5,15,1,3,0,1,0,1,0,0,0,0,0,0,6.49525E+20,5.48389E+21,1.10647E+16,4.94892E+16
177507,9,7,76,128,2018,5,4,6,3,0,1,2,1,0,0,0,0,0,0,5.48038E+20,5.26879E+21,9.63869E+15,4.75707E+16
177508,9,5,64,0,2018,5,17,1,3,5,3,0,1,1,0,0,0,0,0,6.51071E+20,5.47788E+21,1.10837E+16,4.94348E+16
177509,9,5,64,0,2018,5,11,1,3,6,7,0,0,0,1,1,0,0,0,6.53862E+20,5.47767E+21,1.11221E+16,4.94322E+16
177510,9,7,73,125,2018,5,22,6,3,4,3,2,0,1,0,0,0,0,0,6.08058E+20,5.38248E+21,1.04653E+16,4.8586E+16
177511,9,4,75,162,2018,5,14,1,3,5,7,0,0,1,0,1,0,0,0,7.12859E+20,5.57172E+21,1.19864E+16,5.02592E+16
177512,9,7,72,184,2018,5,17,6,3,0,7,0,1,0,0,0,0,0,0,6.35605E+20,5.35985E+21,1.08313E+16,4.83772E+16
177513,9,7,72,163,2018,5,17,6,3,5,3,0,0,1,0,0,0,0,0,6.39276E+20,5.34842E+21,1.08771E+16,4.82736E+16
177514,9,4,76,183,2018,5,12,1,3,0,7,0,1,0,0,0,0,0,0,6.73959E+20,5.56748E+21,1.14393E+16,5.02338E+16
177515,9,4,73,132,2018,5,3,1,2,8,1,2,0,0,0,1,0,0,0,6.38406E+20,5.56017E+21,1.09384E+16,5.01776E+16
177516,9,7,72,163,2018,5,17,6,2,4,2,0,0,1,0,1,0,0,0,6.41073E+20,5.34842E+21,1.09013E+16,4.82733E+16
177517,9,4,63,0,2018,5,14,1,3,0,3,0,1,0,0,0,0,0,0,6.40117E+20,5.56941E+21,1.09658E+16,5.02602E+16
177518,9,7,61,0,2018,5,18,6,3,4,2,0,1,1,0,0,0,0,0,6.40868E+20,5.36148E+21,1.09029E+16,4.83907E+16
177519,9,4,62,0,2018,5,20,1,3,0,7,0,1,0,0,0,0,0,0,6.83878E+20,5.53503E+21,1.15627E+16,4.99393E+16
177520,9,7,61,0,2018,5,22,6,3,5,3,2,1,1,0,0,0,0,0,6.40191E+20,5.35876E+21,1.08928E+16,4.83665E+16
177521,9,4,71,145,2018,5,15,1,3,5,3,0,0,1,0,1,0,0,0,6.46043E+20,5.52252E+21,1.1031E+16,4.98373E+16
177522,9,6,63,0,2018,5,8,6,3,3,6,0,1,1,0,0,0,0,0,5.66594E+20,5.51658E+21,9.92535E+15,4.97979E+16
177523,9,6,63,0,2018,5,21,6,3,5,3,1,0,1,0,0,0,0,0,5.68298E+20,5.51514E+21,9.94877E+15,4.97849E+16
177524,9,3,62,0,2018,5,11,1,3,0,7,0,0,1,0,1,0,0,0,7.26196E+20,5.43533E+21,1.20946E+16,4.90293E+16
177525,9,6,63,0,2018,5,9,6,3,1,7,0,0,1,0,0,0,0,0,5.67504E+20,5.5169E+21,9.93805E+15,4.98008E+16
177526,9,6,75,161,2018,5,13,6,3,6,4,0,0,1,1,0,0,0,0,5.89636E+20,5.50921E+21,1.02438E+16,4.97287E+16
177527,9,3,61,0,2018,5,14,1,3,5,3,0,1,1,0,0,0,0,0,7.0837E+20,5.47998E+21,1.18742E+16,4.94368E+16
177528,9,2,63,0,2018,5,17,1,3,0,1,0,1,0,0,0,0,0,0,7.6253E+20,5.42099E+21,1.25815E+16,4.88862E+16
177529,9,6,73,114,2018,5,15,6,3,4,2,0,1,1,0,0,0,0,0,5.86865E+20,5.57531E+21,1.02203E+16,5.03235E+16
177530,9,1,85,150,2018,5,15,5,2,3,6,0,1,1,0,0,0,0,0,6.55512E+20,5.39763E+21,1.11141E+16,4.87123E+16
177531,9,1,76,138,2018,5,20,5,3,5,3,1,0,1,0,0,0,0,0,6.76955E+20,5.41852E+21,1.14143E+16,4.88944E+16
177532,9,1,79,136,2018,5,12,5,3,5,3,0,1,1,0,0,0,0,0,6.60668E+20,5.34175E+21,1.11627E+16,4.82086E+16
177533,9,1,75,127,2018,5,18,5,3,5,3,0,1,1,0,0,0,0,0,7.1312E+20,5.34108E+21,1.18675E+16,4.81872E+16
177534,9,1,62,0,2018,5,18,4,3,3,2,0,1,0,0,0,0,0,1,6.90328E+20,5.33884E+21,1.15602E+16,4.81742E+16
177535,9,1,62,0,2018,5,8,4,3,5,3,0,0,1,0,0,0,1,1,6.92567E+20,5.33512E+21,1.15886E+16,4.81401E+16
177536,9,1,62,0,2018,5,20,4,3,5,3,1,0,1,0,0,0,0,0,6.88674E+20,5.3379E+21,1.15376E+16,4.81663E+16
177537,9,1,62,0,2018,5,18,4,3,5,3,0,0,1,0,0,0,0,1,6.99773E+20,5.33484E+21,1.16852E+16,4.81355E+16
177538,9,1,84,130,2018,5,12,4,3,1,1,0,0,1,0,0,0,0,1,6.9895E+20,5.34483E+21,1.16789E+16,4.82254E+16
177539,9,1,62,0,2018,5,10,4,2,6,4,0,0,1,1,0,0,0,1,6.94108E+20,5.33473E+21,1.16091E+16,4.81362E+16
177540,9,1,62,0,2018,5,18,4,3,3,2,0,1,1,0,0,0,0,1,6.86514E+20,5.33749E+21,1.15083E+16,4.81632E+16
177541,9,1,62,0,2018,5,18,4,3,5,2,0,1,1,0,0,0,0,1,6.88995E+20,5.34175E+21,1.15436E+16,4.82009E+16
177542,9,1,62,0,2018,5,12,4,3,6,3,0,0,1,1,0,0,0,1,6.9358E+20,5.33517E+21,1.16022E+16,4.81403E+16
177543,9,1,62,0,2018,5,7,4,3,6,1,0,1,0,1,0,0,0,1,6.9151E+20,5.33502E+21,1.15744E+16,4.81396E+16
177544,9,1,62,0,2018,5,19,4,3,5,3,0,1,1,0,0,0,0,1,6.91225E+20,5.34179E+21,1.15736E+16,4.82006E+16
177545,9,1,62,0,2018,5,17,4,3,2,6,0,0,1,0,0,0,0,1,6.89929E+20,5.34217E+21,1.15563E+16,4.82043E+16
177546,9,1,62,0,2018,5,11,4,3,3,6,0,0,1,0,1,0,0,1,6.8622E+20,5.33345E+21,1.15026E+16,4.81271E+16
177547,9,7,61,0,2018,5,12,6,3,5,3,0,1,1,0,0,0,0,0,6.39178E+20,5.36019E+21,1.08796E+16,4.83795E+16
177548,9,7,61,0,2018,5,8,6,3,5,3,0,0,1,0,0,0,0,0,6.41308E+20,5.36031E+21,1.09084E+16,4.83801E+16
177549,9,7,61,0,2018,5,12,6,3,6,4,0,0,1,1,0,0,0,0,6.40614E+20,5.35855E+21,1.08985E+16,4.83644E+16
177550,9,6,63,0,2018,5,12,6,3,2,6,0,0,1,0,0,1,0,0,5.68625E+20,5.51693E+21,9.95362E+15,4.98009E+16
177551,9,1,62,0,2018,5,8,4,3,5,3,0,1,1,0,0,0,0,1,6.87998E+20,5.32829E+21,1.15242E+16,4.80802E+16
177552,9,1,62,0,2018,5,14,4,3,5,3,0,1,0,0,0,0,0,1,6.92682E+20,5.33175E+21,1.15886E+16,4.81098E+16
177553,9,6,79,187,2018,5,8,6,3,5,3,0,0,1,0,0,1,0,0,5.74786E+20,5.50553E+21,1.0037E+16,4.96976E+16
177554,9,6,61,0,2018,5,13,6,3,5,3,0,0,1,0,0,0,0,0,5.1053E+20,5.53471E+21,9.14682E+15,4.99646E+16
177555,9,1,62,0,2018,5,8,4,3,0,1,0,0,0,0,1,0,0,1,6.91451E+20,5.33223E+21,1.15723E+16,4.81145E+16
177556,9,5,72,130,2018,5,23,6,3,0,7,2,1,0,0,0,0,0,0,6.39843E+20,5.50644E+21,1.09391E+16,4.96943E+16
177557,9,5,62,0,2018,5,13,6,3,0,7,0,1,0,0,0,0,0,0,6.45655E+20,5.49585E+21,1.10157E+16,4.95976E+16
177558,9,1,62,0,2018,5,15,4,3,1,6,0,0,1,0,1,0,0,1,6.87345E+20,5.33218E+21,1.15172E+16,4.81153E+16
177559,9,5,62,0,2018,5,13,6,3,2,6,0,0,1,0,0,0,0,0,6.44427E+20,5.49546E+21,1.09985E+16,4.95945E+16
177560,9,5,72,115,2018,5,7,6,3,5,3,0,1,1,0,0,0,0,0,6.46735E+20,5.50272E+21,1.10332E+16,4.96592E+16
177561,9,1,62,0,2018,5,18,4,3,5,2,0,1,1,0,0,0,0,1,6.92633E+20,5.33476E+21,1.15893E+16,4.81369E+16
177562,9,1,62,0,2018,5,10,4,3,6,7,0,0,1,1,0,0,0,1,6.92633E+20,5.33804E+21,1.15908E+16,4.81664E+16
177563,9,7,75,135,2018,5,9,4,3,6,2,0,0,1,1,0,0,0,0,5.74055E+20,5.36072E+21,1.00004E+16,4.83953E+16
177564,9,7,75,162,2018,5,12,4,3,4,2,0,0,1,0,0,0,0,1,5.78272E+20,5.35044E+21,1.00555E+16,4.83023E+16
177565,9,7,63,0,2018,5,21,4,3,5,3,2,0,1,0,1,0,0,1,5.98677E+20,5.28698E+21,1.0316E+16,4.77287E+16
177566,9,7,80,139,2018,5,8,4,2,5,2,0,1,1,0,0,0,0,1,5.96441E+20,5.26329E+21,1.02809E+16,4.75159E+16
177567,9,7,80,139,2018,5,11,4,3,2,6,0,0,1,0,0,0,0,1,5.95007E+20,5.26414E+21,1.02621E+16,4.75237E+16
177568,9,7,80,145,2018,5,16,4,3,0,1,0,1,0,0,0,0,0,1,6.0597E+20,5.27316E+21,1.04098E+16,4.76032E+16
177569,9,5,64,0,2018,5,14,6,3,5,2,0,1,1,0,0,0,0,0,6.48663E+20,5.47863E+21,1.10508E+16,4.94421E+16
177570,9,5,64,0,2018,5,10,6,2,6,4,0,0,0,1,0,0,1,0,6.49964E+20,5.48377E+21,1.10707E+16,4.9488E+16
177571,9,7,72,202,2018,5,9,4,3,0,1,0,1,0,0,0,0,0,1,6.36317E+20,5.35982E+21,1.08409E+16,4.83768E+16
177572,9,5,64,0,2018,5,16,6,3,6,7,0,0,1,1,0,0,0,0,6.51554E+20,5.47754E+21,1.10902E+16,4.94316E+16
177573,9,7,61,0,2018,5,15,4,3,6,2,0,0,1,1,0,0,0,0,6.42166E+20,5.36036E+21,1.092E+16,4.83804E+16
177574,9,5,64,0,2018,5,11,6,2,5,3,0,1,1,0,0,0,0,0,6.47276E+20,5.48203E+21,1.10329E+16,4.94731E+16
177575,9,5,64,0,2018,5,13,6,3,5,2,0,0,1,0,0,0,1,0,6.52445E+20,5.47836E+21,1.11028E+16,4.94387E+16
177576,9,7,61,0,2018,5,19,4,3,5,3,0,1,1,0,0,0,0,1,6.40742E+20,5.35568E+21,1.08992E+16,4.83386E+16
177577,9,6,63,0,2018,5,7,4,3,0,1,0,0,0,0,1,0,0,0,5.66696E+20,5.51643E+21,9.92674E+15,4.97966E+16
177578,9,5,64,0,2018,5,7,6,3,0,1,0,1,0,0,0,0,0,0,6.47419E+20,5.47815E+21,1.10335E+16,4.94381E+16
177579,9,5,64,0,2018,5,14,6,3,2,6,0,0,1,0,0,0,0,0,6.51384E+20,5.48021E+21,1.10889E+16,4.94557E+16
177580,9,6,77,131,2018,5,11,4,3,5,3,0,0,1,0,0,1,0,0,5.47564E+20,5.54554E+21,9.66451E+15,5.00602E+16
177581,9,5,64,0,2018,5,10,6,3,3,6,0,1,0,0,0,0,1,0,6.47402E+20,5.47939E+21,1.10337E+16,4.94493E+16
177582,9,6,75,170,2018,5,7,4,3,5,3,0,1,1,0,0,0,0,1,5.81685E+20,5.50665E+21,1.01329E+16,4.97068E+16
177583,9,5,64,0,2018,5,13,6,3,5,2,0,1,1,0,0,0,0,0,6.49655E+20,5.48093E+21,1.10653E+16,4.94626E+16
177584,9,5,64,0,2018,5,10,6,3,0,7,0,1,0,0,0,0,0,0,6.49684E+20,5.48029E+21,1.10655E+16,4.94568E+16
177585,9,6,74,147,2018,5,8,4,3,0,7,0,0,0,0,1,0,1,1,6.07626E+20,5.54358E+21,1.05029E+16,5.00347E+16
177586,9,6,72,114,2018,5,18,4,3,0,7,0,1,0,0,0,0,0,0,5.76648E+20,5.56154E+21,1.0074E+16,5.0201E+16
177587,9,5,73,123,2018,5,20,6,3,0,1,2,1,0,0,0,0,0,0,6.38957E+20,5.48681E+21,1.09199E+16,4.9518E+16
177588,9,6,62,0,2018,5,7,4,3,5,3,0,0,1,0,0,0,0,1,5.89371E+20,5.54639E+21,1.02487E+16,5.00631E+16
177589,9,6,72,149,2018,5,15,4,3,8,1,0,0,1,0,0,0,0,1,5.60689E+20,5.5709E+21,9.85191E+15,5.02871E+16
177590,9,5,73,134,2018,5,10,6,3,0,7,0,1,0,0,0,0,0,0,6.37036E+20,5.47605E+21,1.08896E+16,4.94217E+16
177591,9,6,76,123,2018,5,10,4,3,5,6,0,0,1,0,1,0,0,0,5.18313E+20,5.51891E+21,9.25459E+15,4.98223E+16
177592,9,6,61,0,2018,5,17,4,3,1,2,0,0,1,0,0,0,0,0,5.08434E+20,5.53665E+21,9.11765E+15,4.99821E+16
177593,9,5,73,122,2018,5,23,6,3,1,6,2,0,1,0,1,0,0,0,6.4319E+20,5.47705E+21,1.09748E+16,4.94292E+16