OBJECTID_1,ULAND,UREGBEZ,UKREIS,UGEMEINDE,UJAHR,UMONAT,USTUNDE,UWOCHENTAG,UKATEGORIE,UART,UTYP1,ULICHTVERH,IstRad,IstPKW,IstFuss,IstKrad,IstGkfz,IstSonstig,STRZUSTAND,LINREFX,LINREFY,XGCSWGS84,YGCSWGS84
177594,9,6,71,111,2018,5,11,4,2,8,1,0,1,0,0,0,0,0,0,5.0565E+20,5.54813E+21,9.07897E+15,5.00854E+16
177595,9,5,72,121,2018,5,8,4,3,6,4,0,1,0,1,0,0,0,0,6.58436E+20,5.49385E+21,1.11916E+16,4.95765E+16
177596,9,5,73,122,2018,5,11,6,3,5,3,0,0,1,0,1,0,0,0,6.42943E+20,5.47724E+21,1.09714E+16,4.9431E+16
177597,9,5,63,0,2018,5,19,4,3,0,7,0,0,1,0,0,0,0,1,6.43912E+20,5.48185E+21,1.09865E+16,4.94722E+16
177598,9,4,79,169,2018,5,15,6,3,0,1,0,0,0,0,0,0,1,0,7.15166E+20,5.54752E+21,1.20051E+16,5.0041E+16
177599,9,4,78,116,2018,5,18,6,3,0,1,0,1,0,0,0,0,0,0,6.60695E+20,5.55718E+21,1.12491E+16,5.0145E+16
177600,9,5,63,0,2018,5,17,4,3,0,7,0,1,0,0,1,0,0,1,6.44914E+20,5.48155E+21,1.10002E+16,4.94692E+16
177601,9,5,64,0,2018,5,12,4,3,5,3,0,1,1,0,0,0,0,0,6.51303E+20,5.47953E+21,1.10875E+16,4.94496E+16
177602,9,4,72,198,2018,5,18,6,2,0,7,0,1,0,0,0,0,0,0,6.98463E+20,5.54083E+21,1.17687E+16,4.99867E+16
177603,9,5,64,0,2018,5,8,4,2,5,2,0,1,1,0,0,0,0,0,6.49518E+20,5.4764E+21,1.10617E+16,4.94219E+16
177604,9,4,74,126,2018,5,14,6,3,5,7,0,1,1,0,0,0,0,0,6.48401E+20,5.51069E+21,1.10593E+16,4.97304E+16
177605,9,5,64,0,2018,5,9,4,2,2,6,0,0,1,0,0,0,0,1,6.51291E+20,5.47859E+21,1.1087E+16,4.94411E+16
177606,9,4,71,140,2018,5,14,6,3,4,3,0,1,1,0,0,0,0,0,6.34925E+20,5.53169E+21,1.08797E+16,4.99223E+16
177607,9,4,61,0,2018,5,12,6,2,0,7,0,1,0,1,0,0,0,0,6.35675E+20,5.52837E+21,1.0889E+16,4.98923E+16
177608,9,4,61,0,2018,5,18,6,3,5,3,0,1,1,0,0,0,0,0,6.35832E+20,5.52608E+21,1.08903E+16,4.98717E+16
177609,9,5,64,0,2018,5,12,4,3,0,1,0,1,0,0,0,0,0,0,6.52151E+20,5.48115E+21,1.10998E+16,4.94639E+16
177610,9,3,63,0,2018,5,7,6,3,4,3,0,0,1,0,0,0,0,0,7.27402E+20,5.50733E+21,1.21521E+16,4.96755E+16
177611,9,3,74,162,2018,5,7,6,3,5,2,0,1,1,0,0,0,0,0,7.41718E+20,5.5017E+21,1.23467E+16,4.96194E+16
177612,9,5,73,134,2018,5,15,4,3,4,6,0,1,0,0,0,0,0,1,6.41394E+20,5.47846E+21,1.09505E+16,4.94423E+16
177613,9,5,61,0,2018,5,7,4,3,6,2,0,0,0,1,0,0,1,1,6.14594E+20,5.46218E+21,1.05763E+16,4.93016E+16
177614,9,3,74,124,2018,5,16,6,3,5,3,0,0,1,0,0,0,0,0,7.08789E+20,5.51121E+21,1.18966E+16,4.97171E+16
177615,9,4,63,0,2018,5,20,4,3,0,1,2,1,0,0,0,0,0,1,6.39926E+20,5.56958E+21,1.09632E+16,5.02617E+16
177616,9,3,62,0,2018,5,19,6,3,0,1,0,1,0,0,0,0,0,0,7.2759E+20,5.43231E+21,1.21119E+16,4.90017E+16
177617,9,4,73,151,2018,5,10,4,3,0,1,0,0,0,0,1,0,0,0,6.51538E+20,5.57806E+21,1.11294E+16,5.03351E+16
177618,9,3,61,0,2018,5,13,6,3,5,3,0,1,1,0,0,0,0,0,7.07148E+20,5.48121E+21,1.1858E+16,4.94482E+16
177619,9,2,76,122,2018,5,18,6,3,0,1,0,1,0,0,0,0,0,0,7.90807E+20,5.44046E+21,1.29802E+16,4.90483E+16
177620,9,4,72,190,2018,5,17,4,3,5,3,0,0,1,0,0,0,1,0,6.99307E+20,5.52583E+21,1.17727E+16,4.98517E+16
177621,9,4,62,0,2018,5,15,4,2,5,3,0,0,1,0,1,0,0,0,6.85456E+20,5.53812E+21,1.15861E+16,4.99666E+16
177622,9,2,78,118,2018,5,9,6,2,0,7,0,1,0,0,0,0,0,0,7.70686E+20,5.42405E+21,1.26945E+16,4.89102E+16
177623,9,2,75,148,2018,5,16,6,3,8,1,0,1,0,0,0,0,0,0,8.47911E+20,5.40015E+21,1.3725E+16,4.86573E+16
177624,9,4,74,176,2018,5,15,4,3,5,3,0,1,1,0,0,0,0,0,6.59935E+20,5.52001E+21,1.1223E+16,4.98112E+16
177625,9,2,75,156,2018,5,13,6,2,8,1,0,1,0,0,0,0,0,0,8.53767E+20,5.39334E+21,1.37984E+16,4.8593E+16
177626,9,3,75,204,2018,5,16,4,3,0,1,0,0,0,0,1,0,1,0,7.32233E+20,5.43526E+21,1.2177E+16,4.90265E+16
177627,9,2,77,133,2018,5,17,6,3,0,7,0,1,0,0,0,0,0,0,7.67618E+20,5.36621E+21,1.26154E+16,4.83922E+16
177628,9,2,73,137,2018,5,16,6,2,0,7,0,1,1,0,0,0,0,0,7.08993E+20,5.42302E+21,1.18532E+16,4.89248E+16
177629,9,3,62,0,2018,5,9,4,3,5,2,0,1,1,0,0,0,0,1,7.27971E+20,5.43171E+21,1.21168E+16,4.89961E+16
177630,9,2,79,112,2018,5,7,6,3,5,3,0,1,1,0,0,0,0,0,7.57682E+20,5.39373E+21,1.24984E+16,4.86435E+16
177631,9,3,71,151,2018,5,11,4,3,2,6,0,1,1,0,0,0,0,0,6.9795E+20,5.48725E+21,1.17343E+16,4.95055E+16
177632,9,1,80,117,2018,5,23,6,3,5,3,2,0,1,0,0,0,0,0,6.5807E+20,5.26255E+21,1.10988E+16,4.74972E+16
177633,9,2,63,0,2018,5,17,4,2,5,1,0,1,1,0,0,0,0,1,7.62251E+20,5.42062E+21,1.25774E+16,4.8883E+16
177634,9,1,73,112,2018,5,13,6,3,0,1,0,1,0,0,0,0,0,0,6.92118E+20,5.29327E+21,1.15639E+16,4.77641E+16
177635,9,1,83,128,2018,5,16,6,3,5,3,0,0,1,0,0,0,0,0,7.61541E+20,5.34751E+21,1.25218E+16,4.82269E+16
177636,9,2,76,148,2018,5,9,4,3,5,3,0,0,1,0,0,0,0,0,8.09919E+20,5.43811E+21,1.32392E+16,4.90179E+16
177637,9,2,71,119,2018,5,15,4,3,6,4,0,0,0,1,1,0,0,1,7.90642E+20,5.41737E+21,1.29615E+16,4.88412E+16
177638,9,1,72,114,2018,5,11,6,3,5,3,0,0,1,0,0,0,0,0,7.90577E+20,5.2929E+21,1.2875E+16,4.7724E+16
177639,9,1,87,132,2018,5,10,6,2,8,1,0,1,0,0,0,0,0,1,7.47927E+20,5.30218E+21,1.23126E+16,4.78252E+16
177640,9,2,71,119,2018,5,19,4,3,0,1,0,1,0,0,0,0,0,0,7.90702E+20,5.4173E+21,1.29622E+16,4.88405E+16
177641,9,1,82,123,2018,5,13,6,3,4,6,0,0,1,0,0,0,0,0,7.172E+20,5.30273E+21,1.19029E+16,4.78412E+16
177642,9,2,71,119,2018,5,7,4,3,2,6,0,1,1,0,0,0,0,0,7.89737E+20,5.41781E+21,1.29495E+16,4.88456E+16
177643,9,1,79,142,2018,5,19,6,3,8,1,0,0,0,0,1,0,0,0,6.74852E+20,5.34308E+21,1.1354E+16,4.82169E+16
177644,9,2,62,0,2018,5,9,4,3,0,6,0,0,0,0,1,0,0,1,8.25477E+20,5.38784E+21,1.34116E+16,4.8559E+16
177645,9,1,88,145,2018,5,11,6,3,4,6,0,1,1,0,0,0,0,0,6.63959E+20,5.32624E+21,1.12009E+16,4.80683E+16
177646,9,2,72,128,2018,5,11,4,3,5,3,0,0,1,0,0,0,0,0,8.14093E+20,5.41977E+21,1.32821E+16,4.88513E+16
177647,9,1,79,126,2018,5,20,6,3,0,7,1,1,0,1,0,0,0,0,6.76459E+20,5.34074E+21,1.13746E+16,4.81953E+16
177648,9,2,61,0,2018,5,7,4,3,0,3,0,0,1,0,1,0,0,1,7.3149E+20,5.38247E+21,1.21371E+16,4.85525E+16
177649,9,2,61,0,2018,5,16,4,3,4,2,0,0,1,0,0,0,0,1,7.3072E+20,5.38036E+21,1.21255E+16,4.85339E+16
177650,9,1,79,145,2018,5,7,6,3,5,3,0,1,1,0,0,0,0,0,6.73901E+20,5.33744E+21,1.13389E+16,4.81664E+16
177651,9,2,79,113,2018,5,16,4,3,0,7,0,1,0,0,0,0,0,1,7.82623E+20,5.39392E+21,1.28364E+16,4.86344E+16
177652,9,1,80,123,2018,5,12,4,2,5,3,0,1,1,0,0,0,0,1,6.7086E+20,5.25752E+21,1.12665E+16,4.74487E+16
177653,9,1,74,115,2018,5,12,6,3,6,4,0,1,0,1,0,0,0,0,6.81214E+20,5.34732E+21,1.14413E+16,4.82532E+16
177654,9,1,73,126,2018,5,17,4,3,5,3,0,0,1,0,0,0,0,1,6.85956E+20,5.30283E+21,1.14858E+16,4.78519E+16
177655,9,1,62,0,2018,5,7,5,3,5,3,0,1,1,0,0,0,0,1,6.91995E+20,5.33864E+21,1.15825E+16,4.8172E+16
177656,9,1,62,0,2018,5,17,5,3,5,3,0,1,1,0,0,0,0,1,6.94038E+20,5.3349E+21,1.16083E+16,4.81377E+16
177657,9,1,72,118,2018,5,20,4,3,9,1,2,0,1,0,0,0,0,1,7.97489E+20,5.30602E+21,1.2976E+16,4.78386E+16
177658,9,1,63,0,2018,5,14,4,3,3,5,0,1,1,0,0,0,0,0,7.31484E+20,5.30403E+21,1.20942E+16,4.78479E+16
177659,9,1,61,0,2018,5,16,4,3,5,2,0,1,1,0,0,0,0,1,6.81923E+20,5.40254E+21,1.14749E+16,4.87493E+16
177660,9,1,62,0,2018,5,10,5,3,2,2,0,0,1,0,0,0,0,0,6.96941E+20,5.33072E+21,1.16453E+16,4.80993E+16
177661,9,1,62,0,2018,5,8,5,3,0,1,0,1,0,0,0,0,0,1,6.92883E+20,5.33474E+21,1.15927E+16,4.81367E+16
177662,9,1,86,158,2018,5,7,4,3,5,3,0,0,1,0,1,0,0,1,6.92437E+20,5.40438E+21,1.16187E+16,4.87626E+16
177663,9,1,81,130,2018,5,22,4,3,5,3,2,0,1,0,0,0,0,1,6.38963E+20,5.32366E+21,1.08648E+16,4.80511E+16
177664,9,1,62,0,2018,5,17,5,3,5,6,0,0,1,0,0,0,0,0,6.90053E+20,5.33474E+21,1.15547E+16,4.81375E+16
177665,9,1,88,132,2018,5,15,4,3,4,1,0,0,1,0,0,0,0,1,6.6507E+20,5.32276E+21,1.12145E+16,4.80368E+16
177666,9,1,62,0,2018,5,11,3,3,1,1,0,1,1,0,0,0,0,0,6.91148E+20,5.33756E+21,1.15706E+16,4.81625E+16
177667,9,1,62,0,2018,5,8,5,3,2,6,0,0,1,0,0,0,0,0,6.84317E+20,5.33146E+21,1.14762E+16,4.81097E+16
177668,9,1,62,0,2018,5,17,5,3,5,7,0,0,1,0,0,0,1,1,6.87006E+20,5.33464E+21,1.15137E+16,4.81375E+16
177669,9,1,62,0,2018,5,12,3,3,0,7,0,1,0,0,0,0,0,1,6.88119E+20,5.33688E+21,1.15296E+16,4.81573E+16
177670,9,1,62,0,2018,5,15,5,3,4,2,0,1,1,0,0,0,0,1,7.0129E+20,5.33464E+21,1.17055E+16,4.81332E+16
177671,9,1,62,0,2018,5,16,5,2,0,7,0,0,0,0,1,0,0,1,6.91848E+20,5.33576E+21,1.15792E+16,4.81462E+16
177672,9,1,62,0,2018,5,14,3,3,0,1,0,1,0,0,0,0,0,1,6.89152E+20,5.33614E+21,1.15432E+16,4.81504E+16
177673,9,1,62,0,2018,5,18,5,2,5,3,0,0,1,0,0,0,0,1,6.97241E+20,5.33183E+21,1.16498E+16,4.81092E+16
177674,9,1,62,0,2018,5,9,3,2,5,3,0,1,1,0,0,0,0,0,6.87107E+20,5.33196E+21,1.15139E+16,4.81134E+16
177675,9,1,62,0,2018,5,16,5,3,5,7,0,1,1,0,0,0,0,1,6.90177E+20,5.33417E+21,1.15561E+16,4.81323E+16
177676,9,1,62,0,2018,5,7,5,3,6,2,0,0,1,1,0,0,0,1,6.90763E+20,5.34E+21,1.15666E+16,4.81846E+16
177677,9,1,62,0,2018,5,11,3,3,0,7,0,1,0,1,0,0,0,0,6.88153E+20,5.33986E+21,1.15314E+16,4.81841E+16
177678,9,1,62,0,2018,5,17,5,3,5,3,0,1,1,0,0,0,0,1,6.80169E+20,5.33706E+21,1.14229E+16,4.81613E+16
177679,9,1,62,0,2018,5,18,3,3,4,2,0,1,1,0,0,0,0,0,6.90835E+20,5.33704E+21,1.15662E+16,4.81579E+16
177680,9,1,84,139,2018,5,8,5,3,1,6,0,0,1,0,0,0,0,1,6.87171E+20,5.32585E+21,1.15121E+16,4.80584E+16
177681,9,1,84,131,2018,5,11,5,3,5,3,0,0,1,0,0,0,1,1,7.052E+20,5.33797E+21,1.17596E+16,4.81618E+16
177682,9,1,62,0,2018,5,8,3,3,0,7,0,0,0,0,0,0,1,0,6.8447E+20,5.33326E+21,1.1479E+16,4.81259E+16
177683,9,1,62,0,2018,5,6,5,3,5,2,0,1,1,0,0,0,0,1,6.92168E+20,5.33526E+21,1.15833E+16,4.81416E+16
177684,9,7,74,135,2018,5,19,5,3,5,3,0,0,1,0,0,0,0,0,5.94643E+20,5.36747E+21,1.028E+16,4.84533E+16
177685,9,1,62,0,2018,5,10,3,3,6,4,0,0,0,1,0,0,1,0,6.96127E+20,5.3369E+21,1.16372E+16,4.81551E+16
177686,9,7,63,0,2018,5,9,5,2,0,6,0,0,1,0,0,0,1,0,5.98511E+20,5.28619E+21,1.03136E+16,4.77216E+16
177687,9,1,62,0,2018,5,7,3,3,5,3,0,1,1,0,0,0,0,0,6.8635E+20,5.32983E+21,1.15028E+16,4.80945E+16
177688,9,7,79,228,2018,5,10,5,2,6,7,0,0,1,1,0,0,0,1,6.26542E+20,5.41494E+21,1.07258E+16,4.88745E+16
177689,9,1,62,0,2018,5,18,3,3,5,3,0,1,1,0,0,0,0,0,6.93731E+20,5.34254E+21,1.16076E+16,4.82065E+16
177690,9,7,73,125,2018,5,15,6,3,1,5,0,1,1,0,0,0,0,0,6.09272E+20,5.38161E+21,1.04815E+16,4.85781E+16
177691,9,7,72,202,2018,5,20,5,3,1,1,0,1,1,0,0,0,0,0,6.36853E+20,5.35875E+21,1.08478E+16,4.83671E+16
177692,9,1,62,0,2018,5,18,3,3,5,3,0,0,1,0,0,0,1,0,6.9084E+20,5.33659E+21,1.15661E+16,4.81539E+16
177693,9,1,62,0,2018,5,15,3,3,3,2,0,1,1,0,0,0,0,1,6.90761E+20,5.33889E+21,1.1566E+16,4.81746E+16
177694,9,1,62,0,2018,5,20,3,3,5,7,1,1,0,0,0,0,0,1,6.91676E+20,5.33462E+21,1.15764E+16,4.81359E+16
177695,9,7,61,0,2018,5,7,5,3,4,6,0,1,0,0,0,0,1,0,6.42159E+20,5.36065E+21,1.092E+16,4.8383E+16
177696,9,7,61,0,2018,5,20,5,3,0,7,0,1,0,0,0,0,0,0,6.41203E+20,5.35724E+21,1.0906E+16,4.83526E+16
177697,9,1,62,0,2018,5,15,3,3,6,4,0,0,1,1,0,0,0,1,6.89961E+20,5.33801E+21,1.15549E+16,4.81669E+16
177698,9,1,62,0,2018,5,19,3,3,3,6,0,0,1,0,0,0,0,0,6.87477E+20,5.33606E+21,1.15207E+16,4.81501E+16
177699,9,7,61,0,2018,5,9,5,3,1,1,0,1,1,0,0,0,0,1,6.41203E+20,5.35817E+21,1.09063E+16,4.83609E+16
177700,9,7,61,0,2018,5,6,5,3,0,7,1,1,0,0,0,0,0,1,6.40821E+20,5.35913E+21,1.09015E+16,4.83696E+16
177701,9,1,62,0,2018,5,7,3,3,6,4,0,1,0,1,0,0,0,0,6.907E+20,5.33815E+21,1.15649E+16,4.81679E+16
177702,9,6,79,136,2018,5,11,5,3,0,1,0,1,0,0,0,0,0,0,5.70839E+20,5.5148E+21,9.984E+15,4.97814E+16
177703,9,1,62,0,2018,5,15,3,3,6,3,0,0,1,1,0,0,1,1,6.96748E+20,5.33072E+21,1.16427E+16,4.80994E+16
177704,9,6,63,0,2018,5,11,5,2,0,2,0,1,1,0,0,0,0,0,5.68047E+20,5.51596E+21,9.94543E+15,4.97923E+16
177705,9,6,63,0,2018,5,13,5,3,5,3,0,0,1,0,0,0,0,0,5.68037E+20,5.51727E+21,9.94552E+15,4.9804E+16
177706,9,1,62,0,2018,5,8,3,3,0,2,0,0,1,0,1,0,0,0,6.88192E+20,5.33716E+21,1.15307E+16,4.81598E+16
177707,9,1,84,148,2018,5,14,3,3,5,3,0,0,1,0,0,1,0,1,6.95072E+20,5.32692E+21,1.16185E+16,4.80657E+16
177708,9,6,63,0,2018,5,19,5,3,1,1,0,0,1,0,0,0,0,0,5.69463E+20,5.51969E+21,9.96576E+15,4.98256E+16
177709,9,1,62,0,2018,5,17,3,3,9,1,0,0,1,0,0,0,0,0,6.86381E+20,5.32932E+21,1.1503E+16,4.80899E+16
177710,9,1,84,146,2018,5,15,3,3,6,4,0,1,0,1,0,0,0,1,6.98384E+20,5.32818E+21,1.16635E+16,4.8076E+16
177711,9,6,63,0,2018,5,15,5,3,2,6,0,0,1,0,0,0,0,0,5.66149E+20,5.51695E+21,9.91923E+15,4.98013E+16
177712,9,1,62,0,2018,5,18,3,3,5,3,0,0,1,0,0,0,0,1,7.01432E+20,5.33468E+21,1.17074E+16,4.81335E+16
177713,9,1,62,0,2018,5,15,3,3,6,2,0,0,1,1,0,0,0,1,6.94441E+20,5.33301E+21,1.16128E+16,4.81207E+16
177714,9,6,75,147,2018,5,13,5,3,6,4,0,0,1,1,0,0,0,0,5.82467E+20,5.50226E+21,1.01428E+16,4.96672E+16
177715,9,1,62,0,2018,5,19,3,3,1,5,0,1,1,0,0,0,0,1,6.92513E+20,5.33681E+21,1.15886E+16,4.81554E+16
177716,9,6,73,114,2018,5,17,5,3,4,7,0,1,0,0,0,0,0,0,5.8611E+20,5.57577E+21,1.02098E+16,5.03277E+16
177717,9,6,78,160,2018,5,15,5,3,8,2,0,1,0,0,0,0,0,0,5.8495E+20,5.54609E+21,1.01869E+16,5.0061E+16
177718,9,7,75,135,2018,5,14,3,2,2,6,0,0,1,0,0,0,1,0,5.74232E+20,5.35992E+21,1.00027E+16,4.83881E+16
177719,9,7,75,135,2018,5,16,3,3,5,3,0,1,1,0,0,0,0,1,5.74274E+20,5.36002E+21,1.00033E+16,4.8389E+16
177720,9,6,76,122,2018,5,17,5,3,1,5,0,0,1,0,0,0,0,0,5.11657E+20,5.51643E+21,9.16199E+15,4.98002E+16
177721,9,7,80,143,2018,5,15,3,3,2,6,0,0,1,0,1,0,0,1,5.97281E+20,5.27853E+21,1.02955E+16,4.76529E+16
177722,9,7,80,120,2018,5,12,3,3,6,4,0,0,1,1,0,0,0,0,5.99704E+20,5.28348E+21,1.03288E+16,4.7697E+16
177723,9,6,76,139,2018,5,11,5,3,3,3,0,1,1,0,0,0,0,0,5.19074E+20,5.50607E+21,9.26454E+15,4.97068E+16
177724,9,5,62,0,2018,5,15,5,3,4,2,0,0,1,0,0,0,0,0,6.45501E+20,5.49518E+21,1.10133E+16,4.95917E+16
177725,9,7,76,116,2018,5,17,3,2,0,3,0,1,1,0,0,0,0,0,5.53361E+20,5.26664E+21,9.7092E+15,4.7551E+16
177726,9,5,72,142,2018,5,16,5,2,0,1,0,1,0,0,0,0,0,0,6.44331E+20,5.49988E+21,1.09988E+16,4.96342E+16
177727,9,5,74,147,2018,5,7,5,2,0,1,0,1,0,0,0,0,0,1,6.81416E+20,5.48638E+21,1.15058E+16,4.95029E+16
177728,9,7,79,181,2018,5,15,3,3,0,7,0,1,0,0,0,0,0,0,6.33615E+20,5.3912E+21,1.08145E+16,4.86596E+16
177729,9,5,64,0,2018,5,16,5,3,0,7,0,1,0,0,0,1,0,1,6.52249E+20,5.47883E+21,1.11003E+16,4.94431E+16
177730,9,5,64,0,2018,5,17,5,3,1,7,0,1,1,0,0,0,0,0,6.45245E+20,5.48734E+21,1.10069E+16,4.95213E+16
177731,9,7,79,194,2018,5,15,3,3,5,3,0,0,1,0,0,0,0,0,6.10474E+20,5.41275E+21,1.05061E+16,4.88579E+16
177732,9,7,61,0,2018,5,17,3,3,2,6,0,0,1,0,0,0,0,0,6.39254E+20,5.36099E+21,1.08809E+16,4.83867E+16
177733,9,5,64,0,2018,5,7,5,2,5,3,0,1,1,0,0,0,0,1,6.52027E+20,5.47914E+21,1.10974E+16,4.94459E+16
177734,9,7,61,0,2018,5,16,3,3,2,6,0,0,1,0,0,0,0,0,6.38983E+20,5.35919E+21,1.08767E+16,4.83706E+16
177735,9,5,64,0,2018,5,17,5,3,2,6,0,0,1,0,1,0,0,0,6.52032E+20,5.47959E+21,1.10976E+16,4.945E+16
177736,9,7,61,0,2018,5,16,3,3,5,3,0,1,0,0,0,0,1,0,6.40338E+20,5.35878E+21,1.08948E+16,4.83665E+16
177737,9,5,64,0,2018,5,8,5,3,2,6,0,0,1,0,0,0,0,1,6.5166E+20,5.47808E+21,1.10919E+16,4.94365E+16
177738,9,5,77,136,2018,5,16,5,3,6,4,0,0,1,1,0,0,0,0,6.27998E+20,5.44212E+21,1.07542E+16,4.91185E+16
177739,9,7,72,163,2018,5,12,3,3,2,6,0,0,1,0,0,0,0,0,6.3901E+20,5.34778E+21,1.08733E+16,4.8268E+16
177740,9,7,61,0,2018,5,8,3,3,6,7,0,0,1,1,0,0,0,0,6.36903E+20,5.36084E+21,1.08491E+16,4.83859E+16
177741,9,4,78,111,2018,5,11,5,3,8,1,0,0,1,0,0,0,0,0,6.609E+20,5.55485E+21,1.1251E+16,5.01241E+16
177742,9,4,76,145,2018,5,12,5,2,5,3,0,0,1,0,1,0,0,0,6.65988E+20,5.56802E+21,1.13279E+16,5.0241E+16
177743,9,7,61,0,2018,5,18,3,3,5,2,0,1,0,0,1,0,0,0,6.41985E+20,5.36041E+21,1.09176E+16,4.83809E+16
177744,9,7,61,0,2018,5,21,3,3,2,6,2,0,1,0,0,0,0,1,6.41813E+20,5.36031E+21,1.09152E+16,4.838E+16
177745,9,4,77,139,2018,5,11,5,2,3,2,0,1,1,0,0,0,0,0,6.89874E+20,5.5525E+21,1.16548E+16,5.00944E+16
177746,9,4,62,0,2018,5,7,5,3,0,1,0,0,0,0,1,0,0,0,6.86118E+20,5.53541E+21,1.1594E+16,4.99421E+16
177747,9,7,61,0,2018,5,8,3,3,5,3,0,1,1,0,0,0,0,0,6.41939E+20,5.35743E+21,1.0916E+16,4.83541E+16
177748,9,4,71,169,2018,5,18,5,3,0,7,0,1,1,0,0,0,0,0,6.38332E+20,5.52138E+21,1.09234E+16,4.98289E+16
177749,9,7,61,0,2018,5,15,3,3,4,2,0,0,1,0,0,0,0,0,6.40785E+20,5.35924E+21,1.0901E+16,4.83706E+16
177750,9,4,61,0,2018,5,15,5,3,6,7,0,0,1,1,0,0,0,0,6.36874E+20,5.53039E+21,1.09064E+16,4.99102E+16
177751,9,7,71,114,2018,5,9,3,3,0,1,0,0,0,0,0,0,1,0,6.46518E+20,5.37326E+21,1.09833E+16,4.84954E+16
177752,9,3,62,0,2018,5,9,5,3,2,6,0,0,1,0,1,0,0,1,7.25675E+20,5.43403E+21,1.20867E+16,4.90179E+16
177753,9,3,73,147,2018,5,16,5,3,9,1,0,1,0,0,1,0,0,0,6.78773E+20,5.46083E+21,1.14578E+16,4.9274E+16
177754,9,6,77,159,2018,5,16,3,3,4,6,0,0,1,0,1,0,0,0,5.44532E+20,5.55971E+21,9.62381E+15,5.01879E+16
177755,9,6,75,174,2018,5,12,3,3,5,3,0,1,1,0,0,0,0,0,5.88727E+20,5.52388E+21,1.02345E+16,4.98607E+16
177756,9,3,73,147,2018,5,16,5,3,5,3,0,0,1,0,0,0,0,0,6.75338E+20,5.46177E+21,1.1411E+16,4.92835E+16
177757,9,3,73,147,2018,5,13,5,3,8,1,0,0,1,0,0,0,0,0,6.8374E+20,5.46213E+21,1.15266E+16,4.92843E+16
177758,9,6,75,112,2018,5,17,3,2,5,3,0,1,1,0,0,0,0,0,5.83572E+20,5.51366E+21,1.01606E+16,4.97696E+16
177759,9,3,61,0,2018,5,8,5,3,9,7,0,0,1,0,0,0,0,0,7.07467E+20,5.48443E+21,1.18641E+16,4.9477E+16
177760,9,6,71,121,2018,5,16,3,3,4,6,0,0,1,0,1,0,0,0,5.13373E+20,5.53783E+21,9.18657E+15,4.99927E+16
177761,9,2,76,148,2018,5,16,5,3,5,3,0,0,1,0,1,0,0,0,8.0992E+20,5.4381E+21,1.32393E+16,4.90179E+16
177762,9,2,71,146,2018,5,15,5,3,5,3,0,0,1,0,0,0,0,0,7.84635E+20,5.41139E+21,1.28757E+16,4.87903E+16
177763,9,5,62,0,2018,5,17,3,3,5,7,0,1,0,0,0,0,0,1,6.46432E+20,5.49612E+21,1.10265E+16,4.95999E+16
177764,9,5,62,0,2018,5,17,3,3,5,3,0,1,1,0,0,0,0,0,6.47131E+20,5.49557E+21,1.1036E+16,4.95948E+16
177765,9,2,72,120,2018,5,11,5,2,6,4,0,0,1,1,0,0,0,0,8.22219E+20,5.421E+21,1.33935E+16,4.88581E+16
177766,9,5,74,141,2018,5,13,3,2,9,1,0,0,0,0,1,0,0,0,6.69097E+20,5.49082E+21,1.13377E+16,4.95464E+16
177767,9,2,72,151,2018,5,13,5,3,5,1,0,0,1,0,0,1,0,0,8.38684E+20,5.4082E+21,1.36067E+16,4.87347E+16
177768,9,5,76,127,2018,5,16,3,3,5,3,0,1,1,0,0,0,0,0,6.59705E+20,5.45084E+21,1.11919E+16,4.91895E+16
177769,9,5,76,113,2018,5,14,3,3,6,4,0,0,1,1,0,0,0,0,6.62671E+20,5.4578E+21,1.12354E+16,4.92513E+16
177770,9,2,77,124,2018,5,13,5,3,4,6,0,0,1,0,0,0,0,0,7.81811E+20,5.36719E+21,1.28073E+16,4.83948E+16
177771,9,5,63,0,2018,5,6,3,3,5,3,0,0,1,0,1,0,0,0,6.45222E+20,5.4829E+21,1.10049E+16,4.94814E+16
177772,9,5,64,0,2018,5,21,3,3,0,6,2,1,1,0,0,0,0,1,6.52056E+20,5.48055E+21,1.10983E+16,4.94586E+16
177773,9,2,79,137,2018,5,15,5,3,5,3,0,0,1,0,0,0,0,0,7.76039E+20,5.40431E+21,1.27541E+16,4.87306E+16
177774,9,5,64,0,2018,5,9,3,3,0,6,0,0,1,0,1,0,0,0,6.5141E+20,5.48042E+21,1.10893E+16,4.94575E+16
177775,9,1,90,157,2018,5,12,5,3,6,4,0,0,1,1,0,0,0,0,6.60131E+20,5.30076E+21,1.11401E+16,4.78402E+16
177776,9,1,90,140,2018,5,19,5,3,0,7,0,1,1,0,0,0,0,0,6.43984E+20,5.29542E+21,1.09227E+16,4.7796E+16
177777,9,5,64,0,2018,5,17,3,2,2,6,0,1,1,0,0,0,0,0,6.52904E+20,5.48221E+21,1.11106E+16,4.94733E+16
177778,9,5,64,0,2018,5,20,3,3,0,1,1,1,0,0,0,0,0,1,6.51241E+20,5.47942E+21,1.10866E+16,4.94486E+16
177779,9,1,90,115,2018,5,10,5,2,0,7,0,1,0,0,0,0,0,0,6.71665E+20,5.30405E+21,1.12954E+16,4.78668E+16