OBJECTID_1,ULAND,UREGBEZ,UKREIS,UGEMEINDE,UJAHR,UMONAT,USTUNDE,UWOCHENTAG,UKATEGORIE,UART,UTYP1,ULICHTVERH,IstRad,IstPKW,IstFuss,IstKrad,IstGkfz,IstSonstig,STRZUSTAND,LINREFX,LINREFY,XGCSWGS84,YGCSWGS84
177966,9,1,87,137,2018,5,17,3,3,0,1,0,0,0,0,1,0,0,1,7.29645E+20,5.30791E+21,1.20718E+16,4.78834E+16
177967,9,1,61,0,2018,5,6,3,3,0,1,0,1,0,0,0,0,0,0,6.76218E+20,5.40506E+21,1.13985E+16,4.87735E+16
177968,9,3,71,127,2018,5,15,7,3,5,3,0,1,1,0,0,0,0,0,7.13122E+20,5.49192E+21,1.19461E+16,4.95424E+16
177969,9,2,75,128,2018,5,20,7,3,5,3,1,1,1,0,0,0,0,0,8.29385E+20,5.40239E+21,1.3476E+16,4.86875E+16
177970,9,1,86,143,2018,5,9,3,3,0,6,0,0,0,0,1,0,1,0,6.85124E+20,5.37914E+21,1.1508E+16,4.85381E+16
177971,9,2,72,129,2018,5,16,7,3,5,3,0,1,1,0,0,0,0,0,8.42645E+20,5.40912E+21,1.36611E+16,4.87407E+16
177972,9,2,73,147,2018,5,11,7,3,5,3,0,1,1,0,0,0,0,0,7.04508E+20,5.39033E+21,1.17758E+16,4.86326E+16
177973,9,1,85,149,2018,5,12,3,3,1,6,0,0,1,0,0,1,0,0,6.60403E+20,5.40063E+21,1.11817E+16,4.8738E+16
177974,9,2,61,0,2018,5,3,7,3,8,1,2,1,0,0,0,0,0,0,7.30565E+20,5.38242E+21,1.21246E+16,4.85525E+16
177975,9,2,74,113,2018,5,13,7,2,0,1,0,1,0,0,0,0,0,0,7.29747E+20,5.3829E+21,1.21138E+16,4.85571E+16
177976,9,1,88,139,2018,5,12,3,3,0,1,0,0,0,0,1,0,0,0,6.73102E+20,5.31685E+21,1.13198E+16,4.79815E+16
177977,9,2,61,0,2018,5,8,7,3,0,1,0,1,0,0,0,0,0,0,7.34087E+20,5.3817E+21,1.21718E+16,4.85447E+16
177978,9,1,81,130,2018,5,15,3,3,0,7,0,0,0,0,0,0,1,0,6.38792E+20,5.32433E+21,1.08627E+16,4.80572E+16
177979,9,1,74,111,2018,5,9,3,2,4,7,0,0,1,0,0,0,1,0,6.6859E+20,5.35982E+21,1.12764E+16,4.8369E+16
177980,9,1,90,157,2018,5,18,7,3,5,3,0,0,1,0,0,0,0,1,6.60654E+20,5.29997E+21,1.11468E+16,4.7833E+16
177981,9,1,90,141,2018,5,14,7,2,0,1,0,1,0,0,0,0,0,0,6.77941E+20,5.29187E+21,1.13743E+16,4.77556E+16
177982,9,1,78,113,2018,5,14,3,3,4,6,0,1,1,0,0,0,0,0,6.91624E+20,5.36783E+21,1.15908E+16,4.84344E+16
177983,9,1,89,157,2018,5,13,7,3,0,7,0,1,0,0,0,0,0,0,7.66454E+20,5.32727E+21,1.25752E+16,4.8043E+16
177984,9,1,89,155,2018,5,15,7,2,0,7,0,1,0,0,0,0,0,0,7.72693E+20,5.30811E+21,1.26466E+16,4.78684E+16
177985,9,1,62,0,2018,5,15,2,3,5,3,0,0,1,0,0,0,0,0,6.87098E+20,5.33776E+21,1.15163E+16,4.81655E+16
177986,9,1,62,0,2018,5,15,2,3,5,2,0,1,1,0,0,0,0,0,6.91919E+20,5.33388E+21,1.15793E+16,4.81292E+16
177987,9,1,89,155,2018,5,12,7,2,0,7,0,1,0,0,0,0,0,1,7.71467E+20,5.31366E+21,1.26337E+16,4.79187E+16
177988,9,1,62,0,2018,5,12,2,2,6,1,0,0,1,1,0,0,0,0,6.95028E+20,5.34084E+21,1.16243E+16,4.81908E+16
177989,9,1,62,0,2018,5,14,2,3,0,7,0,1,0,0,0,0,0,0,6.86174E+20,5.33855E+21,1.15042E+16,4.81729E+16
177990,9,1,71,111,2018,5,3,7,3,8,1,2,1,0,0,0,0,0,0,7.7195E+20,5.34839E+21,1.26623E+16,4.82303E+16
177991,9,7,75,135,2018,5,7,2,2,1,7,0,1,1,0,0,0,0,0,5.77184E+20,5.36211E+21,1.00429E+16,4.84075E+16
177992,9,7,75,139,2018,5,16,2,3,0,7,0,1,1,0,0,0,0,0,5.81738E+20,5.36844E+21,1.01057E+16,4.84638E+16
177993,9,1,82,119,2018,5,12,7,3,0,7,0,1,0,0,0,0,0,0,7.10783E+20,5.2923E+21,1.18122E+16,4.77496E+16
177994,9,1,87,165,2018,5,14,7,3,0,7,0,1,0,0,0,0,0,0,7.29379E+20,5.29537E+21,1.20616E+16,4.77709E+16
177995,9,7,78,187,2018,5,18,2,3,5,3,0,0,1,0,0,0,0,0,6.08263E+20,5.33024E+21,1.04546E+16,4.81162E+16
177996,9,1,88,139,2018,5,14,7,3,0,1,0,1,0,0,0,0,0,0,6.77961E+20,5.32251E+21,1.13872E+16,4.80311E+16
177997,9,7,78,139,2018,5,10,2,2,0,1,0,1,0,0,0,0,0,1,5.85116E+20,5.32489E+21,1.01426E+16,4.80716E+16
177998,9,1,79,134,2018,5,12,7,3,0,7,0,1,0,0,0,0,0,0,6.65179E+20,5.34344E+21,1.1224E+16,4.82226E+16
177999,9,7,78,116,2018,5,19,2,2,0,1,1,1,0,0,0,0,0,0,6.19043E+20,5.31814E+21,1.0596E+16,4.80054E+16
178000,9,7,76,131,2018,5,17,2,2,0,1,0,1,0,0,0,0,0,0,5.68096E+20,5.27822E+21,9.90682E+15,4.76538E+16
178001,9,1,81,130,2018,5,19,7,3,5,3,1,0,1,0,1,0,0,1,6.39548E+20,5.32282E+21,1.08723E+16,4.80434E+16
178002,9,1,79,121,2018,5,12,7,2,4,6,0,1,0,0,0,0,1,0,6.6366E+20,5.3375E+21,1.12013E+16,4.81696E+16
178003,9,7,79,218,2018,5,18,2,2,0,1,0,0,0,0,1,0,0,0,6.28113E+20,5.39204E+21,1.07401E+16,4.86683E+16
178004,9,7,61,0,2018,5,17,2,3,0,1,0,1,0,0,0,0,0,0,6.3852E+20,5.3583E+21,1.08701E+16,4.83627E+16
178005,9,1,75,122,2018,5,16,7,2,0,1,0,0,0,0,1,0,0,0,7.21185E+20,5.32516E+21,1.19676E+16,4.80414E+16
178006,9,1,62,0,2018,5,15,6,3,0,4,0,0,1,1,0,0,0,0,6.9263E+20,5.33313E+21,1.15885E+16,4.81222E+16
178007,9,7,61,0,2018,5,18,2,3,1,6,0,0,1,0,0,0,0,0,6.38029E+20,5.3594E+21,1.08639E+16,4.83727E+16
178008,9,6,63,0,2018,5,18,2,3,1,7,0,1,1,0,0,0,0,0,5.65541E+20,5.51678E+21,9.91076E+15,4.97999E+16
178009,9,1,62,0,2018,5,8,6,3,5,2,0,0,1,0,1,0,0,0,6.92552E+20,5.33544E+21,1.15885E+16,4.81431E+16
178010,9,6,72,135,2018,5,15,2,2,5,7,0,1,0,0,0,0,0,0,5.84738E+20,5.56732E+21,1.01886E+16,5.0252E+16
178011,9,1,62,0,2018,5,9,6,3,1,6,0,0,1,0,0,0,0,0,6.87731E+20,5.32942E+21,1.15212E+16,4.80904E+16
178012,9,6,71,155,2018,5,13,2,3,0,7,0,1,0,0,0,0,0,0,5.04851E+20,5.53525E+21,9.06765E+15,4.99695E+16
178013,9,1,62,0,2018,5,18,6,3,1,5,0,0,1,0,1,0,0,0,6.93519E+20,5.33525E+21,1.16014E+16,4.8141E+16
178014,9,6,71,113,2018,5,18,2,2,9,1,0,1,0,0,0,0,0,0,5.16026E+20,5.54503E+21,9.22388E+15,5.00573E+16
178015,9,6,71,111,2018,5,18,2,3,1,3,0,0,1,0,1,0,0,0,5.05243E+20,5.54816E+21,9.07329E+15,5.00857E+16
178016,9,1,84,119,2018,5,19,6,3,5,3,0,1,1,0,0,0,0,0,6.97106E+20,5.34693E+21,1.1655E+16,4.82449E+16
178017,9,1,62,0,2018,5,15,6,3,5,3,0,1,1,0,0,0,0,0,6.9409E+20,5.33383E+21,1.16085E+16,4.81281E+16
178018,9,5,62,0,2018,5,1,2,3,2,6,2,0,1,0,0,0,0,0,6.45958E+20,5.49545E+21,1.10197E+16,4.9594E+16
178019,9,5,72,131,2018,5,12,2,3,0,6,0,1,1,0,0,0,0,0,6.55952E+20,5.48952E+21,1.11556E+16,4.95382E+16
178020,9,1,62,0,2018,5,6,6,2,1,3,0,1,1,0,0,0,0,0,6.90754E+20,5.33497E+21,1.15642E+16,4.81394E+16
178021,9,5,64,0,2018,5,22,2,3,0,1,2,1,0,0,0,0,0,1,6.49223E+20,5.47582E+21,1.10575E+16,4.94167E+16
178022,9,1,62,0,2018,5,12,6,3,2,6,0,0,1,0,0,0,0,0,6.9076E+20,5.33998E+21,1.15665E+16,4.81844E+16
178023,9,5,64,0,2018,5,13,2,3,9,1,0,1,0,0,0,0,0,0,6.51379E+20,5.47418E+21,1.10865E+16,4.94015E+16
178024,9,5,64,0,2018,5,19,2,3,0,1,0,1,0,0,0,0,0,0,6.5493E+20,5.48189E+21,1.11385E+16,4.94698E+16
178025,9,1,62,0,2018,5,14,6,3,0,1,0,1,0,0,0,0,0,0,6.97104E+20,5.33306E+21,1.16486E+16,4.81203E+16
178026,9,1,62,0,2018,5,7,6,3,3,2,0,0,0,0,0,1,1,0,6.90799E+20,5.33967E+21,1.15669E+16,4.81816E+16
178027,9,5,64,0,2018,5,15,2,3,5,3,0,1,1,0,0,0,0,0,6.51538E+20,5.48033E+21,1.10911E+16,4.94567E+16
178028,9,1,62,0,2018,5,11,6,2,6,4,0,0,1,1,0,0,0,0,6.88777E+20,5.33465E+21,1.15375E+16,4.8137E+16
178029,9,5,73,114,2018,5,13,2,2,0,1,0,1,0,0,0,0,0,0,6.34689E+20,5.47839E+21,1.08581E+16,4.94432E+16
178030,9,1,62,0,2018,5,22,6,2,1,5,2,1,1,0,0,0,0,0,6.87216E+20,5.33508E+21,1.15167E+16,4.81414E+16
178031,9,1,62,0,2018,5,17,6,3,4,2,0,1,1,0,0,0,0,0,6.9293E+20,5.33233E+21,1.15922E+16,4.8115E+16
178032,9,4,75,162,2018,5,8,2,3,5,7,0,1,1,0,0,0,0,0,7.17403E+20,5.56869E+21,1.20484E+16,5.02304E+16
178033,9,1,88,127,2018,5,10,6,3,1,5,0,0,1,0,0,0,0,0,6.79584E+20,5.32993E+21,1.1412E+16,4.80973E+16
178034,9,1,62,0,2018,5,12,6,3,5,3,0,1,1,0,0,0,0,0,6.90104E+20,5.34314E+21,1.15591E+16,4.8213E+16
178035,9,4,78,139,2018,5,18,2,3,0,7,0,1,0,0,0,0,0,0,6.46196E+20,5.55553E+21,1.10457E+16,5.0134E+16
178036,9,1,62,0,2018,5,18,6,3,5,2,0,0,1,0,0,0,0,0,6.93671E+20,5.33244E+21,1.16022E+16,4.81157E+16
178037,9,4,63,0,2018,5,0,2,3,8,7,2,1,0,0,0,0,0,0,6.40399E+20,5.57021E+21,1.09701E+16,5.02673E+16
178038,9,4,62,0,2018,5,10,2,3,5,7,0,1,1,0,0,0,0,0,6.84846E+20,5.53557E+21,1.15764E+16,4.99438E+16
178039,9,7,64,0,2018,5,13,6,3,3,6,0,1,1,0,0,0,0,0,5.87567E+20,5.31568E+21,1.01736E+16,4.79885E+16
178040,9,7,64,0,2018,5,12,6,3,2,6,0,0,1,0,0,0,0,0,5.86569E+20,5.31606E+21,1.01603E+16,4.7992E+16
178041,9,4,71,145,2018,5,19,2,3,5,3,0,0,1,0,1,0,0,0,6.42486E+20,5.51976E+21,1.09806E+16,4.98134E+16
178042,9,7,74,185,2018,5,17,6,3,6,7,0,0,1,1,0,0,0,0,6.08327E+20,5.34903E+21,1.04603E+16,4.82852E+16
178043,9,4,71,117,2018,5,18,2,2,0,1,0,0,0,0,1,0,0,0,6.31536E+20,5.52969E+21,1.08318E+16,4.99051E+16
178044,9,7,74,171,2018,5,10,6,3,5,7,0,0,1,0,0,0,0,0,6.01517E+20,5.3707E+21,1.03737E+16,4.84812E+16
178045,9,4,71,195,2018,5,14,2,3,0,1,0,1,0,0,0,0,0,0,6.41937E+20,5.52398E+21,1.09745E+16,4.98514E+16
178046,9,7,72,147,2018,5,9,6,3,5,3,0,0,1,0,0,0,0,0,6.39061E+20,5.36375E+21,1.08792E+16,4.84116E+16
178047,9,3,75,199,2018,5,14,2,3,0,7,0,1,0,0,0,0,0,0,7.18274E+20,5.4322E+21,1.19847E+16,4.90041E+16
178048,9,3,62,0,2018,5,22,2,3,6,1,2,1,0,1,0,0,0,0,7.2583E+20,5.43369E+21,1.20887E+16,4.90147E+16
178049,9,7,61,0,2018,5,6,6,3,5,7,0,0,1,0,0,0,0,0,6.38672E+20,5.35828E+21,1.08722E+16,4.83624E+16
178050,9,3,62,0,2018,5,17,2,2,6,2,0,1,0,1,0,0,0,0,7.26689E+20,5.43407E+21,1.21006E+16,4.90178E+16
178051,9,3,62,0,2018,5,13,2,3,5,3,0,0,1,0,1,0,0,0,7.30795E+20,5.43184E+21,1.21554E+16,4.89963E+16
178052,9,7,61,0,2018,5,15,6,3,3,2,0,1,1,0,0,0,0,0,6.39148E+20,5.35922E+21,1.08789E+16,4.83708E+16
178053,9,1,84,120,2018,5,17,6,3,0,3,0,1,1,0,0,0,0,0,6.81342E+20,5.33242E+21,1.14367E+16,4.81192E+16
178054,9,1,62,0,2018,5,17,6,3,3,6,0,1,0,0,0,0,0,0,6.88957E+20,5.3382E+21,1.15415E+16,4.8169E+16
178055,9,1,62,0,2018,5,9,6,3,5,3,0,1,1,0,0,0,0,0,6.89938E+20,5.33728E+21,1.15543E+16,4.81603E+16
178056,9,1,84,134,2018,5,18,6,3,6,7,0,1,0,1,0,0,0,0,6.92737E+20,5.32202E+21,1.1585E+16,4.80223E+16
178057,9,1,62,0,2018,5,18,1,3,5,3,0,0,1,0,1,0,0,0,6.90666E+20,5.33692E+21,1.15639E+16,4.81569E+16
178058,9,1,62,0,2018,5,20,6,3,5,3,1,1,1,0,0,0,0,0,6.96533E+20,5.33851E+21,1.16434E+16,4.81694E+16
178059,9,1,62,0,2018,5,20,1,3,0,1,0,1,0,0,0,0,0,0,6.90144E+20,5.3348E+21,1.15559E+16,4.8138E+16
178060,9,1,62,0,2018,5,15,6,3,5,3,0,1,1,0,0,0,0,0,6.96143E+20,5.33668E+21,1.16373E+16,4.81531E+16
178061,9,1,84,113,2018,5,14,1,3,5,3,0,1,1,0,0,0,0,0,6.85311E+20,5.32247E+21,1.14857E+16,4.80286E+16
178062,9,7,75,134,2018,5,16,6,2,0,7,0,1,0,0,0,0,0,0,5.81844E+20,5.3649E+21,1.01064E+16,4.84319E+16
178063,9,7,73,182,2018,5,13,6,3,0,7,0,0,0,0,1,0,0,0,6.24922E+20,5.37952E+21,1.0693E+16,4.85563E+16
178064,9,1,62,0,2018,5,21,1,3,1,6,2,0,1,0,0,0,1,0,6.92786E+20,5.3314E+21,1.15899E+16,4.81067E+16
178065,9,1,84,119,2018,5,14,1,3,0,7,0,1,0,0,0,0,0,0,6.93227E+20,5.34712E+21,1.16029E+16,4.82478E+16
178066,9,7,72,147,2018,5,8,6,3,0,7,0,1,0,1,0,0,0,0,6.38785E+20,5.36419E+21,1.08756E+16,4.84156E+16
178067,9,1,62,0,2018,5,19,1,3,3,5,0,1,1,0,0,0,0,0,6.91414E+20,5.33734E+21,1.15741E+16,4.81604E+16
178068,9,1,62,0,2018,5,12,1,3,0,5,0,1,1,0,0,0,0,0,6.92122E+20,5.33675E+21,1.15833E+16,4.81549E+16
178069,9,7,71,111,2018,5,18,6,3,0,1,0,1,0,0,0,0,0,0,6.59586E+20,5.35938E+21,1.11548E+16,4.83674E+16
178070,9,7,61,0,2018,5,13,6,3,5,3,0,0,1,0,0,0,0,0,6.38015E+20,5.3605E+21,1.0864E+16,4.83826E+16
178071,9,1,62,0,2018,5,13,1,3,6,4,0,1,0,1,0,0,0,0,6.93158E+20,5.33617E+21,1.1597E+16,4.81494E+16
178072,9,7,61,0,2018,5,17,6,3,2,6,0,0,1,0,0,0,0,0,6.39293E+20,5.36164E+21,1.08817E+16,4.83925E+16
178073,9,7,75,143,2018,5,12,1,2,3,6,0,0,0,0,1,0,0,0,5.88199E+20,5.3554E+21,1.01904E+16,4.83456E+16
178074,9,7,63,0,2018,5,14,1,3,4,6,0,0,1,0,1,0,0,0,5.99575E+20,5.2879E+21,1.03281E+16,4.77368E+16
178075,9,7,80,122,2018,5,13,1,3,0,7,0,1,0,0,0,0,0,0,6.0165E+20,5.29322E+21,1.03571E+16,4.77843E+16
178076,9,7,79,194,2018,5,18,1,2,1,7,0,0,1,0,1,0,0,0,6.10664E+20,5.41188E+21,1.05085E+16,4.885E+16
178077,9,7,72,125,2018,5,19,1,3,2,1,0,1,0,0,0,0,0,0,6.33957E+20,5.34839E+21,1.08054E+16,4.82745E+16
178078,9,7,61,0,2018,5,12,1,3,4,6,0,1,0,0,0,0,0,0,6.41223E+20,5.36031E+21,1.09073E+16,4.83801E+16
178079,9,7,61,0,2018,5,21,1,3,0,1,1,1,0,0,0,0,0,0,6.43216E+20,5.35775E+21,1.09333E+16,4.83567E+16
178080,9,7,61,0,2018,5,10,6,3,1,6,0,0,1,0,0,0,0,0,6.42228E+20,5.36032E+21,1.09208E+16,4.838E+16
178081,9,7,61,0,2018,5,17,6,3,5,3,0,1,1,0,0,0,0,0,6.44226E+20,5.35683E+21,1.09466E+16,4.83482E+16
178082,9,7,61,0,2018,5,13,6,3,5,2,0,0,1,0,0,0,0,0,6.4095E+20,5.35118E+21,1.09005E+16,4.82981E+16
178083,9,6,79,209,2018,5,11,6,3,0,7,0,0,0,0,1,0,0,0,5.62175E+20,5.51568E+21,9.86381E+15,4.97903E+16
178084,9,7,61,0,2018,5,22,1,3,1,6,2,0,1,0,0,0,0,0,6.40934E+20,5.35792E+21,1.09026E+16,4.83587E+16
178085,9,6,75,141,2018,5,13,1,3,5,3,0,1,1,0,0,0,0,0,5.839E+20,5.51011E+21,1.01644E+16,4.97376E+16
178086,9,6,63,0,2018,5,17,6,3,0,1,0,0,0,0,1,0,0,0,5.68588E+20,5.51278E+21,9.95238E+15,4.97636E+16
178087,9,6,63,0,2018,5,15,6,3,0,3,0,0,1,0,0,0,0,0,5.70895E+20,5.51885E+21,9.98552E+15,4.98179E+16
178088,9,6,71,140,2018,5,17,1,3,0,7,0,0,0,0,1,0,0,1,5.04952E+20,5.53688E+21,9.06907E+15,4.99842E+16
178089,9,6,78,132,2018,5,22,6,3,0,1,2,0,1,0,1,0,0,0,5.82802E+20,5.54396E+21,1.01564E+16,5.00421E+16
178090,9,5,64,0,2018,5,19,6,2,5,3,0,1,1,0,0,0,0,0,6.49558E+20,5.48091E+21,1.1064E+16,4.94624E+16
178091,9,5,72,126,2018,5,13,1,3,3,6,0,1,1,0,0,0,0,0,6.32315E+20,5.50677E+21,1.08349E+16,4.96989E+16
178092,9,5,64,0,2018,5,21,6,3,0,5,2,0,1,0,0,0,0,0,6.5132E+20,5.4786E+21,1.10874E+16,4.94412E+16
178093,9,5,64,0,2018,5,15,6,3,2,6,0,0,1,0,0,0,1,0,6.44695E+20,5.47933E+21,1.09963E+16,4.94494E+16
178094,9,5,62,0,2018,5,11,1,3,0,7,0,0,1,0,0,0,0,0,6.39923E+20,5.49958E+21,1.09377E+16,4.96326E+16
178095,9,5,72,142,2018,5,8,1,3,5,3,0,1,1,0,0,0,0,0,6.44037E+20,5.50016E+21,1.09949E+16,4.96368E+16
178096,9,5,63,0,2018,5,13,1,3,6,4,0,1,0,1,0,0,0,0,6.45453E+20,5.48384E+21,1.10084E+16,4.94898E+16
178097,9,5,73,114,2018,5,17,1,3,0,1,0,1,0,0,0,0,0,0,6.34525E+20,5.47998E+21,1.08563E+16,4.94576E+16
178098,9,5,77,177,2018,5,9,1,2,2,6,0,0,0,0,1,0,0,0,6.41349E+20,5.43084E+21,1.09331E+16,4.90142E+16
178099,9,5,77,136,2018,5,16,1,3,2,2,0,0,1,0,1,0,0,0,6.27897E+20,5.44261E+21,1.0753E+16,4.9123E+16
178100,9,5,71,175,2018,5,14,1,2,8,7,0,1,0,0,0,0,0,0,6.23069E+20,5.4564E+21,1.0691E+16,4.9248E+16
178101,9,4,75,120,2018,5,14,1,2,8,7,0,1,0,0,0,0,0,0,7.09517E+20,5.57415E+21,1.1941E+16,5.02823E+16
178102,9,5,64,0,2018,5,15,6,3,4,2,0,0,1,0,0,0,0,0,6.45616E+20,5.47989E+21,1.10093E+16,4.94542E+16
178103,9,5,64,0,2018,5,20,6,3,0,1,0,1,0,0,0,0,0,0,6.49931E+20,5.4788E+21,1.10683E+16,4.94434E+16
178104,9,4,74,154,2018,5,10,1,2,2,2,0,0,1,0,1,0,0,0,6.52376E+20,5.49759E+21,1.11093E+16,4.96117E+16
178105,9,5,64,0,2018,5,7,6,3,2,6,0,0,1,0,1,0,0,0,6.5081E+20,5.47913E+21,1.10806E+16,4.94461E+16
178106,9,4,71,154,2018,5,19,1,3,6,7,0,0,1,1,0,0,0,0,6.24195E+20,5.52704E+21,1.07288E+16,4.98829E+16
178107,9,5,64,0,2018,5,14,6,3,0,6,0,0,1,0,1,0,0,1,6.49961E+20,5.47924E+21,1.10689E+16,4.94473E+16
178108,9,4,62,0,2018,5,13,6,3,5,3,0,1,1,0,0,0,0,0,6.85962E+20,5.53687E+21,1.15925E+16,4.99552E+16
178109,9,3,75,179,2018,5,14,1,3,2,7,0,1,0,0,0,0,0,0,7.31186E+20,5.42915E+21,1.21592E+16,4.89719E+16
178110,9,3,75,199,2018,5,13,1,3,4,1,0,1,1,0,0,0,0,0,7.21447E+20,5.43342E+21,1.20286E+16,4.90138E+16
178111,9,4,74,124,2018,5,17,6,3,0,7,0,0,0,0,1,0,0,0,6.63305E+20,5.51054E+21,1.12659E+16,4.97252E+16
178112,9,4,61,0,2018,5,7,6,3,5,3,0,1,1,0,0,0,0,0,6.37404E+20,5.52785E+21,1.09129E+16,4.98873E+16
178113,9,3,62,0,2018,5,6,1,2,0,3,0,1,0,0,0,1,0,0,7.27523E+20,5.43403E+21,1.2112E+16,4.90171E+16
178114,9,4,61,0,2018,5,14,6,3,6,7,0,0,1,1,0,0,0,0,6.37633E+20,5.52742E+21,1.09159E+16,4.98834E+16
178115,9,3,73,147,2018,5,15,1,3,1,1,0,1,1,0,0,0,0,0,6.79555E+20,5.46264E+21,1.14694E+16,4.92901E+16
178116,9,3,74,139,2018,5,16,6,2,0,1,0,1,0,0,0,0,0,0,7.29498E+20,5.51359E+21,1.21848E+16,4.9731E+16
178117,9,3,62,0,2018,5,13,6,3,5,2,0,1,1,0,0,0,0,0,7.23285E+20,5.43336E+21,1.20537E+16,4.90127E+16
178118,9,3,71,140,2018,5,22,1,2,9,7,2,1,0,0,0,0,0,0,6.89073E+20,5.48947E+21,1.16129E+16,4.95283E+16
178119,9,2,76,139,2018,5,0,1,2,8,1,2,0,1,0,0,0,0,0,8.06119E+20,5.43212E+21,1.31829E+16,4.8966E+16
178120,9,3,62,0,2018,5,6,6,3,0,1,0,1,0,0,0,0,0,0,7.27636E+20,5.43493E+21,1.2114E+16,4.90252E+16
178121,9,2,75,141,2018,5,14,1,3,0,1,0,1,0,0,0,0,0,0,8.19375E+20,5.37037E+21,1.33158E+16,4.84054E+16
178122,9,2,74,126,2018,5,10,1,3,4,7,0,1,0,0,0,0,0,0,7.3339E+20,5.38255E+21,1.21629E+16,4.85525E+16
178123,9,3,76,161,2018,5,21,6,3,0,1,1,1,0,0,0,0,0,0,7.25665E+20,5.46892E+21,1.21062E+16,4.93312E+16
178124,9,1,90,140,2018,5,13,1,2,0,1,0,0,0,0,1,0,0,0,6.47581E+20,5.29492E+21,1.09705E+16,4.77907E+16
178125,9,1,80,114,2018,5,15,1,2,0,6,0,1,0,0,0,0,1,0,6.64957E+20,5.27455E+21,1.11946E+16,4.76033E+16
178126,9,2,71,125,2018,5,15,6,3,0,1,0,1,0,0,0,0,0,1,7.97908E+20,5.40883E+21,1.30541E+16,4.87611E+16
178127,9,1,80,117,2018,5,13,1,3,5,3,0,0,1,0,0,0,0,0,6.58323E+20,5.2615E+21,1.11017E+16,4.74876E+16
178128,9,1,83,148,2018,5,14,1,3,5,3,0,0,1,0,0,0,0,0,7.51932E+20,5.34469E+21,1.2391E+16,4.82054E+16
178129,9,2,74,113,2018,5,12,6,2,8,1,0,0,0,0,1,0,0,1,7.28727E+20,5.38282E+21,1.20999E+16,4.85567E+16
178130,9,1,89,111,2018,5,0,1,2,9,1,2,0,0,0,1,0,0,0,7.63433E+20,5.32232E+21,1.25317E+16,4.79998E+16
178131,9,1,73,126,2018,5,17,6,3,6,7,0,0,1,1,0,0,0,0,6.83809E+20,5.30619E+21,1.14586E+16,4.78827E+16
178132,9,1,73,126,2018,5,14,6,3,4,6,0,1,0,0,0,0,0,0,6.83064E+20,5.30699E+21,1.1449E+16,4.78902E+16
178133,9,1,89,155,2018,5,19,1,3,0,7,0,1,0,0,0,0,0,0,7.72341E+20,5.30858E+21,1.26422E+16,4.78727E+16
178134,9,1,72,118,2018,5,11,1,2,5,3,0,1,1,0,0,0,0,0,7.9799E+20,5.30573E+21,1.29824E+16,4.78358E+16
178135,9,1,73,126,2018,5,10,6,3,5,3,0,0,1,0,0,0,0,0,6.83794E+20,5.3062E+21,1.14584E+16,4.78828E+16
178136,9,1,82,111,2018,5,13,1,3,0,1,0,1,0,0,0,0,0,0,7.05271E+20,5.28713E+21,1.17363E+16,4.77049E+16
178137,9,1,73,133,2018,5,14,6,3,9,6,0,0,1,0,0,0,0,0,6.77581E+20,5.28038E+21,1.13648E+16,4.76524E+16
178138,9,1,76,126,2018,5,3,1,3,0,1,2,1,0,0,0,0,0,0,6.74042E+20,5.40884E+21,1.13705E+16,4.88082E+16
178139,9,1,87,182,2018,5,15,6,3,6,4,0,0,1,1,0,0,0,0,7.40485E+20,5.32829E+21,1.22279E+16,4.80625E+16
178140,9,1,61,0,2018,5,13,6,3,0,7,0,1,0,0,0,0,0,0,6.7778E+20,5.4046E+21,1.14195E+16,4.8769E+16
178141,9,1,86,126,2018,5,18,6,3,8,1,0,0,1,0,0,0,0,0,6.8521E+20,5.37497E+21,1.15073E+16,4.85005E+16
178142,9,1,88,139,2018,5,11,1,3,1,5,0,0,1,0,0,0,0,0,6.69619E+20,5.3188E+21,1.12739E+16,4.8E+16
178143,9,1,86,147,2018,5,11,6,2,5,3,0,1,1,0,0,0,0,0,6.82324E+20,5.39194E+21,1.14757E+16,4.86539E+16
178144,9,1,79,121,2018,5,23,6,3,5,3,2,0,1,0,0,0,0,0,6.67753E+20,5.33898E+21,1.12568E+16,4.81819E+16
178145,9,1,79,134,2018,5,17,1,2,0,7,0,1,1,0,0,0,0,0,6.67723E+20,5.34248E+21,1.12578E+16,4.82134E+16
178146,9,1,74,113,2018,5,22,1,2,4,6,2,0,0,0,1,0,0,0,6.73569E+20,5.34511E+21,1.13375E+16,4.82354E+16
178147,9,1,74,113,2018,5,22,6,3,0,1,2,1,0,0,0,0,0,0,6.76884E+20,5.3465E+21,1.13827E+16,4.8247E+16
178148,9,1,74,136,2018,5,13,1,3,0,1,0,1,0,0,0,0,0,0,6.84084E+20,5.36284E+21,1.14867E+16,4.83919E+16
178149,9,1,78,145,2018,5,13,6,3,5,3,0,0,1,0,0,0,0,0,6.9768E+20,5.3539E+21,1.1666E+16,4.83074E+16
178150,9,1,75,132,2018,5,14,1,2,5,3,0,1,0,0,0,0,0,0,7.08918E+20,5.33099E+21,1.18061E+16,4.80979E+16
178151,9,1,77,118,2018,5,8,6,3,5,3,0,0,1,0,0,0,0,0,7.06194E+20,5.34828E+21,1.17779E+16,4.82541E+16