OBJECTID_1,ULAND,UREGBEZ,UKREIS,UGEMEINDE,UJAHR,UMONAT,USTUNDE,UWOCHENTAG,UKATEGORIE,UART,UTYP1,ULICHTVERH,IstRad,IstPKW,IstFuss,IstKrad,IstGkfz,IstSonstig,STRZUSTAND,LINREFX,LINREFY,XGCSWGS84,YGCSWGS84
178152,9,1,62,0,2018,5,12,5,3,6,4,0,0,1,1,0,0,0,0,6.97261E+20,5.33227E+21,1.16503E+16,4.81131E+16
178153,9,1,75,124,2018,5,12,1,2,0,1,0,0,0,0,1,0,0,0,7.14686E+20,5.32863E+21,1.18823E+16,4.80748E+16
178154,9,1,78,113,2018,5,17,1,3,0,1,0,1,0,0,0,0,0,0,6.92095E+20,5.36788E+21,1.15972E+16,4.84347E+16
178155,9,1,62,0,2018,5,17,5,3,4,2,0,1,0,0,0,0,0,0,6.87276E+20,5.33438E+21,1.15172E+16,4.81351E+16
178156,9,1,62,0,2018,5,15,5,3,4,2,0,1,1,0,0,0,0,0,6.92119E+20,5.33795E+21,1.15839E+16,4.81657E+16
178157,9,1,75,115,2018,5,12,1,2,0,1,0,1,0,0,0,0,0,0,7.19636E+20,5.32953E+21,1.19491E+16,4.80811E+16
178158,9,1,62,0,2018,5,17,5,3,5,3,0,1,1,0,0,0,0,0,6.92463E+20,5.33547E+21,1.15874E+16,4.81433E+16
178159,9,1,75,121,2018,5,5,1,2,8,1,0,1,0,0,0,0,0,0,7.1246E+20,5.31835E+21,1.18474E+16,4.79832E+16
178160,9,1,84,144,2018,5,15,5,3,5,3,0,1,1,0,0,0,0,0,6.87759E+20,5.31598E+21,1.15156E+16,4.79695E+16
178161,9,1,62,0,2018,5,10,5,2,4,2,0,1,1,0,0,0,0,1,6.89393E+20,5.33305E+21,1.15451E+16,4.81225E+16
178162,9,1,62,0,2018,5,23,7,3,1,5,2,1,1,0,0,0,0,0,6.92063E+20,5.33705E+21,1.15827E+16,4.81576E+16
178163,9,1,62,0,2018,5,2,5,3,0,7,2,1,1,0,0,0,0,0,6.87852E+20,5.33666E+21,1.1526E+16,4.81554E+16
178164,9,1,62,0,2018,5,18,7,3,3,6,0,1,0,0,0,0,0,0,6.86843E+20,5.33381E+21,1.15112E+16,4.81301E+16
178165,9,1,62,0,2018,5,9,5,3,0,7,0,1,0,0,0,0,0,1,6.94498E+20,5.34166E+21,1.16175E+16,4.81984E+16
178166,9,1,62,0,2018,5,18,7,3,0,7,0,1,0,0,0,0,0,0,6.89414E+20,5.3385E+21,1.15478E+16,4.81715E+16
178167,9,1,62,0,2018,5,17,5,3,1,5,0,1,1,0,0,0,0,0,6.93358E+20,5.33235E+21,1.1598E+16,4.8115E+16
178168,9,1,62,0,2018,5,17,5,3,0,7,0,0,0,0,0,0,1,0,6.8622E+20,5.33433E+21,1.1503E+16,4.81349E+16
178169,9,1,62,0,2018,5,20,7,3,5,3,2,0,1,0,1,0,0,0,6.91227E+20,5.34016E+21,1.15729E+16,4.81858E+16
178170,9,1,62,0,2018,5,13,7,3,3,6,0,0,1,0,0,0,0,0,6.90126E+20,5.33638E+21,1.15564E+16,4.81523E+16
178171,9,1,62,0,2018,5,6,5,3,0,7,0,1,0,0,0,0,1,1,6.93112E+20,5.33531E+21,1.1596E+16,4.81417E+16
178172,9,1,62,0,2018,5,9,5,3,5,3,0,1,1,0,0,0,0,1,6.94689E+20,5.33303E+21,1.16161E+16,4.81208E+16
178173,9,1,62,0,2018,5,17,7,3,5,2,0,1,1,0,0,0,0,0,6.9567E+20,5.3309E+21,1.16283E+16,4.81013E+16
178174,9,7,75,135,2018,5,17,5,3,5,3,0,1,0,0,0,0,0,1,5.74816E+20,5.361E+21,1.00108E+16,4.83977E+16
178175,9,1,62,0,2018,5,14,7,3,6,4,0,1,0,1,0,0,0,0,6.94147E+20,5.33465E+21,1.16096E+16,4.81354E+16
178176,9,7,64,0,2018,5,17,5,2,5,3,0,1,1,0,0,0,0,0,5.8644E+20,5.31702E+21,1.01588E+16,4.80006E+16
178177,9,7,75,139,2018,5,12,7,3,0,7,0,1,0,0,0,0,0,0,5.81386E+20,5.36775E+21,1.01008E+16,4.84576E+16
178178,9,7,63,0,2018,5,20,5,3,5,3,0,0,1,0,1,0,0,0,5.99113E+20,5.28613E+21,1.03216E+16,4.77209E+16
178179,9,7,64,0,2018,5,13,7,3,0,7,0,1,0,0,0,0,0,0,5.86765E+20,5.31599E+21,1.0163E+16,4.79913E+16
178180,9,7,80,133,2018,5,7,5,3,0,7,0,1,0,0,0,0,0,0,5.96489E+20,5.25167E+21,1.0279E+16,4.74114E+16
178181,9,7,80,140,2018,5,11,7,3,0,7,0,1,0,0,0,0,0,0,5.99204E+20,5.27576E+21,1.03204E+16,4.76276E+16
178182,9,7,63,0,2018,5,18,7,3,3,2,0,1,1,0,0,0,0,0,5.97643E+20,5.28589E+21,1.03019E+16,4.7719E+16
178183,9,7,72,125,2018,5,9,5,3,0,1,0,1,0,0,0,0,0,0,6.36313E+20,5.34773E+21,1.08369E+16,4.82681E+16
178184,9,7,80,133,2018,5,9,7,3,3,2,0,1,1,0,0,0,0,0,5.96212E+20,5.25186E+21,1.02754E+16,4.74131E+16
178185,9,7,77,159,2018,5,15,7,3,0,1,0,1,0,0,0,0,0,0,6.13366E+20,5.27011E+21,1.05074E+16,4.75745E+16
178186,9,7,61,0,2018,5,10,5,3,0,3,0,1,1,0,1,0,0,0,6.41603E+20,5.36252E+21,1.09132E+16,4.83999E+16
178187,9,7,73,117,2018,5,8,7,3,5,3,0,0,1,0,0,0,0,0,6.18679E+20,5.39732E+21,1.06135E+16,4.87176E+16
178188,9,7,61,0,2018,5,22,5,3,4,2,2,0,1,0,0,0,0,1,6.40785E+20,5.35925E+21,1.0901E+16,4.83707E+16
178189,9,7,61,0,2018,5,8,5,3,3,2,0,1,1,0,0,0,0,0,6.40092E+20,5.35906E+21,1.08916E+16,4.83691E+16
178190,9,7,72,168,2018,5,16,7,2,9,1,0,0,0,0,1,0,0,0,6.16465E+20,5.34501E+21,1.05688E+16,4.82476E+16
178191,9,7,71,130,2018,5,18,7,3,5,3,0,0,1,0,0,0,0,0,6.45925E+20,5.35827E+21,1.097E+16,4.83607E+16
178192,9,7,72,163,2018,5,11,7,3,1,6,0,0,1,0,1,0,0,0,6.39857E+20,5.34939E+21,1.08852E+16,4.82822E+16
178193,9,6,79,170,2018,5,13,5,3,0,7,0,0,0,0,1,0,0,0,5.76721E+20,5.50203E+21,1.00632E+16,4.96659E+16
178194,9,6,75,117,2018,5,12,5,3,5,3,0,0,1,0,1,0,0,0,5.84116E+20,5.51571E+21,1.01686E+16,4.97879E+16
178195,9,7,61,0,2018,5,12,7,3,3,6,0,1,0,0,1,0,0,0,6.38122E+20,5.35683E+21,1.08643E+16,4.83495E+16
178196,9,7,61,0,2018,5,23,7,3,0,6,2,0,1,0,1,0,0,0,6.40994E+20,5.35933E+21,1.09039E+16,4.83714E+16
178197,9,6,73,114,2018,5,7,5,2,6,2,0,0,0,1,0,0,1,0,5.87937E+20,5.57539E+21,1.02354E+16,5.0324E+16
178198,9,7,61,0,2018,5,10,7,3,2,6,0,1,1,0,0,0,0,0,6.40011E+20,5.35925E+21,1.08906E+16,4.83708E+16
178199,9,7,71,112,2018,5,2,7,3,7,7,2,0,0,0,1,0,0,1,6.47307E+20,5.36734E+21,1.09919E+16,4.8442E+16
178200,9,6,71,111,2018,5,19,5,3,0,1,0,1,0,0,0,0,0,0,5.0495E+20,5.54471E+21,9.06915E+15,5.00547E+16
178201,9,5,62,0,2018,5,19,5,3,0,1,0,1,0,0,0,0,0,0,6.46476E+20,5.49524E+21,1.10268E+16,4.95919E+16
178202,9,6,79,130,2018,5,15,7,3,2,2,0,0,0,0,1,0,0,0,5.71883E+20,5.5197E+21,9.99941E+15,4.98254E+16
178203,9,5,62,0,2018,5,10,5,3,0,7,0,0,1,0,0,1,0,0,6.44374E+20,5.49308E+21,1.09969E+16,4.95731E+16
178204,9,5,64,0,2018,5,13,5,3,6,4,0,0,1,1,0,0,0,1,6.50988E+20,5.48023E+21,1.10834E+16,4.94559E+16
178205,9,6,63,0,2018,5,16,7,3,5,3,0,1,1,0,0,0,0,0,5.66799E+20,5.51534E+21,9.92798E+15,4.97868E+16
178206,9,5,64,0,2018,5,11,5,2,0,1,0,0,0,0,1,0,0,1,6.51626E+20,5.48088E+21,1.10925E+16,4.94616E+16
178207,9,6,77,157,2018,5,15,7,3,3,7,0,0,1,0,1,0,0,0,5.43312E+20,5.5215E+21,9.6024E+15,4.98443E+16
178208,9,5,64,0,2018,5,14,5,2,0,1,0,1,0,0,0,0,0,1,6.48895E+20,5.48071E+21,1.10548E+16,4.94608E+16
178209,9,4,73,151,2018,5,18,5,2,0,1,0,1,0,0,0,0,0,1,6.51044E+20,5.57717E+21,1.11221E+16,5.03273E+16
178210,9,6,72,127,2018,5,19,7,2,0,1,0,1,0,0,0,0,0,0,5.64063E+20,5.55223E+21,9.89611E+15,5.01188E+16
178211,9,4,78,165,2018,5,9,5,3,5,3,0,1,1,0,0,0,0,0,6.42845E+20,5.55214E+21,1.09976E+16,5.01043E+16
178212,9,6,73,161,2018,5,2,7,3,0,1,2,0,1,0,0,0,0,0,5.85917E+20,5.57333E+21,1.02065E+16,5.03058E+16
178213,9,4,71,145,2018,5,11,5,3,1,6,0,0,1,0,0,0,0,0,6.43063E+20,5.52015E+21,1.09887E+16,4.98167E+16
178214,9,4,61,0,2018,5,10,5,3,0,2,0,0,0,0,1,0,0,1,6.35746E+20,5.5287E+21,1.08901E+16,4.98952E+16
178215,9,6,73,151,2018,5,16,7,3,3,7,0,1,1,0,0,0,0,0,5.91465E+20,5.58413E+21,1.0287E+16,5.04021E+16
178216,9,3,62,0,2018,5,12,5,3,0,1,0,1,0,0,0,0,0,1,7.23713E+20,5.43328E+21,1.20595E+16,4.90118E+16
178217,9,3,62,0,2018,5,19,5,3,0,1,0,0,0,0,1,0,0,1,7.2784E+20,5.43483E+21,1.21167E+16,4.90242E+16
178218,9,6,71,122,2018,5,12,7,3,1,7,0,0,1,0,0,0,0,0,5.05625E+20,5.5295E+21,9.07836E+15,4.99179E+16
178219,9,3,73,147,2018,5,14,5,3,5,3,0,1,1,0,0,0,0,0,6.78042E+20,5.46174E+21,1.14482E+16,4.92824E+16
178220,9,6,71,114,2018,5,16,7,3,0,7,0,1,1,0,0,0,0,0,5.00937E+20,5.54492E+21,9.01309E+15,5.00566E+16
178221,9,3,76,147,2018,5,7,5,3,0,3,0,1,1,0,0,0,0,0,7.45973E+20,5.47144E+21,1.23867E+16,4.9346E+16
178222,9,6,71,111,2018,5,16,7,3,0,1,0,1,0,0,0,0,0,0,5.04542E+20,5.54332E+21,9.06343E+15,5.00421E+16
178223,9,2,76,144,2018,5,17,5,3,0,4,0,0,1,0,0,0,1,1,7.8383E+20,5.44345E+21,1.2887E+16,4.90784E+16
178224,9,2,71,119,2018,5,15,5,2,6,6,0,0,0,1,1,0,0,1,7.90283E+20,5.41656E+21,1.2956E+16,4.88341E+16
178225,9,5,76,151,2018,5,8,7,2,8,7,0,0,1,0,0,0,0,0,6.56854E+20,5.4694E+21,1.11601E+16,4.93571E+16
178226,9,5,74,147,2018,5,20,7,2,0,7,1,1,0,0,0,0,0,1,6.81741E+20,5.48633E+21,1.15102E+16,4.95024E+16
178227,9,5,74,147,2018,5,19,7,2,8,1,0,1,0,0,0,0,0,0,6.79908E+20,5.48665E+21,1.14851E+16,4.95058E+16
178228,9,2,75,130,2018,5,14,5,3,5,3,0,0,1,0,1,0,0,0,8.1602E+20,5.36332E+21,1.32653E+16,4.83439E+16
178229,9,2,73,137,2018,5,6,5,3,0,1,0,1,0,0,0,0,0,0,7.11917E+20,5.42161E+21,1.18923E+16,4.89111E+16
178230,9,5,74,112,2018,5,14,7,3,0,7,0,0,0,0,1,0,1,1,6.7196E+20,5.47296E+21,1.13694E+16,4.9385E+16
178231,9,5,64,0,2018,5,14,7,3,5,2,0,0,1,0,1,0,0,0,6.45608E+20,5.47989E+21,1.10091E+16,4.94542E+16
178232,9,1,90,157,2018,5,15,5,2,3,6,0,1,0,0,0,0,0,0,6.59909E+20,5.30125E+21,1.11373E+16,4.78446E+16
178233,9,1,71,112,2018,5,7,5,3,3,1,0,1,0,0,0,0,0,0,7.84399E+20,5.34178E+21,1.28251E+16,4.81655E+16
178234,9,5,64,0,2018,5,17,7,3,5,4,0,0,1,1,0,0,0,0,6.47112E+20,5.47949E+21,1.10297E+16,4.94502E+16
178235,9,1,71,112,2018,5,8,5,3,5,3,0,0,1,0,0,0,0,1,7.83886E+20,5.34137E+21,1.2818E+16,4.81621E+16
178236,9,5,64,0,2018,5,22,7,3,0,6,2,1,0,1,0,0,0,0,6.52041E+20,5.47915E+21,1.10976E+16,4.9446E+16
178237,9,1,71,111,2018,5,10,5,3,0,1,0,1,0,0,0,1,0,1,7.74177E+20,5.34746E+21,1.26916E+16,4.82211E+16
178238,9,1,71,111,2018,5,9,5,2,0,1,0,0,0,0,1,1,0,1,7.74174E+20,5.34746E+21,1.26916E+16,4.82211E+16
178239,9,5,64,0,2018,5,16,7,3,2,6,0,1,0,0,0,0,0,0,6.49224E+20,5.46828E+21,1.10546E+16,4.93489E+16
178240,9,5,71,198,2018,5,12,7,3,1,7,0,0,1,0,1,0,0,0,5.92257E+20,5.45996E+21,1.02686E+16,4.92854E+16
178241,9,1,61,0,2018,5,16,5,3,5,3,0,1,1,0,0,0,0,0,6.78263E+20,5.40453E+21,1.14261E+16,4.87683E+16
178242,9,5,61,0,2018,5,15,7,3,8,1,0,1,0,0,0,0,0,0,6.11678E+20,5.46389E+21,1.05367E+16,4.93175E+16
178243,9,4,62,0,2018,5,4,7,3,8,1,2,0,1,0,0,0,0,0,6.85689E+20,5.53531E+21,1.1588E+16,4.99412E+16
178244,9,1,85,149,2018,5,11,5,3,8,3,0,0,1,0,0,1,0,0,6.61253E+20,5.39925E+21,1.11927E+16,4.87254E+16
178245,9,4,62,0,2018,5,0,7,2,8,1,2,0,0,0,1,0,0,0,6.86914E+20,5.53385E+21,1.16043E+16,4.99277E+16
178246,9,4,74,126,2018,5,16,7,3,0,1,0,1,0,0,0,0,0,0,6.48378E+20,5.50964E+21,1.10586E+16,4.97209E+16
178247,9,1,76,126,2018,5,15,5,3,0,7,0,0,0,0,1,0,1,0,6.73463E+20,5.40818E+21,1.13623E+16,4.88024E+16
178248,9,4,61,0,2018,5,12,7,2,0,7,0,1,0,0,0,0,0,0,6.37629E+20,5.53214E+21,1.09175E+16,4.99258E+16
178249,9,1,61,0,2018,5,13,5,2,0,1,0,0,0,0,1,0,0,1,6.76377E+20,5.40573E+21,1.14009E+16,4.87795E+16
178250,9,1,61,0,2018,5,17,5,3,3,2,0,1,1,0,0,0,0,1,6.7827E+20,5.40458E+21,1.14262E+16,4.87687E+16
178251,9,3,72,167,2018,5,13,7,3,8,1,0,0,1,0,0,0,0,0,7.46147E+20,5.44714E+21,1.23742E+16,4.91278E+16
178252,9,3,72,117,2018,5,15,7,3,0,1,0,1,0,0,0,0,0,0,7.72643E+20,5.45587E+21,1.27426E+16,4.91949E+16
178253,9,1,79,130,2018,5,22,5,3,0,1,2,1,0,0,0,0,0,1,6.5852E+20,5.3371E+21,1.1132E+16,4.81673E+16
178254,9,3,72,116,2018,5,15,7,3,5,3,0,1,1,0,0,0,0,0,7.67078E+20,5.45715E+21,1.26672E+16,4.92088E+16
178255,9,2,75,141,2018,5,17,7,3,6,3,0,0,1,1,0,0,0,0,8.19934E+20,5.37038E+21,1.33234E+16,4.84052E+16
178256,9,1,62,0,2018,5,18,4,3,3,6,0,1,1,0,0,0,0,0,6.92413E+20,5.34192E+21,1.15896E+16,4.82013E+16
178257,9,1,62,0,2018,5,6,4,3,5,3,0,1,1,0,0,0,0,0,6.899E+20,5.33272E+21,1.15517E+16,4.81194E+16
178258,9,2,75,141,2018,5,18,7,3,0,1,0,1,0,0,0,0,0,0,8.21172E+20,5.36948E+21,1.33394E+16,4.83965E+16
178259,9,1,62,0,2018,5,18,4,3,5,3,0,0,1,0,1,0,0,0,6.8938E+20,5.33453E+21,1.15455E+16,4.81358E+16
178260,9,1,62,0,2018,5,21,4,3,5,3,2,0,1,0,1,0,0,1,6.89682E+20,5.3432E+21,1.15535E+16,4.82136E+16
178261,9,2,77,124,2018,5,15,7,3,4,7,0,0,1,0,0,0,1,0,7.83071E+20,5.36739E+21,1.28245E+16,4.83961E+16
178262,9,1,62,0,2018,5,19,4,3,1,6,0,0,1,0,1,0,0,0,6.92254E+20,5.33856E+21,1.1586E+16,4.81711E+16
178263,9,1,62,0,2018,5,20,4,3,5,3,0,1,1,0,0,0,0,0,6.92134E+20,5.33679E+21,1.15835E+16,4.81553E+16
178264,9,2,74,126,2018,5,17,7,3,0,1,0,1,0,0,0,0,0,0,7.33817E+20,5.38318E+21,1.2169E+16,4.85581E+16
178265,9,2,73,141,2018,5,14,7,3,0,7,0,0,0,0,1,0,0,0,7.23229E+20,5.41159E+21,1.2041E+16,4.88171E+16
178266,9,1,62,0,2018,5,8,4,2,2,6,0,1,1,0,0,0,0,0,6.91505E+20,5.33725E+21,1.15753E+16,4.81597E+16
178267,9,1,90,129,2018,5,16,7,2,0,1,0,1,0,0,0,0,0,0,6.4256E+20,5.30149E+21,1.09057E+16,4.7851E+16
178268,9,1,62,0,2018,5,14,4,3,1,5,0,1,1,0,0,0,0,0,6.86315E+20,5.33932E+21,1.15065E+16,4.81798E+16
178269,9,1,90,154,2018,5,16,7,2,0,1,0,1,0,0,0,0,0,0,6.39156E+20,5.29108E+21,1.08568E+16,4.77581E+16
178270,9,1,62,0,2018,5,13,4,3,0,7,0,0,1,0,0,0,0,0,6.92092E+20,5.33242E+21,1.1581E+16,4.8116E+16
178271,9,1,62,0,2018,5,11,4,3,1,5,0,0,1,0,0,0,0,0,6.89109E+20,5.33307E+21,1.15413E+16,4.81228E+16
178272,9,1,89,145,2018,5,18,7,3,0,7,0,1,0,0,0,0,0,0,7.75296E+20,5.30202E+21,1.26775E+16,4.78126E+16
178273,9,1,89,157,2018,5,14,7,3,5,7,0,1,1,0,0,0,0,0,7.64137E+20,5.32425E+21,1.25423E+16,4.80169E+16
178274,9,1,62,0,2018,5,18,4,3,0,7,0,0,0,0,0,0,1,0,6.88417E+20,5.34142E+21,1.15357E+16,4.8198E+16
178275,9,1,62,0,2018,5,17,4,3,0,7,0,1,0,0,0,0,0,0,6.90107E+20,5.3374E+21,1.15566E+16,4.81614E+16
178276,9,1,83,128,2018,5,15,7,3,6,4,0,0,1,1,0,0,0,0,7.61931E+20,5.35114E+21,1.25293E+16,4.82593E+16
178277,9,1,71,111,2018,5,13,7,3,0,1,0,1,0,0,0,0,0,0,7.72756E+20,5.34734E+21,1.26724E+16,4.82206E+16
178278,9,1,62,0,2018,5,14,4,3,1,5,0,1,1,0,0,0,0,0,6.90493E+20,5.33439E+21,1.15604E+16,4.81343E+16
178279,9,7,74,135,2018,5,14,4,3,5,3,0,0,1,0,0,0,0,0,5.95707E+20,5.36753E+21,1.02944E+16,4.84536E+16
178280,9,1,87,150,2018,5,1,7,2,1,1,2,0,1,0,0,0,0,0,7.29341E+20,5.3042E+21,1.20657E+16,4.78502E+16
178281,9,7,78,113,2018,5,16,4,3,4,2,0,0,1,0,1,0,0,0,6.11526E+20,5.31932E+21,1.04956E+16,4.80175E+16
178282,9,1,61,0,2018,5,20,7,3,5,3,0,0,1,0,0,0,0,0,6.78837E+20,5.40547E+21,1.14343E+16,4.87765E+16
178283,9,7,64,0,2018,5,17,4,3,4,2,0,0,1,0,1,0,0,1,5.88349E+20,5.31742E+21,1.01845E+16,4.80039E+16
178284,9,1,61,0,2018,5,20,7,2,0,1,1,1,0,0,0,0,0,0,6.81033E+20,5.40319E+21,1.14631E+16,4.87554E+16
178285,9,7,76,125,2018,5,20,4,2,9,1,0,1,0,0,0,0,0,1,5.64679E+20,5.26594E+21,9.85951E+15,4.75437E+16
178286,9,7,62,0,2018,5,12,4,3,2,6,0,0,1,0,0,0,0,0,6.22295E+20,5.30555E+21,1.0636E+16,4.78916E+16
178287,9,1,75,127,2018,5,10,7,3,0,7,0,1,0,0,0,0,0,0,7.1349E+20,5.34169E+21,1.18728E+16,4.81926E+16
178288,9,1,78,140,2018,5,15,7,3,8,1,0,1,0,0,0,0,0,0,7.06844E+20,5.36872E+21,1.17967E+16,4.84376E+16
178289,9,7,79,186,2018,5,21,4,3,0,7,2,0,0,0,1,0,0,0,6.35891E+20,5.41179E+21,1.08522E+16,4.88442E+16
178290,9,7,72,131,2018,5,17,4,2,0,7,0,1,0,0,0,0,0,0,6.1521E+20,5.35603E+21,1.05549E+16,4.83469E+16
178291,9,1,78,124,2018,5,20,7,3,0,1,0,1,0,0,0,0,0,0,7.04063E+20,5.36392E+21,1.17568E+16,4.83954E+16
178292,9,7,61,0,2018,5,13,4,3,0,6,0,0,1,0,0,0,1,0,6.38338E+20,5.36112E+21,1.08686E+16,4.83881E+16
178293,9,1,77,117,2018,5,15,7,3,0,7,0,1,0,0,0,0,0,0,7.15346E+20,5.35426E+21,1.19041E+16,4.83048E+16
178294,9,7,61,0,2018,5,12,4,3,5,7,0,0,1,0,1,0,0,0,6.40455E+20,5.35722E+21,1.08959E+16,4.83526E+16
178295,9,6,78,157,2018,5,9,4,2,2,1,0,1,1,0,0,0,0,0,6.02863E+20,5.53245E+21,1.04334E+16,4.99356E+16
178296,9,1,62,0,2018,5,11,6,3,5,2,0,1,1,0,0,0,0,0,6.92681E+20,5.33419E+21,1.15897E+16,4.81318E+16
178297,9,1,62,0,2018,5,19,6,3,2,6,0,0,1,0,1,0,0,0,6.94602E+20,5.33616E+21,1.16164E+16,4.81489E+16
178298,9,6,72,114,2018,5,16,4,2,0,7,0,1,0,0,0,0,0,1,5.76635E+20,5.56122E+21,1.00737E+16,5.01982E+16
178299,9,1,84,123,2018,5,17,6,3,9,1,0,0,0,0,1,0,0,0,7.021E+20,5.33195E+21,1.17151E+16,4.81087E+16
178300,9,6,62,0,2018,5,22,4,3,0,4,1,1,0,1,0,0,0,0,5.87889E+20,5.54251E+21,1.02271E+16,5.00284E+16
178301,9,1,62,0,2018,5,13,6,3,2,6,0,0,1,0,0,0,0,0,6.86219E+20,5.33445E+21,1.15031E+16,4.8136E+16
178302,9,1,62,0,2018,5,19,6,3,0,7,0,1,0,0,0,0,0,0,6.90807E+20,5.33497E+21,1.15649E+16,4.81393E+16
178303,9,6,61,0,2018,5,10,4,3,5,3,0,0,1,0,0,0,0,0,5.10328E+20,5.53761E+21,9.14408E+15,4.99908E+16
178304,9,1,62,0,2018,5,7,6,3,1,5,0,1,1,0,0,0,0,0,6.90657E+20,5.34301E+21,1.15665E+16,4.82116E+16
178305,9,1,62,0,2018,5,6,6,3,5,2,0,0,1,0,1,0,0,0,6.88416E+20,5.33386E+21,1.15323E+16,4.813E+16
178306,9,6,71,134,2018,5,14,4,2,0,7,0,1,0,0,0,0,0,0,5.00146E+20,5.54694E+21,9.00204E+15,5.00747E+16
178307,9,1,84,146,2018,5,15,6,3,0,7,0,1,0,0,0,0,0,0,6.98012E+20,5.32828E+21,1.16585E+16,4.8077E+16
178308,9,5,72,131,2018,5,11,4,3,6,4,0,0,1,1,0,0,0,0,6.5567E+20,5.48843E+21,1.11512E+16,4.95285E+16
178309,9,5,62,0,2018,5,19,4,3,6,7,0,1,0,1,0,0,0,1,6.44714E+20,5.49619E+21,1.10028E+16,4.9601E+16
178310,9,1,62,0,2018,5,11,6,2,6,4,0,0,1,1,0,0,0,0,6.9733E+20,5.33224E+21,1.16512E+16,4.81128E+16
178311,9,1,62,0,2018,5,17,6,3,6,4,0,0,1,1,0,0,0,0,6.8948E+20,5.34386E+21,1.1551E+16,4.82196E+16
178312,9,5,64,0,2018,5,7,4,3,5,3,0,1,1,0,0,0,0,0,6.52271E+20,5.4834E+21,1.11024E+16,4.94841E+16
178313,9,1,62,0,2018,5,10,6,3,1,1,0,0,1,0,0,0,1,0,6.92161E+20,5.33464E+21,1.15829E+16,4.8136E+16
178314,9,5,64,0,2018,5,8,4,3,6,7,0,0,1,1,0,0,0,0,6.46304E+20,5.48164E+21,1.10194E+16,4.94697E+16
178315,9,1,62,0,2018,5,2,6,3,9,2,2,0,1,0,0,0,0,1,6.96449E+20,5.33683E+21,1.16415E+16,4.81544E+16
178316,9,5,64,0,2018,5,8,4,3,5,3,0,1,0,0,0,0,0,0,6.54801E+20,5.47432E+21,1.11337E+16,4.94019E+16
178317,9,1,62,0,2018,5,13,6,3,1,5,0,0,1,0,1,0,0,0,6.89089E+20,5.3328E+21,1.15409E+16,4.81203E+16
178318,9,5,61,0,2018,5,12,4,3,3,2,0,1,1,0,0,0,0,0,6.14102E+20,5.46147E+21,1.05693E+16,4.92953E+16
178319,9,4,75,175,2018,5,17,4,2,0,7,0,1,0,0,0,0,0,0,6.92001E+20,5.55845E+21,1.16875E+16,5.01471E+16
178320,9,1,62,0,2018,5,19,6,3,2,6,1,1,0,0,0,0,0,0,6.91838E+20,5.33484E+21,1.15787E+16,4.81379E+16
178321,9,4,74,126,2018,5,8,4,2,2,6,0,1,1,0,0,0,0,0,6.48532E+20,5.5091E+21,1.10605E+16,4.9716E+16
178322,9,4,74,121,2018,5,19,4,3,5,3,0,1,1,0,0,0,0,1,6.56558E+20,5.51611E+21,1.11746E+16,4.9777E+16
178323,9,7,71,142,2018,5,17,3,2,5,7,0,1,1,0,0,0,0,0,6.45272E+20,5.35302E+21,1.09594E+16,4.83137E+16
178324,9,7,71,146,2018,5,19,3,3,5,3,0,0,1,0,1,0,0,0,6.47465E+20,5.34671E+21,1.09868E+16,4.82564E+16
178325,9,7,61,0,2018,5,16,3,3,0,1,0,1,0,0,0,0,0,0,6.38038E+20,5.35845E+21,1.08637E+16,4.83641E+16
178326,9,7,61,0,2018,5,14,3,3,5,3,0,1,1,0,0,0,0,0,6.38683E+20,5.36231E+21,1.08737E+16,4.83987E+16
178327,9,7,61,0,2018,5,18,3,3,0,3,0,0,1,0,1,0,0,0,6.41445E+20,5.36037E+21,1.09103E+16,4.83806E+16
178328,9,7,61,0,2018,5,8,3,3,1,5,0,0,1,0,1,0,0,0,6.41951E+20,5.3609E+21,1.09173E+16,4.83853E+16
178329,9,7,61,0,2018,5,14,3,2,3,1,0,1,1,0,0,0,0,0,6.44692E+20,5.35592E+21,1.09526E+16,4.83399E+16
178330,9,7,61,0,2018,5,12,3,3,0,1,0,1,0,0,0,0,0,0,6.44312E+20,5.35644E+21,1.09476E+16,4.83446E+16
178331,9,7,61,0,2018,5,4,3,3,0,7,1,1,0,1,0,0,0,0,6.38745E+20,5.35693E+21,1.08727E+16,4.83503E+16
178332,9,7,61,0,2018,5,16,3,3,5,3,0,1,1,0,0,0,0,0,6.40636E+20,5.35927E+21,1.0899E+16,4.83709E+16
178333,9,7,71,114,2018,5,18,3,2,1,3,0,0,1,0,0,1,0,0,6.46742E+20,5.37185E+21,1.09858E+16,4.84827E+16
178334,9,6,76,121,2018,5,9,3,3,5,3,0,0,1,0,1,0,0,0,5.12027E+20,5.52189E+21,9.1673E+15,4.98493E+16
178335,9,5,76,151,2018,5,16,3,3,8,7,0,0,1,0,0,0,0,0,6.54306E+20,5.47239E+21,1.11262E+16,4.93846E+16
178336,9,5,62,0,2018,5,8,3,3,4,6,0,1,0,0,0,0,0,0,6.44849E+20,5.49564E+21,1.10045E+16,4.95959E+16
178337,9,5,72,142,2018,5,6,3,3,0,3,0,1,1,0,0,0,0,0,6.4487E+20,5.50219E+21,1.10072E+16,4.96548E+16
178338,9,5,65,0,2018,5,20,3,3,8,7,1,1,0,0,0,0,0,0,6.50232E+20,5.4658E+21,1.10676E+16,4.93264E+16