OBJECTID_1,ULAND,UREGBEZ,UKREIS,UGEMEINDE,UJAHR,UMONAT,USTUNDE,UWOCHENTAG,UKATEGORIE,UART,UTYP1,ULICHTVERH,IstRad,IstPKW,IstFuss,IstKrad,IstGkfz,IstSonstig,STRZUSTAND,LINREFX,LINREFY,XGCSWGS84,YGCSWGS84
178525,9,5,64,0,2018,5,16,2,3,2,2,0,0,1,0,1,0,0,0,6.46175E+20,5.47716E+21,1.10159E+16,4.94295E+16
178526,9,4,71,220,2018,5,19,4,3,2,5,0,0,1,0,0,0,0,0,6.17594E+20,5.51251E+21,1.06325E+16,4.97536E+16
178527,9,3,63,0,2018,5,22,4,3,1,5,2,0,1,0,0,0,0,0,7.26613E+20,5.50861E+21,1.2142E+16,4.96873E+16
178528,9,5,73,134,2018,5,15,2,3,2,6,0,0,1,0,0,0,0,0,6.41732E+20,5.47826E+21,1.09551E+16,4.94404E+16
178529,9,5,73,122,2018,5,21,2,3,0,1,1,0,0,0,1,0,0,1,6.42176E+20,5.47719E+21,1.09609E+16,4.94308E+16
178530,9,3,63,0,2018,5,17,4,2,4,6,0,1,1,0,0,0,0,0,7.26493E+20,5.50792E+21,1.21399E+16,4.96812E+16
178531,9,5,75,145,2018,5,12,2,3,3,6,0,1,0,0,0,0,1,0,6.18231E+20,5.48763E+21,1.06339E+16,4.95297E+16
178532,9,4,63,0,2018,5,18,2,2,4,3,0,0,0,0,1,0,1,0,6.39907E+20,5.56876E+21,1.09626E+16,5.02544E+16
178533,9,3,75,174,2018,5,17,4,3,5,3,0,0,1,0,1,0,0,0,7.34734E+20,5.43135E+21,1.22089E+16,4.89904E+16
178534,9,4,78,120,2018,5,22,2,2,9,1,2,0,1,0,0,0,0,0,6.42513E+20,5.54989E+21,1.09921E+16,5.00841E+16
178535,9,4,76,145,2018,5,12,2,2,5,3,0,1,1,0,0,0,0,0,6.65968E+20,5.5671E+21,1.13272E+16,5.02328E+16
178536,9,3,75,117,2018,5,14,4,3,0,1,0,1,0,0,0,0,0,0,7.33402E+20,5.43286E+21,1.21916E+16,4.90044E+16
178537,9,3,76,141,2018,5,20,4,2,5,2,0,1,1,0,0,0,0,0,7.26331E+20,5.45412E+21,1.21069E+16,4.91981E+16
178538,9,7,72,147,2018,5,9,3,3,6,4,0,0,1,1,0,0,0,0,6.39032E+20,5.36503E+21,1.08793E+16,4.84231E+16
178539,9,4,63,0,2018,5,14,2,3,0,5,0,0,1,0,1,0,0,0,6.40207E+20,5.56932E+21,1.0967E+16,5.02594E+16
178540,9,3,61,0,2018,5,9,4,3,0,1,0,1,0,0,0,0,0,0,7.07712E+20,5.48043E+21,1.18654E+16,4.9441E+16
178541,9,4,61,0,2018,5,16,2,3,0,1,0,1,0,0,0,0,0,0,6.35511E+20,5.53141E+21,1.08878E+16,4.99197E+16
178542,9,2,75,124,2018,5,20,4,3,7,7,1,1,0,0,0,0,0,0,8.11498E+20,5.38161E+21,1.3218E+16,4.85102E+16
178543,9,4,61,0,2018,5,6,2,3,5,2,0,0,1,0,1,0,0,0,6.349E+20,5.52821E+21,1.08781E+16,4.9891E+16
178544,9,4,61,0,2018,5,10,2,3,3,2,0,1,1,0,0,0,0,0,6.35848E+20,5.52994E+21,1.08919E+16,4.99064E+16
178545,9,2,75,124,2018,5,20,4,3,4,2,0,0,1,0,1,0,0,0,8.06677E+20,5.37562E+21,1.31486E+16,4.84588E+16
178546,9,2,77,124,2018,5,6,4,3,8,1,0,0,1,0,0,0,0,0,7.80999E+20,5.36932E+21,1.27978E+16,4.84143E+16
178547,9,3,62,0,2018,5,9,2,3,2,5,0,1,1,0,0,0,0,0,7.26466E+20,5.4319E+21,1.20963E+16,4.89984E+16
178548,9,3,62,0,2018,5,12,2,3,1,6,0,0,1,0,0,0,0,0,7.28976E+20,5.43636E+21,1.21331E+16,4.90375E+16
178549,9,2,61,0,2018,5,22,4,3,0,7,2,0,0,1,0,0,1,0,7.32674E+20,5.38081E+21,1.21522E+16,4.85372E+16
178550,9,2,73,137,2018,5,12,4,2,5,7,0,0,1,0,0,0,1,0,7.13235E+20,5.42011E+21,1.19095E+16,4.88972E+16
178551,9,3,73,147,2018,5,5,2,3,5,3,0,0,1,0,0,0,0,0,6.79568E+20,5.46255E+21,1.14695E+16,4.92893E+16
178552,9,3,72,137,2018,5,13,2,3,0,1,0,1,0,0,0,0,0,0,7.81305E+20,5.45544E+21,1.28609E+16,4.91871E+16
178553,9,2,79,112,2018,5,12,4,3,0,7,0,1,0,0,0,0,0,0,7.57013E+20,5.39343E+21,1.24891E+16,4.86411E+16
178554,9,3,72,116,2018,5,9,2,3,4,2,0,0,1,0,0,0,0,0,7.63641E+20,5.45629E+21,1.26195E+16,4.92026E+16
178555,9,1,80,124,2018,5,16,4,3,1,6,0,0,1,0,1,0,0,0,6.60115E+20,5.28133E+21,1.11327E+16,4.76656E+16
178556,9,3,61,0,2018,5,10,2,3,6,4,0,0,1,1,0,0,0,0,7.07612E+20,5.48093E+21,1.18643E+16,4.94456E+16
178557,9,1,83,148,2018,5,12,4,2,2,6,0,1,0,0,1,0,0,0,7.52494E+20,5.34538E+21,1.2399E+16,4.82113E+16
178558,9,2,71,153,2018,5,12,2,3,0,1,0,1,0,0,0,0,0,0,7.9892E+20,5.40517E+21,1.30652E+16,4.87278E+16
178559,9,2,75,143,2018,5,16,2,2,0,1,0,1,0,0,0,0,0,0,8.1044E+20,5.36524E+21,1.31916E+16,4.83639E+16
178560,9,1,83,112,2018,5,20,4,3,5,3,0,0,1,0,0,0,0,0,7.53119E+20,5.34978E+21,1.241E+16,4.82506E+16
178561,9,1,83,128,2018,5,17,4,3,5,3,0,0,1,0,0,0,1,0,7.59797E+20,5.35004E+21,1.24999E+16,4.82503E+16
178562,9,2,72,118,2018,5,12,2,3,4,2,0,0,1,0,1,0,0,0,8.3395E+20,5.41593E+21,1.35488E+16,4.88065E+16
178563,9,2,61,0,2018,5,5,2,3,0,7,0,1,0,0,0,0,1,0,7.33777E+20,5.38175E+21,1.21676E+16,4.85452E+16
178564,9,1,63,0,2018,5,8,4,2,0,7,0,1,0,0,0,0,0,0,7.32729E+20,5.30581E+21,1.21118E+16,4.78634E+16
178565,9,2,73,164,2018,5,12,2,3,4,6,0,0,0,0,0,1,1,0,6.99715E+20,5.42454E+21,1.17274E+16,4.89416E+16
178566,9,1,76,126,2018,5,13,4,2,0,7,0,0,1,0,0,1,0,0,6.74036E+20,5.40926E+21,1.13706E+16,4.88119E+16
178567,9,2,79,112,2018,5,19,2,3,0,7,0,1,0,0,0,0,0,0,7.57925E+20,5.39214E+21,1.25007E+16,4.86291E+16
178568,9,2,79,112,2018,5,12,2,3,0,7,0,1,0,0,0,0,0,0,7.57435E+20,5.39331E+21,1.24948E+16,4.86398E+16
178569,9,1,85,158,2018,5,10,4,2,5,3,0,1,0,0,0,0,0,0,6.67152E+20,5.3812E+21,1.12656E+16,4.85616E+16
178570,9,1,85,149,2018,5,18,4,3,2,6,0,0,1,0,0,0,0,0,6.60219E+20,5.40024E+21,1.1179E+16,4.87345E+16
178571,9,1,90,140,2018,5,16,2,3,0,1,0,1,0,0,0,0,0,0,6.4398E+20,5.29544E+21,1.09226E+16,4.77962E+16
178572,9,1,79,134,2018,5,7,4,3,0,1,0,1,0,0,0,0,0,0,6.66576E+20,5.34166E+21,1.12421E+16,4.82063E+16
178573,9,1,83,147,2018,5,11,2,3,0,1,0,1,0,0,0,0,0,0,7.42617E+20,5.3359E+21,1.22608E+16,4.81301E+16
178574,9,1,81,130,2018,5,15,4,3,5,3,0,1,1,0,0,0,0,0,6.38383E+20,5.32602E+21,1.08577E+16,4.80724E+16
178575,9,1,81,128,2018,5,18,4,3,5,2,0,1,1,0,0,0,0,0,6.37876E+20,5.32738E+21,1.08514E+16,4.80847E+16
178576,9,1,87,142,2018,5,20,2,2,4,6,0,0,0,0,1,0,1,0,7.33409E+20,5.31197E+21,1.21242E+16,4.79186E+16
178577,9,1,74,115,2018,5,18,4,3,4,2,0,0,1,0,0,0,0,0,6.82284E+20,5.34777E+21,1.14559E+16,4.82569E+16
178578,9,1,78,124,2018,5,22,4,3,6,4,2,0,1,1,0,0,0,1,7.03146E+20,5.36522E+21,1.17451E+16,4.84073E+16
178579,9,1,63,0,2018,5,14,2,3,0,1,0,1,0,0,0,0,0,0,7.33651E+20,5.30501E+21,1.21237E+16,4.78559E+16
178580,9,1,62,0,2018,5,9,3,3,3,5,0,1,1,0,0,0,0,0,6.92586E+20,5.33386E+21,1.15883E+16,4.81289E+16
178581,9,1,87,169,2018,5,12,2,2,0,1,0,1,0,0,0,0,0,0,7.3732E+20,5.29865E+21,1.21692E+16,4.77974E+16
178582,9,1,61,0,2018,5,7,2,3,5,3,0,0,1,0,0,0,0,0,6.82311E+20,5.40527E+21,1.14814E+16,4.87737E+16
178583,9,1,62,0,2018,5,18,3,3,0,1,0,0,0,0,1,0,0,0,6.88037E+20,5.33963E+21,1.15298E+16,4.81821E+16
178584,9,1,62,0,2018,5,14,3,3,4,7,0,0,1,0,0,0,1,0,6.84424E+20,5.33245E+21,1.14781E+16,4.81186E+16
178585,9,1,88,141,2018,5,12,2,3,0,7,0,0,0,0,0,0,1,0,6.69949E+20,5.3086E+21,1.12743E+16,4.79082E+16
178586,9,1,62,0,2018,5,12,3,3,0,5,0,1,1,0,0,0,0,0,6.86202E+20,5.33501E+21,1.15031E+16,4.8141E+16
178587,9,1,79,121,2018,5,19,2,3,5,3,0,0,1,0,1,0,0,0,6.66746E+20,5.3392E+21,1.12434E+16,4.81841E+16
178588,9,1,62,0,2018,5,17,3,3,6,4,0,1,0,1,0,0,0,0,6.9063E+20,5.3355E+21,1.15628E+16,4.81442E+16
178589,9,1,81,144,2018,5,22,2,3,0,1,2,1,0,0,0,0,0,1,6.56397E+20,5.32149E+21,1.10978E+16,4.80275E+16
178590,9,1,62,0,2018,5,15,3,3,3,2,0,1,1,0,0,0,0,0,6.90299E+20,5.34023E+21,1.15604E+16,4.81868E+16
178591,9,1,74,136,2018,5,17,2,2,0,1,0,1,0,0,0,0,0,0,6.84221E+20,5.36701E+21,1.14904E+16,4.84293E+16
178592,9,1,74,143,2018,5,15,2,3,6,4,0,0,1,1,0,0,0,0,6.74465E+20,5.35307E+21,1.13529E+16,4.83067E+16
178593,9,1,62,0,2018,5,23,3,2,5,3,2,0,1,0,1,0,0,1,6.94774E+20,5.34149E+21,1.16211E+16,4.81967E+16
178594,9,1,78,145,2018,5,20,2,3,4,2,0,1,0,0,0,0,0,0,6.97462E+20,5.3551E+21,1.16636E+16,4.83182E+16
178595,9,5,71,152,2018,6,23,7,2,9,7,2,0,0,0,1,0,0,0,5.87717E+20,5.46408E+21,1.02071E+16,4.93231E+16
178596,9,1,84,134,2018,6,18,7,2,5,7,0,1,0,0,0,0,0,0,6.92891E+20,5.32168E+21,1.15869E+16,4.80193E+16
178597,9,5,71,226,2018,6,11,7,3,1,7,0,1,1,0,0,0,0,0,6.33208E+20,5.45657E+21,1.08303E+16,4.92474E+16
178598,9,5,71,115,2018,6,14,7,3,5,3,0,0,1,0,0,0,0,0,6.11031E+20,5.45236E+21,1.05246E+16,4.9214E+16
178599,9,5,75,112,2018,6,11,7,3,6,2,0,0,1,1,0,0,0,0,6.02302E+20,5.48455E+21,1.0413E+16,4.95049E+16
178600,9,1,62,0,2018,6,14,1,3,4,6,0,0,1,0,1,0,0,0,6.85911E+20,5.33851E+21,1.15007E+16,4.81726E+16
178601,9,4,73,121,2018,6,2,7,3,8,1,2,0,1,1,0,0,1,0,6.4752E+20,5.56523E+21,1.1068E+16,5.02208E+16
178602,9,4,74,119,2018,6,15,7,3,1,1,0,1,1,0,0,0,0,0,6.5333E+20,5.49587E+21,1.11218E+16,4.9596E+16
178603,9,3,73,147,2018,6,19,1,2,5,3,0,1,1,0,0,0,0,0,6.76103E+20,5.46264E+21,1.14219E+16,4.92911E+16
178604,9,4,74,176,2018,6,15,7,3,0,1,0,1,0,0,0,0,0,0,6.61737E+20,5.52214E+21,1.12489E+16,4.98299E+16
178605,9,4,71,115,2018,6,16,7,3,5,3,0,0,1,0,0,0,0,0,6.32876E+20,5.53852E+21,1.08535E+16,4.99842E+16
178606,9,4,71,214,2018,6,12,7,3,0,7,0,1,0,0,0,0,0,0,6.38843E+20,5.54097E+21,1.09376E+16,5.00049E+16
178607,9,7,79,194,2018,6,1,1,3,0,7,2,1,0,0,0,0,0,0,6.08772E+20,5.41237E+21,1.04828E+16,4.88548E+16
178608,9,4,61,0,2018,6,10,7,2,2,2,0,0,1,0,1,0,0,0,6.37058E+20,5.5269E+21,1.09077E+16,4.98788E+16
178609,9,3,63,0,2018,6,16,7,3,6,7,0,0,1,1,0,0,0,0,7.23918E+20,5.5068E+21,1.21036E+16,4.96721E+16
178610,9,1,62,0,2018,6,14,1,3,4,6,0,1,0,0,0,0,0,0,6.96683E+20,5.33524E+21,1.16439E+16,4.814E+16
178611,9,1,62,0,2018,6,18,7,3,1,6,0,0,1,0,0,0,0,0,6.86219E+20,5.33369E+21,1.15027E+16,4.81292E+16
178612,9,7,64,0,2018,6,17,7,3,3,7,0,1,0,0,0,0,0,0,5.88429E+20,5.31702E+21,1.01855E+16,4.80004E+16
178613,9,3,72,144,2018,6,13,7,2,2,6,0,0,0,0,1,0,1,0,7.86914E+20,5.46385E+21,1.29437E+16,4.926E+16
178614,9,2,74,126,2018,6,5,1,3,8,7,1,1,0,0,0,0,0,0,7.30411E+20,5.38474E+21,1.21238E+16,4.85733E+16
178615,9,5,64,0,2018,5,13,5,3,0,3,0,1,0,0,0,0,1,0,6.50081E+20,5.481E+21,1.10712E+16,4.94631E+16
178616,9,4,78,145,2018,5,9,5,3,8,1,0,0,1,0,0,0,0,0,6.50512E+20,5.55874E+21,1.11073E+16,5.01618E+16
178617,9,4,72,180,2018,5,14,5,2,3,1,0,1,0,0,0,0,0,0,6.90063E+20,5.52107E+21,1.16419E+16,4.98119E+16
178618,9,7,61,0,2018,6,14,1,3,2,6,0,0,1,0,0,0,0,0,6.39107E+20,5.36277E+21,1.08795E+16,4.84027E+16
178619,9,5,73,134,2018,5,15,5,3,0,7,0,1,0,0,0,0,0,0,6.39444E+20,5.47769E+21,1.09234E+16,4.94359E+16
178620,9,1,85,149,2018,6,20,1,3,0,1,0,0,0,0,1,0,0,0,6.60677E+20,5.40062E+21,1.11854E+16,4.87379E+16
178621,9,3,75,179,2018,6,16,7,3,3,2,0,1,1,0,0,0,0,0,7.31616E+20,5.42865E+21,1.21648E+16,4.89674E+16
178622,9,1,87,148,2018,6,17,1,2,0,1,0,1,0,0,0,0,0,0,7.37218E+20,5.27822E+21,1.21567E+16,4.7614E+16
178623,9,3,62,0,2018,6,10,7,3,1,3,0,0,1,0,1,0,0,0,7.25954E+20,5.43096E+21,1.20888E+16,4.89902E+16
178624,9,3,72,116,2018,6,20,7,3,7,1,1,0,1,0,1,0,0,0,7.68529E+20,5.45864E+21,1.26881E+16,4.92216E+16
178625,9,3,76,117,2018,6,23,7,3,0,1,2,0,1,0,0,0,0,0,7.4033E+20,5.45935E+21,1.23019E+16,4.92397E+16
178626,9,6,63,0,2018,6,12,1,3,0,1,0,1,0,0,0,0,0,0,5.66837E+20,5.51605E+21,9.92864E+15,4.97932E+16
178627,9,2,63,0,2018,6,11,7,3,2,6,0,0,1,0,1,0,0,0,7.6469E+20,5.42042E+21,1.26105E+16,4.88802E+16
178628,9,1,75,128,2018,6,15,1,2,0,1,0,1,0,0,0,0,0,1,7.14503E+20,5.32563E+21,1.18783E+16,4.80478E+16
178629,9,2,71,119,2018,6,7,7,3,0,1,0,1,0,0,0,0,0,0,7.90906E+20,5.41851E+21,1.29659E+16,4.88513E+16
178630,9,2,61,0,2018,6,12,7,3,0,1,0,1,0,0,0,0,0,0,7.31553E+20,5.38249E+21,1.2138E+16,4.85527E+16
178631,9,2,61,0,2018,6,14,7,3,0,1,0,1,0,0,0,0,0,0,7.32246E+20,5.38157E+21,1.21468E+16,4.85442E+16
178632,9,1,84,142,2018,6,12,1,2,0,7,0,1,0,0,0,0,0,0,6.80574E+20,5.31875E+21,1.14206E+16,4.79965E+16
178633,9,2,79,122,2018,6,17,7,3,8,7,0,1,0,0,0,0,0,0,7.71241E+20,5.39906E+21,1.26856E+16,4.86856E+16
178634,9,2,73,166,2018,6,9,7,3,0,7,0,1,0,0,0,0,0,0,7.14271E+20,5.42081E+21,1.1924E+16,4.89031E+16
178635,9,4,73,151,2018,5,11,5,3,0,6,0,1,1,0,0,0,0,0,6.54256E+20,5.57216E+21,1.11652E+16,5.02814E+16
178636,9,5,77,161,2018,5,19,5,3,6,4,0,0,1,1,0,0,0,0,6.44911E+20,5.44101E+21,1.09854E+16,4.91049E+16
178637,9,5,72,132,2018,6,6,1,2,0,1,0,1,0,0,0,0,0,0,6.34538E+20,5.49399E+21,1.08613E+16,4.95835E+16
178638,9,7,75,129,2018,6,15,7,3,0,6,0,1,0,0,0,0,0,0,5.82619E+20,5.34075E+21,1.01122E+16,4.82146E+16
178639,9,5,77,173,2018,5,14,5,3,9,1,0,1,0,0,0,0,0,0,6.39886E+20,5.42354E+21,1.09106E+16,4.89489E+16
178640,9,1,62,0,2018,6,14,7,3,0,7,0,1,1,0,0,0,0,0,6.93432E+20,5.3363E+21,1.16008E+16,4.81505E+16
178641,9,5,64,0,2018,5,1,5,3,3,2,2,0,1,0,1,0,0,0,6.48922E+20,5.4808E+21,1.10552E+16,4.94616E+16
178642,9,5,73,125,2018,5,12,5,3,6,7,0,0,1,1,0,0,0,0,6.36545E+20,5.4732E+21,1.08819E+16,4.93962E+16
178643,9,5,64,0,2018,5,5,5,3,0,1,1,1,0,0,0,0,0,0,6.50133E+20,5.48085E+21,1.10719E+16,4.94618E+16
178644,9,1,62,0,2018,6,20,1,3,5,3,1,0,0,0,1,0,1,0,6.88338E+20,5.34083E+21,1.15343E+16,4.81927E+16
178645,9,1,62,0,2018,6,18,7,3,0,5,0,1,1,0,0,0,0,0,6.92083E+20,5.33661E+21,1.15828E+16,4.81537E+16
178646,9,7,63,0,2018,6,10,7,3,6,4,0,0,1,1,0,0,0,0,5.98803E+20,5.28695E+21,1.03176E+16,4.77284E+16
178647,9,4,72,177,2018,5,18,5,3,9,1,0,0,1,0,0,0,0,1,6.84634E+20,5.50384E+21,1.15584E+16,4.96589E+16
178648,9,2,72,122,2018,6,20,1,2,0,1,1,0,0,0,1,0,0,0,8.50497E+20,5.41892E+21,1.37759E+16,4.88242E+16
178649,9,1,89,142,2018,6,13,7,3,4,2,0,1,1,0,0,0,0,0,7.49515E+20,5.32768E+21,1.23486E+16,4.80535E+16
178650,9,1,89,154,2018,6,11,7,2,0,1,0,1,0,0,0,0,0,0,7.67306E+20,5.31894E+21,1.25814E+16,4.79679E+16
178651,9,1,62,0,2018,6,22,7,3,4,2,2,0,1,0,1,0,0,0,6.90266E+20,5.33565E+21,1.15579E+16,4.81456E+16
178652,9,1,72,111,2018,6,19,7,3,5,3,0,1,1,0,0,0,0,0,7.96714E+20,5.30204E+21,1.29629E+16,4.78033E+16
178653,9,5,71,214,2018,6,3,1,3,3,6,2,1,0,0,0,0,0,0,6.17446E+20,5.43309E+21,1.0607E+16,4.90395E+16
178654,9,1,71,111,2018,6,0,7,3,6,4,2,0,1,1,0,0,0,0,7.73312E+20,5.34771E+21,1.26801E+16,4.82236E+16
178655,9,1,76,143,2018,6,12,7,3,2,6,0,1,0,0,0,0,0,0,6.81029E+20,5.4083E+21,1.14653E+16,4.88013E+16
178656,9,1,86,162,2018,6,19,7,2,5,3,0,1,1,0,0,0,0,0,6.9344E+20,5.38623E+21,1.16238E+16,4.85993E+16
178657,9,1,76,114,2018,6,17,7,3,5,3,0,0,1,0,0,0,0,0,6.82125E+20,5.42808E+21,1.14891E+16,4.89788E+16
178658,9,1,62,0,2018,6,21,1,3,8,1,2,0,1,0,0,0,0,0,6.86625E+20,5.33307E+21,1.15079E+16,4.81235E+16
178659,9,7,75,135,2018,6,20,7,3,6,7,0,0,1,1,0,0,0,0,5.75148E+20,5.35788E+21,1.00147E+16,4.83696E+16
178660,9,1,81,130,2018,6,15,7,3,5,3,0,1,1,0,0,0,0,0,6.39149E+20,5.32185E+21,1.08667E+16,4.80348E+16
178661,9,1,90,148,2018,6,14,1,3,0,1,0,1,0,0,0,0,0,0,6.41749E+20,5.29596E+21,1.0893E+16,4.78014E+16
178662,9,1,88,117,2018,6,16,7,3,0,5,0,1,1,0,0,0,0,0,6.63212E+20,5.31425E+21,1.11864E+16,4.79607E+16
178663,9,1,79,123,2018,6,17,7,3,5,3,0,1,1,0,0,0,0,0,6.75598E+20,5.33337E+21,1.136E+16,4.81293E+16
178664,9,1,62,0,2018,6,0,6,3,0,7,2,1,0,0,0,0,0,1,6.91167E+20,5.33646E+21,1.15704E+16,4.81527E+16
178665,9,1,62,0,2018,6,20,6,3,6,4,0,0,1,1,0,0,0,0,6.91242E+20,5.33989E+21,1.15729E+16,4.81834E+16
178666,9,1,62,0,2018,6,19,6,3,2,5,0,1,1,0,0,0,0,0,6.89765E+20,5.33473E+21,1.15508E+16,4.81375E+16
178667,9,7,73,111,2018,6,4,1,3,1,1,1,0,1,0,0,1,0,0,6.07973E+20,5.37326E+21,1.04617E+16,4.85031E+16
178668,9,1,62,0,2018,6,14,6,3,6,4,0,0,1,1,0,0,0,0,6.90486E+20,5.33474E+21,1.15605E+16,4.81374E+16
178669,9,1,87,117,2018,6,14,1,3,8,1,0,0,1,0,0,0,0,0,7.25572E+20,5.30574E+21,1.20162E+16,4.78653E+16
178670,9,1,84,129,2018,6,12,6,3,8,1,0,0,1,0,0,0,0,0,6.98979E+20,5.32583E+21,1.16704E+16,4.80547E+16
178671,9,1,62,0,2018,6,9,6,3,1,5,0,1,0,0,0,0,1,0,6.91488E+20,5.33423E+21,1.15737E+16,4.81325E+16
178672,9,7,79,131,2018,6,16,7,3,5,3,0,0,1,0,1,0,0,0,6.2955E+20,5.39714E+21,1.07612E+16,4.87139E+16
178673,9,1,62,0,2018,6,11,7,3,0,1,0,1,0,0,0,0,0,0,6.86659E+20,5.34349E+21,1.15129E+16,4.82171E+16
178674,9,1,62,0,2018,6,9,6,3,0,1,0,0,0,0,1,0,0,1,6.9088E+20,5.33427E+21,1.15656E+16,4.8133E+16
178675,9,1,62,0,2018,6,13,6,3,1,7,0,1,0,0,0,0,1,0,6.93834E+20,5.33438E+21,1.16053E+16,4.81331E+16
178676,9,6,77,148,2018,6,15,1,3,5,3,0,0,1,0,0,0,0,0,5.55718E+20,5.53377E+21,9.77671E+15,4.99536E+16
178677,9,1,62,0,2018,6,18,6,3,5,3,0,1,1,0,0,0,0,0,6.93068E+20,5.33234E+21,1.15941E+16,4.8115E+16
178678,9,1,62,0,2018,6,13,7,2,2,6,0,1,0,0,0,0,0,0,6.7997E+20,5.33602E+21,1.14198E+16,4.81519E+16
178679,9,7,61,0,2018,6,14,1,3,1,5,0,1,1,0,0,0,0,0,6.4094E+20,5.36296E+21,1.09043E+16,4.84041E+16
178680,9,1,62,0,2018,6,15,6,3,3,2,0,0,1,0,0,0,1,0,6.86534E+20,5.33487E+21,1.15075E+16,4.81397E+16
178681,9,1,79,147,2018,6,12,1,3,0,1,0,1,0,0,0,0,0,0,6.65062E+20,5.33393E+21,1.12187E+16,4.81372E+16
178682,9,1,84,136,2018,6,15,6,3,6,7,0,0,1,1,0,0,0,0,6.99399E+20,5.32669E+21,1.16764E+16,4.80623E+16
178683,9,1,62,0,2018,6,21,6,3,3,6,2,0,1,0,1,0,0,0,6.92024E+20,5.33639E+21,1.15819E+16,4.81517E+16
178684,9,1,62,0,2018,6,9,6,3,5,2,0,0,1,0,0,0,0,1,6.88037E+20,5.33963E+21,1.15298E+16,4.81821E+16
178685,9,1,74,115,2018,6,17,2,3,1,7,0,0,1,0,0,0,0,0,6.81969E+20,5.34877E+21,1.14521E+16,4.8266E+16
178686,9,7,73,125,2018,6,16,7,2,0,1,0,1,0,0,0,0,0,0,6.08855E+20,5.3814E+21,1.04758E+16,4.85763E+16
178687,9,1,62,0,2018,6,11,6,3,2,6,0,0,1,0,0,0,0,0,6.86214E+20,5.33482E+21,1.15032E+16,4.81393E+16
178688,9,1,84,122,2018,6,16,6,3,5,3,0,1,1,0,0,0,0,0,6.87925E+20,5.32311E+21,1.1521E+16,4.80336E+16
178689,9,5,64,0,2018,6,14,1,3,0,1,0,1,0,0,0,0,0,0,6.54532E+20,5.48059E+21,1.11325E+16,4.94583E+16
178690,9,7,77,135,2018,6,12,7,3,5,3,0,0,1,0,0,0,1,0,6.22714E+20,5.2749E+21,1.0633E+16,4.76159E+16
178691,9,1,62,0,2018,6,12,6,3,2,6,0,0,1,0,0,0,0,0,6.90046E+20,5.33292E+21,1.15538E+16,4.81212E+16
178692,9,1,62,0,2018,6,21,6,3,0,1,1,1,0,0,0,0,0,0,6.91529E+20,5.33711E+21,1.15756E+16,4.81584E+16
178693,9,7,75,135,2018,6,15,6,3,3,7,0,0,1,0,0,0,0,0,5.74274E+20,5.35971E+21,1.00032E+16,4.83862E+16
178694,9,7,71,130,2018,6,20,7,3,0,1,1,1,0,0,0,0,0,0,6.46825E+20,5.36052E+21,1.0983E+16,4.83808E+16
178695,9,7,78,118,2018,6,15,6,3,4,2,0,1,1,0,0,0,0,0,5.90457E+20,5.31342E+21,1.02119E+16,4.79677E+16
178696,9,7,74,115,2018,6,16,6,3,5,3,0,0,1,0,1,0,0,0,6.11061E+20,5.34457E+21,1.0496E+16,4.82446E+16
178697,9,7,74,135,2018,6,16,6,3,5,3,0,1,1,0,0,0,0,0,5.94976E+20,5.36748E+21,1.02845E+16,4.84533E+16
178698,9,7,74,121,2018,6,17,6,3,5,3,0,1,1,0,0,0,0,0,6.04026E+20,5.36552E+21,1.04064E+16,4.84343E+16
178699,9,1,62,0,2018,6,13,1,3,5,3,0,0,1,0,0,0,0,0,6.93211E+20,5.32911E+21,1.15945E+16,4.80859E+16
178700,9,7,61,0,2018,6,17,7,3,2,6,0,0,1,0,1,0,0,0,6.3808E+20,5.36193E+21,1.08654E+16,4.83954E+16
178701,9,7,80,118,2018,6,5,6,3,0,1,0,1,0,0,0,0,0,1,5.95472E+20,5.26678E+21,1.02688E+16,4.75474E+16
178702,9,7,80,139,2018,6,16,6,3,9,1,0,1,0,0,0,0,0,0,5.98244E+20,5.26431E+21,1.03051E+16,4.75248E+16
178703,9,4,71,195,2018,6,13,1,3,0,1,0,1,0,0,0,0,0,0,6.41712E+20,5.52383E+21,1.09713E+16,4.98502E+16
178704,9,7,76,116,2018,6,16,6,3,0,1,0,1,0,0,0,0,0,0,5.52475E+20,5.2669E+21,9.69746E+15,4.75534E+16
178705,9,7,63,0,2018,6,12,6,3,1,6,0,0,1,0,0,0,0,0,5.97331E+20,5.28515E+21,1.02976E+16,4.77124E+16
178706,9,7,62,0,2018,6,11,6,3,3,3,0,1,1,0,0,0,0,0,6.21844E+20,5.30788E+21,1.06307E+16,4.79126E+16
178707,9,7,61,0,2018,6,2,7,3,0,7,2,1,0,0,0,0,0,0,6.39183E+20,5.36263E+21,1.08805E+16,4.84015E+16
178708,9,7,62,0,2018,6,9,6,3,5,3,0,1,1,0,0,0,0,0,6.23058E+20,5.30631E+21,1.06465E+16,4.78983E+16
178709,9,7,64,0,2018,6,2,1,3,0,7,2,1,0,0,0,0,0,0,5.87932E+20,5.31814E+21,1.0179E+16,4.80105E+16
178710,9,7,71,114,2018,6,8,7,3,0,7,0,1,0,0,0,0,0,0,6.44379E+20,5.37534E+21,1.09551E+16,4.85145E+16