OBJECTID_1,ULAND,UREGBEZ,UKREIS,UGEMEINDE,UJAHR,UMONAT,USTUNDE,UWOCHENTAG,UKATEGORIE,UART,UTYP1,ULICHTVERH,IstRad,IstPKW,IstFuss,IstKrad,IstGkfz,IstSonstig,STRZUSTAND,LINREFX,LINREFY,XGCSWGS84,YGCSWGS84
178711,9,7,61,0,2018,6,18,6,2,2,6,0,1,1,0,0,0,0,0,6.37999E+20,5.3603E+21,1.08638E+16,4.83808E+16
178712,9,1,80,125,2018,6,6,1,2,1,1,0,0,1,0,0,0,0,0,6.54826E+20,5.27376E+21,1.10597E+16,4.75987E+16
178713,9,1,84,112,2018,6,8,1,3,0,1,0,0,0,0,1,0,0,0,7.02522E+20,5.33902E+21,1.17241E+16,4.81721E+16
178714,9,7,61,0,2018,6,18,6,3,5,3,0,0,1,0,0,0,0,0,6.43932E+20,5.3578E+21,1.0943E+16,4.8357E+16
178715,9,2,73,163,2018,6,15,1,3,0,1,0,1,0,0,0,0,0,0,7.0574E+20,5.39838E+21,1.17965E+16,4.87045E+16
178716,9,7,61,0,2018,6,17,6,3,1,7,0,0,1,0,1,0,0,0,6.44185E+20,5.35757E+21,1.09463E+16,4.83549E+16
178717,9,7,61,0,2018,6,12,6,3,5,3,0,0,1,0,0,0,0,0,6.44309E+20,5.35769E+21,1.0948E+16,4.83559E+16
178718,9,6,63,0,2018,6,21,7,3,2,3,2,0,1,0,1,0,0,0,5.66648E+20,5.51655E+21,9.92609E+15,4.97977E+16
178719,9,7,61,0,2018,6,6,6,3,5,3,0,0,1,0,0,0,0,0,6.3963E+20,5.35643E+21,1.08845E+16,4.83456E+16
178720,9,7,72,163,2018,6,14,1,3,5,3,0,1,1,0,0,0,0,0,6.39337E+20,5.34748E+21,1.08776E+16,4.82652E+16
178721,9,7,61,0,2018,6,17,6,3,2,6,0,0,1,0,0,0,0,0,6.40767E+20,5.35925E+21,1.09008E+16,4.83707E+16
178722,9,1,61,0,2018,6,14,1,2,4,1,0,1,1,0,0,0,0,0,6.77783E+20,5.40387E+21,1.14192E+16,4.87624E+16
178723,9,6,63,0,2018,6,13,6,3,0,1,0,1,0,0,0,0,0,0,5.66984E+20,5.51607E+21,9.93068E+15,4.97933E+16
178724,9,6,62,0,2018,6,22,6,3,0,1,2,0,1,0,1,0,0,0,5.86365E+20,5.54468E+21,1.02063E+16,5.00482E+16
178725,9,6,76,126,2018,6,11,6,3,0,1,0,1,0,0,0,0,0,0,5.1104E+20,5.52456E+21,9.15364E+15,4.98734E+16
178726,9,5,72,131,2018,6,11,6,3,0,1,0,1,0,0,0,0,0,0,6.56375E+20,5.48909E+21,1.11612E+16,4.95343E+16
178727,9,6,75,174,2018,6,17,7,3,2,6,0,1,1,0,0,0,0,0,5.88164E+20,5.52424E+21,1.02267E+16,4.98641E+16
178728,9,5,74,138,2018,6,13,6,3,0,1,0,1,0,0,0,0,0,0,6.64951E+20,5.48595E+21,1.12784E+16,4.95038E+16
178729,9,7,71,113,2018,6,13,1,3,0,1,0,0,0,0,1,0,0,0,6.54044E+20,5.36814E+21,1.10832E+16,4.84475E+16
178730,9,5,63,0,2018,6,21,6,2,0,7,1,1,0,0,0,0,0,0,6.43813E+20,5.48418E+21,1.0986E+16,4.94932E+16
178731,9,1,75,132,2018,6,17,1,2,5,3,0,1,0,0,0,0,0,0,7.06516E+20,5.33088E+21,1.17738E+16,4.80977E+16
178732,9,5,64,0,2018,6,17,6,3,5,3,0,1,1,0,0,0,0,0,6.45647E+20,5.47904E+21,1.10094E+16,4.94466E+16
178733,9,5,64,0,2018,6,19,6,3,0,1,0,1,0,0,0,0,0,0,6.52007E+20,5.4711E+21,1.1094E+16,4.93736E+16
178734,9,5,64,0,2018,6,12,6,3,6,1,0,1,0,1,0,0,0,0,6.51495E+20,5.47865E+21,1.10898E+16,4.94416E+16
178735,9,1,75,115,2018,6,10,2,3,5,3,0,0,1,0,0,0,0,0,7.20127E+20,5.32893E+21,1.19554E+16,4.80756E+16
178736,9,6,72,122,2018,6,22,7,2,1,1,2,0,1,0,0,0,1,0,5.7342E+20,5.55616E+21,1.00277E+16,5.01531E+16
178737,9,5,61,0,2018,6,19,6,3,1,6,0,0,1,0,0,0,1,0,6.14227E+20,5.46207E+21,1.05712E+16,4.93007E+16
178738,9,5,61,0,2018,6,6,6,3,2,2,0,0,1,0,0,0,0,0,6.14638E+20,5.46221E+21,1.05769E+16,4.93018E+16
178739,9,5,71,228,2018,6,15,1,3,0,7,0,0,1,0,1,0,0,0,5.89808E+20,5.45692E+21,1.02343E+16,4.92584E+16
178740,9,6,78,160,2018,6,10,7,3,5,3,0,1,1,0,0,0,0,0,5.84932E+20,5.54587E+21,1.01866E+16,5.00591E+16
178741,9,4,78,139,2018,6,13,6,3,5,3,0,0,1,0,0,0,1,0,6.47606E+20,5.55749E+21,1.10662E+16,5.01512E+16
178742,9,4,76,145,2018,6,12,6,2,0,7,0,1,0,0,0,0,0,0,6.65674E+20,5.56815E+21,1.13235E+16,5.02422E+16
178743,9,6,61,0,2018,6,8,1,3,0,1,0,1,0,0,0,0,0,0,5.1023E+20,5.53473E+21,9.14265E+15,4.99648E+16
178744,9,4,77,128,2018,6,21,6,3,0,7,2,1,0,0,0,0,0,0,6.75186E+20,5.55358E+21,1.14501E+16,5.01086E+16
178745,9,1,62,0,2018,6,17,7,2,5,3,0,1,1,0,0,0,0,0,6.90511E+20,5.33859E+21,1.15625E+16,4.81719E+16
178746,9,4,74,126,2018,6,16,6,3,1,6,0,1,1,0,0,0,0,0,6.48536E+20,5.50908E+21,1.10605E+16,4.97159E+16
178747,9,3,75,165,2018,6,16,6,3,2,6,0,0,1,0,1,0,0,0,7.25676E+20,5.43972E+21,1.20899E+16,4.9069E+16
178748,9,6,76,116,2018,6,2,7,3,0,7,2,0,0,0,1,0,0,0,5.1904E+20,5.50607E+21,9.26407E+15,4.97069E+16
178749,9,3,62,0,2018,6,9,6,2,5,3,0,0,0,0,1,0,1,0,7.3057E+20,5.43114E+21,1.21519E+16,4.89901E+16
178750,9,1,62,0,2018,6,14,1,3,5,2,0,1,1,0,1,0,0,0,6.81252E+20,5.33949E+21,1.14385E+16,4.81828E+16
178751,9,5,62,0,2018,6,17,7,3,3,2,0,1,0,0,0,1,0,0,6.46632E+20,5.49563E+21,1.10291E+16,4.95955E+16
178752,9,3,73,147,2018,6,23,6,3,9,1,2,0,0,0,1,0,0,0,6.79802E+20,5.46203E+21,1.14725E+16,4.92845E+16
178753,9,1,62,0,2018,6,18,7,3,1,5,0,1,1,0,0,0,0,0,6.93477E+20,5.33628E+21,1.16013E+16,4.81503E+16
178754,9,3,72,116,2018,6,9,6,3,5,3,0,0,1,0,0,0,0,0,7.66861E+20,5.45634E+21,1.26637E+16,4.92017E+16
178755,9,2,71,125,2018,6,9,1,3,3,6,0,1,0,0,0,0,1,0,7.98333E+20,5.41355E+21,1.30633E+16,4.88033E+16
178756,9,3,71,156,2018,6,9,6,3,5,3,0,1,1,0,0,0,0,1,7.02464E+20,5.49922E+21,1.18027E+16,4.96116E+16
178757,9,2,76,142,2018,6,12,6,3,8,3,0,0,1,0,1,0,0,0,7.91617E+20,5.43325E+21,1.29861E+16,4.89832E+16
178758,9,5,62,0,2018,6,15,7,3,0,6,0,1,1,0,0,0,0,0,6.47497E+20,5.49604E+21,1.10412E+16,4.9599E+16
178759,9,2,77,128,2018,6,17,6,3,2,6,0,0,0,0,1,0,0,0,7.94869E+20,5.35051E+21,1.29717E+16,4.82392E+16
178760,9,2,74,126,2018,6,18,6,3,5,3,0,1,1,0,0,0,0,0,7.33537E+20,5.38221E+21,1.21647E+16,4.85495E+16
178761,9,2,61,0,2018,6,20,6,3,0,6,1,1,1,0,0,0,0,0,7.30867E+20,5.38269E+21,1.21288E+16,4.85547E+16
178762,9,5,62,0,2018,6,19,7,3,5,3,0,0,1,0,0,0,0,0,6.44292E+20,5.49506E+21,1.09965E+16,4.95908E+16
178763,9,2,73,111,2018,6,11,6,3,5,3,0,0,1,0,0,0,0,0,7.09097E+20,5.4109E+21,1.18484E+16,4.88159E+16
178764,9,1,62,0,2018,6,17,1,3,0,7,0,0,0,0,1,0,0,0,6.93829E+20,5.33464E+21,1.16053E+16,4.81354E+16
178765,9,5,62,0,2018,6,11,7,3,5,3,0,1,1,0,0,0,0,0,6.42243E+20,5.49438E+21,1.0968E+16,4.95852E+16
178766,9,1,90,139,2018,6,21,6,2,0,7,2,1,0,0,0,0,0,0,6.53531E+20,5.29438E+21,1.10497E+16,4.77845E+16
178767,9,1,90,139,2018,6,17,1,3,0,1,0,1,0,0,0,0,0,0,6.54706E+20,5.29506E+21,1.10656E+16,4.77903E+16
178768,9,1,62,0,2018,6,4,7,3,0,7,2,1,0,0,0,0,0,0,6.88522E+20,5.33645E+21,1.15349E+16,4.81533E+16
178769,9,1,90,159,2018,6,19,6,3,5,3,0,0,1,0,1,0,0,0,6.61462E+20,5.30502E+21,1.11595E+16,4.78782E+16
178770,9,1,90,117,2018,6,11,6,3,5,2,0,1,1,0,0,0,0,0,6.48977E+20,5.29077E+21,1.09877E+16,4.77531E+16
178771,9,5,76,126,2018,6,13,7,2,0,7,0,1,0,0,0,0,0,0,6.56493E+20,5.44564E+21,1.11458E+16,4.91437E+16
178772,9,1,73,118,2018,6,13,6,3,8,7,0,0,1,0,0,0,0,0,6.95435E+20,5.30624E+21,1.1614E+16,4.78797E+16
178773,9,7,61,0,2018,6,19,1,3,5,3,0,0,1,0,1,0,0,0,6.43767E+20,5.3581E+21,1.09409E+16,4.83597E+16
178774,9,5,74,164,2018,6,10,7,3,5,3,0,1,1,0,0,0,0,0,6.67061E+20,5.47316E+21,1.13021E+16,4.93882E+16
178775,9,1,72,118,2018,6,14,6,3,0,7,0,1,0,0,0,0,1,0,7.97395E+20,5.3058E+21,1.29745E+16,4.78366E+16
178776,9,7,79,131,2018,6,17,1,2,4,2,0,0,1,0,1,0,0,0,6.30399E+20,5.39737E+21,1.07728E+16,4.87157E+16
178777,9,5,64,0,2018,6,9,7,3,2,6,0,0,1,0,0,0,0,0,6.49869E+20,5.47923E+21,1.10676E+16,4.94473E+16
178778,9,1,87,159,2018,6,11,6,3,0,7,0,1,0,0,0,0,0,0,7.3143E+20,5.32694E+21,1.21059E+16,4.80537E+16
178779,9,1,82,129,2018,6,14,1,3,0,1,0,1,0,0,0,0,0,0,7.12399E+20,5.28217E+21,1.18288E+16,4.76581E+16
178780,9,1,82,116,2018,6,13,6,3,9,1,0,0,1,0,1,0,0,0,7.04617E+20,5.2931E+21,1.17304E+16,4.77588E+16
178781,9,1,87,130,2018,6,12,6,3,0,1,0,1,0,0,0,0,0,0,7.12858E+20,5.31019E+21,1.18487E+16,4.79097E+16
178782,9,5,64,0,2018,6,19,7,3,2,7,0,0,1,0,1,0,0,0,6.5028E+20,5.48004E+21,1.10736E+16,4.94544E+16
178783,9,1,61,0,2018,6,9,6,3,5,3,0,0,1,0,0,0,0,0,6.77378E+20,5.40529E+21,1.14144E+16,4.87753E+16
178784,9,6,63,0,2018,6,21,1,3,5,2,2,0,1,0,0,0,0,0,5.65988E+20,5.51652E+21,9.91692E+15,4.97975E+16
178785,9,1,85,140,2018,6,0,6,3,0,1,2,1,0,0,0,0,0,0,6.80645E+20,5.39626E+21,1.14548E+16,4.86932E+16
178786,9,1,62,0,2018,6,12,7,3,5,2,0,1,1,0,0,0,0,0,6.96649E+20,5.33802E+21,1.16448E+16,4.8165E+16
178787,9,1,85,125,2018,6,17,6,3,8,7,0,0,0,0,1,0,0,0,6.47847E+20,5.39695E+21,1.10097E+16,4.87081E+16
178788,9,1,81,130,2018,6,18,6,3,2,6,0,0,1,0,0,0,0,0,6.39246E+20,5.32422E+21,1.08687E+16,4.80561E+16
178789,9,1,79,121,2018,6,18,6,3,6,4,0,0,1,1,0,0,0,0,6.65332E+20,5.33656E+21,1.12234E+16,4.81607E+16
178790,9,1,88,144,2018,6,16,1,3,0,7,0,1,0,0,0,0,0,0,6.67915E+20,5.32707E+21,1.12543E+16,4.80748E+16
178791,9,1,81,114,2018,6,19,6,3,5,3,0,1,1,0,0,0,0,0,6.56852E+20,5.31293E+21,1.11007E+16,4.79504E+16
178792,9,1,74,115,2018,6,12,6,3,5,3,0,0,1,0,0,1,0,0,6.8094E+20,5.34719E+21,1.14376E+16,4.82521E+16
178793,9,1,79,121,2018,6,7,2,3,2,6,0,0,1,0,1,0,0,0,6.67313E+20,5.33783E+21,1.12505E+16,4.81716E+16
178794,9,5,64,0,2018,6,13,7,3,3,2,0,0,1,0,1,0,0,0,6.50669E+20,5.47844E+21,1.10784E+16,4.944E+16
178795,9,1,75,132,2018,6,10,6,3,2,2,0,0,1,0,1,0,0,0,7.07156E+20,5.33242E+21,1.17832E+16,4.81113E+16
178796,9,1,78,123,2018,6,16,6,3,0,1,0,1,0,0,0,0,0,0,6.90768E+20,5.35767E+21,1.15746E+16,4.83433E+16
178797,9,5,74,156,2018,6,22,1,2,4,5,2,1,0,0,0,0,0,0,6.60606E+20,5.48386E+21,1.12175E+16,4.94861E+16
178798,9,7,77,140,2018,6,17,7,3,0,1,0,0,0,0,1,0,0,0,6.2896E+20,5.31634E+21,1.07284E+16,4.79873E+16
178799,9,1,77,127,2018,6,13,6,2,8,1,0,0,0,0,1,0,0,0,7.25603E+20,5.34661E+21,1.20382E+16,4.82326E+16
178800,9,1,62,0,2018,5,19,5,3,1,5,0,1,1,0,0,0,0,1,6.82634E+20,5.33809E+21,1.14565E+16,4.81698E+16
178801,9,1,62,0,2018,5,10,5,2,3,6,0,1,0,0,0,0,0,0,6.91764E+20,5.34184E+21,1.15808E+16,4.82008E+16
178802,9,5,71,134,2018,6,18,7,3,4,6,0,0,1,0,0,0,1,0,5.86793E+20,5.4609E+21,1.01937E+16,4.92947E+16
178803,9,1,62,0,2018,5,9,5,2,3,2,0,1,1,0,0,0,0,0,6.86397E+20,5.33755E+21,1.15068E+16,4.81638E+16
178804,9,1,62,0,2018,6,11,1,2,2,6,0,1,0,0,0,0,0,0,6.89517E+20,5.33705E+21,1.15485E+16,4.81585E+16
178805,9,5,64,0,2018,6,16,7,3,1,7,0,1,1,0,0,0,0,0,6.5017E+20,5.47969E+21,1.1072E+16,4.94513E+16
178806,9,1,62,0,2018,5,22,5,3,5,3,2,0,1,0,0,0,0,0,6.94523E+20,5.33509E+21,1.16149E+16,4.81393E+16
178807,9,1,84,120,2018,5,16,5,3,1,1,0,0,1,0,0,0,0,0,6.81466E+20,5.33165E+21,1.1438E+16,4.81123E+16
178808,9,1,62,0,2018,6,13,1,3,5,3,0,1,1,0,0,0,0,0,6.90816E+20,5.33497E+21,1.1565E+16,4.81393E+16
178809,9,1,62,0,2018,5,10,5,3,5,3,0,1,0,0,0,0,0,0,6.87015E+20,5.34363E+21,1.15178E+16,4.82183E+16
178810,9,1,62,0,2018,5,10,5,3,0,1,0,1,0,0,0,0,0,0,6.97002E+20,5.3311E+21,1.16463E+16,4.81027E+16
178811,9,4,64,0,2018,6,15,1,2,0,7,0,1,0,0,0,0,0,0,7.07713E+20,5.579E+21,1.19183E+16,5.03265E+16
178812,9,1,62,0,2018,5,13,5,3,3,6,0,1,1,0,0,0,0,0,6.92714E+20,5.33412E+21,1.15901E+16,4.81312E+16
178813,9,1,62,0,2018,5,17,5,3,3,6,0,1,0,0,0,0,0,0,6.91693E+20,5.33617E+21,1.15773E+16,4.81499E+16
178814,9,1,62,0,2018,5,3,5,3,6,4,2,1,0,1,0,0,0,0,6.91088E+20,5.33514E+21,1.15687E+16,4.81408E+16
178815,9,7,75,135,2018,5,11,5,3,0,1,0,1,0,0,0,0,0,0,5.74273E+20,5.36049E+21,1.00033E+16,4.83932E+16
178816,9,7,75,139,2018,6,18,1,3,5,3,0,0,1,0,1,0,0,0,5.76343E+20,5.36766E+21,1.00326E+16,4.84574E+16
178817,9,7,80,133,2018,5,13,5,3,0,7,0,1,0,0,0,0,0,0,5.96995E+20,5.25085E+21,1.02856E+16,4.74039E+16
178818,9,1,90,118,2018,6,10,1,2,7,1,0,1,0,0,0,0,0,0,6.36818E+20,5.28925E+21,1.08251E+16,4.77421E+16
178819,9,7,80,115,2018,5,10,5,3,0,1,0,1,0,0,0,0,0,0,5.90763E+20,5.26277E+21,1.02054E+16,4.7512E+16
178820,9,7,73,143,2018,5,19,5,2,0,1,0,0,0,0,1,0,0,0,6.24206E+20,5.37418E+21,1.06817E+16,4.85084E+16
178821,9,2,73,172,2018,6,20,1,3,4,6,0,1,0,0,1,0,0,0,7.08538E+20,5.40297E+21,1.18368E+16,4.87448E+16
178822,9,7,72,184,2018,5,19,5,3,5,2,0,0,1,0,0,0,0,0,6.33662E+20,5.36016E+21,1.08052E+16,4.83805E+16
178823,9,7,71,142,2018,5,10,5,3,0,1,0,1,0,0,0,0,0,0,6.45049E+20,5.35201E+21,1.09561E+16,4.83047E+16
178824,9,6,79,147,2018,5,21,5,3,5,3,1,0,1,0,1,0,0,0,5.63199E+20,5.51532E+21,9.87798E+15,4.9787E+16
178825,9,7,72,209,2018,6,14,1,2,0,1,0,1,0,0,0,0,0,0,6.3525E+20,5.33603E+21,1.08189E+16,4.81631E+16
178826,9,6,63,0,2018,5,15,5,3,0,7,0,0,0,1,0,0,1,0,5.68283E+20,5.51552E+21,9.94863E+15,4.97882E+16
178827,9,1,61,0,2018,6,14,1,3,5,3,0,1,1,0,0,0,0,1,6.75868E+20,5.40651E+21,1.13943E+16,4.87867E+16
178828,9,6,63,0,2018,5,13,5,3,5,3,0,1,0,0,0,0,1,0,5.67069E+20,5.51486E+21,9.93165E+15,4.97825E+16
178829,9,6,63,0,2018,5,3,5,3,1,7,2,0,1,0,1,0,0,0,5.65513E+20,5.51539E+21,9.91013E+15,4.97874E+16
178830,9,1,62,0,2018,6,3,7,3,8,1,2,0,0,0,1,0,0,0,6.89185E+20,5.33299E+21,1.15422E+16,4.8122E+16
178831,9,6,77,131,2018,5,22,5,3,0,7,2,0,0,0,1,0,0,1,5.47851E+20,5.54558E+21,9.66853E+15,5.00605E+16
178832,9,6,76,139,2018,5,16,5,3,0,7,0,1,0,0,0,0,0,1,5.1671E+20,5.50602E+21,9.23175E+15,4.97065E+16
178833,9,6,71,130,2018,6,14,1,3,4,2,0,0,1,0,1,0,0,0,5.15195E+20,5.53874E+21,9.21203E+15,5.00008E+16
178834,9,6,76,145,2018,5,9,5,3,3,6,0,1,0,0,0,0,0,0,5.10849E+20,5.52156E+21,9.1509E+15,4.98464E+16
178835,9,7,61,0,2018,6,10,1,3,3,5,0,1,1,0,0,0,0,0,6.40414E+20,5.35918E+21,1.0896E+16,4.83702E+16
178836,9,5,62,0,2018,5,19,5,3,0,7,0,1,0,0,0,0,0,1,6.42977E+20,5.49503E+21,1.09783E+16,4.95909E+16
178837,9,1,74,141,2018,6,11,1,2,8,1,0,0,0,0,1,0,0,0,6.82596E+20,5.35724E+21,1.14642E+16,4.8342E+16
178838,9,5,63,0,2018,5,15,5,3,0,7,0,1,0,0,0,0,0,0,6.44907E+20,5.47963E+21,1.09994E+16,4.9452E+16
178839,9,5,64,0,2018,5,10,5,3,0,7,0,0,0,0,1,0,1,1,6.49323E+20,5.47888E+21,1.106E+16,4.94442E+16
178840,9,1,75,127,2018,6,22,2,3,1,5,2,1,1,0,0,0,0,0,7.13088E+20,5.34076E+21,1.18669E+16,4.81843E+16
178841,9,5,64,0,2018,5,17,5,3,4,7,0,1,1,0,0,0,0,1,6.50746E+20,5.48036E+21,1.10802E+16,4.94571E+16
178842,9,4,64,0,2018,5,13,5,3,0,1,0,1,0,0,0,0,0,0,7.05861E+20,5.58002E+21,1.18929E+16,5.03363E+16
178843,9,5,75,121,2018,6,10,1,3,4,6,0,0,1,0,1,0,0,0,6.21301E+20,5.49027E+21,1.06771E+16,4.95528E+16
178844,9,7,79,201,2018,6,11,7,3,5,3,0,1,1,0,0,0,0,0,6.40437E+20,5.3953E+21,1.09085E+16,4.86949E+16
178845,9,5,71,137,2018,5,20,5,3,0,7,1,1,0,0,0,0,0,0,5.94494E+20,5.45635E+21,1.02985E+16,4.92526E+16
178846,9,4,75,158,2018,5,1,5,3,6,7,2,0,0,1,0,0,1,0,7.08885E+20,5.57181E+21,1.19308E+16,5.02614E+16
178847,9,5,62,0,2018,6,8,3,2,3,2,0,1,0,0,0,1,0,0,6.47084E+20,5.4952E+21,1.10352E+16,4.95914E+16
178848,9,2,76,129,2018,6,13,4,3,0,7,0,0,1,0,0,0,0,0,8.03033E+20,5.43692E+21,1.31444E+16,4.90107E+16
178849,9,5,74,147,2018,6,18,3,2,0,1,0,1,0,0,0,0,0,0,6.80323E+20,5.48646E+21,1.14907E+16,4.9504E+16
178850,9,4,62,0,2018,6,18,4,3,5,3,0,1,1,0,0,0,0,0,6.84864E+20,5.53648E+21,1.15771E+16,4.9952E+16
178851,9,5,74,157,2018,6,22,3,3,5,3,2,0,1,0,0,0,0,0,6.62717E+20,5.46939E+21,1.12407E+16,4.93555E+16
178852,9,5,74,139,2018,6,12,3,2,5,3,0,0,0,0,1,1,0,0,6.64943E+20,5.47885E+21,1.12753E+16,4.944E+16
178853,9,2,61,0,2018,6,7,4,3,2,6,0,1,1,0,0,0,0,0,7.32344E+20,5.38192E+21,1.21483E+16,4.85473E+16
178854,9,5,63,0,2018,6,16,3,2,4,2,0,0,1,0,0,0,0,0,6.45108E+20,5.47963E+21,1.10021E+16,4.9452E+16
178855,9,5,64,0,2018,6,12,3,2,9,1,0,0,0,0,1,0,0,0,6.49278E+20,5.47916E+21,1.10595E+16,4.94467E+16
178856,9,2,61,0,2018,6,19,4,3,5,3,0,1,0,0,0,0,0,1,7.3286E+20,5.38111E+21,1.21549E+16,4.85398E+16
178857,9,5,64,0,2018,6,7,3,3,2,6,0,0,1,0,0,0,0,0,6.50644E+20,5.47917E+21,1.10783E+16,4.94465E+16
178858,9,5,64,0,2018,6,16,3,2,5,3,0,1,1,0,0,0,0,0,6.52175E+20,5.48066E+21,1.11E+16,4.94595E+16
178859,9,3,72,171,2018,6,14,4,3,0,7,0,1,0,0,0,0,0,0,7.68911E+20,5.47651E+21,1.27053E+16,4.93818E+16
178860,9,5,64,0,2018,6,16,3,3,5,3,0,1,0,1,0,0,0,0,6.45759E+20,5.47917E+21,1.1011E+16,4.94477E+16
178861,9,2,74,126,2018,6,17,4,3,0,7,0,1,0,0,0,0,0,0,7.34098E+20,5.38511E+21,1.21739E+16,4.85753E+16
178862,9,4,61,0,2018,6,10,4,3,4,7,0,1,1,0,0,0,0,0,6.35901E+20,5.52912E+21,1.08924E+16,4.98991E+16
178863,9,5,64,0,2018,6,12,3,3,5,3,0,0,0,0,0,1,0,0,6.48978E+20,5.47432E+21,1.10535E+16,4.94033E+16
178864,9,5,64,0,2018,6,5,3,3,3,6,0,0,1,0,1,0,0,0,6.51095E+20,5.47948E+21,1.10846E+16,4.94492E+16
178865,9,2,74,194,2018,6,12,4,3,5,3,0,0,1,0,0,0,1,0,7.21146E+20,5.3789E+21,1.19952E+16,4.85242E+16
178866,9,5,64,0,2018,6,7,3,3,5,2,0,1,1,0,0,0,0,0,6.51624E+20,5.47808E+21,1.10914E+16,4.94365E+16
178867,9,1,90,157,2018,6,17,4,3,0,3,0,0,1,0,1,0,0,1,6.61504E+20,5.30148E+21,1.11587E+16,4.78463E+16
178868,9,5,64,0,2018,6,7,3,3,4,6,0,1,0,0,0,0,1,0,6.48924E+20,5.47928E+21,1.10546E+16,4.94479E+16
178869,9,5,73,134,2018,6,18,3,3,4,6,0,1,0,0,0,0,0,0,6.404E+20,5.47766E+21,1.09365E+16,4.94354E+16
178870,9,3,62,0,2018,6,16,4,3,5,3,0,1,1,0,0,0,0,0,7.25207E+20,5.43434E+21,1.20805E+16,4.90208E+16
178871,9,5,77,173,2018,6,18,3,3,4,2,0,0,1,0,0,0,0,0,6.42353E+20,5.42573E+21,1.0945E+16,4.89681E+16
178872,9,1,73,135,2018,6,13,4,3,5,3,0,1,1,0,0,0,0,0,6.93301E+20,5.28488E+21,1.15759E+16,4.76884E+16
178873,9,5,71,193,2018,6,19,3,3,7,6,0,0,1,0,0,0,0,0,5.86555E+20,5.46937E+21,1.01923E+16,4.93709E+16
178874,9,1,89,140,2018,6,17,4,3,0,7,0,1,0,0,0,0,0,0,7.72225E+20,5.29358E+21,1.26312E+16,4.77381E+16
178875,9,5,64,0,2018,6,14,4,3,4,6,0,1,0,0,0,0,0,0,6.49026E+20,5.47902E+21,1.10559E+16,4.94456E+16
178876,9,4,63,0,2018,6,17,3,2,4,1,0,1,1,0,0,0,0,0,6.40029E+20,5.57035E+21,1.09649E+16,5.02687E+16
178877,9,1,63,0,2018,6,14,4,3,5,2,0,1,1,0,0,0,0,0,7.31371E+20,5.30409E+21,1.20928E+16,4.78484E+16
178878,9,6,74,159,2018,6,20,4,2,5,3,0,1,1,0,0,0,0,0,6.14381E+20,5.53452E+21,1.05944E+16,4.9952E+16
178879,9,4,63,0,2018,6,7,3,3,0,7,0,1,1,0,0,0,0,0,6.40051E+20,5.56996E+21,1.09651E+16,5.02652E+16
178880,9,4,73,120,2018,6,20,3,3,5,2,0,1,1,0,0,0,0,0,6.41863E+20,5.57212E+21,1.09913E+16,5.02841E+16
178881,9,2,78,170,2018,6,19,4,2,4,6,0,0,1,0,1,0,0,0,7.6159E+20,5.42601E+21,1.25719E+16,4.89316E+16
178882,9,4,72,115,2018,6,18,3,3,0,3,0,1,1,0,0,0,0,0,6.59706E+20,5.52845E+21,1.12233E+16,4.98871E+16
178883,9,1,61,0,2018,6,19,4,3,0,7,0,1,0,0,0,0,0,0,6.78821E+20,5.40528E+21,1.1434E+16,4.87748E+16
178884,9,4,62,0,2018,6,16,3,3,5,6,0,1,0,0,0,0,0,0,6.85343E+20,5.53452E+21,1.15828E+16,4.99343E+16
178885,9,1,61,0,2018,6,17,4,3,5,3,0,1,1,0,0,0,0,0,6.76552E+20,5.40596E+21,1.14034E+16,4.87816E+16
178886,9,4,62,0,2018,6,10,3,3,5,3,0,0,1,0,1,0,0,0,6.86275E+20,5.53327E+21,1.15952E+16,4.99228E+16
178887,9,5,77,136,2018,6,9,4,2,5,2,0,1,1,0,0,0,0,0,6.28356E+20,5.44225E+21,1.07591E+16,4.91197E+16
178888,9,4,62,0,2018,6,13,3,3,3,2,0,0,1,0,1,0,0,0,6.87269E+20,5.53761E+21,1.16111E+16,4.99614E+16
178889,9,4,74,126,2018,6,15,3,3,0,7,0,1,1,0,0,0,0,0,6.48636E+20,5.50844E+21,1.10617E+16,4.97101E+16
178890,9,1,61,0,2018,6,20,4,3,1,6,0,0,1,0,1,0,1,0,6.77807E+20,5.40526E+21,1.14202E+16,4.87749E+16
178891,9,4,61,0,2018,6,8,3,3,4,6,0,1,0,0,0,0,0,0,6.34467E+20,5.52924E+21,1.08725E+16,4.99004E+16
178892,9,3,75,196,2018,6,11,3,3,0,6,0,0,1,0,0,0,0,0,7.30436E+20,5.4133E+21,1.214E+16,4.88299E+16
178893,9,3,62,0,2018,6,9,3,3,0,6,0,1,0,0,0,0,0,0,7.23305E+20,5.43337E+21,1.2054E+16,4.90128E+16
178894,9,3,62,0,2018,6,17,3,3,2,6,0,0,1,0,0,0,0,0,7.29484E+20,5.43289E+21,1.21381E+16,4.90062E+16
178895,9,1,61,0,2018,6,18,4,2,6,6,0,1,0,1,0,0,0,0,6.78223E+20,5.40532E+21,1.14259E+16,4.87754E+16
178896,9,3,62,0,2018,6,18,3,3,9,1,0,1,0,0,0,0,0,0,7.26541E+20,5.43515E+21,1.20992E+16,4.90276E+16