OBJECTID_1,ULAND,UREGBEZ,UKREIS,UGEMEINDE,UJAHR,UMONAT,USTUNDE,UWOCHENTAG,UKATEGORIE,UART,UTYP1,ULICHTVERH,IstRad,IstPKW,IstFuss,IstKrad,IstGkfz,IstSonstig,STRZUSTAND,LINREFX,LINREFY,XGCSWGS84,YGCSWGS84
178897,9,1,85,140,2018,6,13,4,3,5,3,0,0,1,0,1,0,0,0,6.80507E+20,5.39649E+21,1.1453E+16,4.86953E+16
178898,9,3,73,147,2018,6,20,3,3,0,1,0,1,0,0,0,0,0,0,6.79378E+20,5.46054E+21,1.1466E+16,4.92713E+16
178899,9,4,74,140,2018,6,5,4,3,7,7,0,0,1,0,0,0,0,0,6.60035E+20,5.49745E+21,1.12152E+16,4.96084E+16
178900,9,3,76,161,2018,6,15,3,2,9,1,0,0,0,0,1,0,0,0,7.27387E+20,5.46841E+21,1.21295E+16,4.9326E+16
178901,9,3,61,0,2018,6,7,3,2,3,2,0,1,1,0,0,0,0,0,7.06107E+20,5.48071E+21,1.18434E+16,4.94441E+16
178902,9,1,86,143,2018,6,15,4,3,4,6,0,1,0,0,0,0,0,0,6.84423E+20,5.37789E+21,1.1498E+16,4.8527E+16
178903,9,2,63,0,2018,6,7,3,2,5,3,0,1,1,0,0,0,0,0,7.65645E+20,5.42126E+21,1.2624E+16,4.88873E+16
178904,9,1,85,149,2018,6,17,4,3,1,7,0,0,1,0,1,0,0,0,6.60563E+20,5.40033E+21,1.11837E+16,4.87352E+16
178905,9,2,71,119,2018,6,7,3,2,5,3,0,1,1,0,0,0,0,0,7.91171E+20,5.41828E+21,1.29693E+16,4.88491E+16
178906,9,2,75,125,2018,6,15,3,3,4,6,0,0,1,0,0,0,0,0,8.05381E+20,5.38315E+21,1.31366E+16,4.85271E+16
178907,9,2,74,126,2018,6,13,3,3,0,7,0,1,0,0,0,0,1,0,7.3382E+20,5.38317E+21,1.2169E+16,4.8558E+16
178908,9,1,86,122,2018,6,9,4,2,0,1,0,1,1,0,0,0,0,0,6.92349E+20,5.39567E+21,1.16134E+16,4.86844E+16
178909,9,2,79,130,2018,6,15,3,3,5,2,0,0,1,0,0,0,0,0,7.49053E+20,5.39005E+21,1.23792E+16,4.86139E+16
178910,9,1,73,126,2018,6,12,3,1,0,7,0,1,0,1,0,0,0,0,6.85228E+20,5.30348E+21,1.14764E+16,4.7858E+16
178911,9,3,74,117,2018,6,17,4,2,5,7,0,1,1,0,0,0,0,0,7.04781E+20,5.51372E+21,1.18423E+16,4.97411E+16
178912,9,1,73,140,2018,6,11,3,3,0,1,0,1,0,0,0,0,0,0,6.9673E+20,5.29327E+21,1.16254E+16,4.77628E+16
178913,9,1,89,129,2018,6,13,3,3,3,6,0,1,0,0,0,0,0,0,7.59587E+20,5.29581E+21,1.24643E+16,4.77634E+16
178914,9,1,79,142,2018,6,10,4,3,0,1,0,1,0,0,0,0,0,0,6.72984E+20,5.34303E+21,1.13288E+16,4.82169E+16
178915,9,1,63,0,2018,6,17,3,3,5,3,0,0,1,0,1,0,0,0,7.30867E+20,5.30405E+21,1.2086E+16,4.78483E+16
178916,9,1,88,120,2018,6,7,4,3,0,2,0,1,0,0,0,0,0,0,6.77761E+20,5.32629E+21,1.13861E+16,4.80651E+16
178917,9,6,63,0,2018,6,16,4,3,6,4,0,0,1,1,0,0,0,0,5.67421E+20,5.51617E+21,9.93676E+15,4.97942E+16
178918,9,1,63,0,2018,6,18,3,3,5,3,0,0,1,0,0,0,1,0,7.33322E+20,5.30529E+21,1.21195E+16,4.78585E+16
178919,9,1,63,0,2018,6,10,3,3,5,2,0,1,1,0,0,0,0,0,7.31444E+20,5.30419E+21,1.20938E+16,4.78493E+16
178920,9,3,76,153,2018,6,18,4,2,5,3,0,0,1,0,1,0,0,0,7.30523E+20,5.48824E+21,1.21841E+16,4.95029E+16
178921,9,1,63,0,2018,6,8,3,3,1,7,0,1,1,0,0,0,0,0,7.32425E+20,5.30438E+21,1.2107E+16,4.78507E+16
178922,9,1,87,122,2018,6,7,3,3,0,1,0,1,0,0,0,0,0,0,7.17275E+20,5.30599E+21,1.19056E+16,4.78704E+16
178923,9,3,75,190,2018,6,13,4,3,0,1,0,1,0,0,0,0,0,0,7.27442E+20,5.44581E+21,1.21175E+16,4.9123E+16
178924,9,1,61,0,2018,6,17,3,3,7,7,0,0,0,0,1,0,0,0,6.74887E+20,5.4023E+21,1.13792E+16,4.87492E+16
178925,9,1,78,130,2018,6,15,4,2,5,3,0,0,1,0,1,0,0,0,7.02487E+20,5.357E+21,1.17323E+16,4.83337E+16
178926,9,1,86,139,2018,6,15,3,3,0,7,0,0,1,1,0,0,0,0,6.97848E+20,5.40506E+21,1.16926E+16,4.87671E+16
178927,9,1,78,124,2018,6,5,4,2,5,3,0,1,1,0,0,0,0,0,7.0456E+20,5.36391E+21,1.17636E+16,4.83952E+16
178928,9,5,74,112,2018,6,8,4,3,5,2,0,0,1,0,1,0,0,0,6.70281E+20,5.47516E+21,1.13473E+16,4.94053E+16
178929,9,1,76,121,2018,6,19,3,3,0,3,0,1,1,0,0,0,0,0,6.52053E+20,5.41464E+21,1.10734E+16,4.88661E+16
178930,9,1,76,114,2018,6,13,3,3,0,1,0,1,0,0,0,0,0,0,6.80678E+20,5.43444E+21,1.14721E+16,4.90363E+16
178931,9,1,88,139,2018,6,16,3,3,0,1,0,1,0,0,0,0,0,0,6.78533E+20,5.32057E+21,1.1394E+16,4.80135E+16
178932,9,1,79,118,2018,6,13,3,3,0,1,0,1,0,0,0,0,0,0,6.73608E+20,5.33806E+21,1.13352E+16,4.8172E+16
178933,9,1,75,121,2018,6,13,4,3,0,1,0,0,0,0,1,0,0,0,7.14579E+20,5.31722E+21,1.18751E+16,4.79723E+16
178934,9,1,79,142,2018,6,16,3,3,5,2,0,1,1,0,0,0,0,0,6.72912E+20,5.34195E+21,1.13274E+16,4.82072E+16
178935,9,1,62,0,2018,6,13,3,3,5,2,0,0,1,0,0,0,0,0,6.96945E+20,5.33069E+21,1.16453E+16,4.8099E+16
178936,9,1,84,149,2018,6,11,3,3,5,3,0,1,1,0,0,0,0,0,6.90624E+20,5.34981E+21,1.15691E+16,4.82728E+16
178937,9,1,88,132,2018,6,7,3,3,4,6,0,1,1,0,0,0,0,0,6.65396E+20,5.32314E+21,1.1219E+16,4.80401E+16
178938,9,1,62,0,2018,6,7,3,3,3,2,0,1,1,0,0,0,0,0,6.89696E+20,5.33457E+21,1.15498E+16,4.8136E+16
178939,9,1,79,123,2018,6,8,3,3,0,7,0,0,0,1,0,0,1,0,6.76677E+20,5.33431E+21,1.13749E+16,4.81375E+16
178940,9,5,64,0,2018,6,10,4,3,0,3,0,0,1,0,0,0,1,0,6.49875E+20,5.47817E+21,1.10673E+16,4.94377E+16
178941,9,1,88,127,2018,6,11,3,2,5,3,0,1,1,0,0,0,0,0,6.76632E+20,5.32931E+21,1.13722E+16,4.80925E+16
178942,9,1,74,115,2018,6,20,3,3,6,6,0,1,0,1,0,0,0,0,6.8131E+20,5.34741E+21,1.14427E+16,4.82539E+16
178943,9,1,62,0,2018,6,21,3,2,3,6,0,0,1,0,1,0,0,0,6.86214E+20,5.33491E+21,1.15032E+16,4.81401E+16
178944,9,1,77,133,2018,6,8,3,3,5,3,0,0,1,0,0,0,0,0,7.06436E+20,5.35961E+21,1.17867E+16,4.83559E+16
178945,9,1,78,120,2018,6,8,3,3,5,2,0,0,1,0,1,0,0,0,6.94832E+20,5.35277E+21,1.16271E+16,4.82981E+16
178946,9,1,62,0,2018,6,6,3,3,5,2,0,1,1,0,0,0,0,0,6.91183E+20,5.34033E+21,1.15724E+16,4.81875E+16
178947,9,1,77,117,2018,6,23,3,3,5,3,2,0,1,0,0,0,0,0,7.14838E+20,5.35338E+21,1.18969E+16,4.82971E+16
178948,9,1,75,122,2018,6,14,3,3,5,3,0,1,1,0,0,0,0,0,7.20132E+20,5.32485E+21,1.19534E+16,4.80389E+16
178949,9,4,71,140,2018,6,15,4,3,5,3,0,0,1,0,0,0,0,0,6.35727E+20,5.53217E+21,1.0891E+16,4.99265E+16
178950,9,1,62,0,2018,6,10,2,3,2,6,0,0,1,0,1,0,0,0,6.92236E+20,5.33716E+21,1.15851E+16,4.81586E+16
178951,9,1,62,0,2018,6,10,2,3,5,2,0,0,1,0,0,0,0,0,6.93311E+20,5.33524E+21,1.15986E+16,4.8141E+16
178952,9,1,84,132,2018,6,17,2,3,0,6,0,1,1,0,0,0,0,0,6.83487E+20,5.3295E+21,1.14642E+16,4.80923E+16
178953,9,4,76,164,2018,6,16,4,3,2,6,0,0,0,0,1,1,0,0,6.62674E+20,5.57963E+21,1.12864E+16,5.03462E+16
178954,9,1,62,0,2018,6,11,2,3,0,7,0,1,0,0,0,0,0,0,6.93161E+20,5.33415E+21,1.15961E+16,4.81313E+16
178955,9,1,62,0,2018,6,10,2,3,3,6,0,1,0,0,0,0,0,0,6.92393E+20,5.33713E+21,1.15872E+16,4.81583E+16
178956,9,1,84,130,2018,6,18,3,3,3,2,0,0,1,0,1,0,0,0,6.98941E+20,5.34568E+21,1.16791E+16,4.82331E+16
178957,9,1,62,0,2018,6,10,2,3,5,3,0,0,1,0,1,0,0,0,6.91887E+20,5.33834E+21,1.15809E+16,4.81693E+16
178958,9,1,62,0,2018,6,16,2,3,5,3,0,1,1,0,0,0,0,0,6.91184E+20,5.33417E+21,1.15696E+16,4.8132E+16
178959,9,1,62,0,2018,6,0,3,3,0,3,2,0,1,0,0,0,1,0,6.98283E+20,5.33178E+21,1.16638E+16,4.81084E+16
178960,9,1,62,0,2018,6,22,2,3,5,2,2,0,1,0,0,0,0,0,6.8942E+20,5.33716E+21,1.15472E+16,4.81595E+16
178961,9,1,62,0,2018,6,13,2,3,5,7,0,1,1,0,0,0,0,0,6.87334E+20,5.33896E+21,1.152E+16,4.81762E+16
178962,9,3,62,0,2018,6,14,4,3,5,3,0,1,1,0,0,0,0,0,7.282E+20,5.43184E+21,1.212E+16,4.89973E+16
178963,9,1,62,0,2018,6,19,2,3,5,3,1,1,0,0,0,0,0,0,6.91946E+20,5.33191E+21,1.15788E+16,4.81115E+16
178964,9,1,62,0,2018,6,21,2,3,3,2,1,1,1,0,0,0,0,0,6.88552E+20,5.33631E+21,1.15352E+16,4.81521E+16
178965,9,1,62,0,2018,6,21,3,3,4,7,2,0,1,0,1,0,0,0,6.90401E+20,5.33474E+21,1.15593E+16,4.81374E+16
178966,9,1,62,0,2018,6,17,2,3,4,2,0,0,1,0,0,0,0,0,6.92683E+20,5.34196E+21,1.15933E+16,4.82016E+16
178967,9,1,62,0,2018,6,19,3,3,3,2,0,1,1,0,0,0,0,0,6.80201E+20,5.33708E+21,1.14234E+16,4.81614E+16
178968,9,1,62,0,2018,6,16,3,3,6,4,0,0,1,1,0,0,0,0,6.85599E+20,5.3351E+21,1.1495E+16,4.8142E+16
178969,9,1,84,148,2018,6,21,2,3,0,1,1,1,0,0,0,0,0,0,6.93646E+20,5.32709E+21,1.15994E+16,4.80677E+16
178970,9,1,62,0,2018,6,8,3,3,5,2,0,0,1,0,1,0,0,0,6.84073E+20,5.33508E+21,1.14745E+16,4.81423E+16
178971,9,1,62,0,2018,6,9,2,2,5,2,0,1,1,0,0,0,0,0,6.97271E+20,5.33228E+21,1.16504E+16,4.81132E+16
178972,9,1,62,0,2018,6,12,2,3,4,7,0,1,0,0,0,0,0,0,6.89651E+20,5.33297E+21,1.15485E+16,4.81218E+16
178973,9,3,62,0,2018,6,19,4,3,5,3,0,1,1,0,0,0,0,0,7.23547E+20,5.43373E+21,1.20575E+16,4.90159E+16
178974,9,1,62,0,2018,6,7,2,2,0,7,0,1,0,0,0,0,0,0,6.89552E+20,5.33157E+21,1.15465E+16,4.81092E+16
178975,9,1,62,0,2018,6,18,3,3,3,3,0,1,1,0,0,0,0,0,6.88014E+20,5.33961E+21,1.15294E+16,4.81819E+16
178976,9,1,62,0,2018,6,9,2,3,5,2,0,1,1,0,0,0,0,0,6.9192E+20,5.33388E+21,1.15794E+16,4.81292E+16
178977,9,1,62,0,2018,6,17,3,3,3,6,0,1,0,0,0,0,0,0,6.907E+20,5.33817E+21,1.15649E+16,4.81682E+16
178978,9,5,64,0,2018,6,11,4,3,0,7,0,0,0,0,0,0,1,0,6.54086E+20,5.47898E+21,1.11257E+16,4.9444E+16
178979,9,1,62,0,2018,6,9,2,3,5,2,0,1,0,0,1,0,0,0,6.9036E+20,5.33388E+21,1.15584E+16,4.81297E+16
178980,9,1,62,0,2018,6,17,2,3,3,6,0,1,0,0,0,0,0,0,6.90193E+20,5.339E+21,1.15585E+16,4.81758E+16
178981,9,6,75,114,2018,6,22,4,3,0,7,2,0,0,0,1,0,0,1,5.82055E+20,5.51294E+21,1.01394E+16,4.97633E+16
178982,9,1,62,0,2018,6,22,2,3,5,2,2,0,1,0,0,0,0,0,6.92905E+20,5.33855E+21,1.15947E+16,4.81709E+16
178983,9,7,64,0,2018,6,13,2,3,5,3,0,1,1,0,0,0,0,0,5.87644E+20,5.3151E+21,1.01746E+16,4.79832E+16
178984,9,2,63,0,2018,6,7,4,3,6,4,0,0,1,1,0,0,0,0,7.6179E+20,5.42077E+21,1.25712E+16,4.88845E+16
178985,9,7,75,162,2018,6,7,2,3,4,2,0,0,1,0,0,0,0,0,5.78274E+20,5.35045E+21,1.00555E+16,4.83024E+16
178986,9,1,62,0,2018,6,18,3,3,4,2,0,1,0,0,0,0,0,0,6.88589E+20,5.33568E+21,1.15354E+16,4.81464E+16
178987,9,7,78,116,2018,6,18,2,2,5,3,0,1,1,0,0,0,0,0,6.19194E+20,5.32002E+21,1.05986E+16,4.80223E+16
178988,9,1,62,0,2018,6,17,3,3,0,7,0,0,1,0,1,0,0,0,6.85852E+20,5.3344E+21,1.14981E+16,4.81357E+16
178989,9,7,80,112,2018,6,16,2,2,0,7,0,1,0,0,0,0,0,0,5.95862E+20,5.29429E+21,1.028E+16,4.77948E+16
178990,9,5,61,0,2018,6,11,4,3,7,7,0,0,1,0,0,0,0,0,6.15597E+20,5.46269E+21,1.05902E+16,4.9306E+16
178991,9,7,63,0,2018,6,10,2,3,4,2,0,1,1,0,0,0,0,0,5.98618E+20,5.28732E+21,1.03152E+16,4.77317E+16
178992,9,7,80,125,2018,6,13,2,3,1,5,0,1,1,0,0,0,0,0,6.00092E+20,5.29147E+21,1.03359E+16,4.77688E+16
178993,9,1,62,0,2018,6,9,3,3,5,2,0,1,0,0,0,0,0,0,6.9332E+20,5.33322E+21,1.15979E+16,4.81228E+16
178994,9,7,77,118,2018,6,7,2,3,5,3,0,0,1,0,1,0,0,0,6.29011E+20,5.29863E+21,1.07238E+16,4.78281E+16
178995,9,7,76,116,2018,6,16,2,3,4,2,0,1,1,0,0,0,0,0,5.50319E+20,5.26763E+21,9.66889E+15,4.75601E+16
178996,9,1,62,0,2018,6,16,3,3,3,2,0,1,1,0,0,0,0,0,6.89102E+20,5.33495E+21,1.1542E+16,4.81397E+16
178997,9,7,63,0,2018,6,16,2,3,4,5,0,0,1,0,1,0,0,0,5.9759E+20,5.2882E+21,1.03017E+16,4.77398E+16
178998,9,7,63,0,2018,6,18,2,3,2,6,0,0,1,0,0,0,0,0,5.9891E+20,5.28681E+21,1.0319E+16,4.77271E+16
178999,9,1,62,0,2018,6,22,3,3,5,3,2,1,1,0,0,0,0,0,6.89126E+20,5.33474E+21,1.15422E+16,4.81378E+16
179000,9,7,77,152,2018,6,13,2,3,0,1,0,1,0,0,0,0,0,0,6.25024E+20,5.30536E+21,1.06725E+16,4.78894E+16
179001,9,1,62,0,2018,6,12,3,3,0,7,0,0,0,0,0,0,1,0,6.9175E+20,5.33541E+21,1.15778E+16,4.8143E+16
179002,9,7,80,145,2018,6,18,2,2,0,1,0,1,0,0,0,0,0,1,6.07004E+20,5.27315E+21,1.04236E+16,4.7603E+16
179003,9,4,74,154,2018,6,17,4,3,5,3,0,0,1,0,1,0,0,0,6.54211E+20,5.49774E+21,1.11347E+16,4.96125E+16
179004,9,7,77,121,2018,6,17,2,3,5,3,0,1,1,0,0,0,0,0,6.28817E+20,5.32118E+21,1.07279E+16,4.80309E+16
179005,9,7,79,155,2018,6,16,2,3,5,3,0,0,1,0,0,0,0,0,6.22223E+20,5.40271E+21,1.06633E+16,4.87654E+16
179006,9,1,62,0,2018,6,10,3,3,8,1,0,1,0,0,0,0,0,0,6.91631E+20,5.33539E+21,1.15762E+16,4.81429E+16
179007,9,7,72,177,2018,6,19,2,3,5,3,0,1,0,0,0,0,0,0,6.36786E+20,5.37689E+21,1.08528E+16,4.85302E+16
179008,9,7,61,0,2018,6,17,2,3,0,1,0,1,0,0,0,0,0,0,6.39173E+20,5.3608E+21,1.08798E+16,4.8385E+16
179009,9,7,75,139,2018,6,0,3,3,1,7,2,1,0,0,0,0,1,0,5.78349E+20,5.36559E+21,1.00593E+16,4.84386E+16
179010,9,7,61,0,2018,6,16,2,3,1,7,0,0,1,1,0,0,0,0,6.38214E+20,5.3555E+21,1.08651E+16,4.83376E+16
179011,9,6,78,168,2018,6,8,2,3,0,6,0,1,0,0,1,0,0,0,5.83842E+20,5.54999E+21,1.01722E+16,5.00962E+16
179012,9,3,75,156,2018,6,11,4,3,6,5,0,0,1,1,0,0,0,0,7.15633E+20,5.44972E+21,1.19579E+16,4.91623E+16
179013,9,6,76,112,2018,6,16,2,3,2,6,0,0,1,0,0,0,1,0,5.15874E+20,5.4988E+21,9.21987E+15,4.96415E+16
179014,9,6,76,165,2018,6,18,2,3,0,6,0,1,0,0,0,0,0,0,5.17257E+20,5.50116E+21,9.23912E+15,4.96627E+16
179015,9,4,61,0,2018,6,19,4,3,0,7,0,1,0,0,0,0,0,0,6.37418E+20,5.52876E+21,1.09134E+16,4.98954E+16
179016,9,6,76,139,2018,6,18,2,3,0,1,0,1,0,0,0,0,0,0,5.18412E+20,5.50544E+21,9.25534E+15,4.97012E+16
179017,9,6,71,122,2018,6,17,2,3,0,3,0,1,1,0,0,0,0,0,5.02949E+20,5.53137E+21,9.04109E+15,4.99347E+16
179018,9,7,75,135,2018,6,17,3,3,1,6,0,1,0,0,1,0,0,0,5.76553E+20,5.36214E+21,1.00344E+16,4.84078E+16
179019,9,6,61,0,2018,6,16,2,3,0,3,0,0,1,0,0,0,1,0,5.08496E+20,5.53394E+21,9.11845E+15,4.99578E+16
179020,9,7,64,0,2018,6,7,3,3,4,7,0,1,1,0,0,0,0,0,5.87882E+20,5.31542E+21,1.01778E+16,4.79861E+16
179021,9,6,71,111,2018,6,21,2,3,1,1,1,1,1,0,0,0,0,0,5.08312E+20,5.55153E+21,9.11627E+15,5.0116E+16
179022,9,5,62,0,2018,6,12,2,3,1,7,0,1,1,0,0,0,0,0,6.45101E+20,5.49465E+21,1.10076E+16,4.9587E+16
179023,9,3,62,0,2018,6,11,4,2,3,2,0,1,0,0,0,1,0,0,7.28324E+20,5.43538E+21,1.21237E+16,4.9029E+16
179024,9,5,62,0,2018,6,14,2,3,0,7,0,1,0,0,0,0,0,0,6.45804E+20,5.49484E+21,1.10174E+16,4.95886E+16
179025,9,7,64,0,2018,6,11,3,2,0,7,0,1,0,0,0,0,0,0,5.87251E+20,5.3148E+21,1.01692E+16,4.79806E+16
179026,9,5,74,123,2018,6,7,2,3,2,3,0,0,1,0,1,0,0,0,6.60039E+20,5.47147E+21,1.12047E+16,4.93749E+16
179027,9,7,64,0,2018,6,7,3,3,0,7,0,1,0,0,0,0,0,0,5.87545E+20,5.31569E+21,1.01733E+16,4.79885E+16
179028,9,5,64,0,2018,6,19,2,3,5,2,0,0,1,0,0,0,0,0,6.48543E+20,5.47982E+21,1.10496E+16,4.94529E+16
179029,9,7,78,157,2018,6,14,3,2,9,1,0,0,0,0,1,0,0,0,5.97946E+20,5.33066E+21,1.03161E+16,4.81217E+16
179030,9,6,76,118,2018,6,7,4,3,5,7,0,0,0,0,0,1,1,0,5.28686E+20,5.51388E+21,9.39843E+15,4.97767E+16
179031,9,5,64,0,2018,6,7,2,3,5,2,0,1,1,0,0,0,0,0,6.52463E+20,5.47835E+21,1.11031E+16,4.94387E+16
179032,9,5,64,0,2018,6,19,2,3,9,1,0,0,1,0,0,0,0,0,6.47858E+20,5.48417E+21,1.10418E+16,4.94921E+16
179033,9,2,76,126,2018,6,18,4,3,8,1,0,1,0,0,0,0,0,0,8.09892E+20,5.42132E+21,1.32261E+16,4.88673E+16
179034,9,5,64,0,2018,6,16,2,3,5,2,0,0,1,0,1,0,0,0,6.4511E+20,5.48735E+21,1.1005E+16,4.95214E+16
179035,9,7,75,129,2018,6,16,3,3,5,3,0,1,1,0,0,0,0,0,5.80377E+20,5.34449E+21,1.00827E+16,4.82486E+16
179036,9,5,64,0,2018,6,8,2,3,2,6,0,0,1,0,0,1,0,0,6.49287E+20,5.47574E+21,1.10583E+16,4.9416E+16
179037,9,7,76,120,2018,6,13,3,3,0,7,0,1,0,0,0,0,0,0,5.45721E+20,5.26934E+21,9.60796E+15,4.75759E+16
179038,9,5,64,0,2018,6,7,2,3,4,2,0,1,0,0,0,0,1,0,6.51036E+20,5.47854E+21,1.10835E+16,4.94407E+16
179039,9,4,79,169,2018,6,14,4,3,0,1,0,0,0,0,1,0,0,0,7.16834E+20,5.54763E+21,1.20284E+16,5.00414E+16
179040,9,5,64,0,2018,6,16,2,3,5,3,0,1,1,0,0,0,0,0,6.5248E+20,5.47867E+21,1.11034E+16,4.94416E+16
179041,9,5,64,0,2018,6,19,2,3,0,1,0,0,0,0,1,0,0,0,6.48827E+20,5.48154E+21,1.10541E+16,4.94682E+16
179042,9,7,79,194,2018,6,12,3,3,0,7,0,1,0,0,0,0,0,0,6.10508E+20,5.41085E+21,1.05061E+16,4.88408E+16
179043,9,5,64,0,2018,6,11,4,3,6,4,0,0,1,1,0,0,0,0,6.50848E+20,5.47573E+21,1.10798E+16,4.94155E+16
179044,9,5,64,0,2018,6,8,2,3,5,2,0,0,1,0,1,0,0,0,6.4663E+20,5.48178E+21,1.10239E+16,4.9471E+16
179045,9,5,73,127,2018,6,16,2,3,5,3,0,0,1,0,0,0,0,0,6.45596E+20,5.4746E+21,1.1007E+16,4.94067E+16
179046,9,7,79,131,2018,6,15,3,2,8,1,0,0,0,0,1,0,0,0,6.28762E+20,5.39957E+21,1.07512E+16,4.87358E+16
179047,9,5,77,141,2018,6,12,2,3,5,2,0,0,1,0,1,0,0,0,6.45602E+20,5.43541E+21,1.09929E+16,4.90543E+16
179048,9,5,71,193,2018,6,13,2,3,7,7,0,0,0,0,1,0,1,0,5.88526E+20,5.47203E+21,1.022E+16,4.93946E+16
179049,9,7,61,0,2018,6,12,3,3,5,3,0,0,1,0,1,0,0,0,6.39177E+20,5.36062E+21,1.08798E+16,4.83834E+16
179050,9,5,71,145,2018,6,19,2,3,5,3,0,1,1,0,0,0,0,0,5.96985E+20,5.44572E+21,1.03302E+16,4.91566E+16
179051,9,4,73,159,2018,6,8,2,3,0,7,0,1,0,0,0,0,0,0,6.45507E+20,5.57289E+21,1.10427E+16,5.02902E+16
179052,9,4,71,140,2018,6,16,4,3,2,6,0,0,1,0,1,0,0,0,6.36188E+20,5.53217E+21,1.08974E+16,4.99264E+16
179053,9,4,74,126,2018,6,10,2,3,6,5,0,0,1,1,0,0,0,0,6.49369E+20,5.5096E+21,1.10723E+16,4.97204E+16
179054,9,4,71,145,2018,6,14,2,3,2,6,0,0,1,0,0,0,0,0,6.43584E+20,5.521E+21,1.09963E+16,4.98242E+16
179055,9,7,61,0,2018,6,8,3,2,5,3,0,1,0,0,0,1,0,0,6.42842E+20,5.36225E+21,1.09298E+16,4.83973E+16
179056,9,4,61,0,2018,6,17,2,3,0,7,0,1,0,0,0,0,0,0,6.35177E+20,5.52962E+21,1.08825E+16,4.99037E+16
179057,9,4,61,0,2018,6,12,2,3,0,7,0,1,0,0,0,0,0,0,6.37044E+20,5.52843E+21,1.0908E+16,4.98925E+16
179058,9,7,61,0,2018,6,8,3,3,5,7,0,1,0,0,0,0,1,0,6.41467E+20,5.35581E+21,1.09091E+16,4.83396E+16
179059,9,4,61,0,2018,6,7,2,3,0,7,0,0,0,0,1,0,0,0,6.35933E+20,5.52859E+21,1.08926E+16,4.98942E+16
179060,9,3,75,117,2018,6,17,2,2,5,2,0,1,1,0,0,0,0,0,7.33095E+20,5.4329E+21,1.21874E+16,4.90049E+16
179061,9,7,61,0,2018,6,12,3,3,5,7,0,0,1,0,0,0,0,0,6.39157E+20,5.35584E+21,1.08779E+16,4.83404E+16
179062,9,3,75,196,2018,6,7,2,3,8,1,0,0,0,0,1,0,0,0,7.3182E+20,5.41248E+21,1.21584E+16,4.8822E+16
179063,9,3,62,0,2018,6,16,2,3,0,7,0,1,0,0,0,0,1,0,7.25028E+20,5.43394E+21,1.20778E+16,4.90173E+16
179064,9,3,74,149,2018,6,11,4,3,1,7,0,0,1,0,1,0,0,0,7.11119E+20,5.51695E+21,1.1932E+16,4.97679E+16
179065,9,3,73,147,2018,6,7,2,3,2,6,0,0,1,0,0,0,0,0,6.78563E+20,5.4613E+21,1.14551E+16,4.92784E+16
179066,9,3,73,147,2018,6,7,2,3,5,3,0,1,0,0,0,0,0,0,6.79804E+20,5.46018E+21,1.14717E+16,4.9268E+16
179067,9,7,61,0,2018,6,21,3,3,1,5,2,1,1,0,0,0,0,0,6.41177E+20,5.35937E+21,1.09063E+16,4.83717E+16
179068,9,3,72,116,2018,6,10,2,3,3,6,0,0,1,0,1,0,0,0,7.66418E+20,5.45623E+21,1.26575E+16,4.92009E+16
179069,9,7,61,0,2018,6,10,3,3,4,2,0,1,1,0,0,0,0,0,6.41102E+20,5.35831E+21,1.0905E+16,4.83622E+16
179070,9,6,63,0,2018,6,15,4,3,0,6,0,1,1,0,0,0,0,0,5.66992E+20,5.51556E+21,9.93071E+15,4.97887E+16
179071,9,2,63,0,2018,6,13,2,3,4,6,0,1,0,0,0,0,0,0,7.62559E+20,5.42249E+21,1.25828E+16,4.88996E+16
179072,9,2,76,138,2018,6,13,2,3,2,6,0,0,1,0,1,0,0,0,8.02247E+20,5.43284E+21,1.31307E+16,4.89744E+16
179073,9,6,77,131,2018,6,16,3,3,5,3,0,0,1,0,0,0,0,0,5.48568E+20,5.54581E+21,9.67858E+15,5.00626E+16
179074,9,2,71,119,2018,6,12,2,3,0,7,0,1,0,0,0,0,0,0,7.93376E+20,5.41273E+21,1.29953E+16,4.87982E+16
179075,9,2,62,0,2018,6,15,2,3,1,2,0,1,1,0,0,0,0,0,8.29051E+20,5.39139E+21,1.34627E+16,4.8589E+16
179076,9,3,62,0,2018,6,20,4,3,4,2,0,0,1,0,0,0,0,0,7.29716E+20,5.4337E+21,1.21417E+16,4.90134E+16
179077,9,2,61,0,2018,6,12,2,3,6,4,0,0,1,1,0,0,0,0,7.31222E+20,5.38264E+21,1.21336E+16,4.85541E+16
179078,9,6,77,114,2018,6,16,3,2,0,1,0,1,0,0,0,0,1,0,5.70312E+20,5.53634E+21,9.9806E+15,4.99752E+16
179079,9,2,61,0,2018,6,19,2,3,0,1,0,0,0,0,1,0,0,0,7.31376E+20,5.38317E+21,1.2136E+16,4.85589E+16
179080,9,6,72,114,2018,6,10,3,3,3,2,0,0,1,0,0,0,0,0,5.76708E+20,5.56135E+21,1.00748E+16,5.01994E+16
179081,9,5,64,0,2018,6,16,4,3,5,3,0,1,1,0,0,0,0,0,6.5333E+20,5.47447E+21,1.11135E+16,4.94036E+16
179082,9,2,79,112,2018,6,19,2,3,0,7,0,1,0,0,0,0,0,0,7.57664E+20,5.39298E+21,1.24977E+16,4.86367E+16
179083,9,1,73,112,2018,6,19,2,2,6,4,0,0,1,1,0,0,0,0,6.91714E+20,5.29277E+21,1.15583E+16,4.77598E+16