OBJECTID_1,ULAND,UREGBEZ,UKREIS,UGEMEINDE,UJAHR,UMONAT,USTUNDE,UWOCHENTAG,UKATEGORIE,UART,UTYP1,ULICHTVERH,IstRad,IstPKW,IstFuss,IstKrad,IstGkfz,IstSonstig,STRZUSTAND,LINREFX,LINREFY,XGCSWGS84,YGCSWGS84
179270,9,1,62,0,2018,6,16,4,2,5,3,0,1,1,0,0,0,0,0,7.01127E+20,5.33247E+21,1.17023E+16,4.81137E+16
179271,9,1,62,0,2018,6,16,5,3,1,5,0,1,1,0,0,0,0,0,6.83329E+20,5.34042E+21,1.14668E+16,4.81906E+16
179272,9,7,61,0,2018,6,16,6,2,0,3,0,1,0,0,0,0,0,0,6.41438E+20,5.35097E+21,1.0907E+16,4.82961E+16
179273,9,1,84,135,2018,6,20,4,3,5,3,0,1,1,0,0,0,0,1,6.89039E+20,5.34766E+21,1.15468E+16,4.82539E+16
179274,9,1,74,115,2018,6,22,6,3,1,1,2,0,1,0,0,0,1,0,6.81282E+20,5.34607E+21,1.14417E+16,4.82419E+16
179275,9,7,61,0,2018,6,6,6,3,5,3,0,1,1,0,0,0,0,0,6.3986E+20,5.3599E+21,1.08887E+16,4.83767E+16
179276,9,1,62,0,2018,6,7,4,3,5,3,0,1,1,0,0,0,0,0,6.87588E+20,5.32891E+21,1.1519E+16,4.80858E+16
179277,9,1,62,0,2018,6,15,4,3,5,3,0,1,1,0,0,0,0,0,6.92039E+20,5.33831E+21,1.1583E+16,4.8169E+16
179278,9,7,71,156,2018,6,23,6,2,0,1,2,1,0,0,0,0,0,1,6.53594E+20,5.383E+21,1.10826E+16,4.85812E+16
179279,9,6,79,175,2018,6,7,6,3,5,3,0,0,1,0,0,0,0,0,5.69119E+20,5.51311E+21,9.95981E+15,4.97665E+16
179280,9,1,84,130,2018,6,23,4,2,6,7,2,0,1,1,0,0,0,1,6.9903E+20,5.34377E+21,1.16794E+16,4.82159E+16
179281,9,6,63,0,2018,6,18,6,3,1,6,0,0,1,0,0,0,0,0,5.67327E+20,5.51579E+21,9.93539E+15,4.97908E+16
179282,9,1,62,0,2018,6,15,4,3,0,2,0,1,1,0,0,0,0,0,6.83445E+20,5.33591E+21,1.14664E+16,4.815E+16
179283,9,1,62,0,2018,6,18,5,3,4,2,0,1,1,0,0,0,0,1,6.90526E+20,5.3358E+21,1.15615E+16,4.81469E+16
179284,9,6,63,0,2018,6,18,6,3,5,2,0,0,1,0,0,0,0,0,5.68472E+20,5.51286E+21,9.95079E+15,4.97643E+16
179285,9,1,62,0,2018,6,7,4,3,0,1,0,0,0,0,1,0,0,0,6.80594E+20,5.3399E+21,1.14298E+16,4.81866E+16
179286,9,6,63,0,2018,6,17,6,3,6,1,0,0,1,1,0,0,0,0,5.68926E+20,5.51405E+21,9.9573E+15,4.97749E+16
179287,9,1,84,112,2018,6,7,4,3,0,3,0,0,1,1,0,0,0,0,7.01671E+20,5.33903E+21,1.17127E+16,4.81725E+16
179288,9,6,74,147,2018,6,11,6,3,2,6,0,0,1,0,0,0,0,0,6.09822E+20,5.54362E+21,1.05335E+16,5.00347E+16
179289,9,6,74,139,2018,6,14,6,3,9,1,0,0,1,0,0,0,0,0,5.97975E+20,5.54162E+21,1.03676E+16,5.00188E+16
179290,9,1,62,0,2018,6,6,4,3,5,2,0,1,1,0,0,0,0,0,6.88041E+20,5.33157E+21,1.15263E+16,4.81096E+16
179291,9,1,62,0,2018,6,12,4,3,2,6,0,0,1,0,1,0,0,0,6.91257E+20,5.33911E+21,1.15728E+16,4.81764E+16
179292,9,6,62,0,2018,6,13,6,3,3,5,0,0,1,0,1,0,0,0,5.87943E+20,5.54636E+21,1.02287E+16,5.0063E+16
179293,9,5,62,0,2018,6,8,6,3,0,7,0,1,1,0,0,0,0,0,6.44224E+20,5.49297E+21,1.09948E+16,4.95721E+16
179294,9,1,62,0,2018,6,15,4,3,5,3,0,1,1,0,0,0,0,0,6.90834E+20,5.33817E+21,1.15667E+16,4.81681E+16
179295,9,5,62,0,2018,6,13,6,3,0,7,0,1,1,0,0,0,0,0,6.44853E+20,5.49571E+21,1.10045E+16,4.95966E+16
179296,9,5,62,0,2018,6,20,6,3,0,7,0,1,0,0,0,0,0,1,6.4246E+20,5.49598E+21,1.09715E+16,4.95996E+16
179297,9,1,62,0,2018,6,7,4,3,0,7,0,0,0,0,1,0,0,0,6.91507E+20,5.3369E+21,1.15752E+16,4.81565E+16
179298,9,1,62,0,2018,6,9,5,3,5,3,0,1,1,0,0,0,0,0,6.90938E+20,5.33931E+21,1.15686E+16,4.81784E+16
179299,9,5,65,0,2018,6,17,6,3,0,7,0,0,0,1,0,0,1,0,6.49143E+20,5.4651E+21,1.10523E+16,4.93204E+16
179300,9,5,63,0,2018,6,7,6,3,1,6,0,0,1,0,0,0,1,0,6.45748E+20,5.48515E+21,1.1013E+16,4.95014E+16
179301,9,7,64,0,2018,6,17,4,3,0,7,0,1,0,0,0,0,0,0,5.88126E+20,5.31737E+21,1.01815E+16,4.80035E+16
179302,9,5,64,0,2018,6,14,6,3,3,2,0,1,0,0,0,0,0,0,6.51071E+20,5.4797E+21,1.10844E+16,4.94511E+16
179303,9,5,64,0,2018,6,18,6,2,5,3,0,1,1,0,0,0,0,0,6.45004E+20,5.47764E+21,1.1E+16,4.94341E+16
179304,9,7,75,162,2018,6,21,4,3,0,7,1,1,0,0,0,0,0,0,5.79117E+20,5.34927E+21,1.00666E+16,4.82916E+16
179305,9,1,87,150,2018,6,14,6,3,3,2,0,1,1,0,0,0,0,0,7.29354E+20,5.30361E+21,1.20656E+16,4.78449E+16
179306,9,5,64,0,2018,6,17,6,3,5,7,0,0,1,0,0,0,0,0,6.50489E+20,5.47862E+21,1.1076E+16,4.94416E+16
179307,9,5,64,0,2018,6,12,6,3,3,6,0,1,0,0,0,1,0,0,6.47315E+20,5.47636E+21,1.10314E+16,4.94221E+16
179308,9,7,74,135,2018,6,10,4,3,6,2,0,0,1,1,0,0,0,0,5.932E+20,5.36732E+21,1.02605E+16,4.84521E+16
179309,9,5,64,0,2018,6,18,6,3,2,6,0,0,1,0,0,0,0,0,6.52583E+20,5.48078E+21,1.11057E+16,4.94605E+16
179310,9,1,90,157,2018,6,13,6,3,0,1,0,1,0,0,0,0,0,0,6.61187E+20,5.30266E+21,1.11549E+16,4.78571E+16
179311,9,5,77,138,2018,6,15,6,2,0,1,0,0,0,0,1,0,0,0,6.3079E+20,5.44612E+21,1.07937E+16,4.9154E+16
179312,9,7,74,144,2018,6,13,4,2,0,3,0,1,0,1,0,0,0,0,6.06574E+20,5.36059E+21,1.04396E+16,4.83895E+16
179313,9,7,74,185,2018,6,12,5,3,0,7,0,1,0,0,0,0,0,0,6.08829E+20,5.34791E+21,1.04667E+16,4.8275E+16
179314,9,5,71,146,2018,6,10,6,3,8,1,0,0,0,0,1,0,0,0,6.10535E+20,5.47467E+21,1.0524E+16,4.94146E+16
179315,9,4,79,136,2018,6,14,6,3,6,2,0,0,1,1,0,0,0,0,7.21108E+20,5.54319E+21,1.20855E+16,4.99999E+16
179316,9,7,80,115,2018,6,15,4,3,0,1,0,1,0,0,0,0,0,0,5.90077E+20,5.26249E+21,1.01963E+16,4.75096E+16
179317,9,4,75,141,2018,6,14,6,3,4,2,0,0,1,0,1,0,0,0,7.04626E+20,5.57931E+21,1.18752E+16,5.03303E+16
179318,9,4,64,0,2018,6,12,6,3,3,6,0,1,1,0,0,0,0,0,7.07462E+20,5.57853E+21,1.19146E+16,5.03223E+16
179319,9,7,80,133,2018,6,9,4,3,0,2,0,1,1,0,0,0,0,0,5.97086E+20,5.25094E+21,1.02868E+16,4.74047E+16
179320,9,1,81,130,2018,6,13,6,3,2,6,0,0,0,0,1,0,1,0,6.38056E+20,5.32453E+21,1.08529E+16,4.80591E+16
179321,9,4,64,0,2018,6,23,6,3,5,3,2,0,1,0,0,0,0,0,7.06564E+20,5.57725E+21,1.19013E+16,5.03111E+16
179322,9,7,76,117,2018,6,12,4,3,5,3,0,0,1,0,0,0,0,0,5.66877E+20,5.27297E+21,9.8898E+15,4.76067E+16
179323,9,7,76,116,2018,6,9,4,3,5,3,0,1,1,0,0,0,0,0,5.53743E+20,5.26664E+21,9.71428E+15,4.75509E+16
179324,9,4,73,134,2018,6,19,6,3,5,3,0,1,1,0,0,0,0,0,6.44926E+20,5.56525E+21,1.10316E+16,5.02216E+16
179325,9,4,61,0,2018,6,15,6,3,1,5,0,1,1,0,0,0,0,0,6.36422E+20,5.52894E+21,1.08996E+16,4.98973E+16
179326,9,7,73,125,2018,6,8,4,3,5,2,0,1,1,0,0,0,0,0,6.10208E+20,5.38205E+21,1.04943E+16,4.85818E+16
179327,9,7,79,131,2018,6,9,5,2,6,7,0,0,1,1,0,0,0,0,6.30722E+20,5.3979E+21,1.07773E+16,4.87204E+16
179328,9,4,61,0,2018,6,11,6,3,5,3,0,1,1,0,0,0,0,0,6.36482E+20,5.5291E+21,1.09005E+16,4.98987E+16
179329,9,3,74,149,2018,6,12,6,3,9,1,0,0,1,0,0,0,0,0,7.11997E+20,5.51624E+21,1.19437E+16,4.97612E+16
179330,9,7,61,0,2018,6,15,4,3,4,1,0,1,0,0,0,0,0,1,6.41051E+20,5.35783E+21,1.09041E+16,4.83579E+16
179331,9,3,75,210,2018,6,13,6,3,0,7,0,1,0,0,0,0,0,0,7.49003E+20,5.43309E+21,1.24047E+16,4.90004E+16
179332,9,7,72,147,2018,6,16,4,3,0,1,0,1,0,0,0,0,0,0,6.39114E+20,5.36552E+21,1.08805E+16,4.84275E+16
179333,9,1,75,115,2018,6,10,6,3,5,3,0,1,1,0,0,0,0,0,7.19926E+20,5.3289E+21,1.19527E+16,4.80754E+16
179334,9,3,72,153,2018,6,8,6,3,0,2,0,1,1,0,0,0,0,0,7.48798E+20,5.45952E+21,1.24181E+16,4.92378E+16
179335,9,7,72,184,2018,6,7,4,3,1,5,0,1,0,0,0,0,1,0,6.35577E+20,5.36145E+21,1.08314E+16,4.83917E+16
179336,9,7,61,0,2018,6,16,4,2,0,1,0,1,0,0,0,0,0,1,6.38456E+20,5.36042E+21,1.087E+16,4.83817E+16
179337,9,3,62,0,2018,6,11,6,3,1,1,0,1,1,0,0,0,0,0,7.26023E+20,5.43513E+21,1.20921E+16,4.90276E+16
179338,9,3,72,116,2018,6,22,6,3,5,3,2,0,1,0,0,0,0,0,7.67122E+20,5.45794E+21,1.26683E+16,4.92159E+16
179339,9,3,61,0,2018,6,15,6,3,6,4,0,0,1,1,0,0,0,0,7.07839E+20,5.48088E+21,1.18674E+16,4.9445E+16
179340,9,2,76,120,2018,6,6,6,3,7,7,0,0,0,0,1,0,0,0,7.941E+20,5.44679E+21,1.30297E+16,4.91036E+16
179341,9,7,61,0,2018,6,8,4,3,4,2,0,1,1,0,0,0,0,1,6.38121E+20,5.36068E+21,1.08655E+16,4.83841E+16
179342,9,7,61,0,2018,6,15,4,3,0,1,0,0,1,0,1,0,0,1,6.37578E+20,5.35858E+21,1.08575E+16,4.83654E+16
179343,9,2,63,0,2018,6,17,6,3,0,1,0,1,0,0,0,0,0,0,7.64443E+20,5.42157E+21,1.26079E+16,4.88906E+16
179344,9,7,61,0,2018,6,15,4,3,0,1,0,0,0,0,1,0,0,1,6.36742E+20,5.36172E+21,1.08473E+16,4.83938E+16
179345,9,1,62,0,2018,6,15,5,2,4,1,0,0,1,0,1,0,1,0,6.95122E+20,5.33299E+21,1.16219E+16,4.81202E+16
179346,9,2,63,0,2018,6,16,6,3,5,3,0,0,1,0,1,0,0,0,7.61503E+20,5.42001E+21,1.25669E+16,4.88779E+16
179347,9,7,61,0,2018,6,7,4,3,3,6,0,1,1,0,0,0,0,0,6.41122E+20,5.35414E+21,1.09038E+16,4.83247E+16
179348,9,2,71,141,2018,6,20,6,3,8,1,1,1,0,0,0,0,0,0,7.9657E+20,5.40301E+21,1.30317E+16,4.87095E+16
179349,9,7,61,0,2018,6,23,4,3,2,6,2,0,1,0,0,0,0,0,6.40729E+20,5.35556E+21,1.0899E+16,4.83375E+16
179350,9,2,78,171,2018,6,16,6,2,4,6,0,0,1,0,1,0,0,0,7.77513E+20,5.42942E+21,1.27911E+16,4.89553E+16
179351,9,7,61,0,2018,6,7,4,3,6,7,0,0,1,1,0,0,0,0,6.40375E+20,5.35865E+21,1.08953E+16,4.83654E+16
179352,9,2,77,145,2018,6,15,6,3,8,1,0,1,0,0,0,0,0,0,7.98254E+20,5.35328E+21,1.30191E+16,4.82625E+16
179353,9,2,62,0,2018,6,15,6,3,0,7,0,0,0,0,1,0,0,0,8.25346E+20,5.38931E+21,1.3411E+16,4.85723E+16
179354,9,7,61,0,2018,6,15,4,3,0,1,0,1,0,0,0,0,0,1,6.39446E+20,5.35905E+21,1.08829E+16,4.83692E+16
179355,9,1,62,0,2018,6,15,5,3,5,3,0,1,1,0,0,0,0,0,6.86779E+20,5.33622E+21,1.15114E+16,4.81518E+16
179356,9,6,75,141,2018,6,14,2,3,8,1,0,0,1,0,0,0,0,1,5.85662E+20,5.51008E+21,1.01888E+16,4.97371E+16
179357,9,6,74,147,2018,6,11,2,3,6,7,0,0,0,1,0,0,1,1,6.08341E+20,5.54322E+21,1.05127E+16,5.00314E+16
179358,9,6,71,155,2018,6,15,2,3,5,7,0,1,1,0,0,0,0,0,5.04508E+20,5.53612E+21,9.06287E+15,4.99774E+16
179359,9,6,71,122,2018,6,17,2,3,5,3,0,0,1,0,1,0,0,1,5.02345E+20,5.53161E+21,9.03268E+15,4.99368E+16
179360,9,6,71,140,2018,6,12,2,3,2,6,0,0,1,0,0,0,0,0,5.056E+20,5.53706E+21,9.07812E+15,4.99858E+16
179361,9,5,62,0,2018,6,20,2,3,4,2,1,1,1,0,0,0,0,1,6.45137E+20,5.49578E+21,1.10085E+16,4.95972E+16
179362,9,5,64,0,2018,6,8,2,3,5,3,0,1,1,0,0,0,0,0,6.51282E+20,5.48006E+21,1.10874E+16,4.94543E+16
179363,9,5,64,0,2018,6,16,2,3,2,6,0,0,1,0,0,0,0,0,6.53354E+20,5.48017E+21,1.11161E+16,4.94548E+16
179364,9,5,71,214,2018,6,7,2,3,0,7,0,1,0,0,0,0,0,0,6.16704E+20,5.43257E+21,1.05967E+16,4.9035E+16
179365,9,5,61,0,2018,6,13,2,3,1,5,0,1,1,0,0,0,0,0,6.1472E+20,5.46242E+21,1.05781E+16,4.93037E+16
179366,9,5,61,0,2018,6,9,2,3,5,3,0,1,0,0,0,0,0,0,6.14042E+20,5.46339E+21,1.0569E+16,4.93126E+16
179367,9,4,78,139,2018,6,7,2,2,5,3,0,0,1,0,0,0,1,0,6.46665E+20,5.55583E+21,1.10524E+16,5.01366E+16
179368,9,4,76,145,2018,6,14,2,3,0,7,0,1,0,0,0,0,0,0,6.65988E+20,5.56772E+21,1.13277E+16,5.02383E+16
179369,9,4,62,0,2018,6,23,2,3,5,3,2,1,1,0,0,0,0,1,6.87283E+20,5.53748E+21,1.16112E+16,4.99603E+16
179370,9,4,62,0,2018,6,11,2,3,2,6,0,0,1,0,0,0,0,0,6.85015E+20,5.53608E+21,1.1579E+16,4.99484E+16
179371,9,4,61,0,2018,6,7,2,3,2,6,0,0,1,0,0,0,0,0,6.35443E+20,5.52939E+21,1.08861E+16,4.99016E+16
179372,9,4,61,0,2018,6,13,2,3,0,7,0,0,1,0,1,0,0,0,6.3757E+20,5.52925E+21,1.09157E+16,4.98998E+16
179373,9,3,62,0,2018,6,17,2,2,3,2,0,1,1,0,0,0,0,0,7.25824E+20,5.43348E+21,1.20885E+16,4.90128E+16
179374,9,3,62,0,2018,6,15,2,3,3,3,0,0,1,0,0,0,0,0,7.24497E+20,5.4332E+21,1.20702E+16,4.90108E+16
179375,9,3,62,0,2018,6,0,2,3,2,7,2,0,1,1,0,0,0,0,7.26819E+20,5.43557E+21,1.21032E+16,4.90312E+16
179376,9,3,62,0,2018,6,13,2,2,0,7,0,1,0,0,0,0,0,0,7.28778E+20,5.43717E+21,1.21309E+16,4.90449E+16
179377,9,3,73,147,2018,6,20,2,2,5,3,1,1,1,0,0,0,0,1,6.79309E+20,5.46152E+21,1.14655E+16,4.92801E+16
179378,9,3,76,141,2018,6,16,2,2,0,4,0,0,1,1,0,0,0,0,7.26589E+20,5.45363E+21,1.21102E+16,4.91936E+16
179379,9,2,77,111,2018,6,23,2,3,9,7,2,0,1,0,0,0,0,1,7.8349E+20,5.38847E+21,1.28444E+16,4.85851E+16
179380,9,2,77,116,2018,6,7,2,3,5,3,0,0,1,0,0,0,0,0,7.75603E+20,5.36743E+21,1.27238E+16,4.83997E+16
179381,9,2,74,134,2018,6,16,2,3,3,6,0,1,1,0,0,0,0,0,7.40232E+20,5.374E+21,1.22505E+16,4.84732E+16
179382,9,2,61,0,2018,6,18,2,3,0,7,0,1,1,0,0,0,0,0,7.33134E+20,5.38095E+21,1.21585E+16,4.85383E+16
179383,9,2,61,0,2018,6,7,2,3,2,6,0,0,1,0,1,0,0,0,7.32385E+20,5.38039E+21,1.21481E+16,4.85335E+16
179384,9,2,73,152,2018,6,16,2,3,5,3,0,0,1,0,0,0,0,0,7.03444E+20,5.40965E+21,1.17709E+16,4.88065E+16
179385,9,2,79,134,2018,6,5,2,3,5,2,0,1,1,0,0,0,0,0,7.67291E+20,5.38626E+21,1.26238E+16,4.85724E+16
179386,9,2,79,112,2018,6,15,2,3,0,7,0,0,0,0,1,0,0,0,7.56911E+20,5.39345E+21,1.24878E+16,4.86412E+16
179387,9,1,90,157,2018,6,10,2,3,3,6,0,1,1,0,0,0,0,0,6.61062E+20,5.30111E+21,1.11527E+16,4.78431E+16
179388,9,1,62,0,2018,6,15,3,3,5,3,0,0,1,0,0,0,0,0,6.93642E+20,5.33556E+21,1.16032E+16,4.81438E+16
179389,9,1,90,148,2018,6,7,2,2,4,2,0,0,1,0,1,0,0,0,6.42289E+20,5.29848E+21,1.09011E+16,4.78239E+16
179390,9,1,73,115,2018,6,13,2,3,3,7,0,1,0,0,0,0,0,0,6.80981E+20,5.28778E+21,1.14131E+16,4.7718E+16
179391,9,1,62,0,2018,6,13,3,3,0,7,0,1,0,0,0,0,0,0,6.92153E+20,5.3331E+21,1.15821E+16,4.81222E+16
179392,9,1,73,112,2018,6,9,2,3,0,7,0,1,0,0,0,0,0,0,6.91732E+20,5.29283E+21,1.15585E+16,4.77603E+16
179393,9,1,83,148,2018,6,10,2,3,2,6,0,0,1,0,1,0,0,0,7.51349E+20,5.34366E+21,1.23826E+16,4.81964E+16
179394,9,1,62,0,2018,6,13,3,3,0,1,0,1,0,0,0,0,0,0,6.92579E+20,5.33519E+21,1.15888E+16,4.81408E+16
179395,9,1,62,0,2018,6,8,3,3,6,4,0,1,0,1,0,0,0,0,6.9167E+20,5.33431E+21,1.15762E+16,4.81332E+16
179396,9,1,89,114,2018,6,11,2,3,0,7,0,1,0,0,0,0,0,0,7.63522E+20,5.31148E+21,1.25263E+16,4.79024E+16
179397,9,7,75,135,2018,6,7,3,3,5,3,0,1,1,0,0,0,0,0,5.74978E+20,5.35849E+21,1.00125E+16,4.83751E+16
179398,9,1,71,112,2018,6,13,2,3,0,1,0,1,0,0,0,0,0,0,7.82128E+20,5.33858E+21,1.27925E+16,4.81378E+16
179399,9,1,71,121,2018,6,18,2,3,4,6,0,0,1,0,0,0,0,0,7.75753E+20,5.34294E+21,1.27098E+16,4.81797E+16
179400,9,1,71,125,2018,6,13,2,2,5,3,0,1,1,0,0,0,0,0,7.73473E+20,5.35047E+21,1.26841E+16,4.82484E+16
179401,9,7,75,135,2018,6,15,3,2,5,3,0,0,0,0,1,0,1,0,5.74456E+20,5.36071E+21,1.00058E+16,4.83952E+16
179402,9,1,63,0,2018,6,18,2,3,5,3,0,1,0,0,0,0,1,0,7.34003E+20,5.3057E+21,1.21288E+16,4.7862E+16
179403,9,1,85,131,2018,6,21,2,3,8,1,1,0,1,0,0,0,0,0,6.65421E+20,5.37323E+21,1.12389E+16,4.84904E+16
179404,9,7,74,135,2018,6,12,3,3,5,3,0,1,1,0,0,0,0,0,5.94957E+20,5.36934E+21,1.02847E+16,4.847E+16
179405,9,1,86,128,2018,6,13,2,3,0,6,0,1,1,0,0,0,0,0,6.76058E+20,5.38408E+21,1.13874E+16,4.8585E+16
179406,9,1,85,149,2018,6,13,2,3,5,7,0,1,1,0,0,0,0,0,6.61326E+20,5.40017E+21,1.1194E+16,4.87337E+16
179407,9,7,74,135,2018,6,17,3,3,5,3,0,0,0,0,1,0,1,1,5.94821E+20,5.36665E+21,1.02822E+16,4.84458E+16
179408,9,7,63,0,2018,6,16,3,3,5,3,0,1,1,0,0,0,0,1,5.98707E+20,5.29014E+21,1.03171E+16,4.77571E+16
179409,9,1,81,130,2018,6,19,2,2,0,1,0,1,0,0,0,0,0,1,6.38801E+20,5.32458E+21,1.08629E+16,4.80594E+16
179410,9,7,80,139,2018,6,12,3,2,0,1,0,1,0,0,0,0,0,0,5.9524E+20,5.2649E+21,1.02653E+16,4.75306E+16
179411,9,7,62,0,2018,6,16,3,3,5,3,0,1,1,0,0,0,0,1,6.21468E+20,5.30446E+21,1.06247E+16,4.7882E+16
179412,9,1,79,123,2018,6,7,2,3,5,3,0,1,1,0,0,0,0,0,6.75603E+20,5.33336E+21,1.136E+16,4.81292E+16
179413,9,7,79,131,2018,6,15,3,2,0,1,0,1,0,0,0,0,0,0,6.30689E+20,5.39698E+21,1.07766E+16,4.87122E+16
179414,9,1,81,115,2018,6,14,2,3,0,6,0,0,1,0,0,0,1,0,6.57533E+20,5.32834E+21,1.11155E+16,4.80888E+16
179415,9,1,74,115,2018,6,7,2,3,7,1,0,1,0,0,0,0,0,0,6.81269E+20,5.34837E+21,1.14425E+16,4.82626E+16
179416,9,7,73,182,2018,6,6,3,3,5,3,0,1,1,0,0,0,0,0,6.23512E+20,5.37954E+21,1.06739E+16,4.85568E+16
179417,9,1,75,139,2018,6,16,2,3,5,3,0,0,1,0,0,0,0,0,7.10514E+20,5.32983E+21,1.18269E+16,4.80869E+16
179418,9,1,78,116,2018,6,19,2,2,0,1,0,0,0,0,1,0,0,0,7.01635E+20,5.38199E+21,1.17328E+16,4.85585E+16
179419,9,7,72,149,2018,6,8,3,3,5,1,0,0,1,0,0,0,0,0,6.36161E+20,5.33866E+21,1.0832E+16,4.81865E+16
179420,9,7,61,0,2018,6,15,3,3,2,6,0,0,1,0,0,0,0,0,6.41036E+20,5.3579E+21,1.09039E+16,4.83585E+16
179421,9,7,61,0,2018,6,18,3,3,2,6,0,0,1,0,0,0,0,0,6.40681E+20,5.35924E+21,1.08996E+16,4.83706E+16
179422,9,6,63,0,2018,6,15,3,3,0,7,0,1,0,0,0,0,0,0,5.66572E+20,5.5151E+21,9.92478E+15,4.97847E+16
179423,9,1,62,0,2018,6,14,1,3,1,5,0,1,1,0,0,0,0,0,6.93601E+20,5.33453E+21,1.16022E+16,4.81346E+16
179424,9,1,62,0,2018,6,23,1,3,0,7,2,1,0,0,0,0,1,0,6.86391E+20,5.33487E+21,1.15055E+16,4.81397E+16
179425,9,6,75,144,2018,6,7,3,3,0,7,0,0,0,0,1,0,0,1,5.8875E+20,5.50668E+21,1.02309E+16,4.97061E+16
179426,9,1,84,149,2018,6,4,1,2,0,7,2,1,0,0,0,0,0,1,6.89651E+20,5.35084E+21,1.15565E+16,4.82824E+16
179427,9,1,62,0,2018,6,18,1,3,5,2,0,1,1,0,0,0,0,0,6.92967E+20,5.33232E+21,1.15927E+16,4.81149E+16
179428,9,1,62,0,2018,6,10,1,3,5,3,0,0,1,0,0,0,0,0,6.85583E+20,5.33901E+21,1.14965E+16,4.81772E+16
179429,9,6,62,0,2018,6,13,3,2,8,1,0,0,0,0,1,0,0,0,5.85888E+20,5.54539E+21,1.01998E+16,5.00546E+16
179430,9,1,62,0,2018,6,20,1,3,0,7,0,1,0,0,0,0,0,1,6.88031E+20,5.34166E+21,1.15306E+16,4.82003E+16
179431,9,6,71,122,2018,6,19,3,3,5,3,0,0,1,0,0,0,0,0,5.05612E+20,5.52941E+21,9.07817E+15,4.99171E+16
179432,9,1,62,0,2018,6,14,1,3,3,7,0,1,0,0,0,0,0,0,6.91833E+20,5.3373E+21,1.15797E+16,4.816E+16
179433,9,6,71,155,2018,6,13,3,3,0,3,0,0,0,0,1,0,1,1,5.05724E+20,5.53504E+21,9.07981E+15,4.99677E+16
179434,9,5,72,132,2018,6,10,3,3,5,3,0,0,1,0,1,0,0,0,6.35177E+20,5.49151E+21,1.08693E+16,4.9561E+16
179435,9,1,62,0,2018,6,16,1,2,4,2,0,0,1,0,1,0,0,0,6.90784E+20,5.33979E+21,1.15667E+16,4.81827E+16
179436,9,5,62,0,2018,6,17,3,3,5,3,0,1,1,0,0,0,0,0,6.46708E+20,5.48995E+21,1.1028E+16,4.95444E+16
179437,9,5,62,0,2018,6,20,3,3,5,7,0,1,0,0,1,0,0,0,6.47075E+20,5.49491E+21,1.1035E+16,4.95889E+16
179438,9,1,62,0,2018,6,21,1,3,3,7,1,1,1,0,0,0,0,0,6.86195E+20,5.33389E+21,1.15025E+16,4.8131E+16
179439,9,1,62,0,2018,6,16,1,3,1,1,0,0,1,0,1,0,0,0,6.87322E+20,5.33483E+21,1.1518E+16,4.81391E+16
179440,9,5,62,0,2018,6,12,3,3,1,5,0,1,1,0,0,0,0,0,6.45225E+20,5.49566E+21,1.10097E+16,4.9596E+16
179441,9,5,62,0,2018,6,10,3,3,0,7,0,1,0,0,0,0,0,1,6.46516E+20,5.49564E+21,1.10275E+16,4.95956E+16
179442,9,1,62,0,2018,6,20,1,3,0,6,0,1,0,0,0,0,0,0,6.91708E+20,5.32945E+21,1.15745E+16,4.80894E+16
179443,9,5,74,138,2018,6,7,3,3,5,3,0,1,1,0,0,0,0,0,6.6446E+20,5.48632E+21,1.12717E+16,4.95072E+16
179444,9,5,64,0,2018,6,15,3,3,0,7,0,0,1,0,0,1,0,0,6.49585E+20,5.47692E+21,1.10629E+16,4.94265E+16
179445,9,5,64,0,2018,6,16,3,3,2,6,0,0,1,0,0,0,0,0,6.53894E+20,5.47592E+21,1.11219E+16,4.94165E+16
179446,9,1,62,0,2018,6,17,1,3,1,1,0,1,1,0,0,0,0,0,6.90975E+20,5.33774E+21,1.15684E+16,4.81642E+16
179447,9,5,64,0,2018,6,16,3,3,6,4,0,0,1,1,0,0,0,0,6.51303E+20,5.48191E+21,1.10884E+16,4.94709E+16
179448,9,5,64,0,2018,6,15,3,2,6,2,0,0,1,1,0,0,0,0,6.49186E+20,5.47932E+21,1.10583E+16,4.94482E+16
179449,9,7,80,139,2018,6,17,1,2,0,1,0,1,0,0,0,0,0,0,5.96129E+20,5.26311E+21,1.02767E+16,4.75143E+16
179450,9,5,64,0,2018,6,7,3,3,5,3,0,1,1,0,0,0,0,0,6.51745E+20,5.48035E+21,1.10939E+16,4.94568E+16
179451,9,7,79,130,2018,6,14,1,3,3,6,0,1,1,0,0,0,0,0,6.15455E+20,5.41302E+21,1.05741E+16,4.88594E+16
179452,9,5,64,0,2018,6,20,3,3,0,1,0,1,0,0,0,0,0,0,6.46389E+20,5.48155E+21,1.10205E+16,4.94689E+16
179453,9,7,73,179,2018,6,9,1,3,4,3,0,0,1,0,0,0,0,0,6.17661E+20,5.37593E+21,1.05936E+16,4.85254E+16
179454,9,7,72,200,2018,6,14,1,3,1,3,0,0,1,0,1,0,0,0,6.3068E+20,5.33784E+21,1.0758E+16,4.81803E+16
179455,9,5,73,127,2018,6,11,3,3,3,3,0,0,1,0,0,0,0,0,6.43193E+20,5.47301E+21,1.09734E+16,4.93929E+16
179456,9,5,75,167,2018,6,18,3,2,8,1,0,1,0,0,0,0,0,0,6.23968E+20,5.50323E+21,1.07181E+16,4.96689E+16