OBJECTID_1,ULAND,UREGBEZ,UKREIS,UGEMEINDE,UJAHR,UMONAT,USTUNDE,UWOCHENTAG,UKATEGORIE,UART,UTYP1,ULICHTVERH,IstRad,IstPKW,IstFuss,IstKrad,IstGkfz,IstSonstig,STRZUSTAND,LINREFX,LINREFY,XGCSWGS84,YGCSWGS84
179457,9,7,61,0,2018,6,1,1,3,5,3,2,0,1,0,0,0,0,0,6.42949E+20,5.36208E+21,1.09312E+16,4.83956E+16
179458,9,5,75,153,2018,6,10,3,3,4,6,0,0,1,0,1,0,0,1,6.15558E+20,5.49258E+21,1.05984E+16,4.95748E+16
179459,9,4,61,0,2018,6,17,3,3,0,2,0,1,0,0,1,0,0,0,6.36039E+20,5.52882E+21,1.08942E+16,4.98963E+16
179460,9,7,61,0,2018,6,6,1,3,0,5,0,1,0,0,0,0,0,0,6.40039E+20,5.35767E+21,1.08904E+16,4.83567E+16
179461,9,7,61,0,2018,6,9,1,3,0,1,0,1,0,0,0,0,0,0,6.40429E+20,5.35896E+21,1.08961E+16,4.83682E+16
179462,9,4,73,151,2018,6,8,3,3,2,6,0,0,1,0,0,0,0,1,6.51324E+20,5.57749E+21,1.11262E+16,5.03301E+16
179463,9,6,63,0,2018,6,17,1,3,6,4,0,0,1,1,0,0,0,0,5.67405E+20,5.51535E+21,9.93641E+15,4.97868E+16
179464,9,6,63,0,2018,6,18,1,3,0,1,0,1,0,0,0,0,0,0,5.66757E+20,5.51615E+21,9.92754E+15,4.97941E+16
179465,9,5,65,0,2018,6,17,1,3,6,6,0,0,1,1,0,0,0,0,6.47071E+20,5.46582E+21,1.10241E+16,4.93273E+16
179466,9,4,62,0,2018,6,19,3,2,8,1,0,1,0,0,0,0,0,0,6.86955E+20,5.53507E+21,1.16055E+16,4.99387E+16
179467,9,5,74,138,2018,6,23,1,2,7,7,2,0,0,0,1,0,0,0,6.65211E+20,5.48992E+21,1.12836E+16,4.95394E+16
179468,9,5,64,0,2018,6,20,1,2,6,2,0,0,1,1,0,0,0,0,6.52159E+20,5.47883E+21,1.10991E+16,4.94431E+16
179469,9,4,62,0,2018,6,18,3,3,0,1,0,1,0,0,0,0,0,0,6.83761E+20,5.53481E+21,1.15609E+16,4.99374E+16
179470,9,4,74,126,2018,6,11,3,3,0,7,0,0,0,0,0,1,0,0,6.48592E+20,5.50748E+21,1.10607E+16,4.97015E+16
179471,9,5,64,0,2018,6,22,1,3,3,6,2,0,1,0,0,0,0,0,6.49918E+20,5.47775E+21,1.10678E+16,4.94339E+16
179472,9,4,71,140,2018,6,20,3,3,8,1,0,0,1,0,1,0,0,0,6.34791E+20,5.53263E+21,1.08782E+16,4.99308E+16
179473,9,5,64,0,2018,6,20,1,3,5,2,0,1,1,0,0,0,0,0,6.54905E+20,5.47609E+21,1.11358E+16,4.94177E+16
179474,9,5,64,0,2018,6,12,1,3,5,3,0,1,1,0,0,0,0,0,6.49265E+20,5.47932E+21,1.10593E+16,4.94482E+16
179475,9,4,61,0,2018,6,16,3,3,5,3,0,1,1,0,0,0,0,0,6.36435E+20,5.52915E+21,1.08998E+16,4.98992E+16
179476,9,5,75,153,2018,6,11,1,3,0,3,0,0,1,1,0,0,0,0,6.16365E+20,5.49274E+21,1.06096E+16,4.9576E+16
179477,9,5,71,165,2018,6,13,1,2,9,1,0,0,0,0,1,0,0,0,6.29993E+20,5.46486E+21,1.07889E+16,4.93226E+16
179478,9,4,61,0,2018,6,21,3,3,0,7,0,1,0,0,0,0,0,0,6.35167E+20,5.52883E+21,1.08821E+16,4.98966E+16
179479,9,4,61,0,2018,6,7,3,3,5,3,0,1,1,0,0,0,0,0,6.36407E+20,5.53116E+21,1.09001E+16,4.99172E+16
179480,9,4,75,156,2018,6,19,1,1,0,1,0,0,0,0,1,0,0,1,6.89006E+20,5.57732E+21,1.1655E+16,5.03176E+16
179481,9,3,63,0,2018,6,10,3,3,5,3,0,0,1,0,0,0,0,0,7.27137E+20,5.5062E+21,1.21478E+16,4.96656E+16
179482,9,3,75,179,2018,6,16,3,3,0,1,0,1,0,0,0,0,0,1,7.31623E+20,5.42865E+21,1.21649E+16,4.89673E+16
179483,9,4,75,162,2018,6,12,1,2,0,7,0,1,0,0,0,0,0,0,7.13443E+20,5.5724E+21,1.1995E+16,5.02651E+16
179484,9,3,75,201,2018,6,12,3,3,1,5,0,0,1,0,0,0,0,0,7.45601E+20,5.4197E+21,1.23502E+16,4.88815E+16
179485,9,3,77,141,2018,6,3,1,2,6,6,2,0,0,1,1,0,0,0,7.34271E+20,5.54094E+21,1.22675E+16,4.99747E+16
179486,9,3,77,128,2018,6,14,1,3,8,7,0,1,0,0,0,0,0,0,7.09048E+20,5.52363E+21,1.19068E+16,4.98286E+16
179487,9,3,76,161,2018,6,13,3,3,5,3,0,0,1,0,0,0,0,0,7.25241E+20,5.46745E+21,1.20995E+16,4.93181E+16
179488,9,3,72,161,2018,6,23,1,3,0,1,2,1,0,0,0,0,0,0,7.58121E+20,5.46116E+21,1.2547E+16,4.92487E+16
179489,9,3,71,151,2018,6,13,3,3,5,3,0,0,1,0,0,0,0,0,7.00689E+20,5.48581E+21,1.17714E+16,4.94917E+16
179490,9,3,73,160,2018,6,21,1,2,0,7,2,1,0,0,0,0,0,0,6.93547E+20,5.44909E+21,1.1655E+16,4.91641E+16
179491,9,2,71,146,2018,6,16,3,3,0,1,0,1,0,0,0,0,0,0,7.85807E+20,5.41127E+21,1.28915E+16,4.87886E+16
179492,9,2,71,119,2018,6,10,3,3,6,7,0,0,1,1,0,0,0,0,7.90581E+20,5.41628E+21,1.29599E+16,4.88314E+16
179493,9,2,73,115,2018,6,2,1,2,2,7,2,1,0,0,0,0,0,0,7.11253E+20,5.3957E+21,1.187E+16,4.86786E+16
179494,9,2,75,112,2018,6,15,3,3,1,7,0,0,1,0,0,0,0,0,8.01547E+20,5.38747E+21,1.30879E+16,4.85677E+16
179495,9,2,62,0,2018,6,15,3,3,4,6,0,1,1,0,0,0,0,0,8.29092E+20,5.38966E+21,1.34619E+16,4.85734E+16
179496,9,2,61,0,2018,6,23,1,3,1,5,2,1,1,0,0,0,0,0,7.32421E+20,5.38132E+21,1.21491E+16,4.85419E+16
179497,9,2,74,184,2018,6,20,3,3,5,3,0,0,1,0,0,0,0,1,7.46972E+20,5.37182E+21,1.23403E+16,4.8451E+16
179498,9,2,61,0,2018,6,13,3,3,5,3,0,1,1,0,0,0,0,0,7.32734E+20,5.38148E+21,1.21534E+16,4.85432E+16
179499,9,2,74,156,2018,6,19,1,3,0,7,0,0,1,0,0,0,1,0,7.44641E+20,5.38825E+21,1.23184E+16,4.85995E+16
179500,9,2,73,141,2018,6,22,1,2,0,7,1,1,0,0,0,0,0,0,7.24169E+20,5.41235E+21,1.20543E+16,4.88236E+16
179501,9,1,90,148,2018,6,19,3,3,5,3,0,0,1,0,0,0,0,1,6.40714E+20,5.29659E+21,1.08794E+16,4.78073E+16
179502,9,2,79,112,2018,6,18,1,3,0,7,0,1,0,0,0,0,0,0,7.56884E+20,5.39131E+21,1.24861E+16,4.86221E+16
179503,9,1,80,135,2018,6,14,3,3,5,3,0,1,0,0,0,0,0,0,6.52417E+20,5.27542E+21,1.10282E+16,4.76142E+16
179504,9,1,90,141,2018,6,18,1,3,5,3,0,1,1,0,0,0,0,0,6.77326E+20,5.2927E+21,1.13664E+16,4.77633E+16
179505,9,1,80,116,2018,6,7,3,2,5,3,0,0,1,0,0,0,0,0,6.5898E+20,5.26626E+21,1.11122E+16,4.75303E+16
179506,9,1,73,112,2018,6,20,3,3,3,2,0,0,1,0,0,0,0,1,6.9211E+20,5.29176E+21,1.15631E+16,4.77506E+16
179507,9,1,80,117,2018,6,19,1,2,0,1,0,1,0,0,0,0,0,0,6.56925E+20,5.26142E+21,1.10832E+16,4.74873E+16
179508,9,1,73,111,2018,6,13,3,3,9,1,0,0,1,0,0,0,0,0,6.85043E+20,5.29182E+21,1.14689E+16,4.77532E+16
179509,9,1,83,113,2018,6,15,1,3,1,7,0,1,1,0,0,0,0,0,7.50074E+20,5.34402E+21,1.23657E+16,4.82001E+16
179510,9,1,83,148,2018,6,17,3,3,4,7,0,1,1,0,0,0,0,0,7.54283E+20,5.34346E+21,1.24219E+16,4.81934E+16
179511,9,1,83,112,2018,6,10,1,3,0,3,0,0,1,0,1,0,0,1,7.53785E+20,5.34933E+21,1.24187E+16,4.82463E+16
179512,9,1,72,111,2018,6,15,1,2,0,1,0,1,0,0,0,0,0,0,7.96944E+20,5.30304E+21,1.29666E+16,4.78121E+16
179513,9,1,63,0,2018,6,17,3,3,3,6,0,0,1,0,1,0,0,1,7.32931E+20,5.30318E+21,1.21131E+16,4.78397E+16
179514,9,1,63,0,2018,6,14,3,3,1,7,0,0,0,0,1,1,0,1,7.31533E+20,5.30506E+21,1.20955E+16,4.78571E+16
179515,9,1,72,116,2018,6,18,1,3,4,6,0,0,1,0,0,0,0,0,8.01416E+20,5.28421E+21,1.30132E+16,4.7641E+16
179516,9,1,63,0,2018,6,8,1,3,8,1,0,1,0,0,0,0,0,0,7.32514E+20,5.30436E+21,1.21082E+16,4.78505E+16
179517,9,1,82,125,2018,6,7,3,2,0,7,0,1,0,0,0,0,0,0,7.11223E+20,5.29628E+21,1.182E+16,4.77852E+16
179518,9,1,82,120,2018,6,19,3,3,0,1,0,1,0,0,0,0,0,1,7.0152E+20,5.30624E+21,1.16952E+16,4.78779E+16
179519,9,1,63,0,2018,6,20,1,3,0,1,0,1,0,0,0,0,0,0,7.33062E+20,5.30671E+21,1.21168E+16,4.78714E+16
179520,9,1,61,0,2018,6,10,3,2,3,3,0,1,1,0,0,0,0,0,6.78036E+20,5.40362E+21,1.14226E+16,4.87601E+16
179521,9,1,61,0,2018,6,15,3,3,5,3,0,1,1,0,0,0,0,0,6.78613E+20,5.40511E+21,1.14311E+16,4.87733E+16
179522,9,1,82,123,2018,6,13,1,3,0,1,0,0,0,0,1,0,0,0,7.17022E+20,5.30279E+21,1.19006E+16,4.78418E+16
179523,9,1,61,0,2018,6,14,1,3,5,7,0,0,1,0,1,0,0,0,6.78309E+20,5.40374E+21,1.14263E+16,4.87612E+16
179524,9,1,76,123,2018,6,16,3,3,0,2,0,0,0,0,1,1,0,0,6.61985E+20,5.41624E+21,1.12093E+16,4.88779E+16
179525,9,1,76,121,2018,6,18,1,3,0,1,0,1,0,0,0,0,0,0,6.56432E+20,5.41781E+21,1.11342E+16,4.88935E+16
179526,9,1,88,137,2018,6,2,1,3,6,7,2,0,1,1,0,0,0,0,6.68074E+20,5.31479E+21,1.12517E+16,4.79643E+16
179527,9,1,81,128,2018,6,11,3,3,5,3,0,1,1,0,0,0,0,0,6.37935E+20,5.32803E+21,1.08524E+16,4.80906E+16
179528,9,1,88,124,2018,6,8,3,3,0,7,0,1,0,0,0,0,0,0,6.58802E+20,5.32323E+21,1.11306E+16,4.80425E+16
179529,9,1,79,142,2018,6,13,1,3,2,6,0,1,0,0,0,0,0,0,6.75585E+20,5.34187E+21,1.13633E+16,4.82057E+16
179530,9,1,79,123,2018,6,18,3,3,5,3,0,1,1,0,0,0,0,1,6.75589E+20,5.33348E+21,1.13599E+16,4.81303E+16
179531,9,1,88,121,2018,6,13,1,3,0,7,0,0,0,0,1,0,0,1,6.70688E+20,5.33031E+21,1.12928E+16,4.81032E+16
179532,9,1,79,121,2018,6,17,1,3,5,3,0,1,1,0,0,0,0,0,6.66658E+20,5.33815E+21,1.12418E+16,4.81747E+16
179533,9,1,77,117,2018,6,14,3,3,5,6,0,0,1,0,0,1,0,0,7.14156E+20,5.35302E+21,1.18875E+16,4.82941E+16
179534,9,1,74,126,2018,6,13,1,3,0,1,0,1,1,0,0,0,0,0,6.83205E+20,5.34485E+21,1.14671E+16,4.82304E+16
179535,9,1,78,145,2018,6,20,1,2,5,3,0,0,1,0,1,0,0,0,6.97502E+20,5.3545E+21,1.16639E+16,4.83128E+16
179536,9,1,62,0,2018,6,13,2,3,2,6,0,0,1,0,1,0,0,0,6.89816E+20,5.33673E+21,1.15524E+16,4.81555E+16
179537,9,1,78,116,2018,6,9,1,2,0,1,0,1,0,0,0,0,0,0,7.00993E+20,5.3808E+21,1.17235E+16,4.8548E+16
179538,9,1,62,0,2018,6,16,7,3,1,7,0,1,1,0,0,0,0,0,6.98959E+20,5.33376E+21,1.16738E+16,4.8126E+16
179539,9,1,62,0,2018,6,15,2,3,6,6,0,1,0,1,0,0,0,0,6.90128E+20,5.33493E+21,1.15558E+16,4.81392E+16
179540,9,1,62,0,2018,6,19,2,3,4,6,0,1,1,0,0,0,0,0,6.91175E+20,5.33463E+21,1.15697E+16,4.81362E+16
179541,9,1,62,0,2018,6,12,7,3,5,7,0,0,1,0,0,0,0,0,6.87649E+20,5.3336E+21,1.15219E+16,4.8128E+16
179542,9,1,62,0,2018,6,13,2,3,5,2,0,0,1,0,1,0,0,0,6.88634E+20,5.3324E+21,1.15346E+16,4.81169E+16
179543,9,1,62,0,2018,6,15,7,3,5,3,0,1,1,0,0,0,0,0,6.88082E+20,5.33973E+21,1.15304E+16,4.81829E+16
179544,9,1,62,0,2018,6,16,7,3,5,2,0,1,0,0,0,0,1,0,6.91792E+20,5.33204E+21,1.15768E+16,4.81127E+16
179545,9,1,62,0,2018,6,13,2,3,4,2,0,1,1,0,0,0,0,0,6.90186E+20,5.33373E+21,1.1556E+16,4.81283E+16
179546,9,1,62,0,2018,6,13,7,3,0,7,0,0,0,0,0,0,1,0,6.89456E+20,5.33839E+21,1.15483E+16,4.81705E+16
179547,9,1,62,0,2018,6,19,2,3,1,5,0,0,1,0,0,0,0,0,6.9584E+20,5.33503E+21,1.16325E+16,4.81383E+16
179548,9,1,62,0,2018,6,1,7,3,8,1,2,0,0,0,1,0,0,0,7.0164E+20,5.33216E+21,1.1709E+16,4.81108E+16
179549,9,1,62,0,2018,6,0,2,3,5,3,2,0,1,0,0,0,1,0,6.82825E+20,5.33753E+21,1.14588E+16,4.81647E+16
179550,9,1,62,0,2018,6,15,2,3,1,5,0,1,0,0,0,0,1,0,6.88267E+20,5.33928E+21,1.15327E+16,4.81788E+16
179551,9,1,62,0,2018,6,13,7,2,4,2,0,1,1,0,0,0,0,0,6.87468E+20,5.33893E+21,1.15218E+16,4.81759E+16
179552,9,1,62,0,2018,6,16,7,3,0,2,0,1,0,0,1,0,0,0,6.90343E+20,5.33385E+21,1.15582E+16,4.81294E+16
179553,9,1,62,0,2018,6,7,2,3,1,5,0,1,1,0,0,0,0,0,6.92868E+20,5.33882E+21,1.15943E+16,4.81733E+16
179554,9,1,62,0,2018,6,8,2,3,0,7,0,0,0,0,1,0,0,0,6.90548E+20,5.33526E+21,1.15615E+16,4.8142E+16
179555,9,1,62,0,2018,6,6,7,3,1,5,0,0,1,0,0,1,0,0,6.82222E+20,5.33565E+21,1.14499E+16,4.8148E+16
179556,9,1,62,0,2018,6,16,2,3,2,6,0,1,1,0,0,0,0,0,6.93008E+20,5.33386E+21,1.15939E+16,4.81287E+16
179557,9,1,62,0,2018,6,9,2,2,5,2,0,1,1,0,0,0,0,0,6.87921E+20,5.33052E+21,1.15242E+16,4.81002E+16
179558,9,1,62,0,2018,6,13,7,3,5,3,0,0,1,0,0,0,0,0,6.82428E+20,5.34134E+21,1.14551E+16,4.8199E+16
179559,9,1,84,139,2018,6,8,7,2,0,1,0,0,0,0,1,0,0,0,6.87793E+20,5.32586E+21,1.15204E+16,4.80583E+16
179560,9,1,62,0,2018,6,18,2,3,1,6,0,0,1,0,1,0,0,0,6.90909E+20,5.33969E+21,1.15684E+16,4.81817E+16
179561,9,1,62,0,2018,6,12,2,3,5,3,0,1,1,0,0,0,0,0,6.90443E+20,5.33392E+21,1.15595E+16,4.81301E+16
179562,9,1,62,0,2018,6,12,7,3,2,6,0,0,1,0,0,0,0,0,6.89493E+20,5.33146E+21,1.15457E+16,4.81082E+16
179563,9,1,62,0,2018,6,18,2,3,0,2,0,1,1,0,0,0,0,1,6.88579E+20,5.33632E+21,1.15356E+16,4.81521E+16
179564,9,1,62,0,2018,6,14,2,3,1,6,0,0,1,0,0,0,1,0,6.86155E+20,5.33521E+21,1.15025E+16,4.81429E+16
179565,9,7,75,152,2018,6,18,7,3,8,7,0,0,1,0,0,0,0,0,5.79902E+20,5.35298E+21,1.00779E+16,4.83249E+16
179566,9,7,75,164,2018,6,8,7,3,0,1,0,1,0,0,0,0,0,1,5.86274E+20,5.35108E+21,1.01635E+16,4.8307E+16
179567,9,1,62,0,2018,6,16,2,3,4,2,0,0,1,0,0,0,0,0,6.88287E+20,5.33573E+21,1.15314E+16,4.8147E+16
179568,9,1,62,0,2018,6,17,2,3,0,2,0,0,1,0,0,0,0,1,6.90803E+20,5.34226E+21,1.15681E+16,4.82049E+16
179569,9,7,75,135,2018,6,13,7,3,3,1,0,1,0,0,0,0,0,0,5.76105E+20,5.36169E+21,1.00283E+16,4.84038E+16
179570,9,1,62,0,2018,6,7,2,3,0,1,0,1,0,0,0,0,0,0,6.82456E+20,5.34146E+21,1.14555E+16,4.82001E+16
179571,9,7,75,135,2018,6,19,7,3,5,3,0,1,1,0,1,0,0,0,5.75E+20,5.35863E+21,1.00128E+16,4.83763E+16
179572,9,1,62,0,2018,6,14,2,3,1,7,0,0,1,0,0,0,1,0,6.93898E+20,5.33551E+21,1.16067E+16,4.81433E+16
179573,9,7,78,173,2018,6,0,7,3,0,7,2,1,0,0,0,0,1,0,6.11376E+20,5.32296E+21,1.04945E+16,4.80502E+16
179574,9,7,80,139,2018,6,15,7,2,0,1,0,1,0,0,0,0,0,0,5.97204E+20,5.25987E+21,1.02903E+16,4.7485E+16
179575,9,1,62,0,2018,6,9,2,3,5,2,0,1,0,0,0,0,0,0,6.89208E+20,5.33299E+21,1.15425E+16,4.8122E+16
179576,9,1,62,0,2018,6,16,2,3,0,7,0,1,0,0,0,0,0,0,6.87481E+20,5.33103E+21,1.15185E+16,4.8105E+16
179577,9,7,76,116,2018,6,11,7,3,0,1,0,1,0,0,0,0,1,0,5.50801E+20,5.26746E+21,9.67528E+15,4.75586E+16
179578,9,1,62,0,2018,6,9,2,3,0,7,0,0,0,0,0,0,1,0,6.90144E+20,5.33484E+21,1.15559E+16,4.81384E+16
179579,9,1,62,0,2018,6,16,2,3,1,7,0,1,0,0,0,0,0,0,6.90769E+20,5.33642E+21,1.1565E+16,4.81524E+16
179580,9,7,76,116,2018,6,14,7,3,0,1,0,1,0,0,0,0,0,0,5.50797E+20,5.26746E+21,9.67523E+15,4.75586E+16
179581,9,7,80,124,2018,6,17,7,3,0,1,0,1,0,0,0,0,0,0,5.87198E+20,5.26966E+21,1.01595E+16,4.75745E+16
179582,9,1,62,0,2018,6,7,2,3,6,4,0,1,0,1,0,0,0,0,6.90685E+20,5.33621E+21,1.15638E+16,4.81505E+16
179583,9,7,73,125,2018,6,15,7,3,0,1,0,1,0,0,0,0,0,0,6.10477E+20,5.38068E+21,1.04976E+16,4.85695E+16
179584,9,7,71,130,2018,6,12,7,3,0,3,0,1,1,0,0,0,0,0,6.46401E+20,5.35762E+21,1.09762E+16,4.83548E+16
179585,9,7,78,187,2018,6,17,2,3,0,3,0,1,1,0,0,0,0,0,6.08137E+20,5.33104E+21,1.04531E+16,4.81235E+16
179586,9,7,75,162,2018,6,11,2,3,5,7,0,1,1,0,0,0,0,0,5.80023E+20,5.34779E+21,1.00786E+16,4.82782E+16
179587,9,7,61,0,2018,6,16,7,3,3,6,0,1,1,0,0,0,0,0,6.36287E+20,5.36005E+21,1.08406E+16,4.83789E+16
179588,9,7,61,0,2018,6,13,7,3,5,3,0,0,1,0,1,0,0,0,6.37453E+20,5.35733E+21,1.08554E+16,4.83542E+16
179589,9,7,74,155,2018,6,10,2,3,0,7,0,0,1,0,0,0,0,0,5.89513E+20,5.36795E+21,1.02108E+16,4.84583E+16
179590,9,7,63,0,2018,6,12,2,3,0,7,0,1,0,0,0,0,0,0,5.99572E+20,5.28519E+21,1.03275E+16,4.77124E+16
179591,9,7,61,0,2018,6,16,7,3,0,7,0,1,0,0,0,0,0,0,6.39506E+20,5.35556E+21,1.08825E+16,4.83378E+16
179592,9,7,80,143,2018,6,11,2,3,0,1,0,1,0,0,0,0,0,0,5.96287E+20,5.27662E+21,1.02818E+16,4.76359E+16
179593,9,6,63,0,2018,6,18,7,3,3,6,0,0,1,0,1,0,0,0,5.66407E+20,5.51699E+21,9.92281E+15,4.98017E+16
179594,9,6,73,114,2018,6,12,7,3,2,6,0,0,1,0,0,0,0,0,5.87236E+20,5.57587E+21,1.02256E+16,5.03285E+16
179595,9,7,80,139,2018,6,15,2,3,0,1,0,1,0,0,0,0,0,1,5.96311E+20,5.26309E+21,1.02792E+16,4.75141E+16
179596,9,6,62,0,2018,6,14,7,2,0,7,0,1,0,0,0,0,0,0,5.86641E+20,5.54354E+21,1.02099E+16,5.00379E+16
179597,9,6,76,112,2018,6,20,7,3,0,1,0,1,0,0,0,0,0,1,5.15757E+20,5.49846E+21,9.21823E+15,4.96385E+16
179598,9,7,80,115,2018,6,7,2,3,5,3,0,1,1,0,0,0,0,0,5.94587E+20,5.26471E+21,1.02566E+16,4.75289E+16
179599,9,7,72,147,2018,6,16,2,2,5,2,0,1,0,0,1,0,0,0,6.37833E+20,5.36539E+21,1.08632E+16,4.84266E+16
179600,9,7,61,0,2018,6,16,2,2,5,3,0,1,1,0,0,0,0,0,6.38982E+20,5.36261E+21,1.08778E+16,4.84013E+16
179601,9,7,61,0,2018,6,16,2,3,5,3,0,1,1,0,0,0,0,0,6.37896E+20,5.36094E+21,1.08626E+16,4.83865E+16
179602,9,5,62,0,2018,6,9,7,3,0,3,0,1,0,0,0,0,1,0,6.44738E+20,5.49606E+21,1.10031E+16,4.95997E+16
179603,9,5,74,138,2018,6,10,7,3,6,4,0,0,1,1,0,0,0,0,6.64881E+20,5.48698E+21,1.12778E+16,4.9513E+16
179604,9,7,61,0,2018,6,18,2,3,4,2,0,1,0,0,1,0,0,1,6.39122E+20,5.35639E+21,1.08776E+16,4.83453E+16
179605,9,5,63,0,2018,6,22,7,3,8,7,2,0,1,0,0,0,0,0,6.4011E+20,5.4806E+21,1.09336E+16,4.94619E+16
179606,9,5,64,0,2018,6,16,7,2,4,7,0,0,1,0,0,0,1,1,6.51509E+20,5.47864E+21,1.109E+16,4.94416E+16
179607,9,7,61,0,2018,6,17,2,3,6,4,0,0,1,1,0,0,0,0,6.39672E+20,5.36004E+21,1.08863E+16,4.83781E+16
179608,9,5,64,0,2018,6,3,7,3,0,1,2,1,0,0,0,0,0,0,6.49572E+20,5.47934E+21,1.10636E+16,4.94483E+16
179609,9,6,79,196,2018,6,5,2,2,7,7,0,0,1,0,0,0,0,0,5.52893E+20,5.51629E+21,9.73494E+15,4.97967E+16
179610,9,5,64,0,2018,6,13,7,3,5,3,0,1,0,0,0,0,0,0,6.5464E+20,5.48002E+21,1.11337E+16,4.94532E+16
179611,9,6,79,205,2018,6,11,2,2,5,3,0,0,1,0,1,0,0,0,5.55421E+20,5.51481E+21,9.76986E+15,4.97832E+16
179612,9,5,71,199,2018,6,15,7,2,8,6,0,0,1,0,1,0,0,0,5.88031E+20,5.4461E+21,1.02075E+16,4.91614E+16
179613,9,6,63,0,2018,6,11,2,3,0,6,0,0,1,0,0,0,1,0,5.68703E+20,5.51666E+21,9.95466E+15,4.97984E+16
179614,9,6,63,0,2018,6,18,2,3,0,1,0,1,0,0,0,0,0,1,5.66933E+20,5.51606E+21,9.92997E+15,4.97933E+16
179615,9,4,63,0,2018,6,19,7,3,0,1,0,1,0,0,0,0,0,0,6.4001E+20,5.56803E+21,1.09638E+16,5.02478E+16
179616,9,1,62,0,2018,6,11,5,3,5,3,0,0,1,0,0,0,0,0,6.83144E+20,5.33755E+21,1.14631E+16,4.81648E+16
179617,9,1,62,0,2018,6,7,5,3,3,5,0,0,1,0,0,0,0,0,6.9078E+20,5.33982E+21,1.15667E+16,4.81829E+16
179618,9,1,62,0,2018,6,8,5,3,3,6,0,1,1,0,0,0,0,0,6.90487E+20,5.33516E+21,1.15607E+16,4.81411E+16
179619,9,1,62,0,2018,6,9,5,3,4,2,0,1,1,0,0,0,0,0,6.88043E+20,5.33963E+21,1.15298E+16,4.81821E+16
179620,9,1,62,0,2018,6,14,5,3,6,7,0,0,1,1,0,0,0,0,6.96951E+20,5.33076E+21,1.16455E+16,4.80996E+16
179621,9,1,62,0,2018,6,16,5,3,6,4,0,0,1,1,0,0,0,0,6.91058E+20,5.34284E+21,1.15718E+16,4.821E+16
179622,9,1,62,0,2018,6,13,5,3,6,2,0,0,1,1,0,0,0,0,6.88013E+20,5.33963E+21,1.15294E+16,4.81821E+16
179623,9,1,62,0,2018,6,10,5,3,0,1,0,1,0,0,0,0,0,0,6.82852E+20,5.34138E+21,1.14608E+16,4.81993E+16
179624,9,1,62,0,2018,6,19,5,3,4,3,0,1,0,0,0,0,0,0,6.99812E+20,5.3354E+21,1.1686E+16,4.81405E+16
179625,9,1,62,0,2018,6,9,5,3,2,6,0,0,1,0,1,0,0,0,6.89944E+20,5.33064E+21,1.15514E+16,4.81007E+16
179626,9,1,62,0,2018,6,5,5,3,3,6,0,0,1,0,0,0,0,0,6.93839E+20,5.33511E+21,1.16057E+16,4.81397E+16
179627,9,1,62,0,2018,6,17,5,3,6,7,0,0,0,1,0,0,1,0,6.88989E+20,5.3324E+21,1.15393E+16,4.81168E+16
179628,9,1,62,0,2018,6,9,5,3,0,7,0,0,1,0,1,0,0,0,6.91577E+20,5.33534E+21,1.15754E+16,4.81424E+16
179629,9,7,64,0,2018,6,7,5,2,5,3,0,0,1,0,1,0,0,0,5.88794E+20,5.31458E+21,1.01899E+16,4.79784E+16
179630,9,7,64,0,2018,6,10,5,3,5,3,0,0,1,0,0,0,0,0,5.86252E+20,5.31552E+21,1.0156E+16,4.79872E+16
179631,9,7,78,115,2018,6,1,5,3,4,7,2,0,1,0,1,0,0,0,5.93482E+20,5.33242E+21,1.02566E+16,4.81381E+16
179632,9,7,75,118,2018,6,23,5,3,2,6,2,0,1,0,0,0,0,0,5.91626E+20,5.34523E+21,1.02344E+16,4.82536E+16
179633,9,2,75,128,2018,6,20,7,3,0,7,0,1,0,0,0,0,0,0,8.29427E+20,5.40076E+21,1.34753E+16,4.86729E+16
179634,9,2,75,141,2018,6,23,7,2,9,1,2,0,0,0,1,0,0,0,8.16533E+20,5.36806E+21,1.32758E+16,4.83861E+16
179635,9,7,78,116,2018,6,12,5,3,5,3,0,0,1,0,0,0,0,0,6.19178E+20,5.32011E+21,1.05984E+16,4.80231E+16
179636,9,7,78,203,2018,6,17,5,2,1,5,0,1,1,0,0,0,0,0,6.22738E+20,5.3254E+21,1.06476E+16,4.80701E+16
179637,9,2,61,0,2018,6,12,7,3,4,2,0,0,1,0,1,0,0,0,7.31591E+20,5.3836E+21,1.21391E+16,4.85627E+16
179638,9,7,63,0,2018,6,13,5,3,5,2,0,0,1,0,0,0,0,0,5.99575E+20,5.28722E+21,1.0328E+16,4.77306E+16
179639,9,2,61,0,2018,6,23,7,3,9,1,2,0,1,0,0,0,0,0,7.30614E+20,5.38241E+21,1.21252E+16,4.85523E+16
179640,9,2,74,128,2018,6,14,7,3,0,1,0,1,0,0,0,0,0,0,7.34981E+20,5.38943E+21,1.21883E+16,4.86138E+16
179641,9,7,63,0,2018,6,17,5,3,8,1,0,0,0,0,1,0,0,0,5.99231E+20,5.29065E+21,1.03242E+16,4.77615E+16
179642,9,2,79,132,2018,6,18,7,2,4,7,0,0,1,0,0,0,0,0,7.68692E+20,5.39978E+21,1.26515E+16,4.86931E+16