OBJECTID_1,ULAND,UREGBEZ,UKREIS,UGEMEINDE,UJAHR,UMONAT,USTUNDE,UWOCHENTAG,UKATEGORIE,UART,UTYP1,ULICHTVERH,IstRad,IstPKW,IstFuss,IstKrad,IstGkfz,IstSonstig,STRZUSTAND,LINREFX,LINREFY,XGCSWGS84,YGCSWGS84
179829,9,1,87,177,2018,6,2,6,3,0,1,2,1,0,0,0,0,0,0,7.36154E+20,5.30482E+21,1.2157E+16,4.78533E+16
179830,9,1,82,123,2018,6,15,6,2,2,2,0,0,0,0,1,0,1,0,7.1763E+20,5.30126E+21,1.19079E+16,4.78278E+16
179831,9,4,63,0,2018,6,8,4,3,5,3,0,1,0,0,1,0,0,0,6.39491E+20,5.56884E+21,1.09568E+16,5.02552E+16
179832,9,4,62,0,2018,6,23,4,2,5,3,2,0,1,0,0,0,0,0,6.87274E+20,5.53783E+21,1.16113E+16,4.99634E+16
179833,9,1,87,179,2018,6,7,6,2,0,5,0,1,0,0,0,1,0,0,7.2138E+20,5.31704E+21,1.19661E+16,4.79684E+16
179834,9,4,61,0,2018,6,12,4,3,5,3,0,0,1,0,0,0,0,0,6.36595E+20,5.53049E+21,1.09025E+16,4.99112E+16
179835,9,3,72,116,2018,6,13,4,3,5,3,0,0,1,0,1,0,0,0,7.67062E+20,5.45802E+21,1.26676E+16,4.92166E+16
179836,9,1,87,130,2018,6,8,6,3,1,5,0,0,1,0,0,0,0,0,7.11503E+20,5.30922E+21,1.18301E+16,4.79014E+16
179837,9,1,61,0,2018,6,7,6,3,5,3,0,1,1,0,0,0,0,0,6.78164E+20,5.40211E+21,1.14237E+16,4.87465E+16
179838,9,3,61,0,2018,6,9,4,2,8,7,0,0,1,0,0,0,0,0,7.0723E+20,5.48003E+21,1.18585E+16,4.94376E+16
179839,9,2,75,141,2018,6,15,4,3,8,1,0,1,0,0,0,0,0,0,8.19212E+20,5.36978E+21,1.33132E+16,4.84003E+16
179840,9,1,76,139,2018,6,14,6,3,4,6,0,0,1,0,0,0,0,0,6.83102E+20,5.40941E+21,1.1494E+16,4.88107E+16
179841,9,2,72,146,2018,6,11,4,2,5,3,0,0,1,0,1,0,0,0,8.28322E+20,5.42451E+21,1.34792E+16,4.88865E+16
179842,9,1,85,131,2018,6,19,6,2,2,2,0,0,1,0,1,0,0,0,6.63681E+20,5.3779E+21,1.12172E+16,4.85328E+16
179843,9,2,79,134,2018,6,16,4,3,5,3,0,0,1,0,0,0,0,0,7.67409E+20,5.38649E+21,1.26255E+16,4.85744E+16
179844,9,1,85,168,2018,6,6,6,2,2,5,0,0,1,0,0,0,0,0,6.72844E+20,5.39674E+21,1.13491E+16,4.86997E+16
179845,9,1,79,142,2018,6,17,6,3,3,7,0,1,1,0,0,0,0,0,6.73193E+20,5.34213E+21,1.13313E+16,4.82087E+16
179846,9,1,90,157,2018,6,13,4,3,5,3,0,0,1,0,0,0,0,1,6.60708E+20,5.30126E+21,1.1148E+16,4.78446E+16
179847,9,1,73,135,2018,6,6,4,3,5,2,0,1,1,0,0,0,0,1,6.93414E+20,5.28402E+21,1.1577E+16,4.76806E+16
179848,9,1,81,145,2018,6,20,6,3,0,7,0,1,0,0,0,0,0,0,6.44216E+20,5.33054E+21,1.09375E+16,4.81118E+16
179849,9,1,72,118,2018,6,5,4,3,0,1,0,1,0,0,0,0,0,1,7.97567E+20,5.30569E+21,1.29768E+16,4.78356E+16
179850,9,1,78,130,2018,6,11,4,3,5,3,0,1,1,0,0,0,0,1,7.0299E+20,5.35499E+21,1.17381E+16,4.83155E+16
179851,9,1,81,113,2018,6,11,6,3,5,3,0,1,0,1,0,0,0,0,6.38379E+20,5.30826E+21,1.0852E+16,4.79127E+16
179852,9,1,79,121,2018,6,17,6,2,0,1,0,1,0,0,0,0,0,0,6.66465E+20,5.33865E+21,1.12394E+16,4.81793E+16
179853,9,1,62,0,2018,6,7,3,3,5,3,0,1,0,0,0,0,0,0,6.89914E+20,5.33158E+21,1.15514E+16,4.81091E+16
179854,9,1,78,124,2018,6,12,6,3,5,3,0,1,1,0,0,0,0,0,7.04516E+20,5.36345E+21,1.17627E+16,4.8391E+16
179855,9,1,75,113,2018,6,10,6,2,0,1,0,1,0,0,0,0,0,0,7.17165E+20,5.31489E+21,1.19086E+16,4.79505E+16
179856,9,1,62,0,2018,6,17,3,3,5,2,0,1,1,0,0,0,0,1,6.89379E+20,5.33714E+21,1.15467E+16,4.81593E+16
179857,9,1,62,0,2018,6,22,3,2,5,2,2,0,1,0,1,0,0,0,6.89045E+20,5.33717E+21,1.15422E+16,4.81597E+16
179858,9,1,62,0,2018,6,15,5,2,0,2,0,1,1,0,0,0,0,0,6.87466E+20,5.33566E+21,1.15203E+16,4.81466E+16
179859,9,1,62,0,2018,6,10,5,3,1,5,0,1,1,0,0,0,0,0,6.9177E+20,5.33643E+21,1.15785E+16,4.81522E+16
179860,9,1,62,0,2018,6,16,3,3,5,3,0,1,1,0,0,0,0,1,6.92441E+20,5.33485E+21,1.15868E+16,4.81378E+16
179861,9,1,62,0,2018,6,8,3,3,4,2,0,1,1,0,0,0,0,0,6.93635E+20,5.33335E+21,1.16021E+16,4.81239E+16
179862,9,1,62,0,2018,6,16,5,3,0,7,0,0,0,0,1,0,0,0,6.98951E+20,5.33375E+21,1.16737E+16,4.81259E+16
179863,9,1,62,0,2018,6,19,3,3,4,6,0,0,1,0,0,0,0,1,6.92492E+20,5.33211E+21,1.15862E+16,4.81131E+16
179864,9,1,62,0,2018,6,10,5,3,5,3,0,1,1,0,0,0,0,0,6.93215E+20,5.3291E+21,1.15946E+16,4.80859E+16
179865,9,1,62,0,2018,6,19,5,3,5,2,0,0,1,0,1,0,0,0,6.93346E+20,5.32915E+21,1.15963E+16,4.80863E+16
179866,9,1,62,0,2018,6,14,3,3,5,3,0,0,1,1,1,0,0,0,6.96467E+20,5.3371E+21,1.16419E+16,4.81567E+16
179867,9,1,62,0,2018,6,9,5,3,2,3,0,1,1,0,0,0,0,0,6.89979E+20,5.33722E+21,1.15548E+16,4.81598E+16
179868,9,1,62,0,2018,6,8,5,3,5,2,0,1,1,0,0,0,0,0,6.94524E+20,5.33245E+21,1.16137E+16,4.81156E+16
179869,9,1,62,0,2018,6,17,3,3,1,5,0,0,1,0,0,0,0,1,6.83708E+20,5.3325E+21,1.14685E+16,4.81193E+16
179870,9,1,62,0,2018,6,8,3,2,4,2,0,0,1,0,1,0,0,0,6.90266E+20,5.33565E+21,1.15579E+16,4.81456E+16
179871,9,1,84,146,2018,6,8,3,2,6,4,0,0,0,1,0,1,0,0,6.98648E+20,5.32812E+21,1.1667E+16,4.80754E+16
179872,9,1,62,0,2018,6,6,3,2,6,4,0,1,0,1,0,0,0,0,6.93356E+20,5.32968E+21,1.15967E+16,4.80911E+16
179873,9,1,62,0,2018,6,11,5,3,0,3,0,1,1,0,0,0,0,0,6.96342E+20,5.33192E+21,1.16378E+16,4.81102E+16
179874,9,1,84,123,2018,6,19,5,3,0,1,0,0,0,0,1,0,0,0,7.03233E+20,5.33147E+21,1.17301E+16,4.8104E+16
179875,9,1,62,0,2018,6,22,3,3,5,3,2,0,1,0,0,0,0,1,6.88529E+20,5.33441E+21,1.15341E+16,4.8135E+16
179876,9,1,62,0,2018,6,8,5,3,5,2,0,1,1,0,0,0,0,0,6.94206E+20,5.33434E+21,1.16102E+16,4.81326E+16
179877,9,1,62,0,2018,6,18,5,3,5,3,0,1,1,0,0,0,0,0,6.83134E+20,5.33596E+21,1.14623E+16,4.81505E+16
179878,9,1,62,0,2018,6,14,3,3,2,6,0,0,1,0,0,0,0,1,6.91188E+20,5.34057E+21,1.15725E+16,4.81895E+16
179879,9,1,62,0,2018,6,18,5,3,0,1,0,1,0,0,0,0,0,0,6.92214E+20,5.33433E+21,1.15835E+16,4.81332E+16
179880,9,1,62,0,2018,6,7,3,3,5,3,0,1,1,0,0,0,0,0,6.86714E+20,5.33853E+21,1.15115E+16,4.81726E+16
179881,9,1,62,0,2018,6,8,5,3,5,2,0,1,1,0,0,0,0,0,6.88823E+20,5.33497E+21,1.15383E+16,4.81399E+16
179882,9,1,62,0,2018,6,15,3,3,2,6,0,0,1,0,0,0,0,1,6.88517E+20,5.3381E+21,1.15355E+16,4.81682E+16
179883,9,1,62,0,2018,6,19,5,3,3,6,0,0,1,0,0,0,0,0,6.90843E+20,5.33479E+21,1.15653E+16,4.81377E+16
179884,9,1,84,146,2018,6,7,3,3,7,7,0,1,0,0,0,0,0,0,6.96479E+20,5.32882E+21,1.16382E+16,4.80823E+16
179885,9,1,84,123,2018,6,13,3,3,1,5,0,1,1,0,0,0,0,0,7.02387E+20,5.33172E+21,1.17188E+16,4.81066E+16
179886,9,5,64,0,2018,6,9,2,3,5,3,0,1,1,0,0,0,0,0,6.53055E+20,5.47997E+21,1.11119E+16,4.94531E+16
179887,9,5,64,0,2018,6,17,2,3,2,6,0,0,1,0,0,0,0,0,6.52573E+20,5.48414E+21,1.11068E+16,4.94907E+16
179888,9,5,64,0,2018,6,20,2,3,5,2,0,1,1,0,0,0,0,0,6.49764E+20,5.47934E+21,1.10662E+16,4.94483E+16
179889,9,5,64,0,2018,6,14,2,2,6,7,0,0,1,1,0,0,0,0,6.54769E+20,5.47436E+21,1.11333E+16,4.94023E+16
179890,9,5,64,0,2018,6,11,2,3,1,7,0,1,1,0,0,0,0,0,6.51498E+20,5.47945E+21,1.10902E+16,4.94488E+16
179891,9,5,64,0,2018,6,16,2,3,5,3,0,0,1,0,0,0,0,0,6.50789E+20,5.48079E+21,1.10809E+16,4.9461E+16
179892,9,5,64,0,2018,6,13,2,3,5,7,0,0,1,0,1,0,0,0,6.52204E+20,5.47882E+21,1.10997E+16,4.9443E+16
179893,9,5,64,0,2018,6,22,2,3,6,4,2,0,1,1,0,0,0,0,6.50202E+20,5.47942E+21,1.10723E+16,4.94489E+16
179894,9,5,75,133,2018,6,16,2,3,6,4,0,0,1,1,0,0,0,0,5.99784E+20,5.48189E+21,1.03776E+16,4.94815E+16
179895,9,4,75,120,2018,6,14,2,3,6,7,0,0,1,1,0,0,0,0,7.12352E+20,5.57364E+21,1.19804E+16,5.02766E+16
179896,9,4,64,0,2018,6,8,2,2,1,5,0,1,1,0,0,0,0,0,7.07807E+20,5.57508E+21,1.19175E+16,5.02912E+16
179897,9,4,76,154,2018,6,16,2,2,8,7,0,0,1,0,0,0,0,0,6.56885E+20,5.5716E+21,1.12018E+16,5.02757E+16
179898,9,4,63,0,2018,6,21,2,3,5,3,1,1,1,0,0,0,0,0,6.40049E+20,5.5698E+21,1.0965E+16,5.02637E+16
179899,9,4,63,0,2018,6,5,2,3,7,7,1,0,1,0,0,0,0,0,6.40678E+20,5.56736E+21,1.09729E+16,5.02417E+16
179900,9,4,72,199,2018,6,7,2,3,2,6,0,0,1,0,0,0,0,0,6.95397E+20,5.53624E+21,1.17236E+16,4.99466E+16
179901,9,4,62,0,2018,6,12,2,3,6,6,0,0,1,1,0,0,0,0,6.85116E+20,5.53545E+21,1.15801E+16,4.99427E+16
179902,9,4,71,123,2018,6,17,2,3,2,6,0,0,1,0,0,0,0,0,6.45977E+20,5.51813E+21,1.10285E+16,4.97979E+16
179903,9,4,61,0,2018,6,17,2,3,0,2,0,1,1,0,0,0,0,0,6.37576E+20,5.5307E+21,1.09163E+16,4.99129E+16
179904,9,3,63,0,2018,6,19,2,3,2,6,0,0,1,0,0,0,0,0,7.28987E+20,5.5067E+21,1.21737E+16,4.96693E+16
179905,9,3,63,0,2018,6,12,2,3,5,3,0,0,1,0,0,0,0,0,7.28111E+20,5.50766E+21,1.21621E+16,4.96783E+16
179906,9,3,62,0,2018,6,14,2,3,5,3,0,0,1,0,0,1,0,0,7.29903E+20,5.43292E+21,1.21438E+16,4.90063E+16
179907,9,3,75,165,2018,6,16,2,3,0,7,0,1,0,0,0,0,0,0,7.25867E+20,5.43839E+21,1.20918E+16,4.90569E+16
179908,9,3,75,190,2018,6,7,2,3,0,6,0,1,1,0,0,0,0,0,7.29234E+20,5.44985E+21,1.21443E+16,4.91586E+16
179909,9,3,62,0,2018,6,14,2,3,4,2,0,1,1,0,0,0,0,0,7.26792E+20,5.43359E+21,1.21017E+16,4.90134E+16
179910,9,1,62,0,2018,6,16,3,3,3,6,0,0,1,0,1,0,0,0,6.91927E+20,5.3339E+21,1.15795E+16,4.81294E+16
179911,9,3,62,0,2018,6,16,2,3,0,1,0,0,0,0,1,0,0,1,7.29813E+20,5.43374E+21,1.21431E+16,4.90137E+16
179912,9,3,72,116,2018,6,13,2,3,5,3,0,0,1,0,0,0,0,0,7.66294E+20,5.45606E+21,1.26557E+16,4.91994E+16
179913,9,3,76,161,2018,6,10,2,3,6,4,0,0,1,1,0,0,0,0,7.26833E+20,5.46782E+21,1.21216E+16,4.9321E+16
179914,9,3,76,150,2018,6,19,2,3,5,3,0,1,1,0,0,0,0,0,7.27994E+20,5.49302E+21,1.2152E+16,4.95468E+16
179915,9,1,62,0,2018,6,12,3,3,0,7,0,1,1,0,0,0,0,0,6.93605E+20,5.33472E+21,1.16024E+16,4.81363E+16
179916,9,1,62,0,2018,6,8,3,3,5,2,0,1,1,0,0,0,0,0,6.87864E+20,5.33814E+21,1.15268E+16,4.81687E+16
179917,9,2,62,0,2018,6,17,2,3,2,6,0,0,1,0,0,0,0,0,8.26934E+20,5.38851E+21,1.34318E+16,4.85643E+16
179918,9,1,88,127,2018,6,11,3,3,0,1,0,1,0,0,0,0,0,0,6.79716E+20,5.3296E+21,1.14137E+16,4.80943E+16
179919,9,2,73,147,2018,6,12,2,3,5,3,0,0,1,0,1,0,0,0,7.04314E+20,5.39146E+21,1.17737E+16,4.86428E+16
179920,9,1,62,0,2018,6,18,3,3,5,2,0,1,0,0,1,0,0,0,6.91069E+20,5.33436E+21,1.15681E+16,4.81338E+16
179921,9,2,61,0,2018,6,12,2,3,5,3,0,1,1,0,0,0,0,0,7.24649E+20,5.37767E+21,1.2042E+16,4.85119E+16
179922,9,2,73,152,2018,6,16,2,3,5,3,0,1,1,0,0,0,0,0,7.03146E+20,5.40927E+21,1.17666E+16,4.88032E+16
179923,9,1,84,119,2018,6,7,3,3,5,3,0,1,1,0,0,0,0,0,6.97121E+20,5.34647E+21,1.1655E+16,4.82407E+16
179924,9,1,62,0,2018,6,11,3,1,0,7,0,1,0,0,0,0,0,0,6.95627E+20,5.33902E+21,1.16315E+16,4.81743E+16
179925,9,2,79,126,2018,6,18,2,3,0,7,0,1,0,0,0,0,0,0,7.62216E+20,5.38544E+21,1.25546E+16,4.85671E+16
179926,9,1,62,0,2018,6,10,3,3,0,7,0,1,1,0,0,0,0,0,6.98321E+20,5.33186E+21,1.16643E+16,4.81091E+16
179927,9,1,62,0,2018,6,9,3,3,3,6,0,1,0,0,0,0,1,0,6.91003E+20,5.33617E+21,1.15681E+16,4.815E+16
179928,9,1,89,139,2018,6,7,2,1,8,7,0,0,0,0,0,0,1,1,7.67809E+20,5.28499E+21,1.25672E+16,4.76628E+16
179929,9,1,89,155,2018,6,7,2,3,4,6,0,1,0,0,0,0,0,0,7.71098E+20,5.30711E+21,1.26247E+16,4.78601E+16
179930,9,1,62,0,2018,6,14,3,3,0,3,0,1,0,0,0,0,1,0,6.87524E+20,5.33204E+21,1.15195E+16,4.8114E+16
179931,9,1,71,111,2018,6,13,2,3,0,3,0,1,1,0,0,0,0,0,7.73222E+20,5.34829E+21,1.26793E+16,4.82289E+16
179932,9,1,62,0,2018,6,16,3,3,1,3,0,1,1,0,0,0,0,0,6.92745E+20,5.33315E+21,1.15901E+16,4.81224E+16
179933,9,1,62,0,2018,6,8,3,3,4,2,0,0,1,0,0,0,0,0,6.90699E+20,5.33413E+21,1.15631E+16,4.81318E+16
179934,9,1,62,0,2018,6,7,3,3,0,7,0,1,0,0,0,1,0,0,6.91634E+20,5.33505E+21,1.1576E+16,4.81399E+16
179935,9,1,71,125,2018,6,10,2,3,0,2,0,0,0,0,1,0,0,0,7.73963E+20,5.34947E+21,1.269E+16,4.82392E+16
179936,9,1,62,0,2018,6,18,3,3,6,6,0,1,0,1,0,0,0,0,6.8384E+20,5.33604E+21,1.14718E+16,4.8151E+16
179937,9,1,62,0,2018,6,19,3,3,0,7,0,1,0,0,0,0,1,0,6.86293E+20,5.33725E+21,1.15053E+16,4.81612E+16
179938,9,1,63,0,2018,6,10,2,3,5,3,0,0,1,0,1,0,0,0,7.33874E+20,5.30534E+21,1.21269E+16,4.78588E+16
179939,9,1,62,0,2018,6,16,3,3,2,2,0,0,1,0,1,0,0,0,6.89441E+20,5.33608E+21,1.1547E+16,4.81498E+16
179940,9,1,62,0,2018,6,8,3,3,0,7,0,0,0,0,1,0,0,0,6.86559E+20,5.33636E+21,1.15085E+16,4.81531E+16
179941,9,1,63,0,2018,6,8,2,3,5,3,0,1,1,0,0,0,0,0,7.32139E+20,5.3046E+21,1.21033E+16,4.78527E+16
179942,9,1,87,122,2018,6,19,2,3,5,3,0,1,1,0,0,0,0,0,7.19404E+20,5.30683E+21,1.19344E+16,4.78773E+16
179943,9,1,62,0,2018,6,8,3,3,6,4,0,0,1,1,0,0,0,0,6.84355E+20,5.33188E+21,1.14769E+16,4.81135E+16
179944,9,1,87,130,2018,6,13,2,3,5,3,0,0,1,0,0,0,0,0,7.14995E+20,5.30663E+21,1.18754E+16,4.7877E+16
179945,9,1,79,118,2018,6,13,2,2,5,3,0,1,1,0,0,0,0,0,6.72689E+20,5.33636E+21,1.13221E+16,4.81571E+16
179946,9,1,62,0,2018,6,16,3,3,0,7,0,1,0,0,0,0,0,0,6.98502E+20,5.33491E+21,1.16682E+16,4.81364E+16
179947,9,1,81,118,2018,6,18,2,2,2,6,0,0,1,0,1,0,0,0,6.50206E+20,5.32721E+21,1.10168E+16,4.80804E+16
179948,9,1,62,0,2018,6,18,3,3,0,1,0,1,0,0,0,0,0,0,6.88466E+20,5.33455E+21,1.15333E+16,4.81362E+16
179949,9,1,62,0,2018,6,6,3,3,6,7,0,1,0,1,0,0,0,0,6.92188E+20,5.33558E+21,1.15837E+16,4.81444E+16
179950,9,1,79,145,2018,6,13,2,3,5,3,0,1,1,0,0,0,0,0,6.75318E+20,5.33915E+21,1.13586E+16,4.81813E+16
179951,9,7,75,164,2018,6,12,3,3,5,3,0,1,1,0,0,0,0,0,5.86145E+20,5.35067E+21,1.01617E+16,4.83034E+16
179952,9,7,75,139,2018,6,7,3,3,5,3,0,0,1,0,0,0,1,0,5.80273E+20,5.36799E+21,1.00858E+16,4.84599E+16
179953,9,1,88,120,2018,6,16,2,3,4,2,0,0,1,0,0,0,0,0,6.77022E+20,5.32715E+21,1.13765E+16,4.8073E+16
179954,9,1,79,140,2018,6,20,2,3,5,3,0,0,1,0,0,0,0,0,6.59232E+20,5.34529E+21,1.11447E+16,4.82408E+16
179955,9,1,79,121,2018,6,14,2,3,0,4,0,0,1,1,0,0,0,0,6.67624E+20,5.33961E+21,1.12554E+16,4.81876E+16
179956,9,1,74,115,2018,6,18,2,3,2,6,0,0,1,0,0,0,0,0,6.82904E+20,5.34774E+21,1.14643E+16,4.82565E+16
179957,9,7,75,134,2018,6,11,3,3,6,7,0,0,1,1,0,0,0,0,5.84733E+20,5.36309E+21,1.01451E+16,4.84152E+16
179958,9,7,63,0,2018,6,11,3,3,2,7,0,0,1,0,1,0,0,0,5.98562E+20,5.28575E+21,1.03141E+16,4.77176E+16
179959,9,1,77,117,2018,6,13,2,2,1,6,0,1,1,0,0,0,0,0,7.15264E+20,5.35427E+21,1.1903E+16,4.8305E+16
179960,9,7,63,0,2018,6,18,3,3,5,3,0,0,1,0,1,0,0,0,5.98459E+20,5.2861E+21,1.03128E+16,4.77208E+16
179961,9,7,80,120,2018,6,11,3,2,5,3,0,1,1,0,0,0,0,0,6.00045E+20,5.28464E+21,1.03337E+16,4.77074E+16
179962,9,7,80,134,2018,6,18,3,3,0,1,0,1,0,0,0,0,0,0,5.93547E+20,5.26033E+21,1.02419E+16,4.74897E+16
179963,9,1,77,124,2018,6,7,2,2,0,1,0,0,0,0,1,0,0,0,7.27584E+20,5.36677E+21,1.20757E+16,4.8413E+16
179964,9,7,76,116,2018,6,8,3,3,4,6,0,1,0,0,0,0,0,0,5.50419E+20,5.26781E+21,9.67024E+15,4.75618E+16
179965,9,1,62,0,2018,6,17,1,3,4,2,0,1,1,0,0,0,0,0,6.83452E+20,5.33592E+21,1.14665E+16,4.81501E+16
179966,9,7,72,141,2018,6,14,3,3,4,6,0,0,1,0,0,0,1,0,6.24073E+20,5.35317E+21,1.06737E+16,4.83195E+16
179967,9,1,84,139,2018,6,9,1,2,5,3,0,1,0,0,0,0,0,0,6.87099E+20,5.32421E+21,1.15104E+16,4.80437E+16
179968,9,1,84,134,2018,6,13,1,3,5,7,0,0,1,0,0,0,0,0,6.91448E+20,5.31628E+21,1.15651E+16,4.79711E+16
179969,9,7,72,125,2018,6,9,3,3,1,2,0,1,1,0,0,0,0,0,6.36784E+20,5.34746E+21,1.08432E+16,4.82656E+16
179970,9,1,62,0,2018,6,22,1,3,4,2,2,0,1,0,0,0,0,1,6.9445E+20,5.33347E+21,1.16131E+16,4.81247E+16
179971,9,1,62,0,2018,6,1,1,2,1,5,2,1,0,0,0,0,0,0,6.91655E+20,5.33406E+21,1.15759E+16,4.81309E+16
179972,9,7,61,0,2018,6,15,3,3,5,2,0,0,1,0,1,0,0,0,6.39083E+20,5.35854E+21,1.08778E+16,4.83647E+16
179973,9,7,61,0,2018,6,20,3,3,0,7,0,1,0,0,0,0,0,0,6.42154E+20,5.359E+21,1.09194E+16,4.83681E+16
179974,9,1,62,0,2018,6,11,1,3,3,2,0,0,1,0,0,0,0,0,6.90959E+20,5.33511E+21,1.1567E+16,4.81406E+16
179975,9,1,62,0,2018,6,21,1,3,0,1,2,1,0,0,0,0,0,1,6.88404E+20,5.33646E+21,1.15333E+16,4.81534E+16
179976,9,7,61,0,2018,6,7,3,3,5,1,0,1,1,0,0,0,0,0,6.39828E+20,5.35779E+21,1.08876E+16,4.83578E+16
179977,9,1,62,0,2018,6,16,1,3,2,6,0,0,1,0,0,0,0,0,6.99185E+20,5.33417E+21,1.1677E+16,4.81296E+16
179978,9,1,62,0,2018,6,16,1,3,3,6,0,1,0,0,0,0,0,0,6.92267E+20,5.33729E+21,1.15856E+16,4.81598E+16
179979,9,7,77,144,2018,6,11,1,1,4,1,0,0,1,0,1,0,0,0,6.09482E+20,5.29104E+21,1.0461E+16,4.77634E+16
179980,9,7,61,0,2018,6,7,3,3,5,3,0,1,1,0,0,0,0,0,6.3956E+20,5.35957E+21,1.08846E+16,4.83739E+16
179981,9,7,79,155,2018,6,12,1,3,0,3,0,0,1,0,1,0,0,0,6.28187E+20,5.40671E+21,1.07456E+16,4.88002E+16
179982,9,7,72,185,2018,6,6,1,3,0,1,0,1,0,0,0,0,0,0,6.34215E+20,5.38374E+21,1.08202E+16,4.85924E+16
179983,9,6,63,0,2018,6,10,3,3,0,7,0,0,1,0,0,0,1,0,5.70616E+20,5.51842E+21,9.98157E+15,4.98141E+16
179984,9,7,72,125,2018,6,11,1,3,4,7,0,1,0,0,0,0,0,0,6.34152E+20,5.34825E+21,1.0808E+16,4.82732E+16
179985,9,6,72,127,2018,6,11,3,3,0,6,0,1,1,0,0,0,0,0,5.63592E+20,5.55179E+21,9.88945E+15,5.0115E+16
179986,9,7,61,0,2018,6,0,1,3,0,7,2,1,0,0,0,0,0,0,6.40499E+20,5.35079E+21,1.08943E+16,4.82947E+16
179987,9,6,72,112,2018,6,22,3,3,8,7,2,1,0,0,0,0,0,0,5.79665E+20,5.57148E+21,1.01184E+16,5.02901E+16
179988,9,6,62,0,2018,6,13,3,3,1,5,0,0,1,0,0,0,0,0,5.86941E+20,5.54274E+21,1.02139E+16,5.00306E+16
179989,9,7,61,0,2018,6,21,1,3,0,5,2,0,1,0,1,0,0,0,6.40573E+20,5.35913E+21,1.08981E+16,4.83697E+16
179990,9,6,79,187,2018,6,11,1,2,0,7,0,1,0,0,0,0,0,0,5.73962E+20,5.50576E+21,1.00257E+16,4.96998E+16
179991,9,6,62,0,2018,6,7,3,3,5,3,0,1,1,0,0,0,0,0,5.88791E+20,5.54601E+21,1.02405E+16,5.00598E+16
179992,9,6,62,0,2018,6,11,1,3,5,3,0,0,1,0,0,0,1,0,5.87325E+20,5.54547E+21,1.02199E+16,5.00551E+16
179993,9,5,72,135,2018,6,13,1,3,5,3,0,1,1,0,0,0,0,0,6.31136E+20,5.50739E+21,1.08187E+16,4.97048E+16
179994,9,6,61,0,2018,6,14,3,3,2,6,0,0,1,0,0,0,0,0,5.08087E+20,5.53649E+21,9.1128E+15,4.99807E+16
179995,9,5,72,135,2018,6,22,3,2,5,3,2,1,1,0,0,0,0,0,6.3028E+20,5.50697E+21,1.08067E+16,4.97012E+16
179996,9,5,74,152,2018,6,10,1,3,5,3,0,1,1,0,0,0,0,0,6.62656E+20,5.48372E+21,1.12458E+16,4.94843E+16
179997,9,5,72,132,2018,6,11,3,3,5,3,0,0,1,0,1,0,0,0,6.36092E+20,5.49256E+21,1.08823E+16,4.95703E+16
179998,9,5,62,0,2018,6,14,3,3,3,2,0,1,1,0,0,0,0,0,6.46023E+20,5.49366E+21,1.102E+16,4.95779E+16
179999,9,5,62,0,2018,6,14,3,3,1,5,0,1,1,0,0,0,0,0,6.42738E+20,5.49571E+21,1.09753E+16,4.95971E+16
180000,9,5,63,0,2018,6,9,1,3,9,7,0,1,0,0,0,0,0,0,6.45654E+20,5.48191E+21,1.10105E+16,4.94723E+16
180001,9,5,74,138,2018,6,11,3,3,5,6,0,1,1,0,0,0,0,0,6.64922E+20,5.48592E+21,1.12779E+16,4.95035E+16
180002,9,5,63,0,2018,6,7,3,3,6,7,0,0,1,1,0,0,0,0,6.44546E+20,5.48113E+21,1.09949E+16,4.94656E+16
180003,9,5,64,0,2018,6,5,1,2,8,1,0,0,1,0,0,0,0,0,6.4713E+20,5.478E+21,1.10294E+16,4.94369E+16
180004,9,5,64,0,2018,6,0,1,3,3,6,2,0,1,0,0,0,0,0,6.52177E+20,5.47882E+21,1.10993E+16,4.9443E+16
180005,9,5,64,0,2018,6,7,3,3,0,1,0,1,0,0,0,0,0,0,6.49387E+20,5.48211E+21,1.10621E+16,4.94733E+16
180006,9,5,64,0,2018,6,12,1,3,5,3,0,1,1,0,0,0,0,0,6.52052E+20,5.47081E+21,1.10945E+16,4.93711E+16
180007,9,5,64,0,2018,6,21,3,3,1,7,1,1,1,0,0,0,0,0,6.48402E+20,5.47663E+21,1.10464E+16,4.94242E+16
180008,9,5,64,0,2018,6,23,3,3,0,1,2,1,0,0,0,0,0,0,6.49146E+20,5.48064E+21,1.10582E+16,4.94601E+16
180009,9,5,64,0,2018,6,18,1,3,2,6,0,0,1,0,0,0,0,0,6.47697E+20,5.48003E+21,1.1038E+16,4.9455E+16
180010,9,5,64,0,2018,6,16,3,3,5,3,0,1,1,0,0,0,0,0,6.45022E+20,5.4779E+21,1.10003E+16,4.94365E+16
180011,9,5,64,0,2018,6,14,3,3,5,2,0,0,1,0,0,0,0,0,6.461E+20,5.47984E+21,1.10159E+16,4.94536E+16
180012,9,5,64,0,2018,6,15,1,3,2,6,0,0,1,0,0,0,0,0,6.49876E+20,5.47926E+21,1.10677E+16,4.94475E+16
180013,9,5,64,0,2018,6,12,1,3,0,1,0,1,0,0,0,0,0,0,6.50167E+20,5.47934E+21,1.10718E+16,4.94481E+16
180014,9,5,64,0,2018,6,9,3,2,3,6,0,0,1,0,1,0,0,0,6.45733E+20,5.47884E+21,1.10105E+16,4.94447E+16
180015,9,5,64,0,2018,6,19,1,3,0,2,0,0,1,0,1,0,0,0,6.48391E+20,5.47759E+21,1.10467E+16,4.94329E+16