OBJECTID_1,ULAND,UREGBEZ,UKREIS,UGEMEINDE,UJAHR,UMONAT,USTUNDE,UWOCHENTAG,UKATEGORIE,UART,UTYP1,ULICHTVERH,IstRad,IstPKW,IstFuss,IstKrad,IstGkfz,IstSonstig,STRZUSTAND,LINREFX,LINREFY,XGCSWGS84,YGCSWGS84
180016,9,5,64,0,2018,6,18,1,3,4,6,0,1,0,0,0,0,0,0,6.50788E+20,5.47502E+21,1.10787E+16,4.94091E+16
180017,9,5,64,0,2018,6,16,3,3,4,6,0,0,1,0,0,0,0,0,6.54035E+20,5.48134E+21,1.11259E+16,4.94651E+16
180018,9,4,77,128,2018,6,0,1,2,5,3,2,0,1,0,0,0,1,0,6.72955E+20,5.55234E+21,1.14184E+16,5.00981E+16
180019,9,5,64,0,2018,6,7,3,3,6,1,0,1,0,1,0,0,0,0,6.51556E+20,5.48075E+21,1.10915E+16,4.94605E+16
180020,9,5,64,0,2018,6,18,3,3,5,2,0,1,1,0,0,0,0,0,6.45382E+20,5.47869E+21,1.10056E+16,4.94435E+16
180021,9,4,61,0,2018,6,20,1,3,5,3,0,1,0,0,0,0,0,0,6.35287E+20,5.52766E+21,1.08833E+16,4.9886E+16
180022,9,5,77,122,2018,6,9,3,3,4,6,0,0,1,0,0,0,0,0,6.33729E+20,5.43372E+21,1.08299E+16,4.90419E+16
180023,9,3,77,112,2018,6,18,1,2,8,7,0,0,0,0,1,0,0,0,7.43142E+20,5.52401E+21,1.23803E+16,4.98192E+16
180024,9,5,75,112,2018,6,10,3,3,5,2,0,0,1,0,1,0,0,0,6.02216E+20,5.48395E+21,1.04117E+16,4.94996E+16
180025,9,3,73,155,2018,6,7,1,3,8,1,0,0,0,0,1,0,0,0,6.70248E+20,5.46301E+21,1.13416E+16,4.92961E+16
180026,9,2,71,143,2018,6,9,1,3,4,2,0,1,0,0,0,0,0,0,7.80158E+20,5.40769E+21,1.28123E+16,4.87591E+16
180027,9,4,79,136,2018,6,13,3,3,0,7,0,1,1,0,0,0,0,0,7.21354E+20,5.54377E+21,1.20892E+16,5.00051E+16
180028,9,2,77,121,2018,6,13,1,3,0,7,0,0,0,0,1,0,0,0,7.65737E+20,5.37891E+21,1.25981E+16,4.85071E+16
180029,9,2,73,147,2018,6,15,1,3,5,3,0,0,1,0,0,0,0,0,7.0557E+20,5.39204E+21,1.1791E+16,4.86475E+16
180030,9,4,63,0,2018,6,15,3,3,6,7,0,0,0,1,1,0,0,0,6.38629E+20,5.57026E+21,1.09453E+16,5.02682E+16
180031,9,2,74,194,2018,6,6,1,3,8,1,0,0,1,0,0,0,0,0,7.20084E+20,5.38048E+21,1.19817E+16,4.85387E+16
180032,9,2,73,111,2018,6,3,1,2,9,1,2,0,0,0,1,0,0,0,7.0697E+20,5.41338E+21,1.18207E+16,4.88389E+16
180033,9,4,74,121,2018,6,11,3,3,7,1,0,0,1,0,0,0,0,0,6.57061E+20,5.5172E+21,1.1182E+16,4.97867E+16
180034,9,3,75,165,2018,6,22,3,2,0,1,2,1,0,0,0,0,0,0,7.25518E+20,5.43715E+21,1.20863E+16,4.90459E+16
180035,9,1,71,111,2018,6,4,1,3,8,1,2,0,1,0,0,0,0,0,7.71715E+20,5.34801E+21,1.26589E+16,4.8227E+16
180036,9,3,62,0,2018,6,19,3,3,9,1,0,0,0,0,1,0,0,0,7.2879E+20,5.43248E+21,1.21284E+16,4.90028E+16
180037,9,1,87,159,2018,6,11,1,3,0,7,0,1,0,0,0,0,0,0,7.29595E+20,5.32866E+21,1.20822E+16,4.80698E+16
180038,9,3,62,0,2018,6,9,3,3,2,6,0,0,1,0,0,0,0,0,7.27472E+20,5.43577E+21,1.21122E+16,4.90328E+16
180039,9,1,87,142,2018,6,2,1,3,7,7,2,1,0,0,0,0,0,0,7.33357E+20,5.31083E+21,1.21229E+16,4.79083E+16
180040,9,1,87,118,2018,6,13,1,3,0,7,0,1,0,0,0,0,0,0,7.53019E+20,5.30157E+21,1.23802E+16,4.78177E+16
180041,9,3,73,147,2018,6,7,3,3,6,4,0,0,1,1,0,0,0,0,6.79073E+20,5.46121E+21,1.14621E+16,4.92774E+16
180042,9,1,86,146,2018,6,12,1,2,0,1,0,1,0,0,0,0,0,0,6.84481E+20,5.36952E+21,1.1495E+16,4.84518E+16
180043,9,3,61,0,2018,6,10,3,3,4,6,0,1,0,0,0,0,0,0,7.05807E+20,5.48061E+21,1.18392E+16,4.94433E+16
180044,9,1,88,139,2018,6,19,1,3,6,2,0,0,1,1,0,0,0,1,6.74764E+20,5.31884E+21,1.13428E+16,4.79989E+16
180045,9,2,63,0,2018,6,12,3,3,5,3,0,1,0,0,0,0,0,0,7.63041E+20,5.4209E+21,1.25884E+16,4.88852E+16
180046,9,2,62,0,2018,6,18,3,3,6,7,0,0,1,1,0,0,0,0,8.31077E+20,5.38922E+21,1.34884E+16,4.85684E+16
180047,9,1,81,127,2018,6,17,1,3,1,6,0,0,0,0,1,0,1,0,6.32434E+20,5.32306E+21,1.0777E+16,4.8047E+16
180048,9,1,78,155,2018,6,20,1,3,5,3,0,0,1,0,0,0,0,0,7.21754E+20,5.37438E+21,1.20011E+16,4.84834E+16
180049,9,2,77,116,2018,6,18,3,3,6,4,0,0,1,1,0,0,0,0,7.77922E+20,5.3684E+21,1.27557E+16,4.84074E+16
180050,9,2,79,112,2018,6,10,3,3,0,7,0,1,0,0,0,0,0,0,7.58238E+20,5.39305E+21,1.25055E+16,4.86372E+16
180051,9,1,77,113,2018,6,10,1,2,0,1,0,1,0,0,0,0,0,0,7.18493E+20,5.35311E+21,1.19459E+16,4.82934E+16
180052,9,1,62,0,2018,6,14,7,3,9,3,0,1,1,0,0,0,0,0,6.89684E+20,5.33219E+21,1.15486E+16,4.81147E+16
180053,9,1,83,148,2018,6,18,3,3,3,6,0,0,1,0,1,0,0,0,7.53664E+20,5.34468E+21,1.24143E+16,4.82046E+16
180054,9,1,62,0,2018,6,17,7,2,0,3,0,1,0,0,0,0,0,0,6.90672E+20,5.33777E+21,1.15643E+16,4.81645E+16
180055,9,1,84,130,2018,6,18,7,3,5,3,0,0,1,0,1,0,0,0,6.98202E+20,5.34433E+21,1.16686E+16,4.82212E+16
180056,9,1,72,114,2018,6,18,3,2,0,1,0,1,0,0,0,0,0,0,7.93625E+20,5.29632E+21,1.29179E+16,4.77534E+16
180057,9,1,87,170,2018,6,13,3,2,0,7,0,0,0,0,1,0,0,0,7.34391E+20,5.3171E+21,1.21402E+16,4.79643E+16
180058,9,1,62,0,2018,6,21,7,3,5,6,0,1,1,0,0,0,0,0,6.93411E+20,5.33305E+21,1.1599E+16,4.81213E+16
180059,9,1,87,150,2018,6,7,3,3,5,3,0,1,1,0,0,0,0,0,7.2844E+20,5.30446E+21,1.20539E+16,4.78528E+16
180060,9,1,87,150,2018,6,8,3,3,5,3,0,0,1,0,0,0,0,0,7.28429E+20,5.30462E+21,1.20538E+16,4.78543E+16
180061,9,1,62,0,2018,6,12,7,3,5,3,0,0,1,0,0,0,0,0,6.8624E+20,5.33611E+21,1.15041E+16,4.81509E+16
180062,9,1,62,0,2018,6,20,7,3,1,4,0,1,1,1,0,0,0,0,6.91019E+20,5.33523E+21,1.15679E+16,4.81417E+16
180063,9,1,61,0,2018,6,7,3,3,5,3,0,1,0,0,0,0,0,0,6.77943E+20,5.40456E+21,1.14217E+16,4.87686E+16
180064,9,1,84,134,2018,6,12,7,3,3,6,0,1,1,0,0,0,0,0,6.90992E+20,5.31959E+21,1.15605E+16,4.8001E+16
180065,9,1,61,0,2018,6,14,3,3,2,6,0,1,1,0,0,0,0,0,6.78399E+20,5.40617E+21,1.14286E+16,4.87829E+16
180066,9,1,61,0,2018,6,19,3,3,0,1,0,1,0,0,0,0,0,0,6.77012E+20,5.40255E+21,1.14082E+16,4.87508E+16
180067,9,1,62,0,2018,6,16,7,3,3,2,0,1,1,0,0,0,0,0,6.90687E+20,5.33815E+21,1.15647E+16,4.8168E+16
180068,9,1,85,149,2018,6,13,3,3,0,7,0,0,1,0,1,0,0,1,6.60022E+20,5.40036E+21,1.11764E+16,4.87357E+16
180069,9,1,81,128,2018,6,7,3,2,5,3,0,1,1,0,0,0,0,0,6.383E+20,5.32727E+21,1.0857E+16,4.80837E+16
180070,9,1,62,0,2018,6,17,7,3,5,3,0,0,1,0,0,0,0,0,6.88649E+20,5.33567E+21,1.15362E+16,4.81463E+16
180071,9,1,88,121,2018,6,17,3,2,5,3,0,1,1,0,0,0,0,0,6.70341E+20,5.32953E+21,1.12879E+16,4.80962E+16
180072,9,1,79,121,2018,6,18,3,3,8,1,0,1,0,0,0,0,0,0,6.67152E+20,5.33746E+21,1.12482E+16,4.81684E+16
180073,9,1,84,123,2018,6,10,7,3,5,3,0,1,1,0,0,0,0,0,7.0209E+20,5.33226E+21,1.17151E+16,4.81115E+16
180074,9,1,62,0,2018,6,7,7,3,0,7,0,1,1,0,0,0,0,1,6.97412E+20,5.33539E+21,1.16538E+16,4.81411E+16
180075,9,1,62,0,2018,6,15,2,3,0,6,0,0,0,0,1,0,1,0,6.8924E+20,5.33614E+21,1.15444E+16,4.81503E+16
180076,9,1,62,0,2018,6,10,7,3,1,3,0,1,0,0,0,0,0,0,6.8947E+20,5.33491E+21,1.15469E+16,4.81392E+16
180077,9,1,62,0,2018,6,12,2,3,4,7,0,0,1,0,1,0,0,0,6.90858E+20,5.33327E+21,1.15648E+16,4.81241E+16
180078,9,1,62,0,2018,6,18,2,3,3,2,0,1,0,0,0,1,0,0,6.89753E+20,5.33456E+21,1.15506E+16,4.8136E+16
180079,9,1,62,0,2018,6,13,7,3,1,6,0,0,1,0,0,0,0,0,6.91752E+20,5.33541E+21,1.15778E+16,4.8143E+16
180080,9,1,62,0,2018,6,9,2,3,5,2,0,1,1,0,0,0,0,0,6.96024E+20,5.33499E+21,1.1635E+16,4.81379E+16
180081,9,7,75,152,2018,6,7,7,3,5,3,2,1,1,0,0,0,0,0,5.77094E+20,5.35322E+21,1.00401E+16,4.83274E+16
180082,9,1,62,0,2018,6,9,2,3,2,6,0,0,1,0,0,0,0,0,6.8866E+20,5.33566E+21,1.15364E+16,4.81462E+16
180083,9,7,75,135,2018,6,14,7,3,0,7,0,0,0,0,1,0,0,0,5.74189E+20,5.36E+21,1.00021E+16,4.83888E+16
180084,9,7,75,162,2018,6,14,7,2,0,1,0,1,0,0,0,0,0,0,5.78184E+20,5.35005E+21,1.00542E+16,4.82988E+16
180085,9,1,84,112,2018,6,23,2,2,2,6,2,1,0,0,0,0,0,0,7.01282E+20,5.33857E+21,1.17073E+16,4.81684E+16
180086,9,1,62,0,2018,6,14,2,2,6,4,0,0,1,1,0,0,0,0,6.93268E+20,5.33458E+21,1.15978E+16,4.81351E+16
180087,9,7,63,0,2018,6,12,7,3,6,7,0,0,1,1,0,0,0,0,6.0016E+20,5.28669E+21,1.03357E+16,4.77258E+16
180088,9,7,63,0,2018,6,13,7,3,0,7,0,1,0,0,0,0,0,0,5.98943E+20,5.28675E+21,1.03194E+16,4.77265E+16
180089,9,1,62,0,2018,6,10,2,3,0,7,0,0,1,0,0,0,0,0,6.90656E+20,5.33762E+21,1.15641E+16,4.81632E+16
180090,9,7,77,167,2018,6,15,7,2,0,7,0,1,0,0,0,0,0,0,6.18748E+20,5.29581E+21,1.05859E+16,4.78047E+16
180091,9,7,76,116,2018,6,12,7,3,2,6,0,1,0,0,0,0,0,0,5.52068E+20,5.26654E+21,9.69201E+15,4.75502E+16
180092,9,1,84,138,2018,6,14,2,3,1,5,0,1,1,0,0,0,0,0,6.80328E+20,5.33104E+21,1.14225E+16,4.8107E+16
180093,9,1,62,0,2018,6,16,2,3,5,3,0,1,1,0,0,0,0,0,6.87551E+20,5.34135E+21,1.1524E+16,4.81977E+16
180094,9,7,76,116,2018,6,13,7,3,0,1,0,1,0,0,0,0,0,0,5.51218E+20,5.26627E+21,9.68068E+15,4.75478E+16
180095,9,7,79,198,2018,6,15,7,3,0,7,0,1,0,0,0,0,0,0,6.3214E+20,5.41494E+21,1.08021E+16,4.88734E+16
180096,9,1,62,0,2018,6,8,2,3,5,3,0,0,1,0,0,0,0,0,6.90535E+20,5.34176E+21,1.15643E+16,4.82005E+16
180097,9,7,72,147,2018,6,12,7,3,5,3,0,0,1,0,0,0,0,0,6.38802E+20,5.3643E+21,1.08759E+16,4.84165E+16
180098,9,7,72,163,2018,6,14,7,3,5,2,0,1,1,0,0,0,0,0,6.39948E+20,5.34739E+21,1.08858E+16,4.82643E+16
180099,9,1,62,0,2018,6,7,2,3,0,7,0,1,1,0,0,0,0,0,6.97111E+20,5.3337E+21,1.1649E+16,4.8126E+16
180100,9,1,62,0,2018,6,16,2,3,2,6,0,0,1,0,0,0,0,0,6.96971E+20,5.33122E+21,1.16459E+16,4.81038E+16
180101,9,7,61,0,2018,6,10,7,3,6,7,0,0,1,1,0,0,0,0,6.41677E+20,5.36001E+21,1.09133E+16,4.83774E+16
180102,9,7,61,0,2018,6,11,7,3,0,5,0,1,1,0,0,0,0,0,6.41883E+20,5.36054E+21,1.09163E+16,4.83821E+16
180103,9,1,62,0,2018,6,18,2,3,0,2,0,1,1,0,0,0,0,0,6.91196E+20,5.33301E+21,1.15692E+16,4.81216E+16
180104,9,7,61,0,2018,6,15,7,3,3,6,0,1,1,0,0,0,0,0,6.42594E+20,5.35883E+21,1.09253E+16,4.83665E+16
180105,9,1,62,0,2018,6,12,2,3,5,3,0,1,0,0,0,0,0,0,6.87208E+20,5.33248E+21,1.15155E+16,4.81181E+16
180106,9,7,72,163,2018,6,17,7,3,0,7,0,0,1,0,1,0,0,0,6.4023E+20,5.34977E+21,1.08904E+16,4.82856E+16
180107,9,1,62,0,2018,6,8,2,3,6,5,0,0,0,1,0,0,1,0,6.90453E+20,5.33474E+21,1.156E+16,4.81374E+16
180108,9,1,62,0,2018,6,19,2,2,1,5,0,1,1,0,0,0,0,0,6.92526E+20,5.33688E+21,1.15888E+16,4.8156E+16
180109,9,7,61,0,2018,6,1,7,3,0,7,2,1,0,0,0,0,0,0,6.40583E+20,5.35905E+21,1.08982E+16,4.8369E+16
180110,9,7,61,0,2018,6,20,7,3,0,1,0,1,0,0,0,0,0,0,6.39661E+20,5.35888E+21,1.08857E+16,4.83676E+16
180111,9,1,62,0,2018,6,21,2,3,0,6,0,1,1,0,0,0,0,0,6.91706E+20,5.33616E+21,1.15775E+16,4.81498E+16
180112,9,6,63,0,2018,6,20,7,2,5,3,0,0,1,0,1,0,1,0,5.68835E+20,5.51244E+21,9.95575E+15,4.97605E+16
180113,9,6,77,131,2018,6,11,7,2,0,1,0,1,0,0,0,0,0,0,5.4884E+20,5.54524E+21,9.68229E+15,5.00575E+16
180114,9,1,62,0,2018,6,12,2,3,5,2,0,1,0,0,0,0,1,0,6.91084E+20,5.33421E+21,1.15683E+16,4.81325E+16
180115,9,7,75,135,2018,6,17,2,3,6,4,0,0,1,1,0,0,0,0,5.75302E+20,5.36115E+21,1.00173E+16,4.8399E+16
180116,9,6,62,0,2018,6,20,7,3,0,1,0,1,0,0,0,0,0,0,5.85951E+20,5.54321E+21,1.02002E+16,5.0035E+16
180117,9,7,64,0,2018,6,12,2,3,5,2,0,1,1,0,0,0,0,0,5.87125E+20,5.31513E+21,1.01676E+16,4.79836E+16
180118,9,7,80,139,2018,6,13,2,3,6,3,0,1,0,1,0,0,0,0,5.96995E+20,5.26292E+21,1.02882E+16,4.75125E+16
180119,9,5,72,132,2018,6,14,7,2,0,1,0,1,0,0,0,0,0,0,6.36259E+20,5.49198E+21,1.08844E+16,4.95651E+16
180120,9,5,64,0,2018,6,22,7,3,1,1,2,1,1,0,0,0,0,0,6.50874E+20,5.47849E+21,1.10812E+16,4.94404E+16
180121,9,7,76,116,2018,6,13,2,3,8,1,0,1,0,0,0,0,0,0,5.50895E+20,5.26746E+21,9.67653E+15,4.75586E+16
180122,9,7,79,194,2018,6,20,2,3,6,7,0,1,0,1,0,0,0,0,6.09284E+20,5.41213E+21,1.04898E+16,4.88525E+16
180123,9,5,64,0,2018,6,13,7,3,5,3,0,0,1,0,1,0,0,0,6.48269E+20,5.48117E+21,1.10463E+16,4.94651E+16
180124,9,5,73,134,2018,6,12,7,3,0,1,0,1,0,0,0,0,0,0,6.41028E+20,5.47925E+21,1.09458E+16,4.94495E+16
180125,9,7,73,125,2018,6,10,2,3,2,6,0,0,1,0,1,0,0,0,6.11968E+20,5.38264E+21,1.05183E+16,4.85868E+16
180126,9,4,79,136,2018,6,18,7,2,6,4,0,0,1,1,0,0,0,0,7.21513E+20,5.5434E+21,1.20912E+16,5.00017E+16
180127,9,7,72,147,2018,6,5,2,2,4,6,0,1,0,0,0,0,0,0,6.382E+20,5.36357E+21,1.08675E+16,4.84101E+16
180128,9,7,72,125,2018,6,6,2,3,5,3,0,0,1,0,0,0,0,0,6.36744E+20,5.34719E+21,1.08426E+16,4.82632E+16
180129,9,4,78,139,2018,6,13,7,3,4,6,0,0,1,0,0,0,0,0,6.45902E+20,5.55557E+21,1.10416E+16,5.01344E+16
180130,9,7,61,0,2018,6,14,2,3,6,2,0,0,1,1,0,0,0,0,6.37387E+20,5.36149E+21,1.08559E+16,4.83916E+16
180131,9,7,71,113,2018,6,5,2,3,8,1,0,0,1,0,0,0,0,0,6.58495E+20,5.37053E+21,1.11442E+16,4.84679E+16
180132,9,4,62,0,2018,6,10,7,3,2,6,0,0,1,0,0,0,0,0,6.84703E+20,5.53667E+21,1.15749E+16,4.99538E+16
180133,9,4,71,195,2018,6,17,7,2,0,1,0,1,0,0,0,0,0,0,6.4481E+20,5.52778E+21,1.10158E+16,4.98849E+16
180134,9,4,61,0,2018,6,11,7,3,1,7,0,1,1,0,0,0,0,0,6.35809E+20,5.52822E+21,1.08908E+16,4.98909E+16
180135,9,4,61,0,2018,6,23,7,3,0,7,2,1,0,0,0,0,0,0,6.35525E+20,5.5276E+21,1.08866E+16,4.98855E+16
180136,9,6,63,0,2018,6,14,2,3,3,6,0,0,1,0,0,0,0,0,5.70345E+20,5.51643E+21,9.97744E+15,4.97962E+16
180137,9,6,63,0,2018,6,13,2,2,2,6,0,1,1,0,0,0,0,0,5.66597E+20,5.5151E+21,9.92514E+15,4.97847E+16
180138,9,3,71,151,2018,6,17,7,3,1,3,0,1,1,0,0,0,0,0,6.99585E+20,5.48657E+21,1.17565E+16,4.94989E+16
180139,9,6,77,131,2018,6,18,2,3,6,2,0,0,1,1,0,0,0,0,5.49155E+20,5.54543E+21,9.68673E+15,5.00591E+16
180140,9,6,75,156,2018,6,6,2,3,9,1,0,0,1,0,0,0,0,0,5.84543E+20,5.50358E+21,1.01719E+16,4.96788E+16
180141,9,2,76,143,2018,6,9,7,2,4,6,0,0,0,0,1,0,1,0,7.98362E+20,5.43599E+21,1.308E+16,4.90046E+16
180142,9,6,71,121,2018,6,15,2,3,0,7,0,1,1,0,0,0,0,0,5.12997E+20,5.53805E+21,9.18133E+15,4.99946E+16
180143,9,2,63,0,2018,6,11,7,3,3,2,0,1,1,0,0,0,0,0,7.61161E+20,5.42065E+21,1.25626E+16,4.88837E+16
180144,9,6,61,0,2018,6,18,2,3,5,6,0,1,0,0,0,0,1,0,5.10815E+20,5.53577E+21,9.15082E+15,4.99742E+16
180145,9,2,76,116,2018,6,22,7,1,8,1,2,1,0,0,0,0,0,0,7.99116E+20,5.4264E+21,1.30833E+16,4.89182E+16
180146,9,5,62,0,2018,6,16,2,2,0,7,0,0,0,1,1,0,0,0,6.44928E+20,5.49441E+21,1.10051E+16,4.95849E+16
180147,9,2,71,146,2018,6,9,7,2,4,2,0,0,1,0,1,0,0,0,7.85761E+20,5.41135E+21,1.28909E+16,4.87894E+16
180148,9,3,63,0,2018,6,6,5,3,2,6,0,0,1,0,0,0,0,0,7.26913E+20,5.51009E+21,1.2147E+16,4.97005E+16
180149,9,3,75,179,2018,6,17,5,3,4,2,0,1,1,0,0,0,0,0,7.31959E+20,5.42811E+21,1.21692E+16,4.89623E+16
180150,9,3,62,0,2018,6,18,5,3,1,6,0,0,1,0,1,0,0,0,7.2586E+20,5.43397E+21,1.20892E+16,4.90172E+16
180151,9,3,62,0,2018,6,17,5,3,3,3,0,0,1,0,0,0,0,0,7.23662E+20,5.43317E+21,1.20588E+16,4.90108E+16
180152,9,3,62,0,2018,6,12,5,3,5,3,0,0,1,0,0,0,0,0,7.27972E+20,5.43371E+21,1.21179E+16,4.90141E+16
180153,9,3,62,0,2018,6,10,5,3,5,2,0,1,1,0,0,0,0,0,7.26697E+20,5.43191E+21,1.20995E+16,4.89984E+16
180154,9,3,62,0,2018,6,7,5,3,3,2,0,1,1,0,0,0,0,0,7.25285E+20,5.43219E+21,1.20804E+16,4.90015E+16
180155,9,3,72,116,2018,6,15,5,3,2,3,0,0,1,0,1,0,0,0,7.67259E+20,5.45905E+21,1.26709E+16,4.92258E+16
180156,9,3,76,162,2018,6,18,5,3,9,1,0,0,0,0,1,0,0,0,7.33092E+20,5.47365E+21,1.2211E+16,4.93709E+16
180157,9,2,71,146,2018,6,18,5,3,5,3,0,0,1,0,0,0,0,0,7.84635E+20,5.41139E+21,1.28757E+16,4.87902E+16
180158,9,2,63,0,2018,6,7,5,3,5,3,0,1,1,0,0,0,0,0,7.61653E+20,5.41935E+21,1.25685E+16,4.88719E+16
180159,9,2,71,119,2018,6,15,5,3,2,6,0,1,1,0,0,0,0,0,7.90819E+20,5.41617E+21,1.2963E+16,4.88303E+16
180160,9,2,77,127,2018,6,14,5,2,0,1,0,1,0,0,0,0,0,0,7.89677E+20,5.3524E+21,1.29032E+16,4.82585E+16
180161,9,2,72,145,2018,6,20,5,2,6,7,0,0,0,1,1,0,0,0,8.08373E+20,5.41678E+21,1.3202E+16,4.88273E+16
180162,9,2,74,128,2018,6,17,5,3,5,3,0,1,1,0,0,0,0,0,7.37292E+20,5.38938E+21,1.22195E+16,4.86125E+16
180163,9,2,73,137,2018,6,15,5,3,6,1,0,0,1,1,0,0,0,0,7.06588E+20,5.42E+21,1.18189E+16,4.88985E+16
180164,9,2,79,112,2018,6,8,5,3,0,7,0,0,0,0,1,0,0,0,7.5796E+20,5.39223E+21,1.25012E+16,4.86299E+16
180165,9,1,90,157,2018,6,14,5,2,5,3,0,1,0,0,0,1,0,0,6.5957E+20,5.30089E+21,1.11327E+16,4.78416E+16
180166,9,1,83,128,2018,6,6,5,3,0,7,0,1,0,0,0,0,0,0,7.61691E+20,5.35036E+21,1.25256E+16,4.82524E+16
180167,9,1,71,114,2018,6,7,5,3,4,2,0,1,1,0,0,0,0,0,7.79905E+20,5.34514E+21,1.2767E+16,4.81977E+16
180168,9,1,87,148,2018,6,19,5,2,8,1,0,1,0,0,0,0,0,1,7.37895E+20,5.28043E+21,1.21669E+16,4.76335E+16
180169,9,1,62,0,2018,6,20,6,3,1,7,0,1,1,0,0,0,0,0,6.9321E+20,5.33367E+21,1.15966E+16,4.8127E+16
180170,9,1,61,0,2018,6,17,5,3,0,3,0,1,1,0,1,0,0,0,6.75279E+20,5.40481E+21,1.13856E+16,4.87716E+16
180171,9,1,62,0,2018,6,9,6,3,5,3,0,1,0,0,0,0,1,0,6.90304E+20,5.33321E+21,1.15574E+16,4.81237E+16
180172,9,7,74,150,2018,6,13,6,3,6,4,0,0,1,1,0,0,0,0,6.00742E+20,5.34428E+21,1.03569E+16,4.82438E+16
180173,9,7,74,135,2018,6,10,6,3,0,1,0,0,0,0,1,0,0,0,5.95663E+20,5.36451E+21,1.02931E+16,4.84264E+16
180174,9,7,63,0,2018,6,7,6,3,0,1,0,1,0,0,0,0,0,0,5.97875E+20,5.28795E+21,1.03055E+16,4.77375E+16
180175,9,1,86,122,2018,6,17,5,2,4,6,0,0,1,0,1,0,0,0,6.93005E+20,5.39777E+21,1.16233E+16,4.87031E+16
180176,9,1,88,139,2018,6,15,5,3,0,7,0,1,0,0,0,0,0,1,6.74339E+20,5.31786E+21,1.13367E+16,4.79902E+16
180177,9,7,77,121,2018,6,19,6,3,5,3,0,1,1,0,0,0,0,0,6.28265E+20,5.3214E+21,1.07206E+16,4.8033E+16
180178,9,1,79,121,2018,6,15,5,2,0,3,0,1,0,0,0,0,0,0,6.66054E+20,5.33757E+21,1.12334E+16,4.81697E+16
180179,9,7,79,194,2018,6,17,6,3,0,7,0,1,1,0,0,0,0,0,6.09311E+20,5.41179E+21,1.049E+16,4.88495E+16
180180,9,1,79,136,2018,6,7,5,3,5,3,0,0,1,0,0,0,0,0,6.60552E+20,5.34141E+21,1.1161E+16,4.82056E+16
180181,9,7,73,182,2018,6,17,6,3,5,7,0,1,1,0,0,0,0,0,6.24205E+20,5.37994E+21,1.06834E+16,4.85602E+16
180182,9,7,72,177,2018,6,18,6,3,3,6,0,1,0,0,0,0,0,0,6.3664E+20,5.37736E+21,1.0851E+16,4.85345E+16
180183,9,1,78,130,2018,6,17,5,3,6,1,0,0,1,1,0,0,0,0,7.03326E+20,5.35456E+21,1.17424E+16,4.83115E+16
180184,9,1,78,124,2018,6,8,5,3,4,2,0,0,1,0,1,0,0,0,7.04919E+20,5.36342E+21,1.17682E+16,4.83906E+16
180185,9,7,72,177,2018,6,12,6,3,5,3,0,1,1,0,0,0,0,0,6.36791E+20,5.37827E+21,1.08533E+16,4.85426E+16
180186,9,1,77,134,2018,6,14,5,3,5,2,0,0,1,0,0,0,0,0,7.14209E+20,5.34445E+21,1.18839E+16,4.82171E+16
180187,9,1,62,0,2018,6,8,4,2,6,4,0,0,0,0,0,1,1,0,6.92767E+20,5.33957E+21,1.15933E+16,4.81801E+16
180188,9,7,71,130,2018,6,11,6,3,0,1,0,1,0,0,0,0,0,0,6.45E+20,5.35807E+21,1.09575E+16,4.83592E+16
180189,9,7,72,125,2018,6,8,6,3,5,3,0,1,1,0,0,0,0,0,6.36587E+20,5.34726E+21,1.08405E+16,4.82639E+16
180190,9,1,62,0,2018,6,17,4,3,5,1,0,1,1,0,0,0,0,0,6.97612E+20,5.33184E+21,1.16548E+16,4.81092E+16
180191,9,7,61,0,2018,6,12,6,3,3,6,0,1,1,0,0,0,0,0,6.38695E+20,5.3604E+21,1.08732E+16,4.83815E+16
180192,9,1,62,0,2018,6,9,4,3,4,2,0,1,1,0,0,0,0,0,6.91441E+20,5.33291E+21,1.15725E+16,4.81207E+16
180193,9,1,62,0,2018,6,15,4,3,5,3,0,1,1,0,0,0,0,0,6.91087E+20,5.33422E+21,1.15683E+16,4.81325E+16
180194,9,1,62,0,2018,6,16,4,3,5,2,0,1,1,0,0,0,0,0,6.87696E+20,5.33728E+21,1.15241E+16,4.8161E+16
180195,9,7,61,0,2018,6,12,6,3,2,6,0,1,0,0,0,0,0,0,6.3904E+20,5.36141E+21,1.08782E+16,4.83905E+16
180196,9,1,62,0,2018,6,16,4,3,3,2,0,1,1,0,0,0,0,0,6.92341E+20,5.33546E+21,1.15857E+16,4.81433E+16
180197,9,1,62,0,2018,6,7,4,3,1,7,0,1,1,0,0,0,0,0,6.90513E+20,5.33663E+21,1.15617E+16,4.81543E+16
180198,9,7,61,0,2018,6,17,6,3,6,4,0,1,0,1,0,0,0,0,6.4179E+20,5.36145E+21,1.09153E+16,4.83902E+16
180199,9,1,62,0,2018,6,7,4,3,5,2,0,1,1,0,0,0,0,0,6.93408E+20,5.33306E+21,1.1599E+16,4.81214E+16
180200,9,1,62,0,2018,6,14,4,3,1,3,0,1,1,0,0,0,0,0,6.8749E+20,5.3409E+21,1.1523E+16,4.81936E+16
180201,9,7,61,0,2018,6,17,6,3,2,1,0,0,1,0,0,0,0,0,6.40511E+20,5.35726E+21,1.08966E+16,4.83528E+16
180202,9,7,61,0,2018,6,14,6,3,0,1,0,1,0,0,0,0,0,0,6.40751E+20,5.35337E+21,1.08986E+16,4.83178E+16