OBJECTID_1,ULAND,UREGBEZ,UKREIS,UGEMEINDE,UJAHR,UMONAT,USTUNDE,UWOCHENTAG,UKATEGORIE,UART,UTYP1,ULICHTVERH,IstRad,IstPKW,IstFuss,IstKrad,IstGkfz,IstSonstig,STRZUSTAND,LINREFX,LINREFY,XGCSWGS84,YGCSWGS84
180203,9,1,62,0,2018,6,9,4,3,0,7,0,0,0,0,1,0,1,0,6.84433E+20,5.33172E+21,1.14779E+16,4.8112E+16
180204,9,7,61,0,2018,6,16,6,3,5,2,0,1,1,0,0,0,0,0,6.41501E+20,5.35821E+21,1.09103E+16,4.83612E+16
180205,9,7,61,0,2018,6,13,6,3,0,7,0,1,0,0,0,0,0,0,6.39621E+20,5.35886E+21,1.08852E+16,4.83674E+16
180206,9,1,84,138,2018,6,9,4,3,6,4,0,0,1,1,0,0,0,0,6.80956E+20,5.33139E+21,1.14311E+16,4.811E+16
180207,9,7,61,0,2018,6,7,6,3,0,7,0,1,0,0,0,0,0,0,6.40153E+20,5.35833E+21,1.08922E+16,4.83625E+16
180208,9,1,62,0,2018,6,8,4,3,3,6,0,0,1,0,1,0,0,0,6.9154E+20,5.33255E+21,1.15737E+16,4.81174E+16
180209,9,1,62,0,2018,6,15,4,3,0,1,0,1,0,0,0,0,0,0,6.95507E+20,5.33782E+21,1.16293E+16,4.81635E+16
180210,9,7,71,113,2018,6,11,6,3,3,2,0,1,1,0,0,0,0,0,6.57274E+20,5.36898E+21,1.11272E+16,4.84543E+16
180211,9,1,62,0,2018,6,8,4,3,5,3,0,0,1,0,1,0,0,0,6.91913E+20,5.33349E+21,1.15791E+16,4.81258E+16
180212,9,1,62,0,2018,6,8,4,3,5,3,0,1,0,0,0,0,1,0,6.91656E+20,5.33279E+21,1.15753E+16,4.81195E+16
180213,9,6,79,144,2018,6,16,6,2,0,3,0,1,1,0,0,0,0,0,5.50449E+20,5.51281E+21,9.70054E+15,4.97657E+16
180214,9,6,63,0,2018,6,12,6,2,3,6,0,1,0,0,0,0,0,0,5.69511E+20,5.51857E+21,9.96624E+15,4.98155E+16
180215,9,6,77,131,2018,6,20,6,3,1,5,0,0,1,0,1,0,0,0,5.51111E+20,5.54418E+21,9.71388E+15,5.00477E+16
180216,9,6,72,114,2018,6,15,6,3,4,2,0,1,1,0,0,0,0,0,5.77302E+20,5.56152E+21,1.00832E+16,5.02008E+16
180217,9,1,62,0,2018,6,19,4,3,3,2,0,1,0,0,0,0,0,0,6.90313E+20,5.33274E+21,1.15573E+16,4.81195E+16
180218,9,1,62,0,2018,6,18,4,3,1,3,0,1,1,0,0,0,0,0,6.92214E+20,5.3389E+21,1.15856E+16,4.81743E+16
180219,9,6,62,0,2018,6,14,6,3,5,3,0,1,0,0,1,0,0,0,5.86182E+20,5.54266E+21,1.02033E+16,5.003E+16
180220,9,7,75,135,2018,6,17,4,3,6,4,0,1,0,1,0,0,0,0,5.74784E+20,5.36098E+21,1.00103E+16,4.83976E+16
180221,9,7,75,135,2018,6,9,4,3,1,7,0,0,1,0,0,0,0,0,5.74782E+20,5.35899E+21,1.00099E+16,4.83796E+16
180222,9,7,64,0,2018,6,10,4,2,6,4,0,0,1,1,0,0,0,0,5.87489E+20,5.31539E+21,1.01725E+16,4.79858E+16
180223,9,6,62,0,2018,6,7,6,3,0,1,0,1,0,0,0,0,0,0,5.87421E+20,5.54628E+21,1.02214E+16,5.00624E+16
180224,9,7,75,129,2018,6,15,4,3,1,6,0,0,1,0,1,0,0,0,5.82185E+20,5.34168E+21,1.01065E+16,4.8223E+16
180225,9,6,61,0,2018,6,13,6,3,0,1,0,0,0,0,1,0,0,0,5.11108E+20,5.53504E+21,9.15489E+15,4.99676E+16
180226,9,7,76,117,2018,6,14,4,3,4,2,0,0,1,0,1,0,0,0,5.67467E+20,5.27286E+21,9.89761E+15,4.76056E+16
180227,9,6,71,111,2018,6,12,6,2,1,5,0,0,1,0,0,0,0,0,5.03788E+20,5.5492E+21,9.05296E+15,5.0095E+16
180228,9,5,62,0,2018,6,16,6,3,2,6,0,0,1,0,0,0,0,0,6.43954E+20,5.49251E+21,1.09909E+16,4.95681E+16
180229,9,7,76,116,2018,6,13,4,3,2,1,0,0,1,0,0,0,0,0,5.53749E+20,5.26688E+21,9.71439E+15,4.75531E+16
180230,9,5,62,0,2018,6,12,6,3,0,7,0,1,0,0,0,0,0,0,6.44506E+20,5.4946E+21,1.09993E+16,4.95867E+16
180231,9,5,64,0,2018,6,17,6,3,0,7,0,0,1,0,1,0,0,1,6.49974E+20,5.47904E+21,1.1069E+16,4.94455E+16
180232,9,7,62,0,2018,6,18,4,3,0,1,0,1,0,0,0,0,0,0,6.22557E+20,5.30636E+21,1.06398E+16,4.78988E+16
180233,9,7,79,131,2018,6,19,4,3,6,4,0,0,0,1,1,0,0,0,6.31098E+20,5.39753E+21,1.07823E+16,4.8717E+16
180234,9,5,64,0,2018,6,7,6,3,6,4,0,0,1,1,0,0,0,0,6.48501E+20,5.47854E+21,1.10485E+16,4.94414E+16
180235,9,5,71,180,2018,6,13,6,3,4,7,0,0,1,0,1,0,0,0,6.29368E+20,5.46099E+21,1.0779E+16,4.92879E+16
180236,9,7,72,184,2018,6,10,4,3,5,3,0,1,1,0,0,0,0,0,6.35253E+20,5.36161E+21,1.08271E+16,4.83931E+16
180237,9,5,71,154,2018,6,14,6,2,5,3,0,1,1,0,0,0,0,0,6.11759E+20,5.43401E+21,1.05295E+16,4.90488E+16
180238,9,5,61,0,2018,6,12,6,3,5,3,0,1,1,0,0,0,0,0,6.14525E+20,5.4616E+21,1.05752E+16,4.92964E+16
180239,9,5,71,113,2018,6,10,6,3,8,1,0,0,1,0,0,0,0,0,6.17527E+20,5.4447E+21,1.06115E+16,4.91439E+16
180240,9,7,71,130,2018,6,16,4,2,0,1,0,1,0,0,0,0,0,0,6.46868E+20,5.35771E+21,1.09826E+16,4.83555E+16
180241,9,4,79,136,2018,6,14,6,3,5,3,0,1,1,0,0,0,0,1,7.22163E+20,5.54356E+21,1.21004E+16,5.00029E+16
180242,9,4,78,145,2018,6,15,6,3,0,1,0,1,0,0,0,0,0,1,6.53357E+20,5.55909E+21,1.11473E+16,5.01642E+16
180243,9,7,71,142,2018,6,8,4,3,4,2,0,0,1,0,1,0,0,0,6.45277E+20,5.35301E+21,1.09595E+16,4.83136E+16
180244,9,4,73,121,2018,6,12,6,3,0,6,0,0,1,0,0,0,0,1,6.456E+20,5.5685E+21,1.10423E+16,5.02507E+16
180245,9,7,72,163,2018,6,12,4,2,6,4,0,0,1,1,0,0,0,0,6.40043E+20,5.34781E+21,1.08872E+16,4.8268E+16
180246,9,4,62,0,2018,6,18,6,3,5,3,0,0,1,0,0,0,0,0,6.85548E+20,5.5353E+21,1.1586E+16,4.99412E+16
180247,9,7,61,0,2018,6,22,4,3,6,6,2,1,0,1,0,0,0,0,6.39307E+20,5.35865E+21,1.08809E+16,4.83656E+16
180248,9,7,61,0,2018,6,11,4,3,0,1,0,0,0,0,1,0,0,0,6.40676E+20,5.36174E+21,1.09004E+16,4.83931E+16
180249,9,4,71,195,2018,6,23,6,1,6,6,2,0,1,1,0,0,0,0,6.4167E+20,5.52261E+21,1.09703E+16,4.98392E+16
180250,9,4,71,145,2018,6,11,6,3,5,3,0,0,1,0,0,0,0,0,6.42715E+20,5.51971E+21,1.09837E+16,4.98128E+16
180251,9,7,61,0,2018,6,11,4,2,5,2,0,1,1,0,0,0,0,0,6.44431E+20,5.36041E+21,1.09506E+16,4.83804E+16
180252,9,4,71,220,2018,6,11,6,2,0,1,0,0,1,0,0,0,0,1,6.20183E+20,5.50983E+21,1.06676E+16,4.9729E+16
180253,9,4,61,0,2018,6,10,6,3,5,3,0,1,1,0,0,0,0,1,6.35992E+20,5.52828E+21,1.08933E+16,4.98914E+16
180254,9,7,61,0,2018,6,19,4,3,1,6,0,0,1,0,0,0,0,0,6.41801E+20,5.36028E+21,1.09151E+16,4.83797E+16
180255,9,7,61,0,2018,6,16,4,3,2,1,0,1,0,0,0,0,0,0,6.35004E+20,5.35316E+21,1.0821E+16,4.83172E+16
180256,9,3,63,0,2018,6,14,6,3,2,6,0,1,1,0,0,0,0,0,7.2787E+20,5.50719E+21,1.21585E+16,4.96742E+16
180257,9,7,61,0,2018,6,17,4,3,4,7,0,1,1,0,0,0,0,0,6.40377E+20,5.3534E+21,1.08936E+16,4.83182E+16
180258,9,7,61,0,2018,6,15,4,3,5,3,0,0,1,0,0,0,0,0,6.41364E+20,5.35366E+21,1.09069E+16,4.83203E+16
180259,9,6,63,0,2018,6,20,4,2,0,7,0,1,0,0,0,0,1,0,5.66471E+20,5.51489E+21,9.92335E+15,4.97828E+16
180260,9,3,63,0,2018,6,12,6,3,5,3,0,0,1,0,0,0,0,1,7.27133E+20,5.5062E+21,1.21477E+16,4.96655E+16
180261,9,6,63,0,2018,6,19,4,3,0,7,0,0,0,0,1,0,0,0,5.67145E+20,5.51524E+21,9.93277E+15,4.97859E+16
180262,9,6,77,181,2018,6,15,4,3,0,7,0,0,0,0,1,0,0,0,5.42414E+20,5.52699E+21,9.59052E+15,4.98938E+16
180263,9,3,62,0,2018,6,9,6,2,6,4,0,0,1,1,0,0,0,0,7.28173E+20,5.43676E+21,1.21224E+16,4.90414E+16
180264,9,3,72,126,2018,6,13,6,3,4,3,0,0,1,0,1,0,0,1,7.73908E+20,5.46741E+21,1.27678E+16,4.92979E+16
180265,9,6,78,134,2018,6,17,4,3,5,3,0,0,1,0,1,0,0,0,5.972E+20,5.52852E+21,1.03535E+16,4.99011E+16
180266,9,3,62,0,2018,6,11,6,3,5,3,0,0,1,0,1,0,0,0,7.30683E+20,5.43492E+21,1.21556E+16,4.9024E+16
180267,9,6,61,0,2018,6,16,4,3,5,3,0,1,0,0,1,0,0,0,5.10173E+20,5.53551E+21,9.14187E+15,4.99719E+16
180268,9,5,72,132,2018,6,17,4,3,5,3,0,0,1,0,1,0,0,0,6.36821E+20,5.49191E+21,1.08921E+16,4.95643E+16
180269,9,2,63,0,2018,6,15,6,3,5,3,0,1,1,0,0,0,0,0,7.61509E+20,5.42E+21,1.25669E+16,4.88777E+16
180270,9,5,62,0,2018,6,19,4,3,0,7,0,1,0,0,0,0,0,0,6.41254E+20,5.49503E+21,1.09545E+16,4.95914E+16
180271,9,5,62,0,2018,6,7,4,3,0,6,0,1,1,0,0,0,0,0,6.43147E+20,5.49654E+21,1.09812E+16,4.96045E+16
180272,9,2,71,146,2018,6,12,6,3,5,7,0,1,1,0,0,0,0,0,7.83762E+20,5.41095E+21,1.28635E+16,4.87867E+16
180273,9,2,71,119,2018,6,20,6,2,4,6,0,0,1,0,0,0,0,1,7.90449E+20,5.41637E+21,1.29581E+16,4.88323E+16
180274,9,5,62,0,2018,6,9,4,3,0,3,0,1,0,0,0,0,0,0,6.45727E+20,5.49299E+21,1.10156E+16,4.9572E+16
180275,9,2,71,119,2018,6,19,6,3,0,7,0,0,0,0,1,0,0,1,7.90959E+20,5.41658E+21,1.29652E+16,4.88339E+16
180276,9,2,71,119,2018,6,10,6,3,1,6,0,1,1,0,0,0,0,0,7.90758E+20,5.41826E+21,1.29637E+16,4.88491E+16
180277,9,5,76,137,2018,6,19,4,2,0,7,0,1,0,0,0,0,0,0,6.51042E+20,5.46324E+21,1.10777E+16,4.93032E+16
180278,9,2,77,139,2018,6,11,6,2,9,1,0,0,0,0,1,0,0,0,7.86562E+20,5.37628E+21,1.28776E+16,4.84743E+16
180279,9,5,74,138,2018,6,15,4,3,8,6,0,0,0,0,1,0,1,0,6.58941E+20,5.49076E+21,1.11973E+16,4.95486E+16
180280,9,5,63,0,2018,6,18,4,3,5,3,0,0,1,0,0,0,0,0,6.40566E+20,5.48512E+21,1.09415E+16,4.95024E+16
180281,9,2,74,113,2018,6,11,6,3,0,7,0,1,0,0,0,0,0,0,7.29769E+20,5.38286E+21,1.2114E+16,4.85567E+16
180282,9,5,64,0,2018,6,15,4,2,8,1,0,0,0,0,1,0,0,0,6.47284E+20,5.47279E+21,1.10296E+16,4.939E+16
180283,9,2,79,112,2018,6,16,6,3,1,3,0,1,1,0,0,0,0,0,7.57479E+20,5.39274E+21,1.2495E+16,4.86347E+16
180284,9,5,64,0,2018,6,19,4,3,6,4,0,0,0,1,0,0,1,0,6.51467E+20,5.47869E+21,1.10895E+16,4.9442E+16
180285,9,1,90,140,2018,6,22,6,2,8,1,2,0,0,0,1,0,0,0,6.44378E+20,5.2963E+21,1.09282E+16,4.78039E+16
180286,9,1,89,143,2018,6,18,6,3,4,1,0,0,1,0,1,0,0,0,7.61804E+20,5.31783E+21,1.25072E+16,4.79602E+16
180287,9,5,64,0,2018,6,14,4,3,5,2,0,0,1,0,0,0,0,0,6.49921E+20,5.47863E+21,1.10681E+16,4.94418E+16
180288,9,1,89,152,2018,6,23,6,3,8,1,2,0,1,0,0,0,0,0,7.82267E+20,5.32678E+21,1.27866E+16,4.80319E+16
180289,9,1,63,0,2018,6,23,6,3,2,6,2,0,1,0,0,0,0,0,7.31045E+20,5.30407E+21,1.20884E+16,4.78484E+16
180290,9,5,77,173,2018,6,15,4,3,0,7,0,1,0,0,0,0,0,0,6.3996E+20,5.42393E+21,1.09118E+16,4.89525E+16
180291,9,1,87,130,2018,6,7,6,3,5,7,0,0,1,0,0,0,1,0,7.12277E+20,5.30975E+21,1.18407E+16,4.79059E+16
180292,9,1,61,0,2018,6,7,6,3,0,7,0,0,1,0,1,0,0,0,6.78749E+20,5.40407E+21,1.14325E+16,4.8764E+16
180293,9,4,78,165,2018,6,18,4,3,0,1,0,1,0,0,0,0,0,0,6.41407E+20,5.55156E+21,1.09773E+16,5.00994E+16
180294,9,4,78,139,2018,6,9,4,3,3,2,0,1,1,0,0,0,0,0,6.47635E+20,5.55716E+21,1.10665E+16,5.01483E+16
180295,9,1,85,158,2018,6,7,6,3,5,2,0,1,1,0,0,0,0,0,6.67033E+20,5.38143E+21,1.1264E+16,4.85637E+16
180296,9,4,73,141,2018,6,17,4,3,5,3,0,1,1,0,0,0,0,0,6.40506E+20,5.57346E+21,1.09728E+16,5.02966E+16
180297,9,1,85,149,2018,6,21,6,3,0,5,2,0,0,0,0,0,1,0,6.68204E+20,5.39887E+21,1.1287E+16,4.87202E+16
180298,9,4,73,121,2018,6,12,4,3,4,7,0,0,1,0,1,0,0,0,6.48092E+20,5.56733E+21,1.10768E+16,5.02395E+16
180299,9,1,79,142,2018,6,7,6,3,6,4,0,0,1,1,0,0,0,0,6.72697E+20,5.3424E+21,1.13247E+16,4.82113E+16
180300,9,1,81,130,2018,6,13,6,3,5,3,0,1,1,0,0,0,0,0,6.38402E+20,5.32595E+21,1.0858E+16,4.80718E+16
180301,9,4,62,0,2018,6,6,4,3,6,7,0,1,0,1,0,0,0,0,6.85968E+20,5.535E+21,1.15917E+16,4.99384E+16
180302,9,1,74,113,2018,6,9,6,3,0,1,0,0,0,0,1,0,0,0,6.76345E+20,5.34539E+21,1.1375E+16,4.82372E+16
180303,9,4,77,128,2018,6,16,4,3,5,3,0,0,1,0,1,0,0,0,6.75376E+20,5.5537E+21,1.14528E+16,5.01096E+16
180304,9,1,78,124,2018,6,22,6,3,4,2,2,0,1,0,0,0,0,0,7.04483E+20,5.35928E+21,1.17603E+16,4.83536E+16
180305,9,4,62,0,2018,6,8,4,3,5,3,0,1,1,0,0,0,0,0,6.84672E+20,5.53499E+21,1.15737E+16,4.99387E+16
180306,9,4,62,0,2018,6,16,4,3,5,3,0,1,0,0,0,0,1,0,6.86055E+20,5.53708E+21,1.15939E+16,4.99571E+16
180307,9,1,75,139,2018,6,7,6,3,5,3,0,1,0,0,0,1,0,0,7.11828E+20,5.32949E+21,1.18444E+16,4.80834E+16
180308,9,1,75,139,2018,6,9,6,3,5,3,0,0,1,0,0,0,1,0,7.10202E+20,5.33054E+21,1.18231E+16,4.80934E+16
180309,9,4,71,145,2018,6,6,4,3,9,1,0,0,1,0,0,1,0,0,6.42971E+20,5.52158E+21,1.0988E+16,4.98296E+16
180310,9,4,71,150,2018,6,6,4,3,5,3,0,1,1,0,0,0,0,0,6.35019E+20,5.53479E+21,1.08821E+16,4.99502E+16
180311,9,1,77,130,2018,6,13,6,2,4,6,0,0,1,0,0,0,1,0,7.12665E+20,5.35288E+21,1.18673E+16,4.82934E+16
180312,9,1,77,135,2018,6,14,6,3,5,3,0,1,1,0,0,0,0,0,7.18775E+20,5.34497E+21,1.19455E+16,4.82202E+16
180313,9,4,61,0,2018,6,7,4,3,4,2,0,1,1,0,0,0,0,0,6.36278E+20,5.52748E+21,1.0897E+16,4.98842E+16
180314,9,1,62,0,2018,6,17,5,2,0,4,0,1,0,1,0,0,0,0,6.9113E+20,5.33564E+21,1.15695E+16,4.81453E+16
180315,9,1,62,0,2018,6,7,5,3,6,4,0,1,0,1,0,0,0,0,6.87595E+20,5.3307E+21,1.15199E+16,4.81019E+16
180316,9,3,62,0,2018,6,14,4,3,5,3,0,1,1,0,0,0,0,0,7.27589E+20,5.4344E+21,1.21131E+16,4.90204E+16
180317,9,3,75,170,2018,6,17,4,3,0,1,0,1,1,0,0,0,0,0,7.35699E+20,5.42639E+21,1.22192E+16,4.89455E+16
180318,9,1,62,0,2018,6,8,5,3,5,3,0,1,1,0,0,0,0,0,6.89153E+20,5.33615E+21,1.15432E+16,4.81504E+16
180319,9,3,62,0,2018,6,17,4,3,5,3,0,1,1,0,0,0,0,0,7.25864E+20,5.43358E+21,1.20891E+16,4.90137E+16
180320,9,3,62,0,2018,6,7,4,3,5,3,0,0,1,0,1,0,0,0,7.27252E+20,5.43167E+21,1.21069E+16,4.89961E+16
180321,9,1,62,0,2018,6,11,5,3,1,5,0,0,1,0,1,0,0,0,6.94895E+20,5.33616E+21,1.16203E+16,4.81488E+16
180322,9,1,84,129,2018,6,14,5,2,5,3,0,1,1,0,0,0,0,0,7.01297E+20,5.32484E+21,1.1701E+16,4.80451E+16
180323,9,3,73,147,2018,6,17,4,3,1,5,0,1,1,0,0,0,0,0,6.79969E+20,5.45988E+21,1.14738E+16,4.92652E+16
180324,9,1,62,0,2018,6,17,5,3,3,6,0,1,0,0,0,0,0,0,6.9237E+20,5.33487E+21,1.15858E+16,4.8138E+16
180325,9,3,73,126,2018,6,8,4,3,5,3,0,1,1,0,0,0,0,0,6.70108E+20,5.4516E+21,1.13349E+16,4.91936E+16
180326,9,3,61,0,2018,6,10,4,3,6,2,0,0,1,1,0,0,0,0,7.08829E+20,5.47974E+21,1.18804E+16,4.94344E+16
180327,9,1,62,0,2018,6,17,5,2,5,2,0,1,1,0,0,0,0,0,6.91284E+20,5.33448E+21,1.15711E+16,4.81348E+16
180328,9,2,76,139,2018,6,7,4,2,0,2,0,0,1,0,1,0,0,0,8.08758E+20,5.4304E+21,1.32176E+16,4.89494E+16
180329,9,2,71,146,2018,6,19,4,3,6,7,0,1,0,1,0,0,0,0,7.84474E+20,5.40992E+21,1.28725E+16,4.87772E+16
180330,9,1,62,0,2018,6,14,5,2,4,2,0,1,1,0,0,0,0,0,6.90998E+20,5.33644E+21,1.15681E+16,4.81525E+16
180331,9,2,71,119,2018,6,22,4,3,9,1,2,1,0,0,0,0,0,0,7.85981E+20,5.4141E+21,1.28958E+16,4.8814E+16
180332,9,2,71,127,2018,6,19,4,2,0,1,0,1,0,0,0,0,0,0,8.06623E+20,5.40253E+21,1.31677E+16,4.87003E+16
180333,9,1,62,0,2018,6,8,5,2,4,3,0,1,1,0,0,0,0,0,6.88137E+20,5.33687E+21,1.15299E+16,4.81572E+16
180334,9,1,84,147,2018,6,7,5,3,5,3,0,1,1,0,0,0,0,0,6.9741E+20,5.3409E+21,1.16563E+16,4.81906E+16
180335,9,2,62,0,2018,6,8,4,3,0,2,0,0,0,0,1,0,0,0,8.27939E+20,5.38886E+21,1.34457E+16,4.85669E+16
180336,9,1,84,149,2018,6,16,5,3,1,6,0,1,1,0,0,0,0,0,6.91904E+20,5.35055E+21,1.15867E+16,4.8279E+16
180337,9,2,62,0,2018,6,0,4,3,0,7,2,1,0,0,0,0,0,0,8.29429E+20,5.38994E+21,1.34667E+16,4.85758E+16
180338,9,2,77,111,2018,6,16,4,3,1,3,0,0,1,0,1,0,0,0,7.81539E+20,5.3861E+21,1.28164E+16,4.85647E+16
180339,9,1,62,0,2018,6,15,5,3,4,6,0,1,0,0,0,0,0,0,6.82659E+20,5.33624E+21,1.1456E+16,4.81532E+16
180340,9,2,74,153,2018,6,19,4,3,0,1,0,0,0,0,1,0,0,0,7.35263E+20,5.40265E+21,1.21996E+16,4.87324E+16
180341,9,1,62,0,2018,6,20,5,3,0,1,0,0,0,0,0,0,1,0,6.88923E+20,5.34323E+21,1.15433E+16,4.82142E+16
180342,9,2,73,147,2018,6,12,4,3,0,7,0,0,1,1,0,0,0,0,7.05127E+20,5.39135E+21,1.17847E+16,4.86415E+16
180343,9,1,62,0,2018,6,13,5,3,5,3,0,1,1,0,0,0,0,0,6.88921E+20,5.32857E+21,1.15367E+16,4.80824E+16
180344,9,1,84,129,2018,6,17,5,3,3,6,0,1,0,0,0,0,0,0,7.00988E+20,5.32542E+21,1.16971E+16,4.80504E+16
180345,9,2,74,191,2018,6,13,4,3,5,3,0,0,1,0,0,0,1,0,7.46298E+20,5.39064E+21,1.23423E+16,4.86203E+16
180346,9,2,73,116,2018,6,13,4,3,0,7,0,1,0,0,0,0,0,0,7.22702E+20,5.42511E+21,1.20412E+16,4.89388E+16
180347,9,1,84,145,2018,6,16,5,3,1,7,0,0,1,0,0,1,0,0,6.98027E+20,5.32521E+21,1.16573E+16,4.80495E+16
180348,9,1,62,0,2018,6,19,5,3,5,3,0,1,1,0,0,0,0,0,6.94599E+20,5.33247E+21,1.16147E+16,4.81157E+16
180349,9,2,73,164,2018,6,12,4,3,0,3,0,0,1,0,1,0,0,0,6.96527E+20,5.42671E+21,1.1685E+16,4.89621E+16
180350,9,1,62,0,2018,6,20,5,3,6,4,1,0,1,1,0,0,0,0,6.90494E+20,5.33474E+21,1.15606E+16,4.81374E+16
180351,9,1,62,0,2018,6,8,5,2,5,3,0,1,1,0,0,0,0,0,6.88742E+20,5.33429E+21,1.15369E+16,4.81339E+16
180352,9,2,79,134,2018,6,18,4,2,5,3,0,1,1,0,0,0,0,0,7.67328E+20,5.38623E+21,1.26242E+16,4.85721E+16
180353,9,1,90,139,2018,6,14,4,3,5,2,0,1,1,0,0,0,0,0,6.54289E+20,5.29498E+21,1.106E+16,4.77897E+16
180354,9,1,62,0,2018,6,7,5,3,5,2,0,1,1,0,0,0,0,0,6.88521E+20,5.33435E+21,1.15339E+16,4.81344E+16
180355,9,7,75,135,2018,6,7,5,3,0,7,0,1,0,0,0,0,0,0,5.75142E+20,5.35775E+21,1.00146E+16,4.83685E+16
180356,9,1,90,148,2018,6,6,4,3,0,7,0,0,0,0,1,0,1,0,6.40621E+20,5.2967E+21,1.08782E+16,4.78083E+16
180357,9,7,78,203,2018,6,17,5,3,6,4,0,0,1,1,0,0,0,0,6.22196E+20,5.32443E+21,1.06401E+16,4.80614E+16
180358,9,7,75,129,2018,6,8,5,3,6,6,0,0,1,1,0,0,0,0,5.82434E+20,5.34095E+21,1.01097E+16,4.82164E+16
180359,9,1,73,126,2018,6,19,4,2,0,7,1,1,0,0,0,0,0,0,6.84801E+20,5.30486E+21,1.14713E+16,4.78705E+16
180360,9,1,83,148,2018,6,13,4,2,5,3,0,1,1,0,0,0,0,0,7.5432E+20,5.34319E+21,1.24222E+16,4.8191E+16
180361,9,7,79,231,2018,6,12,5,2,4,1,0,0,0,0,1,0,1,0,6.31116E+20,5.41697E+21,1.07888E+16,4.88918E+16
180362,9,7,73,139,2018,6,15,5,3,6,7,0,0,1,1,0,0,0,0,6.15611E+20,5.38544E+21,1.05685E+16,4.86114E+16
180363,9,1,89,157,2018,6,19,4,3,0,7,0,1,0,0,0,0,0,0,7.63548E+20,5.32569E+21,1.25353E+16,4.803E+16
180364,9,7,72,147,2018,6,17,5,3,0,1,0,1,0,0,0,0,0,1,6.39511E+20,5.36402E+21,1.08854E+16,4.84139E+16
180365,9,1,83,128,2018,6,10,4,3,0,7,0,1,0,0,0,0,0,0,7.60616E+20,5.34974E+21,1.25108E+16,4.82473E+16
180366,9,7,61,0,2018,6,8,5,3,4,2,0,1,1,0,0,0,0,0,6.40217E+20,5.35808E+21,1.0893E+16,4.83603E+16
180367,9,1,63,0,2018,6,19,4,3,3,2,0,1,1,0,0,0,0,0,7.34136E+20,5.30538E+21,1.21304E+16,4.78591E+16
180368,9,1,63,0,2018,6,12,4,3,0,1,0,1,0,0,0,0,0,0,7.33657E+20,5.30523E+21,1.21239E+16,4.78578E+16
180369,9,7,61,0,2018,6,19,5,3,2,6,0,0,1,0,0,0,0,0,6.39113E+20,5.35914E+21,1.08784E+16,4.83701E+16
180370,9,7,61,0,2018,6,7,5,3,2,6,0,0,1,0,1,0,0,0,6.39237E+20,5.36018E+21,1.08804E+16,4.83794E+16
180371,9,1,82,132,2018,6,21,4,3,9,1,0,1,0,0,0,0,0,0,7.0664E+20,5.28853E+21,1.17552E+16,4.77171E+16
180372,9,7,61,0,2018,6,13,5,3,0,1,0,0,0,0,1,0,0,1,6.41763E+20,5.35895E+21,1.09141E+16,4.83678E+16
180373,9,7,61,0,2018,6,4,5,3,0,7,0,0,0,1,1,0,0,1,6.40356E+20,5.3587E+21,1.0895E+16,4.83658E+16
180374,9,1,87,122,2018,6,11,4,3,5,3,0,1,1,0,0,0,0,0,7.19333E+20,5.30721E+21,1.19337E+16,4.78808E+16
180375,9,1,85,158,2018,6,22,4,2,9,1,2,0,1,0,0,0,0,0,6.66966E+20,5.38228E+21,1.12635E+16,4.85714E+16
180376,9,7,71,113,2018,6,18,5,2,0,1,0,1,0,0,0,0,0,0,6.56816E+20,5.36971E+21,1.11212E+16,4.8461E+16
180377,9,1,85,158,2018,6,13,4,3,6,7,0,1,0,1,0,0,0,0,6.67283E+20,5.38115E+21,1.12673E+16,4.85611E+16
180378,9,1,86,132,2018,6,17,4,3,0,1,0,1,0,0,0,0,0,0,6.78904E+20,5.36739E+21,1.14188E+16,4.84342E+16
180379,9,6,63,0,2018,6,14,5,3,5,3,0,1,0,0,1,0,0,0,5.64755E+20,5.51563E+21,9.89963E+15,4.97897E+16
180380,9,6,78,160,2018,6,7,5,3,0,3,0,0,1,0,0,0,0,0,5.8537E+20,5.54641E+21,1.01928E+16,5.00639E+16
180381,9,1,85,149,2018,6,12,4,3,4,2,0,0,1,0,0,0,0,0,6.61138E+20,5.39925E+21,1.11911E+16,4.87254E+16
180382,9,1,76,126,2018,6,18,4,3,5,3,0,0,1,0,1,0,0,0,6.74004E+20,5.40885E+21,1.137E+16,4.88083E+16
180383,9,6,71,140,2018,6,8,5,3,5,3,0,1,1,0,0,0,0,0,5.06195E+20,5.53704E+21,9.08641E+15,4.99857E+16
180384,9,5,62,0,2018,6,8,5,3,5,3,0,1,1,0,0,0,0,0,6.46885E+20,5.49087E+21,1.10308E+16,4.95526E+16
180385,9,1,86,158,2018,6,7,4,3,0,7,0,1,0,0,0,0,1,0,6.93288E+20,5.40454E+21,1.16303E+16,4.87638E+16
180386,9,5,64,0,2018,6,20,5,3,1,7,0,1,1,0,0,0,0,0,6.48692E+20,5.47865E+21,1.10512E+16,4.94424E+16
180387,9,1,88,139,2018,6,18,4,2,0,7,0,1,0,0,0,0,0,0,6.74538E+20,5.3191E+21,1.13399E+16,4.80013E+16
180388,9,1,81,121,2018,6,16,4,3,0,1,0,1,0,0,0,0,0,0,6.36724E+20,5.31091E+21,1.08307E+16,4.79369E+16