OBJECTID_1,ULAND,UREGBEZ,UKREIS,UGEMEINDE,UJAHR,UMONAT,USTUNDE,UWOCHENTAG,UKATEGORIE,UART,UTYP1,ULICHTVERH,IstRad,IstPKW,IstFuss,IstKrad,IstGkfz,IstSonstig,STRZUSTAND,LINREFX,LINREFY,XGCSWGS84,YGCSWGS84
180575,9,6,76,136,2018,6,20,7,2,0,7,0,0,0,0,1,0,0,0,5.1733E+20,5.52636E+21,9.24126E+15,4.98894E+16
180576,9,5,72,111,2018,6,22,7,2,0,1,2,0,0,0,1,0,0,0,6.36915E+20,5.50842E+21,1.08992E+16,4.97127E+16
180577,9,1,90,141,2018,6,2,3,3,4,1,2,0,1,0,0,0,0,0,6.7821E+20,5.29327E+21,1.13785E+16,4.77681E+16
180578,9,5,74,129,2018,6,9,7,2,9,7,0,0,0,0,1,0,1,0,6.8076E+20,5.49649E+21,1.15013E+16,4.9594E+16
180579,9,5,64,0,2018,6,17,7,3,2,2,0,0,1,0,1,0,0,0,6.48359E+20,5.48112E+21,1.10475E+16,4.94646E+16
180580,9,1,89,154,2018,6,20,3,3,0,7,0,1,0,0,0,0,0,0,7.70102E+20,5.31759E+21,1.2618E+16,4.79546E+16
180581,9,1,89,150,2018,6,6,3,2,7,7,0,0,0,0,1,0,0,0,7.78301E+20,5.3227E+21,1.27309E+16,4.7997E+16
180582,9,5,64,0,2018,6,2,7,3,5,3,2,0,1,0,0,0,0,0,6.49133E+20,5.47917E+21,1.10575E+16,4.94469E+16
180583,9,1,63,0,2018,6,16,3,3,0,2,0,1,0,0,0,0,0,0,7.32684E+20,5.30411E+21,1.21103E+16,4.78482E+16
180584,9,1,87,114,2018,6,7,3,3,0,1,0,1,0,0,0,0,0,0,7.48625E+20,5.29723E+21,1.23191E+16,4.77804E+16
180585,9,5,64,0,2018,6,18,7,3,6,4,0,0,1,1,0,0,0,0,6.51119E+20,5.47865E+21,1.10847E+16,4.94417E+16
180586,9,5,64,0,2018,6,20,7,3,0,1,0,1,0,0,0,0,0,0,6.51571E+20,5.47732E+21,1.10904E+16,4.94297E+16
180587,9,1,82,125,2018,6,12,3,3,0,7,0,1,1,0,0,0,0,0,7.12021E+20,5.29669E+21,1.18308E+16,4.77886E+16
180588,9,5,77,177,2018,6,12,7,2,2,6,0,0,1,0,1,0,0,0,6.44995E+20,5.43025E+21,1.09827E+16,4.90081E+16
180589,9,1,61,0,2018,6,16,3,2,5,3,0,0,0,0,0,0,1,0,6.80885E+20,5.40629E+21,1.14625E+16,4.87833E+16
180590,9,1,86,143,2018,6,11,3,3,0,5,0,1,1,0,0,0,0,0,6.85492E+20,5.37796E+21,1.15124E+16,4.85273E+16
180591,9,5,75,118,2018,6,12,7,3,4,6,0,0,1,0,1,0,0,0,6.17539E+20,5.49463E+21,1.06264E+16,4.95928E+16
180592,9,1,61,0,2018,6,17,3,3,0,5,0,1,1,0,0,0,0,0,6.79567E+20,5.40292E+21,1.14431E+16,4.87534E+16
180593,9,1,88,139,2018,6,8,3,3,2,6,0,0,1,0,0,0,0,0,6.72422E+20,5.31942E+21,1.13117E+16,4.80048E+16
180594,9,5,71,136,2018,6,22,7,3,6,4,2,0,1,1,0,0,0,0,5.9633E+20,5.43604E+21,1.03189E+16,4.90697E+16
180595,9,1,79,126,2018,6,14,3,3,6,7,0,1,0,1,0,0,0,0,6.76178E+20,5.34092E+21,1.13709E+16,4.8197E+16
180596,9,1,79,121,2018,6,10,3,3,0,1,0,1,0,0,0,0,0,0,6.66182E+20,5.33856E+21,1.12356E+16,4.81785E+16
180597,9,4,74,154,2018,6,17,7,3,5,3,0,0,1,0,1,0,0,0,6.53183E+20,5.49823E+21,1.11207E+16,4.96172E+16
180598,9,4,71,140,2018,6,12,7,3,5,3,0,0,1,0,1,0,0,1,6.34084E+20,5.53079E+21,1.08677E+16,4.99144E+16
180599,9,1,74,111,2018,6,18,3,3,5,3,0,0,1,0,1,0,0,0,6.66886E+20,5.36219E+21,1.12544E+16,4.83908E+16
180600,9,4,71,165,2018,6,11,7,3,1,7,0,1,1,0,0,0,0,0,6.30349E+20,5.53256E+21,1.08163E+16,4.99312E+16
180601,9,1,74,115,2018,6,7,3,2,0,1,0,1,0,0,0,0,1,0,6.82284E+20,5.34777E+21,1.14559E+16,4.82569E+16
180602,9,1,77,133,2018,6,7,3,3,2,6,0,0,1,0,0,0,0,0,7.06588E+20,5.35883E+21,1.17884E+16,4.83488E+16
180603,9,4,61,0,2018,6,16,7,3,3,7,0,1,1,0,0,0,0,0,6.3711E+20,5.52957E+21,1.09094E+16,4.99028E+16
180604,9,1,75,135,2018,6,20,3,3,8,1,0,0,1,0,0,0,0,0,7.08034E+20,5.33959E+21,1.17984E+16,4.81754E+16
180605,9,3,77,158,2018,6,14,7,2,0,6,0,0,0,1,1,0,0,0,7.36842E+20,5.54392E+21,1.23051E+16,5.00005E+16
180606,9,1,78,145,2018,6,10,3,3,0,1,0,1,0,0,0,0,0,0,6.96377E+20,5.35435E+21,1.16487E+16,4.83118E+16
180607,9,3,63,0,2018,6,6,7,3,5,3,0,0,1,0,0,0,0,0,7.2716E+20,5.50689E+21,1.21485E+16,4.96717E+16
180608,9,2,74,112,2018,6,6,7,3,5,3,0,0,1,0,0,0,0,0,7.55395E+20,5.38064E+21,1.24593E+16,4.85269E+16
180609,9,1,77,131,2018,6,22,3,3,9,7,2,0,1,0,0,0,0,0,7.11034E+20,5.34813E+21,1.1843E+16,4.82512E+16
180610,9,1,77,117,2018,6,7,3,3,5,7,0,1,1,0,0,0,0,0,7.15072E+20,5.35368E+21,1.19002E+16,4.82997E+16
180611,9,2,79,112,2018,6,14,7,3,5,3,0,0,1,0,0,0,0,0,7.58052E+20,5.39233E+21,1.25025E+16,4.86307E+16
180612,9,1,80,116,2018,6,18,7,3,5,3,0,1,1,0,0,0,0,0,6.5869E+20,5.26572E+21,1.11081E+16,4.75255E+16
180613,9,1,75,115,2018,6,17,3,3,8,1,0,0,0,0,1,0,0,0,7.23771E+20,5.32894E+21,1.20043E+16,4.80744E+16
180614,9,1,80,136,2018,6,12,7,2,9,1,0,0,0,0,1,0,0,0,6.73056E+20,5.26632E+21,1.1299E+16,4.75272E+16
180615,9,1,83,148,2018,6,17,7,3,5,3,0,1,0,0,0,0,0,0,7.52889E+20,5.3454E+21,1.24043E+16,4.82114E+16
180616,9,1,62,0,2018,6,12,2,3,3,6,0,1,1,0,0,0,0,0,6.92947E+20,5.33516E+21,1.15937E+16,4.81404E+16
180617,9,1,62,0,2018,6,9,2,3,0,1,0,1,1,0,0,0,0,0,6.92011E+20,5.33496E+21,1.15811E+16,4.81389E+16
180618,9,1,89,154,2018,6,10,7,2,0,7,0,1,0,0,0,0,0,0,7.68814E+20,5.31842E+21,1.26013E+16,4.79626E+16
180619,9,1,72,111,2018,6,19,7,3,0,7,0,0,1,1,0,0,0,0,7.95867E+20,5.30336E+21,1.29525E+16,4.78155E+16
180620,9,1,62,0,2018,6,7,2,3,6,4,0,0,1,1,0,0,0,0,6.87602E+20,5.34363E+21,1.15257E+16,4.82181E+16
180621,9,1,63,0,2018,6,23,7,3,0,7,2,1,0,0,0,0,0,1,7.32948E+20,5.30308E+21,1.21133E+16,4.78388E+16
180622,9,1,87,162,2018,6,13,7,3,2,6,0,0,1,0,0,0,0,0,7.51526E+20,5.30653E+21,1.23632E+16,4.78628E+16
180623,9,1,62,0,2018,6,18,2,3,0,7,0,0,1,0,1,0,0,0,6.91002E+20,5.33617E+21,1.15681E+16,4.815E+16
180624,9,1,62,0,2018,6,18,2,3,1,3,0,1,1,0,0,0,0,0,6.91138E+20,5.33003E+21,1.15671E+16,4.80948E+16
180625,9,1,87,117,2018,6,20,7,3,0,1,0,1,0,0,0,0,0,1,7.25447E+20,5.30599E+21,1.20147E+16,4.78677E+16
180626,9,1,61,0,2018,6,23,7,3,0,1,2,1,0,0,0,0,0,1,6.78408E+20,5.40332E+21,1.14275E+16,4.87573E+16
180627,9,1,62,0,2018,6,19,2,3,5,3,0,0,1,0,0,0,0,0,6.86761E+20,5.33026E+21,1.15085E+16,4.80982E+16
180628,9,1,61,0,2018,6,13,7,2,3,6,0,0,1,0,0,0,0,0,6.76766E+20,5.40515E+21,1.1406E+16,4.87742E+16
180629,9,1,62,0,2018,6,19,2,3,5,2,0,1,1,0,0,0,0,0,6.90429E+20,5.34024E+21,1.15622E+16,4.81868E+16
180630,9,1,86,162,2018,6,2,7,3,0,1,2,1,0,0,0,0,0,0,6.90575E+20,5.38659E+21,1.15852E+16,4.86033E+16
180631,9,1,62,0,2018,6,7,2,3,5,3,0,0,1,0,0,0,0,1,6.88184E+20,5.32736E+21,1.15263E+16,4.80717E+16
180632,9,1,62,0,2018,6,8,2,3,5,3,0,1,1,0,0,0,0,0,6.99379E+20,5.33255E+21,1.16789E+16,4.81149E+16
180633,9,1,62,0,2018,6,21,6,3,6,4,2,0,1,1,0,0,0,0,6.9459E+20,5.33417E+21,1.16153E+16,4.8131E+16
180634,9,1,62,0,2018,6,10,6,3,0,7,0,1,0,0,0,0,0,0,6.9133E+20,5.33614E+21,1.15724E+16,4.81497E+16
180635,9,7,75,135,2018,6,15,2,3,6,4,0,0,1,1,0,0,0,0,5.74419E+20,5.36078E+21,1.00054E+16,4.83958E+16
180636,9,1,62,0,2018,6,12,6,3,0,1,0,1,0,0,0,0,0,0,6.9221E+20,5.33725E+21,1.15848E+16,4.81594E+16
180637,9,1,62,0,2018,6,14,6,3,2,6,0,0,1,0,0,0,0,0,6.92303E+20,5.33424E+21,1.15847E+16,4.81324E+16
180638,9,7,64,0,2018,6,15,2,3,5,3,0,1,1,0,0,0,0,0,5.88326E+20,5.31743E+21,1.01842E+16,4.80041E+16
180639,9,7,63,0,2018,6,20,2,3,6,2,0,1,0,1,0,0,0,0,5.99045E+20,5.28529E+21,1.03205E+16,4.77134E+16
180640,9,1,62,0,2018,6,16,6,3,5,3,0,1,1,0,0,0,0,0,6.84447E+20,5.33259E+21,1.14785E+16,4.81198E+16
180641,9,7,76,117,2018,6,8,2,3,0,2,0,0,0,0,1,0,0,1,5.67473E+20,5.2727E+21,9.89767E+15,4.76042E+16
180642,9,7,77,163,2018,6,12,2,3,0,6,0,0,0,0,1,0,0,0,6.30385E+20,5.27717E+21,1.07357E+16,4.76348E+16
180643,9,1,62,0,2018,6,11,6,3,2,6,0,0,1,0,0,0,0,0,6.8629E+20,5.33327E+21,1.15035E+16,4.81254E+16
180644,9,1,62,0,2018,6,17,6,2,5,3,0,1,1,0,0,0,0,0,6.88552E+20,5.33459E+21,1.15344E+16,4.81366E+16
180645,9,7,79,201,2018,6,12,2,3,3,2,0,0,1,0,0,0,0,0,6.40604E+20,5.395E+21,1.09106E+16,4.86922E+16
180646,9,7,73,125,2018,6,14,2,3,0,7,0,0,0,0,1,0,1,1,6.11265E+20,5.38243E+21,1.05087E+16,4.8585E+16
180647,9,1,84,148,2018,6,14,6,3,2,6,0,0,1,0,1,0,0,0,6.94812E+20,5.32652E+21,1.16148E+16,4.80622E+16
180648,9,1,62,0,2018,6,9,6,3,6,4,0,0,1,1,0,0,0,0,6.85708E+20,5.33498E+21,1.14964E+16,4.81409E+16
180649,9,7,61,0,2018,6,19,2,3,5,1,0,1,1,0,0,0,0,0,6.3931E+20,5.35826E+21,1.08808E+16,4.83621E+16
180650,9,1,62,0,2018,6,18,6,3,5,3,0,0,1,0,0,0,0,0,6.9081E+20,5.33475E+21,1.15648E+16,4.81374E+16
180651,9,7,61,0,2018,6,15,2,3,0,7,2,1,0,0,0,0,0,0,6.39573E+20,5.35882E+21,1.08845E+16,4.83671E+16
180652,9,7,61,0,2018,6,19,2,3,3,5,0,1,1,0,0,0,0,0,6.39556E+20,5.36006E+21,1.08847E+16,4.83783E+16
180653,9,1,62,0,2018,6,12,6,3,5,2,0,0,1,0,1,0,0,0,6.96531E+20,5.33283E+21,1.16408E+16,4.81184E+16
180654,9,6,63,0,2018,6,17,2,3,3,2,0,0,0,0,1,0,1,0,5.67182E+20,5.51691E+21,9.93357E+15,4.98009E+16
180655,9,6,62,0,2018,6,17,2,3,3,6,0,0,1,0,1,0,0,0,5.8785E+20,5.54415E+21,1.02269E+16,5.00432E+16
180656,9,1,62,0,2018,6,11,6,1,4,7,0,0,1,0,1,0,0,0,6.90144E+20,5.33481E+21,1.15559E+16,4.81382E+16
180657,9,1,84,119,2018,6,16,6,3,1,7,0,1,1,0,0,0,0,0,6.96801E+20,5.34709E+21,1.1651E+16,4.82464E+16
180658,9,1,62,0,2018,6,11,6,3,1,6,0,0,1,0,0,0,0,0,6.8265E+20,5.33593E+21,1.14558E+16,4.81504E+16
180659,9,1,62,0,2018,6,19,6,2,1,5,0,1,1,0,0,0,0,0,6.86718E+20,5.34147E+21,1.15128E+16,4.81989E+16
180660,9,6,72,149,2018,6,7,2,1,8,1,0,0,1,0,0,0,0,1,5.60872E+20,5.5707E+21,9.85444E+15,5.02853E+16
180661,9,5,72,132,2018,6,15,2,2,5,3,0,0,1,0,1,0,0,0,6.36692E+20,5.49224E+21,1.08905E+16,4.95673E+16
180662,9,1,62,0,2018,6,17,6,3,5,3,0,1,1,0,0,0,0,0,6.99188E+20,5.33235E+21,1.16762E+16,4.81132E+16
180663,9,5,64,0,2018,6,16,2,3,5,6,0,1,0,0,0,0,1,0,6.50053E+20,5.47912E+21,1.10701E+16,4.94462E+16
180664,9,5,64,0,2018,6,15,2,3,0,4,0,0,1,1,0,0,0,0,6.52035E+20,5.48322E+21,1.1099E+16,4.94825E+16
180665,9,1,62,0,2018,6,14,6,3,1,7,0,0,1,0,1,0,0,0,6.91457E+20,5.33225E+21,1.15724E+16,4.81147E+16
180666,9,5,64,0,2018,6,18,2,3,0,7,0,0,0,0,0,0,1,0,6.51164E+20,5.48035E+21,1.10859E+16,4.94569E+16
180667,9,1,62,0,2018,6,9,6,3,0,3,0,1,1,0,0,0,0,0,6.93516E+20,5.33563E+21,1.16016E+16,4.81444E+16
180668,9,5,64,0,2018,6,22,2,3,0,1,2,1,0,0,0,0,0,0,6.50207E+20,5.48076E+21,1.10729E+16,4.94609E+16
180669,9,1,62,0,2018,6,8,6,3,0,7,0,0,0,1,0,1,0,0,6.94175E+20,5.33394E+21,1.16097E+16,4.8129E+16
180670,9,6,79,187,2018,6,14,5,3,9,1,0,1,0,0,0,0,0,0,5.73731E+20,5.50581E+21,1.00225E+16,4.97003E+16
180671,9,6,63,0,2018,6,7,5,2,4,3,0,0,1,0,1,0,0,0,5.67964E+20,5.51433E+21,9.94398E+15,4.97776E+16
180672,9,6,78,134,2018,6,6,5,3,5,3,0,0,1,0,0,0,0,0,5.96941E+20,5.52802E+21,1.03498E+16,4.98967E+16
180673,9,6,62,0,2018,6,16,5,3,3,6,0,0,1,0,1,0,0,0,5.88056E+20,5.544E+21,1.02298E+16,5.00418E+16
180674,9,6,76,132,2018,6,5,5,3,5,3,0,0,1,0,0,0,0,0,5.15103E+20,5.50788E+21,9.20953E+15,4.97232E+16
180675,9,4,63,0,2018,6,18,7,3,0,7,0,1,0,0,0,0,0,0,6.39981E+20,5.57073E+21,1.09644E+16,5.02721E+16
180676,9,6,61,0,2018,6,16,5,3,1,5,0,1,1,0,0,0,0,0,5.08527E+20,5.53356E+21,9.11886E+15,4.99543E+16
180677,9,6,71,112,2018,6,19,5,2,5,3,0,1,1,0,0,0,0,0,5.18487E+20,5.5361E+21,9.25784E+15,4.99769E+16
180678,9,4,71,111,2018,6,19,7,3,0,1,0,1,0,0,0,0,0,0,6.44725E+20,5.51817E+21,1.10111E+16,4.97985E+16
180679,9,4,71,140,2018,6,23,7,3,0,6,2,1,1,0,0,0,0,0,6.34921E+20,5.53117E+21,1.08795E+16,4.99177E+16
180680,9,6,71,111,2018,6,17,5,3,0,3,0,1,0,0,1,0,0,0,5.05139E+20,5.54634E+21,9.07181E+15,5.00693E+16
180681,9,4,71,207,2018,6,18,7,3,0,1,0,1,0,0,0,0,0,0,6.25457E+20,5.53248E+21,1.07481E+16,4.99315E+16
180682,9,5,72,135,2018,6,7,5,3,0,6,0,0,0,1,0,0,1,0,6.30979E+20,5.50799E+21,1.08168E+16,4.97102E+16
180683,9,5,76,132,2018,6,18,5,3,6,7,0,0,1,1,0,0,0,1,6.54535E+20,5.46355E+21,1.11259E+16,4.93051E+16
180684,9,4,61,0,2018,6,17,7,3,0,7,0,1,0,0,0,0,0,0,6.36235E+20,5.52586E+21,1.08959E+16,4.98697E+16
180685,9,4,61,0,2018,6,22,7,3,6,4,2,0,1,1,0,0,0,0,6.36997E+20,5.52923E+21,1.09077E+16,4.98997E+16
180686,9,5,74,138,2018,6,9,5,2,4,6,0,0,1,0,1,0,0,0,6.66069E+20,5.48663E+21,1.12941E+16,4.95096E+16
180687,9,5,74,138,2018,6,8,5,2,0,1,0,1,0,0,0,0,0,0,6.65407E+20,5.48684E+21,1.1285E+16,4.95116E+16
180688,9,3,63,0,2018,6,10,7,3,6,7,0,0,0,1,1,0,0,0,7.28273E+20,5.50768E+21,1.21644E+16,4.96784E+16
180689,9,5,64,0,2018,6,19,5,3,2,6,0,0,1,0,0,0,0,1,6.51161E+20,5.47927E+21,1.10855E+16,4.94473E+16
180690,9,5,64,0,2018,6,12,5,3,5,3,0,1,1,0,0,0,0,0,6.50869E+20,5.48105E+21,1.10821E+16,4.94633E+16
180691,9,3,72,153,2018,6,18,7,3,2,2,0,1,0,0,0,0,0,0,7.52477E+20,5.45078E+21,1.24631E+16,4.91578E+16
180692,9,3,73,126,2018,6,3,7,3,0,1,2,0,0,0,1,0,0,0,6.70114E+20,5.45158E+21,1.13349E+16,4.91934E+16
180693,9,5,64,0,2018,6,21,5,3,9,1,2,0,1,0,0,0,0,1,6.51294E+20,5.48009E+21,1.10876E+16,4.94546E+16
180694,9,3,73,146,2018,6,13,7,3,5,3,0,1,1,0,0,0,0,0,6.78353E+20,5.45011E+21,1.14473E+16,4.91778E+16
180695,9,2,77,121,2018,6,12,7,3,8,7,0,0,1,0,0,0,0,0,7.63944E+20,5.37044E+21,1.25685E+16,4.84318E+16
180696,9,1,73,147,2018,6,22,7,3,5,3,2,0,1,0,0,0,0,0,6.8166E+20,5.30894E+21,1.1431E+16,4.7908E+16
180697,9,1,80,123,2018,6,12,7,3,3,1,0,1,0,0,0,0,0,0,6.70407E+20,5.25594E+21,1.12599E+16,4.74346E+16
180698,9,1,73,126,2018,6,17,7,2,0,7,0,1,0,0,0,0,0,0,6.85811E+20,5.30357E+21,1.14842E+16,4.78586E+16
180699,9,5,64,0,2018,6,21,5,3,1,7,1,0,1,0,1,0,0,1,6.46543E+20,5.47982E+21,1.1022E+16,4.94533E+16
180700,9,1,89,145,2018,6,17,7,3,0,1,0,0,0,0,1,0,0,0,7.7287E+20,5.30311E+21,1.26458E+16,4.78234E+16
180701,9,4,76,145,2018,6,16,5,3,6,4,0,0,0,1,0,0,1,0,6.63816E+20,5.56447E+21,1.12959E+16,5.02097E+16
180702,9,4,72,164,2018,6,12,5,3,8,1,0,0,0,0,1,0,0,0,7.04787E+20,5.54067E+21,1.18567E+16,4.99832E+16
180703,9,1,87,148,2018,6,11,7,3,0,3,0,1,1,0,0,0,0,0,7.39434E+20,5.27864E+21,1.21864E+16,4.76169E+16
180704,9,1,61,0,2018,6,14,7,3,0,1,0,1,0,0,0,0,0,0,6.78777E+20,5.40576E+21,1.14336E+16,4.87792E+16
180705,9,1,88,113,2018,6,16,7,3,0,1,0,1,0,0,0,0,0,0,6.74454E+20,5.31193E+21,1.13359E+16,4.79369E+16
180706,9,1,79,142,2018,6,16,7,3,0,6,0,1,0,0,0,0,0,0,6.72486E+20,5.34279E+21,1.1322E+16,4.82149E+16
180707,9,4,62,0,2018,6,16,5,3,0,7,0,0,0,0,0,0,1,0,6.86872E+20,5.53508E+21,1.16043E+16,4.99388E+16
180708,9,1,81,113,2018,6,16,7,3,0,1,0,1,0,0,0,0,0,0,6.41977E+20,5.30864E+21,1.09002E+16,4.79154E+16
180709,9,1,81,130,2018,6,12,7,3,5,3,0,0,1,0,0,0,0,0,6.38311E+20,5.32558E+21,1.08566E+16,4.80685E+16
180710,9,1,81,145,2018,6,16,7,3,5,2,0,0,1,0,0,0,0,0,6.44284E+20,5.32936E+21,1.09381E+16,4.81012E+16
180711,9,1,79,121,2018,6,7,7,3,5,3,0,0,1,0,0,0,0,0,6.66356E+20,5.33732E+21,1.12374E+16,4.81673E+16
180712,9,4,62,0,2018,6,16,5,3,4,6,0,0,1,0,0,0,0,0,6.83539E+20,5.53429E+21,1.15576E+16,4.99328E+16
180713,9,4,71,207,2018,6,11,5,3,0,1,0,1,0,0,0,0,0,0,6.27437E+20,5.53126E+21,1.07753E+16,4.99201E+16
180714,9,1,74,141,2018,6,23,7,3,6,7,2,0,1,1,0,0,0,0,6.84542E+20,5.35768E+21,1.14907E+16,4.83453E+16
180715,9,4,61,0,2018,6,22,5,3,5,6,2,1,1,0,0,0,0,1,6.3605E+20,5.52891E+21,1.08944E+16,4.98971E+16
180716,9,1,74,146,2018,6,8,7,2,9,1,0,0,0,0,1,0,0,0,6.66233E+20,5.34944E+21,1.12405E+16,4.82764E+16
180717,9,4,71,123,2018,6,15,5,3,5,3,0,0,1,0,1,0,0,0,6.458E+20,5.51866E+21,1.10262E+16,4.98027E+16
180718,9,1,75,132,2018,6,15,7,3,5,3,0,0,1,0,0,0,0,0,7.07719E+20,5.33158E+21,1.17903E+16,4.81036E+16
180719,9,1,77,117,2018,6,12,7,3,4,2,0,1,1,0,0,0,0,0,7.16096E+20,5.3547E+21,1.19145E+16,4.83085E+16
180720,9,3,62,0,2018,6,19,5,3,5,3,0,1,1,0,0,0,0,1,7.27102E+20,5.43362E+21,1.2106E+16,4.90137E+16
180721,9,3,62,0,2018,6,16,5,3,7,7,0,0,0,0,1,0,0,1,7.26803E+20,5.43377E+21,1.2102E+16,4.90151E+16
180722,9,1,62,0,2018,6,14,6,3,2,6,0,0,1,0,0,0,1,1,6.87386E+20,5.3396E+21,1.1521E+16,4.81819E+16
180723,9,3,62,0,2018,6,7,5,3,5,3,0,0,1,0,1,0,1,1,7.26948E+20,5.434E+21,1.21041E+16,4.90171E+16
180724,9,3,62,0,2018,6,11,5,3,5,3,0,0,1,0,1,0,0,0,7.26022E+20,5.43382E+21,1.20913E+16,4.90158E+16
180725,9,1,62,0,2018,6,16,6,3,6,4,0,0,1,1,0,0,0,0,6.86386E+20,5.32924E+21,1.1503E+16,4.80891E+16
180726,9,1,62,0,2018,6,20,6,2,5,3,0,1,1,0,0,0,0,0,6.89839E+20,5.34142E+21,1.15548E+16,4.81976E+16
180727,9,3,62,0,2018,6,17,5,3,2,6,0,0,1,0,0,0,0,1,7.28965E+20,5.4365E+21,1.2133E+16,4.90388E+16
180728,9,1,62,0,2018,6,17,6,2,0,7,0,0,1,0,1,0,0,0,6.93355E+20,5.33427E+21,1.15988E+16,4.81323E+16
180729,9,3,73,147,2018,6,17,5,3,5,3,0,0,1,0,0,0,0,1,6.78821E+20,5.46015E+21,1.14581E+16,4.92679E+16
180730,9,3,73,119,2018,6,14,5,2,5,3,0,1,1,0,0,0,0,1,6.85272E+20,5.45627E+21,1.15449E+16,4.92311E+16
180731,9,3,73,147,2018,6,6,5,2,1,5,0,0,1,0,0,0,0,0,6.75837E+20,5.4628E+21,1.14183E+16,4.92926E+16
180732,9,1,62,0,2018,6,19,6,3,1,3,0,1,1,0,0,0,0,0,6.93865E+20,5.33142E+21,1.16043E+16,4.81065E+16
180733,9,2,71,119,2018,6,21,5,3,4,2,1,0,1,0,0,0,0,0,7.90496E+20,5.41746E+21,1.29596E+16,4.88421E+16
180734,9,2,71,119,2018,6,13,5,3,1,5,0,0,1,0,0,0,0,1,7.90871E+20,5.41666E+21,1.29641E+16,4.88347E+16
180735,9,1,62,0,2018,6,20,6,3,4,6,1,1,1,0,0,0,0,0,6.88181E+20,5.33783E+21,1.15309E+16,4.81659E+16
180736,9,2,71,119,2018,6,13,5,3,5,3,0,0,1,0,0,0,0,1,7.91096E+20,5.41659E+21,1.29671E+16,4.8834E+16
180737,9,2,75,116,2018,6,20,5,3,5,3,1,0,1,0,0,0,0,0,8.1889E+20,5.36393E+21,1.33044E+16,4.83479E+16
180738,9,1,84,149,2018,6,18,6,3,5,3,0,1,1,0,0,0,0,0,6.92076E+20,5.34967E+21,1.15886E+16,4.82711E+16
180739,9,1,62,0,2018,6,16,6,3,5,3,0,1,1,0,0,0,0,0,6.88338E+20,5.34083E+21,1.15343E+16,4.81927E+16
180740,9,1,89,155,2018,6,16,5,3,2,6,0,0,1,0,0,0,0,0,7.71779E+20,5.30919E+21,1.26351E+16,4.78785E+16
180741,9,1,62,0,2018,6,14,6,3,1,6,0,0,1,0,0,0,1,0,6.86449E+20,5.32983E+21,1.15041E+16,4.80944E+16
180742,9,1,62,0,2018,6,18,6,3,4,6,0,1,1,0,0,0,0,0,6.99675E+20,5.33318E+21,1.16831E+16,4.81206E+16
180743,9,1,87,122,2018,6,12,5,3,1,6,0,0,1,0,0,0,0,1,7.19373E+20,5.30701E+21,1.19341E+16,4.78789E+16
180744,9,7,64,0,2018,6,17,6,3,5,3,0,1,1,0,0,0,0,0,5.88596E+20,5.31549E+21,1.01874E+16,4.79865E+16
180745,9,1,61,0,2018,6,13,5,3,5,3,0,1,1,0,0,0,0,1,6.82311E+20,5.40488E+21,1.14813E+16,4.87702E+16
180746,9,1,76,123,2018,6,17,5,3,0,2,0,0,1,0,1,0,0,1,6.59731E+20,5.41801E+21,1.11793E+16,4.88945E+16
180747,9,7,78,203,2018,6,20,6,2,0,1,1,1,0,0,0,0,0,0,6.22776E+20,5.32419E+21,1.06478E+16,4.80591E+16
180748,9,1,79,118,2018,6,18,5,3,1,5,1,1,1,0,0,0,0,1,6.73513E+20,5.33869E+21,1.13341E+16,4.81777E+16
180749,9,1,79,123,2018,6,20,5,2,0,7,1,1,0,0,0,0,0,1,6.75751E+20,5.33308E+21,1.13619E+16,4.81267E+16
180750,9,7,76,125,2018,6,13,6,2,0,1,0,1,0,0,0,0,0,0,5.64383E+20,5.26993E+21,9.85616E+15,4.75796E+16
180751,9,7,79,147,2018,6,17,6,2,0,7,0,1,0,0,0,0,0,0,6.0982E+20,5.42441E+21,1.05004E+16,4.89628E+16
180752,9,7,79,131,2018,6,19,6,3,5,7,0,0,1,0,0,0,0,0,6.26148E+20,5.39858E+21,1.07154E+16,4.87275E+16
180753,9,7,71,130,2018,6,14,6,3,5,3,0,1,1,0,0,0,0,0,6.45632E+20,5.35746E+21,1.09658E+16,4.83535E+16
180754,9,1,74,126,2018,6,16,5,3,5,3,0,0,1,0,0,0,0,1,6.83405E+20,5.34399E+21,1.14694E+16,4.82226E+16
180755,9,1,74,126,2018,6,7,5,3,5,3,0,1,1,0,0,0,0,1,6.82598E+20,5.34303E+21,1.14581E+16,4.82142E+16
180756,9,7,72,202,2018,6,19,6,3,5,3,0,1,1,0,0,0,0,0,6.37054E+20,5.35872E+21,1.08505E+16,4.83667E+16
180757,9,1,75,132,2018,6,12,5,3,5,3,0,0,1,0,0,0,1,1,7.07213E+20,5.33148E+21,1.17835E+16,4.81029E+16
180758,9,1,77,117,2018,6,8,5,3,0,6,0,1,1,0,0,0,0,1,7.15391E+20,5.35252E+21,1.19039E+16,4.82892E+16
180759,9,1,62,0,2018,6,10,4,3,0,7,0,0,0,0,1,0,0,1,6.9118E+20,5.33527E+21,1.157E+16,4.81419E+16
180760,9,7,61,0,2018,6,13,6,3,4,6,0,0,0,0,0,0,1,0,6.37393E+20,5.35754E+21,1.08547E+16,4.8356E+16