OBJECTID_1,ULAND,UREGBEZ,UKREIS,UGEMEINDE,UJAHR,UMONAT,USTUNDE,UWOCHENTAG,UKATEGORIE,UART,UTYP1,ULICHTVERH,IstRad,IstPKW,IstFuss,IstKrad,IstGkfz,IstSonstig,STRZUSTAND,LINREFX,LINREFY,XGCSWGS84,YGCSWGS84
180761,9,1,62,0,2018,6,8,4,3,4,3,0,1,0,0,0,0,0,0,6.92123E+20,5.33522E+21,1.15827E+16,4.81412E+16
180762,9,7,61,0,2018,6,9,6,3,0,1,0,1,0,0,0,0,0,1,6.38873E+20,5.35846E+21,1.08749E+16,4.8364E+16
180763,9,1,62,0,2018,6,4,4,2,0,7,0,0,0,0,1,0,0,0,6.9492E+20,5.33779E+21,1.16214E+16,4.81634E+16
180764,9,7,71,113,2018,6,18,6,2,0,7,0,0,0,0,0,0,1,0,6.59334E+20,5.36647E+21,1.11541E+16,4.84312E+16
180765,9,6,75,141,2018,6,17,6,3,9,7,0,0,1,0,0,0,0,0,5.86228E+20,5.51515E+21,1.01978E+16,4.97826E+16
180766,9,1,62,0,2018,6,8,4,3,5,3,0,1,1,0,0,0,0,0,6.83191E+20,5.33774E+21,1.14638E+16,4.81665E+16
180767,9,6,75,174,2018,6,16,6,2,5,3,0,1,1,0,0,0,0,0,5.92634E+20,5.52659E+21,1.02895E+16,4.98845E+16
180768,9,6,72,113,2018,6,10,6,3,4,2,0,0,1,0,0,0,0,0,5.5566E+20,5.57273E+21,9.7816E+15,5.03041E+16
180769,9,1,62,0,2018,6,16,4,3,4,6,0,1,1,0,0,0,0,0,6.83747E+20,5.33667E+21,1.14708E+16,4.81567E+16
180770,9,1,62,0,2018,6,18,4,3,3,2,0,1,1,0,0,0,0,0,6.91776E+20,5.33209E+21,1.15766E+16,4.81132E+16
180771,9,5,76,137,2018,6,22,6,3,0,7,2,1,0,0,0,0,0,0,6.4918E+20,5.46377E+21,1.10523E+16,4.93084E+16
180772,9,5,62,0,2018,6,17,6,3,1,5,0,1,1,0,0,0,0,0,6.43963E+20,5.49369E+21,1.09915E+16,4.95787E+16
180773,9,1,62,0,2018,6,13,4,3,1,7,0,1,1,0,0,0,0,0,6.91496E+20,5.33698E+21,1.15751E+16,4.81572E+16
180774,9,5,62,0,2018,6,15,6,3,3,2,0,1,1,0,0,0,0,0,6.44982E+20,5.49415E+21,1.10057E+16,4.95825E+16
180775,9,5,62,0,2018,6,8,6,3,5,3,0,1,1,0,0,0,0,0,6.46061E+20,5.49611E+21,1.10214E+16,4.95999E+16
180776,9,5,65,0,2018,6,15,6,3,5,3,0,1,1,0,0,0,0,0,6.47747E+20,5.46557E+21,1.10333E+16,4.9325E+16
180777,9,1,62,0,2018,6,15,4,3,4,2,0,1,1,0,0,0,0,0,6.88529E+20,5.33441E+21,1.15341E+16,4.8135E+16
180778,9,5,63,0,2018,6,15,6,3,0,7,0,1,0,0,0,0,0,0,6.45038E+20,5.48098E+21,1.10017E+16,4.94641E+16
180779,9,5,64,0,2018,6,14,6,3,3,6,0,0,1,0,0,0,0,0,6.46234E+20,5.47721E+21,1.10168E+16,4.943E+16
180780,9,1,62,0,2018,6,11,4,3,6,4,0,0,1,1,0,0,0,0,6.91676E+20,5.33371E+21,1.1576E+16,4.81278E+16
180781,9,5,64,0,2018,6,20,6,3,0,1,0,1,0,0,0,0,0,0,6.49976E+20,5.47988E+21,1.10694E+16,4.94531E+16
180782,9,1,62,0,2018,6,8,4,3,5,3,0,1,0,0,0,1,0,0,6.91313E+20,5.33869E+21,1.15734E+16,4.81727E+16
180783,9,5,64,0,2018,6,11,6,3,5,3,0,0,1,0,1,0,0,0,6.49883E+20,5.47815E+21,1.10674E+16,4.94375E+16
180784,9,1,62,0,2018,6,8,4,3,3,6,0,1,0,0,0,0,0,0,6.907E+20,5.34046E+21,1.15659E+16,4.81888E+16
180785,9,1,62,0,2018,6,7,4,3,5,3,0,0,1,0,0,0,0,0,6.87319E+20,5.33669E+21,1.15188E+16,4.81559E+16
180786,9,5,64,0,2018,6,7,6,3,5,2,0,1,1,0,0,0,0,1,6.58593E+20,5.47634E+21,1.11868E+16,4.9419E+16
180787,9,5,64,0,2018,6,15,6,3,6,4,0,0,1,1,0,0,0,0,6.53176E+20,5.48186E+21,1.11143E+16,4.94701E+16
180788,9,1,62,0,2018,6,19,4,3,1,7,0,1,1,0,0,0,0,0,6.89142E+20,5.33061E+21,1.15406E+16,4.81007E+16
180789,9,5,64,0,2018,6,7,6,3,0,7,0,1,0,0,0,0,1,0,6.46791E+20,5.48112E+21,1.10259E+16,4.9465E+16
180790,9,5,77,114,2018,6,23,6,2,0,7,2,1,0,0,0,0,0,0,6.25648E+20,5.44577E+21,1.07231E+16,4.91519E+16
180791,9,1,62,0,2018,6,18,4,3,0,1,0,1,0,0,0,0,0,0,6.97343E+20,5.33423E+21,1.16523E+16,4.81307E+16
180792,9,1,62,0,2018,6,17,4,3,5,3,0,1,1,0,0,0,0,0,7.01101E+20,5.3316E+21,1.17015E+16,4.81059E+16
180793,9,5,71,145,2018,6,7,6,2,8,7,0,0,1,0,0,0,0,0,5.98232E+20,5.44406E+21,1.03469E+16,4.91415E+16
180794,9,1,62,0,2018,6,21,4,3,0,7,1,1,0,0,0,0,0,0,6.99325E+20,5.33521E+21,1.16794E+16,4.81389E+16
180795,9,1,62,0,2018,6,19,4,2,6,4,0,0,0,1,0,0,1,0,6.92015E+20,5.33236E+21,1.15799E+16,4.81155E+16
180796,9,1,62,0,2018,6,17,4,3,1,7,0,0,1,0,1,0,0,1,6.88852E+20,5.33459E+21,1.15385E+16,4.81365E+16
180797,9,5,61,0,2018,6,13,6,3,6,4,0,0,1,1,0,0,0,0,6.14742E+20,5.46242E+21,1.05784E+16,4.93037E+16
180798,9,7,75,152,2018,6,22,4,3,0,1,2,1,0,0,0,0,0,0,5.77854E+20,5.35301E+21,1.00503E+16,4.83255E+16
180799,9,7,75,135,2018,6,7,4,3,6,4,0,0,1,1,0,0,0,0,5.74042E+20,5.35984E+21,1.00001E+16,4.83874E+16
180800,9,4,73,151,2018,6,23,6,2,4,6,2,1,0,0,0,0,0,0,6.49697E+20,5.57989E+21,1.11043E+16,5.03521E+16
180801,9,4,63,0,2018,6,13,6,2,1,5,0,1,1,0,0,0,0,0,6.40142E+20,5.56968E+21,1.09663E+16,5.02626E+16
180802,9,7,75,162,2018,6,7,4,3,5,7,0,0,1,1,0,0,0,0,5.8189E+20,5.34896E+21,1.0104E+16,4.82885E+16
180803,9,4,77,121,2018,6,18,6,3,1,3,0,0,1,0,0,0,0,0,6.86234E+20,5.54753E+21,1.16015E+16,5.00509E+16
180804,9,7,80,134,2018,6,9,4,2,5,3,0,0,0,0,1,1,1,0,5.94658E+20,5.26025E+21,1.02566E+16,4.74888E+16
180805,9,7,80,134,2018,6,8,4,2,0,1,0,1,0,0,0,0,0,0,5.94906E+20,5.26025E+21,1.02599E+16,4.74888E+16
180806,9,4,77,138,2018,6,14,6,3,0,7,0,1,0,0,0,0,0,0,6.88096E+20,5.56179E+21,1.16345E+16,5.01784E+16
180807,9,7,79,181,2018,6,4,4,3,4,2,1,0,1,0,0,0,0,0,6.33471E+20,5.39203E+21,1.08128E+16,4.8667E+16
180808,9,7,79,131,2018,6,18,4,2,8,7,0,1,0,0,0,0,0,1,6.31791E+20,5.39851E+21,1.0792E+16,4.87257E+16
180809,9,4,71,220,2018,6,21,6,3,4,6,2,0,1,0,1,0,0,0,6.16964E+20,5.51332E+21,1.0624E+16,4.97609E+16
180810,9,4,61,0,2018,6,12,6,3,0,7,0,1,0,0,0,0,0,0,6.36604E+20,5.52883E+21,1.09021E+16,4.98962E+16
180811,9,7,72,148,2018,6,14,4,3,1,1,0,0,1,0,0,0,1,0,6.27693E+20,5.35578E+21,1.07233E+16,4.83423E+16
180812,9,3,77,141,2018,6,13,6,3,5,3,0,0,1,0,0,0,0,0,7.32383E+20,5.5379E+21,1.22394E+16,4.99482E+16
180813,9,3,63,0,2018,6,22,6,3,1,5,2,0,1,0,0,0,0,0,7.26909E+20,5.50653E+21,1.21448E+16,4.96685E+16
180814,9,7,72,184,2018,6,15,4,3,5,3,0,1,1,0,0,0,0,0,6.36166E+20,5.36309E+21,1.08399E+16,4.84062E+16
180815,9,3,62,0,2018,6,10,6,3,1,7,0,0,1,0,0,0,0,0,7.31811E+20,5.43073E+21,1.21686E+16,4.8986E+16
180816,9,7,72,147,2018,6,9,4,2,0,7,0,1,0,0,0,0,0,0,6.38725E+20,5.36745E+21,1.08759E+16,4.84449E+16
180817,9,7,72,166,2018,6,13,4,3,3,2,0,0,0,0,1,0,1,0,6.34298E+20,5.37992E+21,1.08201E+16,4.8558E+16
180818,9,3,72,153,2018,6,5,6,3,8,1,0,0,1,0,0,0,0,1,7.56718E+20,5.45595E+21,1.25245E+16,4.92025E+16
180819,9,7,61,0,2018,6,14,4,3,0,1,0,1,0,0,0,0,0,0,6.39265E+20,5.36039E+21,1.08809E+16,4.83813E+16
180820,9,3,75,119,2018,6,13,6,2,0,1,0,1,1,0,0,0,0,0,7.37289E+20,5.44238E+21,1.22502E+16,4.90885E+16
180821,9,7,61,0,2018,6,8,4,3,0,7,0,1,0,1,0,0,0,0,6.42673E+20,5.36108E+21,1.09271E+16,4.83868E+16
180822,9,3,62,0,2018,6,12,6,3,2,6,0,0,1,0,0,0,0,0,7.29804E+20,5.43102E+21,1.21414E+16,4.89893E+16
180823,9,3,73,146,2018,6,17,6,3,5,3,0,0,1,0,0,0,1,0,6.79488E+20,5.45085E+21,1.14632E+16,4.91842E+16
180824,9,7,61,0,2018,6,15,4,3,5,3,0,1,1,0,0,0,0,0,6.44279E+20,5.35878E+21,1.0948E+16,4.83657E+16
180825,9,2,63,0,2018,6,15,6,3,2,6,0,0,1,0,0,0,0,0,7.64344E+20,5.41958E+21,1.26052E+16,4.88728E+16
180826,9,2,63,0,2018,6,15,6,2,4,6,0,1,1,0,0,0,0,0,7.62394E+20,5.42013E+21,1.25791E+16,4.88786E+16
180827,9,7,61,0,2018,6,19,4,3,2,1,0,0,1,0,0,0,0,0,6.4049E+20,5.35417E+21,1.08953E+16,4.83251E+16
180828,9,2,75,138,2018,6,9,6,3,8,6,0,0,1,0,1,0,0,0,8.09857E+20,5.38952E+21,1.32018E+16,4.85821E+16
180829,9,2,74,146,2018,6,13,6,3,0,6,0,0,1,0,0,0,0,0,7.34172E+20,5.37373E+21,1.21685E+16,4.84731E+16
180830,9,7,61,0,2018,6,15,4,3,4,2,0,0,1,0,0,0,0,0,6.40638E+20,5.35803E+21,1.08986E+16,4.83598E+16
180831,9,7,61,0,2018,6,17,4,3,5,3,0,0,1,0,0,0,0,0,6.39634E+20,5.3602E+21,1.08858E+16,4.83795E+16
180832,9,2,79,132,2018,6,16,6,3,5,3,0,0,1,0,0,0,0,0,7.68742E+20,5.40112E+21,1.2653E+16,4.87051E+16
180833,9,6,63,0,2018,6,20,4,3,5,2,0,0,1,0,0,0,0,0,5.68299E+20,5.51514E+21,9.94878E+15,4.97849E+16
180834,9,1,73,126,2018,6,10,6,3,6,4,0,0,1,1,0,0,0,1,6.84555E+20,5.30538E+21,1.14682E+16,4.78753E+16
180835,9,6,63,0,2018,6,18,4,3,3,6,0,0,1,0,0,0,0,0,5.67084E+20,5.51523E+21,9.93192E+15,4.97857E+16
180836,9,1,83,128,2018,6,20,6,2,0,7,0,1,0,0,0,0,0,1,7.61785E+20,5.34904E+21,1.25261E+16,4.82404E+16
180837,9,1,72,114,2018,6,10,6,3,6,2,0,0,1,1,0,0,0,1,7.90805E+20,5.29334E+21,1.28783E+16,4.77278E+16
180838,9,6,63,0,2018,6,13,4,3,0,1,0,1,0,0,0,0,0,0,5.66834E+20,5.51593E+21,9.92857E+15,4.97921E+16
180839,9,1,87,128,2018,6,17,6,3,0,7,0,1,0,0,0,0,0,0,7.45267E+20,5.31111E+21,1.22822E+16,4.79064E+16
180840,9,6,77,155,2018,6,8,4,3,0,2,0,0,1,0,1,0,0,0,5.41514E+20,5.53902E+21,9.57928E+15,5.0002E+16
180841,9,1,82,125,2018,6,17,6,3,6,7,0,0,1,1,0,0,0,1,7.12027E+20,5.29687E+21,1.1831E+16,4.77902E+16
180842,9,6,74,221,2018,6,13,4,3,0,1,0,1,0,0,0,0,0,0,6.14325E+20,5.54109E+21,1.05956E+16,5.00111E+16
180843,9,6,74,130,2018,6,15,4,3,6,4,0,0,1,1,0,0,0,0,6.2857E+20,5.55075E+21,1.07976E+16,5.00951E+16
180844,9,1,61,0,2018,6,14,6,3,0,1,0,1,0,0,0,0,0,0,6.82754E+20,5.40575E+21,1.14877E+16,4.87779E+16
180845,9,1,61,0,2018,6,13,6,2,6,4,0,0,1,1,0,0,0,0,6.76517E+20,5.40568E+21,1.14028E+16,4.8779E+16
180846,9,6,73,114,2018,6,7,4,3,0,7,0,0,0,0,1,1,0,1,5.85935E+20,5.57469E+21,1.02071E+16,5.0318E+16
180847,9,6,72,114,2018,6,14,4,3,5,3,0,0,1,0,0,0,0,0,5.75663E+20,5.56105E+21,1.00601E+16,5.01968E+16
180848,9,1,61,0,2018,6,11,6,3,6,4,0,0,1,1,0,0,0,0,6.76933E+20,5.40132E+21,1.14066E+16,4.87398E+16
180849,9,1,61,0,2018,6,15,6,3,3,6,0,1,0,0,0,0,0,0,6.76352E+20,5.40515E+21,1.14003E+16,4.87743E+16
180850,9,6,62,0,2018,6,10,4,3,5,3,0,0,1,0,0,0,0,0,5.86529E+20,5.54366E+21,1.02084E+16,5.00389E+16
180851,9,1,88,141,2018,6,11,6,3,0,1,0,0,0,0,1,0,0,1,6.65463E+20,5.30809E+21,1.12141E+16,4.79048E+16
180852,9,1,88,113,2018,6,12,6,3,0,1,0,1,0,0,0,0,0,1,6.76058E+20,5.31726E+21,1.13595E+16,4.79844E+16
180853,9,6,71,140,2018,6,12,4,3,5,3,0,0,1,0,1,0,0,0,5.05651E+20,5.53734E+21,9.07883E+15,4.99884E+16
180854,9,5,62,0,2018,6,13,4,3,2,6,0,0,1,0,0,0,0,0,6.45818E+20,5.49464E+21,1.10175E+16,4.95867E+16
180855,9,1,88,144,2018,6,11,6,2,5,3,0,0,1,0,1,0,0,0,6.67469E+20,5.32703E+21,1.12483E+16,4.80745E+16
180856,9,5,62,0,2018,6,18,4,3,2,6,0,0,1,0,0,0,1,0,6.46987E+20,5.49214E+21,1.10327E+16,4.9564E+16
180857,9,5,76,143,2018,6,14,4,3,6,4,0,1,0,1,0,0,0,0,6.52387E+20,5.45725E+21,1.10939E+16,4.9249E+16
180858,9,1,88,124,2018,6,16,6,2,5,2,0,1,1,0,0,0,0,0,6.63958E+20,5.32062E+21,1.11988E+16,4.80178E+16
180859,9,1,79,145,2018,6,13,6,3,2,6,0,0,1,0,0,0,0,0,6.75495E+20,5.33893E+21,1.13609E+16,4.81794E+16
180860,9,5,74,164,2018,6,19,4,2,5,3,0,0,1,0,0,0,0,0,6.66893E+20,5.47362E+21,1.13E+16,4.93924E+16
180861,9,1,74,115,2018,6,18,6,3,6,2,0,0,1,1,0,0,0,0,6.81396E+20,5.34783E+21,1.1444E+16,4.82577E+16
180862,9,5,64,0,2018,6,15,4,3,0,1,0,1,0,0,0,0,0,0,6.50785E+20,5.48092E+21,1.10809E+16,4.94622E+16
180863,9,5,64,0,2018,6,22,4,3,4,2,2,0,1,0,0,0,0,0,6.5219E+20,5.47884E+21,1.10995E+16,4.94432E+16
180864,9,1,74,115,2018,6,17,6,3,5,3,0,1,1,0,0,0,0,0,6.80611E+20,5.34573E+21,1.14325E+16,4.82391E+16
180865,9,5,64,0,2018,6,9,4,3,5,3,0,1,0,0,0,0,0,0,6.54252E+20,5.47558E+21,1.11267E+16,4.94133E+16
180866,9,5,64,0,2018,6,15,4,3,2,6,0,0,1,0,0,0,0,0,6.50076E+20,5.48099E+21,1.10712E+16,4.9463E+16
180867,9,1,74,126,2018,6,14,6,2,8,1,0,1,0,0,0,0,0,0,6.81982E+20,5.34419E+21,1.14503E+16,4.82248E+16
180868,9,5,64,0,2018,6,14,4,3,5,3,0,1,0,0,0,0,1,0,6.51802E+20,5.47916E+21,1.10943E+16,4.94461E+16
180869,9,5,64,0,2018,6,19,4,3,2,6,0,1,0,0,0,0,0,0,6.50788E+20,5.47919E+21,1.10803E+16,4.94467E+16
180870,9,1,75,127,2018,6,7,6,3,5,3,0,1,0,0,0,1,0,1,7.12473E+20,5.34182E+21,1.18592E+16,4.8194E+16
180871,9,1,75,139,2018,6,13,6,3,4,5,0,0,1,0,0,0,0,0,7.10434E+20,5.32949E+21,1.18257E+16,4.80839E+16
180872,9,5,73,122,2018,6,6,4,3,5,3,0,1,1,0,0,0,0,0,6.43779E+20,5.47634E+21,1.09826E+16,4.94228E+16
180873,9,1,78,124,2018,6,23,6,2,0,1,2,1,0,0,0,0,0,1,7.0283E+20,5.36532E+21,1.17409E+16,4.84084E+16
180874,9,5,77,177,2018,6,21,4,2,9,1,2,1,1,0,0,0,0,0,6.43749E+20,5.4329E+21,1.09667E+16,4.90322E+16
180875,9,5,77,177,2018,6,10,4,3,0,1,0,1,0,0,0,0,0,0,6.44459E+20,5.43272E+21,1.09763E+16,4.90304E+16
180876,9,1,77,117,2018,6,15,6,3,2,6,0,0,1,0,0,0,0,0,7.15056E+20,5.35339E+21,1.18998E+16,4.82971E+16
180877,9,5,71,145,2018,6,11,4,3,5,3,0,0,1,0,0,0,0,0,5.96971E+20,5.44566E+21,1.033E+16,4.91561E+16
180878,9,1,62,0,2018,6,16,5,3,5,2,0,1,1,0,0,0,0,1,6.96918E+20,5.3307E+21,1.1645E+16,4.80991E+16
180879,9,4,75,123,2018,6,18,4,2,4,6,0,1,0,0,0,0,0,0,7.09244E+20,5.58325E+21,1.19422E+16,5.0364E+16
180880,9,1,62,0,2018,6,8,5,3,5,3,0,1,1,0,0,0,0,1,6.91384E+20,5.33659E+21,1.15734E+16,4.81537E+16
180881,9,1,62,0,2018,6,9,5,3,0,1,0,0,0,0,1,0,0,1,6.83595E+20,5.33485E+21,1.1468E+16,4.81403E+16
180882,9,4,78,165,2018,6,14,4,3,3,6,0,1,1,0,0,0,0,0,6.42857E+20,5.55208E+21,1.09977E+16,5.01038E+16
180883,9,4,76,154,2018,6,9,4,2,9,7,0,1,0,0,0,0,0,0,6.56583E+20,5.5687E+21,1.11964E+16,5.02496E+16
180884,9,1,62,0,2018,6,15,5,3,0,4,0,0,0,1,0,0,1,1,6.88588E+20,5.33199E+21,1.15338E+16,4.81132E+16
180885,9,1,62,0,2018,6,16,5,3,2,6,0,0,1,0,0,0,1,1,6.88767E+20,5.33659E+21,1.15382E+16,4.81545E+16
180886,9,4,62,0,2018,6,17,4,2,0,1,0,1,0,0,0,0,0,0,6.8183E+20,5.53478E+21,1.1534E+16,4.99377E+16
180887,9,1,62,0,2018,6,14,5,3,2,6,0,1,1,0,0,0,0,1,6.88836E+20,5.33174E+21,1.1537E+16,4.81109E+16
180888,9,1,62,0,2018,6,1,5,3,1,7,2,1,1,0,0,0,0,0,6.91194E+20,5.3358E+21,1.15705E+16,4.81467E+16
180889,9,4,62,0,2018,6,12,4,3,2,6,0,0,1,0,0,0,0,0,6.83247E+20,5.53568E+21,1.15542E+16,4.99454E+16
180890,9,4,74,126,2018,6,12,4,3,5,3,0,0,1,0,1,0,0,0,6.48637E+20,5.50845E+21,1.10617E+16,4.97102E+16
180891,9,1,62,0,2018,6,21,5,3,4,2,2,1,1,0,0,0,0,1,6.93948E+20,5.33121E+21,1.16054E+16,4.81046E+16
180892,9,1,62,0,2018,6,15,5,3,3,7,0,0,1,0,0,0,1,1,6.89136E+20,5.33494E+21,1.15424E+16,4.81396E+16
180893,9,3,63,0,2018,6,14,4,2,4,2,0,0,1,0,1,0,0,0,7.28554E+20,5.50797E+21,1.21684E+16,4.96809E+16
180894,9,1,62,0,2018,6,18,5,3,5,3,0,0,1,0,0,0,0,1,6.8588E+20,5.33973E+21,1.15008E+16,4.81836E+16
180895,9,1,62,0,2018,6,8,5,3,2,6,0,0,1,0,0,0,0,1,6.87982E+20,5.339E+21,1.15287E+16,4.81764E+16
180896,9,3,63,0,2018,6,12,4,2,6,2,0,0,1,1,0,0,0,0,7.27743E+20,5.51009E+21,1.21585E+16,4.97002E+16
180897,9,3,74,111,2018,6,18,4,3,1,5,0,1,1,0,0,0,0,0,7.27691E+20,5.51106E+21,1.21583E+16,4.97089E+16
180898,9,1,62,0,2018,6,15,5,3,5,3,0,0,1,0,1,0,0,1,6.89891E+20,5.34307E+21,1.15562E+16,4.82124E+16
180899,9,1,84,148,2018,6,16,5,3,2,6,0,0,1,0,1,0,0,1,6.94598E+20,5.32654E+21,1.1612E+16,4.80624E+16
180900,9,3,75,180,2018,6,5,4,3,8,1,0,0,1,0,0,0,0,0,7.26501E+20,5.42751E+21,1.20944E+16,4.8959E+16
180901,9,1,62,0,2018,6,7,5,3,0,7,0,0,0,0,0,0,1,1,6.89361E+20,5.33365E+21,1.15449E+16,4.8128E+16
180902,9,3,62,0,2018,6,8,4,3,2,6,0,0,1,0,0,0,0,0,7.27021E+20,5.43108E+21,1.21035E+16,4.89908E+16
180903,9,1,62,0,2018,6,20,5,3,5,2,1,0,1,0,1,0,0,1,6.96997E+20,5.33524E+21,1.16481E+16,4.81399E+16
180904,9,3,62,0,2018,6,8,4,3,1,6,0,0,1,0,0,1,0,0,7.25785E+20,5.43522E+21,1.20889E+16,4.90285E+16
180905,9,3,73,147,2018,6,11,4,2,5,3,0,1,1,0,0,0,0,0,6.78565E+20,5.46182E+21,1.14554E+16,4.9283E+16
180906,9,1,62,0,2018,6,20,5,3,2,1,1,0,1,0,0,0,0,0,6.97137E+20,5.33064E+21,1.16479E+16,4.80985E+16
180907,9,1,62,0,2018,6,13,5,3,6,2,0,0,1,1,0,0,0,1,6.93159E+20,5.33447E+21,1.15963E+16,4.81342E+16
180908,9,3,71,151,2018,6,20,4,3,1,5,0,1,1,0,0,0,0,0,6.99569E+20,5.48648E+21,1.17562E+16,4.94981E+16
180909,9,1,62,0,2018,6,17,5,3,5,2,0,1,1,0,0,0,0,1,6.90469E+20,5.33344E+21,1.15597E+16,4.81257E+16
180910,9,1,62,0,2018,6,16,5,3,0,3,1,1,0,1,0,0,0,1,6.92515E+20,5.33474E+21,1.15877E+16,4.81368E+16
180911,9,3,71,156,2018,6,8,4,2,2,6,0,1,1,0,0,0,0,0,7.02385E+20,5.49877E+21,1.18014E+16,4.96076E+16
180912,9,2,71,119,2018,6,13,4,3,0,7,0,1,1,0,0,0,0,0,7.90218E+20,5.41678E+21,1.29553E+16,4.88361E+16
180913,9,7,75,135,2018,6,19,5,3,4,2,0,1,1,0,0,0,0,1,5.74045E+20,5.36073E+21,1.00003E+16,4.83953E+16
180914,9,2,77,138,2018,6,12,4,3,9,1,0,1,0,0,0,0,0,0,7.91566E+20,5.37132E+21,1.29417E+16,4.84274E+16
180915,9,2,73,172,2018,6,7,4,3,4,6,0,1,0,0,0,0,1,0,7.09053E+20,5.40408E+21,1.18444E+16,4.87546E+16
180916,9,7,75,129,2018,6,14,5,3,6,7,0,0,1,1,0,0,0,0,5.82148E+20,5.34168E+21,1.0106E+16,4.8223E+16
180917,9,7,74,135,2018,6,10,5,3,5,3,0,1,1,0,0,0,0,0,5.95138E+20,5.36746E+21,1.02867E+16,4.8453E+16
180918,9,2,61,0,2018,6,8,4,3,5,3,0,1,0,0,0,0,0,0,7.32674E+20,5.3808E+21,1.21522E+16,4.85371E+16
180919,9,2,73,137,2018,6,17,4,3,0,7,0,0,0,0,1,0,1,1,7.11248E+20,5.42267E+21,1.18838E+16,4.89209E+16
180920,9,7,77,151,2018,6,14,5,3,0,7,0,1,0,0,0,0,0,1,6.20956E+20,5.2928E+21,1.06146E+16,4.77772E+16
180921,9,7,76,117,2018,6,17,5,3,4,2,0,1,1,0,0,0,0,1,5.66753E+20,5.27244E+21,9.88806E+15,4.76019E+16
180922,9,2,73,111,2018,6,12,4,3,5,3,0,0,1,0,0,0,0,0,7.08343E+20,5.41145E+21,1.18385E+16,4.88211E+16
180923,9,7,61,0,2018,6,19,5,2,0,1,0,0,1,0,1,0,0,1,6.39613E+20,5.36005E+21,1.08855E+16,4.83782E+16
180924,9,2,79,112,2018,6,15,4,3,5,3,0,1,0,0,0,1,0,0,7.57602E+20,5.39294E+21,1.24968E+16,4.86364E+16
180925,9,1,80,117,2018,6,12,4,3,0,1,0,1,0,0,0,0,0,0,6.5873E+20,5.26465E+21,1.11083E+16,4.75159E+16
180926,9,7,72,202,2018,6,20,5,3,0,1,2,0,0,0,1,0,0,1,6.37372E+20,5.35862E+21,1.08547E+16,4.83658E+16
180927,9,1,83,148,2018,6,9,4,3,0,1,0,0,0,0,1,0,0,0,7.52623E+20,5.34483E+21,1.24004E+16,4.82064E+16
180928,9,1,89,154,2018,6,9,4,2,7,7,0,1,0,0,0,0,1,0,7.68276E+20,5.31843E+21,1.25941E+16,4.79629E+16
180929,9,7,71,130,2018,6,14,5,3,6,4,0,0,1,1,0,0,0,1,6.4747E+20,5.35717E+21,1.09905E+16,4.83505E+16
180930,9,7,61,0,2018,6,10,5,3,3,2,0,1,1,0,0,0,0,1,6.38479E+20,5.35934E+21,1.08699E+16,4.8372E+16
180931,9,7,72,202,2018,6,7,5,3,0,1,0,0,0,0,0,0,1,0,6.36769E+20,5.35889E+21,1.08467E+16,4.83683E+16
180932,9,7,61,0,2018,6,13,5,3,6,1,0,1,0,1,0,0,0,1,6.41225E+20,5.35533E+21,1.09056E+16,4.83354E+16
180933,9,1,89,154,2018,6,15,4,3,5,3,0,1,0,0,0,0,1,1,7.68961E+20,5.31854E+21,1.26033E+16,4.79636E+16
180934,9,1,61,0,2018,6,15,4,3,5,3,0,1,1,0,0,0,0,0,6.76994E+20,5.40436E+21,1.14087E+16,4.8767E+16
180935,9,7,61,0,2018,6,15,5,2,6,4,0,0,0,1,0,0,1,1,6.40728E+20,5.35555E+21,1.0899E+16,4.83375E+16
180936,9,1,74,115,2018,6,7,4,3,5,1,0,1,1,0,0,0,0,0,6.82206E+20,5.3487E+21,1.14553E+16,4.82653E+16
180937,9,1,74,115,2018,6,11,4,3,0,1,0,1,0,0,0,0,0,0,6.81275E+20,5.3489E+21,1.14428E+16,4.82673E+16
180938,9,7,61,0,2018,6,19,5,3,5,7,0,0,1,0,1,0,0,1,6.40081E+20,5.35765E+21,1.0891E+16,4.83564E+16
180939,9,1,62,0,2018,6,15,3,3,0,7,0,0,0,1,0,0,1,0,6.92572E+20,5.33505E+21,1.15886E+16,4.81395E+16
180940,9,7,61,0,2018,6,17,5,3,0,7,0,1,1,0,0,0,0,1,6.40153E+20,5.35876E+21,1.08923E+16,4.83664E+16
180941,9,1,62,0,2018,6,7,3,3,5,2,0,1,1,0,0,0,0,0,6.90355E+20,5.33423E+21,1.15585E+16,4.81328E+16
180942,9,7,61,0,2018,7,17,2,3,5,3,0,1,1,0,0,0,0,0,6.41888E+20,5.35942E+21,1.09159E+16,4.8372E+16
180943,9,1,80,132,2018,7,15,2,3,4,7,0,0,1,0,0,0,0,0,6.63953E+20,5.28408E+21,1.11849E+16,4.76893E+16
180944,9,1,73,126,2018,7,16,2,3,6,4,0,0,1,1,0,0,0,0,6.85785E+20,5.3035E+21,1.14838E+16,4.7858E+16
180945,9,1,89,159,2018,7,10,2,3,5,3,0,0,1,0,0,0,0,0,7.61277E+20,5.30347E+21,1.24914E+16,4.78315E+16
180946,9,1,90,139,2018,7,6,3,2,1,6,0,0,1,0,1,0,0,0,6.54891E+20,5.29652E+21,1.10686E+16,4.78034E+16
180947,9,1,72,134,2018,7,18,2,3,0,3,0,1,0,0,1,0,0,0,7.89556E+20,5.30808E+21,1.28716E+16,4.78608E+16