OBJECTID_1,ULAND,UREGBEZ,UKREIS,UGEMEINDE,UJAHR,UMONAT,USTUNDE,UWOCHENTAG,UKATEGORIE,UART,UTYP1,ULICHTVERH,IstRad,IstPKW,IstFuss,IstKrad,IstGkfz,IstSonstig,STRZUSTAND,LINREFX,LINREFY,XGCSWGS84,YGCSWGS84
180948,9,1,62,0,2018,7,15,2,3,5,3,0,1,1,0,0,0,0,0,6.91974E+20,5.3332E+21,1.15798E+16,4.81231E+16
180949,9,1,87,182,2018,7,11,2,2,0,3,0,1,0,0,0,0,0,0,7.37803E+20,5.32779E+21,1.21917E+16,4.8059E+16
180950,9,1,63,0,2018,7,16,2,3,4,6,0,1,0,0,0,0,1,0,7.30468E+20,5.30148E+21,1.20793E+16,4.78254E+16
180951,9,1,87,157,2018,7,11,2,2,0,1,0,1,0,0,0,0,0,0,7.3852E+20,5.28223E+21,1.21762E+16,4.76495E+16
180952,9,1,82,120,2018,7,8,2,3,5,3,0,1,1,0,0,0,0,0,7.01184E+20,5.30679E+21,1.1691E+16,4.78829E+16
180953,9,1,62,0,2018,7,16,2,3,5,3,0,0,1,0,0,0,0,0,6.90864E+20,5.33433E+21,1.15654E+16,4.81336E+16
180954,9,1,85,158,2018,7,6,2,3,0,3,0,0,1,0,1,0,0,0,6.67534E+20,5.38074E+21,1.12705E+16,4.85574E+16
180955,9,7,79,218,2018,7,18,2,3,4,1,0,0,1,0,0,0,0,0,6.26086E+20,5.39297E+21,1.07128E+16,4.8677E+16
180956,9,1,85,149,2018,7,11,2,3,5,2,0,0,1,0,0,0,0,0,6.60425E+20,5.4005E+21,1.11819E+16,4.87369E+16
180957,9,1,87,117,2018,7,14,3,3,4,2,0,0,1,0,0,0,0,0,7.24412E+20,5.30587E+21,1.20008E+16,4.78669E+16
180958,9,1,76,126,2018,7,5,2,3,5,3,0,0,1,0,0,0,0,0,6.74885E+20,5.40651E+21,1.1381E+16,4.8787E+16
180959,9,6,76,145,2018,7,7,2,3,0,1,0,0,0,0,1,0,0,0,5.1074E+20,5.5208E+21,9.14937E+15,4.98395E+16
180960,9,7,75,135,2018,7,16,2,3,4,3,0,0,1,0,1,0,0,0,5.7594E+20,5.36315E+21,1.00263E+16,4.84169E+16
180961,9,5,65,0,2018,7,17,2,3,5,3,0,1,1,0,0,0,0,0,6.47172E+20,5.46542E+21,1.10254E+16,4.93238E+16
180962,9,1,74,126,2018,7,15,2,3,5,2,0,1,1,0,0,0,0,0,6.82448E+20,5.3427E+21,1.1456E+16,4.82112E+16
180963,9,1,74,111,2018,7,10,2,3,5,3,0,0,1,0,0,0,0,0,6.67272E+20,5.36222E+21,1.12596E+16,4.83909E+16
180964,9,1,75,127,2018,7,9,2,3,0,7,0,1,0,0,0,0,0,0,7.13255E+20,5.3417E+21,1.18697E+16,4.81927E+16
180965,9,1,78,124,2018,7,15,2,2,1,1,0,1,1,0,0,0,0,0,7.03863E+20,5.364E+21,1.17542E+16,4.83961E+16
180966,9,1,62,0,2018,7,22,2,3,6,4,2,1,0,1,0,0,0,0,6.8961E+20,5.33539E+21,1.1549E+16,4.81435E+16
180967,9,5,73,115,2018,6,12,7,3,5,3,0,0,1,0,1,0,0,0,6.29464E+20,5.47419E+21,1.07846E+16,4.94066E+16
180968,9,7,71,142,2018,7,17,2,2,5,2,0,0,1,0,1,0,0,0,6.4546E+20,5.35205E+21,1.09616E+16,4.83049E+16
180969,9,5,64,0,2018,6,15,7,3,2,6,0,0,1,0,0,0,0,0,6.49636E+20,5.4768E+21,1.10635E+16,4.94255E+16
180970,9,5,64,0,2018,6,12,7,3,2,6,0,0,1,0,1,0,0,0,6.48525E+20,5.47863E+21,1.10489E+16,4.94422E+16
180971,9,6,73,114,2018,6,19,7,3,5,3,0,1,1,0,0,0,0,0,5.87031E+20,5.57541E+21,1.02226E+16,5.03243E+16
180972,9,4,64,0,2018,6,21,7,3,1,1,0,0,1,0,1,0,0,0,7.07551E+20,5.57693E+21,1.19149E+16,5.03079E+16
180973,9,5,64,0,2018,6,15,7,3,6,7,0,0,1,0,0,0,1,0,6.49858E+20,5.47955E+21,1.10676E+16,4.94501E+16
180974,9,5,64,0,2018,6,19,7,3,5,3,0,0,1,0,0,0,0,0,6.45793E+20,5.4792E+21,1.10114E+16,4.94479E+16
180975,9,1,77,117,2018,7,13,2,3,5,3,0,1,1,0,0,0,0,0,7.13678E+20,5.35443E+21,1.18818E+16,4.83069E+16
180976,9,1,62,0,2018,7,8,2,2,1,6,0,0,1,0,1,0,0,0,6.87647E+20,5.32917E+21,1.15199E+16,4.80881E+16
180977,9,1,84,121,2018,7,21,1,3,0,1,2,1,0,0,0,0,0,0,7.05242E+20,5.32969E+21,1.17562E+16,4.80874E+16
180978,9,7,61,0,2018,7,14,2,3,2,6,0,0,1,0,0,0,0,0,6.43074E+20,5.36043E+21,1.09323E+16,4.83808E+16
180979,9,1,62,0,2018,7,19,1,3,2,6,0,1,0,0,1,0,0,0,6.89197E+20,5.3433E+21,1.1547E+16,4.82147E+16
180980,9,4,64,0,2018,6,12,7,3,0,6,0,1,1,0,0,0,0,0,7.03025E+20,5.57727E+21,1.18516E+16,5.03125E+16
180981,9,5,61,0,2018,6,11,7,2,8,1,0,0,0,0,1,0,0,0,6.18034E+20,5.45762E+21,1.06223E+16,4.926E+16
180982,9,2,74,184,2018,7,19,3,3,5,2,0,0,1,0,1,0,0,0,7.47715E+20,5.37163E+21,1.23502E+16,4.8449E+16
180983,9,1,84,149,2018,7,18,1,3,5,3,0,1,1,0,0,0,0,0,6.90143E+20,5.35049E+21,1.15629E+16,4.82791E+16
180984,9,1,62,0,2018,7,18,2,3,6,7,0,1,0,1,0,0,0,0,6.84704E+20,5.33373E+21,1.14824E+16,4.813E+16
180985,9,6,76,139,2018,6,14,7,3,5,7,0,1,1,0,0,0,0,0,5.1839E+20,5.50548E+21,9.25503E+15,4.97016E+16
180986,9,1,62,0,2018,7,9,2,3,5,3,0,0,1,0,1,0,0,0,6.92171E+20,5.33283E+21,1.15822E+16,4.81197E+16
180987,9,1,62,0,2018,7,14,1,3,0,7,0,0,0,0,1,0,0,0,6.94039E+20,5.33488E+21,1.16083E+16,4.81375E+16
180988,9,7,61,0,2018,7,16,2,3,0,7,0,1,0,0,0,0,0,0,6.40086E+20,5.35874E+21,1.08914E+16,4.83663E+16
180989,9,5,76,111,2018,7,16,2,3,0,7,0,1,0,0,0,0,1,0,6.39033E+20,5.45842E+21,1.0911E+16,4.92628E+16
180990,9,1,62,0,2018,7,21,1,3,5,2,2,1,1,0,0,0,0,0,6.91658E+20,5.33279E+21,1.15753E+16,4.81195E+16
180991,9,1,62,0,2018,7,15,1,3,1,7,0,1,1,0,0,0,0,0,6.85723E+20,5.33517E+21,1.14967E+16,4.81426E+16
180992,9,1,84,138,2018,7,14,1,3,0,3,0,1,0,0,0,0,0,0,6.79423E+20,5.33101E+21,1.14103E+16,4.8107E+16
180993,9,1,89,154,2018,7,15,3,2,5,3,0,1,1,0,0,0,0,0,7.68412E+20,5.31809E+21,1.25957E+16,4.79598E+16
180994,9,1,62,0,2018,7,20,1,2,0,1,0,1,0,0,0,0,0,0,6.91733E+20,5.33275E+21,1.15763E+16,4.81191E+16
180995,9,5,62,0,2018,7,17,2,3,5,3,0,1,1,0,0,0,0,0,6.44619E+20,5.49185E+21,1.09999E+16,4.9562E+16
180996,9,1,62,0,2018,7,17,2,3,4,7,0,1,1,0,0,0,0,0,6.94239E+20,5.33303E+21,1.16101E+16,4.81209E+16
180997,9,5,74,138,2018,7,18,2,3,5,2,0,0,1,0,0,0,0,0,6.64863E+20,5.48586E+21,1.12771E+16,4.9503E+16
180998,9,1,62,0,2018,7,19,1,3,3,6,0,1,0,0,0,0,0,0,6.89043E+20,5.33824E+21,1.15427E+16,4.81693E+16
180999,9,1,62,0,2018,7,2,1,3,4,7,2,1,1,0,0,0,0,0,6.91781E+20,5.33466E+21,1.15778E+16,4.81363E+16
181000,9,1,62,0,2018,7,16,1,3,0,1,0,1,0,0,0,0,0,0,6.92243E+20,5.33862E+21,1.15858E+16,4.81717E+16
181001,9,6,78,176,2018,7,7,2,3,4,6,0,0,1,0,0,0,1,0,5.89159E+20,5.53765E+21,1.02437E+16,4.99845E+16
181002,9,1,62,0,2018,7,13,1,3,1,5,0,1,1,0,0,0,0,0,6.90436E+20,5.33643E+21,1.15606E+16,4.81526E+16
181003,9,7,75,115,2018,7,16,1,2,0,1,0,1,0,0,0,0,0,0,5.80128E+20,5.34575E+21,1.00796E+16,4.82599E+16
181004,9,7,75,162,2018,7,12,1,3,0,1,0,1,0,0,0,0,0,0,5.78717E+20,5.3495E+21,1.00613E+16,4.82938E+16
181005,9,7,74,143,2018,7,13,1,2,5,3,0,0,1,0,0,0,0,0,5.96638E+20,5.36006E+21,1.03053E+16,4.83863E+16
181006,9,1,81,130,2018,7,12,3,3,5,3,0,0,1,0,1,0,0,0,6.38603E+20,5.32425E+21,1.08601E+16,4.80565E+16
181007,9,7,80,128,2018,7,15,1,3,9,1,0,1,0,0,0,0,0,0,6.03429E+20,5.27476E+21,1.03764E+16,4.76179E+16
181008,9,5,62,0,2018,7,10,2,2,0,3,0,1,1,0,0,0,0,0,6.45548E+20,5.49634E+21,1.10144E+16,4.96021E+16
181009,9,7,80,139,2018,7,14,2,2,5,2,0,0,1,0,1,0,0,0,5.95851E+20,5.26317E+21,1.02731E+16,4.75148E+16
181010,9,7,80,112,2018,7,17,1,2,0,1,0,1,0,0,0,0,0,0,5.87914E+20,5.29567E+21,1.01742E+16,4.78083E+16
181011,9,7,62,0,2018,7,14,1,3,5,3,0,1,1,0,0,0,0,0,6.215E+20,5.3046E+21,1.06251E+16,4.78832E+16
181012,9,7,80,128,2018,7,17,1,2,2,6,0,1,1,0,0,0,0,0,6.08231E+20,5.27523E+21,1.04404E+16,4.76214E+16
181013,9,7,77,169,2018,7,13,1,2,0,6,0,0,1,0,0,0,1,0,6.30784E+20,5.26813E+21,1.07383E+16,4.75534E+16
181014,9,1,62,0,2018,7,7,2,3,0,7,0,1,0,0,0,0,0,0,6.90146E+20,5.33458E+21,1.15559E+16,4.8136E+16
181015,9,6,63,0,2018,7,13,1,3,2,6,0,0,1,0,0,0,0,0,5.66575E+20,5.51537E+21,9.92487E+15,4.97871E+16
181016,9,1,84,149,2018,7,18,2,3,5,3,0,1,1,0,0,0,0,0,6.90481E+20,5.35092E+21,1.15677E+16,4.82828E+16
181017,9,6,63,0,2018,7,16,1,3,0,1,0,1,0,0,0,0,0,0,5.68401E+20,5.5159E+21,9.95034E+15,4.97916E+16
181018,9,7,73,182,2018,7,19,2,3,4,6,0,0,1,0,1,0,0,0,6.24141E+20,5.37993E+21,1.06825E+16,4.85602E+16
181019,9,6,63,0,2018,7,15,1,3,5,3,0,0,1,0,0,0,0,0,5.6781E+20,5.51713E+21,9.94234E+15,4.98028E+16
181020,9,6,77,155,2018,7,17,1,3,3,2,0,1,1,0,0,0,0,0,5.41111E+20,5.53696E+21,9.57345E+15,4.99835E+16
181021,9,6,73,153,2018,7,13,1,3,5,3,0,0,0,0,0,0,1,0,5.86492E+20,5.59023E+21,1.02185E+16,5.04577E+16
181022,9,5,74,157,2018,6,1,7,2,6,7,2,1,0,1,0,0,0,0,6.62764E+20,5.46913E+21,1.12413E+16,4.93531E+16
181023,9,1,62,0,2018,7,10,2,3,5,2,0,1,1,0,0,0,0,0,6.92306E+20,5.33813E+21,1.15865E+16,4.81673E+16
181024,9,5,73,114,2018,7,7,2,3,1,1,0,1,1,0,0,0,0,0,6.37125E+20,5.48059E+21,1.08924E+16,4.94624E+16
181025,9,6,72,139,2018,7,19,2,2,4,2,0,0,1,0,0,0,0,0,5.68387E+20,5.56119E+21,9.9582E+15,5.01989E+16
181026,9,6,72,127,2018,7,3,1,2,1,1,2,1,1,0,0,0,0,0,5.63584E+20,5.55225E+21,9.88942E+15,5.01191E+16
181027,9,7,61,0,2018,7,8,2,3,1,1,0,0,1,0,1,0,0,0,6.40331E+20,5.35758E+21,1.08943E+16,4.83558E+16
181028,9,6,78,168,2018,7,15,1,2,2,6,0,1,0,0,0,0,0,0,5.85584E+20,5.54987E+21,1.01966E+16,5.0095E+16
181029,9,6,62,0,2018,7,20,1,3,4,2,0,0,1,0,0,0,0,0,5.8672E+20,5.54341E+21,1.0211E+16,5.00366E+16
181030,9,6,61,0,2018,7,14,1,3,4,6,0,0,1,0,0,0,0,0,5.11111E+20,5.53622E+21,9.15497E+15,4.99782E+16
181031,9,7,72,202,2018,7,12,2,3,0,3,0,1,1,0,0,0,0,0,6.36374E+20,5.3599E+21,1.08417E+16,4.83775E+16
181032,9,6,71,111,2018,7,10,1,3,0,7,0,0,0,0,1,0,0,0,5.04464E+20,5.54857E+21,9.0624E+15,5.00894E+16
181033,9,5,72,160,2018,7,9,1,2,0,7,0,1,1,0,0,0,0,0,6.23607E+20,5.51257E+21,1.0716E+16,4.97529E+16
181034,9,5,76,143,2018,7,12,1,3,5,3,0,0,1,0,0,0,1,0,6.52541E+20,5.45749E+21,1.10962E+16,4.92512E+16
181035,9,5,74,152,2018,7,13,1,3,0,1,0,1,0,0,0,0,0,0,6.6321E+20,5.48436E+21,1.12537E+16,4.94899E+16
181036,9,1,62,0,2018,7,16,2,3,5,7,0,1,1,0,0,0,0,0,6.95901E+20,5.3306E+21,1.16313E+16,4.80985E+16
181037,9,5,73,122,2018,7,11,2,3,5,3,0,0,1,0,0,0,0,0,6.43619E+20,5.477E+21,1.09807E+16,4.94287E+16
181038,9,5,76,127,2018,7,13,1,3,0,7,0,0,1,1,0,0,0,0,6.59547E+20,5.45291E+21,1.11905E+16,4.92082E+16
181039,9,6,77,131,2018,7,19,2,3,0,7,0,0,0,1,0,0,1,0,5.47157E+20,5.54549E+21,9.65882E+15,5.00598E+16
181040,9,5,76,148,2018,7,16,2,2,0,7,0,1,0,0,0,0,0,0,6.67353E+20,5.43852E+21,1.12917E+16,4.90768E+16
181041,9,5,63,0,2018,7,19,1,3,1,6,0,1,1,0,0,0,0,0,6.43697E+20,5.48057E+21,1.0983E+16,4.94607E+16
181042,9,5,75,153,2018,7,15,1,2,0,1,0,1,0,0,0,0,0,0,6.16624E+20,5.49061E+21,1.06126E+16,4.95568E+16
181043,9,1,63,0,2018,7,15,3,2,6,4,0,1,0,1,0,0,0,0,7.33759E+20,5.30501E+21,1.21251E+16,4.78559E+16
181044,9,5,73,127,2018,7,10,2,2,6,7,0,0,1,1,0,0,0,0,6.45628E+20,5.47572E+21,1.10079E+16,4.94167E+16
181045,9,4,79,135,2018,7,12,1,2,8,1,0,1,0,0,0,0,0,0,7.15331E+20,5.55367E+21,1.20109E+16,5.00962E+16
181046,9,2,61,0,2018,7,6,3,3,5,3,0,1,0,0,0,0,1,0,7.30303E+20,5.38176E+21,1.21206E+16,4.85466E+16
181047,9,4,75,154,2018,7,10,1,3,5,6,0,0,1,0,1,0,0,0,6.99327E+20,5.56345E+21,1.17925E+16,5.01897E+16
181048,9,1,62,0,2018,7,22,2,3,5,3,2,1,1,0,0,0,0,0,6.94351E+20,5.33618E+21,1.1613E+16,4.81492E+16
181049,9,4,75,162,2018,7,17,2,2,5,3,0,1,1,0,0,0,0,0,7.16421E+20,5.57104E+21,1.2036E+16,5.02519E+16
181050,9,4,64,0,2018,7,17,1,3,5,3,0,0,1,0,0,0,0,0,7.07219E+20,5.57806E+21,1.19109E+16,5.03182E+16
181051,9,4,73,174,2018,7,17,1,3,0,1,0,1,0,0,0,0,0,0,6.52429E+20,5.56364E+21,1.11361E+16,5.02053E+16
181052,9,4,73,165,2018,7,17,1,2,3,6,0,0,0,0,1,0,1,0,6.34604E+20,5.56225E+21,1.0886E+16,5.01972E+16
181053,9,4,63,0,2018,7,16,1,3,5,2,0,1,1,0,0,0,0,0,6.40965E+20,5.57237E+21,1.09788E+16,5.02866E+16
181054,9,1,75,118,2018,7,9,3,2,5,7,0,1,1,0,0,0,0,0,7.16564E+20,5.33916E+21,1.19128E+16,4.81688E+16
181055,9,4,73,166,2018,7,17,2,3,3,6,0,1,1,0,0,0,0,0,6.52502E+20,5.56536E+21,1.11378E+16,5.02207E+16
181056,9,3,63,0,2018,7,15,1,2,5,3,0,0,1,0,1,0,0,0,7.27109E+20,5.50606E+21,1.21473E+16,4.96643E+16
181057,9,7,79,197,2018,7,18,2,3,0,2,0,1,1,0,0,0,0,0,6.16927E+20,5.42277E+21,1.05969E+16,4.89468E+16
181058,9,4,77,128,2018,7,22,2,3,5,3,2,0,1,0,1,0,0,0,6.72909E+20,5.55288E+21,1.1418E+16,5.0103E+16
181059,9,3,74,165,2018,7,12,1,3,4,6,0,0,1,0,0,0,0,0,7.39914E+20,5.51079E+21,1.23274E+16,4.97018E+16
181060,9,3,74,111,2018,7,15,1,3,0,1,0,1,0,0,0,0,0,0,7.28057E+20,5.51278E+21,1.21644E+16,4.97243E+16
181061,9,3,75,190,2018,7,10,1,2,4,2,0,1,1,0,0,0,0,0,7.31439E+20,5.44904E+21,1.2174E+16,4.91505E+16
181062,9,1,62,0,2018,7,21,2,3,0,1,2,1,0,0,0,0,0,0,6.89728E+20,5.33543E+21,1.15506E+16,4.81438E+16
181063,9,3,73,147,2018,7,16,1,3,0,1,0,1,0,0,0,0,0,0,6.78876E+20,5.45851E+21,1.14582E+16,4.92532E+16
181064,9,3,61,0,2018,7,15,1,3,0,1,0,1,0,0,0,0,0,0,7.08542E+20,5.47995E+21,1.18766E+16,4.94364E+16
181065,9,3,61,0,2018,7,18,1,3,4,6,0,0,1,0,0,0,0,0,7.07559E+20,5.48097E+21,1.18636E+16,4.94459E+16
181066,9,2,71,119,2018,7,18,1,3,5,3,0,1,1,0,0,0,0,0,7.90868E+20,5.41666E+21,1.2964E+16,4.88347E+16
181067,9,1,84,131,2018,7,18,2,3,5,3,0,0,1,0,0,0,0,0,7.04601E+20,5.33805E+21,1.17516E+16,4.81628E+16
181068,9,4,71,117,2018,7,13,2,3,2,6,0,0,1,0,0,0,0,0,6.27254E+20,5.52942E+21,1.07721E+16,4.99036E+16
181069,9,2,71,132,2018,7,8,1,3,5,3,0,1,1,0,0,0,0,0,7.87265E+20,5.41765E+21,1.29158E+16,4.88453E+16
181070,9,7,72,111,2018,7,12,2,3,8,7,0,1,0,0,0,0,0,0,6.25416E+20,5.36563E+21,1.06955E+16,4.84313E+16
181071,9,2,75,111,2018,7,14,1,3,0,1,0,0,0,0,1,0,0,0,8.19681E+20,5.40094E+21,1.33434E+16,4.86795E+16
181072,9,2,73,147,2018,7,21,1,3,0,2,0,0,0,0,1,0,0,0,7.05676E+20,5.39434E+21,1.17936E+16,4.86682E+16
181073,9,2,61,0,2018,7,15,1,2,6,7,0,0,1,1,0,0,0,0,7.34923E+20,5.38255E+21,1.21836E+16,4.8552E+16
181074,9,5,71,136,2018,6,2,7,3,8,7,2,1,0,0,0,0,0,0,5.97571E+20,5.43336E+21,1.03352E+16,4.90454E+16
181075,9,1,90,157,2018,7,14,1,3,5,3,0,1,0,0,0,0,0,0,6.60329E+20,5.30063E+21,1.11427E+16,4.7839E+16
181076,9,1,90,148,2018,7,5,1,3,0,1,0,1,0,0,0,0,0,0,6.42452E+20,5.29676E+21,1.09027E+16,4.78084E+16
181077,9,1,62,0,2018,7,15,2,3,0,7,0,0,1,0,0,0,1,0,6.93147E+20,5.33179E+21,1.15949E+16,4.81101E+16
181078,9,4,74,126,2018,7,18,2,3,0,7,0,1,0,0,0,0,0,0,6.49448E+20,5.50947E+21,1.10733E+16,4.97191E+16
181079,9,1,90,120,2018,7,11,1,3,0,7,0,1,0,0,0,0,0,0,6.67778E+20,5.29525E+21,1.12401E+16,4.77888E+16
181080,9,7,61,0,2018,7,6,2,3,5,3,0,0,1,0,1,0,0,0,6.39344E+20,5.36121E+21,1.08822E+16,4.83886E+16
181081,9,1,73,115,2018,7,11,1,2,5,3,0,1,1,0,0,0,0,0,6.80999E+20,5.28766E+21,1.14133E+16,4.77169E+16
181082,9,1,72,111,2018,7,14,1,3,0,1,0,0,0,0,1,0,0,0,7.93039E+20,5.30555E+21,1.29163E+16,4.78364E+16
181083,9,1,72,117,2018,7,13,1,3,0,1,0,1,0,0,0,0,0,0,7.94728E+20,5.28788E+21,1.29269E+16,4.7677E+16
181084,9,1,71,133,2018,7,13,1,3,5,3,0,0,1,0,0,0,0,0,7.66933E+20,5.34377E+21,1.25919E+16,4.8191E+16
181085,9,1,62,0,2018,7,6,2,3,2,6,0,0,1,0,1,0,0,0,6.82074E+20,5.33851E+21,1.14491E+16,4.81737E+16
181086,9,4,74,171,2018,7,13,2,3,0,7,0,1,0,0,0,0,0,0,6.53188E+20,5.51253E+21,1.11264E+16,4.97457E+16
181087,9,1,71,113,2018,7,16,1,3,5,3,0,0,1,0,0,0,0,0,7.76602E+20,5.34224E+21,1.27208E+16,4.81731E+16
181088,9,1,62,0,2018,7,9,2,3,3,6,0,0,1,0,1,0,0,0,6.94462E+20,5.33346E+21,1.16133E+16,4.81247E+16
181089,9,4,71,150,2018,7,9,2,2,0,1,0,1,0,0,0,0,0,0,6.34648E+20,5.53514E+21,1.0877E+16,4.99534E+16
181090,9,1,87,176,2018,7,12,1,2,0,1,0,1,0,0,0,0,0,0,7.40114E+20,5.33215E+21,1.22251E+16,4.80974E+16
181091,9,7,61,0,2018,7,21,2,3,0,7,1,1,0,0,0,0,0,0,6.39667E+20,5.36035E+21,1.08863E+16,4.83809E+16
181092,9,1,87,118,2018,7,2,1,2,8,1,2,0,0,0,1,0,0,1,7.50704E+20,5.30216E+21,1.23497E+16,4.78239E+16
181093,9,1,87,129,2018,7,15,1,3,0,3,0,0,1,0,1,0,0,0,7.24933E+20,5.29568E+21,1.20025E+16,4.77752E+16
181094,9,1,87,120,2018,7,16,1,2,4,6,0,0,1,0,1,0,0,0,7.31013E+20,5.28822E+21,1.20796E+16,4.77061E+16
181095,9,1,89,111,2018,7,6,3,3,4,6,0,1,0,0,0,0,0,0,7.63625E+20,5.32264E+21,1.25345E+16,4.80026E+16
181096,9,4,71,131,2018,7,17,2,3,6,6,0,1,0,1,0,0,0,0,6.3605E+20,5.52032E+21,1.08914E+16,4.98199E+16
181097,9,1,61,0,2018,7,17,1,3,5,3,0,1,0,0,0,0,0,0,6.77148E+20,5.40189E+21,1.14098E+16,4.87448E+16
181098,9,1,62,0,2018,7,18,2,3,5,2,0,1,1,0,0,0,0,0,6.9341E+20,5.33306E+21,1.1599E+16,4.81214E+16
181099,9,4,61,0,2018,7,19,2,3,1,2,0,1,1,0,0,0,0,0,6.35358E+20,5.53048E+21,1.08853E+16,4.99114E+16
181100,9,6,76,160,2018,7,16,2,3,5,6,0,0,1,0,1,0,0,0,5.11047E+20,5.52905E+21,9.15387E+15,4.99137E+16
181101,9,1,86,143,2018,7,15,1,3,0,1,0,1,0,0,0,0,0,0,6.86154E+20,5.37856E+21,1.15217E+16,4.85325E+16
181102,9,1,79,142,2018,7,15,1,2,3,6,0,1,0,0,0,0,0,0,6.7488E+20,5.34377E+21,1.13546E+16,4.8223E+16
181103,9,1,81,130,2018,7,14,1,3,3,2,0,1,1,0,0,0,0,0,6.3978E+20,5.32413E+21,1.08759E+16,4.80551E+16
181104,9,1,88,120,2018,7,17,1,1,0,7,0,1,0,0,0,0,0,0,6.78209E+20,5.32832E+21,1.13929E+16,4.80832E+16
181105,9,1,62,0,2018,7,16,2,3,5,3,0,1,1,0,0,0,0,0,6.92047E+20,5.34095E+21,1.15842E+16,4.81927E+16
181106,9,3,74,111,2018,7,8,2,3,0,7,0,1,0,0,0,0,0,0,7.28098E+20,5.51193E+21,1.21644E+16,4.97166E+16
181107,9,1,79,147,2018,7,13,1,3,0,1,0,1,0,0,0,0,0,0,6.65117E+20,5.33394E+21,1.12195E+16,4.81373E+16
181108,9,1,79,121,2018,7,17,1,3,5,3,0,1,1,0,0,0,0,0,6.65635E+20,5.33688E+21,1.12276E+16,4.81636E+16
181109,9,1,86,128,2018,7,5,3,3,0,1,0,1,0,0,0,0,0,0,6.74965E+20,5.38529E+21,1.13731E+16,4.85962E+16
181110,9,3,73,147,2018,7,15,2,3,5,2,0,1,1,0,0,0,0,0,6.79478E+20,5.46012E+21,1.14672E+16,4.92675E+16
181111,9,1,81,139,2018,7,14,1,2,0,1,0,1,0,0,0,0,0,0,6.55852E+20,5.32436E+21,1.10915E+16,4.80535E+16
181112,9,7,64,0,2018,7,9,2,3,2,6,0,0,1,0,0,0,0,0,5.88428E+20,5.31702E+21,1.01854E+16,4.80004E+16
181113,9,2,76,128,2018,7,12,2,2,5,3,0,0,1,0,0,0,0,0,7.83898E+20,5.4381E+21,1.28842E+16,4.90303E+16
181114,9,1,74,115,2018,7,16,1,3,5,6,0,1,0,0,0,0,0,0,6.82158E+20,5.34747E+21,1.14541E+16,4.82542E+16
181115,9,1,75,135,2018,7,9,1,3,1,5,0,1,1,0,0,0,0,0,7.0883E+20,5.33862E+21,1.18087E+16,4.81665E+16
181116,9,6,74,147,2018,7,7,2,3,5,6,0,0,1,0,1,0,0,0,6.09946E+20,5.54405E+21,1.05354E+16,5.00386E+16
181117,9,1,75,122,2018,7,13,1,3,1,5,0,1,1,0,0,0,0,0,7.2058E+20,5.32314E+21,1.19585E+16,4.80234E+16
181118,9,1,77,121,2018,7,19,1,3,0,1,0,0,0,0,1,0,0,0,7.32638E+20,5.36357E+21,1.21421E+16,4.83823E+16
181119,9,1,62,0,2018,7,13,2,3,2,2,0,0,1,0,0,0,0,0,6.89486E+20,5.33491E+21,1.15471E+16,4.81392E+16
181120,9,2,71,119,2018,7,7,2,3,2,6,0,0,1,0,0,0,0,0,7.88921E+20,5.41936E+21,1.29395E+16,4.88598E+16
181121,9,1,62,0,2018,6,23,7,3,5,3,2,0,1,0,0,0,0,0,6.87463E+20,5.33892E+21,1.15217E+16,4.81758E+16
181122,9,7,72,163,2018,7,16,2,2,0,1,0,1,0,0,0,0,0,0,6.39225E+20,5.34786E+21,1.08762E+16,4.82686E+16
181123,9,2,75,126,2018,7,13,2,2,9,1,0,1,1,0,0,0,0,0,8.38443E+20,5.39911E+21,1.3596E+16,4.86532E+16
181124,9,1,62,0,2018,6,12,7,3,3,2,0,0,1,0,1,0,0,0,6.79515E+20,5.33382E+21,1.14128E+16,4.81323E+16
181125,9,1,62,0,2018,6,15,7,3,0,7,0,1,0,0,0,0,0,0,6.86692E+20,5.33436E+21,1.15094E+16,4.81351E+16
181126,9,7,73,122,2018,7,7,2,3,6,2,0,0,0,1,1,0,0,0,6.25079E+20,5.38379E+21,1.06964E+16,4.85947E+16
181127,9,2,77,145,2018,7,9,2,3,4,2,0,1,1,0,0,0,0,0,7.98893E+20,5.35358E+21,1.30279E+16,4.82648E+16
181128,9,1,62,0,2018,6,14,7,3,5,7,0,0,1,0,0,0,0,0,6.90707E+20,5.33815E+21,1.1565E+16,4.8168E+16
181129,9,1,62,0,2018,6,22,7,3,5,2,2,0,1,0,0,0,0,0,6.87486E+20,5.33892E+21,1.1522E+16,4.81759E+16
181130,9,1,62,0,2018,6,14,7,3,0,5,0,1,1,0,0,0,0,0,6.92043E+20,5.33439E+21,1.15812E+16,4.81338E+16
181131,9,1,62,0,2018,6,15,7,3,3,6,0,1,0,0,0,0,0,0,6.89056E+20,5.33825E+21,1.15428E+16,4.81693E+16
181132,9,1,62,0,2018,7,15,2,3,5,7,0,0,0,0,1,0,1,0,6.91698E+20,5.33373E+21,1.15763E+16,4.81279E+16
181133,9,2,75,141,2018,7,14,2,3,8,1,0,1,0,0,0,0,0,0,8.1993E+20,5.37069E+21,1.33235E+16,4.8408E+16