OBJECTID_1,ULAND,UREGBEZ,UKREIS,UGEMEINDE,UJAHR,UMONAT,USTUNDE,UWOCHENTAG,UKATEGORIE,UART,UTYP1,ULICHTVERH,IstRad,IstPKW,IstFuss,IstKrad,IstGkfz,IstSonstig,STRZUSTAND,LINREFX,LINREFY,XGCSWGS84,YGCSWGS84
181134,9,1,62,0,2018,6,17,7,3,5,2,0,1,0,0,0,0,0,0,6.85619E+20,5.32822E+21,1.14923E+16,4.80802E+16
181135,9,7,61,0,2018,7,13,2,3,2,2,0,0,1,0,0,0,0,0,6.42529E+20,5.36226E+21,1.09256E+16,4.83974E+16
181136,9,1,84,149,2018,6,14,7,3,5,7,0,1,1,0,0,0,0,0,6.90519E+20,5.35071E+21,1.15681E+16,4.82809E+16
181137,9,1,62,0,2018,6,12,7,2,4,2,0,1,1,0,0,0,0,0,6.88449E+20,5.3305E+21,1.15313E+16,4.80999E+16
181138,9,1,62,0,2018,6,23,7,3,4,3,2,0,1,0,0,0,0,0,6.86749E+20,5.33025E+21,1.15083E+16,4.80981E+16
181139,9,2,74,184,2018,7,17,3,3,6,4,0,0,1,1,0,0,0,0,7.47866E+20,5.37159E+21,1.23522E+16,4.84486E+16
181140,9,1,84,146,2018,6,12,7,3,4,7,0,0,1,0,1,0,0,0,6.97872E+20,5.32831E+21,1.16567E+16,4.80773E+16
181141,9,1,62,0,2018,6,12,7,3,5,3,0,0,1,0,1,0,0,0,6.92446E+20,5.34194E+21,1.15901E+16,4.82015E+16
181142,9,1,84,138,2018,6,18,7,3,4,6,0,1,0,0,0,0,0,0,6.81746E+20,5.33073E+21,1.14414E+16,4.81039E+16
181143,9,1,62,0,2018,7,17,2,3,4,2,0,0,1,0,0,0,0,0,6.88928E+20,5.33396E+21,1.15392E+16,4.81308E+16
181144,9,2,74,156,2018,7,7,2,3,5,3,0,0,1,0,0,0,0,0,7.44408E+20,5.38471E+21,1.23132E+16,4.85678E+16
181145,9,1,84,146,2018,6,14,7,2,0,7,0,1,0,0,0,0,0,0,6.96056E+20,5.3287E+21,1.16325E+16,4.80814E+16
181146,9,6,63,0,2018,7,7,2,3,5,2,0,1,1,0,0,0,0,0,5.67296E+20,5.51452E+21,9.93474E+15,4.97793E+16
181147,9,5,64,0,2018,7,14,2,3,0,1,0,1,0,0,0,0,0,0,6.50164E+20,5.48075E+21,1.10723E+16,4.94609E+16
181148,9,1,84,146,2018,6,12,7,3,5,3,0,1,1,0,0,0,0,0,6.97107E+20,5.32877E+21,1.16466E+16,4.80817E+16
181149,9,1,62,0,2018,6,18,7,3,2,6,0,0,1,0,0,0,1,0,6.98543E+20,5.33343E+21,1.16681E+16,4.81232E+16
181150,9,1,71,133,2018,7,7,3,3,5,3,0,0,1,0,0,0,0,0,7.66929E+20,5.34377E+21,1.25919E+16,4.8191E+16
181151,9,2,74,126,2018,7,19,2,3,2,6,0,0,1,0,0,0,0,0,7.33399E+20,5.38261E+21,1.2163E+16,4.85531E+16
181152,9,1,62,0,2018,6,12,7,2,3,5,0,0,1,0,1,0,0,0,6.98091E+20,5.33465E+21,1.16626E+16,4.81343E+16
181153,9,1,62,0,2018,7,14,2,3,5,2,0,1,1,0,0,0,0,0,6.89654E+20,5.3325E+21,1.15483E+16,4.81175E+16
181154,9,2,73,141,2018,7,19,2,2,4,2,0,1,1,0,0,0,0,0,7.24329E+20,5.41245E+21,1.20565E+16,4.88245E+16
181155,9,1,62,0,2018,6,12,7,3,6,7,0,0,0,1,0,0,1,0,6.987E+20,5.3333E+21,1.16701E+16,4.81219E+16
181156,9,1,62,0,2018,6,8,7,3,5,3,0,1,1,0,0,0,0,0,6.97409E+20,5.33524E+21,1.16537E+16,4.81398E+16
181157,9,1,62,0,2018,7,14,2,2,0,1,0,0,1,0,0,0,0,0,6.91991E+20,5.33233E+21,1.15796E+16,4.81152E+16
181158,9,1,62,0,2018,6,18,7,3,4,6,0,1,0,0,0,0,0,0,6.92454E+20,5.33404E+21,1.15866E+16,4.81305E+16
181159,9,1,62,0,2018,6,16,7,3,1,1,0,0,1,0,1,0,1,0,6.89663E+20,5.33237E+21,1.15484E+16,4.81163E+16
181160,9,1,62,0,2018,6,20,7,2,0,1,0,1,0,0,0,0,0,0,6.9191E+20,5.33453E+21,1.15795E+16,4.8135E+16
181161,9,7,75,135,2018,6,3,7,3,9,7,2,1,0,0,0,0,0,0,5.78799E+20,5.35625E+21,1.00637E+16,4.83545E+16
181162,9,1,74,126,2018,7,13,3,2,2,2,0,1,0,0,0,0,0,0,6.82241E+20,5.34598E+21,1.14546E+16,4.82408E+16
181163,9,7,74,185,2018,6,14,7,3,0,7,0,1,0,0,0,0,0,0,6.08406E+20,5.34836E+21,1.04612E+16,4.82791E+16
181164,9,7,80,139,2018,7,14,2,3,0,2,0,1,1,0,0,0,0,0,5.95075E+20,5.26406E+21,1.0263E+16,4.7523E+16
181165,9,7,80,117,2018,6,15,7,3,4,6,0,0,1,0,1,0,0,0,5.92906E+20,5.28383E+21,1.02383E+16,4.77012E+16
181166,9,7,76,116,2018,6,14,7,3,0,1,0,1,0,0,0,0,0,0,5.5185E+20,5.26719E+21,9.68919E+15,4.75561E+16
181167,9,7,77,154,2018,6,16,7,3,5,3,0,1,0,0,1,0,0,0,6.05272E+20,5.3003E+21,1.04071E+16,4.78475E+16
181168,9,7,62,0,2018,6,10,7,3,3,2,0,1,1,0,0,0,0,0,6.2112E+20,5.30462E+21,1.06201E+16,4.78835E+16
181169,9,7,61,0,2018,6,14,7,3,0,1,0,1,0,0,0,0,0,0,6.40294E+20,5.35729E+21,1.08937E+16,4.83532E+16
181170,9,7,72,125,2018,6,11,7,3,5,3,0,1,1,0,0,0,0,0,6.36525E+20,5.3473E+21,1.08396E+16,4.82642E+16
181171,9,1,62,0,2018,7,17,2,2,0,7,0,0,0,0,1,0,0,0,6.9464E+20,5.33496E+21,1.16164E+16,4.81381E+16
181172,9,7,61,0,2018,6,20,7,3,0,3,0,1,1,0,0,0,0,0,6.38485E+20,5.3603E+21,1.08703E+16,4.83806E+16
181173,9,7,61,0,2018,7,14,2,3,2,6,0,0,1,0,0,0,0,0,6.40592E+20,5.35803E+21,1.0898E+16,4.83598E+16
181174,9,7,61,0,2018,6,15,7,3,5,3,0,0,1,0,0,0,0,0,6.39263E+20,5.36226E+21,1.08815E+16,4.83981E+16
181175,9,7,61,0,2018,6,23,7,2,0,7,2,1,0,0,0,0,0,0,6.41965E+20,5.3607E+21,1.09174E+16,4.83835E+16
181176,9,7,61,0,2018,6,5,7,3,0,1,1,1,0,0,0,0,0,0,6.38544E+20,5.35639E+21,1.08698E+16,4.83455E+16
181177,9,6,62,0,2018,6,23,7,3,0,6,2,1,0,0,0,0,0,0,5.8852E+20,5.54348E+21,1.02361E+16,5.0037E+16
181178,9,1,62,0,2018,7,23,2,3,4,2,2,1,1,0,0,0,0,0,6.9224E+20,5.3336E+21,1.15835E+16,4.81266E+16
181179,9,6,62,0,2018,7,6,2,3,4,2,0,0,1,0,1,0,0,0,5.88353E+20,5.5434E+21,1.02338E+16,5.00364E+16
181180,9,6,63,0,2018,6,7,7,3,5,2,0,0,1,0,1,0,0,0,5.68284E+20,5.51591E+21,9.94871E+15,4.97918E+16
181181,9,6,63,0,2018,6,13,7,3,3,6,0,0,1,0,0,1,0,0,5.66392E+20,5.51722E+21,9.92265E+15,4.98038E+16
181182,9,1,62,0,2018,7,15,2,2,3,6,0,1,1,0,0,0,0,0,6.89185E+20,5.33772E+21,1.15443E+16,4.81645E+16
181183,9,6,63,0,2018,6,15,7,3,5,3,0,1,1,0,0,0,0,0,5.67995E+20,5.51578E+21,9.94468E+15,4.97906E+16
181184,9,7,61,0,2018,7,19,2,3,5,3,0,1,0,0,0,0,1,0,6.3892E+20,5.35919E+21,1.08758E+16,4.83706E+16
181185,9,6,75,139,2018,6,3,7,3,9,7,2,1,0,0,0,0,0,0,5.90698E+20,5.50544E+21,1.02576E+16,4.96946E+16
181186,9,6,72,139,2018,6,8,7,3,5,3,0,0,1,0,0,0,0,0,5.68496E+20,5.56119E+21,9.95973E+15,5.01989E+16
181187,9,5,71,193,2018,6,18,7,3,0,7,0,1,1,0,0,0,0,0,5.86024E+20,5.47085E+21,1.01853E+16,4.93843E+16
181188,9,1,62,0,2018,7,15,2,3,3,6,0,1,0,0,0,0,0,0,6.88312E+20,5.33062E+21,1.15295E+16,4.8101E+16
181189,9,4,79,112,2018,6,11,7,3,0,7,0,1,0,0,0,0,0,0,7.2839E+20,5.54986E+21,1.21909E+16,5.00571E+16
181190,9,6,75,141,2018,7,15,2,3,2,6,0,1,1,0,0,0,0,0,5.83554E+20,5.50977E+21,1.01595E+16,4.97346E+16
181191,9,5,64,0,2018,7,17,2,3,2,6,0,1,1,0,0,0,0,0,6.49197E+20,5.48002E+21,1.10587E+16,4.94545E+16
181192,9,6,72,114,2018,6,11,7,3,4,2,0,0,1,0,0,0,1,0,5.75568E+20,5.56083E+21,1.00587E+16,5.01949E+16
181193,9,1,62,0,2018,7,7,3,3,5,2,0,1,1,0,0,0,0,0,6.90836E+20,5.33929E+21,1.15672E+16,4.81782E+16
181194,9,1,73,126,2018,7,17,4,2,0,7,0,1,0,0,0,0,0,0,6.84908E+20,5.3048E+21,1.14727E+16,4.78699E+16
181195,9,1,84,120,2018,7,13,3,3,0,1,0,1,0,0,0,0,0,0,6.80386E+20,5.33259E+21,1.14239E+16,4.8121E+16
181196,9,7,72,200,2018,7,20,4,3,2,6,0,0,1,0,0,0,1,0,6.30576E+20,5.3367E+21,1.07563E+16,4.81701E+16
181197,9,1,84,146,2018,7,16,3,2,3,6,0,1,0,0,0,0,0,0,6.98658E+20,5.32812E+21,1.16671E+16,4.80753E+16
181198,9,4,71,117,2018,7,11,4,3,5,2,0,1,1,0,0,0,0,0,6.31342E+20,5.53043E+21,1.08294E+16,4.99118E+16
181199,9,1,88,137,2018,7,19,4,3,0,1,0,1,0,0,0,0,0,0,6.71006E+20,5.31723E+21,1.12919E+16,4.79855E+16
181200,9,1,84,139,2018,7,7,3,3,3,6,0,1,0,0,0,0,0,0,6.87791E+20,5.32588E+21,1.15204E+16,4.80585E+16
181201,9,6,73,135,2018,7,7,4,3,6,7,0,0,1,1,0,0,0,0,5.82916E+20,5.57586E+21,1.01649E+16,5.0329E+16
181202,9,1,62,0,2018,7,10,3,3,6,4,0,0,0,1,0,0,1,0,6.90541E+20,5.33497E+21,1.15613E+16,4.81394E+16
181203,9,1,62,0,2018,7,8,3,3,4,2,0,0,1,0,1,0,0,0,6.92134E+20,5.33973E+21,1.15849E+16,4.81817E+16
181204,9,7,71,113,2018,7,15,4,3,4,2,0,0,1,0,0,0,0,1,6.53294E+20,5.36307E+21,1.10712E+16,4.84021E+16
181205,9,1,62,0,2018,7,7,3,3,5,2,0,0,1,0,0,0,1,0,6.93687E+20,5.34185E+21,1.16067E+16,4.82004E+16
181206,9,3,62,0,2018,7,9,3,3,4,2,0,1,1,0,0,0,0,0,7.27605E+20,5.43266E+21,1.21123E+16,4.90048E+16
181207,9,3,75,174,2018,7,17,4,3,4,2,0,1,1,0,0,0,0,0,7.33907E+20,5.43159E+21,1.21977E+16,4.89928E+16
181208,9,1,78,143,2018,7,16,4,3,0,1,0,1,0,0,0,0,0,1,7.16774E+20,5.37332E+21,1.19332E+16,4.84756E+16
181209,9,1,62,0,2018,7,8,3,3,4,6,0,1,0,0,0,0,0,0,6.88491E+20,5.33636E+21,1.15344E+16,4.81525E+16
181210,9,5,62,0,2018,7,8,4,3,5,3,0,1,1,0,0,0,0,0,6.45305E+20,5.49575E+21,1.10108E+16,4.95969E+16
181211,9,1,62,0,2018,7,15,3,3,3,6,0,1,0,0,0,0,0,0,6.88739E+20,5.33613E+21,1.15376E+16,4.81504E+16
181212,9,3,61,0,2018,7,11,4,3,0,1,0,0,0,0,1,0,0,0,7.07935E+20,5.47919E+21,1.18678E+16,4.94298E+16
181213,9,3,73,113,2018,7,11,4,3,5,3,0,1,1,0,0,0,0,0,6.7619E+20,5.46844E+21,1.14257E+16,4.93432E+16
181214,9,1,62,0,2018,7,16,3,3,2,6,0,0,1,0,0,0,0,0,6.92143E+20,5.33522E+21,1.1583E+16,4.81412E+16
181215,9,1,62,0,2018,7,15,3,3,5,2,0,1,1,0,0,0,0,0,6.87622E+20,5.33422E+21,1.15218E+16,4.81335E+16
181216,9,5,74,112,2018,7,17,4,3,0,1,0,1,0,0,0,0,0,0,6.70635E+20,5.4731E+21,1.13513E+16,4.93866E+16
181217,9,1,62,0,2018,7,13,3,3,5,3,0,0,1,0,0,0,0,0,6.97167E+20,5.33214E+21,1.1649E+16,4.8112E+16
181218,9,2,75,143,2018,7,7,4,2,6,4,0,0,0,1,0,0,1,0,8.11554E+20,5.36418E+21,1.32059E+16,4.83538E+16
181219,9,1,62,0,2018,7,9,3,3,5,4,0,0,1,1,0,0,0,0,6.95234E+20,5.33431E+21,1.1624E+16,4.81321E+16
181220,9,1,62,0,2018,7,15,3,3,5,3,0,1,1,0,0,0,0,0,6.9543E+20,5.33084E+21,1.16251E+16,4.81008E+16
181221,9,1,62,0,2018,7,22,3,3,0,1,2,1,0,0,0,0,0,0,6.9149E+20,5.33355E+21,1.15734E+16,4.81263E+16
181222,9,5,64,0,2018,7,14,4,3,0,1,0,0,0,0,1,0,0,0,6.52543E+20,5.47882E+21,1.11044E+16,4.94429E+16
181223,9,1,62,0,2018,7,17,3,3,5,3,0,0,1,0,0,0,0,0,6.90349E+20,5.33474E+21,1.15586E+16,4.81374E+16
181224,9,3,73,143,2018,7,10,3,3,5,3,0,1,1,0,0,0,0,0,7.01182E+20,5.44806E+21,1.17591E+16,4.91524E+16
181225,9,1,73,112,2018,7,18,4,3,5,3,0,1,1,0,0,0,0,0,6.92325E+20,5.2915E+21,1.15659E+16,4.77482E+16
181226,9,7,75,135,2018,7,1,3,3,0,7,2,1,0,0,0,0,0,0,5.74741E+20,5.36043E+21,1.00096E+16,4.83926E+16
181227,9,7,61,0,2018,7,16,4,3,0,3,0,1,0,0,0,0,0,0,6.3902E+20,5.36028E+21,1.08775E+16,4.83803E+16
181228,9,7,63,0,2018,7,12,3,3,3,6,0,0,1,0,1,0,0,0,5.97409E+20,5.2857E+21,1.02988E+16,4.77173E+16
181229,9,3,61,0,2018,7,7,3,3,4,2,0,1,1,0,0,0,0,0,7.08271E+20,5.47967E+21,1.18727E+16,4.94339E+16
181230,9,4,61,0,2018,7,7,4,3,4,2,0,1,1,0,0,0,0,0,6.3753E+20,5.52854E+21,1.09148E+16,4.98934E+16
181231,9,1,79,121,2018,7,19,4,3,5,3,0,1,1,0,0,0,0,0,6.67474E+20,5.33948E+21,1.12533E+16,4.81864E+16
181232,9,4,62,0,2018,7,14,4,3,1,6,0,0,1,0,0,0,0,0,6.86309E+20,5.53514E+21,1.15965E+16,4.99395E+16
181233,9,1,82,111,2018,7,11,4,3,5,2,0,0,1,0,0,0,0,0,7.05264E+20,5.2869E+21,1.17361E+16,4.77029E+16
181234,9,7,63,0,2018,7,7,3,2,5,3,0,0,1,0,1,0,0,0,5.97129E+20,5.28804E+21,1.02955E+16,4.77384E+16
181235,9,6,63,0,2018,7,10,4,2,1,6,0,0,1,0,0,0,1,0,5.67523E+20,5.51639E+21,9.93822E+15,4.97962E+16
181236,9,7,76,116,2018,7,16,3,3,2,1,0,0,1,0,0,0,1,0,5.52123E+20,5.26742E+21,9.69285E+15,4.75581E+16
181237,9,3,62,0,2018,7,10,4,3,0,1,0,1,0,0,0,0,0,0,7.21822E+20,5.43254E+21,1.20333E+16,4.90059E+16
181238,9,1,78,124,2018,7,7,4,2,0,1,0,1,0,0,0,0,0,0,7.02726E+20,5.36492E+21,1.17393E+16,4.84048E+16
181239,9,7,62,0,2018,7,10,3,3,1,5,0,0,1,0,0,0,0,0,6.21201E+20,5.3041E+21,1.0621E+16,4.78788E+16
181240,9,7,77,163,2018,7,13,3,3,0,6,0,1,0,0,0,0,0,1,6.29289E+20,5.27449E+21,1.07203E+16,4.76109E+16
181241,9,6,72,135,2018,7,20,4,3,0,7,0,1,0,0,0,0,0,0,5.84947E+20,5.566E+21,1.01913E+16,5.02401E+16
181242,9,7,73,182,2018,7,16,3,2,2,6,0,1,0,0,0,0,0,0,6.22754E+20,5.37997E+21,1.06637E+16,4.85608E+16
181243,9,3,76,175,2018,7,5,4,3,3,6,0,0,1,0,1,0,0,0,7.31938E+20,5.46754E+21,1.21916E+16,4.93165E+16
181244,9,1,62,0,2018,7,10,5,3,5,3,0,0,1,0,1,0,0,0,6.89011E+20,5.33701E+21,1.15417E+16,4.81582E+16
181245,9,1,62,0,2018,7,7,5,3,3,2,0,1,1,0,0,0,0,0,6.93641E+20,5.33335E+21,1.16022E+16,4.8124E+16
181246,9,1,62,0,2018,7,23,3,3,3,6,2,0,1,0,1,0,0,0,6.89768E+20,5.33535E+21,1.15511E+16,4.8143E+16
181247,9,1,62,0,2018,7,12,5,3,1,6,0,0,1,0,0,0,0,0,6.83415E+20,5.33571E+21,1.14659E+16,4.81482E+16
181248,9,7,73,183,2018,7,20,3,3,5,3,0,1,1,0,0,0,0,0,6.03922E+20,5.38627E+21,1.04102E+16,4.86208E+16
181249,9,5,63,0,2018,7,7,4,3,6,4,0,0,1,1,0,0,0,0,6.428E+20,5.48318E+21,1.09716E+16,4.94844E+16
181250,9,1,62,0,2018,7,22,5,3,5,2,2,1,1,0,0,0,0,1,6.89801E+20,5.3398E+21,1.15535E+16,4.81831E+16
181251,9,7,73,144,2018,7,10,3,3,8,7,0,0,1,0,0,0,0,0,6.05589E+20,5.38064E+21,1.04313E+16,4.857E+16
181252,9,1,62,0,2018,7,12,5,3,0,4,0,1,0,1,0,0,0,0,6.89571E+20,5.33624E+21,1.15489E+16,4.81511E+16
181253,9,1,90,139,2018,7,21,4,3,0,7,1,1,0,0,0,0,0,0,6.54237E+20,5.29483E+21,1.10593E+16,4.77884E+16
181254,9,1,62,0,2018,7,6,5,3,5,3,0,0,1,0,1,0,0,0,6.98566E+20,5.33529E+21,1.16692E+16,4.81398E+16
181255,9,5,65,0,2018,7,14,4,3,6,7,0,0,1,1,0,0,0,0,6.46684E+20,5.4657E+21,1.10187E+16,4.93264E+16
181256,9,1,62,0,2018,7,9,5,3,5,3,0,1,1,0,0,0,0,0,6.91797E+20,5.3324E+21,1.1577E+16,4.81159E+16
181257,9,7,71,146,2018,7,22,3,3,0,1,2,1,0,0,0,0,0,0,6.46741E+20,5.34825E+21,1.09776E+16,4.82704E+16
181258,9,1,62,0,2018,7,14,5,3,2,6,0,0,1,0,0,0,1,0,6.91094E+20,5.33515E+21,1.15688E+16,4.81408E+16
181259,9,2,75,126,2018,7,13,4,3,5,3,0,0,1,0,0,0,0,0,8.40031E+20,5.39906E+21,1.36174E+16,4.86519E+16
181260,9,7,64,0,2018,7,7,5,3,5,3,0,1,1,0,0,0,0,0,5.88271E+20,5.31587E+21,1.01831E+16,4.799E+16
181261,9,7,77,129,2018,7,9,5,3,6,7,2,0,1,1,0,0,0,0,6.27741E+20,5.26991E+21,1.06984E+16,4.75701E+16
181262,9,7,73,136,2018,7,18,5,3,0,1,0,1,0,0,0,0,0,1,6.01741E+20,5.37754E+21,1.03784E+16,4.85427E+16
181263,9,7,61,0,2018,7,7,3,3,0,3,0,0,1,1,0,0,0,0,6.37601E+20,5.35924E+21,1.0858E+16,4.83713E+16
181264,9,5,64,0,2018,7,7,4,3,5,3,0,0,1,0,0,0,0,0,6.49325E+20,5.46837E+21,1.10561E+16,4.93497E+16
181265,9,7,73,136,2018,7,17,5,2,0,1,0,1,0,0,0,0,0,1,6.01005E+20,5.37857E+21,1.03687E+16,4.85521E+16
181266,9,7,61,0,2018,7,19,3,3,4,2,0,1,1,0,0,0,0,0,6.38192E+20,5.35737E+21,1.08654E+16,4.83543E+16
181267,9,2,76,139,2018,7,13,3,3,0,1,0,1,0,0,0,0,0,0,8.07566E+20,5.43037E+21,1.32013E+16,4.89496E+16
181268,9,7,72,185,2018,7,17,5,3,0,7,0,1,0,0,0,0,0,0,6.35141E+20,5.38382E+21,1.08328E+16,4.85929E+16
181269,9,1,71,111,2018,7,11,4,3,5,3,0,1,1,0,0,0,0,0,7.73645E+20,5.34881E+21,1.26853E+16,4.82334E+16
181270,9,7,61,0,2018,7,19,5,3,0,1,0,0,0,0,1,0,0,0,6.36972E+20,5.36083E+21,1.08501E+16,4.83858E+16
181271,9,7,61,0,2018,7,18,3,3,0,1,0,1,0,0,0,0,0,0,6.37439E+20,5.36077E+21,1.08564E+16,4.83851E+16
181272,9,7,61,0,2018,7,15,4,3,0,7,0,1,0,0,0,0,1,0,6.3808E+20,5.35484E+21,1.08631E+16,4.83317E+16
181273,9,7,61,0,2018,7,17,5,3,3,6,0,1,1,0,0,0,0,0,6.41787E+20,5.36023E+21,1.09149E+16,4.83793E+16
181274,9,7,61,0,2018,7,19,3,3,2,6,0,1,0,0,1,0,0,0,6.38564E+20,5.3581E+21,1.08707E+16,4.83609E+16
181275,9,7,61,0,2018,7,16,5,2,2,1,0,1,0,0,0,0,0,0,6.41585E+20,5.35586E+21,1.09107E+16,4.83401E+16
181276,9,7,72,202,2018,7,17,3,3,0,1,0,1,0,0,0,0,0,0,6.37225E+20,5.35698E+21,1.08522E+16,4.83511E+16
181277,9,7,61,0,2018,7,16,5,3,2,6,0,0,1,0,0,0,0,0,6.39602E+20,5.36006E+21,1.08853E+16,4.83782E+16
181278,9,4,71,140,2018,7,16,4,2,4,6,0,0,1,0,1,0,0,0,6.34763E+20,5.53097E+21,1.08772E+16,4.99159E+16
181279,9,7,61,0,2018,7,6,5,3,4,6,0,1,1,0,0,0,0,0,6.40998E+20,5.35929E+21,1.09039E+16,4.8371E+16
181280,9,7,61,0,2018,7,20,5,2,1,1,0,0,1,0,1,0,0,1,6.39535E+20,5.36007E+21,1.08844E+16,4.83783E+16
181281,9,1,85,149,2018,7,18,4,3,2,6,0,0,1,0,1,0,0,0,6.60393E+20,5.40082E+21,1.11816E+16,4.87397E+16
181282,9,6,79,200,2018,7,10,5,2,0,3,0,0,1,0,1,0,0,0,5.56744E+20,5.52364E+21,9.78952E+15,4.98625E+16
181283,9,7,61,0,2018,7,10,3,2,0,7,0,1,0,1,0,0,0,0,6.40756E+20,5.35477E+21,1.08991E+16,4.83304E+16
181284,9,6,74,133,2018,7,19,4,3,0,1,0,1,0,0,0,0,0,0,6.19141E+20,5.5369E+21,1.06615E+16,4.99726E+16
181285,9,6,63,0,2018,7,22,5,3,1,1,2,0,1,0,0,0,0,0,5.65067E+20,5.51625E+21,9.90408E+15,4.97952E+16
181286,9,7,71,113,2018,7,9,3,3,5,3,0,1,1,0,0,0,0,0,6.57537E+20,5.36912E+21,1.11308E+16,4.84555E+16
181287,9,6,72,114,2018,7,7,5,3,0,2,0,1,1,0,0,0,0,0,5.78063E+20,5.56185E+21,1.00939E+16,5.02037E+16
181288,9,3,73,147,2018,7,14,4,3,1,6,0,0,1,0,0,0,0,0,6.78137E+20,5.46214E+21,1.14496E+16,4.92861E+16
181289,9,6,62,0,2018,7,17,5,2,0,2,0,0,0,0,1,0,0,1,5.88505E+20,5.54418E+21,1.02361E+16,5.00434E+16
181290,9,6,71,122,2018,7,15,5,2,5,3,0,1,1,0,0,0,0,0,5.04258E+20,5.52849E+21,9.0593E+15,4.99088E+16
181291,9,6,79,142,2018,7,8,3,2,2,6,0,0,1,0,0,0,0,0,5.65133E+20,5.52476E+21,9.90643E+15,4.98717E+16
181292,9,5,62,0,2018,7,7,5,3,5,3,0,0,1,0,0,0,0,0,6.45792E+20,5.49512E+21,1.10173E+16,4.95911E+16
181293,9,3,77,129,2018,7,19,4,2,5,3,0,1,1,0,0,0,0,0,7.0704E+20,5.52799E+21,1.18813E+16,4.98685E+16
181294,9,5,64,0,2018,7,14,5,3,0,7,0,0,1,0,1,0,0,0,6.49471E+20,5.47733E+21,1.10614E+16,4.94303E+16
181295,9,5,64,0,2018,7,16,5,3,0,2,0,1,1,0,0,0,0,0,6.5034E+20,5.48103E+21,1.10748E+16,4.94633E+16
181296,9,1,74,115,2018,7,6,4,3,2,6,0,0,1,0,0,0,0,0,6.83726E+20,5.3481E+21,1.14755E+16,4.82594E+16
181297,9,5,64,0,2018,7,7,5,3,2,6,0,0,1,0,0,0,0,0,6.50031E+20,5.48012E+21,1.10702E+16,4.94552E+16
181298,9,6,79,136,2018,7,18,3,3,5,3,0,0,1,0,0,0,0,0,5.70769E+20,5.51517E+21,9.98309E+15,4.97848E+16
181299,9,5,62,0,2018,7,19,4,3,5,3,0,1,0,0,0,0,0,0,6.45657E+20,5.49583E+21,1.10157E+16,4.95974E+16
181300,9,5,64,0,2018,7,15,5,3,5,2,0,1,1,0,0,0,0,0,6.46812E+20,5.48169E+21,1.10264E+16,4.94701E+16
181301,9,6,63,0,2018,7,18,3,3,5,3,0,1,1,0,0,0,0,0,5.65448E+20,5.51706E+21,9.90951E+15,4.98024E+16
181302,9,5,64,0,2018,7,15,5,3,2,6,0,0,0,0,0,1,1,0,6.48738E+20,5.47292E+21,1.10497E+16,4.93908E+16
181303,9,3,76,170,2018,7,19,4,2,0,1,0,1,0,0,0,0,0,0,7.23542E+20,5.45759E+21,1.20706E+16,4.92302E+16
181304,9,5,64,0,2018,7,16,5,3,4,2,0,1,1,0,0,0,0,1,6.52704E+20,5.48215E+21,1.11079E+16,4.94728E+16
181305,9,5,64,0,2018,7,8,5,2,5,3,0,1,1,0,0,0,0,0,6.5341E+20,5.47498E+21,1.11148E+16,4.94081E+16
181306,9,1,62,0,2018,7,17,3,3,5,2,0,1,1,0,0,0,0,0,6.93317E+20,5.33321E+21,1.15978E+16,4.81228E+16
181307,9,5,64,0,2018,7,10,5,2,0,1,0,0,0,0,1,0,0,0,6.53608E+20,5.48313E+21,1.11207E+16,4.94814E+16
181308,9,5,64,0,2018,7,15,5,3,5,6,0,1,1,0,0,0,0,1,6.49899E+20,5.48146E+21,1.10689E+16,4.94672E+16
181309,9,1,62,0,2018,7,21,3,3,2,7,2,0,1,0,0,0,0,0,6.91738E+20,5.33537E+21,1.15776E+16,4.81426E+16
181310,9,5,77,173,2018,7,16,5,3,5,3,0,0,1,0,0,0,0,0,6.39907E+20,5.42585E+21,1.09117E+16,4.89697E+16
181311,9,6,63,0,2018,7,13,3,3,6,2,0,0,1,1,0,0,0,0,5.67749E+20,5.51675E+21,9.94143E+15,4.97994E+16
181312,9,5,76,143,2018,7,0,4,2,0,7,2,1,0,0,0,0,0,0,6.52374E+20,5.4572E+21,1.10938E+16,4.92486E+16
181313,9,4,79,152,2018,7,17,5,3,4,2,0,0,1,0,0,0,0,1,7.23891E+20,5.56279E+21,1.21357E+16,5.0175E+16
181314,9,6,63,0,2018,7,16,3,3,0,1,0,1,0,0,0,0,0,0,5.70725E+20,5.51813E+21,9.98303E+15,4.98114E+16
181315,9,4,64,0,2018,7,11,5,3,5,3,0,0,1,0,0,0,0,0,7.06581E+20,5.57845E+21,1.19022E+16,5.03219E+16
181316,9,2,77,138,2018,7,12,4,3,0,1,0,1,0,0,0,0,0,0,7.91018E+20,5.37199E+21,1.29347E+16,4.84337E+16
181317,9,4,73,159,2018,7,16,5,3,2,6,0,0,1,0,0,0,0,0,6.4365E+20,5.57249E+21,1.10165E+16,5.02871E+16
181318,9,4,73,151,2018,7,21,5,3,7,7,2,0,0,0,1,0,0,1,6.50703E+20,5.57879E+21,1.1118E+16,5.03419E+16
181319,9,4,77,128,2018,7,13,5,3,6,7,0,1,0,1,0,0,0,0,6.74596E+20,5.55295E+21,1.14416E+16,5.01031E+16