OBJECTID_1,ULAND,UREGBEZ,UKREIS,UGEMEINDE,UJAHR,UMONAT,USTUNDE,UWOCHENTAG,UKATEGORIE,UART,UTYP1,ULICHTVERH,IstRad,IstPKW,IstFuss,IstKrad,IstGkfz,IstSonstig,STRZUSTAND,LINREFX,LINREFY,XGCSWGS84,YGCSWGS84
181507,9,1,73,147,2018,7,10,2,3,4,6,0,0,1,0,0,0,0,0,6.80982E+20,5.30853E+21,1.14218E+16,4.79045E+16
181508,9,1,80,117,2018,7,16,7,3,0,1,0,1,0,0,0,0,0,0,6.57766E+20,5.26195E+21,1.10945E+16,4.74919E+16
181509,9,1,80,117,2018,7,14,7,3,1,5,0,1,1,0,0,0,0,0,6.58241E+20,5.26201E+21,1.11008E+16,4.74923E+16
181510,9,1,80,136,2018,7,12,2,3,0,1,0,0,1,0,1,0,0,0,6.7234E+20,5.2661E+21,1.12895E+16,4.75255E+16
181511,9,1,83,148,2018,7,12,7,3,0,7,0,1,0,0,0,0,0,0,7.52656E+20,5.34418E+21,1.24004E+16,4.82005E+16
181512,9,1,80,123,2018,7,18,2,3,5,3,0,1,1,0,0,0,0,0,6.7064E+20,5.25711E+21,1.12634E+16,4.7445E+16
181513,9,1,80,117,2018,7,7,2,3,0,1,0,1,0,0,0,0,0,0,6.59234E+20,5.2623E+21,1.11141E+16,4.74947E+16
181514,9,1,83,144,2018,7,16,7,3,5,2,0,0,1,0,0,0,0,0,7.42282E+20,5.35177E+21,1.22654E+16,4.82728E+16
181515,9,1,83,148,2018,7,9,2,3,0,7,0,1,0,0,0,0,0,0,7.5276E+20,5.34507E+21,1.24024E+16,4.82085E+16
181516,9,1,71,111,2018,7,9,7,3,5,3,0,0,1,0,0,0,0,0,7.72689E+20,5.34769E+21,1.26718E+16,4.82237E+16
181517,9,1,89,145,2018,7,15,2,3,0,1,0,0,0,0,0,0,1,0,7.72508E+20,5.30343E+21,1.26412E+16,4.78264E+16
181518,9,1,87,172,2018,7,14,7,3,5,3,0,1,1,0,0,0,0,0,7.41495E+20,5.2947E+21,1.22227E+16,4.77604E+16
181519,9,1,89,145,2018,7,10,2,3,0,7,0,1,0,0,0,0,0,0,7.77447E+20,5.30084E+21,1.27054E+16,4.7801E+16
181520,9,1,61,0,2018,7,17,7,3,1,1,0,1,1,0,0,0,0,0,6.76374E+20,5.40286E+21,1.13997E+16,4.87538E+16
181521,9,1,63,0,2018,7,9,2,3,5,3,0,0,1,0,0,0,0,0,7.30945E+20,5.30413E+21,1.20871E+16,4.78489E+16
181522,9,1,61,0,2018,7,12,7,3,5,3,0,1,1,0,0,0,0,0,6.77993E+20,5.40261E+21,1.14216E+16,4.8751E+16
181523,9,1,82,131,2018,7,12,2,3,6,6,0,1,0,1,0,0,0,0,7.16766E+20,5.28284E+21,1.18872E+16,4.76626E+16
181524,9,1,85,158,2018,7,18,7,3,5,3,0,1,0,0,0,0,0,0,6.67316E+20,5.38093E+21,1.12677E+16,4.85591E+16
181525,9,1,85,163,2018,7,11,7,2,2,6,0,0,0,0,1,0,0,0,6.57846E+20,5.3873E+21,1.11418E+16,4.86188E+16
181526,9,1,79,134,2018,7,15,7,3,4,2,0,1,1,0,0,0,0,0,6.66547E+20,5.34661E+21,1.12436E+16,4.82508E+16
181527,9,1,76,138,2018,7,13,2,3,0,1,0,1,0,0,0,0,0,0,6.7457E+20,5.42454E+21,1.13844E+16,4.89491E+16
181528,9,1,79,118,2018,7,10,2,3,1,1,0,0,1,0,0,0,0,0,6.72446E+20,5.33695E+21,1.13191E+16,4.81624E+16
181529,9,1,81,134,2018,7,2,7,3,6,7,2,0,1,1,0,0,0,0,6.43372E+20,5.34013E+21,1.09294E+16,4.81982E+16
181530,9,1,81,130,2018,7,12,2,3,4,6,0,0,1,0,0,0,0,0,6.41196E+20,5.32028E+21,1.08936E+16,4.80202E+16
181531,9,1,62,0,2018,7,14,5,3,6,4,0,0,1,1,0,0,0,0,6.91163E+20,5.33534E+21,1.15698E+16,4.81426E+16
181532,9,1,81,121,2018,7,17,7,3,0,7,0,0,0,0,0,0,1,0,6.38084E+20,5.3118E+21,1.08492E+16,4.79447E+16
181533,9,1,79,126,2018,7,8,2,3,4,7,0,1,0,1,0,0,0,0,6.77232E+20,5.33962E+21,1.13845E+16,4.81851E+16
181534,9,1,79,126,2018,7,5,7,3,0,7,0,1,0,0,0,0,0,0,6.76822E+20,5.33947E+21,1.13789E+16,4.81838E+16
181535,9,1,74,115,2018,7,16,2,3,0,7,0,1,0,0,0,0,0,0,6.83101E+20,5.34842E+21,1.14672E+16,4.82625E+16
181536,9,1,74,115,2018,7,19,2,3,7,1,0,1,0,0,0,0,0,0,6.82232E+20,5.34737E+21,1.14551E+16,4.82534E+16
181537,9,1,79,119,2018,7,12,7,3,5,3,0,0,1,0,0,0,0,0,6.68923E+20,5.3392E+21,1.12727E+16,4.81836E+16
181538,9,1,78,124,2018,7,12,2,2,5,3,0,0,1,0,1,0,0,0,7.0448E+20,5.35929E+21,1.17602E+16,4.83537E+16
181539,9,1,81,123,2018,7,12,7,2,8,1,0,1,0,0,0,0,0,0,6.55319E+20,5.32615E+21,1.1085E+16,4.80697E+16
181540,9,1,77,133,2018,7,9,2,3,8,1,0,0,1,0,0,0,0,0,7.07901E+20,5.35899E+21,1.18062E+16,4.83499E+16
181541,9,1,74,115,2018,7,20,7,3,7,1,0,1,0,0,0,0,0,0,6.80246E+20,5.34628E+21,1.14279E+16,4.82441E+16
181542,9,1,77,117,2018,7,10,2,2,0,3,0,1,1,0,0,0,0,0,7.14902E+20,5.35419E+21,1.18981E+16,4.83044E+16
181543,9,1,74,115,2018,7,10,7,3,2,6,0,0,1,0,1,0,0,0,6.83664E+20,5.34896E+21,1.1475E+16,4.82672E+16
181544,9,1,78,143,2018,7,10,7,2,0,1,0,1,0,0,0,0,0,0,7.16774E+20,5.37332E+21,1.19332E+16,4.84756E+16
181545,9,1,62,0,2018,7,14,1,3,6,7,0,0,1,1,0,0,0,0,6.9872E+20,5.33582E+21,1.16715E+16,4.81446E+16
181546,9,1,77,117,2018,7,15,7,3,0,7,0,1,0,0,0,0,0,0,7.1477E+20,5.35482E+21,1.18967E+16,4.83101E+16
181547,9,1,62,0,2018,7,7,1,3,5,2,0,1,1,0,0,0,0,0,6.94448E+20,5.33321E+21,1.1613E+16,4.81224E+16
181548,9,1,62,0,2018,7,10,1,3,0,1,0,1,0,0,0,0,0,0,6.92285E+20,5.33427E+21,1.15844E+16,4.81326E+16
181549,9,1,62,0,2018,7,13,6,3,0,7,0,0,0,1,0,0,1,0,6.90365E+20,5.33371E+21,1.15584E+16,4.81282E+16
181550,9,1,62,0,2018,7,18,1,3,2,2,0,0,1,0,1,0,0,0,6.87253E+20,5.33804E+21,1.15185E+16,4.8168E+16
181551,9,1,62,0,2018,7,8,6,3,6,4,0,0,1,1,0,0,0,1,6.84351E+20,5.33362E+21,1.14776E+16,4.81291E+16
181552,9,1,62,0,2018,7,19,1,3,1,5,0,0,1,0,0,0,0,0,6.85845E+20,5.33227E+21,1.14971E+16,4.81166E+16
181553,9,1,62,0,2018,7,14,6,3,5,3,0,1,1,0,0,0,0,0,6.90383E+20,5.33699E+21,1.15601E+16,4.81576E+16
181554,9,1,84,130,2018,7,11,6,3,4,2,0,1,1,0,0,0,0,1,6.98548E+20,5.34474E+21,1.16734E+16,4.82248E+16
181555,9,1,62,0,2018,7,14,1,3,0,1,0,1,0,0,0,0,0,0,6.87114E+20,5.338E+21,1.15166E+16,4.81677E+16
181556,9,1,62,0,2018,7,10,6,3,1,5,0,1,0,0,0,1,0,1,6.88364E+20,5.33826E+21,1.15336E+16,4.81696E+16
181557,9,1,62,0,2018,7,12,1,3,5,2,0,1,1,0,0,0,0,0,6.89664E+20,5.3431E+21,1.15532E+16,4.82128E+16
181558,9,1,62,0,2018,7,13,6,2,3,1,0,0,1,0,0,0,0,1,6.82562E+20,5.33772E+21,1.14554E+16,4.81665E+16
181559,9,1,62,0,2018,7,9,6,2,3,7,0,0,1,0,0,0,0,1,6.90641E+20,5.33522E+21,1.15628E+16,4.81416E+16
181560,9,1,62,0,2018,7,18,1,3,3,2,0,1,1,0,0,0,0,0,6.86222E+20,5.33334E+21,1.15026E+16,4.8126E+16
181561,9,1,62,0,2018,7,16,6,3,5,6,0,0,1,0,1,0,0,0,6.91459E+20,5.33432E+21,1.15734E+16,4.81333E+16
181562,9,1,62,0,2018,7,18,1,3,3,6,0,1,0,0,0,0,0,0,6.89505E+20,5.33103E+21,1.15457E+16,4.81043E+16
181563,9,1,62,0,2018,7,15,1,3,3,6,0,1,0,0,0,0,0,0,6.8851E+20,5.33483E+21,1.1534E+16,4.81387E+16
181564,9,1,62,0,2018,7,17,6,3,0,1,0,0,0,0,1,0,0,1,6.92311E+20,5.33758E+21,1.15863E+16,4.81624E+16
181565,9,1,62,0,2018,7,18,1,3,0,7,0,1,0,0,0,0,1,0,6.90714E+20,5.33722E+21,1.15647E+16,4.81596E+16
181566,9,1,62,0,2018,7,19,6,3,3,7,0,0,1,0,0,0,1,0,6.91976E+20,5.34129E+21,1.15835E+16,4.81958E+16
181567,9,7,78,171,2018,7,15,1,2,0,1,0,1,0,0,0,0,0,0,5.89911E+20,5.31611E+21,1.02051E+16,4.7992E+16
181568,9,1,62,0,2018,7,13,6,3,2,6,0,0,1,0,0,0,0,1,6.9035E+20,5.33254E+21,1.15577E+16,4.81176E+16
181569,9,1,84,149,2018,7,21,6,3,1,7,1,1,1,0,0,0,0,0,6.91541E+20,5.35157E+21,1.15822E+16,4.82883E+16
181570,9,7,80,112,2018,7,16,1,2,0,7,0,1,0,0,0,0,0,0,5.91205E+20,5.29422E+21,1.02178E+16,4.77949E+16
181571,9,1,62,0,2018,7,9,6,3,6,2,0,0,1,1,0,0,0,1,6.87527E+20,5.33476E+21,1.15208E+16,4.81384E+16
181572,9,1,62,0,2018,7,15,6,3,5,7,0,0,1,0,0,0,0,0,6.93379E+20,5.33538E+21,1.15996E+16,4.81423E+16
181573,9,7,63,0,2018,7,17,1,3,5,2,0,1,1,0,0,0,0,0,5.9874E+20,5.28602E+21,1.03166E+16,4.772E+16
181574,9,1,62,0,2018,7,18,6,3,1,5,0,1,1,0,0,0,0,0,6.93828E+20,5.3346E+21,1.16053E+16,4.81351E+16
181575,9,7,76,126,2018,7,13,1,3,0,7,0,1,0,0,0,0,0,0,5.59874E+20,5.27252E+21,9.79656E+15,4.76033E+16
181576,9,7,76,116,2018,7,1,1,3,0,1,2,1,0,0,0,0,0,0,5.51136E+20,5.26911E+21,9.67992E+15,4.75734E+16
181577,9,1,62,0,2018,7,12,6,3,2,6,0,0,1,0,0,0,1,1,6.93864E+20,5.33397E+21,1.16055E+16,4.81294E+16
181578,9,7,80,132,2018,7,17,1,3,5,2,0,1,1,0,0,0,0,0,5.81038E+20,5.26752E+21,1.00772E+16,4.7556E+16
181579,9,1,62,0,2018,7,10,6,3,1,6,0,0,1,0,0,0,1,0,6.8905E+20,5.33232E+21,1.15401E+16,4.81161E+16
181580,9,7,80,124,2018,7,11,1,3,8,1,0,0,0,0,0,0,1,0,5.8897E+20,5.27336E+21,1.01838E+16,4.76075E+16
181581,9,1,62,0,2018,7,15,6,3,0,1,0,0,0,0,1,0,0,1,6.92222E+20,5.33883E+21,1.15856E+16,4.81736E+16
181582,9,1,62,0,2018,7,22,6,3,1,6,2,0,1,0,0,0,0,1,6.92314E+20,5.33776E+21,1.15864E+16,4.8164E+16
181583,9,7,63,0,2018,7,14,6,3,2,6,0,0,1,0,0,0,0,0,5.98557E+20,5.28613E+21,1.03142E+16,4.7721E+16
181584,9,7,79,201,2018,7,14,1,3,2,6,0,0,1,0,0,0,0,0,6.42079E+20,5.39615E+21,1.09311E+16,4.87022E+16
181585,9,7,61,0,2018,7,17,1,3,5,3,0,0,1,0,0,0,0,0,6.38472E+20,5.36037E+21,1.08702E+16,4.83813E+16
181586,9,7,76,117,2018,7,7,6,3,0,3,0,0,1,0,1,0,0,1,5.67679E+20,5.2728E+21,9.90043E+15,4.7605E+16
181587,9,7,61,0,2018,7,4,1,3,0,7,2,1,0,0,0,0,0,0,6.40623E+20,5.35911E+21,1.08988E+16,4.83695E+16
181588,9,6,63,0,2018,7,13,1,3,5,3,0,0,1,0,1,0,0,0,5.684E+20,5.51589E+21,9.95032E+15,4.97916E+16
181589,9,7,79,131,2018,7,5,6,3,5,3,0,0,1,0,0,0,0,1,6.30775E+20,5.39831E+21,1.07782E+16,4.87241E+16
181590,9,6,76,143,2018,7,15,1,3,5,3,0,1,0,0,0,0,1,0,5.29105E+20,5.50614E+21,9.40367E+15,4.97071E+16
181591,9,7,61,0,2018,7,16,6,2,5,2,0,0,1,0,0,0,1,1,6.42204E+20,5.36035E+21,1.09205E+16,4.83803E+16
181592,9,6,61,0,2018,7,9,1,3,6,6,0,0,1,1,0,0,0,0,5.07787E+20,5.53475E+21,9.10857E+15,4.9965E+16
181593,9,7,61,0,2018,7,18,6,3,5,3,0,1,1,0,0,0,0,0,6.38672E+20,5.35774E+21,1.0872E+16,4.83576E+16
181594,9,6,63,0,2018,7,12,6,3,2,6,0,0,1,0,0,0,0,0,5.67052E+20,5.5145E+21,9.93135E+15,4.97792E+16
181595,9,5,72,135,2018,7,0,1,3,5,3,2,0,1,0,1,0,0,0,6.302E+20,5.50744E+21,1.08058E+16,4.97054E+16
181596,9,5,72,126,2018,7,4,1,3,8,7,2,0,1,0,0,0,0,0,6.34152E+20,5.50498E+21,1.08597E+16,4.96824E+16
181597,9,6,63,0,2018,7,7,6,3,0,1,0,0,0,0,1,0,0,1,5.66768E+20,5.51561E+21,9.92759E+15,4.97892E+16
181598,9,5,74,112,2018,7,10,1,3,4,2,0,1,1,0,0,0,0,0,6.74552E+20,5.47269E+21,1.1405E+16,4.93819E+16
181599,9,6,63,0,2018,7,11,6,3,3,6,0,0,1,0,0,1,0,0,5.66597E+20,5.51721E+21,9.9255E+15,4.98036E+16
181600,9,5,64,0,2018,7,14,1,3,2,6,0,0,1,0,0,0,0,0,6.46226E+20,5.48023E+21,1.10178E+16,4.94571E+16
181601,9,6,63,0,2018,7,16,6,3,7,3,0,0,1,0,1,0,0,0,5.63975E+20,5.51766E+21,9.88914E+15,4.9808E+16
181602,9,6,74,133,2018,7,10,6,2,0,1,0,1,0,0,0,0,0,0,6.21758E+20,5.53606E+21,1.06977E+16,4.99644E+16
181603,9,5,64,0,2018,7,12,1,3,1,7,0,1,1,0,0,0,0,0,6.50232E+20,5.48E+21,1.10729E+16,4.94541E+16
181604,9,6,74,118,2018,7,19,6,3,4,6,0,0,1,0,1,0,0,0,6.21735E+20,5.54205E+21,1.06993E+16,5.00183E+16
181605,9,5,64,0,2018,7,23,1,3,1,7,2,1,1,0,0,0,0,0,6.48386E+20,5.47758E+21,1.10466E+16,4.94328E+16
181606,9,6,62,0,2018,7,11,6,3,0,7,0,0,0,0,0,0,1,0,5.88001E+20,5.5442E+21,1.0229E+16,5.00436E+16
181607,9,5,64,0,2018,7,9,1,3,5,3,0,0,1,0,0,0,0,0,6.49936E+20,5.47896E+21,1.10685E+16,4.94448E+16
181608,9,5,76,151,2018,7,15,6,3,3,6,0,0,1,0,0,0,0,0,6.5431E+20,5.47238E+21,1.11262E+16,4.93846E+16
181609,9,5,64,0,2018,7,12,1,3,6,2,0,0,1,1,0,0,0,0,6.50625E+20,5.48078E+21,1.10787E+16,4.94609E+16
181610,9,5,64,0,2018,7,14,1,3,0,1,0,0,0,0,1,0,0,0,6.4976E+20,5.47932E+21,1.10662E+16,4.94481E+16
181611,9,5,72,132,2018,7,23,6,3,0,1,2,1,0,0,0,0,0,0,6.37718E+20,5.49183E+21,1.09045E+16,4.95634E+16
181612,9,5,64,0,2018,7,21,1,2,5,3,0,1,1,0,0,0,0,0,6.50926E+20,5.4806E+21,1.10827E+16,4.94593E+16
181613,9,5,62,0,2018,7,11,6,3,8,7,0,1,1,0,0,0,0,0,6.45543E+20,5.49549E+21,1.1014E+16,4.95945E+16
181614,9,5,64,0,2018,7,14,1,2,5,3,0,0,1,0,1,0,0,0,6.50781E+20,5.47814E+21,1.10798E+16,4.94372E+16
181615,9,5,62,0,2018,7,21,6,2,5,3,1,1,0,0,0,0,0,0,6.46135E+20,5.49533E+21,1.10221E+16,4.95929E+16
181616,9,5,72,115,2018,7,15,6,3,6,4,0,0,1,1,0,0,0,0,6.46672E+20,5.50237E+21,1.10322E+16,4.9656E+16
181617,9,4,79,169,2018,7,9,1,2,0,1,0,1,0,0,0,0,0,0,7.18997E+20,5.54957E+21,1.20597E+16,5.00581E+16
181618,9,5,74,138,2018,7,11,6,3,4,2,0,0,1,0,0,0,0,0,6.64864E+20,5.48586E+21,1.12771E+16,4.9503E+16
181619,9,4,76,177,2018,7,15,1,3,8,7,0,1,0,0,0,0,0,0,6.74682E+20,5.57372E+21,1.14523E+16,5.02897E+16
181620,9,4,72,197,2018,7,17,1,2,8,1,0,0,0,0,1,0,0,0,6.69254E+20,5.52184E+21,1.13532E+16,4.98251E+16
181621,9,5,63,0,2018,7,10,6,3,0,7,0,1,0,0,0,0,0,1,6.44268E+20,5.481E+21,1.09911E+16,4.94645E+16
181622,9,4,62,0,2018,7,18,1,3,5,3,0,0,1,0,0,0,0,0,6.84319E+20,5.53507E+21,1.15688E+16,4.99396E+16
181623,9,5,64,0,2018,7,10,6,3,5,3,0,1,1,0,0,0,0,0,6.50653E+20,5.47866E+21,1.10782E+16,4.94419E+16
181624,9,3,75,119,2018,7,18,1,3,0,7,0,1,0,0,0,0,0,0,7.35837E+20,5.44287E+21,1.22306E+16,4.90934E+16
181625,9,5,64,0,2018,7,16,6,2,0,7,0,0,1,0,1,0,1,1,6.50041E+20,5.48024E+21,1.10704E+16,4.94563E+16
181626,9,3,73,147,2018,7,2,1,3,0,1,2,1,0,0,0,0,0,0,6.78985E+20,5.46246E+21,1.14614E+16,4.92887E+16
181627,9,5,64,0,2018,7,10,6,3,0,1,0,0,0,0,1,0,0,1,6.49942E+20,5.48132E+21,1.10694E+16,4.9466E+16
181628,9,3,71,150,2018,7,15,1,3,2,6,0,0,1,0,0,0,0,0,7.17653E+20,5.49315E+21,1.20093E+16,4.95518E+16
181629,9,5,64,0,2018,7,18,6,3,5,2,0,0,1,0,1,0,0,0,6.52476E+20,5.47967E+21,1.11038E+16,4.94506E+16
181630,9,5,73,127,2018,7,20,6,3,0,6,0,1,0,0,0,0,1,0,6.45534E+20,5.47464E+21,1.10062E+16,4.9407E+16
181631,9,2,71,119,2018,7,15,1,3,5,3,0,0,1,0,1,0,0,0,7.89631E+20,5.41668E+21,1.29472E+16,4.88354E+16
181632,9,5,61,0,2018,7,19,6,3,5,3,0,1,1,0,0,0,0,0,6.14245E+20,5.46207E+21,1.05715E+16,4.93007E+16
181633,9,2,75,127,2018,7,20,1,3,0,7,0,1,0,0,0,0,0,0,8.02941E+20,5.3998E+21,1.31158E+16,4.86777E+16
181634,9,2,75,128,2018,7,17,1,3,5,3,0,0,1,0,0,0,0,0,8.29084E+20,5.40119E+21,1.34709E+16,4.86769E+16
181635,9,5,71,171,2018,7,15,6,3,4,6,0,1,1,0,0,0,0,0,6.09915E+20,5.46627E+21,1.05131E+16,4.93392E+16
181636,9,2,75,135,2018,7,10,1,3,0,7,0,1,0,0,0,0,0,0,8.27547E+20,5.40266E+21,1.34513E+16,4.86908E+16
181637,9,5,61,0,2018,7,15,6,3,0,7,0,1,0,0,0,0,0,0,6.13948E+20,5.46183E+21,1.05673E+16,4.92986E+16
181638,9,2,73,163,2018,7,20,1,3,0,1,0,1,0,0,0,0,0,0,7.06666E+20,5.39873E+21,1.18092E+16,4.87073E+16
181639,9,4,79,136,2018,7,2,6,3,1,7,2,0,1,0,0,0,0,0,7.21775E+20,5.54401E+21,1.20952E+16,5.00071E+16
181640,9,4,75,168,2018,7,20,6,2,0,1,0,1,0,0,0,0,0,0,7.09825E+20,5.56709E+21,1.19414E+16,5.02187E+16
181641,9,1,73,120,2018,7,12,1,3,4,6,0,1,1,0,0,0,0,0,6.84935E+20,5.316E+21,1.14778E+16,4.79706E+16
181642,9,1,90,148,2018,7,14,1,2,1,5,0,1,1,0,0,0,0,0,6.41841E+20,5.29793E+21,1.08949E+16,4.78191E+16
181643,9,4,73,159,2018,7,7,6,3,0,1,0,0,0,0,1,0,0,0,6.45417E+20,5.5731E+21,1.10415E+16,5.02921E+16
181644,9,4,78,111,2018,7,12,6,3,5,3,0,1,1,0,0,0,0,0,6.60556E+20,5.55559E+21,1.12465E+16,5.01308E+16
181645,9,4,63,0,2018,7,16,6,3,0,3,0,0,1,0,1,0,0,0,6.41206E+20,5.5661E+21,1.09798E+16,5.02302E+16
181646,9,1,80,119,2018,7,15,1,3,3,6,0,1,1,0,0,0,0,0,6.72739E+20,5.28454E+21,1.1302E+16,4.76911E+16
181647,9,1,80,123,2018,7,23,1,3,0,1,2,1,0,1,0,0,0,0,6.70363E+20,5.25678E+21,1.12596E+16,4.74422E+16
181648,9,3,77,118,2018,7,17,6,3,0,6,0,0,1,0,1,0,0,0,7.20839E+20,5.53061E+21,1.20745E+16,4.98871E+16
181649,9,1,80,117,2018,7,16,1,2,5,2,0,1,1,0,0,0,0,0,6.59516E+20,5.26101E+21,1.11174E+16,4.7483E+16
181650,9,1,62,0,2018,7,16,5,3,0,7,0,0,1,0,0,0,1,0,6.91815E+20,5.33565E+21,1.15787E+16,4.81451E+16
181651,9,3,74,133,2018,7,6,6,2,8,1,0,0,0,0,1,0,0,0,7.26671E+20,5.49511E+21,1.2135E+16,4.95661E+16
181652,9,1,72,111,2018,7,12,1,3,0,1,0,1,0,0,0,0,0,0,7.93874E+20,5.30191E+21,1.2925E+16,4.78034E+16
181653,9,3,77,129,2018,7,5,6,3,0,7,0,0,0,0,1,0,0,1,7.07514E+20,5.52791E+21,1.18878E+16,4.98676E+16
181654,9,1,72,128,2018,7,16,1,3,0,1,0,1,0,0,0,0,0,0,7.93037E+20,5.29789E+21,1.29111E+16,4.77677E+16
181655,9,1,82,125,2018,7,13,1,3,4,2,0,0,1,0,0,0,0,0,7.1257E+20,5.29723E+21,1.18384E+16,4.77933E+16
181656,9,3,62,0,2018,7,4,6,3,1,1,2,1,1,0,0,0,0,0,7.28613E+20,5.43284E+21,1.21262E+16,4.90061E+16
181657,9,1,82,129,2018,7,4,1,3,0,1,2,1,0,0,0,0,0,0,7.075E+20,5.28318E+21,1.17641E+16,4.76687E+16
181658,9,3,75,165,2018,7,12,6,3,0,1,0,1,0,0,0,0,0,1,7.26002E+20,5.43705E+21,1.20929E+16,4.90448E+16
181659,9,1,61,0,2018,7,19,1,3,1,7,0,0,1,0,0,0,0,0,6.77166E+20,5.40558E+21,1.14116E+16,4.87779E+16
181660,9,3,62,0,2018,7,14,6,3,1,6,0,0,1,0,0,0,0,0,7.27365E+20,5.43098E+21,1.21081E+16,4.89899E+16
181661,9,1,85,140,2018,7,23,1,3,0,1,2,1,0,0,0,0,0,0,6.76936E+20,5.3926E+21,1.14029E+16,4.86614E+16
181662,9,3,62,0,2018,7,19,6,3,0,1,0,1,0,0,0,0,0,1,7.27358E+20,5.43523E+21,1.21104E+16,4.9028E+16
181663,9,1,79,121,2018,7,2,1,3,9,2,2,0,1,0,0,0,0,0,6.66746E+20,5.3392E+21,1.12434E+16,4.81841E+16
181664,9,3,73,147,2018,7,13,6,3,5,3,0,1,1,0,0,0,0,0,6.79948E+20,5.4601E+21,1.14736E+16,4.92672E+16
181665,9,3,61,0,2018,7,14,6,3,6,7,0,0,1,1,0,0,0,0,7.07624E+20,5.48118E+21,1.18646E+16,4.94478E+16
181666,9,1,88,137,2018,7,14,1,2,9,1,0,0,0,0,1,0,0,0,6.71481E+20,5.31628E+21,1.12978E+16,4.79769E+16
181667,9,2,71,119,2018,7,11,6,3,5,3,0,0,1,0,0,0,0,0,7.89247E+20,5.41675E+21,1.29421E+16,4.88363E+16
181668,9,1,81,144,2018,7,12,1,2,4,6,0,1,0,0,0,0,0,0,6.56366E+20,5.31964E+21,1.10967E+16,4.80109E+16
181669,9,1,74,115,2018,7,13,1,3,1,5,0,1,1,0,0,0,0,0,6.80194E+20,5.34755E+21,1.14277E+16,4.82555E+16
181670,9,2,72,151,2018,7,6,6,2,0,1,0,0,0,0,1,0,0,0,8.38685E+20,5.40805E+21,1.36066E+16,4.87333E+16
181671,9,1,74,115,2018,7,14,1,2,5,3,0,1,1,0,0,0,0,0,6.81398E+20,5.34634E+21,1.14434E+16,4.82443E+16
181672,9,2,74,126,2018,7,11,6,3,5,3,0,0,1,0,0,0,0,0,7.33373E+20,5.38435E+21,1.21636E+16,4.85687E+16
181673,9,1,75,118,2018,7,1,1,3,6,7,2,0,1,1,0,0,0,0,7.16605E+20,5.33947E+21,1.19135E+16,4.81715E+16
181674,9,1,90,140,2018,7,19,6,2,0,1,0,1,0,0,0,0,0,1,6.4456E+20,5.29671E+21,1.09308E+16,4.78075E+16
181675,9,1,90,140,2018,7,12,6,3,0,3,0,0,1,0,1,0,0,1,6.43343E+20,5.29453E+21,1.09138E+16,4.77882E+16
181676,9,1,62,0,2018,7,17,7,3,0,6,0,0,0,0,1,0,0,0,6.88344E+20,5.33571E+21,1.15322E+16,4.81467E+16
181677,9,1,73,126,2018,7,12,6,3,2,6,0,0,1,0,0,0,0,1,6.85111E+20,5.30449E+21,1.14753E+16,4.7867E+16
181678,9,1,89,155,2018,7,19,6,3,1,6,0,0,1,0,0,0,0,1,7.72306E+20,5.30936E+21,1.26422E+16,4.78798E+16
181679,9,1,62,0,2018,7,11,7,2,6,7,0,1,0,1,0,0,0,0,6.98245E+20,5.33535E+21,1.16649E+16,4.81405E+16
181680,9,1,71,112,2018,7,20,6,3,0,1,0,1,0,0,0,0,0,1,7.84282E+20,5.34237E+21,1.28239E+16,4.81709E+16
181681,9,1,62,0,2018,7,23,7,3,0,7,2,0,1,0,1,0,0,0,6.91966E+20,5.33619E+21,1.1581E+16,4.81499E+16
181682,9,1,62,0,2018,7,0,7,3,6,4,2,0,1,1,0,0,0,1,6.90974E+20,5.33427E+21,1.15668E+16,4.8133E+16
181683,9,1,71,121,2018,7,18,6,2,5,3,0,0,1,0,1,0,0,1,7.7508E+20,5.34456E+21,1.27018E+16,4.81947E+16
181684,9,1,84,119,2018,7,13,7,3,1,5,0,1,1,0,0,0,0,0,6.97409E+20,5.34782E+21,1.16595E+16,4.82528E+16
181685,9,1,71,111,2018,7,8,6,3,0,7,0,0,0,0,1,0,0,1,7.727E+20,5.34739E+21,1.26717E+16,4.8221E+16
181686,9,1,62,0,2018,7,19,7,3,5,3,0,1,1,0,0,0,0,0,6.8785E+20,5.33415E+21,1.15248E+16,4.81328E+16
181687,9,1,63,0,2018,7,19,6,3,4,1,0,0,1,0,0,0,0,1,7.32992E+20,5.30429E+21,1.21145E+16,4.78496E+16
181688,9,1,61,0,2018,7,12,6,3,5,3,0,1,1,0,0,0,0,0,6.76866E+20,5.4064E+21,1.14079E+16,4.87854E+16
181689,9,1,62,0,2018,7,15,7,3,5,3,0,1,1,0,0,0,0,0,6.85615E+20,5.33952E+21,1.14972E+16,4.81818E+16
181690,9,1,61,0,2018,7,15,6,3,1,3,0,1,1,0,0,0,0,0,6.80294E+20,5.40513E+21,1.14539E+16,4.8773E+16
181691,9,1,62,0,2018,7,18,7,3,0,7,0,1,1,0,0,0,0,0,6.88558E+20,5.33027E+21,1.15326E+16,4.80978E+16
181692,9,1,62,0,2018,7,10,7,3,3,6,0,0,1,0,1,0,0,0,6.9338E+20,5.331E+21,1.15977E+16,4.81029E+16