OBJECTID_1,ULAND,UREGBEZ,UKREIS,UGEMEINDE,UJAHR,UMONAT,USTUNDE,UWOCHENTAG,UKATEGORIE,UART,UTYP1,ULICHTVERH,IstRad,IstPKW,IstFuss,IstKrad,IstGkfz,IstSonstig,STRZUSTAND,LINREFX,LINREFY,XGCSWGS84,YGCSWGS84
181693,9,1,79,142,2018,7,17,6,3,0,1,1,1,0,0,0,0,0,1,6.73003E+20,5.34101E+21,1.13282E+16,4.81987E+16
181694,9,1,81,130,2018,7,17,6,2,5,3,0,1,1,0,0,0,0,1,6.38405E+20,5.32358E+21,1.08573E+16,4.80505E+16
181695,9,1,62,0,2018,7,23,7,3,3,2,2,1,1,0,0,0,0,0,6.89695E+20,5.33191E+21,1.15486E+16,4.81121E+16
181696,9,1,62,0,2018,7,14,7,3,1,3,0,0,1,0,0,0,0,0,6.85496E+20,5.33971E+21,1.14956E+16,4.81835E+16
181697,9,1,74,115,2018,7,16,6,3,5,3,0,0,1,0,1,0,0,0,6.8355E+20,5.34842E+21,1.14733E+16,4.82624E+16
181698,9,1,84,127,2018,7,14,7,3,5,3,0,1,1,0,0,0,0,0,7.02172E+20,5.32201E+21,1.17114E+16,4.80194E+16
181699,9,1,78,137,2018,7,19,6,3,0,1,0,0,0,0,1,0,0,0,6.96946E+20,5.36664E+21,1.16621E+16,4.84221E+16
181700,9,1,62,0,2018,7,8,7,3,5,3,0,0,1,0,0,0,0,0,6.95494E+20,5.33603E+21,1.16283E+16,4.81475E+16
181701,9,1,78,124,2018,7,20,6,3,0,1,0,1,0,0,0,0,0,1,7.04067E+20,5.36392E+21,1.17569E+16,4.83954E+16
181702,9,1,77,117,2018,7,16,6,3,0,3,0,1,1,0,0,0,0,1,7.13678E+20,5.35443E+21,1.18818E+16,4.8307E+16
181703,9,1,62,0,2018,7,22,7,3,0,1,2,1,0,0,0,0,0,0,6.90307E+20,5.33295E+21,1.15573E+16,4.81213E+16
181704,9,7,75,135,2018,7,16,7,3,0,7,0,0,0,0,1,0,0,0,5.74231E+20,5.3601E+21,1.00027E+16,4.83897E+16
181705,9,1,62,0,2018,7,9,5,3,5,3,0,0,1,0,1,0,0,0,6.92549E+20,5.33459E+21,1.15881E+16,4.81354E+16
181706,9,7,75,135,2018,7,14,7,3,3,6,0,1,0,0,0,0,0,0,5.76103E+20,5.36141E+21,1.00282E+16,4.84013E+16
181707,9,1,62,0,2018,7,22,5,3,0,7,2,0,1,0,1,0,0,1,6.96981E+20,5.33089E+21,1.16459E+16,4.81008E+16
181708,9,3,63,0,2018,7,14,4,3,2,6,0,0,1,0,0,0,0,1,7.28344E+20,5.50641E+21,1.21646E+16,4.9667E+16
181709,9,3,62,0,2018,7,22,4,3,6,2,2,0,1,1,0,0,0,0,7.26419E+20,5.43427E+21,1.2097E+16,4.90197E+16
181710,9,3,71,122,2018,7,7,4,2,4,1,0,0,1,0,1,0,0,0,7.16175E+20,5.4851E+21,1.19845E+16,4.948E+16
181711,9,2,71,119,2018,7,7,4,3,0,7,0,0,0,0,1,0,0,1,7.90454E+20,5.41656E+21,1.29583E+16,4.8834E+16
181712,9,2,61,0,2018,7,18,4,3,5,3,0,0,1,0,1,0,0,0,7.31418E+20,5.38034E+21,1.2135E+16,4.85334E+16
181713,9,2,74,128,2018,7,16,4,3,5,3,0,1,1,0,0,0,0,0,7.35507E+20,5.38601E+21,1.21935E+16,4.85829E+16
181714,9,1,63,0,2018,7,15,4,3,2,6,0,0,1,0,1,0,0,0,7.3404E+20,5.30499E+21,1.21289E+16,4.78556E+16
181715,9,1,63,0,2018,7,14,4,3,2,6,0,0,1,0,0,0,1,0,7.31154E+20,5.30409E+21,1.20899E+16,4.78485E+16
181716,9,1,87,129,2018,7,17,4,3,0,1,0,1,0,0,0,0,0,0,7.25094E+20,5.29627E+21,1.20049E+16,4.77805E+16
181717,9,1,61,0,2018,7,17,4,3,5,3,0,0,1,0,0,0,0,0,6.79349E+20,5.40553E+21,1.14413E+16,4.87769E+16
181718,9,1,86,122,2018,7,17,4,3,1,2,0,1,1,0,0,0,0,0,6.9263E+20,5.39639E+21,1.16176E+16,4.86908E+16
181719,9,1,76,153,2018,7,22,4,2,3,6,2,1,0,0,1,0,0,0,6.97233E+20,5.41008E+21,1.16866E+16,4.88123E+16
181720,9,1,76,114,2018,7,12,4,3,8,1,0,0,1,0,0,0,0,0,6.80468E+20,5.43418E+21,1.14691E+16,4.90341E+16
181721,9,1,88,139,2018,7,18,4,3,0,1,0,1,0,0,0,0,0,0,6.75002E+20,5.31952E+21,1.13463E+16,4.8005E+16
181722,9,1,81,133,2018,7,16,4,3,0,1,0,1,0,0,0,0,0,0,6.42261E+20,5.31396E+21,1.09058E+16,4.79631E+16
181723,9,1,81,130,2018,7,15,4,3,0,5,0,0,1,0,0,0,1,0,6.39516E+20,5.32327E+21,1.08721E+16,4.80475E+16
181724,9,1,74,115,2018,7,15,4,3,5,3,0,1,0,0,0,0,0,0,6.80364E+20,5.34683E+21,1.14297E+16,4.8249E+16
181725,9,1,78,124,2018,7,16,4,3,4,1,0,1,1,0,0,0,0,0,7.02784E+20,5.36383E+21,1.17396E+16,4.8395E+16
181726,9,1,62,0,2018,7,0,3,3,5,3,2,1,1,0,0,0,0,0,6.89824E+20,5.3349E+21,1.15517E+16,4.8139E+16
181727,9,1,62,0,2018,7,17,3,2,0,7,0,1,0,0,0,0,0,1,6.91862E+20,5.335E+21,1.15791E+16,4.81393E+16
181728,9,1,62,0,2018,7,14,3,3,0,7,0,1,0,0,0,0,0,0,6.84381E+20,5.33221E+21,1.14774E+16,4.81164E+16
181729,9,1,62,0,2018,7,16,3,3,5,3,0,0,1,0,0,0,0,0,6.88905E+20,5.33635E+21,1.154E+16,4.81524E+16
181730,9,1,62,0,2018,7,16,3,3,3,6,0,1,1,0,0,0,1,0,6.88814E+20,5.33241E+21,1.1537E+16,4.81169E+16
181731,9,1,62,0,2018,7,2,3,3,5,2,2,1,1,0,0,0,0,0,6.88968E+20,5.33057E+21,1.15382E+16,4.81004E+16
181732,9,1,62,0,2018,7,8,3,3,3,2,0,1,1,0,0,0,0,0,6.84349E+20,5.33752E+21,1.14793E+16,4.81642E+16
181733,9,1,62,0,2018,7,17,3,3,4,2,0,0,1,0,0,0,0,0,6.79373E+20,5.3341E+21,1.1411E+16,4.81349E+16
181734,9,1,62,0,2018,7,17,3,2,4,2,0,1,1,0,0,0,0,1,6.97738E+20,5.33417E+21,1.16576E+16,4.81301E+16
181735,9,7,63,0,2018,7,17,5,3,1,7,0,0,1,0,0,0,0,0,5.9826E+20,5.28643E+21,1.03103E+16,4.77237E+16
181736,9,7,80,137,2018,7,14,5,2,0,1,0,1,0,0,0,0,0,0,5.97384E+20,5.26979E+21,1.02949E+16,4.75743E+16
181737,9,1,62,0,2018,7,16,3,3,4,2,0,1,1,0,0,0,0,0,6.86648E+20,5.33319E+21,1.15083E+16,4.81246E+16
181738,9,7,77,169,2018,7,17,5,3,6,6,0,1,0,1,0,0,0,0,6.29383E+20,5.27022E+21,1.07203E+16,4.75725E+16
181739,9,1,62,0,2018,7,9,3,3,0,7,0,1,0,0,0,0,0,0,6.9033E+20,5.33739E+21,1.15596E+16,4.81612E+16
181740,9,7,79,181,2018,7,15,5,3,9,7,0,0,0,0,0,1,0,0,6.33443E+20,5.39119E+21,1.08121E+16,4.86595E+16
181741,9,7,72,147,2018,7,21,5,3,2,2,1,0,0,0,1,0,0,0,6.38736E+20,5.36432E+21,1.0875E+16,4.84167E+16
181742,9,1,62,0,2018,7,19,3,3,0,1,0,0,1,0,1,0,0,1,6.86247E+20,5.33234E+21,1.15025E+16,4.81171E+16
181743,9,1,62,0,2018,7,13,3,3,0,1,0,1,0,0,0,0,0,0,6.86131E+20,5.33315E+21,1.15013E+16,4.81244E+16
181744,9,7,72,177,2018,7,9,5,3,8,7,0,0,1,0,0,0,0,0,6.36502E+20,5.37863E+21,1.08495E+16,4.85459E+16
181745,9,1,84,139,2018,7,7,3,3,1,3,0,1,1,0,0,0,0,0,6.87342E+20,5.3256E+21,1.15143E+16,4.80562E+16
181746,9,7,61,0,2018,7,16,5,3,6,7,0,0,0,1,0,0,1,0,6.36229E+20,5.36048E+21,1.08399E+16,4.83828E+16
181747,9,1,62,0,2018,7,17,3,3,0,1,0,1,0,0,0,0,0,1,6.94179E+20,5.33457E+21,1.161E+16,4.81348E+16
181748,9,7,61,0,2018,7,16,5,3,7,1,0,1,0,0,0,0,0,0,6.39309E+20,5.35878E+21,1.08809E+16,4.83668E+16
181749,9,7,61,0,2018,7,0,5,3,0,1,2,1,0,0,0,0,0,0,6.38114E+20,5.35876E+21,1.08648E+16,4.83669E+16
181750,9,1,62,0,2018,7,1,3,3,0,1,2,1,0,0,0,0,0,0,6.9205E+20,5.33433E+21,1.15813E+16,4.81332E+16
181751,9,7,61,0,2018,7,16,5,3,0,7,0,1,1,0,0,0,0,0,6.3931E+20,5.36054E+21,1.08815E+16,4.83826E+16
181752,9,1,62,0,2018,7,8,3,3,3,2,0,0,1,0,0,0,0,0,6.89929E+20,5.33491E+21,1.15531E+16,4.81391E+16
181753,9,7,61,0,2018,7,17,5,2,6,4,0,0,1,1,0,0,0,0,6.39237E+20,5.36048E+21,1.08805E+16,4.83821E+16
181754,9,7,61,0,2018,7,16,5,3,5,1,0,1,0,0,0,0,1,0,6.4224E+20,5.36079E+21,1.09212E+16,4.83842E+16
181755,9,1,62,0,2018,7,16,3,3,5,3,0,1,1,0,0,0,0,1,6.90956E+20,5.33633E+21,1.15675E+16,4.81515E+16
181756,9,7,61,0,2018,7,18,5,3,0,7,0,0,0,0,0,0,1,0,6.41623E+20,5.35241E+21,1.091E+16,4.8309E+16
181757,9,1,62,0,2018,7,16,3,3,0,1,0,1,0,0,0,0,0,1,6.91204E+20,5.33405E+21,1.15698E+16,4.8131E+16
181758,9,7,74,185,2018,7,10,3,3,0,7,0,0,1,0,0,0,0,0,6.08911E+20,5.3488E+21,1.04681E+16,4.8283E+16
181759,9,7,80,133,2018,7,17,3,3,0,7,0,1,0,0,0,0,1,0,5.95643E+20,5.24943E+21,1.02673E+16,4.73913E+16
181760,9,7,80,133,2018,7,12,3,3,0,1,0,0,0,0,0,1,0,0,5.96621E+20,5.25181E+21,1.02808E+16,4.74126E+16
181761,9,7,76,120,2018,7,13,3,3,0,1,0,1,0,0,0,0,0,0,5.45885E+20,5.26928E+21,9.61013E+15,4.75753E+16
181762,9,7,71,130,2018,7,10,3,3,5,3,0,0,1,0,0,0,0,0,6.47997E+20,5.35702E+21,1.09976E+16,4.8349E+16
181763,9,7,61,0,2018,7,16,3,3,5,2,0,1,1,0,0,0,0,1,6.36335E+20,5.36043E+21,1.08413E+16,4.83823E+16
181764,9,7,61,0,2018,7,16,3,3,4,2,0,1,1,0,0,0,0,0,6.39219E+20,5.3586E+21,1.08797E+16,4.83652E+16
181765,9,7,61,0,2018,7,17,3,3,0,1,0,0,0,0,1,0,0,0,6.40073E+20,5.35814E+21,1.0891E+16,4.83608E+16
181766,9,7,61,0,2018,7,8,3,3,5,3,0,0,1,0,0,0,0,0,6.40181E+20,5.35927E+21,1.08929E+16,4.8371E+16
181767,9,7,61,0,2018,7,15,5,3,2,1,0,0,1,0,0,0,0,0,6.39719E+20,5.35629E+21,1.08856E+16,4.83444E+16
181768,9,7,61,0,2018,7,15,5,3,3,1,0,1,0,0,1,0,0,0,6.38414E+20,5.35548E+21,1.08678E+16,4.83373E+16
181769,9,7,61,0,2018,7,16,3,3,2,7,0,1,1,0,0,0,0,0,6.39779E+20,5.359E+21,1.08874E+16,4.83687E+16
181770,9,7,61,0,2018,7,7,5,3,3,1,0,1,1,0,0,0,0,0,6.39464E+20,5.35735E+21,1.08826E+16,4.83539E+16
181771,9,6,63,0,2018,7,18,3,3,0,3,0,0,1,0,1,0,0,0,5.68811E+20,5.51266E+21,9.95545E+15,4.97625E+16
181772,9,6,63,0,2018,7,10,3,3,6,4,0,0,1,1,0,0,0,0,5.67481E+20,5.51676E+21,9.9377E+15,4.97995E+16
181773,9,6,63,0,2018,7,12,5,3,5,7,0,1,1,0,0,0,0,0,5.67804E+20,5.5166E+21,9.94216E+15,4.9798E+16
181774,9,6,63,0,2018,7,13,3,3,5,3,0,1,1,0,0,0,0,0,5.70421E+20,5.51652E+21,9.97851E+15,4.9797E+16
181775,9,6,63,0,2018,7,19,5,3,5,2,0,1,1,0,0,0,0,0,5.68559E+20,5.51648E+21,9.95263E+15,4.97968E+16
181776,9,6,75,141,2018,7,7,3,3,0,3,0,0,0,0,1,0,1,0,5.83864E+20,5.51027E+21,1.01639E+16,4.9739E+16
181777,9,6,74,221,2018,7,18,5,3,0,7,0,1,0,0,0,0,0,0,6.12831E+20,5.54126E+21,1.05748E+16,5.0013E+16
181778,9,6,73,151,2018,7,18,3,2,4,6,0,0,0,0,1,0,0,0,5.89642E+20,5.58582E+21,1.02618E+16,5.04176E+16
181779,9,6,74,133,2018,7,12,5,2,2,6,0,1,0,0,0,0,0,0,6.16523E+20,5.53808E+21,1.06254E+16,4.99837E+16
181780,9,6,72,135,2018,7,7,3,3,1,7,0,1,1,0,0,0,0,0,5.87801E+20,5.56687E+21,1.02315E+16,5.02475E+16
181781,9,6,74,130,2018,7,16,5,3,0,1,0,0,0,0,1,0,0,0,6.26161E+20,5.5508E+21,1.07639E+16,5.00961E+16
181782,9,5,62,0,2018,7,12,3,3,2,6,0,0,1,0,1,0,0,0,6.42258E+20,5.49489E+21,1.09684E+16,4.95898E+16
181783,9,6,62,0,2018,7,18,5,3,5,3,0,0,1,0,0,0,0,0,5.87961E+20,5.54509E+21,1.02287E+16,5.00516E+16
181784,9,6,71,121,2018,7,5,5,2,9,7,1,0,1,0,0,0,0,1,5.11979E+20,5.54019E+21,9.16719E+15,5.00139E+16
181785,9,6,71,155,2018,7,15,5,3,5,3,0,0,0,0,1,1,0,0,5.05868E+20,5.53477E+21,9.08181E+15,4.99653E+16
181786,9,5,62,0,2018,7,10,3,2,0,7,0,1,0,0,0,0,0,1,6.46229E+20,5.4909E+21,1.10218E+16,4.9553E+16
181787,9,5,62,0,2018,7,7,3,3,4,6,0,1,0,1,0,0,0,0,6.46336E+20,5.49318E+21,1.10241E+16,4.95735E+16
181788,9,6,71,111,2018,7,8,5,3,5,3,0,1,1,0,0,0,0,0,5.03554E+20,5.54924E+21,9.0497E+15,5.00954E+16
181789,9,5,64,0,2018,7,10,3,3,5,3,0,1,1,0,0,0,0,1,6.48653E+20,5.47798E+21,1.10504E+16,4.94363E+16
181790,9,5,62,0,2018,7,7,5,3,3,2,0,1,1,0,0,0,0,1,6.46136E+20,5.49527E+21,1.10221E+16,4.95923E+16
181791,9,5,64,0,2018,7,13,3,3,6,7,0,0,1,1,0,0,0,0,6.49811E+20,5.47943E+21,1.10669E+16,4.9449E+16
181792,9,5,64,0,2018,7,8,5,3,5,3,0,1,1,0,0,0,0,0,6.50909E+20,5.47856E+21,1.10817E+16,4.94409E+16
181793,9,5,64,0,2018,7,7,3,2,6,4,0,0,0,1,0,1,0,0,6.48926E+20,5.47848E+21,1.10544E+16,4.94407E+16
181794,9,5,64,0,2018,7,18,3,3,6,4,0,1,0,1,0,0,0,0,6.50822E+20,5.47936E+21,1.10808E+16,4.94481E+16
181795,9,5,64,0,2018,7,8,5,3,2,6,0,0,1,0,0,0,0,0,6.44904E+20,5.47913E+21,1.09992E+16,4.94475E+16
181796,9,5,73,122,2018,7,0,3,3,0,7,2,0,0,0,1,0,0,0,6.43712E+20,5.47654E+21,1.09818E+16,4.94245E+16
181797,9,5,64,0,2018,7,13,5,3,5,3,0,1,1,0,0,0,0,0,6.52183E+20,5.47867E+21,1.10993E+16,4.94416E+16
181798,9,5,77,125,2018,7,11,3,3,5,3,0,0,1,0,0,0,1,0,6.3817E+20,5.43703E+21,1.08918E+16,4.90706E+16
181799,9,5,64,0,2018,7,11,5,3,5,3,0,0,1,0,0,1,0,0,6.52935E+20,5.48255E+21,1.11112E+16,4.94763E+16
181800,9,4,78,165,2018,7,16,3,3,4,6,0,0,1,0,0,0,0,0,6.42928E+20,5.55175E+21,1.09986E+16,5.01008E+16
181801,9,5,64,0,2018,7,21,5,3,0,1,0,1,0,0,0,0,0,0,6.51256E+20,5.48124E+21,1.10875E+16,4.9465E+16
181802,9,5,64,0,2018,7,23,5,3,8,1,2,0,0,0,1,0,0,0,6.52985E+20,5.48388E+21,1.11124E+16,4.94882E+16
181803,9,4,62,0,2018,7,7,3,2,0,1,0,1,0,0,0,0,0,1,6.82549E+20,5.53625E+21,1.15447E+16,4.99507E+16
181804,9,4,79,152,2018,7,11,5,2,1,7,0,0,1,1,0,0,0,0,7.24708E+20,5.56245E+21,1.21469E+16,5.01716E+16
181805,9,4,74,126,2018,7,7,3,3,4,2,0,1,1,0,0,0,0,0,6.49388E+20,5.50954E+21,1.10725E+16,4.97198E+16
181806,9,4,74,126,2018,7,13,3,3,5,3,0,1,1,0,0,0,0,0,6.48577E+20,5.51092E+21,1.10618E+16,4.97324E+16
181807,9,4,64,0,2018,7,14,5,2,0,1,0,1,0,0,0,0,0,0,7.06302E+20,5.58024E+21,1.18992E+16,5.03381E+16
181808,9,3,62,0,2018,7,16,3,3,5,3,0,0,1,0,1,0,0,1,7.26218E+20,5.43386E+21,1.20941E+16,4.90161E+16
181809,9,4,73,159,2018,7,22,5,3,0,1,2,1,0,0,0,0,0,0,6.46618E+20,5.57398E+21,1.10587E+16,5.02997E+16
181810,9,3,62,0,2018,7,19,3,3,5,2,0,1,1,0,0,0,0,0,7.24272E+20,5.43432E+21,1.20677E+16,4.9021E+16
181811,9,4,76,183,2018,7,14,5,3,5,3,0,1,0,0,0,0,0,0,6.69982E+20,5.56841E+21,1.1384E+16,5.02434E+16
181812,9,4,63,0,2018,7,22,5,3,5,3,2,0,1,0,1,0,0,0,6.41371E+20,5.57125E+21,1.09841E+16,5.02764E+16
181813,9,3,73,147,2018,7,17,3,3,2,6,0,0,1,0,0,0,0,0,6.79135E+20,5.46199E+21,1.14633E+16,4.92844E+16
181814,9,4,72,167,2018,7,7,5,3,4,1,0,0,1,0,0,0,1,1,6.71104E+20,5.53258E+21,1.13837E+16,4.99211E+16
181815,9,3,73,147,2018,7,14,3,3,5,3,0,0,1,0,1,0,0,1,6.7931E+20,5.46152E+21,1.14655E+16,4.92801E+16
181816,9,4,72,176,2018,7,17,5,2,4,6,0,0,0,0,1,0,1,0,6.66463E+20,5.52994E+21,1.1318E+16,4.98987E+16
181817,9,4,72,167,2018,7,20,5,3,4,6,1,0,1,0,1,0,0,0,6.76993E+20,5.53195E+21,1.14654E+16,4.99137E+16
181818,9,3,72,116,2018,7,17,3,2,4,1,0,1,1,0,0,0,0,0,7.64385E+20,5.45959E+21,1.26319E+16,4.92319E+16
181819,9,4,62,0,2018,7,11,5,3,4,2,0,0,1,0,1,0,0,0,6.8505E+20,5.53751E+21,1.15802E+16,4.99612E+16
181820,9,3,71,151,2018,7,22,3,3,1,7,2,0,1,0,1,0,0,0,6.98246E+20,5.48702E+21,1.17383E+16,4.95034E+16
181821,9,3,76,161,2018,7,18,3,3,5,3,0,1,0,0,0,0,0,0,7.25689E+20,5.46848E+21,1.21062E+16,4.93272E+16
181822,9,4,71,169,2018,7,21,5,3,9,1,1,1,0,0,0,0,0,0,6.38498E+20,5.52251E+21,1.09262E+16,4.9839E+16
181823,9,3,76,161,2018,7,14,3,2,0,1,0,0,0,0,1,0,0,0,7.26254E+20,5.46872E+21,1.21141E+16,4.93292E+16
181824,9,4,61,0,2018,7,15,5,3,2,6,0,0,1,0,0,0,0,0,6.36361E+20,5.52831E+21,1.08985E+16,4.98916E+16
181825,9,3,76,119,2018,7,7,3,3,0,1,0,0,1,1,0,0,0,0,7.21534E+20,5.45351E+21,1.20409E+16,4.91943E+16
181826,9,3,72,126,2018,7,15,5,3,5,3,0,0,1,0,0,0,0,0,7.78836E+20,5.46904E+21,1.28365E+16,4.93103E+16
181827,9,3,75,175,2018,7,16,5,3,5,3,0,1,1,0,0,0,0,0,7.14191E+20,5.43444E+21,1.19301E+16,4.90256E+16
181828,9,2,63,0,2018,7,13,3,2,5,3,0,1,1,0,0,0,0,0,7.64187E+20,5.42165E+21,1.26044E+16,4.88914E+16
181829,9,3,62,0,2018,7,14,5,2,4,6,0,0,1,0,1,0,0,0,7.27247E+20,5.43276E+21,1.21075E+16,4.90058E+16
181830,9,3,62,0,2018,7,17,5,3,5,2,0,1,1,0,0,0,0,0,7.25641E+20,5.43258E+21,1.20854E+16,4.90048E+16
181831,9,2,71,119,2018,7,17,3,3,4,7,0,1,1,0,0,0,0,1,7.90542E+20,5.41625E+21,1.29593E+16,4.88311E+16
181832,9,3,62,0,2018,7,7,5,3,0,6,0,0,1,0,1,0,0,0,7.24731E+20,5.43435E+21,1.2074E+16,4.9021E+16
181833,9,2,75,154,2018,7,19,3,3,5,3,0,0,1,0,1,0,0,1,8.08835E+20,5.39472E+21,1.31918E+16,4.86292E+16
181834,9,2,77,138,2018,7,12,3,3,2,6,0,0,1,0,0,0,0,0,7.9039E+20,5.37232E+21,1.29265E+16,4.8437E+16
181835,9,3,62,0,2018,7,20,5,3,3,7,0,1,1,0,0,0,0,0,7.27989E+20,5.43676E+21,1.21199E+16,4.90415E+16
181836,9,2,73,137,2018,7,14,3,3,0,1,0,0,0,0,1,0,0,0,7.11965E+20,5.42229E+21,1.18934E+16,4.89172E+16
181837,9,3,73,147,2018,7,13,5,2,5,3,0,0,0,0,1,0,1,0,6.77093E+20,5.46111E+21,1.14348E+16,4.92771E+16
181838,9,1,73,126,2018,7,15,3,2,6,4,0,0,1,1,0,0,0,0,6.85781E+20,5.30351E+21,1.14838E+16,4.7858E+16
181839,9,3,72,135,2018,7,16,5,3,2,2,0,0,1,0,1,0,0,0,7.86905E+20,5.45761E+21,1.29391E+16,4.92041E+16
181840,9,3,72,116,2018,7,8,5,3,0,1,0,1,0,0,0,0,0,1,7.66719E+20,5.45852E+21,1.26632E+16,4.92213E+16
181841,9,2,63,0,2018,7,9,5,3,5,3,0,0,1,0,0,0,0,0,7.61309E+20,5.42051E+21,1.25645E+16,4.88824E+16
181842,9,1,72,122,2018,7,18,3,2,9,1,0,1,0,0,0,0,0,1,7.90302E+20,5.31555E+21,1.28865E+16,4.79275E+16
181843,9,1,72,114,2018,7,17,3,2,8,1,0,1,0,0,0,0,0,0,7.90362E+20,5.29226E+21,1.28717E+16,4.77184E+16
181844,9,2,76,117,2018,7,18,5,3,0,1,0,1,0,0,0,0,0,0,7.98806E+20,5.44481E+21,1.30926E+16,4.90835E+16
181845,9,1,87,177,2018,7,14,3,3,5,2,0,0,1,0,1,0,0,0,7.36913E+20,5.30662E+21,1.21681E+16,4.78691E+16
181846,9,1,87,162,2018,7,7,3,3,0,3,0,0,1,0,0,0,0,0,7.50035E+20,5.30627E+21,1.23431E+16,4.78611E+16
181847,9,2,75,153,2018,7,16,5,3,9,7,0,0,0,0,1,0,0,0,8.44796E+20,5.38924E+21,1.36738E+16,4.85613E+16
181848,9,1,61,0,2018,7,16,3,3,0,1,0,1,0,0,0,0,0,0,6.77029E+20,5.40517E+21,1.14096E+16,4.87743E+16
181849,9,2,75,114,2018,7,18,5,3,8,6,0,0,1,0,1,0,0,0,8.00524E+20,5.38832E+21,1.30747E+16,4.85758E+16
181850,9,1,81,128,2018,7,14,3,3,5,3,0,1,0,0,0,0,0,0,6.38142E+20,5.32826E+21,1.08552E+16,4.80926E+16
181851,9,2,75,151,2018,7,16,5,3,5,3,0,0,1,0,0,1,0,0,8.25107E+20,5.3969E+21,1.34137E+16,4.86405E+16
181852,9,2,62,0,2018,7,16,5,3,6,4,0,0,1,1,0,0,0,0,8.27153E+20,5.38924E+21,1.34354E+16,4.85707E+16
181853,9,1,88,117,2018,7,14,3,3,0,7,0,1,0,0,0,0,0,0,6.65183E+20,5.31202E+21,1.12119E+16,4.79402E+16
181854,9,1,79,123,2018,7,11,3,3,2,6,0,0,1,0,0,0,0,0,6.75998E+20,5.33434E+21,1.13658E+16,4.81379E+16
181855,9,2,61,0,2018,7,7,5,3,5,3,0,1,1,0,0,0,0,0,7.33743E+20,5.38134E+21,1.2167E+16,4.85415E+16
181856,9,1,78,145,2018,7,9,3,3,5,1,0,1,1,0,0,0,0,0,6.9636E+20,5.35433E+21,1.16484E+16,4.83117E+16
181857,9,2,61,0,2018,7,15,5,3,0,7,0,1,0,0,0,0,0,0,7.33373E+20,5.38166E+21,1.21621E+16,4.85446E+16
181858,9,1,62,0,2018,7,17,2,3,0,4,0,0,0,1,0,0,1,0,6.90968E+20,5.3374E+21,1.15682E+16,4.81612E+16
181859,9,1,90,141,2018,7,12,5,3,0,6,0,1,0,0,0,0,1,0,6.77701E+20,5.29257E+21,1.13714E+16,4.7762E+16
181860,9,1,73,118,2018,7,21,5,2,0,7,1,1,0,0,0,0,0,0,6.90496E+20,5.3025E+21,1.15463E+16,4.78476E+16
181861,9,1,62,0,2018,7,8,2,3,2,6,0,1,0,0,0,0,0,0,6.91254E+20,5.33512E+21,1.1571E+16,4.81406E+16
181862,9,1,73,113,2018,7,17,5,3,8,1,0,1,0,0,0,0,0,0,6.81319E+20,5.28694E+21,1.14173E+16,4.77104E+16
181863,9,1,62,0,2018,7,12,2,3,2,6,0,1,1,0,0,0,0,0,6.91256E+20,5.33512E+21,1.1571E+16,4.81406E+16
181864,9,1,73,135,2018,7,13,5,3,6,7,0,1,0,1,0,0,0,0,6.92748E+20,5.28573E+21,1.15689E+16,4.76962E+16
181865,9,1,62,0,2018,7,12,2,3,5,3,0,1,1,0,0,0,0,0,6.9201E+20,5.33448E+21,1.15808E+16,4.81346E+16
181866,9,1,72,116,2018,7,13,5,2,4,6,0,1,0,0,1,0,0,0,8.0077E+20,5.28324E+21,1.3004E+16,4.76326E+16
181867,9,1,62,0,2018,7,17,2,3,5,2,0,1,0,0,0,0,0,0,6.91892E+20,5.33361E+21,1.15789E+16,4.81268E+16
181868,9,1,62,0,2018,7,9,2,3,0,7,0,0,1,0,0,0,0,0,6.86098E+20,5.33366E+21,1.15011E+16,4.8129E+16
181869,9,1,71,121,2018,7,19,5,3,5,3,0,1,1,0,0,0,0,0,7.75065E+20,5.34475E+21,1.27018E+16,4.81964E+16
181870,9,1,62,0,2018,7,9,2,3,4,6,0,1,0,0,0,0,0,0,6.88166E+20,5.33654E+21,1.15301E+16,4.81542E+16
181871,9,1,63,0,2018,7,14,5,3,0,2,0,1,0,0,0,0,0,0,7.32995E+20,5.30582E+21,1.21154E+16,4.78634E+16
181872,9,1,62,0,2018,7,8,2,3,5,3,0,1,0,0,0,0,0,0,6.8558E+20,5.33568E+21,1.1495E+16,4.81473E+16
181873,9,1,63,0,2018,7,16,5,3,6,4,0,0,0,1,0,1,0,0,7.339E+20,5.30466E+21,1.21268E+16,4.78526E+16
181874,9,1,63,0,2018,7,9,5,3,0,1,0,1,0,0,0,0,0,0,7.33997E+20,5.30516E+21,1.21284E+16,4.78571E+16
181875,9,1,62,0,2018,7,11,2,3,6,2,0,0,0,1,0,0,1,0,6.90523E+20,5.33462E+21,1.15609E+16,4.81363E+16
181876,9,1,88,139,2018,7,8,5,2,0,3,0,1,1,0,0,0,0,0,6.74416E+20,5.3194E+21,1.13384E+16,4.80041E+16
181877,9,1,84,130,2018,7,7,2,2,1,2,0,0,1,0,1,0,0,0,6.99075E+20,5.34591E+21,1.1681E+16,4.82351E+16
181878,9,1,62,0,2018,7,15,2,3,5,3,0,0,1,0,0,0,0,0,6.91155E+20,5.33182E+21,1.15682E+16,4.81109E+16