OBJECTID_1,ULAND,UREGBEZ,UKREIS,UGEMEINDE,UJAHR,UMONAT,USTUNDE,UWOCHENTAG,UKATEGORIE,UART,UTYP1,ULICHTVERH,IstRad,IstPKW,IstFuss,IstKrad,IstGkfz,IstSonstig,STRZUSTAND,LINREFX,LINREFY,XGCSWGS84,YGCSWGS84
181879,9,1,81,145,2018,7,12,5,2,5,2,0,1,1,0,0,0,0,0,6.4764E+20,5.32975E+21,1.09832E+16,4.81039E+16
181880,9,1,62,0,2018,7,10,2,3,3,6,0,0,1,0,0,0,1,0,6.88822E+20,5.33563E+21,1.15385E+16,4.81458E+16
181881,9,1,81,130,2018,7,19,5,3,0,7,0,0,0,0,1,0,0,0,6.37669E+20,5.3252E+21,1.08479E+16,4.80652E+16
181882,9,1,84,146,2018,7,9,2,3,4,6,0,1,0,0,0,0,0,0,6.96059E+20,5.32875E+21,1.16326E+16,4.80818E+16
181883,9,1,81,130,2018,7,22,5,3,6,2,2,0,1,1,0,0,0,0,6.38909E+20,5.32257E+21,1.08637E+16,4.80413E+16
181884,9,1,62,0,2018,7,14,2,3,5,3,0,1,0,0,0,0,1,0,7.0027E+20,5.33221E+21,1.16907E+16,4.81117E+16
181885,9,1,79,123,2018,7,18,5,3,3,2,0,1,1,0,0,0,0,0,6.76739E+20,5.33218E+21,1.13748E+16,4.81183E+16
181886,9,1,62,0,2018,7,6,2,3,0,1,0,1,0,0,0,0,0,0,6.98429E+20,5.33353E+21,1.16666E+16,4.81241E+16
181887,9,1,79,149,2018,7,19,5,3,5,2,0,1,1,0,0,0,0,0,6.55209E+20,5.3303E+21,1.1085E+16,4.8107E+16
181888,9,1,74,115,2018,7,8,5,3,0,1,0,1,0,0,0,0,1,0,6.82217E+20,5.34686E+21,1.14546E+16,4.82488E+16
181889,9,1,62,0,2018,7,18,2,3,0,1,0,1,0,0,0,0,0,0,6.93478E+20,5.33309E+21,1.15999E+16,4.81217E+16
181890,9,1,75,122,2018,7,8,5,3,0,1,0,1,0,0,0,0,0,0,7.20575E+20,5.32536E+21,1.19596E+16,4.80434E+16
181891,9,1,62,0,2018,7,10,2,3,0,3,0,1,1,0,0,0,0,1,6.94137E+20,5.33388E+21,1.16091E+16,4.81286E+16
181892,9,1,62,0,2018,7,22,2,3,1,5,2,1,1,0,0,0,0,0,6.93037E+20,5.33391E+21,1.15944E+16,4.81292E+16
181893,9,1,62,0,2018,7,21,4,3,0,7,2,1,0,0,0,0,0,0,6.92552E+20,5.33544E+21,1.15885E+16,4.81431E+16
181894,9,1,62,0,2018,7,16,2,3,2,7,0,0,1,0,0,0,1,0,6.92761E+20,5.33315E+21,1.15903E+16,4.81224E+16
181895,9,1,62,0,2018,7,11,4,3,3,6,0,1,1,0,0,0,0,0,6.90295E+20,5.33359E+21,1.15574E+16,4.81271E+16
181896,9,1,62,0,2018,7,6,2,3,5,3,0,0,1,0,0,0,1,0,6.90141E+20,5.33493E+21,1.15559E+16,4.81392E+16
181897,9,1,62,0,2018,7,18,4,3,6,4,0,1,0,1,0,0,0,0,6.92447E+20,5.33213E+21,1.15856E+16,4.81133E+16
181898,9,1,62,0,2018,7,20,4,3,3,6,1,1,1,0,0,0,0,0,6.9224E+20,5.33717E+21,1.15851E+16,4.81587E+16
181899,9,1,62,0,2018,7,21,2,3,3,6,2,0,1,0,1,0,0,0,6.90202E+20,5.33374E+21,1.15562E+16,4.81285E+16
181900,9,1,62,0,2018,7,19,2,3,5,3,0,1,1,0,0,0,0,0,6.90622E+20,5.33645E+21,1.15631E+16,4.81527E+16
181901,9,1,62,0,2018,7,22,4,2,2,6,2,0,1,0,1,0,0,0,6.89579E+20,5.33352E+21,1.15478E+16,4.81267E+16
181902,9,1,62,0,2018,7,8,4,3,3,6,0,1,0,0,0,0,0,0,6.90852E+20,5.33423E+21,1.15652E+16,4.81327E+16
181903,9,1,62,0,2018,7,12,4,3,3,6,0,0,1,0,0,0,0,0,6.90695E+20,5.34043E+21,1.15658E+16,4.81885E+16
181904,9,7,64,0,2018,7,17,2,3,2,6,0,0,1,0,1,0,0,0,5.87004E+20,5.31725E+21,1.01664E+16,4.80026E+16
181905,9,7,80,139,2018,7,13,2,3,5,2,0,1,1,0,0,0,0,0,5.96044E+20,5.26265E+21,1.02755E+16,4.75102E+16
181906,9,1,62,0,2018,7,13,4,3,5,3,0,1,1,0,0,0,0,0,6.86211E+20,5.33366E+21,1.15026E+16,4.8129E+16
181907,9,7,62,0,2018,7,9,2,3,3,2,0,1,1,0,0,0,0,0,6.22075E+20,5.30526E+21,1.0633E+16,4.78891E+16
181908,9,1,62,0,2018,7,16,4,3,2,6,0,1,0,0,0,0,1,0,6.92005E+20,5.33231E+21,1.15798E+16,4.81151E+16
181909,9,7,62,0,2018,7,21,2,3,5,3,1,1,1,0,0,0,0,0,6.2253E+20,5.30816E+21,1.06399E+16,4.79151E+16
181910,9,1,62,0,2018,7,19,4,3,6,7,0,0,1,1,0,0,0,0,6.88313E+20,5.33965E+21,1.15335E+16,4.81822E+16
181911,9,7,62,0,2018,7,11,2,3,5,3,0,1,1,0,0,0,0,0,6.21307E+20,5.30463E+21,1.06226E+16,4.78835E+16
181912,9,7,77,129,2018,7,11,2,2,0,6,0,1,0,0,0,0,0,0,6.27662E+20,5.274E+21,1.06985E+16,4.76068E+16
181913,9,1,62,0,2018,7,13,4,3,0,1,0,1,0,0,0,0,0,0,6.89147E+20,5.33911E+21,1.15444E+16,4.81771E+16
181914,9,7,77,169,2018,7,12,2,3,0,6,0,1,0,0,0,0,0,0,6.294E+20,5.27025E+21,1.07206E+16,4.75728E+16
181915,9,1,62,0,2018,7,18,4,3,5,2,0,1,1,0,0,0,0,0,6.90813E+20,5.33329E+21,1.15642E+16,4.81243E+16
181916,9,7,79,194,2018,7,13,2,3,8,7,0,0,0,0,1,0,0,0,6.11232E+20,5.40744E+21,1.0515E+16,4.881E+16
181917,9,1,62,0,2018,7,20,4,3,5,2,0,1,0,0,1,0,0,0,6.91074E+20,5.33378E+21,1.1568E+16,4.81286E+16
181918,9,7,72,125,2018,7,7,2,3,0,1,0,1,0,0,0,0,0,0,6.36381E+20,5.34827E+21,1.0838E+16,4.8273E+16
181919,9,1,62,0,2018,7,12,4,3,6,7,0,1,0,1,0,0,0,0,6.91848E+20,5.33611E+21,1.15794E+16,4.81493E+16
181920,9,7,61,0,2018,7,15,2,3,3,2,0,1,1,0,0,0,0,0,6.44052E+20,5.3575E+21,1.09445E+16,4.83543E+16
181921,9,7,74,171,2018,7,17,4,3,0,7,0,1,0,0,0,0,0,0,6.0043E+20,5.3715E+21,1.03592E+16,4.84886E+16
181922,9,7,75,135,2018,7,7,4,3,0,3,0,1,1,0,0,0,0,0,5.75175E+20,5.36114E+21,1.00156E+16,4.83989E+16
181923,9,7,61,0,2018,7,18,2,3,0,1,0,1,0,0,0,0,0,0,6.41322E+20,5.35323E+21,1.09062E+16,4.83164E+16
181924,9,7,64,0,2018,7,21,4,3,6,7,0,0,1,1,0,0,0,0,5.88362E+20,5.31542E+21,1.01842E+16,4.7986E+16
181925,9,7,61,0,2018,7,17,2,3,5,3,0,1,1,0,0,0,0,0,6.40823E+20,5.35914E+21,1.09015E+16,4.83697E+16
181926,9,7,61,0,2018,7,7,2,3,0,3,0,1,1,0,0,0,0,0,6.39519E+20,5.35964E+21,1.08841E+16,4.83745E+16
181927,9,7,64,0,2018,7,14,4,2,0,7,0,1,0,0,0,0,0,0,5.87818E+20,5.31569E+21,1.0177E+16,4.79885E+16
181928,9,7,61,0,2018,7,18,2,3,0,7,0,1,0,0,0,0,0,0,6.41067E+20,5.35921E+21,1.09048E+16,4.83703E+16
181929,9,7,63,0,2018,7,16,4,3,4,6,0,0,1,0,0,0,0,0,6.00154E+20,5.28638E+21,1.03355E+16,4.7723E+16
181930,9,7,61,0,2018,7,9,2,3,0,1,0,1,0,0,0,0,0,0,6.39616E+20,5.35885E+21,1.08851E+16,4.83674E+16
181931,9,7,80,143,2018,7,19,4,3,0,7,0,1,0,0,0,0,0,0,5.97668E+20,5.28182E+21,1.03014E+16,4.76824E+16
181932,9,7,79,201,2018,7,7,4,3,0,7,0,1,0,0,0,0,0,0,6.40434E+20,5.39484E+21,1.09083E+16,4.86908E+16
181933,9,6,63,0,2018,7,16,2,3,0,3,0,0,1,0,1,0,0,0,5.63777E+20,5.5177E+21,9.88639E+15,4.98084E+16
181934,9,7,73,113,2018,7,12,4,2,0,1,0,0,0,0,1,0,0,0,5.97288E+20,5.37798E+21,1.03182E+16,4.85474E+16
181935,9,7,61,0,2018,7,17,4,3,5,3,0,1,1,0,0,0,0,0,6.37748E+20,5.35942E+21,1.08601E+16,4.83729E+16
181936,9,6,63,0,2018,7,8,2,3,5,7,0,1,0,0,0,0,0,0,5.64837E+20,5.51674E+21,9.90097E+15,4.97996E+16
181937,9,7,61,0,2018,7,8,4,3,2,6,0,1,1,0,0,0,0,0,6.42706E+20,5.36017E+21,1.09273E+16,4.83786E+16
181938,9,6,72,114,2018,7,21,2,3,6,4,1,0,1,1,0,0,0,0,5.76758E+20,5.56128E+21,1.00755E+16,5.01987E+16
181939,9,6,62,0,2018,7,12,2,3,5,2,0,1,1,0,0,0,0,0,5.88325E+20,5.54316E+21,1.02333E+16,5.00342E+16
181940,9,7,61,0,2018,7,16,4,2,5,1,0,1,1,0,0,0,0,0,6.41446E+20,5.35203E+21,1.09075E+16,4.83056E+16
181941,9,6,76,122,2018,7,22,2,3,1,5,2,1,1,0,0,0,0,0,5.11657E+20,5.51643E+21,9.16199E+15,4.98002E+16
181942,9,5,65,0,2018,7,14,4,3,6,7,0,1,0,1,0,0,0,0,6.47646E+20,5.466E+21,1.10321E+16,4.93289E+16
181943,9,6,71,112,2018,7,7,2,3,1,5,0,0,1,0,1,0,0,0,5.17954E+20,5.53508E+21,9.25035E+15,4.99678E+16
181944,9,5,76,137,2018,7,14,4,2,5,3,0,1,1,0,0,0,0,0,6.49006E+20,5.46405E+21,1.10501E+16,4.9311E+16
181945,9,5,64,0,2018,7,22,4,3,0,4,2,0,0,1,1,0,0,0,6.50853E+20,5.47918E+21,1.10812E+16,4.94466E+16
181946,9,5,62,0,2018,7,13,2,3,5,3,0,1,1,0,0,0,0,0,6.44625E+20,5.49584E+21,1.10014E+16,4.95978E+16
181947,9,5,64,0,2018,7,13,4,3,4,6,0,1,1,0,0,0,0,0,6.47022E+20,5.47835E+21,1.10281E+16,4.944E+16
181948,9,5,64,0,2018,7,18,2,3,2,6,0,0,1,0,1,0,0,0,6.47973E+20,5.47778E+21,1.1041E+16,4.94347E+16
181949,9,5,64,0,2018,7,7,2,3,3,6,0,0,1,0,1,0,0,0,6.54588E+20,5.47649E+21,1.11316E+16,4.94214E+16
181950,9,5,71,189,2018,7,19,4,2,0,1,0,1,0,0,0,0,0,0,6.21195E+20,5.44862E+21,1.06629E+16,4.91784E+16
181951,9,5,71,174,2018,7,17,4,3,2,6,0,1,0,0,0,0,0,0,6.07385E+20,5.46298E+21,1.04774E+16,4.93101E+16
181952,9,5,64,0,2018,7,17,2,3,5,3,0,0,1,0,1,0,0,0,6.49248E+20,5.4795E+21,1.10592E+16,4.94498E+16
181953,9,5,64,0,2018,7,19,2,3,5,2,0,0,1,0,0,0,0,0,6.46961E+20,5.48162E+21,1.10284E+16,4.94695E+16
181954,9,5,71,196,2018,7,15,4,2,5,3,0,0,1,0,0,0,0,0,6.19299E+20,5.45949E+21,1.06402E+16,4.92766E+16
181955,9,5,64,0,2018,7,15,2,3,2,6,0,1,1,0,0,0,0,0,6.50621E+20,5.48019E+21,1.10784E+16,4.94557E+16
181956,9,4,79,152,2018,7,12,4,3,4,6,0,0,1,0,0,0,0,1,7.23868E+20,5.56227E+21,1.21351E+16,5.01703E+16
181957,9,5,64,0,2018,7,18,2,3,4,7,0,0,1,0,1,0,0,0,6.47645E+20,5.4813E+21,1.10378E+16,4.94664E+16
181958,9,4,76,164,2018,7,18,4,3,4,3,0,0,1,0,0,0,1,0,6.64915E+20,5.58189E+21,1.13189E+16,5.03659E+16
181959,9,4,73,141,2018,7,7,4,3,5,3,0,0,1,0,1,0,0,1,6.41069E+20,5.5751E+21,1.09813E+16,5.03111E+16
181960,9,5,64,0,2018,7,14,2,2,5,3,0,1,1,0,0,1,0,0,6.48945E+20,5.47891E+21,1.10548E+16,4.94446E+16
181961,9,5,77,136,2018,7,10,2,3,0,7,0,1,0,0,0,0,1,0,6.27922E+20,5.44245E+21,1.07532E+16,4.91215E+16
181962,9,4,71,175,2018,7,17,4,3,8,1,0,0,0,0,1,0,0,0,6.3189E+20,5.54329E+21,1.08414E+16,5.00273E+16
181963,9,5,71,136,2018,7,16,2,3,1,7,0,0,1,0,0,0,0,0,5.96443E+20,5.43597E+21,1.03204E+16,4.9069E+16
181964,9,1,71,112,2018,7,12,7,3,0,1,0,1,0,0,0,0,0,0,7.851E+20,5.34246E+21,1.2835E+16,4.81713E+16
181965,9,1,72,116,2018,7,11,7,2,0,1,0,1,0,0,0,0,0,0,8.01905E+20,5.28412E+21,1.30196E+16,4.764E+16
181966,9,1,72,112,2018,7,22,7,2,0,7,2,1,0,0,0,0,0,0,7.90375E+20,5.29947E+21,1.28767E+16,4.77831E+16
181967,9,1,71,113,2018,7,22,7,3,8,4,2,0,1,1,0,0,0,0,7.77254E+20,5.34196E+21,1.27293E+16,4.81703E+16
181968,9,1,71,111,2018,7,19,7,3,5,3,0,0,1,0,0,0,0,0,7.73976E+20,5.34645E+21,1.26882E+16,4.82121E+16
181969,9,1,71,132,2018,7,18,7,3,8,1,0,0,0,0,1,0,0,0,7.66183E+20,5.35205E+21,1.25871E+16,4.82657E+16
181970,9,1,63,0,2018,7,22,7,3,0,1,2,1,0,0,0,0,0,0,7.31991E+20,5.30403E+21,1.2101E+16,4.78477E+16
181971,9,1,87,157,2018,7,21,7,2,0,1,1,1,0,0,0,0,0,0,7.37975E+20,5.28219E+21,1.21689E+16,4.76493E+16
181972,9,1,82,136,2018,7,11,7,2,4,6,0,1,1,0,0,0,0,0,7.05391E+20,5.29667E+21,1.17424E+16,4.77906E+16
181973,9,1,87,165,2018,7,14,7,2,0,1,0,1,0,0,0,0,0,0,7.34301E+20,5.29523E+21,1.21271E+16,4.77678E+16
181974,9,1,87,117,2018,7,20,7,2,6,4,0,0,1,1,0,0,0,0,7.24831E+20,5.30565E+21,1.20063E+16,4.78648E+16
181975,9,1,86,162,2018,7,18,7,3,9,1,0,0,1,0,0,0,0,0,6.90996E+20,5.38392E+21,1.15897E+16,4.85792E+16
181976,9,1,61,0,2018,7,0,7,3,8,7,2,1,0,0,0,0,0,0,6.78596E+20,5.399E+21,1.14282E+16,4.87185E+16
181977,9,1,61,0,2018,7,5,7,3,8,1,0,0,1,0,0,0,0,0,6.79159E+20,5.40495E+21,1.14384E+16,4.87717E+16
181978,9,1,79,134,2018,7,14,7,2,6,7,0,0,1,1,0,0,0,0,6.67736E+20,5.34228E+21,1.12579E+16,4.82115E+16
181979,9,1,88,132,2018,7,9,7,3,0,7,0,1,0,0,0,0,0,0,6.62587E+20,5.32395E+21,1.11817E+16,4.80481E+16
181980,9,1,74,126,2018,7,13,7,3,0,6,0,1,0,0,0,0,1,0,6.83733E+20,5.34479E+21,1.14741E+16,4.82297E+16
181981,9,1,75,122,2018,7,0,7,2,0,1,2,0,0,0,1,0,0,0,7.20726E+20,5.32603E+21,1.19619E+16,4.80493E+16
181982,9,1,84,135,2018,7,12,6,3,5,3,0,1,0,0,0,0,0,0,6.89131E+20,5.34756E+21,1.1548E+16,4.8253E+16
181983,9,1,62,0,2018,7,14,6,3,3,7,0,0,1,0,0,0,1,0,6.93618E+20,5.33466E+21,1.16025E+16,4.81357E+16
181984,9,1,62,0,2018,7,17,6,3,3,5,0,1,1,0,0,0,0,0,6.90829E+20,5.33328E+21,1.15644E+16,4.81242E+16
181985,9,1,62,0,2018,7,11,6,3,0,7,0,1,0,0,0,0,0,0,6.9185E+20,5.33433E+21,1.15786E+16,4.81333E+16
181986,9,1,62,0,2018,7,7,6,3,5,2,0,0,0,0,1,0,1,0,6.92319E+20,5.33151E+21,1.15836E+16,4.81078E+16
181987,9,1,62,0,2018,7,18,6,1,0,7,0,1,0,0,0,0,1,0,6.86294E+20,5.33724E+21,1.15053E+16,4.81611E+16
181988,9,1,62,0,2018,7,11,6,2,6,4,0,0,1,1,0,0,0,0,6.90322E+20,5.33591E+21,1.15588E+16,4.81479E+16
181989,9,1,62,0,2018,7,21,1,3,5,2,2,0,1,0,0,0,1,0,6.8998E+20,5.33528E+21,1.15539E+16,4.81424E+16
181990,9,1,84,119,2018,7,17,6,3,0,6,0,1,0,0,0,0,1,0,6.95669E+20,5.34738E+21,1.16359E+16,4.82494E+16
181991,9,1,62,0,2018,7,7,6,3,5,3,0,1,1,0,0,0,0,0,6.8865E+20,5.33825E+21,1.15374E+16,4.81695E+16
181992,9,1,62,0,2018,7,11,1,3,0,1,0,0,1,0,0,0,0,0,6.85923E+20,5.33227E+21,1.14981E+16,4.81166E+16
181993,9,1,84,113,2018,7,16,6,3,1,5,0,1,1,0,0,0,0,0,6.86108E+20,5.32263E+21,1.14964E+16,4.80298E+16
181994,9,1,62,0,2018,7,1,1,3,2,6,2,1,0,0,0,0,0,0,6.87092E+20,5.33496E+21,1.1515E+16,4.81404E+16
181995,9,1,62,0,2018,7,15,6,3,0,2,0,1,0,0,0,0,0,0,6.86109E+20,5.33051E+21,1.14999E+16,4.81007E+16
181996,9,1,62,0,2018,7,8,6,2,3,3,0,1,1,0,0,0,0,0,6.89259E+20,5.33097E+21,1.15423E+16,4.81039E+16
181997,9,1,62,0,2018,7,19,1,2,0,1,0,1,0,0,0,0,0,0,6.85996E+20,5.33821E+21,1.15017E+16,4.81699E+16
181998,9,1,62,0,2018,7,7,6,3,3,6,0,0,1,0,1,0,0,0,6.984E+20,5.33477E+21,1.16668E+16,4.81352E+16
181999,9,1,62,0,2018,7,14,1,3,6,7,0,0,1,1,0,0,0,0,6.89046E+20,5.33247E+21,1.15401E+16,4.81174E+16
182000,9,1,62,0,2018,7,8,6,3,5,3,0,1,1,0,0,0,0,0,6.92167E+20,5.33039E+21,1.15811E+16,4.80978E+16
182001,9,1,62,0,2018,7,17,6,3,5,3,0,1,1,0,0,0,0,0,6.97859E+20,5.33605E+21,1.16601E+16,4.81469E+16
182002,9,1,84,149,2018,7,9,1,3,5,3,0,1,1,0,0,0,0,0,6.91285E+20,5.35033E+21,1.15782E+16,4.82772E+16
182003,9,1,62,0,2018,7,9,1,3,5,3,0,1,1,0,0,0,0,0,6.87719E+20,5.32992E+21,1.15212E+16,4.80949E+16
182004,9,1,62,0,2018,7,10,6,3,1,5,0,1,1,0,0,0,0,0,6.84717E+20,5.33214E+21,1.14819E+16,4.81157E+16
182005,9,1,62,0,2018,7,12,1,2,5,3,0,1,1,0,0,0,0,0,6.92867E+20,5.33584E+21,1.1593E+16,4.81466E+16
182006,9,1,62,0,2018,7,13,6,3,5,3,0,0,1,0,1,0,0,0,6.91468E+20,5.33395E+21,1.15733E+16,4.813E+16
182007,9,1,62,0,2018,7,19,1,3,6,2,0,0,1,1,0,0,0,0,6.89669E+20,5.33231E+21,1.15484E+16,4.81158E+16
182008,9,1,62,0,2018,7,20,6,3,6,1,0,0,0,1,1,0,0,0,6.90613E+20,5.33475E+21,1.15622E+16,4.81374E+16
182009,9,1,62,0,2018,7,7,6,3,5,2,0,1,1,0,0,0,0,0,6.88541E+20,5.33441E+21,1.15342E+16,4.8135E+16
182010,9,1,62,0,2018,7,16,1,3,5,3,0,1,1,0,0,0,0,1,6.88016E+20,5.3402E+21,1.15297E+16,4.81872E+16
182011,9,1,62,0,2018,7,14,6,3,1,5,0,1,1,0,0,0,0,0,6.91544E+20,5.33732E+21,1.15759E+16,4.81603E+16
182012,9,1,62,0,2018,7,16,1,3,0,1,0,1,0,0,0,0,1,0,6.90931E+20,5.33144E+21,1.1565E+16,4.81076E+16
182013,9,1,62,0,2018,7,7,6,3,5,3,0,1,1,0,0,0,0,0,6.92674E+20,5.33481E+21,1.15899E+16,4.81373E+16
182014,9,7,78,186,2018,7,13,6,3,0,1,0,1,0,0,0,0,0,0,5.97483E+20,5.31048E+21,1.03053E+16,4.79402E+16
182015,9,1,62,0,2018,7,12,1,3,4,6,0,1,0,0,0,0,0,0,6.93019E+20,5.33185E+21,1.15932E+16,4.81106E+16
182016,9,7,64,0,2018,7,18,6,3,4,6,0,0,1,0,0,0,0,0,5.89418E+20,5.31638E+21,1.01986E+16,4.79945E+16
182017,9,7,75,135,2018,7,13,1,3,0,6,0,1,1,0,0,0,0,1,5.76315E+20,5.35452E+21,1.00298E+16,4.83393E+16
182018,9,7,75,135,2018,7,7,1,3,0,7,0,1,0,0,0,0,0,0,5.75494E+20,5.3625E+21,1.00202E+16,4.84111E+16
182019,9,7,80,143,2018,7,14,1,2,0,1,0,1,0,0,0,0,0,0,5.98316E+20,5.27917E+21,1.03094E+16,4.76585E+16
182020,9,7,80,139,2018,7,15,1,3,5,3,0,1,1,0,0,0,0,0,5.9692E+20,5.26351E+21,1.02873E+16,4.75178E+16
182021,9,7,76,117,2018,7,17,1,3,0,6,0,1,0,0,0,0,0,0,5.67428E+20,5.27269E+21,9.89707E+15,4.76041E+16
182022,9,7,79,169,2018,7,3,1,3,8,1,1,0,1,0,0,0,0,0,6.3491E+20,5.40284E+21,1.08359E+16,4.8764E+16
182023,9,7,73,182,2018,7,21,1,3,9,7,1,1,0,0,0,0,0,0,6.24076E+20,5.37965E+21,1.06815E+16,4.85577E+16
182024,9,7,73,136,2018,7,14,1,3,0,7,0,1,0,0,0,0,0,0,6.01072E+20,5.37564E+21,1.03689E+16,4.85257E+16
182025,9,7,72,184,2018,7,5,1,3,8,1,1,0,1,0,0,0,0,0,6.34839E+20,5.36014E+21,1.08211E+16,4.838E+16
182026,9,7,72,163,2018,7,17,1,3,5,7,0,1,1,0,0,0,0,0,6.3994E+20,5.34739E+21,1.08857E+16,4.82642E+16
182027,9,7,64,0,2018,7,17,6,3,0,7,0,1,0,0,0,0,0,0,5.8921E+20,5.31633E+21,1.01958E+16,4.7994E+16
182028,9,7,63,0,2018,7,19,6,3,2,6,0,0,1,0,0,0,0,0,5.98573E+20,5.28579E+21,1.03143E+16,4.77179E+16
182029,9,7,72,202,2018,7,1,1,3,0,1,2,1,0,0,0,0,0,0,6.36289E+20,5.35779E+21,1.08399E+16,4.83586E+16
182030,9,7,63,0,2018,7,15,6,3,0,7,0,0,0,0,0,0,1,0,5.9561E+20,5.2902E+21,1.02758E+16,4.77581E+16
182031,9,7,61,0,2018,7,12,1,3,2,1,0,0,1,0,1,0,0,0,6.40991E+20,5.35875E+21,1.09036E+16,4.83662E+16
182032,9,7,61,0,2018,7,10,1,3,0,2,0,1,1,0,0,0,0,0,6.4093E+20,5.35923E+21,1.0903E+16,4.83704E+16
182033,9,7,77,173,2018,7,16,6,2,0,6,0,1,0,0,0,0,0,0,6.3413E+20,5.2792E+21,1.07861E+16,4.76523E+16
182034,9,7,61,0,2018,7,3,1,3,5,3,2,0,1,0,0,0,0,0,6.39831E+20,5.36001E+21,1.08884E+16,4.83778E+16
182035,9,7,72,211,2018,7,0,6,3,0,7,2,1,0,0,0,0,0,0,6.22451E+20,5.35368E+21,1.06519E+16,4.83245E+16
182036,9,7,71,113,2018,7,12,1,2,5,3,0,1,1,0,0,0,0,0,6.58105E+20,5.37281E+21,1.11398E+16,4.84885E+16
182037,9,7,71,122,2018,7,8,6,3,5,3,0,0,1,0,0,0,0,0,6.54301E+20,5.36251E+21,1.10846E+16,4.83969E+16
182038,9,6,79,147,2018,7,9,1,3,0,7,0,0,0,0,0,0,1,0,5.62831E+20,5.51421E+21,9.87269E+15,4.97771E+16
182039,9,7,61,0,2018,7,19,6,2,0,1,0,1,0,0,0,0,0,0,6.38834E+20,5.35844E+21,1.08744E+16,4.83639E+16
182040,9,6,77,131,2018,7,10,1,3,1,5,0,0,1,0,0,0,0,0,5.50423E+20,5.54588E+21,9.7045E+15,5.00631E+16
182041,9,7,61,0,2018,7,15,6,3,5,3,0,1,1,0,0,0,0,0,6.39288E+20,5.36148E+21,1.08816E+16,4.83911E+16
182042,9,6,72,139,2018,7,0,1,3,8,1,2,0,1,0,0,0,0,0,5.69163E+20,5.56197E+21,9.96922E+15,5.02059E+16
182043,9,7,61,0,2018,7,7,6,3,5,3,0,1,1,0,0,0,0,0,6.41347E+20,5.36305E+21,1.09099E+16,4.84048E+16
182044,9,7,61,0,2018,7,18,6,3,2,7,0,0,1,0,1,0,0,0,6.41944E+20,5.36095E+21,1.09172E+16,4.83857E+16
182045,9,7,61,0,2018,7,13,6,3,3,2,0,1,1,0,0,0,0,0,6.39602E+20,5.35947E+21,1.08851E+16,4.8373E+16
182046,9,6,72,122,2018,7,11,1,2,5,3,0,0,1,0,1,0,0,0,5.73005E+20,5.55534E+21,1.00218E+16,5.01458E+16
182047,9,6,72,112,2018,7,18,1,2,8,1,0,1,0,0,0,0,0,0,5.79665E+20,5.57148E+21,1.01184E+16,5.02901E+16
182048,9,7,71,114,2018,7,9,6,2,0,1,0,1,0,0,0,0,0,0,6.44593E+20,5.37492E+21,1.09578E+16,4.85107E+16
182049,9,6,71,155,2018,7,12,1,2,4,6,0,1,1,0,0,0,0,0,5.03341E+20,5.53577E+21,9.04659E+15,4.99743E+16
182050,9,6,63,0,2018,7,15,6,3,2,6,0,0,1,0,1,0,0,0,5.67327E+20,5.51579E+21,9.9354E+15,4.97908E+16
182051,9,5,72,132,2018,7,13,1,3,2,6,0,1,0,0,0,0,0,0,6.35886E+20,5.49236E+21,1.08794E+16,4.95686E+16
182052,9,6,63,0,2018,7,12,6,3,0,1,0,1,0,0,0,0,0,0,5.67222E+20,5.51668E+21,9.93408E+15,4.97988E+16
182053,9,5,62,0,2018,7,15,1,3,1,5,0,1,1,0,0,0,0,0,6.42032E+20,5.49502E+21,1.09653E+16,4.95911E+16
182054,9,5,74,132,2018,7,23,1,3,8,1,2,0,0,0,1,0,0,0,6.758E+20,5.4857E+21,1.1428E+16,4.94984E+16
182055,9,6,63,0,2018,7,15,6,3,5,3,0,1,1,0,0,0,0,0,5.68593E+20,5.51677E+21,9.95315E+15,4.97994E+16
182056,9,5,64,0,2018,7,18,1,3,0,1,0,1,0,0,0,0,0,0,6.57675E+20,5.48179E+21,1.11763E+16,4.94682E+16
182057,9,6,77,157,2018,7,17,6,3,5,3,0,1,1,0,0,0,0,0,5.43719E+20,5.52103E+21,9.60802E+15,4.98401E+16
182058,9,5,64,0,2018,7,20,1,3,2,6,0,1,0,0,0,0,0,0,6.51356E+20,5.48351E+21,1.10898E+16,4.94853E+16
182059,9,6,61,0,2018,7,18,6,3,0,7,0,0,0,0,1,0,0,0,5.10939E+20,5.53674E+21,9.15258E+15,4.99829E+16
182060,9,5,73,134,2018,7,19,1,3,8,1,0,0,1,0,0,0,0,0,6.40959E+20,5.47938E+21,1.09448E+16,4.94507E+16
182061,9,5,62,0,2018,7,16,6,3,0,7,0,1,0,0,0,0,0,0,6.45333E+20,5.4941E+21,1.10106E+16,4.9582E+16
182062,9,5,74,132,2018,7,13,6,3,4,2,0,1,1,0,0,0,0,0,6.7513E+20,5.48659E+21,1.14191E+16,4.95066E+16
182063,9,5,75,128,2018,7,11,1,2,2,6,0,1,0,0,0,0,0,0,6.17401E+20,5.49946E+21,1.06259E+16,4.96363E+16
182064,9,5,74,111,2018,7,18,6,2,0,1,0,1,0,0,0,0,0,0,6.83583E+20,5.47973E+21,1.15326E+16,4.94425E+16
182065,9,4,73,151,2018,7,15,1,2,4,3,0,1,1,0,0,0,0,0,6.50458E+20,5.57772E+21,1.11141E+16,5.03324E+16