OBJECTID_1,ULAND,UREGBEZ,UKREIS,UGEMEINDE,UJAHR,UMONAT,USTUNDE,UWOCHENTAG,UKATEGORIE,UART,UTYP1,ULICHTVERH,IstRad,IstPKW,IstFuss,IstKrad,IstGkfz,IstSonstig,STRZUSTAND,LINREFX,LINREFY,XGCSWGS84,YGCSWGS84
182066,9,4,78,139,2018,7,11,1,3,0,7,0,1,0,0,0,0,0,0,6.4713E+20,5.5557E+21,1.10588E+16,5.01353E+16
182067,9,5,64,0,2018,7,15,6,3,5,3,0,1,1,0,0,0,0,0,6.46272E+20,5.47983E+21,1.10183E+16,4.94535E+16
182068,9,4,62,0,2018,7,20,1,3,5,3,1,1,1,0,0,0,0,1,6.84912E+20,5.53598E+21,1.15775E+16,4.99475E+16
182069,9,5,64,0,2018,7,19,6,2,5,3,0,0,1,0,1,0,0,0,6.50615E+20,5.47844E+21,1.10776E+16,4.94399E+16
182070,9,4,61,0,2018,7,16,1,3,5,3,0,1,1,0,0,0,0,0,6.37717E+20,5.52903E+21,1.09176E+16,4.98977E+16
182071,9,5,64,0,2018,7,15,6,3,5,3,0,0,1,0,0,0,0,0,6.54053E+20,5.48114E+21,1.11261E+16,4.94634E+16
182072,9,5,64,0,2018,7,13,6,3,2,2,0,1,1,0,0,0,0,0,6.46318E+20,5.4818E+21,1.10196E+16,4.94712E+16
182073,9,3,63,0,2018,7,2,1,2,5,3,2,0,1,0,0,0,0,0,7.26817E+20,5.5091E+21,1.21451E+16,4.96917E+16
182074,9,5,64,0,2018,7,23,6,3,0,1,2,0,0,0,1,0,0,0,6.49771E+20,5.48086E+21,1.10669E+16,4.94619E+16
182075,9,3,74,162,2018,7,12,1,3,0,7,0,1,0,1,0,0,0,0,7.41716E+20,5.50362E+21,1.23479E+16,4.96367E+16
182076,9,5,64,0,2018,7,16,6,2,5,3,0,1,1,0,0,0,0,0,6.52005E+20,5.48076E+21,1.10977E+16,4.94604E+16
182077,9,5,75,153,2018,7,7,6,3,5,3,0,0,1,0,0,0,0,0,6.15772E+20,5.49288E+21,1.06015E+16,4.95774E+16
182078,9,3,74,168,2018,7,14,1,2,4,6,0,0,0,0,1,0,1,1,7.28061E+20,5.5274E+21,1.2173E+16,4.98556E+16
182079,9,5,71,141,2018,7,19,6,2,8,1,0,1,0,0,0,0,0,0,6.13452E+20,5.4387E+21,1.0554E+16,4.90907E+16
182080,9,3,62,0,2018,7,18,1,3,5,3,0,0,1,0,0,0,0,0,7.28693E+20,5.43231E+21,1.2127E+16,4.90013E+16
182081,9,3,62,0,2018,7,20,1,3,5,3,1,0,1,0,0,0,0,0,7.28296E+20,5.43611E+21,1.21237E+16,4.90355E+16
182082,9,5,61,0,2018,7,16,6,3,7,5,0,1,0,0,0,0,0,0,6.1596E+20,5.4622E+21,1.05951E+16,4.93015E+16
182083,9,3,72,138,2018,7,11,1,2,0,1,0,1,0,0,0,0,0,0,7.93622E+20,5.4568E+21,1.30305E+16,4.91936E+16
182084,9,4,76,145,2018,7,7,6,3,8,7,0,0,0,0,1,0,1,1,6.66718E+20,5.56728E+21,1.13378E+16,5.02341E+16
182085,9,3,72,164,2018,7,12,1,3,0,7,0,1,0,0,0,0,0,0,7.65783E+20,5.45069E+21,1.26452E+16,4.91514E+16
182086,9,4,77,128,2018,7,13,6,3,5,3,0,0,1,0,1,0,0,0,6.72909E+20,5.55311E+21,1.14181E+16,5.01051E+16
182087,9,4,62,0,2018,7,11,6,3,0,1,0,1,0,0,0,0,0,0,6.8395E+20,5.5344E+21,1.15633E+16,4.99336E+16
182088,9,3,76,172,2018,7,1,1,2,8,7,2,1,0,0,0,0,0,0,7.50484E+20,5.47534E+21,1.24512E+16,4.93792E+16
182089,9,3,63,0,2018,7,10,6,3,5,3,0,1,1,0,0,0,0,0,7.28295E+20,5.50822E+21,1.2165E+16,4.96832E+16
182090,9,3,74,117,2018,7,16,6,3,1,5,0,1,1,0,0,0,0,1,7.03369E+20,5.51527E+21,1.18236E+16,4.97555E+16
182091,9,2,74,135,2018,7,14,1,3,0,1,0,0,1,0,0,0,0,1,7.49309E+20,5.37702E+21,1.23749E+16,4.84968E+16
182092,9,3,75,190,2018,7,14,6,3,5,1,0,0,1,0,0,0,0,0,7.28305E+20,5.44481E+21,1.21287E+16,4.91137E+16
182093,9,2,73,111,2018,7,20,1,3,5,3,0,0,1,0,0,0,0,0,7.09704E+20,5.41129E+21,1.18569E+16,4.88191E+16
182094,9,2,73,137,2018,7,11,1,3,5,3,0,1,1,0,0,0,0,0,7.10034E+20,5.42247E+21,1.18671E+16,4.89195E+16
182095,9,3,62,0,2018,7,18,6,3,5,3,0,0,1,0,0,0,0,0,7.2456E+20,5.43435E+21,1.20717E+16,4.90212E+16
182096,9,2,79,134,2018,7,15,1,3,0,3,0,1,1,0,0,0,0,0,7.67877E+20,5.38677E+21,1.2632E+16,4.85767E+16
182097,9,3,62,0,2018,7,7,6,3,3,7,0,1,0,0,0,0,0,0,7.24669E+20,5.43435E+21,1.20732E+16,4.90211E+16
182098,9,1,90,115,2018,7,11,1,2,0,1,0,1,0,0,0,0,0,0,6.71336E+20,5.30304E+21,1.12906E+16,4.78578E+16
182099,9,3,62,0,2018,7,10,6,3,3,6,0,1,1,0,0,0,0,0,7.26787E+20,5.43391E+21,1.21018E+16,4.90163E+16
182100,9,3,62,0,2018,7,10,6,3,5,3,0,1,1,0,0,0,0,0,7.28332E+20,5.43539E+21,1.21238E+16,4.90291E+16
182101,9,3,73,112,2018,7,11,6,3,0,7,0,0,0,0,0,0,1,0,6.78378E+20,5.44217E+21,1.14441E+16,4.91065E+16
182102,9,1,89,157,2018,7,17,1,3,8,6,0,1,1,0,0,0,0,0,7.64168E+20,5.32464E+21,1.2543E+16,4.80204E+16
182103,9,1,89,113,2018,7,12,1,3,0,7,0,1,0,0,0,0,0,1,7.67285E+20,5.29913E+21,1.25689E+16,4.779E+16
182104,9,3,73,147,2018,7,23,6,2,8,1,2,1,0,0,0,0,0,0,6.78718E+20,5.46171E+21,1.14574E+16,4.9282E+16
182105,9,1,71,131,2018,7,11,1,3,9,7,0,1,0,1,0,0,0,0,7.68702E+20,5.34896E+21,1.2619E+16,4.82369E+16
182106,9,1,87,121,2018,7,10,1,3,0,7,0,1,0,0,0,0,0,0,7.52857E+20,5.30936E+21,1.23826E+16,4.78877E+16
182107,9,3,72,137,2018,7,5,6,2,6,4,0,0,1,1,0,0,0,0,7.81589E+20,5.45415E+21,1.28639E+16,4.91755E+16
182108,9,1,61,0,2018,7,1,1,3,1,1,2,0,1,0,1,0,0,0,6.7834E+20,5.40255E+21,1.14262E+16,4.87504E+16
182109,9,3,76,151,2018,7,14,6,3,2,6,0,0,1,0,0,0,0,0,7.48765E+20,5.48386E+21,1.24329E+16,4.94564E+16
182110,9,1,88,124,2018,7,20,1,3,5,2,0,0,1,0,1,0,0,0,6.61879E+20,5.31806E+21,1.117E+16,4.79953E+16
182111,9,3,71,113,2018,7,18,6,2,6,2,0,1,0,1,0,0,0,0,6.89477E+20,5.50816E+21,1.16275E+16,4.96961E+16
182112,9,2,71,141,2018,7,17,6,3,0,1,0,1,0,0,0,0,0,0,7.95906E+20,5.40205E+21,1.3022E+16,4.87012E+16
182113,9,1,81,115,2018,7,22,1,3,0,5,2,0,1,0,0,0,0,0,6.57501E+20,5.32794E+21,1.11149E+16,4.80852E+16
182114,9,1,78,145,2018,7,21,1,3,4,2,2,0,1,0,1,0,0,0,6.97201E+20,5.35436E+21,1.16598E+16,4.83117E+16
182115,9,2,77,116,2018,7,5,6,3,5,3,0,1,1,0,0,0,0,0,7.78299E+20,5.36811E+21,1.27606E+16,4.84047E+16
182116,9,1,62,0,2018,7,0,7,3,5,3,2,0,1,0,0,0,0,0,6.90935E+20,5.33763E+21,1.15678E+16,4.81632E+16
182117,9,2,61,0,2018,7,7,6,3,6,6,0,0,0,1,0,0,1,0,7.33967E+20,5.38094E+21,1.21698E+16,4.85379E+16
182118,9,1,62,0,2018,7,19,7,3,5,2,0,0,1,0,0,0,0,0,6.93935E+20,5.33121E+21,1.16052E+16,4.81046E+16
182119,9,2,61,0,2018,7,7,6,3,6,4,0,0,1,1,0,0,0,0,7.31693E+20,5.3819E+21,1.21395E+16,4.85474E+16
182120,9,1,73,126,2018,7,9,6,3,4,2,0,0,1,0,0,0,0,0,6.84374E+20,5.30618E+21,1.14661E+16,4.78825E+16
182121,9,1,62,0,2018,7,13,7,3,5,2,0,1,1,0,0,0,0,0,6.86257E+20,5.33178E+21,1.15024E+16,4.8112E+16
182122,9,1,73,126,2018,7,9,6,3,5,3,0,0,1,0,0,0,0,0,6.84509E+20,5.30604E+21,1.14679E+16,4.78812E+16
182123,9,1,84,147,2018,7,19,7,3,2,6,0,0,1,0,0,0,0,0,6.95717E+20,5.34002E+21,1.16332E+16,4.81832E+16
182124,9,1,83,148,2018,7,21,6,3,1,6,2,1,1,0,0,0,0,0,7.52403E+20,5.34398E+21,1.23969E+16,4.81988E+16
182125,9,1,84,148,2018,7,17,7,3,5,3,0,1,1,0,0,0,0,1,6.9502E+20,5.32707E+21,1.16179E+16,4.8067E+16
182126,9,1,71,112,2018,7,9,6,3,5,3,0,1,1,0,0,0,0,0,7.8348E+20,5.34153E+21,1.28126E+16,4.81637E+16
182127,9,1,62,0,2018,7,21,7,3,2,6,2,0,1,0,0,0,0,0,6.84398E+20,5.33541E+21,1.1479E+16,4.81452E+16
182128,9,1,84,135,2018,7,12,7,2,5,3,0,1,1,0,0,0,0,0,6.86887E+20,5.34823E+21,1.15181E+16,4.82597E+16
182129,9,1,71,111,2018,7,11,6,3,2,6,0,0,1,0,0,0,0,0,7.72552E+20,5.34793E+21,1.26701E+16,4.82259E+16
182130,9,1,62,0,2018,7,14,7,3,6,7,0,0,1,1,0,0,0,0,6.88018E+20,5.33233E+21,1.15263E+16,4.81165E+16
182131,9,1,63,0,2018,7,18,6,3,4,2,0,0,1,0,0,0,0,0,7.33515E+20,5.30592E+21,1.21224E+16,4.78641E+16
182132,9,1,62,0,2018,7,13,7,3,4,2,0,1,0,0,0,0,1,1,6.92671E+20,5.33481E+21,1.15899E+16,4.81373E+16
182133,9,1,82,111,2018,7,17,6,3,2,1,0,1,0,0,0,0,0,0,7.03018E+20,5.2891E+21,1.17072E+16,4.77233E+16
182134,9,1,87,122,2018,7,17,6,3,5,3,0,0,1,0,1,0,0,0,7.19392E+20,5.30689E+21,1.19343E+16,4.78778E+16
182135,9,1,62,0,2018,7,16,7,3,3,2,0,0,0,0,1,0,1,0,7.00178E+20,5.33463E+21,1.16906E+16,4.81335E+16
182136,9,1,86,137,2018,7,6,6,2,5,3,0,0,1,0,0,0,1,0,6.82381E+20,5.39856E+21,1.14794E+16,4.87134E+16
182137,9,1,62,0,2018,7,16,7,3,1,5,0,1,1,0,0,0,0,0,6.93948E+20,5.33467E+21,1.16069E+16,4.81357E+16
182138,9,1,62,0,2018,7,11,7,3,0,5,0,1,1,0,0,0,0,0,6.90828E+20,5.33423E+21,1.15648E+16,4.81327E+16
182139,9,1,85,153,2018,7,18,6,3,5,3,0,0,1,0,1,0,0,0,6.49127E+20,5.40861E+21,1.10313E+16,4.88125E+16
182140,9,7,80,119,2018,7,14,7,2,6,7,0,0,1,1,0,0,0,0,5.96861E+20,5.29525E+21,1.02936E+16,4.78033E+16
182141,9,1,88,113,2018,7,17,6,3,0,1,0,1,0,0,0,0,0,0,6.76538E+20,5.31421E+21,1.13647E+16,4.79568E+16
182142,9,7,76,116,2018,7,12,7,3,0,1,0,1,0,0,0,0,0,0,5.51102E+20,5.26731E+21,9.67927E+15,4.75572E+16
182143,9,1,79,142,2018,7,19,6,2,3,6,0,1,0,0,0,0,1,0,6.76907E+20,5.34346E+21,1.13818E+16,4.82197E+16
182144,9,7,76,116,2018,7,16,7,3,0,1,0,1,0,0,0,0,0,0,5.50985E+20,5.26744E+21,9.67772E+15,4.75584E+16
182145,9,1,81,130,2018,7,13,6,3,5,3,0,1,1,0,0,0,0,0,6.38651E+20,5.32399E+21,1.08607E+16,4.80542E+16
182146,9,7,79,131,2018,7,12,7,3,0,3,0,0,1,0,0,0,0,0,6.3073E+20,5.39931E+21,1.07779E+16,4.87331E+16
182147,9,1,88,121,2018,7,22,6,3,8,1,2,0,0,0,1,0,0,0,6.69134E+20,5.33174E+21,1.12725E+16,4.81165E+16
182148,9,1,88,120,2018,7,13,6,3,0,7,0,0,0,0,0,0,1,0,6.77014E+20,5.32788E+21,1.13767E+16,4.80796E+16
182149,9,7,72,184,2018,7,21,7,2,0,1,1,1,0,0,0,0,0,0,6.34252E+20,5.36189E+21,1.08137E+16,4.83958E+16
182150,9,1,74,113,2018,7,13,6,3,5,3,0,1,1,0,0,0,0,0,6.80211E+20,5.34351E+21,1.14262E+16,4.82192E+16
182151,9,7,71,142,2018,7,10,7,3,2,6,0,0,1,0,0,0,0,0,6.47487E+20,5.35142E+21,1.09887E+16,4.82987E+16
182152,9,7,71,146,2018,7,19,7,3,4,2,0,1,1,0,0,0,0,0,6.46668E+20,5.34857E+21,1.09767E+16,4.82733E+16
182153,9,1,74,115,2018,7,16,6,3,0,1,0,1,0,0,0,0,0,0,6.82976E+20,5.34841E+21,1.14655E+16,4.82625E+16
182154,9,7,72,202,2018,7,12,7,3,4,2,0,0,1,0,0,0,0,0,6.37208E+20,5.35802E+21,1.08523E+16,4.83604E+16
182155,9,1,78,143,2018,7,7,6,3,3,6,0,1,0,0,0,0,1,0,7.17762E+20,5.373E+21,1.19464E+16,4.84724E+16
182156,9,7,61,0,2018,7,21,7,2,2,6,2,0,1,0,1,0,0,0,6.41711E+20,5.35995E+21,1.09137E+16,4.83768E+16
182157,9,1,77,117,2018,7,17,6,3,0,7,0,0,1,0,1,0,0,0,7.15384E+20,5.35224E+21,1.19036E+16,4.82867E+16
182158,9,1,62,0,2018,7,13,5,3,5,3,0,0,1,0,0,0,0,0,6.9322E+20,5.3302E+21,1.15951E+16,4.80958E+16
182159,9,7,71,113,2018,7,20,7,2,0,7,0,1,0,0,0,0,0,0,6.5794E+20,5.36991E+21,1.11365E+16,4.84625E+16
182160,9,7,71,158,2018,7,15,7,3,5,3,0,0,1,0,0,1,0,0,6.43681E+20,5.37157E+21,1.09443E+16,4.84808E+16
182161,9,1,62,0,2018,7,22,5,3,0,1,2,1,0,0,0,0,0,0,6.9097E+20,5.33322E+21,1.15663E+16,4.81236E+16
182162,9,1,62,0,2018,7,22,5,3,5,3,2,0,1,0,0,0,0,0,6.9199E+20,5.33206E+21,1.15795E+16,4.81128E+16
182163,9,1,62,0,2018,7,18,5,3,4,6,0,0,1,0,0,0,0,0,6.78159E+20,5.33532E+21,1.13952E+16,4.81462E+16
182164,9,6,78,123,2018,7,21,7,3,0,7,0,1,0,0,0,0,0,0,5.8661E+20,5.5475E+21,1.02104E+16,5.00735E+16
182165,9,5,62,0,2018,7,13,7,3,0,6,0,1,1,0,0,0,0,0,6.44963E+20,5.4938E+21,1.10053E+16,4.95794E+16
182166,9,1,62,0,2018,7,8,5,3,5,2,0,1,1,0,0,0,0,0,6.92319E+20,5.33152E+21,1.15836E+16,4.81079E+16
182167,9,5,62,0,2018,7,15,7,3,0,7,0,1,0,0,0,0,0,0,6.42974E+20,5.49464E+21,1.09782E+16,4.95874E+16
182168,9,1,62,0,2018,7,16,5,2,0,1,0,1,0,0,0,0,0,0,6.8623E+20,5.3394E+21,1.15054E+16,4.81805E+16
182169,9,5,62,0,2018,7,11,7,3,0,2,0,1,1,0,0,0,0,0,6.46928E+20,5.49521E+21,1.1033E+16,4.95916E+16
182170,9,1,62,0,2018,7,12,5,3,0,7,0,0,0,0,1,0,0,0,6.89083E+20,5.33278E+21,1.15408E+16,4.81201E+16
182171,9,5,72,119,2018,7,19,7,2,1,5,0,1,1,0,0,0,0,0,6.45772E+20,5.49893E+21,1.10184E+16,4.96253E+16
182172,9,5,76,121,2018,7,15,7,3,1,5,0,0,1,0,1,0,0,0,6.47742E+20,5.4502E+21,1.10276E+16,4.91868E+16
182173,9,1,62,0,2018,7,18,5,3,4,3,0,1,1,0,0,0,0,0,6.92133E+20,5.33769E+21,1.15839E+16,4.81634E+16
182174,9,5,74,138,2018,7,17,7,2,0,1,0,1,0,0,0,0,0,0,6.65865E+20,5.48921E+21,1.12923E+16,4.95328E+16
182175,9,1,62,0,2018,7,16,5,2,5,3,0,1,1,0,0,0,0,0,6.90722E+20,5.3403E+21,1.15662E+16,4.81873E+16
182176,9,5,64,0,2018,7,22,7,3,3,1,2,0,1,0,0,0,0,0,6.51002E+20,5.47852E+21,1.1083E+16,4.94406E+16
182177,9,1,62,0,2018,7,19,5,3,5,2,0,1,1,0,0,0,0,0,6.90258E+20,5.3382E+21,1.1559E+16,4.81685E+16
182178,9,5,64,0,2018,7,10,7,3,5,3,0,0,1,0,0,0,0,0,6.48509E+20,5.47793E+21,1.10484E+16,4.94359E+16
182179,9,1,62,0,2018,7,8,5,3,3,7,0,1,1,0,0,0,0,0,6.93356E+20,5.34033E+21,1.16016E+16,4.81868E+16
182180,9,5,64,0,2018,7,19,7,3,3,6,0,1,1,0,0,0,0,0,6.51771E+20,5.47917E+21,1.10938E+16,4.94462E+16
182181,9,1,62,0,2018,7,16,5,2,0,1,0,1,0,0,0,0,0,0,6.91007E+20,5.33743E+21,1.15687E+16,4.81614E+16
182182,9,1,62,0,2018,7,14,5,3,4,2,0,1,1,0,0,0,0,0,6.90372E+20,5.3335E+21,1.15584E+16,4.81262E+16
182183,9,5,64,0,2018,7,2,7,3,5,3,2,1,1,0,0,0,0,0,6.50972E+20,5.47955E+21,1.1083E+16,4.94499E+16
182184,9,1,62,0,2018,7,14,5,3,5,2,0,0,1,0,0,0,1,0,6.91911E+20,5.33389E+21,1.15792E+16,4.81293E+16
182185,9,5,61,0,2018,7,12,7,3,5,3,0,0,1,0,0,0,0,1,6.1553E+20,5.45803E+21,1.0588E+16,4.92641E+16
182186,9,4,64,0,2018,7,15,7,3,2,6,0,0,0,0,1,0,0,0,7.10357E+20,5.58043E+21,1.19562E+16,5.03384E+16
182187,9,1,62,0,2018,7,17,5,3,4,7,0,0,1,0,0,0,1,0,6.86382E+20,5.32905E+21,1.15029E+16,4.80874E+16
182188,9,4,73,134,2018,7,2,7,3,8,1,2,0,1,0,0,0,0,0,6.45834E+20,5.56587E+21,1.10446E+16,5.0227E+16
182189,9,1,62,0,2018,7,18,5,3,4,2,0,1,1,0,0,0,0,0,6.88613E+20,5.33573E+21,1.15358E+16,4.81468E+16
182190,9,4,72,141,2018,7,12,7,3,0,1,0,1,0,0,0,0,0,0,6.75742E+20,5.52931E+21,1.14468E+16,4.98904E+16
182191,9,1,62,0,2018,7,12,5,2,2,6,0,0,1,0,1,0,0,0,6.87638E+20,5.336E+21,1.15228E+16,4.81495E+16
182192,9,1,62,0,2018,7,10,5,3,3,2,0,1,0,0,0,0,1,0,6.88829E+20,5.33561E+21,1.15386E+16,4.81457E+16
182193,9,3,74,168,2018,7,13,7,2,6,4,0,0,1,1,0,0,0,0,7.26946E+20,5.52142E+21,1.2154E+16,4.98023E+16
182194,9,1,84,139,2018,7,7,5,2,5,3,0,1,0,0,0,0,0,0,6.87192E+20,5.32458E+21,1.15118E+16,4.80471E+16
182195,9,1,84,130,2018,7,14,5,3,0,3,0,0,1,0,1,0,0,0,6.9854E+20,5.34555E+21,1.16737E+16,4.82321E+16
182196,9,3,76,170,2018,7,17,7,3,5,3,0,1,1,0,0,0,0,0,7.26327E+20,5.45953E+21,1.21099E+16,4.92467E+16
182197,9,1,62,0,2018,7,8,5,3,3,6,0,1,0,0,0,0,0,0,6.91853E+20,5.33705E+21,1.15799E+16,4.81577E+16
182198,9,3,71,154,2018,7,18,7,3,0,7,0,1,0,0,0,0,0,0,7.00688E+20,5.47516E+21,1.1766E+16,4.9396E+16
182199,9,2,71,119,2018,7,17,7,3,1,6,0,1,1,0,0,0,0,0,7.90612E+20,5.41703E+21,1.29608E+16,4.88381E+16
182200,9,1,62,0,2018,7,21,5,3,2,1,1,0,1,0,0,0,1,0,6.97242E+20,5.33179E+21,1.16498E+16,4.81088E+16
182201,9,2,77,114,2018,7,16,7,3,8,1,0,0,0,0,1,0,0,1,7.88148E+20,5.37734E+21,1.28997E+16,4.8483E+16
182202,9,1,62,0,2018,7,7,5,3,5,3,0,1,1,0,0,0,0,0,6.9418E+20,5.33638E+21,1.16108E+16,4.8151E+16
182203,9,2,74,134,2018,7,16,7,3,2,6,0,0,1,0,0,0,0,0,7.40649E+20,5.3752E+21,1.22568E+16,4.84838E+16
182204,9,1,62,0,2018,7,20,5,3,0,6,0,1,0,0,0,0,0,0,6.9236E+20,5.33292E+21,1.15848E+16,4.81205E+16
182205,9,1,62,0,2018,7,18,5,3,3,6,0,1,1,0,0,0,0,0,6.93171E+20,5.33348E+21,1.1596E+16,4.81252E+16
182206,9,2,73,181,2018,7,1,7,2,0,1,2,1,0,0,0,0,0,0,7.1314E+20,5.40129E+21,1.18985E+16,4.87281E+16
182207,9,7,75,135,2018,7,6,5,3,5,3,1,1,1,0,0,0,0,0,5.7566E+20,5.36233E+21,1.00224E+16,4.84096E+16
182208,9,2,79,137,2018,7,17,7,2,9,1,0,0,0,0,1,0,0,0,7.73887E+20,5.40157E+21,1.27231E+16,4.8707E+16
182209,9,1,73,126,2018,7,22,7,2,1,5,2,1,1,0,0,0,0,0,6.84152E+20,5.30548E+21,1.14629E+16,4.78763E+16
182210,9,7,64,0,2018,7,6,5,2,5,3,0,0,1,0,0,0,0,0,5.89114E+20,5.31573E+21,1.01944E+16,4.79886E+16
182211,9,7,64,0,2018,7,15,5,3,5,7,0,1,1,0,0,0,0,0,5.87278E+20,5.31515E+21,1.01697E+16,4.79837E+16
182212,9,1,73,126,2018,7,14,7,3,2,6,0,0,1,0,1,0,0,0,6.84805E+20,5.30504E+21,1.14714E+16,4.78721E+16
182213,9,1,80,117,2018,7,9,7,3,5,3,0,1,1,0,0,0,0,0,6.58216E+20,5.263E+21,1.11009E+16,4.75012E+16
182214,9,7,75,118,2018,7,19,5,2,0,1,0,1,0,0,0,0,0,0,5.87258E+20,5.34204E+21,1.01749E+16,4.82256E+16
182215,9,1,80,117,2018,7,19,7,3,0,1,0,1,0,0,0,0,0,0,6.55584E+20,5.26041E+21,1.1065E+16,4.74785E+16
182216,9,7,75,129,2018,7,9,5,3,5,2,0,1,1,0,0,0,0,0,5.8133E+20,5.33982E+21,1.00947E+16,4.82064E+16
182217,9,1,89,140,2018,7,20,7,3,0,7,0,1,0,0,0,0,0,0,7.73735E+20,5.29663E+21,1.26533E+16,4.77649E+16
182218,9,7,74,121,2018,7,17,5,3,5,3,0,1,1,0,0,0,0,0,6.01148E+20,5.36575E+21,1.03676E+16,4.84368E+16
182219,9,7,80,133,2018,7,14,5,1,2,6,0,1,0,0,0,0,0,0,5.96383E+20,5.25144E+21,1.02776E+16,4.74093E+16
182220,9,1,83,128,2018,7,15,7,3,4,6,0,1,1,0,0,0,0,1,7.58979E+20,5.3499E+21,1.24889E+16,4.82493E+16
182221,9,1,89,129,2018,7,15,7,3,3,7,0,1,0,0,0,0,0,0,7.58275E+20,5.2961E+21,1.2447E+16,4.77665E+16
182222,9,7,77,151,2018,7,18,5,3,5,2,0,0,1,0,1,0,0,0,6.21588E+20,5.29294E+21,1.0623E+16,4.77783E+16
182223,9,7,73,144,2018,7,16,3,3,0,1,0,1,0,0,0,0,0,0,6.05673E+20,5.38055E+21,1.04325E+16,4.85691E+16
182224,9,7,72,162,2018,7,16,3,3,4,6,0,1,1,0,0,0,0,0,6.36232E+20,5.33491E+21,1.08317E+16,4.81529E+16
182225,9,7,61,0,2018,7,16,3,2,0,1,0,1,0,0,0,0,0,0,6.3744E+20,5.36079E+21,1.08564E+16,4.83853E+16
182226,9,7,61,0,2018,7,18,3,3,0,4,0,1,0,1,0,0,0,0,6.42252E+20,5.36119E+21,1.09215E+16,4.83878E+16
182227,9,7,61,0,2018,7,22,3,3,5,3,2,0,1,0,0,0,0,1,6.40548E+20,5.35928E+21,1.08978E+16,4.8371E+16
182228,9,5,62,0,2018,7,18,3,3,0,7,0,1,1,0,0,0,0,0,6.45826E+20,5.49365E+21,1.10172E+16,4.95779E+16
182229,9,5,74,156,2018,7,11,3,3,6,7,0,0,1,1,0,0,0,0,6.59132E+20,5.48335E+21,1.1197E+16,4.94819E+16
182230,9,5,74,132,2018,7,16,3,3,5,3,0,1,1,0,0,0,0,0,6.74446E+20,5.48678E+21,1.14098E+16,4.95086E+16
182231,9,5,63,0,2018,7,6,3,2,6,4,0,0,1,1,0,0,0,0,6.4441E+20,5.48431E+21,1.09942E+16,4.94942E+16
182232,9,5,64,0,2018,7,20,3,3,4,7,1,0,1,0,1,0,0,0,6.47745E+20,5.47419E+21,1.10365E+16,4.94024E+16
182233,9,5,64,0,2018,7,22,3,3,1,7,2,1,1,0,0,0,0,0,6.52284E+20,5.47848E+21,1.11007E+16,4.94399E+16
182234,9,5,64,0,2018,7,7,3,3,5,2,0,0,1,0,0,0,0,0,6.47973E+20,5.47779E+21,1.1041E+16,4.94347E+16
182235,9,5,64,0,2018,7,17,3,3,0,2,0,0,1,0,1,0,0,0,6.50867E+20,5.48116E+21,1.10821E+16,4.94643E+16
182236,9,5,73,127,2018,7,12,3,3,2,6,0,0,1,0,0,0,0,0,6.4586E+20,5.47441E+21,1.10106E+16,4.94049E+16
182237,9,5,77,136,2018,7,13,3,3,1,5,0,1,1,0,0,0,0,0,6.28539E+20,5.44202E+21,1.07616E+16,4.91175E+16
182238,9,5,61,0,2018,7,13,3,3,5,2,0,1,1,0,0,0,0,0,6.13974E+20,5.46345E+21,1.05681E+16,4.93132E+16
182239,9,4,78,139,2018,7,17,3,3,5,2,0,1,1,0,0,0,0,0,6.46872E+20,5.55661E+21,1.10556E+16,5.01435E+16
182240,9,4,63,0,2018,7,6,3,3,8,1,0,0,0,0,1,0,0,0,6.42421E+20,5.57085E+21,1.09987E+16,5.02726E+16
182241,9,4,62,0,2018,7,17,3,2,6,2,0,0,1,1,0,0,0,0,6.86147E+20,5.53679E+21,1.15951E+16,4.99545E+16
182242,9,7,61,0,2018,7,7,4,3,5,3,0,0,1,0,0,0,1,0,6.42235E+20,5.3608E+21,1.09211E+16,4.83843E+16
182243,9,4,62,0,2018,7,23,3,2,3,6,2,1,1,0,0,0,0,0,6.84536E+20,5.5344E+21,1.15715E+16,4.99335E+16
182244,9,7,61,0,2018,7,14,4,3,5,3,0,1,1,0,0,0,0,0,6.42842E+20,5.36226E+21,1.09298E+16,4.83973E+16
182245,9,7,61,0,2018,7,10,4,3,5,3,0,0,1,0,1,0,0,0,6.40312E+20,5.36282E+21,1.08958E+16,4.84029E+16
182246,9,4,74,126,2018,7,19,3,3,0,3,0,1,0,0,0,0,0,0,6.47897E+20,5.51015E+21,1.10521E+16,4.97256E+16
182247,9,7,61,0,2018,7,19,4,3,2,1,0,1,0,0,0,0,0,0,6.39118E+20,5.35797E+21,1.08781E+16,4.83596E+16
182248,9,4,71,120,2018,7,8,3,3,0,1,0,1,0,0,0,0,0,0,6.2507E+20,5.52108E+21,1.0739E+16,4.98291E+16
182249,9,7,61,0,2018,7,18,4,3,5,2,0,1,1,0,0,0,0,0,6.41262E+20,5.35365E+21,1.09056E+16,4.83203E+16
182250,9,7,61,0,2018,7,18,4,3,0,1,0,1,0,0,0,0,0,0,6.41923E+20,5.35885E+21,1.09162E+16,4.83669E+16
182251,9,4,71,207,2018,7,17,3,3,5,3,0,1,1,0,0,0,0,0,6.2541E+20,5.53191E+21,1.07473E+16,4.99264E+16