OBJECTID_1,ULAND,UREGBEZ,UKREIS,UGEMEINDE,UJAHR,UMONAT,USTUNDE,UWOCHENTAG,UKATEGORIE,UART,UTYP1,ULICHTVERH,IstRad,IstPKW,IstFuss,IstKrad,IstGkfz,IstSonstig,STRZUSTAND,LINREFX,LINREFY,XGCSWGS84,YGCSWGS84
182625,9,2,75,116,2018,7,21,5,3,0,7,0,1,0,0,0,0,0,0,8.19743E+20,5.3642E+21,1.33161E+16,4.83499E+16
182626,9,4,64,0,2018,7,14,6,3,0,7,0,0,0,0,0,0,1,0,7.05548E+20,5.57874E+21,1.18878E+16,5.03249E+16
182627,9,2,72,147,2018,7,18,5,3,5,3,0,0,1,0,0,0,0,0,8.16182E+20,5.41955E+21,1.33103E+16,4.88482E+16
182628,9,2,74,183,2018,7,0,5,2,7,7,2,1,0,0,0,0,1,0,7.41753E+20,5.36223E+21,1.22643E+16,4.83669E+16
182629,9,4,63,0,2018,7,19,6,3,2,6,0,0,1,0,0,0,0,0,6.39563E+20,5.56973E+21,1.09582E+16,5.02632E+16
182630,9,2,74,128,2018,7,22,5,3,0,7,2,1,0,0,0,0,0,0,7.35604E+20,5.38604E+21,1.21948E+16,4.85831E+16
182631,9,3,63,0,2018,7,14,6,2,3,6,0,0,1,0,1,0,0,0,7.28986E+20,5.5067E+21,1.21737E+16,4.96693E+16
182632,9,2,74,113,2018,7,2,5,3,0,7,2,1,0,0,0,0,0,0,7.30239E+20,5.38322E+21,1.21206E+16,4.85597E+16
182633,9,3,75,174,2018,7,10,6,3,5,2,0,0,1,0,0,0,0,0,7.33408E+20,5.42951E+21,1.21897E+16,4.89743E+16
182634,9,3,62,0,2018,7,12,6,3,5,3,0,0,1,0,0,0,0,0,7.23672E+20,5.43307E+21,1.20588E+16,4.901E+16
182635,9,3,62,0,2018,7,20,6,3,5,3,0,1,1,0,0,0,0,0,7.26097E+20,5.4319E+21,1.20913E+16,4.89985E+16
182636,9,2,61,0,2018,7,16,5,3,0,7,0,1,1,0,0,0,0,0,7.32039E+20,5.37893E+21,1.21426E+16,4.85205E+16
182637,9,1,80,124,2018,7,9,5,3,0,1,0,0,0,0,1,0,1,0,6.66144E+20,5.28313E+21,1.12137E+16,4.76802E+16
182638,9,3,62,0,2018,7,18,6,3,8,1,0,0,0,0,1,0,0,0,7.2232E+20,5.43334E+21,1.20405E+16,4.90129E+16
182639,9,1,73,126,2018,7,14,5,3,6,4,0,0,1,1,0,0,0,0,6.8428E+20,5.30557E+21,1.14646E+16,4.7877E+16
182640,9,1,73,126,2018,7,11,5,3,6,4,0,0,1,1,0,0,0,0,6.85468E+20,5.30309E+21,1.14794E+16,4.78544E+16
182641,9,3,62,0,2018,7,17,6,3,0,7,0,1,1,0,0,0,0,0,7.28303E+20,5.43672E+21,1.21241E+16,4.90411E+16
182642,9,1,89,154,2018,7,15,5,3,0,1,0,0,0,0,1,0,0,0,7.668E+20,5.31783E+21,1.2574E+16,4.79582E+16
182643,9,3,73,147,2018,7,15,6,3,4,6,0,0,1,0,0,0,0,0,6.77779E+20,5.46239E+21,1.14448E+16,4.92884E+16
182644,9,1,83,128,2018,7,19,5,1,5,2,0,1,1,0,0,0,0,0,7.62009E+20,5.34942E+21,1.25293E+16,4.82438E+16
182645,9,3,73,147,2018,7,20,6,3,0,1,1,1,0,0,0,0,0,0,6.78945E+20,5.46083E+21,1.14602E+16,4.92741E+16
182646,9,3,73,147,2018,7,20,6,3,6,4,1,0,1,1,0,0,0,0,6.78938E+20,5.46121E+21,1.14602E+16,4.92774E+16
182647,9,1,71,111,2018,7,19,5,3,1,1,0,1,1,0,0,0,0,0,7.72548E+20,5.34889E+21,1.26706E+16,4.82346E+16
182648,9,1,71,111,2018,7,12,5,2,6,7,0,1,0,1,0,0,0,0,7.73781E+20,5.34879E+21,1.26871E+16,4.82332E+16
182649,9,3,72,177,2018,7,20,6,3,9,1,0,0,0,0,1,0,0,0,7.73144E+20,5.45216E+21,1.27469E+16,4.91614E+16
182650,9,1,63,0,2018,7,12,5,3,4,2,0,1,0,0,0,1,0,0,7.33381E+20,5.30412E+21,1.21196E+16,4.7848E+16
182651,9,2,63,0,2018,7,0,6,3,0,1,2,0,0,0,1,0,0,0,7.61758E+20,5.42035E+21,1.25705E+16,4.88808E+16
182652,9,1,82,129,2018,7,13,5,3,0,3,0,1,0,0,0,1,0,0,7.09498E+20,5.28529E+21,1.17917E+16,4.7687E+16
182653,9,2,63,0,2018,7,7,6,3,4,6,0,1,1,0,0,0,0,0,7.62516E+20,5.41888E+21,1.25799E+16,4.88672E+16
182654,9,2,62,0,2018,7,17,6,3,5,3,0,0,1,0,0,0,0,0,8.26669E+20,5.38915E+21,1.34288E+16,4.85701E+16
182655,9,1,76,139,2018,7,19,5,3,5,3,0,0,1,0,0,0,1,0,6.84554E+20,5.40735E+21,1.15129E+16,4.87918E+16
182656,9,2,75,146,2018,7,17,6,3,2,6,0,0,1,0,0,0,0,0,8.32425E+20,5.39502E+21,1.35112E+16,4.86198E+16
182657,9,1,86,143,2018,7,7,5,3,1,7,0,0,1,0,0,0,0,0,6.85162E+20,5.37955E+21,1.15087E+16,4.85417E+16
182658,9,2,77,119,2018,7,13,6,2,4,6,0,0,0,0,0,0,1,0,7.7531E+20,5.37122E+21,1.27223E+16,4.84339E+16
182659,9,1,85,149,2018,7,15,5,3,1,7,0,1,1,0,0,0,0,0,6.60642E+20,5.39931E+21,1.11844E+16,4.87261E+16
182660,9,2,77,134,2018,7,20,6,3,0,7,0,1,0,0,0,0,0,0,7.7424E+20,5.36494E+21,1.27038E+16,4.8378E+16
182661,9,1,85,149,2018,7,7,5,3,0,7,0,0,0,0,1,0,1,0,6.66163E+20,5.3984E+21,1.1259E+16,4.87165E+16
182662,9,1,61,0,2018,7,14,5,3,5,3,0,0,1,0,0,0,0,0,6.77783E+20,5.40529E+21,1.14199E+16,4.87752E+16
182663,9,2,73,164,2018,7,7,6,3,6,4,0,0,1,1,0,0,0,0,6.96609E+20,5.42695E+21,1.16862E+16,4.89642E+16
182664,9,1,86,113,2018,7,7,5,3,4,2,0,0,1,0,0,0,0,0,6.81418E+20,5.39484E+21,1.14647E+16,4.86802E+16
182665,9,2,79,112,2018,7,18,6,3,6,6,0,0,0,1,0,0,1,0,7.57744E+20,5.39226E+21,1.24983E+16,4.86302E+16
182666,9,1,86,122,2018,7,6,5,3,5,3,1,0,1,0,1,0,0,0,6.93578E+20,5.39369E+21,1.16292E+16,4.86663E+16
182667,9,1,90,140,2018,7,7,6,3,1,5,0,1,1,0,0,0,0,0,6.43927E+20,5.29536E+21,1.09219E+16,4.77955E+16
182668,9,1,80,117,2018,7,16,7,2,0,7,0,1,0,0,0,0,1,0,6.57771E+20,5.26195E+21,1.10946E+16,4.74919E+16
182669,9,1,79,128,2018,7,17,5,3,2,6,0,0,1,0,1,0,0,0,6.56371E+20,5.34318E+21,1.11054E+16,4.82225E+16
182670,9,1,89,154,2018,7,15,6,3,0,1,0,1,0,0,0,0,0,0,7.68539E+20,5.31905E+21,1.2598E+16,4.79683E+16
182671,9,1,74,126,2018,7,12,5,3,3,6,0,1,1,0,0,0,0,0,6.83101E+20,5.34345E+21,1.14651E+16,4.82179E+16
182672,9,1,77,133,2018,7,6,5,3,3,6,0,0,1,0,0,0,1,0,7.06325E+20,5.3594E+21,1.17852E+16,4.83541E+16
182673,9,1,89,143,2018,7,12,6,3,8,6,0,1,1,0,0,0,0,0,7.60844E+20,5.31593E+21,1.24932E+16,4.79435E+16
182674,9,1,78,138,2018,7,15,5,3,0,7,0,1,0,0,0,0,0,0,7.12159E+20,5.36777E+21,1.1868E+16,4.84273E+16
182675,9,1,89,155,2018,7,12,6,3,5,3,0,0,1,0,1,0,0,0,7.71704E+20,5.30822E+21,1.26335E+16,4.78698E+16
182676,9,1,78,124,2018,7,11,5,2,5,3,0,0,1,0,1,0,0,0,7.01088E+20,5.36411E+21,1.17168E+16,4.8398E+16
182677,9,1,89,154,2018,7,7,6,2,7,7,0,1,0,0,0,0,0,0,7.69204E+20,5.31777E+21,1.26061E+16,4.79566E+16
182678,9,1,78,124,2018,7,13,5,3,6,1,0,1,0,1,0,0,0,0,7.04033E+20,5.36393E+21,1.17564E+16,4.83955E+16
182679,9,1,83,128,2018,7,10,6,3,0,7,0,1,0,0,0,0,0,0,7.59862E+20,5.34963E+21,1.25006E+16,4.82465E+16
182680,9,1,77,117,2018,7,12,5,3,1,6,0,0,1,0,0,0,0,0,7.15195E+20,5.35174E+21,1.19008E+16,4.82822E+16
182681,9,1,82,129,2018,7,17,6,3,0,1,0,1,0,0,0,0,0,0,7.12745E+20,5.28186E+21,1.18333E+16,4.76551E+16
182682,9,1,61,0,2018,7,8,6,3,5,2,0,1,1,0,0,0,0,0,6.82446E+20,5.40219E+21,1.14819E+16,4.87459E+16
182683,9,1,62,0,2018,7,16,4,3,0,4,0,1,0,1,0,0,0,0,6.92694E+20,5.33472E+21,1.15901E+16,4.81365E+16
182684,9,1,61,0,2018,7,10,6,3,2,6,0,1,1,0,0,0,0,0,6.76534E+20,5.40423E+21,1.14024E+16,4.8766E+16
182685,9,1,62,0,2018,7,21,4,3,5,3,2,1,0,0,1,0,0,0,6.88635E+20,5.33279E+21,1.15348E+16,4.81204E+16
182686,9,1,62,0,2018,7,15,4,3,0,3,0,0,1,0,1,0,0,0,6.91488E+20,5.33655E+21,1.15747E+16,4.81533E+16
182687,9,1,76,112,2018,7,16,6,3,0,7,0,1,0,0,0,0,0,0,6.92573E+20,5.42022E+21,1.1628E+16,4.89049E+16
182688,9,1,62,0,2018,7,9,4,3,5,3,0,1,1,0,0,0,0,0,6.91648E+20,5.33719E+21,1.15772E+16,4.8159E+16
182689,9,1,86,143,2018,7,17,6,3,0,3,0,0,1,0,0,0,0,0,6.84418E+20,5.37885E+21,1.14983E+16,4.85356E+16
182690,9,1,62,0,2018,7,8,4,3,1,5,0,0,1,0,0,0,1,0,6.91738E+20,5.3391E+21,1.15793E+16,4.81762E+16
182691,9,1,79,142,2018,7,19,6,3,3,6,0,1,1,0,0,0,0,0,6.7333E+20,5.34409E+21,1.13339E+16,4.82263E+16
182692,9,1,88,127,2018,7,8,6,2,0,7,0,1,0,0,0,0,0,0,6.73884E+20,5.32814E+21,1.13348E+16,4.80828E+16
182693,9,1,62,0,2018,7,8,4,3,5,3,0,0,1,0,1,0,0,0,6.99357E+20,5.33518E+21,1.16798E+16,4.81386E+16
182694,9,1,62,0,2018,7,15,4,3,5,3,0,1,1,0,0,0,0,0,6.83181E+20,5.34074E+21,1.1465E+16,4.81934E+16
182695,9,1,79,130,2018,7,8,6,2,5,3,0,1,1,0,0,0,0,0,6.6058E+20,5.33885E+21,1.11604E+16,4.81826E+16
182696,9,1,74,146,2018,7,18,6,3,8,1,0,0,0,0,1,0,0,0,6.67051E+20,5.34894E+21,1.12513E+16,4.82716E+16
182697,9,1,75,118,2018,7,11,6,3,5,3,0,1,1,0,0,0,0,0,7.15712E+20,5.33821E+21,1.19009E+16,4.81605E+16
182698,9,1,62,0,2018,7,18,4,3,5,3,0,1,1,0,0,0,0,0,6.89309E+20,5.333E+21,1.15439E+16,4.81221E+16
182699,9,1,62,0,2018,7,17,4,3,0,7,0,1,0,0,0,0,1,0,6.89874E+20,5.33348E+21,1.15517E+16,4.81262E+16
182700,9,1,78,130,2018,7,11,6,3,5,1,0,1,1,0,0,0,0,0,7.03608E+20,5.35551E+21,1.17466E+16,4.832E+16
182701,9,1,62,0,2018,7,8,4,2,5,3,0,1,1,0,0,0,0,0,6.91421E+20,5.33703E+21,1.15741E+16,4.81577E+16
182702,9,1,78,124,2018,7,10,6,3,5,3,0,1,1,0,0,0,0,0,7.03633E+20,5.3642E+21,1.17512E+16,4.8398E+16
182703,9,1,62,0,2018,7,12,4,2,5,2,0,1,1,0,0,0,0,0,6.89419E+20,5.33244E+21,1.15451E+16,4.81171E+16
182704,9,1,78,124,2018,7,9,6,3,3,2,0,1,0,0,0,0,1,0,7.0384E+20,5.3622E+21,1.1753E+16,4.838E+16
182705,9,1,84,149,2018,7,9,4,2,5,2,0,1,1,0,0,0,0,0,6.9094E+20,5.35051E+21,1.15737E+16,4.82789E+16
182706,9,1,62,0,2018,7,8,4,3,5,2,0,1,1,0,0,0,0,0,6.88038E+20,5.33629E+21,1.15283E+16,4.81521E+16
182707,9,1,78,124,2018,7,12,6,2,0,1,0,1,0,0,0,0,0,0,7.02923E+20,5.36478E+21,1.17419E+16,4.84035E+16
182708,9,1,62,0,2018,7,19,4,2,4,2,0,1,1,0,0,0,0,0,6.95855E+20,5.3332E+21,1.16319E+16,4.81219E+16
182709,9,1,77,118,2018,7,18,6,2,0,7,0,0,0,0,1,0,0,0,7.06715E+20,5.34591E+21,1.17838E+16,4.82327E+16
182710,9,1,62,0,2018,7,17,4,3,1,7,0,1,1,0,0,0,0,0,6.86727E+20,5.3312E+21,1.15085E+16,4.81067E+16
182711,9,1,77,115,2018,7,6,6,3,9,1,0,0,1,0,0,0,0,0,7.31716E+20,5.35261E+21,1.21237E+16,4.82842E+16
182712,9,1,62,0,2018,7,22,4,3,6,4,2,1,0,1,0,0,0,0,6.88706E+20,5.33409E+21,1.15363E+16,4.8132E+16
182713,9,1,77,139,2018,7,17,6,3,1,6,0,0,1,0,1,0,0,0,7.32445E+20,5.36002E+21,1.21376E+16,4.83505E+16
182714,9,1,62,0,2018,7,16,4,3,0,7,0,1,0,0,0,0,0,0,6.91461E+20,5.3405E+21,1.15762E+16,4.81888E+16
182715,9,1,62,0,2018,7,14,5,3,1,5,0,0,1,0,0,0,0,0,6.90148E+20,5.33634E+21,1.15567E+16,4.81519E+16
182716,9,1,62,0,2018,7,9,5,3,0,7,0,1,0,0,0,0,0,0,6.89421E+20,5.33609E+21,1.15468E+16,4.81498E+16
182717,9,1,62,0,2018,7,8,4,3,3,6,0,1,0,0,0,0,1,0,6.86865E+20,5.33953E+21,1.1514E+16,4.81815E+16
182718,9,1,62,0,2018,7,16,5,3,6,4,0,0,1,1,0,0,0,0,6.91287E+20,5.32998E+21,1.15691E+16,4.80943E+16
182719,9,1,62,0,2018,7,8,4,3,1,5,0,1,1,0,0,0,0,0,6.88843E+20,5.3365E+21,1.15392E+16,4.81537E+16
182720,9,1,62,0,2018,7,8,4,3,3,6,0,0,1,0,0,0,1,0,6.86215E+20,5.33475E+21,1.15031E+16,4.81388E+16
182721,9,1,62,0,2018,7,9,5,3,2,6,0,1,0,0,0,0,0,0,6.89494E+20,5.33312E+21,1.15464E+16,4.81231E+16
182722,9,1,84,130,2018,7,13,4,3,3,6,0,1,0,0,0,0,0,0,7.00021E+20,5.34525E+21,1.16934E+16,4.82289E+16
182723,9,1,62,0,2018,7,15,5,3,0,3,0,0,1,0,1,0,0,0,6.81627E+20,5.33576E+21,1.14419E+16,4.81491E+16
182724,9,1,62,0,2018,7,21,4,3,0,1,2,1,0,0,0,0,0,0,6.90479E+20,5.33394E+21,1.156E+16,4.81302E+16
182725,9,1,62,0,2018,7,12,5,3,2,6,0,1,0,0,0,0,0,0,6.86693E+20,5.33439E+21,1.15094E+16,4.81353E+16
182726,9,1,62,0,2018,7,22,5,3,2,6,2,0,1,0,1,0,0,0,6.87312E+20,5.33209E+21,1.15167E+16,4.81145E+16
182727,9,1,62,0,2018,7,19,4,3,5,2,0,0,1,0,1,0,0,0,6.92914E+20,5.33854E+21,1.15948E+16,4.81708E+16
182728,9,1,62,0,2018,7,8,5,3,5,3,0,1,1,0,0,0,0,0,6.95818E+20,5.33916E+21,1.16341E+16,4.81755E+16
182729,9,1,62,0,2018,7,18,5,3,4,2,0,0,1,0,0,0,1,0,6.92289E+20,5.33813E+21,1.15862E+16,4.81673E+16
182730,9,1,62,0,2018,7,12,4,3,3,5,0,1,1,0,0,0,0,0,6.92368E+20,5.33546E+21,1.15861E+16,4.81433E+16
182731,9,1,62,0,2018,7,21,5,3,1,5,1,1,1,0,0,0,0,0,6.9237E+20,5.33859E+21,1.15875E+16,4.81714E+16
182732,9,7,75,135,2018,7,18,4,3,1,5,0,1,1,0,0,0,0,0,5.73949E+20,5.36011E+21,9.99888E+15,4.83899E+16
182733,9,7,78,187,2018,7,12,4,3,1,1,0,1,1,0,0,0,0,0,6.08373E+20,5.33046E+21,1.04562E+16,4.81182E+16
182734,9,1,62,0,2018,7,14,5,3,2,7,0,1,1,0,0,0,0,0,6.95568E+20,5.33186E+21,1.16274E+16,4.811E+16
182735,9,7,64,0,2018,7,13,4,3,0,7,0,1,0,0,0,0,0,0,5.88396E+20,5.31478E+21,1.01846E+16,4.79802E+16
182736,9,1,62,0,2018,7,13,5,3,5,4,0,0,0,1,0,0,1,0,6.99004E+20,5.33211E+21,1.16736E+16,4.81112E+16
182737,9,7,63,0,2018,7,8,4,3,3,2,0,1,1,0,0,0,0,0,5.97387E+20,5.28797E+21,1.0299E+16,4.77378E+16
182738,9,1,62,0,2018,7,17,5,3,5,3,0,1,1,0,0,0,0,0,6.96357E+20,5.33192E+21,1.1638E+16,4.81102E+16
182739,9,1,62,0,2018,7,20,5,3,5,3,0,1,0,0,0,0,1,0,6.88234E+20,5.33023E+21,1.15282E+16,4.80975E+16
182740,9,7,63,0,2018,7,13,4,2,2,6,0,0,1,0,1,0,0,0,5.99143E+20,5.28704E+21,1.03222E+16,4.77291E+16
182741,9,1,62,0,2018,7,10,5,3,6,4,0,1,0,1,0,0,0,0,6.86226E+20,5.33392E+21,1.15029E+16,4.81313E+16
182742,9,7,80,139,2018,7,16,4,3,6,4,0,0,1,1,0,0,0,0,5.96531E+20,5.26291E+21,1.0282E+16,4.75125E+16
182743,9,7,76,116,2018,7,18,4,2,0,1,0,1,0,0,0,0,0,0,5.50823E+20,5.26745E+21,9.67557E+15,4.75585E+16
182744,9,1,62,0,2018,7,17,5,3,6,4,0,0,0,1,1,0,0,0,6.89835E+20,5.33065E+21,1.15499E+16,4.81008E+16
182745,9,1,84,119,2018,7,11,5,2,3,6,0,1,0,0,0,0,0,0,6.97491E+20,5.34885E+21,1.16611E+16,4.8262E+16
182746,9,7,63,0,2018,7,15,4,3,1,6,0,0,1,0,0,0,0,0,5.97559E+20,5.28742E+21,1.03011E+16,4.77327E+16
182747,9,7,77,114,2018,7,8,4,2,6,1,0,1,0,1,0,0,0,0,6.15084E+20,5.31131E+21,1.05412E+16,4.79448E+16
182748,9,1,62,0,2018,7,13,5,3,2,6,0,0,1,0,1,0,0,0,6.9184E+20,5.34E+21,1.1581E+16,4.81842E+16
182749,9,7,73,125,2018,7,17,4,3,0,1,0,1,0,0,0,0,0,0,6.13701E+20,5.38379E+21,1.05421E+16,4.85969E+16
182750,9,1,62,0,2018,7,19,5,2,0,1,0,1,0,0,0,0,0,0,6.83005E+20,5.33572E+21,1.14604E+16,4.81484E+16
182751,9,7,73,125,2018,7,16,4,3,5,3,0,0,1,0,0,0,0,0,6.0989E+20,5.38149E+21,1.04899E+16,4.85769E+16
182752,9,1,62,0,2018,7,22,5,3,0,1,2,0,0,0,1,0,0,0,6.87344E+20,5.33384E+21,1.15179E+16,4.81302E+16
182753,9,1,62,0,2018,7,20,5,3,5,3,0,1,1,0,0,0,0,0,6.87828E+20,5.33704E+21,1.15258E+16,4.81588E+16
182754,9,7,72,125,2018,7,18,4,3,0,7,0,1,0,0,0,0,0,0,6.35817E+20,5.34774E+21,1.08303E+16,4.82683E+16
182755,9,7,63,0,2018,7,7,3,3,4,2,0,1,1,0,0,0,0,0,5.99643E+20,5.28712E+21,1.03289E+16,4.77297E+16
182756,9,3,62,0,2018,7,15,2,3,5,3,0,1,0,0,0,0,1,0,7.29548E+20,5.43369E+21,1.21394E+16,4.90133E+16
182757,9,7,80,139,2018,7,12,3,3,5,3,0,0,1,0,1,0,0,0,5.95487E+20,5.26376E+21,1.02684E+16,4.75202E+16
182758,9,3,62,0,2018,7,15,2,3,2,6,0,0,1,0,0,0,0,1,7.26952E+20,5.43145E+21,1.21027E+16,4.89942E+16
182759,9,3,62,0,2018,7,15,2,3,5,2,0,0,1,0,0,0,0,0,7.28697E+20,5.43833E+21,1.21304E+16,4.90553E+16
182760,9,7,80,123,2018,7,13,3,3,9,1,0,1,0,0,0,0,0,0,6.04725E+20,5.25259E+21,1.03884E+16,4.74184E+16
182761,9,7,77,129,2018,7,13,3,2,1,6,0,0,1,0,0,0,0,0,6.27986E+20,5.27066E+21,1.07019E+16,4.75767E+16
182762,9,3,72,116,2018,7,22,2,3,1,5,2,0,1,0,0,0,0,0,7.65928E+20,5.45881E+21,1.26525E+16,4.92243E+16
182763,9,7,73,122,2018,7,13,3,3,5,3,0,1,1,0,0,0,0,0,6.25939E+20,5.38344E+21,1.07079E+16,4.85914E+16
182764,9,3,72,116,2018,7,13,2,3,2,6,0,0,1,0,1,0,0,0,7.67323E+20,5.4585E+21,1.26714E+16,4.92208E+16
182765,9,7,71,142,2018,7,19,3,3,0,1,0,1,0,0,0,0,0,0,6.4536E+20,5.35184E+21,1.09602E+16,4.8303E+16
182766,9,3,76,119,2018,7,13,2,3,4,2,0,1,1,0,0,0,0,0,7.21403E+20,5.45517E+21,1.204E+16,4.92093E+16
182767,9,3,61,0,2018,7,10,2,3,0,7,0,0,0,0,1,0,0,1,7.07857E+20,5.48087E+21,1.18676E+16,4.94449E+16
182768,9,7,61,0,2018,7,18,3,3,0,1,0,1,0,0,0,0,0,0,6.37654E+20,5.36076E+21,1.08593E+16,4.8385E+16
182769,9,3,61,0,2018,7,7,2,3,0,1,0,1,0,0,0,0,0,1,7.07199E+20,5.4814E+21,1.18588E+16,4.94499E+16
182770,9,7,61,0,2018,7,11,3,3,0,1,0,1,1,0,0,0,0,0,6.41389E+20,5.35244E+21,1.09069E+16,4.83093E+16
182771,9,7,61,0,2018,7,14,3,3,0,1,0,1,0,0,0,0,0,0,6.38479E+20,5.35558E+21,1.08687E+16,4.83382E+16
182772,9,2,78,141,2018,7,13,2,2,0,1,0,1,0,0,0,0,0,0,7.58786E+20,5.42691E+21,1.25342E+16,4.89409E+16
182773,9,7,61,0,2018,7,11,3,2,0,1,0,1,0,0,0,0,0,0,6.38609E+20,5.35555E+21,1.08704E+16,4.83379E+16
182774,9,2,75,141,2018,7,9,2,3,5,3,0,0,1,0,0,0,1,0,8.20587E+20,5.37107E+21,1.33327E+16,4.84111E+16
182775,9,6,63,0,2018,7,14,3,3,0,7,0,1,1,0,0,0,0,0,5.67396E+20,5.51532E+21,9.93627E+15,4.97865E+16
182776,9,6,77,166,2018,7,7,3,3,0,7,0,1,0,0,0,0,0,0,5.4232E+20,5.52998E+21,9.58954E+15,4.99207E+16
182777,9,2,74,172,2018,7,17,2,3,6,4,0,0,1,1,0,0,0,0,7.18279E+20,5.3942E+21,1.19645E+16,4.86627E+16
182778,9,6,77,155,2018,7,10,3,3,5,3,0,1,1,0,0,0,0,0,5.40941E+20,5.53678E+21,9.57106E+15,4.9982E+16
182779,9,2,61,0,2018,7,12,2,3,4,7,0,1,1,0,0,0,0,0,7.32651E+20,5.38074E+21,1.21518E+16,4.85366E+16
182780,9,6,72,112,2018,7,15,3,2,0,7,0,1,0,0,0,0,0,0,5.79757E+20,5.57162E+21,1.01197E+16,5.02913E+16
182781,9,2,79,112,2018,7,12,2,3,0,7,0,1,0,0,0,0,0,0,7.58515E+20,5.39408E+21,1.25099E+16,4.86463E+16
182782,9,2,79,112,2018,7,10,2,3,0,1,0,1,0,0,0,0,0,0,7.55262E+20,5.39316E+21,1.24652E+16,4.86393E+16
182783,9,6,76,169,2018,7,19,3,3,5,3,0,0,1,0,1,0,0,0,5.11501E+20,5.51594E+21,9.15981E+15,4.97958E+16
182784,9,1,80,117,2018,7,11,2,2,0,1,0,1,0,0,0,0,0,0,6.58257E+20,5.26267E+21,1.11013E+16,4.74982E+16
182785,9,5,62,0,2018,7,17,3,3,0,7,0,1,0,0,0,0,0,0,6.41949E+20,5.49231E+21,1.09631E+16,4.95667E+16
182786,9,5,62,0,2018,7,12,3,3,2,6,0,0,1,0,0,0,0,0,6.44337E+20,5.49512E+21,1.09972E+16,4.95914E+16
182787,9,5,76,128,2018,7,6,3,3,5,3,0,0,1,0,0,0,0,0,6.43594E+20,5.46446E+21,1.09758E+16,4.9316E+16
182788,9,5,65,0,2018,7,16,3,3,0,7,0,1,0,0,0,0,0,0,6.48035E+20,5.4659E+21,1.10374E+16,4.93278E+16
182789,9,1,80,117,2018,7,15,2,3,9,1,0,0,0,0,0,0,1,0,6.58846E+20,5.2649E+21,1.11099E+16,4.75181E+16
182790,9,5,63,0,2018,7,22,3,3,5,3,2,0,1,0,0,0,0,0,6.4407E+20,5.4818E+21,1.09886E+16,4.94717E+16
182791,9,1,89,160,2018,7,18,2,3,0,1,0,1,0,0,0,0,0,0,7.59095E+20,5.29295E+21,1.24561E+16,4.77378E+16
182792,9,1,72,118,2018,7,18,2,3,5,2,0,1,1,0,0,0,0,0,7.9683E+20,5.30662E+21,1.29676E+16,4.78443E+16
182793,9,5,64,0,2018,7,19,3,3,5,3,0,1,1,0,0,0,0,0,6.47439E+20,5.48138E+21,1.10349E+16,4.94672E+16
182794,9,1,72,111,2018,7,14,2,3,0,2,0,1,1,0,0,0,0,0,7.95884E+20,5.30362E+21,1.29529E+16,4.78178E+16
182795,9,5,64,0,2018,7,5,3,3,2,6,0,0,1,0,0,0,0,0,6.51498E+20,5.48223E+21,1.10913E+16,4.94738E+16
182796,9,1,72,118,2018,7,6,2,2,0,7,1,1,0,0,0,0,0,0,7.97239E+20,5.30683E+21,1.29732E+16,4.7846E+16
182797,9,1,71,112,2018,7,18,2,3,0,3,0,0,1,0,0,0,0,0,7.83033E+20,5.34109E+21,1.28063E+16,4.816E+16
182798,9,5,64,0,2018,7,10,3,3,5,3,0,1,1,0,0,0,0,0,6.50884E+20,5.48069E+21,1.10822E+16,4.94601E+16
182799,9,1,63,0,2018,7,15,2,3,1,3,0,1,0,0,0,0,0,0,7.32458E+20,5.3046E+21,1.21076E+16,4.78526E+16
182800,9,1,63,0,2018,7,18,2,2,5,2,0,0,1,0,1,0,0,0,7.3373E+20,5.30367E+21,1.2124E+16,4.78439E+16
182801,9,5,64,0,2018,7,21,3,2,0,1,0,1,0,0,0,0,0,0,6.4882E+20,5.46999E+21,1.10497E+16,4.93644E+16
182802,9,1,87,168,2018,7,16,2,3,0,7,0,1,0,0,0,0,0,0,7.49645E+20,5.30884E+21,1.23394E+16,4.78843E+16
182803,9,5,64,0,2018,7,8,3,2,0,5,0,1,1,0,0,0,0,0,6.51926E+20,5.48339E+21,1.10976E+16,4.94841E+16
182804,9,1,87,154,2018,7,16,2,2,0,7,0,1,0,0,0,0,0,0,7.35639E+20,5.29701E+21,1.21459E+16,4.77833E+16
182805,9,1,85,149,2018,7,19,2,3,0,1,0,0,0,0,1,0,0,0,6.58912E+20,5.40132E+21,1.11617E+16,4.87446E+16
182806,9,5,64,0,2018,7,13,3,3,5,3,0,0,1,0,1,0,0,0,6.46183E+20,5.47716E+21,1.10161E+16,4.94295E+16
182807,9,1,75,132,2018,7,11,2,2,0,7,0,1,1,0,0,0,0,0,7.05881E+20,5.33135E+21,1.17655E+16,4.81021E+16
182808,9,5,73,120,2018,7,14,3,2,1,1,0,0,1,0,0,0,0,0,6.29456E+20,5.48388E+21,1.07877E+16,4.94937E+16
182809,9,1,77,115,2018,7,14,2,2,0,1,0,1,0,0,0,0,0,1,7.35442E+20,5.35101E+21,1.21729E+16,4.82685E+16
182810,9,1,62,0,2018,7,0,1,2,1,5,2,1,1,0,0,0,0,1,6.8932E+20,5.33482E+21,1.15449E+16,4.81384E+16