OBJECTID_1,ULAND,UREGBEZ,UKREIS,UGEMEINDE,UJAHR,UMONAT,USTUNDE,UWOCHENTAG,UKATEGORIE,UART,UTYP1,ULICHTVERH,IstRad,IstPKW,IstFuss,IstKrad,IstGkfz,IstSonstig,STRZUSTAND,LINREFX,LINREFY,XGCSWGS84,YGCSWGS84
182811,9,5,77,177,2018,7,19,3,2,0,3,0,1,0,0,0,0,0,0,6.44575E+20,5.43317E+21,1.0978E+16,4.90344E+16
182812,9,5,75,113,2018,7,16,3,3,5,3,0,0,1,0,0,0,1,0,6.13325E+20,5.50057E+21,1.05698E+16,4.9647E+16
182813,9,1,62,0,2018,7,16,1,3,2,5,0,0,1,0,0,0,0,0,6.96996E+20,5.3316E+21,1.16464E+16,4.81072E+16
182814,9,5,61,0,2018,7,15,3,3,0,1,0,1,0,0,0,0,0,0,6.14787E+20,5.4625E+21,1.0579E+16,4.93045E+16
182815,9,1,62,0,2018,7,14,1,3,8,7,0,0,1,0,0,0,0,1,6.88903E+20,5.3337E+21,1.15388E+16,4.81285E+16
182816,9,4,75,175,2018,7,12,3,3,5,3,0,0,1,0,0,0,0,0,6.92318E+20,5.55834E+21,1.16918E+16,5.0146E+16
182817,9,1,62,0,2018,7,0,1,3,5,3,2,0,1,0,0,0,0,1,6.79382E+20,5.33411E+21,1.14111E+16,4.81349E+16
182818,9,1,62,0,2018,7,5,1,3,5,3,1,0,1,0,0,0,0,1,6.90879E+20,5.33427E+21,1.15655E+16,4.8133E+16
182819,9,4,79,152,2018,7,10,3,3,1,7,0,0,1,0,0,0,0,0,7.23313E+20,5.56232E+21,1.21274E+16,5.0171E+16
182820,9,1,62,0,2018,7,20,1,3,0,1,1,0,0,0,1,0,0,1,6.90333E+20,5.34022E+21,1.15609E+16,4.81867E+16
182821,9,4,73,120,2018,7,6,3,3,5,3,0,0,1,0,1,0,1,0,6.41956E+20,5.57201E+21,1.09926E+16,5.02831E+16
182822,9,1,62,0,2018,7,20,1,3,1,5,1,0,1,0,0,0,0,0,6.90631E+20,5.34092E+21,1.15652E+16,4.81929E+16
182823,9,1,62,0,2018,7,4,1,2,5,3,2,0,1,0,0,0,0,1,6.90897E+20,5.3331E+21,1.15653E+16,4.81225E+16
182824,9,4,77,128,2018,7,9,3,3,3,2,0,1,1,0,0,0,0,0,6.75445E+20,5.55373E+21,1.14538E+16,5.01098E+16
182825,9,1,62,0,2018,7,13,1,3,5,3,0,0,1,0,0,0,0,1,6.85964E+20,5.33439E+21,1.14996E+16,4.81356E+16
182826,9,4,72,119,2018,7,7,3,3,0,3,0,1,1,0,0,0,0,0,6.87682E+20,5.53928E+21,1.16177E+16,4.99763E+16
182827,9,4,62,0,2018,7,16,3,3,5,3,0,1,1,0,0,0,0,0,6.83422E+20,5.53429E+21,1.1556E+16,4.99328E+16
182828,9,4,74,135,2018,7,15,3,3,5,3,0,1,1,0,0,0,0,0,6.4461E+20,5.50624E+21,1.10051E+16,4.96914E+16
182829,9,4,61,0,2018,7,10,3,3,5,3,0,1,1,0,0,0,0,0,6.36387E+20,5.52754E+21,1.08986E+16,4.98847E+16
182830,9,3,75,170,2018,7,11,3,3,0,6,0,1,0,0,0,0,0,0,7.39333E+20,5.4305E+21,1.22711E+16,4.8981E+16
182831,9,3,62,0,2018,7,17,3,3,5,3,0,0,1,0,1,0,0,0,7.26178E+20,5.4335E+21,1.20933E+16,4.90129E+16
182832,9,3,62,0,2018,7,7,3,3,2,6,0,1,0,0,0,0,0,0,7.27843E+20,5.43391E+21,1.21163E+16,4.90159E+16
182833,9,2,71,146,2018,7,19,3,3,4,1,0,1,0,0,0,0,0,0,7.83289E+20,5.41166E+21,1.28576E+16,4.87933E+16
182834,9,2,71,122,2018,7,7,3,3,5,7,0,1,1,0,0,0,0,0,7.90678E+20,5.4223E+21,1.29655E+16,4.88854E+16
182835,9,2,75,156,2018,7,19,3,3,9,1,0,0,1,0,0,0,0,0,8.51489E+20,5.39582E+21,1.37697E+16,4.86165E+16
182836,9,1,62,0,2018,7,18,1,3,3,6,0,1,1,0,0,0,0,1,6.90447E+20,5.33649E+21,1.15607E+16,4.81531E+16
182837,9,7,63,0,2018,7,9,1,3,9,1,0,1,0,0,0,0,0,1,6.00675E+20,5.28596E+21,1.03424E+16,4.77191E+16
182838,9,2,75,154,2018,7,17,3,3,8,1,0,0,0,0,1,0,0,0,8.05499E+20,5.39195E+21,1.31446E+16,4.8606E+16
182839,9,7,62,0,2018,7,14,1,3,5,3,0,0,1,0,0,0,0,0,6.21942E+20,5.30564E+21,1.06313E+16,4.78925E+16
182840,9,2,75,124,2018,7,8,3,3,5,3,0,0,1,0,0,0,0,0,8.09991E+20,5.37521E+21,1.3193E+16,4.84536E+16
182841,9,2,75,141,2018,7,17,3,3,5,3,0,0,1,0,0,0,0,0,8.14624E+20,5.36822E+21,1.32502E+16,4.83886E+16
182842,9,7,61,0,2018,7,7,1,3,0,1,0,1,0,0,0,0,0,1,6.39081E+20,5.35855E+21,1.08778E+16,4.83648E+16
182843,9,2,61,0,2018,7,7,3,3,6,4,0,0,1,1,0,0,0,0,7.34095E+20,5.38153E+21,1.21718E+16,4.85431E+16
182844,9,7,61,0,2018,7,1,1,3,5,1,2,0,1,0,0,0,0,1,6.38853E+20,5.35554E+21,1.08737E+16,4.83377E+16
182845,9,2,61,0,2018,7,11,3,3,9,1,0,1,0,0,0,0,0,0,7.32061E+20,5.3793E+21,1.21431E+16,4.85239E+16
182846,9,6,63,0,2018,7,22,1,3,6,7,1,0,1,1,0,0,0,0,5.66222E+20,5.51811E+21,9.92044E+15,4.98118E+16
182847,9,2,74,126,2018,7,16,3,3,0,7,0,1,0,0,0,0,0,0,7.34095E+20,5.38539E+21,1.2174E+16,4.85778E+16
182848,9,6,63,0,2018,7,12,1,3,2,7,0,0,1,0,1,0,0,0,5.68458E+20,5.51688E+21,9.9513E+15,4.98005E+16
182849,9,1,73,120,2018,7,19,3,3,4,6,0,1,1,0,0,0,0,0,6.84038E+20,5.3132E+21,1.14646E+16,4.79456E+16
182850,9,6,63,0,2018,7,9,1,3,5,3,0,1,1,0,0,0,0,1,5.70362E+20,5.51686E+21,9.97775E+15,4.98001E+16
182851,9,1,90,157,2018,7,12,3,3,6,7,0,0,1,1,0,0,0,0,6.605E+20,5.3004E+21,1.11449E+16,4.78369E+16
182852,9,6,77,133,2018,7,18,1,2,3,7,0,1,0,0,0,0,0,0,5.53225E+20,5.55331E+21,9.74468E+15,5.01296E+16
182853,9,5,62,0,2018,7,2,1,3,1,5,2,1,1,0,0,0,0,0,6.44743E+20,5.49604E+21,1.10031E+16,4.95996E+16
182854,9,5,64,0,2018,7,17,1,2,1,7,0,0,1,0,0,0,1,0,6.49972E+20,5.47835E+21,1.10687E+16,4.94393E+16
182855,9,1,90,145,2018,7,9,3,3,0,1,0,1,0,0,0,0,0,0,6.45332E+20,5.2904E+21,1.0939E+16,4.77506E+16
182856,9,1,90,132,2018,7,10,3,3,0,1,0,1,0,0,0,0,0,0,6.75696E+20,5.29339E+21,1.1345E+16,4.77699E+16
182857,9,5,64,0,2018,7,8,1,2,4,6,0,1,0,0,0,0,0,1,6.51203E+20,5.47997E+21,1.10863E+16,4.94535E+16
182858,9,1,80,124,2018,7,9,3,3,5,3,0,1,1,0,0,0,0,0,6.64761E+20,5.28286E+21,1.11952E+16,4.76781E+16
182859,9,4,79,152,2018,7,14,1,2,2,2,0,0,1,0,1,0,0,0,7.23335E+20,5.56354E+21,1.21284E+16,5.01819E+16
182860,9,1,80,123,2018,7,7,3,3,0,1,0,0,0,0,0,0,1,0,6.70471E+20,5.25639E+21,1.12609E+16,4.74387E+16
182861,9,4,63,0,2018,7,17,1,3,9,1,0,0,0,0,1,0,0,1,6.46014E+20,5.57081E+21,1.1049E+16,5.02713E+16
182862,9,1,80,125,2018,7,13,3,3,5,3,0,0,1,0,0,0,0,0,6.55415E+20,5.27387E+21,1.10675E+16,4.75996E+16
182863,9,1,80,117,2018,7,15,3,2,0,1,0,1,0,0,0,0,0,0,6.57207E+20,5.26207E+21,1.10871E+16,4.74931E+16
182864,9,4,74,126,2018,7,2,1,3,6,4,2,0,1,1,0,0,0,0,6.48362E+20,5.51007E+21,1.10585E+16,4.97248E+16
182865,9,1,73,135,2018,7,7,3,3,0,7,0,1,0,0,0,0,0,0,6.93275E+20,5.28486E+21,1.15756E+16,4.76882E+16
182866,9,4,61,0,2018,7,2,1,3,0,7,2,1,0,0,0,0,0,0,6.36818E+20,5.52795E+21,1.09047E+16,4.98883E+16
182867,9,1,83,119,2018,7,12,3,3,0,1,0,1,0,0,0,0,0,0,7.36253E+20,5.33918E+21,1.21772E+16,4.8162E+16
182868,9,4,61,0,2018,7,14,1,3,1,7,0,1,1,0,0,0,0,0,6.34395E+20,5.52725E+21,1.08708E+16,4.98826E+16
182869,9,1,89,119,2018,7,16,3,2,5,3,0,1,0,0,0,0,0,0,7.64903E+20,5.30518E+21,1.25409E+16,4.78453E+16
182870,9,3,77,158,2018,7,7,1,3,7,2,0,0,1,0,0,0,0,1,7.36959E+20,5.54437E+21,1.2307E+16,5.00044E+16
182871,9,3,77,112,2018,7,17,1,3,5,3,0,1,1,0,0,0,0,0,7.42854E+20,5.52657E+21,1.23779E+16,4.98423E+16
182872,9,1,71,112,2018,7,9,3,3,0,1,0,1,0,0,0,0,0,0,7.84617E+20,5.34258E+21,1.28286E+16,4.81727E+16
182873,9,3,62,0,2018,7,22,1,2,0,7,2,1,0,0,0,0,0,0,7.25746E+20,5.43415E+21,1.20878E+16,4.90189E+16
182874,9,1,71,111,2018,7,23,3,3,0,7,2,0,0,0,1,0,0,0,7.72962E+20,5.34747E+21,1.26753E+16,4.82217E+16
182875,9,1,87,182,2018,7,16,3,3,6,7,0,0,1,1,0,0,0,0,7.38924E+20,5.32819E+21,1.2207E+16,4.80622E+16
182876,9,2,75,127,2018,7,9,1,3,5,3,0,0,1,0,0,0,0,1,8.08397E+20,5.40097E+21,1.31905E+16,4.86855E+16
182877,9,1,87,130,2018,7,14,3,2,0,1,0,1,0,0,0,0,0,0,7.12323E+20,5.31031E+21,1.18416E+16,4.79109E+16
182878,9,1,90,140,2018,7,17,1,2,5,2,0,0,1,0,0,0,0,1,6.43907E+20,5.29557E+21,1.09217E+16,4.77974E+16
182879,9,1,61,0,2018,7,12,3,3,0,7,0,1,0,1,0,0,0,0,6.77919E+20,5.40282E+21,1.14206E+16,4.87529E+16
182880,9,1,90,154,2018,7,5,1,1,8,1,1,0,1,0,0,0,0,1,6.40596E+20,5.28284E+21,1.08734E+16,4.76836E+16
182881,9,1,80,129,2018,7,16,1,3,4,6,0,1,1,0,0,0,0,0,6.51207E+20,5.27941E+21,1.10135E+16,4.76504E+16
182882,9,1,61,0,2018,7,17,3,2,1,5,0,1,1,0,0,0,0,0,6.78034E+20,5.40432E+21,1.14229E+16,4.87664E+16
182883,9,1,63,0,2018,7,16,1,3,1,5,0,0,1,0,0,0,0,0,7.31711E+20,5.3041E+21,1.20973E+16,4.78484E+16
182884,9,1,61,0,2018,7,20,3,3,7,7,1,0,0,1,1,0,0,0,6.78189E+20,5.40202E+21,1.1424E+16,4.87457E+16
182885,9,1,76,139,2018,7,19,1,3,8,7,0,0,1,0,0,0,0,0,6.82657E+20,5.41003E+21,1.14882E+16,4.88164E+16
182886,9,1,77,117,2018,7,1,1,3,5,3,2,0,1,0,0,0,0,1,7.15082E+20,5.35293E+21,1.18999E+16,4.8293E+16
182887,9,1,76,126,2018,7,10,3,3,2,6,0,0,1,0,0,0,0,0,6.74541E+20,5.40652E+21,1.13763E+16,4.87872E+16
182888,9,1,75,122,2018,7,15,1,2,5,3,0,0,1,0,0,0,0,1,7.19372E+20,5.32525E+21,1.19434E+16,4.80428E+16
182889,9,1,85,149,2018,7,14,3,3,0,7,0,1,0,0,0,0,0,0,6.60432E+20,5.40055E+21,1.1182E+16,4.87373E+16
182890,9,1,61,0,2018,7,21,3,3,5,3,2,1,1,0,0,0,0,0,6.79159E+20,5.40567E+21,1.14387E+16,4.87782E+16
182891,9,1,62,0,2018,7,13,7,3,0,7,0,0,1,0,0,0,0,1,6.90352E+20,5.33442E+21,1.15585E+16,4.81345E+16
182892,9,1,76,123,2018,7,10,3,3,6,4,0,0,1,1,0,0,0,0,6.60013E+20,5.41789E+21,1.11831E+16,4.88933E+16
182893,9,1,62,0,2018,7,4,7,3,4,2,2,0,1,0,0,0,0,1,6.90172E+20,5.33372E+21,1.15558E+16,4.81283E+16
182894,9,1,79,142,2018,7,21,3,3,0,1,1,1,0,0,0,0,0,0,6.71346E+20,5.3409E+21,1.13059E+16,4.81982E+16
182895,9,1,62,0,2018,7,13,7,3,1,5,0,1,1,0,0,0,0,1,6.89854E+20,5.33532E+21,1.15523E+16,4.81428E+16
182896,9,1,62,0,2018,7,10,7,2,0,1,0,1,0,0,0,0,0,1,6.89823E+20,5.33459E+21,1.15515E+16,4.81362E+16
182897,9,1,88,121,2018,7,8,3,3,0,2,0,0,0,0,1,0,1,0,6.70721E+20,5.32946E+21,1.12929E+16,4.80955E+16
182898,9,1,62,0,2018,7,22,7,2,6,4,2,0,1,1,0,0,0,1,6.93625E+20,5.3337E+21,1.16022E+16,4.81271E+16
182899,9,1,62,0,2018,7,14,7,2,0,7,0,1,1,0,1,0,0,1,6.91558E+20,5.33386E+21,1.15745E+16,4.81292E+16
182900,9,1,81,144,2018,7,19,3,3,0,1,0,1,0,0,0,0,0,0,6.53224E+20,5.32142E+21,1.10552E+16,4.80277E+16
182901,9,1,62,0,2018,7,11,7,2,0,1,0,1,0,0,0,0,0,1,6.86821E+20,5.34144E+21,1.15142E+16,4.81987E+16
182902,9,1,74,115,2018,7,19,3,3,1,3,0,0,1,0,1,0,0,0,6.82365E+20,5.34859E+21,1.14574E+16,4.82643E+16
182903,9,1,74,115,2018,7,18,3,3,2,6,0,1,1,0,0,0,0,0,6.82525E+20,5.34808E+21,1.14593E+16,4.82596E+16
182904,9,1,62,0,2018,7,18,7,3,4,6,0,0,1,0,1,0,0,1,6.91296E+20,5.33435E+21,1.15712E+16,4.81336E+16
182905,9,1,78,124,2018,7,8,3,3,2,6,0,0,1,0,0,0,0,0,7.04466E+20,5.35911E+21,1.176E+16,4.83521E+16
182906,9,1,62,0,2018,7,12,7,3,0,7,0,0,1,0,1,0,0,1,6.90866E+20,5.33666E+21,1.15664E+16,4.81545E+16
182907,9,1,75,139,2018,7,15,3,3,1,5,0,0,0,0,1,0,1,0,7.10391E+20,5.32903E+21,1.18249E+16,4.80798E+16
182908,9,1,62,0,2018,7,16,7,3,3,6,0,0,1,0,1,0,0,0,6.90926E+20,5.3362E+21,1.1567E+16,4.81503E+16
182909,9,7,64,0,2018,7,15,7,3,5,3,0,0,1,0,0,0,0,0,5.87264E+20,5.3161E+21,1.01697E+16,4.79923E+16
182910,9,7,74,150,2018,7,1,7,3,7,7,2,1,0,0,0,0,0,0,6.01061E+20,5.34261E+21,1.03608E+16,4.82286E+16
182911,9,1,78,124,2018,7,15,3,3,0,6,0,1,1,0,0,0,0,0,7.06757E+20,5.36345E+21,1.1793E+16,4.83903E+16
182912,9,1,77,133,2018,7,6,3,2,4,6,0,0,0,0,1,1,0,0,7.12089E+20,5.3564E+21,1.18614E+16,4.83252E+16
182913,9,7,63,0,2018,7,0,7,3,0,1,2,0,0,0,1,0,0,0,5.97352E+20,5.28797E+21,1.02985E+16,4.77377E+16
182914,9,1,77,117,2018,7,10,3,3,5,3,0,1,1,0,0,0,0,0,7.16343E+20,5.35662E+21,1.19188E+16,4.83257E+16
182915,9,1,62,0,2018,7,20,2,3,0,1,0,1,0,0,0,0,0,0,6.90269E+20,5.33493E+21,1.15577E+16,4.81391E+16
182916,9,7,76,116,2018,7,16,7,3,1,6,0,1,1,0,0,0,1,0,5.49392E+20,5.2676E+21,9.65657E+15,4.756E+16
182917,9,1,62,0,2018,7,16,2,3,1,6,0,0,1,0,0,1,0,0,6.90325E+20,5.33589E+21,1.15588E+16,4.81478E+16
182918,9,7,62,0,2018,7,15,7,3,0,3,0,1,0,0,0,0,0,0,6.21746E+20,5.30493E+21,1.06285E+16,4.78861E+16
182919,9,1,62,0,2018,7,19,2,3,0,2,0,0,0,0,1,0,1,0,6.88832E+20,5.33241E+21,1.15372E+16,4.81169E+16
182920,9,7,77,129,2018,7,8,7,3,5,3,0,1,1,0,0,0,0,1,6.27832E+20,5.27014E+21,1.06997E+16,4.75721E+16
182921,9,7,77,121,2018,7,10,7,3,0,3,0,1,0,0,0,0,0,1,6.282E+20,5.3211E+21,1.07196E+16,4.80303E+16
182922,9,1,62,0,2018,7,18,2,3,4,6,0,1,0,0,0,0,0,0,6.92938E+20,5.33641E+21,1.15942E+16,4.81516E+16
182923,9,1,62,0,2018,7,18,2,3,5,3,0,1,1,0,0,0,0,0,6.86223E+20,5.33281E+21,1.15024E+16,4.81213E+16
182924,9,7,61,0,2018,7,11,7,3,5,3,0,0,1,0,0,0,0,1,6.44225E+20,5.35813E+21,1.09471E+16,4.83599E+16
182925,9,1,62,0,2018,7,8,2,3,6,4,0,1,0,1,0,1,0,0,6.91475E+20,5.33396E+21,1.15734E+16,4.81301E+16
182926,9,7,61,0,2018,7,12,7,3,9,1,0,0,1,1,0,0,0,1,6.40445E+20,5.35956E+21,1.08965E+16,4.83736E+16
182927,9,1,62,0,2018,7,12,2,3,3,6,0,1,1,0,0,0,0,0,6.88294E+20,5.33053E+21,1.15292E+16,4.81001E+16
182928,9,6,63,0,2018,7,12,7,3,5,3,0,1,1,0,0,0,0,1,5.67142E+20,5.51851E+21,9.9333E+15,4.98153E+16
182929,9,6,78,176,2018,7,10,7,3,5,7,0,0,1,0,0,0,0,1,5.89473E+20,5.53835E+21,1.02482E+16,4.99907E+16
182930,9,1,62,0,2018,7,18,2,3,6,2,0,0,1,1,0,0,0,0,6.80407E+20,5.33474E+21,1.14251E+16,4.81403E+16
182931,9,5,76,151,2018,7,9,7,3,5,3,0,0,1,0,1,0,0,1,6.54315E+20,5.46851E+21,1.11248E+16,4.93498E+16
182932,9,1,62,0,2018,7,19,2,3,5,7,0,1,0,0,1,0,0,1,6.91283E+20,5.33697E+21,1.15722E+16,4.81571E+16
182933,9,5,63,0,2018,7,11,7,3,4,2,0,0,1,0,0,0,0,1,6.45874E+20,5.48144E+21,1.10134E+16,4.9468E+16
182934,9,1,62,0,2018,7,18,2,3,5,3,0,1,0,0,0,0,0,0,6.91388E+20,5.33571E+21,1.1573E+16,4.81458E+16
182935,9,5,63,0,2018,7,14,7,3,5,3,0,0,1,0,1,0,0,1,6.45099E+20,5.48471E+21,1.10039E+16,4.94977E+16
182936,9,1,62,0,2018,7,13,2,3,0,6,0,0,1,0,0,0,1,0,6.90301E+20,5.33495E+21,1.15581E+16,4.81393E+16
182937,9,1,62,0,2018,7,9,2,2,4,2,0,0,1,0,1,0,0,0,6.93169E+20,5.33981E+21,1.15988E+16,4.81822E+16
182938,9,5,64,0,2018,7,18,7,3,0,1,0,1,0,0,0,0,0,1,6.54052E+20,5.48114E+21,1.11261E+16,4.94634E+16
182939,9,1,62,0,2018,7,7,2,3,1,3,0,1,1,0,0,0,0,0,6.90272E+20,5.33493E+21,1.15577E+16,4.81391E+16
182940,9,5,64,0,2018,7,16,7,3,0,1,0,1,0,0,0,0,0,1,6.49408E+20,5.47923E+21,1.10613E+16,4.94473E+16
182941,9,1,62,0,2018,7,17,2,3,6,4,0,1,0,1,0,0,0,0,6.86264E+20,5.3362E+21,1.15044E+16,4.81517E+16
182942,9,5,64,0,2018,7,10,7,2,0,1,0,1,0,0,0,0,0,1,6.51011E+20,5.48024E+21,1.10838E+16,4.9456E+16
182943,9,5,64,0,2018,7,0,7,3,5,3,2,0,1,0,1,0,0,0,6.50033E+20,5.47923E+21,1.10699E+16,4.94472E+16
182944,9,1,84,122,2018,7,9,2,3,0,6,0,0,1,0,1,0,0,1,6.88095E+20,5.32349E+21,1.15234E+16,4.8037E+16
182945,9,5,64,0,2018,7,16,7,3,0,3,0,0,1,0,1,0,0,1,6.50803E+20,5.47915E+21,1.10805E+16,4.94463E+16
182946,9,1,62,0,2018,7,20,2,3,0,7,1,1,1,0,0,0,0,1,6.86709E+20,5.32904E+21,1.15073E+16,4.80872E+16
182947,9,1,62,0,2018,7,9,2,3,6,4,0,0,0,1,1,0,0,0,6.94588E+20,5.33596E+21,1.16161E+16,4.81471E+16
182948,9,5,71,166,2018,7,19,7,2,4,6,0,1,1,0,0,0,0,1,6.08941E+20,5.45444E+21,1.04965E+16,4.9233E+16
182949,9,1,62,0,2018,7,18,2,3,6,7,0,1,0,1,0,0,0,0,6.92181E+20,5.33351E+21,1.15827E+16,4.81258E+16
182950,9,4,75,136,2018,7,14,7,3,0,1,0,0,0,0,1,0,0,0,6.96089E+20,5.56911E+21,1.17501E+16,5.02416E+16
182951,9,1,62,0,2018,7,10,2,3,6,2,0,0,1,1,0,0,0,0,6.90507E+20,5.33497E+21,1.15609E+16,4.81394E+16
182952,9,4,73,159,2018,7,17,7,3,2,6,0,0,1,0,0,0,0,1,6.45026E+20,5.57289E+21,1.1036E+16,5.02903E+16
182953,9,1,62,0,2018,7,9,2,3,5,2,0,1,1,0,0,0,0,0,6.91725E+20,5.33806E+21,1.15786E+16,4.81669E+16
182954,9,4,77,128,2018,7,16,7,3,0,7,0,1,0,0,0,0,0,1,6.74387E+20,5.55504E+21,1.14396E+16,5.01219E+16
182955,9,7,63,0,2018,7,10,2,3,6,4,0,0,1,1,0,0,0,0,5.98611E+20,5.28593E+21,1.03148E+16,4.77192E+16
182956,9,3,74,133,2018,7,10,7,2,0,1,0,1,0,0,0,0,0,0,7.2655E+20,5.49884E+21,1.21354E+16,4.95996E+16
182957,9,3,75,118,2018,7,17,7,3,4,1,0,0,1,0,1,0,0,0,7.04878E+20,5.44201E+21,1.18067E+16,4.90968E+16
182958,9,7,63,0,2018,7,12,2,2,9,1,0,0,1,0,0,0,0,0,5.9763E+20,5.28484E+21,1.03015E+16,4.77096E+16
182959,9,3,62,0,2018,7,9,7,3,2,6,0,0,1,0,0,0,0,0,7.30826E+20,5.43366E+21,1.21569E+16,4.90126E+16
182960,9,7,80,134,2018,7,7,2,2,3,6,0,1,0,0,0,0,0,1,5.9479E+20,5.26275E+21,1.02589E+16,4.75112E+16
182961,9,7,76,116,2018,7,11,2,3,0,1,0,1,0,0,0,0,0,0,5.50976E+20,5.26744E+21,9.67761E+15,4.75584E+16
182962,9,2,76,148,2018,7,14,7,3,6,7,0,0,1,1,0,0,0,0,8.099E+20,5.43774E+21,1.32387E+16,4.90146E+16
182963,9,7,80,115,2018,7,15,2,3,5,2,0,1,1,0,0,0,0,0,5.9465E+20,5.26627E+21,1.02578E+16,4.7543E+16
182964,9,2,71,119,2018,7,11,7,3,2,7,0,1,1,0,0,0,0,0,7.89394E+20,5.41668E+21,1.2944E+16,4.88355E+16
182965,9,7,80,124,2018,7,12,2,3,0,2,0,0,1,0,0,0,1,0,5.92439E+20,5.26773E+21,1.02287E+16,4.75564E+16
182966,9,2,71,119,2018,7,14,7,2,0,7,0,1,0,0,0,0,0,0,7.92123E+20,5.41422E+21,1.29794E+16,4.88122E+16
182967,9,2,78,129,2018,7,15,7,2,9,7,0,0,0,0,0,1,0,0,7.73146E+20,5.43834E+21,1.27376E+16,4.90373E+16
182968,9,7,79,194,2018,7,12,2,3,6,4,0,0,1,1,0,0,0,0,6.09317E+20,5.4118E+21,1.04901E+16,4.88495E+16
182969,9,7,72,148,2018,7,16,2,3,5,3,0,1,1,0,0,0,0,0,6.28215E+20,5.35411E+21,1.07298E+16,4.83272E+16
182970,9,2,72,147,2018,7,11,7,3,0,7,0,0,0,0,1,0,1,0,8.17334E+20,5.41866E+21,1.33253E+16,4.88396E+16
182971,9,2,74,128,2018,7,12,7,3,2,2,0,0,1,0,0,0,1,1,7.35051E+20,5.38802E+21,1.21884E+16,4.86011E+16
182972,9,2,61,0,2018,7,15,7,3,2,2,0,0,1,0,0,0,0,0,7.31698E+20,5.38188E+21,1.21396E+16,4.85472E+16
182973,9,7,72,166,2018,7,21,2,2,8,1,2,0,0,0,1,0,0,0,6.31853E+20,5.38122E+21,1.07874E+16,4.85702E+16
182974,9,7,72,147,2018,7,11,2,3,5,3,0,1,1,0,0,0,0,0,6.38519E+20,5.36473E+21,1.08722E+16,4.84205E+16
182975,9,2,61,0,2018,7,15,7,3,5,3,0,1,1,0,0,0,0,0,7.32014E+20,5.382E+21,1.21439E+16,4.85481E+16
182976,9,7,61,0,2018,7,19,2,3,0,1,0,1,0,0,0,0,0,0,6.38859E+20,5.35585E+21,1.08739E+16,4.83406E+16
182977,9,2,73,116,2018,7,18,7,3,5,3,0,0,1,0,1,0,0,0,7.22614E+20,5.42454E+21,1.20397E+16,4.89337E+16
182978,9,7,61,0,2018,7,17,2,3,2,6,0,1,1,0,0,0,0,0,6.40487E+20,5.35805E+21,1.08966E+16,4.836E+16
182979,9,1,73,120,2018,7,11,7,3,8,1,0,0,0,0,0,0,1,1,6.91381E+20,5.31287E+21,1.15627E+16,4.79406E+16
182980,9,6,63,0,2018,7,15,2,3,5,2,0,1,1,0,0,0,0,0,5.68979E+20,5.51488E+21,9.95819E+15,4.97824E+16
182981,9,6,63,0,2018,7,13,2,3,5,3,0,0,1,0,1,0,0,0,5.68612E+20,5.51584E+21,9.95326E+15,4.97911E+16
182982,9,1,89,157,2018,7,0,7,2,7,1,2,0,0,0,1,0,0,0,7.66124E+20,5.32697E+21,1.25706E+16,4.80405E+16
182983,9,6,63,0,2018,7,8,2,3,2,6,0,0,1,0,0,0,0,0,5.6869E+20,5.51667E+21,9.95448E+15,4.97986E+16
182984,9,7,74,198,2018,7,15,3,3,5,3,0,0,0,0,0,1,1,0,6.14343E+20,5.34994E+21,1.05416E+16,4.82923E+16
182985,9,1,89,134,2018,7,17,7,2,0,7,0,1,0,0,0,0,0,0,7.71766E+20,5.32115E+21,1.26424E+16,4.79859E+16
182986,9,6,79,118,2018,7,9,2,2,5,3,0,0,1,0,1,0,0,0,5.73024E+20,5.48503E+21,1.00088E+16,4.95135E+16
182987,9,1,89,159,2018,7,0,7,3,0,7,2,1,0,0,0,0,0,0,7.61466E+20,5.30244E+21,1.24933E+16,4.78221E+16
182988,9,6,62,0,2018,7,10,2,3,2,6,0,0,1,0,0,0,0,0,5.87928E+20,5.54408E+21,1.0228E+16,5.00425E+16
182989,9,1,71,113,2018,7,17,7,3,5,3,0,0,1,0,0,0,0,0,7.76606E+20,5.34223E+21,1.27208E+16,4.81731E+16
182990,9,5,62,0,2018,7,7,2,3,1,5,0,1,1,0,0,0,0,0,6.41539E+20,5.49485E+21,1.09584E+16,4.95897E+16
182991,9,1,71,125,2018,7,5,7,3,8,1,0,0,1,0,0,0,0,0,7.73E+20,5.34955E+21,1.26771E+16,4.82403E+16
182992,9,1,82,131,2018,7,20,7,3,0,7,0,1,0,0,0,0,0,0,7.14418E+20,5.29091E+21,1.186E+16,4.77359E+16
182993,9,5,62,0,2018,7,11,2,3,2,6,0,0,1,0,0,1,0,0,6.43923E+20,5.49259E+21,1.09905E+16,4.95688E+16
182994,9,1,61,0,2018,7,3,7,3,5,1,2,1,1,0,0,0,0,0,6.78098E+20,5.4042E+21,1.14237E+16,4.87653E+16
182995,9,5,64,0,2018,7,17,2,3,6,1,0,1,0,1,0,0,0,0,6.50786E+20,5.47864E+21,1.10801E+16,4.94417E+16
182996,9,5,64,0,2018,7,22,2,3,5,3,2,1,1,0,0,0,0,0,6.51117E+20,5.48078E+21,1.10854E+16,4.94609E+16
182997,9,1,76,123,2018,7,11,7,3,2,2,0,0,1,0,0,0,0,1,6.61085E+20,5.41728E+21,1.11975E+16,4.88875E+16