OBJECTID_1,ULAND,UREGBEZ,UKREIS,UGEMEINDE,UJAHR,UMONAT,USTUNDE,UWOCHENTAG,UKATEGORIE,UART,UTYP1,ULICHTVERH,IstRad,IstPKW,IstFuss,IstKrad,IstGkfz,IstSonstig,STRZUSTAND,LINREFX,LINREFY,XGCSWGS84,YGCSWGS84
182998,9,5,64,0,2018,7,13,2,3,6,1,0,1,0,1,0,0,0,0,6.51038E+20,5.47892E+21,1.10836E+16,4.94442E+16
182999,9,1,79,134,2018,7,0,7,2,0,1,2,1,0,0,0,0,0,1,6.63458E+20,5.34186E+21,1.12002E+16,4.82089E+16
183000,9,5,64,0,2018,7,13,2,3,2,6,0,0,1,0,0,0,0,0,6.48534E+20,5.47982E+21,1.10495E+16,4.94528E+16
183001,9,1,78,145,2018,7,23,7,3,1,1,2,0,1,0,0,0,0,1,6.98938E+20,5.35566E+21,1.16838E+16,4.83228E+16
183002,9,1,78,145,2018,7,9,7,2,6,1,0,0,1,1,0,0,0,1,6.97485E+20,5.35455E+21,1.16637E+16,4.83133E+16
183003,9,5,64,0,2018,7,19,2,3,5,2,0,0,1,0,0,0,0,0,6.53173E+20,5.48004E+21,1.11135E+16,4.94537E+16
183004,9,1,77,130,2018,7,16,7,3,5,3,0,1,1,0,0,0,0,0,7.09714E+20,5.35085E+21,1.18266E+16,4.82761E+16
183005,9,1,77,117,2018,7,18,7,3,4,6,0,1,1,0,0,0,0,0,7.16883E+20,5.35435E+21,1.19249E+16,4.83051E+16
183006,9,5,64,0,2018,7,15,2,3,5,3,0,0,1,0,0,0,0,0,6.46561E+20,5.48693E+21,1.10249E+16,4.95172E+16
183007,9,1,77,117,2018,7,14,7,3,0,1,0,1,0,0,0,0,0,1,7.1556E+20,5.35425E+21,1.1907E+16,4.83047E+16
183008,9,5,64,0,2018,7,5,2,2,5,3,1,0,1,0,1,0,0,0,6.48663E+20,5.47254E+21,1.10485E+16,4.93874E+16
183009,9,5,64,0,2018,7,21,2,3,5,3,2,1,1,0,0,0,0,0,6.45392E+20,5.47868E+21,1.10057E+16,4.94434E+16
183010,9,1,62,0,2018,7,7,6,3,2,5,0,1,1,0,0,0,0,0,6.90586E+20,5.33552E+21,1.15622E+16,4.81443E+16
183011,9,5,77,136,2018,7,14,2,3,5,3,0,1,1,0,0,0,0,0,6.28748E+20,5.44255E+21,1.07646E+16,4.91223E+16
183012,9,1,62,0,2018,7,19,6,3,1,5,0,1,1,0,0,0,0,0,6.91411E+20,5.33635E+21,1.15736E+16,4.81516E+16
183013,9,4,79,169,2018,7,17,2,2,1,1,0,0,1,0,0,0,0,0,7.15084E+20,5.54707E+21,1.20037E+16,5.0037E+16
183014,9,1,62,0,2018,7,22,6,3,9,1,2,1,0,0,0,0,0,1,6.94464E+20,5.3348E+21,1.16139E+16,4.81367E+16
183015,9,1,62,0,2018,7,8,6,3,3,2,0,1,1,0,0,0,0,0,6.93786E+20,5.3332E+21,1.16041E+16,4.81226E+16
183016,9,4,78,139,2018,7,16,2,2,5,3,0,1,1,0,0,0,0,0,6.46306E+20,5.5557E+21,1.10473E+16,5.01355E+16
183017,9,1,62,0,2018,7,13,6,3,0,3,0,1,0,0,1,0,0,0,6.89687E+20,5.33472E+21,1.15497E+16,4.81374E+16
183018,9,4,76,146,2018,7,16,2,3,2,6,0,1,0,0,0,0,0,0,6.60963E+20,5.56491E+21,1.12561E+16,5.02145E+16
183019,9,4,74,126,2018,7,19,2,2,0,1,0,1,0,0,0,0,0,0,6.49808E+20,5.50976E+21,1.10784E+16,4.97217E+16
183020,9,1,62,0,2018,7,14,6,3,5,3,0,1,1,0,0,0,0,0,6.87851E+20,5.34362E+21,1.1529E+16,4.8218E+16
183021,9,1,62,0,2018,7,8,6,3,5,3,0,1,1,0,0,0,0,0,6.90901E+20,5.33427E+21,1.15659E+16,4.8133E+16
183022,9,4,71,120,2018,7,13,2,3,0,3,0,1,1,0,0,0,0,0,6.26782E+20,5.52218E+21,1.07632E+16,4.98386E+16
183023,9,4,71,140,2018,7,15,2,3,0,1,0,1,0,0,0,0,0,0,6.33995E+20,5.53108E+21,1.08665E+16,4.99171E+16
183024,9,1,62,0,2018,7,8,6,3,3,6,0,1,0,0,0,0,0,0,6.91788E+20,5.33555E+21,1.15783E+16,4.81443E+16
183025,9,4,61,0,2018,7,17,2,2,5,3,0,1,1,0,0,0,0,0,6.36672E+20,5.52826E+21,1.09028E+16,4.98911E+16
183026,9,1,62,0,2018,7,7,6,3,1,1,0,0,1,0,0,0,1,0,6.91372E+20,5.34254E+21,1.15759E+16,4.82072E+16
183027,9,3,62,0,2018,7,16,2,3,0,7,0,0,0,0,0,0,1,1,7.2476E+20,5.4321E+21,1.20732E+16,4.90008E+16
183028,9,1,62,0,2018,7,23,6,3,0,1,2,1,0,0,0,0,0,1,6.91219E+20,5.33736E+21,1.15715E+16,4.81607E+16
183029,9,1,62,0,2018,7,8,6,3,5,3,0,0,1,0,1,0,0,0,6.92719E+20,5.33008E+21,1.15884E+16,4.80949E+16
183030,9,1,89,145,2018,7,7,5,3,0,7,0,1,0,0,0,0,0,0,7.72266E+20,5.30465E+21,1.26387E+16,4.78375E+16
183031,9,1,71,125,2018,7,14,5,3,8,1,0,1,0,0,0,0,0,0,7.72634E+20,5.3496E+21,1.26722E+16,4.82409E+16
183032,9,1,71,125,2018,7,11,5,2,5,3,0,1,1,0,0,0,0,0,7.73445E+20,5.3502E+21,1.26835E+16,4.8246E+16
183033,9,1,71,132,2018,7,10,5,3,4,2,0,1,0,0,0,0,0,0,7.66133E+20,5.35114E+21,1.25858E+16,4.82575E+16
183034,9,1,87,134,2018,7,9,5,3,0,1,0,1,0,0,0,0,0,0,7.37078E+20,5.32052E+21,1.2178E+16,4.7994E+16
183035,9,1,63,0,2018,7,8,5,3,5,3,0,1,1,0,0,0,0,0,7.3351E+20,5.30594E+21,1.21223E+16,4.78643E+16
183036,9,1,87,165,2018,7,8,5,3,0,7,0,1,0,0,0,0,0,0,7.29911E+20,5.29843E+21,1.20703E+16,4.77981E+16
183037,9,1,87,150,2018,7,20,5,3,5,3,0,1,1,0,0,0,0,0,7.29111E+20,5.30443E+21,1.20628E+16,4.78523E+16
183038,9,1,86,143,2018,7,10,5,3,5,7,0,1,1,0,0,0,0,0,6.83987E+20,5.37778E+21,1.1492E+16,4.85261E+16
183039,9,1,61,0,2018,7,16,5,3,0,7,0,1,0,0,0,0,0,0,6.70879E+20,5.40609E+21,1.13263E+16,4.87843E+16
183040,9,1,76,139,2018,7,8,5,2,3,2,0,0,1,0,0,0,0,0,6.83178E+20,5.40993E+21,1.14953E+16,4.88153E+16
183041,9,1,86,113,2018,7,16,5,3,5,3,0,0,1,0,0,0,0,0,6.83023E+20,5.39414E+21,1.14862E+16,4.86735E+16
183042,9,1,79,121,2018,7,8,5,3,5,3,0,0,1,0,0,0,0,0,6.65876E+20,5.33754E+21,1.1231E+16,4.81695E+16
183043,9,1,81,114,2018,7,17,5,3,1,7,0,1,1,0,0,0,0,0,6.57203E+20,5.31272E+21,1.11054E+16,4.79485E+16
183044,9,1,62,0,2018,7,19,4,3,5,3,0,1,1,0,0,0,0,0,6.82858E+20,5.33669E+21,1.14589E+16,4.81572E+16
183045,9,1,62,0,2018,7,18,4,3,5,3,0,1,1,0,0,0,0,1,6.86713E+20,5.34351E+21,1.15137E+16,4.82173E+16
183046,9,1,62,0,2018,7,10,4,3,5,3,0,1,1,0,0,0,0,0,6.89693E+20,5.33465E+21,1.15498E+16,4.81368E+16
183047,9,1,62,0,2018,7,9,4,3,1,6,0,0,1,0,0,0,0,0,6.83587E+20,5.33545E+21,1.14681E+16,4.81458E+16
183048,9,1,62,0,2018,7,8,4,3,2,6,0,0,1,0,1,0,0,0,6.92322E+20,5.33752E+21,1.15864E+16,4.81618E+16
183049,9,1,62,0,2018,7,9,4,3,5,2,0,1,1,0,0,0,0,0,6.91348E+20,5.33831E+21,1.15737E+16,4.81692E+16
183050,9,1,62,0,2018,7,18,4,3,5,2,0,0,1,0,1,0,0,1,6.90505E+20,5.33739E+21,1.15619E+16,4.81612E+16
183051,9,1,62,0,2018,7,10,4,3,1,5,0,1,1,0,0,0,0,0,6.90269E+20,5.33493E+21,1.15577E+16,4.81391E+16
183052,9,1,62,0,2018,7,23,4,3,0,1,2,1,0,0,0,0,0,0,6.91843E+20,5.3303E+21,1.15767E+16,4.80971E+16
183053,9,1,62,0,2018,7,1,4,2,1,7,2,1,1,0,0,0,0,0,6.88702E+20,5.33441E+21,1.15364E+16,4.8135E+16
183054,9,7,73,188,2018,7,22,6,2,0,7,2,1,0,0,0,0,0,0,6.20776E+20,5.37665E+21,1.0636E+16,4.85313E+16
183055,9,1,62,0,2018,7,17,4,2,5,3,0,1,0,0,1,0,0,0,6.93754E+20,5.33768E+21,1.16057E+16,4.81628E+16
183056,9,1,62,0,2018,7,9,4,2,5,3,0,0,1,0,0,0,1,0,6.93731E+20,5.34031E+21,1.16066E+16,4.81865E+16
183057,9,7,73,144,2018,7,12,6,2,1,5,0,1,1,0,0,0,0,0,6.03684E+20,5.37966E+21,1.04053E+16,4.85614E+16
183058,9,1,62,0,2018,7,19,4,3,3,7,0,1,0,0,0,0,0,0,6.92288E+20,5.33806E+21,1.15862E+16,4.81667E+16
183059,9,7,61,0,2018,7,19,6,3,0,1,0,1,0,0,0,0,0,0,6.40998E+20,5.35275E+21,1.09017E+16,4.83122E+16
183060,9,1,62,0,2018,7,21,4,3,5,3,2,1,1,0,0,0,0,0,6.9104E+20,5.3339E+21,1.15675E+16,4.81297E+16
183061,9,1,62,0,2018,7,5,4,3,9,1,0,0,1,0,0,0,0,0,6.85306E+20,5.33769E+21,1.14922E+16,4.81654E+16
183062,9,7,61,0,2018,7,17,6,3,5,2,0,0,1,0,0,0,1,0,6.39234E+20,5.36076E+21,1.08806E+16,4.83847E+16
183063,9,7,61,0,2018,7,21,6,3,5,3,2,1,1,0,0,0,0,0,6.37424E+20,5.36174E+21,1.08565E+16,4.83938E+16
183064,9,1,62,0,2018,7,10,4,3,4,6,0,1,1,0,0,0,0,0,6.86366E+20,5.33657E+21,1.1506E+16,4.81551E+16
183065,9,7,61,0,2018,7,13,6,3,5,7,0,1,1,0,0,0,0,0,6.41775E+20,5.36196E+21,1.09153E+16,4.83949E+16
183066,9,1,62,0,2018,7,19,4,2,5,3,0,1,1,0,0,0,0,1,6.8967E+20,5.33603E+21,1.15501E+16,4.81492E+16
183067,9,7,61,0,2018,7,11,6,3,5,3,0,0,1,0,0,0,1,0,6.43094E+20,5.36008E+21,1.09325E+16,4.83776E+16
183068,9,1,62,0,2018,7,8,4,3,6,4,0,0,1,1,0,0,0,0,6.88148E+20,5.32798E+21,1.15261E+16,4.80773E+16
183069,9,1,84,130,2018,7,13,4,3,2,6,0,1,0,0,0,0,0,0,6.99037E+20,5.34493E+21,1.16801E+16,4.82263E+16
183070,9,7,61,0,2018,7,15,6,3,0,3,0,0,1,0,0,0,0,0,6.40968E+20,5.35126E+21,1.09008E+16,4.82988E+16
183071,9,1,62,0,2018,7,14,4,2,5,3,0,1,1,0,0,0,0,0,6.9235E+20,5.33233E+21,1.15844E+16,4.81152E+16
183072,9,7,61,0,2018,7,14,6,3,0,4,0,0,0,1,1,0,0,0,6.41348E+20,5.35834E+21,1.09083E+16,4.83624E+16
183073,9,1,62,0,2018,7,19,4,3,0,2,0,0,1,0,1,0,0,1,6.91489E+20,5.33677E+21,1.15749E+16,4.81553E+16
183074,9,1,62,0,2018,7,10,4,3,5,7,0,1,1,0,0,0,0,0,6.88696E+20,5.33785E+21,1.15378E+16,4.81659E+16
183075,9,7,61,0,2018,7,19,6,3,3,2,0,1,1,0,0,0,0,0,6.4103E+20,5.35863E+21,1.09041E+16,4.83651E+16
183076,9,7,75,135,2018,7,18,4,3,5,3,0,0,1,0,0,0,0,0,5.75377E+20,5.36077E+21,1.00183E+16,4.83956E+16
183077,9,6,79,126,2018,7,14,6,3,5,3,0,1,1,0,0,0,0,0,5.60136E+20,5.51222E+21,9.83494E+15,4.97595E+16
183078,9,6,77,151,2018,7,9,6,3,2,6,0,0,1,0,0,0,0,0,5.37768E+20,5.51315E+21,9.52449E+15,4.97697E+16
183079,9,6,74,147,2018,7,14,6,3,1,2,0,1,1,0,0,0,0,0,6.083E+20,5.54322E+21,1.05122E+16,5.00314E+16
183080,9,6,72,114,2018,7,7,6,3,4,1,0,1,1,0,0,0,0,0,5.76552E+20,5.56326E+21,1.0073E+16,5.02166E+16
183081,9,6,62,0,2018,7,12,6,2,0,2,0,0,1,0,1,0,0,0,5.87832E+20,5.54288E+21,1.02264E+16,5.00317E+16
183082,9,6,76,117,2018,7,11,6,2,1,6,0,0,1,0,1,0,0,0,5.24302E+20,5.51327E+21,9.3375E+15,4.97715E+16
183083,9,5,62,0,2018,7,18,6,3,0,7,0,0,0,0,1,0,1,1,6.42518E+20,5.4976E+21,1.09729E+16,4.96141E+16
183084,9,5,62,0,2018,7,17,6,3,0,7,0,1,0,0,0,0,0,0,6.44421E+20,5.49238E+21,1.09973E+16,4.95668E+16
183085,9,5,63,0,2018,7,17,6,3,4,2,0,0,1,0,1,0,0,0,6.42322E+20,5.48243E+21,1.09647E+16,4.94779E+16
183086,9,5,63,0,2018,7,9,6,3,5,3,0,0,1,0,0,0,0,0,6.42725E+20,5.48264E+21,1.09704E+16,4.94796E+16
183087,9,7,78,186,2018,7,16,4,3,0,1,0,1,0,0,0,0,0,0,5.96543E+20,5.31132E+21,1.02929E+16,4.79479E+16
183088,9,7,63,0,2018,7,20,4,3,0,7,0,1,0,0,0,0,0,0,5.97383E+20,5.28763E+21,1.02988E+16,4.77347E+16
183089,9,5,64,0,2018,7,11,6,3,2,7,0,0,1,0,0,0,0,0,6.49922E+20,5.47805E+21,1.10679E+16,4.94366E+16
183090,9,7,80,120,2018,7,6,4,3,0,7,0,0,1,0,1,0,0,0,6.01016E+20,5.28325E+21,1.03463E+16,4.76948E+16
183091,9,5,64,0,2018,7,9,6,3,1,7,0,1,1,0,0,0,0,0,6.52669E+20,5.48203E+21,1.11073E+16,4.94717E+16
183092,9,4,63,0,2018,7,8,5,2,6,7,0,0,0,1,0,1,0,0,6.40065E+20,5.56871E+21,1.09648E+16,5.02539E+16
183093,9,5,64,0,2018,7,14,6,2,0,7,0,1,0,0,0,0,0,0,6.48617E+20,5.47829E+21,1.105E+16,4.94391E+16
183094,9,7,80,133,2018,7,17,4,3,8,1,0,1,0,0,0,0,0,0,5.9572E+20,5.24538E+21,1.02675E+16,4.73548E+16
183095,9,5,64,0,2018,7,16,6,3,3,6,0,0,1,0,0,0,0,0,6.55111E+20,5.47429E+21,1.1138E+16,4.94015E+16
183096,9,7,80,133,2018,7,15,4,3,9,7,0,0,0,0,0,0,1,0,5.96888E+20,5.25096E+21,1.02842E+16,4.74049E+16
183097,9,5,64,0,2018,7,13,6,2,6,4,0,0,1,1,0,0,0,1,6.50133E+20,5.48085E+21,1.10719E+16,4.94618E+16
183098,9,7,77,151,2018,7,20,4,2,0,1,0,0,0,0,1,0,0,0,6.20124E+20,5.2924E+21,1.06034E+16,4.77738E+16
183099,9,5,77,177,2018,7,16,6,3,8,1,0,0,0,0,1,0,0,0,6.44301E+20,5.43137E+21,1.09737E+16,4.90183E+16
183100,9,7,76,116,2018,7,17,4,3,0,7,0,0,0,0,0,1,0,0,5.5524E+20,5.26561E+21,9.73404E+15,4.75416E+16
183101,9,5,61,0,2018,7,9,6,3,0,1,0,1,0,0,0,0,0,0,6.14699E+20,5.46241E+21,1.05778E+16,4.93037E+16
183102,9,7,76,128,2018,7,11,4,3,6,4,0,1,0,1,0,0,0,0,5.4827E+20,5.26835E+21,9.64174E+15,4.75668E+16
183103,9,5,71,125,2018,7,22,6,2,8,1,2,0,1,0,0,0,0,0,5.95136E+20,5.46249E+21,1.03088E+16,4.93077E+16
183104,9,7,80,144,2018,7,12,4,3,8,1,0,0,1,0,0,0,0,0,5.91827E+20,5.27964E+21,1.02231E+16,4.76636E+16
183105,9,7,80,124,2018,7,11,4,3,9,1,0,1,0,0,0,0,0,0,5.91096E+20,5.26856E+21,1.0211E+16,4.75641E+16
183106,9,7,77,135,2018,7,12,4,3,0,6,0,1,0,0,0,0,0,0,6.22754E+20,5.27232E+21,1.06328E+16,4.75927E+16
183107,9,5,61,0,2018,7,11,6,3,5,3,0,1,1,0,0,0,0,0,6.13854E+20,5.46343E+21,1.05665E+16,4.9313E+16
183108,9,4,77,136,2018,7,7,5,2,0,7,0,1,0,0,0,0,0,0,6.68593E+20,5.55336E+21,1.13579E+16,5.01085E+16
183109,9,4,78,165,2018,7,15,6,3,0,1,0,1,0,0,0,0,0,0,6.43315E+20,5.55218E+21,1.10042E+16,5.01045E+16
183110,9,7,73,125,2018,7,16,4,3,5,3,0,0,1,0,0,0,0,0,6.1078E+20,5.38077E+21,1.05017E+16,4.85703E+16
183111,9,4,73,120,2018,7,7,6,3,0,7,0,1,0,0,0,0,0,0,6.42707E+20,5.57226E+21,1.10032E+16,5.02852E+16
183112,9,7,72,177,2018,7,5,4,3,0,1,1,1,0,0,0,0,0,0,6.3625E+20,5.37834E+21,1.0846E+16,4.85434E+16
183113,9,4,63,0,2018,7,7,6,3,1,6,0,0,1,0,1,0,0,0,6.39516E+20,5.56925E+21,1.09573E+16,5.02589E+16
183114,9,7,71,130,2018,7,16,4,3,4,1,0,1,0,0,0,0,0,0,6.47417E+20,5.3603E+21,1.09909E+16,4.83786E+16
183115,9,4,62,0,2018,7,22,6,3,0,3,2,1,1,0,0,0,0,0,6.85271E+20,5.53752E+21,1.15832E+16,4.99612E+16
183116,9,4,62,0,2018,7,12,5,3,0,7,0,1,0,0,0,0,0,0,6.8681E+20,5.53764E+21,1.16047E+16,4.99618E+16
183117,9,4,62,0,2018,7,14,6,3,0,2,0,0,1,0,1,0,0,1,6.88193E+20,5.5345E+21,1.16225E+16,4.99332E+16
183118,9,7,61,0,2018,7,8,4,3,3,6,0,1,1,0,0,0,0,0,6.38341E+20,5.35885E+21,1.08679E+16,4.83677E+16
183119,9,4,62,0,2018,7,15,6,3,0,1,0,0,0,0,1,0,0,1,6.84467E+20,5.53416E+21,1.15704E+16,4.99313E+16
183120,9,7,61,0,2018,7,19,4,3,5,3,0,0,1,0,0,0,0,0,6.38852E+20,5.35924E+21,1.08749E+16,4.8371E+16
183121,9,4,62,0,2018,7,11,6,3,5,3,0,0,1,0,0,0,1,0,6.83429E+20,5.53431E+21,1.15561E+16,4.99329E+16
183122,9,4,71,145,2018,7,17,5,3,0,1,0,1,0,0,0,0,0,0,6.37729E+20,5.51825E+21,1.0914E+16,4.98009E+16
183123,9,7,61,0,2018,7,21,4,3,0,1,1,1,0,0,0,0,0,0,6.3956E+20,5.35881E+21,1.08843E+16,4.8367E+16
183124,9,4,74,126,2018,7,8,6,3,5,7,0,1,1,0,0,0,0,0,6.49446E+20,5.50947E+21,1.10733E+16,4.97191E+16
183125,9,7,61,0,2018,7,13,4,3,3,1,0,1,1,0,0,0,0,0,6.3664E+20,5.35293E+21,1.0843E+16,4.83148E+16
183126,9,7,61,0,2018,7,16,4,3,1,1,0,1,1,0,0,0,0,0,6.4016E+20,5.35951E+21,1.08927E+16,4.83732E+16
183127,9,4,74,168,2018,7,23,6,2,8,1,2,0,0,0,1,0,0,0,6.58403E+20,5.52184E+21,1.12025E+16,4.98281E+16
183128,9,7,61,0,2018,7,18,4,3,0,7,0,1,0,0,0,0,0,0,6.40836E+20,5.35909E+21,1.09016E+16,4.83692E+16
183129,9,4,61,0,2018,7,8,6,3,5,3,0,1,0,0,0,0,1,0,6.35856E+20,5.5289E+21,1.08917E+16,4.9897E+16
183130,9,4,61,0,2018,7,0,5,2,0,7,2,1,0,0,0,0,0,0,6.35364E+20,5.52872E+21,1.08848E+16,4.98955E+16
183131,9,3,77,116,2018,7,7,6,2,6,4,0,0,1,1,0,0,0,0,7.19424E+20,5.52592E+21,1.20522E+16,4.98455E+16
183132,9,6,75,141,2018,7,7,4,3,2,6,0,0,1,0,0,0,0,0,5.84884E+20,5.51109E+21,1.01782E+16,4.97463E+16
183133,9,3,75,174,2018,7,14,6,2,5,2,0,1,1,0,0,0,0,0,7.33124E+20,5.43031E+21,1.21863E+16,4.89816E+16
183134,9,3,63,0,2018,7,15,5,3,5,3,0,0,1,0,0,0,0,0,7.28676E+20,5.50961E+21,1.21711E+16,4.96955E+16
183135,9,6,62,0,2018,7,13,4,3,2,6,0,1,1,0,0,0,0,0,5.86741E+20,5.5434E+21,1.02113E+16,5.00365E+16
183136,9,3,75,174,2018,7,18,6,3,1,6,0,0,1,0,0,0,0,0,7.33328E+20,5.4302E+21,1.2189E+16,4.89806E+16
183137,9,6,62,0,2018,7,14,4,3,5,3,0,1,1,0,0,0,0,0,5.87983E+20,5.54289E+21,1.02285E+16,5.00318E+16
183138,9,6,76,121,2018,7,10,4,3,0,1,0,1,0,0,0,0,0,0,5.12735E+20,5.52162E+21,9.17713E+15,4.98468E+16
183139,9,3,75,174,2018,7,10,6,3,4,2,0,0,1,0,1,0,0,0,7.33902E+20,5.43077E+21,1.21972E+16,4.89855E+16
183140,9,6,61,0,2018,7,16,4,2,6,4,0,0,1,1,0,0,0,0,5.1076E+20,5.53551E+21,9.15005E+15,4.99719E+16
183141,9,3,62,0,2018,7,21,6,3,0,7,2,1,0,0,0,0,0,0,7.28719E+20,5.43702E+21,1.213E+16,4.90435E+16
183142,9,6,71,111,2018,7,19,4,3,0,7,0,1,0,0,0,0,0,0,5.02894E+20,5.54563E+21,9.04044E+15,5.00629E+16
183143,9,5,62,0,2018,7,15,4,3,3,2,0,1,1,0,0,0,0,0,6.45035E+20,5.49485E+21,1.10067E+16,4.95888E+16
183144,9,3,71,151,2018,7,12,6,3,2,2,0,1,1,0,0,0,0,0,6.99088E+20,5.48699E+21,1.17499E+16,4.95029E+16
183145,9,5,62,0,2018,7,12,4,3,0,7,0,0,0,0,0,0,1,0,6.4477E+20,5.49546E+21,1.10033E+16,4.95944E+16
183146,9,3,76,161,2018,7,20,6,3,5,3,1,1,0,0,0,0,0,0,7.24211E+20,5.46816E+21,1.20857E+16,4.93249E+16
183147,9,3,77,158,2018,7,9,5,3,5,3,0,1,1,0,0,0,0,0,7.36797E+20,5.54468E+21,1.23049E+16,5.00073E+16
183148,9,2,63,0,2018,7,1,6,3,0,1,2,0,0,0,1,0,0,0,7.62577E+20,5.42088E+21,1.2582E+16,4.88852E+16
183149,9,5,76,117,2018,7,7,4,3,8,1,0,0,1,0,0,0,0,0,6.46532E+20,5.45526E+21,1.10128E+16,4.92325E+16
183150,9,2,63,0,2018,7,16,6,3,1,6,0,1,0,0,0,0,0,0,7.61048E+20,5.41891E+21,1.256E+16,4.88681E+16
183151,9,5,74,112,2018,7,18,4,3,2,6,0,1,1,0,0,0,0,0,6.70778E+20,5.47296E+21,1.13532E+16,4.93854E+16
183152,9,2,76,138,2018,7,12,6,2,4,2,0,1,1,0,0,0,0,0,8.01635E+20,5.43348E+21,1.31228E+16,4.89805E+16
183153,9,5,63,0,2018,7,17,4,3,2,1,0,1,1,0,0,0,0,0,6.44241E+20,5.48016E+21,1.09904E+16,4.9457E+16
183154,9,5,63,0,2018,7,20,4,3,8,7,1,0,1,0,0,0,0,0,6.42335E+20,5.48174E+21,1.09647E+16,4.94717E+16
183155,9,2,73,111,2018,7,13,6,3,1,7,0,1,1,0,0,0,0,0,7.0881E+20,5.41099E+21,1.18446E+16,4.88168E+16
183156,9,5,64,0,2018,7,19,4,2,5,3,0,1,1,0,0,0,0,0,6.51801E+20,5.47702E+21,1.10934E+16,4.94269E+16
183157,9,5,64,0,2018,7,3,4,3,0,2,2,1,1,0,0,0,0,0,6.5093E+20,5.4785E+21,1.1082E+16,4.94405E+16
183158,9,2,73,166,2018,7,10,6,3,5,3,0,0,1,0,0,0,0,0,7.14383E+20,5.42065E+21,1.19255E+16,4.89017E+16
183159,9,5,64,0,2018,7,17,4,3,2,6,0,0,1,0,0,0,0,0,6.48305E+20,5.46895E+21,1.10422E+16,4.93552E+16
183160,9,1,80,119,2018,7,20,6,3,8,7,1,0,0,0,1,0,0,0,6.72229E+20,5.28289E+21,1.12946E+16,4.76764E+16
183161,9,3,62,0,2018,7,9,5,3,5,3,0,1,1,0,0,0,0,0,7.2781E+20,5.43236E+21,1.21149E+16,4.9002E+16
183162,9,1,72,134,2018,7,21,6,2,1,1,2,0,1,0,1,0,0,0,7.88068E+20,5.30638E+21,1.28506E+16,4.78461E+16
183163,9,5,64,0,2018,7,16,4,3,1,6,0,0,1,0,0,0,0,0,6.48205E+20,5.4786E+21,1.10445E+16,4.9442E+16
183164,9,1,63,0,2018,7,15,6,3,5,7,0,1,1,0,0,0,0,0,7.32502E+20,5.30208E+21,1.21068E+16,4.783E+16
183165,9,5,64,0,2018,7,8,4,3,5,2,0,1,1,0,0,0,0,0,6.51384E+20,5.48021E+21,1.10889E+16,4.94557E+16
183166,9,1,82,131,2018,7,14,6,3,4,6,0,1,0,0,0,0,1,0,7.13928E+20,5.29094E+21,1.18534E+16,4.77363E+16
183167,9,5,71,136,2018,7,14,4,3,6,4,0,0,1,1,0,0,0,0,5.9642E+20,5.43595E+21,1.03201E+16,4.90688E+16
183168,9,5,61,0,2018,7,16,4,3,5,3,0,0,1,0,0,0,0,0,6.1398E+20,5.46257E+21,1.0568E+16,4.93052E+16
183169,9,4,75,154,2018,7,16,4,2,0,1,0,0,0,0,1,0,0,1,6.97576E+20,5.56399E+21,1.17683E+16,5.01951E+16
183170,9,1,82,120,2018,7,13,6,2,2,6,0,1,1,0,0,0,0,0,7.01675E+20,5.30609E+21,1.16973E+16,4.78765E+16
183171,9,3,62,0,2018,7,7,5,3,5,2,0,1,1,0,0,0,0,0,7.26715E+20,5.43544E+21,1.21017E+16,4.90301E+16
183172,9,1,82,116,2018,7,11,6,3,0,1,0,1,0,0,0,0,0,0,7.05158E+20,5.29217E+21,1.17372E+16,4.77502E+16
183173,9,4,76,183,2018,7,14,4,3,0,7,0,1,0,0,0,0,0,0,6.71254E+20,5.56837E+21,1.14018E+16,5.02427E+16
183174,9,1,61,0,2018,7,14,6,3,5,3,0,1,0,0,1,0,0,0,6.79713E+20,5.40494E+21,1.1446E+16,4.87715E+16
183175,9,3,62,0,2018,7,18,5,3,0,1,0,1,0,0,0,0,0,0,7.26541E+20,5.43515E+21,1.20992E+16,4.90276E+16
183176,9,1,61,0,2018,7,14,6,3,5,2,0,1,1,0,0,0,0,0,6.80235E+20,5.40466E+21,1.14529E+16,4.87688E+16
183177,9,4,62,0,2018,7,6,4,2,6,4,0,0,1,1,0,0,0,0,6.84114E+20,5.53477E+21,1.15658E+16,4.99369E+16
183178,9,1,61,0,2018,7,12,6,3,1,1,0,1,1,0,0,0,0,0,6.74961E+20,5.40529E+21,1.13815E+16,4.8776E+16
183179,9,4,62,0,2018,7,13,4,3,9,1,0,0,1,0,0,0,0,0,6.8448E+20,5.534E+21,1.15705E+16,4.99298E+16
183180,9,1,86,143,2018,7,10,6,3,5,3,0,1,1,0,0,0,0,0,6.85011E+20,5.37814E+21,1.1506E+16,4.85291E+16
183181,9,4,71,140,2018,7,22,4,2,0,1,2,1,0,0,0,0,0,0,6.34795E+20,5.53085E+21,1.08776E+16,4.99149E+16
183182,9,4,71,117,2018,7,18,4,3,0,1,0,1,1,0,0,0,0,0,6.31552E+20,5.53038E+21,1.08323E+16,4.99113E+16
183183,9,1,86,113,2018,7,11,6,3,5,3,0,0,1,0,0,0,0,0,6.81985E+20,5.39362E+21,1.14719E+16,4.86691E+16
183184,9,3,72,116,2018,7,14,5,3,4,2,0,0,1,0,1,0,0,0,7.67071E+20,5.4585E+21,1.2668E+16,4.9221E+16