OBJECTID_1,ULAND,UREGBEZ,UKREIS,UGEMEINDE,UJAHR,UMONAT,USTUNDE,UWOCHENTAG,UKATEGORIE,UART,UTYP1,ULICHTVERH,IstRad,IstPKW,IstFuss,IstKrad,IstGkfz,IstSonstig,STRZUSTAND,LINREFX,LINREFY,XGCSWGS84,YGCSWGS84
183185,9,1,79,145,2018,7,9,6,3,0,1,0,1,0,0,0,0,0,0,6.7491E+20,5.33886E+21,1.1353E+16,4.81789E+16
183186,9,4,61,0,2018,7,15,4,3,6,2,0,0,0,1,0,0,1,0,6.36326E+20,5.52834E+21,1.0898E+16,4.98919E+16
183187,9,1,79,111,2018,7,23,6,3,0,7,2,1,0,0,0,0,0,0,6.57091E+20,5.33886E+21,1.11135E+16,4.81835E+16
183188,9,3,61,0,2018,7,11,5,2,0,1,0,1,0,0,0,0,0,0,7.07518E+20,5.48081E+21,1.18629E+16,4.94445E+16
183189,9,4,61,0,2018,7,15,4,3,5,3,0,0,1,0,1,0,0,0,6.35974E+20,5.52851E+21,1.08932E+16,4.98935E+16
183190,9,1,74,115,2018,7,0,6,3,8,1,2,0,0,0,1,0,0,0,6.82602E+20,5.34619E+21,1.14595E+16,4.82427E+16
183191,9,4,61,0,2018,7,9,4,3,6,2,0,1,0,1,0,0,0,0,6.35998E+20,5.52862E+21,1.08936E+16,4.98945E+16
183192,9,3,63,0,2018,7,8,4,3,0,1,0,1,0,0,0,0,0,0,7.28469E+20,5.5094E+21,1.21681E+16,4.96937E+16
183193,9,1,74,118,2018,7,9,6,3,6,4,0,0,1,1,0,0,0,0,6.70674E+20,5.35578E+21,1.13029E+16,4.83321E+16
183194,9,3,62,0,2018,7,16,4,2,0,1,0,0,0,0,1,0,0,0,7.26155E+20,5.4332E+21,1.20928E+16,4.90102E+16
183195,9,1,77,117,2018,7,13,6,3,5,2,0,1,1,0,0,0,0,0,7.14862E+20,5.35325E+21,1.18971E+16,4.82959E+16
183196,9,2,76,144,2018,7,15,5,3,5,3,0,0,1,0,0,0,0,0,7.8442E+20,5.44274E+21,1.28946E+16,4.90717E+16
183197,9,3,62,0,2018,7,18,4,3,0,1,0,1,0,0,0,0,0,0,7.27404E+20,5.43406E+21,1.21104E+16,4.90175E+16
183198,9,1,78,120,2018,7,20,6,3,0,1,0,1,0,0,0,0,0,0,6.94405E+20,5.35318E+21,1.16216E+16,4.8302E+16
183199,9,3,76,161,2018,7,7,4,3,6,4,0,0,0,1,0,0,1,0,7.25772E+20,5.46882E+21,1.21076E+16,4.93303E+16
183200,9,1,78,124,2018,7,13,6,3,2,5,0,0,1,0,0,0,0,0,7.03988E+20,5.36514E+21,1.17564E+16,4.84064E+16
183201,9,2,63,0,2018,7,17,5,3,5,3,0,0,1,0,1,0,0,0,7.62071E+20,5.42039E+21,1.25748E+16,4.8881E+16
183202,9,1,77,117,2018,7,18,6,3,5,3,0,1,1,0,0,0,0,0,7.15273E+20,5.3506E+21,1.19013E+16,4.8272E+16
183203,9,3,61,0,2018,7,16,4,2,4,2,0,0,1,0,1,0,0,0,7.08834E+20,5.47984E+21,1.18805E+16,4.94353E+16
183204,9,1,62,0,2018,7,17,5,3,1,7,0,1,0,0,0,0,1,0,6.93266E+20,5.33635E+21,1.15985E+16,4.81511E+16
183205,9,2,75,116,2018,7,15,5,3,5,3,0,0,1,0,0,0,0,0,8.19145E+20,5.36467E+21,1.33084E+16,4.83544E+16
183206,9,3,61,0,2018,7,11,4,3,2,6,0,0,1,0,0,0,0,0,7.07738E+20,5.481E+21,1.1866E+16,4.94461E+16
183207,9,1,62,0,2018,7,13,5,3,6,2,0,0,1,1,0,0,0,0,6.8785E+20,5.33815E+21,1.15266E+16,4.81688E+16
183208,9,2,76,148,2018,7,18,4,3,0,3,0,0,1,0,0,0,1,0,8.08735E+20,5.43746E+21,1.32226E+16,4.90127E+16
183209,9,2,63,0,2018,7,13,4,2,0,7,0,1,0,0,0,0,1,0,7.60849E+20,5.42015E+21,1.2558E+16,4.88793E+16
183210,9,1,62,0,2018,7,9,5,3,5,2,0,1,1,0,0,0,0,0,6.89942E+20,5.33661E+21,1.1554E+16,4.81543E+16
183211,9,2,71,127,2018,7,15,4,2,8,1,0,1,0,0,0,0,0,0,8.06452E+20,5.40257E+21,1.31654E+16,4.87008E+16
183212,9,1,62,0,2018,7,14,5,3,5,3,0,1,1,0,0,0,0,0,6.8738E+20,5.33992E+21,1.15211E+16,4.81849E+16
183213,9,2,61,0,2018,7,12,5,3,2,6,0,0,1,0,1,0,0,0,7.31378E+20,5.38317E+21,1.2136E+16,4.85589E+16
183214,9,1,62,0,2018,7,1,5,3,1,1,2,0,0,0,1,0,1,0,6.89893E+20,5.34087E+21,1.15553E+16,4.81927E+16
183215,9,2,71,149,2018,7,9,4,3,0,7,0,0,0,0,1,0,0,0,8.03991E+20,5.40803E+21,1.3136E+16,4.8751E+16
183216,9,1,62,0,2018,7,19,5,2,1,5,0,1,1,0,0,0,0,0,7.00456E+20,5.33121E+21,1.16927E+16,4.81026E+16
183217,9,2,61,0,2018,7,12,5,3,3,6,0,0,1,0,1,0,0,0,7.31675E+20,5.38208E+21,1.21394E+16,4.8549E+16
183218,9,2,78,118,2018,7,21,4,2,8,7,2,0,0,0,1,0,0,0,7.76953E+20,5.42646E+21,1.27815E+16,4.8929E+16
183219,9,1,62,0,2018,7,14,5,3,5,3,0,1,1,0,0,0,0,0,6.91455E+20,5.33459E+21,1.15734E+16,4.81357E+16
183220,9,1,83,119,2018,7,17,4,3,2,6,0,0,1,0,0,0,0,1,7.3588E+20,5.33935E+21,1.21723E+16,4.81636E+16
183221,9,1,62,0,2018,7,18,5,3,0,1,0,1,0,0,0,0,0,0,6.91669E+20,5.33375E+21,1.15759E+16,4.81281E+16
183222,9,2,61,0,2018,7,17,5,3,5,3,0,0,1,0,0,0,0,0,7.31737E+20,5.38191E+21,1.21401E+16,4.85474E+16
183223,9,1,83,148,2018,7,19,4,3,6,4,0,0,1,1,0,0,0,0,7.53164E+20,5.34457E+21,1.24075E+16,4.82038E+16
183224,9,1,62,0,2018,7,13,5,3,3,2,0,1,1,0,0,0,0,0,6.89727E+20,5.33335E+21,1.15497E+16,4.81251E+16
183225,9,1,83,148,2018,7,5,4,3,5,3,0,0,1,0,0,0,0,0,7.5234E+20,5.34461E+21,1.23964E+16,4.82045E+16
183226,9,1,89,154,2018,7,14,4,3,4,6,0,1,1,0,0,0,0,0,7.68841E+20,5.31841E+21,1.26016E+16,4.79625E+16
183227,9,1,62,0,2018,7,12,5,2,5,3,0,1,0,0,0,0,0,0,6.94165E+20,5.33461E+21,1.16098E+16,4.81351E+16
183228,9,1,83,128,2018,7,7,4,2,6,7,0,0,1,1,0,0,0,0,7.59543E+20,5.34955E+21,1.24962E+16,4.8246E+16
183229,9,1,62,0,2018,7,10,5,3,6,4,0,0,1,1,0,0,0,0,6.90578E+20,5.33504E+21,1.15619E+16,4.814E+16
183230,9,1,90,157,2018,7,12,5,2,0,3,0,0,1,0,0,0,1,0,6.60138E+20,5.30076E+21,1.11402E+16,4.78402E+16
183231,9,1,62,0,2018,7,11,5,3,4,6,0,1,0,0,0,0,1,0,6.8804E+20,5.34357E+21,1.15315E+16,4.82175E+16
183232,9,1,72,118,2018,7,19,4,3,5,3,0,1,1,0,0,0,0,0,7.97587E+20,5.30561E+21,1.2977E+16,4.78349E+16
183233,9,1,62,0,2018,7,19,5,3,2,6,0,0,1,0,1,0,0,0,6.93433E+20,5.34035E+21,1.16026E+16,4.81869E+16
183234,9,1,87,162,2018,7,17,4,3,0,2,0,1,0,0,0,1,0,0,7.50425E+20,5.30576E+21,1.2348E+16,4.78564E+16
183235,9,1,62,0,2018,7,19,5,3,5,3,0,0,1,0,0,0,0,0,6.86086E+20,5.33762E+21,1.15027E+16,4.81645E+16
183236,9,1,87,156,2018,7,22,4,3,0,1,2,1,0,0,0,0,0,0,7.36874E+20,5.29283E+21,1.21601E+16,4.77453E+16
183237,9,1,61,0,2018,7,11,4,3,2,6,0,0,1,0,1,0,0,0,6.77353E+20,5.4048E+21,1.14138E+16,4.87709E+16
183238,9,1,62,0,2018,7,7,5,3,3,6,0,1,0,0,0,0,0,0,6.89631E+20,5.33732E+21,1.15502E+16,4.81608E+16
183239,9,1,62,0,2018,7,16,5,3,3,2,0,0,1,0,1,0,0,0,6.9148E+20,5.33289E+21,1.1573E+16,4.81204E+16
183240,9,1,61,0,2018,7,8,4,3,5,3,0,0,1,0,0,0,0,0,6.81628E+20,5.40244E+21,1.14709E+16,4.87485E+16
183241,9,1,86,122,2018,7,10,4,3,5,3,0,0,1,0,0,0,0,0,6.92377E+20,5.39574E+21,1.16138E+16,4.8685E+16
183242,9,1,86,162,2018,7,17,4,3,5,3,0,0,1,0,0,0,0,1,6.93264E+20,5.38688E+21,1.16217E+16,4.86051E+16
183243,9,1,62,0,2018,7,18,5,3,5,3,0,1,1,0,0,0,0,0,6.88257E+20,5.33377E+21,1.15301E+16,4.81293E+16
183244,9,1,62,0,2018,7,10,5,3,1,7,0,1,1,0,0,0,0,0,6.90754E+20,5.33663E+21,1.15649E+16,4.81542E+16
183245,9,1,88,137,2018,7,17,4,3,0,1,0,0,0,0,1,0,0,0,6.71679E+20,5.31514E+21,1.13E+16,4.79665E+16
183246,9,7,75,135,2018,7,8,5,3,6,7,0,0,1,1,0,0,0,0,5.74393E+20,5.35737E+21,1.00044E+16,4.83651E+16
183247,9,1,88,139,2018,7,17,4,3,0,1,0,1,0,0,0,0,0,0,6.74824E+20,5.31969E+21,1.1344E+16,4.80066E+16
183248,9,7,80,143,2018,7,15,5,3,5,3,0,1,1,0,0,0,0,0,5.97199E+20,5.27799E+21,1.02942E+16,4.7648E+16
183249,9,1,81,130,2018,7,19,4,3,0,7,0,1,0,1,0,0,0,0,6.38946E+20,5.32487E+21,1.08649E+16,4.8062E+16
183250,9,7,76,125,2018,7,13,5,3,7,3,0,0,1,0,0,0,0,0,5.64542E+20,5.26973E+21,9.85826E+15,4.75778E+16
183251,9,7,76,117,2018,7,11,5,3,0,1,0,1,0,0,0,0,0,0,5.66102E+20,5.27234E+21,9.87939E+15,4.76011E+16
183252,9,1,79,128,2018,7,2,4,2,9,1,2,1,0,0,0,0,0,0,6.56107E+20,5.34315E+21,1.11018E+16,4.82224E+16
183253,9,7,79,194,2018,7,13,5,3,4,7,0,1,1,0,0,0,0,0,6.09725E+20,5.4123E+21,1.04958E+16,4.8854E+16
183254,9,1,89,155,2018,7,18,5,3,4,2,0,1,1,0,0,0,0,0,7.72188E+20,5.30807E+21,1.26398E+16,4.78682E+16
183255,9,1,79,131,2018,7,15,4,2,0,1,0,1,0,0,0,0,0,0,6.58433E+20,5.33225E+21,1.1129E+16,4.81238E+16
183256,9,7,79,194,2018,7,17,5,3,4,7,0,1,1,0,0,0,0,0,6.10471E+20,5.41146E+21,1.05057E+16,4.88463E+16
183257,9,1,74,115,2018,7,12,4,3,0,1,0,1,0,0,0,0,0,0,6.80207E+20,5.34754E+21,1.14279E+16,4.82554E+16
183258,9,7,72,147,2018,7,14,5,3,2,6,0,0,1,0,0,1,0,0,6.38187E+20,5.36655E+21,1.08683E+16,4.84369E+16
183259,9,1,74,126,2018,7,9,4,3,0,1,0,1,0,0,0,0,0,0,6.8303E+20,5.34367E+21,1.14642E+16,4.82199E+16
183260,9,7,72,171,2018,7,17,5,1,5,3,0,0,1,0,1,0,0,0,6.37784E+20,5.37124E+21,1.08645E+16,4.84792E+16
183261,9,1,78,124,2018,7,11,4,3,0,1,0,0,1,0,1,0,0,0,7.03061E+20,5.36479E+21,1.17438E+16,4.84036E+16
183262,9,1,62,0,2018,7,17,3,3,1,3,0,1,1,0,0,0,0,0,6.87882E+20,5.33025E+21,1.15235E+16,4.80978E+16
183263,9,7,71,145,2018,7,13,5,3,8,1,0,0,1,0,0,0,0,0,6.45064E+20,5.34622E+21,1.09543E+16,4.82526E+16
183264,9,1,62,0,2018,7,19,3,3,5,3,0,1,1,0,0,0,0,0,6.94194E+20,5.33457E+21,1.16102E+16,4.81347E+16
183265,9,7,61,0,2018,7,8,5,3,2,6,0,0,1,0,0,0,0,0,6.38684E+20,5.36039E+21,1.0873E+16,4.83815E+16
183266,9,7,61,0,2018,7,23,5,3,0,1,2,1,0,0,0,0,0,0,6.38632E+20,5.35609E+21,1.08709E+16,4.83428E+16
183267,9,1,62,0,2018,7,11,3,3,6,4,0,0,1,1,0,0,0,0,6.91163E+20,5.33181E+21,1.15683E+16,4.81109E+16
183268,9,7,61,0,2018,7,10,5,3,3,6,0,1,0,0,0,0,1,0,6.40256E+20,5.35857E+21,1.08936E+16,4.83647E+16
183269,9,1,62,0,2018,7,16,3,3,5,2,0,1,1,0,0,0,0,0,6.87368E+20,5.33901E+21,1.15205E+16,4.81767E+16
183270,9,6,79,204,2018,7,9,5,3,2,6,0,0,1,0,0,0,0,0,5.57654E+20,5.51203E+21,9.80046E+15,4.9758E+16
183271,9,1,62,0,2018,7,10,3,3,5,2,0,1,1,0,0,0,0,0,6.93935E+20,5.33121E+21,1.16052E+16,4.81046E+16
183272,9,1,62,0,2018,7,21,3,3,3,6,2,1,0,0,0,0,0,0,6.90517E+20,5.33976E+21,1.15632E+16,4.81825E+16
183273,9,6,79,167,2018,7,20,5,3,0,6,0,1,0,0,0,0,0,0,5.82888E+20,5.52566E+21,1.01537E+16,4.98776E+16
183274,9,1,62,0,2018,7,17,3,3,4,2,0,1,1,0,0,0,0,0,6.91065E+20,5.3301E+21,1.15662E+16,4.80955E+16
183275,9,1,62,0,2018,7,18,3,3,0,7,0,0,0,0,0,0,1,0,6.91813E+20,5.34296E+21,1.1582E+16,4.82109E+16
183276,9,6,63,0,2018,7,15,5,3,4,2,0,0,1,0,1,0,0,0,5.68134E+20,5.51596E+21,9.94663E+15,4.97922E+16
183277,9,1,62,0,2018,7,15,3,3,5,3,0,1,1,0,0,0,0,0,6.87791E+20,5.33753E+21,1.15255E+16,4.81633E+16
183278,9,6,62,0,2018,7,10,5,3,0,7,0,1,0,0,0,0,0,0,5.872E+20,5.54174E+21,1.02173E+16,5.00216E+16
183279,9,6,61,0,2018,7,18,5,3,5,3,0,1,1,0,0,0,0,0,5.1023E+20,5.53553E+21,9.14266E+15,4.9972E+16
183280,9,1,62,0,2018,7,13,3,3,5,3,0,1,1,0,0,0,0,0,6.90699E+20,5.33705E+21,1.15644E+16,4.81581E+16
183281,9,6,61,0,2018,7,22,5,3,0,7,2,0,1,0,0,0,0,0,5.11434E+20,5.5357E+21,9.15945E+15,4.99736E+16
183282,9,1,62,0,2018,7,17,3,3,5,2,0,1,0,0,0,0,1,0,6.91464E+20,5.34E+21,1.1576E+16,4.81844E+16
183283,9,5,62,0,2018,7,18,5,3,5,3,0,1,0,0,1,0,0,0,6.47547E+20,5.49519E+21,1.10416E+16,4.95913E+16
183284,9,1,62,0,2018,7,14,3,3,0,6,0,0,0,0,1,0,0,0,6.97886E+20,5.33377E+21,1.16594E+16,4.81264E+16
183285,9,1,62,0,2018,7,6,3,3,3,7,0,1,0,0,0,0,1,0,6.93545E+20,5.335E+21,1.16017E+16,4.81388E+16
183286,9,5,64,0,2018,7,8,5,3,0,4,0,0,0,1,0,0,1,0,6.48714E+20,5.48429E+21,1.10536E+16,4.9493E+16
183287,9,1,62,0,2018,7,10,3,3,5,3,0,1,1,0,0,0,0,0,6.90735E+20,5.33575E+21,1.15643E+16,4.81464E+16
183288,9,5,64,0,2018,7,12,5,3,4,6,0,1,0,0,0,0,0,0,6.4852E+20,5.47982E+21,1.10493E+16,4.94529E+16
183289,9,5,64,0,2018,7,22,5,3,2,6,2,0,1,0,0,0,0,0,6.49726E+20,5.4795E+21,1.10658E+16,4.94497E+16
183290,9,1,62,0,2018,7,16,3,3,3,6,0,1,1,0,0,0,0,0,6.90467E+20,5.33565E+21,1.15606E+16,4.81456E+16
183291,9,7,75,135,2018,7,18,3,3,5,3,0,0,1,0,1,0,0,0,5.75159E+20,5.36082E+21,1.00154E+16,4.8396E+16
183292,9,5,64,0,2018,7,17,5,3,0,6,0,1,1,0,0,0,0,0,6.46206E+20,5.48159E+21,1.1018E+16,4.94694E+16
183293,9,5,64,0,2018,7,12,5,3,0,1,0,0,1,0,0,0,0,0,6.50407E+20,5.48029E+21,1.10755E+16,4.94567E+16
183294,9,7,75,135,2018,7,16,3,3,4,2,0,0,1,0,0,0,0,0,5.7383E+20,5.36052E+21,9.99735E+15,4.83935E+16
183295,9,5,77,177,2018,7,13,5,3,2,2,0,0,0,0,1,0,1,0,6.39812E+20,5.43184E+21,1.09124E+16,4.90235E+16
183296,9,7,78,161,2018,7,18,3,2,8,1,0,0,0,0,1,0,0,0,5.87618E+20,5.30681E+21,1.01725E+16,4.79086E+16
183297,9,4,75,162,2018,7,20,5,3,8,1,0,0,1,0,0,0,0,0,7.11982E+20,5.57191E+21,1.19743E+16,5.02612E+16
183298,9,7,64,0,2018,7,18,3,3,0,7,0,1,0,0,0,0,0,0,5.8819E+20,5.31641E+21,1.01821E+16,4.79949E+16
183299,9,1,88,126,2018,7,15,3,2,0,1,0,1,0,0,0,0,0,0,6.60942E+20,5.32605E+21,1.11604E+16,4.80674E+16
183300,9,1,62,0,2018,7,19,1,3,5,3,0,0,1,0,1,0,0,0,6.89061E+20,5.33335E+21,1.15407E+16,4.81253E+16
183301,9,1,62,0,2018,7,19,1,3,0,1,0,0,0,0,1,0,0,0,6.92198E+20,5.33702E+21,1.15845E+16,4.81574E+16
183302,9,7,76,116,2018,7,17,2,3,0,3,0,0,1,0,0,0,1,0,5.52753E+20,5.26802E+21,9.7013E+15,4.75635E+16
183303,9,7,75,135,2018,7,11,1,3,2,6,0,1,0,0,0,0,0,0,5.76455E+20,5.35761E+21,1.00323E+16,4.8367E+16
183304,9,7,75,135,2018,7,15,1,3,0,1,0,1,0,0,0,0,0,0,5.72996E+20,5.35901E+21,9.98582E+15,4.838E+16
183305,9,7,75,129,2018,7,15,1,3,0,1,0,1,0,0,0,0,0,0,5.80819E+20,5.34212E+21,1.00882E+16,4.82272E+16
183306,9,7,80,133,2018,7,10,1,2,0,1,0,1,0,0,0,0,0,0,5.96604E+20,5.25077E+21,1.02803E+16,4.74032E+16
183307,9,1,62,0,2018,7,15,2,3,2,6,0,1,1,0,0,0,0,0,6.93507E+20,5.33153E+21,1.15996E+16,4.81076E+16
183308,9,7,76,121,2018,7,4,1,3,9,1,2,0,1,1,0,0,0,0,5.71151E+20,5.26981E+21,9.94614E+15,4.75778E+16
183309,9,7,61,0,2018,7,14,2,3,3,2,0,1,1,0,0,0,0,0,6.40121E+20,5.3573E+21,1.08914E+16,4.83534E+16
183310,9,7,80,132,2018,7,11,1,3,0,1,0,1,0,0,0,0,0,0,5.79291E+20,5.26895E+21,1.00542E+16,4.75692E+16
183311,9,7,77,169,2018,7,11,1,3,0,6,0,1,0,0,0,0,0,0,6.30054E+20,5.27186E+21,1.07297E+16,4.75871E+16
183312,9,7,79,131,2018,7,16,2,3,2,6,0,0,1,0,0,1,0,0,6.296E+20,5.39755E+21,1.0762E+16,4.87175E+16
183313,9,7,72,147,2018,7,16,1,3,0,7,0,1,0,0,0,0,0,0,6.39103E+20,5.36764E+21,1.08811E+16,4.84465E+16
183314,9,7,71,146,2018,7,11,1,3,0,6,0,0,1,0,1,0,0,0,6.47764E+20,5.34795E+21,1.09912E+16,4.82675E+16
183315,9,3,62,0,2018,7,17,2,3,4,3,0,1,0,0,0,0,0,0,7.27606E+20,5.43494E+21,1.21136E+16,4.90253E+16
183316,9,2,62,0,2018,7,20,2,3,0,7,2,1,0,0,0,0,0,0,8.27318E+20,5.38693E+21,1.34358E+16,4.855E+16
183317,9,7,61,0,2018,7,13,1,3,1,1,0,0,1,0,1,0,0,0,6.38349E+20,5.36022E+21,1.08685E+16,4.83799E+16
183318,9,7,61,0,2018,7,23,1,3,0,1,2,1,0,0,0,0,0,0,6.38902E+20,5.35759E+21,1.08751E+16,4.83562E+16
183319,9,1,62,0,2018,7,14,2,2,4,6,0,1,0,0,0,0,0,0,6.91963E+20,5.33367E+21,1.15798E+16,4.81273E+16
183320,9,7,61,0,2018,7,13,1,3,2,1,0,1,0,0,0,0,0,0,6.3938E+20,5.35868E+21,1.08819E+16,4.83659E+16
183321,9,6,77,122,2018,7,16,2,3,5,3,0,0,1,0,1,0,0,0,5.46739E+20,5.55587E+21,9.65425E+15,5.01532E+16
183322,9,7,71,113,2018,7,18,1,2,4,6,0,0,1,0,1,0,0,0,6.54973E+20,5.36527E+21,1.10947E+16,4.84215E+16
183323,9,7,74,150,2018,7,18,6,3,5,3,0,0,1,0,0,0,0,0,6.01336E+20,5.34754E+21,1.03657E+16,4.82729E+16
183324,9,7,80,125,2018,7,7,6,3,8,7,0,1,0,0,0,0,0,0,5.98633E+20,5.29281E+21,1.03167E+16,4.77811E+16
183325,9,7,75,129,2018,7,16,6,3,0,1,0,1,0,0,0,0,0,0,5.80363E+20,5.34445E+21,1.00825E+16,4.82482E+16
183326,9,1,62,0,2018,7,15,2,3,3,2,0,1,1,0,0,0,0,1,6.93619E+20,5.33465E+21,1.16025E+16,4.81356E+16
183327,9,7,74,171,2018,7,15,6,2,5,3,0,1,1,0,0,0,0,0,6.01755E+20,5.37092E+21,1.0377E+16,4.84832E+16
183328,9,7,71,113,2018,7,22,1,3,0,1,2,0,0,0,1,0,0,0,6.49519E+20,5.36762E+21,1.10219E+16,4.84439E+16
183329,9,6,63,0,2018,7,13,1,3,0,5,0,1,1,0,0,0,0,0,5.669E+20,5.5157E+21,9.92945E+15,4.97901E+16
183330,9,1,62,0,2018,7,18,2,3,5,3,0,0,1,0,1,0,0,0,6.87419E+20,5.33947E+21,1.15214E+16,4.81808E+16
183331,9,6,63,0,2018,7,11,1,3,5,3,0,0,1,0,0,0,1,0,5.68737E+20,5.51502E+21,9.95484E+15,4.97837E+16
183332,9,5,74,138,2018,7,18,2,3,5,3,0,1,1,0,0,0,0,0,6.65055E+20,5.48619E+21,1.12799E+16,4.95058E+16
183333,9,6,72,155,2018,7,13,1,3,0,1,0,1,0,0,0,0,0,0,5.73344E+20,5.55367E+21,1.00262E+16,5.01307E+16
183334,9,6,62,0,2018,7,1,1,3,4,1,2,0,1,0,0,0,0,0,5.89181E+20,5.54587E+21,1.02459E+16,5.00584E+16
183335,9,1,82,132,2018,7,15,3,2,0,1,0,1,0,0,0,0,0,0,7.07071E+20,5.28809E+21,1.17607E+16,4.77129E+16
183336,9,6,71,111,2018,7,11,1,3,2,1,0,1,0,0,0,0,0,0,5.06687E+20,5.54976E+21,9.09349E+15,5.01001E+16
183337,9,5,62,0,2018,7,18,1,3,1,5,0,1,1,0,0,0,0,0,6.45809E+20,5.49366E+21,1.1017E+16,4.95779E+16
183338,9,7,78,111,2018,7,8,2,2,5,3,0,0,1,0,1,0,0,0,6.25172E+20,5.32454E+21,1.068E+16,4.80618E+16
183339,9,5,72,142,2018,7,14,1,3,0,1,0,1,0,0,0,0,0,0,6.4303E+20,5.49869E+21,1.09804E+16,4.96239E+16
183340,9,5,76,117,2018,7,16,1,3,1,5,0,1,0,0,0,0,1,0,6.48896E+20,5.45866E+21,1.10465E+16,4.92626E+16
183341,9,5,64,0,2018,7,14,2,3,6,2,0,0,1,1,0,0,0,0,6.47837E+20,5.47785E+21,1.10391E+16,4.94353E+16
183342,9,5,64,0,2018,7,19,1,3,2,7,0,0,1,0,1,0,0,0,6.50444E+20,5.48004E+21,1.10759E+16,4.94544E+16
183343,9,5,64,0,2018,7,2,1,3,6,4,2,0,1,1,0,0,0,0,6.50778E+20,5.47918E+21,1.10802E+16,4.94466E+16
183344,9,2,77,124,2018,7,17,2,3,5,3,0,0,0,0,0,1,1,0,7.85198E+20,5.36821E+21,1.28537E+16,4.84024E+16
183345,9,1,88,121,2018,7,21,3,3,8,7,2,1,0,0,0,0,0,0,6.70968E+20,5.32999E+21,1.12965E+16,4.81002E+16
183346,9,5,71,216,2018,7,18,1,3,2,6,0,0,1,0,0,0,1,0,6.17577E+20,5.45365E+21,1.06148E+16,4.92243E+16
183347,9,4,72,199,2018,7,17,1,3,5,5,0,0,1,0,0,0,0,0,6.92531E+20,5.53866E+21,1.16849E+16,4.99692E+16
183348,9,7,80,137,2018,7,9,2,3,8,6,0,1,0,0,0,0,1,0,5.99058E+20,5.27216E+21,1.03177E+16,4.75953E+16
183349,9,4,74,126,2018,7,3,1,3,0,1,2,1,0,0,0,0,0,0,6.48363E+20,5.51007E+21,1.10585E+16,4.97248E+16
183350,9,3,62,0,2018,7,20,1,3,2,6,1,0,1,0,0,0,0,0,7.26154E+20,5.43318E+21,1.20928E+16,4.901E+16
183351,9,3,73,147,2018,7,14,2,3,0,6,0,1,1,0,0,0,0,0,6.79342E+20,5.46046E+21,1.14655E+16,4.92705E+16
183352,9,2,79,125,2018,7,16,2,3,0,1,0,0,0,0,1,0,0,0,7.65505E+20,5.39547E+21,1.26055E+16,4.86558E+16
183353,9,3,62,0,2018,7,13,1,3,0,1,0,1,0,0,0,0,0,0,7.27925E+20,5.43521E+21,1.21181E+16,4.90276E+16
183354,9,3,71,151,2018,7,20,1,3,0,7,0,0,0,0,1,0,0,0,6.98588E+20,5.48745E+21,1.17432E+16,4.95072E+16
183355,9,1,62,0,2018,7,16,2,3,0,7,0,1,0,0,0,0,0,0,6.84255E+20,5.33091E+21,1.14752E+16,4.81048E+16
183356,9,2,71,123,2018,7,16,1,3,0,7,0,1,0,0,0,0,0,0,8.07128E+20,5.41274E+21,1.31821E+16,4.87917E+16
183357,9,3,75,190,2018,7,17,2,3,5,3,0,0,1,0,1,0,0,0,7.28467E+20,5.44505E+21,1.21311E+16,4.91158E+16
183358,9,2,62,0,2018,7,1,1,3,4,6,2,1,0,0,0,0,0,1,8.29691E+20,5.39069E+21,1.34708E+16,4.85824E+16
183359,9,2,61,0,2018,7,14,1,3,2,6,0,0,1,0,1,0,0,0,7.321E+20,5.37944E+21,1.21437E+16,4.85251E+16
183360,9,1,62,0,2018,7,18,2,3,6,4,0,1,0,1,0,0,0,0,6.87466E+20,5.33568E+21,1.15203E+16,4.81467E+16
183361,9,1,73,137,2018,7,13,1,3,0,7,0,1,0,0,0,0,0,0,6.77603E+20,5.30815E+21,1.13765E+16,4.79021E+16
183362,9,7,72,125,2018,7,7,2,3,5,3,0,1,1,0,0,0,0,0,6.35922E+20,5.34898E+21,1.08321E+16,4.82795E+16
183363,9,1,89,161,2018,7,18,1,3,8,7,0,1,0,0,0,0,0,0,7.70174E+20,5.30489E+21,1.2611E+16,4.78405E+16
183364,9,7,80,118,2018,7,7,6,3,0,1,0,1,0,0,0,0,0,0,5.95614E+20,5.26539E+21,1.02704E+16,4.75349E+16
183365,9,3,72,137,2018,7,11,2,3,2,6,0,1,1,0,0,0,0,0,7.815E+20,5.4542E+21,1.28627E+16,4.91759E+16
183366,9,7,80,139,2018,7,7,6,3,4,2,0,1,1,0,0,0,0,0,5.95153E+20,5.26411E+21,1.0264E+16,4.75235E+16
183367,9,1,62,0,2018,7,12,6,2,1,5,0,1,1,0,0,0,0,0,6.92325E+20,5.33697E+21,1.15862E+16,4.81569E+16
183368,9,1,62,0,2018,7,9,2,3,3,7,0,1,1,0,0,0,0,0,6.89685E+20,5.3333E+21,1.15491E+16,4.81247E+16
183369,9,1,62,0,2018,7,14,6,2,4,2,0,0,1,0,1,0,0,0,6.91541E+20,5.33703E+21,1.15757E+16,4.81577E+16
183370,9,6,76,126,2018,7,18,2,3,3,6,0,1,0,0,0,0,0,0,5.11413E+20,5.5244E+21,9.15883E+15,4.98719E+16