OBJECTID_1,ULAND,UREGBEZ,UKREIS,UGEMEINDE,UJAHR,UMONAT,USTUNDE,UWOCHENTAG,UKATEGORIE,UART,UTYP1,ULICHTVERH,IstRad,IstPKW,IstFuss,IstKrad,IstGkfz,IstSonstig,STRZUSTAND,LINREFX,LINREFY,XGCSWGS84,YGCSWGS84
183371,9,1,62,0,2018,7,10,6,3,5,2,0,1,1,0,0,0,0,0,6.93366E+20,5.33612E+21,1.15998E+16,4.81489E+16
183372,9,7,61,0,2018,7,8,2,3,0,1,0,1,0,0,0,0,0,0,6.40299E+20,5.35875E+21,1.08943E+16,4.83664E+16
183373,9,7,64,0,2018,7,10,6,3,4,6,0,1,1,0,0,0,0,0,5.87607E+20,5.31538E+21,1.01741E+16,4.79857E+16
183374,9,1,62,0,2018,7,0,6,3,8,1,2,1,0,0,0,0,0,0,6.90927E+20,5.33441E+21,1.15662E+16,4.81342E+16
183375,9,7,63,0,2018,7,9,6,3,3,5,0,1,1,0,0,0,0,0,5.98728E+20,5.28668E+21,1.03166E+16,4.77259E+16
183376,9,1,89,152,2018,7,23,1,2,0,7,2,1,0,0,0,0,0,0,7.82067E+20,5.32842E+21,1.2785E+16,4.80467E+16
183377,9,1,62,0,2018,7,17,2,3,5,3,0,1,1,0,0,0,0,0,6.87818E+20,5.34467E+21,1.1529E+16,4.82274E+16
183378,9,1,71,112,2018,7,6,1,3,8,1,0,0,1,0,0,0,0,1,7.84813E+20,5.34348E+21,1.28318E+16,4.81807E+16
183379,9,5,63,0,2018,7,10,2,2,5,3,0,0,1,0,1,0,0,0,6.44451E+20,5.48447E+21,1.09948E+16,4.94957E+16
183380,9,1,87,182,2018,7,19,1,2,0,7,0,1,0,0,0,0,0,0,7.38369E+20,5.32673E+21,1.21987E+16,4.80493E+16
183381,9,1,89,127,2018,7,13,2,3,9,1,0,0,1,0,0,0,1,0,7.86612E+20,5.31884E+21,1.28394E+16,4.79587E+16
183382,9,4,74,156,2018,7,20,2,2,6,7,0,0,1,1,0,0,0,0,6.68394E+20,5.50988E+21,1.13361E+16,4.97178E+16
183383,9,1,87,114,2018,7,11,1,3,8,1,0,1,0,0,0,0,0,0,7.49594E+20,5.30014E+21,1.23337E+16,4.78062E+16
183384,9,1,81,130,2018,7,17,3,3,0,1,0,1,0,0,0,0,0,0,6.39639E+20,5.32327E+21,1.08737E+16,4.80474E+16
183385,9,1,87,122,2018,7,21,1,3,0,1,2,1,0,0,0,0,0,0,7.17996E+20,5.30875E+21,1.19166E+16,4.7895E+16
183386,9,1,87,117,2018,7,21,1,3,3,6,2,1,1,0,0,0,0,0,7.25239E+20,5.30544E+21,1.20116E+16,4.78627E+16
183387,9,1,87,117,2018,7,11,1,3,0,1,0,1,0,0,0,0,0,0,7.25164E+20,5.30574E+21,1.20108E+16,4.78655E+16
183388,9,1,76,123,2018,7,9,1,2,5,3,0,1,1,0,0,0,0,0,6.59846E+20,5.41779E+21,1.11808E+16,4.88924E+16
183389,9,1,81,130,2018,7,10,1,3,0,1,0,1,0,0,0,0,0,0,6.39231E+20,5.32433E+21,1.08686E+16,4.80571E+16
183390,9,1,62,0,2018,7,20,2,3,3,6,0,1,1,0,0,0,0,0,6.92556E+20,5.33491E+21,1.15884E+16,4.81382E+16
183391,9,1,81,144,2018,7,10,1,3,5,2,0,1,1,0,0,0,0,0,6.56173E+20,5.31984E+21,1.10942E+16,4.80128E+16
183392,9,5,73,125,2018,7,3,2,2,1,5,2,1,0,0,1,0,0,0,6.38675E+20,5.4739E+21,1.09114E+16,4.9402E+16
183393,9,1,74,115,2018,7,12,1,3,0,1,0,1,0,0,0,0,0,0,6.83303E+20,5.3477E+21,1.14696E+16,4.8256E+16
183394,9,1,63,0,2018,7,10,2,3,2,6,0,0,1,0,0,0,0,0,7.33953E+20,5.30543E+21,1.2128E+16,4.78595E+16
183395,9,1,78,143,2018,7,10,1,3,8,1,0,1,0,0,0,0,0,0,7.17494E+20,5.3721E+21,1.19423E+16,4.84644E+16
183396,9,1,80,122,2018,7,16,2,3,5,3,0,1,1,0,0,0,0,0,6.71167E+20,5.26394E+21,1.12731E+16,4.75064E+16
183397,9,1,75,132,2018,7,13,3,2,3,6,0,0,1,0,0,1,0,0,7.05293E+20,5.33476E+21,1.17593E+16,4.8133E+16
183398,9,1,62,0,2018,7,21,7,2,0,1,2,1,0,0,0,0,0,0,6.89992E+20,5.3341E+21,1.15536E+16,4.81318E+16
183399,9,7,77,155,2018,7,9,2,3,5,3,0,0,1,0,0,0,0,0,6.2675E+20,5.31052E+21,1.06971E+16,4.79355E+16
183400,9,1,62,0,2018,7,0,7,3,0,3,2,0,1,0,1,0,0,0,6.9077E+20,5.34E+21,1.15667E+16,4.81846E+16
183401,9,1,82,120,2018,7,16,2,2,5,3,0,1,1,0,0,0,0,0,7.01322E+20,5.3074E+21,1.16931E+16,4.78883E+16
183402,9,7,80,133,2018,7,10,2,3,6,7,0,1,0,1,0,0,0,0,5.9639E+20,5.25158E+21,1.02777E+16,4.74106E+16
183403,9,1,62,0,2018,7,19,7,3,5,3,0,1,1,0,0,0,0,0,6.90667E+20,5.33843E+21,1.15646E+16,4.81705E+16
183404,9,1,62,0,2018,7,21,7,3,1,7,1,1,1,0,0,0,0,0,6.91952E+20,5.338E+21,1.15816E+16,4.81662E+16
183405,9,1,87,122,2018,7,18,2,3,5,7,0,0,1,0,0,0,0,0,7.18953E+20,5.30756E+21,1.19288E+16,4.7884E+16
183406,9,1,62,0,2018,7,1,7,3,6,7,2,0,1,1,0,0,0,0,6.91411E+20,5.33635E+21,1.15736E+16,4.81516E+16
183407,9,1,62,0,2018,7,8,7,2,8,1,0,0,0,0,1,0,0,0,6.97244E+20,5.33224E+21,1.16501E+16,4.81128E+16
183408,9,1,62,0,2018,7,11,2,3,1,5,0,1,1,0,0,0,0,0,6.92428E+20,5.3375E+21,1.15878E+16,4.81616E+16
183409,9,1,62,0,2018,7,14,7,3,4,6,0,1,0,0,0,0,0,0,6.83468E+20,5.33546E+21,1.14665E+16,4.81459E+16
183410,9,7,61,0,2018,7,8,2,3,4,2,0,1,0,0,0,0,0,0,6.41036E+20,5.3579E+21,1.09039E+16,4.83585E+16
183411,9,1,62,0,2018,7,17,7,3,0,7,0,1,0,0,0,0,0,0,6.83125E+20,5.33598E+21,1.14622E+16,4.81507E+16
183412,9,1,87,150,2018,7,16,2,3,5,3,0,0,1,0,0,0,0,0,7.29462E+20,5.30358E+21,1.2067E+16,4.78446E+16
183413,9,1,62,0,2018,7,23,7,2,0,7,2,1,0,0,0,0,0,0,6.8595E+20,5.33724E+21,1.15007E+16,4.81612E+16
183414,9,1,86,143,2018,7,9,2,3,5,3,0,1,1,0,0,0,0,0,6.84618E+20,5.37791E+21,1.15006E+16,4.85271E+16
183415,9,1,62,0,2018,7,1,7,3,0,7,2,1,0,0,0,0,0,0,6.85906E+20,5.33564E+21,1.14994E+16,4.81468E+16
183416,9,1,62,0,2018,7,15,7,3,5,3,0,1,0,0,1,0,0,0,6.87827E+20,5.33704E+21,1.15258E+16,4.81588E+16
183417,9,1,84,112,2018,7,9,7,3,4,6,0,0,1,0,0,0,0,0,6.99542E+20,5.33658E+21,1.16829E+16,4.81511E+16
183418,9,1,84,147,2018,7,8,7,3,4,2,0,1,0,0,0,0,0,0,6.96308E+20,5.34074E+21,1.16414E+16,4.81896E+16
183419,9,1,62,0,2018,7,14,7,3,1,7,0,0,1,0,0,0,0,0,6.95701E+20,5.33228E+21,1.16294E+16,4.81137E+16
183420,9,1,62,0,2018,7,7,2,3,0,7,0,0,1,1,0,0,0,0,6.97084E+20,5.33208E+21,1.16478E+16,4.81115E+16
183421,9,1,62,0,2018,7,13,7,3,1,1,0,1,0,0,1,0,0,0,6.94425E+20,5.32961E+21,1.1611E+16,4.809E+16
183422,9,6,63,0,2018,7,18,2,3,4,1,0,0,1,0,0,0,0,0,5.65518E+20,5.51547E+21,9.91021E+15,4.97881E+16
183423,9,1,62,0,2018,7,9,7,3,0,7,0,1,0,0,0,0,0,0,6.94688E+20,5.33522E+21,1.16171E+16,4.81404E+16
183424,9,1,76,124,2018,7,16,2,3,4,7,0,0,1,0,0,0,0,0,6.70214E+20,5.4103E+21,1.1319E+16,4.88224E+16
183425,9,1,62,0,2018,7,19,7,3,2,6,0,0,1,0,0,0,1,0,6.90839E+20,5.33496E+21,1.15653E+16,4.81392E+16
183426,9,7,75,139,2018,7,13,7,3,5,3,0,1,1,0,0,0,0,0,5.80325E+20,5.36673E+21,1.00863E+16,4.84486E+16
183427,9,7,78,173,2018,7,11,7,2,9,7,0,1,0,0,0,0,0,0,6.12561E+20,5.3214E+21,1.051E+16,4.80359E+16
183428,9,1,62,0,2018,7,19,2,3,0,1,0,1,0,0,0,0,0,0,6.95759E+20,5.33209E+21,1.16301E+16,4.8112E+16
183429,9,7,78,157,2018,7,20,7,3,5,3,1,1,1,0,0,0,0,0,5.97185E+20,5.33266E+21,1.03064E+16,4.81397E+16
183430,9,5,64,0,2018,7,13,2,3,5,3,0,1,1,0,0,0,0,0,6.48331E+20,5.47974E+21,1.10466E+16,4.94522E+16
183431,9,7,64,0,2018,7,17,7,3,0,7,0,1,0,0,0,0,0,0,5.88885E+20,5.31553E+21,1.01913E+16,4.79869E+16
183432,9,1,62,0,2018,7,17,2,3,4,2,0,1,1,0,0,0,0,0,6.93363E+20,5.33966E+21,1.16013E+16,4.81808E+16
183433,9,7,75,129,2018,7,0,7,3,0,1,2,1,0,0,0,0,0,0,5.81641E+20,5.34171E+21,1.00992E+16,4.82233E+16
183434,9,5,76,151,2018,7,14,2,3,2,6,0,0,1,0,0,0,0,0,6.56404E+20,5.46873E+21,1.11536E+16,4.93512E+16
183435,9,7,74,144,2018,7,11,7,3,5,3,0,0,1,0,0,0,1,0,6.06256E+20,5.36243E+21,1.04357E+16,4.8406E+16
183436,9,1,79,142,2018,7,18,2,3,0,1,0,1,0,0,0,0,0,0,6.73132E+20,5.34213E+21,1.13304E+16,4.82088E+16
183437,9,7,61,0,2018,7,0,7,3,0,1,2,1,0,0,0,0,0,0,6.39971E+20,5.35806E+21,1.08896E+16,4.83602E+16
183438,9,7,61,0,2018,7,17,7,2,5,3,0,0,1,0,0,0,0,0,6.3962E+20,5.36011E+21,1.08856E+16,4.83787E+16
183439,9,6,63,0,2018,7,17,7,2,2,2,0,0,1,1,0,0,0,0,5.67355E+20,5.51625E+21,9.93586E+15,4.97949E+16
183440,9,7,75,129,2018,7,19,2,3,0,7,0,0,0,0,1,0,1,1,5.8172E+20,5.34179E+21,1.01003E+16,4.82241E+16
183441,9,6,61,0,2018,7,17,7,3,0,1,0,1,0,0,0,0,0,1,5.11114E+20,5.53542E+21,9.15499E+15,4.9971E+16
183442,9,6,71,130,2018,7,19,7,3,2,6,0,0,1,0,0,0,0,1,5.1603E+20,5.5394E+21,9.22371E+15,5.00067E+16
183443,9,1,79,123,2018,7,15,2,3,6,7,0,0,1,1,0,0,0,0,6.74193E+20,5.3339E+21,1.13413E+16,4.81345E+16
183444,9,6,71,122,2018,7,11,7,3,0,7,0,0,0,0,0,0,1,0,5.04072E+20,5.53039E+21,9.05674E+15,4.99259E+16
183445,9,1,74,135,2018,7,19,2,3,5,3,0,1,1,0,0,0,0,0,6.62538E+20,5.35348E+21,1.11923E+16,4.83136E+16
183446,9,5,64,0,2018,7,23,7,3,0,1,2,1,0,0,0,0,0,0,6.52045E+20,5.47923E+21,1.10977E+16,4.94467E+16
183447,9,1,79,126,2018,7,14,3,3,7,7,0,1,0,0,0,0,0,0,6.76316E+20,5.34065E+21,1.13726E+16,4.81946E+16
183448,9,5,64,0,2018,7,12,7,3,0,5,0,1,1,0,0,0,0,0,6.54769E+20,5.47436E+21,1.11333E+16,4.94023E+16
183449,9,5,64,0,2018,7,9,7,3,6,1,0,1,0,1,0,0,0,0,6.49932E+20,5.47796E+21,1.1068E+16,4.94358E+16
183450,9,7,80,125,2018,7,6,2,3,5,3,0,0,1,0,0,0,0,0,5.97275E+20,5.29255E+21,1.02985E+16,4.7779E+16
183451,9,5,64,0,2018,7,18,7,2,0,1,0,1,0,0,0,0,0,0,6.50357E+20,5.4792E+21,1.10744E+16,4.94468E+16
183452,9,1,74,115,2018,7,6,2,3,5,3,0,1,1,0,0,0,0,0,6.82813E+20,5.34776E+21,1.1463E+16,4.82566E+16
183453,9,5,73,134,2018,7,9,7,3,0,1,0,0,0,0,1,0,0,0,6.4193E+20,5.47861E+21,1.0958E+16,4.94436E+16
183454,9,1,77,117,2018,7,17,2,3,2,6,0,0,1,0,0,0,0,0,7.15391E+20,5.35518E+21,1.19052E+16,4.83131E+16
183455,9,3,62,0,2018,7,23,2,2,0,1,1,1,0,0,0,0,0,0,7.29195E+20,5.43337E+21,1.21344E+16,4.90106E+16
183456,9,5,72,147,2018,7,14,7,2,0,1,0,0,0,0,1,0,0,0,6.2768E+20,5.49485E+21,1.07667E+16,4.95928E+16
183457,9,4,75,169,2018,7,10,7,2,0,7,0,0,0,1,1,0,0,0,6.87103E+20,5.57498E+21,1.16271E+16,5.02972E+16
183458,9,1,62,0,2018,7,8,2,2,0,1,0,1,0,0,0,0,0,0,6.92318E+20,5.33778E+21,1.15865E+16,4.81642E+16
183459,9,4,79,152,2018,7,15,7,3,0,7,0,1,0,0,0,0,0,1,7.23697E+20,5.56207E+21,1.21326E+16,5.01686E+16
183460,9,7,61,0,2018,7,11,2,3,2,2,0,0,1,0,0,0,0,0,6.40296E+20,5.35916E+21,1.08944E+16,4.837E+16
183461,9,4,77,117,2018,7,17,7,2,9,1,0,1,0,0,0,0,0,1,6.83578E+20,5.56262E+21,1.15717E+16,5.01873E+16
183462,9,1,77,115,2018,7,12,2,3,8,1,0,1,0,0,0,0,0,0,7.38987E+20,5.35593E+21,1.22234E+16,4.83113E+16
183463,9,1,62,0,2018,7,14,2,3,4,2,0,1,1,0,0,0,0,0,6.90197E+20,5.33329E+21,1.1556E+16,4.81244E+16
183464,9,4,62,0,2018,7,1,7,3,5,3,2,1,1,0,0,0,0,0,6.83391E+20,5.53613E+21,1.15564E+16,4.99493E+16
183465,9,7,72,163,2018,7,16,2,2,3,6,0,1,0,0,0,0,0,0,6.40396E+20,5.34721E+21,1.08918E+16,4.82625E+16
183466,9,4,74,126,2018,7,19,7,3,2,6,0,0,1,0,0,0,0,0,6.48919E+20,5.51068E+21,1.10665E+16,4.97302E+16
183467,9,1,62,0,2018,7,0,1,3,0,7,2,1,0,0,0,0,0,0,6.86195E+20,5.33584E+21,1.15033E+16,4.81486E+16
183468,9,4,61,0,2018,7,17,7,3,9,7,0,1,0,0,0,0,0,0,6.37225E+20,5.52848E+21,1.09106E+16,4.9893E+16
183469,9,1,62,0,2018,7,1,1,3,8,7,2,0,1,0,0,0,0,0,6.91824E+20,5.33566E+21,1.15789E+16,4.81453E+16
183470,9,3,74,154,2018,7,12,7,2,3,6,0,1,1,0,0,0,0,0,7.29748E+20,5.50407E+21,1.21827E+16,4.96454E+16
183471,9,3,63,0,2018,7,16,7,3,0,7,0,1,0,0,0,0,0,0,7.26956E+20,5.50947E+21,1.21472E+16,4.96949E+16
183472,9,1,62,0,2018,7,8,2,3,3,2,0,0,0,0,1,0,1,0,6.899E+20,5.33473E+21,1.15526E+16,4.81375E+16
183473,9,5,61,0,2018,7,11,2,3,5,2,0,1,0,0,0,0,1,0,6.14691E+20,5.46225E+21,1.05776E+16,4.93022E+16
183474,9,3,63,0,2018,7,11,7,3,2,6,0,0,1,0,0,0,0,0,7.29268E+20,5.50706E+21,1.21778E+16,4.96724E+16
183475,9,6,73,114,2018,7,15,2,3,5,3,0,0,1,0,1,0,0,0,5.86964E+20,5.5758E+21,1.02218E+16,5.03279E+16
183476,9,3,74,124,2018,7,2,7,3,6,7,2,0,1,1,0,0,0,0,7.09284E+20,5.5111E+21,1.19034E+16,4.9716E+16
183477,9,1,62,0,2018,7,10,1,3,4,6,0,0,1,0,0,0,0,0,6.83938E+20,5.33889E+21,1.14743E+16,4.81766E+16
183478,9,3,62,0,2018,7,12,7,3,0,1,0,1,0,0,0,0,0,0,7.22649E+20,5.43337E+21,1.2045E+16,4.9013E+16
183479,9,1,62,0,2018,7,2,1,3,3,7,2,0,1,0,0,0,0,0,6.90696E+20,5.33475E+21,1.15633E+16,4.81374E+16
183480,9,3,75,119,2018,7,18,7,3,0,7,0,0,0,0,1,0,0,0,7.36297E+20,5.4461E+21,1.22388E+16,4.91222E+16
183481,9,3,75,119,2018,7,14,7,3,5,3,0,1,0,0,1,0,0,0,7.38664E+20,5.44317E+21,1.22695E+16,4.9095E+16
183482,9,1,62,0,2018,7,12,1,3,9,6,0,0,1,0,0,0,0,0,6.88312E+20,5.33828E+21,1.15329E+16,4.81699E+16
183483,9,3,62,0,2018,7,9,7,3,0,1,0,1,0,0,0,0,0,0,7.25464E+20,5.43316E+21,1.20834E+16,4.90101E+16
183484,9,3,73,113,2018,7,14,7,3,5,3,0,1,1,0,0,0,0,0,6.77093E+20,5.46624E+21,1.14371E+16,4.93232E+16
183485,9,1,62,0,2018,7,12,2,2,0,6,0,1,1,0,1,0,0,0,6.89655E+20,5.34352E+21,1.15532E+16,4.82165E+16
183486,9,3,73,146,2018,7,14,7,3,2,6,0,0,1,0,0,0,0,0,6.75699E+20,5.44996E+21,1.14108E+16,4.91772E+16
183487,9,5,74,138,2018,7,17,2,3,5,2,0,0,1,0,0,0,0,0,6.64465E+20,5.48631E+21,1.12718E+16,4.95071E+16
183488,9,3,76,170,2018,7,21,7,3,0,1,1,1,0,0,0,0,0,0,7.25422E+20,5.45944E+21,1.20975E+16,4.92462E+16
183489,9,1,62,0,2018,7,23,1,3,5,2,2,0,1,0,0,0,0,0,6.93704E+20,5.34032E+21,1.16062E+16,4.81865E+16
183490,9,2,63,0,2018,7,11,7,3,5,3,0,1,1,0,0,0,0,0,7.62809E+20,5.41983E+21,1.25845E+16,4.88756E+16
183491,9,1,85,158,2018,7,18,3,3,0,1,0,1,0,0,0,0,0,0,6.67728E+20,5.38144E+21,1.12734E+16,4.85636E+16
183492,9,2,75,116,2018,7,11,7,3,0,7,0,1,0,0,0,0,0,0,8.20915E+20,5.3642E+21,1.33319E+16,4.83493E+16
183493,9,2,73,172,2018,7,12,7,3,3,2,0,1,1,0,0,0,0,0,7.09467E+20,5.40428E+21,1.18501E+16,4.87563E+16
183494,9,7,63,0,2018,7,22,2,2,5,2,2,1,1,0,0,0,0,0,5.98599E+20,5.28592E+21,1.03147E+16,4.77191E+16
183495,9,2,61,0,2018,7,21,7,3,5,3,1,0,1,0,0,0,0,0,7.31701E+20,5.38187E+21,1.21396E+16,4.85471E+16
183496,9,1,90,160,2018,7,11,7,3,0,1,0,1,0,0,0,0,0,0,6.47391E+20,5.28273E+21,1.09638E+16,4.76811E+16
183497,9,1,62,0,2018,7,18,2,3,1,1,0,1,1,0,0,0,0,0,6.91594E+20,5.3377E+21,1.15767E+16,4.81636E+16
183498,9,1,72,114,2018,7,9,7,3,3,6,0,1,1,0,0,0,0,0,7.90564E+20,5.29337E+21,1.28752E+16,4.77282E+16
183499,9,5,64,0,2018,7,10,2,3,2,6,0,0,1,0,1,0,0,0,6.46654E+20,5.48172E+21,1.10242E+16,4.94704E+16
183500,9,1,87,162,2018,7,18,7,2,0,1,0,1,0,0,0,0,0,0,7.50519E+20,5.30586E+21,1.23493E+16,4.78572E+16
183501,9,1,62,0,2018,7,13,1,3,0,7,0,1,0,0,0,0,0,0,6.96605E+20,5.3318E+21,1.16413E+16,4.81091E+16
183502,9,1,87,137,2018,7,17,7,3,0,1,0,0,0,0,1,0,0,0,7.31018E+20,5.30958E+21,1.2091E+16,4.7898E+16
183503,9,1,80,117,2018,7,17,2,3,5,3,0,1,1,0,0,0,0,0,6.5757E+20,5.26185E+21,1.10919E+16,4.7491E+16
183504,9,1,74,115,2018,7,10,3,3,0,1,0,1,0,0,0,0,0,0,6.80418E+20,5.3471E+21,1.14305E+16,4.82514E+16
183505,9,1,76,155,2018,7,10,7,2,0,7,0,1,0,0,0,0,0,0,6.61032E+20,5.42122E+21,1.11983E+16,4.89229E+16
183506,9,7,80,124,2018,7,18,2,3,0,7,0,1,1,0,0,0,0,0,5.92645E+20,5.26754E+21,1.02314E+16,4.75547E+16
183507,9,1,88,113,2018,7,12,7,3,0,7,0,1,0,0,0,0,0,0,6.7896E+20,5.31161E+21,1.1396E+16,4.79328E+16
183508,9,1,62,0,2018,7,12,1,3,5,3,0,0,1,0,1,0,0,0,6.91863E+20,5.33342E+21,1.15784E+16,4.81251E+16
183509,9,1,81,129,2018,7,6,7,3,8,1,0,0,1,0,0,0,0,0,6.42912E+20,5.30559E+21,1.09117E+16,4.78877E+16
183510,9,1,62,0,2018,7,20,1,3,0,3,0,1,0,0,1,0,0,0,6.85998E+20,5.33485E+21,1.15003E+16,4.81397E+16
183511,9,1,74,115,2018,7,12,7,3,5,3,0,1,1,0,0,0,0,0,6.83549E+20,5.34842E+21,1.14732E+16,4.82624E+16
183512,9,1,78,123,2018,7,8,7,3,2,1,0,0,1,0,0,0,1,0,6.87385E+20,5.35907E+21,1.15296E+16,4.8357E+16
183513,9,1,77,115,2018,7,10,7,3,0,7,0,1,0,0,0,0,0,0,7.34062E+20,5.35135E+21,1.21546E+16,4.82721E+16
183514,9,1,62,0,2018,7,23,6,3,1,1,2,1,1,0,0,0,0,0,6.90179E+20,5.33191E+21,1.15551E+16,4.8112E+16
183515,9,1,62,0,2018,7,19,2,3,0,7,0,1,0,0,0,0,1,1,6.90748E+20,5.33431E+21,1.15638E+16,4.81334E+16
183516,9,1,62,0,2018,7,11,6,3,5,2,0,0,1,0,1,0,0,0,6.90911E+20,5.33565E+21,1.15666E+16,4.81454E+16
183517,9,7,61,0,2018,7,18,2,2,0,1,0,1,0,0,0,0,0,0,6.40431E+20,5.35203E+21,1.08938E+16,4.83058E+16
183518,9,1,62,0,2018,7,11,6,3,3,2,0,1,1,0,0,0,0,0,6.97618E+20,5.33794E+21,1.16577E+16,4.81639E+16
183519,9,1,62,0,2018,7,13,6,3,2,6,0,0,1,0,0,0,0,0,6.89903E+20,5.33194E+21,1.15514E+16,4.81124E+16
183520,9,1,62,0,2018,7,18,6,3,4,6,0,1,0,0,0,0,0,0,6.91015E+20,5.34033E+21,1.15701E+16,4.81875E+16
183521,9,1,62,0,2018,7,20,6,3,4,6,0,1,0,0,0,0,0,0,6.8906E+20,5.33825E+21,1.15429E+16,4.81694E+16
183522,9,1,62,0,2018,7,8,2,3,2,2,0,0,1,0,0,0,0,0,6.88961E+20,5.33429E+21,1.15398E+16,4.81338E+16
183523,9,1,62,0,2018,7,8,6,3,2,6,0,1,1,0,0,0,0,0,6.91315E+20,5.33632E+21,1.15723E+16,4.81513E+16
183524,9,1,62,0,2018,7,9,6,2,5,2,0,1,1,0,0,0,0,0,6.88025E+20,5.33963E+21,1.15296E+16,4.81821E+16
183525,9,1,62,0,2018,7,16,2,3,2,6,0,0,1,0,1,0,0,0,6.80341E+20,5.33491E+21,1.14243E+16,4.81418E+16
183526,9,1,62,0,2018,7,23,6,3,1,7,2,0,1,0,0,0,0,0,6.9432E+20,5.32993E+21,1.16098E+16,4.8093E+16
183527,9,7,71,113,2018,7,13,2,3,0,1,0,0,0,0,1,0,0,0,6.57319E+20,5.36889E+21,1.11277E+16,4.84534E+16
183528,9,1,62,0,2018,7,9,6,3,6,7,0,0,1,1,0,0,0,0,6.90389E+20,5.3356E+21,1.15596E+16,4.81451E+16
183529,9,1,62,0,2018,7,12,6,3,3,3,0,1,0,0,0,0,1,0,6.90176E+20,5.33374E+21,1.15559E+16,4.81285E+16
183530,9,1,62,0,2018,7,8,6,3,2,7,0,1,0,0,0,0,0,0,6.92399E+20,5.33757E+21,1.15874E+16,4.81623E+16
183531,9,1,62,0,2018,7,19,6,3,5,3,0,0,1,0,0,0,0,0,6.84771E+20,5.33362E+21,1.14833E+16,4.8129E+16
183532,9,1,84,146,2018,7,12,2,3,4,6,0,1,0,0,0,0,0,0,6.99394E+20,5.32808E+21,1.1677E+16,4.80748E+16
183533,9,1,62,0,2018,7,9,6,3,2,2,0,0,1,0,0,0,1,0,6.91497E+20,5.33598E+21,1.15746E+16,4.81482E+16
183534,9,5,63,0,2018,7,14,2,3,5,3,0,0,0,0,1,1,0,0,6.454E+20,5.4805E+21,1.10065E+16,4.94597E+16
183535,9,1,84,119,2018,7,10,6,3,5,3,0,1,1,0,0,0,0,0,6.98209E+20,5.34906E+21,1.16709E+16,4.82637E+16
183536,9,3,75,210,2018,7,14,2,2,0,7,0,1,0,0,0,0,0,0,7.47724E+20,5.4323E+21,1.23867E+16,4.89939E+16
183537,9,1,78,120,2018,7,15,6,3,5,3,0,1,1,0,0,0,0,0,6.98658E+20,5.35084E+21,1.16777E+16,4.82796E+16
183538,9,6,76,116,2018,7,14,2,3,5,3,0,1,1,0,0,0,0,0,5.18936E+20,5.50609E+21,9.26263E+15,4.9707E+16
183539,9,1,62,0,2018,7,18,6,3,5,7,0,0,1,0,0,0,0,0,6.93171E+20,5.34039E+21,1.15991E+16,4.81873E+16
183540,9,1,62,0,2018,7,16,6,3,0,1,0,1,1,0,0,0,0,0,6.86886E+20,5.33435E+21,1.1512E+16,4.8135E+16
183541,9,1,62,0,2018,7,13,6,3,5,3,0,1,1,0,0,0,0,0,6.97938E+20,5.33293E+21,1.16597E+16,4.81189E+16
183542,9,7,64,0,2018,7,12,2,3,3,6,0,1,1,0,0,0,0,0,5.88001E+20,5.31585E+21,1.01795E+16,4.79899E+16
183543,9,7,76,116,2018,7,10,6,3,3,6,0,1,0,0,0,0,0,0,5.52618E+20,5.2675E+21,9.69944E+15,4.75588E+16
183544,9,7,77,173,2018,7,14,6,2,0,6,0,1,0,0,0,0,0,0,6.36115E+20,5.27571E+21,1.08115E+16,4.76205E+16
183545,9,7,75,135,2018,7,7,6,3,5,3,0,1,1,0,0,0,0,0,5.78843E+20,5.36316E+21,1.00656E+16,4.84166E+16
183546,9,1,83,128,2018,7,16,2,3,3,2,0,0,1,0,0,0,0,0,7.6185E+20,5.35158E+21,1.25285E+16,4.82633E+16
183547,9,1,78,133,2018,7,11,3,3,9,5,0,0,0,1,0,1,0,0,6.89299E+20,5.36704E+21,1.1559E+16,4.8428E+16
183548,9,7,63,0,2018,7,7,6,3,5,3,0,0,1,0,0,0,0,0,5.98273E+20,5.28674E+21,1.03105E+16,4.77266E+16
183549,9,1,62,0,2018,7,19,3,3,0,1,0,1,0,0,0,0,0,0,6.91734E+20,5.33275E+21,1.15763E+16,4.81191E+16
183550,9,7,72,147,2018,8,8,4,3,3,2,0,1,0,0,0,0,1,0,6.38117E+20,5.36476E+21,1.08668E+16,4.84208E+16
183551,9,1,62,0,2018,7,10,3,3,5,2,0,0,1,0,0,0,0,0,6.94107E+20,5.33475E+21,1.16091E+16,4.81363E+16
183552,9,4,79,136,2018,8,23,4,3,0,1,1,1,0,0,0,0,0,0,7.25765E+20,5.54534E+21,1.21516E+16,5.00175E+16
183553,9,1,77,115,2018,8,15,4,3,5,3,0,1,0,0,0,0,1,0,7.35498E+20,5.35185E+21,1.21741E+16,4.8276E+16
183554,9,1,62,0,2018,7,22,3,3,4,7,2,1,1,0,0,0,0,0,6.88523E+20,5.33116E+21,1.15325E+16,4.81058E+16
183555,9,6,77,155,2018,8,5,4,3,8,1,0,0,1,0,0,0,0,0,5.41453E+20,5.53729E+21,9.57825E+15,4.99865E+16
183556,9,1,62,0,2018,7,13,3,3,1,5,0,0,1,0,0,0,1,0,6.9029E+20,5.33493E+21,1.15579E+16,4.81392E+16
183557,9,3,62,0,2018,8,11,4,3,0,1,0,1,0,0,0,0,0,0,7.26666E+20,5.43376E+21,1.21001E+16,4.9015E+16