OBJECTID_1,ULAND,UREGBEZ,UKREIS,UGEMEINDE,UJAHR,UMONAT,USTUNDE,UWOCHENTAG,UKATEGORIE,UART,UTYP1,ULICHTVERH,IstRad,IstPKW,IstFuss,IstKrad,IstGkfz,IstSonstig,STRZUSTAND,LINREFX,LINREFY,XGCSWGS84,YGCSWGS84
183931,9,3,75,179,2018,8,14,2,3,3,7,0,1,1,0,0,0,0,0,7.31518E+20,5.42877E+21,1.21635E+16,4.89684E+16
183932,9,1,84,141,2018,8,15,6,3,6,4,0,0,1,1,0,0,0,0,6.97975E+20,5.31703E+21,1.16529E+16,4.7976E+16
183933,9,1,62,0,2018,8,6,6,3,0,1,0,1,0,0,0,0,0,0,6.89947E+20,5.33334E+21,1.15526E+16,4.8125E+16
183934,9,3,75,190,2018,8,16,2,3,5,3,0,1,0,0,1,0,0,0,7.2803E+20,5.44582E+21,1.21255E+16,4.91229E+16
183935,9,1,62,0,2018,8,8,6,3,2,6,0,0,1,0,0,0,0,0,6.94559E+20,5.33545E+21,1.16155E+16,4.81425E+16
183936,9,3,73,140,2018,8,17,2,3,4,6,0,0,1,0,1,0,0,0,6.91349E+20,5.47231E+21,1.1636E+16,4.93734E+16
183937,9,1,62,0,2018,8,14,6,3,0,6,0,0,1,0,0,0,1,0,6.92253E+20,5.33722E+21,1.15853E+16,4.81591E+16
183938,9,1,62,0,2018,8,21,6,2,6,4,1,0,1,1,0,0,0,0,6.90717E+20,5.33475E+21,1.15636E+16,4.81374E+16
183939,9,3,76,175,2018,8,14,2,3,8,7,0,0,1,0,0,0,0,0,7.34303E+20,5.46787E+21,1.22242E+16,4.93185E+16
183940,9,1,62,0,2018,8,9,6,3,5,3,0,0,1,0,1,0,0,0,6.95422E+20,5.33512E+21,1.16269E+16,4.81393E+16
183941,9,3,76,141,2018,8,17,2,3,2,1,0,0,1,0,0,0,0,0,7.2532E+20,5.45452E+21,1.20933E+16,4.9202E+16
183942,9,2,78,123,2018,8,23,2,3,0,1,2,1,0,0,0,0,0,0,7.48234E+20,5.41323E+21,1.23821E+16,4.88224E+16
183943,9,2,63,0,2018,8,11,2,3,4,2,0,1,1,0,0,0,0,0,7.61621E+20,5.41944E+21,1.25681E+16,4.88726E+16
183944,9,1,62,0,2018,8,13,6,3,5,2,0,1,1,0,0,0,0,0,6.94175E+20,5.3364E+21,1.16108E+16,4.81511E+16
183945,9,2,63,0,2018,8,10,2,3,5,3,0,0,1,0,0,0,0,0,7.61918E+20,5.4205E+21,1.25728E+16,4.88821E+16
183946,9,1,62,0,2018,8,21,6,2,3,7,2,0,1,0,1,0,0,0,6.92152E+20,5.33686E+21,1.15838E+16,4.81559E+16
183947,9,2,61,0,2018,8,13,2,3,4,6,0,1,0,0,0,0,0,0,7.31976E+20,5.38082E+21,1.21428E+16,4.85376E+16
183948,9,1,62,0,2018,8,12,6,3,6,4,0,1,0,1,0,0,0,0,6.86806E+20,5.33938E+21,1.15131E+16,4.81802E+16
183949,9,1,80,134,2018,8,17,2,3,0,7,0,1,0,0,0,0,0,0,6.61763E+20,5.28603E+21,1.11564E+16,4.77074E+16
183950,9,1,62,0,2018,8,12,6,3,2,6,0,0,1,0,1,0,0,0,6.87786E+20,5.3345E+21,1.15241E+16,4.8136E+16
183951,9,1,72,128,2018,8,14,2,3,0,1,0,1,0,0,0,0,0,0,7.91862E+20,5.29707E+21,1.28949E+16,4.77608E+16
183952,9,1,62,0,2018,8,18,6,3,2,6,0,0,1,0,0,0,0,0,6.86215E+20,5.33475E+21,1.15031E+16,4.81388E+16
183953,9,1,71,111,2018,8,18,2,2,0,1,0,1,0,0,0,0,0,0,7.7274E+20,5.34735E+21,1.26722E+16,4.82206E+16
183954,9,1,71,111,2018,8,13,2,3,0,1,0,0,0,0,1,0,0,0,7.73186E+20,5.34778E+21,1.26785E+16,4.82244E+16
183955,9,1,84,148,2018,8,20,6,3,5,3,0,1,1,0,0,0,0,0,6.9576E+20,5.3266E+21,1.16276E+16,4.80626E+16
183956,9,1,84,145,2018,8,17,6,3,5,3,0,0,1,0,0,0,0,0,6.95667E+20,5.32532E+21,1.16257E+16,4.80512E+16
183957,9,1,87,117,2018,8,8,2,3,4,2,0,0,1,0,0,0,0,0,7.24416E+20,5.30587E+21,1.20009E+16,4.78669E+16
183958,9,1,62,0,2018,8,19,6,3,0,1,1,1,0,0,0,0,0,0,6.8998E+20,5.33064E+21,1.15519E+16,4.81006E+16
183959,9,1,87,122,2018,8,10,2,3,5,3,0,1,1,0,0,0,0,0,7.19404E+20,5.30683E+21,1.19344E+16,4.78773E+16
183960,9,1,62,0,2018,8,15,6,3,5,3,0,1,0,0,0,0,0,0,6.91927E+20,5.33498E+21,1.15799E+16,4.81391E+16
183961,9,1,85,158,2018,8,17,2,3,5,3,0,1,1,0,0,0,0,0,6.67166E+20,5.38008E+21,1.12653E+16,4.85515E+16
183962,9,1,86,143,2018,8,8,2,3,0,7,0,1,0,0,0,0,0,0,6.85189E+20,5.37811E+21,1.15084E+16,4.85288E+16
183963,9,7,75,135,2018,8,5,6,3,1,7,0,0,1,0,0,0,0,0,5.74313E+20,5.35994E+21,1.00038E+16,4.83883E+16
183964,9,1,61,0,2018,8,14,2,3,0,1,0,1,0,0,0,0,0,0,6.75421E+20,5.40503E+21,1.13876E+16,4.87735E+16
183965,9,7,78,173,2018,8,15,6,3,5,3,0,0,1,0,0,0,0,0,6.11386E+20,5.32076E+21,1.04941E+16,4.80304E+16
183966,9,7,64,0,2018,8,14,6,3,5,2,0,0,1,0,0,0,0,0,5.88014E+20,5.31636E+21,1.01798E+16,4.79945E+16
183967,9,1,88,139,2018,8,14,2,3,0,1,0,1,0,0,0,0,0,0,6.77087E+20,5.32258E+21,1.13755E+16,4.80319E+16
183968,9,7,74,135,2018,8,22,6,3,0,3,2,0,1,0,0,0,0,0,5.93332E+20,5.36746E+21,1.02623E+16,4.84534E+16
183969,9,1,79,134,2018,8,10,2,3,0,1,0,1,0,0,0,0,0,0,6.72479E+20,5.34417E+21,1.13225E+16,4.82273E+16
183970,9,7,78,116,2018,8,10,6,2,0,3,0,1,1,0,0,0,0,0,6.19205E+20,5.31861E+21,1.05983E+16,4.80097E+16
183971,9,7,78,116,2018,8,18,6,3,4,6,0,0,1,0,1,0,0,0,6.19086E+20,5.31752E+21,1.05964E+16,4.79999E+16
183972,9,1,79,123,2018,8,17,2,3,0,7,0,1,0,0,0,0,0,0,6.76393E+20,5.33257E+21,1.13703E+16,4.81219E+16
183973,9,7,78,116,2018,8,11,6,3,5,2,0,1,1,0,0,0,0,0,6.1919E+20,5.31812E+21,1.0598E+16,4.80053E+16
183974,9,1,78,130,2018,8,17,2,2,5,3,0,0,1,0,1,0,0,0,7.02474E+20,5.35696E+21,1.17321E+16,4.83334E+16
183975,9,7,63,0,2018,8,7,6,3,5,3,0,1,1,0,0,0,0,0,5.99357E+20,5.28987E+21,1.03257E+16,4.77546E+16
183976,9,1,77,117,2018,8,21,2,3,5,2,2,1,1,0,0,0,0,0,7.14756E+20,5.35504E+21,1.18966E+16,4.83121E+16
183977,9,1,75,119,2018,8,16,2,2,5,2,0,0,1,0,1,0,0,0,7.2506E+20,5.32561E+21,1.20198E+16,4.80441E+16
183978,9,7,76,126,2018,8,14,6,3,0,7,0,1,0,0,0,0,0,0,5.58551E+20,5.27178E+21,9.77887E+15,4.75968E+16
183979,9,1,62,0,2018,8,0,1,3,0,1,2,1,0,0,0,0,0,0,6.87315E+20,5.33806E+21,1.15194E+16,4.81682E+16
183980,9,7,79,201,2018,8,13,6,3,2,6,0,0,1,0,0,0,0,0,6.40598E+20,5.395E+21,1.09106E+16,4.86922E+16
183981,9,7,72,163,2018,8,12,6,2,2,6,0,0,1,0,1,0,0,0,6.40233E+20,5.35048E+21,1.08906E+16,4.82919E+16
183982,9,1,62,0,2018,8,10,1,2,0,5,0,1,1,0,0,0,0,0,6.92111E+20,5.33251E+21,1.15813E+16,4.81169E+16
183983,9,7,61,0,2018,8,15,6,3,2,6,0,0,1,0,0,0,0,0,6.38664E+20,5.35837E+21,1.08721E+16,4.83632E+16
183984,9,1,62,0,2018,8,13,1,3,6,4,0,0,1,1,0,0,0,0,6.91918E+20,5.34029E+21,1.15822E+16,4.81869E+16
183985,9,7,61,0,2018,8,10,6,3,5,3,0,0,1,0,0,0,0,0,6.37748E+20,5.35943E+21,1.08601E+16,4.8373E+16
183986,9,7,75,135,2018,8,18,1,3,7,7,0,1,0,0,0,0,0,0,5.75994E+20,5.36095E+21,1.00267E+16,4.83971E+16
183987,9,7,61,0,2018,8,4,6,3,3,6,2,0,0,0,1,1,0,0,6.38401E+20,5.36235E+21,1.08699E+16,4.83991E+16
183988,9,7,75,135,2018,8,19,1,3,5,3,0,1,1,0,0,0,0,0,5.75683E+20,5.36149E+21,1.00225E+16,4.8402E+16
183989,9,7,61,0,2018,8,10,6,3,0,7,0,1,0,1,0,0,0,0,6.41997E+20,5.35988E+21,1.09176E+16,4.83761E+16
183990,9,7,78,136,2018,8,17,1,3,5,3,0,1,1,0,0,0,0,0,5.99518E+20,5.32099E+21,1.0335E+16,4.80345E+16
183991,9,7,74,148,2018,8,1,1,3,6,1,2,0,1,1,0,0,0,0,5.93375E+20,5.36309E+21,1.02619E+16,4.8414E+16
183992,9,7,61,0,2018,8,23,6,3,4,3,0,0,1,0,1,0,0,0,6.41419E+20,5.35923E+21,1.09096E+16,4.83704E+16
183993,9,7,80,128,2018,8,10,1,3,0,1,0,1,0,0,0,0,0,0,6.05744E+20,5.27697E+21,1.04077E+16,4.76375E+16
183994,9,7,61,0,2018,8,14,6,2,5,2,0,0,1,0,1,0,0,0,6.4095E+20,5.3572E+21,1.09025E+16,4.83522E+16
183995,9,7,61,0,2018,8,16,6,3,0,2,0,1,1,0,0,0,0,0,6.40637E+20,5.35804E+21,1.08986E+16,4.83598E+16
183996,9,7,80,139,2018,8,14,1,3,0,2,0,0,1,0,1,0,0,0,5.95923E+20,5.26421E+21,1.02742E+16,4.75242E+16
183997,9,7,61,0,2018,8,22,6,3,0,1,2,1,0,0,0,0,0,0,6.40852E+20,5.35828E+21,1.09016E+16,4.8362E+16
183998,9,7,76,116,2018,8,20,1,3,0,7,0,1,0,0,0,0,0,0,5.53864E+20,5.26651E+21,9.71587E+15,4.75498E+16
183999,9,6,63,0,2018,8,14,6,3,2,6,0,0,1,0,0,0,0,0,5.66612E+20,5.51522E+21,9.92537E+15,4.97857E+16
184000,9,7,77,158,2018,8,8,1,2,0,1,0,1,0,0,0,0,0,0,6.2065E+20,5.30911E+21,1.0615E+16,4.7924E+16
184001,9,7,77,135,2018,8,11,1,2,0,6,0,1,0,0,0,0,0,1,6.22218E+20,5.27206E+21,1.06256E+16,4.75905E+16
184002,9,6,62,0,2018,8,11,6,2,0,7,0,1,0,0,0,0,0,0,5.87137E+20,5.54582E+21,1.02174E+16,5.00582E+16
184003,9,7,73,140,2018,8,19,1,3,5,3,0,0,1,0,1,0,0,0,6.15318E+20,5.37459E+21,1.05615E+16,4.85138E+16
184004,9,7,61,0,2018,8,17,1,3,0,7,0,1,0,0,0,0,0,0,6.41242E+20,5.35501E+21,1.09058E+16,4.83325E+16
184005,9,5,72,135,2018,8,7,6,3,5,3,0,0,1,0,1,0,0,0,6.3367E+20,5.50762E+21,1.08539E+16,4.97063E+16
184006,9,6,63,0,2018,8,15,1,3,3,7,0,1,0,0,0,0,1,0,5.66136E+20,5.51691E+21,9.91904E+15,4.9801E+16
184007,9,5,62,0,2018,8,22,6,2,8,7,2,1,0,0,0,0,0,0,6.42872E+20,5.49641E+21,1.09774E+16,4.96034E+16
184008,9,5,74,117,2018,8,14,6,2,8,1,0,1,0,0,0,0,0,0,6.7031E+20,5.46887E+21,1.1345E+16,4.93487E+16
184009,9,6,74,221,2018,8,1,1,3,7,1,2,1,0,0,0,0,0,0,6.14273E+20,5.54067E+21,1.05948E+16,5.00074E+16
184010,9,5,63,0,2018,8,23,6,3,0,7,2,1,0,0,0,0,0,0,6.44601E+20,5.48139E+21,1.09958E+16,4.9468E+16
184011,9,6,61,0,2018,8,14,1,3,0,7,0,1,0,0,0,0,0,0,5.10585E+20,5.536E+21,9.14763E+15,4.99762E+16
184012,9,5,64,0,2018,8,12,6,3,5,2,0,0,1,0,0,1,0,0,6.48987E+20,5.4747E+21,1.10538E+16,4.94068E+16
184013,9,5,76,147,2018,8,11,1,2,8,1,0,1,0,0,0,0,0,0,6.38462E+20,5.44779E+21,1.08995E+16,4.91673E+16
184014,9,5,64,0,2018,8,20,6,3,2,6,2,0,1,0,0,0,0,0,6.50122E+20,5.4834E+21,1.10727E+16,4.94846E+16
184015,9,5,64,0,2018,8,14,6,3,5,3,0,0,1,0,0,0,0,0,6.5253E+20,5.48414E+21,1.11062E+16,4.94907E+16
184016,9,5,76,111,2018,8,18,1,2,5,3,0,1,1,0,0,0,0,0,6.41231E+20,5.45363E+21,1.09395E+16,4.92192E+16
184017,9,5,64,0,2018,8,11,6,3,3,2,0,0,1,0,1,0,0,0,6.49523E+20,5.48052E+21,1.10634E+16,4.9459E+16
184018,9,5,64,0,2018,8,17,1,3,6,1,0,1,0,1,0,0,0,0,6.51308E+20,5.47938E+21,1.10875E+16,4.94482E+16
184019,9,5,73,127,2018,8,14,6,3,1,3,0,1,1,0,0,0,0,0,6.45989E+20,5.4748E+21,1.10125E+16,4.94084E+16
184020,9,5,64,0,2018,8,10,1,3,3,2,0,0,1,0,1,0,0,0,6.53793E+20,5.47781E+21,1.11212E+16,4.94335E+16
184021,9,5,71,190,2018,8,13,6,3,4,7,0,0,1,0,0,0,0,0,6.27056E+20,5.46219E+21,1.07476E+16,4.92992E+16
184022,9,5,64,0,2018,8,14,1,3,0,1,0,1,0,0,0,0,0,0,6.49311E+20,5.46844E+21,1.10559E+16,4.93504E+16
184023,9,4,76,145,2018,8,18,6,3,5,3,0,1,0,0,0,0,0,0,6.67202E+20,5.56738E+21,1.13446E+16,5.02349E+16
184024,9,4,78,139,2018,8,12,1,3,5,2,0,1,1,0,0,0,0,0,6.48226E+20,5.55723E+21,1.10747E+16,5.01488E+16
184025,9,4,63,0,2018,8,16,1,3,2,6,0,0,1,0,0,0,0,0,6.39908E+20,5.5688E+21,1.09627E+16,5.02547E+16
184026,9,4,72,121,2018,8,20,6,2,0,1,0,0,0,0,1,0,0,0,6.99525E+20,5.54911E+21,1.17878E+16,5.00608E+16
184027,9,4,71,195,2018,8,19,1,3,6,7,0,0,1,1,0,0,0,0,6.41533E+20,5.52284E+21,1.09685E+16,4.98413E+16
184028,9,4,74,126,2018,8,11,6,2,5,2,0,0,1,0,0,0,1,0,6.49405E+20,5.50913E+21,1.10726E+16,4.97161E+16
184029,9,3,62,0,2018,8,22,6,3,5,3,2,1,0,0,0,0,0,0,7.24988E+20,5.43394E+21,1.20773E+16,4.90173E+16
184030,9,4,61,0,2018,8,3,1,3,0,7,2,0,1,0,0,0,0,0,6.35761E+20,5.52837E+21,1.08902E+16,4.98923E+16
184031,9,3,62,0,2018,8,22,6,3,6,4,2,0,1,1,0,0,0,0,7.30712E+20,5.43659E+21,1.2157E+16,4.90389E+16
184032,9,4,61,0,2018,8,13,1,3,0,7,0,1,0,0,0,0,0,0,6.35543E+20,5.52768E+21,1.08869E+16,4.98861E+16
184033,9,3,62,0,2018,8,11,6,2,5,2,0,1,1,0,0,0,0,0,7.27754E+20,5.4359E+21,1.21162E+16,4.90339E+16
184034,9,3,75,179,2018,8,0,1,3,0,7,2,1,0,0,0,0,0,0,7.31734E+20,5.42869E+21,1.21664E+16,4.89677E+16
184035,9,3,73,147,2018,8,19,1,3,5,3,0,0,1,0,0,0,0,0,6.79388E+20,5.4604E+21,1.1466E+16,4.927E+16
184036,9,3,62,0,2018,8,12,6,3,0,1,0,0,0,0,1,0,0,0,7.29438E+20,5.43525E+21,1.21388E+16,4.90274E+16
184037,9,3,71,116,2018,8,18,1,2,4,6,0,0,1,0,0,0,1,0,6.89928E+20,5.48417E+21,1.16221E+16,4.94804E+16
184038,9,3,76,161,2018,8,21,6,2,0,1,2,1,0,0,0,0,0,0,7.25881E+20,5.46862E+21,1.21089E+16,4.93285E+16
184039,9,2,71,119,2018,8,8,1,3,0,7,0,1,0,0,0,0,0,0,7.89475E+20,5.41421E+21,1.29434E+16,4.88133E+16
184040,9,2,76,148,2018,8,16,6,3,0,7,0,0,0,0,0,0,1,0,8.09332E+20,5.43805E+21,1.32312E+16,4.90177E+16
184041,9,2,73,116,2018,8,11,1,2,9,7,0,0,0,0,1,0,0,0,7.20868E+20,5.424E+21,1.20156E+16,4.89295E+16
184042,9,2,78,123,2018,8,8,6,1,9,1,0,0,1,0,0,0,0,0,7.51922E+20,5.41315E+21,1.24322E+16,4.88202E+16
184043,9,2,78,141,2018,8,23,6,3,0,1,2,1,0,0,0,0,0,0,7.60442E+20,5.42591E+21,1.25562E+16,4.89313E+16
184044,9,1,90,152,2018,8,13,1,3,0,1,0,1,0,0,0,0,0,0,6.71435E+20,5.30002E+21,1.12908E+16,4.78307E+16
184045,9,2,71,146,2018,8,14,6,3,0,1,0,0,0,0,1,0,0,0,7.85247E+20,5.41064E+21,1.28835E+16,4.87833E+16
184046,9,1,83,148,2018,8,19,1,3,0,1,0,1,0,0,0,0,0,0,7.52775E+20,5.3443E+21,1.24021E+16,4.82016E+16
184047,9,2,62,0,2018,8,22,6,3,1,7,0,0,1,1,0,0,0,0,8.27612E+20,5.38996E+21,1.34421E+16,4.85769E+16
184048,9,1,87,120,2018,8,10,1,2,9,1,0,1,0,0,0,0,0,1,7.30726E+20,5.29189E+21,1.20777E+16,4.77391E+16
184049,9,1,81,116,2018,8,9,1,3,2,6,0,1,0,0,0,0,0,0,6.47538E+20,5.34044E+21,1.09856E+16,4.82E+16
184050,9,2,62,0,2018,8,21,6,3,9,1,2,1,0,0,0,0,0,0,8.29023E+20,5.38914E+21,1.34606E+16,4.85689E+16
184051,9,1,74,113,2018,8,15,1,3,8,7,0,0,1,0,0,0,0,0,6.74298E+20,5.34535E+21,1.13474E+16,4.82374E+16
184052,9,2,75,141,2018,8,1,6,3,8,7,2,1,0,0,0,0,0,0,8.20474E+20,5.37138E+21,1.33314E+16,4.8414E+16
184053,9,2,61,0,2018,8,16,6,3,2,6,0,0,1,0,0,0,0,0,7.32237E+20,5.38062E+21,1.21462E+16,4.85357E+16
184054,9,1,78,130,2018,8,14,1,3,2,1,0,0,1,0,0,0,0,0,7.03138E+20,5.3569E+21,1.1741E+16,4.83326E+16
184055,9,2,79,112,2018,8,10,6,3,0,7,0,1,0,0,0,0,0,0,7.57197E+20,5.39359E+21,1.24917E+16,4.86424E+16
184056,9,1,77,117,2018,8,18,1,3,0,6,0,0,1,0,1,0,0,0,7.15347E+20,5.35426E+21,1.19041E+16,4.83048E+16
184057,9,1,90,158,2018,8,17,6,3,0,7,0,0,0,0,1,0,0,0,6.51187E+20,5.30432E+21,1.10219E+16,4.78744E+16
184058,9,1,75,115,2018,8,18,1,2,0,7,0,1,0,0,0,0,0,0,7.20063E+20,5.32817E+21,1.19542E+16,4.80688E+16
184059,9,1,90,157,2018,8,14,6,3,2,6,0,0,1,0,1,0,0,0,6.59091E+20,5.29954E+21,1.11258E+16,4.78296E+16
184060,9,1,62,0,2018,8,22,7,3,5,3,2,1,1,0,0,0,0,0,6.90014E+20,5.33739E+21,1.15553E+16,4.81614E+16
184061,9,1,62,0,2018,8,14,7,3,6,4,0,1,0,1,0,0,0,0,6.89008E+20,5.33239E+21,1.15396E+16,4.81167E+16
184062,9,1,80,117,2018,8,14,6,3,0,2,0,1,1,0,0,0,0,0,6.58725E+20,5.26229E+21,1.11074E+16,4.74947E+16
184063,9,1,62,0,2018,8,19,7,3,5,3,0,1,1,0,0,0,0,0,6.90361E+20,5.3432E+21,1.15626E+16,4.82134E+16
184064,9,1,89,140,2018,8,17,6,3,4,2,0,0,1,0,1,0,0,0,7.73437E+20,5.29619E+21,1.2649E+16,4.77611E+16
184065,9,1,62,0,2018,8,0,7,3,4,6,2,1,0,0,0,0,0,0,6.86542E+20,5.33831E+21,1.15091E+16,4.81706E+16
184066,9,1,71,132,2018,8,15,6,3,0,1,0,1,0,0,0,0,0,0,7.66566E+20,5.3509E+21,1.25915E+16,4.82552E+16
184067,9,1,62,0,2018,8,12,7,3,0,1,0,1,0,0,0,0,0,0,6.85853E+20,5.32893E+21,1.14957E+16,4.80866E+16
184068,9,1,63,0,2018,8,11,6,3,0,7,0,1,0,0,0,0,0,0,7.30994E+20,5.30405E+21,1.20877E+16,4.78483E+16
184069,9,1,62,0,2018,8,12,4,2,5,3,0,1,1,0,0,0,0,0,6.90743E+20,5.34291E+21,1.15676E+16,4.82108E+16
184070,9,1,62,0,2018,8,23,4,3,6,4,2,1,0,1,0,0,0,0,6.92642E+20,5.33803E+21,1.15909E+16,4.81663E+16
184071,9,1,62,0,2018,8,23,4,3,5,2,2,1,0,0,1,0,0,0,6.92314E+20,5.33752E+21,1.15863E+16,4.81618E+16
184072,9,1,62,0,2018,8,9,4,3,5,2,0,1,1,0,0,0,0,0,6.87997E+20,5.33922E+21,1.1529E+16,4.81784E+16
184073,9,1,62,0,2018,8,9,4,3,5,3,0,1,1,0,0,0,0,0,6.95674E+20,5.3309E+21,1.16284E+16,4.81013E+16
184074,9,1,62,0,2018,8,21,4,3,4,6,1,1,0,0,0,0,0,0,6.90761E+20,5.33897E+21,1.15661E+16,4.81753E+16
184075,9,1,62,0,2018,8,18,4,3,5,7,0,1,1,0,0,0,0,0,6.82736E+20,5.33427E+21,1.14562E+16,4.81354E+16
184076,9,1,62,0,2018,8,9,4,3,0,1,0,1,0,0,0,0,0,0,6.8771E+20,5.32852E+21,1.15205E+16,4.80823E+16
184077,9,1,62,0,2018,8,15,4,3,5,3,0,1,1,0,0,0,0,0,6.9178E+20,5.33331E+21,1.15772E+16,4.81242E+16
184078,9,1,62,0,2018,8,9,4,3,1,5,0,1,1,0,0,0,0,0,6.93036E+20,5.33391E+21,1.15944E+16,4.81292E+16
184079,9,1,62,0,2018,8,10,4,2,1,5,0,1,1,0,0,0,0,0,6.90844E+20,5.33548E+21,1.15656E+16,4.81439E+16
184080,9,7,74,192,2018,8,12,4,2,9,7,0,1,0,0,0,0,0,1,6.01699E+20,5.33877E+21,1.03685E+16,4.8194E+16
184081,9,7,76,116,2018,8,13,4,2,0,1,0,1,0,0,0,0,0,0,5.51303E+20,5.26588E+21,9.68177E+15,4.75443E+16
184082,9,7,77,114,2018,8,18,4,3,4,6,0,0,1,0,1,0,0,0,6.15194E+20,5.31148E+21,1.05427E+16,4.79463E+16
184083,9,7,77,129,2018,8,10,4,2,0,6,0,1,0,0,0,0,0,0,6.26113E+20,5.26966E+21,1.06767E+16,4.75681E+16
184084,9,7,72,184,2018,8,12,4,3,5,3,0,1,1,0,0,0,0,0,6.34345E+20,5.36186E+21,1.08149E+16,4.83956E+16
184085,9,7,71,130,2018,8,9,4,3,3,7,0,1,1,0,0,0,0,0,6.46863E+20,5.35771E+21,1.09825E+16,4.83555E+16
184086,9,7,61,0,2018,8,1,4,3,1,1,2,1,1,0,0,0,0,0,6.39245E+20,5.36166E+21,1.0881E+16,4.83927E+16
184087,9,7,61,0,2018,8,16,4,2,0,7,0,1,0,0,0,0,0,0,6.41564E+20,5.35333E+21,1.09095E+16,4.83173E+16
184088,9,7,61,0,2018,8,22,4,3,0,1,2,1,0,0,0,0,0,0,6.39374E+20,5.35801E+21,1.08816E+16,4.83598E+16
184089,9,1,78,136,2018,8,11,7,3,5,3,0,1,1,0,0,0,0,0,6.96418E+20,5.37084E+21,1.16569E+16,4.846E+16
184090,9,1,62,0,2018,8,15,6,3,3,7,0,0,1,0,1,0,0,0,6.92576E+20,5.33544E+21,1.15889E+16,4.8143E+16
184091,9,6,63,0,2018,8,10,4,3,5,3,0,0,1,0,1,0,0,0,5.68194E+20,5.51533E+21,9.94735E+15,4.97865E+16
184092,9,1,62,0,2018,8,15,6,3,5,2,0,1,1,0,0,0,0,0,6.9102E+20,5.33535E+21,1.15679E+16,4.81427E+16
184093,9,1,62,0,2018,8,13,6,3,5,3,0,0,1,0,1,0,0,1,6.861E+20,5.33963E+21,1.15037E+16,4.81826E+16
184094,9,6,77,148,2018,8,7,4,3,5,3,0,0,1,0,1,0,0,1,5.55841E+20,5.53468E+21,9.77855E+15,4.99619E+16
184095,9,1,62,0,2018,8,17,6,3,2,6,0,0,1,0,0,0,1,0,6.92486E+20,5.33484E+21,1.15874E+16,4.81377E+16
184096,9,6,72,161,2018,8,3,4,3,8,1,2,0,1,0,0,0,0,0,5.55601E+20,5.55493E+21,9.77816E+15,5.0144E+16
184097,9,1,84,148,2018,8,11,6,3,5,3,0,1,1,0,0,0,0,1,6.9558E+20,5.32671E+21,1.16252E+16,4.80637E+16
184098,9,6,74,130,2018,8,14,4,3,7,7,0,0,0,0,1,0,0,0,6.28277E+20,5.55296E+21,1.07942E+16,5.0115E+16
184099,9,6,72,114,2018,8,20,4,3,6,4,0,0,1,1,0,0,0,0,5.76541E+20,5.56118E+21,1.00724E+16,5.01978E+16
184100,9,1,62,0,2018,8,8,6,2,4,2,0,1,1,0,0,0,0,1,6.8925E+20,5.34013E+21,1.15463E+16,4.81862E+16
184101,9,1,62,0,2018,8,13,6,3,0,7,0,0,0,0,1,0,1,1,6.92634E+20,5.33377E+21,1.15889E+16,4.8128E+16
184102,9,6,72,140,2018,8,22,4,3,0,7,2,1,0,0,0,0,0,0,5.81228E+20,5.55391E+21,1.01365E+16,5.01319E+16
184103,9,1,62,0,2018,8,19,6,3,5,2,0,0,1,0,0,0,1,0,6.80112E+20,5.33553E+21,1.14215E+16,4.81475E+16
184104,9,5,72,160,2018,8,14,4,3,0,7,0,1,0,0,0,0,0,0,6.23712E+20,5.51449E+21,1.07181E+16,4.97701E+16
184105,9,1,84,136,2018,8,16,6,3,5,3,0,1,1,0,0,0,0,1,6.97654E+20,5.32647E+21,1.16529E+16,4.80609E+16
184106,9,5,62,0,2018,8,18,4,3,4,2,0,1,1,0,0,0,0,0,6.44985E+20,5.49397E+21,1.10057E+16,4.9581E+16
184107,9,5,62,0,2018,8,14,4,3,0,7,0,1,0,0,0,0,0,0,6.4397E+20,5.49418E+21,1.09918E+16,4.9583E+16
184108,9,1,84,145,2018,8,13,6,3,5,3,0,1,0,0,0,0,1,1,6.97805E+20,5.3245E+21,1.1654E+16,4.80431E+16
184109,9,1,62,0,2018,8,10,6,3,6,2,0,0,1,1,0,0,0,1,6.94063E+20,5.33638E+21,1.16093E+16,4.8151E+16
184110,9,7,75,135,2018,8,16,6,3,5,3,0,1,1,0,0,0,0,0,5.74622E+20,5.36032E+21,1.0008E+16,4.83916E+16
184111,9,7,75,135,2018,8,7,6,3,0,7,0,1,0,0,0,0,0,0,5.75632E+20,5.35957E+21,1.00215E+16,4.83848E+16
184112,9,7,78,144,2018,8,12,6,3,8,1,0,0,1,0,0,0,0,1,5.9355E+20,5.30384E+21,1.02512E+16,4.78811E+16
184113,9,7,74,155,2018,8,18,6,3,1,1,0,0,1,0,1,0,0,0,5.91219E+20,5.36713E+21,1.02336E+16,4.84507E+16
184114,9,5,74,123,2018,8,8,4,3,2,1,0,1,1,0,0,0,0,0,6.60441E+20,5.47186E+21,1.12104E+16,4.93783E+16
184115,9,7,74,119,2018,8,17,6,3,5,3,0,1,0,0,0,0,1,0,5.88171E+20,5.3638E+21,1.01917E+16,4.84212E+16
184116,9,5,63,0,2018,8,7,4,3,5,2,0,0,1,0,1,0,0,0,6.41197E+20,5.48444E+21,1.09499E+16,4.94961E+16