OBJECTID_1,ULAND,UREGBEZ,UKREIS,UGEMEINDE,UJAHR,UMONAT,USTUNDE,UWOCHENTAG,UKATEGORIE,UART,UTYP1,ULICHTVERH,IstRad,IstPKW,IstFuss,IstKrad,IstGkfz,IstSonstig,STRZUSTAND,LINREFX,LINREFY,XGCSWGS84,YGCSWGS84
184489,9,1,62,0,2018,8,17,7,3,5,2,0,0,1,0,0,0,0,0,6.89969E+20,5.33492E+21,1.15536E+16,4.81391E+16
184490,9,5,64,0,2018,8,16,3,3,0,1,0,1,0,0,0,0,0,0,6.46869E+20,5.48712E+21,1.10292E+16,4.95189E+16
184491,9,1,62,0,2018,8,20,7,3,5,2,1,1,1,0,0,0,0,0,6.90574E+20,5.33712E+21,1.15627E+16,4.81587E+16
184492,9,1,84,112,2018,8,16,7,3,0,1,0,0,0,0,1,0,0,0,6.99797E+20,5.33648E+21,1.16863E+16,4.81502E+16
184493,9,4,62,0,2018,8,15,3,3,6,4,0,0,1,1,0,0,0,0,6.84507E+20,5.53623E+21,1.1572E+16,4.99499E+16
184494,9,1,84,136,2018,8,12,7,3,4,6,0,0,1,0,0,0,1,0,7.00319E+20,5.32721E+21,1.1689E+16,4.80667E+16
184495,9,4,62,0,2018,8,9,3,2,8,1,0,1,0,0,0,0,0,0,6.84978E+20,5.53713E+21,1.1579E+16,4.99578E+16
184496,9,1,62,0,2018,8,14,7,3,1,5,0,0,1,0,0,0,0,0,6.91584E+20,5.33806E+21,1.15767E+16,4.81669E+16
184497,9,4,74,132,2018,8,20,3,2,0,1,0,1,0,0,0,0,0,0,6.62238E+20,5.50171E+21,1.12474E+16,4.96461E+16
184498,9,3,62,0,2018,8,19,3,3,5,3,0,1,1,0,0,0,0,0,7.25822E+20,5.43325E+21,1.20883E+16,4.90107E+16
184499,9,1,62,0,2018,8,20,7,3,0,1,2,1,0,0,0,0,0,0,6.93501E+20,5.33641E+21,1.16017E+16,4.81515E+16
184500,9,3,62,0,2018,8,12,3,3,5,2,0,1,1,0,0,0,0,0,7.26642E+20,5.43349E+21,1.20996E+16,4.90126E+16
184501,9,7,74,135,2018,8,11,7,3,0,3,0,0,1,0,1,0,0,0,5.94563E+20,5.36756E+21,1.0279E+16,4.84541E+16
184502,9,7,63,0,2018,8,17,7,3,5,3,0,0,1,0,1,0,0,0,5.99015E+20,5.28562E+21,1.03201E+16,4.77164E+16
184503,9,3,62,0,2018,8,12,3,3,5,3,0,0,1,0,0,0,0,0,7.27705E+20,5.43541E+21,1.21152E+16,4.90295E+16
184504,9,7,80,139,2018,8,18,7,3,4,7,0,1,0,0,0,0,0,0,5.96366E+20,5.26379E+21,1.028E+16,4.75204E+16
184505,9,3,76,175,2018,8,13,3,3,2,6,0,0,1,0,0,1,0,0,7.33243E+20,5.47024E+21,1.22111E+16,4.93402E+16
184506,9,7,80,133,2018,8,12,7,3,8,1,0,1,0,0,0,0,0,0,5.90076E+20,5.25116E+21,1.01939E+16,4.74076E+16
184507,9,2,63,0,2018,8,23,3,3,6,4,2,0,1,1,0,0,0,0,7.62033E+20,5.42E+21,1.2574E+16,4.88775E+16
184508,9,7,76,116,2018,8,23,7,2,6,7,2,0,0,1,1,0,0,0,5.55349E+20,5.26629E+21,9.73559E+15,4.75476E+16
184509,9,2,72,136,2018,8,16,3,3,8,1,0,0,0,0,1,0,0,0,8.48409E+20,5.4103E+21,1.37403E+16,4.87481E+16
184510,9,7,76,116,2018,8,21,7,3,0,3,2,0,0,0,1,0,1,0,5.52077E+20,5.26654E+21,9.69213E+15,4.75502E+16
184511,9,1,83,148,2018,8,13,3,2,5,3,0,1,1,0,0,0,0,0,7.53169E+20,5.34502E+21,1.24078E+16,4.82078E+16
184512,9,1,72,114,2018,8,15,3,3,0,1,0,1,0,0,0,0,0,0,7.90714E+20,5.29311E+21,1.2877E+16,4.77258E+16
184513,9,7,76,116,2018,8,15,7,3,2,6,0,1,0,0,0,0,0,0,5.54293E+20,5.26612E+21,9.72153E+15,4.75462E+16
184514,9,1,82,120,2018,8,14,3,2,6,4,0,0,1,1,0,0,0,0,7.02027E+20,5.30628E+21,1.1702E+16,4.78781E+16
184515,9,7,76,116,2018,8,14,7,3,0,1,0,1,0,0,0,0,0,0,5.54865E+20,5.26549E+21,9.72905E+15,4.75406E+16
184516,9,7,77,129,2018,8,13,7,2,3,6,0,1,0,0,0,0,0,0,6.28734E+20,5.273E+21,1.07125E+16,4.75976E+16
184517,9,1,61,0,2018,8,11,3,3,0,6,0,1,1,0,0,0,0,0,6.80194E+20,5.40481E+21,1.14524E+16,4.87702E+16
184518,9,7,79,201,2018,8,16,7,3,6,7,0,0,1,1,0,0,0,0,6.42126E+20,5.39459E+21,1.09312E+16,4.86882E+16
184519,9,1,61,0,2018,8,15,3,3,0,6,0,1,0,0,0,1,0,0,6.77953E+20,5.40412E+21,1.14217E+16,4.87646E+16
184520,9,7,61,0,2018,8,20,7,3,2,6,1,0,1,0,1,0,0,0,6.3896E+20,5.36063E+21,1.08768E+16,4.83836E+16
184521,9,1,81,130,2018,8,16,3,3,5,3,0,1,1,0,0,0,0,0,6.38636E+20,5.32513E+21,1.08609E+16,4.80644E+16
184522,9,1,75,131,2018,8,20,3,2,9,1,1,0,1,0,0,0,0,0,7.11753E+20,5.32324E+21,1.18403E+16,4.80273E+16
184523,9,7,61,0,2018,8,23,7,3,4,2,2,0,1,1,0,0,1,0,6.40403E+20,5.35918E+21,1.08958E+16,4.83702E+16
184524,9,1,62,0,2018,8,13,2,3,6,7,0,0,1,0,0,0,1,0,6.91518E+20,5.33718E+21,1.15754E+16,4.8159E+16
184525,9,1,62,0,2018,8,21,2,3,5,3,2,1,1,0,0,0,0,0,6.91325E+20,5.3367E+21,1.15726E+16,4.81547E+16
184526,9,6,63,0,2018,8,23,7,3,0,7,2,1,1,0,0,0,0,0,5.67428E+20,5.51466E+21,9.9366E+15,4.97806E+16
184527,9,1,62,0,2018,8,18,2,3,2,6,0,0,1,0,0,0,0,1,6.90678E+20,5.33293E+21,1.15622E+16,4.81211E+16
184528,9,6,75,141,2018,8,1,7,3,0,7,2,1,0,0,0,0,0,0,5.84061E+20,5.51054E+21,1.01667E+16,4.97414E+16
184529,9,6,74,111,2018,8,14,7,2,8,1,0,0,0,0,1,0,0,0,6.04724E+20,5.55714E+21,1.04661E+16,5.01572E+16
184530,9,1,62,0,2018,8,14,2,3,5,3,0,1,1,0,0,0,0,0,6.91225E+20,5.3344E+21,1.15703E+16,4.81341E+16
184531,9,6,78,178,2018,8,11,7,2,5,7,0,0,1,0,0,0,0,0,5.89511E+20,5.5433E+21,1.02499E+16,5.00353E+16
184532,9,1,84,139,2018,8,17,2,3,5,3,0,0,1,0,0,0,0,1,6.87342E+20,5.3256E+21,1.15143E+16,4.80562E+16
184533,9,6,72,149,2018,8,10,7,2,8,1,0,0,1,0,0,0,0,1,5.60886E+20,5.57066E+21,9.85463E+15,5.02849E+16
184534,9,1,62,0,2018,8,8,2,3,5,3,0,1,0,0,1,0,0,0,6.88034E+20,5.33343E+21,1.1527E+16,4.81263E+16
184535,9,5,76,142,2018,8,11,7,2,0,7,0,1,0,0,0,0,0,0,6.37092E+20,5.46513E+21,1.08866E+16,4.93235E+16
184536,9,5,64,0,2018,8,10,7,3,2,6,0,0,1,0,0,0,0,0,6.4791E+20,5.4764E+21,1.10396E+16,4.94223E+16
184537,9,1,62,0,2018,8,21,2,3,5,3,2,0,1,0,0,0,0,1,6.83131E+20,5.33483E+21,1.14618E+16,4.81403E+16
184538,9,5,64,0,2018,8,14,7,3,0,1,0,1,0,0,0,0,0,0,6.48951E+20,5.4807E+21,1.10555E+16,4.94607E+16
184539,9,1,62,0,2018,8,17,2,3,1,6,0,0,1,0,0,0,0,1,6.86215E+20,5.33473E+21,1.15031E+16,4.81386E+16
184540,9,5,73,122,2018,8,9,7,3,5,3,0,1,1,0,0,0,0,0,6.43307E+20,5.47696E+21,1.09764E+16,4.94285E+16
184541,9,1,84,123,2018,8,13,2,3,0,5,0,0,1,0,0,0,0,0,7.03189E+20,5.33226E+21,1.17299E+16,4.81112E+16
184542,9,4,78,165,2018,8,23,7,3,0,1,2,1,0,0,0,0,0,0,6.43882E+20,5.55004E+21,1.10113E+16,5.00852E+16
184543,9,1,62,0,2018,8,17,2,3,6,7,1,1,0,1,0,0,0,1,6.99869E+20,5.33323E+21,1.16858E+16,4.81209E+16
184544,9,4,61,0,2018,8,9,7,3,0,7,0,1,0,0,0,0,0,0,6.34963E+20,5.52931E+21,1.08794E+16,4.9901E+16
184545,9,1,62,0,2018,8,22,2,2,4,6,2,1,0,0,0,0,0,0,6.93854E+20,5.34235E+21,1.16092E+16,4.82048E+16
184546,9,1,62,0,2018,8,11,2,3,1,7,0,1,1,0,0,0,0,0,6.90575E+20,5.33712E+21,1.15627E+16,4.81587E+16
184547,9,3,62,0,2018,8,19,7,3,2,6,0,0,1,0,1,0,0,0,7.27084E+20,5.43343E+21,1.21056E+16,4.90119E+16
184548,9,7,75,135,2018,8,19,2,3,4,3,0,0,1,0,0,0,0,0,5.74038E+20,5.36072E+21,1.00002E+16,4.83953E+16
184549,9,3,62,0,2018,8,10,7,3,5,3,0,1,1,0,0,0,0,0,7.29517E+20,5.43141E+21,1.21377E+16,4.89929E+16
184550,9,2,71,111,2018,8,5,7,3,8,1,1,0,1,0,0,0,0,0,7.87485E+20,5.40551E+21,1.29103E+16,4.87362E+16
184551,9,7,74,155,2018,8,17,2,3,0,1,0,1,0,0,0,0,0,0,5.89973E+20,5.36706E+21,1.02168E+16,4.84503E+16
184552,9,2,75,119,2018,8,22,7,2,0,7,2,1,0,0,0,0,1,0,8.32026E+20,5.39852E+21,1.35087E+16,4.86514E+16
184553,9,7,80,117,2018,8,14,2,3,0,1,0,1,0,0,0,0,0,1,5.90005E+20,5.28368E+21,1.01996E+16,4.77002E+16
184554,9,2,73,165,2018,8,9,7,2,6,7,0,0,1,1,0,0,0,0,7.18756E+20,5.40619E+21,1.19773E+16,4.87703E+16
184555,9,7,80,139,2018,8,15,2,3,2,6,0,0,1,0,0,0,1,0,5.95581E+20,5.26377E+21,1.02696E+16,4.75203E+16
184556,9,7,80,124,2018,8,18,2,2,0,6,0,1,0,0,0,0,0,0,5.92661E+20,5.26904E+21,1.02319E+16,4.75682E+16
184557,9,2,79,122,2018,8,17,7,3,0,7,0,1,0,0,0,0,0,0,7.72495E+20,5.39868E+21,1.27023E+16,4.86816E+16
184558,9,7,77,121,2018,8,13,2,2,0,1,0,1,0,0,0,0,0,0,6.27878E+20,5.32167E+21,1.07155E+16,4.80355E+16
184559,9,1,73,147,2018,8,15,7,3,6,4,0,0,1,1,0,0,0,0,6.82377E+20,5.30791E+21,1.14402E+16,4.78985E+16
184560,9,7,72,200,2018,8,15,2,3,0,1,0,1,0,0,0,0,0,1,6.3118E+20,5.33831E+21,1.07649E+16,4.81845E+16
184561,9,1,90,152,2018,8,8,7,2,0,7,0,1,0,0,0,0,0,0,6.72393E+20,5.2992E+21,1.13032E+16,4.7823E+16
184562,9,7,61,0,2018,8,17,2,3,4,3,0,1,1,0,0,0,0,0,6.39431E+20,5.36154E+21,1.08835E+16,4.83916E+16
184563,9,1,73,126,2018,8,13,7,2,3,2,0,1,1,0,0,0,0,0,6.838E+20,5.3062E+21,1.14585E+16,4.78828E+16
184564,9,1,73,126,2018,8,19,7,2,1,5,0,1,1,0,0,0,0,0,6.81081E+20,5.30754E+21,1.14227E+16,4.78956E+16
184565,9,7,61,0,2018,8,13,2,3,5,3,0,1,1,0,0,0,0,0,6.39185E+20,5.36262E+21,1.08805E+16,4.84013E+16
184566,9,1,83,136,2018,8,23,7,3,6,6,2,1,0,1,0,0,0,0,7.64053E+20,5.3471E+21,1.25553E+16,4.82221E+16
184567,9,7,61,0,2018,8,9,2,3,1,1,0,1,1,0,0,0,0,0,6.39608E+20,5.35618E+21,1.08841E+16,4.83434E+16
184568,9,1,72,116,2018,8,16,7,2,0,1,0,1,0,0,0,0,0,0,8.02105E+20,5.28454E+21,1.30226E+16,4.76437E+16
184569,9,6,79,202,2018,8,6,2,3,8,1,0,0,0,0,1,0,1,0,5.62925E+20,5.51939E+21,9.87483E+15,4.98236E+16
184570,9,6,63,0,2018,8,16,2,2,0,5,0,1,1,0,0,0,0,0,5.68289E+20,5.51658E+21,9.9489E+15,4.97978E+16
184571,9,1,72,114,2018,8,18,7,2,0,1,0,1,0,0,0,0,0,0,7.92383E+20,5.29551E+21,1.29008E+16,4.77466E+16
184572,9,6,63,0,2018,8,12,2,3,6,4,0,0,1,1,0,0,0,0,5.65632E+20,5.51617E+21,9.91192E+15,4.97944E+16
184573,9,1,71,137,2018,8,13,7,3,8,1,0,0,1,0,0,0,0,0,7.74268E+20,5.35209E+21,1.26958E+16,4.82626E+16
184574,9,1,63,0,2018,8,12,7,3,1,6,0,0,1,0,0,0,0,0,7.32814E+20,5.30489E+21,1.21125E+16,4.78552E+16
184575,9,6,77,159,2018,8,8,2,3,9,7,0,0,0,0,0,1,0,0,5.43937E+20,5.56009E+21,9.61552E+15,5.01913E+16
184576,9,1,76,114,2018,8,16,7,2,2,6,0,0,1,0,1,0,0,0,6.80569E+20,5.43435E+21,1.14706E+16,4.90356E+16
184577,9,6,74,129,2018,8,21,2,2,9,1,2,0,0,0,1,0,0,1,6.19661E+20,5.53825E+21,1.06692E+16,4.99845E+16
184578,9,1,88,137,2018,8,17,7,3,3,2,0,1,1,0,0,0,0,0,6.71964E+20,5.3158E+21,1.13041E+16,4.79724E+16
184579,9,6,74,129,2018,8,19,2,3,0,1,0,1,0,0,0,0,0,0,6.19732E+20,5.53806E+21,1.06701E+16,4.99828E+16
184580,9,1,88,113,2018,8,12,7,2,5,3,0,0,1,0,1,0,0,0,6.77402E+20,5.31454E+21,1.13764E+16,4.79596E+16
184581,9,6,72,114,2018,8,11,2,3,0,5,0,1,1,0,0,0,0,0,5.76222E+20,5.56119E+21,1.0068E+16,5.0198E+16
184582,9,6,71,121,2018,8,15,2,3,2,6,0,0,1,0,0,0,0,0,5.12834E+20,5.53831E+21,9.17907E+15,4.9997E+16
184583,9,1,79,123,2018,8,16,7,3,0,7,0,1,0,0,0,0,0,0,6.76215E+20,5.33258E+21,1.13679E+16,4.81221E+16
184584,9,5,65,0,2018,8,13,2,3,0,7,0,1,0,0,0,0,0,0,6.4705E+20,5.46429E+21,1.10233E+16,4.93137E+16
184585,9,1,78,120,2018,8,8,7,3,5,3,0,1,1,0,0,0,0,0,6.9542E+20,5.3537E+21,1.16355E+16,4.83063E+16
184586,9,5,62,0,2018,8,12,2,3,0,7,0,1,0,0,0,0,0,0,6.45699E+20,5.49576E+21,1.10163E+16,4.95968E+16
184587,9,1,78,120,2018,8,10,7,3,0,1,0,1,0,0,0,0,0,0,6.94544E+20,5.35206E+21,1.16229E+16,4.82918E+16
184588,9,1,62,0,2018,8,20,6,3,5,7,0,1,0,0,0,0,0,0,6.88616E+20,5.3329E+21,1.15346E+16,4.81214E+16
184589,9,1,62,0,2018,8,10,6,3,5,3,0,0,1,0,0,0,0,0,6.87888E+20,5.33042E+21,1.15237E+16,4.80993E+16
184590,9,1,62,0,2018,8,14,6,3,5,3,0,0,1,0,0,0,0,0,6.88113E+20,5.33389E+21,1.15282E+16,4.81304E+16
184591,9,1,62,0,2018,8,17,6,3,2,6,0,0,1,0,0,0,0,0,6.90819E+20,5.34031E+21,1.15674E+16,4.81873E+16
184592,9,1,62,0,2018,8,8,6,3,0,1,0,1,0,0,0,0,0,0,6.91242E+20,5.33404E+21,1.15703E+16,4.81309E+16
184593,9,1,62,0,2018,8,19,6,3,0,1,0,1,0,0,0,0,0,0,6.90815E+20,5.33297E+21,1.15641E+16,4.81214E+16
184594,9,1,62,0,2018,8,13,6,3,6,4,0,0,1,1,0,0,0,0,6.97935E+20,5.33453E+21,1.16604E+16,4.81332E+16
184595,9,1,62,0,2018,8,16,6,2,3,2,0,1,0,0,0,0,1,0,6.90717E+20,5.33572E+21,1.1564E+16,4.81462E+16
184596,9,1,84,119,2018,8,9,6,3,4,3,0,1,1,0,0,0,0,0,6.98314E+20,5.3494E+21,1.16724E+16,4.82667E+16
184597,9,1,62,0,2018,8,9,6,3,0,7,0,1,0,0,0,0,0,0,6.8906E+20,5.34155E+21,1.15444E+16,4.8199E+16
184598,9,1,84,134,2018,8,15,6,3,4,2,0,1,0,0,0,0,0,0,6.91599E+20,5.32457E+21,1.15709E+16,4.80456E+16
184599,9,1,84,130,2018,8,19,6,3,2,7,0,0,1,0,1,0,0,0,6.97911E+20,5.34427E+21,1.16646E+16,4.82207E+16
184600,9,1,62,0,2018,8,17,6,3,6,4,0,1,0,1,0,0,0,0,6.9399E+20,5.33521E+21,1.16077E+16,4.81406E+16
184601,9,5,64,0,2018,8,11,2,3,6,1,0,0,1,1,0,0,0,0,6.50375E+20,5.4809E+21,1.10753E+16,4.94622E+16
184602,9,1,62,0,2018,8,10,6,3,4,2,0,0,1,0,0,0,1,0,6.89687E+20,5.33474E+21,1.15498E+16,4.81376E+16
184603,9,5,64,0,2018,8,6,2,3,5,3,0,1,1,0,0,0,0,0,6.51424E+20,5.48032E+21,1.10895E+16,4.94567E+16
184604,9,5,64,0,2018,8,17,2,3,5,2,0,0,1,0,1,0,0,0,6.48558E+20,5.47782E+21,1.1049E+16,4.94348E+16
184605,9,1,62,0,2018,8,9,6,3,0,1,0,1,0,0,0,0,0,0,6.89577E+20,5.33519E+21,1.15485E+16,4.81417E+16
184606,9,4,75,168,2018,8,8,2,2,4,2,0,1,1,0,0,0,0,0,7.09638E+20,5.56731E+21,1.19389E+16,5.02207E+16
184607,9,7,75,135,2018,8,11,6,3,2,6,0,0,1,0,1,0,0,0,5.74346E+20,5.36098E+21,1.00044E+16,4.83976E+16
184608,9,3,74,144,2018,8,7,2,3,3,2,0,0,0,0,1,0,1,0,7.21056E+20,5.5131E+21,1.20676E+16,4.97298E+16
184609,9,7,74,135,2018,8,15,6,3,5,3,0,1,1,0,0,0,0,0,5.93463E+20,5.3675E+21,1.02641E+16,4.84537E+16
184610,9,7,80,139,2018,8,16,6,3,6,7,0,1,0,1,0,0,0,0,5.95583E+20,5.26356E+21,1.02696E+16,4.75184E+16
184611,9,3,62,0,2018,8,16,2,3,2,6,0,0,1,0,0,0,1,0,7.27161E+20,5.43316E+21,1.21065E+16,4.90095E+16
184612,9,3,72,126,2018,8,20,2,3,5,3,0,1,1,0,0,0,0,0,7.78856E+20,5.46892E+21,1.28367E+16,4.93093E+16
184613,9,3,75,174,2018,8,15,2,2,4,2,0,0,1,0,0,0,0,0,7.33941E+20,5.43096E+21,1.21978E+16,4.89872E+16
184614,9,3,75,201,2018,8,6,2,3,4,6,0,0,1,0,0,0,0,0,7.44232E+20,5.41908E+21,1.23312E+16,4.88765E+16
184615,9,3,72,150,2018,8,9,2,3,3,2,0,1,0,0,0,0,0,0,7.52571E+20,5.44096E+21,1.24583E+16,4.90696E+16
184616,9,3,62,0,2018,8,18,2,3,5,3,0,1,1,0,0,0,0,0,7.27607E+20,5.43364E+21,1.21129E+16,4.90136E+16
184617,9,3,62,0,2018,8,7,2,3,0,6,0,1,0,0,0,0,0,0,7.23691E+20,5.43335E+21,1.20593E+16,4.90125E+16
184618,9,3,62,0,2018,8,13,2,3,8,1,0,1,0,0,0,0,0,0,7.27128E+20,5.43373E+21,1.21064E+16,4.90146E+16
184619,9,3,72,117,2018,8,17,2,2,0,3,0,0,1,0,1,0,0,0,7.72081E+20,5.45664E+21,1.27354E+16,4.92021E+16
184620,9,3,71,151,2018,8,18,2,2,8,6,0,0,1,0,1,0,0,0,6.9387E+20,5.48789E+21,1.16783E+16,4.95126E+16
184621,9,7,80,131,2018,8,10,6,3,0,7,0,0,1,0,0,0,0,0,5.93262E+20,5.25568E+21,1.02371E+16,4.74479E+16
184622,9,3,61,0,2018,8,11,2,3,3,6,0,1,1,0,0,0,0,0,7.07283E+20,5.48093E+21,1.18597E+16,4.94457E+16
184623,9,7,76,114,2018,8,13,6,3,2,6,0,0,0,0,1,0,1,0,5.68017E+20,5.27574E+21,9.90539E+15,4.76315E+16
184624,9,2,76,144,2018,8,10,2,2,0,1,0,1,0,0,0,0,0,0,7.85293E+20,5.44248E+21,1.29063E+16,4.9069E+16
184625,9,7,76,120,2018,8,10,6,3,0,1,0,1,0,0,0,0,0,0,5.45784E+20,5.26943E+21,9.6088E+15,4.75767E+16
184626,9,7,76,116,2018,8,7,6,3,0,1,0,1,0,0,0,0,0,0,5.52066E+20,5.26715E+21,9.69205E+15,4.75557E+16
184627,9,2,75,154,2018,8,16,2,2,1,1,0,0,1,0,1,0,0,0,8.08157E+20,5.39426E+21,1.31823E+16,4.86254E+16
184628,9,2,62,0,2018,8,14,2,3,0,6,0,1,0,0,0,0,0,0,8.31825E+20,5.39116E+21,1.35001E+16,4.85855E+16
184629,9,7,77,129,2018,8,8,6,3,3,6,0,1,0,0,0,0,0,0,6.28449E+20,5.27059E+21,1.0708E+16,4.7576E+16
184630,9,2,72,149,2018,8,16,2,3,0,1,0,1,0,0,0,0,0,0,8.18985E+20,5.42745E+21,1.33545E+16,4.89177E+16
184631,9,7,72,160,2018,8,23,6,3,8,7,2,0,1,0,0,0,0,0,6.3754E+20,5.34254E+21,1.08518E+16,4.82212E+16
184632,9,2,73,147,2018,8,7,2,3,0,3,0,1,1,0,0,0,0,0,7.04797E+20,5.3886E+21,1.17789E+16,4.86169E+16
184633,9,7,61,0,2018,8,16,6,3,0,1,0,0,1,0,0,0,0,0,6.35514E+20,5.35358E+21,1.0828E+16,4.83209E+16
184634,9,7,61,0,2018,8,8,6,3,0,7,0,1,1,0,0,0,0,0,6.407E+20,5.35896E+21,1.08998E+16,4.83681E+16
184635,9,2,61,0,2018,8,18,2,3,3,7,0,1,0,0,0,0,0,0,7.3304E+20,5.3821E+21,1.21579E+16,4.85487E+16
184636,9,1,90,140,2018,8,17,2,3,5,3,0,0,1,0,1,0,0,0,6.44328E+20,5.29612E+21,1.09275E+16,4.78022E+16
184637,9,1,90,118,2018,8,18,2,2,4,3,0,0,1,0,1,0,0,0,6.33897E+20,5.29453E+21,1.07878E+16,4.77902E+16
184638,9,1,80,117,2018,8,10,2,3,1,6,0,0,1,0,1,0,0,0,6.5802E+20,5.26252E+21,1.10981E+16,4.74969E+16
184639,9,1,73,112,2018,8,16,2,2,5,2,0,0,1,0,0,0,0,0,6.91723E+20,5.29274E+21,1.15584E+16,4.77595E+16
184640,9,1,73,112,2018,8,15,2,3,1,7,0,1,1,0,0,0,0,0,6.91969E+20,5.29298E+21,1.15618E+16,4.77616E+16
184641,9,7,71,113,2018,8,15,6,2,2,3,0,0,1,0,1,0,0,0,6.56399E+20,5.36747E+21,1.11148E+16,4.84409E+16
184642,9,1,89,159,2018,8,9,2,3,9,1,0,1,0,0,0,0,0,0,7.59689E+20,5.30141E+21,1.2469E+16,4.78136E+16
184643,9,6,63,0,2018,8,20,6,3,0,6,0,0,1,0,1,0,0,0,5.66658E+20,5.51663E+21,9.92624E+15,4.97984E+16
184644,9,6,62,0,2018,8,20,6,3,0,2,0,0,1,0,1,0,0,0,5.87796E+20,5.54403E+21,1.02261E+16,5.00421E+16
184645,9,1,71,124,2018,8,7,2,3,2,6,0,0,1,0,1,0,0,0,7.81363E+20,5.34418E+21,1.2786E+16,4.81884E+16
184646,9,6,62,0,2018,8,14,6,3,3,3,0,0,1,0,1,0,0,0,5.88314E+20,5.54578E+21,1.02338E+16,5.00577E+16
184647,9,1,63,0,2018,8,17,2,3,0,7,0,1,0,0,0,0,0,0,7.33386E+20,5.3047E+21,1.212E+16,4.78532E+16
184648,9,1,87,162,2018,8,19,2,2,0,1,0,1,0,0,0,0,0,0,7.51575E+20,5.30628E+21,1.23637E+16,4.78605E+16
184649,9,5,74,138,2018,8,14,6,3,6,4,0,0,1,1,0,0,0,0,6.65224E+20,5.48701E+21,1.12826E+16,4.95132E+16
184650,9,1,87,162,2018,8,16,2,3,0,1,0,1,0,0,0,0,0,0,7.51575E+20,5.30628E+21,1.23637E+16,4.78606E+16
184651,9,1,87,162,2018,8,10,2,3,0,3,0,0,1,0,0,1,0,0,7.5048E+20,5.30508E+21,1.23484E+16,4.78502E+16
184652,9,1,87,117,2018,8,10,2,3,8,6,0,1,0,0,0,0,0,0,7.26468E+20,5.30579E+21,1.20282E+16,4.78655E+16
184653,9,5,64,0,2018,8,8,6,3,5,3,0,1,1,0,0,0,0,0,6.46227E+20,5.48023E+21,1.10178E+16,4.94571E+16
184654,9,1,61,0,2018,8,15,2,2,6,2,0,0,1,1,0,0,0,0,6.78613E+20,5.40451E+21,1.14308E+16,4.8768E+16
184655,9,5,73,127,2018,8,15,6,3,4,6,0,1,0,0,0,0,1,0,6.46255E+20,5.4758E+21,1.10166E+16,4.94173E+16
184656,9,1,76,126,2018,8,17,2,3,6,6,0,0,1,1,0,0,0,0,6.73527E+20,5.4082E+21,1.13632E+16,4.88025E+16
184657,9,5,71,193,2018,8,14,6,3,1,1,0,1,1,0,0,0,0,0,5.85789E+20,5.46957E+21,1.01818E+16,4.93728E+16
184658,9,4,79,136,2018,8,15,6,2,0,1,0,1,0,0,0,0,0,0,7.20915E+20,5.54357E+21,1.2083E+16,5.00035E+16
184659,9,1,61,0,2018,8,17,2,3,5,3,0,1,1,0,0,0,0,0,6.78137E+20,5.4057E+21,1.14249E+16,4.87788E+16
184660,9,4,73,151,2018,8,12,6,3,5,3,0,0,1,0,1,0,0,0,6.51045E+20,5.57738E+21,1.11222E+16,5.03291E+16
184661,9,1,85,149,2018,8,18,2,3,5,3,0,0,1,0,1,0,0,0,6.61896E+20,5.40047E+21,1.12019E+16,4.87362E+16
184662,9,1,81,128,2018,8,19,2,3,5,3,0,0,1,0,0,0,0,0,6.38011E+20,5.32738E+21,1.08532E+16,4.80847E+16
184663,9,4,78,116,2018,8,9,6,3,1,7,0,0,1,0,0,0,0,0,6.6064E+20,5.55671E+21,1.12481E+16,5.01409E+16
184664,9,1,79,136,2018,8,19,2,3,5,3,0,1,1,0,0,0,0,0,6.61482E+20,5.34189E+21,1.11736E+16,4.82097E+16
184665,9,4,72,197,2018,8,16,6,2,8,1,0,0,0,0,1,0,0,0,6.70776E+20,5.52215E+21,1.13745E+16,4.98275E+16
184666,9,1,77,133,2018,8,17,2,3,0,7,0,0,0,0,0,0,1,0,7.06655E+20,5.35974E+21,1.17898E+16,4.8357E+16
184667,9,3,75,174,2018,8,15,6,3,3,6,0,1,0,0,1,0,0,0,7.33689E+20,5.42955E+21,1.21936E+16,4.89746E+16
184668,9,3,62,0,2018,8,13,6,3,5,2,0,1,0,0,0,0,1,0,7.27196E+20,5.43143E+21,1.2106E+16,4.8994E+16
184669,9,3,73,126,2018,8,18,6,3,7,1,0,0,1,0,0,0,0,0,6.70154E+20,5.4485E+21,1.13342E+16,4.91657E+16
184670,9,3,72,130,2018,8,17,6,2,8,7,0,0,0,0,1,0,0,0,7.83111E+20,5.45661E+21,1.28865E+16,4.91969E+16
184671,9,2,75,126,2018,8,11,6,3,0,7,0,1,0,0,0,0,0,0,8.40432E+20,5.39828E+21,1.36222E+16,4.86447E+16
184672,9,1,77,117,2018,8,7,2,3,0,7,0,1,1,0,0,0,0,0,7.15497E+20,5.35468E+21,1.19064E+16,4.83085E+16
184673,9,2,77,118,2018,8,10,6,3,0,7,0,1,0,0,0,0,1,0,8.04952E+20,5.35682E+21,1.31117E+16,4.8291E+16
184674,9,1,62,0,2018,8,13,1,3,2,6,0,0,1,0,0,0,0,0,6.86779E+20,5.33939E+21,1.15128E+16,4.81803E+16