OBJECTID_1,ULAND,UREGBEZ,UKREIS,UGEMEINDE,UJAHR,UMONAT,USTUNDE,UWOCHENTAG,UKATEGORIE,UART,UTYP1,ULICHTVERH,IstRad,IstPKW,IstFuss,IstKrad,IstGkfz,IstSonstig,STRZUSTAND,LINREFX,LINREFY,XGCSWGS84,YGCSWGS84
184675,9,1,84,144,2018,8,14,1,2,0,1,0,1,0,0,0,0,0,0,6.85E+20,5.31704E+21,1.14792E+16,4.79799E+16
184676,9,2,77,116,2018,8,23,6,3,6,4,2,0,1,1,0,0,0,0,7.7846E+20,5.36802E+21,1.27627E+16,4.84038E+16
184677,9,1,62,0,2018,8,22,1,3,0,1,2,1,0,0,0,0,0,0,6.91478E+20,5.32932E+21,1.15714E+16,4.80883E+16
184678,9,2,77,116,2018,8,11,6,3,0,7,0,1,0,0,0,0,0,0,7.78124E+20,5.36797E+21,1.27581E+16,4.84034E+16
184679,9,1,62,0,2018,8,22,1,3,0,1,2,1,0,0,0,0,0,0,6.91489E+20,5.32932E+21,1.15715E+16,4.80884E+16
184680,9,1,73,120,2018,8,10,6,2,8,1,0,1,1,0,0,0,0,0,6.83271E+20,5.31017E+21,1.14531E+16,4.79187E+16
184681,9,1,62,0,2018,8,18,1,3,0,1,0,0,0,0,1,0,0,0,6.80714E+20,5.34126E+21,1.1432E+16,4.81988E+16
184682,9,1,62,0,2018,8,17,1,3,8,7,0,0,1,0,0,0,0,0,6.86254E+20,5.33104E+21,1.1502E+16,4.81053E+16
184683,9,1,63,0,2018,8,8,6,3,6,4,0,0,1,1,0,0,0,0,7.33368E+20,5.30462E+21,1.21197E+16,4.78525E+16
184684,9,1,84,135,2018,8,16,1,2,0,7,0,1,0,0,0,0,0,0,6.89904E+20,5.34713E+21,1.15582E+16,4.82489E+16
184685,9,1,62,0,2018,8,11,1,2,0,7,0,1,0,0,0,0,0,0,6.79204E+20,5.33648E+21,1.14097E+16,4.81563E+16
184686,9,1,62,0,2018,8,20,1,3,2,6,1,0,1,0,0,0,1,0,6.87001E+20,5.34349E+21,1.15175E+16,4.82171E+16
184687,9,1,87,128,2018,8,15,6,3,0,1,0,1,0,0,0,0,0,0,7.46618E+20,5.31069E+21,1.23E+16,4.79021E+16
184688,9,1,62,0,2018,8,3,1,2,9,7,2,1,0,0,0,0,0,0,6.87448E+20,5.33605E+21,1.15203E+16,4.81501E+16
184689,9,1,82,120,2018,8,15,6,3,5,3,0,1,1,0,0,0,0,0,7.02163E+20,5.30659E+21,1.1704E+16,4.78808E+16
184690,9,1,84,146,2018,8,17,1,3,1,7,0,1,0,0,0,0,1,0,6.95494E+20,5.32874E+21,1.1625E+16,4.80819E+16
184691,9,1,87,154,2018,8,15,6,3,8,1,0,1,0,0,0,0,0,0,7.348E+20,5.29651E+21,1.21344E+16,4.77792E+16
184692,9,1,87,122,2018,8,14,6,3,2,6,0,0,1,0,1,0,0,0,7.19321E+20,5.30721E+21,1.19335E+16,4.78808E+16
184693,9,7,63,0,2018,8,12,1,3,5,3,0,0,0,0,1,0,0,0,5.98281E+20,5.28743E+21,1.03108E+16,4.77327E+16
184694,9,1,85,149,2018,8,7,6,3,5,3,0,1,1,0,0,0,0,0,6.60496E+20,5.40042E+21,1.11829E+16,4.87361E+16
184695,9,7,80,139,2018,8,11,1,3,0,1,0,1,0,0,0,0,0,0,5.97678E+20,5.26292E+21,1.02973E+16,4.75124E+16
184696,9,7,80,132,2018,8,17,1,1,8,1,0,0,0,0,0,0,1,0,5.75157E+20,5.266E+21,9.99875E+15,4.75431E+16
184697,9,1,79,121,2018,8,15,6,3,0,1,0,1,0,0,0,0,0,0,6.67673E+20,5.34023E+21,1.12563E+16,4.81932E+16
184698,9,7,73,137,2018,8,20,1,3,5,3,0,1,1,0,0,0,0,0,6.01128E+20,5.38368E+21,1.03716E+16,4.8598E+16
184699,9,1,74,131,2018,8,18,6,3,1,6,0,0,1,0,0,0,0,0,6.765E+20,5.35756E+21,1.13822E+16,4.83465E+16
184700,9,7,72,149,2018,8,13,1,3,8,1,0,0,0,0,1,0,0,0,6.37286E+20,5.33872E+21,1.08471E+16,4.81868E+16
184701,9,1,78,124,2018,8,8,6,3,0,6,0,0,0,0,1,0,0,0,7.03954E+20,5.36416E+21,1.17555E+16,4.83976E+16
184702,9,1,62,0,2018,8,18,5,3,5,3,0,1,1,0,0,0,0,0,6.91147E+20,5.33557E+21,1.15697E+16,4.81446E+16
184703,9,1,62,0,2018,8,12,5,3,4,7,0,0,1,0,0,0,0,0,6.96642E+20,5.33805E+21,1.16447E+16,4.81652E+16
184704,9,6,75,174,2018,8,13,1,2,0,1,0,0,0,0,1,0,0,0,5.8795E+20,5.5244E+21,1.02238E+16,4.98656E+16
184705,9,1,62,0,2018,8,14,5,3,3,6,0,0,1,0,0,0,0,0,6.93424E+20,5.33662E+21,1.16008E+16,4.81534E+16
184706,9,1,62,0,2018,8,14,5,3,2,6,0,0,1,0,0,0,0,0,6.87995E+20,5.33963E+21,1.15292E+16,4.8182E+16
184707,9,6,74,187,2018,8,21,1,2,6,7,1,1,0,1,0,0,0,0,6.09809E+20,5.52717E+21,1.05287E+16,4.98869E+16
184708,9,1,62,0,2018,8,19,5,3,3,6,0,1,0,0,0,0,0,0,6.90692E+20,5.33791E+21,1.15647E+16,4.81658E+16
184709,9,5,72,120,2018,8,19,1,3,0,1,0,1,0,0,0,0,0,0,6.48096E+20,5.49538E+21,1.10493E+16,4.95929E+16
184710,9,5,74,152,2018,8,20,1,3,1,1,0,1,1,0,0,0,0,0,6.63263E+20,5.48322E+21,1.12539E+16,4.94797E+16
184711,9,1,62,0,2018,8,14,5,3,3,2,0,0,1,0,0,0,1,0,6.92266E+20,5.33275E+21,1.15835E+16,4.81189E+16
184712,9,5,64,0,2018,8,19,1,2,6,4,0,0,1,1,0,0,0,0,6.50633E+20,5.47866E+21,1.1078E+16,4.94419E+16
184713,9,1,62,0,2018,8,22,5,2,4,6,2,1,0,0,0,0,0,0,6.88929E+20,5.33559E+21,1.154E+16,4.81455E+16
184714,9,5,64,0,2018,8,13,1,3,4,2,0,1,0,0,0,0,0,0,6.52527E+20,5.47883E+21,1.11041E+16,4.9443E+16
184715,9,1,62,0,2018,8,16,5,3,0,1,0,1,0,0,0,0,0,0,6.96928E+20,5.33622E+21,1.16477E+16,4.81487E+16
184716,9,1,62,0,2018,8,16,5,3,5,3,0,1,1,0,0,0,0,0,6.92858E+20,5.3326E+21,1.15914E+16,4.81174E+16
184717,9,5,64,0,2018,8,11,1,2,1,1,0,1,1,0,0,0,0,0,6.63369E+20,5.47836E+21,1.12534E+16,4.94359E+16
184718,9,7,64,0,2018,8,11,5,3,5,3,0,1,1,0,0,0,0,0,5.86243E+20,5.31709E+21,1.01562E+16,4.80013E+16
184719,9,5,73,122,2018,8,10,1,3,0,1,0,1,0,0,0,0,0,0,6.4228E+20,5.47757E+21,1.09624E+16,4.94342E+16
184720,9,5,71,193,2018,8,12,1,3,1,1,0,1,1,0,0,0,0,0,5.87291E+20,5.46909E+21,1.02023E+16,4.93682E+16
184721,9,7,64,0,2018,8,13,5,3,2,7,0,1,1,0,0,0,0,0,5.87446E+20,5.31698E+21,1.01723E+16,4.80002E+16
184722,9,4,79,152,2018,8,20,1,2,8,1,2,0,0,0,1,0,0,0,7.2331E+20,5.56278E+21,1.21276E+16,5.0175E+16
184723,9,7,63,0,2018,8,13,5,3,3,6,0,0,1,0,1,0,0,0,5.98583E+20,5.28605E+21,1.03145E+16,4.77203E+16
184724,9,4,73,158,2018,8,15,1,3,5,3,0,0,1,0,1,0,0,0,6.2934E+20,5.57789E+21,1.08176E+16,5.03389E+16
184725,9,4,74,156,2018,8,18,1,3,0,7,0,1,0,0,0,0,0,0,6.65886E+20,5.50597E+21,1.12997E+16,4.96834E+16
184726,9,7,80,139,2018,8,13,5,3,5,1,0,1,1,0,0,0,0,0,5.96518E+20,5.2639E+21,1.02821E+16,4.75214E+16
184727,9,3,63,0,2018,8,12,1,2,9,1,0,0,1,0,0,0,0,0,7.22054E+20,5.50661E+21,1.20777E+16,4.96711E+16
184728,9,7,80,139,2018,8,18,5,3,0,1,0,1,0,0,0,0,0,0,5.94946E+20,5.26384E+21,1.02612E+16,4.75211E+16
184729,9,7,80,121,2018,8,16,5,3,0,1,0,1,0,0,0,0,0,0,5.96061E+20,5.25704E+21,1.02745E+16,4.74597E+16
184730,9,7,80,133,2018,8,11,5,3,0,7,0,1,0,0,0,0,0,0,5.92188E+20,5.2511E+21,1.02219E+16,4.74068E+16
184731,9,3,74,165,2018,8,10,1,2,0,1,0,1,0,0,0,0,0,0,7.42674E+20,5.5089E+21,1.23644E+16,4.96837E+16
184732,9,7,62,0,2018,8,15,5,3,4,2,0,0,1,0,0,0,0,0,6.22055E+20,5.3056E+21,1.06328E+16,4.78921E+16
184733,9,3,62,0,2018,8,20,1,3,6,7,1,0,1,1,0,0,0,0,7.28121E+20,5.43252E+21,1.21193E+16,4.90034E+16
184734,9,7,61,0,2018,8,7,5,3,2,6,0,0,0,0,1,1,0,0,6.40073E+20,5.36525E+21,1.08934E+16,4.84248E+16
184735,9,3,71,122,2018,8,15,1,2,0,1,0,0,0,0,1,0,0,0,7.09958E+20,5.48413E+21,1.18983E+16,4.94735E+16
184736,9,7,72,184,2018,8,13,5,3,0,6,0,0,0,0,1,0,1,0,6.35436E+20,5.36167E+21,1.08296E+16,4.83936E+16
184737,9,2,76,134,2018,8,17,1,2,0,4,0,1,0,1,0,0,0,0,7.91445E+20,5.43531E+21,1.29852E+16,4.90018E+16
184738,9,7,61,0,2018,8,19,5,3,0,7,0,1,0,0,0,0,0,0,6.43887E+20,5.35757E+21,1.09423E+16,4.83549E+16
184739,9,2,74,184,2018,8,15,1,3,0,1,0,1,0,0,0,0,0,0,7.48137E+20,5.37159E+21,1.23558E+16,4.84485E+16
184740,9,7,61,0,2018,8,9,5,3,0,5,0,1,1,0,0,0,0,0,6.4175E+20,5.36036E+21,1.09144E+16,4.83805E+16
184741,9,7,61,0,2018,8,11,5,3,0,1,0,0,0,0,0,0,1,0,6.40831E+20,5.35651E+21,1.09007E+16,4.83461E+16
184742,9,2,61,0,2018,8,21,1,3,0,1,2,1,0,0,0,0,0,0,7.31675E+20,5.38189E+21,1.21393E+16,4.85473E+16
184743,9,2,61,0,2018,8,19,1,3,7,1,0,1,0,0,0,0,0,0,7.31406E+20,5.37959E+21,1.21344E+16,4.85267E+16
184744,9,6,62,0,2018,8,10,5,3,5,3,0,1,1,0,0,0,0,0,5.87385E+20,5.54363E+21,1.02203E+16,5.00385E+16
184745,9,2,73,152,2018,8,17,1,3,6,4,0,0,0,1,1,0,0,0,6.99522E+20,5.40447E+21,1.1715E+16,4.87612E+16
184746,9,6,73,114,2018,8,17,5,3,2,6,0,1,1,0,0,0,0,0,5.87254E+20,5.57476E+21,1.02256E+16,5.03185E+16
184747,9,2,73,165,2018,8,9,1,2,0,7,0,0,0,0,1,0,0,0,7.17831E+20,5.40644E+21,1.19649E+16,4.87728E+16
184748,9,5,74,132,2018,8,19,5,3,0,1,0,0,0,0,1,0,0,0,6.75787E+20,5.48669E+21,1.14282E+16,4.95073E+16
184749,9,5,64,0,2018,8,13,5,3,5,2,0,0,1,0,0,0,1,0,6.54671E+20,5.4747E+21,1.11321E+16,4.94053E+16
184750,9,1,90,114,2018,8,17,1,3,0,1,0,1,0,0,0,0,0,0,6.329E+20,5.28879E+21,1.07727E+16,4.77388E+16
184751,9,5,64,0,2018,8,5,5,3,5,3,1,0,1,0,0,0,1,0,6.46882E+20,5.48229E+21,1.10276E+16,4.94754E+16
184752,9,1,90,113,2018,8,11,1,3,8,1,0,1,0,0,0,0,0,0,6.75374E+20,5.29084E+21,1.13396E+16,4.77471E+16
184753,9,1,80,117,2018,8,20,1,3,0,1,2,1,0,0,0,0,0,0,6.58518E+20,5.26285E+21,1.11048E+16,4.74998E+16
184754,9,5,64,0,2018,8,9,5,3,5,3,0,0,1,0,1,0,0,0,6.51282E+20,5.47859E+21,1.10869E+16,4.94412E+16
184755,9,1,82,129,2018,8,19,1,3,0,1,0,1,0,0,0,0,0,0,7.0701E+20,5.28584E+21,1.17589E+16,4.76928E+16
184756,9,5,73,134,2018,8,10,5,3,5,3,0,0,1,0,1,0,0,0,6.42831E+20,5.47848E+21,1.09703E+16,4.94422E+16
184757,9,1,61,0,2018,8,11,1,3,0,1,0,1,0,0,0,0,0,0,6.7523E+20,5.40217E+21,1.13838E+16,4.87479E+16
184758,9,1,81,128,2018,8,4,1,2,1,7,2,1,1,0,0,0,0,0,6.37657E+20,5.32703E+21,1.08483E+16,4.80817E+16
184759,9,5,75,118,2018,8,20,5,3,4,2,1,1,1,0,0,0,0,0,6.17363E+20,5.49425E+21,1.06239E+16,4.95894E+16
184760,9,1,88,144,2018,8,16,1,2,0,7,0,1,0,0,0,0,0,0,6.67071E+20,5.32655E+21,1.12428E+16,4.80703E+16
184761,9,4,75,156,2018,8,15,5,3,0,7,0,1,0,0,0,0,0,0,6.92613E+20,5.5793E+21,1.17066E+16,5.03343E+16
184762,9,1,88,121,2018,8,20,1,2,0,7,2,1,0,0,0,0,0,0,6.70064E+20,5.33082E+21,1.12846E+16,4.81079E+16
184763,9,4,64,0,2018,8,12,5,3,1,6,0,0,1,0,0,0,0,0,7.06913E+20,5.5784E+21,1.19068E+16,5.03213E+16
184764,9,4,71,175,2018,8,11,5,3,0,1,0,1,1,0,0,0,0,0,6.31258E+20,5.54206E+21,1.08322E+16,5.00163E+16
184765,9,1,88,121,2018,8,15,1,3,0,7,0,1,0,0,0,0,0,0,6.70288E+20,5.32983E+21,1.12873E+16,4.8099E+16
184766,9,3,63,0,2018,8,20,5,3,1,5,0,1,1,0,0,0,0,0,7.28371E+20,5.50876E+21,1.21664E+16,4.9688E+16
184767,9,1,77,127,2018,8,17,1,3,7,7,0,0,1,0,0,0,0,0,7.27941E+20,5.35199E+21,1.20725E+16,4.828E+16
184768,9,1,62,0,2018,8,19,7,3,1,2,0,1,1,0,0,0,0,0,6.91816E+20,5.33208E+21,1.15771E+16,4.8113E+16
184769,9,3,63,0,2018,8,19,5,3,6,7,0,1,0,1,0,0,0,0,7.27365E+20,5.50851E+21,1.21523E+16,4.96861E+16
184770,9,1,62,0,2018,8,11,7,3,6,5,0,0,1,1,0,0,0,0,6.91747E+20,5.33445E+21,1.15773E+16,4.81344E+16
184771,9,3,75,190,2018,8,16,5,3,4,2,0,0,1,0,1,0,0,0,7.28036E+20,5.44574E+21,1.21256E+16,4.91222E+16
184772,9,1,62,0,2018,8,1,7,3,3,7,2,1,0,0,0,0,0,0,6.93305E+20,5.33804E+21,1.15998E+16,4.81662E+16
184773,9,2,78,170,2018,8,0,5,3,9,1,2,0,1,0,0,0,0,0,7.62452E+20,5.42555E+21,1.25833E+16,4.89271E+16
184774,9,1,62,0,2018,8,3,7,3,1,1,2,1,1,0,0,0,0,0,6.87616E+20,5.3345E+21,1.15218E+16,4.81361E+16
184775,9,2,63,0,2018,8,8,5,3,4,2,0,1,1,0,0,0,0,0,7.61622E+20,5.41944E+21,1.25681E+16,4.88727E+16
184776,9,1,62,0,2018,8,18,7,3,0,7,0,0,0,0,1,0,1,0,6.89064E+20,5.33258E+21,1.15404E+16,4.81184E+16
184777,9,2,78,190,2018,8,8,5,2,5,3,0,0,1,0,0,1,0,0,7.65991E+20,5.42803E+21,1.26332E+16,4.89479E+16
184778,9,2,61,0,2018,8,15,5,2,5,3,0,0,1,0,0,0,0,0,7.30852E+20,5.38224E+21,1.21283E+16,4.85508E+16
184779,9,1,62,0,2018,8,18,7,3,4,2,0,1,1,0,0,0,0,0,6.94512E+20,5.33496E+21,1.16146E+16,4.81381E+16
184780,9,1,73,147,2018,8,10,5,3,5,3,0,1,1,0,0,0,0,0,6.8207E+20,5.30883E+21,1.14365E+16,4.79069E+16
184781,9,7,75,149,2018,8,14,7,2,5,3,0,0,1,0,1,0,0,0,5.90058E+20,5.34899E+21,1.02141E+16,4.82877E+16
184782,9,7,64,0,2018,8,13,7,3,5,7,0,1,0,0,0,0,0,0,5.88489E+20,5.31533E+21,1.01859E+16,4.79851E+16
184783,9,1,90,148,2018,8,20,5,3,5,3,1,1,1,0,0,0,0,0,6.40719E+20,5.29659E+21,1.08795E+16,4.78073E+16
184784,9,7,78,116,2018,8,15,7,3,0,3,0,0,1,0,1,0,0,0,6.1881E+20,5.31785E+21,1.05928E+16,4.80029E+16
184785,9,1,89,143,2018,8,16,5,3,3,6,0,1,0,0,0,0,0,0,7.60155E+20,5.31489E+21,1.24834E+16,4.79344E+16
184786,9,7,63,0,2018,8,18,7,3,0,7,0,1,0,0,0,0,0,0,5.98805E+20,5.28695E+21,1.03176E+16,4.77284E+16
184787,9,1,71,113,2018,8,9,5,3,6,6,0,0,1,1,0,0,0,0,7.76268E+20,5.34239E+21,1.27164E+16,4.81746E+16
184788,9,1,63,0,2018,8,16,5,3,4,7,0,1,1,0,0,0,0,0,7.31428E+20,5.30384E+21,1.20934E+16,4.78462E+16
184789,9,7,76,116,2018,8,17,7,3,2,6,0,1,1,0,0,0,0,0,5.50778E+20,5.26746E+21,9.67498E+15,4.75586E+16
184790,9,1,63,0,2018,8,16,5,3,0,1,0,1,0,0,0,0,0,0,7.33984E+20,5.30645E+21,1.21289E+16,4.78687E+16
184791,9,1,87,177,2018,8,21,5,3,1,5,1,1,1,0,0,0,0,0,7.38244E+20,5.30502E+21,1.2185E+16,4.78543E+16
184792,9,7,76,120,2018,8,19,7,3,4,6,0,1,1,0,0,0,0,0,5.45828E+20,5.26942E+21,9.60938E+15,4.75766E+16
184793,9,1,87,162,2018,8,12,5,3,5,3,0,0,1,0,0,0,0,0,7.51569E+20,5.30626E+21,1.23636E+16,4.78604E+16
184794,9,7,76,120,2018,8,12,7,3,1,7,0,1,1,0,0,0,0,0,5.45862E+20,5.26936E+21,9.60984E+15,4.7576E+16
184795,9,7,80,115,2018,8,13,7,3,0,1,0,1,0,0,0,0,0,0,5.83549E+20,5.26023E+21,1.01091E+16,4.74901E+16
184796,9,1,87,121,2018,8,12,5,3,0,1,0,1,0,0,0,0,0,0,7.53976E+20,5.30893E+21,1.23973E+16,4.78834E+16
184797,9,7,72,200,2018,8,19,7,2,5,3,0,1,1,0,0,0,0,0,6.30736E+20,5.33804E+21,1.07588E+16,4.81821E+16
184798,9,1,79,142,2018,8,14,5,2,2,6,0,1,0,0,0,0,1,0,6.73697E+20,5.3426E+21,1.13382E+16,4.82128E+16
184799,9,7,72,121,2018,8,19,7,2,0,7,0,1,0,0,0,0,0,0,6.35501E+20,5.37589E+21,1.08351E+16,4.85215E+16
184800,9,1,79,123,2018,8,10,5,3,5,3,0,0,1,0,0,0,1,0,6.75932E+20,5.33236E+21,1.1364E+16,4.81202E+16
184801,9,7,72,125,2018,8,15,7,3,5,3,0,1,1,0,0,0,0,0,6.35921E+20,5.34898E+21,1.08321E+16,4.82794E+16
184802,9,7,61,0,2018,8,20,7,3,3,1,1,0,1,0,0,0,0,0,6.39878E+20,5.35812E+21,1.08884E+16,4.83608E+16
184803,9,1,78,144,2018,8,16,5,2,9,1,0,0,0,0,0,0,1,0,7.0458E+20,5.3799E+21,1.17716E+16,4.85388E+16
184804,9,7,61,0,2018,8,16,7,3,0,1,0,1,0,1,0,0,0,0,6.38157E+20,5.35589E+21,1.08644E+16,4.83411E+16
184805,9,1,75,128,2018,8,16,5,2,0,7,0,1,0,0,0,0,1,0,7.14753E+20,5.3238E+21,1.18808E+16,4.80313E+16
184806,9,5,64,0,2018,8,13,7,3,3,6,0,1,1,0,0,0,0,0,6.5085E+20,5.4788E+21,1.1081E+16,4.94431E+16
184807,9,1,84,134,2018,8,8,4,3,0,1,0,1,0,0,0,0,0,0,6.92029E+20,5.32335E+21,1.15761E+16,4.80346E+16
184808,9,5,64,0,2018,8,17,7,3,5,3,0,0,1,0,0,0,0,0,6.45702E+20,5.48041E+21,1.10106E+16,4.94589E+16
184809,9,1,62,0,2018,8,17,4,3,3,6,0,0,1,0,0,0,0,0,6.94705E+20,5.33616E+21,1.16178E+16,4.81489E+16
184810,9,5,64,0,2018,8,18,7,3,5,2,0,0,1,0,1,0,0,0,6.45587E+20,5.47897E+21,1.10085E+16,4.94459E+16
184811,9,1,84,127,2018,8,11,4,3,5,3,0,1,1,0,0,0,0,0,7.03428E+20,5.32183E+21,1.17281E+16,4.80174E+16
184812,9,1,62,0,2018,8,13,4,3,3,6,0,0,0,0,1,0,1,0,6.93968E+20,5.33504E+21,1.16074E+16,4.81391E+16
184813,9,4,78,139,2018,8,21,7,2,9,1,2,0,0,0,1,0,0,0,6.49194E+20,5.55746E+21,1.10884E+16,5.01506E+16
184814,9,1,62,0,2018,8,18,4,3,0,1,0,1,0,0,0,0,0,0,6.86249E+20,5.33283E+21,1.15028E+16,4.81214E+16
184815,9,4,76,183,2018,8,12,7,3,5,3,0,1,1,0,0,0,0,0,6.71653E+20,5.57095E+21,1.14086E+16,5.02658E+16
184816,9,4,74,135,2018,8,20,7,3,0,7,2,1,0,0,0,0,0,0,6.44598E+20,5.5062E+21,1.10049E+16,4.96909E+16
184817,9,7,75,149,2018,8,16,4,3,5,3,0,0,1,0,0,0,0,0,5.90134E+20,5.34809E+21,1.02149E+16,4.82796E+16
184818,9,4,61,0,2018,8,16,7,3,3,2,0,1,1,0,0,0,0,0,6.37345E+20,5.52814E+21,1.09121E+16,4.98899E+16
184819,9,7,75,152,2018,8,7,4,3,5,3,0,0,1,0,0,0,0,0,5.78717E+20,5.35204E+21,1.00618E+16,4.83167E+16
184820,9,3,74,162,2018,8,13,7,3,0,3,0,1,1,0,0,0,0,0,7.41E+20,5.50181E+21,1.23369E+16,4.96207E+16
184821,9,7,78,158,2018,8,15,4,3,0,6,0,0,0,0,1,0,1,0,6.10213E+20,5.33588E+21,1.04823E+16,4.81666E+16
184822,9,7,78,116,2018,8,12,4,3,2,6,0,1,0,0,0,0,0,0,6.18707E+20,5.31874E+21,1.05917E+16,4.8011E+16
184823,9,3,62,0,2018,8,13,7,3,5,3,0,1,1,0,0,0,0,0,7.28323E+20,5.43541E+21,1.21237E+16,4.90293E+16
184824,9,7,78,116,2018,8,12,4,2,5,3,0,1,0,0,0,0,0,0,6.19371E+20,5.31777E+21,1.06003E+16,4.80021E+16
184825,9,3,76,149,2018,8,11,7,3,5,3,0,0,1,0,0,0,0,0,7.38294E+20,5.45447E+21,1.22711E+16,4.91967E+16
184826,9,7,63,0,2018,8,12,4,3,0,7,0,1,0,0,0,0,0,0,5.98654E+20,5.28538E+21,1.03153E+16,4.77142E+16
184827,9,2,62,0,2018,8,19,7,3,0,6,0,1,1,0,0,0,0,0,8.25812E+20,5.38913E+21,1.34172E+16,4.85705E+16
184828,9,7,73,146,2018,8,18,4,3,5,3,0,0,1,0,1,0,0,0,6.13763E+20,5.38932E+21,1.05445E+16,4.86466E+16
184829,9,2,73,111,2018,8,16,7,3,0,7,0,1,0,0,0,0,0,0,7.1135E+20,5.41299E+21,1.18802E+16,4.88339E+16
184830,9,1,89,120,2018,8,16,7,3,0,1,0,1,0,0,0,0,0,0,7.55E+20,5.29991E+21,1.24056E+16,4.7802E+16
184831,9,7,72,170,2018,8,13,4,3,0,1,0,1,0,0,0,0,0,0,6.29132E+20,5.33246E+21,1.07356E+16,4.81323E+16
184832,9,1,71,135,2018,8,11,7,2,0,7,0,1,1,0,0,0,0,0,7.69328E+20,5.34114E+21,1.26224E+16,4.81664E+16
184833,9,7,71,130,2018,8,12,4,3,0,1,0,0,0,0,1,0,0,0,6.44672E+20,5.36394E+21,1.09551E+16,4.8412E+16
184834,9,1,87,177,2018,8,8,7,3,8,1,0,0,1,0,0,0,0,0,7.34988E+20,5.30801E+21,1.21432E+16,4.78824E+16
184835,9,7,61,0,2018,8,19,4,3,0,6,0,0,0,0,1,0,1,0,6.38899E+20,5.35914E+21,1.08755E+16,4.83701E+16
184836,9,7,61,0,2018,8,17,4,3,3,6,0,1,1,0,0,0,0,0,6.40549E+20,5.35924E+21,1.08978E+16,4.83707E+16
184837,9,1,63,0,2018,8,18,7,3,0,7,0,0,0,0,1,0,0,0,7.3398E+20,5.30532E+21,1.21283E+16,4.78586E+16
184838,9,6,63,0,2018,8,10,4,3,1,7,0,1,1,0,0,0,0,0,5.69099E+20,5.51042E+21,9.95906E+15,4.97423E+16
184839,9,1,61,0,2018,8,18,7,3,2,6,0,0,1,0,0,0,0,0,6.77777E+20,5.40526E+21,1.14198E+16,4.87749E+16
184840,9,1,86,143,2018,8,14,7,3,5,3,0,1,1,0,0,0,0,0,6.85164E+20,5.37878E+21,1.15084E+16,4.85347E+16
184841,9,6,63,0,2018,8,11,4,2,0,7,0,0,1,0,0,0,0,0,5.67142E+20,5.51616E+21,9.93288E+15,4.97941E+16
184842,9,1,81,138,2018,8,8,7,2,0,1,0,1,0,0,0,0,0,1,6.40389E+20,5.33678E+21,1.08882E+16,4.81687E+16
184843,9,6,61,0,2018,8,20,4,3,0,7,0,0,0,1,1,0,0,0,5.11492E+20,5.53527E+21,9.16026E+15,4.99696E+16
184844,9,1,79,123,2018,8,15,7,3,5,2,0,0,1,0,0,0,0,0,6.75797E+20,5.33401E+21,1.13629E+16,4.8135E+16
184845,9,6,61,0,2018,8,19,4,3,0,1,0,0,0,0,1,0,0,0,5.11932E+20,5.53424E+21,9.16636E+15,4.99604E+16
184846,9,1,78,113,2018,8,11,7,3,0,7,0,1,0,0,0,0,0,0,6.94468E+20,5.36762E+21,1.16291E+16,4.84317E+16
184847,9,5,76,143,2018,8,18,4,3,4,6,0,0,1,0,0,0,0,0,6.53478E+20,5.45084E+21,1.11065E+16,4.91911E+16
184848,9,5,63,0,2018,8,17,4,3,6,4,0,0,1,1,0,0,0,0,6.46114E+20,5.48219E+21,1.1017E+16,4.94747E+16
184849,9,1,77,133,2018,8,16,7,2,5,3,0,0,1,0,1,0,0,0,7.10522E+20,5.35766E+21,1.18409E+16,4.83371E+16
184850,9,5,64,0,2018,8,6,4,3,3,7,0,0,1,0,0,0,1,0,6.51027E+20,5.47927E+21,1.10836E+16,4.94473E+16
184851,9,1,75,115,2018,8,15,7,2,6,7,0,0,1,1,0,0,0,0,7.21352E+20,5.32878E+21,1.19718E+16,4.80739E+16
184852,9,5,64,0,2018,8,16,4,2,6,1,0,1,0,1,0,0,0,0,6.50299E+20,5.47967E+21,1.10737E+16,4.94511E+16
184853,9,5,63,0,2018,8,22,4,3,0,7,2,1,0,0,0,0,0,0,6.46337E+20,5.48267E+21,1.10202E+16,4.9479E+16
184854,9,5,64,0,2018,8,14,4,3,5,3,0,0,0,0,0,1,1,0,6.4997E+20,5.47429E+21,1.10672E+16,4.94028E+16
184855,9,5,64,0,2018,8,12,4,3,0,3,0,1,0,0,0,0,0,0,6.5422E+20,5.47908E+21,1.11276E+16,4.94448E+16
184856,9,5,77,177,2018,8,15,4,3,0,1,0,1,0,0,0,0,0,0,6.44072E+20,5.43343E+21,1.09713E+16,4.90369E+16
184857,9,5,77,158,2018,8,12,4,3,4,1,0,1,0,0,0,0,0,0,6.44487E+20,5.42207E+21,1.09729E+16,4.89347E+16
184858,9,5,77,136,2018,8,16,4,3,5,3,0,0,1,0,1,0,0,0,6.28671E+20,5.44065E+21,1.07629E+16,4.91052E+16
184859,9,4,72,167,2018,8,15,4,3,5,3,0,0,1,0,1,0,0,0,6.70795E+20,5.5319E+21,1.13791E+16,4.99151E+16
184860,9,4,61,0,2018,8,13,4,3,4,7,0,0,1,0,1,0,0,0,6.37706E+20,5.52813E+21,1.09172E+16,4.98897E+16