OBJECTID_1,ULAND,UREGBEZ,UKREIS,UGEMEINDE,UJAHR,UMONAT,USTUNDE,UWOCHENTAG,UKATEGORIE,UART,UTYP1,ULICHTVERH,IstRad,IstPKW,IstFuss,IstKrad,IstGkfz,IstSonstig,STRZUSTAND,LINREFX,LINREFY,XGCSWGS84,YGCSWGS84
184861,9,4,61,0,2018,8,6,4,3,4,2,0,0,0,0,1,1,0,0,6.36023E+20,5.52875E+21,1.0894E+16,4.98956E+16
184862,9,3,75,174,2018,8,12,4,3,0,1,0,1,0,0,0,0,0,0,7.33502E+20,5.43045E+21,1.21916E+16,4.89828E+16
184863,9,4,64,0,2018,8,7,6,3,0,1,0,1,0,0,0,0,0,0,7.08966E+20,5.57528E+21,1.19339E+16,5.02926E+16
184864,9,3,75,119,2018,8,4,4,2,0,7,2,0,0,0,1,0,0,0,7.40982E+20,5.44827E+21,1.23042E+16,4.91399E+16
184865,9,3,62,0,2018,8,20,4,3,4,7,0,0,1,0,0,0,0,0,7.27422E+20,5.43365E+21,1.21104E+16,4.90137E+16
184866,9,4,78,145,2018,8,16,6,3,5,3,0,0,1,0,0,0,0,0,6.53514E+20,5.5593E+21,1.11495E+16,5.0166E+16
184867,9,3,62,0,2018,8,13,4,3,0,1,0,1,0,0,0,0,0,0,7.26652E+20,5.43438E+21,1.21003E+16,4.90206E+16
184868,9,4,63,0,2018,8,16,6,3,0,7,0,0,0,0,0,0,1,0,6.40183E+20,5.56935E+21,1.09667E+16,5.02597E+16
184869,9,3,73,147,2018,8,7,4,3,5,3,0,1,1,0,0,0,0,0,6.78912E+20,5.45924E+21,1.1459E+16,4.92598E+16
184870,9,4,72,175,2018,8,13,6,3,1,5,0,0,1,0,0,0,0,0,6.82596E+20,5.51325E+21,1.15345E+16,4.9744E+16
184871,9,4,72,119,2018,8,7,6,2,8,1,0,0,0,0,1,0,0,1,6.86605E+20,5.54365E+21,1.16048E+16,5.00159E+16
184872,9,3,73,147,2018,8,19,4,3,0,5,1,1,0,0,0,1,0,0,6.78527E+20,5.45982E+21,1.1454E+16,4.9265E+16
184873,9,3,72,137,2018,8,10,4,3,0,3,0,0,1,0,0,0,0,0,7.83496E+20,5.45292E+21,1.28891E+16,4.91636E+16
184874,9,3,71,131,2018,8,18,4,2,8,2,0,1,0,0,0,0,0,0,6.93941E+20,5.48055E+21,1.16757E+16,4.94466E+16
184875,9,2,71,119,2018,8,10,4,3,4,6,0,1,0,0,0,0,0,0,7.88378E+20,5.41533E+21,1.29293E+16,4.8824E+16
184876,9,2,75,156,2018,8,17,4,2,0,7,0,1,0,0,0,0,0,0,8.50225E+20,5.40177E+21,1.37577E+16,4.86706E+16
184877,9,2,75,154,2018,8,15,4,3,0,1,0,1,0,0,0,0,0,0,8.07905E+20,5.39322E+21,1.31781E+16,4.86162E+16
184878,9,2,77,145,2018,8,15,4,3,0,1,0,0,0,0,1,0,0,0,7.98685E+20,5.35359E+21,1.30251E+16,4.8265E+16
184879,9,2,72,143,2018,8,14,4,2,6,7,0,0,1,1,0,0,0,0,8.21214E+20,5.4264E+21,1.33841E+16,4.89072E+16
184880,9,2,74,141,2018,8,19,4,2,5,3,0,1,1,0,0,0,0,0,7.24555E+20,5.39278E+21,1.20488E+16,4.86477E+16
184881,9,1,90,140,2018,8,14,4,3,2,6,0,0,1,0,0,0,0,0,6.43755E+20,5.29676E+21,1.092E+16,4.78081E+16
184882,9,4,61,0,2018,8,11,6,2,0,7,0,1,1,0,0,0,0,0,6.37091E+20,5.52791E+21,1.09085E+16,4.98878E+16
184883,9,1,83,148,2018,8,19,4,3,4,2,0,0,1,0,1,0,0,0,7.51882E+20,5.34419E+21,1.239E+16,4.82009E+16
184884,9,3,77,154,2018,8,18,6,3,5,2,0,0,1,0,0,0,0,0,7.39742E+20,5.52975E+21,1.23367E+16,4.98721E+16
184885,9,1,72,118,2018,8,16,4,3,4,6,0,1,1,0,0,0,0,0,7.97266E+20,5.30414E+21,1.29717E+16,4.78218E+16
184886,9,3,75,180,2018,8,9,6,3,5,3,0,1,1,0,0,0,0,1,7.2434E+20,5.42985E+21,1.20662E+16,4.89807E+16
184887,9,3,75,179,2018,8,18,6,3,0,1,0,0,1,0,1,0,0,0,7.32219E+20,5.42809E+21,1.21727E+16,4.8962E+16
184888,9,1,87,179,2018,8,17,4,3,5,3,0,0,1,0,1,0,0,0,7.24539E+20,5.31082E+21,1.20051E+16,4.79113E+16
184889,9,1,61,0,2018,8,11,4,3,5,3,0,1,0,0,0,0,0,0,6.7731E+20,5.40489E+21,1.14133E+16,4.87717E+16
184890,9,3,62,0,2018,8,13,6,3,3,7,0,1,1,0,0,0,0,0,7.25917E+20,5.43438E+21,1.20902E+16,4.90209E+16
184891,9,1,88,132,2018,8,15,4,3,0,7,0,1,0,0,0,0,0,0,6.63211E+20,5.32227E+21,1.11894E+16,4.80328E+16
184892,9,3,62,0,2018,8,17,6,3,0,1,0,0,0,0,1,0,0,1,7.2819E+20,5.43185E+21,1.21198E+16,4.89973E+16
184893,9,1,77,133,2018,8,10,4,3,2,6,0,0,1,0,0,0,0,0,7.07784E+20,5.36019E+21,1.18052E+16,4.83607E+16
184894,9,3,62,0,2018,8,11,6,3,4,2,0,1,1,0,0,0,0,1,7.27107E+20,5.43363E+21,1.21061E+16,4.90137E+16
184895,9,3,73,147,2018,8,13,6,3,5,5,0,1,1,0,0,0,0,1,6.78757E+20,5.46162E+21,1.14579E+16,4.92812E+16
184896,9,1,77,113,2018,8,22,4,3,0,1,2,1,0,0,0,0,0,1,7.21138E+20,5.35556E+21,1.19828E+16,4.83145E+16
184897,9,1,77,117,2018,8,15,4,2,6,7,0,0,1,1,0,0,0,0,7.14725E+20,5.3532E+21,1.18952E+16,4.82955E+16
184898,9,1,77,131,2018,8,19,4,3,5,3,0,1,1,0,0,0,0,0,7.10602E+20,5.34791E+21,1.18371E+16,4.82494E+16
184899,9,1,75,115,2018,8,16,4,3,3,2,0,0,1,0,0,1,0,0,7.21118E+20,5.32924E+21,1.19689E+16,4.80781E+16
184900,9,1,62,0,2018,8,13,3,3,1,7,0,1,1,0,0,0,0,0,6.98721E+20,5.32949E+21,1.16686E+16,4.80877E+16
184901,9,1,62,0,2018,8,17,3,3,5,3,0,0,1,0,0,0,0,0,6.91993E+20,5.33773E+21,1.15821E+16,4.81638E+16
184902,9,3,72,116,2018,8,17,6,3,0,7,0,0,1,0,1,0,0,1,7.67192E+20,5.45846E+21,1.26696E+16,4.92205E+16
184903,9,1,62,0,2018,8,12,3,2,4,2,0,0,1,0,1,0,0,0,6.97642E+20,5.32987E+21,1.16543E+16,4.80915E+16
184904,9,3,76,173,2018,8,16,6,3,5,3,0,1,1,0,0,0,0,1,7.36448E+20,5.49028E+21,1.22671E+16,4.9519E+16
184905,9,2,62,0,2018,8,18,6,3,2,6,0,0,0,0,1,0,0,0,8.25791E+20,5.38764E+21,1.34157E+16,4.85571E+16
184906,9,1,62,0,2018,8,18,3,3,0,1,0,1,0,0,0,0,0,0,6.9125E+20,5.33707E+21,1.15718E+16,4.81581E+16
184907,9,2,73,116,2018,8,16,6,3,1,7,0,1,1,0,0,0,0,1,7.22651E+20,5.42379E+21,1.20398E+16,4.8927E+16
184908,9,1,62,0,2018,8,17,3,3,5,2,0,1,1,0,0,0,0,0,6.90693E+20,5.34037E+21,1.15658E+16,4.81879E+16
184909,9,1,62,0,2018,8,19,3,3,2,6,0,0,1,0,1,0,0,0,6.92073E+20,5.33657E+21,1.15826E+16,4.81534E+16
184910,9,2,79,112,2018,8,6,6,3,8,7,0,0,1,0,0,0,0,0,7.57507E+20,5.39297E+21,1.24955E+16,4.86367E+16
184911,9,1,62,0,2018,8,8,3,3,1,7,0,1,1,0,0,0,0,0,6.82982E+20,5.33553E+21,1.14601E+16,4.81467E+16
184912,9,1,84,134,2018,8,11,3,2,0,1,0,1,0,0,0,0,0,0,6.92055E+20,5.32328E+21,1.15764E+16,4.80339E+16
184913,9,1,84,136,2018,8,7,3,3,2,6,0,1,1,0,0,0,0,0,6.99769E+20,5.32681E+21,1.16814E+16,4.80632E+16
184914,9,1,73,124,2018,8,22,6,3,9,1,2,0,1,0,0,0,0,1,6.92686E+20,5.29059E+21,1.15703E+16,4.77399E+16
184915,9,1,62,0,2018,8,8,3,2,5,3,0,1,0,0,0,0,0,0,6.95995E+20,5.33413E+21,1.16342E+16,4.81303E+16
184916,9,1,89,154,2018,8,11,6,3,3,1,0,1,1,0,0,0,0,0,7.67545E+20,5.31871E+21,1.25845E+16,4.79657E+16
184917,9,1,62,0,2018,8,19,3,3,5,2,0,1,0,0,1,0,0,0,6.926E+20,5.33419E+21,1.15886E+16,4.81318E+16
184918,9,1,83,143,2018,8,8,6,3,4,6,0,0,1,0,0,0,0,0,7.55268E+20,5.35933E+21,1.24447E+16,4.83355E+16
184919,9,1,71,132,2018,8,9,6,3,9,1,0,0,0,0,1,0,0,0,7.65701E+20,5.35067E+21,1.25797E+16,4.82534E+16
184920,9,1,62,0,2018,8,23,3,2,0,1,2,1,0,0,0,0,0,0,6.92161E+20,5.33923E+21,1.1585E+16,4.81772E+16
184921,9,1,63,0,2018,8,7,6,3,5,3,0,1,1,0,0,0,0,1,7.32894E+20,5.30482E+21,1.21135E+16,4.78545E+16
184922,9,1,62,0,2018,8,10,3,3,6,4,0,0,1,1,0,0,0,0,6.92699E+20,5.33798E+21,1.15917E+16,4.81659E+16
184923,9,1,62,0,2018,8,10,3,3,2,6,0,0,1,0,0,0,0,0,6.9144E+20,5.33765E+21,1.15746E+16,4.81633E+16
184924,9,1,87,117,2018,8,13,6,3,4,2,0,1,1,0,0,0,0,0,7.24822E+20,5.30515E+21,1.20059E+16,4.78603E+16
184925,9,1,62,0,2018,8,10,3,3,3,5,0,0,1,0,1,0,0,0,6.90827E+20,5.33597E+21,1.15656E+16,4.81483E+16
184926,9,1,87,117,2018,8,14,6,3,5,3,0,1,1,0,0,0,0,0,7.24114E+20,5.30596E+21,1.19969E+16,4.78678E+16
184927,9,7,75,135,2018,8,9,3,3,6,3,0,0,1,1,0,0,0,0,5.74993E+20,5.3606E+21,1.00131E+16,4.83941E+16
184928,9,1,61,0,2018,8,9,6,3,5,3,0,1,1,0,0,0,0,1,6.76192E+20,5.40524E+21,1.13982E+16,4.87752E+16
184929,9,1,62,0,2018,8,17,5,3,5,3,0,0,1,0,1,0,0,0,6.90165E+20,5.33391E+21,1.15558E+16,4.813E+16
184930,9,1,62,0,2018,8,14,5,3,2,6,0,0,1,0,0,0,1,0,6.95459E+20,5.33568E+21,1.16277E+16,4.81443E+16
184931,9,1,62,0,2018,8,18,5,3,6,4,0,0,1,1,0,0,0,0,6.79281E+20,5.33431E+21,1.14098E+16,4.81368E+16
184932,9,1,62,0,2018,8,5,5,3,5,7,2,0,1,0,0,0,0,0,6.90526E+20,5.33965E+21,1.15632E+16,4.81815E+16
184933,9,7,75,135,2018,8,22,3,3,8,1,2,0,1,0,0,0,0,0,5.75816E+20,5.36311E+21,1.00246E+16,4.84166E+16
184934,9,1,62,0,2018,8,8,5,3,0,7,0,0,0,0,1,0,1,0,6.9015E+20,5.33474E+21,1.1556E+16,4.81375E+16
184935,9,7,78,171,2018,8,11,3,2,0,7,0,1,1,0,0,0,0,0,5.90329E+20,5.31604E+21,1.02107E+16,4.79913E+16
184936,9,7,74,185,2018,8,17,3,3,5,3,0,0,1,0,1,0,0,0,6.08642E+20,5.3489E+21,1.04645E+16,4.8284E+16
184937,9,1,62,0,2018,8,12,5,3,6,4,0,1,0,1,0,0,0,0,6.85223E+20,5.33374E+21,1.14894E+16,4.813E+16
184938,9,7,74,150,2018,8,21,3,3,8,7,1,0,0,0,1,0,0,0,6.00643E+20,5.34757E+21,1.03564E+16,4.82733E+16
184939,9,1,84,119,2018,8,12,5,3,5,2,0,0,1,0,0,0,0,0,6.96263E+20,5.34904E+21,1.16447E+16,4.82641E+16
184940,9,7,75,111,2018,8,9,3,2,2,6,0,0,1,0,0,0,0,0,5.8516E+20,5.33722E+21,1.01457E+16,4.81825E+16
184941,9,1,62,0,2018,8,17,5,3,2,6,0,0,1,0,1,0,0,0,6.90805E+20,5.33961E+21,1.1567E+16,4.8181E+16
184942,9,7,74,148,2018,8,23,3,3,8,1,2,0,0,0,1,0,0,0,5.97939E+20,5.36329E+21,1.03236E+16,4.84152E+16
184943,9,7,78,216,2018,8,12,3,2,0,7,0,1,0,0,0,0,0,0,6.23256E+20,5.32043E+21,1.06532E+16,4.80252E+16
184944,9,1,62,0,2018,8,22,5,2,1,5,2,1,1,0,0,0,0,0,6.88275E+20,5.33645E+21,1.15316E+16,4.81534E+16
184945,9,7,80,112,2018,8,15,3,2,1,1,0,1,0,0,0,1,0,0,5.90575E+20,5.29571E+21,1.02097E+16,4.78084E+16
184946,9,7,63,0,2018,8,17,3,3,0,7,0,1,0,0,0,0,0,0,6.00101E+20,5.28762E+21,1.03351E+16,4.77342E+16
184947,9,7,76,120,2018,8,8,3,3,0,1,0,1,0,0,0,0,0,0,5.46068E+20,5.26937E+21,9.61257E+15,4.75761E+16
184948,9,1,62,0,2018,8,12,5,3,5,3,0,0,1,0,1,0,0,0,6.94608E+20,5.33496E+21,1.16159E+16,4.81381E+16
184949,9,7,80,124,2018,8,18,3,2,0,7,0,0,1,0,0,0,0,0,5.92497E+20,5.26755E+21,1.02294E+16,4.75547E+16
184950,9,1,62,0,2018,8,18,5,3,6,2,0,1,0,1,0,0,0,0,6.91336E+20,5.33843E+21,1.15736E+16,4.81703E+16
184951,9,7,77,129,2018,8,14,3,3,1,6,0,1,1,0,0,0,0,0,6.26806E+20,5.27041E+21,1.06861E+16,4.75747E+16
184952,9,7,78,214,2018,8,12,5,2,5,7,0,1,0,0,0,0,1,0,5.96481E+20,5.32195E+21,1.02945E+16,4.80435E+16
184953,9,7,74,135,2018,8,10,5,3,0,7,0,1,0,0,0,0,0,1,5.93445E+20,5.36751E+21,1.02638E+16,4.84537E+16
184954,9,7,79,194,2018,8,9,3,2,2,6,0,0,1,0,1,0,0,0,6.09911E+20,5.41289E+21,1.04985E+16,4.88592E+16
184955,9,7,80,114,2018,8,16,5,3,9,1,0,0,0,0,1,0,0,0,6.0767E+20,5.28862E+21,1.04363E+16,4.77419E+16
184956,9,7,79,167,2018,8,17,3,3,1,5,0,1,1,0,0,0,0,0,6.24495E+20,5.40964E+21,1.06963E+16,4.88272E+16
184957,9,7,72,185,2018,8,14,3,3,4,5,0,0,0,0,1,1,0,0,6.35321E+20,5.3838E+21,1.08352E+16,4.85927E+16
184958,9,7,80,112,2018,8,14,5,3,0,7,0,1,0,0,0,0,0,0,5.82634E+20,5.29187E+21,1.0103E+16,4.77749E+16
184959,9,7,61,0,2018,8,17,3,3,2,6,0,0,0,0,1,0,0,0,6.41785E+20,5.36202E+21,1.09154E+16,4.83954E+16
184960,9,7,76,116,2018,8,0,5,3,0,1,2,1,0,0,0,0,0,0,5.51316E+20,5.26606E+21,9.68196E+15,4.75459E+16
184961,9,7,61,0,2018,8,17,3,3,6,1,0,0,1,1,0,0,0,0,6.40874E+20,5.35247E+21,1.08999E+16,4.83097E+16
184962,9,7,77,129,2018,8,18,5,3,8,1,0,0,0,0,1,0,0,0,6.28421E+20,5.27135E+21,1.07079E+16,4.75828E+16
184963,9,7,79,131,2018,8,14,5,2,3,7,0,0,1,0,0,0,0,1,6.30801E+20,5.39728E+21,1.07782E+16,4.87148E+16
184964,9,7,79,115,2018,8,18,5,3,0,1,0,1,0,0,0,0,0,0,6.33864E+20,5.3935E+21,1.08186E+16,4.86802E+16
184965,9,7,61,0,2018,8,12,3,3,8,1,0,0,1,0,0,0,0,0,6.39466E+20,5.35428E+21,1.08816E+16,4.83263E+16
184966,9,7,72,147,2018,8,18,5,3,8,1,0,0,0,0,1,0,0,0,6.34392E+20,5.36499E+21,1.08166E+16,4.84237E+16
184967,9,7,72,163,2018,8,11,5,3,5,3,0,1,0,0,0,0,0,0,6.40362E+20,5.34777E+21,1.08915E+16,4.82676E+16
184968,9,7,61,0,2018,8,15,3,3,3,5,0,1,1,0,0,0,0,0,6.40955E+20,5.35922E+21,1.09033E+16,4.83704E+16
184969,9,7,72,163,2018,8,18,5,3,5,3,0,1,1,0,0,0,0,1,6.41029E+20,5.34666E+21,1.09001E+16,4.82574E+16
184970,9,6,62,0,2018,8,22,3,3,5,7,2,1,1,0,0,0,0,0,5.86355E+20,5.54383E+21,1.0206E+16,5.00405E+16
184971,9,6,62,0,2018,8,14,3,3,3,2,0,1,1,0,0,0,0,0,5.87997E+20,5.54392E+21,1.02289E+16,5.00411E+16
184972,9,7,72,125,2018,8,17,5,3,5,3,0,0,1,0,1,0,0,0,6.36349E+20,5.34759E+21,1.08374E+16,4.82668E+16
184973,9,5,62,0,2018,8,11,3,3,2,6,0,0,1,0,0,0,0,0,6.41272E+20,5.49548E+21,1.09549E+16,4.95954E+16
184974,9,7,61,0,2018,8,20,5,3,3,1,1,1,1,0,0,0,0,1,6.4121E+20,5.35884E+21,1.09066E+16,4.83669E+16
184975,9,5,62,0,2018,8,12,3,3,1,5,0,1,1,0,0,0,0,0,6.4503E+20,5.49561E+21,1.1007E+16,4.95956E+16
184976,9,7,61,0,2018,8,15,5,3,0,3,0,1,0,0,0,0,0,0,6.40741E+20,5.35801E+21,1.09E+16,4.83595E+16
184977,9,7,71,114,2018,8,5,5,3,9,1,0,0,1,0,0,0,0,0,6.45702E+20,5.37725E+21,1.09736E+16,4.85314E+16
184978,9,5,64,0,2018,8,18,3,3,3,6,0,1,1,0,0,0,0,0,6.50845E+20,5.47574E+21,1.10798E+16,4.94156E+16
184979,9,6,63,0,2018,8,13,5,3,5,3,0,0,1,0,0,0,0,0,5.69983E+20,5.50928E+21,9.97113E+15,4.9732E+16
184980,9,5,64,0,2018,8,7,3,3,5,3,0,0,1,0,0,1,0,0,6.48823E+20,5.47338E+21,1.1051E+16,4.9395E+16
184981,9,5,64,0,2018,8,12,3,3,5,3,0,1,1,0,0,0,0,0,6.48185E+20,5.48001E+21,1.10447E+16,4.94547E+16
184982,9,6,63,0,2018,8,11,5,3,4,6,0,0,1,0,0,0,0,0,5.68589E+20,5.51608E+21,9.95298E+15,4.97933E+16
184983,9,5,64,0,2018,8,15,3,3,2,6,0,0,1,0,0,0,0,0,6.49555E+20,5.4785E+21,1.1063E+16,4.94407E+16
184984,9,6,75,139,2018,8,13,5,3,9,1,0,0,1,0,0,0,0,1,5.89929E+20,5.50748E+21,1.02474E+16,4.97131E+16
184985,9,5,64,0,2018,8,10,3,3,2,6,0,0,1,0,0,1,0,0,6.50225E+20,5.47484E+21,1.10709E+16,4.94077E+16
184986,9,5,73,122,2018,8,6,3,2,5,3,0,0,1,0,1,0,0,0,6.41459E+20,5.47525E+21,1.09503E+16,4.94135E+16
184987,9,6,75,141,2018,8,15,5,3,8,7,0,0,0,0,1,0,0,1,5.86096E+20,5.51524E+21,1.0196E+16,4.97834E+16
184988,9,5,77,136,2018,8,23,3,3,0,7,2,1,0,0,0,0,0,0,6.27959E+20,5.44241E+21,1.07537E+16,4.91212E+16
184989,9,6,74,149,2018,8,21,5,3,8,1,2,1,0,0,0,0,0,0,6.08197E+20,5.55657E+21,1.05145E+16,5.01515E+16
184990,9,6,76,165,2018,8,11,5,2,0,1,0,1,0,0,0,0,0,0,5.1483E+20,5.49999E+21,9.20546E+15,4.96523E+16
184991,9,6,71,122,2018,8,21,5,3,1,1,2,1,1,0,0,0,0,1,5.03075E+20,5.52661E+21,9.04281E+15,4.98919E+16
184992,9,5,71,229,2018,8,0,3,3,6,7,2,0,1,1,0,0,0,0,6.25621E+20,5.4541E+21,1.07254E+16,4.92268E+16
184993,9,6,61,0,2018,8,10,5,3,0,7,0,1,0,0,0,0,0,0,5.12945E+20,5.53586E+21,9.18054E+15,4.99749E+16
184994,9,4,78,165,2018,8,14,3,2,5,3,0,1,1,0,0,0,0,0,6.44783E+20,5.55299E+21,1.1025E+16,5.01115E+16
184995,9,5,72,135,2018,8,13,5,3,5,3,0,1,1,0,0,0,0,0,6.30225E+20,5.50719E+21,1.0806E+16,4.97031E+16
184996,9,4,76,146,2018,8,9,3,3,0,7,0,1,0,0,0,0,0,0,6.61626E+20,5.56338E+21,1.12648E+16,5.02005E+16
184997,9,5,62,0,2018,8,18,5,3,5,3,0,0,1,0,0,0,0,0,6.46093E+20,5.49485E+21,1.10214E+16,4.95885E+16
184998,9,4,72,127,2018,8,17,3,3,9,1,0,0,0,0,1,0,0,0,6.82089E+20,5.52159E+21,1.15314E+16,4.98191E+16
184999,9,5,76,111,2018,8,23,5,3,0,7,2,1,0,0,0,0,0,0,6.43031E+20,5.45653E+21,1.09652E+16,4.92448E+16
185000,9,4,62,0,2018,8,9,3,2,0,1,0,1,0,0,0,0,0,0,6.84993E+20,5.53435E+21,1.15778E+16,4.99328E+16
185001,9,5,64,0,2018,8,18,5,2,4,2,0,1,1,0,0,0,0,0,6.53655E+20,5.47568E+21,1.11185E+16,4.94144E+16
185002,9,5,73,130,2018,8,18,5,2,9,7,1,1,0,0,0,0,0,0,6.37403E+20,5.48576E+21,1.0898E+16,4.95089E+16
185003,9,3,77,154,2018,8,13,3,2,6,7,0,1,0,1,0,0,0,0,7.39844E+20,5.53028E+21,1.23384E+16,4.98768E+16
185004,9,3,62,0,2018,8,19,3,3,5,3,0,1,1,0,0,0,0,0,7.24411E+20,5.43159E+21,1.20681E+16,4.89963E+16
185005,9,4,78,165,2018,8,16,5,2,5,3,0,0,1,0,1,0,0,0,6.42718E+20,5.55247E+21,1.09959E+16,5.01073E+16
185006,9,3,72,143,2018,8,19,3,3,5,2,0,1,1,0,0,0,0,0,7.74485E+20,5.44998E+21,1.27638E+16,4.91413E+16
185007,9,4,71,191,2018,8,6,5,3,5,3,0,0,1,0,1,0,0,0,6.31579E+20,5.52469E+21,1.08307E+16,4.98602E+16
185008,9,2,76,144,2018,8,20,3,3,0,1,1,1,0,0,0,0,0,0,7.83408E+20,5.44341E+21,1.28812E+16,4.90782E+16
185009,9,4,61,0,2018,8,10,5,3,5,3,0,0,1,0,0,0,0,0,6.35227E+20,5.52968E+21,1.08832E+16,4.99042E+16
185010,9,3,75,199,2018,8,18,5,3,0,1,0,1,0,0,0,0,0,0,7.19812E+20,5.43386E+21,1.20066E+16,4.90184E+16
185011,9,2,77,139,2018,8,6,3,2,8,1,0,0,1,0,0,0,0,0,7.87331E+20,5.3746E+21,1.28868E+16,4.84588E+16
185012,9,3,75,208,2018,8,16,5,3,5,3,0,0,1,0,0,0,0,0,7.32767E+20,5.44032E+21,1.21872E+16,4.90717E+16
185013,9,2,62,0,2018,8,22,3,3,6,7,2,0,1,1,0,0,0,0,8.28241E+20,5.38943E+21,1.34502E+16,4.85719E+16
185014,9,2,73,152,2018,8,18,3,2,2,1,0,1,0,0,0,0,0,0,7.0633E+20,5.40887E+21,1.18098E+16,4.87986E+16
185015,9,3,75,190,2018,8,14,5,3,0,1,0,0,0,0,1,0,0,0,7.28126E+20,5.44586E+21,1.21269E+16,4.91232E+16
185016,9,1,89,162,2018,8,21,3,3,0,1,2,0,0,0,1,0,0,0,7.80087E+20,5.31685E+21,1.27509E+16,4.79437E+16
185017,9,3,72,116,2018,8,11,5,1,1,5,0,1,0,0,0,1,0,0,7.70479E+20,5.45758E+21,1.27141E+16,4.92113E+16
185018,9,1,71,116,2018,8,19,3,3,0,1,0,1,0,0,0,0,0,0,7.66043E+20,5.33387E+21,1.25738E+16,4.81024E+16
185019,9,1,71,116,2018,8,19,3,3,8,1,0,1,0,0,0,0,0,0,7.66132E+20,5.33404E+21,1.25751E+16,4.81039E+16
185020,9,2,76,148,2018,8,2,5,2,0,7,2,0,0,0,1,0,0,0,8.09457E+20,5.43862E+21,1.32333E+16,4.90227E+16
185021,9,1,72,117,2018,8,12,3,3,0,1,0,1,0,0,0,0,0,0,7.95449E+20,5.28796E+21,1.29365E+16,4.76774E+16
185022,9,2,63,0,2018,8,12,5,3,6,5,0,0,1,1,0,0,0,0,7.61767E+20,5.42061E+21,1.25708E+16,4.88831E+16
185023,9,1,76,126,2018,8,16,3,3,5,3,0,1,0,0,0,0,1,0,6.74354E+20,5.4074E+21,1.13741E+16,4.87951E+16
185024,9,2,76,138,2018,8,13,5,3,2,2,0,0,1,0,0,0,0,0,8.02296E+20,5.43229E+21,1.31309E+16,4.89695E+16
185025,9,2,75,116,2018,8,14,5,3,0,7,0,1,1,0,0,0,0,0,8.19655E+20,5.36452E+21,1.33152E+16,4.83528E+16
185026,9,1,76,126,2018,8,18,3,3,5,3,0,1,1,0,0,0,0,0,6.72888E+20,5.4089E+21,1.13548E+16,4.88091E+16
185027,9,2,79,126,2018,8,16,5,2,0,1,0,0,0,0,1,0,0,0,7.64099E+20,5.38648E+21,1.25807E+16,4.85757E+16
185028,9,1,85,149,2018,8,6,3,3,0,7,0,1,0,0,0,0,0,0,6.60032E+20,5.39996E+21,1.11764E+16,4.87321E+16
185029,9,1,76,131,2018,8,20,3,3,7,1,1,1,0,0,0,0,0,0,6.80007E+20,5.41145E+21,1.14528E+16,4.88299E+16
185030,9,1,80,118,2018,8,19,5,3,6,7,1,0,1,1,0,0,0,1,6.52672E+20,5.25953E+21,1.10261E+16,4.74713E+16
185031,9,1,76,123,2018,8,14,3,3,0,1,0,1,0,0,0,0,0,0,6.60591E+20,5.41727E+21,1.11907E+16,4.88875E+16
185032,9,1,80,116,2018,8,12,5,3,3,2,0,1,1,0,0,0,0,0,6.58984E+20,5.26535E+21,1.11119E+16,4.75221E+16
185033,9,1,88,137,2018,8,10,3,2,0,1,0,1,0,0,0,0,0,0,6.7156E+20,5.31424E+21,1.12981E+16,4.79585E+16
185034,9,1,71,112,2018,8,17,5,3,0,1,0,1,0,0,0,0,0,0,7.82588E+20,5.34134E+21,1.28005E+16,4.81624E+16
185035,9,1,79,142,2018,8,14,3,3,1,2,0,1,1,0,0,0,0,0,6.73074E+20,5.34103E+21,1.13292E+16,4.81989E+16
185036,9,1,72,132,2018,8,13,5,2,0,7,0,1,0,0,0,0,0,0,7.96731E+20,5.2805E+21,1.29485E+16,4.76099E+16
185037,9,1,81,113,2018,8,12,3,1,0,7,0,0,0,0,0,0,1,0,6.40001E+20,5.30697E+21,1.08732E+16,4.79008E+16
185038,9,1,72,114,2018,8,16,5,3,0,1,0,1,0,0,0,0,0,0,7.89706E+20,5.29237E+21,1.28631E+16,4.77196E+16
185039,9,1,71,125,2018,8,13,5,3,5,3,0,1,1,0,0,0,0,0,7.75502E+20,5.34965E+21,1.27108E+16,4.82401E+16
185040,9,1,79,123,2018,8,22,3,3,4,6,2,0,1,0,0,0,0,0,6.77114E+20,5.33431E+21,1.13807E+16,4.81373E+16
185041,9,1,61,0,2018,8,11,5,3,0,1,0,1,0,0,0,0,0,0,6.80674E+20,5.40421E+21,1.14587E+16,4.87647E+16
185042,9,1,74,143,2018,8,19,3,2,0,1,0,0,0,0,1,0,0,0,6.74137E+20,5.35518E+21,1.13493E+16,4.83258E+16
185043,9,1,75,127,2018,8,23,3,2,0,1,2,1,0,0,0,0,0,0,7.1301E+20,5.34134E+21,1.18662E+16,4.81895E+16
185044,9,1,88,139,2018,8,7,5,2,0,1,0,1,0,0,0,0,0,0,6.76585E+20,5.32227E+21,1.13687E+16,4.80293E+16
185045,9,1,78,120,2018,8,15,3,3,0,5,0,1,1,0,0,0,0,0,6.94173E+20,5.35259E+21,1.16182E+16,4.82966E+16
185046,9,1,78,116,2018,8,10,5,1,3,6,0,1,1,0,0,0,0,0,7.02079E+20,5.38201E+21,1.17388E+16,4.85586E+16