OBJECTID_1,ULAND,UREGBEZ,UKREIS,UGEMEINDE,UJAHR,UMONAT,USTUNDE,UWOCHENTAG,UKATEGORIE,UART,UTYP1,ULICHTVERH,IstRad,IstPKW,IstFuss,IstKrad,IstGkfz,IstSonstig,STRZUSTAND,LINREFX,LINREFY,XGCSWGS84,YGCSWGS84
185047,9,1,77,117,2018,8,14,3,3,2,6,0,0,1,0,1,0,0,0,7.14307E+20,5.35554E+21,1.18908E+16,4.83167E+16
185048,9,1,78,124,2018,8,19,5,3,5,3,0,1,1,0,0,0,0,0,7.02779E+20,5.36533E+21,1.17402E+16,4.84084E+16
185049,9,1,62,0,2018,8,18,4,3,7,1,0,1,0,0,0,0,0,0,6.91864E+20,5.33213E+21,1.15778E+16,4.81135E+16
185050,9,1,62,0,2018,8,17,2,3,0,7,0,1,0,0,0,0,0,0,6.9043E+20,5.33641E+21,1.15605E+16,4.81524E+16
185051,9,1,62,0,2018,8,11,4,3,1,5,0,1,0,0,0,0,1,0,6.90285E+20,5.33341E+21,1.15572E+16,4.81255E+16
185052,9,1,62,0,2018,8,18,4,3,1,5,0,1,1,0,0,0,0,0,6.91284E+20,5.33633E+21,1.15719E+16,4.81514E+16
185053,9,1,62,0,2018,8,0,2,3,5,7,2,0,1,0,0,0,0,0,6.90353E+20,5.33424E+21,1.15585E+16,4.81329E+16
185054,9,1,62,0,2018,8,19,4,3,5,3,0,1,1,0,0,0,0,0,6.89063E+20,5.33495E+21,1.15415E+16,4.81396E+16
185055,9,1,62,0,2018,8,21,2,3,3,6,2,1,1,0,0,0,0,0,6.91024E+20,5.33697E+21,1.15687E+16,4.81573E+16
185056,9,1,84,146,2018,8,18,2,3,1,5,0,1,1,0,0,0,0,0,6.9565E+20,5.32873E+21,1.16271E+16,4.80818E+16
185057,9,1,62,0,2018,8,16,4,3,0,7,0,1,0,0,0,0,0,0,6.85222E+20,5.33534E+21,1.14901E+16,4.81443E+16
185058,9,1,62,0,2018,8,7,2,3,4,2,0,0,1,0,0,0,0,0,6.98566E+20,5.33529E+21,1.16692E+16,4.81398E+16
185059,9,1,62,0,2018,8,13,4,3,6,4,0,0,1,1,0,0,0,0,6.88991E+20,5.33593E+21,1.15409E+16,4.81486E+16
185060,9,1,62,0,2018,8,14,2,3,4,7,0,1,0,0,0,0,0,0,6.8443E+20,5.33364E+21,1.14787E+16,4.81292E+16
185061,9,1,84,132,2018,8,10,4,3,1,7,0,1,1,0,0,0,0,0,6.83234E+20,5.32894E+21,1.14606E+16,4.80874E+16
185062,9,1,62,0,2018,8,17,2,3,6,7,0,0,1,1,0,0,0,0,6.9155E+20,5.33476E+21,1.15748E+16,4.81372E+16
185063,9,1,62,0,2018,8,11,2,1,6,4,0,0,1,1,0,0,0,0,6.93252E+20,5.33148E+21,1.15961E+16,4.81073E+16
185064,9,1,62,0,2018,8,17,4,3,5,3,0,1,1,0,0,0,0,0,6.90134E+20,5.34019E+21,1.15582E+16,4.81864E+16
185065,9,1,62,0,2018,8,18,2,3,5,2,0,1,1,0,0,0,0,0,6.91727E+20,5.33806E+21,1.15786E+16,4.81668E+16
185066,9,1,62,0,2018,8,7,4,3,6,4,0,1,0,1,0,0,0,0,6.87954E+20,5.33404E+21,1.15262E+16,4.81318E+16
185067,9,1,62,0,2018,8,11,2,3,5,3,0,1,1,0,0,0,0,0,6.91675E+20,5.33431E+21,1.15763E+16,4.81332E+16
185068,9,1,62,0,2018,8,21,4,3,5,3,2,1,0,0,0,0,0,0,6.92007E+20,5.33135E+21,1.15794E+16,4.81065E+16
185069,9,1,62,0,2018,8,15,2,3,1,6,0,0,0,0,1,1,0,0,6.90432E+20,5.34269E+21,1.15633E+16,4.82088E+16
185070,9,1,62,0,2018,8,15,4,3,0,7,0,1,1,0,0,0,0,1,6.94008E+20,5.33374E+21,1.16073E+16,4.81273E+16
185071,9,1,62,0,2018,8,13,2,3,1,5,0,1,1,0,0,0,0,0,6.93295E+20,5.33385E+21,1.15978E+16,4.81285E+16
185072,9,1,62,0,2018,8,17,4,3,3,2,0,0,1,0,1,0,0,0,6.93313E+20,5.33292E+21,1.15976E+16,4.81202E+16
185073,9,1,62,0,2018,8,9,4,3,6,4,0,0,1,1,0,0,0,0,6.88517E+20,5.33421E+21,1.15338E+16,4.81332E+16
185074,9,7,74,171,2018,8,16,2,3,5,3,0,0,1,0,0,0,0,0,6.00938E+20,5.3711E+21,1.0366E+16,4.8485E+16
185075,9,1,62,0,2018,8,12,4,3,2,5,0,0,1,0,1,0,0,0,6.90636E+20,5.33723E+21,1.15636E+16,4.81597E+16
185076,9,7,76,116,2018,8,18,2,2,2,6,0,1,0,0,0,0,0,0,5.52483E+20,5.26798E+21,9.6977E+15,4.75631E+16
185077,9,7,79,228,2018,8,6,2,3,5,3,0,0,1,0,1,0,0,0,6.25755E+20,5.4144E+21,1.07149E+16,4.88698E+16
185078,9,7,75,152,2018,8,17,4,3,5,3,0,0,1,0,0,0,0,0,5.7916E+20,5.35225E+21,1.00678E+16,4.83184E+16
185079,9,7,72,125,2018,8,8,2,2,5,3,0,0,1,0,0,0,0,0,6.28741E+20,5.34634E+21,1.07345E+16,4.82572E+16
185080,9,7,75,135,2018,8,11,4,3,0,7,0,1,0,0,0,0,0,0,5.7432E+20,5.36037E+21,1.00039E+16,4.83921E+16
185081,9,7,61,0,2018,8,10,2,3,5,3,0,0,1,0,0,1,0,0,6.41782E+20,5.36152E+21,1.09152E+16,4.83909E+16
185082,9,7,78,173,2018,8,9,4,3,5,3,0,1,1,0,0,0,0,0,6.11261E+20,5.3225E+21,1.04929E+16,4.80461E+16
185083,9,7,78,205,2018,8,11,4,3,5,3,0,0,1,0,0,0,1,0,5.94244E+20,5.31821E+21,1.02637E+16,4.80102E+16
185084,9,7,61,0,2018,8,12,2,3,0,6,0,0,1,0,1,0,0,0,6.41771E+20,5.36223E+21,1.09153E+16,4.83972E+16
185085,9,7,63,0,2018,8,16,4,3,0,7,0,1,0,0,0,0,0,0,5.99991E+20,5.28527E+21,1.03331E+16,4.77131E+16
185086,9,7,61,0,2018,8,17,2,3,2,6,0,0,1,0,0,0,0,0,6.40813E+20,5.35978E+21,1.09016E+16,4.83755E+16
185087,9,7,80,139,2018,8,15,4,3,5,3,0,0,1,0,1,0,0,0,5.96494E+20,5.26367E+21,1.02817E+16,4.75193E+16
185088,9,6,62,0,2018,8,9,2,3,1,7,0,0,1,0,0,0,1,0,5.87847E+20,5.54464E+21,1.0227E+16,5.00475E+16
185089,9,7,62,0,2018,8,14,4,2,0,7,0,1,0,0,0,0,0,0,6.20873E+20,5.3057E+21,1.06171E+16,4.78933E+16
185090,9,6,62,0,2018,8,14,2,3,0,1,0,1,0,0,0,0,0,0,5.87847E+20,5.54463E+21,1.0227E+16,5.00475E+16
185091,9,6,62,0,2018,8,6,2,3,0,7,0,0,0,0,1,0,0,1,5.87854E+20,5.54408E+21,1.0227E+16,5.00425E+16
185092,9,7,73,122,2018,8,7,4,3,4,2,0,1,1,0,0,0,0,0,6.26814E+20,5.38439E+21,1.07201E+16,4.85998E+16
185093,9,6,76,145,2018,8,16,2,3,7,7,0,1,0,0,0,0,0,0,5.10469E+20,5.52014E+21,9.14558E+15,4.98336E+16
185094,9,7,72,159,2018,8,8,4,2,0,7,0,1,0,0,0,0,0,0,6.24948E+20,5.36147E+21,1.06879E+16,4.8394E+16
185095,9,6,61,0,2018,8,12,2,3,5,3,0,0,1,0,0,0,0,0,5.10139E+20,5.53666E+21,9.14142E+15,4.99822E+16
185096,9,7,61,0,2018,8,18,4,3,0,7,0,1,0,0,0,0,0,0,6.38881E+20,5.36031E+21,1.08757E+16,4.83807E+16
185097,9,7,61,0,2018,8,18,4,3,5,3,0,1,1,0,0,0,0,0,6.43085E+20,5.36178E+21,1.09329E+16,4.8393E+16
185098,9,5,62,0,2018,8,19,2,3,5,3,0,0,1,0,0,0,0,0,6.45481E+20,5.49572E+21,1.10132E+16,4.95966E+16
185099,9,7,61,0,2018,8,12,4,3,1,3,0,1,1,0,0,0,0,0,6.40657E+20,5.36017E+21,1.08996E+16,4.8379E+16
185100,9,5,62,0,2018,8,7,2,3,4,2,0,1,1,0,0,0,0,0,6.45806E+20,5.49482E+21,1.10174E+16,4.95883E+16
185101,9,5,62,0,2018,8,17,2,3,0,7,0,1,0,0,0,0,0,0,6.45055E+20,5.49425E+21,1.10068E+16,4.95834E+16
185102,9,6,79,142,2018,8,19,4,2,5,3,0,0,1,0,0,0,0,0,5.64161E+20,5.52486E+21,9.89291E+15,4.98727E+16
185103,9,5,62,0,2018,8,15,2,3,1,5,0,1,1,0,0,0,0,0,6.42727E+20,5.49554E+21,1.09751E+16,4.95956E+16
185104,9,6,63,0,2018,8,9,4,3,1,7,0,0,1,0,0,1,0,0,5.69431E+20,5.50894E+21,9.9634E+15,4.9729E+16
185105,9,5,76,122,2018,8,10,2,3,5,3,0,0,1,0,1,0,0,0,6.66824E+20,5.43605E+21,1.12834E+16,4.90547E+16
185106,9,6,77,131,2018,8,18,4,3,1,6,0,1,0,0,0,0,0,0,5.49401E+20,5.54547E+21,9.69017E+15,5.00595E+16
185107,9,5,63,0,2018,8,7,2,3,0,3,0,1,1,0,0,0,0,0,6.45477E+20,5.4836E+21,1.10087E+16,4.94875E+16
185108,9,6,77,131,2018,8,14,4,3,5,3,0,0,1,0,0,0,0,0,5.47809E+20,5.54557E+21,9.66794E+15,5.00605E+16
185109,9,6,76,139,2018,8,7,4,3,5,3,0,1,1,0,0,0,0,0,5.16138E+20,5.50385E+21,9.22373E+15,4.96869E+16
185110,9,5,63,0,2018,8,11,2,2,6,4,0,0,1,1,0,0,0,0,6.44284E+20,5.48101E+21,1.09913E+16,4.94645E+16
185111,9,6,71,122,2018,8,20,4,3,1,7,1,1,1,0,0,0,0,0,5.02743E+20,5.53071E+21,9.03821E+15,4.99288E+16
185112,9,5,63,0,2018,8,16,2,2,0,7,0,1,0,0,0,0,0,0,6.44234E+20,5.48213E+21,1.0991E+16,4.94747E+16
185113,9,4,76,145,2018,8,18,4,3,8,6,0,0,1,0,1,0,0,0,6.67996E+20,5.56673E+21,1.13554E+16,5.02289E+16
185114,9,2,62,0,2018,8,14,2,2,0,7,0,1,0,0,0,0,0,0,8.23494E+20,5.38873E+21,1.33855E+16,4.85681E+16
185115,9,2,75,150,2018,8,17,2,3,0,7,0,1,0,0,0,0,0,0,8.351E+20,5.39832E+21,1.35501E+16,4.8648E+16
185116,9,4,62,0,2018,8,7,4,2,2,2,0,0,0,0,1,0,1,0,6.83426E+20,5.53369E+21,1.15557E+16,4.99274E+16
185117,9,4,61,0,2018,8,10,4,3,5,3,0,0,1,0,0,0,0,0,6.34702E+20,5.5306E+21,1.08762E+16,4.99126E+16
185118,9,2,75,116,2018,8,16,2,3,3,2,0,1,1,0,0,0,0,0,8.1935E+20,5.3644E+21,1.3311E+16,4.83519E+16
185119,9,3,75,113,2018,8,17,4,3,5,3,0,1,1,0,0,0,0,0,7.35021E+20,5.42349E+21,1.22083E+16,4.89197E+16
185120,9,2,61,0,2018,8,13,2,3,2,6,0,1,1,0,0,0,1,0,7.331E+20,5.38091E+21,1.2158E+16,4.85379E+16
185121,9,3,62,0,2018,8,19,4,3,2,6,0,0,1,0,1,0,0,0,7.25823E+20,5.43217E+21,1.20877E+16,4.90011E+16
185122,9,2,73,137,2018,8,18,2,3,4,3,0,1,1,0,0,0,0,0,7.1118E+20,5.42268E+21,1.18828E+16,4.8921E+16
185123,9,2,73,111,2018,8,15,2,3,2,7,0,1,0,0,0,0,0,0,7.0823E+20,5.41122E+21,1.18368E+16,4.8819E+16
185124,9,3,62,0,2018,8,7,4,3,5,2,0,1,0,0,0,0,1,0,7.27455E+20,5.43314E+21,1.21105E+16,4.90092E+16
185125,9,3,73,147,2018,8,14,4,3,0,1,0,0,0,0,1,0,1,1,6.79087E+20,5.45985E+21,1.14617E+16,4.92652E+16
185126,9,3,72,138,2018,8,14,4,2,0,7,0,0,0,0,1,0,0,0,7.95321E+20,5.45687E+21,1.30538E+16,4.91934E+16
185127,9,3,61,0,2018,8,22,4,3,0,1,2,1,0,0,0,0,0,0,7.06962E+20,5.48367E+21,1.18567E+16,4.94703E+16
185128,9,2,75,116,2018,8,17,4,3,0,1,0,1,0,0,0,0,0,0,8.19725E+20,5.36387E+21,1.33156E+16,4.83469E+16
185129,9,1,89,139,2018,8,12,2,3,0,1,0,1,0,0,0,0,0,0,7.66065E+20,5.28436E+21,1.25436E+16,4.76578E+16
185130,9,2,74,172,2018,8,12,4,3,5,3,0,1,1,0,0,0,0,0,7.19981E+20,5.39401E+21,1.19875E+16,4.86603E+16
185131,9,1,90,159,2018,8,4,4,2,7,7,2,0,0,0,1,0,0,0,6.64193E+20,5.30188E+21,1.11948E+16,4.78492E+16
185132,9,1,71,113,2018,8,16,2,3,5,3,0,0,1,0,0,0,0,0,7.76606E+20,5.34223E+21,1.27208E+16,4.81731E+16
185133,9,1,90,139,2018,8,7,4,3,0,2,0,1,1,0,0,0,0,0,6.54176E+20,5.29519E+21,1.10586E+16,4.77916E+16
185134,9,1,63,0,2018,8,15,2,3,5,2,0,0,1,0,0,0,0,0,7.32316E+20,5.30522E+21,1.2106E+16,4.78583E+16
185135,9,1,73,135,2018,8,12,4,3,5,3,0,0,1,0,1,0,0,0,6.93404E+20,5.28403E+21,1.15769E+16,4.76807E+16
185136,9,1,87,114,2018,8,10,2,3,0,7,0,1,0,0,0,0,0,0,7.48611E+20,5.29753E+21,1.23191E+16,4.77831E+16
185137,9,1,87,122,2018,8,17,2,3,4,2,0,1,1,0,0,0,0,0,7.19708E+20,5.30646E+21,1.19383E+16,4.78738E+16
185138,9,1,73,112,2018,8,12,4,3,0,1,0,1,0,0,0,0,0,0,6.93781E+20,5.29561E+21,1.15871E+16,4.77847E+16
185139,9,1,89,133,2018,8,10,4,3,4,6,0,0,1,0,0,0,0,0,7.53994E+20,5.32653E+21,1.24079E+16,4.80414E+16
185140,9,1,89,114,2018,8,11,4,3,0,2,0,1,1,0,0,0,0,0,7.64734E+20,5.31067E+21,1.2542E+16,4.78947E+16
185141,9,1,89,159,2018,8,15,4,2,9,1,0,1,0,0,0,0,0,0,7.57585E+20,5.30119E+21,1.24408E+16,4.78124E+16
185142,9,1,71,113,2018,8,15,4,2,0,1,0,1,0,0,0,0,0,0,7.77335E+20,5.34067E+21,1.27296E+16,4.81587E+16
185143,9,1,63,0,2018,8,23,4,2,6,4,2,0,1,1,0,0,0,1,7.33171E+20,5.30454E+21,1.2117E+16,4.78519E+16
185144,9,1,63,0,2018,8,12,4,3,5,2,0,1,0,0,0,0,1,0,7.32722E+20,5.30524E+21,1.21114E+16,4.78583E+16
185145,9,1,82,136,2018,8,12,4,3,0,1,0,1,0,0,0,0,0,0,7.06896E+20,5.296E+21,1.17622E+16,4.77841E+16
185146,9,1,61,0,2018,8,22,4,3,7,7,2,1,0,0,0,0,1,1,6.77909E+20,5.40446E+21,1.14212E+16,4.87677E+16
185147,9,1,76,147,2018,8,14,4,3,6,7,0,0,1,1,0,0,0,0,6.91876E+20,5.4143E+21,1.16157E+16,4.8852E+16
185148,9,1,86,137,2018,8,18,2,3,5,3,0,1,1,0,0,0,0,0,6.79769E+20,5.39835E+21,1.14438E+16,4.87122E+16
185149,9,1,88,113,2018,8,16,4,2,0,7,0,1,0,0,0,0,0,0,6.76058E+20,5.31726E+21,1.13595E+16,4.79844E+16
185150,9,1,85,153,2018,8,13,2,3,5,3,0,0,1,0,0,0,0,0,6.477E+20,5.40121E+21,1.10092E+16,4.87464E+16
185151,9,1,81,130,2018,8,13,4,2,0,7,0,1,0,0,0,0,0,0,6.4271E+20,5.32143E+21,1.09143E+16,4.80302E+16
185152,9,1,88,121,2018,8,16,2,3,3,2,0,1,1,0,0,0,0,0,6.70817E+20,5.33017E+21,1.12945E+16,4.81019E+16
185153,9,1,88,120,2018,8,14,2,3,6,7,0,0,0,1,0,1,0,0,6.73423E+20,5.32633E+21,1.13279E+16,4.80667E+16
185154,9,1,77,115,2018,8,19,4,3,0,1,0,0,0,0,0,0,1,0,7.31873E+20,5.35097E+21,1.21249E+16,4.82694E+16
185155,9,1,62,0,2018,8,12,3,3,5,3,0,0,1,0,1,0,0,0,6.91829E+20,5.33567E+21,1.15789E+16,4.81453E+16
185156,9,1,78,124,2018,8,22,2,3,4,3,2,0,1,0,0,0,0,0,7.03663E+20,5.35924E+21,1.17492E+16,4.83534E+16
185157,9,1,62,0,2018,8,18,3,3,5,3,0,0,1,0,1,0,0,0,6.91649E+20,5.33771E+21,1.15774E+16,4.81637E+16
185158,9,1,62,0,2018,8,16,1,3,5,3,0,0,1,0,0,0,1,0,6.90053E+20,5.34247E+21,1.15581E+16,4.8207E+16
185159,9,1,62,0,2018,8,8,3,3,5,3,0,1,1,0,0,0,0,0,6.88068E+20,5.33465E+21,1.1528E+16,4.81373E+16
185160,9,1,62,0,2018,8,9,1,3,4,2,0,0,1,0,0,0,0,0,6.88545E+20,5.33902E+21,1.15363E+16,4.81764E+16
185161,9,1,62,0,2018,8,16,1,3,1,6,0,0,1,0,0,0,0,0,6.84505E+20,5.33324E+21,1.14795E+16,4.81256E+16
185162,9,1,62,0,2018,8,18,3,3,5,3,0,1,1,0,0,0,0,0,6.99103E+20,5.33223E+21,1.1675E+16,4.81122E+16
185163,9,1,84,131,2018,8,10,3,3,5,2,0,0,1,0,0,0,0,0,7.05075E+20,5.33818E+21,1.1758E+16,4.81638E+16
185164,9,1,62,0,2018,8,20,3,3,2,6,2,0,1,0,0,0,0,0,6.8524E+20,5.34091E+21,1.14927E+16,4.81944E+16
185165,9,1,62,0,2018,8,9,3,3,2,6,0,1,0,0,0,0,0,0,6.89421E+20,5.33716E+21,1.15473E+16,4.81595E+16
185166,9,1,62,0,2018,8,17,3,3,5,3,0,0,1,0,1,0,0,0,6.93303E+20,5.33525E+21,1.15985E+16,4.81411E+16
185167,9,1,84,138,2018,8,12,3,2,2,6,0,1,1,0,0,0,0,0,6.81984E+20,5.33027E+21,1.14444E+16,4.80996E+16
185168,9,7,75,139,2018,8,11,1,3,5,2,0,0,1,0,0,0,0,0,5.81571E+20,5.36713E+21,1.01032E+16,4.8452E+16
185169,9,1,62,0,2018,8,11,3,3,1,5,0,1,1,0,0,0,0,0,6.84413E+20,5.33161E+21,1.14776E+16,4.8111E+16
185170,9,7,64,0,2018,8,10,1,3,5,3,0,0,1,0,0,0,0,0,5.87044E+20,5.31727E+21,1.01669E+16,4.80028E+16
185171,9,7,75,111,2018,8,13,1,2,0,1,0,1,0,0,0,0,0,0,5.82453E+20,5.33537E+21,1.01089E+16,4.81662E+16
185172,9,1,62,0,2018,8,14,3,3,4,6,0,1,0,0,0,0,0,0,6.99468E+20,5.33269E+21,1.16801E+16,4.81162E+16
185173,9,7,78,209,2018,8,12,1,3,7,7,0,1,0,0,0,0,0,0,6.18288E+20,5.32351E+21,1.05874E+16,4.80539E+16
185174,9,1,62,0,2018,8,13,3,3,0,7,0,0,0,1,0,0,1,0,6.92012E+20,5.33236E+21,1.15799E+16,4.81155E+16
185175,9,1,62,0,2018,8,17,3,3,0,1,0,1,0,0,0,0,0,0,6.91632E+20,5.33128E+21,1.15743E+16,4.81059E+16
185176,9,7,80,112,2018,8,11,1,3,8,1,0,0,0,0,1,0,0,0,5.94259E+20,5.29336E+21,1.02584E+16,4.77867E+16
185177,9,1,62,0,2018,8,12,3,3,5,3,0,1,1,0,0,0,0,0,6.90534E+20,5.3351E+21,1.15613E+16,4.81406E+16
185178,9,1,62,0,2018,8,19,3,3,1,5,0,1,1,0,0,0,0,0,6.91497E+20,5.33392E+21,1.15737E+16,4.81297E+16
185179,9,1,62,0,2018,8,13,3,3,6,4,0,0,1,1,0,0,0,0,6.92227E+20,5.33712E+21,1.15849E+16,4.81583E+16
185180,9,7,73,122,2018,8,2,1,3,9,1,2,1,0,0,0,0,0,0,6.29297E+20,5.38264E+21,1.07532E+16,4.85835E+16
185181,9,7,75,139,2018,8,14,3,3,8,7,0,0,1,0,0,0,0,0,5.80307E+20,5.36704E+21,1.00861E+16,4.84513E+16
185182,9,7,61,0,2018,8,16,1,3,0,1,0,1,0,0,0,0,1,0,6.4254E+20,5.35838E+21,1.09244E+16,4.83625E+16
185183,9,7,74,121,2018,8,17,3,3,2,6,0,0,1,0,0,0,0,0,6.05201E+20,5.36451E+21,1.0422E+16,4.84249E+16
185184,9,6,63,0,2018,8,5,1,3,0,1,2,0,0,0,1,0,0,0,5.67257E+20,5.51657E+21,9.93456E+15,4.97978E+16
185185,9,6,76,116,2018,8,14,1,3,0,7,0,1,0,0,0,0,0,0,5.19199E+20,5.50704E+21,9.26633E+15,4.97155E+16
185186,9,7,77,152,2018,8,7,3,3,2,6,0,0,1,0,0,0,0,0,6.24624E+20,5.30626E+21,1.06674E+16,4.78976E+16
185187,9,6,71,111,2018,8,12,1,3,8,1,0,0,0,0,1,0,0,0,5.03604E+20,5.54834E+21,9.05038E+15,5.00873E+16
185188,9,7,79,131,2018,8,17,3,2,5,3,0,0,1,0,1,0,0,0,6.28828E+20,5.39612E+21,1.0751E+16,4.87048E+16
185189,9,7,72,125,2018,8,10,3,2,0,7,0,1,0,0,0,0,0,0,6.3604E+20,5.34787E+21,1.08333E+16,4.82694E+16
185190,9,6,71,111,2018,8,12,1,2,0,1,0,1,0,0,0,0,0,0,5.06008E+20,5.54823E+21,9.08399E+15,5.00863E+16
185191,9,7,72,125,2018,8,13,3,3,0,1,0,1,0,0,0,0,0,0,6.36767E+20,5.34742E+21,1.0843E+16,4.82653E+16
185192,9,6,71,152,2018,8,10,1,2,5,3,0,1,1,0,0,0,0,0,5.17168E+20,5.54886E+21,9.24001E+15,5.00917E+16
185193,9,7,61,0,2018,8,17,3,3,5,3,0,0,1,0,1,0,0,0,6.38483E+20,5.35933E+21,1.087E+16,4.8372E+16
185194,9,5,76,117,2018,8,12,1,3,0,7,0,1,0,0,0,0,0,0,6.51075E+20,5.45746E+21,1.1076E+16,4.92513E+16
185195,9,5,76,113,2018,8,18,1,3,8,1,0,0,1,0,0,0,0,0,6.62345E+20,5.45509E+21,1.12298E+16,4.92271E+16
185196,9,5,64,0,2018,8,5,1,3,2,6,1,0,1,0,0,0,0,0,6.5162E+20,5.48084E+21,1.10924E+16,4.94613E+16
185197,9,5,64,0,2018,8,9,1,3,0,1,0,1,0,0,0,0,0,0,6.50194E+20,5.48075E+21,1.10727E+16,4.94609E+16
185198,9,5,71,174,2018,8,10,1,2,0,1,0,0,0,0,1,0,0,0,6.06345E+20,5.46506E+21,1.04636E+16,4.9329E+16
185199,9,7,61,0,2018,8,9,3,3,3,2,0,0,0,0,1,0,1,0,6.43073E+20,5.36007E+21,1.09322E+16,4.83775E+16
185200,9,5,61,0,2018,8,13,1,2,5,3,0,1,0,0,0,0,0,0,6.14647E+20,5.4622E+21,1.0577E+16,4.93018E+16
185201,9,7,61,0,2018,8,17,3,3,4,3,0,1,1,0,0,0,0,0,6.40172E+20,5.3595E+21,1.08928E+16,4.83731E+16
185202,9,6,75,141,2018,8,11,3,3,0,5,0,1,1,0,0,0,0,0,5.84537E+20,5.51094E+21,1.01734E+16,4.9745E+16
185203,9,4,76,145,2018,8,17,1,3,0,7,0,1,0,0,0,0,0,0,6.68668E+20,5.57131E+21,1.13669E+16,5.02698E+16
185204,9,5,74,117,2018,8,17,3,3,7,5,0,1,1,0,0,0,0,0,6.67957E+20,5.46811E+21,1.13123E+16,4.93425E+16
185205,9,4,61,0,2018,8,14,1,2,5,3,0,1,0,0,0,0,0,0,6.33392E+20,5.52992E+21,1.08577E+16,4.99068E+16
185206,9,5,63,0,2018,8,19,3,2,2,6,0,0,1,0,1,0,0,0,6.4212E+20,5.48091E+21,1.09614E+16,4.94642E+16
185207,9,3,62,0,2018,8,21,1,2,5,2,2,0,1,0,0,0,0,0,7.28693E+20,5.43232E+21,1.2127E+16,4.90014E+16
185208,9,5,64,0,2018,8,19,3,2,3,2,0,0,1,0,1,0,0,0,6.4906E+20,5.47907E+21,1.10564E+16,4.9446E+16
185209,9,5,64,0,2018,8,16,3,3,0,7,0,0,0,0,0,0,1,0,6.47157E+20,5.48157E+21,1.10311E+16,4.94689E+16
185210,9,2,76,148,2018,8,22,1,3,9,1,2,0,1,0,0,0,0,0,8.0891E+20,5.43937E+21,1.32264E+16,4.90297E+16
185211,9,5,75,181,2018,8,13,3,2,0,1,0,1,0,0,0,0,0,0,6.26363E+20,5.49153E+21,1.07475E+16,4.95632E+16
185212,9,5,71,194,2018,8,3,3,1,9,1,2,0,1,0,0,0,0,1,6.12952E+20,5.47362E+21,1.0557E+16,4.94048E+16
185213,9,4,75,156,2018,8,19,3,3,5,3,0,1,1,0,0,0,0,0,6.91743E+20,5.57807E+21,1.16938E+16,5.03235E+16
185214,9,2,75,138,2018,8,16,1,3,0,7,0,0,1,0,0,0,0,0,8.12522E+20,5.38533E+21,1.32347E+16,4.85431E+16
185215,9,4,75,136,2018,8,13,3,3,5,3,0,0,1,0,0,0,0,0,6.93619E+20,5.5687E+21,1.17153E+16,5.02387E+16
185216,9,2,62,0,2018,8,3,1,3,2,6,2,0,1,0,0,0,0,1,8.25594E+20,5.38873E+21,1.34139E+16,4.85669E+16
185217,9,4,76,189,2018,8,5,3,3,0,7,2,0,0,0,1,0,0,0,6.69957E+20,5.57272E+21,1.13856E+16,5.02821E+16
185218,9,1,71,132,2018,8,18,1,3,0,7,0,1,0,0,0,0,1,0,7.66078E+20,5.35227E+21,1.25858E+16,4.82677E+16
185219,9,1,71,113,2018,8,6,1,3,7,7,0,0,0,0,1,0,1,1,7.76052E+20,5.34209E+21,1.27133E+16,4.8172E+16
185220,9,4,61,0,2018,8,11,3,3,0,7,0,0,1,0,1,0,0,0,6.36989E+20,5.52825E+21,1.09072E+16,4.98909E+16
185221,9,1,71,137,2018,8,17,1,3,7,1,0,1,0,0,0,0,0,0,7.74715E+20,5.35211E+21,1.27018E+16,4.82626E+16
185222,9,3,63,0,2018,8,16,3,2,5,3,0,0,1,0,1,0,0,0,7.27417E+20,5.50695E+21,1.21521E+16,4.96721E+16
185223,9,3,75,190,2018,8,18,3,3,8,1,0,1,0,0,0,0,0,0,7.30014E+20,5.45116E+21,1.21557E+16,4.91701E+16
185224,9,1,76,132,2018,8,14,1,2,4,3,0,1,0,0,0,0,0,0,6.70715E+20,5.41292E+21,1.13269E+16,4.88458E+16
185225,9,3,75,165,2018,8,12,3,2,6,4,0,1,0,1,0,0,0,0,7.23432E+20,5.44005E+21,1.20594E+16,4.90727E+16
185226,9,1,62,0,2018,8,21,7,3,0,1,2,0,1,0,1,0,0,1,6.87897E+20,5.3324E+21,1.15247E+16,4.81172E+16
185227,9,3,62,0,2018,8,16,3,3,5,3,0,1,1,0,0,0,0,0,7.31937E+20,5.43026E+21,1.21701E+16,4.89816E+16
185228,9,1,62,0,2018,8,0,7,3,2,6,2,0,1,0,0,0,0,0,6.95057E+20,5.34367E+21,1.1626E+16,4.82163E+16
185229,9,1,62,0,2018,8,15,7,3,5,3,0,1,1,0,0,0,0,1,6.82929E+20,5.33607E+21,1.14596E+16,4.81516E+16
185230,9,1,62,0,2018,8,18,7,3,3,2,0,0,1,0,0,0,1,1,6.88012E+20,5.33581E+21,1.15277E+16,4.81478E+16
185231,9,3,76,144,2018,8,9,3,3,6,7,0,0,0,1,0,0,1,0,7.30474E+20,5.48272E+21,1.21802E+16,4.94534E+16
185232,9,1,62,0,2018,8,15,7,3,4,2,0,1,1,0,0,0,0,1,6.89065E+20,5.33274E+21,1.15405E+16,4.81199E+16