OBJECTID_1,ULAND,UREGBEZ,UKREIS,UGEMEINDE,UJAHR,UMONAT,USTUNDE,UWOCHENTAG,UKATEGORIE,UART,UTYP1,ULICHTVERH,IstRad,IstPKW,IstFuss,IstKrad,IstGkfz,IstSonstig,STRZUSTAND,LINREFX,LINREFY,XGCSWGS84,YGCSWGS84
185233,9,7,62,0,2018,8,20,7,3,0,1,2,1,0,0,0,0,0,1,6.22295E+20,5.3056E+21,1.06361E+16,4.78921E+16
185234,9,3,61,0,2018,8,13,3,2,5,3,0,1,1,0,0,0,0,0,7.04192E+20,5.48248E+21,1.18179E+16,4.94606E+16
185235,9,7,80,124,2018,8,20,7,2,6,4,2,0,1,1,0,0,0,1,5.91408E+20,5.26802E+21,1.02151E+16,4.75592E+16
185236,9,2,73,152,2018,8,16,3,2,0,7,0,0,0,0,1,0,0,0,7.03286E+20,5.40827E+21,1.17681E+16,4.87942E+16
185237,9,1,90,157,2018,8,15,3,3,2,6,0,0,1,0,0,0,0,0,6.6069E+20,5.30169E+21,1.11479E+16,4.78485E+16
185238,9,7,72,163,2018,8,10,7,3,5,3,0,0,1,0,1,0,0,1,6.40497E+20,5.34954E+21,1.08939E+16,4.82834E+16
185239,9,1,90,140,2018,8,16,3,3,2,6,0,0,1,0,0,0,0,0,6.43754E+20,5.29676E+21,1.092E+16,4.78081E+16
185240,9,7,61,0,2018,8,15,7,3,4,2,0,0,1,0,0,0,0,1,6.43415E+20,5.36054E+21,1.09369E+16,4.83817E+16
185241,9,1,90,140,2018,8,14,3,3,0,4,0,0,0,1,1,0,0,0,6.44242E+20,5.29534E+21,1.09261E+16,4.77953E+16
185242,9,7,61,0,2018,8,8,7,3,0,7,0,1,0,0,0,0,0,1,6.41327E+20,5.36044E+21,1.09087E+16,4.83813E+16
185243,9,7,61,0,2018,8,23,7,3,6,4,2,0,0,1,0,0,1,0,6.39382E+20,5.3601E+21,1.08824E+16,4.83787E+16
185244,9,1,80,125,2018,8,17,3,3,5,3,0,1,0,0,0,0,0,0,6.54729E+20,5.27376E+21,1.10584E+16,4.75988E+16
185245,9,6,79,147,2018,8,20,7,3,6,4,2,0,1,1,0,0,0,0,5.63164E+20,5.51489E+21,9.87742E+15,4.97831E+16
185246,9,1,89,155,2018,8,12,3,3,5,3,0,1,1,0,0,0,0,0,7.73061E+20,5.30802E+21,1.26515E+16,4.78674E+16
185247,9,1,71,112,2018,8,5,3,3,5,3,1,0,1,0,1,0,0,0,7.84812E+20,5.3436E+21,1.28319E+16,4.81817E+16
185248,9,6,63,0,2018,8,23,7,3,5,3,2,1,0,0,1,0,0,0,5.67894E+20,5.51602E+21,9.94331E+15,4.97928E+16
185249,9,1,72,132,2018,8,18,3,3,9,6,0,1,1,0,0,0,0,0,7.99477E+20,5.27875E+21,1.29837E+16,4.75929E+16
185250,9,6,74,147,2018,8,19,7,2,0,7,0,1,0,0,0,0,0,0,6.08797E+20,5.54301E+21,1.0519E+16,5.00295E+16
185251,9,1,87,162,2018,8,16,3,3,0,1,0,1,0,0,0,0,0,0,7.51575E+20,5.30628E+21,1.23637E+16,4.78606E+16
185252,9,1,82,129,2018,8,10,3,3,6,7,0,0,1,1,0,0,0,0,7.11231E+20,5.28479E+21,1.18145E+16,4.7682E+16
185253,9,6,74,130,2018,8,11,7,3,9,6,0,0,1,0,0,0,0,1,6.2799E+20,5.55282E+21,1.07902E+16,5.01138E+16
185254,9,1,61,0,2018,8,9,3,3,0,1,0,1,0,0,0,0,0,0,6.78749E+20,5.40499E+21,1.14329E+16,4.87722E+16
185255,9,6,71,140,2018,8,16,7,3,5,3,0,0,1,0,0,0,0,0,5.0651E+20,5.53691E+21,9.09081E+15,4.99845E+16
185256,9,5,64,0,2018,8,11,7,3,0,2,0,1,1,0,0,0,0,0,6.5093E+20,5.4785E+21,1.1082E+16,4.94405E+16
185257,9,5,64,0,2018,8,0,7,3,5,3,2,1,0,0,0,0,0,0,6.5059E+20,5.47978E+21,1.10778E+16,4.9452E+16
185258,9,1,86,143,2018,8,19,3,3,4,1,0,1,1,0,0,0,0,0,6.8488E+20,5.37811E+21,1.15042E+16,4.85289E+16
185259,9,5,77,177,2018,8,14,7,3,0,7,0,1,1,0,0,0,0,1,6.44082E+20,5.43289E+21,1.09712E+16,4.9032E+16
185260,9,1,86,147,2018,8,14,3,3,5,3,0,0,1,0,0,0,1,0,6.82275E+20,5.39203E+21,1.14751E+16,4.86548E+16
185261,9,5,75,121,2018,8,17,7,3,5,3,0,0,1,0,0,0,0,0,6.23624E+20,5.49234E+21,1.07099E+16,4.9571E+16
185262,9,1,79,142,2018,8,14,3,3,5,7,0,1,1,0,0,0,0,0,6.73151E+20,5.34125E+21,1.13303E+16,4.82008E+16
185263,9,4,73,158,2018,8,18,7,2,6,7,0,0,1,1,0,0,0,0,6.29942E+20,5.57238E+21,1.08242E+16,5.02892E+16
185264,9,1,79,126,2018,8,19,3,3,5,3,0,1,1,0,0,0,0,0,6.75475E+20,5.34168E+21,1.13618E+16,4.82041E+16
185265,9,4,63,0,2018,8,16,7,3,0,1,0,0,0,0,1,0,0,0,6.40105E+20,5.56806E+21,1.09651E+16,5.02481E+16
185266,9,1,79,123,2018,8,11,3,3,3,6,0,1,1,0,0,0,0,0,6.75982E+20,5.33339E+21,1.13651E+16,4.81294E+16
185267,9,4,61,0,2018,8,15,7,3,6,4,0,1,0,1,0,0,0,0,6.35861E+20,5.5289E+21,1.08917E+16,4.98971E+16
185268,9,3,62,0,2018,8,12,7,3,4,2,0,0,1,0,0,0,0,0,7.28664E+20,5.43366E+21,1.21273E+16,4.90134E+16
185269,9,1,79,123,2018,8,11,3,2,5,3,0,1,1,0,0,0,0,0,6.75397E+20,5.33375E+21,1.13574E+16,4.81328E+16
185270,9,1,88,127,2018,8,17,3,3,2,6,0,0,1,0,0,0,0,0,6.76742E+20,5.33069E+21,1.13742E+16,4.81049E+16
185271,9,3,62,0,2018,8,9,7,3,6,6,0,0,1,1,0,0,0,0,7.26533E+20,5.43415E+21,1.20985E+16,4.90186E+16
185272,9,1,77,133,2018,8,13,3,3,2,6,0,0,1,0,0,0,0,0,7.07399E+20,5.36014E+21,1.18E+16,4.83603E+16
185273,9,3,62,0,2018,8,1,7,3,0,1,2,1,0,0,0,0,0,1,7.29597E+20,5.43122E+21,1.21387E+16,4.89912E+16
185274,9,1,75,135,2018,8,9,3,3,5,3,0,1,1,0,0,0,0,0,7.08173E+20,5.33997E+21,1.18005E+16,4.81788E+16
185275,9,3,72,137,2018,8,14,7,3,1,6,0,0,1,0,0,0,0,1,7.8136E+20,5.45418E+21,1.28608E+16,4.91759E+16
185276,9,2,76,138,2018,8,17,7,3,0,7,0,0,0,0,1,0,0,0,8.02226E+20,5.43354E+21,1.31309E+16,4.89808E+16
185277,9,1,78,124,2018,8,17,3,2,0,6,0,0,0,0,1,0,0,0,7.03797E+20,5.36242E+21,1.17525E+16,4.8382E+16
185278,9,2,62,0,2018,8,18,7,3,4,7,0,1,1,0,0,0,0,1,8.28576E+20,5.38942E+21,1.34547E+16,4.85716E+16
185279,9,1,77,117,2018,8,21,3,3,4,6,2,0,1,0,0,0,0,0,7.1372E+20,5.35287E+21,1.18815E+16,4.82929E+16
185280,9,1,62,0,2018,8,12,2,3,0,5,0,1,0,0,0,0,1,0,6.92906E+20,5.33233E+21,1.15919E+16,4.8115E+16
185281,9,2,61,0,2018,8,12,7,3,2,6,0,1,0,0,0,0,0,0,7.32605E+20,5.38063E+21,1.21512E+16,4.85356E+16
185282,9,1,62,0,2018,8,11,2,3,1,5,0,1,1,0,0,0,0,0,6.90101E+20,5.33336E+21,1.15547E+16,4.81251E+16
185283,9,2,74,126,2018,8,11,7,3,0,1,0,1,0,0,0,0,0,0,7.33404E+20,5.38271E+21,1.21631E+16,4.8554E+16
185284,9,1,62,0,2018,8,18,2,3,5,3,0,1,1,0,0,0,0,0,6.97396E+20,5.33134E+21,1.16517E+16,4.81047E+16
185285,9,1,62,0,2018,8,7,2,3,5,2,0,0,1,0,0,0,0,0,6.83373E+20,5.33548E+21,1.14653E+16,4.81461E+16
185286,9,2,74,124,2018,8,7,7,3,0,3,0,0,1,0,1,0,0,0,7.24297E+20,5.37442E+21,1.20355E+16,4.84828E+16
185287,9,1,84,112,2018,8,16,2,3,5,2,0,0,1,0,0,0,1,0,7.01967E+20,5.33916E+21,1.17167E+16,4.81736E+16
185288,9,1,80,124,2018,8,21,7,2,8,1,2,0,1,0,0,0,0,1,6.59466E+20,5.28069E+21,1.11239E+16,4.76599E+16
185289,9,1,62,0,2018,8,11,2,3,4,2,0,0,1,0,0,0,0,0,6.93415E+20,5.33521E+21,1.16E+16,4.81407E+16
185290,9,1,71,112,2018,8,21,7,3,5,3,2,0,1,0,0,0,0,1,7.8523E+20,5.34242E+21,1.28367E+16,4.81709E+16
185291,9,1,72,128,2018,8,10,7,3,9,7,0,0,0,0,0,0,1,0,7.92687E+20,5.29887E+21,1.29071E+16,4.77766E+16
185292,9,1,62,0,2018,8,6,2,3,1,5,0,1,1,0,0,0,0,0,6.93051E+20,5.33381E+21,1.15945E+16,4.81282E+16
185293,9,1,71,125,2018,8,20,7,2,1,5,2,1,1,0,0,0,0,1,7.73374E+20,5.34979E+21,1.26823E+16,4.82423E+16
185294,9,1,62,0,2018,8,14,2,3,9,1,0,0,0,0,1,0,0,0,6.91411E+20,5.33576E+21,1.15734E+16,4.81463E+16
185295,9,1,62,0,2018,8,16,2,2,6,4,0,1,0,1,0,0,0,0,6.90264E+20,5.33618E+21,1.15581E+16,4.81503E+16
185296,9,1,87,122,2018,8,21,7,3,0,1,2,1,0,0,0,0,0,1,7.20608E+20,5.30622E+21,1.19502E+16,4.78713E+16
185297,9,1,62,0,2018,8,14,2,3,5,3,0,1,0,0,0,0,0,0,6.88635E+20,5.33279E+21,1.15348E+16,4.81204E+16
185298,9,1,79,142,2018,8,17,7,2,0,1,0,1,0,0,0,0,0,1,6.73298E+20,5.34158E+21,1.13324E+16,4.82038E+16
185299,9,1,84,147,2018,8,6,2,3,6,4,0,0,1,1,0,0,0,0,6.95822E+20,5.34014E+21,1.16346E+16,4.81843E+16
185300,9,1,81,132,2018,8,10,7,3,6,4,0,0,1,1,0,0,0,0,6.4674E+20,5.32787E+21,1.09705E+16,4.80872E+16
185301,9,1,62,0,2018,8,16,2,3,6,4,0,0,0,1,0,0,1,0,6.91546E+20,5.33285E+21,1.15739E+16,4.81201E+16
185302,9,1,79,123,2018,8,17,7,3,5,3,0,1,1,0,0,0,0,1,6.7553E+20,5.33345E+21,1.13591E+16,4.81301E+16
185303,9,1,62,0,2018,8,9,2,3,5,3,0,0,1,0,1,0,0,0,6.82957E+20,5.33754E+21,1.14606E+16,4.81648E+16
185304,9,1,78,120,2018,8,15,7,3,2,1,0,0,1,0,0,0,0,1,6.95414E+20,5.3537E+21,1.16354E+16,4.83063E+16
185305,9,1,62,0,2018,8,8,6,3,0,7,0,1,0,0,0,0,0,0,6.8036E+20,5.33487E+21,1.14246E+16,4.81415E+16
185306,9,1,62,0,2018,8,15,2,2,6,4,0,0,1,1,0,0,0,0,6.96509E+20,5.33161E+21,1.16399E+16,4.81074E+16
185307,9,1,62,0,2018,8,14,6,3,0,2,0,0,1,0,1,0,0,1,6.89731E+20,5.33335E+21,1.15497E+16,4.81251E+16
185308,9,1,62,0,2018,8,15,2,2,5,3,0,1,1,0,0,0,0,0,6.9252E+20,5.33324E+21,1.15871E+16,4.81233E+16
185309,9,1,62,0,2018,8,9,2,3,5,3,0,1,1,0,0,0,0,0,6.96527E+20,5.3385E+21,1.16433E+16,4.81693E+16
185310,9,1,62,0,2018,8,16,6,3,5,2,0,0,1,0,0,0,0,1,6.93886E+20,5.33133E+21,1.16046E+16,4.81057E+16
185311,9,5,64,0,2018,8,11,4,3,5,7,0,0,1,0,0,0,0,0,6.49728E+20,5.48256E+21,1.1067E+16,4.94772E+16
185312,9,1,62,0,2018,8,14,2,3,5,3,0,0,1,0,0,1,0,0,6.88742E+20,5.33429E+21,1.15369E+16,4.81339E+16
185313,9,1,62,0,2018,8,16,6,3,5,3,0,0,1,0,1,0,0,0,6.86293E+20,5.32825E+21,1.15013E+16,4.80802E+16
185314,9,7,75,152,2018,8,14,2,3,5,3,0,1,1,0,0,0,0,0,5.78387E+20,5.35302E+21,1.00575E+16,4.83255E+16
185315,9,1,62,0,2018,8,14,6,3,6,4,0,0,0,1,1,0,0,0,6.92919E+20,5.33534E+21,1.15934E+16,4.81421E+16
185316,9,1,62,0,2018,8,21,6,3,0,1,2,0,0,0,1,0,0,1,6.92312E+20,5.33767E+21,1.15863E+16,4.81631E+16
185317,9,7,75,135,2018,8,6,2,3,5,2,0,1,0,0,0,0,0,0,5.73637E+20,5.35979E+21,9.99462E+15,4.8387E+16
185318,9,1,84,136,2018,8,13,6,3,1,3,0,0,1,0,0,0,0,0,6.97531E+20,5.32701E+21,1.16515E+16,4.80658E+16
185319,9,1,62,0,2018,8,17,6,3,3,7,0,0,1,0,1,0,0,1,6.87413E+20,5.33532E+21,1.15195E+16,4.81435E+16
185320,9,7,75,135,2018,8,20,2,3,0,7,1,1,0,0,0,0,0,0,5.73845E+20,5.36038E+21,9.99753E+15,4.83922E+16
185321,9,1,62,0,2018,8,12,6,3,0,6,0,0,1,0,1,0,0,1,6.9136E+20,5.33296E+21,1.15714E+16,4.81211E+16
185322,9,7,75,162,2018,8,18,2,2,0,7,0,1,1,0,0,0,0,0,5.79945E+20,5.34816E+21,1.00776E+16,4.82816E+16
185323,9,7,80,125,2018,8,13,2,3,6,7,0,0,1,1,0,0,0,0,5.98621E+20,5.29281E+21,1.03165E+16,4.77811E+16
185324,9,1,62,0,2018,8,17,6,3,6,7,0,1,0,1,0,0,0,1,6.95178E+20,5.33413E+21,1.16232E+16,4.81305E+16
185325,9,5,64,0,2018,8,17,4,3,5,3,0,0,1,0,0,0,0,0,6.51251E+20,5.48123E+21,1.10875E+16,4.94649E+16
185326,9,7,63,0,2018,8,13,2,3,2,6,0,0,0,0,1,1,0,0,5.99648E+20,5.2871E+21,1.03289E+16,4.77296E+16
185327,9,1,62,0,2018,8,22,6,3,0,2,2,0,0,0,1,0,1,1,6.84299E+20,5.33134E+21,1.14759E+16,4.81086E+16
185328,9,7,63,0,2018,8,14,2,3,8,1,0,1,0,0,0,0,0,0,5.99755E+20,5.2868E+21,1.03303E+16,4.77268E+16
185329,9,1,62,0,2018,8,21,6,3,5,2,2,1,1,0,0,0,0,1,6.91238E+20,5.33929E+21,1.15726E+16,4.81781E+16
185330,9,7,80,123,2018,8,16,2,3,5,6,0,1,0,0,0,0,0,0,6.0652E+20,5.25306E+21,1.04123E+16,4.74223E+16
185331,9,7,77,151,2018,8,11,2,3,5,3,0,1,1,0,0,0,0,0,6.21078E+20,5.29191E+21,1.06159E+16,4.77692E+16
185332,9,1,62,0,2018,8,11,6,3,0,7,0,1,0,0,0,0,0,1,6.84681E+20,5.33966E+21,1.14847E+16,4.81833E+16
185333,9,5,73,125,2018,8,13,4,3,5,3,0,0,1,0,1,0,0,0,6.38599E+20,5.46934E+21,1.09088E+16,4.9361E+16
185334,9,7,80,124,2018,8,16,2,2,3,6,0,1,0,0,0,0,0,0,5.88048E+20,5.26988E+21,1.01708E+16,4.75764E+16
185335,9,1,62,0,2018,8,17,6,3,6,4,0,1,1,1,0,0,0,1,6.83503E+20,5.33969E+21,1.14688E+16,4.81839E+16
185336,9,4,78,145,2018,8,17,4,3,0,1,0,0,0,0,1,0,0,0,6.5066E+20,5.55883E+21,1.11094E+16,5.01625E+16
185337,9,7,79,131,2018,8,11,2,3,5,2,0,1,1,0,0,0,0,0,6.29309E+20,5.39671E+21,1.07578E+16,4.871E+16
185338,9,1,62,0,2018,8,11,6,3,0,1,0,0,0,0,1,0,0,1,6.90295E+20,5.34021E+21,1.15604E+16,4.81866E+16
185339,9,7,72,147,2018,8,14,2,3,2,6,0,0,1,0,0,1,0,0,6.386E+20,5.36377E+21,1.0873E+16,4.84119E+16
185340,9,1,62,0,2018,8,8,6,3,5,3,0,1,1,0,0,0,0,0,6.9032E+20,5.33587E+21,1.15588E+16,4.81476E+16
185341,9,7,61,0,2018,8,15,2,3,0,7,0,1,0,0,0,0,0,0,6.39501E+20,5.35964E+21,1.08838E+16,4.83745E+16
185342,9,1,84,145,2018,8,14,6,3,5,3,0,0,1,0,0,0,1,0,6.94945E+20,5.32523E+21,1.1616E+16,4.80505E+16
185343,9,7,75,135,2018,8,17,6,3,5,3,0,1,1,0,0,0,0,0,5.74981E+20,5.36059E+21,1.00129E+16,4.8394E+16
185344,9,7,61,0,2018,8,22,2,3,1,5,2,1,1,0,0,0,0,0,6.39596E+20,5.35952E+21,1.0885E+16,4.83734E+16
185345,9,7,64,0,2018,8,12,6,3,5,3,0,1,1,0,0,0,0,0,5.88039E+20,5.3162E+21,1.01801E+16,4.7993E+16
185346,9,6,79,147,2018,8,13,2,3,3,7,0,1,1,0,0,0,0,0,5.63286E+20,5.51482E+21,9.8791E+15,4.97825E+16
185347,9,6,63,0,2018,8,0,2,3,8,7,2,0,1,0,0,0,0,0,5.6684E+20,5.514E+21,9.92833E+15,4.97747E+16
185348,9,7,74,135,2018,8,13,6,3,3,6,0,1,1,0,0,0,0,1,5.93558E+20,5.36921E+21,1.02657E+16,4.8469E+16
185349,9,6,63,0,2018,8,11,2,3,2,6,0,0,1,0,0,0,0,0,5.66555E+20,5.51544E+21,9.92461E+15,4.97877E+16
185350,9,7,74,119,2018,8,12,6,3,0,7,0,0,0,0,0,0,1,0,5.88809E+20,5.36159E+21,1.01999E+16,4.84012E+16
185351,9,6,74,163,2018,8,15,2,3,5,3,0,0,1,0,0,0,1,0,6.07906E+20,5.53709E+21,1.05049E+16,4.99764E+16
185352,9,7,80,133,2018,8,19,6,3,5,3,1,0,1,0,0,0,0,1,5.96266E+20,5.25143E+21,1.0276E+16,4.74092E+16
185353,9,7,80,124,2018,8,17,6,2,5,2,0,1,1,0,0,0,0,1,5.92866E+20,5.26724E+21,1.02343E+16,4.7552E+16
185354,9,6,71,140,2018,8,16,2,3,5,3,0,0,1,0,0,0,1,0,5.06184E+20,5.53688E+21,9.08626E+15,4.99842E+16
185355,9,7,79,131,2018,8,5,6,3,5,3,1,1,1,0,0,0,0,0,6.3068E+20,5.39725E+21,1.07766E+16,4.87146E+16
185356,9,5,62,0,2018,8,7,2,3,9,1,0,0,0,1,1,0,0,0,6.45208E+20,5.49618E+21,1.10096E+16,4.96008E+16
185357,9,7,72,184,2018,8,22,6,3,4,6,2,0,1,0,1,0,0,0,6.36189E+20,5.36286E+21,1.08402E+16,4.84042E+16
185358,9,5,62,0,2018,8,7,2,3,5,3,0,1,1,0,0,0,0,0,6.45063E+20,5.49562E+21,1.10074E+16,4.95957E+16
185359,9,7,72,147,2018,8,7,6,3,0,7,0,1,0,0,0,0,0,0,6.39385E+20,5.3648E+21,1.0884E+16,4.84209E+16
185360,9,5,74,156,2018,8,16,2,3,0,1,0,1,0,0,0,0,0,0,6.59394E+20,5.48243E+21,1.12002E+16,4.94736E+16
185361,9,5,63,0,2018,8,7,2,3,5,3,0,0,1,0,0,0,0,0,6.41703E+20,5.48566E+21,1.09574E+16,4.9507E+16
185362,9,7,61,0,2018,8,10,6,3,0,1,0,1,0,0,0,0,0,1,6.39087E+20,5.35915E+21,1.08781E+16,4.83702E+16
185363,9,5,64,0,2018,8,17,2,3,5,3,0,1,1,0,0,0,0,0,6.48602E+20,5.47886E+21,1.105E+16,4.94442E+16
185364,9,7,61,0,2018,8,18,6,3,5,1,0,1,1,0,0,0,0,0,6.36564E+20,5.35292E+21,1.0842E+16,4.83148E+16
185365,9,5,64,0,2018,8,22,2,3,4,2,2,0,1,0,0,0,0,0,6.4636E+20,5.47734E+21,1.10186E+16,4.94311E+16
185366,9,7,61,0,2018,8,12,6,3,4,1,0,0,1,0,1,0,0,1,6.40915E+20,5.35773E+21,1.09023E+16,4.8357E+16
185367,9,6,63,0,2018,8,18,6,3,0,1,0,1,0,0,0,0,0,0,5.7054E+20,5.51715E+21,9.98028E+15,4.98026E+16
185368,9,4,64,0,2018,8,18,2,2,8,1,0,1,0,0,0,0,0,0,7.05941E+20,5.57849E+21,1.18932E+16,5.03225E+16
185369,9,6,74,201,2018,8,12,6,3,5,3,0,0,1,0,0,0,0,0,6.23546E+20,5.53704E+21,1.0723E+16,4.99729E+16
185370,9,4,74,126,2018,8,8,2,3,5,3,0,0,1,0,0,0,0,0,6.49217E+20,5.5104E+21,1.10705E+16,4.97276E+16
185371,9,4,61,0,2018,8,11,2,3,3,6,0,0,1,0,0,0,1,0,6.36048E+20,5.52889E+21,1.08943E+16,4.98969E+16
185372,9,6,73,186,2018,8,13,6,3,5,3,0,0,1,0,0,0,0,0,5.8419E+20,5.57052E+21,1.01816E+16,5.02808E+16
185373,9,3,74,162,2018,8,0,2,2,8,2,2,0,0,0,0,0,1,0,7.41942E+20,5.49677E+21,1.23468E+16,4.95751E+16
185374,9,6,62,0,2018,8,8,6,3,5,7,0,1,1,0,0,0,0,0,5.86812E+20,5.54333E+21,1.02122E+16,5.00359E+16
185375,9,3,62,0,2018,8,16,2,3,0,2,0,0,1,0,1,0,0,0,7.28167E+20,5.43189E+21,1.21196E+16,4.89977E+16
185376,9,5,72,111,2018,8,17,6,3,5,3,0,0,1,0,1,0,0,0,6.3587E+20,5.50919E+21,1.0885E+16,4.97199E+16
185377,9,3,76,148,2018,8,10,2,3,5,3,0,0,1,0,0,0,0,0,7.4435E+20,5.48317E+21,1.23716E+16,4.9452E+16
185378,9,5,64,0,2018,8,22,6,3,0,1,2,1,0,0,0,0,0,0,6.54014E+20,5.4789E+21,1.11247E+16,4.94432E+16
185379,9,5,64,0,2018,8,12,6,3,5,3,0,0,1,0,0,0,0,0,6.45839E+20,5.4793E+21,1.10121E+16,4.94488E+16
185380,9,2,71,119,2018,8,11,2,3,0,7,0,1,0,0,0,0,0,0,7.90452E+20,5.41632E+21,1.29581E+16,4.88318E+16
185381,9,5,73,125,2018,8,16,6,3,8,1,0,0,1,0,0,0,0,0,6.39863E+20,5.47206E+21,1.09272E+16,4.93852E+16
185382,9,7,64,0,2018,8,9,6,3,5,3,0,0,1,0,0,0,0,1,5.88746E+20,5.31466E+21,1.01892E+16,4.79791E+16
185383,9,7,64,0,2018,8,8,6,3,1,5,0,0,1,0,1,0,0,1,5.87699E+20,5.31521E+21,1.01753E+16,4.79842E+16
185384,9,7,74,171,2018,8,16,6,3,5,3,0,1,1,0,0,0,0,0,6.01339E+20,5.37159E+21,1.03716E+16,4.84892E+16
185385,9,7,74,171,2018,8,19,6,3,5,3,1,0,1,0,0,0,0,0,6.00976E+20,5.37147E+21,1.03666E+16,4.84883E+16
185386,9,7,63,0,2018,8,12,6,3,5,3,0,0,1,0,0,0,0,1,5.98272E+20,5.28674E+21,1.03105E+16,4.77266E+16
185387,9,7,63,0,2018,8,6,6,3,0,7,0,1,0,0,0,0,0,1,5.98323E+20,5.28717E+21,1.03113E+16,4.77304E+16
185388,9,7,80,133,2018,8,21,6,3,5,3,2,0,1,0,0,0,0,1,5.96183E+20,5.25139E+21,1.02749E+16,4.74089E+16
185389,9,7,61,0,2018,8,14,6,2,0,1,0,0,0,0,1,0,0,1,6.41961E+20,5.3603E+21,1.09172E+16,4.83799E+16
185390,9,7,71,146,2018,8,18,6,2,0,1,0,1,0,0,0,0,0,1,6.47421E+20,5.34808E+21,1.09867E+16,4.82688E+16
185391,9,7,71,130,2018,8,20,6,3,8,1,2,0,1,0,0,0,0,1,6.45029E+20,5.35843E+21,1.0958E+16,4.83624E+16
185392,9,7,61,0,2018,8,20,6,3,5,3,2,0,1,0,0,0,0,0,6.36939E+20,5.36044E+21,1.08495E+16,4.83822E+16
185393,9,7,61,0,2018,8,15,6,3,3,2,0,0,1,0,1,0,0,1,6.39282E+20,5.36129E+21,1.08814E+16,4.83894E+16
185394,9,7,61,0,2018,8,10,6,3,0,1,0,1,0,0,0,0,0,1,6.42065E+20,5.36039E+21,1.09187E+16,4.83806E+16
185395,9,7,61,0,2018,8,14,6,3,5,3,0,1,1,0,0,0,0,1,6.40522E+20,5.35544E+21,1.08962E+16,4.83365E+16
185396,9,7,61,0,2018,8,11,6,3,0,1,0,0,0,0,1,0,0,1,6.39269E+20,5.35799E+21,1.08801E+16,4.83597E+16
185397,9,7,61,0,2018,8,12,6,3,0,1,0,0,0,0,1,0,0,1,6.39896E+20,5.35933E+21,1.0889E+16,4.83717E+16
185398,9,6,63,0,2018,8,18,6,3,2,6,0,0,1,0,0,0,0,1,5.68069E+20,5.5167E+21,9.94587E+15,4.97989E+16
185399,9,6,63,0,2018,8,0,6,3,0,1,2,1,0,0,0,0,0,0,5.66982E+20,5.51465E+21,9.93041E+15,4.97806E+16
185400,9,6,75,179,2018,8,19,6,3,6,7,0,0,1,1,0,0,0,0,5.89697E+20,5.50154E+21,1.02429E+16,4.96597E+16
185401,9,6,73,142,2018,8,16,6,3,9,1,0,0,1,0,0,0,0,0,5.93221E+20,5.58741E+21,1.03125E+16,5.04313E+16
185402,9,6,78,178,2018,8,12,6,3,5,3,0,0,1,0,1,0,0,0,5.8931E+20,5.54328E+21,1.02471E+16,5.00351E+16
185403,9,6,76,145,2018,8,7,6,3,4,6,0,1,1,0,0,0,0,0,5.09012E+20,5.52006E+21,9.12531E+15,4.98329E+16
185404,9,6,76,139,2018,8,12,6,3,0,7,0,1,1,0,0,0,0,0,5.18134E+20,5.50577E+21,9.25149E+15,4.97042E+16
185405,9,6,71,121,2018,8,20,6,3,5,3,2,1,0,0,0,0,1,0,5.13156E+20,5.53834E+21,9.18356E+15,4.99973E+16
185406,9,5,62,0,2018,8,12,6,3,3,6,0,1,1,0,0,0,0,0,6.44522E+20,5.49608E+21,1.10001E+16,4.96E+16
185407,9,5,76,143,2018,8,6,6,3,8,7,0,1,0,0,0,0,0,0,6.51882E+20,5.45787E+21,1.10873E+16,4.92548E+16
185408,9,5,63,0,2018,8,14,6,3,2,6,0,0,1,0,0,0,0,0,6.45269E+20,5.48296E+21,1.10056E+16,4.94818E+16
185409,9,5,63,0,2018,8,17,6,3,0,7,0,1,1,0,0,0,0,0,6.42166E+20,5.48249E+21,1.09626E+16,4.94784E+16
185410,9,5,64,0,2018,8,13,6,2,0,3,0,1,0,0,0,0,0,0,6.49834E+20,5.48037E+21,1.10676E+16,4.94575E+16
185411,9,5,64,0,2018,8,13,6,3,5,2,0,1,1,0,0,0,0,0,6.55186E+20,5.47419E+21,1.1139E+16,4.94006E+16
185412,9,1,62,0,2018,9,9,2,3,0,6,0,1,1,0,0,0,0,0,6.91685E+20,5.33285E+21,1.15757E+16,4.812E+16
185413,9,1,62,0,2018,9,20,2,3,5,3,2,0,1,0,0,0,1,0,6.97793E+20,5.33381E+21,1.16582E+16,4.81268E+16
185414,9,5,64,0,2018,8,18,6,3,1,7,0,1,1,0,0,0,0,0,6.48971E+20,5.48069E+21,1.10558E+16,4.94606E+16
185415,9,5,64,0,2018,8,12,6,3,5,3,0,1,1,0,0,0,0,0,6.50399E+20,5.47926E+21,1.1075E+16,4.94474E+16
185416,9,5,77,136,2018,8,17,6,3,5,3,0,0,1,0,0,0,0,0,6.25697E+20,5.44135E+21,1.07224E+16,4.91122E+16
185417,9,5,71,193,2018,8,12,6,2,0,3,0,0,1,0,1,0,0,1,5.86087E+20,5.46948E+21,1.01858E+16,4.93719E+16
185418,9,5,75,153,2018,8,16,6,3,4,1,0,0,1,0,0,1,0,1,6.18147E+20,5.49368E+21,1.06345E+16,4.95841E+16
185419,9,5,71,214,2018,8,11,6,3,0,5,0,1,1,0,0,0,0,0,6.16755E+20,5.4331E+21,1.05976E+16,4.90397E+16