OBJECTID_1,ULAND,UREGBEZ,UKREIS,UGEMEINDE,UJAHR,UMONAT,USTUNDE,UWOCHENTAG,UKATEGORIE,UART,UTYP1,ULICHTVERH,IstRad,IstPKW,IstFuss,IstKrad,IstGkfz,IstSonstig,STRZUSTAND,LINREFX,LINREFY,XGCSWGS84,YGCSWGS84
185420,9,1,62,0,2018,9,13,2,3,5,3,0,0,1,0,0,0,0,0,6.93202E+20,5.33161E+21,1.15955E+16,4.81084E+16
185421,9,5,61,0,2018,8,13,6,3,5,3,0,1,0,0,0,0,1,1,6.13347E+20,5.46346E+21,1.05595E+16,4.93133E+16
185422,9,1,62,0,2018,9,19,2,3,0,2,0,1,1,0,0,0,0,0,6.92334E+20,5.33425E+21,1.15851E+16,4.81325E+16
185423,9,1,62,0,2018,9,11,2,3,0,7,0,0,1,0,0,0,1,0,6.80185E+20,5.33555E+21,1.14225E+16,4.81477E+16
185424,9,4,75,136,2018,8,22,6,3,1,6,2,0,1,0,0,0,1,0,6.98048E+20,5.57094E+21,1.17785E+16,5.02574E+16
185425,9,1,62,0,2018,9,18,2,3,0,3,0,1,1,0,0,0,0,0,6.89898E+20,5.33731E+21,1.15537E+16,4.81607E+16
185426,9,4,73,166,2018,8,14,6,3,9,6,0,0,1,0,0,0,1,0,6.51373E+20,5.56988E+21,1.11238E+16,5.02617E+16
185427,9,4,62,0,2018,8,0,6,3,1,1,2,0,1,0,0,0,0,0,6.8539E+20,5.53666E+21,1.15845E+16,4.99535E+16
185428,9,1,62,0,2018,9,9,2,3,5,2,0,1,1,0,0,0,0,0,6.88133E+20,5.32803E+21,1.15259E+16,4.80778E+16
185429,9,4,62,0,2018,8,12,6,3,6,4,0,0,1,1,0,0,0,0,6.84692E+20,5.53649E+21,1.15747E+16,4.99522E+16
185430,9,4,71,140,2018,8,18,6,3,0,1,0,1,0,0,0,0,0,1,6.3506E+20,5.53302E+21,1.0882E+16,4.99342E+16
185431,9,4,71,165,2018,8,7,6,3,4,6,0,0,1,0,0,0,0,0,6.27787E+20,5.53309E+21,1.07808E+16,4.99365E+16
185432,9,1,62,0,2018,9,17,2,3,0,1,0,1,0,0,0,0,0,0,6.91091E+20,5.33431E+21,1.15684E+16,4.81333E+16
185433,9,3,63,0,2018,8,18,6,3,4,2,0,0,1,0,1,0,0,1,7.28131E+20,5.51024E+21,1.21639E+16,4.97014E+16
185434,9,7,75,135,2018,9,17,2,3,5,2,0,1,1,0,0,0,0,0,5.74215E+20,5.36018E+21,1.00025E+16,4.83904E+16
185435,9,3,62,0,2018,8,17,6,3,0,3,0,1,1,0,0,0,0,1,7.28338E+20,5.43527E+21,1.21238E+16,4.9028E+16
185436,9,7,74,121,2018,9,20,2,2,0,1,1,1,0,0,0,0,0,0,6.04198E+20,5.36521E+21,1.04086E+16,4.84314E+16
185437,9,7,78,116,2018,9,15,2,3,0,2,0,1,0,0,0,0,0,0,6.19011E+20,5.31762E+21,1.05955E+16,4.80008E+16
185438,9,3,73,147,2018,8,17,6,3,5,2,0,0,1,0,0,0,0,0,6.776E+20,5.46243E+21,1.14424E+16,4.92887E+16
185439,9,7,80,134,2018,9,10,2,3,0,7,0,0,0,1,0,0,1,0,5.94875E+20,5.26027E+21,1.02595E+16,4.74889E+16
185440,9,2,76,135,2018,8,2,6,2,7,7,2,0,0,0,1,0,0,0,7.78287E+20,5.44416E+21,1.28118E+16,4.90873E+16
185441,9,2,63,0,2018,8,19,6,3,5,3,1,0,1,0,0,0,0,1,7.62923E+20,5.42109E+21,1.25869E+16,4.88869E+16
185442,9,7,80,139,2018,9,18,2,3,0,1,0,1,0,0,0,0,0,0,5.96169E+20,5.26257E+21,1.02772E+16,4.75094E+16
185443,9,4,71,137,2018,9,16,7,3,1,7,0,0,0,0,1,0,1,0,6.37403E+20,5.53328E+21,1.09148E+16,4.99361E+16
185444,9,2,74,126,2018,8,14,6,3,5,3,0,1,1,0,0,0,0,1,7.32711E+20,5.38418E+21,1.21546E+16,4.85675E+16
185445,9,7,80,133,2018,9,8,2,3,0,1,0,1,0,0,0,0,0,0,5.97158E+20,5.25138E+21,1.02878E+16,4.74087E+16
185446,9,2,61,0,2018,8,17,6,3,2,6,0,0,1,0,0,0,0,1,7.32572E+20,5.38111E+21,1.2151E+16,4.85399E+16
185447,9,7,77,129,2018,9,10,2,3,3,6,0,1,0,0,0,0,0,0,6.26686E+20,5.26968E+21,1.06843E+16,4.75682E+16
185448,9,7,77,129,2018,9,11,2,3,4,2,0,0,1,0,1,0,0,0,6.25986E+20,5.26967E+21,1.0675E+16,4.75682E+16
185449,9,7,77,169,2018,9,12,2,3,0,6,0,1,0,0,0,0,0,0,6.31584E+20,5.27256E+21,1.07503E+16,4.75931E+16
185450,9,7,79,131,2018,9,20,2,3,0,7,1,1,0,0,0,0,0,0,6.29738E+20,5.39752E+21,1.07638E+16,4.87172E+16
185451,9,7,61,0,2018,9,9,2,3,1,6,0,0,1,0,0,0,0,0,6.39335E+20,5.35875E+21,1.08813E+16,4.83665E+16
185452,9,2,79,112,2018,8,14,6,3,4,2,0,0,1,0,0,0,0,1,7.5585E+20,5.39423E+21,1.24739E+16,4.86487E+16
185453,9,7,61,0,2018,9,13,2,3,8,1,0,0,1,0,0,0,0,0,6.4284E+20,5.36258E+21,1.09299E+16,4.84002E+16
185454,9,1,83,148,2018,8,23,6,3,5,3,2,0,1,0,0,0,0,1,7.53139E+20,5.34499E+21,1.24074E+16,4.82076E+16
185455,9,1,89,148,2018,8,15,6,3,4,6,0,0,1,0,0,0,0,0,7.73879E+20,5.3089E+21,1.26629E+16,4.7875E+16
185456,9,6,63,0,2018,9,12,2,3,5,3,0,0,1,0,1,0,0,0,5.67818E+20,5.51605E+21,9.94227E+15,4.97931E+16
185457,9,3,75,131,2018,9,17,7,3,5,3,0,0,1,0,1,0,0,0,7.11148E+20,5.44472E+21,1.18939E+16,4.9119E+16
185458,9,1,71,112,2018,8,16,6,3,0,1,0,0,0,0,1,0,0,1,7.83773E+20,5.34217E+21,1.2817E+16,4.81693E+16
185459,9,6,79,170,2018,9,16,2,3,0,7,0,0,0,0,1,0,0,1,5.77053E+20,5.50175E+21,1.00677E+16,4.96634E+16
185460,9,1,87,182,2018,8,18,6,3,0,7,0,1,0,0,0,0,0,1,7.40817E+20,5.3278E+21,1.22321E+16,4.8058E+16
185461,9,6,75,141,2018,9,14,2,3,0,7,0,0,0,0,1,0,1,1,5.82829E+20,5.51069E+21,1.01496E+16,4.9743E+16
185462,9,1,63,0,2018,8,17,6,3,0,1,0,1,0,0,0,0,0,1,7.32905E+20,5.3042E+21,1.21133E+16,4.78489E+16
185463,9,1,85,158,2018,8,8,6,3,4,2,0,0,1,0,1,0,0,1,6.66618E+20,5.3814E+21,1.12584E+16,4.85635E+16
185464,9,5,62,0,2018,9,8,2,3,4,6,0,1,0,0,0,0,0,0,6.45037E+20,5.49489E+21,1.10068E+16,4.95892E+16
185465,9,3,62,0,2018,9,23,7,3,4,6,2,0,1,0,0,0,0,1,7.27563E+20,5.43444E+21,1.21127E+16,4.90208E+16
185466,9,1,86,143,2018,8,21,6,3,5,3,2,1,1,0,0,0,0,1,6.84881E+20,5.37811E+21,1.15042E+16,4.85288E+16
185467,9,1,76,123,2018,8,15,6,3,9,1,0,0,1,0,0,0,1,1,6.59948E+20,5.41777E+21,1.11822E+16,4.88922E+16
185468,9,1,79,142,2018,8,7,6,3,0,1,0,1,0,0,0,0,0,0,6.72757E+20,5.34207E+21,1.13254E+16,4.82083E+16
185469,9,5,64,0,2018,9,23,2,2,0,1,2,1,0,0,0,0,0,1,6.49347E+20,5.46822E+21,1.10563E+16,4.93484E+16
185470,9,1,79,121,2018,8,11,6,3,0,1,0,0,0,0,1,0,0,1,6.65523E+20,5.33846E+21,1.12267E+16,4.81778E+16
185471,9,5,64,0,2018,9,14,2,3,5,3,0,1,1,0,0,0,0,0,6.50341E+20,5.48103E+21,1.10748E+16,4.94633E+16
185472,9,3,62,0,2018,9,22,7,3,5,3,2,0,1,0,0,0,0,1,7.2735E+20,5.43394E+21,1.21095E+16,4.90164E+16
185473,9,1,62,0,2018,8,15,5,3,2,6,0,0,1,0,0,0,0,1,6.90979E+20,5.33322E+21,1.15664E+16,4.81236E+16
185474,9,5,64,0,2018,9,19,2,3,4,2,0,0,1,0,0,0,0,1,6.51753E+20,5.48052E+21,1.10941E+16,4.94584E+16
185475,9,5,77,136,2018,9,14,2,3,0,3,0,1,1,0,0,0,0,0,6.28628E+20,5.44209E+21,1.07628E+16,4.91182E+16
185476,9,1,62,0,2018,8,15,5,3,5,3,0,1,1,0,0,0,0,0,6.88893E+20,5.34331E+21,1.15429E+16,4.82149E+16
185477,9,5,71,139,2018,9,10,2,3,5,3,0,0,1,0,0,0,0,0,5.99505E+20,5.44206E+21,1.03638E+16,4.91233E+16
185478,9,1,62,0,2018,8,14,5,2,4,6,0,1,0,0,0,0,0,1,6.89532E+20,5.33834E+21,1.15493E+16,4.817E+16
185479,9,1,62,0,2018,8,6,5,2,1,5,2,0,1,0,1,0,0,1,6.93716E+20,5.33219E+21,1.16027E+16,4.81135E+16
185480,9,4,64,0,2018,9,16,2,2,8,6,0,0,1,0,1,0,0,0,7.05385E+20,5.57885E+21,1.18856E+16,5.03259E+16
185481,9,3,62,0,2018,9,12,7,3,8,6,0,0,1,0,0,0,0,1,7.25812E+20,5.43339E+21,1.20882E+16,4.90121E+16
185482,9,1,84,127,2018,8,6,5,3,6,4,1,0,0,1,0,0,1,0,7.02051E+20,5.32205E+21,1.17098E+16,4.80197E+16
185483,9,4,61,0,2018,9,6,2,3,0,7,1,1,0,0,0,0,0,0,6.34899E+20,5.52828E+21,1.08781E+16,4.98917E+16
185484,9,3,62,0,2018,9,12,7,3,2,6,0,0,1,0,0,0,0,1,7.27221E+20,5.43398E+21,1.21078E+16,4.90168E+16
185485,9,7,78,168,2018,8,14,5,2,0,1,0,0,0,0,1,0,0,0,6.04563E+20,5.31311E+21,1.04007E+16,4.79627E+16
185486,9,3,75,174,2018,9,22,2,3,5,3,2,1,1,0,0,0,0,1,7.33874E+20,5.43071E+21,1.21968E+16,4.8985E+16
185487,9,3,62,0,2018,9,9,2,3,5,3,0,1,1,0,0,0,0,1,7.28191E+20,5.43184E+21,1.21199E+16,4.89973E+16
185488,9,3,62,0,2018,9,12,2,3,5,3,0,0,1,0,0,0,0,0,7.28313E+20,5.43366E+21,1.21225E+16,4.90136E+16
185489,9,7,64,0,2018,8,10,5,3,6,7,0,0,1,1,0,0,0,0,5.88264E+20,5.31526E+21,1.01829E+16,4.79845E+16
185490,9,3,62,0,2018,9,16,2,2,5,2,0,0,1,0,0,0,0,1,7.25945E+20,5.43095E+21,1.20887E+16,4.89901E+16
185491,9,3,62,0,2018,9,19,2,3,0,1,1,1,0,0,0,0,0,1,7.28341E+20,5.43263E+21,1.21223E+16,4.90043E+16
185492,9,7,63,0,2018,8,14,5,3,0,1,0,1,0,0,0,0,0,1,5.987E+20,5.28599E+21,1.0316E+16,4.77197E+16
185493,9,3,72,116,2018,9,21,2,3,5,3,2,0,1,0,0,0,0,1,7.66706E+20,5.45892E+21,1.26633E+16,4.92249E+16
185494,9,7,72,184,2018,8,18,5,2,0,7,0,1,0,0,0,0,0,0,6.32466E+20,5.35992E+21,1.07889E+16,4.83785E+16
185495,9,7,61,0,2018,8,0,5,3,5,3,2,1,1,0,0,0,0,0,6.42079E+20,5.35901E+21,1.09184E+16,4.83683E+16
185496,9,3,61,0,2018,9,11,2,3,0,1,0,0,0,0,1,0,0,1,7.08438E+20,5.48046E+21,1.18754E+16,4.9441E+16
185497,9,2,73,116,2018,9,9,7,3,0,7,0,1,0,0,0,0,0,1,7.23643E+20,5.42464E+21,1.20538E+16,4.89343E+16
185498,9,7,72,202,2018,8,23,5,3,3,1,2,0,1,0,0,0,0,0,6.36663E+20,5.35898E+21,1.08453E+16,4.83692E+16
185499,9,3,61,0,2018,9,12,2,3,5,3,0,0,1,0,0,0,0,0,7.06117E+20,5.48077E+21,1.18436E+16,4.94446E+16
185500,9,6,73,114,2018,8,11,5,2,6,2,0,0,0,1,0,0,1,0,5.86597E+20,5.57516E+21,1.02165E+16,5.03222E+16
185501,9,2,75,111,2018,9,8,2,3,9,1,0,0,1,0,0,0,0,1,8.1846E+20,5.4E+21,1.33261E+16,4.86718E+16
185502,9,2,77,138,2018,9,16,2,3,5,3,0,0,1,0,0,0,0,0,7.91636E+20,5.37324E+21,1.29439E+16,4.84447E+16
185503,9,5,62,0,2018,8,17,5,3,5,3,0,1,1,0,0,0,0,0,6.4482E+20,5.49337E+21,1.10032E+16,4.95755E+16
185504,9,2,62,0,2018,9,9,2,3,5,3,0,0,0,0,1,1,0,1,8.22215E+20,5.39E+21,1.33692E+16,4.85801E+16
185505,9,5,63,0,2018,8,16,5,3,3,7,0,1,1,0,0,0,0,0,6.43921E+20,5.48186E+21,1.09866E+16,4.94723E+16
185506,9,5,64,0,2018,8,14,5,3,5,3,0,1,0,0,0,0,0,0,6.51301E+20,5.48005E+21,1.10877E+16,4.94543E+16
185507,9,2,74,184,2018,9,22,2,3,0,1,2,1,0,0,0,0,0,1,7.4718E+20,5.37173E+21,1.2343E+16,4.84501E+16
185508,9,5,64,0,2018,8,16,5,3,5,2,0,1,1,0,0,0,0,0,6.52336E+20,5.47919E+21,1.11016E+16,4.94463E+16
185509,9,1,89,137,2018,9,16,2,3,5,3,0,1,1,0,0,0,0,0,7.5265E+20,5.31908E+21,1.23855E+16,4.79751E+16
185510,9,5,64,0,2018,8,1,5,3,0,1,2,0,1,0,0,0,0,1,6.54175E+20,5.48148E+21,1.11279E+16,4.94664E+16
185511,9,5,73,134,2018,8,14,5,2,0,7,0,1,1,0,0,0,0,0,6.41739E+20,5.47841E+21,1.09553E+16,4.94418E+16
185512,9,1,83,128,2018,9,18,2,3,0,1,0,1,0,0,0,0,0,0,7.62042E+20,5.3494E+21,1.25297E+16,4.82436E+16
185513,9,1,73,120,2018,9,11,7,3,9,1,0,0,1,0,0,0,0,1,6.91046E+20,5.30849E+21,1.15563E+16,4.79013E+16
185514,9,5,77,136,2018,8,12,5,3,6,4,0,0,1,1,0,0,0,0,6.28138E+20,5.44137E+21,1.07559E+16,4.91118E+16
185515,9,1,63,0,2018,9,18,2,3,3,6,0,0,1,0,1,0,0,0,7.33915E+20,5.30627E+21,1.21279E+16,4.78671E+16
185516,9,1,63,0,2018,9,10,2,3,5,7,0,1,1,0,0,0,0,0,7.32698E+20,5.30486E+21,1.21109E+16,4.78549E+16
185517,9,1,82,125,2018,9,15,2,3,9,7,0,0,1,0,0,0,0,0,7.12562E+20,5.29743E+21,1.18384E+16,4.77951E+16
185518,9,5,75,112,2018,8,16,5,3,5,3,0,0,1,0,1,0,0,0,6.02893E+20,5.48415E+21,1.04211E+16,4.95012E+16
185519,9,1,87,154,2018,9,16,2,3,0,1,0,1,0,0,0,0,0,0,7.3489E+20,5.29696E+21,1.21359E+16,4.77831E+16
185520,9,5,75,112,2018,8,15,5,3,2,6,0,0,1,0,0,0,0,0,6.01647E+20,5.48352E+21,1.04037E+16,4.94958E+16
185521,9,1,82,124,2018,9,12,2,3,9,1,0,0,1,0,0,0,0,0,7.05259E+20,5.28644E+21,1.17358E+16,4.76987E+16
185522,9,1,63,0,2018,9,17,7,3,4,4,0,0,1,1,0,0,0,0,7.33823E+20,5.30528E+21,1.21262E+16,4.78583E+16
185523,9,4,63,0,2018,8,8,5,3,5,3,0,1,1,0,0,0,0,0,6.41371E+20,5.57125E+21,1.09841E+16,5.02764E+16
185524,9,1,61,0,2018,9,14,2,2,2,6,0,0,1,0,1,0,0,0,6.79178E+20,5.40578E+21,1.1439E+16,4.87792E+16
185525,9,1,87,162,2018,9,9,7,3,0,1,0,1,0,0,0,0,0,1,7.50523E+20,5.30587E+21,1.23494E+16,4.78573E+16
185526,9,4,77,128,2018,8,19,5,3,5,3,1,0,1,0,1,0,0,0,6.75269E+20,5.55405E+21,1.14515E+16,5.01128E+16
185527,9,1,61,0,2018,9,17,2,2,5,3,0,0,1,0,0,0,0,0,6.75427E+20,5.40516E+21,1.13878E+16,4.87747E+16
185528,9,4,71,115,2018,8,14,5,2,5,3,0,0,1,0,1,0,0,0,6.32652E+20,5.53875E+21,1.08505E+16,4.99863E+16
185529,9,1,88,127,2018,9,18,2,3,9,1,1,0,0,0,1,0,0,0,6.72843E+20,5.3278E+21,1.13207E+16,4.808E+16
185530,9,1,78,143,2018,9,7,2,3,5,3,0,0,1,0,0,0,0,0,7.17313E+20,5.37382E+21,1.19407E+16,4.84799E+16
185531,9,3,75,175,2018,8,12,5,2,5,3,0,0,1,0,1,0,0,0,7.14904E+20,5.43439E+21,1.19398E+16,4.90249E+16
185532,9,3,62,0,2018,8,13,5,3,5,3,0,1,1,0,0,0,0,0,7.28968E+20,5.43197E+21,1.21305E+16,4.89981E+16
185533,9,1,62,0,2018,9,9,1,3,1,7,0,0,1,0,0,0,0,1,6.89448E+20,5.33719E+21,1.15476E+16,4.81597E+16
185534,9,1,85,158,2018,9,18,7,3,5,3,0,1,1,0,0,0,0,1,6.67357E+20,5.38053E+21,1.12681E+16,4.85555E+16
185535,9,3,73,147,2018,8,18,5,3,0,4,0,1,0,1,0,0,0,0,6.79526E+20,5.46083E+21,1.14681E+16,4.92738E+16
185536,9,1,62,0,2018,9,20,1,2,3,2,1,1,0,0,0,0,1,0,6.93618E+20,5.33466E+21,1.16025E+16,4.81357E+16
185537,9,1,62,0,2018,8,15,6,3,2,6,0,0,1,0,0,0,0,1,6.88613E+20,5.33902E+21,1.15372E+16,4.81764E+16
185538,9,3,72,116,2018,8,16,5,3,0,1,0,1,0,0,0,0,0,0,7.69896E+20,5.45114E+21,1.27018E+16,4.91537E+16
185539,9,1,62,0,2018,9,1,1,3,5,2,2,0,1,0,0,0,0,1,6.79906E+20,5.33616E+21,1.1419E+16,4.81532E+16
185540,9,7,63,0,2018,9,20,1,3,0,7,2,1,0,0,0,0,0,1,5.99133E+20,5.28394E+21,1.03213E+16,4.77012E+16
185541,9,3,72,164,2018,8,16,5,3,5,3,0,0,1,0,0,0,0,0,7.68134E+20,5.44621E+21,1.26744E+16,4.91102E+16
185542,9,7,80,139,2018,9,20,1,3,5,2,2,0,1,0,0,0,0,0,5.97113E+20,5.26325E+21,1.02898E+16,4.75154E+16
185543,9,3,61,0,2018,8,7,5,3,5,3,0,0,1,0,1,0,0,0,7.0775E+20,5.48102E+21,1.18662E+16,4.94463E+16
185544,9,2,63,0,2018,8,18,5,3,4,2,0,0,1,0,0,0,0,0,7.62057E+20,5.41897E+21,1.25737E+16,4.88682E+16
185545,9,7,71,146,2018,9,11,1,3,5,3,0,0,1,0,0,0,0,1,6.47E+20,5.34715E+21,1.09807E+16,4.82605E+16
185546,9,1,62,0,2018,8,1,6,3,0,1,2,1,0,0,0,0,0,0,6.88931E+20,5.33397E+21,1.15393E+16,4.81309E+16
185547,9,2,79,137,2018,8,11,5,3,5,3,0,0,1,0,0,0,0,0,7.76278E+20,5.40455E+21,1.27575E+16,4.87326E+16
185548,9,7,61,0,2018,9,15,1,3,0,7,0,1,0,0,0,0,1,0,6.41202E+20,5.35771E+21,1.09061E+16,4.83568E+16
185549,9,1,73,112,2018,8,13,5,3,0,1,0,0,0,0,1,0,0,1,6.9125E+20,5.29266E+21,1.1552E+16,4.77589E+16
185550,9,1,71,117,2018,8,18,5,3,4,2,0,0,1,0,1,0,0,1,7.66834E+20,5.33765E+21,1.25868E+16,4.81361E+16
185551,9,7,61,0,2018,9,20,1,3,4,2,2,0,1,0,1,0,0,0,6.41089E+20,5.35831E+21,1.09048E+16,4.83622E+16
185552,9,1,62,0,2018,8,16,6,3,5,2,0,0,1,0,0,0,0,1,6.88537E+20,5.33634E+21,1.1535E+16,4.81523E+16
185553,9,1,63,0,2018,8,20,5,3,0,2,2,1,1,0,0,0,0,0,7.33894E+20,5.30559E+21,1.21273E+16,4.78611E+16
185554,9,7,71,113,2018,9,2,1,3,1,5,2,0,1,0,1,0,0,0,6.5699E+20,5.37002E+21,1.11237E+16,4.84637E+16
185555,9,1,63,0,2018,8,17,5,3,5,3,0,1,1,0,0,0,0,1,7.31768E+20,5.30386E+21,1.2098E+16,4.78462E+16
185556,9,6,71,136,2018,9,10,1,3,1,1,0,1,1,0,0,0,0,0,5.04588E+20,5.54047E+21,9.06404E+15,5.00165E+16
185557,9,5,62,0,2018,9,9,1,3,0,1,0,0,0,0,1,0,0,1,6.44646E+20,5.49594E+21,1.10018E+16,4.95987E+16
185558,9,1,63,0,2018,8,8,5,3,2,6,0,0,1,1,1,0,0,1,7.34354E+20,5.3049E+21,1.2133E+16,4.78547E+16
185559,9,5,64,0,2018,9,18,1,3,3,6,0,0,1,0,0,0,0,1,6.50159E+20,5.47833E+21,1.10713E+16,4.9439E+16
185560,9,1,82,125,2018,8,8,5,3,2,6,0,0,1,0,1,0,0,1,7.12103E+20,5.29769E+21,1.18324E+16,4.77976E+16
185561,9,1,74,131,2018,8,13,5,2,5,3,0,0,1,0,0,0,1,0,6.77143E+20,5.35721E+21,1.13907E+16,4.83432E+16
185562,9,5,64,0,2018,9,23,1,3,2,6,2,0,1,0,0,0,0,1,6.49538E+20,5.47889E+21,1.1063E+16,4.94443E+16
185563,9,1,62,0,2018,8,19,4,3,5,3,0,1,1,0,0,0,0,0,6.83466E+20,5.33749E+21,1.14674E+16,4.81642E+16
185564,9,5,64,0,2018,9,16,1,3,5,3,0,0,1,0,1,0,0,0,6.5429E+20,5.48101E+21,1.11293E+16,4.94621E+16
185565,9,1,84,139,2018,8,6,4,3,4,2,1,1,1,0,0,0,0,0,6.88412E+20,5.32646E+21,1.1529E+16,4.80636E+16
185566,9,5,64,0,2018,9,20,1,3,0,1,2,0,0,0,1,0,0,1,6.49583E+20,5.47848E+21,1.10634E+16,4.94406E+16
185567,9,1,84,139,2018,8,10,4,2,0,1,0,1,0,0,0,0,0,0,6.86998E+20,5.32395E+21,1.15089E+16,4.80415E+16
185568,9,4,64,0,2018,9,10,1,3,0,1,0,1,0,0,0,0,0,1,7.07366E+20,5.57705E+21,1.19124E+16,5.03091E+16
185569,9,1,62,0,2018,8,21,4,3,1,7,2,1,1,0,0,0,1,0,6.893E+20,5.33531E+21,1.15448E+16,4.81429E+16
185570,9,4,62,0,2018,9,21,1,3,5,3,2,0,1,0,0,0,0,0,6.83956E+20,5.53559E+21,1.1564E+16,4.99443E+16
185571,9,4,74,121,2018,9,10,1,3,5,3,0,0,1,0,0,0,0,1,6.54406E+20,5.51677E+21,1.1145E+16,4.97836E+16
185572,9,1,62,0,2018,8,21,4,2,6,4,2,0,1,1,0,0,0,1,6.86535E+20,5.33634E+21,1.15081E+16,4.81529E+16
185573,9,4,61,0,2018,9,21,1,3,5,3,2,1,1,0,0,0,0,1,6.35406E+20,5.52821E+21,1.08852E+16,4.98909E+16
185574,9,1,62,0,2018,8,6,4,3,4,2,0,1,1,0,0,0,0,0,6.86406E+20,5.33753E+21,1.15069E+16,4.81637E+16
185575,9,1,84,149,2018,8,16,4,3,6,4,0,0,0,1,0,0,1,0,6.91319E+20,5.35081E+21,1.15789E+16,4.82816E+16
185576,9,3,76,119,2018,9,17,1,3,0,1,0,1,0,0,0,0,0,1,7.21951E+20,5.45418E+21,1.20469E+16,4.92002E+16
185577,9,1,62,0,2018,8,11,6,3,5,3,0,0,1,0,0,0,0,1,6.8635E+20,5.32983E+21,1.15028E+16,4.80945E+16
185578,9,1,62,0,2018,8,8,4,3,2,6,0,0,1,0,0,0,0,0,6.92487E+20,5.34044E+21,1.15899E+16,4.8188E+16
185579,9,2,75,154,2018,9,19,1,2,9,1,1,0,1,0,0,0,0,1,8.06575E+20,5.39002E+21,1.31578E+16,4.85881E+16
185580,9,1,62,0,2018,8,20,4,3,0,5,2,1,1,0,0,0,0,0,6.90388E+20,5.33845E+21,1.15608E+16,4.81707E+16
185581,9,1,73,131,2018,9,12,1,3,0,1,0,1,0,0,0,0,0,0,6.81836E+20,5.27542E+21,1.14194E+16,4.76067E+16
185582,9,1,71,112,2018,9,0,1,3,5,3,2,0,1,0,0,0,0,1,7.8431E+20,5.34285E+21,1.28246E+16,4.81752E+16
185583,9,1,62,0,2018,8,13,4,3,5,3,0,1,0,0,0,0,0,0,6.86315E+20,5.33715E+21,1.15055E+16,4.81603E+16
185584,9,1,87,130,2018,9,17,1,2,1,1,0,0,1,0,0,0,0,1,7.16076E+20,5.30681E+21,1.189E+16,4.78782E+16
185585,9,1,62,0,2018,9,14,7,3,5,3,0,0,1,0,0,0,0,1,6.92179E+20,5.33212E+21,1.1582E+16,4.81133E+16
185586,9,1,62,0,2018,8,22,4,3,0,1,2,1,0,0,0,0,0,1,6.88655E+20,5.3365E+21,1.15367E+16,4.81537E+16
185587,9,1,62,0,2018,9,4,7,3,5,2,2,0,1,0,0,0,0,1,6.90147E+20,5.33525E+21,1.15562E+16,4.81421E+16
185588,9,1,84,122,2018,8,8,4,3,3,6,0,1,1,0,0,0,0,0,6.87832E+20,5.32347E+21,1.15199E+16,4.80369E+16
185589,9,1,84,137,2018,8,14,4,3,0,7,0,1,0,0,0,0,0,0,7.12315E+20,5.31514E+21,1.18438E+16,4.79543E+16
185590,9,1,62,0,2018,9,23,7,3,0,1,2,1,0,0,0,0,0,1,6.92165E+20,5.33374E+21,1.15826E+16,4.81279E+16
185591,9,1,62,0,2018,8,14,6,3,5,2,0,0,1,0,0,0,0,1,6.96465E+20,5.33267E+21,1.16398E+16,4.81169E+16
185592,9,1,62,0,2018,8,15,4,3,1,5,0,1,1,0,0,0,0,0,6.89613E+20,5.33204E+21,1.15476E+16,4.81134E+16
185593,9,1,62,0,2018,9,0,7,3,5,2,2,1,1,0,0,0,0,1,6.88903E+20,5.3337E+21,1.15388E+16,4.81285E+16
185594,9,1,62,0,2018,8,8,4,3,0,7,0,1,0,1,0,0,0,0,6.89956E+20,5.33455E+21,1.15533E+16,4.81358E+16
185595,9,1,62,0,2018,9,15,7,3,0,6,0,0,1,0,0,0,1,1,6.88566E+20,5.33496E+21,1.15348E+16,4.81399E+16
185596,9,1,62,0,2018,8,19,4,3,2,6,0,0,1,0,0,0,0,0,6.9226E+20,5.33859E+21,1.1586E+16,4.81715E+16
185597,9,1,62,0,2018,8,16,4,3,3,6,0,0,1,0,0,0,0,0,6.92899E+20,5.33852E+21,1.15946E+16,4.81706E+16
185598,9,1,62,0,2018,9,19,7,3,5,3,1,0,1,0,0,0,0,1,6.87098E+20,5.33155E+21,1.15136E+16,4.81097E+16
185599,9,1,62,0,2018,8,19,6,3,5,3,1,0,1,0,0,0,0,1,6.89533E+20,5.33189E+21,1.15464E+16,4.8112E+16
185600,9,1,62,0,2018,8,22,4,3,5,2,2,1,1,0,0,0,0,1,6.90714E+20,5.33797E+21,1.1565E+16,4.81663E+16
185601,9,7,75,135,2018,9,22,7,3,0,7,2,1,0,0,0,0,0,1,5.74397E+20,5.36044E+21,1.0005E+16,4.83927E+16
185602,9,7,75,135,2018,8,11,6,3,5,3,0,0,1,0,0,0,0,0,5.74612E+20,5.36065E+21,1.00079E+16,4.83946E+16
185603,9,7,75,135,2018,8,14,4,3,4,3,0,1,1,0,0,0,0,0,5.7625E+20,5.36218E+21,1.00303E+16,4.84081E+16
185604,9,7,75,135,2018,9,12,7,3,5,3,0,1,1,0,0,0,0,0,5.74284E+20,5.35969E+21,1.00033E+16,4.8386E+16
185605,9,7,75,135,2018,8,18,4,3,6,4,0,0,1,1,0,0,0,0,5.76753E+20,5.36245E+21,1.00372E+16,4.84106E+16