OBJECTID_1,ULAND,UREGBEZ,UKREIS,UGEMEINDE,UJAHR,UMONAT,USTUNDE,UWOCHENTAG,UKATEGORIE,UART,UTYP1,ULICHTVERH,IstRad,IstPKW,IstFuss,IstKrad,IstGkfz,IstSonstig,STRZUSTAND,LINREFX,LINREFY,XGCSWGS84,YGCSWGS84
185606,9,7,78,116,2018,9,14,7,3,8,1,0,0,1,0,0,0,0,1,6.1798E+20,5.31769E+21,1.05817E+16,4.80016E+16
185607,9,7,74,121,2018,8,12,4,3,6,6,0,0,1,1,0,0,0,0,6.04072E+20,5.36564E+21,1.0407E+16,4.84353E+16
185608,9,7,63,0,2018,9,15,7,3,6,4,0,0,1,1,0,0,0,1,5.98715E+20,5.28609E+21,1.03163E+16,4.77206E+16
185609,9,7,63,0,2018,9,20,7,3,5,3,2,1,1,0,0,0,0,1,6.00075E+20,5.28554E+21,1.03343E+16,4.77155E+16
185610,9,7,80,133,2018,8,15,4,2,9,1,0,1,0,0,0,0,0,0,5.98188E+20,5.2477E+21,1.03007E+16,4.73754E+16
185611,9,7,77,129,2018,9,20,7,3,8,1,2,0,1,0,0,0,0,1,6.2609E+20,5.26968E+21,1.06764E+16,4.75683E+16
185612,9,7,77,111,2018,8,16,4,3,4,6,0,0,1,0,1,0,0,0,6.15383E+20,5.29941E+21,1.0542E+16,4.78377E+16
185613,9,7,80,124,2018,8,16,4,3,1,6,0,0,1,0,0,0,0,0,5.91952E+20,5.26781E+21,1.02223E+16,4.75572E+16
185614,9,7,79,131,2018,9,4,7,3,5,3,2,0,1,0,0,0,0,0,6.26691E+20,5.39895E+21,1.07229E+16,4.87307E+16
185615,9,7,79,194,2018,8,8,4,3,8,7,0,0,1,0,0,0,0,0,6.10941E+20,5.41276E+21,1.05125E+16,4.88579E+16
185616,9,7,72,131,2018,9,18,7,3,1,7,0,1,1,0,0,0,0,0,6.16948E+20,5.35358E+21,1.05777E+16,4.83246E+16
185617,9,7,61,0,2018,8,21,4,3,2,6,2,0,1,0,0,1,0,1,6.39269E+20,5.36228E+21,1.08816E+16,4.83983E+16
185618,9,7,71,142,2018,9,12,7,3,5,3,0,0,1,0,0,0,0,1,6.4593E+20,5.35216E+21,1.0968E+16,4.83058E+16
185619,9,7,72,125,2018,9,13,7,3,1,1,0,0,1,0,0,0,0,1,6.359E+20,5.349E+21,1.08318E+16,4.82796E+16
185620,9,7,61,0,2018,8,17,4,3,4,3,0,0,1,0,1,0,0,0,6.44092E+20,5.35642E+21,1.09447E+16,4.83445E+16
185621,9,7,71,114,2018,9,20,7,3,8,1,2,0,1,0,0,0,0,1,6.44561E+20,5.37719E+21,1.09582E+16,4.85312E+16
185622,9,7,61,0,2018,8,20,4,3,1,2,2,1,1,0,0,0,0,1,6.4065E+20,5.35815E+21,1.08988E+16,4.83608E+16
185623,9,6,74,171,2018,9,15,7,3,0,1,0,1,0,0,0,0,0,0,6.23592E+20,5.55918E+21,1.07308E+16,5.01719E+16
185624,9,7,61,0,2018,8,7,4,3,5,3,0,1,1,0,0,0,0,0,6.41074E+20,5.35875E+21,1.09047E+16,4.83662E+16
185625,9,6,62,0,2018,9,11,7,3,2,6,0,0,1,0,0,0,0,0,5.86524E+20,5.54441E+21,1.02085E+16,5.00457E+16
185626,9,6,63,0,2018,8,14,4,3,6,4,0,0,1,1,0,0,0,0,5.66905E+20,5.51522E+21,9.92943E+15,4.97857E+16
185627,9,6,63,0,2018,8,19,4,3,5,3,1,1,1,0,0,0,0,0,5.67599E+20,5.5166E+21,9.93932E+15,4.9798E+16
185628,9,6,62,0,2018,9,11,7,3,0,1,0,0,0,0,1,0,0,0,5.88997E+20,5.54582E+21,1.02433E+16,5.0058E+16
185629,9,5,72,135,2018,8,4,4,3,7,7,2,0,1,0,0,0,0,0,6.32799E+20,5.50802E+21,1.0842E+16,4.97101E+16
185630,9,5,74,128,2018,9,11,7,3,5,3,0,0,1,0,0,0,0,0,6.78538E+20,5.4855E+21,1.14656E+16,4.94958E+16
185631,9,5,62,0,2018,8,17,4,2,5,3,0,1,0,0,0,0,0,0,6.45835E+20,5.49436E+21,1.10176E+16,4.95842E+16
185632,9,5,64,0,2018,9,11,7,3,2,6,0,0,1,0,0,0,0,0,6.50031E+20,5.48012E+21,1.10702E+16,4.94552E+16
185633,9,5,61,0,2018,9,10,7,2,6,7,0,0,1,1,0,0,0,0,6.16669E+20,5.46134E+21,1.06046E+16,4.92936E+16
185634,9,5,74,156,2018,8,10,4,3,0,1,0,0,0,0,1,0,0,0,6.59287E+20,5.48331E+21,1.11991E+16,4.94815E+16
185635,9,5,61,0,2018,9,9,7,3,1,7,0,0,1,0,0,0,1,0,6.18658E+20,5.45674E+21,1.06306E+16,4.9252E+16
185636,9,5,76,113,2018,8,13,4,2,0,7,0,1,0,0,0,0,0,0,6.61458E+20,5.45451E+21,1.12174E+16,4.92221E+16
185637,9,5,74,128,2018,8,14,4,3,5,3,0,1,1,0,0,0,0,0,6.78204E+20,5.48618E+21,1.14613E+16,4.95021E+16
185638,9,5,61,0,2018,9,21,7,3,5,3,2,0,1,0,0,0,0,0,6.14055E+20,5.46209E+21,1.05689E+16,4.93009E+16
185639,9,5,74,117,2018,8,21,4,3,1,5,2,1,1,0,0,0,0,0,6.70717E+20,5.46657E+21,1.13496E+16,4.9328E+16
185640,9,4,79,166,2018,9,12,7,3,0,1,0,1,0,0,0,0,0,0,7.05031E+20,5.55448E+21,1.18675E+16,5.01072E+16
185641,9,5,63,0,2018,8,19,4,3,5,3,0,1,1,0,0,0,0,0,6.43627E+20,5.48255E+21,1.09828E+16,4.94786E+16
185642,9,4,64,0,2018,9,11,7,3,5,3,0,0,1,0,0,0,0,0,7.06977E+20,5.5772E+21,1.1907E+16,5.03105E+16
185643,9,5,64,0,2018,8,15,4,2,5,2,0,1,0,0,0,1,0,0,6.49916E+20,5.47863E+21,1.10681E+16,4.94418E+16
185644,9,4,73,170,2018,9,8,7,2,8,7,0,0,1,0,0,0,0,0,6.40217E+20,5.56231E+21,1.09646E+16,5.01964E+16
185645,9,4,62,0,2018,9,11,7,3,0,1,0,1,0,0,0,0,0,0,6.84764E+20,5.53518E+21,1.15751E+16,4.99404E+16
185646,9,5,64,0,2018,8,18,4,3,0,6,0,1,0,0,0,0,0,0,6.51235E+20,5.4799E+21,1.10867E+16,4.94529E+16
185647,9,4,61,0,2018,9,14,6,3,1,7,0,1,1,0,0,0,0,0,6.3529E+20,5.52718E+21,1.08832E+16,4.98817E+16
185648,9,5,64,0,2018,9,5,5,2,5,2,2,1,1,0,0,0,0,0,6.51016E+20,5.47964E+21,1.10836E+16,4.94507E+16
185649,9,5,64,0,2018,9,8,5,3,2,7,0,0,1,0,1,0,0,0,6.46328E+20,5.47731E+21,1.10181E+16,4.94308E+16
185650,9,5,64,0,2018,9,7,5,3,1,7,0,0,1,0,0,0,0,0,6.53452E+20,5.47525E+21,1.11155E+16,4.94106E+16
185651,9,5,64,0,2018,9,17,5,2,5,3,0,1,1,0,0,0,0,0,6.46982E+20,5.48162E+21,1.10287E+16,4.94694E+16
185652,9,7,72,130,2018,9,7,6,3,5,3,0,0,1,0,0,1,0,0,6.32153E+20,5.35762E+21,1.0784E+16,4.83579E+16
185653,9,5,64,0,2018,9,14,5,2,0,1,0,1,0,0,0,0,0,0,6.50087E+20,5.4801E+21,1.1071E+16,4.9455E+16
185654,9,5,73,122,2018,9,13,5,3,0,7,0,1,1,0,0,0,0,0,6.41856E+20,5.47713E+21,1.09564E+16,4.94303E+16
185655,9,5,77,136,2018,9,20,5,3,5,3,1,0,1,0,0,0,0,0,6.28556E+20,5.44108E+21,1.07615E+16,4.91091E+16
185656,9,5,75,152,2018,9,12,5,2,9,1,0,0,1,0,0,0,0,0,6.18964E+20,5.47989E+21,1.06417E+16,4.946E+16
185657,9,1,85,149,2018,9,19,7,3,0,7,0,1,0,0,0,0,0,0,6.60046E+20,5.39992E+21,1.11765E+16,4.87318E+16
185658,9,5,71,145,2018,9,21,5,2,0,1,2,0,0,0,1,0,0,1,5.97227E+20,5.44781E+21,1.0334E+16,4.91754E+16
185659,9,1,62,0,2018,9,11,2,3,5,3,0,1,1,0,0,0,0,0,6.90407E+20,5.34294E+21,1.15631E+16,4.82111E+16
185660,9,2,74,191,2018,9,13,7,3,0,7,0,1,0,0,0,0,0,0,7.45786E+20,5.39161E+21,1.23359E+16,4.86292E+16
185661,9,1,62,0,2018,9,13,2,3,5,2,0,1,0,0,0,0,1,0,6.91828E+20,5.33566E+21,1.15789E+16,4.81452E+16
185662,9,1,62,0,2018,9,8,5,3,2,6,0,0,1,0,1,0,0,0,6.93169E+20,5.34038E+21,1.15991E+16,4.81872E+16
185663,9,6,79,205,2018,9,18,6,3,0,7,0,0,0,0,1,0,1,0,5.60974E+20,5.51563E+21,9.84712E+15,4.979E+16
185664,9,1,62,0,2018,9,8,5,3,0,1,0,1,0,0,0,0,0,1,6.91109E+20,5.33382E+21,1.15684E+16,4.81289E+16
185665,9,3,77,129,2018,9,14,3,3,5,3,0,0,1,0,1,0,0,0,7.08398E+20,5.52863E+21,1.19005E+16,4.98738E+16
185666,9,4,75,112,2018,9,16,5,2,6,7,0,0,1,1,0,0,0,0,6.88294E+20,5.58257E+21,1.16476E+16,5.0365E+16
185667,9,4,73,121,2018,9,21,5,3,9,1,2,0,1,0,0,0,0,1,6.46028E+20,5.56809E+21,1.10482E+16,5.02469E+16
185668,9,4,78,139,2018,9,15,5,3,6,7,0,0,1,1,0,0,0,0,6.49602E+20,5.55752E+21,1.10941E+16,5.0151E+16
185669,9,1,74,122,2018,9,17,7,3,8,1,0,0,0,0,1,0,0,0,6.8212E+20,5.35199E+21,1.14555E+16,4.82948E+16
185670,9,4,63,0,2018,9,22,5,2,1,5,2,0,1,0,0,0,0,0,6.39732E+20,5.57043E+21,1.09608E+16,5.02695E+16
185671,9,5,64,0,2018,9,8,6,3,5,3,0,0,1,0,1,0,0,1,6.47854E+20,5.48174E+21,1.10408E+16,4.94703E+16
185672,9,4,63,0,2018,9,15,5,3,0,1,0,1,0,0,0,0,0,0,6.41342E+20,5.56575E+21,1.09816E+16,5.0227E+16
185673,9,4,61,0,2018,9,12,5,3,9,2,0,0,1,0,1,0,0,0,6.3652E+20,5.52958E+21,1.09012E+16,4.9903E+16
185674,9,5,74,138,2018,9,10,6,3,5,6,0,1,1,0,0,0,0,0,6.64916E+20,5.48682E+21,1.12782E+16,4.95115E+16
185675,9,3,75,117,2018,9,20,5,3,9,1,2,0,1,0,0,0,0,0,7.35662E+20,5.4333E+21,1.22227E+16,4.90076E+16
185676,9,3,62,0,2018,9,10,5,3,0,1,0,1,0,0,0,0,0,0,7.26176E+20,5.43395E+21,1.20935E+16,4.90169E+16
185677,9,3,73,155,2018,9,15,5,3,5,3,0,0,1,0,0,0,0,0,6.70849E+20,5.46453E+21,1.13505E+16,4.93096E+16
185678,9,3,61,0,2018,9,22,5,3,5,3,2,0,1,0,1,0,0,0,7.07746E+20,5.481E+21,1.18662E+16,4.94461E+16
185679,9,1,62,0,2018,9,15,6,2,6,4,0,1,0,1,0,0,0,0,6.92223E+20,5.33095E+21,1.15821E+16,4.81027E+16
185680,9,2,78,118,2018,9,18,5,3,5,3,0,0,1,0,0,0,0,0,7.70111E+20,5.42452E+21,1.2687E+16,4.89147E+16
185681,9,4,76,146,2018,9,0,6,3,0,7,2,1,0,0,0,0,0,1,6.6233E+20,5.56233E+21,1.12742E+16,5.01909E+16
185682,9,1,74,115,2018,9,4,3,3,1,1,2,1,1,0,0,0,0,1,6.82018E+20,5.3465E+21,1.14518E+16,4.82456E+16
185683,9,2,75,116,2018,9,15,5,3,5,3,0,1,1,0,0,0,0,0,8.19366E+20,5.36423E+21,1.3311E+16,4.83504E+16
185684,9,2,73,111,2018,9,11,5,2,5,3,0,0,1,0,0,0,0,0,7.06478E+20,5.41469E+21,1.18147E+16,4.88508E+16
185685,9,7,63,0,2018,9,17,6,3,0,1,0,1,0,0,0,0,0,0,5.9851E+20,5.28773E+21,1.03139E+16,4.77354E+16
185686,9,2,79,112,2018,9,16,5,3,6,7,0,0,1,1,0,0,0,0,7.57536E+20,5.39221E+21,1.24955E+16,4.86298E+16
185687,9,1,90,117,2018,9,18,5,2,0,7,0,0,1,0,0,0,0,0,6.48876E+20,5.2912E+21,1.09865E+16,4.7757E+16
185688,9,7,75,139,2018,9,17,6,3,2,3,0,1,1,0,0,0,0,0,5.80569E+20,5.36498E+21,1.00892E+16,4.84328E+16
185689,9,1,72,118,2018,9,18,5,3,5,3,0,1,1,0,0,0,0,0,7.97747E+20,5.30591E+21,1.29793E+16,4.78375E+16
185690,9,3,73,147,2018,9,15,6,3,8,1,0,0,1,0,0,0,0,1,6.76978E+20,5.46278E+21,1.1434E+16,4.92921E+16
185691,9,1,62,0,2018,9,15,5,3,2,6,0,0,1,0,0,0,0,0,6.88944E+20,5.34013E+21,1.15422E+16,4.81862E+16
185692,9,1,72,118,2018,9,16,5,2,3,2,0,1,0,0,0,0,0,0,7.96775E+20,5.30742E+21,1.29674E+16,4.78515E+16
185693,9,1,71,122,2018,9,20,5,2,6,6,2,0,1,1,0,0,0,0,7.73225E+20,5.33157E+21,1.26686E+16,4.80788E+16
185694,9,1,71,125,2018,9,11,5,3,9,1,0,0,0,0,1,0,1,0,7.74576E+20,5.34937E+21,1.26982E+16,4.8238E+16
185695,9,2,75,119,2018,9,11,7,3,5,3,0,0,1,0,0,0,0,0,8.32154E+20,5.40017E+21,1.35117E+16,4.86662E+16
185696,9,1,63,0,2018,9,17,5,3,5,3,0,1,1,0,0,0,0,0,7.3416E+20,5.30477E+21,1.21304E+16,4.78536E+16
185697,9,1,62,0,2018,9,8,5,3,6,3,0,0,1,1,0,0,0,0,6.91977E+20,5.34029E+21,1.1583E+16,4.81868E+16
185698,9,7,61,0,2018,9,12,6,3,0,1,0,1,0,0,0,0,0,0,6.42156E+20,5.36036E+21,1.09199E+16,4.83804E+16
185699,9,1,62,0,2018,9,9,5,2,3,6,0,1,1,0,0,0,0,0,6.91213E+20,5.33391E+21,1.15699E+16,4.81297E+16
185700,9,1,76,112,2018,9,9,5,3,0,1,0,0,0,0,1,0,0,0,6.94143E+20,5.41929E+21,1.16489E+16,4.88961E+16
185701,9,1,88,120,2018,9,19,5,3,2,5,0,1,1,0,0,0,0,0,6.7839E+20,5.32694E+21,1.13948E+16,4.80707E+16
185702,9,1,79,121,2018,9,17,5,3,5,3,0,0,1,0,0,0,0,0,6.67755E+20,5.33899E+21,1.12569E+16,4.81819E+16
185703,9,1,62,0,2018,9,18,5,3,1,1,0,0,1,0,0,0,0,0,6.95899E+20,5.33447E+21,1.1633E+16,4.81333E+16
185704,9,1,61,0,2018,9,13,6,2,6,4,0,0,1,1,0,0,0,0,6.80156E+20,5.40268E+21,1.1451E+16,4.87511E+16
185705,9,1,79,121,2018,9,18,5,3,4,6,0,0,1,0,0,0,0,0,6.66689E+20,5.33817E+21,1.12422E+16,4.81749E+16
185706,9,1,78,130,2018,9,16,5,3,2,6,0,0,1,0,0,0,0,0,7.03892E+20,5.35662E+21,1.1751E+16,4.83298E+16
185707,9,1,75,135,2018,9,17,5,3,6,4,0,1,0,1,0,0,0,0,7.06773E+20,5.33859E+21,1.1781E+16,4.81669E+16
185708,9,1,80,124,2018,9,16,7,3,5,3,0,0,1,0,1,0,0,0,6.652E+20,5.28373E+21,1.12013E+16,4.76858E+16
185709,9,1,78,145,2018,9,21,5,3,0,1,2,1,0,0,0,0,0,0,6.96599E+20,5.35679E+21,1.16528E+16,4.83337E+16
185710,9,1,62,0,2018,9,10,5,3,6,6,0,1,0,1,0,0,0,0,6.82876E+20,5.34302E+21,1.14619E+16,4.8214E+16
185711,9,5,62,0,2018,9,2,6,3,0,7,2,1,0,0,0,0,0,1,6.45733E+20,5.49347E+21,1.10159E+16,4.95762E+16
185712,9,1,78,137,2018,9,17,5,2,0,1,0,1,0,0,0,0,0,0,6.97147E+20,5.36712E+21,1.1665E+16,4.84263E+16
185713,9,1,77,144,2018,9,16,5,2,3,6,0,1,0,0,0,0,1,0,7.15393E+20,5.34939E+21,1.19023E+16,4.82611E+16
185714,9,1,62,0,2018,9,10,4,3,8,1,0,0,1,0,0,0,0,0,6.87789E+20,5.3423E+21,1.15276E+16,4.82061E+16
185715,9,1,84,149,2018,9,15,4,3,1,6,0,1,1,0,0,0,0,0,6.90505E+20,5.35025E+21,1.15677E+16,4.82767E+16
185716,9,1,62,0,2018,9,14,6,3,5,3,0,1,1,0,0,0,0,0,6.94856E+20,5.33115E+21,1.16175E+16,4.81038E+16
185717,9,1,62,0,2018,9,18,4,3,6,1,0,0,0,1,1,0,0,0,6.92212E+20,5.33712E+21,1.15847E+16,4.81582E+16
185718,9,1,62,0,2018,9,17,4,3,0,7,0,1,0,0,0,0,1,1,6.87305E+20,5.34331E+21,1.15216E+16,4.82154E+16
185719,9,1,62,0,2018,9,18,4,3,4,2,0,0,1,0,1,0,0,0,6.86778E+20,5.3365E+21,1.15115E+16,4.81543E+16
185720,9,1,86,158,2018,9,15,7,3,4,5,0,0,1,0,1,0,0,0,6.90832E+20,5.40666E+21,1.15979E+16,4.87836E+16
185721,9,1,62,0,2018,9,18,4,2,0,6,0,1,0,0,0,0,0,0,6.83382E+20,5.33898E+21,1.14669E+16,4.81776E+16
185722,9,5,63,0,2018,9,8,6,3,2,6,0,0,1,0,1,0,0,1,6.45261E+20,5.48064E+21,1.10046E+16,4.9461E+16
185723,9,1,62,0,2018,9,5,4,3,5,3,2,0,1,0,0,0,1,0,6.90143E+20,5.33526E+21,1.15561E+16,4.81421E+16
185724,9,1,62,0,2018,9,14,4,3,2,6,0,0,1,0,0,0,0,0,6.92139E+20,5.34092E+21,1.15855E+16,4.81924E+16
185725,9,1,62,0,2018,9,14,4,3,0,6,0,0,1,0,1,0,0,0,6.89589E+20,5.33569E+21,1.15489E+16,4.81462E+16
185726,9,1,62,0,2018,9,17,4,3,5,3,0,1,0,1,0,0,0,0,6.87951E+20,5.33433E+21,1.15263E+16,4.81344E+16
185727,9,1,62,0,2018,9,17,5,3,5,3,0,1,1,0,0,0,0,0,6.90118E+20,5.33406E+21,1.15552E+16,4.81313E+16
185728,9,1,84,136,2018,9,19,6,3,5,7,0,1,0,0,0,0,1,0,6.98026E+20,5.32646E+21,1.16579E+16,4.80607E+16
185729,9,1,62,0,2018,9,6,5,3,5,2,0,1,1,0,0,0,0,0,6.8745E+20,5.33604E+21,1.15203E+16,4.815E+16
185730,9,1,84,147,2018,9,14,4,3,5,3,0,1,1,0,0,0,0,0,6.95741E+20,5.33954E+21,1.16333E+16,4.81789E+16
185731,9,4,62,0,2018,9,11,6,2,5,2,0,0,1,1,0,0,0,0,6.86182E+20,5.53679E+21,1.15956E+16,4.99544E+16
185732,9,1,62,0,2018,9,11,4,3,6,7,0,1,0,1,0,0,0,0,6.96339E+20,5.3341E+21,1.16388E+16,4.81298E+16
185733,9,5,64,0,2018,9,10,6,3,0,7,0,0,0,0,1,0,1,1,6.47937E+20,5.47723E+21,1.10403E+16,4.94298E+16
185734,9,1,89,155,2018,9,13,3,3,5,3,0,0,1,0,0,0,0,1,7.71245E+20,5.30913E+21,1.26279E+16,4.78782E+16
185735,9,1,62,0,2018,9,21,4,3,6,4,1,0,1,1,0,0,0,0,6.90402E+20,5.33518E+21,1.15595E+16,4.81414E+16
185736,9,7,64,0,2018,9,17,4,3,5,6,0,0,0,0,0,1,0,0,5.86449E+20,5.31646E+21,1.01588E+16,4.79956E+16
185737,9,7,78,216,2018,9,18,4,2,4,6,0,1,1,0,0,0,0,0,6.24431E+20,5.32218E+21,1.06694E+16,4.80408E+16
185738,9,7,75,135,2018,9,6,5,3,5,3,0,0,1,0,0,0,1,0,5.76179E+20,5.36186E+21,1.00293E+16,4.84053E+16
185739,9,7,78,184,2018,9,19,6,2,5,3,0,0,1,0,0,0,0,0,5.96931E+20,5.32921E+21,1.03022E+16,4.81087E+16
185740,9,7,80,117,2018,9,21,4,3,8,1,2,0,1,0,0,0,0,0,5.91951E+20,5.28645E+21,1.02262E+16,4.77249E+16
185741,9,2,71,128,2018,9,15,6,3,5,3,0,0,0,0,1,0,1,0,8.00316E+20,5.39892E+21,1.30795E+16,4.8671E+16
185742,9,1,62,0,2018,9,8,5,3,3,2,0,1,1,0,0,0,0,0,6.92662E+20,5.3348E+21,1.15897E+16,4.81372E+16
185743,9,7,80,131,2018,9,15,4,2,8,1,0,1,0,0,0,0,0,0,5.94633E+20,5.25494E+21,1.02551E+16,4.7441E+16
185744,9,7,76,113,2018,9,19,4,3,0,1,0,0,0,0,1,0,0,0,5.77127E+20,5.27374E+21,1.00263E+16,4.76125E+16
185745,9,7,62,0,2018,9,14,4,3,4,2,0,0,1,0,0,0,0,0,6.21438E+20,5.30464E+21,1.06243E+16,4.78836E+16
185746,9,7,78,139,2018,9,12,5,2,5,3,0,1,1,0,0,0,0,0,5.86114E+20,5.32548E+21,1.01561E+16,4.80768E+16
185747,9,2,77,153,2018,9,14,7,3,0,7,0,1,0,0,0,0,0,0,7.82264E+20,5.35965E+21,1.28084E+16,4.83269E+16
185748,9,7,62,0,2018,9,10,4,3,4,1,0,0,1,0,0,0,0,0,6.22254E+20,5.30542E+21,1.06355E+16,4.78905E+16
185749,9,7,77,147,2018,9,18,4,2,5,2,0,1,1,0,0,0,0,0,6.34442E+20,5.2847E+21,1.0792E+16,4.77017E+16
185750,9,7,79,131,2018,9,6,4,3,0,1,1,0,0,0,1,0,0,1,6.29616E+20,5.39994E+21,1.07629E+16,4.8739E+16
185751,9,7,79,131,2018,9,8,4,3,5,3,0,0,1,0,0,0,0,0,6.29189E+20,5.39684E+21,1.07562E+16,4.87112E+16
185752,9,7,63,0,2018,9,9,5,3,5,3,0,0,1,0,0,0,0,0,5.97018E+20,5.28809E+21,1.02941E+16,4.77389E+16
185753,9,7,61,0,2018,9,15,6,3,5,3,0,1,1,0,0,0,0,0,6.42969E+20,5.36003E+21,1.09308E+16,4.83773E+16
185754,9,7,72,184,2018,9,7,4,3,0,5,0,1,1,0,0,0,0,0,6.35814E+20,5.36142E+21,1.08346E+16,4.83913E+16
185755,9,1,78,155,2018,9,16,6,3,0,1,0,1,0,0,0,0,0,0,7.18341E+20,5.37622E+21,1.19559E+16,4.85011E+16
185756,9,7,72,202,2018,9,19,4,2,0,1,1,1,0,0,0,0,0,0,6.37126E+20,5.35802E+21,1.08512E+16,4.83605E+16
185757,9,7,61,0,2018,9,10,4,3,5,3,0,1,1,0,0,0,0,0,6.43145E+20,5.36027E+21,1.09332E+16,4.83794E+16
185758,9,6,79,161,2018,9,12,4,3,0,7,0,0,0,1,0,0,1,0,5.61978E+20,5.52124E+21,9.86196E+15,4.98404E+16
185759,9,7,80,133,2018,9,14,5,2,3,6,0,1,0,0,0,0,0,0,5.98513E+20,5.24499E+21,1.03044E+16,4.73509E+16
185760,9,1,86,143,2018,9,8,7,3,0,2,0,1,0,0,1,0,0,0,6.8531E+20,5.37804E+21,1.151E+16,4.85281E+16
185761,9,6,78,175,2018,9,18,4,3,1,7,0,0,1,0,0,1,0,0,5.81445E+20,5.53044E+21,1.01346E+16,4.99208E+16
185762,9,7,76,116,2018,9,16,5,3,5,3,0,1,1,0,0,0,0,0,5.50078E+20,5.26759E+21,9.66569E+15,4.75598E+16
185763,9,5,76,143,2018,9,8,6,3,0,7,0,0,0,0,1,0,0,1,6.52375E+20,5.45775E+21,1.1094E+16,4.92535E+16
185764,9,6,76,144,2018,9,17,4,3,5,3,0,1,1,0,0,0,0,0,5.09389E+20,5.52961E+21,9.13079E+15,4.99188E+16
185765,9,7,61,0,2018,9,17,6,3,5,3,0,0,1,0,0,0,0,0,6.3946E+20,5.36008E+21,1.08834E+16,4.83784E+16
185766,9,6,76,125,2018,9,14,4,3,0,7,0,1,0,0,0,0,0,0,5.16437E+20,5.50763E+21,9.22804E+15,4.97209E+16
185767,9,5,62,0,2018,9,12,4,3,1,7,0,1,1,0,0,0,0,0,6.39592E+20,5.49616E+21,1.09319E+16,4.96019E+16
185768,9,5,63,0,2018,9,16,4,3,5,3,0,1,1,0,0,0,0,0,6.46374E+20,5.48486E+21,1.10215E+16,4.94987E+16
185769,9,5,64,0,2018,9,21,4,3,6,1,2,1,0,1,0,0,0,0,6.48313E+20,5.48339E+21,1.10477E+16,4.9485E+16
185770,9,7,79,194,2018,9,10,5,2,5,3,0,1,1,0,0,0,0,0,6.0964E+20,5.41257E+21,1.04947E+16,4.88564E+16
185771,9,1,74,115,2018,9,1,7,3,0,1,2,1,0,0,0,0,0,1,6.80706E+20,5.34784E+21,1.14347E+16,4.8258E+16
185772,9,5,64,0,2018,9,15,4,3,5,3,0,0,1,0,0,0,0,0,6.4954E+20,5.48336E+21,1.10647E+16,4.94845E+16
185773,9,5,64,0,2018,9,22,6,3,2,6,2,0,1,0,0,0,0,0,6.53841E+20,5.47769E+21,1.11218E+16,4.94324E+16
185774,9,5,64,0,2018,9,17,4,3,5,7,0,1,0,0,0,0,1,0,6.52545E+20,5.48212E+21,1.11057E+16,4.94726E+16
185775,9,5,64,0,2018,9,20,4,3,0,4,2,0,0,1,0,0,1,0,6.51613E+20,5.47811E+21,1.10913E+16,4.94367E+16
185776,9,5,71,193,2018,9,21,4,3,4,3,2,0,1,0,0,0,0,0,5.86154E+20,5.46994E+21,1.01869E+16,4.93761E+16
185777,9,4,79,152,2018,9,16,4,3,0,3,0,1,1,0,0,0,0,0,7.23519E+20,5.56232E+21,1.21302E+16,5.01708E+16
185778,9,4,62,0,2018,9,18,4,3,4,7,0,1,1,0,0,0,0,0,6.8273E+20,5.53469E+21,1.15465E+16,4.99366E+16
185779,9,4,62,0,2018,9,13,4,3,5,3,0,0,1,0,0,0,0,0,6.87883E+20,5.53474E+21,1.16183E+16,4.99355E+16
185780,9,4,62,0,2018,9,8,4,3,3,6,0,1,1,0,0,0,0,0,6.84123E+20,5.53567E+21,1.15664E+16,4.9945E+16
185781,9,7,73,125,2018,9,20,5,3,0,1,2,1,0,0,0,0,0,0,6.10199E+20,5.38211E+21,1.04942E+16,4.85823E+16
185782,9,1,84,119,2018,9,6,6,3,0,2,0,0,1,0,0,0,0,1,6.93937E+20,5.34746E+21,1.16126E+16,4.82506E+16
185783,9,4,61,0,2018,9,18,4,3,5,3,0,0,1,0,1,0,0,0,6.37158E+20,5.52716E+21,1.09092E+16,4.98811E+16
185784,9,5,75,153,2018,9,15,6,3,4,3,0,0,1,0,0,0,0,0,6.17112E+20,5.49308E+21,1.062E+16,4.9579E+16
185785,9,1,72,117,2018,9,18,3,2,8,1,0,1,0,0,0,0,0,0,7.99173E+20,5.28231E+21,1.29821E+16,4.76251E+16
185786,9,4,61,0,2018,9,8,4,3,0,5,0,1,1,0,0,0,0,0,6.37163E+20,5.52853E+21,1.09097E+16,4.98935E+16
185787,9,3,77,141,2018,9,6,4,2,8,1,2,0,1,0,0,0,0,0,7.31089E+20,5.53718E+21,1.22209E+16,4.99422E+16
185788,9,7,72,163,2018,9,16,5,3,2,6,0,0,1,0,0,0,0,0,6.40438E+20,5.34927E+21,1.0893E+16,4.8281E+16
185789,9,7,63,0,2018,9,8,6,3,5,3,0,0,1,0,0,0,0,0,5.99575E+20,5.28722E+21,1.0328E+16,4.77306E+16
185790,9,3,62,0,2018,9,17,4,3,5,2,0,1,1,0,0,0,0,0,7.26928E+20,5.43377E+21,1.21037E+16,4.90151E+16
185791,9,1,87,122,2018,9,15,6,3,0,1,0,1,0,0,0,0,0,0,7.18064E+20,5.30702E+21,1.19166E+16,4.78794E+16