OBJECTID_1,ULAND,UREGBEZ,UKREIS,UGEMEINDE,UJAHR,UMONAT,USTUNDE,UWOCHENTAG,UKATEGORIE,UART,UTYP1,ULICHTVERH,IstRad,IstPKW,IstFuss,IstKrad,IstGkfz,IstSonstig,STRZUSTAND,LINREFX,LINREFY,XGCSWGS84,YGCSWGS84
185792,9,7,72,125,2018,9,5,5,3,9,1,2,0,1,0,0,0,0,0,6.34972E+20,5.34795E+21,1.0819E+16,4.82704E+16
185793,9,1,62,0,2018,9,13,6,3,5,7,0,1,1,0,0,0,0,0,6.86362E+20,5.33128E+21,1.15036E+16,4.81075E+16
185794,9,3,62,0,2018,9,14,4,3,4,6,0,0,1,0,0,0,0,0,7.23455E+20,5.43433E+21,1.20566E+16,4.90213E+16
185795,9,3,63,0,2018,9,13,6,3,5,3,0,0,1,0,1,0,0,0,7.27418E+20,5.50695E+21,1.21521E+16,4.96721E+16
185796,9,2,71,141,2018,9,8,4,3,0,1,0,0,0,0,1,0,0,0,7.95366E+20,5.4015E+21,1.30143E+16,4.86965E+16
185797,9,2,75,154,2018,9,12,4,2,0,1,0,1,0,0,0,0,0,0,8.08544E+20,5.39507E+21,1.31881E+16,4.86325E+16
185798,9,2,75,117,2018,9,17,4,2,8,1,0,0,0,0,1,0,0,0,8.06272E+20,5.38814E+21,1.31523E+16,4.85714E+16
185799,9,7,61,0,2018,9,19,5,3,5,3,1,1,1,0,0,0,0,0,6.37669E+20,5.35856E+21,1.08587E+16,4.83652E+16
185800,9,2,62,0,2018,9,17,7,3,3,6,0,0,1,0,1,0,0,0,8.26987E+20,5.38852E+21,1.34326E+16,4.85643E+16
185801,9,2,75,154,2018,9,19,4,3,0,7,0,1,0,0,0,0,1,0,8.08707E+20,5.39337E+21,1.31891E+16,4.86171E+16
185802,9,7,72,202,2018,9,18,5,3,4,2,0,0,1,0,0,0,0,0,6.36796E+20,5.35982E+21,1.08474E+16,4.83767E+16
185803,9,7,61,0,2018,9,15,6,3,3,7,0,1,1,0,0,0,0,0,6.39238E+20,5.36018E+21,1.08804E+16,4.83794E+16
185804,9,2,74,184,2018,9,7,4,3,1,6,0,0,1,0,0,0,0,0,7.47246E+20,5.37185E+21,1.2344E+16,4.84512E+16
185805,9,1,62,0,2018,9,16,5,3,5,3,0,1,1,0,0,0,0,0,6.87551E+20,5.34135E+21,1.1524E+16,4.81977E+16
185806,9,1,90,140,2018,9,16,4,3,0,1,0,0,0,0,1,0,0,0,6.4562E+20,5.29514E+21,1.09444E+16,4.77932E+16
185807,9,1,90,154,2018,9,16,4,2,0,1,0,1,0,0,0,0,0,0,6.37711E+20,5.28602E+21,1.0836E+16,4.77129E+16
185808,9,1,73,135,2018,9,10,4,3,0,7,0,0,0,1,0,0,1,0,6.92119E+20,5.28365E+21,1.15597E+16,4.76777E+16
185809,9,7,61,0,2018,9,19,5,2,5,3,1,1,0,0,1,0,0,0,6.39271E+20,5.36227E+21,1.08816E+16,4.83982E+16
185810,9,1,83,148,2018,9,15,4,3,5,3,0,1,1,0,0,0,0,0,7.51961E+20,5.34427E+21,1.23911E+16,4.82016E+16
185811,9,1,89,150,2018,9,18,4,3,5,3,0,0,1,0,0,0,0,0,7.76589E+20,5.31937E+21,1.27058E+16,4.79678E+16
185812,9,1,72,128,2018,9,10,4,1,2,6,0,1,0,0,0,0,0,0,7.92424E+20,5.29823E+21,1.29032E+16,4.7771E+16
185813,9,7,71,158,2018,9,10,5,3,5,3,0,0,1,0,0,0,0,0,6.41412E+20,5.37266E+21,1.0914E+16,4.84912E+16
185814,9,2,79,127,2018,9,21,7,3,9,1,2,0,0,0,1,0,0,0,7.53128E+20,5.40256E+21,1.24421E+16,4.87246E+16
185815,9,1,63,0,2018,9,18,4,3,4,6,0,0,1,0,1,0,0,0,7.33939E+20,5.30291E+21,1.21264E+16,4.78369E+16
185816,9,5,74,112,2018,9,11,5,2,7,7,0,1,0,0,0,0,0,0,6.71943E+20,5.47295E+21,1.13692E+16,4.93849E+16
185817,9,6,75,149,2018,9,5,6,3,4,1,2,0,1,0,0,0,0,1,5.82465E+20,5.50442E+21,1.01433E+16,4.96866E+16
185818,9,1,63,0,2018,9,8,4,3,4,2,0,0,1,0,0,0,0,0,7.34558E+20,5.30428E+21,1.21354E+16,4.7849E+16
185819,9,1,82,114,2018,9,10,4,2,0,7,0,1,0,0,0,0,0,0,7.2092E+20,5.29041E+21,1.19463E+16,4.77292E+16
185820,9,1,62,0,2018,9,10,5,3,5,3,0,1,0,0,0,1,0,0,6.97617E+20,5.33793E+21,1.16577E+16,4.81639E+16
185821,9,1,87,117,2018,9,18,4,2,6,3,0,0,1,1,0,0,0,0,7.22732E+20,5.30427E+21,1.19775E+16,4.78531E+16
185822,9,1,61,0,2018,9,4,4,3,5,3,2,1,1,0,0,0,0,0,6.79169E+20,5.40575E+21,1.14389E+16,4.87789E+16
185823,9,5,64,0,2018,9,14,5,3,6,7,0,0,1,1,0,0,0,0,6.49674E+20,5.48079E+21,1.10655E+16,4.94613E+16
185824,9,1,77,113,2018,9,11,7,3,5,3,0,0,1,0,1,0,0,0,7.22488E+20,5.35275E+21,1.19995E+16,4.82888E+16
185825,9,1,61,0,2018,9,19,4,3,0,1,0,1,0,0,0,0,0,0,6.77976E+20,5.4028E+21,1.14214E+16,4.87527E+16
185826,9,5,63,0,2018,9,9,5,2,4,2,0,1,1,0,0,0,0,0,6.44478E+20,5.48434E+21,1.09952E+16,4.94945E+16
185827,9,5,64,0,2018,9,6,6,3,3,7,1,0,1,0,1,0,0,1,6.46233E+20,5.47721E+21,1.10168E+16,4.943E+16
185828,9,1,86,122,2018,9,13,4,2,2,2,0,1,0,0,1,0,0,0,6.92813E+20,5.39472E+21,1.16193E+16,4.86757E+16
185829,9,1,61,0,2018,9,13,7,3,9,1,0,0,1,0,0,0,0,0,6.76191E+20,5.40304E+21,1.13972E+16,4.87554E+16
185830,9,1,76,122,2018,9,15,4,3,4,2,0,0,1,0,0,0,0,0,6.62903E+20,5.40573E+21,1.12177E+16,4.87832E+16
185831,9,5,64,0,2018,9,19,5,3,2,6,0,0,1,0,1,0,0,0,6.50841E+20,5.47921E+21,1.1081E+16,4.94468E+16
185832,9,5,74,112,2018,9,7,6,3,6,2,0,0,1,1,0,0,0,0,6.70597E+20,5.47295E+21,1.13507E+16,4.93853E+16
185833,9,1,88,139,2018,9,16,4,3,0,1,0,0,0,0,1,0,0,0,6.76362E+20,5.3223E+21,1.13657E+16,4.80297E+16
185834,9,1,88,145,2018,9,17,4,3,0,4,0,1,0,1,0,0,0,0,6.625E+20,5.32643E+21,1.11814E+16,4.80705E+16
185835,9,1,88,120,2018,9,17,4,3,5,3,0,1,0,0,0,0,0,0,6.73282E+20,5.32605E+21,1.13259E+16,4.80642E+16
185836,9,1,81,139,2018,9,16,4,3,0,7,0,1,1,0,0,0,0,0,6.56552E+20,5.32432E+21,1.11009E+16,4.80529E+16
185837,9,6,63,0,2018,9,14,5,3,5,7,0,0,1,0,1,0,0,0,5.71365E+20,5.51621E+21,9.99156E+15,4.97941E+16
185838,9,1,62,0,2018,9,6,6,3,5,3,1,0,1,0,0,1,0,1,6.83956E+20,5.33921E+21,1.14747E+16,4.81794E+16
185839,9,1,74,113,2018,9,17,4,3,4,6,0,0,1,0,1,0,0,0,6.75334E+20,5.34656E+21,1.13619E+16,4.8248E+16
185840,9,4,63,0,2018,9,9,6,3,2,6,0,0,1,0,0,1,0,0,6.40431E+20,5.56753E+21,1.09695E+16,5.02432E+16
185841,9,1,78,144,2018,9,15,4,3,6,4,0,0,1,1,0,0,0,0,7.07095E+20,5.38008E+21,1.18058E+16,4.85396E+16
185842,9,1,78,124,2018,9,18,4,3,0,6,0,1,0,0,0,0,0,0,7.03682E+20,5.36473E+21,1.17521E+16,4.84028E+16
185843,9,1,62,0,2018,9,9,3,3,1,6,0,0,1,0,0,0,0,0,6.92729E+20,5.33008E+21,1.15885E+16,4.80948E+16
185844,9,1,62,0,2018,9,12,3,3,1,6,0,0,1,0,0,0,0,0,6.88042E+20,5.33966E+21,1.15298E+16,4.81823E+16
185845,9,1,62,0,2018,9,13,3,3,5,3,0,1,1,0,0,0,0,1,6.86022E+20,5.33017E+21,1.14985E+16,4.80976E+16
185846,9,6,75,178,2018,9,17,5,2,0,7,0,0,0,0,0,0,1,1,5.96685E+20,5.51611E+21,1.03433E+16,4.97897E+16
185847,9,7,64,0,2018,9,11,6,3,5,2,0,1,1,0,0,0,0,0,5.87046E+20,5.31727E+21,1.0167E+16,4.80028E+16
185848,9,1,62,0,2018,9,18,3,3,3,6,0,0,1,0,1,0,0,1,6.94015E+20,5.33641E+21,1.16086E+16,4.81513E+16
185849,9,3,76,161,2018,9,18,6,3,5,2,0,1,1,0,0,0,0,0,7.26537E+20,5.46861E+21,1.2118E+16,4.93282E+16
185850,9,1,62,0,2018,9,17,5,3,5,2,0,1,1,0,0,0,0,0,6.86421E+20,5.33755E+21,1.15071E+16,4.81638E+16
185851,9,1,62,0,2018,9,20,3,3,5,3,2,1,1,0,0,0,0,0,6.9067E+20,5.33845E+21,1.15646E+16,4.81707E+16
185852,9,1,84,130,2018,9,16,3,2,8,1,0,0,0,0,1,0,0,0,7.01444E+20,5.34361E+21,1.17118E+16,4.82137E+16
185853,9,1,62,0,2018,9,11,3,3,6,4,0,0,0,1,0,0,1,1,6.90819E+20,5.33476E+21,1.1565E+16,4.81374E+16
185854,9,6,71,121,2018,9,8,5,3,5,3,0,0,1,0,0,0,0,0,5.13245E+20,5.53778E+21,9.18479E+15,4.99922E+16
185855,9,2,72,121,2018,9,21,7,2,8,1,2,0,0,0,1,0,0,0,8.39295E+20,5.41427E+21,1.362E+16,4.87887E+16
185856,9,1,62,0,2018,9,14,3,3,4,2,0,0,1,0,0,0,0,0,6.86764E+20,5.33695E+21,1.15115E+16,4.81583E+16
185857,9,5,62,0,2018,9,16,5,3,2,6,0,0,1,0,1,0,0,0,6.45541E+20,5.49409E+21,1.10135E+16,4.95819E+16
185858,9,7,61,0,2018,9,11,6,3,0,7,0,1,0,0,0,0,0,0,6.41964E+20,5.36098E+21,1.09175E+16,4.8386E+16
185859,9,1,62,0,2018,9,18,3,3,5,2,0,1,1,0,0,0,0,0,6.8286E+20,5.33556E+21,1.14584E+16,4.8147E+16
185860,9,1,62,0,2018,9,5,3,3,2,7,2,0,1,0,0,0,0,1,6.98214E+20,5.33366E+21,1.16637E+16,4.81253E+16
185861,9,7,77,129,2018,9,16,6,3,5,3,0,1,1,0,0,0,0,0,6.26108E+20,5.26966E+21,1.06766E+16,4.75681E+16
185862,9,1,84,119,2018,9,9,3,3,4,2,0,1,1,0,0,0,0,1,6.98153E+20,5.34876E+21,1.167E+16,4.82611E+16
185863,9,1,79,142,2018,9,10,6,3,6,7,0,0,1,1,0,0,0,0,6.72992E+20,5.34205E+21,1.13285E+16,4.82081E+16
185864,9,7,75,135,2018,9,11,3,3,1,7,0,0,1,0,1,0,0,0,5.77357E+20,5.3617E+21,1.00452E+16,4.84037E+16
185865,9,7,77,151,2018,9,16,3,3,4,2,0,0,1,0,0,0,0,0,6.21135E+20,5.29345E+21,1.06171E+16,4.7783E+16
185866,9,7,77,151,2018,9,7,3,3,1,7,0,0,1,0,1,0,0,1,6.21067E+20,5.29166E+21,1.06157E+16,4.77669E+16
185867,9,1,83,128,2018,9,4,7,3,0,7,2,0,1,1,0,0,0,1,7.60113E+20,5.34974E+21,1.2504E+16,4.82475E+16
185868,9,7,72,215,2018,9,9,3,2,5,3,0,0,1,0,0,0,1,1,6.35355E+20,5.34477E+21,1.08231E+16,4.82417E+16
185869,9,5,62,0,2018,9,2,6,3,0,6,2,1,1,0,0,0,0,1,6.44027E+20,5.49254E+21,1.09919E+16,4.95683E+16
185870,9,7,61,0,2018,9,18,3,3,6,4,1,0,1,1,0,0,0,0,6.39378E+20,5.36081E+21,1.08825E+16,4.8385E+16
185871,9,7,61,0,2018,9,8,3,2,5,3,0,0,1,0,0,0,0,1,6.39738E+20,5.35644E+21,1.0886E+16,4.83456E+16
185872,9,6,76,122,2018,9,15,3,3,0,1,0,1,0,0,0,0,0,0,5.11076E+20,5.5168E+21,9.15393E+15,4.98035E+16
185873,9,5,63,0,2018,9,21,3,3,0,7,2,1,1,1,0,0,0,0,6.44901E+20,5.48067E+21,1.09997E+16,4.94614E+16
185874,9,5,63,0,2018,9,14,3,3,0,7,0,1,1,0,0,0,0,0,6.44002E+20,5.48215E+21,1.09878E+16,4.94749E+16
185875,9,5,64,0,2018,9,18,3,3,2,6,0,0,1,0,1,0,0,0,6.47729E+20,5.47479E+21,1.10365E+16,4.94078E+16
185876,9,1,79,145,2018,9,19,7,3,5,3,0,1,0,0,0,0,0,0,6.74456E+20,5.33731E+21,1.13463E+16,4.81651E+16
185877,9,5,64,0,2018,9,16,3,3,5,3,0,0,1,0,0,0,1,0,6.50676E+20,5.47766E+21,1.10782E+16,4.9433E+16
185878,9,5,64,0,2018,9,19,6,3,5,3,0,1,1,0,0,0,0,0,6.52014E+20,5.47962E+21,1.10974E+16,4.94502E+16
185879,9,5,64,0,2018,9,7,3,3,4,6,0,0,1,0,0,0,0,1,6.5047E+20,5.48076E+21,1.10765E+16,4.94608E+16
185880,9,5,77,136,2018,9,9,3,3,5,3,0,1,1,0,0,0,0,0,6.28748E+20,5.44255E+21,1.07646E+16,4.91223E+16
185881,9,4,79,136,2018,9,21,3,3,5,3,2,0,1,0,1,0,0,0,7.20749E+20,5.54315E+21,1.20804E+16,4.99998E+16
185882,9,4,64,0,2018,9,16,3,3,6,4,0,0,1,1,0,0,0,0,7.07145E+20,5.57731E+21,1.19094E+16,5.03115E+16
185883,9,1,62,0,2018,9,18,6,3,1,5,0,1,1,0,0,0,0,0,6.93961E+20,5.33369E+21,1.16067E+16,4.81269E+16
185884,9,1,62,0,2018,9,9,5,3,2,6,0,0,1,0,0,0,0,0,6.94633E+20,5.34289E+21,1.16199E+16,4.82094E+16
185885,9,4,78,165,2018,9,12,3,3,2,6,0,0,1,0,0,0,0,0,6.41807E+20,5.55213E+21,1.09831E+16,5.01045E+16
185886,9,4,76,146,2018,9,11,3,3,0,7,0,1,0,0,0,0,0,0,6.62188E+20,5.56269E+21,1.12723E+16,5.01942E+16
185887,9,1,62,0,2018,9,12,6,3,5,2,0,1,0,0,0,0,1,1,6.91708E+20,5.34092E+21,1.15797E+16,4.81926E+16
185888,9,4,62,0,2018,9,18,3,3,6,7,1,0,1,1,0,0,0,0,6.85917E+20,5.53281E+21,1.159E+16,4.99187E+16
185889,9,5,64,0,2018,9,11,6,3,0,1,0,0,0,0,1,0,0,0,6.52483E+20,5.47962E+21,1.11038E+16,4.94501E+16
185890,9,1,62,0,2018,9,8,2,3,5,2,0,1,1,0,0,0,0,0,6.90266E+20,5.33617E+21,1.15582E+16,4.81503E+16
185891,9,3,76,162,2018,9,15,3,3,0,3,0,1,0,0,0,0,1,0,7.32823E+20,5.47635E+21,1.22089E+16,4.93952E+16
185892,9,7,74,143,2018,9,18,6,3,5,3,0,0,1,0,0,0,0,0,5.97404E+20,5.35828E+21,1.03152E+16,4.83702E+16
185893,9,1,89,162,2018,9,15,3,2,1,7,0,1,1,0,0,0,0,0,7.78884E+20,5.31611E+21,1.27344E+16,4.79375E+16
185894,9,1,83,148,2018,9,13,6,2,6,2,1,0,1,1,0,0,0,1,7.52798E+20,5.34472E+21,1.24027E+16,4.82053E+16
185895,9,1,62,0,2018,9,18,5,3,1,5,0,1,1,0,0,0,0,0,6.86293E+20,5.33724E+21,1.15053E+16,4.81611E+16
185896,9,2,77,116,2018,9,12,3,3,0,6,0,0,1,0,1,0,0,1,7.78432E+20,5.36628E+21,1.27612E+16,4.83881E+16
185897,9,2,79,112,2018,9,4,3,3,5,3,2,0,1,0,0,0,1,1,7.56555E+20,5.39401E+21,1.24833E+16,4.86464E+16
185898,9,7,77,151,2018,9,7,3,3,2,6,0,0,1,0,0,0,0,0,6.20965E+20,5.293E+21,1.06147E+16,4.7779E+16
185899,9,1,62,0,2018,9,11,2,3,5,2,0,1,1,0,0,0,0,0,6.93008E+20,5.33532E+21,1.15946E+16,4.81418E+16
185900,9,1,79,121,2018,9,16,4,3,5,2,0,1,1,0,0,0,0,0,6.65701E+20,5.33637E+21,1.12282E+16,4.8159E+16
185901,9,1,62,0,2018,9,15,2,3,5,2,0,0,1,0,0,0,0,0,6.89045E+20,5.33556E+21,1.15415E+16,4.81452E+16
185902,9,1,62,0,2018,9,16,2,3,6,4,0,0,0,1,0,0,1,0,6.90507E+20,5.33502E+21,1.15609E+16,4.81399E+16
185903,9,1,62,0,2018,9,17,2,2,5,3,0,0,1,0,1,0,0,0,6.86491E+20,5.33106E+21,1.15052E+16,4.81055E+16
185904,9,7,79,197,2018,9,8,3,3,6,7,0,0,1,1,0,0,0,0,6.17415E+20,5.42384E+21,1.06039E+16,4.89563E+16
185905,9,1,62,0,2018,9,13,2,2,4,2,0,1,1,0,0,0,0,0,6.90453E+20,5.3331E+21,1.15593E+16,4.81227E+16
185906,9,1,62,0,2018,9,8,2,3,3,6,0,1,1,1,0,0,0,0,6.89039E+20,5.33619E+21,1.15417E+16,4.81508E+16
185907,9,1,62,0,2018,9,23,3,3,0,7,2,1,0,0,0,0,0,0,6.93568E+20,5.33339E+21,1.16013E+16,4.81243E+16
185908,9,1,62,0,2018,9,8,2,3,5,2,0,1,1,0,0,0,0,0,6.86261E+20,5.33226E+21,1.15027E+16,4.81163E+16
185909,9,1,62,0,2018,9,17,2,3,5,3,0,0,1,0,0,0,0,0,6.96649E+20,5.33802E+21,1.16448E+16,4.8165E+16
185910,9,7,79,224,2018,9,9,3,3,5,3,0,0,1,0,0,0,0,0,6.08058E+20,5.41578E+21,1.0474E+16,4.88856E+16
185911,9,1,62,0,2018,9,13,2,3,3,2,0,1,1,0,0,0,0,0,6.9208E+20,5.3366E+21,1.15827E+16,4.81536E+16
185912,9,1,62,0,2018,9,8,2,3,5,2,0,1,1,0,0,0,0,0,6.92322E+20,5.33752E+21,1.15864E+16,4.81618E+16
185913,9,7,79,169,2018,9,23,3,2,8,1,2,0,0,0,1,0,0,0,6.31236E+20,5.4055E+21,1.07867E+16,4.87886E+16
185914,9,7,75,134,2018,9,7,2,3,0,7,0,1,0,0,0,0,1,0,5.84905E+20,5.36485E+21,1.01478E+16,4.84311E+16
185915,9,7,72,168,2018,9,11,3,3,5,3,0,0,1,0,0,0,0,0,6.19121E+20,5.34697E+21,1.06051E+16,4.82647E+16
185916,9,7,75,135,2018,9,11,2,3,2,6,0,0,1,0,0,0,0,0,5.75264E+20,5.36041E+21,1.00167E+16,4.83923E+16
185917,9,7,75,129,2018,9,16,2,2,5,3,0,0,1,0,1,0,0,0,5.81135E+20,5.34227E+21,1.00925E+16,4.82285E+16
185918,9,1,62,0,2018,9,13,3,3,5,2,0,0,1,0,0,0,1,0,6.93874E+20,5.33396E+21,1.16056E+16,4.81293E+16
185919,9,7,80,118,2018,9,6,2,3,4,2,1,1,0,0,0,0,1,0,5.95702E+20,5.26594E+21,1.02717E+16,4.75399E+16
185920,9,7,80,139,2018,9,14,2,3,0,1,0,0,0,0,1,0,0,0,5.99963E+20,5.26209E+21,1.03274E+16,4.75046E+16
185921,9,7,72,125,2018,9,18,3,3,5,3,0,1,1,0,0,0,0,0,6.34994E+20,5.34795E+21,1.08192E+16,4.82704E+16
185922,9,7,76,116,2018,9,16,2,3,5,3,0,1,0,0,0,0,0,0,5.53139E+20,5.26665E+21,9.70626E+15,4.75511E+16
185923,9,7,72,163,2018,9,17,3,3,1,6,0,0,1,0,0,0,0,0,6.41222E+20,5.34761E+21,1.0903E+16,4.82659E+16
185924,9,7,76,116,2018,9,19,2,3,0,1,1,1,0,0,0,0,0,0,5.49476E+20,5.26726E+21,9.65765E+15,4.75569E+16
185925,9,1,61,0,2018,9,10,4,3,2,6,0,0,1,0,0,0,0,0,6.77048E+20,5.40527E+21,1.14099E+16,4.87752E+16
185926,9,7,80,145,2018,9,14,2,3,0,7,0,1,0,0,0,0,0,0,6.05428E+20,5.27482E+21,1.0403E+16,4.76182E+16
185927,9,7,61,0,2018,9,18,3,3,5,3,0,0,1,0,0,0,0,0,6.43203E+20,5.36012E+21,1.09339E+16,4.83779E+16
185928,9,7,72,163,2018,9,11,2,3,2,1,0,0,1,0,0,0,0,0,6.39891E+20,5.34938E+21,1.08857E+16,4.82821E+16
185929,9,7,61,0,2018,9,17,2,3,5,3,0,1,1,0,0,0,0,0,6.38316E+20,5.36238E+21,1.08687E+16,4.83994E+16
185930,9,1,84,134,2018,9,18,3,2,8,1,0,0,0,0,1,0,0,0,6.91524E+20,5.3207E+21,1.15681E+16,4.80108E+16
185931,9,7,61,0,2018,9,9,2,3,5,2,0,1,1,0,0,0,0,0,6.3804E+20,5.35585E+21,1.08629E+16,4.83407E+16
185932,9,7,61,0,2018,9,15,2,3,3,2,0,1,1,0,0,0,0,0,6.40786E+20,5.35924E+21,1.0901E+16,4.83706E+16
185933,9,7,61,0,2018,9,18,3,3,0,1,0,1,0,0,0,0,0,0,6.39203E+20,5.35793E+21,1.08792E+16,4.83592E+16
185934,9,6,63,0,2018,9,14,2,3,5,3,0,1,1,0,0,0,0,0,5.64308E+20,5.51725E+21,9.8937E+15,4.98042E+16
185935,9,7,61,0,2018,9,16,3,3,0,1,0,0,0,0,1,0,0,0,6.41264E+20,5.35229E+21,1.09051E+16,4.8308E+16
185936,9,6,62,0,2018,9,16,2,3,5,7,0,0,1,0,0,0,0,0,5.85186E+20,5.5458E+21,1.01901E+16,5.00584E+16
185937,9,1,79,126,2018,9,16,4,3,0,1,0,1,0,0,0,0,0,0,6.77479E+20,5.34017E+21,1.13881E+16,4.819E+16
185938,9,6,71,139,2018,9,17,2,3,0,7,0,0,0,0,1,0,0,0,5.23027E+20,5.5396E+21,9.32136E+15,5.00083E+16
185939,9,7,75,135,2018,9,6,3,3,0,1,0,1,0,0,0,0,0,0,5.75518E+20,5.36216E+21,1.00205E+16,4.84081E+16
185940,9,5,62,0,2018,9,19,2,3,0,7,2,1,0,0,0,0,0,0,6.42736E+20,5.49569E+21,1.09752E+16,4.95969E+16
185941,9,6,63,0,2018,9,12,3,2,5,2,0,1,1,0,0,0,0,0,5.67497E+20,5.51506E+21,9.93762E+15,4.97842E+16
185942,9,1,62,0,2018,9,19,3,3,2,6,0,1,0,0,0,0,0,0,6.88505E+20,5.33739E+21,1.15351E+16,4.81618E+16
185943,9,5,62,0,2018,9,17,2,3,1,5,0,1,1,0,0,0,0,0,6.45568E+20,5.49574E+21,1.10144E+16,4.95967E+16
185944,9,5,62,0,2018,9,9,2,3,5,3,0,1,1,0,0,0,0,0,6.44006E+20,5.49443E+21,1.09924E+16,4.95853E+16
185945,9,6,75,174,2018,9,15,3,3,5,3,0,1,1,0,0,0,0,0,5.87949E+20,5.52441E+21,1.02238E+16,4.98656E+16
185946,9,5,62,0,2018,9,8,2,3,6,7,0,0,1,1,0,0,0,0,6.45141E+20,5.49653E+21,1.10088E+16,4.96039E+16
185947,9,6,76,169,2018,9,10,3,3,5,3,0,0,1,0,1,0,0,0,5.12281E+20,5.51502E+21,9.17061E+15,4.97875E+16
185948,9,5,65,0,2018,9,19,2,3,5,3,1,1,1,0,0,0,0,0,6.47172E+20,5.46542E+21,1.10253E+16,4.93238E+16
185949,9,1,74,115,2018,9,10,4,3,6,3,0,0,1,1,0,0,0,0,6.82999E+20,5.34801E+21,1.14657E+16,4.82588E+16
185950,9,5,74,146,2018,9,18,2,3,0,6,0,0,1,0,1,0,0,0,6.70797E+20,5.48546E+21,1.13588E+16,4.94977E+16
185951,9,5,64,0,2018,9,16,2,3,2,6,0,0,1,0,0,0,0,0,6.49246E+20,5.47916E+21,1.1059E+16,4.94468E+16
185952,9,5,63,0,2018,9,7,3,3,1,6,0,0,1,0,0,0,0,0,6.41719E+20,5.4813E+21,1.0956E+16,4.94678E+16
185953,9,5,64,0,2018,9,16,2,3,5,2,0,0,1,0,1,0,0,0,6.51505E+20,5.47863E+21,1.109E+16,4.94415E+16
185954,9,5,64,0,2018,9,18,3,3,5,3,0,1,1,0,0,0,0,0,6.51268E+20,5.47772E+21,1.10863E+16,4.94333E+16
185955,9,5,64,0,2018,9,6,2,3,2,7,1,0,1,0,1,0,0,0,6.4629E+20,5.47727E+21,1.10176E+16,4.94305E+16
185956,9,5,64,0,2018,9,20,2,3,4,3,2,1,1,0,0,0,0,0,6.5092E+20,5.47851E+21,1.10819E+16,4.94405E+16
185957,9,5,71,193,2018,9,8,2,3,0,1,0,0,0,0,0,0,1,0,5.8616E+20,5.46937E+21,1.01868E+16,4.9371E+16
185958,9,5,64,0,2018,9,18,3,3,0,6,0,0,1,0,1,0,0,0,6.49897E+20,5.47836E+21,1.10677E+16,4.94394E+16
185959,9,5,71,145,2018,9,10,2,2,0,7,0,1,0,0,0,0,0,0,5.9801E+20,5.44621E+21,1.03443E+16,4.91609E+16
185960,9,1,62,0,2018,9,21,3,3,0,1,2,1,0,0,0,0,0,0,6.92321E+20,5.33786E+21,1.15865E+16,4.81649E+16
185961,9,5,71,174,2018,9,8,2,3,0,1,0,1,0,0,0,0,0,0,6.02965E+20,5.46105E+21,1.04161E+16,4.92935E+16
185962,9,5,61,0,2018,9,8,2,3,6,6,0,0,1,1,0,0,0,0,6.15502E+20,5.46228E+21,1.05888E+16,4.93024E+16
185963,9,5,64,0,2018,9,15,3,3,2,6,0,0,1,0,0,0,0,0,6.49846E+20,5.47956E+21,1.10675E+16,4.94502E+16
185964,9,4,64,0,2018,9,6,2,3,0,1,1,1,0,0,0,0,0,0,7.07982E+20,5.57785E+21,1.19215E+16,5.0316E+16
185965,9,5,64,0,2018,9,0,3,3,5,3,2,0,1,0,0,0,0,0,6.49985E+20,5.47708E+21,1.10684E+16,4.94279E+16
185966,9,3,77,119,2018,9,9,2,3,5,3,0,0,1,0,0,0,0,0,7.25515E+20,5.53441E+21,1.21417E+16,4.99194E+16
185967,9,3,73,147,2018,9,14,2,3,5,3,0,1,1,0,0,0,0,0,6.80206E+20,5.46217E+21,1.14781E+16,4.92857E+16
185968,9,1,62,0,2018,9,20,3,3,4,2,2,0,1,0,0,0,0,0,6.86239E+20,5.33226E+21,1.15024E+16,4.81163E+16
185969,9,3,61,0,2018,9,18,2,3,2,6,0,0,1,0,0,0,0,0,7.07622E+20,5.48117E+21,1.18645E+16,4.94477E+16
185970,9,3,61,0,2018,9,15,2,3,2,6,0,0,1,0,0,0,0,0,7.06893E+20,5.48008E+21,1.18539E+16,4.94381E+16
185971,9,5,61,0,2018,9,10,3,3,0,1,0,1,0,0,0,0,0,0,6.10929E+20,5.46394E+21,1.05264E+16,4.93181E+16
185972,9,2,75,151,2018,9,16,2,3,0,7,0,1,0,0,0,0,0,0,8.24226E+20,5.39543E+21,1.34007E+16,4.86278E+16
185973,9,1,62,0,2018,9,15,3,3,5,6,0,1,1,0,0,0,0,0,6.88572E+20,5.33475E+21,1.15348E+16,4.8138E+16
185974,9,2,74,134,2018,9,13,2,3,3,6,0,1,1,0,0,0,0,0,7.37514E+20,5.37289E+21,1.22132E+16,4.84643E+16
185975,9,2,61,0,2018,9,8,2,3,0,7,0,1,0,0,0,0,0,0,7.33369E+20,5.38191E+21,1.21622E+16,4.85468E+16
185976,9,4,79,136,2018,9,18,3,3,0,7,0,0,0,0,1,0,0,0,7.213E+20,5.54441E+21,1.20888E+16,5.00109E+16
185977,9,1,73,126,2018,9,9,2,3,4,2,0,1,1,0,0,0,0,0,6.84291E+20,5.30627E+21,1.14651E+16,4.78833E+16
185978,9,4,73,120,2018,9,19,3,3,0,7,0,1,0,0,0,0,0,0,6.42772E+20,5.57203E+21,1.1004E+16,5.02831E+16