OBJECTID_1,ULAND,UREGBEZ,UKREIS,UGEMEINDE,UJAHR,UMONAT,USTUNDE,UWOCHENTAG,UKATEGORIE,UART,UTYP1,ULICHTVERH,IstRad,IstPKW,IstFuss,IstKrad,IstGkfz,IstSonstig,STRZUSTAND,LINREFX,LINREFY,XGCSWGS84,YGCSWGS84
186911,9,2,71,119,2018,9,7,5,3,0,7,0,0,0,0,1,1,0,0,7.90787E+20,5.41824E+21,1.29641E+16,4.88489E+16
186912,9,7,61,0,2018,9,16,3,3,5,1,0,1,0,0,0,0,0,0,6.39152E+20,5.3579E+21,1.08785E+16,4.83589E+16
186913,9,2,75,124,2018,9,14,5,3,2,6,0,0,1,0,0,0,0,0,8.1054E+20,5.37434E+21,1.31997E+16,4.84455E+16
186914,9,7,61,0,2018,9,17,3,3,0,1,0,1,0,1,0,0,0,0,6.40425E+20,5.3523E+21,1.08938E+16,4.83083E+16
186915,9,7,61,0,2018,9,15,3,3,2,3,0,1,0,0,0,0,1,0,6.39678E+20,5.3589E+21,1.0886E+16,4.83678E+16
186916,9,2,72,151,2018,9,15,5,3,0,1,0,0,1,0,0,0,0,0,8.38977E+20,5.40726E+21,1.36099E+16,4.87261E+16
186917,9,7,61,0,2018,9,15,3,3,0,1,0,1,0,0,0,0,0,0,6.41336E+20,5.35922E+21,1.09084E+16,4.83703E+16
186918,9,2,77,121,2018,9,15,5,3,1,7,0,0,1,0,1,0,0,0,7.63517E+20,5.37094E+21,1.2563E+16,4.84364E+16
186919,9,7,71,156,2018,9,18,3,2,5,3,0,1,1,0,0,0,0,0,6.51918E+20,5.37943E+21,1.10586E+16,4.85495E+16
186920,9,1,90,139,2018,9,8,5,3,5,3,0,0,1,0,0,0,0,0,6.54588E+20,5.2951E+21,1.10641E+16,4.77907E+16
186921,9,1,73,126,2018,9,12,5,3,1,5,0,0,1,0,0,0,0,0,6.84331E+20,5.3055E+21,1.14653E+16,4.78764E+16
186922,9,6,63,0,2018,9,16,3,3,5,2,0,0,1,0,0,0,0,0,5.68047E+20,5.51269E+21,9.94485E+15,4.97628E+16
186923,9,1,72,134,2018,9,7,5,3,5,3,0,0,1,0,0,0,0,0,7.91522E+20,5.30778E+21,1.28976E+16,4.78572E+16
186924,9,6,63,0,2018,9,10,3,3,0,1,0,1,0,0,0,0,0,0,5.67146E+20,5.5165E+21,9.933E+15,4.97972E+16
186925,9,1,72,115,2018,9,18,5,2,6,4,0,0,1,1,0,0,0,0,7.92132E+20,5.29242E+21,1.28954E+16,4.7719E+16
186926,9,6,74,163,2018,9,20,3,3,0,7,2,0,0,0,1,0,0,0,6.09803E+20,5.53879E+21,1.05319E+16,4.99914E+16
186927,9,1,63,0,2018,9,7,5,3,5,3,0,1,1,0,0,0,0,0,7.31169E+20,5.3038E+21,1.20899E+16,4.78459E+16
186928,9,6,72,135,2018,9,20,3,3,0,1,2,0,1,0,0,0,0,0,5.84546E+20,5.56627E+21,1.01857E+16,5.02425E+16
186929,9,6,62,0,2018,9,16,3,3,0,7,0,1,1,0,0,0,0,0,5.88181E+20,5.54461E+21,1.02316E+16,5.00473E+16
186930,9,1,87,177,2018,9,11,5,3,5,3,0,1,1,0,0,0,0,0,7.35685E+20,5.30527E+21,1.2151E+16,4.78575E+16
186931,9,6,76,169,2018,9,18,3,2,5,3,0,0,1,0,1,0,0,0,5.11529E+20,5.51558E+21,9.16018E+15,4.97926E+16
186932,9,6,61,0,2018,9,11,3,3,5,3,0,0,1,0,0,0,0,0,5.13047E+20,5.53586E+21,9.18195E+15,4.9975E+16
186933,9,1,82,119,2018,9,17,5,2,9,7,0,0,1,0,0,0,0,0,7.10349E+20,5.2906E+21,1.18056E+16,4.77345E+16
186934,9,6,71,111,2018,9,16,3,2,0,4,0,0,1,1,0,0,0,0,5.05277E+20,5.54825E+21,9.07377E+15,5.00865E+16
186935,9,1,82,125,2018,9,12,5,3,0,7,0,1,0,0,0,0,0,0,7.11329E+20,5.29594E+21,1.18213E+16,4.77821E+16
186936,9,5,72,135,2018,9,12,3,3,5,3,0,1,1,0,0,0,0,0,6.30382E+20,5.50717E+21,1.08082E+16,4.97029E+16
186937,9,5,64,0,2018,9,18,1,3,5,3,0,1,0,0,1,0,0,1,6.54218E+20,5.47908E+21,1.11275E+16,4.94448E+16
186938,9,5,64,0,2018,9,9,1,3,0,1,0,0,0,0,1,0,0,1,6.50834E+20,5.47974E+21,1.10811E+16,4.94515E+16
186939,9,5,64,0,2018,9,12,1,3,2,6,0,0,1,0,0,0,0,1,6.51401E+20,5.48022E+21,1.10891E+16,4.94558E+16
186940,9,5,64,0,2018,9,15,1,2,0,7,0,1,0,0,0,0,0,0,6.50987E+20,5.47757E+21,1.10824E+16,4.94321E+16
186941,9,5,73,134,2018,9,9,1,3,0,1,0,1,0,0,0,0,0,1,6.41843E+20,5.47843E+21,1.09567E+16,4.9442E+16
186942,9,5,71,139,2018,9,19,1,3,7,7,2,0,1,0,0,0,0,0,5.99999E+20,5.43949E+21,1.03699E+16,4.91001E+16
186943,9,4,78,139,2018,9,18,1,2,8,1,1,0,1,0,0,0,0,1,6.53098E+20,5.55695E+21,1.11428E+16,5.0145E+16
186944,9,3,62,0,2018,9,22,1,3,5,3,2,0,1,0,0,0,0,1,7.27213E+20,5.43092E+21,1.2106E+16,4.89893E+16
186945,9,3,71,126,2018,9,21,1,3,5,3,2,0,1,0,0,0,0,1,7.03299E+20,5.49093E+21,1.181E+16,4.95369E+16
186946,9,2,71,153,2018,9,13,1,2,9,7,0,0,1,0,0,0,0,1,7.96873E+20,5.40485E+21,1.30371E+16,4.87258E+16
186947,9,2,77,121,2018,9,19,1,2,8,1,2,1,0,0,0,0,0,0,7.61983E+20,5.37312E+21,1.25437E+16,4.84566E+16
186948,9,2,61,0,2018,9,20,1,3,0,7,2,1,0,0,0,0,0,1,7.3267E+20,5.38159E+21,1.21526E+16,4.85442E+16
186949,9,2,79,122,2018,9,17,1,2,8,1,0,1,0,0,0,0,0,1,7.71948E+20,5.39763E+21,1.26942E+16,4.86724E+16
186950,9,2,79,134,2018,9,17,1,3,0,7,0,1,0,0,0,0,0,0,7.69597E+20,5.37963E+21,1.26507E+16,4.85118E+16
186951,9,2,79,127,2018,9,17,1,3,0,7,0,1,0,0,0,0,0,0,7.56906E+20,5.40582E+21,1.24954E+16,4.87524E+16
186952,9,1,80,123,2018,9,19,1,3,5,3,1,1,1,0,0,0,0,0,6.70226E+20,5.25681E+21,1.12578E+16,4.74425E+16
186953,9,1,83,148,2018,9,17,1,3,4,2,0,0,1,0,0,0,0,0,7.5304E+20,5.34508E+21,1.24061E+16,4.82084E+16
186954,9,6,76,158,2018,9,7,3,3,4,1,0,0,1,0,0,0,0,1,5.29487E+20,5.51637E+21,9.40974E+15,4.9799E+16
186955,9,1,82,125,2018,9,14,1,2,0,7,0,1,0,0,0,0,0,1,7.15075E+20,5.2945E+21,1.18705E+16,4.7768E+16
186956,9,6,61,0,2018,9,14,3,3,2,6,0,0,1,0,1,0,0,0,5.10709E+20,5.53657E+21,9.14937E+15,4.99814E+16
186957,9,5,62,0,2018,9,13,3,3,4,2,0,1,1,0,0,0,0,0,6.45111E+20,5.4946E+21,1.10077E+16,4.95866E+16
186958,9,1,79,142,2018,9,17,1,3,5,3,0,1,0,0,0,0,0,0,6.75136E+20,5.3425E+21,1.13575E+16,4.82115E+16
186959,9,5,72,121,2018,9,11,3,3,2,6,0,0,1,0,0,0,1,0,6.58694E+20,5.49304E+21,1.11949E+16,4.95691E+16
186960,9,1,79,136,2018,9,16,1,2,6,4,0,1,0,1,0,0,0,0,6.61213E+20,5.34234E+21,1.11702E+16,4.82138E+16
186961,9,5,74,123,2018,9,17,3,2,0,1,0,0,0,0,1,0,0,0,6.60419E+20,5.47179E+21,1.12101E+16,4.93777E+16
186962,9,5,64,0,2018,9,14,3,3,5,3,0,0,1,0,1,0,0,0,6.46101E+20,5.47984E+21,1.10159E+16,4.94536E+16
186963,9,1,78,120,2018,9,17,1,3,8,1,0,0,1,0,0,0,0,0,6.95177E+20,5.35354E+21,1.16321E+16,4.83049E+16
186964,9,5,64,0,2018,9,8,3,3,5,2,0,1,1,0,0,0,0,0,6.49E+20,5.47432E+21,1.10538E+16,4.94033E+16
186965,9,1,62,0,2018,9,21,7,3,3,6,2,0,1,0,0,0,1,1,6.89231E+20,5.33343E+21,1.1543E+16,4.8126E+16
186966,9,5,64,0,2018,9,9,3,3,5,2,0,0,1,0,1,0,0,0,6.50437E+20,5.47806E+21,1.1075E+16,4.94366E+16
186967,9,1,62,0,2018,9,19,7,3,0,6,2,1,0,0,1,0,0,1,6.84482E+20,5.33468E+21,1.14798E+16,4.81386E+16
186968,9,5,64,0,2018,9,9,3,3,5,2,0,0,1,0,0,0,0,0,6.49867E+20,5.47837E+21,1.10673E+16,4.94395E+16
186969,9,5,64,0,2018,9,17,3,3,5,3,0,1,1,0,0,0,0,0,6.48076E+20,5.47782E+21,1.10424E+16,4.9435E+16
186970,9,1,62,0,2018,9,19,7,3,2,6,1,0,0,0,1,0,1,1,6.91785E+20,5.33436E+21,1.15778E+16,4.81336E+16
186971,9,1,62,0,2018,9,22,7,3,5,3,2,1,1,0,0,0,0,1,6.89153E+20,5.33614E+21,1.15432E+16,4.81504E+16
186972,9,5,64,0,2018,9,14,3,3,5,3,0,1,1,0,0,0,0,0,6.50612E+20,5.48092E+21,1.10785E+16,4.94622E+16
186973,9,1,62,0,2018,9,15,7,3,5,2,0,1,1,0,0,0,0,0,6.8811E+20,5.33978E+21,1.15308E+16,4.81834E+16
186974,9,5,73,130,2018,9,7,3,3,8,1,0,0,1,0,0,0,0,0,6.3419E+20,5.48711E+21,1.08541E+16,4.95218E+16
186975,9,5,71,193,2018,9,16,3,3,8,1,0,1,0,0,0,0,0,0,5.83939E+20,5.47253E+21,1.01569E+16,4.93997E+16
186976,9,1,62,0,2018,9,18,7,3,5,3,0,1,1,0,0,0,0,0,6.94397E+20,5.33478E+21,1.1613E+16,4.81366E+16
186977,9,5,71,139,2018,9,6,3,3,9,1,2,0,1,0,0,0,0,0,6.0171E+20,5.4403E+21,1.03936E+16,4.91071E+16
186978,9,1,62,0,2018,9,23,7,3,6,6,2,1,0,1,0,0,0,0,6.89246E+20,5.33301E+21,1.15431E+16,4.81222E+16
186979,9,1,62,0,2018,9,13,7,3,1,5,0,0,1,0,1,0,0,0,6.9095E+20,5.33318E+21,1.1566E+16,4.81232E+16
186980,9,5,61,0,2018,9,12,3,3,5,3,0,1,1,0,0,0,0,0,6.13972E+20,5.46146E+21,1.05675E+16,4.92953E+16
186981,9,1,62,0,2018,9,20,7,3,5,2,2,1,1,0,0,0,0,1,6.89064E+20,5.33334E+21,1.15408E+16,4.81252E+16
186982,9,4,73,159,2018,9,8,3,2,5,3,0,0,1,0,0,0,1,0,6.45223E+20,5.57305E+21,1.10388E+16,5.02917E+16
186983,9,4,72,116,2018,9,18,3,2,4,6,0,0,1,0,0,0,1,0,6.94852E+20,5.54538E+21,1.17207E+16,5.00288E+16
186984,9,4,74,126,2018,9,18,3,2,5,3,0,1,1,0,0,0,0,0,6.4866E+20,5.50845E+21,1.1062E+16,4.97102E+16
186985,9,3,62,0,2018,9,5,3,3,5,3,1,0,1,0,1,0,0,0,7.26778E+20,5.43369E+21,1.21016E+16,4.90144E+16
186986,9,3,62,0,2018,9,7,3,3,5,3,0,0,1,0,1,0,0,0,7.30095E+20,5.43053E+21,1.21451E+16,4.89848E+16
186987,9,1,62,0,2018,9,14,7,3,3,6,0,1,1,0,0,0,0,0,6.84451E+20,5.33326E+21,1.14788E+16,4.81258E+16
186988,9,1,62,0,2018,9,11,7,3,6,4,0,0,1,1,0,0,0,0,6.91213E+20,5.34024E+21,1.15727E+16,4.81866E+16
186989,9,3,62,0,2018,9,15,3,3,4,2,0,0,1,0,0,0,0,0,7.2896E+20,5.43562E+21,1.21325E+16,4.90309E+16
186990,9,1,62,0,2018,9,23,7,3,1,3,2,1,1,0,0,0,0,1,6.82978E+20,5.33579E+21,1.14601E+16,4.8149E+16
186991,9,3,73,147,2018,9,15,3,3,0,1,0,0,0,0,1,0,0,0,6.78953E+20,5.45929E+21,1.14596E+16,4.92602E+16
186992,9,3,72,164,2018,9,19,3,2,8,1,1,0,1,0,0,0,0,0,7.66039E+20,5.44893E+21,1.26475E+16,4.91355E+16
186993,9,1,62,0,2018,9,13,7,3,1,1,0,0,1,0,0,0,0,0,6.99928E+20,5.33501E+21,1.16874E+16,4.81369E+16
186994,9,2,63,0,2018,9,11,3,3,4,2,0,0,1,0,1,0,0,0,7.62252E+20,5.41999E+21,1.2577E+16,4.88773E+16
186995,9,1,62,0,2018,9,18,7,2,0,4,1,1,0,1,0,0,0,0,6.91396E+20,5.33294E+21,1.15719E+16,4.81209E+16
186996,9,2,63,0,2018,9,15,3,3,0,1,0,1,0,0,0,0,0,0,7.61699E+20,5.42062E+21,1.25699E+16,4.88833E+16
186997,9,1,62,0,2018,9,14,7,3,2,6,0,1,1,0,0,0,0,0,6.89575E+20,5.33259E+21,1.15473E+16,4.81184E+16
186998,9,1,62,0,2018,9,10,7,2,0,7,0,1,0,0,0,0,0,1,6.89942E+20,5.33143E+21,1.15517E+16,4.81078E+16
186999,9,2,63,0,2018,9,9,3,3,1,1,0,0,1,0,0,0,1,0,7.59743E+20,5.4225E+21,1.25445E+16,4.89009E+16
187000,9,1,62,0,2018,9,22,7,3,6,4,2,0,1,1,0,0,0,1,6.9033E+20,5.33495E+21,1.15585E+16,4.81393E+16
187001,9,2,74,126,2018,9,16,3,3,3,6,0,0,1,0,1,0,0,0,7.34176E+20,5.38396E+21,1.21743E+16,4.85649E+16
187002,9,1,62,0,2018,9,23,7,3,6,4,2,1,0,1,0,0,0,1,6.90239E+20,5.33366E+21,1.15567E+16,4.81277E+16
187003,9,1,62,0,2018,9,8,7,3,5,3,0,0,1,0,0,0,0,0,6.90804E+20,5.33624E+21,1.15654E+16,4.81508E+16
187004,9,2,61,0,2018,9,19,3,3,5,7,2,1,1,0,0,0,0,0,7.34605E+20,5.38188E+21,1.21789E+16,4.85461E+16
187005,9,7,78,116,2018,9,7,7,3,1,7,0,0,0,0,0,0,1,0,6.19123E+20,5.31825E+21,1.05971E+16,4.80065E+16
187006,9,2,61,0,2018,9,15,3,2,6,6,0,1,0,1,0,0,0,0,7.31688E+20,5.38046E+21,1.21387E+16,4.85345E+16
187007,9,1,80,124,2018,9,11,3,3,4,2,0,1,1,0,0,0,0,0,6.65263E+20,5.28278E+21,1.12018E+16,4.76773E+16
187008,9,7,76,126,2018,9,16,7,3,0,6,0,1,1,0,0,0,0,0,5.55291E+20,5.26887E+21,9.73514E+15,4.75709E+16
187009,9,1,80,123,2018,9,9,3,3,3,1,0,1,1,0,0,0,0,0,6.70946E+20,5.2568E+21,1.12674E+16,4.74422E+16
187010,9,7,72,147,2018,9,10,7,3,6,4,0,0,1,1,0,0,0,0,6.38047E+20,5.36514E+21,1.0866E+16,4.84242E+16
187011,9,1,83,139,2018,9,21,3,2,9,1,2,0,1,0,0,0,0,1,7.34477E+20,5.33325E+21,1.21501E+16,4.81093E+16
187012,9,6,63,0,2018,9,13,7,3,5,3,0,0,1,0,1,0,0,0,5.66513E+20,5.51603E+21,9.92412E+15,4.9793E+16
187013,9,6,75,112,2018,9,20,7,2,0,1,2,0,0,0,1,0,0,1,5.83887E+20,5.5139E+21,1.0165E+16,4.97717E+16
187014,9,1,89,159,2018,9,7,3,3,0,7,0,1,0,0,0,0,0,0,7.60378E+20,5.30045E+21,1.24776E+16,4.78047E+16
187015,9,6,74,130,2018,9,16,7,3,9,1,0,0,1,0,0,0,0,0,6.28039E+20,5.54916E+21,1.07896E+16,5.00809E+16
187016,9,1,63,0,2018,9,14,3,3,0,1,0,1,0,0,0,0,0,0,7.30379E+20,5.3008E+21,1.20778E+16,4.78192E+16
187017,9,1,87,118,2018,9,17,3,2,0,7,1,1,0,0,0,0,1,0,7.53183E+20,5.30061E+21,1.23818E+16,4.7809E+16
187018,9,6,73,141,2018,9,9,7,2,6,7,0,0,1,1,0,0,0,0,6.04621E+20,5.57284E+21,1.0469E+16,5.02984E+16
187019,9,1,87,162,2018,9,15,3,3,0,1,0,1,0,0,0,0,0,0,7.5052E+20,5.30586E+21,1.23493E+16,4.78572E+16
187020,9,1,61,0,2018,9,15,3,3,5,2,0,1,1,0,0,0,0,0,6.7752E+20,5.40447E+21,1.14159E+16,4.87679E+16
187021,9,1,61,0,2018,9,14,3,3,2,6,0,0,1,0,0,0,0,0,6.78847E+20,5.40577E+21,1.14345E+16,4.87792E+16
187022,9,6,71,141,2018,9,13,7,3,0,7,0,0,0,0,0,0,1,0,5.20375E+20,5.52983E+21,9.28383E+15,4.99205E+16
187023,9,1,85,149,2018,9,14,3,3,2,6,0,0,1,0,0,0,0,0,6.60395E+20,5.39962E+21,1.11812E+16,4.87289E+16
187024,9,5,64,0,2018,9,21,7,3,5,3,2,1,1,0,0,0,0,0,6.51201E+20,5.4804E+21,1.10865E+16,4.94574E+16
187025,9,1,85,149,2018,9,10,3,3,5,6,0,0,1,0,1,0,0,0,6.60432E+20,5.40054E+21,1.1182E+16,4.87373E+16
187026,9,5,64,0,2018,9,23,7,3,2,6,2,0,1,0,0,0,0,1,6.5386E+20,5.47766E+21,1.11221E+16,4.94321E+16
187027,9,5,64,0,2018,9,20,7,3,5,2,2,1,1,0,0,0,0,0,6.54616E+20,5.47463E+21,1.11313E+16,4.94047E+16
187028,9,1,76,153,2018,9,14,3,2,0,7,0,1,0,0,0,0,0,0,6.97218E+20,5.40973E+21,1.16862E+16,4.88092E+16
187029,9,5,64,0,2018,9,18,7,3,6,4,0,0,1,1,0,0,0,0,6.50201E+20,5.47942E+21,1.10723E+16,4.94489E+16
187030,9,1,79,142,2018,9,8,3,3,3,6,0,1,1,0,0,0,0,0,6.72593E+20,5.34291E+21,1.13235E+16,4.82159E+16
187031,9,1,79,123,2018,9,12,3,3,5,2,0,1,0,0,0,0,1,0,6.76029E+20,5.33326E+21,1.13657E+16,4.81282E+16
187032,9,5,61,0,2018,9,20,7,3,9,1,2,0,1,0,0,0,0,0,6.10921E+20,5.45861E+21,1.05248E+16,4.92702E+16
187033,9,1,88,121,2018,9,10,3,3,5,3,0,0,1,0,0,0,0,0,6.70106E+20,5.32934E+21,1.12846E+16,4.80946E+16
187034,9,4,78,139,2018,9,11,7,3,5,3,0,1,1,0,0,0,0,0,6.46624E+20,5.55617E+21,1.10519E+16,5.01396E+16
187035,9,4,63,0,2018,9,13,7,2,4,6,0,0,1,0,0,0,0,0,6.43249E+20,5.56975E+21,1.10099E+16,5.02625E+16
187036,9,1,88,120,2018,9,15,3,3,5,3,0,1,1,0,0,0,0,0,6.78061E+20,5.32613E+21,1.139E+16,4.80636E+16
187037,9,4,61,0,2018,9,11,7,2,0,3,0,0,1,0,0,0,1,0,6.37839E+20,5.5311E+21,1.09201E+16,4.99163E+16
187038,9,3,62,0,2018,9,14,7,3,5,7,0,1,1,0,0,0,0,0,7.28421E+20,5.43301E+21,1.21236E+16,4.90076E+16
187039,9,2,75,154,2018,9,19,7,2,7,7,2,0,0,0,1,0,0,0,8.06416E+20,5.39012E+21,1.31557E+16,4.85891E+16
187040,9,2,62,0,2018,9,13,7,3,6,7,0,0,1,1,0,0,0,0,8.28663E+20,5.38988E+21,1.34563E+16,4.85757E+16
187041,9,1,79,121,2018,9,12,3,3,5,6,0,1,1,0,0,0,0,0,6.66372E+20,5.33731E+21,1.12376E+16,4.81672E+16
187042,9,2,75,116,2018,9,10,7,3,6,7,0,0,1,1,0,0,0,0,8.19663E+20,5.36427E+21,1.33151E+16,4.83506E+16
187043,9,1,74,115,2018,9,11,3,3,5,3,0,0,1,0,0,0,0,0,6.80864E+20,5.34692E+21,1.14365E+16,4.82497E+16
187044,9,1,74,126,2018,9,13,3,3,5,3,0,1,1,0,0,0,0,0,6.82409E+20,5.34563E+21,1.14567E+16,4.82376E+16
187045,9,2,75,143,2018,9,15,7,1,5,3,0,0,1,0,0,0,1,0,8.1184E+20,5.36985E+21,1.32139E+16,4.84045E+16
187046,9,1,78,124,2018,9,15,3,2,5,3,0,0,1,0,1,0,0,0,7.04989E+20,5.36456E+21,1.17697E+16,4.84009E+16
187047,9,2,61,0,2018,9,16,7,3,1,6,0,0,1,0,0,0,0,0,7.33051E+20,5.38281E+21,1.21584E+16,4.8555E+16
187048,9,1,72,122,2018,9,18,7,3,0,1,0,1,0,0,0,0,0,0,7.8904E+20,5.31415E+21,1.28688E+16,4.79155E+16
187049,9,1,62,0,2018,9,13,2,3,5,2,0,1,1,0,0,0,0,0,6.88123E+20,5.33631E+21,1.15294E+16,4.81522E+16
187050,9,1,71,112,2018,9,21,7,3,5,3,2,0,1,0,1,0,0,0,7.8431E+20,5.34285E+21,1.28246E+16,4.81752E+16
187051,9,1,62,0,2018,9,17,2,3,6,4,0,0,1,1,0,0,0,0,6.95034E+20,5.33671E+21,1.16224E+16,4.81537E+16
187052,9,1,62,0,2018,9,15,2,3,1,1,0,0,1,0,0,0,0,0,6.92246E+20,5.33856E+21,1.15858E+16,4.81711E+16
187053,9,1,87,117,2018,9,11,7,3,0,1,0,1,0,0,0,0,0,0,7.24882E+20,5.30542E+21,1.20069E+16,4.78627E+16
187054,9,1,62,0,2018,9,13,2,3,2,2,0,1,0,0,0,0,0,0,6.90698E+20,5.33776E+21,1.15647E+16,4.81645E+16
187055,9,1,62,0,2018,9,17,2,3,0,7,0,1,0,0,0,0,0,0,6.86746E+20,5.33854E+21,1.15119E+16,4.81726E+16
187056,9,1,76,126,2018,9,16,7,3,5,3,0,0,1,0,0,0,0,0,6.74609E+20,5.40981E+21,1.13786E+16,4.88167E+16
187057,9,1,86,143,2018,9,19,7,3,2,6,1,0,1,0,0,0,0,1,6.83324E+20,5.37752E+21,1.14829E+16,4.8524E+16
187058,9,1,62,0,2018,9,15,2,2,0,6,0,1,0,0,0,0,1,0,6.79627E+20,5.3354E+21,1.14149E+16,4.81465E+16
187059,9,1,79,123,2018,9,18,7,3,2,6,0,0,1,0,0,0,0,0,6.76011E+20,5.3334E+21,1.13655E+16,4.81295E+16
187060,9,1,79,138,2018,9,15,7,3,5,3,0,1,1,0,0,0,0,0,6.55116E+20,5.33557E+21,1.10857E+16,4.81545E+16
187061,9,1,62,0,2018,9,15,2,3,5,3,0,0,1,0,0,0,0,0,6.91864E+20,5.33717E+21,1.15801E+16,4.81588E+16
187062,9,1,78,120,2018,9,14,7,3,3,6,0,0,1,0,0,0,0,0,6.95179E+20,5.35354E+21,1.16322E+16,4.8305E+16
187063,9,1,62,0,2018,9,0,2,3,2,6,2,0,1,0,0,0,0,1,6.90872E+20,5.33425E+21,1.15654E+16,4.81328E+16
187064,9,1,62,0,2018,9,9,2,3,5,3,0,0,1,0,0,0,0,0,6.8422E+20,5.33958E+21,1.14784E+16,4.81827E+16
187065,9,1,78,123,2018,9,16,7,2,7,1,0,1,0,0,0,0,0,0,6.893E+20,5.3585E+21,1.15552E+16,4.83513E+16
187066,9,1,62,0,2018,9,12,2,3,0,7,0,0,0,0,0,0,1,0,6.98598E+20,5.33149E+21,1.16679E+16,4.81057E+16
187067,9,1,78,124,2018,9,21,7,3,7,1,2,1,0,0,0,0,0,0,7.03386E+20,5.36458E+21,1.1748E+16,4.84015E+16
187068,9,1,62,0,2018,9,6,2,3,1,5,1,1,1,0,0,0,0,0,6.84585E+20,5.32903E+21,1.14788E+16,4.80878E+16
187069,9,1,62,0,2018,9,11,6,3,2,6,0,0,1,0,0,0,0,0,6.92991E+20,5.34099E+21,1.1597E+16,4.81928E+16
187070,9,1,62,0,2018,9,19,6,3,5,3,1,1,1,0,0,0,0,1,6.87457E+20,5.32893E+21,1.15173E+16,4.8086E+16
187071,9,1,62,0,2018,9,22,6,3,2,6,2,1,1,0,0,0,0,1,6.91422E+20,5.33627E+21,1.15737E+16,4.81509E+16
187072,9,1,62,0,2018,9,15,2,3,5,3,0,1,1,0,0,0,0,0,6.98749E+20,5.32869E+21,1.16686E+16,4.80805E+16
187073,9,1,62,0,2018,9,10,6,3,3,2,0,0,1,0,0,0,1,0,6.91918E+20,5.3322E+21,1.15786E+16,4.81142E+16
187074,9,1,84,149,2018,9,9,6,3,4,2,0,1,1,0,0,0,0,0,6.90762E+20,5.34974E+21,1.15709E+16,4.82721E+16
187075,9,1,62,0,2018,9,10,2,3,6,7,0,0,1,1,0,0,0,0,6.9434E+20,5.33423E+21,1.1612E+16,4.81316E+16
187076,9,1,62,0,2018,9,16,6,3,1,6,0,0,1,0,0,0,0,0,6.90654E+20,5.33337E+21,1.15621E+16,4.8125E+16
187077,9,1,62,0,2018,9,8,2,3,3,6,0,0,1,0,0,0,0,0,6.92792E+20,5.33528E+21,1.15917E+16,4.81416E+16
187078,9,1,62,0,2018,9,8,2,3,1,5,0,1,1,0,0,0,0,0,6.91912E+20,5.33468E+21,1.15796E+16,4.81364E+16
187079,9,1,62,0,2018,9,6,6,3,4,2,0,1,1,0,0,0,0,0,6.91204E+20,5.34036E+21,1.15727E+16,4.81877E+16
187080,9,1,62,0,2018,9,5,2,3,7,1,2,0,0,0,1,0,0,1,6.92426E+20,5.3351E+21,1.15867E+16,4.814E+16
187081,9,1,62,0,2018,9,19,6,2,5,3,1,0,1,0,1,0,0,0,6.82992E+20,5.33568E+21,1.14602E+16,4.8148E+16
187082,9,7,75,135,2018,9,12,2,3,5,3,0,0,1,0,1,0,0,0,5.74226E+20,5.36074E+21,1.00027E+16,4.83954E+16
187083,9,1,62,0,2018,9,7,6,3,3,2,0,1,1,0,0,0,0,0,6.84302E+20,5.34259E+21,1.14808E+16,4.82098E+16
187084,9,7,74,155,2018,9,16,2,3,0,1,0,1,0,0,0,0,0,0,5.91384E+20,5.36632E+21,1.02357E+16,4.84434E+16
187085,9,1,62,0,2018,9,15,6,3,5,3,0,1,1,0,0,0,0,0,6.87012E+20,5.34362E+21,1.15177E+16,4.82182E+16
187086,9,7,80,118,2018,9,9,2,3,0,7,0,0,0,1,0,0,1,1,5.97162E+20,5.26598E+21,1.02911E+16,4.75399E+16
187087,9,7,73,117,2018,9,16,2,3,0,1,0,0,0,0,1,0,0,0,6.11657E+20,5.3982E+21,1.05183E+16,4.87268E+16
187088,9,7,61,0,2018,9,13,2,3,5,3,0,1,1,0,0,0,0,0,6.39358E+20,5.35867E+21,1.08816E+16,4.83658E+16
187089,9,1,62,0,2018,9,17,6,3,5,3,0,1,1,0,0,0,0,0,6.87354E+20,5.33554E+21,1.15188E+16,4.81455E+16
187090,9,7,61,0,2018,9,8,2,3,6,7,0,0,1,1,0,0,0,0,6.39287E+20,5.36025E+21,1.08811E+16,4.838E+16
187091,9,7,61,0,2018,9,19,2,3,5,3,0,1,1,0,0,0,0,0,6.41068E+20,5.36117E+21,1.09055E+16,4.83879E+16
187092,9,1,62,0,2018,9,1,6,3,0,7,2,1,0,0,0,0,0,0,6.87771E+20,5.33704E+21,1.1525E+16,4.81588E+16
187093,9,7,61,0,2018,9,7,2,3,0,7,0,1,0,0,0,0,0,0,6.40543E+20,5.35804E+21,1.08973E+16,4.83599E+16
187094,9,1,62,0,2018,9,8,6,3,5,2,0,1,1,0,0,0,0,0,6.87442E+20,5.33606E+21,1.15202E+16,4.81502E+16
187095,9,1,62,0,2018,9,9,6,3,5,2,0,1,1,0,0,0,0,0,6.8479E+20,5.33253E+21,1.1483E+16,4.81192E+16
187096,9,7,61,0,2018,9,8,2,3,3,7,0,1,1,0,0,0,0,0,6.44243E+20,5.35778E+21,1.09472E+16,4.83567E+16
187097,9,1,62,0,2018,9,18,6,3,5,2,1,0,1,0,0,0,0,1,6.86657E+20,5.33184E+21,1.15078E+16,4.81125E+16