OBJECTID_1,ULAND,UREGBEZ,UKREIS,UGEMEINDE,UJAHR,UMONAT,USTUNDE,UWOCHENTAG,UKATEGORIE,UART,UTYP1,ULICHTVERH,IstRad,IstPKW,IstFuss,IstKrad,IstGkfz,IstSonstig,STRZUSTAND,LINREFX,LINREFY,XGCSWGS84,YGCSWGS84
187284,9,1,62,0,2018,9,13,4,3,5,3,0,0,1,0,0,0,0,0,6.93733E+20,5.33213E+21,1.16029E+16,4.81129E+16
187285,9,3,76,119,2018,9,7,6,3,5,3,0,0,1,0,0,0,0,0,7.21243E+20,5.45402E+21,1.20371E+16,4.9199E+16
187286,9,1,62,0,2018,9,9,4,3,5,2,0,1,1,0,0,0,0,0,6.86368E+20,5.32964E+21,1.15029E+16,4.80928E+16
187287,9,2,71,111,2018,9,17,6,2,3,6,0,1,1,0,0,0,0,0,7.88073E+20,5.40533E+21,1.29181E+16,4.87343E+16
187288,9,1,62,0,2018,9,16,4,3,1,5,0,1,1,0,0,0,0,0,6.92611E+20,5.33744E+21,1.15902E+16,4.8161E+16
187289,9,2,71,128,2018,9,18,6,3,5,3,0,0,1,0,0,0,0,0,7.97275E+20,5.39363E+21,1.30345E+16,4.8625E+16
187290,9,2,75,124,2018,9,16,6,2,0,7,0,1,0,0,0,0,0,0,8.09357E+20,5.37162E+21,1.31818E+16,4.84217E+16
187291,9,1,62,0,2018,9,8,4,3,5,3,0,1,0,0,1,0,0,0,6.89951E+20,5.33354E+21,1.15528E+16,4.81267E+16
187292,9,2,72,151,2018,9,15,6,2,0,1,0,1,0,0,0,0,0,0,8.38277E+20,5.4075E+21,1.36006E+16,4.87286E+16
187293,9,1,62,0,2018,9,8,4,3,5,3,0,0,1,0,1,0,0,0,6.87322E+20,5.32987E+21,1.15159E+16,4.80945E+16
187294,9,1,62,0,2018,9,14,4,3,5,3,0,1,1,0,0,0,0,0,6.98906E+20,5.33439E+21,1.16734E+16,4.81317E+16
187295,9,2,77,133,2018,9,20,6,2,5,3,2,0,1,0,1,0,0,0,7.66883E+20,5.36653E+21,1.26057E+16,4.83954E+16
187296,9,1,62,0,2018,9,16,4,3,5,2,0,1,1,0,0,0,0,0,6.96462E+20,5.33268E+21,1.16398E+16,4.81171E+16
187297,9,1,62,0,2018,9,15,4,2,0,1,0,1,0,0,0,0,0,0,6.96388E+20,5.32971E+21,1.16374E+16,4.80903E+16
187298,9,1,62,0,2018,9,8,4,3,3,5,0,0,1,0,0,0,1,0,6.92206E+20,5.33265E+21,1.15826E+16,4.81181E+16
187299,9,2,61,0,2018,9,17,6,3,0,7,0,1,1,0,0,0,0,0,7.33212E+20,5.38221E+21,1.21603E+16,4.85496E+16
187300,9,1,62,0,2018,9,11,4,3,5,3,0,0,1,0,0,0,0,0,6.88628E+20,5.33167E+21,1.15342E+16,4.81103E+16
187301,9,1,73,147,2018,9,13,6,3,4,2,0,0,1,0,0,0,0,0,6.81545E+20,5.30873E+21,1.14294E+16,4.79062E+16
187302,9,1,62,0,2018,9,7,4,3,6,4,0,0,1,1,0,0,0,0,6.89688E+20,5.33191E+21,1.15485E+16,4.81121E+16
187303,9,1,90,139,2018,9,15,6,3,4,3,0,1,1,0,0,0,0,0,6.54398E+20,5.29512E+21,1.10615E+16,4.77909E+16
187304,9,1,83,148,2018,9,17,6,3,5,3,0,0,1,0,0,0,0,0,7.5278E+20,5.34559E+21,1.24029E+16,4.82131E+16
187305,9,1,62,0,2018,9,19,4,2,9,1,1,0,0,0,1,0,0,0,6.8876E+20,5.33446E+21,1.15372E+16,4.81354E+16
187306,9,1,89,145,2018,9,20,6,3,5,3,2,0,0,0,1,0,1,0,7.71793E+20,5.3038E+21,1.26319E+16,4.783E+16
187307,9,7,64,0,2018,9,7,4,3,5,3,0,0,1,0,1,0,0,0,5.88777E+20,5.31535E+21,1.01898E+16,4.79853E+16
187308,9,7,74,148,2018,9,14,4,2,0,7,0,1,0,0,0,0,0,0,5.94737E+20,5.36198E+21,1.028E+16,4.84038E+16
187309,9,1,83,128,2018,9,14,6,3,5,5,0,0,1,0,0,0,0,0,7.61115E+20,5.34809E+21,1.25165E+16,4.82322E+16
187310,9,7,74,121,2018,9,16,4,2,6,4,0,0,1,1,0,0,0,0,6.03504E+20,5.36566E+21,1.03994E+16,4.84356E+16
187311,9,1,71,111,2018,9,13,6,3,3,6,0,1,1,0,0,0,0,0,7.72628E+20,5.34869E+21,1.26716E+16,4.82327E+16
187312,9,1,63,0,2018,9,7,6,3,5,7,0,1,1,0,0,0,0,1,7.33862E+20,5.30549E+21,1.21268E+16,4.78601E+16
187313,9,7,80,139,2018,9,11,4,3,0,1,0,1,0,0,0,0,0,0,5.96307E+20,5.26332E+21,1.02791E+16,4.75161E+16
187314,9,1,87,148,2018,9,15,6,3,6,7,0,0,1,1,0,0,0,0,7.39491E+20,5.2786E+21,1.21871E+16,4.76165E+16
187315,9,1,87,117,2018,9,18,6,2,0,1,0,0,0,0,1,0,0,0,7.23589E+20,5.30718E+21,1.19905E+16,4.78789E+16
187316,9,1,61,0,2018,9,7,6,3,0,1,0,1,0,0,0,0,0,0,6.76096E+20,5.40483E+21,1.13967E+16,4.87715E+16
187317,9,1,85,149,2018,9,10,6,3,5,3,0,0,1,0,1,0,0,0,6.61267E+20,5.39924E+21,1.11929E+16,4.87253E+16
187318,9,7,80,139,2018,9,16,4,3,0,1,0,0,0,0,1,0,0,0,5.95876E+20,5.26299E+21,1.02734E+16,4.75133E+16
187319,9,1,61,0,2018,9,11,6,3,2,7,0,0,1,0,0,0,0,0,6.78448E+20,5.40382E+21,1.14283E+16,4.87618E+16
187320,9,7,80,124,2018,9,11,4,3,0,1,0,1,0,0,0,0,1,0,5.90129E+20,5.26928E+21,1.01983E+16,4.75707E+16
187321,9,7,77,153,2018,9,16,4,3,4,2,0,1,1,0,0,0,0,0,6.12393E+20,5.27546E+21,1.04958E+16,4.76227E+16
187322,9,1,86,162,2018,9,7,6,3,1,3,0,0,1,0,1,0,0,0,6.94403E+20,5.38546E+21,1.16365E+16,4.8592E+16
187323,9,7,61,0,2018,9,11,4,3,2,6,0,0,1,0,0,0,0,0,6.41041E+20,5.3579E+21,1.0904E+16,4.83585E+16
187324,9,1,88,124,2018,9,9,6,3,0,7,0,0,0,0,1,0,0,0,6.61879E+20,5.31806E+21,1.117E+16,4.79953E+16
187325,9,1,79,126,2018,9,18,6,3,0,7,0,1,0,0,0,0,0,0,6.75926E+20,5.33985E+21,1.13671E+16,4.81875E+16
187326,9,7,61,0,2018,9,6,4,2,5,3,0,0,1,0,1,0,0,0,6.36801E+20,5.36085E+21,1.08478E+16,4.8386E+16
187327,9,1,88,121,2018,9,13,6,2,5,3,0,0,1,0,0,0,0,0,6.70108E+20,5.32934E+21,1.12846E+16,4.80946E+16
187328,9,7,61,0,2018,9,16,4,2,1,5,0,1,1,0,0,0,0,0,6.4269E+20,5.36018E+21,1.0927E+16,4.83786E+16
187329,9,7,61,0,2018,9,17,4,2,1,1,0,1,1,0,0,0,0,0,6.41308E+20,5.35759E+21,1.09075E+16,4.83557E+16
187330,9,1,79,130,2018,9,16,6,3,0,1,0,1,0,0,0,0,0,0,6.58638E+20,5.33745E+21,1.11337E+16,4.81705E+16
187331,9,7,61,0,2018,9,17,4,3,2,6,1,0,1,0,0,0,0,0,6.40812E+20,5.35955E+21,1.09015E+16,4.83734E+16
187332,9,7,71,113,2018,9,12,4,2,5,3,0,1,1,0,0,0,0,0,6.56413E+20,5.36745E+21,1.11149E+16,4.84408E+16
187333,9,1,78,144,2018,9,16,6,3,5,3,0,0,1,0,0,0,0,0,7.08613E+20,5.37949E+21,1.1826E+16,4.85338E+16
187334,9,1,77,117,2018,9,11,6,3,5,3,0,0,1,0,0,0,0,0,7.16423E+20,5.35428E+21,1.19187E+16,4.83047E+16
187335,9,6,63,0,2018,9,9,4,3,5,3,0,0,1,0,1,0,0,0,5.66806E+20,5.51527E+21,9.92806E+15,4.97862E+16
187336,9,1,62,0,2018,9,9,5,3,0,7,0,0,0,0,0,0,1,0,6.90839E+20,5.33501E+21,1.15653E+16,4.81397E+16
187337,9,1,62,0,2018,9,13,5,3,5,3,0,0,1,0,0,0,1,0,6.94958E+20,5.3367E+21,1.16214E+16,4.81537E+16
187338,9,6,63,0,2018,9,20,4,3,4,1,2,0,1,0,0,0,0,0,5.6808E+20,5.51455E+21,9.94564E+15,4.97795E+16
187339,9,1,62,0,2018,9,11,5,3,6,2,0,0,1,1,0,0,0,0,6.9035E+20,5.33352E+21,1.15581E+16,4.81264E+16
187340,9,6,63,0,2018,9,11,4,3,6,3,0,0,1,1,0,0,0,0,5.6728E+20,5.5149E+21,9.93459E+15,4.97828E+16
187341,9,6,79,170,2018,9,18,4,3,4,5,0,0,1,0,1,0,1,0,5.76354E+20,5.50164E+21,1.0058E+16,4.96625E+16
187342,9,1,62,0,2018,9,12,5,3,5,3,0,0,1,0,0,0,0,0,6.82779E+20,5.3348E+21,1.1457E+16,4.81402E+16
187343,9,6,62,0,2018,9,6,4,3,5,3,0,1,1,0,0,0,0,0,5.87835E+20,5.54497E+21,1.02269E+16,5.00505E+16
187344,9,1,62,0,2018,9,11,5,3,3,2,0,0,1,0,1,0,0,0,6.91211E+20,5.34026E+21,1.15727E+16,4.81868E+16
187345,9,5,72,132,2018,9,17,4,3,5,3,0,1,1,0,0,0,0,0,6.35968E+20,5.49275E+21,1.08806E+16,4.9572E+16
187346,9,1,62,0,2018,9,15,5,3,6,1,0,0,1,1,0,0,0,0,6.94799E+20,5.33834E+21,1.162E+16,4.81684E+16
187347,9,1,62,0,2018,9,20,5,3,1,1,2,0,1,0,1,0,0,0,6.94615E+20,5.33237E+21,1.16148E+16,4.81148E+16
187348,9,1,62,0,2018,9,12,5,3,0,7,0,0,0,0,0,0,1,0,6.93253E+20,5.33332E+21,1.1597E+16,4.81238E+16
187349,9,5,62,0,2018,9,17,4,3,6,7,0,0,0,1,0,0,1,0,6.44796E+20,5.49208E+21,1.10024E+16,4.9564E+16
187350,9,1,62,0,2018,9,15,5,3,5,7,0,1,1,0,0,0,0,0,6.93874E+20,5.33396E+21,1.16056E+16,4.81293E+16
187351,9,1,62,0,2018,9,16,5,3,5,3,0,1,0,0,0,0,0,0,6.90564E+20,5.33533E+21,1.15618E+16,4.81426E+16
187352,9,5,62,0,2018,9,8,4,3,1,5,0,1,1,0,0,0,0,0,6.42727E+20,5.49558E+21,1.09751E+16,4.95959E+16
187353,9,1,62,0,2018,9,12,5,2,6,4,0,0,1,1,0,0,0,0,6.90597E+20,5.33724E+21,1.15631E+16,4.81598E+16
187354,9,5,62,0,2018,9,17,4,3,2,6,0,0,1,0,1,0,0,0,6.44985E+20,5.49625E+21,1.10066E+16,4.96014E+16
187355,9,5,62,0,2018,9,13,4,3,6,7,0,0,1,1,0,0,0,0,6.44868E+20,5.49395E+21,1.10041E+16,4.95808E+16
187356,9,1,62,0,2018,9,19,5,3,1,6,2,1,1,0,0,0,0,0,6.89028E+20,5.33059E+21,1.15391E+16,4.81005E+16
187357,9,5,64,0,2018,9,17,4,2,5,2,0,0,1,0,0,0,0,0,6.54616E+20,5.47463E+21,1.11313E+16,4.94047E+16
187358,9,1,62,0,2018,9,20,5,3,4,7,2,0,1,0,1,0,0,0,6.93352E+20,5.33523E+21,1.15992E+16,4.81409E+16
187359,9,5,64,0,2018,9,15,4,3,2,6,0,0,1,0,0,0,0,0,6.52327E+20,5.47886E+21,1.11014E+16,4.94433E+16
187360,9,1,62,0,2018,9,17,5,3,0,7,0,0,0,1,0,0,1,0,6.87378E+20,5.33608E+21,1.15193E+16,4.81504E+16
187361,9,5,64,0,2018,9,15,4,3,0,7,0,0,1,0,0,0,0,0,6.46261E+20,5.48032E+21,1.10183E+16,4.94579E+16
187362,9,1,62,0,2018,9,18,5,2,5,3,0,1,0,0,0,0,0,0,6.87931E+20,5.33288E+21,1.15254E+16,4.81214E+16
187363,9,5,64,0,2018,9,8,4,2,5,3,0,1,1,0,0,0,0,0,6.48986E+20,5.46962E+21,1.10519E+16,4.9361E+16
187364,9,5,64,0,2018,9,15,4,3,2,6,0,0,1,0,0,0,0,0,6.47499E+20,5.48197E+21,1.1036E+16,4.94724E+16
187365,9,5,64,0,2018,9,17,4,3,3,2,0,1,1,0,0,0,0,0,6.51842E+20,5.4834E+21,1.10964E+16,4.94843E+16
187366,9,1,62,0,2018,9,17,5,3,4,2,0,0,1,0,0,0,0,0,6.89643E+20,5.33567E+21,1.15496E+16,4.8146E+16
187367,9,5,61,0,2018,9,7,4,3,0,2,1,1,1,0,0,0,0,0,6.14734E+20,5.46202E+21,1.05782E+16,4.93001E+16
187368,9,4,79,136,2018,9,19,4,3,5,3,1,0,1,0,1,0,0,0,7.21905E+20,5.54372E+21,1.20969E+16,5.00045E+16
187369,9,1,62,0,2018,9,13,5,3,6,4,0,0,1,1,0,0,0,0,6.89072E+20,5.33483E+21,1.15415E+16,4.81386E+16
187370,9,4,75,162,2018,9,16,4,3,2,7,0,1,1,0,0,0,0,0,7.16519E+20,5.57068E+21,1.20371E+16,5.02486E+16
187371,9,1,62,0,2018,9,16,5,3,0,2,0,0,1,0,0,0,1,0,6.9405E+20,5.33632E+21,1.16091E+16,4.81505E+16
187372,9,1,62,0,2018,9,16,5,3,5,3,0,1,1,0,0,0,0,0,6.84971E+20,5.33509E+21,1.14866E+16,4.81422E+16
187373,9,4,78,120,2018,9,8,4,3,1,5,0,0,1,0,0,0,0,0,6.37994E+20,5.54607E+21,1.09276E+16,5.00509E+16
187374,9,1,62,0,2018,9,6,5,3,6,4,2,0,0,1,1,0,0,0,6.94155E+20,5.33083E+21,1.1608E+16,4.81012E+16
187375,9,4,61,0,2018,9,12,4,3,0,7,0,1,0,0,0,0,0,0,6.36592E+20,5.52875E+21,1.09019E+16,4.98956E+16
187376,9,1,62,0,2018,9,23,5,3,1,7,2,0,1,0,0,0,0,0,6.94702E+20,5.33301E+21,1.16163E+16,4.81206E+16
187377,9,2,78,113,2018,9,7,4,3,2,6,0,0,1,0,0,1,0,0,7.68144E+20,5.42211E+21,1.26586E+16,4.88939E+16
187378,9,1,62,0,2018,9,22,5,3,0,1,2,1,0,0,0,0,0,0,6.92278E+20,5.33489E+21,1.15846E+16,4.81381E+16
187379,9,2,77,145,2018,9,17,4,3,5,3,0,0,1,0,0,0,0,0,7.98315E+20,5.35416E+21,1.30205E+16,4.82703E+16
187380,9,7,64,0,2018,9,16,5,3,2,6,0,0,1,0,0,0,0,0,5.88516E+20,5.31541E+21,1.01863E+16,4.79858E+16
187381,9,7,78,157,2018,9,17,5,2,0,7,0,1,0,0,0,0,0,0,5.97139E+20,5.33041E+21,1.03052E+16,4.81195E+16
187382,9,7,74,118,2018,9,21,5,3,0,1,2,0,0,0,1,0,0,0,5.9166E+20,5.36593E+21,1.02393E+16,4.84398E+16
187383,9,2,72,151,2018,9,7,4,3,2,2,0,0,1,0,0,0,0,0,8.38609E+20,5.40801E+21,1.36055E+16,4.87329E+16
187384,9,7,78,116,2018,9,12,5,3,5,3,0,0,1,0,1,0,0,0,6.19225E+20,5.31862E+21,1.05986E+16,4.80097E+16
187385,9,7,78,116,2018,9,14,5,3,0,1,0,1,0,0,0,0,0,0,6.20202E+20,5.31464E+21,1.06106E+16,4.79737E+16
187386,9,2,77,119,2018,9,13,4,2,0,7,0,1,0,0,0,0,0,0,7.75584E+20,5.37412E+21,1.27279E+16,4.84598E+16
187387,9,7,63,0,2018,9,17,5,3,4,6,0,0,1,0,0,0,1,0,5.97942E+20,5.2868E+21,1.03061E+16,4.77271E+16
187388,9,2,74,126,2018,9,15,4,3,5,3,0,1,0,0,0,0,1,0,7.33807E+20,5.38483E+21,1.21698E+16,4.85729E+16
187389,9,2,61,0,2018,9,19,4,3,2,6,2,1,0,0,0,0,0,0,7.34838E+20,5.38272E+21,1.21826E+16,4.85536E+16
187390,9,7,63,0,2018,9,16,5,3,6,4,0,0,1,1,0,0,0,0,5.98694E+20,5.28625E+21,1.0316E+16,4.77221E+16
187391,9,1,83,144,2018,9,16,4,2,4,6,0,0,0,0,0,0,1,0,7.41954E+20,5.35206E+21,1.22611E+16,4.82755E+16
187392,9,7,77,112,2018,9,15,5,3,4,6,0,0,1,0,0,0,0,0,6.21382E+20,5.29708E+21,1.06214E+16,4.78156E+16
187393,9,1,89,159,2018,9,15,4,3,0,1,0,1,0,0,0,0,0,0,7.60404E+20,5.30035E+21,1.24779E+16,4.78038E+16
187394,9,7,79,167,2018,9,13,5,3,0,7,0,1,0,0,0,0,0,0,6.25701E+20,5.41013E+21,1.07128E+16,4.88314E+16
187395,9,7,72,147,2018,9,17,5,2,5,3,0,1,1,0,0,0,0,0,6.38167E+20,5.364E+21,1.08672E+16,4.8414E+16
187396,9,1,89,120,2018,9,18,4,3,0,1,0,1,0,0,0,0,0,0,7.59852E+20,5.29714E+21,1.24686E+16,4.77751E+16
187397,9,7,71,130,2018,9,5,5,3,8,1,2,0,1,0,0,0,0,0,6.46861E+20,5.35599E+21,1.09819E+16,4.834E+16
187398,9,1,63,0,2018,9,7,4,3,2,6,0,0,1,0,0,0,0,0,7.32824E+20,5.30469E+21,1.21125E+16,4.78533E+16
187399,9,1,63,0,2018,9,13,4,3,6,7,0,0,1,1,0,0,0,0,7.33472E+20,5.30471E+21,1.21212E+16,4.78533E+16
187400,9,7,71,142,2018,9,14,5,3,0,1,0,1,0,0,0,0,0,0,6.45661E+20,5.35218E+21,1.09644E+16,4.83061E+16
187401,9,1,87,169,2018,9,16,4,2,6,4,0,1,0,1,0,0,0,0,7.41728E+20,5.3009E+21,1.22292E+16,4.7816E+16
187402,9,7,61,0,2018,9,19,5,3,2,6,2,0,1,0,0,1,0,0,6.38527E+20,5.36233E+21,1.08716E+16,4.83989E+16
187403,9,1,86,143,2018,9,8,4,3,5,6,0,0,1,0,1,0,0,0,6.85995E+20,5.37781E+21,1.15192E+16,4.85258E+16
187404,9,1,85,149,2018,9,7,4,3,6,4,0,0,1,1,0,0,0,0,6.59906E+20,5.40021E+21,1.11748E+16,4.87344E+16
187405,9,7,61,0,2018,9,16,5,3,5,3,0,0,1,0,0,0,0,0,6.43955E+20,5.35855E+21,1.09435E+16,4.83637E+16
187406,9,1,76,126,2018,9,2,4,3,1,5,2,0,1,0,0,0,0,0,6.74493E+20,5.40906E+21,1.13767E+16,4.881E+16
187407,9,7,61,0,2018,9,14,5,3,5,3,0,0,1,0,0,0,0,0,6.40183E+20,5.35311E+21,1.08909E+16,4.83157E+16
187408,9,1,81,130,2018,9,17,4,3,0,1,0,1,0,0,0,0,0,0,6.39427E+20,5.32432E+21,1.08712E+16,4.80569E+16
187409,9,7,61,0,2018,9,15,5,3,5,3,0,1,1,0,0,0,0,0,6.39977E+20,5.35808E+21,1.08897E+16,4.83604E+16
187410,9,7,61,0,2018,9,15,5,3,0,1,0,1,0,0,0,0,0,0,6.41275E+20,5.35493E+21,1.09062E+16,4.83318E+16
187411,9,1,77,133,2018,9,12,4,3,5,3,0,0,1,0,0,0,0,0,7.07877E+20,5.35987E+21,1.18063E+16,4.83577E+16
187412,9,7,61,0,2018,9,18,5,3,5,7,0,1,1,0,0,0,0,0,6.3771E+20,5.35516E+21,1.08582E+16,4.83346E+16
187413,9,1,78,140,2018,9,13,4,3,2,6,0,0,1,0,1,0,0,0,7.07148E+20,5.36326E+21,1.17981E+16,4.83884E+16
187414,9,1,77,117,2018,9,16,4,3,5,3,0,0,1,0,1,0,0,0,7.14777E+20,5.35474E+21,1.18967E+16,4.83093E+16
187415,9,7,61,0,2018,9,13,5,3,6,4,0,0,1,1,0,0,0,0,6.40363E+20,5.35862E+21,1.08951E+16,4.83652E+16
187416,9,1,62,0,2018,9,19,3,3,5,3,2,0,1,0,1,0,0,0,6.91438E+20,5.33642E+21,1.1574E+16,4.81522E+16
187417,9,7,71,113,2018,9,8,5,3,5,3,0,0,1,0,1,0,0,0,6.57314E+20,5.36954E+21,1.11279E+16,4.84593E+16
187418,9,1,62,0,2018,9,18,3,3,4,7,0,1,1,0,0,0,0,0,6.90581E+20,5.33011E+21,1.15597E+16,4.80957E+16
187419,9,1,62,0,2018,9,20,3,3,1,5,2,1,1,0,0,0,0,0,6.92644E+20,5.33175E+21,1.15881E+16,4.81099E+16
187420,9,6,79,196,2018,9,16,5,2,5,2,0,1,1,0,0,0,0,0,5.52321E+20,5.51599E+21,9.72695E+15,4.97941E+16
187421,9,1,62,0,2018,9,20,3,3,1,5,2,1,1,0,0,0,0,0,6.92418E+20,5.33802E+21,1.15879E+16,4.81663E+16
187422,9,6,63,0,2018,9,9,5,3,5,2,0,1,1,0,0,0,0,0,5.69037E+20,5.51742E+21,9.95945E+15,4.98053E+16
187423,9,6,77,148,2018,9,18,5,2,5,3,0,0,1,0,1,0,0,0,5.54963E+20,5.53591E+21,9.7665E+15,4.9973E+16
187424,9,1,62,0,2018,9,11,3,3,2,6,0,0,1,0,0,0,0,0,6.87613E+20,5.32785E+21,1.15189E+16,4.80763E+16
187425,9,6,76,126,2018,9,17,5,3,5,3,0,0,1,0,0,0,0,0,5.1057E+20,5.52495E+21,9.14712E+15,4.98769E+16
187426,9,1,62,0,2018,9,11,3,2,6,4,0,0,0,1,0,0,1,0,6.89168E+20,5.33694E+21,1.15438E+16,4.81575E+16
187427,9,1,62,0,2018,9,6,3,3,5,3,0,0,1,0,1,0,0,0,6.89006E+20,5.33212E+21,1.15395E+16,4.81142E+16
187428,9,6,76,122,2018,9,7,5,3,1,6,0,0,1,0,0,0,0,0,5.10851E+20,5.51936E+21,9.15087E+15,4.98266E+16
187429,9,1,84,149,2018,9,10,3,3,5,2,0,1,1,0,0,0,0,0,6.90782E+20,5.34973E+21,1.15712E+16,4.8272E+16
187430,9,6,76,160,2018,9,13,5,3,1,6,0,0,1,0,0,0,0,0,5.10843E+20,5.5298E+21,9.15105E+15,4.99205E+16
187431,9,6,61,0,2018,9,16,5,3,0,7,0,1,0,0,0,0,0,0,5.1073E+20,5.53457E+21,9.14961E+15,4.99634E+16
187432,9,1,62,0,2018,9,12,3,3,2,6,0,0,1,0,0,0,0,0,6.84986E+20,5.33751E+21,1.14878E+16,4.81639E+16
187433,9,5,72,132,2018,9,5,5,3,5,2,2,1,1,0,0,0,0,0,6.36902E+20,5.49218E+21,1.08933E+16,4.95667E+16
187434,9,1,62,0,2018,9,11,3,3,2,6,0,0,1,0,0,1,0,0,6.87982E+20,5.33855E+21,1.15285E+16,4.81723E+16
187435,9,5,62,0,2018,9,13,5,3,0,7,0,0,0,0,0,0,1,0,6.44746E+20,5.49569E+21,1.1003E+16,4.95964E+16
187436,9,5,62,0,2018,9,21,5,3,8,7,2,0,1,0,0,0,0,0,6.46886E+20,5.4933E+21,1.10317E+16,4.95745E+16
187437,9,1,62,0,2018,9,18,3,3,2,6,0,1,0,0,0,0,0,0,6.89914E+20,5.33596E+21,1.15533E+16,4.81485E+16
187438,9,5,62,0,2018,9,15,5,3,5,2,0,1,1,0,0,0,0,0,6.46937E+20,5.49519E+21,1.10332E+16,4.95914E+16
187439,9,1,62,0,2018,9,10,3,3,3,6,0,1,0,0,0,0,0,0,6.87448E+20,5.33605E+21,1.15203E+16,4.81501E+16
187440,9,1,62,0,2018,9,10,3,3,5,3,0,0,1,0,0,0,0,0,6.88707E+20,5.33654E+21,1.15374E+16,4.81541E+16
187441,9,5,76,143,2018,9,7,5,3,1,6,0,0,1,0,0,0,0,0,6.52427E+20,5.45568E+21,1.10939E+16,4.92349E+16
187442,9,1,62,0,2018,9,17,3,3,5,1,0,1,1,0,0,0,0,0,6.93556E+20,5.33164E+21,1.16003E+16,4.81086E+16
187443,9,5,74,128,2018,9,15,5,2,0,7,0,1,0,0,0,0,0,0,6.78648E+20,5.4859E+21,1.14673E+16,4.94994E+16
187444,9,5,63,0,2018,9,17,5,3,0,7,0,1,1,0,0,0,0,0,6.45309E+20,5.48017E+21,1.10051E+16,4.94568E+16
187445,9,1,62,0,2018,9,15,3,3,6,7,0,0,1,1,0,0,0,0,6.93117E+20,5.33191E+21,1.15945E+16,4.81111E+16
187446,9,5,64,0,2018,9,18,5,3,5,3,0,0,1,0,0,0,0,0,6.51392E+20,5.47862E+21,1.10884E+16,4.94414E+16
187447,9,1,62,0,2018,9,8,3,3,3,7,0,0,1,0,1,0,0,0,6.92129E+20,5.33343E+21,1.1582E+16,4.81251E+16
187448,9,1,62,0,2018,9,8,3,3,1,7,0,0,1,0,1,0,0,0,6.93916E+20,5.333E+21,1.16057E+16,4.81207E+16
187449,9,5,64,0,2018,9,15,5,3,6,4,0,0,0,1,1,0,0,0,6.51423E+20,5.47875E+21,1.10889E+16,4.94426E+16
187450,9,1,62,0,2018,9,21,3,3,0,1,2,1,0,1,0,0,0,0,6.92189E+20,5.33699E+21,1.15844E+16,4.81571E+16
187451,9,5,64,0,2018,9,20,5,3,5,2,2,1,1,0,0,0,0,0,6.51169E+20,5.4796E+21,1.10857E+16,4.94503E+16
187452,9,1,62,0,2018,9,8,3,3,3,5,0,1,1,0,0,0,0,0,6.91518E+20,5.33703E+21,1.15754E+16,4.81577E+16
187453,9,5,73,134,2018,9,16,5,3,5,3,0,0,1,0,0,0,0,0,6.41085E+20,5.47885E+21,1.09464E+16,4.94459E+16
187454,9,7,75,164,2018,9,10,3,3,5,3,0,0,1,0,0,0,0,0,5.86131E+20,5.35056E+21,1.01615E+16,4.83024E+16
187455,9,5,73,127,2018,9,16,5,3,5,3,0,0,1,0,1,0,0,0,6.45072E+20,5.47491E+21,1.09999E+16,4.94095E+16
187456,9,7,75,135,2018,9,12,3,3,1,5,0,0,1,0,0,0,1,0,5.73962E+20,5.36065E+21,9.99916E+15,4.83946E+16
187457,9,5,61,0,2018,9,19,5,3,5,2,1,0,1,0,1,0,0,0,6.14716E+20,5.46205E+21,1.05779E+16,4.93005E+16
187458,9,5,77,136,2018,9,7,5,3,0,7,1,1,1,0,0,0,0,0,6.28101E+20,5.44202E+21,1.07556E+16,4.91176E+16
187459,9,7,75,135,2018,9,5,3,3,0,7,2,1,0,0,0,0,0,0,5.74303E+20,5.35965E+21,1.00036E+16,4.83856E+16
187460,9,5,75,117,2018,9,18,5,2,8,1,0,0,0,0,1,0,0,0,6.25032E+20,5.50108E+21,1.07321E+16,4.96493E+16
187461,9,7,78,173,2018,9,13,3,2,6,4,0,0,1,1,0,0,0,0,6.11031E+20,5.32291E+21,1.04899E+16,4.80498E+16
187462,9,7,64,0,2018,9,7,3,3,4,2,0,1,1,0,0,0,0,0,5.87922E+20,5.31605E+21,1.01785E+16,4.79917E+16
187463,9,4,79,152,2018,9,16,5,3,5,3,0,0,1,0,0,0,0,0,7.23556E+20,5.56262E+21,1.21309E+16,5.01735E+16
187464,9,7,63,0,2018,9,12,3,2,6,4,0,0,1,1,0,0,0,0,5.99047E+20,5.28552E+21,1.03206E+16,4.77155E+16
187465,9,4,79,152,2018,9,18,5,3,4,1,0,1,1,0,0,0,0,0,7.22474E+20,5.56263E+21,1.21158E+16,5.0174E+16
187466,9,7,62,0,2018,9,7,3,3,3,1,0,1,0,0,0,0,0,0,6.20722E+20,5.30409E+21,1.06146E+16,4.78788E+16
187467,9,4,64,0,2018,9,13,5,3,0,1,0,1,0,0,0,0,0,1,7.07117E+20,5.5785E+21,1.19097E+16,5.03222E+16
187468,9,4,76,178,2018,9,17,5,3,4,1,0,1,0,0,1,0,0,0,6.62321E+20,5.57717E+21,1.12804E+16,5.03243E+16
187469,9,7,61,0,2018,9,9,3,2,6,4,0,0,1,1,0,0,0,0,6.39116E+20,5.35685E+21,1.08777E+16,4.83495E+16
187470,9,4,62,0,2018,9,9,5,3,5,3,0,1,1,0,0,0,0,0,6.85136E+20,5.53468E+21,1.158E+16,4.99357E+16