OBJECTID_1,ULAND,UREGBEZ,UKREIS,UGEMEINDE,UJAHR,UMONAT,USTUNDE,UWOCHENTAG,UKATEGORIE,UART,UTYP1,ULICHTVERH,IstRad,IstPKW,IstFuss,IstKrad,IstGkfz,IstSonstig,STRZUSTAND,LINREFX,LINREFY,XGCSWGS84,YGCSWGS84
187656,9,4,78,139,2018,10,21,3,3,5,2,2,0,1,0,0,0,0,1,6.476E+20,5.55749E+21,1.10661E+16,5.01512E+16
187657,9,7,61,0,2018,9,16,7,2,0,1,0,1,0,0,0,0,0,0,6.41634E+20,5.35847E+21,1.09122E+16,4.83635E+16
187658,9,4,78,139,2018,10,7,3,3,5,2,0,0,1,1,0,0,0,0,6.47321E+20,5.55754E+21,1.10622E+16,5.01518E+16
187659,9,7,61,0,2018,9,12,7,3,4,1,0,1,0,0,0,0,0,0,6.41453E+20,5.35936E+21,1.09101E+16,4.83716E+16
187660,9,7,61,0,2018,9,16,7,3,0,1,0,1,0,0,0,0,0,0,6.40396E+20,5.35806E+21,1.08954E+16,4.83601E+16
187661,9,4,63,0,2018,10,18,3,2,1,6,1,0,1,0,1,0,0,0,6.39535E+20,5.5698E+21,1.09578E+16,5.02639E+16
187662,9,6,79,194,2018,9,17,7,3,5,3,0,0,1,0,1,0,0,0,5.6047E+20,5.52544E+21,9.84164E+15,4.98783E+16
187663,9,4,63,0,2018,10,7,3,3,0,7,0,0,0,0,1,0,0,1,6.4015E+20,5.56899E+21,1.09661E+16,5.02564E+16
187664,9,4,61,0,2018,10,18,3,3,1,6,1,0,1,0,0,0,0,1,6.36163E+20,5.52911E+21,1.0896E+16,4.98988E+16
187665,9,6,79,194,2018,9,16,7,3,5,3,0,0,1,0,0,0,0,0,5.6031E+20,5.52592E+21,9.8395E+15,4.98826E+16
187666,9,3,62,0,2018,10,9,3,3,0,7,0,1,0,0,0,1,0,0,7.26801E+20,5.43319E+21,1.21016E+16,4.90098E+16
187667,9,6,74,195,2018,9,10,7,3,0,6,0,0,1,0,1,0,0,0,6.14055E+20,5.53851E+21,1.05911E+16,4.9988E+16
187668,9,3,62,0,2018,10,15,3,3,5,2,0,1,1,0,0,0,0,0,7.2795E+20,5.43518E+21,1.21184E+16,4.90274E+16
187669,9,3,61,0,2018,10,18,3,3,6,7,2,0,1,1,0,0,0,0,7.0719E+20,5.48114E+21,1.18586E+16,4.94476E+16
187670,9,6,76,133,2018,9,19,7,3,8,1,2,0,1,0,0,0,0,0,5.12259E+20,5.52425E+21,9.1706E+15,4.98705E+16
187671,9,2,76,144,2018,10,15,3,3,0,1,0,0,0,0,1,0,0,1,7.8508E+20,5.44219E+21,1.29032E+16,4.90665E+16
187672,9,6,61,0,2018,9,21,7,3,5,3,2,1,1,0,0,0,0,0,5.08423E+20,5.53639E+21,9.11748E+15,4.99798E+16
187673,9,2,75,126,2018,10,12,3,2,0,7,0,0,0,0,1,0,0,0,8.42066E+20,5.40095E+21,1.36465E+16,4.86678E+16
187674,9,5,64,0,2018,9,10,7,3,6,4,0,1,0,1,0,0,0,0,6.50388E+20,5.48003E+21,1.10751E+16,4.94543E+16
187675,9,5,64,0,2018,9,10,7,3,5,2,0,0,1,0,0,0,0,0,6.54621E+20,5.47462E+21,1.11314E+16,4.94046E+16
187676,9,2,62,0,2018,10,14,3,3,5,3,0,1,1,0,0,0,0,0,8.24746E+20,5.38951E+21,1.34031E+16,4.85744E+16
187677,9,5,64,0,2018,9,1,7,3,5,3,2,0,1,0,0,0,0,0,6.50223E+20,5.47948E+21,1.10726E+16,4.94494E+16
187678,9,2,72,146,2018,10,11,3,3,0,7,0,0,1,0,0,0,1,0,8.28509E+20,5.42451E+21,1.34818E+16,4.88863E+16
187679,9,2,72,151,2018,10,10,3,3,5,3,0,0,1,0,0,1,0,0,8.38849E+20,5.40804E+21,1.36088E+16,4.87331E+16
187680,9,5,75,121,2018,9,22,7,2,8,1,2,0,0,0,1,0,0,0,6.21847E+20,5.49139E+21,1.0685E+16,4.95629E+16
187681,9,2,74,126,2018,10,18,3,3,6,4,0,0,1,1,0,0,0,0,7.34095E+20,5.38512E+21,1.21738E+16,4.85754E+16
187682,9,4,79,136,2018,9,18,7,3,5,7,1,1,1,0,0,0,0,0,7.2211E+20,5.54375E+21,1.20997E+16,5.00046E+16
187683,9,1,80,117,2018,10,13,3,3,6,7,0,0,1,1,0,0,0,0,6.58742E+20,5.2625E+21,1.11076E+16,4.74966E+16
187684,9,1,83,128,2018,10,9,3,3,5,3,0,1,0,0,0,1,0,0,7.61878E+20,5.35096E+21,1.25285E+16,4.82577E+16
187685,9,4,73,151,2018,9,17,7,3,5,3,0,1,1,0,0,0,0,0,6.5258E+20,5.57867E+21,1.11443E+16,5.03403E+16
187686,9,1,71,113,2018,10,16,3,3,0,1,0,1,0,0,0,0,0,0,7.7719E+20,5.34156E+21,1.27282E+16,4.81668E+16
187687,9,4,71,195,2018,9,8,7,3,5,3,0,0,1,0,0,0,0,0,6.42047E+20,5.52292E+21,1.09756E+16,4.98418E+16
187688,9,4,71,145,2018,9,12,7,3,5,3,0,0,1,0,0,0,0,0,6.43581E+20,5.52101E+21,1.09962E+16,4.98243E+16
187689,9,1,72,115,2018,10,22,3,3,0,1,2,0,0,0,1,0,0,1,7.91915E+20,5.29236E+21,1.28925E+16,4.77185E+16
187690,9,3,77,141,2018,9,17,7,2,5,3,0,0,1,0,0,0,0,0,7.32967E+20,5.53802E+21,1.22476E+16,4.99491E+16
187691,9,1,71,111,2018,10,13,3,3,0,1,0,1,0,0,0,0,0,0,7.73135E+20,5.34749E+21,1.26776E+16,4.82217E+16
187692,9,1,82,129,2018,10,11,3,3,6,7,0,0,1,1,0,0,0,0,7.07941E+20,5.28558E+21,1.17711E+16,4.76901E+16
187693,9,3,63,0,2018,9,12,7,3,5,3,0,0,1,0,0,0,0,0,7.27331E+20,5.50593E+21,1.21503E+16,4.9663E+16
187694,9,1,61,0,2018,10,16,3,3,9,7,0,0,0,0,1,0,0,0,6.82179E+20,5.40263E+21,1.14785E+16,4.875E+16
187695,9,3,74,124,2018,9,22,7,3,0,1,2,1,0,0,0,0,0,0,7.1053E+20,5.51137E+21,1.19208E+16,4.9718E+16
187696,9,3,75,174,2018,9,14,7,2,5,3,0,1,1,0,0,0,0,0,7.3383E+20,5.43164E+21,1.21967E+16,4.89934E+16
187697,9,1,61,0,2018,10,8,3,3,5,2,0,0,1,0,1,0,0,0,6.77044E+20,5.40525E+21,1.14098E+16,4.87751E+16
187698,9,2,63,0,2018,9,15,7,3,0,1,0,1,0,0,0,0,0,0,7.60996E+20,5.4192E+21,1.25594E+16,4.88708E+16
187699,9,1,85,149,2018,10,18,3,3,1,5,0,1,1,0,0,0,0,0,6.60884E+20,5.40007E+21,1.1188E+16,4.87329E+16
187700,9,2,79,122,2018,9,17,7,3,4,3,0,1,1,0,0,0,0,0,7.71347E+20,5.39736E+21,1.26859E+16,4.86703E+16
187701,9,1,80,127,2018,9,14,7,2,0,7,0,1,0,0,0,0,0,0,6.6793E+20,5.27777E+21,1.12354E+16,4.76315E+16
187702,9,1,81,130,2018,10,7,3,2,5,3,0,1,1,0,0,0,0,0,6.38487E+20,5.32412E+21,1.08585E+16,4.80553E+16
187703,9,1,83,129,2018,9,4,7,3,9,1,2,0,1,0,0,0,0,0,7.6024E+20,5.36189E+21,1.25132E+16,4.83565E+16
187704,9,1,78,124,2018,10,7,3,3,0,1,0,0,0,0,1,0,0,0,7.04006E+20,5.36208E+21,1.17552E+16,4.83788E+16
187705,9,1,62,0,2018,10,11,2,3,2,6,0,0,1,0,0,0,0,0,6.86716E+20,5.33463E+21,1.15098E+16,4.81375E+16
187706,9,1,72,111,2018,9,9,7,3,0,1,0,1,0,0,0,0,0,0,7.96051E+20,5.30318E+21,1.29548E+16,4.78138E+16
187707,9,1,62,0,2018,10,5,2,3,2,6,2,0,1,0,0,0,1,0,6.86233E+20,5.33271E+21,1.15025E+16,4.81204E+16
187708,9,1,71,111,2018,9,15,7,3,0,7,0,1,0,0,0,0,0,0,7.72623E+20,5.34795E+21,1.2671E+16,4.82261E+16
187709,9,1,88,127,2018,9,7,7,3,9,1,2,0,1,0,0,0,0,0,6.7675E+20,5.33023E+21,1.13741E+16,4.81008E+16
187710,9,1,62,0,2018,10,9,2,3,5,3,0,0,1,0,0,0,0,1,6.91615E+20,5.33782E+21,1.1577E+16,4.81647E+16
187711,9,1,74,115,2018,9,11,7,3,5,3,0,1,1,0,0,0,0,0,6.81092E+20,5.34783E+21,1.14399E+16,4.82578E+16
187712,9,1,62,0,2018,10,15,2,3,4,2,0,0,1,0,0,0,0,0,6.98574E+20,5.33529E+21,1.16693E+16,4.81399E+16
187713,9,1,62,0,2018,10,7,2,3,6,4,1,0,1,1,0,0,0,1,6.89675E+20,5.3436E+21,1.15535E+16,4.82173E+16
187714,9,1,77,133,2018,9,15,7,3,3,6,0,0,1,0,0,0,0,0,7.06705E+20,5.35913E+21,1.17901E+16,4.83515E+16
187715,9,1,62,0,2018,10,23,2,2,6,4,2,0,1,1,0,0,0,0,6.87758E+20,5.33452E+21,1.15238E+16,4.81363E+16
187716,9,1,78,124,2018,9,13,7,3,0,6,0,1,0,0,0,0,0,0,7.02972E+20,5.36432E+21,1.17423E+16,4.83994E+16
187717,9,1,62,0,2018,10,14,2,3,4,2,0,0,1,0,0,0,0,0,6.82779E+20,5.3348E+21,1.1457E+16,4.81402E+16
187718,9,1,77,117,2018,9,11,7,3,6,4,0,0,1,1,0,0,0,0,7.15861E+20,5.3544E+21,1.19111E+16,4.83059E+16
187719,9,1,62,0,2018,10,9,2,3,5,3,0,0,1,0,0,0,0,1,6.85994E+20,5.33851E+21,1.15018E+16,4.81726E+16
187720,9,1,77,120,2018,9,16,7,3,0,7,0,0,0,0,1,0,0,0,7.20134E+20,5.35855E+21,1.19709E+16,4.83417E+16
187721,9,1,62,0,2018,10,15,2,3,2,6,0,0,1,0,0,0,0,0,6.90322E+20,5.33587E+21,1.15588E+16,4.81476E+16
187722,9,1,84,130,2018,9,14,6,3,0,7,0,1,0,0,0,0,0,0,6.99291E+20,5.34529E+21,1.16837E+16,4.82295E+16
187723,9,1,84,149,2018,9,7,6,3,5,3,0,1,1,0,0,0,0,0,6.91548E+20,5.34959E+21,1.15814E+16,4.82706E+16
187724,9,1,62,0,2018,10,19,2,3,6,7,2,0,1,1,0,0,0,0,6.8857E+20,5.33321E+21,1.15341E+16,4.81242E+16
187725,9,1,62,0,2018,9,16,6,3,6,4,0,0,1,1,0,0,0,0,6.91229E+20,5.34005E+21,1.15728E+16,4.81849E+16
187726,9,1,62,0,2018,10,7,2,3,5,3,0,0,1,0,0,0,0,1,6.91887E+20,5.33834E+21,1.15809E+16,4.81693E+16
187727,9,7,62,0,2018,10,7,2,3,6,4,0,0,1,1,0,0,0,1,6.21512E+20,5.30467E+21,1.06253E+16,4.78839E+16
187728,9,1,62,0,2018,9,20,6,3,3,6,2,0,1,0,0,0,0,0,6.8874E+20,5.33566E+21,1.15374E+16,4.81461E+16
187729,9,7,77,129,2018,10,13,2,3,6,2,0,0,1,1,0,0,0,1,6.27743E+20,5.26992E+21,1.06984E+16,4.75701E+16
187730,9,1,62,0,2018,9,14,6,3,5,3,0,0,1,0,0,0,0,0,6.84374E+20,5.32974E+21,1.14762E+16,4.80942E+16
187731,9,7,77,129,2018,10,17,2,3,2,6,0,0,1,0,0,0,0,1,6.262E+20,5.27024E+21,1.0678E+16,4.75733E+16
187732,9,1,84,146,2018,9,13,6,3,5,2,0,1,1,0,0,0,0,0,6.979E+20,5.32829E+21,1.1657E+16,4.80772E+16
187733,9,1,62,0,2018,9,21,6,3,5,2,2,0,1,0,0,0,0,0,6.97944E+20,5.33123E+21,1.1659E+16,4.81035E+16
187734,9,7,71,146,2018,10,13,2,3,5,3,0,0,1,0,1,0,0,0,6.4678E+20,5.34843E+21,1.09781E+16,4.82721E+16
187735,9,1,62,0,2018,9,18,6,3,2,6,0,1,0,0,0,0,0,0,6.91038E+20,5.33225E+21,1.15668E+16,4.81149E+16
187736,9,6,63,0,2018,10,19,2,2,0,1,2,1,0,0,0,0,0,0,5.67267E+20,5.5168E+21,9.93473E+15,4.97999E+16
187737,9,1,62,0,2018,9,12,6,3,5,2,0,1,1,0,0,0,0,0,6.93601E+20,5.33368E+21,1.16018E+16,4.81269E+16
187738,9,6,63,0,2018,10,7,2,3,6,4,0,0,1,1,0,0,0,0,5.68037E+20,5.51726E+21,9.94552E+15,4.98039E+16
187739,9,1,62,0,2018,9,11,6,3,1,6,0,1,1,0,0,0,0,0,6.91215E+20,5.3344E+21,1.15701E+16,4.81341E+16
187740,9,6,75,141,2018,10,15,2,3,6,4,0,0,0,1,0,0,1,0,5.86987E+20,5.50935E+21,1.0207E+16,4.97303E+16
187741,9,6,62,0,2018,10,15,2,3,1,6,0,0,1,0,0,0,0,0,5.87472E+20,5.54356E+21,1.02215E+16,5.00379E+16
187742,9,7,75,135,2018,9,17,6,3,6,7,0,0,1,1,0,0,0,0,5.74798E+20,5.36073E+21,1.00105E+16,4.83953E+16
187743,9,6,61,0,2018,10,6,2,3,5,3,2,0,1,0,1,0,0,0,5.10418E+20,5.53687E+21,9.14532E+15,4.99841E+16
187744,9,5,62,0,2018,10,7,2,2,0,7,0,1,0,0,0,0,0,0,6.43852E+20,5.4947E+21,1.09903E+16,4.95878E+16
187745,9,7,75,135,2018,9,6,6,3,2,6,0,0,1,0,0,0,0,0,5.76717E+20,5.36002E+21,1.00363E+16,4.83887E+16
187746,9,7,61,0,2018,10,10,6,3,5,3,0,1,1,0,0,0,0,0,6.39362E+20,5.35729E+21,1.08812E+16,4.83534E+16
187747,9,1,63,0,2018,10,12,2,3,2,6,0,0,1,0,0,0,0,0,7.33121E+20,5.30456E+21,1.21164E+16,4.7852E+16
187748,9,7,71,113,2018,10,5,6,2,5,3,2,0,0,0,1,0,1,1,6.5728E+20,5.369E+21,1.11273E+16,4.84545E+16
187749,9,1,63,0,2018,10,7,2,3,0,1,0,1,0,0,0,0,0,0,7.3386E+20,5.30549E+21,1.21268E+16,4.78601E+16
187750,9,1,87,150,2018,10,16,2,3,0,1,0,1,0,0,0,0,0,0,7.27995E+20,5.30334E+21,1.20473E+16,4.78429E+16
187751,9,1,61,0,2018,10,17,2,3,5,3,0,1,1,0,0,0,0,0,6.75343E+20,5.4045E+21,1.13863E+16,4.87688E+16
187752,9,6,63,0,2018,10,15,6,3,2,6,0,1,1,0,0,0,0,0,5.64265E+20,5.51728E+21,9.89311E+15,4.98045E+16
187753,9,1,79,145,2018,10,11,2,3,3,6,0,1,1,0,0,0,0,0,6.74704E+20,5.337E+21,1.13495E+16,4.81622E+16
187754,9,6,63,0,2018,10,17,6,3,5,3,0,0,1,0,0,0,0,0,5.70219E+20,5.51492E+21,9.97541E+15,4.97826E+16
187755,9,1,79,119,2018,10,13,2,3,0,1,0,1,0,0,0,0,0,0,6.70418E+20,5.33894E+21,1.12926E+16,4.81808E+16
187756,9,6,63,0,2018,10,15,6,3,5,3,0,0,1,0,0,0,0,0,5.6503E+20,5.51566E+21,9.90346E+15,4.97898E+16
187757,9,1,78,143,2018,10,16,2,2,0,1,0,0,0,0,1,0,0,0,7.16776E+20,5.37333E+21,1.19332E+16,4.84757E+16
187758,9,1,78,124,2018,10,22,2,3,8,1,2,0,1,0,0,0,0,0,7.03933E+20,5.36417E+21,1.17552E+16,4.83977E+16
187759,9,6,62,0,2018,10,19,6,3,0,7,2,1,1,0,0,0,0,0,5.87718E+20,5.54409E+21,1.02251E+16,5.00427E+16
187760,9,1,62,0,2018,10,6,1,2,1,5,2,0,1,0,0,1,0,1,6.98398E+20,5.33468E+21,1.16667E+16,4.81344E+16
187761,9,6,62,0,2018,10,16,6,3,5,3,0,1,1,0,0,0,0,0,5.87187E+20,5.54433E+21,1.02177E+16,5.00448E+16
187762,9,1,62,0,2018,10,0,1,3,0,7,2,1,0,0,0,0,0,1,6.91207E+20,5.33405E+21,1.15699E+16,4.8131E+16
187763,9,6,62,0,2018,10,14,6,3,2,6,0,0,1,0,0,0,0,0,5.87953E+20,5.54263E+21,1.0228E+16,5.00294E+16
187764,9,1,62,0,2018,10,13,1,3,4,7,0,0,1,0,0,0,0,0,6.92178E+20,5.33713E+21,1.15843E+16,4.81583E+16
187765,9,6,76,121,2018,10,23,6,3,1,5,2,0,1,0,0,0,0,0,5.12113E+20,5.52117E+21,9.16848E+15,4.98428E+16
187766,9,6,76,132,2018,10,6,6,3,3,6,0,1,1,0,0,0,0,0,5.15306E+20,5.5075E+21,9.21234E+15,4.97198E+16
187767,9,1,62,0,2018,10,14,1,3,2,6,0,0,1,0,1,0,0,0,6.87423E+20,5.33099E+21,1.15177E+16,4.81046E+16
187768,9,1,62,0,2018,10,4,1,2,0,7,2,1,0,0,0,0,0,1,6.90997E+20,5.33522E+21,1.15676E+16,4.81416E+16
187769,9,5,62,0,2018,10,15,6,3,0,7,0,1,1,0,0,0,0,0,6.45201E+20,5.49615E+21,1.10095E+16,4.96004E+16
187770,9,1,62,0,2018,10,6,1,3,5,3,2,0,1,0,1,0,0,1,6.91798E+20,5.33239E+21,1.1577E+16,4.81159E+16
187771,9,1,62,0,2018,10,1,1,3,6,7,2,0,1,1,0,0,0,0,6.89366E+20,5.33369E+21,1.1545E+16,4.81282E+16
187772,9,1,62,0,2018,10,18,1,3,1,6,2,0,1,0,0,0,0,0,6.92652E+20,5.33479E+21,1.15896E+16,4.81372E+16
187773,9,1,62,0,2018,10,11,1,3,3,2,0,1,1,0,0,0,0,0,6.90909E+20,5.33396E+21,1.15658E+16,4.81302E+16
187774,9,7,64,0,2018,10,17,1,3,5,3,0,1,1,0,0,0,0,0,5.88681E+20,5.31465E+21,1.01884E+16,4.7979E+16
187775,9,7,62,0,2018,10,13,1,3,6,4,0,0,1,1,0,0,0,0,6.2099E+20,5.3044E+21,1.06183E+16,4.78815E+16
187776,9,5,62,0,2018,10,10,6,3,5,3,0,1,1,0,0,0,0,0,6.45638E+20,5.49409E+21,1.10148E+16,4.95818E+16
187777,9,7,79,203,2018,10,15,1,3,0,7,0,1,0,0,0,0,0,0,6.11126E+20,5.4082E+21,1.05138E+16,4.88169E+16
187778,9,5,62,0,2018,10,16,6,3,4,2,0,0,1,0,0,0,0,0,6.46305E+20,5.48996E+21,1.10225E+16,4.95445E+16
187779,9,5,74,131,2018,10,17,6,3,0,7,0,1,0,0,0,0,1,0,6.7225E+20,5.48589E+21,1.13791E+16,4.95011E+16
187780,9,7,61,0,2018,10,10,1,3,1,5,0,1,1,0,0,0,0,0,6.43949E+20,5.35797E+21,1.09433E+16,4.83585E+16
187781,9,5,63,0,2018,10,8,6,3,6,7,0,0,1,1,0,0,0,0,6.41728E+20,5.48291E+21,1.09567E+16,4.94823E+16
187782,9,7,61,0,2018,10,19,1,2,2,7,1,0,1,0,1,0,0,0,6.41085E+20,5.36014E+21,1.09054E+16,4.83787E+16
187783,9,5,63,0,2018,10,13,6,3,5,3,0,0,1,0,0,0,0,0,6.42179E+20,5.48141E+21,1.09624E+16,4.94687E+16
187784,9,7,61,0,2018,10,19,1,3,0,1,0,1,0,0,0,0,0,0,6.41128E+20,5.3592E+21,1.09056E+16,4.83701E+16
187785,9,5,64,0,2018,10,17,6,3,3,6,0,0,1,0,0,0,1,0,6.5164E+20,5.48015E+21,1.10924E+16,4.94551E+16
187786,9,5,64,0,2018,10,14,6,3,2,7,0,1,1,0,0,0,0,0,6.51171E+20,5.47881E+21,1.10854E+16,4.94431E+16
187787,9,6,79,202,2018,10,18,1,3,5,3,0,1,0,0,0,0,1,0,5.63411E+20,5.51951E+21,9.8816E+15,4.98247E+16
187788,9,6,79,187,2018,10,11,1,2,6,7,0,1,0,1,0,0,0,0,5.73674E+20,5.50628E+21,1.00218E+16,4.97045E+16
187789,9,5,64,0,2018,10,7,6,3,0,7,0,0,1,0,0,0,1,0,6.52251E+20,5.48214E+21,1.11016E+16,4.94728E+16
187790,9,6,73,141,2018,10,6,1,3,8,1,1,0,1,0,0,0,0,0,6.04407E+20,5.57412E+21,1.04663E+16,5.03099E+16
187791,9,5,64,0,2018,10,11,6,3,2,6,0,0,1,0,0,0,0,0,6.52017E+20,5.47956E+21,1.10974E+16,4.94497E+16
187792,9,5,77,161,2018,10,16,6,3,5,3,0,1,1,0,0,0,0,0,6.44915E+20,5.44129E+21,1.09856E+16,4.91073E+16
187793,9,6,76,116,2018,10,15,1,3,0,1,0,1,0,0,0,0,0,0,5.1944E+20,5.50679E+21,9.26965E+15,4.97133E+16
187794,9,4,75,162,2018,10,16,6,3,5,3,0,0,1,0,1,0,0,0,7.1667E+20,5.57076E+21,1.20393E+16,5.02492E+16
187795,9,5,62,0,2018,10,12,1,3,1,5,0,1,1,0,0,0,0,0,6.4412E+20,5.49481E+21,1.09941E+16,4.95887E+16
187796,9,5,74,157,2018,10,15,1,3,6,4,0,0,1,1,0,0,0,0,6.63141E+20,5.46977E+21,1.12467E+16,4.93588E+16
187797,9,4,78,139,2018,10,14,6,3,0,7,0,1,0,0,0,0,0,0,6.47537E+20,5.55744E+21,1.10652E+16,5.01508E+16
187798,9,5,64,0,2018,10,19,1,2,0,1,2,0,1,0,0,1,0,0,6.49462E+20,5.47722E+21,1.10613E+16,4.94292E+16
187799,9,4,77,156,2018,10,16,6,3,5,3,0,1,1,0,0,0,0,0,6.78967E+20,5.55987E+21,1.15059E+16,5.0164E+16
187800,9,4,62,0,2018,10,7,6,2,5,3,0,1,1,0,0,0,0,0,6.83057E+20,5.53454E+21,1.1551E+16,4.99351E+16
187801,9,4,71,140,2018,10,14,6,3,2,6,0,1,1,0,0,0,0,0,6.34243E+20,5.53224E+21,1.08704E+16,4.99274E+16
187802,9,4,71,145,2018,10,11,6,2,5,3,0,0,1,0,0,0,0,0,6.43582E+20,5.52101E+21,1.09963E+16,4.98243E+16
187803,9,4,61,0,2018,10,13,6,3,5,3,0,1,0,0,0,0,1,0,6.36406E+20,5.53116E+21,1.09001E+16,4.99172E+16
187804,9,5,75,112,2018,10,13,1,3,5,3,0,0,1,0,0,0,0,0,6.02544E+20,5.48389E+21,1.04162E+16,4.9499E+16
187805,9,5,71,146,2018,10,14,1,3,3,6,0,1,1,0,0,0,0,0,6.11792E+20,5.47604E+21,1.05417E+16,4.94268E+16
187806,9,3,72,125,2018,10,15,6,2,8,1,0,1,0,0,0,0,0,0,7.52949E+20,5.44635E+21,1.24668E+16,4.91179E+16
187807,9,4,73,151,2018,10,15,1,3,0,1,0,1,0,0,0,0,0,0,6.51169E+20,5.57698E+21,1.11238E+16,5.03255E+16
187808,9,3,75,190,2018,10,16,6,3,0,1,0,0,0,0,1,0,0,0,7.22567E+20,5.44508E+21,1.20503E+16,4.91182E+16
187809,9,3,62,0,2018,10,8,6,3,8,1,0,0,1,0,0,0,0,0,7.32015E+20,5.43027E+21,1.21712E+16,4.89817E+16
187810,9,4,62,0,2018,10,17,1,2,0,5,0,0,1,0,0,0,0,0,6.84877E+20,5.53611E+21,1.15771E+16,4.99487E+16
187811,9,3,62,0,2018,10,13,6,3,5,3,0,1,0,0,1,0,0,0,7.27232E+20,5.43359E+21,1.21077E+16,4.90133E+16
187812,9,4,62,0,2018,10,9,1,2,0,1,0,0,0,0,1,0,0,0,6.84079E+20,5.53483E+21,1.15653E+16,4.99374E+16
187813,9,3,73,147,2018,10,11,6,3,2,6,0,0,1,0,0,0,1,0,6.78117E+20,5.46215E+21,1.14494E+16,4.92861E+16
187814,9,3,62,0,2018,10,2,1,3,5,3,2,0,1,0,0,0,0,0,7.26662E+20,5.4337E+21,1.21E+16,4.90145E+16
187815,9,3,62,0,2018,10,1,1,3,5,7,2,0,1,0,0,0,0,0,7.26372E+20,5.43347E+21,1.20959E+16,4.90126E+16
187816,9,3,72,115,2018,10,8,6,3,5,3,0,0,1,0,0,0,0,0,7.78027E+20,5.4529E+21,1.28143E+16,4.91659E+16
187817,9,3,73,147,2018,10,17,1,3,6,4,0,0,1,1,0,0,0,0,6.78773E+20,5.4589E+21,1.14569E+16,4.92567E+16
187818,9,3,76,163,2018,10,7,6,3,5,3,0,1,0,0,0,0,1,0,7.27285E+20,5.47536E+21,1.21321E+16,4.93885E+16
187819,9,2,76,138,2018,10,15,1,3,0,1,0,1,0,0,0,0,0,0,8.02052E+20,5.43229E+21,1.31276E+16,4.89696E+16
187820,9,2,72,118,2018,10,17,1,2,1,5,0,0,1,0,0,0,1,1,8.33848E+20,5.41608E+21,1.35475E+16,4.88079E+16
187821,9,2,78,123,2018,10,16,6,3,1,6,0,0,1,0,0,0,0,0,7.49284E+20,5.41385E+21,1.23968E+16,4.88275E+16
187822,9,2,77,116,2018,10,10,1,3,0,7,0,1,1,0,0,0,0,1,7.78376E+20,5.3676E+21,1.27613E+16,4.84E+16
187823,9,2,63,0,2018,10,16,6,3,5,3,0,0,1,0,0,0,0,0,7.64385E+20,5.42044E+21,1.26064E+16,4.88804E+16
187824,9,2,71,119,2018,10,1,6,3,8,7,2,0,1,0,0,0,0,0,7.90871E+20,5.41666E+21,1.29641E+16,4.88347E+16
187825,9,2,73,152,2018,10,23,1,3,8,1,2,0,1,0,0,0,0,0,7.05464E+20,5.40927E+21,1.17982E+16,4.88025E+16
187826,9,2,71,119,2018,10,16,6,2,5,2,0,1,1,0,0,0,0,0,7.89794E+20,5.41783E+21,1.29503E+16,4.88457E+16
187827,9,1,90,159,2018,10,12,1,2,0,1,0,0,0,0,1,0,0,0,6.66587E+20,5.30336E+21,1.12273E+16,4.7862E+16
187828,9,2,77,142,2018,10,20,6,2,8,1,2,0,1,0,0,0,0,0,7.89423E+20,5.39075E+21,1.29262E+16,4.86028E+16
187829,9,1,80,117,2018,10,13,1,3,1,5,0,1,1,0,0,0,0,0,6.58767E+20,5.26172E+21,1.11077E+16,4.74896E+16
187830,9,1,71,111,2018,10,18,1,2,5,3,2,0,1,0,1,0,0,0,7.71926E+20,5.34796E+21,1.26617E+16,4.82265E+16
187831,9,2,62,0,2018,10,17,6,2,5,3,0,1,1,0,0,0,0,0,8.23625E+20,5.39159E+21,1.33895E+16,4.85936E+16
187832,9,1,61,0,2018,10,18,1,3,6,7,0,0,1,1,0,0,0,0,6.78254E+20,5.40477E+21,1.1426E+16,4.87704E+16
187833,9,2,74,184,2018,10,10,6,3,0,1,0,1,0,0,0,0,0,0,7.47612E+20,5.37168E+21,1.23488E+16,4.84495E+16
187834,9,2,74,176,2018,10,13,6,3,5,3,0,1,1,0,0,0,0,0,7.23514E+20,5.39862E+21,1.20379E+16,4.87005E+16
187835,9,1,85,158,2018,10,20,1,3,2,6,2,0,0,0,1,0,0,0,6.6714E+20,5.38125E+21,1.12654E+16,4.8562E+16
187836,9,2,74,153,2018,10,17,6,3,8,1,0,0,1,0,0,0,0,0,7.36843E+20,5.4026E+21,1.2221E+16,4.87314E+16
187837,9,2,73,137,2018,10,15,6,3,0,7,0,1,0,0,0,0,0,0,7.10736E+20,5.42254E+21,1.18767E+16,4.89199E+16
187838,9,2,73,152,2018,10,6,6,3,5,3,2,1,1,0,0,0,0,0,7.05076E+20,5.4105E+21,1.17935E+16,4.88136E+16
187839,9,1,86,143,2018,10,15,1,3,1,6,0,1,1,0,0,0,0,0,6.84616E+20,5.37789E+21,1.15006E+16,4.85269E+16
187840,9,1,73,120,2018,10,13,6,3,1,7,0,1,1,0,0,0,0,0,6.88688E+20,5.31244E+21,1.15265E+16,4.79375E+16