OBJECTID_1,ULAND,UREGBEZ,UKREIS,UGEMEINDE,UJAHR,UMONAT,USTUNDE,UWOCHENTAG,UKATEGORIE,UART,UTYP1,ULICHTVERH,IstRad,IstPKW,IstFuss,IstKrad,IstGkfz,IstSonstig,STRZUSTAND,LINREFX,LINREFY,XGCSWGS84,YGCSWGS84
187841,9,1,81,143,2018,10,11,1,2,5,3,0,0,1,0,0,1,0,0,6.36726E+20,5.31571E+21,1.08322E+16,4.798E+16
187842,9,1,73,112,2018,10,16,6,3,0,1,0,0,0,0,1,0,0,0,6.91833E+20,5.29248E+21,1.15597E+16,4.77571E+16
187843,9,1,81,121,2018,10,15,1,2,5,3,0,0,1,0,1,0,0,0,6.36748E+20,5.31236E+21,1.08315E+16,4.79499E+16
187844,9,1,79,137,2018,10,16,1,3,1,1,0,0,1,0,1,0,0,0,6.5554E+20,5.34609E+21,1.10953E+16,4.82489E+16
187845,9,1,89,143,2018,10,19,6,3,8,1,2,0,1,0,0,0,0,0,7.5966E+20,5.31624E+21,1.24775E+16,4.79468E+16
187846,9,1,78,124,2018,10,15,1,3,5,5,0,1,1,0,0,0,0,0,7.0386E+20,5.364E+21,1.17542E+16,4.83962E+16
187847,9,1,89,124,2018,10,15,6,2,0,1,0,1,0,0,0,0,0,0,7.79461E+20,5.29896E+21,1.2731E+16,4.77833E+16
187848,9,1,72,130,2018,10,16,6,2,6,7,0,1,0,1,0,0,0,0,7.95837E+20,5.31007E+21,1.29567E+16,4.78757E+16
187849,9,1,62,0,2018,10,0,7,3,3,6,2,0,1,0,0,0,0,0,6.8965E+20,5.33266E+21,1.15483E+16,4.81189E+16
187850,9,1,72,111,2018,10,16,6,3,0,7,0,0,1,0,0,0,0,0,7.95141E+20,5.30338E+21,1.29429E+16,4.7816E+16
187851,9,1,62,0,2018,10,17,7,3,5,3,0,0,1,0,0,0,0,0,6.86356E+20,5.33413E+21,1.15048E+16,4.81331E+16
187852,9,1,84,113,2018,10,11,7,3,0,1,0,1,0,0,0,0,0,0,6.86919E+20,5.32308E+21,1.15075E+16,4.80336E+16
187853,9,1,63,0,2018,10,8,6,3,3,2,0,1,1,0,0,0,0,0,7.33361E+20,5.30446E+21,1.21195E+16,4.78511E+16
187854,9,1,62,0,2018,10,23,7,3,0,6,2,1,0,0,0,0,0,1,6.90825E+20,5.32989E+21,1.15629E+16,4.80936E+16
187855,9,1,62,0,2018,10,17,7,3,5,3,0,0,1,0,0,0,0,0,6.85651E+20,5.33976E+21,1.14978E+16,4.81839E+16
187856,9,1,84,147,2018,10,12,7,3,0,1,0,1,0,0,0,0,0,0,6.96695E+20,5.34218E+21,1.16473E+16,4.82024E+16
187857,9,1,84,147,2018,10,12,7,3,1,7,0,1,1,0,0,0,0,0,6.96385E+20,5.34087E+21,1.16425E+16,4.81907E+16
187858,9,1,87,165,2018,10,8,6,3,5,3,0,0,1,0,0,0,1,0,7.30556E+20,5.29539E+21,1.20773E+16,4.77706E+16
187859,9,1,62,0,2018,10,15,7,3,5,2,0,1,1,0,0,0,0,0,6.9529E+20,5.33429E+21,1.16248E+16,4.81319E+16
187860,9,1,61,0,2018,10,16,6,3,2,6,0,0,1,0,1,0,0,0,6.74932E+20,5.40479E+21,1.13809E+16,4.87715E+16
187861,9,1,61,0,2018,10,7,6,3,4,2,0,0,1,0,0,0,0,0,6.79365E+20,5.40345E+21,1.14406E+16,4.87582E+16
187862,9,1,62,0,2018,10,4,7,3,6,4,2,0,1,1,0,0,0,0,6.9584E+20,5.33075E+21,1.16305E+16,4.80999E+16
187863,9,1,85,149,2018,10,8,6,2,5,7,0,0,1,0,0,0,1,0,6.60389E+20,5.40085E+21,1.11816E+16,4.874E+16
187864,9,1,62,0,2018,10,15,7,3,6,2,0,0,1,1,0,0,0,0,6.96483E+20,5.33733E+21,1.16422E+16,4.81588E+16
187865,9,1,62,0,2018,10,10,7,3,5,2,0,0,1,0,1,0,0,0,6.87559E+20,5.33191E+21,1.15199E+16,4.81128E+16
187866,9,1,85,149,2018,10,10,6,2,0,7,0,0,0,1,0,0,1,0,6.60803E+20,5.39934E+21,1.11866E+16,4.87264E+16
187867,9,1,62,0,2018,10,15,7,3,3,6,0,1,0,0,0,0,1,0,6.90883E+20,5.33426E+21,1.15656E+16,4.81329E+16
187868,9,1,88,132,2018,10,13,6,2,5,3,0,1,1,0,0,0,0,0,6.65153E+20,5.3226E+21,1.12156E+16,4.80353E+16
187869,9,1,88,141,2018,10,18,6,3,5,3,1,0,1,0,1,0,0,0,6.7013E+20,5.3086E+21,1.12767E+16,4.79082E+16
187870,9,7,75,135,2018,10,23,7,3,4,2,2,0,1,0,0,0,0,0,5.75743E+20,5.36089E+21,1.00233E+16,4.83967E+16
187871,9,1,79,118,2018,10,17,6,3,0,1,1,1,0,0,0,0,0,0,6.71941E+20,5.33763E+21,1.13126E+16,4.81686E+16
187872,9,1,79,145,2018,10,12,6,2,4,6,0,0,1,0,0,1,0,0,6.74378E+20,5.33541E+21,1.13444E+16,4.8148E+16
187873,9,7,78,173,2018,10,17,7,2,0,6,0,1,0,0,0,0,0,0,6.10964E+20,5.32604E+21,1.04898E+16,4.8078E+16
187874,9,7,78,130,2018,10,0,7,3,8,7,2,0,0,0,1,0,0,0,5.95374E+20,5.32624E+21,1.02806E+16,4.80823E+16
187875,9,1,79,123,2018,10,14,6,3,0,5,0,1,1,0,0,0,0,0,6.76103E+20,5.3327E+21,1.13665E+16,4.81231E+16
187876,9,7,80,133,2018,10,19,7,3,0,1,2,0,0,0,0,0,1,1,5.96927E+20,5.25101E+21,1.02847E+16,4.74053E+16
187877,9,7,80,133,2018,10,8,7,3,6,4,0,0,1,1,0,0,0,0,5.97019E+20,5.25141E+21,1.0286E+16,4.74089E+16
187878,9,1,79,125,2018,10,16,6,3,0,1,0,0,0,0,0,0,1,0,6.61997E+20,5.33259E+21,1.1177E+16,4.81259E+16
187879,9,7,76,128,2018,10,11,7,3,1,7,0,1,1,0,0,0,0,0,5.48271E+20,5.26835E+21,9.64175E+15,4.75668E+16
187880,9,1,75,135,2018,10,16,6,3,0,7,0,1,0,0,0,0,0,0,7.08306E+20,5.34007E+21,1.18023E+16,4.81797E+16
187881,9,1,62,0,2018,10,17,5,3,1,7,0,1,0,0,0,0,0,0,6.92126E+20,5.33623E+21,1.15832E+16,4.81503E+16
187882,9,7,80,124,2018,10,16,7,2,0,7,0,1,0,0,0,0,0,0,5.91389E+20,5.26771E+21,1.02148E+16,4.75564E+16
187883,9,1,62,0,2018,10,16,5,3,3,3,0,0,1,0,0,0,1,0,6.92303E+20,5.3379E+21,1.15863E+16,4.81652E+16
187884,9,7,79,194,2018,10,14,7,3,0,7,0,1,0,0,0,0,0,0,6.0857E+20,5.41258E+21,1.04801E+16,4.88567E+16
187885,9,1,62,0,2018,10,19,5,3,0,7,2,1,0,0,0,0,1,0,6.91873E+20,5.33214E+21,1.15779E+16,4.81136E+16
187886,9,7,71,130,2018,10,10,7,3,2,2,0,0,1,0,0,0,0,0,6.46289E+20,5.35781E+21,1.09748E+16,4.83565E+16
187887,9,7,72,125,2018,10,11,7,3,0,5,0,1,1,0,0,0,0,0,6.36714E+20,5.3489E+21,1.08427E+16,4.82785E+16
187888,9,7,61,0,2018,10,9,7,3,5,3,0,1,0,0,0,0,0,0,6.42911E+20,5.36004E+21,1.093E+16,4.83773E+16
187889,9,1,62,0,2018,10,6,5,3,5,3,2,0,1,0,0,0,0,0,6.93577E+20,5.34208E+21,1.16053E+16,4.82024E+16
187890,9,7,61,0,2018,10,2,7,3,5,3,2,0,1,0,0,0,0,0,6.38842E+20,5.35554E+21,1.08736E+16,4.83378E+16
187891,9,7,61,0,2018,10,17,7,3,4,6,0,0,1,0,1,0,0,0,6.40917E+20,5.35927E+21,1.09028E+16,4.83709E+16
187892,9,1,62,0,2018,10,20,5,3,0,5,2,1,1,0,0,0,0,0,6.88572E+20,5.33213E+21,1.15336E+16,4.81145E+16
187893,9,7,61,0,2018,10,12,7,3,4,7,0,1,0,1,0,0,0,0,6.40299E+20,5.35878E+21,1.08943E+16,4.83666E+16
187894,9,1,62,0,2018,10,23,5,2,4,2,2,0,1,0,1,0,0,0,6.92437E+20,5.33815E+21,1.15882E+16,4.81674E+16
187895,9,1,62,0,2018,10,16,5,3,7,7,0,1,0,0,0,0,0,0,6.89694E+20,5.3364E+21,1.15506E+16,4.81525E+16
187896,9,6,63,0,2018,10,20,7,3,0,3,2,1,1,0,0,0,0,0,5.68066E+20,5.51671E+21,9.94583E+15,4.9799E+16
187897,9,1,62,0,2018,10,10,5,3,4,3,0,1,1,0,0,0,0,0,6.90974E+20,5.33431E+21,1.15668E+16,4.81333E+16
187898,9,6,63,0,2018,10,10,7,3,5,2,0,1,1,0,0,0,0,0,5.6784E+20,5.51658E+21,9.94267E+15,4.97979E+16
187899,9,1,62,0,2018,10,7,5,2,6,6,0,1,0,1,0,0,0,0,6.89014E+20,5.33679E+21,1.15416E+16,4.81562E+16
187900,9,6,62,0,2018,10,18,7,3,7,1,0,1,0,0,0,0,0,0,5.87156E+20,5.54399E+21,1.02172E+16,5.00418E+16
187901,9,1,62,0,2018,10,8,5,3,5,2,0,1,1,0,0,0,0,0,6.8434E+20,5.33187E+21,1.14767E+16,4.81134E+16
187902,9,6,76,134,2018,10,14,7,3,5,3,0,0,1,0,0,0,1,0,5.12769E+20,5.51361E+21,9.17735E+15,4.97749E+16
187903,9,1,62,0,2018,10,7,5,3,2,6,0,0,1,0,0,1,0,0,6.92791E+20,5.33234E+21,1.15903E+16,4.81151E+16
187904,9,1,62,0,2018,10,17,5,3,0,1,0,1,0,0,0,0,0,0,6.94326E+20,5.33266E+21,1.16111E+16,4.81175E+16
187905,9,7,75,143,2018,10,17,5,3,8,1,0,0,0,0,1,0,0,0,5.85758E+20,5.35638E+21,1.01576E+16,4.83547E+16
187906,9,6,61,0,2018,10,17,7,3,4,6,0,0,1,0,1,0,0,0,5.09677E+20,5.53653E+21,9.13497E+15,4.9981E+16
187907,9,7,78,120,2018,10,6,5,3,1,7,1,0,0,0,1,0,1,1,5.88732E+20,5.3251E+21,1.01912E+16,4.8073E+16
187908,9,7,64,0,2018,10,10,5,3,4,6,0,1,1,0,0,0,0,0,5.87224E+20,5.31529E+21,1.0169E+16,4.79849E+16
187909,9,5,64,0,2018,10,14,7,3,0,6,0,0,1,0,0,0,0,0,6.49463E+20,5.47724E+21,1.10613E+16,4.94294E+16
187910,9,7,75,129,2018,10,13,5,3,0,1,0,1,0,0,0,0,0,0,5.82171E+20,5.34191E+21,1.01064E+16,4.82251E+16
187911,9,5,64,0,2018,10,23,7,3,2,6,2,0,1,0,0,0,0,0,6.49902E+20,5.47976E+21,1.10683E+16,4.9452E+16
187912,9,5,64,0,2018,10,10,7,3,5,3,0,0,1,0,0,0,0,0,6.49218E+20,5.47699E+21,1.10578E+16,4.94273E+16
187913,9,7,74,143,2018,10,18,5,3,0,1,0,1,0,0,0,0,0,0,5.96837E+20,5.35841E+21,1.03076E+16,4.83714E+16
187914,9,5,64,0,2018,10,2,7,2,6,7,2,1,0,1,0,0,0,0,6.52975E+20,5.48256E+21,1.11118E+16,4.94764E+16
187915,9,7,80,123,2018,10,12,5,2,7,1,0,1,0,0,0,0,0,0,6.08443E+20,5.25673E+21,1.04387E+16,4.7455E+16
187916,9,5,77,136,2018,10,11,7,3,6,4,0,0,1,1,0,0,0,0,6.28074E+20,5.44151E+21,1.0755E+16,4.9113E+16
187917,9,7,80,139,2018,10,10,5,3,0,1,0,0,0,0,1,0,0,0,5.9645E+20,5.26305E+21,1.0281E+16,4.75137E+16
187918,9,5,71,214,2018,10,11,7,2,5,3,0,0,1,0,1,0,0,0,6.16127E+20,5.43356E+21,1.05891E+16,4.9044E+16
187919,9,7,62,0,2018,10,15,5,2,6,7,0,0,1,1,0,0,0,0,6.21437E+20,5.30612E+21,1.06247E+16,4.78969E+16
187920,9,4,73,159,2018,10,14,7,3,5,3,0,0,1,0,1,0,0,0,6.4576E+20,5.57267E+21,1.10462E+16,5.02882E+16
187921,9,4,74,123,2018,10,13,7,3,0,1,0,1,0,0,0,0,0,0,6.53381E+20,5.52237E+21,1.11329E+16,4.98341E+16
187922,9,3,62,0,2018,10,17,7,2,6,4,0,1,0,1,0,0,0,0,7.2676E+20,5.43431E+21,1.21017E+16,4.902E+16
187923,9,7,62,0,2018,10,7,5,2,0,1,0,1,0,0,0,0,0,0,6.20718E+20,5.30409E+21,1.06145E+16,4.78788E+16
187924,9,2,75,137,2018,10,19,7,3,0,7,2,1,0,0,0,0,0,0,8.4277E+20,5.38827E+21,1.36456E+16,4.85537E+16
187925,9,2,61,0,2018,10,15,7,3,6,4,0,0,1,1,0,0,0,0,7.34867E+20,5.38146E+21,1.21822E+16,4.85422E+16
187926,9,7,77,129,2018,10,8,5,3,1,2,0,1,1,0,0,0,0,0,6.27489E+20,5.26965E+21,1.0695E+16,4.75677E+16
187927,9,1,90,148,2018,10,14,7,3,0,1,0,1,0,0,0,0,0,0,6.4049E+20,5.29656E+21,1.08764E+16,4.78071E+16
187928,9,7,79,194,2018,10,18,5,3,2,6,0,0,1,0,0,0,0,0,6.09648E+20,5.41257E+21,1.04948E+16,4.88564E+16
187929,9,7,79,131,2018,10,19,5,3,5,3,2,1,1,0,0,0,0,1,6.29561E+20,5.39764E+21,1.07615E+16,4.87184E+16
187930,9,1,80,122,2018,10,12,7,2,6,6,0,1,0,1,0,0,0,0,6.68337E+20,5.26134E+21,1.12345E+16,4.74837E+16
187931,9,7,61,0,2018,10,22,5,3,2,7,2,0,1,0,1,0,0,0,6.40705E+20,5.35859E+21,1.08997E+16,4.83648E+16
187932,9,1,89,143,2018,10,14,7,3,0,7,0,0,1,0,0,0,0,0,7.56349E+20,5.31847E+21,1.24346E+16,4.79682E+16
187933,9,7,72,185,2018,10,15,5,2,9,1,0,0,1,0,0,0,0,0,6.34661E+20,5.38293E+21,1.0826E+16,4.8585E+16
187934,9,1,72,112,2018,10,14,7,3,6,7,0,0,1,1,0,0,0,0,7.89864E+20,5.30145E+21,1.28712E+16,4.78011E+16
187935,9,1,72,128,2018,10,19,7,2,8,1,2,0,1,0,0,0,0,0,7.92969E+20,5.30003E+21,1.29116E+16,4.77869E+16
187936,9,7,71,130,2018,10,8,5,3,4,6,1,0,1,0,0,0,0,1,6.47104E+20,5.35512E+21,1.09848E+16,4.83321E+16
187937,9,1,71,111,2018,10,17,7,3,8,1,0,1,0,0,0,0,0,0,7.73555E+20,5.34844E+21,1.26839E+16,4.82301E+16
187938,9,7,61,0,2018,10,18,5,3,2,3,0,0,1,0,0,0,0,0,6.39716E+20,5.3573E+21,1.08859E+16,4.83534E+16
187939,9,7,61,0,2018,10,6,5,3,5,3,2,0,1,0,0,0,0,1,6.40587E+20,5.35705E+21,1.08976E+16,4.83509E+16
187940,9,1,61,0,2018,10,18,7,3,8,1,1,0,1,0,0,0,0,0,6.79129E+20,5.40421E+21,1.14377E+16,4.87651E+16
187941,9,7,61,0,2018,10,16,5,1,6,7,0,0,0,1,0,0,1,0,6.40562E+20,5.35808E+21,1.08976E+16,4.83603E+16
187942,9,1,61,0,2018,10,13,7,3,2,6,0,0,1,0,0,0,0,0,6.76368E+20,5.40506E+21,1.14005E+16,4.87736E+16
187943,9,7,71,113,2018,10,11,5,3,5,3,0,0,1,0,0,0,1,0,6.522E+20,5.36801E+21,1.10582E+16,4.84468E+16
187944,9,6,63,0,2018,10,16,5,3,5,2,0,1,1,0,0,0,0,0,5.66291E+20,5.51658E+21,9.92114E+15,4.9798E+16
187945,9,1,79,145,2018,10,11,7,3,0,7,0,1,0,0,0,0,0,0,6.74606E+20,5.33568E+21,1.13476E+16,4.81504E+16
187946,9,6,63,0,2018,10,22,5,3,4,2,2,0,1,0,1,0,0,0,5.66752E+20,5.5157E+21,9.92739E+15,4.97901E+16
187947,9,1,79,121,2018,10,20,7,3,6,6,2,0,1,1,0,0,0,0,6.67398E+20,5.33941E+21,1.12522E+16,4.81859E+16
187948,9,6,62,0,2018,10,14,5,3,4,2,0,0,1,0,1,0,0,0,5.87783E+20,5.54451E+21,1.02261E+16,5.00464E+16
187949,9,1,75,135,2018,10,16,7,3,0,7,0,1,0,0,0,0,0,0,7.08855E+20,5.33981E+21,1.18096E+16,4.81772E+16
187950,9,1,75,132,2018,10,10,7,3,5,2,0,0,1,0,0,0,0,0,7.0748E+20,5.33491E+21,1.17887E+16,4.81336E+16
187951,9,5,62,0,2018,10,11,5,3,5,3,0,1,1,0,0,0,0,0,6.43501E+20,5.49452E+21,1.09854E+16,4.95862E+16
187952,9,1,75,132,2018,10,9,7,3,1,5,0,1,1,0,0,0,0,0,7.07397E+20,5.33073E+21,1.17856E+16,4.80961E+16
187953,9,5,62,0,2018,10,16,5,3,0,6,0,1,0,0,0,0,0,0,6.43648E+20,5.49627E+21,1.09881E+16,4.9602E+16
187954,9,5,72,120,2018,10,14,5,3,4,2,0,0,1,0,1,0,0,0,6.48333E+20,5.49534E+21,1.10525E+16,4.95925E+16
187955,9,1,77,117,2018,10,10,7,3,5,2,0,1,1,0,0,0,0,0,7.14469E+20,5.35417E+21,1.18923E+16,4.83043E+16
187956,9,5,72,131,2018,10,7,5,3,5,3,0,0,1,0,0,0,0,0,6.55675E+20,5.48812E+21,1.11512E+16,4.95257E+16
187957,9,1,75,124,2018,10,11,7,3,0,5,0,1,1,0,0,0,0,0,7.15226E+20,5.32816E+21,1.18893E+16,4.80704E+16
187958,9,5,74,138,2018,10,23,5,2,8,7,2,0,1,0,0,0,0,0,6.5958E+20,5.48956E+21,1.12057E+16,4.95377E+16
187959,9,5,74,141,2018,10,14,5,2,6,7,0,0,1,1,0,0,0,0,6.67797E+20,5.48847E+21,1.13187E+16,4.95256E+16
187960,9,1,75,115,2018,10,15,7,3,0,7,0,1,0,0,0,0,0,0,7.21131E+20,5.32939E+21,1.19691E+16,4.80794E+16
187961,9,5,76,113,2018,10,16,5,3,5,5,0,0,1,0,0,0,0,0,6.60945E+20,5.45892E+21,1.12121E+16,4.92618E+16
187962,9,1,62,0,2018,10,18,6,3,0,6,0,1,1,0,0,0,0,0,6.9025E+20,5.33443E+21,1.15572E+16,4.81347E+16
187963,9,1,62,0,2018,10,14,6,3,5,3,0,1,1,0,0,0,0,0,6.86833E+20,5.33374E+21,1.1511E+16,4.81295E+16
187964,9,5,74,132,2018,10,19,5,3,5,3,2,1,1,0,0,0,0,0,6.76369E+20,5.48643E+21,1.14361E+16,4.95048E+16
187965,9,1,62,0,2018,10,10,6,3,6,4,0,0,1,1,0,0,0,0,6.90919E+20,5.33466E+21,1.15663E+16,4.81366E+16
187966,9,5,63,0,2018,10,12,5,3,5,3,0,0,1,0,0,0,0,0,6.4178E+20,5.48358E+21,1.09577E+16,4.94883E+16
187967,9,5,64,0,2018,10,6,5,3,5,3,1,1,1,0,0,0,0,0,6.46414E+20,5.4774E+21,1.10193E+16,4.94317E+16
187968,9,1,62,0,2018,10,19,6,3,0,7,1,1,0,0,0,0,0,0,6.82168E+20,5.33525E+21,1.1449E+16,4.81444E+16
187969,9,5,64,0,2018,10,8,5,3,4,2,0,1,1,0,0,0,0,0,6.54628E+20,5.47461E+21,1.11314E+16,4.94045E+16
187970,9,1,62,0,2018,10,11,6,3,5,7,0,0,1,0,1,0,0,0,6.84024E+20,5.33754E+21,1.14749E+16,4.81645E+16
187971,9,1,62,0,2018,10,11,6,3,0,2,0,1,1,0,0,0,0,0,6.94516E+20,5.33391E+21,1.16142E+16,4.81287E+16
187972,9,5,64,0,2018,10,19,5,3,0,6,2,1,0,0,0,0,0,0,6.52165E+20,5.48019E+21,1.10997E+16,4.94553E+16
187973,9,1,62,0,2018,10,13,6,3,2,2,0,0,1,0,0,0,1,0,6.87498E+20,5.33887E+21,1.15222E+16,4.81754E+16
187974,9,1,89,155,2018,10,19,2,3,0,1,2,1,0,0,0,0,0,0,7.73107E+20,5.30876E+21,1.26525E+16,4.78741E+16
187975,9,5,64,0,2018,10,9,5,3,0,3,0,0,1,0,1,0,0,0,6.50992E+20,5.47511E+21,1.10816E+16,4.941E+16
187976,9,1,62,0,2018,10,16,6,3,5,3,0,0,1,0,0,0,0,0,6.9577E+20,5.33285E+21,1.16306E+16,4.81188E+16
187977,9,1,62,0,2018,10,1,6,2,6,4,2,0,1,1,0,0,0,0,6.89822E+20,5.33672E+21,1.15524E+16,4.81554E+16
187978,9,4,63,0,2018,10,8,5,3,5,3,0,1,1,0,0,0,0,0,6.40012E+20,5.57225E+21,1.09654E+16,5.02858E+16
187979,9,1,62,0,2018,10,9,6,3,5,2,0,0,1,0,1,0,0,0,6.92092E+20,5.33741E+21,1.15832E+16,4.81609E+16
187980,9,4,62,0,2018,10,16,5,3,5,2,0,1,1,0,0,0,0,0,6.84745E+20,5.53522E+21,1.15748E+16,4.99407E+16
187981,9,4,74,126,2018,10,12,5,3,5,3,0,0,1,0,1,0,0,0,6.48584E+20,5.50806E+21,1.10608E+16,4.97067E+16
187982,9,1,62,0,2018,10,9,6,3,0,6,0,0,1,0,0,0,1,0,6.92309E+20,5.33753E+21,1.15862E+16,4.81619E+16
187983,9,4,74,123,2018,10,7,5,3,8,1,0,1,0,0,0,0,0,0,6.48258E+20,5.51543E+21,1.10591E+16,4.9773E+16
187984,9,1,62,0,2018,10,9,6,3,5,7,0,1,1,0,0,0,0,0,6.92267E+20,5.33837E+21,1.1586E+16,4.81695E+16
187985,9,1,62,0,2018,10,23,6,3,3,7,2,0,1,0,1,0,0,0,6.87545E+20,5.3396E+21,1.15231E+16,4.8182E+16
187986,9,4,71,140,2018,10,18,5,3,5,3,1,0,1,0,0,0,0,0,6.34077E+20,5.5308E+21,1.08676E+16,4.99145E+16
187987,9,1,84,149,2018,10,14,6,3,8,1,0,0,1,0,0,0,0,0,6.91404E+20,5.35022E+21,1.15798E+16,4.82763E+16
187988,9,4,61,0,2018,10,10,5,3,4,2,0,0,1,0,1,0,0,0,6.3604E+20,5.52882E+21,1.08942E+16,4.98963E+16
187989,9,3,75,190,2018,10,8,5,3,4,2,0,1,0,0,0,0,1,0,7.29077E+20,5.4454E+21,1.21396E+16,4.91187E+16
187990,9,1,88,127,2018,10,18,6,3,0,3,0,1,1,0,0,0,0,0,6.79609E+20,5.32936E+21,1.14122E+16,4.80922E+16
187991,9,3,62,0,2018,10,16,5,3,5,3,0,0,1,0,1,0,0,0,7.29831E+20,5.43084E+21,1.21417E+16,4.89876E+16
187992,9,1,62,0,2018,10,15,6,3,0,2,0,0,1,0,1,0,0,0,6.87882E+20,5.33412E+21,1.15252E+16,4.81326E+16
187993,9,3,62,0,2018,10,10,5,3,6,7,0,0,1,1,0,0,0,0,7.27489E+20,5.43416E+21,1.21116E+16,4.90183E+16
187994,9,1,62,0,2018,10,17,6,3,3,7,0,0,1,0,1,0,0,0,6.86252E+20,5.33329E+21,1.1503E+16,4.81256E+16
187995,9,3,62,0,2018,10,17,5,2,4,1,0,0,0,0,1,0,1,0,7.26726E+20,5.4363E+21,1.21023E+16,4.90379E+16
187996,9,1,62,0,2018,10,17,6,3,6,7,0,1,0,1,0,0,0,0,6.96012E+20,5.33893E+21,1.16366E+16,4.81733E+16
187997,9,3,76,161,2018,10,15,5,3,5,3,0,0,1,0,0,0,0,0,7.25989E+20,5.468E+21,1.21101E+16,4.93228E+16
187998,9,1,62,0,2018,10,8,6,3,5,3,0,1,1,0,0,0,0,0,6.97409E+20,5.33524E+21,1.16537E+16,4.81398E+16
187999,9,1,62,0,2018,10,13,6,3,4,6,0,1,0,0,0,0,0,0,6.90083E+20,5.33299E+21,1.15543E+16,4.81218E+16
188000,9,3,76,149,2018,10,5,5,3,5,3,2,0,1,0,0,0,0,0,7.38609E+20,5.45541E+21,1.2276E+16,4.9205E+16
188001,9,1,62,0,2018,10,16,6,3,4,6,0,1,0,0,0,0,0,0,6.92429E+20,5.3378E+21,1.1588E+16,4.81643E+16
188002,9,3,76,170,2018,10,16,5,3,5,3,0,1,1,0,0,0,0,0,7.24849E+20,5.45716E+21,1.20883E+16,4.92259E+16
188003,9,2,76,144,2018,10,17,5,3,5,3,0,0,1,0,1,0,0,0,7.83495E+20,5.44443E+21,1.28831E+16,4.90873E+16
188004,9,7,75,135,2018,10,8,6,3,5,3,0,1,1,0,0,0,0,0,5.73761E+20,5.36046E+21,9.99641E+15,4.8393E+16
188005,9,2,63,0,2018,10,12,5,3,0,1,0,1,0,0,0,0,0,0,7.61536E+20,5.42051E+21,1.25676E+16,4.88823E+16
188006,9,7,63,0,2018,10,17,6,3,6,6,0,0,1,1,0,0,0,0,5.98759E+20,5.28672E+21,1.0317E+16,4.77263E+16
188007,9,2,78,118,2018,10,5,5,3,9,7,2,0,1,0,0,0,0,0,7.69145E+20,5.42742E+21,1.26757E+16,4.89411E+16
188008,9,7,77,159,2018,10,17,6,2,5,3,0,1,1,0,0,0,0,0,6.1729E+20,5.27119E+21,1.05598E+16,4.75835E+16
188009,9,7,79,196,2018,10,15,6,3,5,3,0,0,1,0,0,0,0,0,6.37403E+20,5.39242E+21,1.08663E+16,4.86697E+16
188010,9,2,75,141,2018,10,6,5,3,5,3,0,0,1,0,1,0,0,0,8.19058E+20,5.36914E+21,1.33106E+16,4.83946E+16
188011,9,7,79,184,2018,10,18,6,3,0,7,0,1,0,0,0,0,0,0,6.1609E+20,5.40084E+21,1.05793E+16,4.87497E+16
188012,9,2,74,184,2018,10,17,5,3,4,2,0,0,1,0,0,0,0,0,7.47032E+20,5.37196E+21,1.23411E+16,4.84522E+16
188013,9,7,72,177,2018,10,17,6,2,0,7,0,1,0,0,0,0,0,0,6.36919E+20,5.37661E+21,1.08545E+16,4.85277E+16
188014,9,2,79,112,2018,10,11,5,3,2,6,0,0,1,0,0,0,0,0,7.57496E+20,5.39309E+21,1.24955E+16,4.86378E+16
188015,9,7,71,146,2018,10,21,6,3,8,1,2,0,0,0,1,0,0,0,6.47306E+20,5.34753E+21,1.09849E+16,4.82638E+16
188016,9,1,90,157,2018,10,16,5,3,0,1,0,0,0,0,1,0,0,0,6.61066E+20,5.30112E+21,1.11527E+16,4.78432E+16
188017,9,1,80,135,2018,10,17,5,3,5,3,0,1,0,0,0,0,0,0,6.52256E+20,5.27547E+21,1.10261E+16,4.76147E+16
188018,9,7,61,0,2018,10,16,6,3,1,7,0,0,1,0,0,0,0,0,6.39165E+20,5.36177E+21,1.088E+16,4.83937E+16
188019,9,1,83,148,2018,10,12,5,3,0,1,0,0,0,0,1,0,0,0,7.563E+20,5.34546E+21,1.24502E+16,4.82106E+16
188020,9,1,71,112,2018,10,12,5,3,0,1,0,1,0,0,0,0,0,0,7.84119E+20,5.34234E+21,1.28217E+16,4.81707E+16
188021,9,3,73,113,2018,10,14,4,3,4,6,0,0,1,0,1,0,0,0,6.77474E+20,5.46934E+21,1.14437E+16,4.93509E+16
188022,9,3,72,116,2018,10,6,4,3,5,3,2,1,1,0,0,0,0,0,7.66762E+20,5.45823E+21,1.26636E+16,4.92187E+16
188023,9,2,77,116,2018,10,7,2,2,0,7,0,0,1,0,1,0,0,1,7.78444E+20,5.36799E+21,1.27625E+16,4.84035E+16
188024,9,2,79,112,2018,10,7,5,2,5,3,0,0,1,0,1,0,0,0,7.56172E+20,5.39291E+21,1.24774E+16,4.86367E+16