OBJECTID_1,ULAND,UREGBEZ,UKREIS,UGEMEINDE,UJAHR,UMONAT,USTUNDE,UWOCHENTAG,UKATEGORIE,UART,UTYP1,ULICHTVERH,IstRad,IstPKW,IstFuss,IstKrad,IstGkfz,IstSonstig,STRZUSTAND,LINREFX,LINREFY,XGCSWGS84,YGCSWGS84
188025,9,3,76,161,2018,10,14,4,3,2,6,0,0,1,0,0,0,0,0,7.26816E+20,5.46802E+21,1.21215E+16,4.93228E+16
188026,9,1,62,0,2018,10,13,4,3,3,2,0,1,1,0,0,0,0,0,6.94086E+20,5.33637E+21,1.16096E+16,4.81509E+16
188027,9,2,63,0,2018,10,13,4,3,5,3,0,0,1,0,1,0,0,0,7.62966E+20,5.42011E+21,1.25868E+16,4.88781E+16
188028,9,2,71,146,2018,10,16,4,2,5,3,0,1,0,0,0,0,0,0,7.84325E+20,5.40986E+21,1.28704E+16,4.87767E+16
188029,9,2,77,140,2018,10,12,4,3,4,1,0,0,1,0,0,1,0,0,7.91133E+20,5.35582E+21,1.29251E+16,4.82885E+16
188030,9,1,63,0,2018,10,23,5,3,3,3,2,1,1,0,0,0,0,0,7.3398E+20,5.30532E+21,1.21283E+16,4.78586E+16
188031,9,2,75,146,2018,10,18,4,2,6,6,2,0,0,1,0,0,1,0,8.27909E+20,5.39731E+21,1.3452E+16,4.86427E+16
188032,9,2,62,0,2018,10,14,4,3,1,7,0,1,1,0,0,0,0,0,8.23816E+20,5.39148E+21,1.3392E+16,4.85926E+16
188033,9,1,72,134,2018,10,13,5,2,5,3,0,1,1,0,0,0,0,0,7.89559E+20,5.30808E+21,1.28716E+16,4.78607E+16
188034,9,7,61,0,2018,10,15,4,3,5,1,0,1,1,0,0,0,0,0,6.41264E+20,5.35229E+21,1.09051E+16,4.8308E+16
188035,9,2,77,116,2018,10,19,4,3,0,7,2,1,0,0,0,0,0,0,7.78727E+20,5.36813E+21,1.27664E+16,4.84046E+16
188036,9,2,74,141,2018,10,15,4,3,0,3,0,1,1,0,0,0,0,0,7.2763E+20,5.39475E+21,1.20916E+16,4.86643E+16
188037,9,6,63,0,2018,10,12,4,3,0,7,0,0,1,0,1,0,0,0,5.65695E+20,5.5162E+21,9.9128E+15,4.97947E+16
188038,9,1,62,0,2018,10,18,4,3,0,4,0,0,0,1,0,0,1,0,6.86841E+20,5.32845E+21,1.15088E+16,4.80819E+16
188039,9,3,73,147,2018,10,11,2,3,5,2,0,1,1,0,0,0,0,0,6.78672E+20,5.46175E+21,1.14568E+16,4.92823E+16
188040,9,2,73,147,2018,10,7,4,3,4,6,0,1,0,0,0,0,1,0,7.05727E+20,5.38957E+21,1.17919E+16,4.86254E+16
188041,9,4,72,119,2018,10,17,2,2,2,6,0,0,1,0,0,0,0,0,6.87047E+20,5.53939E+21,1.16089E+16,4.99775E+16
188042,9,1,61,0,2018,10,20,5,2,8,1,2,0,0,0,1,0,0,0,6.80638E+20,5.406E+21,1.1459E+16,4.87808E+16
188043,9,3,75,180,2018,10,11,2,3,2,1,0,0,1,0,1,0,0,0,7.24442E+20,5.42986E+21,1.20676E+16,4.89808E+16
188044,9,3,62,0,2018,10,21,2,3,1,7,2,0,1,0,0,0,0,0,7.2799E+20,5.43676E+21,1.21199E+16,4.90415E+16
188045,9,7,79,197,2018,10,17,4,3,0,7,0,1,0,0,0,0,0,0,6.17302E+20,5.42324E+21,1.06022E+16,4.8951E+16
188046,9,4,61,0,2018,10,12,2,3,5,3,0,0,1,0,0,0,0,0,6.34704E+20,5.5306E+21,1.08762E+16,4.99126E+16
188047,9,4,62,0,2018,10,14,2,3,8,1,0,0,1,0,0,0,0,0,6.83514E+20,5.53429E+21,1.15572E+16,4.99327E+16
188048,9,7,75,129,2018,10,7,4,3,1,6,1,0,1,0,0,0,0,1,5.82363E+20,5.34376E+21,1.01093E+16,4.82417E+16
188049,9,4,61,0,2018,10,13,2,2,3,7,0,0,1,0,1,0,0,0,6.37126E+20,5.52985E+21,1.09097E+16,4.99053E+16
188050,9,4,74,140,2018,10,17,2,2,5,3,0,1,1,0,0,0,0,0,6.60828E+20,5.49769E+21,1.12262E+16,4.96103E+16
188051,9,4,61,0,2018,10,17,5,3,0,6,0,1,0,0,0,0,0,0,6.35882E+20,5.52833E+21,1.08918E+16,4.98919E+16
188052,9,2,61,0,2018,10,16,4,3,1,3,0,1,1,0,0,0,0,0,7.32717E+20,5.38236E+21,1.21536E+16,4.85511E+16
188053,9,1,78,140,2018,10,12,5,3,0,1,0,1,0,0,0,0,0,0,7.067E+20,5.36549E+21,1.17932E+16,4.84086E+16
188054,9,2,61,0,2018,10,17,4,3,2,6,0,1,1,0,0,0,0,0,7.3141E+20,5.38145E+21,1.21354E+16,4.85434E+16
188055,9,1,90,141,2018,10,14,4,2,0,7,0,1,0,0,0,0,0,0,6.78308E+20,5.29159E+21,1.13791E+16,4.7753E+16
188056,9,1,73,112,2018,10,17,4,3,4,2,0,1,1,0,0,0,0,0,6.92573E+20,5.29268E+21,1.15697E+16,4.77587E+16
188057,9,1,82,129,2018,10,12,4,3,0,7,0,0,0,0,0,0,1,0,7.07548E+20,5.28575E+21,1.1766E+16,4.76918E+16
188058,9,2,75,126,2018,10,18,5,3,4,7,1,1,1,0,0,0,0,0,8.38679E+20,5.39967E+21,1.35996E+16,4.86581E+16
188059,9,1,87,150,2018,10,7,4,3,2,6,2,0,1,0,0,0,0,0,7.29972E+20,5.30409E+21,1.20741E+16,4.7849E+16
188060,9,1,62,0,2018,10,16,4,3,3,6,0,0,1,0,0,0,0,0,6.94642E+20,5.33303E+21,1.16155E+16,4.81207E+16
188061,9,1,87,117,2018,10,12,4,3,4,2,0,0,1,0,1,0,0,0,7.24414E+20,5.30587E+21,1.20008E+16,4.78669E+16
188062,9,3,75,190,2018,10,9,5,3,5,3,0,0,1,0,0,0,0,0,7.28069E+20,5.44514E+21,1.21257E+16,4.91167E+16
188063,9,1,61,0,2018,10,10,4,3,0,1,0,1,0,0,0,0,0,0,6.782E+20,5.40392E+21,1.14249E+16,4.87628E+16
188064,9,1,62,0,2018,10,19,4,3,5,3,1,1,1,0,0,0,0,0,6.88175E+20,5.33822E+21,1.1531E+16,4.81693E+16
188065,9,1,76,147,2018,10,10,4,3,5,3,0,0,1,0,0,0,0,0,6.93686E+20,5.41233E+21,1.16394E+16,4.88337E+16
188066,9,1,81,130,2018,10,17,4,3,4,2,0,1,1,0,0,0,0,0,6.39073E+20,5.32489E+21,1.08666E+16,4.80621E+16
188067,9,6,73,153,2018,10,18,4,3,5,3,1,0,1,0,0,0,0,0,5.87162E+20,5.5909E+21,1.02281E+16,5.04636E+16
188068,9,1,81,130,2018,10,13,4,3,5,6,0,1,1,0,0,0,0,0,6.39541E+20,5.32432E+21,1.08727E+16,4.80569E+16
188069,9,1,79,145,2018,10,9,4,3,0,7,0,1,0,0,0,0,0,0,6.75476E+20,5.33882E+21,1.13606E+16,4.81783E+16
188070,9,1,80,135,2018,10,18,5,3,8,1,1,0,1,0,0,0,0,0,6.52426E+20,5.27619E+21,1.10286E+16,4.76212E+16
188071,9,7,61,0,2018,10,20,4,3,3,6,2,1,1,0,0,0,0,0,6.40739E+20,5.35912E+21,1.09003E+16,4.83696E+16
188072,9,1,79,123,2018,10,17,4,3,5,3,0,0,1,0,0,0,0,0,6.76712E+20,5.33217E+21,1.13744E+16,4.81182E+16
188073,9,6,72,121,2018,10,17,4,2,0,1,0,0,0,0,1,0,0,0,5.68713E+20,5.55543E+21,9.96172E+15,5.01471E+16
188074,9,1,62,0,2018,10,17,4,3,6,4,0,0,1,1,0,0,0,0,6.91204E+20,5.34036E+21,1.15727E+16,4.81877E+16
188075,9,1,79,121,2018,10,12,4,3,5,2,0,0,1,0,0,0,0,0,6.65771E+20,5.33788E+21,1.12298E+16,4.81725E+16
188076,9,7,61,0,2018,10,9,4,3,2,6,0,0,1,0,0,0,0,0,6.37357E+20,5.35717E+21,1.08541E+16,4.83528E+16
188077,9,1,74,150,2018,10,12,4,3,1,7,0,0,1,0,1,0,0,0,6.81044E+20,5.35924E+21,1.14442E+16,4.83603E+16
188078,9,1,78,130,2018,10,17,4,3,5,3,0,0,1,0,0,0,0,0,7.02858E+20,5.35685E+21,1.17372E+16,4.83323E+16
188079,9,1,78,143,2018,10,16,4,3,4,6,0,1,1,0,0,0,0,0,7.17163E+20,5.37278E+21,1.19382E+16,4.84706E+16
188080,9,1,77,139,2018,10,8,4,3,5,3,0,0,1,0,0,0,1,1,7.34729E+20,5.35927E+21,1.21679E+16,4.8343E+16
188081,9,1,71,111,2018,10,15,5,3,0,5,0,1,1,0,0,0,0,0,7.73051E+20,5.34777E+21,1.26767E+16,4.82243E+16
188082,9,6,79,185,2018,10,8,4,3,5,3,0,1,1,0,0,0,0,0,5.7335E+20,5.51587E+21,1.00191E+16,4.97908E+16
188083,9,1,62,0,2018,10,14,3,3,2,6,0,0,1,0,0,0,0,0,6.96633E+20,5.33524E+21,1.16433E+16,4.814E+16
188084,9,1,62,0,2018,10,17,3,3,6,6,0,1,0,1,0,0,0,0,6.86493E+20,5.33832E+21,1.15084E+16,4.81707E+16
188085,9,1,62,0,2018,10,11,4,2,6,4,0,1,0,1,0,0,0,0,6.9014E+20,5.33494E+21,1.15559E+16,4.81393E+16
188086,9,1,62,0,2018,10,16,3,3,3,2,0,1,1,0,0,0,0,0,6.8964E+20,5.33568E+21,1.15495E+16,4.8146E+16
188087,9,1,62,0,2018,10,20,3,3,2,6,2,0,1,0,1,0,0,0,6.92426E+20,5.34192E+21,1.15898E+16,4.82014E+16
188088,9,4,63,0,2018,10,16,5,3,5,2,0,1,1,0,0,0,0,0,6.40068E+20,5.57023E+21,1.09654E+16,5.02675E+16
188089,9,1,62,0,2018,10,0,3,3,5,2,2,0,1,0,0,0,0,0,6.92621E+20,5.33481E+21,1.15892E+16,4.81374E+16
188090,9,1,81,130,2018,10,16,5,2,2,6,0,0,1,0,0,0,0,0,6.39123E+20,5.32469E+21,1.08673E+16,4.80603E+16
188091,9,1,62,0,2018,10,16,3,3,5,2,0,1,1,0,0,0,0,0,6.89391E+20,5.33307E+21,1.1545E+16,4.81227E+16
188092,9,1,62,0,2018,10,14,3,3,6,4,0,0,1,1,0,0,0,0,6.91392E+20,5.33426E+21,1.15724E+16,4.81328E+16
188093,9,1,61,0,2018,10,12,5,3,7,7,0,1,0,0,0,0,1,0,6.82513E+20,5.40506E+21,1.14841E+16,4.87718E+16
188094,9,1,62,0,2018,10,15,3,3,4,2,0,0,1,0,0,0,0,0,6.92296E+20,5.33813E+21,1.15863E+16,4.81673E+16
188095,9,1,62,0,2018,10,9,3,2,2,6,0,1,1,0,0,0,0,0,6.90534E+20,5.33515E+21,1.15613E+16,4.8141E+16
188096,9,7,63,0,2018,10,15,4,3,5,3,0,0,1,0,0,0,0,0,5.99498E+20,5.28722E+21,1.03269E+16,4.77307E+16
188097,9,1,84,146,2018,10,19,3,3,0,3,2,1,0,0,0,0,0,0,6.98014E+20,5.32828E+21,1.16586E+16,4.8077E+16
188098,9,1,62,0,2018,10,20,3,3,3,6,2,0,1,0,1,0,0,0,6.91451E+20,5.33756E+21,1.15747E+16,4.81625E+16
188099,9,3,77,141,2018,10,15,5,3,8,6,0,0,1,0,1,1,0,0,7.31864E+20,5.53682E+21,1.22315E+16,4.99387E+16
188100,9,5,62,0,2018,10,16,4,3,5,3,0,1,1,0,0,0,0,0,6.45545E+20,5.49633E+21,1.10143E+16,4.9602E+16
188101,9,1,62,0,2018,10,13,3,3,4,2,0,0,1,0,0,0,0,0,6.93955E+20,5.33302E+21,1.16063E+16,4.81208E+16
188102,9,7,71,130,2018,10,12,4,2,0,1,0,1,0,0,0,0,0,0,6.48471E+20,5.35589E+21,1.10035E+16,4.83388E+16
188103,9,1,62,0,2018,10,8,4,3,0,7,0,0,1,0,1,0,0,0,6.9105E+20,5.33512E+21,1.15682E+16,4.81406E+16
188104,9,1,62,0,2018,10,15,3,3,5,3,0,1,1,0,0,0,0,0,6.86602E+20,5.33436E+21,1.15082E+16,4.81351E+16
188105,9,1,62,0,2018,10,9,3,3,5,3,0,1,1,0,0,0,0,0,6.83077E+20,5.33567E+21,1.14614E+16,4.81479E+16
188106,9,1,62,0,2018,10,5,3,3,0,7,2,1,0,0,0,0,1,0,6.82961E+20,5.33556E+21,1.14598E+16,4.81469E+16
188107,9,1,84,122,2018,10,7,3,3,0,7,0,1,0,0,0,0,0,0,6.89051E+20,5.32408E+21,1.15365E+16,4.8042E+16
188108,9,1,62,0,2018,10,10,3,3,4,2,0,1,1,0,0,0,0,0,6.88673E+20,5.33053E+21,1.15343E+16,4.81001E+16
188109,9,1,62,0,2018,10,17,3,3,5,3,0,0,1,0,1,0,0,0,6.98835E+20,5.33193E+21,1.16713E+16,4.81095E+16
188110,9,1,62,0,2018,10,11,3,3,3,2,0,1,0,0,0,0,1,0,6.93412E+20,5.33521E+21,1.16E+16,4.81407E+16
188111,9,3,73,147,2018,10,17,5,3,0,7,0,1,1,0,0,0,0,0,6.79038E+20,5.46181E+21,1.14619E+16,4.92828E+16
188112,9,5,62,0,2018,10,11,4,3,0,7,0,1,0,0,0,0,0,0,6.42979E+20,5.49532E+21,1.09785E+16,4.95935E+16
188113,9,1,62,0,2018,10,19,3,3,0,2,2,0,1,0,1,0,0,0,6.91703E+20,5.33289E+21,1.1576E+16,4.81204E+16
188114,9,1,62,0,2018,10,15,4,3,5,3,0,0,1,0,0,0,0,0,6.90667E+20,5.33657E+21,1.15637E+16,4.81537E+16
188115,9,1,62,0,2018,10,13,3,3,5,3,0,1,1,0,0,0,0,0,6.91462E+20,5.33396E+21,1.15732E+16,4.81301E+16
188116,9,1,62,0,2018,10,17,3,3,5,2,0,1,1,0,0,0,0,0,6.89571E+20,5.33354E+21,1.15477E+16,4.81268E+16
188117,9,6,73,135,2018,10,7,4,3,5,3,0,0,1,0,0,0,1,0,5.84003E+20,5.57404E+21,1.01798E+16,5.03125E+16
188118,9,7,75,135,2018,10,13,3,3,1,7,0,1,1,0,0,0,0,0,5.7443E+20,5.36092E+21,1.00055E+16,4.8397E+16
188119,9,5,74,164,2018,10,10,4,3,4,7,0,0,1,0,0,0,0,0,6.67003E+20,5.47317E+21,1.13013E+16,4.93883E+16
188120,9,7,75,129,2018,10,15,3,3,6,4,0,0,1,1,0,0,0,0,5.81724E+20,5.34172E+21,1.01003E+16,4.82234E+16
188121,9,1,89,124,2018,10,15,5,3,0,1,0,1,0,0,0,0,0,0,7.81091E+20,5.2978E+21,1.2752E+16,4.77722E+16
188122,9,3,71,120,2018,10,9,2,3,8,1,0,0,1,0,0,0,0,0,7.14751E+20,5.46946E+21,1.19564E+16,4.934E+16
188123,9,2,61,0,2018,10,6,5,3,8,7,2,0,0,0,1,0,0,0,7.33363E+20,5.37874E+21,1.21604E+16,4.85183E+16
188124,9,5,63,0,2018,10,6,4,3,2,6,2,0,1,0,0,0,0,0,6.45347E+20,5.48337E+21,1.10068E+16,4.94856E+16
188125,9,7,80,124,2018,10,8,3,3,0,1,1,1,0,0,0,0,1,0,5.93193E+20,5.27017E+21,1.02393E+16,4.75783E+16
188126,9,1,84,146,2018,10,17,4,3,5,6,0,1,1,0,0,0,0,0,6.99388E+20,5.32823E+21,1.1677E+16,4.80761E+16
188127,9,7,72,147,2018,10,14,3,2,0,7,0,1,0,0,0,0,0,0,6.39554E+20,5.36653E+21,1.08868E+16,4.84365E+16
188128,9,7,61,0,2018,10,18,3,3,0,1,0,1,0,0,0,0,0,0,6.3743E+20,5.3602E+21,1.0856E+16,4.838E+16
188129,9,7,61,0,2018,10,15,3,3,5,3,0,1,0,0,0,0,0,0,6.4039E+20,5.35853E+21,1.08954E+16,4.83643E+16
188130,9,5,64,0,2018,10,15,4,3,3,6,0,0,1,0,0,0,1,0,6.49554E+20,5.47935E+21,1.10633E+16,4.94484E+16
188131,9,7,61,0,2018,10,17,3,2,6,2,0,0,1,1,0,0,0,0,6.41415E+20,5.35924E+21,1.09095E+16,4.83705E+16
188132,9,1,63,0,2018,10,16,5,2,1,7,0,1,1,0,0,0,0,0,7.34017E+20,5.3036E+21,1.21278E+16,4.78431E+16
188133,9,6,63,0,2018,10,15,3,3,2,6,0,0,1,0,0,0,0,0,5.68449E+20,5.51616E+21,9.95105E+15,4.9794E+16
188134,9,5,64,0,2018,10,18,4,2,5,7,1,0,1,0,0,0,1,0,6.51741E+20,5.4794E+21,1.10935E+16,4.94483E+16
188135,9,6,63,0,2018,10,8,3,3,2,6,0,0,1,0,0,0,0,0,5.67007E+20,5.5146E+21,9.93075E+15,4.97801E+16
188136,9,7,75,135,2018,10,12,4,3,3,6,0,1,1,0,0,0,0,0,5.7465E+20,5.36028E+21,1.00084E+16,4.83913E+16
188137,9,1,73,126,2018,10,15,2,3,3,2,0,1,1,0,0,0,0,0,6.85379E+20,5.30273E+21,1.14781E+16,4.78512E+16
188138,9,6,62,0,2018,10,15,3,3,1,6,0,0,1,0,0,0,0,0,5.88298E+20,5.54596E+21,1.02336E+16,5.00594E+16
188139,9,5,62,0,2018,10,12,3,3,5,3,0,1,1,0,0,0,0,0,6.44093E+20,5.49323E+21,1.09931E+16,4.95745E+16
188140,9,1,62,0,2018,10,19,4,3,3,2,2,0,1,0,1,0,0,0,6.89881E+20,5.33597E+21,1.15529E+16,4.81486E+16
188141,9,4,74,126,2018,10,10,2,3,5,3,0,1,1,0,0,0,0,0,6.48413E+20,5.50968E+21,1.10591E+16,4.97213E+16
188142,9,5,64,0,2018,10,17,3,3,2,6,0,0,1,0,1,0,0,0,6.50464E+20,5.478E+21,1.10754E+16,4.9436E+16
188143,9,5,64,0,2018,10,10,4,3,2,6,0,0,0,0,0,1,0,0,6.48027E+20,5.47637E+21,1.10412E+16,4.9422E+16
188144,9,5,64,0,2018,10,18,3,3,0,3,2,1,0,0,0,0,1,0,6.50944E+20,5.47931E+21,1.10825E+16,4.94477E+16
188145,9,1,61,0,2018,10,9,5,3,5,2,0,1,1,0,0,0,0,0,6.77953E+20,5.40456E+21,1.14219E+16,4.87686E+16
188146,9,5,64,0,2018,10,14,3,3,2,6,0,0,1,0,1,0,0,0,6.50393E+20,5.47779E+21,1.10743E+16,4.94341E+16
188147,9,5,64,0,2018,10,10,3,3,0,7,0,0,1,0,0,0,0,0,6.50194E+20,5.47908E+21,1.10721E+16,4.94458E+16
188148,9,7,80,132,2018,10,15,4,3,6,7,0,0,1,1,0,0,0,0,5.76684E+20,5.26725E+21,1.00193E+16,4.75541E+16
188149,9,5,64,0,2018,10,13,3,3,3,6,0,0,1,0,0,0,0,0,6.54598E+20,5.47466E+21,1.11311E+16,4.9405E+16
188150,9,5,64,0,2018,10,19,3,3,5,2,2,0,1,0,0,0,0,0,6.5516E+20,5.47582E+21,1.11393E+16,4.94153E+16
188151,9,3,75,204,2018,10,11,5,3,0,1,0,1,0,0,0,0,0,0,7.31416E+20,5.43439E+21,1.21653E+16,4.9019E+16
188152,9,5,61,0,2018,10,11,3,3,4,2,0,1,1,0,0,0,0,0,6.1437E+20,5.46151E+21,1.0573E+16,4.92956E+16
188153,9,4,71,119,2018,10,8,5,2,8,1,0,0,0,0,1,0,0,0,6.39711E+20,5.5386E+21,1.09488E+16,4.99834E+16
188154,9,5,64,0,2018,10,15,4,3,5,3,0,1,1,0,0,0,0,0,6.51058E+20,5.4762E+21,1.10829E+16,4.94197E+16
188155,9,4,71,214,2018,10,8,3,3,9,7,0,0,1,0,0,0,0,0,6.38598E+20,5.54156E+21,1.09344E+16,5.00102E+16
188156,9,1,78,120,2018,10,14,5,2,6,1,0,0,0,1,1,0,0,0,6.96199E+20,5.35422E+21,1.16462E+16,4.83108E+16
188157,9,3,77,158,2018,10,18,3,3,5,2,1,1,1,0,0,0,0,0,7.3663E+20,5.54391E+21,1.23021E+16,5.00005E+16
188158,9,3,75,196,2018,10,17,3,3,5,3,0,0,1,0,0,0,0,0,7.29747E+20,5.41481E+21,1.21315E+16,4.88437E+16
188159,9,3,62,0,2018,10,16,3,3,0,6,0,0,1,0,0,0,1,0,7.25842E+20,5.43383E+21,1.20889E+16,4.90159E+16
188160,9,3,62,0,2018,10,15,3,2,4,6,0,0,1,0,1,0,0,0,7.29995E+20,5.43719E+21,1.21475E+16,4.90447E+16
188161,9,3,61,0,2018,10,8,5,3,1,5,0,0,1,0,0,0,0,0,7.06628E+20,5.48136E+21,1.18509E+16,4.94497E+16
188162,9,5,64,0,2018,10,10,4,3,5,3,0,1,0,0,0,0,1,0,6.52505E+20,5.48074E+21,1.11046E+16,4.94602E+16
188163,9,3,73,121,2018,10,15,3,3,1,7,0,0,1,0,0,0,0,0,6.89074E+20,5.43459E+21,1.1587E+16,4.90352E+16
188164,9,1,62,0,2018,10,9,4,3,3,6,0,0,1,0,1,0,0,0,6.91012E+20,5.34079E+21,1.15703E+16,4.81916E+16
188165,9,3,73,147,2018,10,15,3,2,0,1,0,1,0,0,0,0,0,0,6.78036E+20,5.4606E+21,1.14476E+16,4.92723E+16
188166,9,3,71,126,2018,10,5,3,3,8,1,2,0,0,0,1,0,0,1,7.02327E+20,5.4876E+21,1.17949E+16,4.95072E+16
188167,9,5,64,0,2018,10,14,4,3,6,4,0,1,0,1,0,0,0,0,6.51894E+20,5.47871E+21,1.10954E+16,4.94421E+16
188168,9,3,76,116,2018,10,6,3,3,0,3,2,0,0,0,1,0,0,0,7.41995E+20,5.46394E+21,1.23275E+16,4.92802E+16
188169,9,1,62,0,2018,10,18,4,2,3,7,0,0,1,0,1,0,0,0,6.93682E+20,5.3334E+21,1.16028E+16,4.81244E+16
188170,9,3,76,119,2018,10,17,3,3,5,3,0,1,1,0,0,0,0,0,7.22344E+20,5.45431E+21,1.20524E+16,4.92012E+16
188171,9,3,76,119,2018,10,12,3,3,6,1,0,0,1,1,0,0,0,0,7.21328E+20,5.45414E+21,1.20384E+16,4.92001E+16
188172,9,3,71,119,2018,10,7,3,2,8,1,0,0,0,0,1,0,0,0,6.9633E+20,5.49456E+21,1.17156E+16,4.95718E+16
188173,9,5,63,0,2018,10,6,4,3,2,2,2,0,1,0,0,0,0,0,6.45638E+20,5.48443E+21,1.10112E+16,4.9495E+16
188174,9,2,76,138,2018,10,11,3,3,5,3,0,0,1,0,0,0,0,0,7.99661E+20,5.43233E+21,1.30951E+16,4.89711E+16
188175,9,1,90,157,2018,10,7,5,3,6,4,1,0,1,1,0,0,0,0,6.60368E+20,5.3013E+21,1.11435E+16,4.78451E+16
188176,9,5,71,190,2018,10,18,4,3,8,7,0,0,1,0,0,0,0,0,6.21991E+20,5.46541E+21,1.0679E+16,4.93292E+16
188177,9,2,73,147,2018,10,16,3,3,3,6,0,0,1,0,1,0,0,0,7.0503E+20,5.39142E+21,1.17834E+16,4.86422E+16
188178,9,1,62,0,2018,10,13,4,3,0,6,0,0,1,0,1,0,0,0,6.91676E+20,5.33432E+21,1.15763E+16,4.81332E+16
188179,9,7,61,0,2018,10,15,4,3,4,2,0,0,1,0,1,0,0,0,6.40126E+20,5.36276E+21,1.08933E+16,4.84024E+16
188180,9,2,61,0,2018,10,16,3,3,9,1,0,1,0,0,0,0,0,0,7.31449E+20,5.38147E+21,1.2136E+16,4.85436E+16
188181,9,2,79,122,2018,10,10,3,3,5,2,0,1,1,0,0,0,0,0,7.71922E+20,5.39769E+21,1.26939E+16,4.8673E+16
188182,9,5,71,136,2018,10,11,4,3,5,3,0,0,1,0,1,0,0,0,5.97103E+20,5.43614E+21,1.03295E+16,4.90705E+16
188183,9,1,80,123,2018,10,19,3,2,6,1,2,0,1,1,0,0,0,0,6.70497E+20,5.25652E+21,1.12613E+16,4.74398E+16
188184,9,4,79,145,2018,10,13,4,3,5,3,0,1,1,0,0,0,0,0,7.12437E+20,5.55259E+21,1.19698E+16,5.00875E+16
188185,9,1,80,125,2018,10,17,3,2,0,1,0,1,0,0,0,0,0,0,6.55016E+20,5.27371E+21,1.10622E+16,4.75982E+16
188186,9,1,71,132,2018,10,10,5,3,0,7,0,1,0,0,0,0,0,0,7.66234E+20,5.35207E+21,1.25878E+16,4.82658E+16
188187,9,1,73,112,2018,10,7,3,3,4,6,0,0,0,0,0,1,1,0,6.91276E+20,5.29257E+21,1.15523E+16,4.77581E+16
188188,9,4,63,0,2018,10,13,4,2,6,4,0,0,1,1,0,0,0,0,6.40175E+20,5.56937E+21,1.09666E+16,5.02599E+16
188189,9,1,83,148,2018,10,16,3,3,2,6,0,0,1,0,0,0,0,0,7.53923E+20,5.34552E+21,1.24183E+16,4.8212E+16
188190,9,1,62,0,2018,10,7,4,3,5,3,0,1,1,0,0,0,0,0,6.98942E+20,5.33095E+21,1.16723E+16,4.81008E+16
188191,9,1,61,0,2018,10,14,3,3,5,3,0,1,1,0,0,0,0,0,6.79186E+20,5.40353E+21,1.14382E+16,4.87589E+16
188192,9,7,72,149,2018,10,18,4,3,5,3,1,1,1,0,0,0,0,0,6.36013E+20,5.33872E+21,1.083E+16,4.81872E+16
188193,9,1,86,143,2018,10,13,3,2,0,6,0,0,1,0,1,0,0,0,6.84098E+20,5.3793E+21,1.14942E+16,4.85398E+16
188194,9,4,62,0,2018,10,21,4,2,7,1,2,1,0,0,0,0,0,0,6.85468E+20,5.53421E+21,1.15844E+16,4.99314E+16
188195,9,1,88,139,2018,10,12,3,3,6,7,0,0,1,1,0,0,0,0,6.74962E+20,5.31874E+21,1.13455E+16,4.7998E+16
188196,9,1,86,143,2018,10,18,5,3,0,1,1,1,0,0,0,0,0,0,6.84443E+20,5.37789E+21,1.14982E+16,4.8527E+16
188197,9,1,81,130,2018,10,12,3,3,1,5,0,0,1,0,0,0,0,0,6.39531E+20,5.32261E+21,1.0872E+16,4.80415E+16
188198,9,4,62,0,2018,10,17,4,3,4,6,0,1,1,0,0,0,0,0,6.82909E+20,5.53631E+21,1.15498E+16,4.99511E+16
188199,9,1,74,115,2018,10,18,3,3,5,3,1,1,1,0,0,0,0,0,6.82924E+20,5.34842E+21,1.14648E+16,4.82626E+16
188200,9,7,79,131,2018,10,9,4,3,8,1,0,0,1,0,0,0,0,0,6.29323E+20,5.39681E+21,1.0758E+16,4.87109E+16
188201,9,1,74,126,2018,10,11,3,3,5,7,0,1,1,0,0,0,0,0,6.83175E+20,5.34483E+21,1.14667E+16,4.82302E+16
188202,9,1,82,129,2018,10,12,5,3,5,3,0,1,1,0,0,0,0,0,7.07461E+20,5.28583E+21,1.17649E+16,4.76925E+16
188203,9,1,77,117,2018,10,17,3,3,5,3,0,0,1,0,0,0,0,0,7.1508E+20,5.35293E+21,1.18999E+16,4.8293E+16
188204,9,3,74,157,2018,10,16,4,3,4,6,0,0,1,0,0,1,0,0,7.04922E+20,5.51829E+21,1.18467E+16,4.97821E+16
188205,9,1,62,0,2018,10,17,2,3,3,6,0,1,1,0,0,0,0,0,6.90364E+20,5.33374E+21,1.15584E+16,4.81284E+16
188206,9,7,74,144,2018,10,7,4,3,5,3,1,0,1,0,0,0,0,0,6.06616E+20,5.36289E+21,1.04407E+16,4.84102E+16
188207,9,1,62,0,2018,10,8,2,3,5,3,0,0,1,0,0,0,0,1,6.84767E+20,5.3288E+21,1.14811E+16,4.80857E+16
188208,9,1,62,0,2018,10,14,2,3,4,6,0,0,1,0,0,0,0,0,6.90928E+20,5.33244E+21,1.15654E+16,4.81165E+16
188209,9,4,61,0,2018,10,16,5,3,5,3,0,1,0,0,1,0,0,0,6.36388E+20,5.52954E+21,1.08993E+16,4.99027E+16