OBJECTID_1,ULAND,UREGBEZ,UKREIS,UGEMEINDE,UJAHR,UMONAT,USTUNDE,UWOCHENTAG,UKATEGORIE,UART,UTYP1,ULICHTVERH,IstRad,IstPKW,IstFuss,IstKrad,IstGkfz,IstSonstig,STRZUSTAND,LINREFX,LINREFY,XGCSWGS84,YGCSWGS84
188210,9,3,62,0,2018,10,5,4,3,5,3,2,1,1,0,0,0,0,1,7.25749E+20,5.43319E+21,1.20873E+16,4.90103E+16
188211,9,1,62,0,2018,10,17,2,3,5,2,0,0,1,0,0,0,0,0,6.94443E+20,5.33346E+21,1.1613E+16,4.81247E+16
188212,9,1,77,139,2018,10,15,5,3,5,3,0,1,1,0,0,0,0,0,7.32443E+20,5.35937E+21,1.21372E+16,4.83447E+16
188213,9,1,62,0,2018,10,8,2,3,5,3,0,1,0,0,0,0,0,0,6.9115E+20,5.34102E+21,1.15722E+16,4.81936E+16
188214,9,1,62,0,2018,10,20,2,3,0,6,2,0,1,0,1,0,0,0,6.92584E+20,5.33416E+21,1.15884E+16,4.81315E+16
188215,9,1,62,0,2018,10,16,2,2,5,2,0,0,1,0,1,0,0,0,6.86086E+20,5.33761E+21,1.15027E+16,4.81645E+16
188216,9,1,62,0,2018,10,7,2,3,5,6,0,1,1,0,0,0,0,1,6.94367E+20,5.33747E+21,1.16138E+16,4.81608E+16
188217,9,2,72,118,2018,10,13,5,3,8,1,0,0,1,0,0,0,0,0,8.33619E+20,5.41677E+21,1.3545E+16,4.88142E+16
188218,9,1,62,0,2018,10,16,2,3,0,4,0,1,0,1,0,0,0,0,7.0141E+20,5.33154E+21,1.17057E+16,4.81053E+16
188219,9,1,62,0,2018,10,13,2,3,6,4,0,0,1,1,0,0,0,0,6.87441E+20,5.33906E+21,1.15215E+16,4.81771E+16
188220,9,3,62,0,2018,10,19,5,3,5,2,2,1,1,0,0,0,0,0,7.2456E+20,5.43434E+21,1.20717E+16,4.90211E+16
188221,9,3,75,119,2018,10,10,4,3,1,6,0,0,1,0,0,0,1,0,7.37263E+20,5.44223E+21,1.22498E+16,4.90872E+16
188222,9,1,62,0,2018,10,7,2,3,2,2,0,0,1,0,0,0,0,1,6.91187E+20,5.34058E+21,1.15725E+16,4.81896E+16
188223,9,1,62,0,2018,10,19,4,3,5,2,2,0,1,0,1,0,0,0,6.91103E+20,5.33423E+21,1.15685E+16,4.81326E+16
188224,9,1,62,0,2018,10,12,2,3,6,7,0,0,1,1,0,0,0,0,6.93464E+20,5.33353E+21,1.15999E+16,4.81256E+16
188225,9,1,62,0,2018,10,16,2,3,1,6,0,0,1,0,0,1,0,0,6.9334E+20,5.34035E+21,1.16014E+16,4.8187E+16
188226,9,6,76,112,2018,10,18,4,3,0,7,1,1,1,0,0,0,0,0,5.15913E+20,5.49916E+21,9.22042E+15,4.96447E+16
188227,9,1,62,0,2018,10,9,2,3,0,7,0,1,0,0,0,0,1,0,6.85544E+20,5.3407E+21,1.14967E+16,4.81924E+16
188228,9,4,62,0,2018,10,11,4,3,3,6,0,0,1,0,0,0,0,0,6.83551E+20,5.53618E+21,1.15586E+16,4.99497E+16
188229,9,1,62,0,2018,10,6,2,2,6,2,2,0,1,1,0,0,0,0,6.8972E+20,5.33672E+21,1.15511E+16,4.81554E+16
188230,9,1,80,117,2018,10,10,5,3,5,2,0,1,1,0,0,0,0,0,6.58051E+20,5.26278E+21,1.10986E+16,4.74992E+16
188231,9,4,62,0,2018,10,11,4,3,2,6,0,0,1,0,0,0,0,0,6.84648E+20,5.5366E+21,1.15741E+16,4.99531E+16
188232,9,1,62,0,2018,10,11,2,3,3,6,0,1,0,0,0,0,0,0,6.84425E+20,5.33247E+21,1.14781E+16,4.81187E+16
188233,9,1,62,0,2018,10,7,4,3,0,6,1,1,0,0,0,0,0,0,6.87997E+20,5.33775E+21,1.15284E+16,4.81652E+16
188234,9,1,62,0,2018,10,14,2,3,5,3,0,1,0,0,0,0,0,0,6.95509E+20,5.33639E+21,1.16287E+16,4.81507E+16
188235,9,1,62,0,2018,10,18,4,3,6,2,0,0,1,1,0,0,0,0,6.84069E+20,5.3351E+21,1.14745E+16,4.81425E+16
188236,9,1,62,0,2018,10,8,2,3,1,6,0,0,1,0,1,0,0,0,6.89048E+20,5.3325E+21,1.15402E+16,4.81176E+16
188237,9,1,62,0,2018,10,17,2,3,5,3,0,1,0,0,0,0,0,0,6.90362E+20,5.33385E+21,1.15584E+16,4.81294E+16
188238,9,1,62,0,2018,10,11,2,3,0,7,0,0,1,0,0,0,1,0,6.89439E+20,5.33407E+21,1.15461E+16,4.81317E+16
188239,9,7,64,0,2018,10,11,2,3,0,7,0,1,0,0,0,0,0,0,5.88138E+20,5.31523E+21,1.01812E+16,4.79843E+16
188240,9,1,87,182,2018,10,10,5,2,6,4,0,0,1,1,0,0,0,0,7.40367E+20,5.32826E+21,1.22263E+16,4.80623E+16
188241,9,7,74,135,2018,10,8,2,3,0,1,0,1,0,0,0,0,0,0,5.95265E+20,5.36749E+21,1.02884E+16,4.84533E+16
188242,9,7,62,0,2018,10,7,2,3,5,3,0,1,1,0,0,0,0,0,6.21124E+20,5.30464E+21,1.06201E+16,4.78836E+16
188243,9,1,62,0,2018,10,8,4,2,1,5,0,1,1,0,0,0,0,0,6.9167E+20,5.3355E+21,1.15767E+16,4.81439E+16
188244,9,7,77,129,2018,10,7,2,3,6,3,1,0,1,1,0,0,0,0,6.26657E+20,5.26968E+21,1.06839E+16,4.75682E+16
188245,9,7,61,0,2018,10,17,2,2,0,2,0,1,1,0,0,0,0,0,6.40368E+20,5.36225E+21,1.08964E+16,4.83977E+16
188246,9,4,72,118,2018,10,17,5,3,4,6,0,0,1,0,0,0,1,0,6.74649E+20,5.49977E+21,1.14183E+16,4.96252E+16
188247,9,7,72,163,2018,10,9,2,3,0,7,0,0,0,0,0,0,1,0,6.40191E+20,5.3503E+21,1.089E+16,4.82903E+16
188248,9,7,61,0,2018,10,7,2,3,5,1,1,1,1,0,0,0,0,0,6.40944E+20,5.3572E+21,1.09025E+16,4.83522E+16
188249,9,7,61,0,2018,10,9,2,2,5,1,0,1,1,0,0,0,0,0,6.39355E+20,5.35867E+21,1.08815E+16,4.83658E+16
188250,9,1,61,0,2018,10,17,5,2,3,6,0,1,1,0,0,0,0,0,6.79249E+20,5.4002E+21,1.14376E+16,4.87291E+16
188251,9,7,61,0,2018,10,17,2,3,6,3,1,0,1,1,0,0,0,0,6.39882E+20,5.35903E+21,1.08888E+16,4.83689E+16
188252,9,6,75,178,2018,10,7,2,3,5,3,0,0,1,0,0,0,0,0,5.96369E+20,5.51639E+21,1.03389E+16,4.97922E+16
188253,9,7,76,128,2018,10,16,4,3,6,4,0,0,1,1,0,0,0,0,5.47609E+20,5.26951E+21,9.63308E+15,4.75773E+16
188254,9,5,74,132,2018,10,13,2,2,6,4,0,0,1,1,0,0,0,0,6.76319E+20,5.48648E+21,1.14355E+16,4.95053E+16
188255,9,5,63,0,2018,10,16,2,3,6,7,0,0,0,1,0,0,1,0,6.44011E+20,5.48204E+21,1.09879E+16,4.94739E+16
188256,9,3,72,126,2018,10,7,5,2,5,3,1,0,1,0,1,0,0,0,7.79882E+20,5.4685E+21,1.28505E+16,4.9305E+16
188257,9,5,64,0,2018,10,13,2,3,5,3,0,0,1,0,1,0,0,0,6.49743E+20,5.47987E+21,1.10661E+16,4.9453E+16
188258,9,7,61,0,2018,10,12,4,3,0,3,0,1,1,0,0,0,0,0,6.37669E+20,5.35855E+21,1.08587E+16,4.83651E+16
188259,9,1,62,0,2018,10,13,4,2,0,6,0,1,0,0,0,0,0,0,6.90541E+20,5.3376E+21,1.15625E+16,4.81631E+16
188260,9,5,64,0,2018,10,15,2,3,5,3,0,1,1,0,0,0,0,0,6.4903E+20,5.48329E+21,1.10576E+16,4.9484E+16
188261,9,5,64,0,2018,10,16,2,2,5,3,0,1,0,0,0,0,1,0,6.47362E+20,5.48165E+21,1.1034E+16,4.94696E+16
188262,9,1,74,113,2018,10,11,5,3,4,6,0,0,1,0,0,0,1,0,6.77919E+20,5.34737E+21,1.1397E+16,4.82545E+16
188263,9,5,64,0,2018,10,10,2,2,0,7,0,0,0,0,0,0,1,0,6.54064E+20,5.4795E+21,1.11256E+16,4.94486E+16
188264,9,5,63,0,2018,10,17,2,3,5,2,0,0,1,0,0,0,0,0,6.45683E+20,5.48134E+21,1.10107E+16,4.94672E+16
188265,9,5,77,136,2018,10,12,2,3,2,2,0,0,1,0,0,0,0,0,6.28546E+20,5.44051E+21,1.07612E+16,4.9104E+16
188266,9,3,71,122,2018,10,10,5,3,4,7,0,0,1,0,0,0,1,0,7.16255E+20,5.48501E+21,1.19856E+16,4.94792E+16
188267,9,3,76,149,2018,10,15,2,2,5,3,0,0,1,0,1,0,0,0,7.38611E+20,5.45541E+21,1.2276E+16,4.9205E+16
188268,9,1,84,120,2018,10,16,4,3,5,7,0,1,0,0,0,0,0,0,6.82012E+20,5.33298E+21,1.14459E+16,4.81241E+16
188269,9,5,71,224,2018,10,10,2,3,9,7,0,0,1,0,0,0,0,0,6.01636E+20,5.43134E+21,1.03903E+16,4.90266E+16
188270,9,4,73,166,2018,10,15,2,3,2,6,0,0,1,0,1,0,0,0,6.51509E+20,5.56549E+21,1.1124E+16,5.02221E+16
188271,9,6,71,140,2018,10,7,4,3,1,5,2,1,1,0,0,0,0,0,5.0739E+20,5.53646E+21,9.10307E+15,4.99804E+16
188272,9,4,74,126,2018,10,7,2,3,5,7,0,1,0,0,0,0,1,0,6.484E+20,5.50944E+21,1.10588E+16,4.97191E+16
188273,9,4,74,132,2018,10,22,6,3,8,1,2,0,1,0,0,0,0,0,6.62449E+20,5.50069E+21,1.12499E+16,4.96368E+16
188274,9,1,71,117,2018,10,13,6,2,5,2,0,1,1,0,0,0,0,0,7.67341E+20,5.33704E+21,1.25932E+16,4.81304E+16
188275,9,1,62,0,2018,10,0,6,3,5,3,2,0,1,0,1,0,0,0,6.91069E+20,5.34229E+21,1.15717E+16,4.82051E+16
188276,9,1,72,132,2018,10,13,6,3,4,1,0,0,1,0,1,0,0,0,8.01204E+20,5.28074E+21,1.3008E+16,4.761E+16
188277,9,7,61,0,2018,10,13,6,3,2,1,0,0,1,0,0,0,0,0,6.41858E+20,5.35892E+21,1.09154E+16,4.83675E+16
188278,9,1,73,126,2018,10,17,6,3,5,3,0,0,1,0,0,0,0,0,6.86576E+20,5.30303E+21,1.14942E+16,4.78535E+16
188279,9,1,87,174,2018,10,11,6,3,5,2,0,0,1,0,0,0,0,0,7.41552E+20,5.31296E+21,1.22336E+16,4.79244E+16
188280,9,1,62,0,2018,10,17,6,3,5,2,0,1,1,0,0,0,0,0,6.89697E+20,5.33189E+21,1.15486E+16,4.8112E+16
188281,9,1,63,0,2018,10,21,6,3,0,6,2,1,1,0,0,0,0,0,7.33875E+20,5.30464E+21,1.21265E+16,4.78525E+16
188282,9,1,62,0,2018,10,18,6,3,5,3,1,1,1,0,0,0,0,0,6.89595E+20,5.33071E+21,1.15467E+16,4.81014E+16
188283,9,5,64,0,2018,10,16,5,3,5,2,0,1,1,0,0,0,0,0,6.50976E+20,5.47955E+21,1.1083E+16,4.94498E+16
188284,9,1,85,143,2018,10,16,6,2,4,7,0,0,0,0,1,0,1,0,6.63283E+20,5.3853E+21,1.12148E+16,4.85995E+16
188285,9,6,71,111,2018,10,8,6,2,6,4,0,0,1,1,0,0,0,0,5.05152E+20,5.54824E+21,9.07201E+15,5.00864E+16
188286,9,1,85,149,2018,10,17,6,2,5,7,0,1,1,0,0,0,0,0,6.5841E+20,5.40081E+21,1.11546E+16,4.87401E+16
188287,9,7,64,0,2018,10,14,6,3,9,6,0,0,1,1,0,0,0,0,5.88762E+20,5.31401E+21,1.01893E+16,4.79733E+16
188288,9,1,76,137,2018,10,17,6,2,8,1,0,0,0,0,1,0,0,0,6.726E+20,5.43006E+21,1.13598E+16,4.89993E+16
188289,9,5,64,0,2018,10,17,6,3,0,5,0,0,1,0,1,0,0,0,6.5105E+20,5.47516E+21,1.10824E+16,4.94103E+16
188290,9,1,79,142,2018,10,19,6,3,0,1,2,1,1,0,0,0,0,0,6.72928E+20,5.34192E+21,1.13276E+16,4.82069E+16
188291,9,5,64,0,2018,10,14,6,3,5,3,0,1,1,0,0,0,0,0,6.5084E+20,5.47753E+21,1.10804E+16,4.94318E+16
188292,9,1,79,142,2018,10,9,6,3,3,6,0,1,1,0,0,0,0,0,6.73157E+20,5.34215E+21,1.13308E+16,4.8209E+16
188293,9,1,88,145,2018,10,19,6,3,0,6,2,0,1,0,1,0,0,0,6.62618E+20,5.32725E+21,1.11833E+16,4.80777E+16
188294,9,7,76,115,2018,10,7,6,3,0,1,0,0,0,0,1,0,0,0,5.56681E+20,5.27225E+21,9.75405E+15,4.76012E+16
188295,9,4,73,159,2018,10,11,6,3,4,6,0,0,1,0,0,1,0,0,6.46096E+20,5.57375E+21,1.10513E+16,5.02978E+16
188296,9,1,79,121,2018,10,7,6,3,0,1,0,1,0,0,0,0,0,0,6.65802E+20,5.33831E+21,1.12304E+16,4.81764E+16
188297,9,1,62,0,2018,10,15,6,3,5,3,0,0,1,0,1,0,0,0,6.88676E+20,5.34296E+21,1.15398E+16,4.82118E+16
188298,9,1,74,111,2018,10,12,6,3,5,5,0,1,1,0,0,0,0,0,6.67141E+20,5.36181E+21,1.12577E+16,4.83873E+16
188299,9,1,77,133,2018,10,17,6,3,5,3,1,1,1,0,0,0,0,0,7.11006E+20,5.35684E+21,1.1847E+16,4.83295E+16
188300,9,1,62,0,2018,10,4,6,3,1,7,2,0,1,0,0,0,0,0,6.90512E+20,5.34201E+21,1.15641E+16,4.82027E+16
188301,9,1,77,117,2018,10,18,6,3,5,3,1,0,1,0,0,0,0,0,7.14757E+20,5.35504E+21,1.18966E+16,4.83121E+16
188302,9,7,77,121,2018,10,18,6,3,0,1,0,1,0,0,0,0,0,0,6.28659E+20,5.31967E+21,1.07254E+16,4.80173E+16
188303,9,5,77,173,2018,10,14,5,2,6,4,0,0,1,1,0,0,0,0,6.39827E+20,5.42462E+21,1.09102E+16,4.89587E+16
188304,9,3,63,0,2018,10,15,6,3,4,2,0,1,1,0,0,0,0,0,7.2616E+20,5.50813E+21,1.21354E+16,4.96832E+16
188305,9,1,75,137,2018,10,18,6,2,0,7,1,0,0,0,0,0,1,0,7.2575E+20,5.33014E+21,1.20314E+16,4.80845E+16
188306,9,1,62,0,2018,10,11,6,3,5,3,0,0,1,0,0,0,0,0,6.87152E+20,5.33683E+21,1.15166E+16,4.81572E+16
188307,9,5,75,112,2018,10,6,5,3,0,7,1,1,0,0,0,0,0,0,6.0209E+20,5.4848E+21,1.04102E+16,4.95072E+16
188308,9,1,62,0,2018,10,9,5,3,4,6,0,1,1,0,0,0,0,0,6.82143E+20,5.33642E+21,1.14492E+16,4.81549E+16
188309,9,7,61,0,2018,10,13,6,3,2,6,0,0,1,0,0,0,0,0,6.40392E+20,5.35806E+21,1.08953E+16,4.83601E+16
188310,9,7,61,0,2018,10,13,6,3,2,6,0,0,1,0,0,0,0,0,6.36636E+20,5.36137E+21,1.08457E+16,4.83907E+16
188311,9,2,63,0,2018,10,16,6,3,0,1,0,1,0,0,0,0,0,0,7.66547E+20,5.42115E+21,1.26363E+16,4.88859E+16
188312,9,1,62,0,2018,10,10,5,3,5,3,0,1,1,0,0,0,0,0,6.88157E+20,5.33964E+21,1.15314E+16,4.81821E+16
188313,9,1,62,0,2018,10,9,6,2,4,2,0,1,1,0,0,0,0,0,6.95503E+20,5.33603E+21,1.16284E+16,4.81474E+16
188314,9,1,62,0,2018,10,15,5,3,3,6,0,0,1,0,1,0,0,0,6.90582E+20,5.34026E+21,1.15642E+16,4.8187E+16
188315,9,5,74,131,2018,10,6,6,3,8,1,2,1,0,0,0,0,0,0,6.73034E+20,5.48514E+21,1.13896E+16,4.94942E+16
188316,9,1,62,0,2018,10,10,5,3,6,7,0,0,1,1,0,0,0,0,6.8905E+20,5.33232E+21,1.15401E+16,4.81161E+16
188317,9,1,62,0,2018,10,9,5,3,2,6,0,0,1,0,0,0,0,0,7.0075E+20,5.33539E+21,1.16986E+16,4.81401E+16
188318,9,1,73,135,2018,10,20,6,2,6,1,2,0,1,1,0,0,0,0,6.93878E+20,5.28297E+21,1.15828E+16,4.7671E+16
188319,9,7,79,194,2018,10,15,1,3,2,7,0,0,0,0,1,0,0,0,6.09407E+20,5.41198E+21,1.04914E+16,4.88511E+16
188320,9,1,62,0,2018,10,5,5,3,5,3,2,0,1,0,0,0,0,0,6.88157E+20,5.33385E+21,1.15288E+16,4.813E+16
188321,9,7,79,147,2018,10,13,1,2,0,7,0,1,0,0,0,0,0,0,6.09808E+20,5.42448E+21,1.05002E+16,4.89635E+16
188322,9,7,75,139,2018,10,18,6,2,6,5,1,1,1,1,0,0,0,0,5.77592E+20,5.36576E+21,1.00491E+16,4.84402E+16
188323,9,7,72,177,2018,10,17,1,3,0,2,0,0,1,0,1,0,0,0,6.36939E+20,5.38238E+21,1.08567E+16,4.85795E+16
188324,9,1,62,0,2018,10,11,5,3,6,7,0,0,1,1,0,0,0,0,6.8009E+20,5.33515E+21,1.14211E+16,4.81441E+16
188325,9,7,71,130,2018,10,22,1,3,8,1,2,0,1,0,0,0,0,0,6.46635E+20,5.35763E+21,1.09794E+16,4.83548E+16
188326,9,5,64,0,2018,10,10,6,3,0,7,0,0,0,0,0,0,1,0,6.52493E+20,5.48212E+21,1.11049E+16,4.94726E+16
188327,9,7,61,0,2018,10,13,1,3,0,1,0,1,0,0,0,0,0,0,6.38871E+20,5.35596E+21,1.08741E+16,4.83415E+16
188328,9,1,62,0,2018,10,20,5,3,4,2,1,0,1,0,0,0,0,0,6.93082E+20,5.33881E+21,1.15972E+16,4.81732E+16
188329,9,1,81,130,2018,10,11,7,3,6,4,0,0,1,1,0,0,0,0,6.39908E+20,5.3237E+21,1.08775E+16,4.80512E+16
188330,9,7,61,0,2018,10,12,1,3,5,2,0,0,1,0,0,0,0,0,6.37883E+20,5.35554E+21,1.08606E+16,4.8338E+16
188331,9,1,62,0,2018,10,14,5,3,4,2,0,1,1,0,0,0,0,0,6.93889E+20,5.33361E+21,1.16057E+16,4.81262E+16
188332,9,6,76,134,2018,10,15,1,2,4,2,0,1,1,0,0,0,0,0,5.12768E+20,5.51382E+21,9.17733E+15,4.97767E+16
188333,9,7,76,116,2018,10,13,6,3,4,6,0,0,1,0,1,0,0,0,5.52696E+20,5.26909E+21,9.70067E+15,4.75731E+16
188334,9,5,62,0,2018,10,15,1,2,3,5,0,1,1,0,0,0,0,0,6.45217E+20,5.49478E+21,1.10092E+16,4.95882E+16
188335,9,5,63,0,2018,10,13,1,3,5,3,0,0,0,0,1,0,1,0,6.45067E+20,5.4798E+21,1.10016E+16,4.94535E+16
188336,9,4,62,0,2018,10,17,6,3,5,2,0,0,1,0,0,0,0,0,6.85691E+20,5.53722E+21,1.15889E+16,4.99584E+16
188337,9,5,64,0,2018,10,17,1,3,5,3,0,0,1,0,0,0,0,0,6.46476E+20,5.47983E+21,1.10211E+16,4.94534E+16
188338,9,7,75,129,2018,10,15,6,3,0,7,0,1,0,0,0,0,1,0,5.81867E+20,5.34165E+21,1.01022E+16,4.82227E+16
188339,9,5,64,0,2018,10,16,1,2,0,1,0,1,0,0,0,0,0,0,6.48241E+20,5.46909E+21,1.10414E+16,4.93565E+16
188340,9,5,71,165,2018,10,16,1,3,6,2,0,0,1,1,0,0,0,0,6.29949E+20,5.46649E+21,1.07888E+16,4.93373E+16
188341,9,5,73,122,2018,10,10,6,3,5,2,0,1,1,0,0,0,0,0,6.43542E+20,5.47736E+21,1.09797E+16,4.9432E+16
188342,9,4,73,159,2018,10,13,1,3,0,1,0,1,0,0,0,0,0,0,6.4446E+20,5.57922E+21,1.10305E+16,5.03473E+16
188343,9,1,62,0,2018,10,16,5,3,2,6,0,0,1,0,0,0,0,0,6.87559E+20,5.33897E+21,1.1523E+16,4.81762E+16
188344,9,1,62,0,2018,10,14,6,3,3,6,0,1,1,0,0,0,0,0,6.93284E+20,5.33464E+21,1.1598E+16,4.81356E+16
188345,9,4,74,126,2018,10,15,1,2,6,4,0,0,1,1,0,0,0,0,6.4979E+20,5.50998E+21,1.10783E+16,4.97237E+16
188346,9,1,62,0,2018,10,13,5,3,2,6,0,0,1,0,0,0,0,0,6.87456E+20,5.32866E+21,1.15171E+16,4.80836E+16
188347,9,3,74,117,2018,10,21,1,3,9,1,2,0,1,0,0,0,0,0,7.04287E+20,5.51365E+21,1.18355E+16,4.97406E+16
188348,9,7,79,231,2018,10,16,6,2,8,1,0,0,0,0,1,0,0,0,6.31148E+20,5.41694E+21,1.07892E+16,4.88915E+16
188349,9,2,75,141,2018,10,8,1,3,5,2,0,0,1,0,0,0,0,0,8.18639E+20,5.37049E+21,1.3306E+16,4.84069E+16
188350,9,4,75,168,2018,10,13,5,2,0,1,0,1,0,0,0,0,0,0,7.11713E+20,5.56624E+21,1.19673E+16,5.02104E+16
188351,9,2,72,141,2018,10,10,1,3,0,1,0,1,0,0,0,0,0,0,8.29973E+20,5.40713E+21,1.34877E+16,4.87297E+16
188352,9,3,75,175,2018,10,11,6,3,0,1,0,1,0,0,0,0,0,0,7.16624E+20,5.43412E+21,1.19632E+16,4.90219E+16
188353,9,2,77,116,2018,10,19,1,3,0,1,2,0,0,0,1,0,0,0,7.77709E+20,5.37062E+21,1.27543E+16,4.84275E+16
188354,9,1,62,0,2018,10,18,5,3,5,3,0,0,1,0,1,0,0,0,6.91419E+20,5.33702E+21,1.1574E+16,4.81576E+16
188355,9,2,61,0,2018,10,13,1,3,0,7,0,1,0,0,0,0,0,0,7.31204E+20,5.38033E+21,1.2132E+16,4.85334E+16
188356,9,1,62,0,2018,10,17,5,3,5,2,0,1,1,0,0,0,0,0,6.86362E+20,5.3344E+21,1.1505E+16,4.81355E+16
188357,9,1,62,0,2018,10,19,6,3,4,2,2,0,1,0,0,0,0,0,6.92069E+20,5.33335E+21,1.15811E+16,4.81244E+16
188358,9,2,74,146,2018,10,8,1,1,5,3,0,0,1,0,0,0,0,0,7.36366E+20,5.37987E+21,1.22016E+16,4.85274E+16
188359,9,1,62,0,2018,10,6,5,2,6,2,0,0,1,1,0,0,0,0,6.87406E+20,5.33961E+21,1.15213E+16,4.8182E+16
188360,9,2,74,191,2018,10,17,1,3,7,1,0,1,0,0,0,0,0,0,7.46321E+20,5.39062E+21,1.23426E+16,4.86201E+16
188361,9,7,61,0,2018,10,18,6,3,7,1,0,1,0,0,0,0,0,0,6.41487E+20,5.35581E+21,1.09093E+16,4.83396E+16
188362,9,1,73,130,2018,10,15,1,3,5,3,0,0,1,0,0,0,0,0,6.79981E+20,5.31289E+21,1.14102E+16,4.7944E+16
188363,9,1,90,157,2018,10,15,1,3,0,1,0,1,0,0,0,0,0,1,6.64444E+20,5.29923E+21,1.11971E+16,4.78254E+16
188364,9,2,61,0,2018,10,18,6,3,0,7,1,1,0,0,0,0,0,0,7.3268E+20,5.38085E+21,1.21523E+16,4.85375E+16
188365,9,1,90,157,2018,10,15,1,3,5,3,0,0,1,0,1,0,0,0,6.61229E+20,5.30245E+21,1.11554E+16,4.78552E+16
188366,9,1,62,0,2018,10,15,5,3,3,6,0,1,1,0,0,0,0,0,6.90629E+20,5.33678E+21,1.15633E+16,4.81557E+16
188367,9,1,90,132,2018,10,13,1,3,4,6,0,0,0,0,1,0,1,0,6.71979E+20,5.29368E+21,1.12955E+16,4.77735E+16
188368,9,1,62,0,2018,10,17,6,3,6,4,0,0,1,1,0,0,0,0,6.91734E+20,5.33275E+21,1.15763E+16,4.81191E+16
188369,9,1,80,127,2018,10,13,1,2,1,5,0,1,1,0,0,0,0,0,6.66607E+20,5.27794E+21,1.12179E+16,4.76334E+16
188370,9,1,62,0,2018,10,9,5,2,4,2,0,1,1,0,0,0,0,0,6.8792E+20,5.33074E+21,1.15243E+16,4.81022E+16
188371,9,1,80,122,2018,10,11,1,3,8,1,0,1,0,0,0,0,0,0,6.6702E+20,5.2599E+21,1.12165E+16,4.74711E+16
188372,9,5,74,123,2018,10,15,6,3,0,4,0,1,0,1,0,0,0,0,6.60401E+20,5.47187E+21,1.12099E+16,4.93784E+16
188373,9,1,89,155,2018,10,14,1,3,2,2,0,0,0,0,1,0,0,0,7.75254E+20,5.30717E+21,1.26802E+16,4.78588E+16
188374,9,1,62,0,2018,10,7,6,3,5,2,0,1,1,0,0,0,0,0,6.86243E+20,5.33265E+21,1.15026E+16,4.81198E+16
188375,9,1,87,165,2018,10,17,1,3,0,1,0,1,0,0,0,0,0,0,7.31783E+20,5.29859E+21,1.20953E+16,4.77989E+16
188376,9,1,62,0,2018,10,13,5,3,1,7,0,1,1,0,0,0,0,0,6.91561E+20,5.34132E+21,1.15779E+16,4.81962E+16
188377,9,1,61,0,2018,10,13,1,3,4,7,0,1,1,0,0,0,0,0,6.79072E+20,5.39971E+21,1.1435E+16,4.87246E+16
188378,9,6,61,0,2018,10,11,6,3,2,6,0,0,1,0,0,0,0,0,5.10919E+20,5.53508E+21,9.15226E+15,4.9968E+16
188379,9,1,76,139,2018,10,16,1,2,0,1,0,1,0,0,0,0,0,0,6.87369E+20,5.41638E+21,1.15553E+16,4.88721E+16
188380,9,1,76,123,2018,10,17,1,3,0,5,0,1,1,0,0,0,0,0,6.61264E+20,5.41718E+21,1.11999E+16,4.88866E+16
188381,9,1,84,138,2018,10,13,5,3,3,6,0,1,1,0,0,0,0,0,6.81497E+20,5.33032E+21,1.14379E+16,4.81003E+16
188382,9,1,88,139,2018,10,16,1,3,3,6,0,1,1,0,0,0,0,0,6.76722E+20,5.31858E+21,1.1369E+16,4.79961E+16
188383,9,7,78,121,2018,10,18,6,3,5,3,0,0,1,0,0,0,1,0,6.04182E+20,5.33324E+21,1.04005E+16,4.81439E+16
188384,9,1,79,118,2018,10,11,1,3,5,3,0,0,1,0,0,0,0,0,6.72433E+20,5.33763E+21,1.13192E+16,4.81685E+16
188385,9,1,62,0,2018,10,18,5,2,5,2,1,1,1,0,0,0,0,0,6.86892E+20,5.33917E+21,1.15142E+16,4.81783E+16
188386,9,1,81,130,2018,10,14,1,2,0,1,0,1,0,0,0,0,0,0,6.38877E+20,5.32274E+21,1.08633E+16,4.80428E+16
188387,9,5,64,0,2018,10,15,6,2,5,3,0,1,1,0,0,0,0,0,6.49415E+20,5.48204E+21,1.10624E+16,4.94726E+16
188388,9,1,81,143,2018,10,10,1,2,0,1,0,1,0,0,0,0,0,0,6.39721E+20,5.31594E+21,1.08724E+16,4.79815E+16
188389,9,1,62,0,2018,10,9,5,3,2,2,0,0,1,0,0,0,0,0,6.87877E+20,5.33412E+21,1.15252E+16,4.81326E+16
188390,9,1,62,0,2018,10,14,6,3,4,6,0,1,1,0,0,0,0,0,6.92637E+20,5.33417E+21,1.15891E+16,4.81316E+16
188391,9,1,81,132,2018,10,11,1,3,0,1,0,0,1,0,0,0,0,0,6.43588E+20,5.3261E+21,1.09276E+16,4.8072E+16
188392,9,1,62,0,2018,10,10,5,3,1,5,0,1,0,0,0,0,1,0,6.86261E+20,5.33162E+21,1.15024E+16,4.81105E+16
188393,9,1,81,114,2018,10,13,1,3,4,2,0,1,0,0,0,0,1,0,6.55906E+20,5.3117E+21,1.10876E+16,4.79396E+16
188394,9,1,62,0,2018,10,18,5,2,0,1,1,1,0,0,0,0,0,0,6.97E+20,5.33524E+21,1.16482E+16,4.81399E+16