OBJECTID_1,ULAND,UREGBEZ,UKREIS,UGEMEINDE,UJAHR,UMONAT,USTUNDE,UWOCHENTAG,UKATEGORIE,UART,UTYP1,ULICHTVERH,IstRad,IstPKW,IstFuss,IstKrad,IstGkfz,IstSonstig,STRZUSTAND,LINREFX,LINREFY,XGCSWGS84,YGCSWGS84
188395,9,1,74,115,2018,10,21,1,3,0,1,2,0,0,0,1,0,0,0,6.81043E+20,5.3481E+21,1.14394E+16,4.82602E+16
188396,9,7,63,0,2018,10,11,6,3,6,4,0,0,1,1,0,0,0,0,6.00322E+20,5.28524E+21,1.03375E+16,4.77128E+16
188397,9,1,75,133,2018,10,17,1,3,5,3,0,1,0,0,0,0,0,0,7.06156E+20,5.3404E+21,1.17736E+16,4.81834E+16
188398,9,1,62,0,2018,10,1,7,3,3,4,2,0,1,1,0,0,0,0,6.91329E+20,5.33527E+21,1.1572E+16,4.81419E+16
188399,9,5,71,199,2018,10,18,6,2,9,1,0,0,0,0,1,0,0,0,5.88782E+20,5.44667E+21,1.02179E+16,4.91664E+16
188400,9,1,62,0,2018,10,16,7,3,5,3,0,0,1,0,0,0,0,0,6.91196E+20,5.34165E+21,1.15731E+16,4.81993E+16
188401,9,1,62,0,2018,10,20,5,2,0,1,2,1,0,0,0,0,0,0,6.93001E+20,5.33384E+21,1.15938E+16,4.81285E+16
188402,9,1,84,149,2018,10,11,6,2,5,3,0,1,1,0,0,0,0,0,6.90389E+20,5.3506E+21,1.15663E+16,4.828E+16
188403,9,1,62,0,2018,10,10,7,3,5,2,0,1,1,0,0,0,0,0,6.95658E+20,5.33089E+21,1.16282E+16,4.81012E+16
188404,9,1,62,0,2018,10,17,5,3,0,7,0,0,0,0,0,0,1,0,6.89062E+20,5.33274E+21,1.15405E+16,4.81199E+16
188405,9,1,62,0,2018,10,9,7,3,3,5,0,1,1,0,0,0,0,0,6.90211E+20,5.33328E+21,1.15561E+16,4.81243E+16
188406,9,7,72,163,2018,10,7,6,3,5,3,0,1,1,0,0,0,0,0,6.40938E+20,5.34839E+21,1.08994E+16,4.8273E+16
188407,9,1,62,0,2018,10,14,7,3,5,3,0,0,1,0,0,0,0,0,6.94341E+20,5.34171E+21,1.16154E+16,4.81989E+16
188408,9,1,62,0,2018,10,16,7,3,4,3,0,1,1,0,0,0,0,0,6.8546E+20,5.33909E+21,1.14949E+16,4.8178E+16
188409,9,1,62,0,2018,10,7,5,3,5,3,0,1,1,0,0,0,0,0,6.92292E+20,5.33678E+21,1.15857E+16,4.81552E+16
188410,9,1,62,0,2018,10,13,7,3,2,6,0,1,1,0,0,0,0,0,6.92287E+20,5.33278E+21,1.15838E+16,4.81192E+16
188411,9,7,80,124,2018,10,9,6,3,5,3,0,0,1,0,0,0,0,0,5.9196E+20,5.2679E+21,1.02224E+16,4.7558E+16
188412,9,1,62,0,2018,10,20,7,2,6,4,2,0,1,1,0,0,0,0,6.96996E+20,5.33157E+21,1.16464E+16,4.81069E+16
188413,9,1,62,0,2018,10,19,7,3,1,5,2,0,1,0,1,0,0,0,6.91111E+20,5.33323E+21,1.15682E+16,4.81236E+16
188414,9,4,71,207,2018,10,13,6,3,1,7,0,0,1,0,0,0,1,0,6.27364E+20,5.53162E+21,1.07744E+16,4.99234E+16
188415,9,1,62,0,2018,10,13,7,3,0,4,0,1,0,1,0,0,0,0,6.8976E+20,5.34111E+21,1.15536E+16,4.81948E+16
188416,9,1,62,0,2018,10,16,5,3,5,7,0,0,1,0,1,0,0,0,6.90526E+20,5.33474E+21,1.1561E+16,4.81374E+16
188417,9,1,62,0,2018,10,16,6,3,4,2,0,0,1,0,1,0,0,0,6.90795E+20,5.34226E+21,1.1568E+16,4.82049E+16
188418,9,1,62,0,2018,10,15,7,3,3,7,0,1,0,0,0,0,0,0,6.92592E+20,5.33807E+21,1.15903E+16,4.81666E+16
188419,9,7,75,135,2018,10,12,5,3,8,7,0,1,0,0,0,0,0,0,5.77277E+20,5.36261E+21,1.00443E+16,4.84119E+16
188420,9,1,62,0,2018,10,6,7,2,8,6,2,0,0,0,1,0,0,0,6.91373E+20,5.33195E+21,1.15711E+16,4.81121E+16
188421,9,7,61,0,2018,10,12,6,3,5,3,0,0,1,0,1,0,0,0,6.39535E+20,5.35989E+21,1.08844E+16,4.83767E+16
188422,9,1,84,149,2018,10,11,7,3,6,4,0,0,1,1,0,0,0,0,6.90351E+20,5.34986E+21,1.15655E+16,4.82733E+16
188423,9,1,80,117,2018,10,9,6,2,5,3,0,1,1,0,0,0,0,0,6.5805E+20,5.26196E+21,1.10983E+16,4.74919E+16
188424,9,1,62,0,2018,10,15,7,3,5,3,0,1,1,0,0,0,0,0,6.89418E+20,5.33609E+21,1.15467E+16,4.81498E+16
188425,9,3,71,141,2018,10,16,6,3,0,3,0,1,1,0,0,0,0,0,6.90401E+20,5.49298E+21,1.16329E+16,4.95595E+16
188426,9,1,62,0,2018,10,22,7,3,1,5,2,1,1,0,0,0,0,0,6.85703E+20,5.33242E+21,1.14952E+16,4.81179E+16
188427,9,7,75,162,2018,10,21,5,3,0,3,2,0,1,0,1,0,0,1,5.80033E+20,5.34773E+21,1.00787E+16,4.82778E+16
188428,9,1,84,147,2018,10,11,7,3,5,6,0,0,1,0,0,0,0,0,6.97308E+20,5.33983E+21,1.16544E+16,4.8181E+16
188429,9,1,84,134,2018,10,17,6,3,0,1,0,1,0,0,0,0,0,0,6.91965E+20,5.32238E+21,1.15748E+16,4.80258E+16
188430,9,1,62,0,2018,10,17,7,3,0,7,0,1,1,0,0,0,0,0,6.93783E+20,5.33193E+21,1.16035E+16,4.81111E+16
188431,9,7,74,121,2018,10,8,5,3,5,3,0,0,1,0,0,0,0,0,6.03622E+20,5.36566E+21,1.0401E+16,4.84355E+16
188432,9,7,74,119,2018,10,13,7,3,0,6,0,0,0,0,1,1,0,0,5.88478E+20,5.36428E+21,1.0196E+16,4.84254E+16
188433,9,5,72,135,2018,10,11,6,2,5,3,0,0,1,0,0,0,1,0,6.32336E+20,5.50743E+21,1.08354E+16,4.97048E+16
188434,9,7,78,116,2018,10,15,7,3,5,3,0,1,1,0,0,0,0,0,6.18558E+20,5.31769E+21,1.05894E+16,4.80015E+16
188435,9,7,78,203,2018,10,11,7,3,0,7,0,1,0,0,0,0,0,0,6.22059E+20,5.32447E+21,1.06383E+16,4.80618E+16
188436,9,7,63,0,2018,10,14,5,3,5,3,0,0,1,0,1,0,0,0,5.98676E+20,5.28698E+21,1.03159E+16,4.77286E+16
188437,9,7,63,0,2018,10,16,7,3,2,6,0,0,1,0,1,0,0,0,5.99681E+20,5.287E+21,1.03293E+16,4.77287E+16
188438,9,7,64,0,2018,10,9,6,3,5,3,0,1,1,0,0,0,0,0,5.87397E+20,5.31514E+21,1.01713E+16,4.79836E+16
188439,9,7,77,169,2018,10,13,7,2,4,6,0,1,0,0,0,0,0,0,6.30916E+20,5.27115E+21,1.0741E+16,4.75805E+16
188440,9,7,73,116,2018,10,15,5,3,0,1,0,0,0,0,1,0,0,0,6.21005E+20,5.37922E+21,1.06398E+16,4.85544E+16
188441,9,7,77,121,2018,10,17,7,3,0,1,0,1,0,0,0,0,0,0,6.31128E+20,5.32074E+21,1.07588E+16,4.80265E+16
188442,9,7,73,144,2018,10,17,5,3,5,3,1,1,1,0,0,0,0,0,6.04934E+20,5.38034E+21,1.04224E+16,4.85673E+16
188443,9,7,73,144,2018,10,9,7,3,5,3,0,1,1,0,0,0,0,0,6.05372E+20,5.38079E+21,1.04284E+16,4.85714E+16
188444,9,1,62,0,2018,10,18,6,3,3,6,1,0,1,0,1,0,0,0,6.89136E+20,5.33338E+21,1.15417E+16,4.81256E+16
188445,9,7,71,130,2018,10,13,7,3,2,6,0,0,1,0,0,0,0,0,6.45626E+20,5.35752E+21,1.09657E+16,4.8354E+16
188446,9,7,73,144,2018,10,21,5,3,3,6,2,0,1,0,1,0,0,0,6.05821E+20,5.381E+21,1.04346E+16,4.85731E+16
188447,9,7,61,0,2018,10,16,7,3,4,3,0,1,1,0,0,0,0,0,6.41511E+20,5.35821E+21,1.09105E+16,4.83612E+16
188448,9,5,64,0,2018,10,14,6,3,0,1,0,0,0,0,1,0,0,0,6.56732E+20,5.47438E+21,1.11603E+16,4.9402E+16
188449,9,7,61,0,2018,10,18,7,3,5,1,1,1,1,0,0,0,0,0,6.4189E+20,5.35752E+21,1.09153E+16,4.83549E+16
188450,9,7,72,163,2018,10,7,5,3,0,1,0,1,0,0,0,0,0,0,6.39901E+20,5.34726E+21,1.08851E+16,4.82631E+16
188451,9,1,79,142,2018,10,12,7,3,0,2,0,0,1,0,1,0,0,0,6.73049E+20,5.34103E+21,1.13289E+16,4.81989E+16
188452,9,7,61,0,2018,10,18,7,3,1,1,0,0,1,0,1,0,0,0,6.40114E+20,5.3573E+21,1.08913E+16,4.83534E+16
188453,9,7,72,186,2018,10,6,5,3,1,2,2,1,0,0,0,1,0,0,6.37898E+20,5.34446E+21,1.08572E+16,4.82384E+16
188454,9,6,79,180,2018,10,9,7,3,5,2,0,0,1,0,1,0,0,0,5.69115E+20,5.52346E+21,9.9616E+15,4.98595E+16
188455,9,7,76,120,2018,10,15,6,3,4,2,0,1,1,0,0,0,0,0,5.45849E+20,5.26948E+21,9.60967E+15,4.75772E+16
188456,9,6,63,0,2018,10,12,7,3,0,1,0,1,0,0,0,0,0,0,5.67865E+20,5.51588E+21,9.94289E+15,4.97915E+16
188457,9,6,63,0,2018,10,13,7,3,5,2,0,1,1,0,0,0,0,0,5.67983E+20,5.51638E+21,9.94461E+15,4.9796E+16
188458,9,4,76,178,2018,10,10,6,3,2,6,0,0,1,0,0,0,0,0,6.62619E+20,5.57496E+21,1.12836E+16,5.03043E+16
188459,9,6,79,170,2018,10,11,7,3,5,2,0,1,1,0,0,0,0,0,5.76562E+20,5.50203E+21,1.0061E+16,4.96659E+16
188460,9,7,61,0,2018,10,12,5,3,0,2,0,0,1,1,0,0,0,0,6.40946E+20,5.35828E+21,1.09029E+16,4.83619E+16
188461,9,6,73,114,2018,10,15,7,3,1,7,0,1,1,0,0,0,0,0,5.853E+20,5.57495E+21,1.01982E+16,5.03204E+16
188462,9,5,64,0,2018,10,18,6,3,0,1,1,1,0,0,0,0,0,0,6.51062E+20,5.47977E+21,1.10843E+16,4.94518E+16
188463,9,6,72,114,2018,10,12,7,3,0,6,0,0,1,0,1,0,0,0,5.77225E+20,5.55795E+21,1.00814E+16,5.01687E+16
188464,9,7,61,0,2018,10,12,5,3,6,7,0,0,1,1,0,0,0,0,6.41038E+20,5.35973E+21,1.09046E+16,4.8375E+16
188465,9,1,62,0,2018,10,11,6,3,5,6,0,0,1,0,0,0,0,0,6.8958E+20,5.33259E+21,1.15474E+16,4.81184E+16
188466,9,6,61,0,2018,10,8,7,3,0,1,0,0,0,0,1,0,0,0,5.08533E+20,5.53578E+21,9.119E+15,4.99743E+16
188467,9,7,61,0,2018,10,8,5,2,6,2,0,0,1,1,0,0,0,0,6.41061E+20,5.35921E+21,1.09047E+16,4.83703E+16
188468,9,6,61,0,2018,10,1,7,3,5,5,2,1,1,0,0,0,0,0,5.10292E+20,5.5364E+21,9.14355E+15,4.99798E+16
188469,9,7,79,231,2018,10,16,6,2,8,1,0,0,0,0,1,0,0,0,6.31117E+20,5.41697E+21,1.07888E+16,4.88918E+16
188470,9,6,71,134,2018,10,15,7,3,3,6,0,1,0,0,0,0,0,0,5.00672E+20,5.54767E+21,9.00939E+15,5.00813E+16
188471,9,4,64,0,2018,10,9,5,2,5,3,0,0,1,0,1,0,0,0,7.0772E+20,5.57475E+21,1.19161E+16,5.02882E+16
188472,9,5,76,143,2018,10,15,7,3,6,4,0,0,1,1,0,0,0,0,6.51835E+20,5.45801E+21,1.10867E+16,4.9256E+16
188473,9,3,75,174,2018,10,20,6,3,5,3,2,0,1,0,0,1,0,0,7.35273E+20,5.43156E+21,1.22164E+16,4.8992E+16
188474,9,5,74,156,2018,10,16,7,3,0,1,0,1,0,0,0,0,0,0,6.59547E+20,5.48316E+21,1.12026E+16,4.94801E+16
188475,9,6,63,0,2018,10,10,5,2,0,1,0,1,0,0,0,0,0,0,5.68148E+20,5.51596E+21,9.94683E+15,4.97922E+16
188476,9,1,62,0,2018,10,15,6,3,5,2,0,1,1,0,0,0,0,0,6.86257E+20,5.33178E+21,1.15024E+16,4.8112E+16
188477,9,5,74,135,2018,10,17,7,3,6,4,0,1,0,1,0,0,0,0,6.76215E+20,5.49298E+21,1.14369E+16,4.95637E+16
188478,9,6,63,0,2018,10,15,5,3,2,6,0,0,1,0,0,0,0,0,5.63525E+20,5.51752E+21,9.88287E+15,4.98067E+16
188479,9,1,62,0,2018,10,12,6,3,5,2,0,0,1,0,0,0,1,0,6.86901E+20,5.33645E+21,1.15131E+16,4.81538E+16
188480,9,5,74,112,2018,10,13,7,3,8,1,0,1,0,0,0,0,0,0,6.70757E+20,5.47284E+21,1.13528E+16,4.93843E+16
188481,9,6,77,203,2018,10,12,5,2,0,3,0,1,0,0,0,1,0,0,5.59336E+20,5.527E+21,9.82611E+15,4.98925E+16
188482,9,5,64,0,2018,10,15,7,3,5,3,0,1,1,0,0,0,0,0,6.51119E+20,5.47865E+21,1.10847E+16,4.94417E+16
188483,9,7,61,0,2018,10,16,6,3,5,3,0,0,1,0,0,0,1,0,6.38509E+20,5.35924E+21,1.08703E+16,4.83711E+16
188484,9,5,73,127,2018,10,9,7,3,4,2,0,0,1,0,0,0,0,0,6.46207E+20,5.47399E+21,1.10152E+16,4.9401E+16
188485,9,5,71,193,2018,10,15,7,3,3,2,0,1,1,0,0,0,0,0,5.86362E+20,5.4692E+21,1.01896E+16,4.93694E+16
188486,9,2,61,0,2018,10,18,6,2,0,7,2,1,0,0,0,0,0,0,7.32733E+20,5.38148E+21,1.21534E+16,4.85432E+16
188487,9,5,61,0,2018,10,11,7,3,0,1,0,1,0,0,0,0,0,0,6.13392E+20,5.46252E+21,1.05599E+16,4.93049E+16
188488,9,6,74,147,2018,10,17,5,2,2,6,0,0,1,0,1,0,0,0,6.09507E+20,5.54424E+21,1.05293E+16,5.00403E+16
188489,9,5,61,0,2018,10,16,7,3,7,7,0,0,1,1,0,0,0,0,6.06913E+20,5.45985E+21,1.047E+16,4.9282E+16
188490,9,1,62,0,2018,10,9,6,3,6,4,0,0,1,1,0,0,0,0,6.92292E+20,5.33275E+21,1.15838E+16,4.8119E+16
188491,9,4,78,139,2018,10,14,7,3,4,6,0,1,0,0,0,0,0,0,6.48144E+20,5.55801E+21,1.10739E+16,5.01558E+16
188492,9,5,72,135,2018,10,7,5,2,4,6,0,0,1,0,1,0,0,0,6.30588E+20,5.50805E+21,1.08114E+16,4.97107E+16
188493,9,4,78,127,2018,10,4,7,1,0,7,2,0,1,1,0,0,0,0,6.55005E+20,5.55605E+21,1.11691E+16,5.01364E+16
188494,9,5,74,112,2018,10,12,6,3,5,3,0,0,1,0,1,0,0,0,6.72391E+20,5.47134E+21,1.13747E+16,4.93703E+16
188495,9,4,62,0,2018,10,15,7,2,5,3,0,1,1,0,0,0,0,0,6.86419E+20,5.53767E+21,1.15993E+16,4.99622E+16
188496,9,5,72,131,2018,10,6,5,3,5,3,1,0,1,0,0,0,0,0,6.55675E+20,5.48811E+21,1.11512E+16,4.95256E+16
188497,9,4,74,176,2018,10,16,7,2,0,1,0,1,0,0,0,0,0,0,6.61991E+20,5.52119E+21,1.12521E+16,4.98213E+16
188498,9,6,72,114,2018,10,17,6,3,6,7,0,0,1,1,0,0,0,0,5.76932E+20,5.5613E+21,1.00779E+16,5.01989E+16
188499,9,4,71,111,2018,10,9,7,2,8,1,0,0,0,0,1,0,0,0,6.44313E+20,5.51767E+21,1.10052E+16,4.97941E+16
188500,9,1,83,148,2018,10,12,6,3,4,2,0,1,1,0,0,0,0,0,7.53123E+20,5.34462E+21,1.2407E+16,4.82043E+16
188501,9,4,61,0,2018,10,12,7,3,3,2,0,1,0,0,0,0,1,0,6.35917E+20,5.52834E+21,1.08923E+16,4.9892E+16
188502,9,5,72,142,2018,10,20,5,2,0,1,2,1,0,0,0,0,0,0,6.44673E+20,5.50182E+21,1.10043E+16,4.96515E+16
188503,9,2,76,120,2018,10,9,7,2,6,4,0,0,1,1,0,0,0,0,7.92827E+20,5.44704E+21,1.30125E+16,4.91064E+16
188504,9,7,78,173,2018,10,12,6,3,6,1,0,0,0,1,1,0,0,1,6.10934E+20,5.32158E+21,1.04882E+16,4.80379E+16
188505,9,2,63,0,2018,10,15,7,3,5,3,0,1,1,0,0,0,0,0,7.62966E+20,5.42011E+21,1.25868E+16,4.88781E+16
188506,9,5,74,132,2018,10,7,5,3,1,6,0,0,1,0,0,1,0,0,6.74907E+20,5.48674E+21,1.14161E+16,4.9508E+16
188507,9,2,62,0,2018,10,14,7,3,5,3,0,0,1,0,0,0,0,0,8.26838E+20,5.39006E+21,1.34318E+16,4.85783E+16
188508,9,5,64,0,2018,10,13,6,3,5,2,0,0,1,0,0,0,1,0,6.49898E+20,5.48146E+21,1.10689E+16,4.94673E+16
188509,9,2,77,116,2018,10,23,7,2,6,6,2,0,1,1,0,0,0,0,7.79766E+20,5.36767E+21,1.27801E+16,4.84E+16
188510,9,5,74,123,2018,10,17,5,2,0,7,0,0,1,0,0,0,0,0,6.60804E+20,5.47128E+21,1.12152E+16,4.9373E+16
188511,9,1,62,0,2018,10,16,6,3,6,4,0,0,1,1,0,0,0,0,6.90528E+20,5.33482E+21,1.15611E+16,4.81381E+16
188512,9,1,73,145,2018,10,18,7,3,9,1,1,0,0,0,1,0,0,0,6.90787E+20,5.28972E+21,1.15446E+16,4.77326E+16
188513,9,5,63,0,2018,10,7,5,3,5,3,0,1,1,0,0,0,0,0,6.42325E+20,5.48243E+21,1.09648E+16,4.94779E+16
188514,9,1,89,157,2018,10,15,7,1,6,4,0,0,0,1,0,1,0,0,7.65631E+20,5.32574E+21,1.25632E+16,4.80296E+16
188515,9,7,62,0,2018,10,10,6,3,3,6,0,0,1,0,0,0,0,0,6.21204E+20,5.30466E+21,1.06212E+16,4.78838E+16
188516,9,1,89,129,2018,10,9,7,2,6,4,0,0,1,1,0,0,0,0,7.59591E+20,5.29566E+21,1.24643E+16,4.7762E+16
188517,9,5,64,0,2018,10,12,5,3,2,6,0,0,1,0,0,0,0,0,6.50393E+20,5.47918E+21,1.10748E+16,4.94466E+16
188518,9,1,71,112,2018,10,14,7,2,5,3,0,1,0,0,0,0,0,0,7.8413E+20,5.34386E+21,1.28229E+16,4.81844E+16
188519,9,7,74,135,2018,10,15,6,3,4,2,0,0,1,0,0,0,0,0,5.94636E+20,5.368E+21,1.028E+16,4.8458E+16
188520,9,1,63,0,2018,10,18,7,3,1,1,0,0,1,0,1,0,0,0,7.32674E+20,5.30439E+21,1.21103E+16,4.78507E+16
188521,9,1,87,138,2018,10,13,7,2,4,6,0,1,0,0,0,0,0,0,7.54403E+20,5.30831E+21,1.24026E+16,4.78776E+16
188522,9,5,77,161,2018,10,8,6,3,1,7,0,0,1,0,0,0,0,0,6.45234E+20,5.44105E+21,1.09899E+16,4.91051E+16
188523,9,5,64,0,2018,10,7,5,3,5,3,0,1,1,0,0,0,0,0,6.56515E+20,5.4815E+21,1.11602E+16,4.9466E+16
188524,9,1,84,138,2018,10,17,6,3,5,2,0,0,1,0,0,0,0,0,6.82323E+20,5.33134E+21,1.14494E+16,4.81092E+16
188525,9,1,87,168,2018,10,18,7,3,0,7,0,1,0,0,0,0,0,0,7.49555E+20,5.30829E+21,1.23379E+16,4.78794E+16
188526,9,5,64,0,2018,10,14,5,3,0,1,0,1,0,0,0,0,0,0,6.54487E+20,5.47764E+21,1.11307E+16,4.94318E+16
188527,9,1,86,152,2018,10,17,7,3,0,1,0,1,0,0,0,0,0,0,6.93111E+20,5.37332E+21,1.16134E+16,4.84833E+16
188528,9,7,72,125,2018,10,5,6,3,4,6,2,1,0,0,0,0,0,0,6.34959E+20,5.34942E+21,1.08192E+16,4.82836E+16
188529,9,1,85,149,2018,10,23,7,3,8,1,2,0,1,0,0,0,0,0,6.59831E+20,5.39878E+21,1.11732E+16,4.87215E+16
188530,9,4,78,139,2018,10,17,5,3,2,6,0,0,1,0,0,0,0,0,6.46807E+20,5.5565E+21,1.10546E+16,5.01426E+16
188531,9,3,73,113,2018,10,17,6,3,4,6,0,0,1,0,0,0,1,0,6.77886E+20,5.4675E+21,1.14486E+16,4.93342E+16
188532,9,7,72,163,2018,10,18,3,2,0,1,1,0,0,0,1,0,0,0,6.40897E+20,5.34991E+21,1.08994E+16,4.82867E+16
188533,9,7,61,0,2018,10,9,3,3,0,2,0,0,1,0,0,0,1,0,6.41715E+20,5.35996E+21,1.09138E+16,4.83769E+16
188534,9,7,61,0,2018,10,13,3,3,4,2,0,1,1,0,0,0,0,0,6.39872E+20,5.35986E+21,1.08889E+16,4.83764E+16
188535,9,6,63,0,2018,10,9,3,3,1,6,0,0,1,0,1,0,0,0,5.69217E+20,5.51852E+21,9.96214E+15,4.98151E+16
188536,9,6,63,0,2018,10,6,3,3,4,6,2,0,1,0,0,0,0,0,5.63963E+20,5.5178E+21,9.88899E+15,4.98093E+16
188537,9,6,63,0,2018,10,9,3,3,1,2,0,0,1,0,0,0,0,0,5.70199E+20,5.51688E+21,9.97548E+15,4.98002E+16
188538,9,6,62,0,2018,10,13,3,3,2,6,0,0,1,0,0,0,0,0,5.86524E+20,5.54441E+21,1.02085E+16,5.00457E+16
188539,9,6,62,0,2018,10,12,3,2,5,3,0,0,1,0,1,0,0,0,5.86484E+20,5.54465E+21,1.0208E+16,5.00479E+16
188540,9,6,62,0,2018,10,16,3,3,0,1,0,0,1,1,0,0,0,0,5.88344E+20,5.54384E+21,1.02337E+16,5.00403E+16
188541,9,6,71,130,2018,10,12,3,2,1,6,0,0,1,0,1,0,0,0,5.14761E+20,5.53971E+21,9.20601E+15,5.00095E+16
188542,9,5,62,0,2018,10,11,3,3,1,6,0,0,1,0,0,0,0,0,6.44771E+20,5.4923E+21,1.10021E+16,4.95659E+16
188543,9,1,62,0,2018,10,12,1,3,0,7,0,1,0,0,0,0,0,0,6.88623E+20,5.33648E+21,1.15362E+16,4.81536E+16
188544,9,5,62,0,2018,10,10,3,3,2,6,0,0,1,0,0,0,0,0,6.42234E+20,5.49326E+21,1.09674E+16,4.95752E+16
188545,9,5,76,143,2018,10,12,3,3,0,7,0,1,0,0,0,0,0,0,6.5637E+20,5.45388E+21,1.11473E+16,4.92177E+16
188546,9,5,74,112,2018,10,13,3,3,0,1,0,1,0,0,0,0,0,0,6.71473E+20,5.47363E+21,1.1363E+16,4.93912E+16
188547,9,5,63,0,2018,10,16,3,3,5,3,0,1,1,0,0,0,0,0,6.44905E+20,5.48155E+21,1.10001E+16,4.94693E+16
188548,9,5,64,0,2018,10,17,3,2,0,1,0,0,0,0,1,0,0,0,6.49904E+20,5.48042E+21,1.10686E+16,4.94579E+16
188549,9,5,64,0,2018,10,16,3,3,5,3,0,1,1,0,0,0,0,0,6.50875E+20,5.48052E+21,1.1082E+16,4.94585E+16
188550,9,5,64,0,2018,10,8,3,3,2,6,0,1,1,0,0,0,0,0,6.54285E+20,5.4792E+21,1.11285E+16,4.94458E+16
188551,9,5,64,0,2018,10,13,3,3,6,7,0,0,1,1,0,0,0,0,6.51981E+20,5.47906E+21,1.10967E+16,4.94451E+16
188552,9,5,64,0,2018,10,14,3,3,5,7,0,1,1,0,0,0,0,0,6.4949E+20,5.48073E+21,1.1063E+16,4.94608E+16
188553,9,5,64,0,2018,10,8,3,3,4,2,0,0,1,0,1,0,0,0,6.46812E+20,5.4817E+21,1.10264E+16,4.94702E+16
188554,9,5,77,177,2018,10,16,3,3,5,3,0,1,1,0,0,0,0,0,6.43937E+20,5.43444E+21,1.09698E+16,4.9046E+16
188555,9,5,71,145,2018,10,17,3,2,1,7,0,0,1,0,0,0,0,0,5.97276E+20,5.44858E+21,1.03348E+16,4.91823E+16
188556,9,5,61,0,2018,10,10,3,3,5,3,0,0,1,0,0,0,0,0,6.17243E+20,5.46151E+21,1.06125E+16,4.92951E+16
188557,9,5,61,0,2018,10,13,3,3,5,3,0,1,1,0,0,0,0,0,6.13736E+20,5.46171E+21,1.05644E+16,4.92976E+16
188558,9,4,75,156,2018,10,12,3,3,0,7,0,0,0,0,1,0,1,0,6.92071E+20,5.57909E+21,1.16989E+16,5.03325E+16
188559,9,4,61,0,2018,10,16,3,3,5,3,0,0,1,0,0,0,1,0,6.37149E+20,5.52969E+21,1.09099E+16,4.99039E+16
188560,9,4,61,0,2018,10,9,3,3,5,3,0,0,1,0,1,0,0,0,6.33635E+20,5.52663E+21,1.086E+16,4.98771E+16
188561,9,3,63,0,2018,10,6,3,3,5,3,2,0,1,0,0,0,1,0,7.28109E+20,5.50766E+21,1.21621E+16,4.96783E+16
188562,9,3,72,171,2018,10,9,3,2,6,4,0,0,1,1,0,0,0,0,7.68725E+20,5.47599E+21,1.27024E+16,4.93772E+16
188563,9,1,62,0,2018,10,14,1,2,1,3,0,1,1,0,0,0,0,0,6.87096E+20,5.32743E+21,1.15118E+16,4.80726E+16
188564,9,3,72,153,2018,10,18,3,3,6,7,1,0,1,1,0,0,0,0,7.5476E+20,5.4603E+21,1.25004E+16,4.92424E+16
188565,9,3,62,0,2018,10,17,3,3,5,2,1,1,1,0,0,0,0,0,7.26069E+20,5.43521E+21,1.20928E+16,4.90283E+16
188566,9,3,62,0,2018,10,9,3,3,2,6,0,0,1,0,0,0,0,0,7.26729E+20,5.43545E+21,1.21019E+16,4.90302E+16
188567,9,7,64,0,2018,10,1,1,3,9,1,2,0,1,0,0,0,0,0,5.85663E+20,5.31036E+21,1.01471E+16,4.79408E+16
188568,9,3,73,167,2018,10,13,3,2,0,7,0,0,1,0,0,0,0,0,6.92303E+20,5.45427E+21,1.16405E+16,4.92111E+16
188569,9,3,73,140,2018,10,17,3,2,8,1,0,0,0,0,0,0,1,0,6.86234E+20,5.4752E+21,1.1567E+16,4.9401E+16
188570,9,3,73,147,2018,10,15,3,3,5,3,0,0,1,0,0,0,0,0,6.78793E+20,5.46097E+21,1.14581E+16,4.92753E+16
188571,9,3,71,151,2018,10,7,3,2,8,2,0,1,1,0,0,0,0,0,6.97566E+20,5.487E+21,1.17289E+16,4.95034E+16
188572,9,3,61,0,2018,10,10,3,2,8,1,0,0,0,0,1,0,0,0,7.0854E+20,5.48117E+21,1.18772E+16,4.94474E+16
188573,9,3,61,0,2018,10,10,3,2,5,7,0,1,1,0,0,0,0,0,7.06867E+20,5.48089E+21,1.1854E+16,4.94455E+16
188574,9,2,78,123,2018,10,7,3,3,5,3,1,0,1,0,0,0,0,0,7.46788E+20,5.41174E+21,1.23615E+16,4.88096E+16
188575,9,2,63,0,2018,10,5,3,3,0,1,2,1,0,0,0,0,0,0,7.61529E+20,5.42042E+21,1.25675E+16,4.88815E+16
188576,9,2,71,119,2018,10,17,3,3,5,7,0,1,1,0,0,0,0,0,7.90496E+20,5.41747E+21,1.29596E+16,4.88421E+16
188577,9,1,62,0,2018,10,12,4,3,0,1,0,1,0,0,0,0,0,0,6.91475E+20,5.33733E+21,1.15749E+16,4.81603E+16
188578,9,2,77,114,2018,10,16,3,3,2,6,0,1,1,0,0,0,0,0,7.94595E+20,5.38034E+21,1.29889E+16,4.8507E+16