OBJECTID_1,ULAND,UREGBEZ,UKREIS,UGEMEINDE,UJAHR,UMONAT,USTUNDE,UWOCHENTAG,UKATEGORIE,UART,UTYP1,ULICHTVERH,IstRad,IstPKW,IstFuss,IstKrad,IstGkfz,IstSonstig,STRZUSTAND,LINREFX,LINREFY,XGCSWGS84,YGCSWGS84
188579,9,1,62,0,2018,10,14,4,3,5,3,0,1,1,0,0,0,0,0,6.88756E+20,5.33835E+21,1.15389E+16,4.81703E+16
188580,9,2,75,141,2018,10,16,3,2,5,3,0,1,1,0,0,0,0,0,8.18529E+20,5.36954E+21,1.33038E+16,4.83984E+16
188581,9,1,62,0,2018,10,16,4,3,2,6,0,0,1,0,1,0,0,0,6.8952E+20,5.33098E+21,1.15458E+16,4.81039E+16
188582,9,2,72,138,2018,10,15,3,3,0,7,0,0,0,1,0,0,1,0,8.24125E+20,5.41498E+21,1.34146E+16,4.88032E+16
188583,9,1,84,120,2018,10,8,4,3,5,2,0,1,1,0,0,0,0,0,6.81011E+20,5.3335E+21,1.14327E+16,4.8129E+16
188584,9,1,62,0,2018,10,9,4,3,5,3,0,0,1,0,0,0,1,0,6.9459E+20,5.33417E+21,1.16153E+16,4.8131E+16
188585,9,2,74,184,2018,10,10,3,3,1,7,0,0,1,0,0,0,0,0,7.48016E+20,5.37168E+21,1.23543E+16,4.84493E+16
188586,9,1,84,132,2018,10,16,4,2,5,3,0,0,1,0,1,0,0,0,6.83115E+20,5.32947E+21,1.14592E+16,4.80922E+16
188587,9,2,79,122,2018,10,11,3,2,5,3,0,0,1,0,1,0,0,0,7.72184E+20,5.39883E+21,1.26982E+16,4.86831E+16
188588,9,1,62,0,2018,10,21,4,3,5,3,2,1,0,0,0,0,1,0,6.88601E+20,5.33568E+21,1.15356E+16,4.81463E+16
188589,9,2,73,152,2018,10,15,3,3,5,3,0,0,1,0,0,0,0,0,7.03449E+20,5.40966E+21,1.1771E+16,4.88066E+16
188590,9,1,90,157,2018,10,19,3,3,1,6,2,1,1,0,0,0,0,0,6.61082E+20,5.30115E+21,1.1153E+16,4.78435E+16
188591,9,1,62,0,2018,10,11,4,3,5,2,0,1,0,0,0,1,0,0,6.87944E+20,5.33433E+21,1.15262E+16,4.81345E+16
188592,9,1,90,114,2018,10,18,3,2,0,1,0,1,0,0,0,0,0,0,6.30488E+20,5.28371E+21,1.0739E+16,4.76936E+16
188593,9,1,62,0,2018,10,14,4,3,0,3,0,0,1,0,0,0,1,0,6.93829E+20,5.33408E+21,1.16051E+16,4.81304E+16
188594,9,1,80,124,2018,10,17,3,3,5,3,0,1,1,0,0,0,0,0,6.65659E+20,5.28223E+21,1.12069E+16,4.76722E+16
188595,9,1,80,122,2018,10,17,3,3,6,2,0,0,0,1,0,0,1,0,6.71412E+20,5.26359E+21,1.12762E+16,4.75031E+16
188596,9,1,62,0,2018,10,10,4,3,5,3,0,0,1,0,1,0,0,0,6.89701E+20,5.33457E+21,1.15499E+16,4.8136E+16
188597,9,1,89,154,2018,10,15,3,3,0,7,0,1,0,0,0,0,0,0,7.68541E+20,5.3188E+21,1.25978E+16,4.79661E+16
188598,9,1,62,0,2018,10,16,4,3,7,7,0,1,0,1,0,0,0,0,6.92764E+20,5.33831E+21,1.15927E+16,4.81688E+16
188599,9,1,62,0,2018,10,17,4,3,4,2,0,1,1,0,0,0,0,0,6.90863E+20,5.3372E+21,1.15666E+16,4.81593E+16
188600,9,1,83,128,2018,10,17,3,3,0,1,0,1,0,0,0,0,1,0,7.60754E+20,5.35052E+21,1.25131E+16,4.82542E+16
188601,9,1,62,0,2018,10,19,4,3,0,1,2,0,1,0,0,0,0,0,6.92226E+20,5.3355E+21,1.15842E+16,4.81437E+16
188602,9,1,63,0,2018,10,14,3,3,0,4,0,1,0,0,0,0,1,0,7.33829E+20,5.30593E+21,1.21266E+16,4.78641E+16
188603,9,7,75,135,2018,10,7,4,3,5,3,0,1,1,0,0,0,0,0,5.74385E+20,5.35947E+21,1.00047E+16,4.8384E+16
188604,9,1,87,118,2018,10,15,3,3,0,1,0,1,0,0,0,0,0,0,7.52799E+20,5.30018E+21,1.23764E+16,4.78053E+16
188605,9,7,75,152,2018,10,13,1,3,2,3,0,1,1,0,0,0,0,0,5.76716E+20,5.3534E+21,1.0035E+16,4.83291E+16
188606,9,1,87,122,2018,10,21,3,3,9,1,2,0,1,0,0,0,0,0,7.21095E+20,5.30624E+21,1.19567E+16,4.78714E+16
188607,9,7,64,0,2018,10,16,4,3,0,7,0,1,0,0,0,0,0,1,5.89498E+20,5.31629E+21,1.01996E+16,4.79936E+16
188608,9,1,87,179,2018,10,14,3,2,7,1,0,1,0,0,0,0,1,0,7.22632E+20,5.31505E+21,1.19818E+16,4.79501E+16
188609,9,7,75,129,2018,10,11,4,3,3,7,0,1,1,0,0,0,0,0,5.82203E+20,5.34168E+21,1.01068E+16,4.8223E+16
188610,9,1,88,139,2018,10,13,3,3,5,7,0,1,0,0,0,0,0,0,6.75973E+20,5.31864E+21,1.1359E+16,4.79968E+16
188611,9,7,63,0,2018,10,10,4,2,6,7,0,0,0,1,0,0,1,0,5.96675E+20,5.28799E+21,1.02895E+16,4.7738E+16
188612,9,7,80,133,2018,10,14,4,3,0,7,0,0,0,0,0,0,1,0,5.97624E+20,5.2509E+21,1.02939E+16,4.74043E+16
188613,9,1,88,121,2018,10,15,3,3,3,6,0,1,0,0,0,0,1,0,6.70603E+20,5.3306E+21,1.12918E+16,4.81058E+16
188614,9,7,76,116,2018,10,19,4,3,5,2,2,1,1,0,0,0,0,0,5.52021E+20,5.26694E+21,9.69143E+15,4.75538E+16
188615,9,1,88,120,2018,10,16,3,3,7,7,0,1,0,0,0,0,1,0,6.72695E+20,5.32486E+21,1.13176E+16,4.80536E+16
188616,9,7,62,0,2018,10,7,4,3,5,3,1,1,1,0,0,0,0,0,6.21734E+20,5.30421E+21,1.06282E+16,4.78796E+16
188617,9,1,74,115,2018,10,13,3,3,0,6,0,1,0,1,0,0,0,0,6.82281E+20,5.34767E+21,1.14559E+16,4.8256E+16
188618,9,1,74,115,2018,10,14,3,3,4,2,0,0,1,0,1,0,0,0,6.82284E+20,5.34777E+21,1.14559E+16,4.82569E+16
188619,9,7,79,194,2018,10,19,4,3,0,7,2,0,0,0,1,0,0,1,6.08643E+20,5.4117E+21,1.04809E+16,4.88487E+16
188620,9,1,75,139,2018,10,8,3,3,2,6,0,1,1,0,0,0,0,0,7.10531E+20,5.32986E+21,1.18272E+16,4.80872E+16
188621,9,7,79,131,2018,10,16,4,3,5,3,0,1,1,0,0,0,0,0,6.29554E+20,5.39717E+21,1.07612E+16,4.87141E+16
188622,9,1,62,0,2018,10,19,2,3,5,3,2,1,1,0,0,0,0,0,6.90361E+20,5.3432E+21,1.15626E+16,4.82135E+16
188623,9,7,72,147,2018,10,13,4,3,4,2,0,0,1,0,0,0,0,0,6.38121E+20,5.36474E+21,1.08669E+16,4.84207E+16
188624,9,1,62,0,2018,10,12,2,2,2,6,0,1,0,0,0,0,1,0,6.93864E+20,5.33397E+21,1.16055E+16,4.81294E+16
188625,9,7,61,0,2018,10,8,4,3,5,3,0,0,1,0,0,0,0,0,6.4117E+20,5.36146E+21,1.0907E+16,4.83905E+16
188626,9,1,62,0,2018,10,19,2,3,6,4,1,0,1,1,0,0,0,0,6.88986E+20,5.3344E+21,1.15402E+16,4.81348E+16
188627,9,7,61,0,2018,10,12,4,3,1,2,0,1,1,0,0,0,0,0,6.39301E+20,5.35865E+21,1.08808E+16,4.83656E+16
188628,9,1,62,0,2018,10,19,2,2,6,4,2,1,1,1,0,0,0,0,6.90841E+20,5.33475E+21,1.15652E+16,4.81374E+16
188629,9,7,61,0,2018,10,7,4,3,0,1,0,1,0,0,0,0,0,0,6.42288E+20,5.3592E+21,1.09213E+16,4.83699E+16
188630,9,1,62,0,2018,10,9,2,3,4,6,0,1,1,0,0,0,0,0,6.92243E+20,5.33506E+21,1.15842E+16,4.81397E+16
188631,9,7,61,0,2018,10,7,4,3,2,6,0,0,1,0,1,0,0,0,6.40759E+20,5.35801E+21,1.09003E+16,4.83596E+16
188632,9,1,62,0,2018,10,15,2,3,5,2,0,0,1,0,1,0,0,0,6.8337E+20,5.33548E+21,1.14653E+16,4.81461E+16
188633,9,7,71,113,2018,10,11,4,3,8,7,0,0,1,0,0,0,0,0,6.5761E+20,5.36962E+21,1.11319E+16,4.846E+16
188634,9,1,62,0,2018,10,7,2,3,0,7,0,1,0,1,0,0,0,0,6.88641E+20,5.33822E+21,1.15373E+16,4.81692E+16
188635,9,1,62,0,2018,10,7,2,3,5,2,2,1,1,0,0,0,0,0,6.8576E+20,5.33932E+21,1.1499E+16,4.81799E+16
188636,9,6,79,202,2018,10,16,4,2,9,1,0,0,1,0,0,0,0,0,5.629E+20,5.52046E+21,9.87465E+15,4.98333E+16
188637,9,1,62,0,2018,10,22,2,3,5,2,2,1,1,0,0,0,0,0,6.89674E+20,5.34012E+21,1.1552E+16,4.8186E+16
188638,9,6,63,0,2018,10,14,4,3,2,6,0,0,1,0,0,0,0,0,5.68867E+20,5.51532E+21,9.95671E+15,4.97864E+16
188639,9,1,62,0,2018,10,16,2,3,2,6,0,0,1,0,0,0,0,0,6.88333E+20,5.3409E+21,1.15343E+16,4.81934E+16
188640,9,6,63,0,2018,10,12,4,3,3,6,0,0,1,0,0,1,0,0,5.66431E+20,5.51722E+21,9.92319E+15,4.98037E+16
188641,9,1,62,0,2018,10,18,2,3,1,2,1,0,1,0,0,0,0,0,6.87867E+20,5.32995E+21,1.15232E+16,4.80951E+16
188642,9,6,63,0,2018,10,7,4,3,5,2,2,1,1,0,0,0,0,0,5.69152E+20,5.5176E+21,9.96107E+15,4.98069E+16
188643,9,7,77,151,2018,10,18,2,3,6,7,0,1,0,1,0,0,0,0,6.21024E+20,5.2922E+21,1.06153E+16,4.77718E+16
188644,9,6,62,0,2018,10,12,4,3,0,2,0,1,1,0,0,0,0,0,5.88298E+20,5.54313E+21,1.02329E+16,5.00339E+16
188645,9,5,62,0,2018,10,18,4,3,5,3,1,0,1,0,0,0,0,0,6.45626E+20,5.49451E+21,1.10148E+16,4.95857E+16
188646,9,7,76,116,2018,10,17,2,2,0,1,0,1,0,0,0,0,0,0,5.52696E+20,5.26733E+21,9.70045E+15,4.75572E+16
188647,9,5,62,0,2018,10,15,4,3,4,2,0,1,1,0,0,0,0,0,6.44617E+20,5.49302E+21,1.10003E+16,4.95725E+16
188648,9,7,76,116,2018,10,13,2,2,0,7,0,0,0,0,0,0,1,0,5.51569E+20,5.26874E+21,9.68564E+15,4.757E+16
188649,9,5,62,0,2018,10,7,4,2,5,3,1,1,1,0,0,0,0,0,6.46885E+20,5.49088E+21,1.10308E+16,4.95527E+16
188650,9,7,62,0,2018,10,16,2,2,8,1,0,1,0,0,0,0,0,0,6.21863E+20,5.30471E+21,1.063E+16,4.78841E+16
188651,9,5,72,121,2018,10,7,4,3,6,7,1,0,0,1,0,0,1,0,6.59107E+20,5.49374E+21,1.12008E+16,4.95753E+16
188652,9,7,77,121,2018,10,17,2,3,5,3,0,1,1,0,0,0,0,0,6.27236E+20,5.32163E+21,1.07069E+16,4.80353E+16
188653,9,7,72,223,2018,10,14,2,3,1,5,0,0,1,0,0,0,0,0,6.19172E+20,5.36165E+21,1.061E+16,4.83968E+16
188654,9,5,64,0,2018,10,16,4,3,6,4,0,0,1,1,0,0,0,0,6.5287E+20,5.47903E+21,1.11089E+16,4.94447E+16
188655,9,7,72,200,2018,10,12,2,3,6,6,0,1,0,1,0,0,0,0,6.31193E+20,5.33811E+21,1.0765E+16,4.81826E+16
188656,9,5,64,0,2018,10,13,4,3,0,1,0,1,0,0,0,0,0,0,6.50792E+20,5.47563E+21,1.1079E+16,4.94147E+16
188657,9,5,64,0,2018,10,13,4,2,0,7,0,0,1,1,0,0,0,0,6.49859E+20,5.47839E+21,1.10672E+16,4.94397E+16
188658,9,7,72,163,2018,10,14,2,3,0,1,0,1,1,0,0,0,0,0,6.40188E+20,5.34838E+21,1.08893E+16,4.82731E+16
188659,9,5,64,0,2018,10,8,4,3,5,3,0,1,1,0,0,0,0,0,6.49372E+20,5.48066E+21,1.10613E+16,4.94602E+16
188660,9,7,61,0,2018,10,9,2,3,3,1,0,1,1,0,0,0,0,0,6.38857E+20,5.35845E+21,1.08747E+16,4.8364E+16
188661,9,5,64,0,2018,10,10,4,3,3,3,0,1,1,0,0,0,0,0,6.46292E+20,5.48037E+21,1.10187E+16,4.94584E+16
188662,9,7,61,0,2018,10,20,2,3,4,6,2,1,1,0,0,0,0,0,6.39202E+20,5.36171E+21,1.08805E+16,4.83932E+16
188663,9,7,61,0,2018,10,15,2,3,0,5,0,0,1,0,1,0,0,0,6.40076E+20,5.36311E+21,1.08927E+16,4.84056E+16
188664,9,5,64,0,2018,10,16,4,3,4,2,0,1,1,0,0,0,0,0,6.51339E+20,5.48021E+21,1.10883E+16,4.94557E+16
188665,9,7,61,0,2018,10,13,2,3,0,5,0,1,1,0,0,0,0,0,6.41666E+20,5.36065E+21,1.09134E+16,4.83831E+16
188666,9,5,73,127,2018,10,6,4,2,9,1,2,1,0,0,0,0,0,0,6.45246E+20,5.47524E+21,1.10024E+16,4.94125E+16
188667,9,7,61,0,2018,10,7,2,3,5,3,0,1,1,0,0,0,0,0,6.41833E+20,5.36159E+21,1.09159E+16,4.83915E+16
188668,9,7,61,0,2018,10,15,2,3,3,2,0,1,1,0,0,0,0,1,6.40312E+20,5.35915E+21,1.08946E+16,4.83699E+16
188669,9,5,77,136,2018,10,7,4,3,6,4,0,0,1,1,0,0,0,0,6.2834E+20,5.44187E+21,1.07588E+16,4.91163E+16
188670,9,6,63,0,2018,10,13,2,3,3,7,0,0,1,0,0,0,0,0,5.69948E+20,5.51183E+21,9.97109E+15,4.97549E+16
188671,9,4,64,0,2018,10,7,4,3,2,6,1,0,1,0,0,0,0,0,7.07003E+20,5.57844E+21,1.19081E+16,5.03216E+16
188672,9,4,62,0,2018,10,17,4,2,0,4,0,0,1,1,0,0,0,0,6.84401E+20,5.53418E+21,1.15695E+16,4.99315E+16
188673,9,6,75,178,2018,10,14,2,3,5,7,0,1,1,0,0,0,0,0,5.96548E+20,5.51633E+21,1.03414E+16,4.97917E+16
188674,9,4,62,0,2018,10,8,4,2,5,3,0,0,1,0,0,0,0,0,6.85153E+20,5.53465E+21,1.15802E+16,4.99355E+16
188675,9,5,62,0,2018,10,10,2,3,5,3,0,1,1,0,0,0,0,0,6.44938E+20,5.49415E+21,1.10051E+16,4.95825E+16
188676,9,4,74,126,2018,10,7,4,3,0,3,0,1,1,0,0,0,0,0,6.48362E+20,5.50902E+21,1.10581E+16,4.97154E+16
188677,9,5,72,121,2018,10,16,2,3,0,7,0,1,1,0,0,0,0,0,6.6054E+20,5.49544E+21,1.12213E+16,4.95902E+16
188678,9,3,63,0,2018,10,16,4,3,4,2,0,1,1,0,0,0,0,0,7.26817E+20,5.5091E+21,1.21451E+16,4.96916E+16
188679,9,5,65,0,2018,10,10,2,3,5,3,0,1,1,0,0,0,0,0,6.4649E+20,5.46666E+21,1.10164E+16,4.93351E+16
188680,9,3,72,126,2018,10,14,4,3,4,1,0,0,1,0,1,0,0,0,7.79498E+20,5.46865E+21,1.28454E+16,4.93065E+16
188681,9,5,74,147,2018,10,18,2,3,8,7,1,1,0,0,0,0,0,0,6.81899E+20,5.48581E+21,1.15122E+16,4.94976E+16
188682,9,3,75,190,2018,10,17,4,3,0,1,0,1,0,0,0,0,0,0,7.27445E+20,5.44659E+21,1.2118E+16,4.913E+16
188683,9,5,74,164,2018,10,11,2,3,5,3,0,0,1,0,0,0,0,0,6.66893E+20,5.47362E+21,1.13E+16,4.93924E+16
188684,9,3,75,190,2018,10,18,4,3,8,1,2,0,1,0,0,0,0,0,7.2394E+20,5.44479E+21,1.2069E+16,4.91151E+16
188685,9,5,64,0,2018,10,12,2,3,2,6,0,0,1,0,1,0,0,0,6.5235E+20,5.48234E+21,1.1103E+16,4.94746E+16
188686,9,3,62,0,2018,10,17,4,3,5,3,0,1,0,0,0,0,1,0,7.26774E+20,5.43413E+21,1.21018E+16,4.90183E+16
188687,9,5,64,0,2018,10,10,2,3,6,7,0,0,1,1,0,0,0,0,6.50687E+20,5.48442E+21,1.10809E+16,4.94937E+16
188688,9,3,62,0,2018,10,17,4,3,2,3,0,1,1,0,0,0,0,0,7.23847E+20,5.43232E+21,1.20608E+16,4.90032E+16
188689,9,5,64,0,2018,10,19,2,3,5,3,2,0,1,0,1,0,0,0,6.48734E+20,5.47878E+21,1.10518E+16,4.94435E+16
188690,9,5,64,0,2018,10,17,2,3,0,1,0,1,0,0,0,0,0,0,6.50215E+20,5.48102E+21,1.10731E+16,4.94632E+16
188691,9,3,62,0,2018,10,18,4,3,2,6,0,1,0,0,0,0,1,0,7.25446E+20,5.43409E+21,1.20836E+16,4.90185E+16
188692,9,5,64,0,2018,10,15,2,3,0,6,0,0,1,0,0,0,1,0,6.53097E+20,5.47901E+21,1.11121E+16,4.94445E+16
188693,9,3,76,163,2018,10,16,4,3,5,6,0,1,1,0,0,0,0,0,7.27288E+20,5.47482E+21,1.21318E+16,4.93836E+16
188694,9,5,75,112,2018,10,8,2,3,4,2,0,0,1,0,0,0,0,0,6.02701E+20,5.48472E+21,1.04186E+16,4.95064E+16
188695,9,2,71,119,2018,10,10,4,3,5,3,0,0,1,0,1,0,0,0,7.9096E+20,5.41645E+21,1.29651E+16,4.88327E+16
188696,9,4,64,0,2018,10,11,2,3,2,6,0,0,1,0,0,0,0,0,7.08016E+20,5.57858E+21,1.19224E+16,5.03225E+16
188697,9,2,75,145,2018,10,17,4,3,2,6,0,1,0,0,0,0,0,0,8.22705E+20,5.37386E+21,1.33634E+16,4.8435E+16
188698,9,4,73,151,2018,10,16,2,3,0,1,0,0,0,0,0,0,1,0,6.50864E+20,5.57767E+21,1.11198E+16,5.03318E+16
188699,9,2,61,0,2018,10,15,4,3,0,1,0,1,0,0,0,0,0,0,7.31662E+20,5.3822E+21,1.21393E+16,4.85501E+16
188700,9,4,78,139,2018,10,14,2,3,5,3,0,0,1,0,0,0,0,0,6.4846E+20,5.55763E+21,1.10782E+16,5.01523E+16
188701,9,2,73,141,2018,10,16,4,3,0,1,0,1,0,0,0,0,0,0,7.23755E+20,5.41255E+21,1.20487E+16,4.88256E+16
188702,9,4,62,0,2018,10,16,2,3,2,6,0,0,1,0,0,0,0,0,6.8379E+20,5.53634E+21,1.1562E+16,4.99511E+16
188703,9,2,73,152,2018,10,19,4,3,1,1,2,0,1,0,1,0,0,0,7.03293E+20,5.40844E+21,1.17683E+16,4.87957E+16
188704,9,4,62,0,2018,10,11,2,3,5,3,0,1,1,0,0,0,0,0,6.8432E+20,5.53508E+21,1.15688E+16,4.99396E+16
188705,9,2,79,112,2018,10,12,4,2,2,6,0,0,1,0,0,0,0,0,7.57336E+20,5.39371E+21,1.24937E+16,4.86434E+16
188706,9,1,80,117,2018,10,16,4,2,6,7,0,0,1,1,0,0,0,0,6.58317E+20,5.26497E+21,1.11029E+16,4.75188E+16
188707,9,4,71,195,2018,10,16,2,3,0,7,0,1,0,0,0,0,1,1,6.40616E+20,5.52343E+21,1.09559E+16,4.98468E+16
188708,9,1,72,122,2018,10,15,4,3,0,6,0,1,1,0,0,0,0,0,7.93916E+20,5.31665E+21,1.29356E+16,4.79356E+16
188709,9,4,61,0,2018,10,14,2,3,0,7,0,0,0,0,0,0,1,0,6.36052E+20,5.52893E+21,1.08944E+16,4.98973E+16
188710,9,1,63,0,2018,10,14,4,3,5,2,0,1,1,0,0,0,0,0,7.32684E+20,5.30498E+21,1.21108E+16,4.7856E+16
188711,9,3,74,137,2018,10,3,2,3,7,7,2,0,1,0,0,0,1,0,7.46849E+20,5.49921E+21,1.24161E+16,4.9595E+16
188712,9,3,72,126,2018,10,10,2,2,6,4,0,0,1,1,0,0,0,0,7.79929E+20,5.46851E+21,1.28512E+16,4.93051E+16
188713,9,1,63,0,2018,10,16,4,3,0,2,0,0,0,0,1,0,0,1,7.3154E+20,5.30418E+21,1.20951E+16,4.78492E+16
188714,9,3,62,0,2018,10,18,2,2,5,2,0,1,1,0,0,0,0,0,7.25824E+20,5.43348E+21,1.20884E+16,4.90128E+16
188715,9,1,87,122,2018,10,7,4,3,5,3,0,1,1,0,0,0,0,0,7.19495E+20,5.30675E+21,1.19356E+16,4.78766E+16
188716,9,3,62,0,2018,10,19,2,3,5,3,1,1,1,0,0,0,0,0,7.26769E+20,5.43429E+21,1.21018E+16,4.90198E+16
188717,9,1,87,122,2018,10,14,4,3,0,7,0,1,0,0,0,0,0,0,7.18223E+20,5.30731E+21,1.19189E+16,4.7882E+16
188718,9,3,62,0,2018,10,16,2,3,0,3,0,1,1,0,0,0,0,0,7.2553E+20,5.43315E+21,1.20843E+16,4.901E+16
188719,9,1,87,130,2018,10,15,4,3,5,3,0,0,1,0,0,0,1,0,7.1026E+20,5.31071E+21,1.18142E+16,4.79152E+16
188720,9,1,87,150,2018,10,13,4,3,8,1,0,0,0,0,1,0,0,0,7.29048E+20,5.30434E+21,1.20619E+16,4.78515E+16
188721,9,3,62,0,2018,10,12,2,3,5,3,0,1,1,0,0,0,0,0,7.27938E+20,5.43528E+21,1.21183E+16,4.90283E+16
188722,9,1,61,0,2018,10,14,4,3,2,6,0,0,1,0,0,0,0,0,6.76975E+20,5.40521E+21,1.14088E+16,4.87747E+16
188723,9,3,62,0,2018,10,8,2,3,5,2,0,1,1,0,0,0,0,0,7.28251E+20,5.43481E+21,1.21223E+16,4.90239E+16
188724,9,1,61,0,2018,10,16,4,3,3,2,0,1,1,0,0,0,0,0,6.78862E+20,5.40184E+21,1.1433E+16,4.87438E+16
188725,9,3,62,0,2018,10,7,2,3,0,1,0,1,0,0,0,0,0,0,7.28353E+20,5.4363E+21,1.21246E+16,4.90372E+16
188726,9,7,80,134,2018,10,20,1,3,1,5,2,0,1,0,0,0,0,0,5.95383E+20,5.26182E+21,1.02666E+16,4.75028E+16
188727,9,3,73,147,2018,10,20,2,3,5,3,2,1,1,0,0,0,0,0,6.78794E+20,5.46098E+21,1.14581E+16,4.92754E+16
188728,9,1,86,143,2018,10,17,4,2,6,4,0,0,1,1,0,0,0,0,6.84774E+20,5.37804E+21,1.15028E+16,4.85282E+16
188729,9,2,71,153,2018,10,6,2,3,8,1,1,0,1,0,0,0,0,0,8.00672E+20,5.40445E+21,1.30884E+16,4.87205E+16
188730,9,1,86,143,2018,10,8,4,2,3,6,0,1,1,0,0,0,0,0,6.83974E+20,5.37867E+21,1.14922E+16,4.85342E+16
188731,9,1,85,149,2018,10,15,4,2,5,3,0,0,1,0,1,0,0,0,6.59184E+20,5.39887E+21,1.11644E+16,4.87225E+16
188732,9,2,78,118,2018,10,13,2,3,0,7,0,0,0,0,1,0,1,0,7.75525E+20,5.42509E+21,1.27611E+16,4.89174E+16
188733,9,1,79,123,2018,10,13,4,3,5,2,0,1,1,0,0,0,0,0,6.75798E+20,5.334E+21,1.13629E+16,4.8135E+16
188734,9,1,79,121,2018,10,12,4,3,3,6,0,1,1,0,0,0,0,0,6.65552E+20,5.33682E+21,1.12264E+16,4.8163E+16
188735,9,2,75,116,2018,10,10,2,3,0,1,0,1,0,0,0,0,0,0,8.19763E+20,5.3645E+21,1.33166E+16,4.83526E+16
188736,9,1,75,139,2018,10,19,4,3,8,7,1,0,1,0,0,0,0,0,7.08488E+20,5.32835E+21,1.1799E+16,4.80743E+16
188737,9,2,61,0,2018,10,8,2,3,6,2,0,0,1,1,0,0,0,0,7.31339E+20,5.38208E+21,1.21348E+16,4.85491E+16
188738,9,1,77,117,2018,10,15,4,3,0,7,0,1,1,0,0,0,0,0,7.1539E+20,5.35213E+21,1.19036E+16,4.82857E+16
188739,9,2,79,112,2018,10,17,2,3,5,3,0,0,1,0,0,0,0,0,7.57138E+20,5.39178E+21,1.24898E+16,4.86261E+16
188740,9,1,90,140,2018,10,7,2,3,5,3,0,0,1,0,1,0,0,0,6.44964E+20,5.29584E+21,1.09359E+16,4.77995E+16
188741,9,1,62,0,2018,10,15,3,3,0,1,0,1,0,0,0,0,0,0,6.86225E+20,5.33398E+21,1.15029E+16,4.81318E+16
188742,9,1,83,128,2018,10,15,2,3,5,3,0,1,1,0,0,0,0,0,7.60933E+20,5.35055E+21,1.25155E+16,4.82543E+16
188743,9,1,62,0,2018,10,19,3,3,0,7,2,0,1,0,1,0,0,0,6.8965E+20,5.33293E+21,1.15485E+16,4.81214E+16
188744,9,1,72,114,2018,10,6,2,3,3,2,2,1,0,0,0,1,0,0,7.903E+20,5.29285E+21,1.28713E+16,4.77236E+16
188745,9,1,62,0,2018,10,10,3,3,5,3,0,1,1,0,0,0,0,0,6.92545E+20,5.3392E+21,1.15902E+16,4.81769E+16
188746,9,1,63,0,2018,10,17,2,3,5,3,0,1,1,0,0,0,0,0,7.31191E+20,5.30379E+21,1.20902E+16,4.78458E+16
188747,9,1,62,0,2018,10,14,3,3,3,2,0,1,0,0,0,0,0,0,6.91441E+20,5.34E+21,1.15757E+16,4.81844E+16
188748,9,1,63,0,2018,10,7,2,2,5,2,1,0,1,0,1,0,0,0,7.34344E+20,5.3049E+21,1.21329E+16,4.78547E+16
188749,9,1,62,0,2018,10,16,3,3,5,2,0,0,1,0,0,0,0,0,6.8434E+20,5.33187E+21,1.14767E+16,4.81133E+16
188750,9,1,87,150,2018,10,8,2,3,1,6,0,0,1,0,0,0,0,0,7.29778E+20,5.30413E+21,1.20715E+16,4.78494E+16
188751,9,1,62,0,2018,10,16,3,2,4,6,0,0,1,0,1,0,0,0,6.96885E+20,5.33524E+21,1.16466E+16,4.81399E+16
188752,9,1,61,0,2018,10,12,2,3,2,6,0,0,1,0,0,0,0,0,6.76051E+20,5.40657E+21,1.13968E+16,4.87872E+16
188753,9,1,62,0,2018,10,9,3,3,4,2,0,0,1,0,1,0,0,0,6.84428E+20,5.33364E+21,1.14787E+16,4.81293E+16
188754,9,1,85,158,2018,10,9,2,2,7,7,0,1,0,0,0,0,1,0,6.66579E+20,5.37964E+21,1.12572E+16,4.85477E+16
188755,9,1,62,0,2018,10,7,3,2,6,4,0,0,0,1,1,0,0,0,6.89934E+20,5.33322E+21,1.15524E+16,4.81239E+16
188756,9,1,86,122,2018,10,7,2,2,8,1,0,0,0,0,1,0,0,0,6.9266E+20,5.3956E+21,1.16176E+16,4.86837E+16
188757,9,1,62,0,2018,10,10,3,2,0,6,0,0,1,0,0,0,1,0,6.89802E+20,5.34386E+21,1.15554E+16,4.82195E+16
188758,9,1,88,127,2018,10,17,2,2,4,2,0,1,1,0,0,0,0,0,6.76529E+20,5.32972E+21,1.1371E+16,4.80963E+16
188759,9,1,62,0,2018,10,10,3,2,5,3,0,0,1,0,1,0,0,0,6.8011E+20,5.33552E+21,1.14215E+16,4.81475E+16
188760,9,1,74,121,2018,10,9,2,3,6,7,0,0,1,1,0,0,0,0,6.89298E+20,5.35463E+21,1.15534E+16,4.83165E+16
188761,9,1,62,0,2018,10,16,3,3,2,2,0,1,1,0,0,0,0,0,6.88832E+20,5.34249E+21,1.15417E+16,4.82075E+16
188762,9,1,75,139,2018,10,7,2,1,9,1,0,0,1,0,0,0,0,0,7.10959E+20,5.33099E+21,1.18335E+16,4.80972E+16
188763,9,1,62,0,2018,10,14,3,3,0,7,0,1,0,0,0,0,0,0,6.87107E+20,5.33278E+21,1.15143E+16,4.81207E+16