OBJECTID_1,ULAND,UREGBEZ,UKREIS,UGEMEINDE,UJAHR,UMONAT,USTUNDE,UWOCHENTAG,UKATEGORIE,UART,UTYP1,ULICHTVERH,IstRad,IstPKW,IstFuss,IstKrad,IstGkfz,IstSonstig,STRZUSTAND,LINREFX,LINREFY,XGCSWGS84,YGCSWGS84
188764,9,1,75,111,2018,10,18,2,2,5,3,0,1,0,0,0,0,0,0,7.12136E+20,5.33716E+21,1.18523E+16,4.81523E+16
188765,9,1,62,0,2018,10,15,3,3,5,3,0,0,1,0,1,0,0,0,6.89658E+20,5.33322E+21,1.15487E+16,4.81239E+16
188766,9,1,62,0,2018,10,11,3,3,0,1,0,1,0,0,0,0,0,0,6.91079E+20,5.33422E+21,1.15682E+16,4.81326E+16
188767,9,1,78,129,2018,10,14,2,3,5,3,0,1,1,0,0,0,0,0,7.08351E+20,5.37115E+21,1.18183E+16,4.84589E+16
188768,9,7,75,135,2018,10,17,3,1,5,2,0,1,1,0,0,0,0,0,5.7463E+20,5.35799E+21,1.00077E+16,4.83707E+16
188769,9,1,78,124,2018,10,13,2,3,2,6,0,0,1,0,0,0,0,0,7.02769E+20,5.36556E+21,1.17402E+16,4.84106E+16
188770,9,7,78,151,2018,10,21,3,3,7,7,2,0,0,0,1,0,0,1,5.91848E+20,5.32009E+21,1.02319E+16,4.80275E+16
188771,9,1,62,0,2018,10,17,1,3,3,6,0,1,0,0,0,0,0,0,6.96243E+20,5.33285E+21,1.16369E+16,4.81187E+16
188772,9,7,64,0,2018,10,13,3,3,0,7,0,0,0,0,1,0,0,0,5.87241E+20,5.31513E+21,1.01692E+16,4.79835E+16
188773,9,1,62,0,2018,10,17,1,3,5,2,0,1,1,0,0,0,0,0,6.94441E+20,5.33323E+21,1.16129E+16,4.81226E+16
188774,9,7,76,117,2018,10,13,3,3,4,1,0,0,1,0,0,0,0,0,5.66215E+20,5.27088E+21,9.88066E+15,4.7588E+16
188775,9,1,62,0,2018,10,20,1,3,4,6,2,0,1,0,1,0,0,0,6.91645E+20,5.33446E+21,1.15759E+16,4.81345E+16
188776,9,1,62,0,2018,10,4,1,3,1,5,2,0,1,0,0,0,0,0,6.8862E+20,5.33268E+21,1.15345E+16,4.81194E+16
188777,9,7,76,116,2018,10,16,3,3,0,1,0,1,0,0,0,0,0,0,5.50596E+20,5.26753E+21,9.67257E+15,4.75592E+16
188778,9,7,62,0,2018,10,12,3,3,6,4,0,0,1,1,0,0,0,0,6.22293E+20,5.30566E+21,1.0636E+16,4.78926E+16
188779,9,7,73,125,2018,10,16,3,3,0,1,0,1,0,0,0,0,0,0,6.1084E+20,5.38253E+21,1.0503E+16,4.8586E+16
188780,9,1,62,0,2018,10,13,1,3,4,2,0,0,1,0,0,0,0,0,6.83374E+20,5.33548E+21,1.14653E+16,4.81461E+16
188781,9,7,71,142,2018,10,16,3,3,6,4,0,0,1,1,0,0,0,0,6.45879E+20,5.35215E+21,1.09673E+16,4.83057E+16
188782,9,1,62,0,2018,10,12,1,3,6,4,0,1,0,1,0,0,0,0,6.89486E+20,5.33844E+21,1.15487E+16,4.81709E+16
188783,9,7,71,130,2018,10,15,3,3,5,3,0,1,0,0,0,0,0,0,6.46351E+20,5.35774E+21,1.09756E+16,4.83559E+16
188784,9,1,62,0,2018,10,11,1,3,0,7,0,1,0,0,0,0,0,0,6.86763E+20,5.33692E+21,1.15114E+16,4.81581E+16
188785,9,7,76,122,2018,10,15,1,3,0,1,0,1,0,0,0,0,0,0,5.62507E+20,5.27681E+21,9.8322E+15,4.76417E+16
188786,9,5,65,0,2018,10,12,6,3,5,2,0,1,1,0,0,0,0,0,6.47564E+20,5.46634E+21,1.10311E+16,4.93319E+16
188787,9,5,65,0,2018,10,12,6,2,6,3,0,0,1,1,0,0,0,0,6.46249E+20,5.46739E+21,1.10134E+16,4.93417E+16
188788,9,5,76,151,2018,10,19,6,3,5,3,2,0,1,0,0,0,0,0,6.54564E+20,5.46811E+21,1.1128E+16,4.93461E+16
188789,9,5,64,0,2018,10,11,6,3,2,6,0,0,1,0,0,0,0,0,6.5371E+20,5.47798E+21,1.11201E+16,4.9435E+16
188790,9,5,64,0,2018,10,8,6,3,5,3,0,1,0,0,0,0,0,0,6.51031E+20,5.48027E+21,1.10841E+16,4.94563E+16
188791,9,5,64,0,2018,10,16,6,3,5,3,0,0,1,0,0,0,0,0,6.46032E+20,5.47985E+21,1.1015E+16,4.94537E+16
188792,9,5,64,0,2018,10,7,6,3,4,6,0,1,0,0,0,0,0,0,6.51176E+20,5.48064E+21,1.10862E+16,4.94596E+16
188793,9,5,64,0,2018,10,23,6,3,5,3,2,0,1,0,1,0,0,0,6.51032E+20,5.48027E+21,1.10841E+16,4.94563E+16
188794,9,5,64,0,2018,10,21,6,3,0,7,2,1,0,1,0,0,0,0,6.51567E+20,5.47825E+21,1.10907E+16,4.9438E+16
188795,9,5,64,0,2018,10,12,6,3,0,6,0,1,0,0,0,0,0,0,6.50702E+20,5.47872E+21,1.10789E+16,4.94425E+16
188796,9,5,71,226,2018,10,16,6,3,4,7,0,0,1,0,0,0,0,0,6.28229E+20,5.45716E+21,1.07621E+16,4.92538E+16
188797,9,5,71,166,2018,10,13,6,3,5,3,0,0,1,0,1,0,0,0,6.09041E+20,5.45466E+21,1.04979E+16,4.9235E+16
188798,9,4,75,168,2018,10,12,6,3,0,1,0,1,0,0,0,0,0,1,7.11616E+20,5.56629E+21,1.1966E+16,5.02109E+16
188799,9,4,72,143,2018,10,13,6,3,5,3,0,1,1,0,0,0,0,0,6.92229E+20,5.54351E+21,1.16831E+16,5.00129E+16
188800,9,4,61,0,2018,10,12,6,3,0,7,0,1,0,0,0,0,0,0,6.36662E+20,5.52965E+21,1.09032E+16,4.99036E+16
188801,9,4,61,0,2018,10,10,6,3,5,3,0,1,0,0,0,0,0,0,6.36178E+20,5.52912E+21,1.08962E+16,4.9899E+16
188802,9,3,63,0,2018,10,11,6,3,8,1,0,0,1,0,0,0,0,0,7.26842E+20,5.51041E+21,1.21462E+16,4.97034E+16
188803,9,3,62,0,2018,10,19,6,3,9,1,2,1,0,0,0,0,0,0,7.25902E+20,5.435E+21,1.20904E+16,4.90264E+16
188804,9,3,73,112,2018,10,19,6,3,8,1,2,0,1,0,0,0,0,0,6.76711E+20,5.43946E+21,1.14201E+16,4.90826E+16
188805,9,3,73,147,2018,10,6,6,3,2,6,2,1,1,0,0,0,0,0,6.7527E+20,5.46136E+21,1.14099E+16,4.92799E+16
188806,9,3,71,151,2018,10,16,6,3,0,7,0,0,0,0,1,0,1,0,6.99067E+20,5.48938E+21,1.17508E+16,4.95243E+16
188807,9,3,76,146,2018,10,15,6,2,9,1,0,0,1,0,0,0,0,0,7.44755E+20,5.46632E+21,1.23669E+16,4.93006E+16
188808,9,2,63,0,2018,10,13,6,3,2,6,0,0,1,0,0,0,0,0,7.61548E+20,5.41972E+21,1.25673E+16,4.88752E+16
188809,9,2,77,116,2018,10,6,6,2,8,1,2,0,0,0,1,0,0,1,7.77321E+20,5.36592E+21,1.2746E+16,4.83854E+16
188810,9,2,79,112,2018,10,14,6,2,0,7,0,1,0,0,0,0,0,0,7.57656E+20,5.3925E+21,1.24973E+16,4.86324E+16
188811,9,1,63,0,2018,10,14,2,3,5,2,0,1,1,0,0,0,0,0,7.32652E+20,5.30422E+21,1.21099E+16,4.78492E+16
188812,9,1,90,148,2018,10,13,6,2,5,3,0,0,1,0,0,0,0,0,6.41795E+20,5.29792E+21,1.08943E+16,4.7819E+16
188813,9,1,87,120,2018,10,15,2,2,6,7,0,0,0,0,0,0,1,0,7.33322E+20,5.29154E+21,1.21121E+16,4.7735E+16
188814,9,1,73,126,2018,10,7,6,3,6,4,1,1,0,1,0,0,0,0,6.85892E+20,5.30286E+21,1.1485E+16,4.78522E+16
188815,9,1,61,0,2018,10,15,2,3,2,6,0,0,1,0,0,0,1,0,6.74448E+20,5.40504E+21,1.13744E+16,4.87739E+16
188816,9,1,85,149,2018,10,13,2,3,4,6,0,0,1,0,0,0,0,0,6.6164E+20,5.39936E+21,1.1198E+16,4.87263E+16
188817,9,1,80,116,2018,10,17,6,3,5,3,0,1,1,0,0,0,0,0,6.58865E+20,5.26583E+21,1.11105E+16,4.75265E+16
188818,9,1,86,147,2018,10,9,2,3,5,3,0,0,1,0,0,0,0,0,6.82738E+20,5.39185E+21,1.14813E+16,4.8653E+16
188819,9,1,73,112,2018,10,19,6,3,0,7,2,1,0,0,0,0,0,0,6.9138E+20,5.29281E+21,1.15538E+16,4.77602E+16
188820,9,1,81,130,2018,10,12,2,2,5,7,0,1,1,0,0,0,0,0,6.39216E+20,5.32433E+21,1.08684E+16,4.80571E+16
188821,9,1,83,148,2018,10,12,6,3,5,3,0,0,1,0,0,0,0,0,7.539E+20,5.3455E+21,1.24179E+16,4.82119E+16
188822,9,1,89,120,2018,10,15,6,2,8,1,0,1,0,0,0,0,0,0,7.5442E+20,5.29843E+21,1.2397E+16,4.77889E+16
188823,9,1,79,121,2018,10,11,2,3,4,2,0,0,1,0,0,0,0,0,6.66507E+20,5.33777E+21,1.12396E+16,4.81713E+16
188824,9,1,63,0,2018,10,12,6,3,3,6,0,1,1,0,0,0,0,0,7.33857E+20,5.30462E+21,1.21262E+16,4.78524E+16
188825,9,1,74,150,2018,10,14,2,3,0,1,0,1,0,0,0,0,0,0,6.81733E+20,5.35972E+21,1.14537E+16,4.83644E+16
188826,9,1,74,136,2018,10,15,2,3,5,3,0,1,1,0,0,0,0,0,6.82875E+20,5.36493E+21,1.14713E+16,4.84109E+16
188827,9,1,63,0,2018,10,8,6,3,0,1,0,0,0,0,1,0,0,1,7.33656E+20,5.30768E+21,1.21252E+16,4.78799E+16
188828,9,1,62,0,2018,10,19,1,3,1,7,2,0,1,0,1,0,0,0,6.88608E+20,5.33673E+21,1.15361E+16,4.81559E+16
188829,9,1,87,117,2018,10,8,6,3,2,6,0,0,1,0,0,0,0,0,7.25554E+20,5.30575E+21,1.2016E+16,4.78655E+16
188830,9,1,62,0,2018,10,17,1,3,3,2,0,1,1,0,0,0,0,0,6.9796E+20,5.33123E+21,1.16592E+16,4.81035E+16
188831,9,1,61,0,2018,10,17,6,3,0,1,0,1,0,0,0,0,0,0,6.79512E+20,5.40771E+21,1.14444E+16,4.87964E+16
188832,9,1,62,0,2018,10,12,1,3,4,2,0,1,1,0,0,0,0,0,6.89066E+20,5.33258E+21,1.15405E+16,4.81184E+16
188833,9,1,86,143,2018,10,12,6,3,2,6,0,0,1,0,0,0,0,0,6.84622E+20,5.37792E+21,1.15007E+16,4.85272E+16
188834,9,1,85,149,2018,10,5,6,3,2,6,2,0,1,0,0,0,0,0,6.60389E+20,5.40088E+21,1.11816E+16,4.87403E+16
188835,9,1,62,0,2018,10,12,1,3,3,2,0,1,1,0,0,0,0,0,6.84491E+20,5.33325E+21,1.14793E+16,4.81257E+16
188836,9,1,79,121,2018,10,15,6,3,0,7,0,1,1,0,0,0,0,0,6.65833E+20,5.33854E+21,1.12309E+16,4.81785E+16
188837,9,7,78,209,2018,10,18,1,3,0,1,1,0,0,0,1,0,0,0,6.1736E+20,5.32559E+21,1.05755E+16,4.80728E+16
188838,9,1,88,127,2018,10,19,6,3,2,6,2,1,0,0,0,0,0,0,6.75087E+20,5.32753E+21,1.13507E+16,4.80769E+16
188839,9,7,73,117,2018,10,14,1,2,0,1,0,0,0,0,1,0,0,0,6.1485E+20,5.39926E+21,1.0562E+16,4.87358E+16
188840,9,1,74,141,2018,10,16,6,3,4,1,0,0,1,0,1,0,0,0,6.82854E+20,5.35672E+21,1.14675E+16,4.83372E+16
188841,9,7,72,151,2018,10,18,1,3,5,3,0,0,1,0,0,0,0,0,6.32525E+20,5.34293E+21,1.07844E+16,4.82257E+16
188842,9,7,61,0,2018,10,9,1,3,0,1,0,1,0,0,0,0,0,0,6.37639E+20,5.36023E+21,1.08589E+16,4.83803E+16
188843,9,7,61,0,2018,10,14,1,2,0,5,0,1,1,0,0,0,0,0,6.41982E+20,5.35227E+21,1.09148E+16,4.83077E+16
188844,9,7,61,0,2018,10,19,1,3,0,1,2,1,0,0,0,0,0,0,6.39219E+20,5.35942E+21,1.08799E+16,4.83726E+16
188845,9,7,61,0,2018,10,21,1,3,4,2,2,1,1,0,0,0,0,0,6.40312E+20,5.35915E+21,1.08946E+16,4.83699E+16
188846,9,1,77,133,2018,10,8,6,3,6,7,0,0,1,1,0,0,0,0,7.06679E+20,5.35959E+21,1.179E+16,4.83557E+16
188847,9,1,75,132,2018,10,7,6,3,0,1,0,0,0,0,1,0,0,0,7.06386E+20,5.33211E+21,1.17727E+16,4.81087E+16
188848,9,6,79,147,2018,10,9,1,2,0,3,0,0,1,0,1,0,0,0,5.63762E+20,5.51545E+21,9.88581E+15,4.97881E+16
188849,9,1,77,143,2018,10,16,6,3,5,3,0,0,1,0,0,0,1,0,7.20844E+20,5.36641E+21,1.19846E+16,4.84121E+16
188850,9,6,71,155,2018,10,2,1,2,7,6,2,0,1,1,0,0,0,0,5.04071E+20,5.537E+21,9.05679E+15,4.99853E+16
188851,9,1,62,0,2018,10,10,5,3,5,3,0,1,1,0,0,0,0,0,6.88572E+20,5.3325E+21,1.15338E+16,4.81179E+16
188852,9,5,74,146,2018,10,16,1,2,8,1,0,0,0,0,1,0,0,0,6.68058E+20,5.48704E+21,1.13217E+16,4.95127E+16
188853,9,1,62,0,2018,10,16,5,3,0,7,0,0,0,0,0,0,1,0,6.8449E+20,5.33325E+21,1.14793E+16,4.81258E+16
188854,9,5,74,123,2018,10,13,1,3,9,7,0,1,1,0,0,0,0,0,6.60661E+20,5.47156E+21,1.12133E+16,4.93755E+16
188855,9,5,63,0,2018,10,19,1,3,2,6,2,0,1,0,0,0,0,1,6.44844E+20,5.48283E+21,1.09997E+16,4.94808E+16
188856,9,1,62,0,2018,10,14,5,3,4,3,0,1,0,0,0,0,1,0,6.90233E+20,5.34392E+21,1.15612E+16,4.822E+16
188857,9,5,71,136,2018,10,10,1,3,0,1,0,1,0,0,0,0,0,0,5.97037E+20,5.43656E+21,1.03287E+16,4.90742E+16
188858,9,1,62,0,2018,10,19,5,3,5,2,2,0,1,0,1,0,0,0,6.91535E+20,5.33732E+21,1.15757E+16,4.81603E+16
188859,9,5,61,0,2018,10,15,1,3,5,3,0,1,0,0,0,0,0,0,6.11496E+20,5.46239E+21,1.05338E+16,4.9304E+16
188860,9,1,62,0,2018,10,16,5,3,0,6,0,0,1,0,0,0,1,0,6.9231E+20,5.33782E+21,1.15864E+16,4.81645E+16
188861,9,1,62,0,2018,10,18,5,2,0,1,1,1,0,1,0,0,0,0,6.91773E+20,5.33614E+21,1.15784E+16,4.81496E+16
188862,9,4,79,136,2018,10,1,1,3,1,5,2,0,1,0,0,0,0,0,7.21738E+20,5.5436E+21,1.20945E+16,5.00035E+16
188863,9,1,62,0,2018,10,13,5,3,5,7,0,0,0,0,1,0,1,0,6.93554E+20,5.33363E+21,1.16012E+16,4.81264E+16
188864,9,4,63,0,2018,10,3,1,3,1,5,2,0,1,0,0,0,0,0,6.40643E+20,5.5691E+21,1.09731E+16,5.02573E+16
188865,9,1,84,121,2018,10,8,5,3,4,6,0,0,1,0,0,0,0,0,7.07125E+20,5.32688E+21,1.17801E+16,4.80615E+16
188866,9,1,62,0,2018,10,7,5,3,5,2,0,0,1,0,1,0,0,0,6.84428E+20,5.33245E+21,1.14781E+16,4.81186E+16
188867,9,4,61,0,2018,10,13,1,3,0,7,0,0,1,0,0,0,1,0,6.36113E+20,5.52906E+21,1.08953E+16,4.98984E+16
188868,9,1,62,0,2018,10,15,5,3,4,6,0,1,0,0,0,0,0,0,6.9174E+20,5.33503E+21,1.15774E+16,4.81396E+16
188869,9,3,75,180,2018,10,11,1,3,0,7,0,1,1,0,0,0,0,0,7.22635E+20,5.42816E+21,1.2042E+16,4.89662E+16
188870,9,3,73,147,2018,10,13,1,3,6,7,0,0,1,1,0,0,0,0,6.78903E+20,5.46102E+21,1.14597E+16,4.92758E+16
188871,9,1,62,0,2018,10,10,5,2,5,7,0,1,1,0,0,0,0,0,6.90761E+20,5.33115E+21,1.15626E+16,4.8105E+16
188872,9,3,76,144,2018,10,5,1,2,6,6,2,0,1,1,0,0,0,0,7.31676E+20,5.48306E+21,1.2197E+16,4.9456E+16
188873,9,1,62,0,2018,10,11,5,3,5,3,0,1,1,0,0,0,0,0,6.98638E+20,5.32919E+21,1.16674E+16,4.8085E+16
188874,9,2,77,145,2018,10,13,1,3,0,1,0,1,0,0,0,0,0,0,7.98309E+20,5.35361E+21,1.302E+16,4.82653E+16
188875,9,1,62,0,2018,10,14,5,3,0,1,0,1,0,0,0,0,0,0,6.91117E+20,5.33421E+21,1.15687E+16,4.81324E+16
188876,9,1,62,0,2018,10,10,5,3,3,6,0,0,1,0,1,0,0,0,6.92135E+20,5.33291E+21,1.15818E+16,4.81205E+16
188877,9,2,62,0,2018,10,10,1,3,3,7,0,0,1,0,0,0,0,0,8.24854E+20,5.38954E+21,1.34045E+16,4.85746E+16
188878,9,1,62,0,2018,10,21,5,3,0,6,2,0,0,0,1,0,1,1,6.93952E+20,5.3363E+21,1.16077E+16,4.81504E+16
188879,9,2,73,178,2018,10,17,1,2,8,2,0,0,0,0,1,0,0,0,7.11479E+20,5.38706E+21,1.18686E+16,4.86009E+16
188880,9,1,62,0,2018,10,12,5,3,2,6,0,0,1,0,1,0,0,0,6.95105E+20,5.33846E+21,1.16242E+16,4.81694E+16
188881,9,2,79,124,2018,10,16,1,2,6,7,0,0,1,1,0,0,0,1,7.54533E+20,5.38547E+21,1.24507E+16,4.85706E+16
188882,9,1,73,137,2018,10,11,1,3,0,7,0,0,1,0,0,0,0,0,6.77682E+20,5.3084E+21,1.13776E+16,4.79043E+16
188883,9,1,62,0,2018,10,8,5,3,5,5,0,1,1,0,0,0,0,0,6.91089E+20,5.33422E+21,1.15683E+16,4.81325E+16
188884,9,1,86,137,2018,10,16,1,3,8,6,0,0,0,0,1,0,1,0,6.857E+20,5.40014E+21,1.15252E+16,4.87266E+16
188885,9,1,62,0,2018,10,13,5,3,6,6,0,0,1,1,0,0,0,0,6.90294E+20,5.33539E+21,1.15582E+16,4.81433E+16
188886,9,1,85,149,2018,10,17,1,3,5,3,0,0,1,0,1,0,0,0,6.61509E+20,5.40011E+21,1.11965E+16,4.8733E+16
188887,9,1,62,0,2018,10,13,5,3,0,6,0,0,1,0,1,0,0,0,6.87035E+20,5.33482E+21,1.15142E+16,4.81391E+16
188888,9,1,62,0,2018,10,20,5,3,5,3,2,1,1,0,0,0,0,0,6.82815E+20,5.34019E+21,1.14598E+16,4.81886E+16
188889,9,1,88,124,2018,10,16,1,3,1,5,0,1,1,0,0,0,0,0,6.62277E+20,5.3179E+21,1.11752E+16,4.79938E+16
188890,9,1,62,0,2018,10,15,5,3,5,3,0,0,1,0,0,0,0,0,6.87455E+20,5.33605E+21,1.15204E+16,4.81501E+16
188891,9,1,77,117,2018,10,12,1,3,0,6,0,0,0,0,1,0,0,0,7.15425E+20,5.35457E+21,1.19054E+16,4.83076E+16
188892,9,1,62,0,2018,10,10,5,3,1,6,0,0,1,0,0,0,0,0,6.86394E+20,5.33755E+21,1.15068E+16,4.81639E+16
188893,9,1,62,0,2018,10,11,7,3,5,3,0,1,1,0,0,0,0,0,6.8922E+20,5.34171E+21,1.15466E+16,4.82004E+16
188894,9,1,62,0,2018,10,17,5,3,3,6,0,1,0,0,0,0,0,0,6.94579E+20,5.33585E+21,1.1616E+16,4.81461E+16
188895,9,1,62,0,2018,10,13,7,3,2,7,0,0,1,0,0,0,0,0,6.90386E+20,5.33269E+21,1.15582E+16,4.8119E+16
188896,9,1,62,0,2018,10,14,5,3,2,2,0,0,1,0,1,0,0,0,6.94117E+20,5.33474E+21,1.16092E+16,4.81363E+16
188897,9,1,62,0,2018,10,10,7,2,0,7,0,1,0,0,0,0,0,0,6.9213E+20,5.33439E+21,1.15824E+16,4.81338E+16
188898,9,1,62,0,2018,10,22,5,3,0,5,2,1,1,0,0,0,0,0,6.88588E+20,5.33416E+21,1.15347E+16,4.81327E+16
188899,9,1,62,0,2018,10,12,7,3,3,2,0,0,1,0,0,0,1,0,6.84603E+20,5.33502E+21,1.14816E+16,4.81417E+16
188900,9,7,75,135,2018,10,18,5,3,2,6,0,0,1,0,0,0,0,0,5.75206E+20,5.36075E+21,1.0016E+16,4.83954E+16
188901,9,1,62,0,2018,10,14,7,3,3,2,0,1,1,0,0,0,0,0,6.89653E+20,5.33303E+21,1.15485E+16,4.81222E+16
188902,9,7,78,171,2018,10,14,5,3,5,3,0,1,0,0,0,0,1,0,5.90153E+20,5.31643E+21,1.02084E+16,4.79948E+16
188903,9,1,62,0,2018,10,14,7,3,1,5,0,1,1,0,0,0,0,0,6.90884E+20,5.33481E+21,1.15659E+16,4.81379E+16
188904,9,7,74,185,2018,10,7,5,3,5,3,2,0,1,0,0,0,0,0,6.08773E+20,5.34804E+21,1.0466E+16,4.82762E+16
188905,9,7,75,129,2018,10,18,5,3,4,6,1,1,1,0,0,0,0,0,5.82072E+20,5.34179E+21,1.0105E+16,4.8224E+16
188906,9,1,62,0,2018,10,12,7,3,1,5,0,0,1,0,0,0,1,0,6.88665E+20,5.3379E+21,1.15374E+16,4.81663E+16
188907,9,7,80,123,2018,10,9,5,3,5,3,0,0,1,0,0,0,0,0,6.04406E+20,5.26181E+21,1.03863E+16,4.75014E+16
188908,9,1,62,0,2018,10,12,7,3,0,1,0,1,0,0,0,0,0,0,6.88589E+20,5.33647E+21,1.15358E+16,4.81535E+16
188909,9,7,79,131,2018,10,15,5,3,0,7,0,1,0,0,0,0,0,0,6.28968E+20,5.39757E+21,1.07534E+16,4.87178E+16
188910,9,1,62,0,2018,10,20,7,2,3,2,2,0,1,0,1,0,0,0,6.89638E+20,5.33343E+21,1.15485E+16,4.81259E+16
188911,9,7,73,125,2018,10,16,5,3,5,3,0,1,1,0,0,0,0,0,6.11506E+20,5.3832E+21,1.05122E+16,4.85919E+16
188912,9,1,84,134,2018,10,23,7,2,0,1,2,0,1,0,0,0,0,0,6.92537E+20,5.32189E+21,1.15822E+16,4.80213E+16
188913,9,7,73,125,2018,10,17,5,2,6,7,0,0,0,1,0,0,1,0,6.10341E+20,5.38159E+21,1.0496E+16,4.85776E+16
188914,9,1,62,0,2018,10,13,7,3,1,5,0,0,1,0,1,0,0,0,6.90491E+20,5.33396E+21,1.15602E+16,4.81304E+16
188915,9,7,75,135,2018,10,12,7,3,6,7,0,0,0,1,0,0,1,0,5.73789E+20,5.36071E+21,9.99684E+15,4.83952E+16
188916,9,7,73,125,2018,10,15,5,3,3,3,0,1,1,0,0,0,0,0,6.08428E+20,5.38157E+21,1.04701E+16,4.85778E+16
188917,9,7,64,0,2018,10,20,7,3,4,7,2,1,0,0,0,0,0,0,5.87097E+20,5.3171E+21,1.01676E+16,4.80013E+16
188918,9,7,71,130,2018,10,16,5,3,0,1,0,1,0,0,0,0,0,0,6.46957E+20,5.35742E+21,1.09837E+16,4.83528E+16
188919,9,7,63,0,2018,10,5,7,2,9,1,2,0,1,0,0,0,0,1,5.98149E+20,5.28898E+21,1.03094E+16,4.77468E+16
188920,9,7,61,0,2018,10,21,5,3,5,3,2,1,1,0,0,0,0,0,6.41787E+20,5.36213E+21,1.09155E+16,4.83964E+16
188921,9,7,63,0,2018,10,12,7,3,3,6,0,0,1,0,0,0,0,0,5.98647E+20,5.28542E+21,1.03152E+16,4.77146E+16
188922,9,7,61,0,2018,10,8,5,3,1,5,0,0,1,0,0,0,0,0,6.42215E+20,5.36174E+21,1.09211E+16,4.83927E+16
188923,9,7,61,0,2018,10,9,5,3,5,3,0,1,1,0,0,0,0,0,6.42702E+20,5.36017E+21,1.09272E+16,4.83785E+16
188924,9,7,77,169,2018,10,10,7,3,6,6,0,1,0,1,0,0,0,0,6.31646E+20,5.26819E+21,1.07498E+16,4.75538E+16
188925,9,7,61,0,2018,10,16,5,3,0,1,0,1,0,0,0,0,0,1,6.40215E+20,5.35722E+21,1.08926E+16,4.83526E+16
188926,9,7,77,121,2018,10,17,7,3,5,3,0,1,1,0,0,0,0,0,6.28681E+20,5.32268E+21,1.07266E+16,4.80444E+16
188927,9,7,71,146,2018,10,12,7,3,3,2,0,1,0,0,0,0,1,0,6.47289E+20,5.34743E+21,1.09846E+16,4.82629E+16
188928,9,7,61,0,2018,10,12,5,3,4,2,0,1,1,0,0,0,0,0,6.40818E+20,5.35953E+21,1.09015E+16,4.83732E+16
188929,9,7,72,163,2018,10,16,7,3,5,3,0,0,1,0,0,0,0,0,6.40164E+20,5.34762E+21,1.08888E+16,4.82663E+16
188930,9,6,63,0,2018,10,8,5,3,1,6,1,0,1,0,0,0,0,0,5.63321E+20,5.51735E+21,9.87999E+15,4.98052E+16
188931,9,7,61,0,2018,10,6,7,3,9,1,2,0,1,0,0,0,0,0,6.36619E+20,5.36089E+21,1.08453E+16,4.83864E+16
188932,9,6,63,0,2018,10,18,5,2,6,7,1,1,0,1,0,0,0,0,5.67522E+20,5.51639E+21,9.93821E+15,4.97962E+16
188933,9,6,75,141,2018,10,16,5,3,5,3,0,1,1,0,0,0,0,0,5.83283E+20,5.51012E+21,1.01558E+16,4.97378E+16
188934,9,7,61,0,2018,10,18,7,3,5,3,1,0,1,0,1,0,0,0,6.40164E+20,5.35292E+21,1.08905E+16,4.83139E+16
188935,9,6,73,114,2018,10,17,5,3,2,2,0,0,1,0,0,0,0,0,5.853E+20,5.57505E+21,1.01982E+16,5.03214E+16
188936,9,7,61,0,2018,10,18,7,3,5,3,1,1,1,0,0,0,0,0,6.40225E+20,5.35895E+21,1.08933E+16,4.83681E+16
188937,9,6,62,0,2018,10,17,5,3,6,2,0,0,1,1,0,0,0,0,5.88168E+20,5.54618E+21,1.02318E+16,5.00614E+16
188938,9,6,62,0,2018,10,15,5,3,2,6,0,0,1,0,0,0,0,0,5.88356E+20,5.54314E+21,1.02338E+16,5.0034E+16
188939,9,6,75,141,2018,10,11,7,3,6,7,0,1,0,1,0,0,0,0,5.83802E+20,5.51036E+21,1.01631E+16,4.97399E+16
188940,9,6,76,145,2018,10,14,5,2,5,3,0,1,1,0,0,0,0,0,5.10597E+20,5.52071E+21,9.14737E+15,4.98387E+16
188941,9,6,73,142,2018,10,11,7,2,0,1,0,0,0,0,1,0,0,0,5.91961E+20,5.58616E+21,1.02945E+16,5.04203E+16
188942,9,6,74,147,2018,10,10,7,3,5,3,0,0,1,0,0,0,0,0,6.08334E+20,5.54323E+21,1.05127E+16,5.00315E+16
188943,9,6,61,0,2018,10,9,5,3,6,4,0,0,1,1,0,0,0,0,5.10267E+20,5.5364E+21,9.1432E+15,4.99799E+16
188944,9,6,76,169,2018,10,15,7,3,3,6,0,0,1,0,0,0,0,0,5.11449E+20,5.51597E+21,9.15909E+15,4.97961E+16
188945,9,5,76,143,2018,10,9,5,3,0,7,0,0,0,0,1,0,0,0,6.49672E+20,5.45739E+21,1.10567E+16,4.9251E+16
188946,9,6,76,121,2018,10,13,7,3,2,6,0,0,1,0,0,0,0,0,5.11424E+20,5.52119E+21,9.15888E+15,4.9843E+16
188947,9,5,62,0,2018,10,7,5,3,5,3,1,1,0,0,0,0,0,0,6.40593E+20,5.49536E+21,1.09455E+16,4.95945E+16
188948,9,5,62,0,2018,10,20,7,3,0,7,2,0,1,1,0,0,0,0,6.44065E+20,5.49351E+21,1.09928E+16,4.9577E+16