OBJECTID_1,ULAND,UREGBEZ,UKREIS,UGEMEINDE,UJAHR,UMONAT,USTUNDE,UWOCHENTAG,UKATEGORIE,UART,UTYP1,ULICHTVERH,IstRad,IstPKW,IstFuss,IstKrad,IstGkfz,IstSonstig,STRZUSTAND,LINREFX,LINREFY,XGCSWGS84,YGCSWGS84
188949,9,5,65,0,2018,10,7,5,3,2,6,0,0,1,0,0,0,0,0,6.47745E+20,5.46683E+21,1.10338E+16,4.93363E+16
188950,9,5,63,0,2018,10,11,7,3,5,7,0,0,1,0,1,0,0,0,6.45369E+20,5.48049E+21,1.10061E+16,4.94597E+16
188951,9,5,76,128,2018,10,16,5,3,9,7,0,0,0,0,1,0,0,0,6.43632E+20,5.46327E+21,1.09759E+16,4.93053E+16
188952,9,5,77,159,2018,10,13,7,3,5,3,0,1,1,0,0,0,0,0,6.35589E+20,5.44209E+21,1.08582E+16,4.91167E+16
188953,9,5,63,0,2018,10,12,5,3,6,4,0,0,1,1,0,0,0,0,6.44206E+20,5.48165E+21,1.09905E+16,4.94703E+16
188954,9,5,71,193,2018,10,14,7,3,5,3,0,1,1,0,0,0,0,0,5.86217E+20,5.47009E+21,1.01878E+16,4.93774E+16
188955,9,5,63,0,2018,10,9,5,3,1,6,0,0,1,0,0,0,0,0,6.45928E+20,5.48147E+21,1.10141E+16,4.94683E+16
188956,9,4,75,162,2018,10,10,7,2,5,3,0,0,1,0,1,0,0,0,7.16225E+20,5.57094E+21,1.20332E+16,5.0251E+16
188957,9,5,64,0,2018,10,9,5,2,5,3,0,1,0,0,0,0,0,0,6.49661E+20,5.48026E+21,1.10652E+16,4.94565E+16
188958,9,4,64,0,2018,10,18,7,3,5,3,2,0,1,0,0,0,0,0,7.08136E+20,5.57722E+21,1.19233E+16,5.03103E+16
188959,9,5,64,0,2018,10,18,5,3,2,6,2,0,1,0,0,0,0,0,6.52026E+20,5.47883E+21,1.10972E+16,4.94431E+16
188960,9,5,64,0,2018,10,16,5,3,5,3,0,1,1,0,0,0,0,0,6.52408E+20,5.48055E+21,1.11032E+16,4.94585E+16
188961,9,4,72,154,2018,10,14,7,3,2,6,0,0,1,0,0,0,0,0,6.64683E+20,5.53382E+21,1.12948E+16,4.9934E+16
188962,9,5,64,0,2018,10,15,5,3,5,3,0,0,1,0,0,0,0,0,6.4601E+20,5.47985E+21,1.10147E+16,4.94538E+16
188963,9,4,61,0,2018,10,15,7,3,0,5,0,1,1,0,0,0,0,0,6.37688E+20,5.52943E+21,1.09174E+16,4.99014E+16
188964,9,5,77,173,2018,10,16,5,3,5,3,0,0,1,0,0,0,0,0,6.40381E+20,5.42331E+21,1.09173E+16,4.89468E+16
188965,9,3,75,190,2018,10,14,7,3,0,1,0,0,0,0,1,0,0,0,7.22571E+20,5.44508E+21,1.20504E+16,4.91183E+16
188966,9,5,71,134,2018,10,15,5,3,0,7,0,1,0,0,0,0,1,0,5.86389E+20,5.46275E+21,1.01885E+16,4.93113E+16
188967,9,3,61,0,2018,10,19,7,3,5,3,2,0,1,0,0,0,0,0,7.06403E+20,5.48133E+21,1.18478E+16,4.94496E+16
188968,9,5,61,0,2018,10,12,5,3,0,1,0,1,0,0,0,0,0,0,6.13877E+20,5.46158E+21,1.05663E+16,4.92964E+16
188969,9,2,74,134,2018,10,15,7,3,5,3,0,0,1,0,0,0,1,0,7.3902E+20,5.3748E+21,1.22346E+16,4.84809E+16
188970,9,4,73,159,2018,10,13,5,3,1,6,0,0,1,0,0,0,1,0,6.44322E+20,5.57264E+21,1.1026E+16,5.02882E+16
188971,9,2,74,128,2018,10,12,7,3,5,3,0,1,1,0,0,0,0,0,7.37623E+20,5.38905E+21,1.22238E+16,4.86094E+16
188972,9,4,73,159,2018,10,13,5,2,0,1,0,1,0,0,0,0,0,0,6.44699E+20,5.57341E+21,1.10316E+16,5.02951E+16
188973,9,2,61,0,2018,10,13,7,3,4,7,0,1,1,0,0,0,0,0,7.32654E+20,5.38075E+21,1.21519E+16,4.85366E+16
188974,9,4,78,145,2018,10,14,5,3,5,3,0,0,1,0,0,0,0,0,6.50052E+20,5.55902E+21,1.1101E+16,5.01644E+16
188975,9,2,61,0,2018,10,16,7,3,0,1,0,1,0,0,0,0,0,1,7.31677E+20,5.38189E+21,1.21393E+16,4.85473E+16
188976,9,1,73,135,2018,10,15,7,2,9,1,0,0,0,0,1,0,0,0,6.92361E+20,5.2844E+21,1.15632E+16,4.76843E+16
188977,9,4,73,120,2018,10,16,5,3,0,3,0,0,1,0,0,0,0,0,6.42872E+20,5.57235E+21,1.10055E+16,5.02859E+16
188978,9,1,89,133,2018,10,0,7,3,8,1,2,0,0,0,1,0,0,1,7.51014E+20,5.32314E+21,1.2366E+16,4.80122E+16
188979,9,4,71,120,2018,10,8,5,3,5,3,0,0,1,0,0,0,0,0,6.25266E+20,5.52159E+21,1.07419E+16,4.98336E+16
188980,9,1,71,112,2018,10,18,7,2,8,1,1,1,0,0,0,0,0,0,7.85317E+20,5.34265E+21,1.2838E+16,4.8173E+16
188981,9,4,61,0,2018,10,7,5,3,1,6,0,0,1,0,0,0,0,0,6.37589E+20,5.52925E+21,1.09159E+16,4.98998E+16
188982,9,4,61,0,2018,10,15,5,2,6,4,0,0,1,1,0,0,0,0,6.37781E+20,5.52928E+21,1.09186E+16,4.99E+16
188983,9,1,72,128,2018,10,17,7,2,8,7,0,0,1,0,0,0,0,0,7.92579E+20,5.2969E+21,1.29043E+16,4.7759E+16
188984,9,4,61,0,2018,10,12,5,3,5,3,0,1,1,0,0,0,0,0,6.36211E+20,5.53087E+21,1.08973E+16,4.99147E+16
188985,9,1,61,0,2018,10,19,7,3,2,6,2,0,1,0,0,0,0,0,6.75408E+20,5.4051E+21,1.13875E+16,4.87742E+16
188986,9,3,75,117,2018,10,7,5,3,5,2,1,0,1,0,0,0,0,0,7.34714E+20,5.43219E+21,1.22091E+16,4.8998E+16
188987,9,1,85,150,2018,10,16,7,2,4,6,0,1,1,0,0,0,0,0,6.53851E+20,5.39862E+21,1.10919E+16,4.87216E+16
188988,9,3,75,174,2018,10,16,5,3,2,6,0,0,1,0,0,0,0,0,7.34706E+20,5.42998E+21,1.22077E+16,4.89781E+16
188989,9,1,88,113,2018,10,18,7,3,0,1,1,0,0,0,1,0,0,0,6.76311E+20,5.31727E+21,1.13629E+16,4.79845E+16
188990,9,1,74,115,2018,10,13,7,3,1,6,0,0,1,0,0,0,0,0,6.83079E+20,5.34773E+21,1.14666E+16,4.82563E+16
188991,9,3,75,165,2018,10,12,5,2,5,6,0,0,1,1,0,0,0,0,7.22781E+20,5.44038E+21,1.20507E+16,4.90759E+16
188992,9,1,77,115,2018,10,11,7,2,0,1,0,0,0,0,0,0,1,0,7.39736E+20,5.35402E+21,1.22324E+16,4.82939E+16
188993,9,3,62,0,2018,10,8,5,3,5,3,0,1,1,0,0,0,0,0,7.26521E+20,5.43493E+21,1.20988E+16,4.90256E+16
188994,9,1,62,0,2018,10,16,6,3,0,7,0,0,0,0,1,0,0,0,6.91352E+20,5.3362E+21,1.15728E+16,4.81502E+16
188995,9,3,73,147,2018,10,5,5,3,0,1,2,1,1,0,0,0,0,0,6.79138E+20,5.46179E+21,1.14632E+16,4.92826E+16
188996,9,3,61,0,2018,10,9,5,3,0,7,0,0,1,0,1,0,0,0,7.0768E+20,5.48109E+21,1.18653E+16,4.9447E+16
188997,9,1,62,0,2018,10,12,6,3,2,5,0,0,1,0,0,0,0,0,6.86645E+20,5.33438E+21,1.15087E+16,4.81353E+16
188998,9,2,71,111,2018,10,6,5,2,0,7,2,1,0,0,0,0,0,0,7.87202E+20,5.40796E+21,1.29081E+16,4.87583E+16
188999,9,1,84,131,2018,10,15,6,3,4,1,0,1,1,0,0,0,0,0,7.04571E+20,5.33958E+21,1.17519E+16,4.81765E+16
189000,9,1,62,0,2018,10,16,6,3,0,6,0,0,1,0,0,0,1,0,6.89291E+20,5.34264E+21,1.1548E+16,4.82087E+16
189001,9,2,71,119,2018,10,14,5,3,4,2,0,0,1,0,0,0,0,0,7.90436E+20,5.41638E+21,1.2958E+16,4.88324E+16
189002,9,1,62,0,2018,10,18,6,3,6,3,2,1,0,1,0,0,0,0,6.83012E+20,5.33553E+21,1.14605E+16,4.81466E+16
189003,9,1,62,0,2018,10,14,6,3,5,3,0,1,1,0,0,0,0,0,6.83374E+20,5.33548E+21,1.14653E+16,4.81461E+16
189004,9,2,71,119,2018,10,6,5,3,5,3,2,1,1,0,0,0,0,0,7.90968E+20,5.41658E+21,1.29653E+16,4.88339E+16
189005,9,1,62,0,2018,10,8,6,3,3,6,0,0,1,0,1,0,0,0,6.87956E+20,5.33403E+21,1.15262E+16,4.81318E+16
189006,9,2,74,184,2018,10,15,5,3,5,7,0,1,1,0,0,0,0,0,7.47605E+20,5.37169E+21,1.23487E+16,4.84496E+16
189007,9,1,62,0,2018,10,10,6,2,5,7,0,1,1,0,0,0,0,0,6.89849E+20,5.33599E+21,1.15525E+16,4.81488E+16
189008,9,1,90,148,2018,10,14,5,3,5,3,0,0,1,0,0,0,0,0,6.41263E+20,5.29667E+21,1.08868E+16,4.78079E+16
189009,9,1,80,117,2018,10,16,5,2,5,3,0,1,1,0,0,0,0,0,6.58703E+20,5.26214E+21,1.1107E+16,4.74934E+16
189010,9,1,62,0,2018,10,11,6,3,2,6,0,1,1,0,0,0,0,0,6.94787E+20,5.34037E+21,1.16208E+16,4.81866E+16
189011,9,1,72,128,2018,10,16,5,3,0,7,0,1,0,0,0,0,1,0,7.93088E+20,5.29812E+21,1.2912E+16,4.77697E+16
189012,9,7,75,135,2018,10,7,6,3,3,2,0,1,1,0,0,0,0,0,5.74219E+20,5.36019E+21,1.00026E+16,4.83905E+16
189013,9,1,71,111,2018,10,15,5,3,0,7,0,1,0,0,0,0,1,0,7.73793E+20,5.34786E+21,1.26867E+16,4.82248E+16
189014,9,7,78,173,2018,10,13,6,2,0,7,0,1,0,0,0,0,0,0,6.10964E+20,5.32377E+21,1.04892E+16,4.80575E+16
189015,9,1,63,0,2018,10,10,5,3,5,2,0,0,1,0,1,0,0,0,7.35135E+20,5.30406E+21,1.2143E+16,4.78469E+16
189016,9,7,64,0,2018,10,19,6,3,0,7,2,1,0,0,0,0,0,0,5.88924E+20,5.31441E+21,1.01916E+16,4.79768E+16
189017,9,1,87,169,2018,10,2,5,3,1,1,2,0,1,0,0,0,0,0,7.3663E+20,5.29902E+21,1.21602E+16,4.7801E+16
189018,9,7,63,0,2018,10,7,6,3,5,3,1,1,1,0,0,0,0,0,5.99284E+20,5.28552E+21,1.03237E+16,4.77154E+16
189019,9,1,81,138,2018,10,10,5,3,0,6,0,0,1,0,1,0,0,0,6.39908E+20,5.33586E+21,1.08814E+16,4.81606E+16
189020,9,7,80,133,2018,10,22,6,3,0,1,2,0,0,0,1,0,0,0,5.96165E+20,5.2521E+21,1.02748E+16,4.74153E+16
189021,9,1,81,130,2018,10,8,5,3,0,1,0,1,0,0,0,0,0,0,6.39688E+20,5.32324E+21,1.08744E+16,4.80471E+16
189022,9,7,77,151,2018,10,12,6,3,5,3,0,1,0,0,0,1,0,0,6.20886E+20,5.29313E+21,1.06137E+16,4.77802E+16
189023,9,1,79,145,2018,10,7,5,3,5,3,1,1,1,0,0,0,0,0,6.75142E+20,5.33861E+21,1.1356E+16,4.81765E+16
189024,9,7,62,0,2018,10,6,6,3,8,1,2,0,0,0,1,0,0,0,6.23373E+20,5.30605E+21,1.06506E+16,4.78959E+16
189025,9,1,79,126,2018,10,10,5,2,0,1,0,1,0,0,0,0,0,0,6.76278E+20,5.34051E+21,1.13721E+16,4.81934E+16
189026,9,7,77,129,2018,10,13,6,3,5,2,0,1,0,0,1,0,0,0,6.25401E+20,5.27E+21,1.06673E+16,4.75713E+16
189027,9,1,79,123,2018,10,10,5,3,1,7,0,1,1,0,0,0,0,0,6.75966E+20,5.3335E+21,1.1365E+16,4.81304E+16
189028,9,1,79,121,2018,10,11,6,3,3,6,0,0,1,0,0,1,0,0,6.66537E+20,5.33776E+21,1.124E+16,4.81713E+16
189029,9,1,88,121,2018,10,14,5,2,0,7,0,1,0,0,0,0,0,0,6.73282E+20,5.33058E+21,1.13278E+16,4.81049E+16
189030,9,7,72,184,2018,10,18,6,3,4,2,1,1,1,0,0,0,0,0,6.35927E+20,5.36172E+21,1.08362E+16,4.8394E+16
189031,9,1,79,131,2018,10,15,5,2,0,1,0,1,0,0,0,0,0,0,6.58527E+20,5.33202E+21,1.11302E+16,4.81217E+16
189032,9,7,72,177,2018,10,6,6,3,8,1,1,0,0,0,0,0,1,1,6.36471E+20,5.37832E+21,1.0849E+16,4.85432E+16
189033,9,1,62,0,2018,10,18,4,3,3,2,2,1,1,0,0,0,0,0,6.90333E+20,5.33347E+21,1.15579E+16,4.8126E+16
189034,9,7,61,0,2018,10,16,6,3,0,1,0,1,0,0,0,0,0,0,6.38326E+20,5.35922E+21,1.08678E+16,4.83709E+16
189035,9,7,61,0,2018,10,7,6,3,5,2,0,0,1,0,1,0,0,0,6.37635E+20,5.35982E+21,1.08587E+16,4.83765E+16
189036,9,1,62,0,2018,10,9,4,3,4,2,0,0,1,0,0,0,0,0,6.95813E+20,5.33416E+21,1.16317E+16,4.81306E+16
189037,9,7,61,0,2018,10,1,6,3,0,5,2,1,0,0,0,0,0,0,6.38903E+20,5.35848E+21,1.08754E+16,4.83642E+16
189038,9,1,62,0,2018,10,14,4,3,4,3,0,1,0,0,0,0,1,0,6.85259E+20,5.33768E+21,1.14916E+16,4.81653E+16
189039,9,7,61,0,2018,10,15,6,3,2,6,0,0,1,0,0,0,0,0,6.38224E+20,5.36032E+21,1.08668E+16,4.83809E+16
189040,9,1,62,0,2018,10,18,4,3,1,5,0,1,1,0,0,0,0,0,6.91769E+20,5.33672E+21,1.15786E+16,4.81548E+16
189041,9,7,61,0,2018,10,12,6,3,0,3,0,1,0,0,0,0,0,0,6.41731E+20,5.36001E+21,1.0914E+16,4.83773E+16
189042,9,1,62,0,2018,10,17,4,3,1,1,0,1,1,0,0,0,0,0,6.98687E+20,5.33386E+21,1.16702E+16,4.8127E+16
189043,9,6,63,0,2018,10,16,6,3,2,6,0,0,1,0,0,0,0,0,5.66577E+20,5.51548E+21,9.92492E+15,4.97881E+16
189044,9,1,62,0,2018,10,19,4,3,5,2,2,1,1,0,0,0,0,0,6.92248E+20,5.33232E+21,1.1583E+16,4.81151E+16
189045,9,1,62,0,2018,10,8,4,3,5,3,0,1,1,0,0,0,0,0,6.92545E+20,5.3392E+21,1.15901E+16,4.81768E+16
189046,9,6,63,0,2018,10,6,6,3,0,7,2,1,0,0,0,0,0,0,5.70152E+20,5.51463E+21,9.97442E+15,4.978E+16
189047,9,6,76,124,2018,10,22,6,3,5,7,2,0,1,0,0,0,1,0,5.31926E+20,5.5141E+21,9.44344E+15,4.97785E+16
189048,9,6,71,130,2018,10,14,6,3,7,1,0,0,1,0,0,0,0,0,5.15071E+20,5.53971E+21,9.21034E+15,5.00095E+16
189049,9,1,62,0,2018,10,16,4,3,6,4,0,0,1,1,0,0,0,0,6.91195E+20,5.34203E+21,1.15733E+16,4.82027E+16
189050,9,6,61,0,2018,10,12,6,3,1,6,0,0,1,0,0,0,0,0,5.11037E+20,5.53512E+21,9.1539E+15,4.99683E+16
189051,9,1,84,149,2018,10,8,4,3,5,3,0,0,1,0,0,0,0,0,6.90718E+20,5.35053E+21,1.15707E+16,4.82792E+16
189052,9,5,62,0,2018,10,11,6,3,0,7,0,1,0,0,0,0,0,0,6.44505E+20,5.49636E+21,1.1E+16,4.96026E+16
189053,9,1,62,0,2018,10,10,4,3,0,5,0,0,1,0,0,0,1,0,6.91525E+20,5.33286E+21,1.15736E+16,4.81202E+16
189054,9,5,62,0,2018,10,18,4,3,3,2,1,1,1,0,0,0,0,1,6.44761E+20,5.49597E+21,1.10034E+16,4.95989E+16
189055,9,5,76,127,2018,10,14,4,3,0,7,0,1,0,0,0,0,0,1,6.59714E+20,5.45077E+21,1.1192E+16,4.91889E+16
189056,9,5,74,117,2018,10,11,4,3,5,3,0,1,1,0,0,0,0,1,6.6969E+20,5.46591E+21,1.13352E+16,4.93223E+16
189057,9,5,63,0,2018,10,12,4,3,1,7,0,1,1,0,0,0,0,0,6.44309E+20,5.48136E+21,1.09918E+16,4.94678E+16
189058,9,5,63,0,2018,10,19,4,3,4,6,2,0,1,0,0,0,0,1,6.39128E+20,5.48093E+21,1.09201E+16,4.94651E+16
189059,9,5,64,0,2018,10,16,4,3,2,6,1,0,1,0,0,0,0,1,6.51487E+20,5.48064E+21,1.10905E+16,4.94595E+16
189060,9,5,64,0,2018,10,16,4,3,2,6,1,0,1,0,0,0,0,1,6.53856E+20,5.48167E+21,1.11236E+16,4.94681E+16
189061,9,5,73,122,2018,10,16,4,3,1,6,0,0,1,0,0,0,0,1,6.436E+20,5.47765E+21,1.09806E+16,4.94346E+16
189062,9,5,71,177,2018,10,15,4,3,9,1,0,0,1,0,0,0,0,1,6.23713E+20,5.45266E+21,1.06987E+16,4.92143E+16
189063,9,5,61,0,2018,10,13,4,3,5,3,0,0,1,0,1,0,0,1,6.14294E+20,5.46282E+21,1.05724E+16,4.93074E+16
189064,9,4,77,128,2018,10,7,4,3,5,3,1,1,1,0,0,0,0,1,6.75771E+20,5.55386E+21,1.14584E+16,5.0111E+16
189065,9,4,61,0,2018,10,16,4,3,5,3,0,1,1,0,0,0,0,1,6.35884E+20,5.52833E+21,1.08919E+16,4.98919E+16
189066,9,3,74,131,2018,10,20,4,3,0,7,2,0,0,0,1,0,1,1,7.18382E+20,5.49807E+21,1.20221E+16,4.95957E+16
189067,9,3,72,169,2018,10,7,4,3,8,6,1,0,1,0,1,0,0,0,7.45939E+20,5.4499E+21,1.23731E+16,4.91526E+16
189068,9,3,62,0,2018,10,22,4,3,6,4,2,0,1,1,0,0,0,1,7.26201E+20,5.43228E+21,1.20929E+16,4.90019E+16
189069,9,3,62,0,2018,10,7,4,3,5,3,0,1,0,0,0,0,0,0,7.26685E+20,5.43535E+21,1.21012E+16,4.90293E+16
189070,9,2,62,0,2018,10,16,4,3,4,2,0,0,1,0,1,0,0,1,8.30531E+20,5.39181E+21,1.34831E+16,4.8592E+16
189071,9,2,62,0,2018,10,15,4,2,0,6,0,0,0,0,1,0,0,1,8.28687E+20,5.38936E+21,1.34562E+16,4.8571E+16
189072,9,2,75,141,2018,10,18,4,3,5,3,2,1,1,0,0,0,0,0,8.19537E+20,5.36919E+21,1.33171E+16,4.83948E+16
189073,9,1,73,126,2018,10,16,4,3,5,3,0,0,1,0,0,0,0,1,6.86576E+20,5.30304E+21,1.14942E+16,4.78536E+16
189074,9,1,63,0,2018,10,14,4,3,4,4,0,0,1,1,0,0,0,1,7.33725E+20,5.30511E+21,1.21248E+16,4.78568E+16
189075,9,1,87,117,2018,10,21,4,2,5,3,2,1,1,0,0,0,0,1,7.25648E+20,5.30472E+21,1.20167E+16,4.78562E+16
189076,9,1,86,143,2018,10,15,4,3,6,4,0,0,1,1,0,0,0,0,6.84772E+20,5.37803E+21,1.15027E+16,4.85282E+16
189077,9,1,85,149,2018,10,8,4,3,5,3,0,1,1,0,0,0,0,0,6.60387E+20,5.39965E+21,1.11811E+16,4.87292E+16
189078,9,2,61,0,2018,10,22,6,3,6,7,2,1,0,1,0,0,0,0,7.32604E+20,5.38061E+21,1.21512E+16,4.85355E+16
189079,9,1,61,0,2018,10,14,4,3,0,7,0,1,0,0,0,0,0,1,6.77002E+20,5.40616E+21,1.14096E+16,4.87833E+16
189080,9,2,74,126,2018,10,16,6,3,5,3,0,0,1,0,0,0,0,0,7.33644E+20,5.38435E+21,1.21673E+16,4.85687E+16
189081,9,1,81,139,2018,10,15,4,3,5,3,0,1,1,0,0,0,0,1,6.55999E+20,5.32371E+21,1.10932E+16,4.80476E+16
189082,9,1,75,118,2018,10,16,4,3,9,1,1,0,1,0,0,0,0,1,7.17525E+20,5.33924E+21,1.19258E+16,4.81692E+16
189083,9,2,74,126,2018,10,21,6,2,5,3,2,0,1,0,1,0,0,0,7.33373E+20,5.38435E+21,1.21636E+16,4.85687E+16
189084,9,1,78,124,2018,10,0,4,3,0,1,2,1,0,0,0,0,0,0,7.03041E+20,5.36443E+21,1.17433E+16,4.84003E+16
189085,9,1,90,148,2018,10,13,6,3,2,6,0,0,1,0,0,0,0,0,6.40124E+20,5.2965E+21,1.08715E+16,4.78066E+16
189086,9,1,77,117,2018,10,19,4,3,5,2,2,0,1,0,0,0,0,1,7.14485E+20,5.35542E+21,1.18931E+16,4.83156E+16
189087,9,1,83,128,2018,10,17,6,2,4,6,0,0,1,0,1,0,0,0,7.63523E+20,5.34951E+21,1.25497E+16,4.82439E+16
189088,9,1,71,117,2018,10,12,6,3,5,3,0,0,1,0,1,0,0,0,7.66311E+20,5.33733E+21,1.25796E+16,4.81334E+16
189089,9,1,75,131,2018,10,7,4,3,5,3,1,0,1,0,1,0,0,1,7.09949E+20,5.32297E+21,1.1816E+16,4.80255E+16
189090,9,1,63,0,2018,10,12,6,3,6,2,0,0,1,1,0,0,0,0,7.3126E+20,5.30411E+21,1.20913E+16,4.78487E+16
189091,9,1,62,0,2018,10,20,3,3,0,7,2,1,0,0,0,0,1,0,6.96707E+20,5.33832E+21,1.16457E+16,4.81676E+16
189092,9,1,62,0,2018,10,14,3,3,3,2,0,1,1,0,0,0,0,0,6.90194E+20,5.33542E+21,1.15569E+16,4.81436E+16
189093,9,1,87,150,2018,10,15,6,3,0,4,0,0,1,1,0,0,1,0,7.29428E+20,5.30418E+21,1.20669E+16,4.785E+16
189094,9,1,62,0,2018,10,20,3,3,5,3,2,0,1,0,0,0,0,0,6.93691E+20,5.33233E+21,1.16024E+16,4.81148E+16
189095,9,1,85,153,2018,10,15,6,3,2,6,0,1,1,0,0,0,0,0,6.48289E+20,5.40144E+21,1.10173E+16,4.87483E+16
189096,9,1,62,0,2018,10,14,3,3,5,3,0,1,1,0,0,0,0,0,6.9113E+20,5.33436E+21,1.1569E+16,4.81338E+16
189097,9,1,81,130,2018,10,12,6,3,5,3,0,0,1,0,0,0,0,0,6.38153E+20,5.32485E+21,1.08543E+16,4.80619E+16
189098,9,1,62,0,2018,10,15,3,3,5,3,0,1,1,0,0,0,0,0,6.89415E+20,5.33717E+21,1.15472E+16,4.81596E+16
189099,9,1,81,114,2018,10,17,6,3,2,6,0,0,0,0,1,0,0,0,6.54133E+20,5.31231E+21,1.10641E+16,4.79456E+16
189100,9,1,74,115,2018,10,7,6,3,4,6,0,1,0,0,0,0,0,0,6.81304E+20,5.34754E+21,1.14426E+16,4.82551E+16
189101,9,1,62,0,2018,10,17,3,3,4,2,1,0,1,0,0,0,0,1,6.84496E+20,5.33298E+21,1.14793E+16,4.81233E+16
189102,9,1,74,115,2018,10,16,6,3,2,6,0,0,1,0,0,0,0,0,6.82892E+20,5.34843E+21,1.14644E+16,4.82627E+16
189103,9,1,62,0,2018,10,11,3,3,3,2,0,0,1,0,1,0,0,0,6.90509E+20,5.33504E+21,1.15609E+16,4.81401E+16
189104,9,1,74,115,2018,10,7,6,3,5,3,0,1,1,0,0,0,0,0,6.81327E+20,5.3475E+21,1.14429E+16,4.82547E+16
189105,9,1,62,0,2018,10,8,3,1,3,2,0,0,1,0,1,0,0,0,6.89841E+20,5.33669E+21,1.15527E+16,4.81551E+16
189106,9,1,77,143,2018,10,15,6,2,2,6,0,0,1,0,1,0,0,0,7.19916E+20,5.363E+21,1.19702E+16,4.83818E+16
189107,9,1,62,0,2018,10,8,3,3,5,3,0,1,1,0,0,0,0,0,6.86842E+20,5.33911E+21,1.15135E+16,4.81777E+16
189108,9,1,62,0,2018,10,16,3,3,6,2,0,0,0,1,0,0,1,0,6.87008E+20,5.33438E+21,1.15136E+16,4.81352E+16
189109,9,1,62,0,2018,10,18,3,2,6,4,1,0,1,1,0,0,0,1,6.89047E+20,5.33339E+21,1.15406E+16,4.81256E+16
189110,9,7,76,116,2018,10,18,3,2,0,7,1,1,0,0,0,0,1,1,5.53485E+20,5.26956E+21,9.71121E+15,4.75772E+16
189111,9,7,77,121,2018,10,10,3,3,1,1,0,0,1,0,0,0,0,0,6.27551E+20,5.32138E+21,1.0711E+16,4.8033E+16
189112,9,1,77,139,2018,10,8,6,3,4,6,0,0,1,0,0,0,1,0,7.31852E+20,5.35968E+21,1.21294E+16,4.83477E+16
189113,9,1,62,0,2018,10,8,5,3,5,3,0,1,0,0,0,0,0,0,6.91855E+20,5.33706E+21,1.15799E+16,4.81578E+16
189114,9,7,79,131,2018,10,15,3,3,2,6,0,0,1,0,1,0,0,1,6.29969E+20,5.39744E+21,1.0767E+16,4.87165E+16
189115,9,1,62,0,2018,10,8,5,3,2,6,0,0,1,0,0,0,0,0,6.92039E+20,5.3381E+21,1.15829E+16,4.81671E+16
189116,9,7,72,184,2018,10,16,3,3,5,3,0,0,1,0,0,0,0,0,6.34883E+20,5.36197E+21,1.08222E+16,4.83964E+16
189117,9,1,62,0,2018,10,13,5,3,5,3,0,0,1,0,0,0,0,0,6.82304E+20,5.33662E+21,1.14514E+16,4.81566E+16
189118,9,7,61,0,2018,10,7,3,3,5,2,0,1,1,0,0,0,0,0,6.39272E+20,5.35554E+21,1.08794E+16,4.83376E+16
189119,9,1,62,0,2018,10,7,5,3,5,3,0,1,1,0,0,0,0,0,7.01291E+20,5.33464E+21,1.17055E+16,4.81331E+16
189120,9,6,63,0,2018,10,14,3,3,9,1,0,0,0,0,0,0,1,1,5.68687E+20,5.51683E+21,9.95447E+15,4.98E+16
189121,9,6,72,114,2018,10,10,3,3,6,7,0,1,0,1,0,0,0,0,5.76923E+20,5.56172E+21,1.00779E+16,5.02026E+16
189122,9,1,62,0,2018,10,7,5,3,5,3,0,1,1,0,0,0,0,1,6.88549E+20,5.33963E+21,1.15366E+16,4.81819E+16
189123,9,6,62,0,2018,10,14,3,3,0,3,0,1,0,0,0,0,1,0,5.88843E+20,5.54489E+21,1.0241E+16,5.00497E+16
189124,9,1,62,0,2018,10,11,5,3,3,7,0,0,1,0,0,0,1,0,6.93864E+20,5.33397E+21,1.16055E+16,4.81294E+16
189125,9,5,72,132,2018,10,7,3,3,5,3,0,1,1,0,0,0,0,0,6.35534E+20,5.493E+21,1.08747E+16,4.95744E+16
189126,9,1,62,0,2018,10,9,5,3,0,6,0,0,1,0,1,0,0,1,6.92322E+20,5.33752E+21,1.15864E+16,4.81618E+16
189127,9,1,62,0,2018,10,15,5,3,5,3,0,0,1,0,1,0,0,0,6.91196E+20,5.34046E+21,1.15726E+16,4.81886E+16
189128,9,5,62,0,2018,10,14,3,3,6,4,0,1,0,1,0,0,0,1,6.4505E+20,5.49576E+21,1.10073E+16,4.9597E+16
189129,9,1,62,0,2018,10,15,5,3,3,7,0,1,0,0,0,0,1,0,6.91583E+20,5.33732E+21,1.15764E+16,4.81602E+16
189130,9,5,72,115,2018,10,7,3,3,5,3,2,1,1,0,0,0,0,0,6.4666E+20,5.50232E+21,1.1032E+16,4.96555E+16
189131,9,1,62,0,2018,10,19,5,3,5,3,2,0,1,0,0,0,1,1,6.8857E+20,5.33564E+21,1.15352E+16,4.81461E+16
189132,9,1,62,0,2018,10,17,5,3,2,2,0,0,1,0,1,0,0,0,6.92714E+20,5.33412E+21,1.15901E+16,4.81312E+16