OBJECTID_1,ULAND,UREGBEZ,UKREIS,UGEMEINDE,UJAHR,UMONAT,USTUNDE,UWOCHENTAG,UKATEGORIE,UART,UTYP1,ULICHTVERH,IstRad,IstPKW,IstFuss,IstKrad,IstGkfz,IstSonstig,STRZUSTAND,LINREFX,LINREFY,XGCSWGS84,YGCSWGS84
189133,9,5,64,0,2018,10,15,3,3,3,7,0,1,1,0,0,0,0,0,6.49191E+20,5.48063E+21,1.10588E+16,4.94599E+16
189134,9,1,62,0,2018,10,6,5,3,6,4,2,0,1,1,1,0,0,1,6.91283E+20,5.33942E+21,1.15733E+16,4.81792E+16
189135,9,5,64,0,2018,10,14,3,3,1,6,0,0,1,0,0,0,1,1,6.50182E+20,5.4804E+21,1.10724E+16,4.94576E+16
189136,9,5,64,0,2018,10,14,3,3,0,2,0,1,1,0,0,0,0,1,6.49759E+20,5.47933E+21,1.10662E+16,4.94481E+16
189137,9,1,62,0,2018,10,11,5,3,3,2,0,1,1,0,0,0,0,0,6.907E+20,5.3386E+21,1.15651E+16,4.8172E+16
189138,9,5,64,0,2018,10,7,3,3,2,6,0,0,1,0,0,0,0,0,6.52463E+20,5.48341E+21,1.1105E+16,4.94842E+16
189139,9,1,62,0,2018,10,13,5,3,4,2,0,0,1,0,0,0,0,0,6.88279E+20,5.33589E+21,1.15314E+16,4.81483E+16
189140,9,4,73,151,2018,10,13,3,2,0,1,0,1,0,0,0,0,0,1,6.51333E+20,5.57723E+21,1.11262E+16,5.03277E+16
189141,9,1,84,130,2018,10,0,5,3,6,4,2,0,1,1,0,0,0,1,6.99973E+20,5.34776E+21,1.1694E+16,4.82515E+16
189142,9,7,74,135,2018,10,10,5,3,0,1,0,1,0,0,0,0,0,1,5.97006E+20,5.36815E+21,1.03121E+16,4.8459E+16
189143,9,4,63,0,2018,10,9,3,3,5,3,0,1,1,0,0,0,0,0,6.41178E+20,5.57096E+21,1.09813E+16,5.02739E+16
189144,9,7,78,203,2018,10,17,5,3,0,2,0,1,0,0,0,0,0,0,6.22357E+20,5.3249E+21,1.06424E+16,4.80657E+16
189145,9,4,61,0,2018,10,15,3,2,6,4,0,1,0,1,0,0,0,1,6.34957E+20,5.52789E+21,1.08788E+16,4.98882E+16
189146,9,7,77,151,2018,10,13,5,3,3,6,0,0,1,0,1,0,0,0,6.20949E+20,5.29258E+21,1.06144E+16,4.77752E+16
189147,9,4,61,0,2018,10,16,3,3,0,7,0,1,0,0,0,0,0,0,6.37445E+20,5.52862E+21,1.09137E+16,4.98941E+16
189148,9,3,74,133,2018,10,6,3,3,5,3,2,1,1,0,0,0,0,0,7.25503E+20,5.49872E+21,1.21209E+16,4.95989E+16
189149,9,7,76,116,2018,10,7,5,3,5,2,0,1,1,0,0,0,0,0,5.50259E+20,5.26763E+21,9.66809E+15,4.75602E+16
189150,9,3,77,129,2018,10,17,3,3,5,3,0,0,1,0,1,0,0,1,7.06792E+20,5.52784E+21,1.18777E+16,4.98672E+16
189151,9,7,76,116,2018,10,7,5,3,5,2,0,1,1,0,0,0,0,0,5.51788E+20,5.26621E+21,9.68825E+15,4.75472E+16
189152,9,3,62,0,2018,10,15,3,3,8,1,0,0,1,0,0,0,0,1,7.30444E+20,5.4301E+21,1.21496E+16,4.89807E+16
189153,9,7,62,0,2018,10,15,5,3,6,4,0,1,0,1,0,0,0,0,6.21396E+20,5.30433E+21,1.06237E+16,4.78808E+16
189154,9,7,62,0,2018,10,15,5,3,1,6,0,0,1,0,0,0,1,0,6.22058E+20,5.30526E+21,1.06328E+16,4.7889E+16
189155,9,3,62,0,2018,10,16,3,2,5,3,0,1,1,0,0,0,0,0,7.2553E+20,5.43315E+21,1.20843E+16,4.901E+16
189156,9,7,80,115,2018,10,11,5,3,0,1,0,1,0,0,0,0,0,0,5.94643E+20,5.2665E+21,1.02577E+16,4.7545E+16
189157,9,3,73,147,2018,10,7,3,3,5,3,0,1,1,0,0,0,0,0,6.78986E+20,5.46083E+21,1.14607E+16,4.9274E+16
189158,9,7,71,146,2018,10,10,5,3,6,1,0,0,1,1,0,0,0,0,6.47148E+20,5.34754E+21,1.09828E+16,4.8264E+16
189159,9,2,63,0,2018,10,15,3,2,0,1,0,1,0,0,0,0,0,1,7.62066E+20,5.41985E+21,1.25744E+16,4.88761E+16
189160,9,7,61,0,2018,10,23,5,3,0,4,2,0,1,1,0,0,0,0,6.4145E+20,5.36028E+21,1.09103E+16,4.83798E+16
189161,9,2,76,117,2018,10,9,3,3,5,2,0,1,1,0,0,0,0,0,7.99675E+20,5.44332E+21,1.31034E+16,4.90698E+16
189162,9,7,61,0,2018,10,16,5,3,5,3,0,1,0,0,0,0,0,0,6.39291E+20,5.35864E+21,1.08806E+16,4.83655E+16
189163,9,2,71,119,2018,10,15,3,3,5,3,0,0,1,0,0,0,0,0,7.90754E+20,5.41703E+21,1.29628E+16,4.8838E+16
189164,9,7,61,0,2018,10,14,5,3,3,6,0,1,0,0,0,0,0,0,6.39518E+20,5.35878E+21,1.08838E+16,4.83667E+16
189165,9,2,77,116,2018,10,16,3,2,8,1,0,0,1,0,0,0,0,1,7.81571E+20,5.36726E+21,1.28041E+16,4.83956E+16
189166,9,7,61,0,2018,10,11,5,3,2,6,0,0,1,0,0,0,0,0,6.40806E+20,5.35925E+21,1.09013E+16,4.83707E+16
189167,9,2,74,191,2018,10,19,3,3,0,1,2,0,0,0,1,0,0,1,7.45625E+20,5.39067E+21,1.23332E+16,4.86208E+16
189168,9,6,79,202,2018,10,7,5,3,5,3,0,0,1,0,1,0,0,0,5.64061E+20,5.51985E+21,9.8907E+15,4.98277E+16
189169,9,1,80,117,2018,10,17,3,3,1,6,0,1,1,0,0,0,0,0,6.58151E+20,5.26485E+21,1.11007E+16,4.75178E+16
189170,9,6,63,0,2018,10,6,5,3,5,3,2,0,0,0,1,0,1,1,5.6874E+20,5.51765E+21,9.95535E+15,4.98074E+16
189171,9,6,77,148,2018,10,8,5,3,2,6,0,0,1,0,0,0,0,1,5.54597E+20,5.5359E+21,9.76139E+15,4.99729E+16
189172,9,1,89,155,2018,10,6,3,3,2,6,2,0,1,0,0,0,0,0,7.70162E+20,5.31028E+21,1.26142E+16,4.78889E+16
189173,9,6,78,134,2018,10,10,5,3,0,1,0,0,0,0,1,0,0,0,5.97385E+20,5.52937E+21,1.03563E+16,4.99088E+16
189174,9,1,72,114,2018,10,20,3,3,8,1,2,0,0,0,1,0,0,0,7.90944E+20,5.29292E+21,1.28799E+16,4.7724E+16
189175,9,5,62,0,2018,10,10,5,3,4,6,0,1,1,0,0,0,0,1,6.43074E+20,5.49567E+21,1.09799E+16,4.95967E+16
189176,9,1,71,117,2018,10,17,3,3,5,3,0,0,1,0,0,0,0,1,7.68891E+20,5.33863E+21,1.2615E+16,4.8144E+16
189177,9,5,76,151,2018,10,16,5,3,6,4,0,0,1,1,0,0,0,0,6.56602E+20,5.46864E+21,1.11563E+16,4.93504E+16
189178,9,1,61,0,2018,10,6,3,3,5,2,2,1,1,0,0,0,0,0,6.78142E+20,5.40543E+21,1.14248E+16,4.87764E+16
189179,9,5,74,117,2018,10,7,5,3,9,1,0,0,1,0,0,0,0,1,6.73031E+20,5.46751E+21,1.13818E+16,4.93357E+16
189180,9,1,85,149,2018,10,15,3,3,1,7,0,1,1,0,0,0,0,0,6.60418E+20,5.39974E+21,1.11815E+16,4.873E+16
189181,9,1,61,0,2018,10,13,3,3,5,3,0,1,1,0,0,0,0,0,6.74878E+20,5.40423E+21,1.13799E+16,4.87664E+16
189182,9,5,64,0,2018,10,16,5,3,2,6,0,0,1,0,0,0,0,0,6.48052E+20,5.48125E+21,1.10434E+16,4.94659E+16
189183,9,1,79,145,2018,10,1,3,3,1,1,2,0,1,0,0,0,0,0,6.75947E+20,5.33894E+21,1.1367E+16,4.81793E+16
189184,9,5,64,0,2018,10,9,5,3,1,7,0,0,1,0,0,0,0,1,6.4654E+20,5.48714E+21,1.10247E+16,4.95191E+16
189185,9,1,88,121,2018,10,12,3,1,0,1,0,1,0,0,0,0,0,0,6.72368E+20,5.32994E+21,1.13152E+16,4.80994E+16
189186,9,5,64,0,2018,10,17,5,2,5,3,0,0,1,0,0,0,0,0,6.45634E+20,5.47903E+21,1.10092E+16,4.94465E+16
189187,9,1,78,145,2018,10,15,3,3,5,3,0,1,1,0,0,0,0,0,6.96351E+20,5.35433E+21,1.16483E+16,4.83117E+16
189188,9,5,64,0,2018,10,13,5,3,2,6,0,0,1,0,0,0,0,0,6.51922E+20,5.48339E+21,1.10975E+16,4.94841E+16
189189,9,5,64,0,2018,10,7,5,3,5,3,2,0,1,0,0,0,0,1,6.48269E+20,5.48117E+21,1.10463E+16,4.94651E+16
189190,9,1,62,0,2018,10,16,2,3,2,6,0,0,1,0,1,0,1,0,6.91208E+20,5.34032E+21,1.15727E+16,4.81873E+16
189191,9,5,75,112,2018,10,12,5,3,6,3,0,0,1,1,0,0,0,0,6.02226E+20,5.48395E+21,1.04118E+16,4.94996E+16
189192,9,1,62,0,2018,10,7,2,2,7,1,0,0,0,0,1,0,1,0,6.90306E+20,5.33577E+21,1.15585E+16,4.81467E+16
189193,9,1,62,0,2018,10,8,2,3,5,3,0,0,1,0,1,0,0,0,6.88632E+20,5.33277E+21,1.15347E+16,4.81202E+16
189194,9,5,61,0,2018,10,9,5,3,5,3,0,1,1,0,0,0,0,0,6.14898E+20,5.46193E+21,1.05804E+16,4.92993E+16
189195,9,1,62,0,2018,10,12,2,3,5,2,0,1,1,0,0,0,0,0,6.94547E+20,5.341E+21,1.16179E+16,4.81924E+16
189196,9,4,75,156,2018,10,12,5,3,1,6,0,0,1,1,0,0,0,0,6.92786E+20,5.57868E+21,1.17087E+16,5.03287E+16
189197,9,1,62,0,2018,10,20,2,3,1,1,2,1,1,0,0,0,0,0,6.91594E+20,5.33719E+21,1.15765E+16,4.81591E+16
189198,9,4,79,152,2018,10,17,5,3,6,2,0,0,1,1,0,0,0,0,7.24226E+20,5.56412E+21,1.21412E+16,5.01867E+16
189199,9,4,64,0,2018,10,11,5,3,5,3,0,0,1,0,1,0,0,1,7.06795E+20,5.57733E+21,1.19045E+16,5.03117E+16
189200,9,1,62,0,2018,10,20,2,3,2,6,2,0,1,0,0,0,0,0,6.85017E+20,5.33924E+21,1.1489E+16,4.81794E+16
189201,9,4,62,0,2018,10,11,5,3,0,7,0,1,0,0,0,0,0,0,6.85665E+20,5.53647E+21,1.15882E+16,4.99517E+16
189202,9,1,62,0,2018,10,12,2,3,2,6,0,0,1,0,0,0,0,0,6.88411E+20,5.3382E+21,1.15342E+16,4.81691E+16
189203,9,3,75,170,2018,10,13,5,3,0,1,0,0,0,0,1,0,0,1,7.36537E+20,5.42823E+21,1.22317E+16,4.89617E+16
189204,9,3,62,0,2018,10,15,5,3,6,4,0,1,0,1,0,0,0,0,7.2678E+20,5.43363E+21,1.21016E+16,4.90138E+16
189205,9,1,62,0,2018,10,13,2,3,5,3,0,1,1,0,0,0,0,0,6.90977E+20,5.34031E+21,1.15696E+16,4.81872E+16
189206,9,2,63,0,2018,10,14,5,3,5,3,0,1,1,0,0,0,0,0,7.61641E+20,5.41935E+21,1.25683E+16,4.88718E+16
189207,9,1,62,0,2018,10,17,2,3,0,1,0,1,0,0,0,0,0,0,6.91734E+20,5.33275E+21,1.15763E+16,4.81191E+16
189208,9,1,62,0,2018,10,8,2,3,2,6,0,1,0,0,1,0,0,0,6.91704E+20,5.33646E+21,1.15776E+16,4.81525E+16
189209,9,2,71,119,2018,10,7,5,3,5,3,0,1,1,0,0,0,0,1,7.91659E+20,5.41732E+21,1.29753E+16,4.88403E+16
189210,9,1,84,149,2018,10,7,2,3,5,3,0,1,1,0,0,0,0,0,6.91737E+20,5.35136E+21,1.15848E+16,4.82864E+16
189211,9,2,62,0,2018,10,12,5,3,0,6,0,0,0,0,1,0,0,1,8.30516E+20,5.39184E+21,1.34829E+16,4.85922E+16
189212,9,1,62,0,2018,10,7,2,3,6,2,1,0,1,1,0,0,0,0,6.84877E+20,5.3345E+21,1.14851E+16,4.81368E+16
189213,9,2,74,183,2018,10,10,5,3,5,3,0,0,1,0,0,0,0,0,7.41116E+20,5.36219E+21,1.22557E+16,4.83668E+16
189214,9,1,62,0,2018,10,12,2,3,1,7,0,1,1,0,0,0,0,0,6.91632E+20,5.33243E+21,1.15748E+16,4.81163E+16
189215,9,1,90,139,2018,10,14,5,3,0,1,0,1,0,0,0,0,0,0,6.53809E+20,5.29435E+21,1.10534E+16,4.77841E+16
189216,9,1,62,0,2018,10,8,2,3,0,7,0,1,1,0,0,0,0,0,6.93429E+20,5.33521E+21,1.16002E+16,4.81407E+16
189217,9,1,73,126,2018,10,19,5,1,6,4,2,0,1,1,0,0,0,0,6.85368E+20,5.30417E+21,1.14785E+16,4.78641E+16
189218,9,1,62,0,2018,10,16,2,3,0,7,0,1,1,0,0,0,0,0,6.93206E+20,5.33348E+21,1.15964E+16,4.81252E+16
189219,9,1,89,118,2018,10,18,5,3,4,6,2,0,1,0,0,0,1,0,7.85385E+20,5.32339E+21,1.28261E+16,4.8E+16
189220,9,1,62,0,2018,10,15,2,3,0,7,0,0,0,0,0,0,1,0,6.90981E+20,5.33429E+21,1.15669E+16,4.81332E+16
189221,9,1,89,129,2018,10,9,5,3,5,3,0,0,1,0,0,0,1,0,7.59035E+20,5.29567E+21,1.24569E+16,4.77623E+16
189222,9,7,75,135,2018,10,16,2,3,1,6,0,0,1,0,0,0,0,0,5.74276E+20,5.3597E+21,1.00032E+16,4.83861E+16
189223,9,1,63,0,2018,10,9,5,3,0,1,0,1,0,0,0,0,0,0,7.33703E+20,5.30623E+21,1.21251E+16,4.78668E+16
189224,9,7,75,135,2018,10,11,2,3,5,3,0,0,1,0,0,0,0,0,5.7564E+20,5.36253E+21,1.00222E+16,4.84114E+16
189225,9,1,61,0,2018,10,15,5,3,1,6,0,0,1,0,0,0,1,0,6.76762E+20,5.40588E+21,1.14062E+16,4.87808E+16
189226,9,1,85,139,2018,10,3,5,2,0,7,2,1,0,0,0,0,0,1,6.70875E+20,5.39312E+21,1.13209E+16,4.86677E+16
189227,9,7,64,0,2018,10,12,2,3,0,7,0,0,0,0,1,0,0,0,5.87748E+20,5.31486E+21,1.01759E+16,4.7981E+16
189228,9,1,81,128,2018,10,11,5,3,5,3,0,0,1,0,0,0,0,0,6.38005E+20,5.32738E+21,1.08531E+16,4.80847E+16
189229,9,7,64,0,2018,10,16,2,3,0,1,0,1,0,0,0,0,0,0,5.88216E+20,5.316E+21,1.01824E+16,4.79912E+16
189230,9,1,81,130,2018,10,12,5,3,5,2,0,1,1,0,0,0,0,0,6.3869E+20,5.32283E+21,1.08608E+16,4.80437E+16
189231,9,7,62,0,2018,10,12,2,2,6,4,0,0,1,1,0,0,0,0,6.21362E+20,5.30463E+21,1.06233E+16,4.78835E+16
189232,9,1,79,121,2018,10,8,5,3,0,1,0,0,0,0,1,0,0,1,6.68332E+20,5.34005E+21,1.12651E+16,4.81913E+16
189233,9,7,80,124,2018,10,19,2,3,8,7,2,0,1,0,0,0,0,0,5.9129E+20,5.26806E+21,1.02135E+16,4.75595E+16
189234,9,1,77,117,2018,10,9,5,3,4,2,0,0,1,0,0,0,0,0,7.15086E+20,5.35293E+21,1.19E+16,4.8293E+16
189235,9,7,72,147,2018,10,13,2,3,5,3,0,1,1,0,0,0,0,0,6.38703E+20,5.36477E+21,1.08747E+16,4.84208E+16
189236,9,1,62,0,2018,10,20,4,3,6,4,2,0,1,1,0,0,0,1,6.88202E+20,5.33634E+21,1.15305E+16,4.81524E+16
189237,9,7,71,142,2018,10,21,2,3,8,1,2,0,1,0,0,0,0,1,6.49576E+20,5.35238E+21,1.10172E+16,4.83069E+16
189238,9,1,62,0,2018,10,12,4,3,1,6,0,0,1,0,0,0,0,0,6.98205E+20,5.33469E+21,1.16641E+16,4.81346E+16
189239,9,7,61,0,2018,10,7,2,3,3,6,1,0,1,0,0,1,0,0,6.39051E+20,5.35917E+21,1.08776E+16,4.83704E+16
189240,9,1,62,0,2018,10,17,4,3,5,2,1,1,1,0,0,0,0,1,6.8668E+20,5.33949E+21,1.15115E+16,4.81812E+16
189241,9,7,61,0,2018,10,12,2,3,2,2,0,0,1,0,0,0,0,0,6.37252E+20,5.36245E+21,1.08544E+16,4.84002E+16
189242,9,7,61,0,2018,10,5,2,2,5,1,2,1,1,0,0,0,0,1,6.40615E+20,5.35724E+21,1.0898E+16,4.83527E+16
189243,9,1,62,0,2018,10,18,4,3,5,2,2,1,1,0,0,0,0,1,7.00058E+20,5.33459E+21,1.16889E+16,4.81331E+16
189244,9,7,61,0,2018,10,11,2,3,5,3,0,1,1,0,0,0,0,0,6.39218E+20,5.35861E+21,1.08796E+16,4.83653E+16
189245,9,1,62,0,2018,10,20,4,3,6,2,2,0,1,1,0,0,0,1,6.93687E+20,5.34033E+21,1.1606E+16,4.81867E+16
189246,9,7,61,0,2018,10,15,2,3,2,1,0,0,1,0,0,0,0,0,6.39721E+20,5.35759E+21,1.08861E+16,4.8356E+16
189247,9,1,62,0,2018,10,19,4,3,6,2,2,0,1,1,0,0,0,1,6.87465E+20,5.33565E+21,1.15203E+16,4.81465E+16
189248,9,1,62,0,2018,10,9,4,3,3,2,0,1,1,0,0,0,0,0,6.92195E+20,5.33755E+21,1.15847E+16,4.81621E+16
189249,9,7,61,0,2018,10,16,2,3,4,2,0,1,1,0,0,0,0,0,6.38845E+20,5.35554E+21,1.08736E+16,4.83378E+16
189250,9,1,62,0,2018,10,13,4,3,5,3,0,1,1,0,0,0,0,0,6.90821E+20,5.33775E+21,1.15663E+16,4.81643E+16
189251,9,6,63,0,2018,10,17,2,3,2,1,0,1,1,0,0,0,0,1,5.6755E+20,5.51612E+21,9.93855E+15,4.97937E+16
189252,9,1,62,0,2018,10,16,4,3,5,3,0,1,1,0,0,0,0,1,6.9032E+20,5.33587E+21,1.15588E+16,4.81476E+16
189253,9,6,79,170,2018,10,15,2,2,4,7,0,1,1,0,0,0,0,0,5.76586E+20,5.50245E+21,1.00614E+16,4.96697E+16
189254,9,1,62,0,2018,10,19,4,2,6,4,2,1,0,1,0,0,0,1,6.91687E+20,5.33783E+21,1.1578E+16,4.81648E+16
189255,9,6,75,117,2018,10,1,2,3,0,1,2,0,1,0,0,0,0,0,5.84587E+20,5.51637E+21,1.01753E+16,4.97939E+16
189256,9,5,62,0,2018,10,18,2,3,0,7,1,0,1,0,1,0,0,0,6.44563E+20,5.49468E+21,1.10001E+16,4.95874E+16
189257,9,1,62,0,2018,10,8,4,3,1,5,0,0,1,0,0,0,0,0,6.91287E+20,5.33512E+21,1.15714E+16,4.81405E+16
189258,9,5,62,0,2018,10,8,2,3,4,2,0,1,1,0,0,0,0,0,6.45536E+20,5.49528E+21,1.10138E+16,4.95926E+16
189259,9,1,62,0,2018,10,17,4,2,6,2,0,0,1,1,0,0,0,1,6.88528E+20,5.3344E+21,1.1534E+16,4.81349E+16
189260,9,5,64,0,2018,10,16,2,3,5,2,0,1,1,0,0,0,0,0,6.51879E+20,5.48356E+21,1.1097E+16,4.94857E+16
189261,9,1,62,0,2018,10,7,4,3,5,2,0,1,1,0,0,0,0,0,6.88836E+20,5.33649E+21,1.15391E+16,4.81536E+16
189262,9,1,62,0,2018,10,17,4,3,6,2,0,0,1,1,0,0,0,1,6.83094E+20,5.33545E+21,1.14615E+16,4.81459E+16
189263,9,5,64,0,2018,10,17,2,3,5,3,2,0,1,0,1,0,0,1,6.48155E+20,5.48165E+21,1.10449E+16,4.94694E+16
189264,9,1,62,0,2018,10,16,4,3,5,3,0,0,1,0,0,0,0,1,6.87294E+20,5.32743E+21,1.15144E+16,4.80726E+16
189265,9,5,64,0,2018,10,21,2,3,5,2,2,1,1,0,0,0,0,1,6.52441E+20,5.47837E+21,1.11028E+16,4.94389E+16
189266,9,5,64,0,2018,10,19,2,3,2,6,2,0,1,0,0,1,0,1,6.54622E+20,5.47466E+21,1.11314E+16,4.9405E+16
189267,9,1,62,0,2018,10,15,4,3,8,2,0,1,0,0,0,0,0,1,6.95472E+20,5.3322E+21,1.16263E+16,4.81131E+16
189268,9,5,64,0,2018,10,17,2,3,6,4,0,0,1,1,0,0,0,0,6.46489E+20,5.48186E+21,1.1022E+16,4.94717E+16
189269,9,5,64,0,2018,10,20,2,3,0,6,2,0,1,0,0,0,0,1,6.50354E+20,5.47836E+21,1.1074E+16,4.94393E+16
189270,9,1,62,0,2018,10,17,4,2,6,4,2,0,1,1,0,0,0,0,6.94457E+20,5.3348E+21,1.16138E+16,4.81367E+16
189271,9,5,77,173,2018,10,8,2,3,0,7,0,1,0,0,0,0,0,0,6.39431E+20,5.4246E+21,1.09048E+16,4.89586E+16
189272,9,1,62,0,2018,10,22,4,3,3,7,2,0,1,0,1,0,0,0,6.93563E+20,5.33517E+21,1.1602E+16,4.81403E+16
189273,9,5,75,153,2018,10,15,2,3,2,6,0,0,1,0,0,0,0,0,6.18097E+20,5.49287E+21,1.06336E+16,4.95769E+16
189274,9,1,62,0,2018,10,16,4,3,3,6,0,0,1,0,1,0,0,1,6.93823E+20,5.33511E+21,1.16055E+16,4.81397E+16
189275,9,1,62,0,2018,10,19,4,3,3,2,2,1,1,0,0,0,0,1,6.90145E+20,5.33473E+21,1.15559E+16,4.81374E+16
189276,9,4,75,168,2018,10,13,2,3,6,7,0,0,1,1,0,0,0,0,7.09008E+20,5.56722E+21,1.193E+16,5.02201E+16
189277,9,1,62,0,2018,10,18,4,3,2,6,2,0,1,0,1,0,0,1,6.88303E+20,5.33398E+21,1.15308E+16,4.81312E+16
189278,9,4,62,0,2018,10,14,2,3,5,3,0,0,1,0,0,0,0,0,6.84235E+20,5.53478E+21,1.15675E+16,4.99369E+16
189279,9,1,62,0,2018,10,18,4,3,5,2,2,1,0,0,0,0,1,1,6.91861E+20,5.33584E+21,1.15794E+16,4.81468E+16
189280,9,4,62,0,2018,10,19,2,3,0,1,2,1,0,0,0,0,0,1,6.85315E+20,5.5346E+21,1.15824E+16,4.9935E+16
189281,9,1,62,0,2018,10,3,4,3,0,1,2,1,0,0,0,0,0,1,6.9166E+20,5.33476E+21,1.15763E+16,4.81372E+16
189282,9,4,62,0,2018,10,13,2,2,4,6,0,1,1,0,0,0,0,0,6.82946E+20,5.53677E+21,1.15505E+16,4.99552E+16
189283,9,7,75,152,2018,10,15,4,3,4,2,0,0,1,0,0,0,0,0,5.7705E+20,5.35379E+21,1.00396E+16,4.83326E+16
189284,9,4,62,0,2018,10,7,2,3,5,3,0,1,1,0,0,0,0,0,6.85468E+20,5.53621E+21,1.15854E+16,4.99494E+16
189285,9,7,78,199,2018,10,11,4,2,7,1,0,0,0,0,1,0,0,1,6.07283E+20,5.31964E+21,1.04388E+16,4.80211E+16
189286,9,4,71,145,2018,10,11,2,3,0,7,0,0,1,0,0,0,1,0,6.42354E+20,5.51986E+21,1.09788E+16,4.98143E+16
189287,9,7,78,144,2018,10,8,4,3,5,3,0,0,1,0,0,0,0,1,5.91764E+20,5.30366E+21,1.02273E+16,4.78797E+16
189288,9,4,61,0,2018,10,16,2,3,1,6,0,0,1,0,0,0,0,1,6.34379E+20,5.52591E+21,1.08701E+16,4.98705E+16
189289,9,7,74,121,2018,10,8,4,2,6,4,0,0,1,1,0,0,0,0,6.02153E+20,5.36528E+21,1.0381E+16,4.84324E+16
189290,9,3,63,0,2018,10,13,2,3,4,6,0,1,0,0,0,0,0,0,7.27868E+20,5.51032E+21,1.21603E+16,4.97022E+16
189291,9,7,62,0,2018,10,8,4,2,5,3,0,0,1,0,1,0,0,1,6.22844E+20,5.3078E+21,1.0644E+16,4.79117E+16
189292,9,3,63,0,2018,10,7,2,3,1,5,0,0,1,0,0,0,0,0,7.27973E+20,5.50516E+21,1.21588E+16,4.96558E+16
189293,9,7,79,201,2018,10,8,4,3,5,3,0,0,1,0,0,0,0,0,6.4252E+20,5.39548E+21,1.09368E+16,4.86961E+16
189294,9,3,62,0,2018,10,7,2,3,5,2,0,1,1,0,0,0,0,0,7.2493E+20,5.43178E+21,1.20753E+16,4.89979E+16
189295,9,7,79,131,2018,10,17,4,3,5,3,1,0,1,0,1,0,0,0,6.29557E+20,5.39765E+21,1.07614E+16,4.87184E+16
189296,9,3,73,151,2018,10,17,2,3,5,3,0,0,1,0,0,0,0,0,6.98525E+20,5.44867E+21,1.1723E+16,4.91588E+16
189297,9,7,73,182,2018,10,16,4,3,2,6,0,0,1,0,1,0,0,1,6.24136E+20,5.38009E+21,1.06825E+16,4.85616E+16
189298,9,3,76,161,2018,10,15,2,3,1,3,0,0,1,0,0,0,0,0,7.25625E+20,5.46841E+21,1.21053E+16,4.93266E+16
189299,9,7,61,0,2018,10,19,4,3,5,3,1,1,1,0,0,0,0,1,6.38849E+20,5.35859E+21,1.08747E+16,4.83652E+16
189300,9,3,61,0,2018,10,9,2,3,6,2,0,0,1,1,0,0,0,0,7.08936E+20,5.48048E+21,1.18823E+16,4.94411E+16
189301,9,2,71,119,2018,10,12,2,3,5,7,0,1,1,0,0,0,0,0,7.90581E+20,5.41628E+21,1.29599E+16,4.88314E+16
189302,9,7,61,0,2018,10,20,4,3,5,3,2,0,1,0,0,0,0,1,6.38513E+20,5.3582E+21,1.087E+16,4.83618E+16
189303,9,2,61,0,2018,10,11,2,3,0,7,0,1,0,0,0,0,0,0,7.32628E+20,5.38107E+21,1.21517E+16,4.85396E+16
189304,9,7,61,0,2018,10,11,4,3,8,1,0,0,0,0,1,0,0,0,6.39278E+20,5.3595E+21,1.08808E+16,4.83733E+16
189305,9,2,73,116,2018,10,6,2,2,3,6,1,1,0,0,0,0,1,0,7.24308E+20,5.42449E+21,1.20628E+16,4.89326E+16
189306,9,7,71,165,2018,10,21,4,3,7,7,2,0,0,0,1,0,0,1,6.61095E+20,5.36241E+21,1.11763E+16,4.83943E+16
189307,9,2,79,112,2018,10,12,2,3,6,1,0,0,1,1,0,0,0,0,7.57926E+20,5.39232E+21,1.25008E+16,4.86307E+16
189308,9,6,63,0,2018,10,8,4,3,5,2,0,0,1,0,0,0,0,1,5.69439E+20,5.51642E+21,9.96484E+15,4.97963E+16
189309,9,1,90,139,2018,10,12,2,3,0,3,0,0,1,0,0,0,0,0,6.54276E+20,5.29498E+21,1.10598E+16,4.77897E+16
189310,9,6,79,170,2018,10,7,4,3,5,7,0,1,1,0,0,0,0,0,5.77817E+20,5.50194E+21,1.00784E+16,4.9665E+16
189311,9,6,72,127,2018,10,10,4,2,0,1,0,1,0,0,0,0,0,1,5.63927E+20,5.55221E+21,9.89421E+15,5.01187E+16
189312,9,1,73,126,2018,10,8,2,3,1,7,0,0,1,0,0,0,0,0,6.86354E+20,5.30361E+21,1.14915E+16,4.78588E+16
189313,9,1,71,124,2018,10,12,2,3,5,3,0,0,1,0,0,0,0,0,7.81497E+20,5.34463E+21,1.27881E+16,4.81925E+16
189314,9,1,71,124,2018,10,7,2,2,6,4,1,0,1,1,0,0,0,0,7.8092E+20,5.34471E+21,1.27804E+16,4.81934E+16
189315,9,6,61,0,2018,10,15,4,3,5,3,0,0,1,0,0,0,0,1,5.0867E+20,5.53412E+21,9.12088E+15,4.99594E+16
189316,9,1,72,114,2018,10,12,2,3,6,7,0,0,1,1,0,0,0,0,7.91092E+20,5.29372E+21,1.28824E+16,4.77312E+16
189317,9,5,62,0,2018,10,19,4,3,4,6,2,0,1,0,0,0,0,1,6.44979E+20,5.49421E+21,1.10057E+16,4.95831E+16