OBJECTID_1,ULAND,UREGBEZ,UKREIS,UGEMEINDE,UJAHR,UMONAT,USTUNDE,UWOCHENTAG,UKATEGORIE,UART,UTYP1,ULICHTVERH,IstRad,IstPKW,IstFuss,IstKrad,IstGkfz,IstSonstig,STRZUSTAND,LINREFX,LINREFY,XGCSWGS84,YGCSWGS84
189503,9,1,62,0,2018,10,16,6,3,0,1,0,1,1,0,1,0,0,0,6.93532E+20,5.33384E+21,1.1601E+16,4.81283E+16
189504,9,1,61,0,2018,10,9,3,3,2,6,0,0,1,0,0,0,0,0,6.78736E+20,5.40575E+21,1.1433E+16,4.8779E+16
189505,9,7,75,164,2018,10,14,6,3,5,7,0,0,1,0,0,1,0,0,5.84171E+20,5.35011E+21,1.01349E+16,4.82986E+16
189506,9,1,76,118,2018,10,6,3,3,4,6,2,0,1,0,0,0,0,1,6.68285E+20,5.40662E+21,1.12912E+16,4.87898E+16
189507,9,7,75,135,2018,10,12,6,3,5,2,0,0,0,0,1,0,1,0,5.74221E+20,5.36055E+21,1.00026E+16,4.83937E+16
189508,9,1,79,123,2018,10,10,3,3,6,7,0,0,0,1,0,0,1,1,6.76661E+20,5.3343E+21,1.13746E+16,4.81374E+16
189509,9,7,64,0,2018,10,15,6,3,0,1,0,1,0,0,0,0,0,0,5.87724E+20,5.31926E+21,1.01765E+16,4.80206E+16
189510,9,1,77,133,2018,10,18,3,3,2,6,2,0,1,0,0,0,0,1,7.05319E+20,5.35933E+21,1.17716E+16,4.83537E+16
189511,9,1,78,120,2018,10,13,3,3,4,1,0,1,1,0,0,0,0,0,6.94127E+20,5.35229E+21,1.16174E+16,4.8294E+16
189512,9,7,63,0,2018,10,14,6,2,4,6,0,0,1,0,1,0,0,0,5.97187E+20,5.28549E+21,1.02958E+16,4.77155E+16
189513,9,1,75,136,2018,10,6,3,2,7,1,1,0,0,0,1,0,0,0,7.26435E+20,5.3196E+21,1.2035E+16,4.79896E+16
189514,9,7,80,139,2018,10,17,6,3,2,6,0,1,1,0,0,0,0,0,5.97402E+20,5.26268E+21,1.02936E+16,4.75103E+16
189515,9,1,62,0,2018,10,17,2,3,5,2,0,1,1,0,0,0,0,0,6.87677E+20,5.33433E+21,1.15226E+16,4.81345E+16
189516,9,7,77,149,2018,10,8,6,3,8,1,0,0,1,0,0,0,0,0,6.18648E+20,5.28271E+21,1.0581E+16,4.76869E+16
189517,9,7,79,196,2018,10,7,6,3,0,3,0,0,1,0,0,0,0,0,6.37459E+20,5.3935E+21,1.08674E+16,4.86794E+16
189518,9,1,62,0,2018,10,17,2,3,4,2,1,0,1,0,0,0,0,1,6.97942E+20,5.33123E+21,1.1659E+16,4.81035E+16
189519,9,7,71,142,2018,10,15,6,2,5,3,0,1,1,0,0,0,0,0,6.45333E+20,5.35112E+21,1.09596E+16,4.82966E+16
189520,9,1,62,0,2018,10,7,2,3,5,3,0,0,1,0,0,0,0,1,6.80637E+20,5.33849E+21,1.14298E+16,4.81739E+16
189521,9,7,72,163,2018,10,12,6,3,0,6,0,1,0,0,1,0,0,0,6.39839E+20,5.34977E+21,1.08851E+16,4.82857E+16
189522,9,1,84,135,2018,10,9,2,3,6,4,0,0,1,1,0,0,0,1,6.89815E+20,5.34822E+21,1.15575E+16,4.82587E+16
189523,9,7,61,0,2018,10,16,6,3,5,3,0,0,1,0,0,0,0,0,6.3925E+20,5.35887E+21,1.08802E+16,4.83676E+16
189524,9,1,62,0,2018,10,17,2,3,5,2,2,1,1,0,0,0,0,0,6.90179E+20,5.33743E+21,1.15576E+16,4.81617E+16
189525,9,1,62,0,2018,10,9,2,3,4,2,0,0,1,0,0,0,0,1,6.86745E+20,5.33025E+21,1.15083E+16,4.80982E+16
189526,9,7,61,0,2018,10,13,6,3,3,6,0,0,1,0,0,0,0,0,6.36535E+20,5.36047E+21,1.08441E+16,4.83826E+16
189527,9,1,62,0,2018,10,8,2,3,6,4,0,1,0,1,0,0,0,1,6.90375E+20,5.34277E+21,1.15626E+16,4.82095E+16
189528,9,7,72,202,2018,10,22,6,3,5,3,2,0,1,0,0,0,0,0,6.36052E+20,5.35989E+21,1.08373E+16,4.83775E+16
189529,9,1,62,0,2018,10,17,2,3,2,6,1,0,1,0,0,0,0,1,6.8448E+20,5.33296E+21,1.14791E+16,4.81231E+16
189530,9,7,61,0,2018,10,15,6,3,0,1,0,0,0,0,1,0,1,0,6.39658E+20,5.35747E+21,1.08852E+16,4.8355E+16
189531,9,7,61,0,2018,10,16,6,3,0,7,0,0,0,0,0,0,1,0,6.4052E+20,5.35922E+21,1.08974E+16,4.83705E+16
189532,9,1,62,0,2018,10,8,2,3,0,1,0,1,0,0,0,0,0,1,6.89274E+20,5.33003E+21,1.15421E+16,4.80954E+16
189533,9,7,61,0,2018,10,12,6,3,2,6,0,0,1,0,0,0,0,0,6.39745E+20,5.35898E+21,1.08869E+16,4.83685E+16
189534,9,1,62,0,2018,10,13,2,3,3,2,0,1,1,0,0,0,0,0,6.94487E+20,5.33421E+21,1.1614E+16,4.81314E+16
189535,9,1,62,0,2018,10,18,2,3,3,2,2,1,1,0,0,0,0,1,6.9419E+20,5.33451E+21,1.16101E+16,4.81342E+16
189536,9,7,71,113,2018,10,14,6,3,1,5,0,1,1,0,0,0,0,0,6.58059E+20,5.37034E+21,1.11383E+16,4.84663E+16
189537,9,1,62,0,2018,10,9,2,3,6,7,0,1,0,1,0,0,0,0,6.92997E+20,5.33383E+21,1.15938E+16,4.81284E+16
189538,9,1,62,0,2018,10,13,2,3,2,6,0,0,0,0,0,1,1,1,6.9061E+20,5.33475E+21,1.15621E+16,4.81374E+16
189539,9,6,77,155,2018,10,6,6,3,8,1,2,0,1,0,0,0,0,0,5.41486E+20,5.53916E+21,9.57891E+15,5.00033E+16
189540,9,7,75,135,2018,10,16,2,3,2,2,1,0,1,0,0,1,0,1,5.75793E+20,5.36025E+21,1.00238E+16,4.83909E+16
189541,9,6,77,155,2018,10,5,6,2,0,1,2,1,0,0,0,0,0,0,5.41403E+20,5.53902E+21,9.57774E+15,5.00021E+16
189542,9,7,63,0,2018,10,14,2,3,0,7,0,1,0,0,0,0,0,0,5.98761E+20,5.28656E+21,1.0317E+16,4.77249E+16
189543,9,6,62,0,2018,10,20,6,3,1,7,2,0,1,0,0,0,0,0,5.87515E+20,5.54469E+21,1.02224E+16,5.00481E+16
189544,9,6,62,0,2018,10,15,6,3,1,7,0,0,1,0,1,0,0,0,5.87823E+20,5.54581E+21,1.02269E+16,5.00581E+16
189545,9,7,80,139,2018,10,12,2,3,1,1,0,1,1,0,0,0,0,0,5.96492E+20,5.26352E+21,1.02817E+16,4.7518E+16
189546,9,6,71,122,2018,10,17,6,3,5,3,0,1,1,0,0,0,0,0,5.04085E+20,5.52799E+21,9.05689E+15,4.99043E+16
189547,9,7,79,194,2018,10,16,2,3,2,2,1,1,1,0,0,0,0,1,6.10842E+20,5.41119E+21,1.05107E+16,4.88438E+16
189548,9,5,72,132,2018,10,12,6,3,0,7,0,0,0,1,0,0,1,0,6.36022E+20,5.49162E+21,1.0881E+16,4.95619E+16
189549,9,7,79,131,2018,10,17,2,2,6,4,2,0,0,1,1,0,0,0,6.3074E+20,5.39778E+21,1.07775E+16,4.87193E+16
189550,9,5,76,132,2018,10,8,6,2,0,7,0,1,0,0,0,0,0,0,6.54357E+20,5.46537E+21,1.11241E+16,4.93215E+16
189551,9,7,71,130,2018,10,7,2,3,5,3,0,0,1,0,0,0,0,1,6.44848E+20,5.36406E+21,1.09575E+16,4.8413E+16
189552,9,5,74,138,2018,10,12,6,3,5,3,0,0,1,0,0,0,0,0,6.64611E+20,5.48676E+21,1.1274E+16,4.95111E+16
189553,9,7,71,130,2018,10,11,2,3,2,6,0,0,1,0,0,0,0,0,6.45619E+20,5.35767E+21,1.09657E+16,4.83554E+16
189554,9,5,63,0,2018,10,11,6,3,0,7,0,1,0,0,0,0,0,0,6.42669E+20,5.48296E+21,1.09697E+16,4.94825E+16
189555,9,7,61,0,2018,10,11,2,2,6,2,0,0,1,1,0,0,0,1,6.38151E+20,5.35782E+21,1.0865E+16,4.83584E+16
189556,9,5,64,0,2018,10,15,6,3,1,6,0,0,1,0,0,0,0,0,6.50974E+20,5.47602E+21,1.10817E+16,4.94181E+16
189557,9,7,61,0,2018,10,9,2,3,0,1,0,1,0,0,0,0,0,1,6.37331E+20,5.36019E+21,1.08547E+16,4.83799E+16
189558,9,5,64,0,2018,10,19,6,2,6,4,2,0,1,1,0,0,0,0,6.50196E+20,5.4794E+21,1.10722E+16,4.94487E+16
189559,9,7,61,0,2018,10,13,2,3,5,3,0,1,1,0,0,0,0,0,6.39941E+20,5.35949E+21,1.08897E+16,4.8373E+16
189560,9,5,64,0,2018,10,13,6,2,5,3,0,1,0,0,0,0,0,0,6.51551E+20,5.47828E+21,1.10905E+16,4.94383E+16
189561,9,6,63,0,2018,10,17,2,3,2,6,2,0,1,0,1,0,0,1,5.67396E+20,5.51561E+21,9.93632E+15,4.97892E+16
189562,9,5,64,0,2018,10,20,6,3,2,6,2,0,1,0,0,0,0,0,6.49285E+20,5.48059E+21,1.10601E+16,4.94596E+16
189563,9,6,63,0,2018,10,8,2,3,6,4,0,0,1,1,0,0,0,0,5.68704E+20,5.51668E+21,9.95469E+15,4.97987E+16
189564,9,5,61,0,2018,10,11,6,3,6,4,0,0,1,1,0,0,0,0,6.15083E+20,5.46245E+21,1.05831E+16,4.93039E+16
189565,9,5,63,0,2018,10,15,2,3,1,6,0,0,1,0,0,0,1,0,6.40712E+20,5.48327E+21,1.09428E+16,4.94858E+16
189566,9,5,71,145,2018,10,6,6,2,8,1,2,0,0,0,1,0,0,1,5.9555E+20,5.44871E+21,1.03112E+16,4.91837E+16
189567,9,5,64,0,2018,10,11,2,3,4,1,0,1,0,0,0,0,0,0,6.51033E+20,5.48087E+21,1.10843E+16,4.94617E+16
189568,9,5,71,214,2018,10,7,6,3,5,3,1,1,1,0,0,0,0,0,6.17271E+20,5.43347E+21,1.06047E+16,4.9043E+16
189569,9,5,73,122,2018,10,12,2,2,4,6,0,0,1,0,0,0,0,0,6.44455E+20,5.47589E+21,1.09918E+16,4.94185E+16
189570,9,5,71,127,2018,10,12,2,2,0,7,0,1,0,0,0,0,0,0,6.15754E+20,5.45545E+21,1.05903E+16,4.92408E+16
189571,9,4,75,113,2018,10,13,6,3,5,3,0,0,1,0,0,0,0,0,6.96829E+20,5.5873E+21,1.177E+16,5.04047E+16
189572,9,4,64,0,2018,10,9,2,2,6,4,0,0,1,1,0,0,0,0,7.08139E+20,5.5785E+21,1.1924E+16,5.03218E+16
189573,9,4,79,150,2018,10,19,6,3,5,3,2,0,1,0,0,0,0,0,7.20409E+20,5.56519E+21,1.20884E+16,5.01978E+16
189574,9,4,61,0,2018,10,13,2,3,1,6,0,0,0,0,0,0,1,0,6.35889E+20,5.52853E+21,1.0892E+16,4.98937E+16
189575,9,4,62,0,2018,10,15,6,3,1,6,0,0,1,0,0,0,0,0,6.84704E+20,5.5366E+21,1.15749E+16,4.99532E+16
189576,9,3,75,171,2018,10,5,2,3,0,7,2,0,0,0,1,0,1,1,7.47079E+20,5.42098E+21,1.23711E+16,4.88924E+16
189577,9,4,61,0,2018,10,13,6,3,6,7,0,1,0,1,0,0,0,0,6.35705E+20,5.52837E+21,1.08894E+16,4.98924E+16
189578,9,3,75,130,2018,10,15,2,3,5,2,0,1,1,0,0,0,0,0,7.34107E+20,5.4356E+21,1.22028E+16,4.90288E+16
189579,9,3,77,116,2018,10,7,6,3,5,3,1,0,1,0,0,0,0,0,7.16398E+20,5.52535E+21,1.20098E+16,4.98414E+16
189580,9,3,62,0,2018,10,20,6,3,1,6,2,0,1,1,0,0,0,0,7.2547E+20,5.4342E+21,1.2084E+16,4.90194E+16
189581,9,2,63,0,2018,10,16,2,3,5,3,0,1,1,0,0,0,0,0,7.61554E+20,5.41969E+21,1.25673E+16,4.8875E+16
189582,9,2,71,141,2018,10,5,2,3,8,1,2,0,1,0,0,0,0,1,7.96923E+20,5.40308E+21,1.30366E+16,4.871E+16
189583,9,2,75,154,2018,10,13,2,2,1,5,0,1,1,0,0,0,0,0,8.08647E+20,5.39466E+21,1.31892E+16,4.86287E+16
189584,9,3,61,0,2018,10,14,6,3,4,6,0,1,0,0,0,0,0,0,7.07182E+20,5.48086E+21,1.18583E+16,4.94451E+16
189585,9,2,62,0,2018,10,9,2,3,4,2,0,0,1,0,0,0,0,0,8.26671E+20,5.38933E+21,1.34289E+16,4.85718E+16
189586,9,2,71,119,2018,10,12,6,3,0,3,0,1,1,0,0,0,0,0,7.90354E+20,5.4169E+21,1.29572E+16,4.88371E+16
189587,9,3,75,179,2018,11,13,2,3,2,1,0,1,1,0,0,0,0,0,7.32289E+20,5.42892E+21,1.21741E+16,4.89695E+16
189588,9,3,62,0,2018,11,5,2,3,4,2,2,0,1,0,0,0,0,0,7.293E+20,5.4316E+21,1.21349E+16,4.89947E+16
189589,9,3,76,161,2018,11,15,2,3,0,2,0,1,1,0,0,0,0,0,7.25613E+20,5.46812E+21,1.2105E+16,4.93241E+16
189590,9,3,76,119,2018,11,14,2,3,2,1,0,0,1,0,0,0,0,0,7.21514E+20,5.45481E+21,1.20413E+16,4.9206E+16
189591,9,2,75,130,2018,11,18,2,3,5,3,0,0,1,0,0,0,0,0,8.15658E+20,5.36316E+21,1.32603E+16,4.83426E+16
189592,9,2,61,0,2018,11,12,2,3,6,6,0,1,0,1,0,0,0,0,7.31345E+20,5.38141E+21,1.21346E+16,4.85431E+16
189593,9,1,89,118,2018,11,13,2,3,5,3,0,0,1,0,0,0,0,0,7.85253E+20,5.32324E+21,1.28242E+16,4.79988E+16
189594,9,1,72,116,2018,11,15,2,3,0,6,0,1,1,0,0,0,0,0,8.00066E+20,5.28249E+21,1.29941E+16,4.76262E+16
189595,9,1,61,0,2018,11,7,2,3,5,2,0,1,0,0,1,0,0,0,6.78754E+20,5.40408E+21,1.14325E+16,4.8764E+16
189596,9,1,61,0,2018,11,15,2,3,0,6,0,0,1,0,1,0,0,0,6.78254E+20,5.40441E+21,1.14259E+16,4.87672E+16
189597,9,1,76,126,2018,11,7,2,3,5,3,0,0,1,0,0,0,0,0,6.73735E+20,5.40814E+21,1.1366E+16,4.88019E+16
189598,9,1,88,121,2018,11,10,2,3,2,6,0,0,1,0,0,0,0,0,6.72125E+20,5.33086E+21,1.13123E+16,4.81077E+16
189599,9,1,79,123,2018,11,18,2,3,3,6,1,1,1,0,0,0,0,0,6.77604E+20,5.3337E+21,1.1387E+16,4.81318E+16
189600,9,2,71,119,2018,11,13,4,3,6,4,0,1,0,1,0,0,0,0,7.90752E+20,5.41692E+21,1.29627E+16,4.88371E+16
189601,9,1,79,123,2018,11,6,2,3,6,7,2,1,0,1,0,0,0,1,6.76607E+20,5.33405E+21,1.13738E+16,4.81352E+16
189602,9,2,62,0,2018,11,12,4,3,2,7,0,0,1,0,0,0,0,0,8.25787E+20,5.38769E+21,1.34157E+16,4.85575E+16
189603,9,1,62,0,2018,11,2,1,3,2,5,2,0,1,0,0,0,0,0,6.91281E+20,5.33416E+21,1.15709E+16,4.81319E+16
189604,9,2,62,0,2018,11,17,4,3,2,6,1,0,1,0,0,0,0,0,8.25382E+20,5.38795E+21,1.34104E+16,4.856E+16
189605,9,1,62,0,2018,11,13,1,3,5,5,0,0,1,0,0,0,0,0,6.92379E+20,5.33851E+21,1.15876E+16,4.81707E+16
189606,9,2,61,0,2018,11,14,4,2,6,4,0,0,0,1,1,0,0,0,7.32511E+20,5.38031E+21,1.21497E+16,4.85328E+16
189607,9,1,62,0,2018,11,4,1,3,6,7,2,0,1,1,0,0,0,0,6.91312E+20,5.33526E+21,1.15718E+16,4.81418E+16
189608,9,2,73,137,2018,11,17,4,3,1,5,2,0,1,0,0,0,0,0,7.0652E+20,5.4143E+21,1.18151E+16,4.88473E+16
189609,9,2,73,116,2018,11,6,4,3,8,7,1,0,1,0,0,0,0,0,7.24104E+20,5.4231E+21,1.20593E+16,4.89202E+16
189610,9,1,62,0,2018,11,13,1,3,3,6,0,0,1,0,0,0,0,0,6.91856E+20,5.34039E+21,1.15814E+16,4.81877E+16
189611,9,1,73,123,2018,11,8,4,2,5,2,0,1,1,0,0,0,0,0,6.80653E+20,5.30061E+21,1.14141E+16,4.78335E+16
189612,9,7,63,0,2018,11,1,1,3,5,3,2,0,1,0,0,0,0,0,5.98749E+20,5.28602E+21,1.03167E+16,4.772E+16
189613,9,1,90,111,2018,11,10,4,2,5,3,0,0,1,0,0,0,0,0,6.40472E+20,5.29799E+21,1.08766E+16,4.78199E+16
189614,9,7,73,144,2018,11,12,1,3,0,7,0,0,1,0,0,0,1,0,6.058E+20,5.38042E+21,1.04341E+16,4.85679E+16
189615,9,7,73,125,2018,11,3,1,3,0,1,2,1,0,0,0,0,0,0,6.10035E+20,5.38261E+21,1.04921E+16,4.85869E+16
189616,9,6,61,0,2018,11,18,1,3,5,3,1,0,1,0,0,0,0,1,5.10828E+20,5.53701E+21,9.15104E+15,4.99854E+16
189617,9,5,64,0,2018,11,4,1,3,4,1,2,0,1,0,0,0,1,0,6.4996E+20,5.47902E+21,1.10688E+16,4.94453E+16
189618,9,1,80,132,2018,11,13,4,3,5,3,0,1,1,0,0,0,0,0,6.64028E+20,5.28388E+21,1.11858E+16,4.76875E+16
189619,9,5,64,0,2018,11,21,1,3,0,7,2,1,0,0,0,0,0,0,6.49526E+20,5.47946E+21,1.1063E+16,4.94494E+16
189620,9,1,80,117,2018,11,10,4,3,9,1,0,0,1,0,0,0,0,0,6.58404E+20,5.26192E+21,1.1103E+16,4.74914E+16
189621,9,5,75,153,2018,11,5,1,3,6,4,2,0,1,1,0,0,0,1,6.1576E+20,5.49287E+21,1.06013E+16,4.95774E+16
189622,9,3,61,0,2018,11,18,1,3,5,3,2,1,1,0,0,0,0,0,7.06135E+20,5.48085E+21,1.18439E+16,4.94453E+16
189623,9,1,83,148,2018,11,12,4,3,5,3,0,1,1,0,0,0,0,0,7.52539E+20,5.3449E+21,1.23993E+16,4.8207E+16
189624,9,2,71,146,2018,11,13,1,3,5,3,0,1,1,0,0,0,0,0,7.8599E+20,5.41154E+21,1.28942E+16,4.8791E+16
189625,9,1,89,155,2018,11,14,4,3,2,6,0,0,1,0,0,0,0,0,7.72818E+20,5.30786E+21,1.26481E+16,4.78661E+16
189626,9,2,62,0,2018,11,2,1,3,8,1,2,0,1,0,0,0,0,0,8.23549E+20,5.38918E+21,1.33866E+16,4.85721E+16
189627,9,1,71,112,2018,11,15,4,2,5,3,0,1,1,0,0,0,0,0,7.84771E+20,5.34308E+21,1.2831E+16,4.8177E+16
189628,9,1,63,0,2018,11,9,4,3,1,7,0,0,1,0,0,0,0,0,7.32228E+20,5.30595E+21,1.21052E+16,4.78649E+16
189629,9,2,77,116,2018,11,16,1,3,0,6,0,0,0,0,0,1,1,0,7.76755E+20,5.3678E+21,1.27396E+16,4.84025E+16
189630,9,1,61,0,2018,11,14,4,3,5,7,0,1,0,0,0,0,0,0,6.78473E+20,5.40465E+21,1.1429E+16,4.87692E+16
189631,9,2,61,0,2018,11,14,1,3,2,6,0,0,1,0,0,0,0,0,7.31496E+20,5.38281E+21,1.21374E+16,4.85556E+16
189632,9,1,90,141,2018,11,12,1,3,0,5,0,1,1,0,0,0,0,0,6.77822E+20,5.2928E+21,1.13731E+16,4.7764E+16
189633,9,1,85,158,2018,11,7,4,3,5,3,0,1,1,0,0,0,0,0,6.67265E+20,5.38099E+21,1.1267E+16,4.85597E+16
189634,9,1,80,117,2018,11,17,1,3,3,6,2,0,1,0,0,0,0,0,6.58454E+20,5.26214E+21,1.11037E+16,4.74934E+16
189635,9,1,79,126,2018,11,13,4,3,0,1,0,1,0,0,0,0,0,0,6.76477E+20,5.3399E+21,1.13745E+16,4.81878E+16
189636,9,1,61,0,2018,11,17,1,3,8,1,2,1,0,0,0,0,0,0,6.78072E+20,5.40522E+21,1.14238E+16,4.87745E+16
189637,9,1,88,127,2018,11,17,4,3,1,6,2,0,1,0,0,0,0,0,6.76751E+20,5.32986E+21,1.1374E+16,4.80975E+16
189638,9,1,62,0,2018,11,14,7,3,5,3,0,1,1,0,0,0,0,0,6.8794E+20,5.3366E+21,1.15271E+16,4.81549E+16
189639,9,1,75,132,2018,11,19,4,3,5,3,1,0,1,0,1,0,0,0,7.07057E+20,5.3324E+21,1.17818E+16,4.81112E+16
189640,9,1,77,117,2018,11,8,4,3,2,6,1,0,1,0,0,0,0,1,7.15078E+20,5.35383E+21,1.19003E+16,4.83011E+16
189641,9,1,62,0,2018,11,22,7,3,1,7,2,0,1,0,0,0,0,0,7.00581E+20,5.33201E+21,1.16947E+16,4.81097E+16
189642,9,1,77,115,2018,11,14,4,3,6,7,0,0,1,1,0,0,0,0,7.33441E+20,5.35218E+21,1.21467E+16,4.82797E+16
189643,9,1,62,0,2018,11,16,7,3,2,6,0,1,0,0,0,0,0,0,6.92236E+20,5.3355E+21,1.15843E+16,4.81436E+16
189644,9,1,84,112,2018,11,15,3,3,0,7,0,1,0,1,0,0,0,0,7.02321E+20,5.33824E+21,1.17211E+16,4.81651E+16
189645,9,1,62,0,2018,11,14,7,3,0,7,0,0,0,1,0,0,1,0,6.95088E+20,5.33366E+21,1.16218E+16,4.81263E+16
189646,9,1,62,0,2018,11,7,3,2,6,4,0,1,0,1,0,0,0,0,6.88599E+20,5.33357E+21,1.15346E+16,4.81274E+16
189647,9,1,62,0,2018,11,19,7,3,2,6,2,0,1,0,0,0,0,0,6.92313E+20,5.33779E+21,1.15864E+16,4.81642E+16
189648,9,1,62,0,2018,11,5,7,3,2,6,2,0,1,0,0,1,0,1,6.88562E+20,5.33902E+21,1.15365E+16,4.81764E+16
189649,9,7,74,116,2018,11,6,7,3,8,7,2,0,1,0,0,0,0,0,6.08056E+20,5.34638E+21,1.04559E+16,4.82614E+16
189650,9,7,80,143,2018,11,18,7,3,5,3,2,0,1,0,0,0,0,0,5.98896E+20,5.28261E+21,1.03179E+16,4.76893E+16
189651,9,7,79,131,2018,11,23,7,3,6,4,2,0,1,1,0,0,0,0,6.30716E+20,5.3974E+21,1.07771E+16,4.8716E+16
189652,9,1,62,0,2018,11,9,3,3,3,5,0,0,1,0,0,0,0,0,6.9627E+20,5.33736E+21,1.16394E+16,4.81591E+16
189653,9,1,62,0,2018,11,17,3,3,5,3,2,1,1,0,0,0,0,0,6.8788E+20,5.34355E+21,1.15294E+16,4.82173E+16
189654,9,7,61,0,2018,11,17,7,3,3,2,1,1,1,0,0,0,0,0,6.40072E+20,5.35814E+21,1.0891E+16,4.83609E+16
189655,9,1,62,0,2018,11,9,3,3,5,2,0,1,1,0,0,0,0,0,6.92084E+20,5.3345E+21,1.15818E+16,4.81347E+16
189656,9,6,71,140,2018,11,17,7,3,1,7,2,1,1,0,0,0,0,0,5.056E+20,5.53706E+21,9.07812E+15,4.99858E+16
189657,9,1,62,0,2018,11,7,3,3,5,3,0,0,1,0,0,0,1,0,6.90528E+20,5.33515E+21,1.15612E+16,4.8141E+16
189658,9,5,76,143,2018,11,19,7,2,8,1,2,0,0,0,1,0,0,0,6.58453E+20,5.45316E+21,1.11756E+16,4.92108E+16
189659,9,1,62,0,2018,11,16,3,3,4,2,1,0,1,0,0,0,0,0,6.9793E+20,5.33452E+21,1.16603E+16,4.81331E+16
189660,9,5,63,0,2018,11,17,7,1,0,7,2,1,0,0,0,0,0,0,6.44667E+20,5.48119E+21,1.09966E+16,4.94661E+16
189661,9,5,64,0,2018,11,22,7,3,2,6,2,0,1,0,0,0,0,0,6.50379E+20,5.4792E+21,1.10747E+16,4.94468E+16
189662,9,1,62,0,2018,11,11,3,3,2,2,0,0,1,0,0,0,0,0,6.92238E+20,5.33867E+21,1.15858E+16,4.81722E+16
189663,9,5,63,0,2018,11,19,7,3,5,3,2,0,1,0,0,0,0,0,6.41681E+20,5.48129E+21,1.09555E+16,4.94677E+16
189664,9,1,62,0,2018,11,17,3,2,3,2,2,0,1,0,1,0,0,0,6.92473E+20,5.33446E+21,1.1587E+16,4.81343E+16
189665,9,4,72,133,2018,11,13,7,3,4,6,0,0,1,0,0,0,0,0,6.90623E+20,5.52936E+21,1.16538E+16,4.98863E+16
189666,9,1,62,0,2018,11,18,3,3,5,2,2,1,1,0,0,0,0,0,6.89439E+20,5.33715E+21,1.15475E+16,4.81593E+16
189667,9,1,62,0,2018,11,18,3,3,5,2,2,1,1,0,0,0,0,0,6.91343E+20,5.33843E+21,1.15736E+16,4.81703E+16
189668,9,3,62,0,2018,11,16,7,3,6,4,1,0,1,1,0,0,0,0,7.26331E+20,5.43442E+21,1.20959E+16,4.90211E+16
189669,9,1,62,0,2018,11,23,3,3,1,6,2,1,1,0,0,0,0,0,6.92312E+20,5.33767E+21,1.15863E+16,4.81632E+16
189670,9,3,72,116,2018,11,11,7,3,5,3,0,0,1,0,0,0,0,0,7.67032E+20,5.45784E+21,1.2667E+16,4.92151E+16
189671,9,1,84,140,2018,11,13,3,3,5,3,0,1,1,0,0,0,0,0,7.019E+20,5.32849E+21,1.17108E+16,4.80777E+16
189672,9,1,62,0,2018,11,21,3,3,6,1,2,1,0,1,0,0,0,0,6.92209E+20,5.3357E+21,1.1584E+16,4.81455E+16
189673,9,2,76,135,2018,11,19,7,3,8,1,2,0,1,0,0,0,0,1,7.82333E+20,5.4449E+21,1.28676E+16,4.90921E+16
189674,9,1,62,0,2018,11,7,3,3,0,1,0,1,0,0,0,0,0,0,6.84446E+20,5.33967E+21,1.14815E+16,4.81835E+16
189675,9,2,75,154,2018,11,20,7,3,0,7,2,0,1,0,0,0,0,0,8.08684E+20,5.39679E+21,1.31913E+16,4.86478E+16
189676,9,2,75,144,2018,11,15,7,3,0,1,0,0,0,0,0,0,1,0,8.22807E+20,5.39991E+21,1.33849E+16,4.86687E+16
189677,9,1,62,0,2018,11,17,3,3,6,7,2,1,1,1,0,0,0,0,6.93863E+20,5.33142E+21,1.16043E+16,4.81065E+16
189678,9,2,77,133,2018,11,6,7,3,0,7,1,0,0,0,1,0,0,1,7.66539E+20,5.36617E+21,1.26008E+16,4.83923E+16
189679,9,1,62,0,2018,11,18,3,3,2,2,2,1,1,0,0,0,0,0,6.90055E+20,5.3355E+21,1.1555E+16,4.81443E+16
189680,9,1,90,140,2018,11,17,7,2,5,3,1,0,1,0,0,0,0,0,6.44186E+20,5.29543E+21,1.09254E+16,4.77961E+16
189681,9,7,64,0,2018,11,17,3,3,5,3,1,1,0,0,0,1,0,0,5.86185E+20,5.31693E+21,1.01554E+16,4.79998E+16
189682,9,7,74,135,2018,11,15,3,2,5,3,0,0,1,0,0,0,0,0,5.94637E+20,5.36799E+21,1.02801E+16,4.8458E+16
189683,9,1,86,162,2018,11,18,7,3,4,2,2,1,1,0,0,0,0,0,6.92941E+20,5.38754E+21,1.16177E+16,4.86112E+16
189684,9,7,78,116,2018,11,7,3,3,5,3,0,0,1,0,0,0,1,0,6.18019E+20,5.3216E+21,1.05833E+16,4.80367E+16
189685,9,1,88,139,2018,11,15,7,3,5,3,0,1,1,0,0,0,0,0,6.69691E+20,5.31889E+21,1.12749E+16,4.80008E+16
189686,9,7,76,117,2018,11,9,3,2,9,1,0,1,0,0,0,0,0,0,5.6749E+20,5.27302E+21,9.89796E+15,4.76071E+16
189687,9,1,81,128,2018,11,16,7,2,8,1,0,0,0,0,0,0,1,0,6.37783E+20,5.32762E+21,1.08502E+16,4.8087E+16