OBJECTID_1,ULAND,UREGBEZ,UKREIS,UGEMEINDE,UJAHR,UMONAT,USTUNDE,UWOCHENTAG,UKATEGORIE,UART,UTYP1,ULICHTVERH,IstRad,IstPKW,IstFuss,IstKrad,IstGkfz,IstSonstig,STRZUSTAND,LINREFX,LINREFY,XGCSWGS84,YGCSWGS84
189688,9,1,62,0,2018,11,17,6,2,6,2,2,0,1,1,0,0,0,0,6.91991E+20,5.33183E+21,1.15794E+16,4.81108E+16
189689,9,7,62,0,2018,11,16,3,3,5,3,0,0,1,0,1,0,0,0,6.20327E+20,5.30501E+21,1.06096E+16,4.78872E+16
189690,9,1,62,0,2018,11,14,6,2,6,4,0,0,1,1,0,0,0,0,6.82942E+20,5.33581E+21,1.14596E+16,4.81492E+16
189691,9,7,79,130,2018,11,10,3,2,0,7,0,1,0,0,0,0,0,0,6.15161E+20,5.41381E+21,1.05703E+16,4.88665E+16
189692,9,1,62,0,2018,11,11,6,3,5,7,0,1,1,0,0,0,0,0,6.90544E+20,5.33695E+21,1.15622E+16,4.81572E+16
189693,9,7,79,194,2018,11,17,3,3,4,2,1,0,1,0,1,0,0,0,6.0878E+20,5.41237E+21,1.04829E+16,4.88547E+16
189694,9,7,61,0,2018,11,7,3,3,6,2,0,0,1,1,0,0,0,0,6.39486E+20,5.3583E+21,1.08832E+16,4.83624E+16
189695,9,1,62,0,2018,11,9,6,2,0,1,0,1,0,0,0,0,0,0,6.9212E+20,5.33293E+21,1.15816E+16,4.81207E+16
189696,9,7,61,0,2018,11,19,3,3,6,1,2,0,1,1,0,0,0,0,6.40556E+20,5.35689E+21,1.08971E+16,4.83495E+16
189697,9,1,62,0,2018,11,12,6,3,5,2,0,0,1,0,1,0,0,0,6.92269E+20,5.34094E+21,1.15872E+16,4.81926E+16
189698,9,7,61,0,2018,11,15,3,3,5,3,0,1,1,0,0,0,0,0,6.4128E+20,5.3549E+21,1.09062E+16,4.83315E+16
189699,9,1,62,0,2018,11,19,6,3,1,5,2,1,1,0,0,0,0,1,6.90478E+20,5.33463E+21,1.15603E+16,4.81363E+16
189700,9,7,61,0,2018,11,18,3,3,0,1,2,1,0,0,0,0,0,0,6.39522E+20,5.35878E+21,1.08838E+16,4.83668E+16
189701,9,1,62,0,2018,11,13,6,3,6,1,0,0,1,1,1,0,0,0,6.91251E+20,5.3346E+21,1.15707E+16,4.81359E+16
189702,9,6,63,0,2018,11,9,3,3,0,7,0,0,0,0,0,0,1,0,5.69306E+20,5.51638E+21,9.96299E+15,4.97959E+16
189703,9,7,75,152,2018,11,12,6,3,5,3,0,0,1,0,1,0,0,0,5.76454E+20,5.35336E+21,1.00315E+16,4.83288E+16
189704,9,6,63,0,2018,11,8,3,3,0,7,0,1,1,0,0,0,0,0,5.67853E+20,5.51585E+21,9.94271E+15,4.97913E+16
189705,9,7,74,135,2018,11,13,6,3,5,3,0,0,1,0,1,0,0,0,5.9411E+20,5.36763E+21,1.02728E+16,4.84547E+16
189706,9,6,71,159,2018,11,17,3,2,0,6,1,0,1,0,0,0,0,0,5.16756E+20,5.553E+21,9.23444E+15,5.0129E+16
189707,9,7,74,144,2018,11,15,6,2,0,5,0,1,1,0,0,0,0,0,6.0634E+20,5.36035E+21,1.04364E+16,4.83874E+16
189708,9,5,62,0,2018,11,7,3,2,6,4,0,0,0,1,0,1,0,0,6.44729E+20,5.49563E+21,1.10028E+16,4.95959E+16
189709,9,7,80,139,2018,11,9,6,3,5,2,0,0,1,0,0,0,0,0,5.96708E+20,5.26E+21,1.02837E+16,4.74862E+16
189710,9,5,62,0,2018,11,12,3,3,5,3,0,0,1,0,1,0,0,0,6.44895E+20,5.49483E+21,1.10048E+16,4.95887E+16
189711,9,5,74,123,2018,11,15,3,2,1,1,0,0,1,0,1,0,0,0,6.60956E+20,5.47111E+21,1.12172E+16,4.93714E+16
189712,9,7,76,111,2018,11,16,6,3,2,7,1,1,1,0,0,0,0,0,5.48971E+20,5.26918E+21,9.65115E+15,4.75742E+16
189713,9,5,64,0,2018,11,15,3,2,9,7,0,1,0,0,0,0,0,0,6.50355E+20,5.47502E+21,1.10727E+16,4.94093E+16
189714,9,7,61,0,2018,11,15,6,3,0,7,0,0,0,1,0,0,1,0,6.38482E+20,5.36037E+21,1.08703E+16,4.83813E+16
189715,9,5,64,0,2018,11,10,3,3,5,3,0,1,1,0,0,0,0,0,6.53403E+20,5.47973E+21,1.11166E+16,4.94508E+16
189716,9,6,63,0,2018,11,15,6,2,0,1,0,0,0,0,1,0,0,0,5.70365E+20,5.51686E+21,9.97779E+15,4.98E+16
189717,9,5,64,0,2018,11,3,3,3,0,7,2,1,0,0,0,0,0,0,6.49858E+20,5.47838E+21,1.10672E+16,4.94396E+16
189718,9,6,75,169,2018,11,21,6,2,0,7,2,1,0,0,0,0,0,0,5.86975E+20,5.52057E+21,1.02094E+16,4.98312E+16
189719,9,5,64,0,2018,11,11,3,3,4,2,0,0,1,0,0,0,0,0,6.52047E+20,5.47914E+21,1.10976E+16,4.94459E+16
189720,9,6,71,111,2018,11,16,6,1,6,4,0,0,1,1,0,0,0,0,5.04048E+20,5.54907E+21,9.0566E+15,5.00938E+16
189721,9,5,72,115,2018,11,11,6,3,5,3,0,1,1,0,0,0,0,0,6.46741E+20,5.50271E+21,1.10333E+16,4.96591E+16
189722,9,5,73,134,2018,11,8,3,3,4,6,0,0,1,0,0,0,0,0,6.41262E+20,5.47916E+21,1.09489E+16,4.94486E+16
189723,9,5,72,120,2018,11,13,6,3,0,1,0,1,0,0,0,0,0,0,6.48296E+20,5.49527E+21,1.1052E+16,4.95918E+16
189724,9,5,77,136,2018,11,7,3,3,5,3,0,1,1,0,0,0,0,0,6.28438E+20,5.44189E+21,1.07601E+16,4.91164E+16
189725,9,5,63,0,2018,11,14,6,3,0,7,0,1,1,0,0,0,0,0,6.42784E+20,5.48215E+21,1.0971E+16,4.94752E+16
189726,9,5,75,145,2018,11,17,3,2,7,7,2,0,0,0,1,0,0,0,6.19145E+20,5.48606E+21,1.0646E+16,4.95154E+16
189727,9,5,64,0,2018,11,7,6,3,5,3,0,0,1,0,0,0,0,0,6.49762E+20,5.47975E+21,1.10664E+16,4.94519E+16
189728,9,4,77,128,2018,11,11,3,3,4,3,0,0,1,0,0,0,0,0,6.74044E+20,5.55308E+21,1.14339E+16,5.01045E+16
189729,9,4,61,0,2018,11,21,3,2,0,7,2,0,0,0,1,0,0,0,6.34693E+20,5.52747E+21,1.0875E+16,4.98845E+16
189730,9,5,64,0,2018,11,16,6,3,5,2,0,1,1,0,0,0,0,0,6.50891E+20,5.47933E+21,1.10818E+16,4.94479E+16
189731,9,4,61,0,2018,11,16,3,3,4,2,0,1,1,0,0,0,0,0,6.36164E+20,5.52911E+21,1.0896E+16,4.98988E+16
189732,9,5,64,0,2018,11,11,6,3,2,6,0,0,1,0,0,0,0,0,6.4924E+20,5.48044E+21,1.10594E+16,4.94583E+16
189733,9,5,64,0,2018,11,15,6,2,0,7,0,0,0,1,0,0,1,0,6.50842E+20,5.47848E+21,1.10808E+16,4.94403E+16
189734,9,4,61,0,2018,11,12,3,3,2,6,0,0,1,0,0,0,0,0,6.36597E+20,5.53049E+21,1.09026E+16,4.99112E+16
189735,9,4,61,0,2018,11,17,6,3,2,6,2,0,1,0,0,0,0,0,6.37664E+20,5.53009E+21,1.09173E+16,4.99073E+16
189736,9,3,75,179,2018,11,14,3,3,0,1,0,1,0,0,0,0,0,0,7.31191E+20,5.42914E+21,1.21593E+16,4.89719E+16
189737,9,3,62,0,2018,11,9,6,3,6,7,0,0,1,1,0,0,0,0,7.27958E+20,5.43736E+21,1.21198E+16,4.90469E+16
189738,9,3,62,0,2018,11,19,3,3,5,2,2,1,1,0,0,0,0,0,7.2553E+20,5.43315E+21,1.20843E+16,4.901E+16
189739,9,3,62,0,2018,11,18,3,3,1,7,2,1,1,0,0,0,0,0,7.23607E+20,5.43424E+21,1.20586E+16,4.90204E+16
189740,9,3,71,113,2018,11,16,6,2,9,1,0,0,0,0,1,0,0,0,6.91303E+20,5.50653E+21,1.1652E+16,4.96809E+16
189741,9,3,62,0,2018,11,7,3,3,1,6,0,0,1,0,0,1,0,0,7.23629E+20,5.43346E+21,1.20585E+16,4.90134E+16
189742,9,2,75,120,2018,11,12,6,3,5,3,0,0,1,0,0,0,0,0,8.13801E+20,5.40444E+21,1.32664E+16,4.87139E+16
189743,9,3,62,0,2018,11,19,3,3,0,1,2,1,0,0,0,0,0,0,7.27756E+20,5.4359E+21,1.21162E+16,4.90339E+16
189744,9,3,73,147,2018,11,13,3,3,8,1,0,0,0,0,1,0,0,0,6.7606E+20,5.45899E+21,1.14197E+16,4.92583E+16
189745,9,2,74,156,2018,11,17,6,3,0,1,2,1,0,0,0,0,0,1,7.44778E+20,5.38842E+21,1.23204E+16,4.8601E+16
189746,9,3,72,137,2018,11,11,3,3,4,7,0,0,1,1,0,0,0,0,7.80277E+20,5.45541E+21,1.28468E+16,4.91874E+16
189747,9,1,90,141,2018,11,9,6,3,0,7,0,0,0,0,0,1,0,0,6.78747E+20,5.29179E+21,1.1385E+16,4.77547E+16
189748,9,1,73,126,2018,11,20,6,3,1,1,2,0,1,0,0,0,0,1,6.84688E+20,5.30577E+21,1.14702E+16,4.78787E+16
189749,9,2,63,0,2018,11,22,3,3,3,6,2,0,1,0,1,0,0,0,7.64594E+20,5.42089E+21,1.26095E+16,4.88844E+16
189750,9,1,83,128,2018,11,9,6,3,5,3,0,0,1,0,0,0,0,0,7.6201E+20,5.34942E+21,1.25293E+16,4.82437E+16
189751,9,2,75,156,2018,11,7,3,3,0,7,0,0,0,0,1,0,0,0,8.51178E+20,5.40123E+21,1.37701E+16,4.86652E+16
189752,9,1,63,0,2018,11,21,6,3,1,5,2,1,1,0,0,0,0,1,7.33916E+20,5.30604E+21,1.21278E+16,4.78651E+16
189753,9,2,75,141,2018,11,8,3,3,6,4,0,0,1,1,0,0,0,0,8.19029E+20,5.36994E+21,1.33108E+16,4.84018E+16
189754,9,1,82,125,2018,11,18,6,3,7,7,2,1,0,0,0,0,0,1,7.11861E+20,5.2958E+21,1.18283E+16,4.77807E+16
189755,9,2,72,118,2018,11,13,3,3,5,3,0,0,1,0,0,0,0,0,8.33406E+20,5.41575E+21,1.35412E+16,4.88051E+16
189756,9,1,61,0,2018,11,14,6,3,2,6,0,1,0,0,0,0,0,0,6.75419E+20,5.40448E+21,1.13874E+16,4.87686E+16
189757,9,2,61,0,2018,11,13,3,2,6,4,0,0,1,1,0,0,0,0,7.33728E+20,5.38096E+21,1.21665E+16,4.85381E+16
189758,9,1,86,162,2018,11,16,6,3,0,7,1,0,0,0,0,0,1,0,6.92523E+20,5.38746E+21,1.1612E+16,4.86105E+16
189759,9,2,61,0,2018,11,12,3,3,0,4,0,0,0,1,0,0,1,0,7.32663E+20,5.38077E+21,1.2152E+16,4.85369E+16
189760,9,1,81,130,2018,11,18,6,3,5,2,2,0,1,0,1,0,0,1,6.39039E+20,5.32449E+21,1.0866E+16,4.80586E+16
189761,9,2,61,0,2018,11,16,3,3,0,7,0,1,0,0,0,0,0,0,7.32632E+20,5.37868E+21,1.21504E+16,4.85181E+16
189762,9,1,79,142,2018,11,15,6,3,8,6,0,0,1,0,0,0,0,1,6.78258E+20,5.34196E+21,1.13993E+16,4.82058E+16
189763,9,2,61,0,2018,11,17,3,3,4,2,1,1,1,0,0,0,0,0,7.30659E+20,5.38074E+21,1.21249E+16,4.85373E+16
189764,9,1,77,133,2018,11,23,6,2,8,7,2,0,1,0,0,0,0,1,7.06601E+20,5.36E+21,1.17892E+16,4.83594E+16
189765,9,1,72,111,2018,11,7,3,3,0,1,0,1,0,0,0,0,0,1,7.96572E+20,5.30255E+21,1.29614E+16,4.78078E+16
189766,9,1,71,111,2018,11,15,3,2,5,3,0,1,1,0,0,0,0,0,7.72891E+20,5.34769E+21,1.26745E+16,4.82236E+16
189767,9,1,62,0,2018,11,14,5,3,3,5,0,1,1,0,0,0,0,0,6.90354E+20,5.33439E+21,1.15586E+16,4.81343E+16
189768,9,1,87,117,2018,11,11,3,3,2,6,0,0,1,0,0,0,0,0,7.2511E+20,5.30555E+21,1.201E+16,4.78638E+16
189769,9,1,62,0,2018,11,14,5,3,5,3,0,0,1,0,0,0,0,0,6.92228E+20,5.33136E+21,1.15823E+16,4.81064E+16
189770,9,1,81,128,2018,11,14,3,2,0,1,0,1,0,0,0,0,0,0,6.38347E+20,5.32729E+21,1.08577E+16,4.80839E+16
189771,9,7,63,0,2018,11,12,5,2,5,3,0,0,1,0,1,0,0,0,5.98211E+20,5.28766E+21,1.03099E+16,4.77349E+16
189772,9,1,75,139,2018,11,17,3,3,0,7,2,1,0,0,0,0,0,0,7.10435E+20,5.33033E+21,1.18261E+16,4.80915E+16
189773,9,7,61,0,2018,11,4,5,3,0,1,2,1,0,0,0,0,0,0,6.3952E+20,5.35813E+21,1.08836E+16,4.83609E+16
189774,9,1,78,124,2018,11,12,3,3,0,1,0,1,0,0,0,0,0,0,7.03024E+20,5.36418E+21,1.17429E+16,4.83981E+16
189775,9,7,61,0,2018,11,15,5,2,0,1,0,1,0,0,0,0,0,0,6.4145E+20,5.3582E+21,1.09096E+16,4.83611E+16
189776,9,1,77,117,2018,11,7,3,3,5,7,0,1,1,0,0,0,0,0,7.15697E+20,5.35385E+21,1.19087E+16,4.8301E+16
189777,9,6,77,157,2018,11,22,5,2,5,3,2,0,1,0,0,0,0,0,5.44169E+20,5.52193E+21,9.61437E+15,4.98481E+16
189778,9,1,62,0,2018,11,14,2,3,5,3,0,0,1,0,0,0,0,0,6.79519E+20,5.33713E+21,1.14142E+16,4.81621E+16
189779,9,6,78,176,2018,11,12,5,2,9,1,0,0,1,0,0,0,0,0,5.89324E+20,5.53776E+21,1.0246E+16,4.99855E+16
189780,9,1,62,0,2018,11,8,2,3,4,2,0,1,1,0,0,0,0,0,6.92297E+20,5.33502E+21,1.15849E+16,4.81394E+16
189781,9,6,61,0,2018,11,13,5,3,5,3,0,0,1,0,0,0,0,0,5.11216E+20,5.5349E+21,9.15639E+15,4.99664E+16
189782,9,5,74,117,2018,11,16,5,2,5,2,0,1,1,0,0,0,0,0,6.70765E+20,5.46658E+21,1.13503E+16,4.9328E+16
189783,9,1,62,0,2018,11,12,2,3,5,2,0,1,1,0,0,0,0,0,6.92233E+20,5.3355E+21,1.15843E+16,4.81436E+16
189784,9,5,64,0,2018,11,13,5,3,5,3,0,0,1,0,0,0,0,0,6.53641E+20,5.47661E+21,1.11186E+16,4.94227E+16
189785,9,1,62,0,2018,11,16,2,3,6,4,1,0,1,1,0,0,0,0,6.85504E+20,5.33962E+21,1.14957E+16,4.81827E+16
189786,9,5,64,0,2018,11,2,5,3,6,4,2,0,1,1,0,0,0,0,6.50279E+20,5.47973E+21,1.10735E+16,4.94516E+16
189787,9,1,62,0,2018,11,16,2,3,3,6,0,1,1,0,0,0,0,0,6.88385E+20,5.33654E+21,1.15331E+16,4.81542E+16
189788,9,1,62,0,2018,11,17,2,3,2,4,1,0,1,1,0,0,0,0,6.92817E+20,5.33353E+21,1.15912E+16,4.81258E+16
189789,9,4,62,0,2018,11,1,5,3,1,1,2,0,1,0,0,0,0,0,6.84825E+20,5.53677E+21,1.15767E+16,4.99546E+16
189790,9,1,62,0,2018,11,13,2,3,5,2,0,0,1,0,0,0,1,0,6.94197E+20,5.33437E+21,1.16101E+16,4.81329E+16
189791,9,4,61,0,2018,11,20,5,3,5,2,1,1,0,0,0,0,1,0,6.3515E+20,5.52705E+21,1.08812E+16,4.98806E+16
189792,9,1,62,0,2018,11,17,2,3,0,7,2,1,0,0,0,0,0,0,6.88949E+20,5.33334E+21,1.15392E+16,4.81253E+16
189793,9,4,61,0,2018,11,9,5,3,0,7,0,1,0,0,0,0,0,0,6.34759E+20,5.52912E+21,1.08765E+16,4.98993E+16
189794,9,1,62,0,2018,11,10,2,3,0,2,0,1,0,0,0,0,1,0,6.97207E+20,5.33087E+21,1.16489E+16,4.81006E+16
189795,9,3,62,0,2018,11,14,5,3,6,4,0,0,1,1,0,0,0,0,7.26277E+20,5.43285E+21,1.20943E+16,4.90071E+16
189796,9,3,73,113,2018,11,17,5,3,0,7,0,0,1,0,0,0,1,0,6.78932E+20,5.47309E+21,1.14655E+16,4.93842E+16
189797,9,1,62,0,2018,11,17,2,2,2,6,2,0,1,0,1,0,0,0,6.88968E+20,5.33717E+21,1.15412E+16,4.81597E+16
189798,9,2,63,0,2018,11,2,5,3,0,7,2,0,1,1,0,0,0,0,7.62133E+20,5.41977E+21,1.25753E+16,4.88754E+16
189799,9,1,88,127,2018,11,14,2,3,0,1,0,1,0,0,0,0,0,0,6.80369E+20,5.32989E+21,1.14226E+16,4.80967E+16
189800,9,2,78,112,2018,11,12,5,3,0,1,0,1,0,0,0,0,0,0,7.53775E+20,5.42727E+21,1.24662E+16,4.89462E+16
189801,9,1,62,0,2018,11,10,2,3,5,3,0,0,1,0,0,0,0,0,6.83616E+20,5.33609E+21,1.14688E+16,4.81515E+16
189802,9,1,62,0,2018,11,15,2,3,6,3,0,0,1,1,0,0,0,0,6.87629E+20,5.33975E+21,1.15243E+16,4.81832E+16
189803,9,2,61,0,2018,11,14,5,3,0,1,0,1,0,0,0,0,0,0,7.32143E+20,5.38092E+21,1.21451E+16,4.85384E+16
189804,9,1,62,0,2018,11,16,2,3,3,3,0,1,1,0,0,0,0,0,6.88367E+20,5.33569E+21,1.15324E+16,4.81466E+16
189805,9,2,79,122,2018,11,13,5,3,5,3,0,0,1,0,1,0,0,0,7.71595E+20,5.39895E+21,1.26903E+16,4.86844E+16
189806,9,2,73,116,2018,11,23,5,3,9,1,2,0,1,0,0,0,0,0,7.24429E+20,5.42014E+21,1.20621E+16,4.88935E+16
189807,9,1,62,0,2018,11,20,2,3,5,2,2,0,1,0,0,0,0,0,6.93942E+20,5.33301E+21,1.16061E+16,4.81208E+16
189808,9,1,90,139,2018,11,20,5,2,5,3,2,0,1,0,1,0,0,0,6.54196E+20,5.29487E+21,1.10587E+16,4.77887E+16
189809,9,1,80,124,2018,11,10,5,3,0,7,0,1,0,0,0,0,0,0,6.65496E+20,5.28298E+21,1.1205E+16,4.7679E+16
189810,9,1,62,0,2018,11,14,2,3,5,2,0,1,1,0,0,0,0,0,6.92361E+20,5.33392E+21,1.15853E+16,4.81294E+16
189811,9,1,82,129,2018,11,14,5,2,0,1,0,1,0,0,0,0,0,0,7.11328E+20,5.28371E+21,1.18153E+16,4.76722E+16
189812,9,1,62,0,2018,11,11,2,3,5,3,0,0,1,0,0,0,0,0,6.9295E+20,5.33232E+21,1.15925E+16,4.81149E+16
189813,9,1,61,0,2018,11,13,5,3,1,7,0,0,1,0,0,0,0,0,6.78177E+20,5.40114E+21,1.14234E+16,4.87378E+16
189814,9,1,62,0,2018,11,18,2,3,5,2,1,0,1,0,0,0,1,0,6.90147E+20,5.33445E+21,1.15558E+16,4.81349E+16
189815,9,1,62,0,2018,11,6,2,3,0,1,0,1,0,0,0,0,0,0,6.89693E+20,5.33457E+21,1.15498E+16,4.8136E+16
189816,9,1,79,126,2018,11,14,5,3,6,7,0,0,1,1,0,0,0,0,6.76931E+20,5.33976E+21,1.13805E+16,4.81864E+16
189817,9,7,74,150,2018,11,14,2,3,3,7,0,1,1,0,0,0,0,0,6.00969E+20,5.34543E+21,1.03603E+16,4.82541E+16
189818,9,1,77,112,2018,11,23,5,3,9,1,2,0,1,0,0,0,0,0,7.16439E+20,5.36305E+21,1.19234E+16,4.83835E+16
189819,9,7,76,117,2018,11,13,2,3,0,1,0,1,0,0,0,0,0,0,5.66582E+20,5.27149E+21,9.88564E+15,4.75934E+16
189820,9,1,62,0,2018,10,15,4,3,3,6,0,1,0,0,0,0,0,0,6.90126E+20,5.33369E+21,1.15552E+16,4.8128E+16
189821,9,7,62,0,2018,11,17,2,3,5,3,1,1,1,0,0,0,0,0,6.21698E+20,5.30373E+21,1.06275E+16,4.78754E+16
189822,9,1,62,0,2018,10,13,4,3,4,2,0,0,1,0,0,0,0,0,6.95494E+20,5.33603E+21,1.16283E+16,4.81474E+16
189823,9,7,80,115,2018,11,17,2,2,9,7,1,0,1,0,0,0,0,0,5.93926E+20,5.26642E+21,1.02482E+16,4.75445E+16
189824,9,1,62,0,2018,10,16,4,3,1,5,0,1,1,0,0,0,0,0,6.92323E+20,5.33284E+21,1.15843E+16,4.81198E+16
189825,9,7,61,0,2018,11,12,2,3,4,2,0,0,1,0,0,0,0,0,6.38365E+20,5.35935E+21,1.08684E+16,4.83722E+16
189826,9,1,62,0,2018,10,19,4,3,2,6,2,0,1,0,0,0,0,0,6.96394E+20,5.33626E+21,1.16405E+16,4.81492E+16
189827,9,7,61,0,2018,11,7,2,3,3,1,0,1,1,0,0,0,0,0,6.39149E+20,5.3569E+21,1.08782E+16,4.835E+16
189828,9,1,62,0,2018,10,23,4,3,1,7,2,1,1,0,0,0,0,0,6.91775E+20,5.33332E+21,1.15772E+16,4.81242E+16
189829,9,7,61,0,2018,11,13,2,3,3,2,0,1,1,0,0,0,0,0,6.3992E+20,5.35869E+21,1.08891E+16,4.83659E+16
189830,9,1,62,0,2018,10,18,4,3,5,2,2,1,1,0,0,0,0,0,6.86686E+20,5.33822E+21,1.1511E+16,4.81697E+16
189831,9,6,63,0,2018,11,17,2,3,1,5,2,1,1,0,0,0,0,0,5.71275E+20,5.51704E+21,9.99047E+15,4.98015E+16
189832,9,1,62,0,2018,10,9,4,3,5,2,0,0,1,0,1,0,0,0,6.91206E+20,5.34034E+21,1.15727E+16,4.81875E+16
189833,9,6,63,0,2018,11,13,2,3,0,7,0,1,0,0,0,0,0,0,5.66507E+20,5.51544E+21,9.92394E+15,4.97877E+16
189834,9,1,62,0,2018,10,16,4,3,0,7,0,1,1,0,0,0,0,0,6.91091E+20,5.33936E+21,1.15707E+16,4.81787E+16
189835,9,6,75,174,2018,11,21,2,2,4,7,2,0,1,0,0,0,0,0,5.87897E+20,5.52438E+21,1.02231E+16,4.98654E+16
189836,9,1,62,0,2018,10,14,4,2,3,7,0,0,1,0,1,0,0,0,6.9178E+20,5.33552E+21,1.15782E+16,4.8144E+16
189837,9,6,62,0,2018,11,16,2,2,5,3,0,0,1,0,1,0,0,0,5.89039E+20,5.54463E+21,1.02436E+16,5.00473E+16
189838,9,1,62,0,2018,10,13,4,2,8,7,0,0,1,1,0,0,0,0,6.89993E+20,5.33654E+21,1.15547E+16,4.81537E+16
189839,9,5,62,0,2018,11,18,2,3,4,2,1,0,1,0,0,0,0,0,6.46407E+20,5.49525E+21,1.10259E+16,4.9592E+16
189840,9,1,84,119,2018,10,15,4,3,5,3,0,1,1,0,0,0,0,0,6.95915E+20,5.34755E+21,1.16393E+16,4.82509E+16
189841,9,1,62,0,2018,10,17,4,3,5,3,2,0,1,0,0,0,0,0,6.83992E+20,5.33944E+21,1.14753E+16,4.81816E+16
189842,9,5,63,0,2018,11,7,2,3,3,5,1,0,1,0,0,1,0,0,6.45519E+20,5.48108E+21,1.10083E+16,4.94649E+16
189843,9,1,62,0,2018,10,13,4,3,0,3,0,0,1,0,1,0,0,0,6.87558E+20,5.33618E+21,1.15218E+16,4.81512E+16
189844,9,5,64,0,2018,11,22,2,3,2,6,2,0,1,0,1,0,0,0,6.52449E+20,5.48071E+21,1.11038E+16,4.94599E+16
189845,9,1,84,130,2018,10,17,4,3,6,7,1,1,0,1,0,0,0,0,6.99189E+20,5.34536E+21,1.16823E+16,4.82302E+16
189846,9,5,64,0,2018,11,9,2,3,0,7,0,1,0,0,0,0,0,0,6.4665E+20,5.47826E+21,1.10229E+16,4.94393E+16
189847,9,1,62,0,2018,10,14,4,3,5,3,0,1,1,0,0,0,0,0,6.92933E+20,5.33891E+21,1.15952E+16,4.81742E+16
189848,9,5,64,0,2018,11,17,2,3,5,3,2,1,1,0,0,0,0,0,6.49563E+20,5.47933E+21,1.10635E+16,4.94482E+16
189849,9,1,62,0,2018,10,12,4,2,3,6,0,1,0,0,0,0,0,0,6.92286E+20,5.33808E+21,1.15862E+16,4.81669E+16
189850,9,5,64,0,2018,11,16,2,3,2,6,1,0,1,0,0,0,1,0,6.57102E+20,5.47366E+21,1.11652E+16,4.93953E+16
189851,9,5,61,0,2018,11,12,2,2,0,4,0,0,1,1,0,0,0,0,6.13822E+20,5.46279E+21,1.05658E+16,4.93072E+16
189852,9,7,64,0,2018,10,11,4,3,5,3,0,1,1,0,0,0,0,0,5.88127E+20,5.31736E+21,1.01815E+16,4.80035E+16
189853,9,7,78,144,2018,10,9,4,3,5,3,0,0,1,0,0,0,0,0,5.92397E+20,5.30328E+21,1.02357E+16,4.78762E+16
189854,9,7,75,129,2018,10,15,4,3,0,7,0,0,1,0,0,0,0,0,5.80037E+20,5.34353E+21,1.0078E+16,4.82399E+16
189855,9,4,73,170,2018,11,16,2,3,6,7,0,0,1,1,0,0,0,0,6.40558E+20,5.56227E+21,1.09693E+16,5.0196E+16
189856,9,7,78,116,2018,10,23,4,2,9,1,2,0,0,0,1,0,0,0,6.17658E+20,5.31779E+21,1.05774E+16,4.80026E+16
189857,9,4,61,0,2018,11,14,6,3,0,7,0,1,0,0,0,0,0,0,6.36246E+20,5.52947E+21,1.08973E+16,4.9902E+16
189858,9,4,61,0,2018,11,8,6,3,5,3,0,1,0,0,1,0,0,1,6.36377E+20,5.52862E+21,1.08988E+16,4.98944E+16
189859,9,3,63,0,2018,11,18,6,2,6,4,2,0,0,1,1,0,0,0,7.26437E+20,5.50306E+21,1.21363E+16,4.96376E+16
189860,9,3,72,170,2018,11,12,6,3,5,2,0,0,1,0,0,0,1,0,7.45955E+20,5.45362E+21,1.23755E+16,4.9186E+16
189861,9,3,62,0,2018,11,16,6,3,0,2,0,1,1,0,0,0,0,0,7.26473E+20,5.43322E+21,1.20972E+16,4.90103E+16
189862,9,3,62,0,2018,11,17,6,3,2,6,2,0,1,0,0,0,0,0,7.27443E+20,5.43314E+21,1.21104E+16,4.90092E+16
189863,9,3,62,0,2018,11,17,6,2,5,2,2,1,1,0,0,0,0,0,7.30809E+20,5.43067E+21,1.21549E+16,4.89857E+16
189864,9,3,62,0,2018,11,7,6,3,0,1,0,1,0,0,0,0,0,0,7.28269E+20,5.43236E+21,1.21212E+16,4.90019E+16
189865,9,3,62,0,2018,11,9,6,3,4,6,0,0,1,0,0,1,0,0,7.28818E+20,5.43806E+21,1.21319E+16,4.90529E+16
189866,9,3,73,147,2018,11,19,6,3,0,1,2,1,0,0,0,0,0,0,6.79908E+20,5.45967E+21,1.14729E+16,4.92633E+16
189867,9,3,73,147,2018,11,6,2,3,6,4,0,1,0,1,0,0,0,0,6.78733E+20,5.46084E+21,1.14572E+16,4.92742E+16
189868,9,3,73,147,2018,11,15,2,3,0,7,0,1,0,0,0,0,0,0,6.79526E+20,5.46055E+21,1.1468E+16,4.92713E+16
189869,9,2,71,119,2018,11,22,2,2,9,1,2,0,1,0,0,0,0,1,7.94815E+20,5.41574E+21,1.3017E+16,4.88246E+16
189870,9,2,71,119,2018,11,16,2,2,5,3,2,0,1,0,1,0,0,0,7.90842E+20,5.41595E+21,1.29632E+16,4.88284E+16
189871,9,3,73,147,2018,11,7,6,3,0,1,0,1,0,0,0,0,0,1,6.80211E+20,5.46094E+21,1.14776E+16,4.92746E+16
189872,9,1,90,131,2018,11,12,2,3,1,7,0,0,1,1,0,0,0,0,6.60453E+20,5.29365E+21,1.11418E+16,4.77762E+16