OBJECTID_1,ULAND,UREGBEZ,UKREIS,UGEMEINDE,UJAHR,UMONAT,USTUNDE,UWOCHENTAG,UKATEGORIE,UART,UTYP1,ULICHTVERH,IstRad,IstPKW,IstFuss,IstKrad,IstGkfz,IstSonstig,STRZUSTAND,LINREFX,LINREFY,XGCSWGS84,YGCSWGS84
190057,9,1,62,0,2018,11,12,6,3,1,1,0,0,1,0,0,0,1,0,6.97012E+20,5.33111E+21,1.16464E+16,4.81028E+16
190058,9,7,61,0,2018,11,14,4,3,3,3,0,0,1,0,0,0,1,0,6.4244E+20,5.35783E+21,1.09229E+16,4.83575E+16
190059,9,7,61,0,2018,11,19,4,3,4,2,2,1,1,0,0,0,0,0,6.40238E+20,5.35972E+21,1.08938E+16,4.83751E+16
190060,9,1,62,0,2018,11,11,6,3,5,3,0,1,0,0,0,0,0,0,6.97587E+20,5.33595E+21,1.16564E+16,4.81461E+16
190061,9,6,79,177,2018,11,16,4,3,5,3,0,0,1,0,0,1,0,0,5.508E+20,5.51723E+21,9.70599E+15,4.98053E+16
190062,9,1,62,0,2018,11,16,6,3,2,6,0,0,1,0,0,0,0,0,6.93655E+20,5.34187E+21,1.16063E+16,4.82005E+16
190063,9,6,63,0,2018,11,18,4,3,6,2,2,0,1,1,0,0,0,1,5.68614E+20,5.51586E+21,9.95328E+15,4.97913E+16
190064,9,1,62,0,2018,11,16,6,3,1,6,2,0,1,0,0,0,1,0,6.89702E+20,5.34014E+21,1.15524E+16,4.81861E+16
190065,9,6,63,0,2018,11,16,4,3,2,6,0,1,1,0,0,0,0,0,5.67525E+20,5.51512E+21,9.93803E+15,4.97847E+16
190066,9,1,62,0,2018,11,17,6,3,5,2,2,0,1,0,1,0,0,0,6.95327E+20,5.33418E+21,1.16252E+16,4.81308E+16
190067,9,1,62,0,2018,11,15,6,3,6,4,0,1,0,1,0,0,0,0,6.88231E+20,5.33785E+21,1.15316E+16,4.8166E+16
190068,9,6,72,149,2018,11,13,4,3,5,2,0,0,1,0,0,0,0,0,5.61538E+20,5.56878E+21,9.86348E+15,5.02679E+16
190069,9,1,62,0,2018,11,4,6,3,1,5,2,1,0,0,0,0,1,0,6.92408E+20,5.33269E+21,1.15854E+16,4.81184E+16
190070,9,5,62,0,2018,11,19,4,3,5,3,2,1,1,0,0,0,0,0,6.45982E+20,5.49572E+21,1.10201E+16,4.95965E+16
190071,9,1,84,136,2018,11,7,6,3,4,3,0,1,1,0,0,0,0,0,6.98668E+20,5.3264E+21,1.16665E+16,4.80599E+16
190072,9,5,62,0,2018,11,15,4,2,3,6,0,1,0,0,0,0,0,0,6.45674E+20,5.49503E+21,1.10156E+16,4.95903E+16
190073,9,5,62,0,2018,11,15,4,2,0,7,0,1,0,0,0,0,0,0,6.45044E+20,5.49487E+21,1.10069E+16,4.9589E+16
190074,9,1,62,0,2018,11,8,6,3,0,5,0,1,1,0,0,0,0,0,6.90588E+20,5.33577E+21,1.15623E+16,4.81466E+16
190075,9,5,76,151,2018,11,9,4,3,5,7,0,0,0,0,1,0,1,0,6.5675E+20,5.4683E+21,1.11582E+16,4.93472E+16
190076,9,7,75,135,2018,11,18,6,3,5,3,2,1,1,0,0,0,0,0,5.76009E+20,5.36096E+21,1.00269E+16,4.83972E+16
190077,9,7,74,166,2018,11,10,6,3,8,1,0,0,1,0,0,0,0,1,6.14668E+20,5.34075E+21,1.05435E+16,4.82096E+16
190078,9,5,64,0,2018,11,17,4,3,5,2,2,0,1,0,0,0,0,0,6.53653E+20,5.4757E+21,1.11184E+16,4.94146E+16
190079,9,7,63,0,2018,11,11,6,3,5,2,0,0,1,0,0,0,0,0,5.98543E+20,5.28766E+21,1.03143E+16,4.77348E+16
190080,9,7,63,0,2018,11,6,6,3,5,3,2,0,1,0,0,0,0,0,5.98677E+20,5.28698E+21,1.0316E+16,4.77286E+16
190081,9,5,64,0,2018,11,13,4,3,3,2,0,1,1,0,0,0,0,0,6.52475E+20,5.48342E+21,1.11052E+16,4.94842E+16
190082,9,7,72,200,2018,11,13,6,3,2,6,0,0,1,0,0,0,0,0,6.3062E+20,5.33845E+21,1.07574E+16,4.81859E+16
190083,9,5,64,0,2018,11,12,4,3,5,3,0,0,1,0,0,0,1,0,6.46577E+20,5.47647E+21,1.10212E+16,4.94232E+16
190084,9,7,71,130,2018,11,21,6,3,5,3,2,0,1,0,0,0,0,0,6.45645E+20,5.35747E+21,1.0966E+16,4.83536E+16
190085,9,5,64,0,2018,11,11,4,3,5,3,0,1,1,0,0,0,0,0,6.51861E+20,5.47781E+21,1.10946E+16,4.9434E+16
190086,9,5,64,0,2018,11,16,4,3,5,3,0,0,1,0,0,0,0,0,6.46305E+20,5.47984E+21,1.10187E+16,4.94536E+16
190087,9,7,72,163,2018,11,7,6,3,5,2,0,1,1,0,0,0,0,0,6.40175E+20,5.34836E+21,1.08892E+16,4.82729E+16
190088,9,5,61,0,2018,11,6,4,2,4,2,2,0,1,0,1,0,0,0,6.14352E+20,5.46156E+21,1.05728E+16,4.92961E+16
190089,9,7,61,0,2018,11,16,6,3,5,3,0,0,1,0,1,0,0,0,6.39261E+20,5.36039E+21,1.08808E+16,4.83813E+16
190090,9,4,64,0,2018,11,13,4,3,5,3,0,0,1,0,1,0,0,0,7.05112E+20,5.57717E+21,1.18809E+16,5.03109E+16
190091,9,7,61,0,2018,11,18,6,3,0,1,2,1,1,0,0,0,0,1,6.39582E+20,5.35815E+21,1.08844E+16,4.83611E+16
190092,9,4,64,0,2018,11,17,4,3,5,3,2,0,1,0,0,0,0,0,7.07623E+20,5.57688E+21,1.19159E+16,5.03075E+16
190093,9,7,61,0,2018,11,17,6,3,0,1,1,1,0,0,0,0,1,1,6.3854E+20,5.35663E+21,1.08699E+16,4.83477E+16
190094,9,4,64,0,2018,11,10,4,3,5,3,0,0,1,0,0,0,0,0,7.08432E+20,5.57837E+21,1.19281E+16,5.03205E+16
190095,9,7,61,0,2018,11,15,6,3,0,1,0,0,0,0,1,0,0,0,6.36563E+20,5.35292E+21,1.0842E+16,4.83148E+16
190096,9,4,63,0,2018,11,8,4,3,4,2,0,1,1,0,0,0,0,0,6.3966E+20,5.57001E+21,1.09596E+16,5.02657E+16
190097,9,6,63,0,2018,11,23,6,3,0,1,2,1,0,0,0,0,0,0,5.68457E+20,5.51508E+21,9.95097E+15,4.97843E+16
190098,9,4,77,128,2018,11,6,4,3,5,3,2,0,1,0,1,0,0,1,6.75657E+20,5.55398E+21,1.14569E+16,5.0112E+16
190099,9,6,63,0,2018,11,22,6,3,5,3,2,1,1,0,0,0,0,0,5.67492E+20,5.51545E+21,9.93763E+15,4.97877E+16
190100,9,4,62,0,2018,11,16,4,3,5,3,0,1,1,0,0,0,0,0,6.84187E+20,5.53424E+21,1.15666E+16,4.99321E+16
190101,9,6,63,0,2018,11,16,6,3,6,4,0,0,1,1,0,0,0,0,5.67303E+20,5.51659E+21,9.9352E+15,4.9798E+16
190102,9,4,61,0,2018,11,10,4,3,4,7,0,1,1,0,0,0,0,0,6.36065E+20,5.5283E+21,1.08944E+16,4.98916E+16
190103,9,6,62,0,2018,11,5,6,2,0,7,2,1,0,0,0,0,0,0,5.86302E+20,5.54315E+21,1.02051E+16,5.00344E+16
190104,9,3,63,0,2018,11,15,4,3,2,6,0,0,1,0,0,0,0,0,7.28355E+20,5.50643E+21,1.21648E+16,4.96671E+16
190105,9,6,62,0,2018,11,20,6,3,5,3,2,0,1,0,0,0,0,1,5.86392E+20,5.54382E+21,1.02065E+16,5.00404E+16
190106,9,3,62,0,2018,11,7,4,3,0,2,0,1,0,0,0,0,1,0,7.23877E+20,5.43363E+21,1.20619E+16,4.90149E+16
190107,9,6,76,124,2018,11,7,6,3,6,7,2,0,1,1,0,0,0,1,5.31866E+20,5.51511E+21,9.4427E+15,4.97876E+16
190108,9,3,62,0,2018,11,15,4,3,0,7,0,1,0,0,0,0,1,0,7.25905E+20,5.43426E+21,1.209E+16,4.90198E+16
190109,9,6,71,121,2018,11,15,6,2,6,4,0,0,1,1,0,0,0,0,5.13111E+20,5.53832E+21,9.18294E+15,4.9997E+16
190110,9,3,62,0,2018,11,8,4,3,4,3,0,1,0,0,0,0,1,0,7.26128E+20,5.43195E+21,1.20918E+16,4.89989E+16
190111,9,5,64,0,2018,11,16,6,3,5,7,0,0,1,0,1,0,0,0,6.49422E+20,5.47794E+21,1.1061E+16,4.94357E+16
190112,9,5,64,0,2018,11,8,6,3,0,3,0,1,0,0,0,0,1,0,6.526E+20,5.48134E+21,1.11061E+16,4.94655E+16
190113,9,3,62,0,2018,11,18,4,3,5,3,2,1,0,0,0,0,0,0,7.27229E+20,5.43508E+21,1.21085E+16,4.90267E+16
190114,9,5,71,174,2018,11,5,6,3,9,1,2,0,1,0,0,0,0,1,6.01717E+20,5.45842E+21,1.03983E+16,4.92701E+16
190115,9,3,72,116,2018,11,15,4,3,6,4,0,0,1,1,0,0,0,0,7.67149E+20,5.45848E+21,1.26691E+16,4.92208E+16
190116,9,4,64,0,2018,11,7,6,2,5,3,0,1,1,0,0,0,1,0,7.08577E+20,5.57824E+21,1.193E+16,5.03193E+16
190117,9,3,76,150,2018,11,16,4,2,5,3,0,1,1,0,0,0,0,0,7.27151E+20,5.48913E+21,1.21381E+16,4.95122E+16
190118,9,4,63,0,2018,11,0,6,3,0,7,2,1,0,0,0,0,0,1,6.40078E+20,5.5712E+21,1.09659E+16,5.02763E+16
190119,9,3,61,0,2018,11,8,4,3,0,6,0,0,1,0,0,1,0,0,7.06944E+20,5.48129E+21,1.18553E+16,4.9449E+16
190120,9,4,62,0,2018,11,14,6,2,6,4,0,0,1,1,0,0,0,0,6.83784E+20,5.53464E+21,1.15612E+16,4.99358E+16
190121,9,2,63,0,2018,11,16,4,3,5,3,1,1,1,0,0,0,0,0,7.62931E+20,5.42108E+21,1.2587E+16,4.88868E+16
190122,9,2,76,138,2018,11,20,4,3,8,1,2,0,1,0,0,0,0,0,8.01268E+20,5.43301E+21,1.31175E+16,4.89764E+16
190123,9,4,74,126,2018,11,16,6,3,6,6,0,1,0,1,0,0,0,1,6.48616E+20,5.50863E+21,1.10615E+16,4.97118E+16
190124,9,4,71,145,2018,11,19,6,3,0,7,2,0,0,0,1,0,0,0,6.4131E+20,5.51963E+21,1.09642E+16,4.98125E+16
190125,9,4,61,0,2018,11,11,6,2,6,7,0,0,1,1,0,0,0,0,6.35789E+20,5.52842E+21,1.08906E+16,4.98928E+16
190126,9,2,76,138,2018,11,22,4,3,8,1,2,0,1,0,0,0,0,0,8.01281E+20,5.43195E+21,1.31169E+16,4.89669E+16
190127,9,6,62,0,2018,11,15,4,3,1,3,0,0,1,0,1,0,0,0,5.87632E+20,5.5443E+21,1.02239E+16,5.00446E+16
190128,9,5,62,0,2018,11,13,4,3,0,7,0,1,0,0,0,0,0,0,6.4649E+20,5.49396E+21,1.10265E+16,4.95805E+16
190129,9,5,72,115,2018,11,7,4,3,5,3,1,1,1,0,0,0,0,1,6.47103E+20,5.5033E+21,1.10385E+16,4.96643E+16
190130,9,5,65,0,2018,11,10,4,3,5,3,0,1,1,0,0,0,0,0,6.47221E+20,5.46624E+21,1.10263E+16,4.93311E+16
190131,9,5,64,0,2018,11,8,4,3,0,7,0,0,0,0,0,0,1,0,6.49886E+20,5.4775E+21,1.10672E+16,4.94317E+16
190132,9,5,64,0,2018,11,13,4,3,0,6,0,0,1,0,1,0,0,0,6.49008E+20,5.47943E+21,1.10558E+16,4.94492E+16
190133,9,5,64,0,2018,11,18,4,3,5,3,2,0,1,0,0,0,0,0,6.49858E+20,5.47838E+21,1.10672E+16,4.94396E+16
190134,9,1,62,0,2018,11,14,6,3,5,3,0,1,1,0,0,0,0,0,6.81629E+20,5.33577E+21,1.1442E+16,4.81492E+16
190135,9,5,64,0,2018,11,11,4,3,3,6,0,0,1,0,0,0,0,1,6.46187E+20,5.47715E+21,1.10161E+16,4.94294E+16
190136,9,5,64,0,2018,11,16,4,3,2,6,2,0,1,0,0,0,0,0,6.48027E+20,5.47637E+21,1.10412E+16,4.9422E+16
190137,9,5,64,0,2018,11,9,4,3,5,2,0,0,1,0,0,0,0,0,6.49255E+20,5.47951E+21,1.10593E+16,4.94499E+16
190138,9,5,71,174,2018,11,17,4,2,6,4,2,0,0,1,1,0,0,0,6.02501E+20,5.46161E+21,1.04099E+16,4.92986E+16
190139,9,1,62,0,2018,11,14,6,3,3,2,0,1,0,0,0,0,0,0,6.85513E+20,5.32945E+21,1.14914E+16,4.80913E+16
190140,9,4,77,128,2018,11,6,4,3,6,4,2,0,0,1,1,0,0,1,6.74228E+20,5.55362E+21,1.14367E+16,5.01092E+16
190141,9,1,62,0,2018,11,12,6,3,6,4,0,1,0,1,0,0,0,0,6.90474E+20,5.33463E+21,1.15603E+16,4.81363E+16
190142,9,4,71,140,2018,11,6,4,3,0,1,2,0,0,0,1,0,0,1,6.34035E+20,5.53162E+21,1.08673E+16,4.99219E+16
190143,9,1,62,0,2018,11,15,6,3,2,6,0,0,1,0,0,0,0,0,6.94172E+20,5.3328E+21,1.16091E+16,4.81188E+16
190144,9,4,61,0,2018,11,7,4,3,0,7,1,1,0,0,0,0,0,1,6.35846E+20,5.52994E+21,1.08919E+16,4.99064E+16
190145,9,1,62,0,2018,11,19,6,3,2,6,2,0,1,0,0,0,1,0,6.92477E+20,5.33488E+21,1.15873E+16,4.81381E+16
190146,9,3,72,142,2018,11,7,4,3,9,1,0,0,1,0,0,0,0,1,7.61119E+20,5.44596E+21,1.25783E+16,4.91109E+16
190147,9,1,62,0,2018,11,10,6,3,3,6,0,0,1,0,0,0,0,0,6.86523E+20,5.33746E+21,1.15085E+16,4.8163E+16
190148,9,1,84,136,2018,11,16,6,3,5,3,2,0,1,0,0,0,0,0,7.00481E+20,5.32703E+21,1.16911E+16,4.8065E+16
190149,9,3,62,0,2018,11,13,4,2,0,6,0,0,1,1,0,0,0,0,7.26939E+20,5.4332E+21,1.21035E+16,4.90099E+16
190150,9,7,74,116,2018,11,11,6,2,2,2,0,1,1,0,0,0,0,0,6.08968E+20,5.34564E+21,1.0468E+16,4.82546E+16
190151,9,3,62,0,2018,11,6,4,3,0,1,1,0,0,0,1,0,0,1,7.24186E+20,5.4325E+21,1.20655E+16,4.90046E+16
190152,9,7,80,144,2018,11,17,6,3,5,3,0,0,1,0,1,0,0,0,5.90464E+20,5.27931E+21,1.02049E+16,4.76609E+16
190153,9,3,73,147,2018,11,6,4,3,5,2,2,1,1,0,0,0,0,1,6.78712E+20,5.46054E+21,1.14568E+16,4.92714E+16
190154,9,3,61,0,2018,11,19,4,3,0,1,2,0,0,0,1,0,0,0,7.07403E+20,5.48116E+21,1.18615E+16,4.94477E+16
190155,9,2,71,146,2018,11,8,4,3,6,7,0,0,1,1,0,0,0,0,7.84626E+20,5.40976E+21,1.28744E+16,4.87756E+16
190156,9,2,71,119,2018,11,6,4,3,2,6,2,0,1,0,0,1,0,0,7.897E+20,5.41668E+21,1.29482E+16,4.88354E+16
190157,9,7,76,116,2018,11,7,6,3,0,1,1,1,0,0,0,0,0,0,5.50145E+20,5.26788E+21,9.66662E+15,4.75624E+16
190158,9,2,62,0,2018,11,11,4,3,6,6,0,0,0,1,0,0,1,0,8.25358E+20,5.38862E+21,1.34106E+16,4.85661E+16
190159,9,7,72,202,2018,11,15,6,3,1,7,0,0,1,0,1,0,0,0,6.3653E+20,5.3593E+21,1.08436E+16,4.83721E+16
190160,9,2,61,0,2018,11,8,4,3,4,2,0,0,1,0,0,0,0,1,7.3273E+20,5.38182E+21,1.21535E+16,4.85463E+16
190161,9,2,61,0,2018,11,9,4,3,5,3,0,0,1,0,0,0,0,0,7.30661E+20,5.38201E+21,1.21256E+16,4.85487E+16
190162,9,7,71,130,2018,11,11,6,2,0,7,0,1,0,0,0,0,0,0,6.48599E+20,5.35586E+21,1.10053E+16,4.83384E+16
190163,9,1,80,116,2018,11,13,4,2,0,2,0,0,0,0,1,0,1,0,6.59099E+20,5.2662E+21,1.11137E+16,4.75298E+16
190164,9,7,61,0,2018,11,18,6,3,5,2,2,1,1,0,0,0,0,0,6.38367E+20,5.35962E+21,1.08685E+16,4.83745E+16
190165,9,1,73,111,2018,11,7,4,3,2,6,1,0,0,0,1,0,1,0,6.84968E+20,5.29259E+21,1.14683E+16,4.77602E+16
190166,9,7,61,0,2018,11,16,6,3,2,6,0,0,1,0,0,0,0,0,6.38023E+20,5.35939E+21,1.08638E+16,4.83726E+16
190167,9,6,63,0,2018,11,7,6,3,2,6,0,0,1,0,1,0,0,1,5.69535E+20,5.51827E+21,9.96652E+15,4.98128E+16
190168,9,1,72,134,2018,11,18,4,2,5,3,2,0,1,0,1,0,0,0,7.85565E+20,5.30638E+21,1.28172E+16,4.78472E+16
190169,9,6,79,170,2018,11,7,6,3,0,7,0,1,0,0,0,0,0,0,5.77521E+20,5.50185E+21,1.00742E+16,4.96642E+16
190170,9,1,71,124,2018,11,21,4,3,0,1,2,1,0,0,0,0,0,0,7.79987E+20,5.34062E+21,1.27651E+16,4.81571E+16
190171,9,1,87,150,2018,11,7,4,3,2,6,0,0,1,0,0,0,0,0,7.29202E+20,5.30433E+21,1.20639E+16,4.78514E+16
190172,9,6,74,163,2018,11,13,6,3,5,3,0,0,1,0,0,0,0,0,6.10406E+20,5.53897E+21,1.05403E+16,4.99928E+16
190173,9,1,87,117,2018,11,20,4,3,3,2,1,1,1,0,0,0,0,0,7.24898E+20,5.30569E+21,1.20072E+16,4.78651E+16
190174,9,5,72,132,2018,11,15,6,2,6,4,0,0,1,1,0,0,0,0,6.36955E+20,5.49274E+21,1.08943E+16,4.95718E+16
190175,9,1,87,122,2018,11,10,4,2,5,2,0,1,1,0,0,0,0,0,7.19404E+20,5.30688E+21,1.19344E+16,4.78778E+16
190176,9,5,62,0,2018,11,9,6,3,3,2,0,1,1,0,0,0,0,0,6.46015E+20,5.49366E+21,1.10198E+16,4.95779E+16
190177,9,1,61,0,2018,11,22,4,3,5,3,2,1,1,0,0,0,0,0,6.78145E+20,5.40564E+21,1.14249E+16,4.87782E+16
190178,9,5,62,0,2018,11,16,6,3,5,3,1,0,1,0,0,0,0,0,6.44937E+20,5.4937E+21,1.1005E+16,4.95786E+16
190179,9,5,64,0,2018,11,16,6,3,6,7,2,0,1,1,0,0,0,0,6.50941E+20,5.4792E+21,1.10824E+16,4.94467E+16
190180,9,1,76,124,2018,11,8,4,3,4,6,0,0,1,0,0,1,0,1,6.70214E+20,5.4103E+21,1.1319E+16,4.88223E+16
190181,9,5,64,0,2018,11,4,6,3,1,2,2,1,1,0,0,0,0,0,6.50972E+20,5.47827E+21,1.10825E+16,4.94383E+16
190182,9,1,79,137,2018,11,8,4,3,9,1,0,0,1,0,0,0,0,1,6.54543E+20,5.34883E+21,1.10828E+16,4.82738E+16
190183,9,5,64,0,2018,11,17,6,3,0,6,2,0,1,0,1,0,0,0,6.49026E+20,5.47902E+21,1.10559E+16,4.94456E+16
190184,9,1,74,115,2018,11,14,4,3,5,3,0,0,1,0,0,0,0,0,6.82222E+20,5.34653E+21,1.14546E+16,4.82457E+16
190185,9,5,73,133,2018,11,18,6,3,8,1,2,0,1,0,0,0,0,0,6.24386E+20,5.48363E+21,1.07176E+16,4.94925E+16
190186,9,1,78,145,2018,11,7,4,3,4,1,1,0,0,0,0,1,1,0,6.96076E+20,5.36014E+21,1.16473E+16,4.8364E+16
190187,9,1,78,145,2018,11,8,4,3,5,3,0,0,1,0,0,0,0,1,6.96481E+20,5.35465E+21,1.16502E+16,4.83145E+16
190188,9,1,77,133,2018,11,8,4,3,5,3,1,0,1,0,0,1,0,0,7.08173E+20,5.36179E+21,1.18113E+16,4.83749E+16
190189,9,1,62,0,2018,11,16,3,3,5,2,1,0,1,0,0,0,0,1,6.9018E+20,5.33373E+21,1.15559E+16,4.81284E+16
190190,9,1,62,0,2018,11,17,3,3,5,3,1,1,1,0,0,0,0,0,6.86538E+20,5.33634E+21,1.15082E+16,4.81529E+16
190191,9,5,71,193,2018,11,18,6,3,6,4,2,0,1,1,0,0,0,0,5.86437E+20,5.47008E+21,1.01908E+16,4.93773E+16
190192,9,5,61,0,2018,11,13,6,3,0,7,0,0,1,0,0,1,0,0,6.15834E+20,5.46189E+21,1.05933E+16,4.92988E+16
190193,9,1,62,0,2018,11,10,3,2,0,1,0,1,0,0,0,0,0,1,6.8491E+20,5.33923E+21,1.14876E+16,4.81794E+16
190194,9,4,75,162,2018,11,13,6,3,0,3,0,0,1,1,0,0,0,0,7.16593E+20,5.57095E+21,1.20383E+16,5.0251E+16
190195,9,1,62,0,2018,11,17,3,2,6,4,2,0,1,1,0,0,0,1,6.99042E+20,5.33393E+21,1.1675E+16,4.81275E+16
190196,9,4,74,126,2018,11,12,6,3,1,6,0,1,1,0,0,0,0,0,6.48659E+20,5.50846E+21,1.1062E+16,4.97102E+16
190197,9,1,62,0,2018,11,9,3,3,6,7,0,0,1,1,0,0,0,0,6.89654E+20,5.33309E+21,1.15486E+16,4.81228E+16
190198,9,4,71,150,2018,11,6,6,3,6,7,2,1,0,1,0,0,0,0,6.35078E+20,5.53533E+21,1.08831E+16,4.99551E+16
190199,9,1,62,0,2018,11,15,3,3,2,6,0,0,0,0,0,1,1,0,6.90665E+20,5.34074E+21,1.15656E+16,4.81913E+16
190200,9,1,62,0,2018,11,7,3,3,5,2,0,1,1,0,0,0,0,0,6.78841E+20,5.33894E+21,1.14059E+16,4.81785E+16
190201,9,3,63,0,2018,11,7,6,3,3,3,0,1,1,0,0,0,0,0,7.28023E+20,5.50763E+21,1.21609E+16,4.9678E+16
190202,9,1,62,0,2018,11,15,3,3,0,7,0,0,0,1,0,0,1,0,6.89946E+20,5.33661E+21,1.15541E+16,4.81544E+16
190203,9,3,62,0,2018,11,5,6,3,5,3,2,0,1,0,0,0,0,0,7.23882E+20,5.43364E+21,1.2062E+16,4.9015E+16
190204,9,1,62,0,2018,11,11,3,3,0,3,0,1,0,0,0,0,1,0,6.93924E+20,5.33303E+21,1.16059E+16,4.81209E+16
190205,9,3,73,121,2018,11,12,6,3,5,3,0,0,1,0,0,0,0,0,6.88467E+20,5.43475E+21,1.15787E+16,4.90368E+16
190206,9,3,73,147,2018,11,13,6,3,5,7,0,1,1,0,0,0,0,0,6.77924E+20,5.46168E+21,1.14465E+16,4.92819E+16
190207,9,1,62,0,2018,11,15,3,3,2,6,0,0,1,0,0,0,0,0,6.9226E+20,5.33359E+21,1.15838E+16,4.81265E+16
190208,9,3,73,147,2018,11,14,6,3,5,3,0,0,1,0,0,0,0,0,6.79316E+20,5.46049E+21,1.14651E+16,4.92709E+16
190209,9,1,62,0,2018,11,17,3,3,3,6,2,1,1,0,0,0,0,0,6.89368E+20,5.33476E+21,1.15455E+16,4.81379E+16
190210,9,2,71,119,2018,11,16,6,3,6,7,1,0,1,1,0,0,0,1,7.90268E+20,5.41589E+21,1.29553E+16,4.88281E+16
190211,9,2,77,116,2018,11,9,6,3,3,2,0,0,1,0,0,0,0,0,7.77912E+20,5.36752E+21,1.2755E+16,4.83995E+16
190212,9,1,62,0,2018,11,8,3,3,3,5,0,1,1,0,0,0,0,0,6.90729E+20,5.33408E+21,1.15634E+16,4.81314E+16
190213,9,2,61,0,2018,11,15,6,3,4,2,0,0,1,0,0,0,0,0,7.32729E+20,5.38182E+21,1.21535E+16,4.85463E+16
190214,9,1,62,0,2018,11,13,3,3,0,5,0,1,1,0,0,0,0,0,6.9192E+20,5.33469E+21,1.15797E+16,4.81365E+16
190215,9,7,75,135,2018,11,8,3,3,0,7,0,1,0,0,0,0,0,1,5.75734E+20,5.36102E+21,1.00232E+16,4.83978E+16
190216,9,2,61,0,2018,11,13,6,3,5,3,0,1,1,0,0,0,0,0,7.32472E+20,5.38112E+21,1.21496E+16,4.85401E+16
190217,9,7,64,0,2018,11,20,3,3,5,3,2,0,1,0,0,0,0,1,5.87026E+20,5.31726E+21,1.01667E+16,4.80027E+16
190218,9,2,73,111,2018,11,11,6,3,5,2,0,1,1,0,0,0,0,0,7.08782E+20,5.411E+21,1.18442E+16,4.88169E+16
190219,9,7,74,135,2018,11,17,3,2,0,6,2,0,1,0,0,0,0,1,5.92668E+20,5.36733E+21,1.02533E+16,4.84523E+16
190220,9,1,80,136,2018,11,3,6,2,0,1,2,1,0,0,0,0,0,0,6.71835E+20,5.2654E+21,1.12825E+16,4.75193E+16
190221,9,1,89,161,2018,11,16,6,2,9,1,0,0,0,0,1,0,0,0,7.71378E+20,5.30535E+21,1.26273E+16,4.78442E+16
190222,9,7,79,131,2018,11,19,3,3,0,1,2,1,0,0,0,0,0,1,6.30972E+20,5.39764E+21,1.07806E+16,4.87181E+16
190223,9,1,71,125,2018,11,22,6,3,4,6,2,0,1,0,0,0,0,0,7.73915E+20,5.34957E+21,1.26894E+16,4.82401E+16
190224,9,7,73,125,2018,11,13,3,3,5,3,0,1,1,0,0,0,0,1,6.10002E+20,5.38171E+21,1.04914E+16,4.85788E+16
190225,9,1,87,129,2018,11,17,6,2,6,4,2,0,1,1,0,0,0,0,7.25488E+20,5.29549E+21,1.20098E+16,4.77733E+16
190226,9,7,71,146,2018,11,19,3,3,4,1,2,0,1,0,0,0,0,0,6.46592E+20,5.34821E+21,1.09755E+16,4.82701E+16
190227,9,7,61,0,2018,11,16,3,3,2,6,1,0,1,0,0,0,0,0,6.37457E+20,5.36078E+21,1.08566E+16,4.83852E+16
190228,9,1,85,149,2018,11,13,6,3,2,6,0,0,1,0,0,0,0,0,6.6448E+20,5.40074E+21,1.12371E+16,4.87379E+16
190229,9,7,61,0,2018,11,21,3,3,0,1,2,0,0,0,1,0,0,1,6.39573E+20,5.35957E+21,1.08848E+16,4.83739E+16
190230,9,1,76,121,2018,11,9,6,3,4,6,0,0,1,0,0,0,0,0,6.51986E+20,5.41519E+21,1.10727E+16,4.88711E+16
190231,9,7,61,0,2018,11,16,3,3,4,2,0,1,1,0,0,0,0,1,6.40821E+20,5.35963E+21,1.09016E+16,4.83741E+16
190232,9,1,76,123,2018,11,13,6,3,6,7,0,0,0,1,0,0,1,0,6.60218E+20,5.41791E+21,1.11859E+16,4.88934E+16
190233,9,1,78,120,2018,11,20,6,3,2,6,2,0,1,0,0,0,0,0,6.95472E+20,5.35373E+21,1.16362E+16,4.83066E+16
190234,9,6,63,0,2018,11,14,3,3,6,4,0,0,1,1,0,0,0,0,5.65899E+20,5.51702E+21,9.91577E+15,4.9802E+16
190235,9,1,78,124,2018,11,17,6,3,5,3,2,0,1,0,1,0,0,0,7.0232E+20,5.36298E+21,1.17329E+16,4.83875E+16
190236,9,6,75,141,2018,11,15,3,3,5,3,0,0,1,0,0,0,0,0,5.8282E+20,5.51043E+21,1.01495E+16,4.97407E+16
190237,9,1,62,0,2018,11,7,5,3,4,6,0,1,0,0,0,0,0,1,6.96973E+20,5.33182E+21,1.16462E+16,4.81092E+16
190238,9,6,62,0,2018,11,10,3,3,5,3,0,0,1,0,0,0,0,0,5.88728E+20,5.54299E+21,1.02389E+16,5.00326E+16
190239,9,1,62,0,2018,11,12,5,2,0,2,0,1,0,0,0,0,0,0,6.8673E+20,5.32807E+21,1.15071E+16,4.80785E+16
190240,9,6,76,121,2018,11,14,3,3,5,3,0,0,1,0,0,0,0,0,5.1138E+20,5.52055E+21,9.15826E+15,4.98373E+16
190241,9,1,62,0,2018,11,9,5,3,2,7,0,1,1,0,0,0,0,0,6.91483E+20,5.34037E+21,1.15764E+16,4.81877E+16