OBJECTID_1,ULAND,UREGBEZ,UKREIS,UGEMEINDE,UJAHR,UMONAT,USTUNDE,UWOCHENTAG,UKATEGORIE,UART,UTYP1,ULICHTVERH,IstRad,IstPKW,IstFuss,IstKrad,IstGkfz,IstSonstig,STRZUSTAND,LINREFX,LINREFY,XGCSWGS84,YGCSWGS84
190427,9,1,74,126,2018,11,19,5,3,0,1,2,0,0,0,1,0,0,0,6.84416E+20,5.34424E+21,1.14831E+16,4.82246E+16
190428,9,6,63,0,2018,11,16,3,3,5,3,2,1,1,0,0,0,0,1,5.68138E+20,5.51596E+21,9.94669E+15,4.97922E+16
190429,9,6,63,0,2018,11,11,3,3,6,4,0,1,0,1,0,0,0,1,5.67007E+20,5.51629E+21,9.93103E+15,4.97954E+16
190430,9,1,62,0,2018,11,14,5,1,6,4,0,0,0,1,0,0,1,0,6.94579E+20,5.33417E+21,1.16152E+16,4.8131E+16
190431,9,6,63,0,2018,11,6,3,2,0,1,1,1,0,0,0,0,0,0,5.63589E+20,5.51711E+21,9.88369E+15,4.98031E+16
190432,9,6,77,119,2018,11,7,3,2,6,4,1,0,1,1,0,0,0,0,5.49967E+20,5.52315E+21,9.69518E+15,4.98587E+16
190433,9,5,65,0,2018,11,17,3,3,5,2,2,0,1,0,1,0,0,0,6.47356E+20,5.46482E+21,1.10277E+16,4.93184E+16
190434,9,1,62,0,2018,11,12,5,3,2,6,0,0,1,0,0,1,0,0,6.90368E+20,5.33462E+21,1.15588E+16,4.81364E+16
190435,9,5,74,138,2018,11,16,3,2,6,1,2,0,1,1,0,0,0,0,6.65122E+20,5.48667E+21,1.1281E+16,4.95102E+16
190436,9,5,74,123,2018,11,13,3,3,1,7,0,0,1,0,0,0,0,0,6.60614E+20,5.47149E+21,1.12126E+16,4.93749E+16
190437,9,5,71,177,2018,11,16,5,3,5,3,1,0,1,0,0,0,0,1,6.22065E+20,5.45022E+21,1.06754E+16,4.91926E+16
190438,9,5,64,0,2018,11,13,3,3,0,7,0,0,0,1,0,0,1,1,6.45327E+20,5.48775E+21,1.10082E+16,4.9525E+16
190439,9,1,62,0,2018,11,13,4,3,0,7,0,0,0,1,0,0,1,0,6.90813E+20,5.3349E+21,1.15649E+16,4.81387E+16
190440,9,5,77,136,2018,11,17,3,3,5,6,2,1,1,0,0,0,0,0,6.28111E+20,5.44205E+21,1.07557E+16,4.91179E+16
190441,9,5,71,180,2018,11,11,3,3,0,7,0,1,0,0,0,0,0,1,6.29912E+20,5.46097E+21,1.07865E+16,4.92877E+16
190442,9,1,62,0,2018,11,7,5,3,6,2,0,0,1,1,0,0,0,0,6.85687E+20,5.33487E+21,1.14961E+16,4.814E+16
190443,9,1,84,146,2018,11,11,4,3,8,7,0,0,1,0,0,0,0,1,6.99364E+20,5.32807E+21,1.16766E+16,4.80747E+16
190444,9,4,77,135,2018,11,18,3,3,8,1,1,0,1,0,0,0,0,0,6.8249E+20,5.55505E+21,1.15528E+16,5.01196E+16
190445,9,7,75,135,2018,11,18,4,3,1,3,2,1,1,0,0,0,0,0,5.74236E+20,5.35997E+21,1.00027E+16,4.83886E+16
190446,9,3,74,111,2018,11,18,3,3,6,3,2,0,1,1,0,0,0,0,7.27549E+20,5.51166E+21,1.21567E+16,4.97143E+16
190447,9,3,62,0,2018,11,6,5,3,5,3,2,0,1,0,1,0,0,1,7.27317E+20,5.43505E+21,1.21097E+16,4.90264E+16
190448,9,3,74,129,2018,11,12,3,3,9,1,0,0,1,0,0,0,0,2,6.90231E+20,5.51536E+21,1.16414E+16,4.97606E+16
190449,9,1,62,0,2018,11,12,4,3,0,7,0,1,1,0,0,0,0,0,6.93897E+20,5.33951E+21,1.16085E+16,4.81792E+16
190450,9,4,63,0,2018,11,6,5,3,6,4,2,0,1,1,0,0,0,1,6.39615E+20,5.56949E+21,1.09588E+16,5.02611E+16
190451,9,3,72,170,2018,11,16,3,2,9,1,1,0,1,0,0,0,0,2,7.46038E+20,5.45201E+21,1.23757E+16,4.91715E+16
190452,9,3,62,0,2018,11,18,3,2,6,4,2,0,1,1,0,0,0,0,7.23767E+20,5.4336E+21,1.20604E+16,4.90147E+16
190453,9,3,62,0,2018,11,7,3,3,5,2,0,0,1,0,0,0,0,2,7.23696E+20,5.43316E+21,1.20592E+16,4.90107E+16
190454,9,7,78,130,2018,11,17,5,3,8,1,2,0,1,0,0,0,0,1,5.93177E+20,5.32528E+21,1.02509E+16,4.8074E+16
190455,9,1,62,0,2018,11,16,4,3,5,2,0,1,1,0,0,0,0,1,6.91564E+20,5.33285E+21,1.15741E+16,4.81201E+16
190456,9,3,62,0,2018,11,23,3,3,5,3,2,1,1,0,0,0,0,0,7.25207E+20,5.43434E+21,1.20805E+16,4.90208E+16
190457,9,3,62,0,2018,11,15,3,3,6,2,0,0,1,1,0,0,0,0,7.29812E+20,5.43273E+21,1.21425E+16,4.90047E+16
190458,9,2,63,0,2018,11,16,5,3,2,1,2,0,1,0,0,0,0,1,7.6287E+20,5.42011E+21,1.25855E+16,4.88782E+16
190459,9,3,62,0,2018,11,9,3,3,6,4,0,0,1,1,0,0,0,1,7.26514E+20,5.43385E+21,1.20981E+16,4.90159E+16
190460,9,3,62,0,2018,11,9,3,3,0,1,0,0,0,0,1,0,0,1,7.29681E+20,5.43103E+21,1.21397E+16,4.89894E+16
190461,9,3,76,161,2018,11,14,3,3,5,3,0,0,1,0,0,0,0,0,7.26984E+20,5.46746E+21,1.21234E+16,4.93176E+16
190462,9,6,72,114,2018,11,16,5,3,6,7,0,0,1,1,0,0,0,0,5.77298E+20,5.56213E+21,1.00832E+16,5.02063E+16
190463,9,2,61,0,2018,11,15,3,3,1,6,0,0,1,0,0,0,0,0,7.33018E+20,5.38205E+21,1.21576E+16,4.85482E+16
190464,9,1,78,124,2018,11,14,7,3,6,1,0,0,1,1,0,0,0,0,7.03057E+20,5.36468E+21,1.17436E+16,4.84025E+16
190465,9,7,61,0,2018,11,8,5,3,0,7,0,0,1,0,0,0,1,0,6.37374E+20,5.3602E+21,1.08553E+16,4.838E+16
190466,9,2,79,122,2018,11,6,3,3,6,2,2,0,1,1,0,0,0,1,7.71511E+20,5.39819E+21,1.26887E+16,4.86777E+16
190467,9,1,80,117,2018,11,12,3,2,5,6,0,1,1,0,0,0,0,0,6.58107E+20,5.26221E+21,1.10991E+16,4.74941E+16
190468,9,2,77,124,2018,11,17,5,3,0,7,2,0,1,0,0,0,0,1,7.83859E+20,5.37129E+21,1.28377E+16,4.84307E+16
190469,9,1,63,0,2018,11,13,3,2,5,3,0,1,0,0,1,0,0,0,7.33982E+20,5.30526E+21,1.21283E+16,4.78581E+16
190470,9,1,61,0,2018,11,16,3,3,6,2,0,0,1,1,0,0,0,0,6.76688E+20,5.40583E+21,1.14052E+16,4.87803E+16
190471,9,1,62,0,2018,11,15,5,3,5,3,0,0,1,0,0,0,0,0,6.90456E+20,5.34014E+21,1.15625E+16,4.81859E+16
190472,9,1,86,139,2018,11,16,3,3,4,6,0,0,1,0,0,0,1,0,6.98558E+20,5.40365E+21,1.17015E+16,4.87542E+16
190473,9,7,73,125,2018,11,9,4,3,5,3,0,0,1,0,0,0,0,1,6.10176E+20,5.38216E+21,1.04939E+16,4.85829E+16
190474,9,1,62,0,2018,11,16,4,3,2,6,1,0,1,0,0,0,0,0,6.94135E+20,5.33467E+21,1.16094E+16,4.81357E+16
190475,9,1,88,139,2018,11,17,3,2,0,7,2,0,1,0,0,0,0,0,6.72745E+20,5.31908E+21,1.13159E+16,4.80016E+16
190476,9,5,64,0,2018,11,8,5,3,3,5,0,1,1,0,0,0,0,0,6.51476E+20,5.48061E+21,1.10903E+16,4.94592E+16
190477,9,1,79,123,2018,11,11,3,3,4,6,0,0,1,0,0,0,1,0,6.73311E+20,5.33303E+21,1.13291E+16,4.81269E+16
190478,9,1,62,0,2018,11,14,4,3,4,7,0,0,1,0,0,0,0,0,6.86879E+20,5.33437E+21,1.15119E+16,4.81351E+16
190479,9,1,79,121,2018,11,11,3,2,5,3,0,0,1,0,0,0,0,0,6.6778E+20,5.3389E+21,1.12572E+16,4.81812E+16
190480,9,1,78,124,2018,11,9,3,3,2,6,0,1,1,0,0,0,0,0,7.04267E+20,5.36418E+21,1.17597E+16,4.83976E+16
190481,9,1,63,0,2018,11,10,5,3,0,7,0,1,0,0,0,0,0,0,7.33166E+20,5.30471E+21,1.21171E+16,4.78534E+16
190482,9,1,77,117,2018,11,13,3,3,6,4,0,0,1,1,0,0,0,0,7.15396E+20,5.35516E+21,1.19053E+16,4.83129E+16
190483,9,1,62,0,2018,11,17,2,3,3,6,2,0,1,0,1,0,0,0,6.90332E+20,5.33585E+21,1.15589E+16,4.81474E+16
190484,9,1,62,0,2018,11,14,5,3,0,7,0,1,0,0,0,0,0,0,6.88787E+20,5.33625E+21,1.15383E+16,4.81515E+16
190485,9,1,62,0,2018,11,20,2,3,2,6,2,0,1,0,1,0,0,0,6.86168E+20,5.33944E+21,1.15046E+16,4.81809E+16
190486,9,7,72,177,2018,11,12,4,2,0,7,0,1,0,0,0,0,0,0,6.36421E+20,5.37865E+21,1.08484E+16,4.85461E+16
190487,9,1,62,0,2018,11,7,2,3,2,6,0,0,0,0,1,1,0,1,6.90727E+20,5.34027E+21,1.15662E+16,4.8187E+16
190488,9,4,64,0,2018,11,7,5,3,6,4,1,0,1,1,0,0,0,0,7.07838E+20,5.57675E+21,1.19189E+16,5.03062E+16
190489,9,1,62,0,2018,11,6,2,3,5,2,1,0,1,0,0,0,0,1,6.96945E+20,5.33068E+21,1.16453E+16,4.80989E+16
190490,9,7,80,139,2018,11,15,4,3,2,6,0,0,1,0,0,0,0,0,5.96497E+20,5.26369E+21,1.02818E+16,4.75195E+16
190491,9,1,62,0,2018,11,14,2,2,6,6,0,0,1,1,0,0,0,0,6.90526E+20,5.33471E+21,1.1561E+16,4.81371E+16
190492,9,7,61,0,2018,11,16,4,3,6,2,2,0,1,1,0,0,0,1,6.40436E+20,5.35289E+21,1.08942E+16,4.83136E+16
190493,9,1,62,0,2018,11,7,2,3,6,4,1,0,1,1,0,0,0,1,6.92493E+20,5.33465E+21,1.15874E+16,4.8136E+16
190494,9,1,62,0,2018,11,15,5,3,3,7,0,1,1,0,0,0,0,0,6.94523E+20,5.33515E+21,1.16149E+16,4.81399E+16
190495,9,1,62,0,2018,11,17,2,3,1,6,2,0,1,0,1,0,0,1,6.99007E+20,5.33212E+21,1.16737E+16,4.81112E+16
190496,9,1,88,127,2018,11,12,5,3,5,3,0,1,1,0,0,0,0,0,6.79675E+20,5.33E+21,1.14133E+16,4.80979E+16
190497,9,7,78,199,2018,11,10,2,3,8,1,0,0,1,0,0,0,0,2,6.06358E+20,5.31936E+21,1.04263E+16,4.80187E+16
190498,9,6,75,147,2018,11,18,4,3,6,4,2,0,1,1,0,0,0,0,5.82977E+20,5.50225E+21,1.01499E+16,4.96671E+16
190499,9,7,64,0,2018,11,13,2,3,3,6,0,1,1,0,0,0,0,1,5.88028E+20,5.31525E+21,1.01797E+16,4.79845E+16
190500,9,3,63,0,2018,11,7,5,3,2,6,0,0,1,0,0,0,0,1,7.29046E+20,5.50685E+21,1.21746E+16,4.96706E+16
190501,9,7,80,143,2018,11,16,2,3,5,5,0,0,1,0,0,0,0,0,5.98094E+20,5.28094E+21,1.03068E+16,4.76744E+16
190502,9,7,77,176,2018,11,10,2,3,1,6,0,0,1,0,0,0,0,2,6.03629E+20,5.29911E+21,1.03849E+16,4.78369E+16
190503,9,6,71,121,2018,11,15,4,3,4,2,0,0,1,0,1,0,0,0,5.12554E+20,5.53801E+21,9.17515E+15,4.99943E+16
190504,9,7,77,169,2018,11,18,2,3,8,1,2,0,1,0,0,0,0,0,6.30595E+20,5.26816E+21,1.07358E+16,4.75537E+16
190505,9,7,74,135,2018,11,12,5,3,0,1,0,1,0,0,0,0,0,0,5.94629E+20,5.36796E+21,1.02799E+16,4.84577E+16
190506,9,7,77,177,2018,11,17,2,3,5,2,2,1,1,0,0,0,0,0,6.32452E+20,5.31744E+21,1.07755E+16,4.79966E+16
190507,9,5,63,0,2018,11,12,4,2,5,3,0,0,1,0,1,0,0,0,6.44697E+20,5.48107E+21,1.0997E+16,4.94651E+16
190508,9,7,77,141,2018,11,10,2,3,8,1,0,0,1,0,0,0,0,2,6.31344E+20,5.30772E+21,1.07577E+16,4.79093E+16
190509,9,2,77,138,2018,11,7,5,3,0,1,0,1,0,0,0,0,0,1,7.91196E+20,5.37165E+21,1.29369E+16,4.84305E+16
190510,9,7,79,131,2018,11,12,2,3,4,1,0,0,1,0,0,0,0,0,6.28936E+20,5.39699E+21,1.07528E+16,4.87126E+16
190511,9,7,72,125,2018,11,17,2,3,5,3,2,0,1,0,0,0,0,1,6.36437E+20,5.34736E+21,1.08385E+16,4.82647E+16
190512,9,7,72,202,2018,11,15,2,3,6,4,0,0,0,1,0,0,1,0,6.37163E+20,5.3587E+21,1.0852E+16,4.83665E+16
190513,9,3,72,116,2018,11,17,5,3,2,6,1,0,1,0,0,0,0,0,7.67168E+20,5.45831E+21,1.26692E+16,4.92192E+16
190514,9,7,61,0,2018,11,8,2,3,5,3,0,1,1,0,0,0,0,0,6.39494E+20,5.35967E+21,1.08837E+16,4.83748E+16
190515,9,2,74,153,2018,11,10,7,3,1,5,0,0,1,0,0,0,1,0,7.34069E+20,5.40236E+21,1.21832E+16,4.87302E+16
190516,9,5,63,0,2018,11,13,4,3,5,3,0,0,1,0,0,0,0,0,6.41734E+20,5.48131E+21,1.09562E+16,4.94678E+16
190517,9,6,72,114,2018,11,14,2,3,0,1,0,1,0,0,0,0,0,1,5.75681E+20,5.56077E+21,1.00603E+16,5.01943E+16
190518,9,6,77,155,2018,11,14,5,3,0,3,0,0,1,0,1,0,0,0,5.40971E+20,5.53823E+21,9.57162E+15,4.99949E+16
190519,9,5,62,0,2018,11,11,2,3,5,3,0,1,0,0,0,0,0,0,6.47075E+20,5.49491E+21,1.1035E+16,4.95889E+16
190520,9,5,73,127,2018,11,14,2,3,6,4,0,0,1,1,0,0,0,0,6.45856E+20,5.47508E+21,1.10108E+16,4.94109E+16
190521,9,1,83,148,2018,11,11,5,3,5,3,0,1,1,0,0,0,0,0,7.53061E+20,5.34463E+21,1.24061E+16,4.82044E+16
190522,9,4,63,0,2018,11,18,2,3,5,3,2,0,1,0,1,0,0,0,6.3966E+20,5.57001E+21,1.09596E+16,5.02657E+16
190523,9,4,77,156,2018,11,17,2,3,5,3,2,0,1,0,0,0,0,0,6.7883E+20,5.55979E+21,1.15039E+16,5.01633E+16
190524,9,1,62,0,2018,11,17,5,2,1,5,2,0,1,0,0,0,0,1,6.93723E+20,5.33112E+21,1.16023E+16,4.81038E+16
190525,9,4,62,0,2018,11,17,2,3,5,2,2,0,1,0,0,0,0,0,6.83146E+20,5.53567E+21,1.15528E+16,4.99452E+16
190526,9,4,61,0,2018,11,10,2,3,5,3,0,0,1,0,1,0,0,1,6.36933E+20,5.53071E+21,1.09073E+16,4.99131E+16
190527,9,5,77,177,2018,11,16,4,3,5,3,2,0,1,0,0,0,0,0,6.43534E+20,5.43157E+21,1.09632E+16,4.90203E+16
190528,9,3,63,0,2018,11,4,2,2,9,1,2,0,1,0,0,0,0,1,7.23343E+20,5.50699E+21,1.20958E+16,4.9674E+16
190529,9,5,64,0,2018,11,11,5,3,5,3,0,1,1,0,0,0,0,0,6.46411E+20,5.47738E+21,1.10193E+16,4.94315E+16
190530,9,3,74,162,2018,11,17,2,3,5,3,1,0,1,0,0,0,0,0,7.41461E+20,5.50227E+21,1.23436E+16,4.96247E+16
190531,9,1,87,117,2018,11,8,5,3,3,2,0,1,1,0,0,0,0,1,7.24455E+20,5.306E+21,1.20015E+16,4.78681E+16
190532,9,3,62,0,2018,11,19,2,3,5,7,2,1,1,0,0,0,0,0,7.27525E+20,5.4319E+21,1.21108E+16,4.8998E+16
190533,9,3,62,0,2018,11,15,2,3,5,2,0,1,1,0,0,0,0,0,7.27652E+20,5.4352E+21,1.21144E+16,4.90276E+16
190534,9,1,62,0,2018,11,11,5,3,0,6,0,0,1,0,0,0,1,0,6.88433E+20,5.33639E+21,1.15336E+16,4.81528E+16
190535,9,3,73,147,2018,11,6,2,3,1,5,1,1,1,0,0,0,0,0,6.80753E+20,5.4619E+21,1.14855E+16,4.92831E+16
190536,9,4,73,151,2018,11,18,4,3,0,7,1,0,0,0,0,0,1,0,6.50429E+20,5.57836E+21,1.11139E+16,5.03381E+16
190537,9,2,77,116,2018,11,17,2,2,4,3,2,0,1,0,1,0,0,1,7.7856E+20,5.36744E+21,1.27637E+16,4.83985E+16
190538,9,4,63,0,2018,11,8,5,3,5,3,0,0,1,0,0,0,0,0,6.38826E+20,5.57021E+21,1.0948E+16,5.02677E+16
190539,9,1,73,147,2018,11,6,2,3,8,1,2,0,1,0,0,0,0,1,6.82308E+20,5.30806E+21,1.14393E+16,4.78999E+16
190540,9,4,62,0,2018,11,22,4,3,9,1,2,0,1,0,0,0,0,1,6.84959E+20,5.53667E+21,1.15785E+16,4.99537E+16
190541,9,1,90,139,2018,11,17,2,2,6,4,2,0,0,1,0,0,1,1,6.55497E+20,5.29642E+21,1.10767E+16,4.78023E+16
190542,9,5,64,0,2018,11,17,5,3,5,3,2,0,1,0,0,0,0,1,6.55158E+20,5.47582E+21,1.11392E+16,4.94153E+16
190543,9,1,90,148,2018,11,13,2,3,0,7,0,0,1,1,0,0,0,2,6.41919E+20,5.29684E+21,1.08956E+16,4.78093E+16
190544,9,1,63,0,2018,11,7,2,3,2,7,1,0,1,0,1,0,0,1,7.33856E+20,5.30404E+21,1.21259E+16,4.78472E+16
190545,9,4,71,185,2018,11,15,4,3,6,7,0,0,0,1,0,0,1,0,6.46769E+20,5.53846E+21,1.10472E+16,4.99804E+16
190546,9,1,86,143,2018,11,16,2,3,0,1,0,1,0,0,0,0,0,0,6.8491E+20,5.37813E+21,1.15046E+16,4.8529E+16
190547,9,1,62,0,2018,11,11,5,3,1,6,0,0,1,0,0,0,0,0,6.85436E+20,5.3349E+21,1.14927E+16,4.81403E+16
190548,9,1,79,118,2018,11,17,2,3,1,5,2,1,1,0,0,0,0,1,6.73418E+20,5.33758E+21,1.13324E+16,4.81678E+16
190549,9,4,61,0,2018,11,10,4,2,5,3,0,1,1,0,0,0,0,0,6.36628E+20,5.53008E+21,1.09028E+16,4.99075E+16
190550,9,1,81,118,2018,11,7,2,3,4,6,0,0,1,0,0,0,1,1,6.49992E+20,5.32687E+21,1.10138E+16,4.80775E+16
190551,9,1,84,122,2018,11,8,4,3,5,3,0,1,1,0,0,0,0,0,6.88254E+20,5.32359E+21,1.15256E+16,4.80379E+16
190552,9,3,62,0,2018,11,14,5,3,3,6,0,0,1,0,0,1,0,0,7.28398E+20,5.43515E+21,1.21245E+16,4.90269E+16
190553,9,1,75,118,2018,11,6,2,3,3,6,1,1,0,0,0,0,1,0,7.14849E+20,5.339E+21,1.18897E+16,4.81679E+16
190554,9,1,75,123,2018,11,5,2,3,6,4,2,0,1,1,0,0,0,1,7.22082E+20,5.33801E+21,1.19863E+16,4.81565E+16
190555,9,4,61,0,2018,11,7,4,3,2,6,1,0,1,0,0,0,0,0,6.35361E+20,5.53049E+21,1.08853E+16,4.99114E+16
190556,9,1,77,139,2018,11,7,2,3,8,1,0,0,1,0,0,0,0,2,7.32956E+20,5.35821E+21,1.21434E+16,4.83341E+16
190557,9,3,75,174,2018,11,14,4,3,5,1,0,0,1,0,0,0,0,0,7.33101E+20,5.43032E+21,1.2186E+16,4.89817E+16
190558,9,1,62,0,2018,11,20,1,3,0,1,2,1,0,0,0,0,0,1,6.92581E+20,5.33523E+21,1.15888E+16,4.81411E+16
190559,9,1,62,0,2018,11,8,5,3,5,2,0,1,1,0,0,0,0,0,6.92169E+20,5.33692E+21,1.15841E+16,4.81564E+16
190560,9,1,62,0,2018,11,8,1,3,5,3,0,1,1,0,0,0,0,0,6.86251E+20,5.33339E+21,1.1503E+16,4.81265E+16
190561,9,3,62,0,2018,11,9,4,3,6,4,0,0,1,1,0,0,0,0,7.25819E+20,5.43357E+21,1.20884E+16,4.90137E+16
190562,9,1,62,0,2018,11,0,1,2,0,3,2,1,1,0,0,0,0,0,6.92304E+20,5.33734E+21,1.15861E+16,4.81602E+16
190563,9,3,76,116,2018,11,9,5,3,8,1,0,0,1,0,0,0,0,1,7.3493E+20,5.46385E+21,1.22305E+16,4.92822E+16
190564,9,1,62,0,2018,11,3,1,3,3,5,2,0,1,0,0,0,0,0,6.92393E+20,5.33271E+21,1.15852E+16,4.81185E+16
190565,9,1,62,0,2018,11,12,4,3,3,5,0,1,1,0,0,0,0,0,6.88879E+20,5.33496E+21,1.1539E+16,4.81398E+16
190566,9,1,78,124,2018,11,12,7,2,6,4,0,0,1,1,0,0,0,0,7.04554E+20,5.36383E+21,1.17634E+16,4.83944E+16
190567,9,2,75,146,2018,11,13,4,2,4,6,0,0,1,0,0,0,0,0,8.30061E+20,5.3949E+21,1.34792E+16,4.862E+16
190568,9,1,62,0,2018,11,12,1,3,0,1,0,0,0,0,0,0,1,1,6.90489E+20,5.33003E+21,1.15584E+16,4.8095E+16
190569,9,6,74,147,2018,11,14,5,3,5,3,0,1,1,0,0,0,0,0,6.08081E+20,5.54323E+21,1.05091E+16,5.00316E+16
190570,9,1,62,0,2018,11,15,1,3,5,3,0,1,1,0,0,0,0,0,6.81526E+20,5.33704E+21,1.14411E+16,4.81607E+16
190571,9,2,72,120,2018,11,9,4,2,2,6,0,0,1,0,0,0,0,0,8.21876E+20,5.42079E+21,1.33886E+16,4.88565E+16
190572,9,1,62,0,2018,11,1,1,3,0,1,2,1,0,0,0,0,0,0,6.90354E+20,5.3342E+21,1.15585E+16,4.81326E+16
190573,9,1,72,118,2018,11,7,5,2,6,4,0,0,1,1,0,0,0,0,7.98194E+20,5.30695E+21,1.2986E+16,4.78467E+16
190574,9,1,62,0,2018,11,2,1,2,6,4,2,0,1,1,0,0,0,0,6.91215E+20,5.33529E+21,1.15705E+16,4.81421E+16
190575,9,7,72,163,2018,11,7,5,3,3,6,0,0,1,0,0,0,0,0,6.40606E+20,5.34991E+21,1.08955E+16,4.82868E+16
190576,9,1,62,0,2018,11,16,1,3,3,6,1,0,1,0,0,0,0,0,6.88141E+20,5.33984E+21,1.15313E+16,4.81839E+16
190577,9,2,61,0,2018,11,17,4,3,6,2,2,0,1,1,0,0,0,1,7.32232E+20,5.37936E+21,1.21454E+16,4.85243E+16
190578,9,7,61,0,2018,11,21,1,3,5,1,2,0,1,0,0,0,0,0,6.39593E+20,5.35583E+21,1.08838E+16,4.83402E+16
190579,9,2,72,134,2018,11,7,5,3,8,1,1,0,1,0,0,0,0,2,8.36043E+20,5.42948E+21,1.35883E+16,4.89269E+16
190580,9,6,79,167,2018,11,13,1,3,0,7,0,1,0,0,0,0,0,0,5.83331E+20,5.52654E+21,1.016E+16,4.98854E+16
190581,9,6,79,161,2018,11,9,1,3,0,7,0,1,0,0,0,0,0,0,5.62327E+20,5.52069E+21,9.86672E+15,4.98354E+16
190582,9,1,62,0,2018,11,16,5,3,5,2,2,1,0,0,0,0,1,0,6.91259E+20,5.33925E+21,1.15729E+16,4.81777E+16
190583,9,6,63,0,2018,11,13,1,3,0,7,0,1,0,0,0,0,0,0,5.71237E+20,5.51734E+21,9.98999E+15,4.98042E+16
190584,9,1,63,0,2018,11,8,4,3,0,1,0,1,0,0,0,0,0,0,7.31378E+20,5.30409E+21,1.20929E+16,4.78484E+16
190585,9,5,64,0,2018,11,14,1,3,5,3,0,0,1,0,1,0,0,0,6.48181E+20,5.47981E+21,1.10446E+16,4.94529E+16
190586,9,5,64,0,2018,11,17,5,3,1,6,2,0,1,0,0,0,0,0,6.47553E+20,5.47822E+21,1.10353E+16,4.94387E+16
190587,9,4,77,128,2018,11,15,1,2,7,7,0,1,0,0,0,0,1,0,6.73339E+20,5.55171E+21,1.14234E+16,5.00924E+16
190588,9,1,74,115,2018,11,10,5,3,5,3,0,1,1,0,0,0,0,0,6.81215E+20,5.34788E+21,1.14416E+16,4.82582E+16
190589,9,3,62,0,2018,11,10,1,3,5,2,0,0,1,0,0,0,0,0,7.28279E+20,5.4359E+21,1.21233E+16,4.90337E+16
190590,9,2,77,116,2018,11,19,1,3,1,1,2,0,1,0,0,0,0,0,7.77514E+20,5.36794E+21,1.27499E+16,4.84034E+16
190591,9,2,77,116,2018,11,12,1,3,0,7,0,0,1,0,0,0,0,0,7.79239E+20,5.36754E+21,1.27729E+16,4.83991E+16
190592,9,2,73,172,2018,11,19,1,3,1,1,2,0,0,1,1,0,0,0,7.10125E+20,5.40414E+21,1.1859E+16,4.87548E+16
190593,9,1,62,0,2018,11,9,5,3,0,7,0,1,0,0,0,0,0,0,6.90348E+20,5.33586E+21,1.15591E+16,4.81475E+16
190594,9,1,77,117,2018,11,9,1,3,6,4,0,0,1,1,0,0,0,0,7.16083E+20,5.35469E+21,1.19143E+16,4.83084E+16
190595,9,1,87,150,2018,11,13,4,3,0,1,0,1,0,0,0,0,0,0,7.29708E+20,5.30473E+21,1.20709E+16,4.78548E+16
190596,9,1,62,0,2018,11,15,7,3,2,6,0,0,1,0,0,0,0,0,6.81465E+20,5.3358E+21,1.14398E+16,4.81495E+16
190597,9,4,75,156,2018,11,18,5,2,6,4,2,0,1,1,0,0,0,1,6.9181E+20,5.5781E+21,1.16947E+16,5.03237E+16
190598,9,1,62,0,2018,11,12,7,3,5,2,0,0,1,0,1,0,0,0,6.96927E+20,5.3307E+21,1.16451E+16,4.80991E+16
190599,9,7,64,0,2018,11,12,4,3,1,7,0,1,1,0,0,0,0,0,5.88481E+20,5.31552E+21,1.01858E+16,4.79869E+16
190600,9,1,62,0,2018,11,21,7,3,5,7,2,0,1,0,0,0,1,0,6.87006E+20,5.33464E+21,1.15137E+16,4.81375E+16
190601,9,1,86,143,2018,11,20,4,3,5,3,2,1,1,0,0,0,0,1,6.8525E+20,5.37815E+21,1.15093E+16,4.85291E+16
190602,9,1,62,0,2018,11,0,7,3,3,6,2,1,0,0,0,0,0,0,6.90136E+20,5.3337E+21,1.15553E+16,4.81281E+16
190603,9,1,62,0,2018,11,14,5,3,1,5,0,1,1,0,0,0,0,0,6.93925E+20,5.33625E+21,1.16073E+16,4.81499E+16
190604,9,1,62,0,2018,11,14,7,3,2,6,0,0,1,0,0,0,0,0,6.96042E+20,5.33382E+21,1.16347E+16,4.81274E+16
190605,9,1,85,125,2018,11,16,4,3,5,3,2,0,1,0,0,0,0,1,6.47738E+20,5.39581E+21,1.10078E+16,4.86978E+16
190606,9,1,62,0,2018,11,9,7,3,0,5,0,1,1,0,0,0,0,0,6.84745E+20,5.33461E+21,1.14833E+16,4.81379E+16
190607,9,3,73,155,2018,11,19,5,3,0,2,2,0,1,1,0,0,0,0,6.7072E+20,5.46384E+21,1.13485E+16,4.93034E+16
190608,9,1,62,0,2018,11,16,5,3,3,2,1,1,1,0,0,0,0,0,6.91271E+20,5.33932E+21,1.15731E+16,4.81783E+16
190609,9,1,62,0,2018,11,16,7,3,1,5,2,1,1,0,0,0,0,0,6.86729E+20,5.34123E+21,1.15129E+16,4.81968E+16
190610,9,1,62,0,2018,11,11,7,3,5,3,0,1,1,0,0,0,0,0,6.90179E+20,5.33631E+21,1.15571E+16,4.81516E+16
190611,9,4,61,0,2018,11,17,5,3,0,4,1,1,0,1,0,0,0,0,6.35767E+20,5.52893E+21,1.08904E+16,4.98973E+16