OBJECTID_1,ULAND,UREGBEZ,UKREIS,UGEMEINDE,UJAHR,UMONAT,USTUNDE,UWOCHENTAG,UKATEGORIE,UART,UTYP1,ULICHTVERH,IstRad,IstPKW,IstFuss,IstKrad,IstGkfz,IstSonstig,STRZUSTAND,LINREFX,LINREFY,XGCSWGS84,YGCSWGS84
190981,9,1,74,115,2018,12,22,7,3,1,1,2,0,1,0,0,0,1,0,6.82395E+20,5.348E+21,1.14575E+16,4.8259E+16
190982,9,6,72,114,2018,12,7,3,3,6,7,1,0,1,1,0,0,0,0,5.75441E+20,5.56028E+21,1.00568E+16,5.01899E+16
190983,9,5,62,0,2018,12,9,3,3,1,5,0,1,1,0,0,0,0,1,6.44485E+20,5.49409E+21,1.09988E+16,4.95822E+16
190984,9,1,75,135,2018,12,11,7,3,1,5,0,1,1,0,0,0,0,0,7.09267E+20,5.33863E+21,1.18145E+16,4.81664E+16
190985,9,5,64,0,2018,12,18,3,3,5,3,2,0,1,0,0,0,0,0,6.46537E+20,5.48065E+21,1.10222E+16,4.94609E+16
190986,9,1,77,117,2018,12,13,7,3,5,3,0,0,1,0,0,0,0,0,7.15162E+20,5.35449E+21,1.19018E+16,4.8307E+16
190987,9,5,64,0,2018,12,7,3,3,6,7,0,0,1,1,0,0,0,1,6.48454E+20,5.47722E+21,1.10474E+16,4.94295E+16
190988,9,1,62,0,2018,11,2,6,3,1,5,2,1,1,0,0,0,0,0,6.91283E+20,5.33375E+21,1.15707E+16,4.81283E+16
190989,9,5,64,0,2018,12,5,3,2,6,2,2,0,1,1,0,0,0,1,6.45861E+20,5.47935E+21,1.10124E+16,4.94493E+16
190990,9,1,62,0,2018,11,15,6,3,3,7,0,0,1,0,0,0,1,1,6.93542E+20,5.33361E+21,1.1601E+16,4.81263E+16
190991,9,5,64,0,2018,12,7,3,3,3,6,2,0,1,0,0,0,0,1,6.48592E+20,5.47794E+21,1.10496E+16,4.94359E+16
190992,9,1,62,0,2018,11,17,6,3,6,2,2,0,1,1,0,0,0,1,6.96885E+20,5.33397E+21,1.1646E+16,4.81285E+16
190993,9,5,64,0,2018,12,11,3,3,5,3,0,0,1,0,0,0,0,1,6.54704E+20,5.47468E+21,1.11325E+16,4.94051E+16
190994,9,1,63,0,2018,11,12,5,3,5,3,0,1,1,0,0,0,0,0,7.33509E+20,5.30471E+21,1.21216E+16,4.78533E+16
190995,9,1,62,0,2018,11,10,6,3,2,5,0,0,1,0,0,0,1,1,6.84149E+20,5.33352E+21,1.14749E+16,4.81283E+16
190996,9,5,64,0,2018,12,18,3,3,5,3,1,0,1,0,1,0,0,0,6.48719E+20,5.47767E+21,1.10512E+16,4.94335E+16
190997,9,1,62,0,2018,11,18,6,3,5,2,2,0,1,0,0,0,0,1,6.91202E+20,5.33582E+21,1.15706E+16,4.81469E+16
190998,9,5,64,0,2018,12,12,3,3,6,4,0,0,0,1,1,0,0,1,6.48792E+20,5.48044E+21,1.10533E+16,4.94584E+16
190999,9,5,73,126,2018,12,6,3,3,5,3,2,0,0,0,1,0,1,1,6.36987E+20,5.48311E+21,1.08914E+16,4.94852E+16
191000,9,1,62,0,2018,11,6,6,3,4,2,2,0,1,0,1,0,0,1,6.90362E+20,5.33386E+21,1.15584E+16,4.81295E+16
191001,9,5,71,175,2018,12,16,3,3,9,1,0,0,1,0,0,0,0,1,6.25948E+20,5.45907E+21,1.07314E+16,4.92714E+16
191002,9,1,84,131,2018,11,12,6,3,5,3,0,0,1,0,0,0,0,1,7.04841E+20,5.3377E+21,1.17546E+16,4.81596E+16
191003,9,4,78,139,2018,12,13,3,3,1,3,0,0,1,0,0,0,0,0,6.47656E+20,5.55584E+21,1.10662E+16,5.01364E+16
191004,9,1,62,0,2018,11,3,6,3,5,3,2,0,1,0,0,1,0,1,6.89699E+20,5.33191E+21,1.15487E+16,4.81122E+16
191005,9,4,63,0,2018,12,16,3,3,2,7,1,0,1,0,0,0,0,1,6.4185E+20,5.56902E+21,1.099E+16,5.02563E+16
191006,9,1,62,0,2018,11,19,6,2,0,7,2,0,0,0,1,0,0,1,6.92281E+20,5.3373E+21,1.15857E+16,4.81598E+16
191007,9,4,72,199,2018,12,7,3,3,5,3,1,0,1,0,0,0,0,1,6.96232E+20,5.53539E+21,1.17348E+16,4.99386E+16
191008,9,1,62,0,2018,11,15,6,2,5,3,0,0,1,0,0,0,0,1,6.90528E+20,5.33964E+21,1.15632E+16,4.81814E+16
191009,9,4,61,0,2018,12,15,3,3,0,7,0,1,0,0,0,0,0,1,6.37331E+20,5.52694E+21,1.09115E+16,4.98791E+16
191010,9,1,62,0,2018,11,7,6,3,5,3,0,1,1,0,0,0,0,0,6.83142E+20,5.33958E+21,1.1464E+16,4.8183E+16
191011,9,3,77,116,2018,12,20,3,3,1,5,2,0,1,0,0,0,1,0,7.18795E+20,5.52502E+21,1.20429E+16,4.98376E+16
191012,9,1,62,0,2018,11,16,6,2,6,4,2,0,1,1,0,0,0,1,6.90564E+20,5.33706E+21,1.15626E+16,4.81582E+16
191013,9,3,73,147,2018,12,16,3,3,6,7,2,0,1,1,0,0,0,1,6.79356E+20,5.4616E+21,1.14662E+16,4.92808E+16
191014,9,1,62,0,2018,11,16,6,3,6,2,1,0,1,1,0,0,0,1,6.91703E+20,5.3381E+21,1.15783E+16,4.81672E+16
191015,9,3,71,122,2018,12,17,3,3,6,6,2,0,1,1,0,0,0,0,7.09995E+20,5.48332E+21,1.18984E+16,4.94662E+16
191016,9,1,62,0,2018,11,12,6,3,6,4,0,0,1,1,0,0,0,0,6.90911E+20,5.33565E+21,1.15666E+16,4.81454E+16
191017,9,1,80,117,2018,12,7,3,2,5,3,1,1,1,0,0,0,0,1,6.58553E+20,5.26155E+21,1.11048E+16,4.74881E+16
191018,9,1,62,0,2018,11,9,6,3,5,3,0,1,0,0,0,1,0,0,6.90661E+20,5.34078E+21,1.15655E+16,4.81916E+16
191019,9,1,83,128,2018,12,7,3,3,1,7,0,0,1,0,0,0,0,0,7.61623E+20,5.34868E+21,1.25237E+16,4.82373E+16
191020,9,1,62,0,2018,11,17,6,3,6,4,2,0,1,1,0,0,0,1,6.92775E+20,5.34098E+21,1.1594E+16,4.81928E+16
191021,9,1,87,170,2018,12,7,3,3,4,6,1,1,1,0,0,0,0,1,7.33136E+20,5.32017E+21,1.2125E+16,4.79923E+16
191022,9,1,62,0,2018,11,12,6,3,0,5,0,1,0,0,0,1,0,0,6.83086E+20,5.33573E+21,1.14615E+16,4.81484E+16
191023,9,1,63,0,2018,12,7,3,3,0,7,0,1,0,0,0,0,0,0,7.33916E+20,5.30306E+21,1.21262E+16,4.78382E+16
191024,9,1,62,0,2018,11,11,6,3,2,6,0,0,1,0,0,0,0,0,6.8766E+20,5.33463E+21,1.15225E+16,4.81372E+16
191025,9,1,87,131,2018,12,15,3,3,9,1,0,0,1,0,0,0,0,1,7.34277E+20,5.29047E+21,1.21242E+16,4.77251E+16
191026,9,1,62,0,2018,11,18,6,3,4,2,2,1,1,0,0,0,0,1,6.91607E+20,5.33268E+21,1.15746E+16,4.81185E+16
191027,9,1,87,117,2018,12,19,3,3,5,3,2,1,1,0,0,0,0,1,7.24448E+20,5.30598E+21,1.20013E+16,4.78679E+16
191028,9,1,62,0,2018,11,15,6,3,5,2,0,1,0,0,0,0,1,1,6.91698E+20,5.33373E+21,1.15763E+16,4.81279E+16
191029,9,1,87,122,2018,12,15,3,3,5,3,0,0,1,0,1,0,0,1,7.20752E+20,5.30658E+21,1.19523E+16,4.78746E+16
191030,9,1,62,0,2018,11,17,6,2,6,4,2,0,1,1,0,0,0,1,6.8965E+20,5.33293E+21,1.15485E+16,4.81214E+16
191031,9,1,61,0,2018,12,16,3,3,1,6,0,0,1,0,0,0,0,0,6.80505E+20,5.405E+21,1.14567E+16,4.87718E+16
191032,9,1,62,0,2018,11,11,6,3,1,1,0,0,1,0,0,0,0,0,6.90814E+20,5.33721E+21,1.1566E+16,4.81594E+16
191033,9,1,81,130,2018,12,17,3,3,2,6,1,0,1,0,0,0,0,1,6.39089E+20,5.32483E+21,1.08668E+16,4.80616E+16
191034,9,1,62,0,2018,11,14,6,3,0,1,0,1,0,0,0,0,0,1,6.91079E+20,5.33421E+21,1.15682E+16,4.81325E+16
191035,9,1,79,121,2018,12,19,3,3,0,1,2,1,0,0,0,0,0,0,6.68082E+20,5.33799E+21,1.12609E+16,4.81729E+16
191036,9,7,63,0,2018,11,7,6,3,5,2,0,1,1,0,0,0,0,0,5.97667E+20,5.2859E+21,1.03022E+16,4.77191E+16
191037,9,7,63,0,2018,11,8,6,3,0,1,0,1,0,0,0,0,0,1,5.98548E+20,5.28689E+21,1.03142E+16,4.77278E+16
191038,9,7,62,0,2018,11,12,6,3,0,7,0,1,0,1,0,0,0,1,6.22166E+20,5.30416E+21,1.06339E+16,4.78791E+16
191039,9,1,78,143,2018,12,17,3,3,2,6,1,0,1,0,0,0,0,0,7.17402E+20,5.37217E+21,1.19411E+16,4.84651E+16
191040,9,7,77,121,2018,11,16,6,3,6,6,2,0,1,1,0,0,0,1,6.28483E+20,5.32276E+21,1.07239E+16,4.80452E+16
191041,9,1,75,115,2018,12,7,3,2,4,6,0,0,1,0,0,0,0,0,7.19505E+20,5.32864E+21,1.19469E+16,4.80732E+16
191042,9,1,62,0,2018,12,9,2,3,6,4,0,0,1,1,0,0,0,1,6.90908E+20,5.33621E+21,1.15668E+16,4.81504E+16
191043,9,7,79,228,2018,11,17,6,3,5,3,2,0,1,0,0,0,0,1,6.26641E+20,5.41451E+21,1.0727E+16,4.88706E+16
191044,9,1,62,0,2018,12,19,2,3,1,3,2,1,1,0,0,0,0,1,6.93714E+20,5.33327E+21,1.16032E+16,4.81232E+16
191045,9,7,61,0,2018,11,18,6,3,5,3,2,1,1,0,0,0,0,1,6.39149E+20,5.35922E+21,1.08789E+16,4.83708E+16
191046,9,1,62,0,2018,12,10,2,3,6,4,0,0,0,1,0,0,1,0,6.83199E+20,5.33566E+21,1.1463E+16,4.81477E+16
191047,9,7,72,202,2018,11,6,6,3,6,2,2,0,1,1,0,0,0,1,6.36301E+20,5.36001E+21,1.08407E+16,4.83785E+16
191048,9,1,84,146,2018,12,14,2,3,0,7,0,0,0,0,0,0,1,1,6.98626E+20,5.32812E+21,1.16667E+16,4.80754E+16
191049,9,7,61,0,2018,11,16,6,3,0,1,1,1,0,0,0,0,0,1,6.40589E+20,5.3589E+21,1.08983E+16,4.83676E+16
191050,9,1,62,0,2018,12,13,2,3,6,4,0,0,1,1,0,0,0,0,6.86204E+20,5.33487E+21,1.1503E+16,4.81398E+16
191051,9,7,61,0,2018,11,17,6,3,6,4,2,0,1,1,0,0,0,1,6.40586E+20,5.3591E+21,1.08983E+16,4.83694E+16
191052,9,1,62,0,2018,12,15,2,2,1,6,0,0,1,0,1,0,1,0,6.91738E+20,5.33672E+21,1.15782E+16,4.81548E+16
191053,9,6,63,0,2018,11,18,6,3,3,2,2,0,1,0,0,0,0,1,5.6733E+20,5.51578E+21,9.93543E+15,4.97907E+16
191054,9,1,62,0,2018,12,17,2,3,4,7,2,0,1,0,0,0,0,1,6.86226E+20,5.33391E+21,1.15029E+16,4.81311E+16
191055,9,6,63,0,2018,11,19,6,3,1,1,2,0,1,0,1,0,0,1,5.66656E+20,5.51662E+21,9.92622E+15,4.97983E+16
191056,9,1,62,0,2018,12,11,2,3,5,3,0,1,1,0,0,0,0,1,6.84529E+20,5.33221E+21,1.14794E+16,4.81164E+16
191057,9,5,64,0,2018,11,13,6,3,2,6,0,0,1,0,0,0,0,0,6.49567E+20,5.47934E+21,1.10635E+16,4.94483E+16
191058,9,1,62,0,2018,12,8,2,3,4,2,0,0,1,0,0,0,0,1,6.89588E+20,5.33071E+21,1.15466E+16,4.81014E+16
191059,9,5,64,0,2018,11,18,6,3,5,3,2,0,1,0,1,0,0,1,6.50659E+20,5.47809E+21,1.10781E+16,4.94368E+16
191060,9,1,84,147,2018,12,16,2,3,6,4,2,0,1,1,0,0,0,1,6.95927E+20,5.33948E+21,1.16357E+16,4.81783E+16
191061,9,4,64,0,2018,11,10,6,3,9,3,0,0,1,0,0,0,0,1,7.05506E+20,5.57874E+21,1.18872E+16,5.03248E+16
191062,9,1,62,0,2018,12,18,2,3,6,4,2,1,0,1,0,0,0,0,6.91112E+20,5.33523E+21,1.15691E+16,4.81415E+16
191063,9,4,71,140,2018,11,14,6,3,1,6,0,0,1,0,0,0,0,1,6.34077E+20,5.53093E+21,1.08676E+16,4.99157E+16
191064,9,7,64,0,2018,12,10,2,2,5,3,0,1,1,0,0,0,0,0,5.8846E+20,5.31482E+21,1.01854E+16,4.79806E+16
191065,9,4,61,0,2018,11,19,6,3,4,2,2,1,1,0,0,0,0,1,6.37913E+20,5.52746E+21,1.09198E+16,4.98837E+16
191066,9,7,64,0,2018,12,17,2,3,4,2,2,0,1,0,1,0,0,1,5.87E+20,5.31732E+21,1.01664E+16,4.80033E+16
191067,9,3,72,153,2018,11,7,6,2,0,7,1,0,1,0,0,1,0,2,7.55621E+20,5.45509E+21,1.25089E+16,4.91952E+16
191068,9,7,80,139,2018,12,6,2,3,5,2,2,1,1,0,0,0,0,1,5.96644E+20,5.26288E+21,1.02835E+16,4.75122E+16
191069,9,3,72,161,2018,11,8,6,2,9,1,0,0,1,0,0,0,0,2,7.56146E+20,5.46309E+21,1.25212E+16,4.92669E+16
191070,9,7,62,0,2018,12,10,2,3,7,1,0,1,0,0,0,0,0,0,6.20908E+20,5.30465E+21,1.06172E+16,4.78838E+16
191071,9,3,62,0,2018,11,19,6,3,4,2,2,0,1,0,0,0,0,1,7.29299E+20,5.4316E+21,1.21348E+16,4.89947E+16
191072,9,7,79,131,2018,12,7,2,3,4,2,0,0,1,0,0,0,0,1,6.30774E+20,5.39831E+21,1.07782E+16,4.87241E+16
191073,9,3,62,0,2018,11,8,6,3,0,7,1,0,0,0,1,0,1,2,7.29676E+20,5.43103E+21,1.21397E+16,4.89894E+16
191074,9,7,61,0,2018,12,20,2,3,8,1,2,0,0,0,1,0,0,1,6.37649E+20,5.35659E+21,1.08578E+16,4.83475E+16
191075,9,3,73,147,2018,11,15,6,3,5,2,0,0,1,0,1,0,0,0,6.78913E+20,5.46185E+21,1.14602E+16,4.92832E+16
191076,9,7,61,0,2018,12,18,2,3,6,4,2,0,1,1,0,0,0,0,6.38442E+20,5.35601E+21,1.08683E+16,4.83421E+16
191077,9,3,72,116,2018,11,7,6,3,2,1,0,0,1,0,0,0,0,2,7.66944E+20,5.45907E+21,1.26666E+16,4.92261E+16
191078,9,6,63,0,2018,12,17,2,3,6,4,2,0,1,1,0,0,0,1,5.68842E+20,5.5166E+21,9.95659E+15,4.97979E+16
191079,9,3,72,116,2018,11,8,6,3,2,1,0,0,1,0,0,1,0,2,7.68851E+20,5.4527E+21,1.26885E+16,4.91681E+16
191080,9,3,72,116,2018,11,8,6,3,9,1,0,0,1,0,0,0,0,2,7.68916E+20,5.45269E+21,1.26894E+16,4.91681E+16
191081,9,6,63,0,2018,12,13,2,3,0,1,0,1,0,0,0,0,0,0,5.67011E+20,5.51635E+21,9.9311E+15,4.97959E+16
191082,9,3,72,116,2018,11,7,6,2,4,1,0,0,1,0,0,0,0,2,7.64264E+20,5.45763E+21,1.2629E+16,4.92144E+16
191083,9,6,63,0,2018,12,6,2,3,4,2,2,1,1,0,0,0,0,1,5.65923E+20,5.51686E+21,9.91607E+15,4.98005E+16
191084,9,3,72,116,2018,11,7,6,3,2,1,0,0,1,0,0,0,0,2,7.66944E+20,5.45907E+21,1.26666E+16,4.92262E+16
191085,9,6,73,114,2018,12,17,2,3,6,4,2,0,1,1,0,0,0,1,5.86878E+20,5.57536E+21,1.02205E+16,5.03239E+16
191086,9,3,72,116,2018,11,7,6,3,4,1,0,0,1,0,0,0,1,2,7.67484E+20,5.45945E+21,1.26743E+16,4.92293E+16
191087,9,6,72,127,2018,12,10,2,3,1,6,0,0,1,0,0,0,0,0,5.63748E+20,5.55219E+21,9.89171E+15,5.01185E+16
191088,9,3,71,113,2018,11,8,6,2,0,1,0,1,0,0,0,0,0,2,6.8998E+20,5.50729E+21,1.1634E+16,4.96881E+16
191089,9,6,76,169,2018,12,7,2,3,5,3,1,0,1,0,0,0,0,1,5.10804E+20,5.51594E+21,9.15012E+15,4.97959E+16
191090,9,2,72,151,2018,11,11,6,3,5,2,0,0,1,0,0,0,0,1,8.38684E+20,5.4082E+21,1.36067E+16,4.87347E+16
191091,9,6,76,139,2018,12,16,2,3,0,3,1,0,1,0,0,0,0,1,5.16901E+20,5.50576E+21,9.23439E+15,4.97041E+16
191092,9,2,72,126,2018,11,13,6,3,5,3,0,0,1,0,0,0,0,1,8.36484E+20,5.41843E+21,1.35852E+16,4.88276E+16
191093,9,6,61,0,2018,12,9,2,3,0,7,0,0,0,0,1,0,0,1,5.11229E+20,5.53488E+21,9.15657E+15,4.99662E+16
191094,9,2,61,0,2018,11,9,6,2,4,6,0,0,1,0,0,0,0,1,7.31667E+20,5.38216E+21,1.21393E+16,4.85497E+16
191095,9,6,61,0,2018,12,6,2,3,6,4,2,0,1,1,0,0,0,1,5.13399E+20,5.53603E+21,9.18688E+15,4.99765E+16
191096,9,1,73,126,2018,11,14,6,3,4,2,0,0,1,0,0,0,0,1,6.85462E+20,5.3029E+21,1.14793E+16,4.78527E+16
191097,9,1,61,0,2018,11,19,6,3,6,2,2,0,1,1,0,0,0,1,6.76101E+20,5.40489E+21,1.13968E+16,4.87721E+16
191098,9,5,62,0,2018,12,21,2,3,4,6,2,1,1,0,0,0,0,1,6.44777E+20,5.4918E+21,1.1002E+16,4.95615E+16
191099,9,1,61,0,2018,11,17,6,3,5,3,2,0,1,0,0,0,1,1,6.76371E+20,5.40608E+21,1.1401E+16,4.87827E+16
191100,9,5,62,0,2018,12,8,2,3,3,2,0,1,0,0,0,0,1,1,6.4462E+20,5.49302E+21,1.10003E+16,4.95725E+16
191101,9,5,76,151,2018,12,19,2,3,5,3,2,0,1,0,0,0,0,1,6.54567E+20,5.46811E+21,1.11281E+16,4.93461E+16
191102,9,1,74,115,2018,11,14,6,3,6,4,0,0,1,1,0,0,0,1,6.83285E+20,5.34853E+21,1.14697E+16,4.82634E+16
191103,9,5,64,0,2018,12,7,2,3,4,2,1,1,1,0,0,0,0,1,6.49338E+20,5.47788E+21,1.10598E+16,4.94352E+16
191104,9,1,75,132,2018,11,23,6,3,4,6,2,1,1,0,0,0,0,1,7.06105E+20,5.33129E+21,1.17685E+16,4.81015E+16
191105,9,1,62,0,2018,11,13,5,3,5,3,0,1,1,0,0,0,0,0,6.9154E+20,5.33781E+21,1.1576E+16,4.81647E+16
191106,9,5,64,0,2018,12,17,2,3,6,4,0,0,1,1,0,0,0,1,6.54548E+20,5.47387E+21,1.11301E+16,4.93978E+16
191107,9,1,62,0,2018,11,0,5,3,4,2,2,0,1,0,0,0,0,1,6.93124E+20,5.33187E+21,1.15946E+16,4.81108E+16
191108,9,5,64,0,2018,12,6,2,3,6,1,2,0,1,1,0,0,0,1,6.47854E+20,5.47191E+21,1.10371E+16,4.93819E+16
191109,9,1,62,0,2018,11,14,5,3,5,3,0,0,1,0,0,0,0,0,6.86491E+20,5.33924E+21,1.15088E+16,4.8179E+16
191110,9,1,84,146,2018,11,21,5,3,6,7,2,0,1,1,0,0,0,1,6.99929E+20,5.32781E+21,1.1684E+16,4.80722E+16
191111,9,5,64,0,2018,12,11,2,3,5,3,0,0,1,0,0,0,0,1,6.50973E+20,5.47925E+21,1.10829E+16,4.94472E+16
191112,9,1,62,0,2018,11,18,5,3,4,2,2,0,1,0,0,0,0,0,6.98828E+20,5.33338E+21,1.16719E+16,4.81226E+16
191113,9,5,64,0,2018,12,17,2,3,4,3,2,0,1,0,0,0,0,1,6.52161E+20,5.47915E+21,1.10992E+16,4.94459E+16
191114,9,1,85,149,2018,11,7,5,3,2,6,0,0,1,0,0,0,0,1,6.62315E+20,5.39913E+21,1.12071E+16,4.8724E+16
191115,9,1,84,123,2018,11,13,5,3,0,7,0,0,0,0,0,0,1,0,7.03692E+20,5.33263E+21,1.17368E+16,4.81143E+16
191116,9,5,64,0,2018,12,7,2,2,5,2,2,1,1,0,0,0,0,1,6.52538E+20,5.47924E+21,1.11045E+16,4.94467E+16
191117,9,1,62,0,2018,11,19,5,3,6,3,2,0,1,1,0,0,0,0,6.9782E+20,5.33589E+21,1.16595E+16,4.81455E+16
191118,9,5,64,0,2018,12,11,2,3,1,1,0,0,1,0,1,0,0,1,6.50902E+20,5.48086E+21,1.10825E+16,4.94616E+16
191119,9,1,62,0,2018,11,7,5,3,5,3,0,1,1,0,0,0,0,0,6.96482E+20,5.33597E+21,1.16416E+16,4.81466E+16
191120,9,5,64,0,2018,12,16,2,2,6,2,2,0,1,1,0,0,0,1,6.51995E+20,5.4806E+21,1.10975E+16,4.9459E+16
191121,9,1,62,0,2018,11,10,5,3,5,3,0,1,0,0,0,0,0,0,6.90713E+20,5.33412E+21,1.15633E+16,4.81317E+16
191122,9,5,64,0,2018,12,16,2,3,2,6,1,0,1,0,0,0,0,1,6.45767E+20,5.47669E+21,1.10102E+16,4.94254E+16
191123,9,5,64,0,2018,12,13,2,3,2,6,0,0,1,0,0,0,0,1,6.51736E+20,5.47811E+21,1.1093E+16,4.94367E+16
191124,9,1,62,0,2018,11,17,5,3,6,4,2,0,1,1,0,0,0,0,6.90144E+20,5.33486E+21,1.15559E+16,4.81385E+16
191125,9,5,64,0,2018,12,16,2,3,2,6,1,0,1,0,0,0,0,1,6.4985E+20,5.47894E+21,1.10673E+16,4.94447E+16
191126,9,1,62,0,2018,11,16,5,3,5,3,1,1,1,0,0,0,0,0,6.91815E+20,5.33565E+21,1.15787E+16,4.81451E+16
191127,9,5,64,0,2018,12,16,2,3,1,6,2,0,1,0,0,0,0,1,6.50244E+20,5.47921E+21,1.10728E+16,4.9447E+16
191128,9,7,74,135,2018,11,9,5,3,0,1,0,1,0,0,0,0,0,0,5.94469E+20,5.36723E+21,1.02776E+16,4.84511E+16
191129,9,5,64,0,2018,12,9,2,3,8,7,1,0,1,0,0,0,0,1,6.50522E+20,5.46742E+21,1.10722E+16,4.9341E+16
191130,9,7,80,133,2018,11,18,5,3,5,3,2,0,1,0,0,0,0,1,5.96193E+20,5.25126E+21,1.0275E+16,4.74077E+16
191131,9,5,73,134,2018,12,16,2,2,6,4,2,0,1,1,0,0,0,1,6.423E+20,5.47803E+21,1.09628E+16,4.94383E+16
191132,9,7,72,177,2018,11,10,5,3,0,7,0,1,0,0,0,0,0,0,6.35925E+20,5.37679E+21,1.08411E+16,4.85295E+16
191133,9,5,61,0,2018,12,17,2,2,6,4,2,0,1,1,0,0,0,1,6.14506E+20,5.46257E+21,1.05752E+16,4.93051E+16
191134,9,7,61,0,2018,11,15,5,3,5,3,0,0,1,0,0,0,0,0,6.38367E+20,5.35857E+21,1.08682E+16,4.83651E+16
191135,9,4,78,139,2018,12,16,2,3,6,7,0,0,0,1,1,0,0,1,6.47403E+20,5.55755E+21,1.10634E+16,5.01519E+16
191136,9,7,71,112,2018,11,17,5,3,2,2,2,0,1,0,0,0,0,0,6.46751E+20,5.36851E+21,1.09848E+16,4.84526E+16
191137,9,4,63,0,2018,12,7,2,3,2,6,1,0,1,0,0,0,0,1,6.38824E+20,5.57021E+21,1.0948E+16,5.02677E+16
191138,9,6,62,0,2018,11,10,5,3,5,2,0,0,1,0,0,0,0,1,5.88307E+20,5.54315E+21,1.02331E+16,5.00341E+16
191139,9,4,62,0,2018,12,18,2,3,6,2,2,0,1,1,0,0,0,1,6.83248E+20,5.53565E+21,1.15542E+16,4.99451E+16
191140,9,5,64,0,2018,11,13,5,3,0,7,0,0,0,1,0,0,1,0,6.5208E+20,5.4801E+21,1.10985E+16,4.94545E+16
191141,9,5,64,0,2018,11,19,5,3,0,5,2,1,1,0,0,0,0,1,6.51427E+20,5.47875E+21,1.10889E+16,4.94425E+16
191142,9,4,62,0,2018,12,7,2,2,6,4,1,0,1,1,0,0,0,1,6.86291E+20,5.53747E+21,1.15974E+16,4.99605E+16
191143,9,5,77,111,2018,11,18,5,3,9,7,2,0,1,0,0,0,0,0,6.38319E+20,5.44469E+21,1.08964E+16,4.91394E+16
191144,9,3,74,117,2018,12,14,2,3,9,7,0,0,1,0,0,0,0,0,7.03741E+20,5.51364E+21,1.18279E+16,4.97407E+16
191145,9,5,71,136,2018,11,7,5,3,2,6,0,0,1,0,0,0,0,1,5.97161E+20,5.43602E+21,1.03302E+16,4.90694E+16
191146,9,3,75,117,2018,12,14,2,3,0,7,0,1,0,0,0,0,1,1,7.34221E+20,5.43262E+21,1.22026E+16,4.90019E+16
191147,9,5,75,133,2018,11,17,5,3,5,3,2,0,1,0,0,0,0,1,6.03433E+20,5.48004E+21,1.04275E+16,4.94642E+16
191148,9,3,76,161,2018,12,11,2,3,5,3,0,0,1,0,0,0,0,1,7.25316E+20,5.46675E+21,1.21001E+16,4.93119E+16
191149,9,4,78,155,2018,11,18,5,3,8,1,2,0,0,0,1,0,0,0,6.58056E+20,5.56043E+21,1.12136E+16,5.0175E+16
191150,9,3,61,0,2018,12,9,2,3,2,6,0,0,1,0,0,0,0,1,7.07532E+20,5.48103E+21,1.18632E+16,4.94464E+16
191151,9,4,74,121,2018,11,7,5,3,8,7,0,0,1,0,0,0,0,0,6.57581E+20,5.51587E+21,1.11887E+16,4.97746E+16
191152,9,2,74,134,2018,12,7,2,3,1,6,0,0,1,0,1,0,0,1,7.40743E+20,5.37433E+21,1.22576E+16,4.84759E+16
191153,9,3,77,146,2018,11,15,5,3,5,3,1,0,1,0,0,0,0,0,7.38436E+20,5.51977E+21,1.23124E+16,4.9783E+16
191154,9,2,61,0,2018,12,17,2,3,5,3,2,0,1,0,0,0,0,1,7.32394E+20,5.38007E+21,1.2148E+16,4.85307E+16
191155,9,3,75,117,2018,11,7,5,3,5,3,1,0,1,0,1,0,0,0,7.33847E+20,5.43253E+21,1.21975E+16,4.90013E+16
191156,9,3,62,0,2018,11,7,5,2,6,4,0,0,1,1,0,0,0,0,7.24465E+20,5.43264E+21,1.20694E+16,4.90058E+16
191157,9,2,61,0,2018,12,14,2,3,4,6,0,0,1,0,0,0,0,1,7.32642E+20,5.37932E+21,1.21509E+16,4.85239E+16
191158,9,3,62,0,2018,11,18,5,3,5,7,2,0,1,0,0,0,0,0,7.24898E+20,5.43391E+21,1.2076E+16,4.9017E+16
191159,9,3,62,0,2018,11,12,5,3,0,1,0,1,0,0,0,0,0,0,7.26769E+20,5.43444E+21,1.21019E+16,4.90211E+16
191160,9,2,61,0,2018,12,17,2,3,2,6,2,0,1,0,0,0,0,1,7.32386E+20,5.38044E+21,1.21481E+16,4.8534E+16
191161,9,3,76,161,2018,11,7,5,3,3,6,0,1,0,0,0,0,0,0,7.25842E+20,5.468E+21,1.21081E+16,4.93229E+16
191162,9,2,61,0,2018,12,7,2,3,5,3,0,0,1,0,1,0,0,0,7.28307E+20,5.38017E+21,1.20928E+16,4.8533E+16
191163,9,2,79,112,2018,12,13,2,3,0,3,0,0,1,0,1,0,0,0,7.58042E+20,5.39216E+21,1.25023E+16,4.86292E+16
191164,9,2,76,148,2018,11,12,5,2,6,4,0,0,1,1,0,0,0,0,8.09153E+20,5.4382E+21,1.32289E+16,4.90191E+16
191165,9,1,90,148,2018,12,13,2,3,8,1,0,1,0,0,0,0,0,0,6.42407E+20,5.29758E+21,1.09023E+16,4.78158E+16