OBJECTID_1,ULAND,UREGBEZ,UKREIS,UGEMEINDE,UJAHR,UMONAT,USTUNDE,UWOCHENTAG,UKATEGORIE,UART,UTYP1,ULICHTVERH,IstRad,IstPKW,IstFuss,IstKrad,IstGkfz,IstSonstig,STRZUSTAND,LINREFX,LINREFY,XGCSWGS84,YGCSWGS84
191166,9,2,71,119,2018,11,13,5,3,4,6,0,0,1,0,0,0,0,0,7.89548E+20,5.41667E+21,1.29461E+16,4.88354E+16
191167,9,1,83,119,2018,12,14,2,3,2,6,0,0,1,0,0,0,0,0,7.36755E+20,5.33821E+21,1.21834E+16,4.8153E+16
191168,9,1,83,148,2018,12,18,2,3,5,3,2,0,1,0,0,0,0,0,7.5381E+20,5.34544E+21,1.24167E+16,4.82114E+16
191169,9,2,62,0,2018,11,19,5,3,5,3,2,0,1,0,0,0,0,1,8.25489E+20,5.38814E+21,1.3412E+16,4.85617E+16
191170,9,1,71,137,2018,12,17,2,3,1,1,2,0,1,0,0,0,0,1,7.72775E+20,5.35223E+21,1.26758E+16,4.82644E+16
191171,9,2,62,0,2018,11,12,5,3,6,4,0,0,1,1,0,0,0,0,8.24098E+20,5.38937E+21,1.33942E+16,4.85734E+16
191172,9,1,63,0,2018,12,16,2,2,6,4,1,0,1,1,0,0,0,0,7.3378E+20,5.30326E+21,1.21245E+16,4.78402E+16
191173,9,1,88,137,2018,11,17,5,3,9,1,2,0,1,0,0,0,0,1,6.68054E+20,5.3167E+21,1.12521E+16,4.79815E+16
191174,9,7,72,200,2018,12,21,7,3,5,7,2,0,1,0,0,0,0,1,6.30769E+20,5.33789E+21,1.07592E+16,4.81808E+16
191175,9,7,61,0,2018,12,15,6,3,4,2,0,0,1,0,0,0,0,0,6.41854E+20,5.36117E+21,1.09161E+16,4.83877E+16
191176,9,6,62,0,2018,12,16,6,2,4,2,1,1,1,0,0,0,0,1,5.87405E+20,5.54367E+21,1.02206E+16,5.00389E+16
191177,9,6,71,111,2018,12,9,6,3,6,7,0,0,1,1,0,0,0,1,5.04041E+20,5.54907E+21,9.0565E+15,5.00938E+16
191178,9,5,76,111,2018,12,5,6,3,0,7,1,1,0,0,0,0,1,0,6.39059E+20,5.45846E+21,1.09113E+16,4.92631E+16
191179,9,5,76,143,2018,12,13,6,3,0,7,0,1,0,0,0,0,0,1,6.52491E+20,5.4563E+21,1.1095E+16,4.92405E+16
191180,9,5,74,132,2018,12,7,6,2,6,4,2,1,0,1,0,0,0,1,6.77108E+20,5.48464E+21,1.14455E+16,4.94885E+16
191181,9,5,64,0,2018,12,6,6,3,4,7,2,1,1,0,0,0,0,1,6.52686E+20,5.47593E+21,1.11052E+16,4.94169E+16
191182,9,5,64,0,2018,12,9,6,3,5,3,0,1,1,0,0,0,0,1,6.54644E+20,5.47461E+21,1.11317E+16,4.94045E+16
191183,9,5,64,0,2018,12,6,6,3,6,2,2,0,1,1,0,0,0,1,6.49919E+20,5.47863E+21,1.10681E+16,4.94418E+16
191184,9,5,64,0,2018,12,17,6,3,3,6,2,1,1,0,0,0,0,1,6.52711E+20,5.48216E+21,1.1108E+16,4.94729E+16
191185,9,5,73,134,2018,12,13,6,3,8,1,0,0,1,0,0,0,0,1,6.36819E+20,5.47608E+21,1.08866E+16,4.9422E+16
191186,9,1,62,0,2018,12,8,3,3,5,7,0,1,1,0,0,0,0,1,6.92863E+20,5.33995E+21,1.15948E+16,4.81835E+16
191187,9,5,71,174,2018,12,17,6,3,8,1,2,0,1,0,0,0,0,1,5.98511E+20,5.46363E+21,1.03555E+16,4.93175E+16
191188,9,4,79,152,2018,12,7,6,3,6,4,1,0,1,1,0,0,0,1,7.23277E+20,5.56264E+21,1.2127E+16,5.01738E+16
191189,9,4,79,152,2018,12,19,6,3,5,3,2,0,1,0,0,0,0,1,7.22743E+20,5.56218E+21,1.21193E+16,5.01699E+16
191190,9,4,74,126,2018,12,18,6,3,6,2,2,0,1,1,0,0,0,0,6.48665E+20,5.5081E+21,1.1062E+16,4.97071E+16
191191,9,4,74,126,2018,12,13,6,3,0,1,0,1,0,0,0,0,0,0,6.48457E+20,5.5107E+21,1.10601E+16,4.97305E+16
191192,9,3,75,179,2018,12,9,6,3,2,6,0,0,1,0,0,0,0,1,7.3105E+20,5.4293E+21,1.21574E+16,4.89734E+16
191193,9,3,62,0,2018,12,9,6,3,4,2,0,0,1,0,0,0,0,0,7.25946E+20,5.43095E+21,1.20887E+16,4.89901E+16
191194,9,2,61,0,2018,12,19,6,3,0,1,2,1,0,0,0,0,0,1,7.32441E+20,5.38204E+21,1.21497E+16,4.85483E+16
191195,9,2,61,0,2018,12,6,6,3,0,1,1,0,0,0,1,0,0,1,7.31467E+20,5.3829E+21,1.2137E+16,4.85564E+16
191196,9,2,74,126,2018,12,8,6,3,0,1,0,1,0,0,0,0,0,0,7.33864E+20,5.38449E+21,1.21704E+16,4.85698E+16
191197,9,2,74,121,2018,12,7,6,3,8,1,0,0,1,0,0,0,0,1,7.26761E+20,5.36931E+21,1.2066E+16,4.84361E+16
191198,9,2,79,112,2018,12,1,6,3,0,7,2,1,0,0,0,0,0,0,7.57484E+20,5.39314E+21,1.24953E+16,4.86382E+16
191199,9,1,71,132,2018,12,12,6,2,0,1,0,0,0,0,1,0,0,0,7.65601E+20,5.35192E+21,1.25792E+16,4.82648E+16
191200,9,1,87,150,2018,12,19,6,3,0,4,2,0,1,1,0,0,0,0,7.29786E+20,5.30489E+21,1.2072E+16,4.78562E+16
191201,9,1,61,0,2018,12,13,6,3,3,6,0,1,1,0,0,0,0,0,6.78253E+20,5.4044E+21,1.14259E+16,4.8767E+16
191202,9,1,79,142,2018,12,7,6,3,5,3,0,1,1,0,0,0,0,0,6.74277E+20,5.34389E+21,1.13466E+16,4.82243E+16
191203,9,7,61,0,2018,12,21,2,3,5,3,2,0,1,0,0,0,0,2,6.39707E+20,5.35624E+21,1.08855E+16,4.83439E+16
191204,9,1,74,122,2018,12,14,6,3,9,1,0,0,0,0,1,0,0,0,6.8205E+20,5.35149E+21,1.14544E+16,4.82904E+16
191205,9,7,72,147,2018,12,6,2,3,6,2,2,0,1,1,0,0,0,1,6.39263E+20,5.36576E+21,1.08826E+16,4.84296E+16
191206,9,1,62,0,2018,12,21,5,3,2,6,2,0,1,0,0,0,0,0,6.86157E+20,5.3376E+21,1.15036E+16,4.81644E+16
191207,9,1,62,0,2018,12,18,3,3,2,6,2,0,1,0,0,0,0,1,6.86222E+20,5.33348E+21,1.15027E+16,4.81274E+16
191208,9,7,71,130,2018,12,12,2,3,1,6,0,0,1,0,0,0,0,0,6.45499E+20,5.35651E+21,1.09637E+16,4.8345E+16
191209,9,1,62,0,2018,12,11,5,3,0,1,0,0,0,0,1,0,0,1,6.96339E+20,5.33571E+21,1.16395E+16,4.81443E+16
191210,9,7,72,125,2018,12,11,2,3,0,1,0,1,0,0,0,0,0,0,6.3602E+20,5.34821E+21,1.08331E+16,4.82725E+16
191211,9,1,62,0,2018,12,17,5,3,1,5,2,1,1,0,0,0,0,0,6.88703E+20,5.33441E+21,1.15364E+16,4.8135E+16
191212,9,7,61,0,2018,12,7,2,3,6,2,2,0,0,1,0,1,0,1,6.40947E+20,5.3572E+21,1.09025E+16,4.83522E+16
191213,9,1,62,0,2018,12,10,5,2,0,3,0,0,1,0,1,1,0,1,6.83172E+20,5.33605E+21,1.14628E+16,4.81513E+16
191214,9,1,62,0,2018,12,17,3,3,6,4,1,1,0,1,0,0,0,0,6.90134E+20,5.33462E+21,1.15557E+16,4.81364E+16
191215,9,7,61,0,2018,12,12,2,3,5,1,0,0,1,0,0,0,0,0,6.39939E+20,5.35894E+21,1.08895E+16,4.83681E+16
191216,9,7,61,0,2018,12,5,2,3,2,1,2,0,1,0,0,0,0,1,6.40805E+20,5.35615E+21,1.09002E+16,4.83428E+16
191217,9,7,61,0,2018,12,7,2,3,6,4,1,0,1,1,0,0,0,1,6.38803E+20,5.35695E+21,1.08735E+16,4.83505E+16
191218,9,7,71,113,2018,12,17,2,3,5,3,2,1,1,0,0,0,0,1,6.5743E+20,5.36947E+21,1.11294E+16,4.84587E+16
191219,9,1,62,0,2018,12,17,5,2,9,7,2,0,1,0,0,0,0,0,6.91311E+20,5.33526E+21,1.15718E+16,4.81418E+16
191220,9,6,63,0,2018,12,17,2,2,0,7,2,0,1,1,0,0,0,0,5.66666E+20,5.5165E+21,9.92634E+15,4.97973E+16
191221,9,1,62,0,2018,12,15,5,2,5,3,1,1,0,0,0,0,1,0,6.88274E+20,5.33572E+21,1.15312E+16,4.81469E+16
191222,9,6,62,0,2018,12,15,2,2,6,7,0,0,1,1,0,0,0,0,5.87413E+20,5.54563E+21,1.02212E+16,5.00566E+16
191223,9,1,62,0,2018,12,9,5,3,0,1,0,0,0,0,1,0,0,1,6.89687E+20,5.33474E+21,1.15498E+16,4.81376E+16
191224,9,6,61,0,2018,12,12,2,3,0,7,0,1,0,0,0,0,0,1,5.11685E+20,5.53707E+21,9.163E+15,4.99859E+16
191225,9,1,62,0,2018,12,1,5,2,0,7,2,1,0,0,0,0,0,1,6.85629E+20,5.33568E+21,1.14957E+16,4.81472E+16
191226,9,5,62,0,2018,12,9,2,3,0,7,0,1,0,0,0,0,0,1,6.44978E+20,5.49421E+21,1.10057E+16,4.95831E+16
191227,9,1,62,0,2018,12,17,5,3,5,2,2,1,1,0,0,0,0,1,6.88016E+20,5.33963E+21,1.15295E+16,4.81821E+16
191228,9,5,76,137,2018,12,19,2,2,5,2,2,1,1,0,0,0,0,1,6.49296E+20,5.46445E+21,1.10542E+16,4.93145E+16
191229,9,5,74,123,2018,12,12,2,3,6,4,0,0,1,1,0,0,0,1,6.60584E+20,5.47159E+21,1.12123E+16,4.93758E+16
191230,9,1,62,0,2018,12,13,5,3,0,1,0,1,0,0,0,0,0,0,6.91848E+20,5.335E+21,1.15789E+16,4.81393E+16
191231,9,5,64,0,2018,12,18,2,3,6,4,2,0,1,1,0,0,0,1,6.47002E+20,5.47795E+21,1.10276E+16,4.94365E+16
191232,9,7,75,134,2018,12,16,5,2,6,4,2,0,1,1,0,0,0,0,5.83051E+20,5.3645E+21,1.01227E+16,4.84281E+16
191233,9,5,64,0,2018,12,12,2,3,3,1,0,0,1,0,0,0,1,1,6.49274E+20,5.47574E+21,1.10581E+16,4.9416E+16
191234,9,7,63,0,2018,12,16,5,3,6,4,0,0,1,1,0,0,0,0,5.99496E+20,5.28722E+21,1.03269E+16,4.77307E+16
191235,9,5,64,0,2018,12,8,2,1,6,4,0,0,1,1,0,0,0,1,6.46205E+20,5.48018E+21,1.10175E+16,4.94567E+16
191236,9,7,63,0,2018,12,7,5,3,5,3,1,0,1,0,0,0,0,1,5.97784E+20,5.28604E+21,1.03038E+16,4.77204E+16
191237,9,5,71,193,2018,12,17,2,2,6,4,2,0,1,1,0,0,0,1,5.86426E+20,5.47007E+21,1.01906E+16,4.93772E+16
191238,9,7,80,139,2018,12,18,5,3,5,3,2,0,1,0,1,0,0,1,5.96047E+20,5.26263E+21,1.02756E+16,4.751E+16
191239,9,5,61,0,2018,12,9,2,3,8,7,0,0,1,0,0,0,0,1,6.1382E+20,5.46248E+21,1.05657E+16,4.93044E+16
191240,9,7,80,139,2018,12,6,5,2,6,7,2,0,1,1,0,0,0,1,5.96465E+20,5.26316E+21,1.02812E+16,4.75147E+16
191241,9,4,64,0,2018,12,17,2,2,6,4,2,0,1,1,0,0,0,1,7.08093E+20,5.57853E+21,1.19234E+16,5.0322E+16
191242,9,7,62,0,2018,12,18,5,2,0,1,2,1,0,0,0,0,0,0,6.21644E+20,5.30565E+21,1.06274E+16,4.78926E+16
191243,9,4,73,159,2018,12,17,2,3,1,7,1,0,1,0,0,0,0,1,6.44735E+20,5.57285E+21,1.10319E+16,5.029E+16
191244,9,4,61,0,2018,12,15,2,3,5,2,0,1,1,0,0,0,0,1,6.34695E+20,5.52924E+21,1.08756E+16,4.99004E+16
191245,9,7,61,0,2018,12,10,5,3,5,3,0,0,1,0,0,0,0,1,6.42749E+20,5.35854E+21,1.09273E+16,4.83639E+16
191246,9,3,73,147,2018,12,9,2,3,3,6,0,1,1,0,0,0,0,1,6.79806E+20,5.46018E+21,1.14717E+16,4.92679E+16
191247,9,7,71,130,2018,12,13,5,3,2,6,0,0,1,0,0,0,0,1,6.45622E+20,5.36108E+21,1.09669E+16,4.83861E+16
191248,9,7,72,202,2018,12,13,5,3,5,3,0,0,1,0,0,0,0,1,6.3656E+20,5.35977E+21,1.08442E+16,4.83763E+16
191249,9,3,72,116,2018,12,11,2,2,6,4,0,0,1,1,0,0,0,0,7.67163E+20,5.4583E+21,1.26691E+16,4.92192E+16
191250,9,3,76,161,2018,12,18,2,3,5,3,2,0,1,0,0,0,0,1,7.26172E+20,5.46872E+21,1.2113E+16,4.93292E+16
191251,9,7,61,0,2018,12,15,5,3,1,7,1,0,1,0,0,0,0,0,6.38807E+20,5.36047E+21,1.08747E+16,4.83822E+16
191252,9,7,61,0,2018,12,14,5,2,0,7,0,1,0,0,0,0,0,1,6.42017E+20,5.36041E+21,1.0918E+16,4.83809E+16
191253,9,3,61,0,2018,12,19,2,3,5,3,2,1,1,0,0,0,0,0,7.0747E+20,5.48046E+21,1.18621E+16,4.94414E+16
191254,9,7,61,0,2018,12,11,5,3,6,2,0,0,0,1,0,1,0,0,6.4189E+20,5.36044E+21,1.09163E+16,4.83811E+16
191255,9,2,71,146,2018,12,13,2,3,5,3,0,0,1,0,0,0,0,1,7.84298E+20,5.41205E+21,1.28715E+16,4.87963E+16
191256,9,7,61,0,2018,12,8,5,3,5,2,0,1,1,0,0,0,0,1,6.41891E+20,5.35751E+21,1.09153E+16,4.83548E+16
191257,9,2,71,132,2018,12,12,2,3,6,7,0,0,1,1,0,0,0,0,7.87259E+20,5.41913E+21,1.29167E+16,4.88585E+16
191258,9,6,63,0,2018,12,7,5,3,1,5,2,1,1,0,0,0,0,1,5.68809E+20,5.51645E+21,9.9561E+15,4.97966E+16
191259,9,2,74,184,2018,12,14,2,2,5,3,0,0,1,0,1,0,0,1,7.46773E+20,5.37185E+21,1.23376E+16,4.84514E+16
191260,9,6,63,0,2018,12,13,5,3,0,1,0,0,0,0,1,0,0,1,5.68497E+20,5.51684E+21,9.95183E+15,4.98001E+16
191261,9,2,61,0,2018,12,9,2,3,0,1,0,0,0,0,1,0,0,1,7.30714E+20,5.38098E+21,1.21258E+16,4.85395E+16
191262,9,6,73,114,2018,12,16,5,3,6,2,2,0,1,1,0,0,0,1,5.85861E+20,5.57569E+21,1.02063E+16,5.03271E+16
191263,9,1,62,0,2018,12,17,3,3,5,3,2,0,1,0,1,0,0,1,6.90833E+20,5.33814E+21,1.15667E+16,4.81678E+16
191264,9,1,72,116,2018,12,7,2,3,6,4,0,0,1,1,0,0,0,1,8.00594E+20,5.28313E+21,1.30016E+16,4.76317E+16
191265,9,5,72,132,2018,12,10,5,3,0,7,0,1,1,0,0,0,0,1,6.36583E+20,5.49301E+21,1.08892E+16,4.95742E+16
191266,9,1,82,133,2018,12,18,2,2,8,1,2,0,1,0,0,0,0,1,7.04802E+20,5.31092E+21,1.17413E+16,4.79189E+16
191267,9,5,62,0,2018,12,11,5,3,0,7,0,1,0,0,0,0,0,1,6.45198E+20,5.49434E+21,1.10088E+16,4.95842E+16
191268,9,5,62,0,2018,12,11,5,3,5,3,0,1,1,0,0,0,0,1,6.46128E+20,5.49524E+21,1.1022E+16,4.95921E+16
191269,9,1,61,0,2018,12,7,2,3,4,2,0,1,1,0,0,0,0,1,6.75201E+20,5.40479E+21,1.13845E+16,4.87715E+16
191270,9,5,74,132,2018,12,14,5,2,0,7,0,1,0,0,0,0,0,1,6.76408E+20,5.4865E+21,1.14367E+16,4.95054E+16
191271,9,1,85,149,2018,12,12,2,3,5,6,0,0,1,0,0,0,0,1,6.61253E+20,5.39925E+21,1.11927E+16,4.87254E+16
191272,9,5,63,0,2018,12,2,5,3,1,7,2,1,1,0,0,0,0,0,6.43962E+20,5.48273E+21,1.09875E+16,4.94801E+16
191273,9,1,88,139,2018,12,16,2,3,5,3,1,1,1,0,0,0,0,1,6.74847E+20,5.31902E+21,1.1344E+16,4.80005E+16
191274,9,5,64,0,2018,12,14,5,3,6,1,0,0,1,1,0,0,0,1,6.54652E+20,5.47461E+21,1.11318E+16,4.94045E+16
191275,9,1,81,128,2018,12,13,2,2,6,4,0,0,1,1,0,0,0,1,6.37923E+20,5.32776E+21,1.08521E+16,4.80882E+16
191276,9,5,64,0,2018,12,11,5,3,5,3,0,0,1,0,0,0,0,0,6.50088E+20,5.47843E+21,1.10704E+16,4.944E+16
191277,9,1,88,120,2018,12,17,2,3,0,7,2,0,1,0,0,0,0,1,6.7567E+20,5.32682E+21,1.13582E+16,4.80704E+16
191278,9,5,64,0,2018,12,16,5,3,1,5,2,1,1,0,0,0,0,1,6.48723E+20,5.47824E+21,1.10515E+16,4.94386E+16
191279,9,1,78,124,2018,12,16,2,2,4,2,1,0,1,0,0,0,0,1,7.03662E+20,5.35924E+21,1.17492E+16,4.83534E+16
191280,9,5,64,0,2018,12,7,5,3,5,7,0,0,1,0,0,0,0,1,6.51708E+20,5.47799E+21,1.10925E+16,4.94357E+16
191281,9,1,78,120,2018,12,10,2,3,5,3,0,1,1,0,0,0,0,0,6.9451E+20,5.35265E+21,1.16227E+16,4.82972E+16
191282,9,5,64,0,2018,12,17,5,3,5,2,2,1,1,0,0,0,0,1,6.51428E+20,5.47899E+21,1.1089E+16,4.94447E+16
191283,9,1,77,117,2018,12,13,2,3,6,4,0,0,1,1,0,0,0,0,7.15046E+20,5.3535E+21,1.18997E+16,4.82981E+16
191284,9,5,64,0,2018,12,5,5,3,6,2,2,0,1,1,0,0,0,1,6.48518E+20,5.47862E+21,1.10488E+16,4.94421E+16
191285,9,1,62,0,2018,12,20,1,3,6,2,2,0,1,1,0,0,0,1,6.90743E+20,5.34029E+21,1.15664E+16,4.81872E+16
191286,9,5,71,130,2018,12,11,5,3,5,3,0,0,1,0,0,0,0,1,6.02636E+20,5.46769E+21,1.04133E+16,4.93533E+16
191287,9,1,62,0,2018,12,1,1,3,3,7,2,0,1,0,0,0,0,1,6.951E+20,5.33672E+21,1.16233E+16,4.81538E+16
191288,9,4,79,136,2018,12,15,5,3,5,3,0,0,1,0,0,0,0,1,7.20746E+20,5.5433E+21,1.20805E+16,5.00011E+16
191289,9,1,62,0,2018,12,3,1,2,6,4,2,0,1,1,0,0,0,1,6.91083E+20,5.33519E+21,1.15687E+16,4.81412E+16
191290,9,4,63,0,2018,12,17,5,3,5,3,2,0,1,0,0,0,0,1,6.39772E+20,5.56996E+21,1.09612E+16,5.02652E+16
191291,9,7,79,201,2018,12,14,1,2,9,7,0,0,1,0,0,0,0,1,6.40401E+20,5.39403E+21,1.09075E+16,4.86835E+16
191292,9,4,78,116,2018,12,17,5,3,6,7,2,0,1,1,0,0,0,1,6.61088E+20,5.55701E+21,1.12545E+16,5.01434E+16
191293,9,7,61,0,2018,12,11,1,3,2,6,0,0,1,0,0,0,0,1,6.38484E+20,5.35931E+21,1.087E+16,4.83718E+16
191294,9,3,63,0,2018,12,11,5,3,1,5,0,1,1,0,0,0,0,0,7.26869E+20,5.50893E+21,1.21457E+16,4.96901E+16
191295,9,7,61,0,2018,12,13,1,3,4,6,0,0,1,0,0,0,0,1,6.38874E+20,5.3609E+21,1.08758E+16,4.8386E+16
191296,9,3,62,0,2018,12,6,5,3,4,2,2,1,1,0,0,0,0,1,7.25671E+20,5.43316E+21,1.20862E+16,4.90101E+16
191297,9,6,71,159,2018,12,17,1,3,9,1,1,0,1,0,0,0,0,1,5.17276E+20,5.55132E+21,9.24162E+15,5.01139E+16
191298,9,2,62,0,2018,12,17,5,3,5,3,2,0,1,0,0,0,0,1,8.26989E+20,5.38919E+21,1.34331E+16,4.85704E+16
191299,9,5,64,0,2018,12,13,1,3,4,2,0,0,1,0,0,0,0,0,6.51041E+20,5.47806E+21,1.10834E+16,4.94364E+16
191300,9,2,62,0,2018,12,15,5,3,5,2,1,0,1,0,0,0,1,1,8.25806E+20,5.38767E+21,1.34159E+16,4.85573E+16
191301,9,5,64,0,2018,12,2,1,3,5,3,2,0,1,0,0,0,0,1,6.50614E+20,5.48092E+21,1.10786E+16,4.94622E+16
191302,9,2,61,0,2018,12,7,5,3,5,3,0,0,1,0,0,0,0,1,7.31308E+20,5.38241E+21,1.21346E+16,4.85521E+16
191303,9,4,61,0,2018,12,20,1,3,0,7,2,1,0,0,0,0,0,1,6.36126E+20,5.52907E+21,1.08955E+16,4.98985E+16
191304,9,1,73,135,2018,12,13,5,3,5,3,0,1,1,0,0,0,0,0,6.93651E+20,5.2836E+21,1.158E+16,4.76768E+16
191305,9,3,75,174,2018,12,19,1,3,2,6,2,0,1,0,0,0,0,1,7.33969E+20,5.43095E+21,1.21982E+16,4.89871E+16
191306,9,3,62,0,2018,12,1,1,3,6,6,2,0,1,1,0,0,0,1,7.26068E+20,5.435E+21,1.20926E+16,4.90264E+16
191307,9,1,73,115,2018,12,14,1,2,1,1,0,0,1,0,0,0,0,0,6.80949E+20,5.28795E+21,1.14128E+16,4.77196E+16
191308,9,1,63,0,2018,12,7,5,3,6,2,1,0,1,1,0,0,0,1,7.33346E+20,5.3052E+21,1.21197E+16,4.78577E+16
191309,9,1,73,113,2018,12,14,1,3,8,5,0,0,1,0,0,0,0,0,6.81183E+20,5.28579E+21,1.1415E+16,4.77001E+16
191310,9,1,82,125,2018,12,13,5,3,5,3,0,0,1,0,0,0,0,0,7.12575E+20,5.29675E+21,1.18383E+16,4.7789E+16
191311,9,1,61,0,2018,12,17,5,3,0,1,2,1,0,0,0,0,0,0,6.79248E+20,5.4002E+21,1.14376E+16,4.87291E+16
191312,9,1,73,124,2018,12,21,1,3,8,1,2,0,1,0,0,0,0,1,6.93534E+20,5.28987E+21,1.15812E+16,4.77332E+16
191313,9,1,61,0,2018,12,17,5,3,2,6,1,0,1,0,0,0,0,0,6.78641E+20,5.40399E+21,1.1431E+16,4.87633E+16
191314,9,1,87,150,2018,12,7,1,3,9,1,0,0,1,0,0,0,0,1,7.29314E+20,5.3042E+21,1.20654E+16,4.78502E+16
191315,9,1,61,0,2018,12,20,5,3,5,3,2,1,1,0,0,0,0,0,6.80479E+20,5.40582E+21,1.14568E+16,4.87792E+16
191316,9,1,81,142,2018,12,19,1,3,8,1,2,0,1,0,0,0,0,1,6.46035E+20,5.31563E+21,1.09569E+16,4.79773E+16
191317,9,1,86,143,2018,12,7,5,3,5,3,0,1,1,0,0,0,0,1,6.84387E+20,5.37789E+21,1.14975E+16,4.8527E+16
191318,9,1,79,121,2018,12,19,1,2,5,3,2,0,1,0,0,0,0,1,6.66508E+20,5.33777E+21,1.12396E+16,4.81713E+16
191319,9,1,78,124,2018,12,7,5,3,5,3,0,0,1,0,0,0,0,1,7.0458E+20,5.35891E+21,1.17614E+16,4.83502E+16
191320,9,1,62,0,2018,12,12,7,2,5,3,0,0,1,0,0,0,1,0,6.91734E+20,5.3347E+21,1.15772E+16,4.81366E+16
191321,9,1,77,126,2018,12,13,5,2,9,3,0,0,1,0,0,0,1,1,7.1841E+20,5.36946E+21,1.19533E+16,4.84404E+16
191322,9,1,62,0,2018,12,17,7,3,4,3,2,0,1,0,0,0,0,0,6.86396E+20,5.32905E+21,1.15031E+16,4.80875E+16
191323,9,1,62,0,2018,12,8,4,3,5,2,1,1,1,0,0,0,0,0,6.8745E+20,5.33604E+21,1.15203E+16,4.815E+16
191324,9,1,62,0,2018,12,22,7,2,6,2,2,0,1,1,0,0,0,0,6.94712E+20,5.33413E+21,1.16169E+16,4.81306E+16
191325,9,1,62,0,2018,12,10,4,3,3,6,0,1,1,0,0,0,0,0,6.91361E+20,5.33423E+21,1.1572E+16,4.81325E+16
191326,9,1,84,112,2018,12,14,7,3,1,6,0,0,1,0,0,0,1,1,6.99384E+20,5.33595E+21,1.16805E+16,4.81456E+16
191327,9,1,62,0,2018,12,15,4,3,6,4,0,0,0,1,0,1,0,1,6.9312E+20,5.33446E+21,1.15957E+16,4.81341E+16
191328,9,1,62,0,2018,12,6,7,3,3,6,2,0,1,0,0,1,0,1,6.90949E+20,5.33511E+21,1.15669E+16,4.81406E+16
191329,9,1,84,119,2018,12,6,4,2,2,6,2,0,1,0,0,0,0,0,6.95285E+20,5.34739E+21,1.16307E+16,4.82496E+16
191330,9,1,84,136,2018,12,0,7,3,5,3,2,0,1,0,0,0,0,1,6.9896E+20,5.32653E+21,1.16704E+16,4.8061E+16
191331,9,1,84,112,2018,12,18,4,3,5,3,2,0,1,0,0,0,0,0,6.9985E+20,5.33661E+21,1.16871E+16,4.81513E+16
191332,9,1,62,0,2018,12,12,7,2,3,6,0,1,0,0,0,0,0,0,6.87432E+20,5.33605E+21,1.15201E+16,4.81501E+16
191333,9,1,62,0,2018,12,13,4,3,5,3,0,1,1,0,0,0,0,0,6.89078E+20,5.33494E+21,1.15417E+16,4.81396E+16
191334,9,1,62,0,2018,12,18,7,3,5,3,2,0,1,0,0,0,1,0,6.9654E+20,5.33434E+21,1.16416E+16,4.81319E+16
191335,9,1,62,0,2018,12,18,4,3,2,6,2,1,1,0,0,0,0,0,6.91832E+20,5.3373E+21,1.15797E+16,4.816E+16
191336,9,7,71,146,2018,12,8,7,2,4,6,0,0,1,0,0,0,0,1,6.46506E+20,5.34831E+21,1.09744E+16,4.8271E+16
191337,9,1,62,0,2018,12,14,4,3,6,4,0,0,0,1,0,0,1,0,6.88591E+20,5.33567E+21,1.15354E+16,4.81463E+16
191338,9,7,61,0,2018,12,14,7,3,2,1,0,0,1,0,0,1,0,1,6.40458E+20,5.35367E+21,1.08947E+16,4.83206E+16
191339,9,1,62,0,2018,12,23,4,3,3,7,2,0,1,0,1,0,0,0,6.88714E+20,5.33497E+21,1.15368E+16,4.81399E+16
191340,9,6,79,187,2018,12,17,7,2,0,6,2,0,1,1,0,0,0,1,5.73746E+20,5.50553E+21,1.00226E+16,4.96977E+16
191341,9,1,62,0,2018,12,12,4,3,3,6,0,1,0,0,0,0,0,0,6.86704E+20,5.33438E+21,1.15095E+16,4.81352E+16
191342,9,5,76,137,2018,12,13,7,3,5,3,0,0,1,0,0,0,0,1,6.50321E+20,5.46335E+21,1.10679E+16,4.93044E+16
191343,9,1,62,0,2018,12,10,4,3,3,2,0,1,1,0,0,0,0,0,6.88659E+20,5.33566E+21,1.15364E+16,4.81462E+16
191344,9,5,74,112,2018,12,0,7,2,0,1,2,1,0,0,0,0,0,1,6.7104E+20,5.47313E+21,1.13568E+16,4.93868E+16
191345,9,1,62,0,2018,12,8,4,3,5,3,0,0,1,0,0,0,0,0,6.84381E+20,5.33219E+21,1.14774E+16,4.81162E+16
191346,9,5,64,0,2018,12,15,7,3,2,6,0,0,1,0,0,0,0,1,6.57098E+20,5.47366E+21,1.11651E+16,4.93954E+16
191347,9,1,62,0,2018,12,17,4,3,5,3,2,1,1,0,0,0,0,0,6.84478E+20,5.33294E+21,1.1479E+16,4.8123E+16
191348,9,5,64,0,2018,12,3,7,3,0,1,2,1,0,0,0,0,0,1,6.46781E+20,5.47753E+21,1.10244E+16,4.94327E+16
191349,9,5,64,0,2018,12,9,7,3,5,3,0,1,1,0,0,0,0,0,6.46641E+20,5.48178E+21,1.10241E+16,4.9471E+16
191350,9,1,62,0,2018,12,17,4,3,3,2,2,1,1,0,0,0,0,1,6.95244E+20,5.3343E+21,1.16242E+16,4.8132E+16