OBJECTID_1,ULAND,UREGBEZ,UKREIS,UGEMEINDE,UJAHR,UMONAT,USTUNDE,UWOCHENTAG,UKATEGORIE,UART,UTYP1,ULICHTVERH,IstRad,IstPKW,IstFuss,IstKrad,IstGkfz,IstSonstig,STRZUSTAND,LINREFX,LINREFY,XGCSWGS84,YGCSWGS84
191351,9,5,64,0,2018,12,17,7,3,4,2,2,0,1,0,0,0,0,1,6.55618E+20,5.48114E+21,1.11477E+16,4.94629E+16
191352,9,1,62,0,2018,12,9,4,3,2,6,0,0,1,0,0,0,0,0,6.87339E+20,5.33231E+21,1.15172E+16,4.81165E+16
191353,9,5,64,0,2018,12,11,7,3,0,7,0,0,1,1,0,0,0,1,6.50101E+20,5.47967E+21,1.1071E+16,4.94512E+16
191354,9,7,64,0,2018,12,6,4,3,5,3,2,1,1,0,0,0,0,1,5.87095E+20,5.31537E+21,1.01673E+16,4.79857E+16
191355,9,4,62,0,2018,12,11,7,3,5,2,0,1,1,0,0,0,0,1,6.84993E+20,5.53617E+21,1.15787E+16,4.99492E+16
191356,9,7,63,0,2018,12,17,4,3,2,6,2,0,1,0,0,0,0,0,5.98588E+20,5.28503E+21,1.03143E+16,4.77111E+16
191357,9,3,77,154,2018,12,11,7,3,5,3,0,0,1,0,1,0,0,1,7.40079E+20,5.52985E+21,1.23414E+16,4.98729E+16
191358,9,7,80,139,2018,12,12,4,3,5,3,0,1,1,0,0,0,0,1,5.96727E+20,5.26366E+21,1.02848E+16,4.75192E+16
191359,9,3,72,161,2018,12,13,7,3,2,6,0,0,1,0,0,0,0,1,7.55651E+20,5.46132E+21,1.25133E+16,4.92512E+16
191360,9,7,72,200,2018,12,14,4,3,5,7,0,1,1,0,0,0,0,0,6.30311E+20,5.33913E+21,1.07535E+16,4.8192E+16
191361,9,3,62,0,2018,12,18,7,3,6,4,2,0,1,1,0,0,0,1,7.28298E+20,5.43195E+21,1.21214E+16,4.89982E+16
191362,9,7,72,163,2018,12,13,4,3,2,6,0,0,1,0,0,0,0,0,6.40475E+20,5.34942E+21,1.08936E+16,4.82824E+16
191363,9,3,62,0,2018,12,11,7,3,5,2,0,1,1,0,0,0,0,0,7.27971E+20,5.43171E+21,1.21168E+16,4.89961E+16
191364,9,7,72,163,2018,12,13,4,3,2,6,0,0,1,0,0,0,0,0,6.40478E+20,5.34943E+21,1.08936E+16,4.82824E+16
191365,9,3,76,161,2018,12,11,7,3,5,3,0,1,1,0,0,0,0,0,7.24275E+20,5.46708E+21,1.2086E+16,4.93152E+16
191366,9,3,61,0,2018,12,23,7,3,5,3,2,0,1,0,0,0,0,1,7.06964E+20,5.48124E+21,1.18555E+16,4.94485E+16
191367,9,7,61,0,2018,12,19,4,3,2,6,2,0,1,0,0,0,0,1,6.39283E+20,5.36135E+21,1.08814E+16,4.83899E+16
191368,9,2,62,0,2018,12,11,7,3,5,3,0,1,1,0,0,0,0,0,8.29701E+20,5.39166E+21,1.34717E+16,4.85911E+16
191369,9,7,61,0,2018,12,9,4,3,1,4,0,1,1,0,0,0,1,0,6.40423E+20,5.35918E+21,1.08961E+16,4.83702E+16
191370,9,6,79,209,2018,12,14,4,3,1,7,0,0,1,0,0,0,1,0,5.62897E+20,5.51763E+21,9.87416E+15,4.98078E+16
191371,9,1,90,157,2018,12,23,7,3,8,1,2,0,1,0,0,0,0,1,6.60651E+20,5.30317E+21,1.1148E+16,4.78618E+16
191372,9,6,63,0,2018,12,17,4,2,1,6,2,0,1,0,0,0,0,1,5.68173E+20,5.51258E+21,9.94658E+15,4.97618E+16
191373,9,1,90,132,2018,12,8,7,2,0,1,0,1,0,0,0,0,0,1,6.7521E+20,5.29385E+21,1.13387E+16,4.77742E+16
191374,9,1,80,117,2018,12,12,7,2,6,4,0,0,1,1,0,0,0,0,6.58227E+20,5.26474E+21,1.11016E+16,4.75168E+16
191375,9,5,72,132,2018,12,16,4,3,6,4,2,0,0,1,0,0,1,0,6.36077E+20,5.49241E+21,1.0882E+16,4.9569E+16
191376,9,1,89,155,2018,12,9,7,3,6,4,0,0,1,1,0,0,0,0,7.71393E+20,5.3069E+21,1.26285E+16,4.78581E+16
191377,9,5,65,0,2018,12,15,4,3,1,6,1,0,1,0,0,0,0,0,6.48796E+20,5.46493E+21,1.10475E+16,4.93189E+16
191378,9,1,63,0,2018,12,13,7,3,5,3,0,0,1,0,0,0,0,0,7.33326E+20,5.30528E+21,1.21195E+16,4.78584E+16
191379,9,1,61,0,2018,12,16,7,2,6,4,2,0,1,1,0,0,0,1,6.79237E+20,5.40309E+21,1.14387E+16,4.8755E+16
191380,9,5,63,0,2018,12,13,4,3,6,5,0,0,1,1,0,0,0,0,6.44136E+20,5.48202E+21,1.09896E+16,4.94737E+16
191381,9,1,86,147,2018,12,1,7,3,9,1,2,0,1,0,0,0,0,1,6.84816E+20,5.3939E+21,1.15104E+16,4.86708E+16
191382,9,5,63,0,2018,12,17,4,3,5,3,2,0,1,0,1,0,0,0,6.45043E+20,5.47978E+21,1.10013E+16,4.94534E+16
191383,9,7,78,136,2018,12,12,3,3,0,7,0,0,1,0,0,0,0,1,5.99549E+20,5.32162E+21,1.03356E+16,4.80401E+16
191384,9,1,76,111,2018,12,11,7,3,5,3,0,0,1,0,0,0,0,0,6.64073E+20,5.41476E+21,1.12372E+16,4.88641E+16
191385,9,5,64,0,2018,12,22,4,3,5,1,2,0,1,0,0,0,0,0,6.50853E+20,5.47888E+21,1.10811E+16,4.94438E+16
191386,9,1,88,137,2018,12,16,7,3,6,6,0,0,1,1,0,0,0,0,6.68652E+20,5.31406E+21,1.12591E+16,4.79576E+16
191387,9,5,64,0,2018,12,18,4,3,3,7,2,1,1,0,0,0,0,0,6.49723E+20,5.48085E+21,1.10662E+16,4.94618E+16
191388,9,1,81,121,2018,12,15,7,3,5,3,1,1,0,0,0,0,0,0,6.36774E+20,5.31156E+21,1.08316E+16,4.79428E+16
191389,9,5,71,136,2018,12,10,4,2,1,5,0,0,1,0,0,1,0,0,5.96535E+20,5.43587E+21,1.03216E+16,4.90681E+16
191390,9,1,74,115,2018,12,10,7,3,5,3,0,1,1,0,0,0,0,0,6.82922E+20,5.34842E+21,1.14648E+16,4.82626E+16
191391,9,4,79,129,2018,12,12,4,3,5,3,0,0,1,0,0,0,0,0,7.10204E+20,5.56023E+21,1.19429E+16,5.0157E+16
191392,9,4,64,0,2018,12,8,4,2,1,1,0,0,1,0,0,0,0,0,7.05749E+20,5.5757E+21,1.1889E+16,5.02975E+16
191393,9,1,77,124,2018,12,13,7,3,8,1,0,0,1,0,0,0,0,0,7.28245E+20,5.36584E+21,1.20841E+16,4.84044E+16
191394,9,4,73,166,2018,12,11,4,2,5,3,0,0,1,0,0,0,0,0,6.52034E+20,5.56616E+21,1.11316E+16,5.0228E+16
191395,9,1,62,0,2018,12,20,6,3,4,7,2,0,1,0,0,0,0,1,6.86757E+20,5.33026E+21,1.15085E+16,4.80982E+16
191396,9,4,71,111,2018,12,7,4,3,5,3,1,0,1,0,0,0,0,1,6.44624E+20,5.51828E+21,1.10097E+16,4.97995E+16
191397,9,1,62,0,2018,12,13,6,2,6,2,0,0,1,1,0,0,0,0,6.89681E+20,5.33218E+21,1.15485E+16,4.81146E+16
191398,9,4,61,0,2018,12,16,4,3,8,7,1,0,1,0,0,0,0,0,6.37358E+20,5.52897E+21,1.09126E+16,4.98973E+16
191399,9,1,62,0,2018,12,15,6,3,0,7,0,0,1,0,0,0,0,0,6.94746E+20,5.3415E+21,1.16208E+16,4.81969E+16
191400,9,3,62,0,2018,12,8,4,3,5,2,0,1,0,0,0,0,1,0,7.26767E+20,5.43359E+21,1.21014E+16,4.90135E+16
191401,9,1,62,0,2018,12,9,6,3,0,2,0,1,1,0,0,0,0,0,6.90164E+20,5.33392E+21,1.15558E+16,4.81301E+16
191402,9,3,62,0,2018,12,19,4,3,6,2,2,0,1,1,0,0,0,0,7.27749E+20,5.43281E+21,1.21144E+16,4.90061E+16
191403,9,1,62,0,2018,12,12,6,3,1,6,0,0,1,0,0,0,0,0,6.89877E+20,5.3358E+21,1.15528E+16,4.81471E+16
191404,9,3,73,151,2018,12,8,4,2,0,7,0,1,0,0,0,0,0,2,6.98886E+20,5.449E+21,1.17281E+16,4.91616E+16
191405,9,1,62,0,2018,12,17,6,3,2,6,2,0,1,0,0,0,0,0,6.9379E+20,5.33188E+21,1.16035E+16,4.81107E+16
191406,9,3,73,147,2018,12,6,4,2,5,3,2,0,1,0,0,0,0,1,6.79887E+20,5.4597E+21,1.14726E+16,4.92636E+16
191407,9,1,84,119,2018,12,7,6,3,4,7,0,1,1,0,0,0,0,0,6.96567E+20,5.34795E+21,1.16482E+16,4.82543E+16
191408,9,3,76,161,2018,12,7,4,3,2,6,0,0,1,0,0,0,0,0,7.26068E+20,5.46839E+21,1.21114E+16,4.93263E+16
191409,9,1,62,0,2018,12,22,6,3,5,3,2,0,1,0,0,0,0,1,6.92475E+20,5.33446E+21,1.15871E+16,4.81342E+16
191410,9,1,84,113,2018,12,18,6,3,0,7,2,1,0,0,0,0,0,1,6.84963E+20,5.32145E+21,1.14806E+16,4.80196E+16
191411,9,3,61,0,2018,12,7,4,2,1,5,1,0,1,0,0,0,0,1,7.06073E+20,5.48143E+21,1.18433E+16,4.94505E+16
191412,9,1,62,0,2018,12,7,6,3,6,7,1,0,0,1,0,1,0,0,6.87614E+20,5.33467E+21,1.15219E+16,4.81376E+16
191413,9,2,75,116,2018,12,14,4,3,0,1,0,1,0,0,0,0,0,0,8.19375E+20,5.3639E+21,1.33109E+16,4.83474E+16
191414,9,1,62,0,2018,12,7,6,3,6,5,1,0,1,0,0,0,1,0,6.90716E+20,5.33776E+21,1.15649E+16,4.81644E+16
191415,9,1,90,157,2018,12,7,4,3,2,6,0,0,1,0,0,0,0,0,6.60584E+20,5.30153E+21,1.11464E+16,4.7847E+16
191416,9,1,62,0,2018,12,10,6,3,2,6,0,0,1,0,1,0,0,0,6.91267E+20,5.339E+21,1.15729E+16,4.81755E+16
191417,9,1,79,119,2018,12,17,4,3,6,4,2,0,1,1,0,0,0,0,6.69128E+20,5.3394E+21,1.12755E+16,4.81853E+16
191418,9,1,62,0,2018,12,15,6,3,4,2,0,1,0,0,0,0,0,0,6.91813E+20,5.33465E+21,1.15783E+16,4.81362E+16
191419,9,1,79,121,2018,12,17,4,3,5,3,1,0,1,0,0,0,0,0,6.67754E+20,5.33899E+21,1.12569E+16,4.81819E+16
191420,9,7,75,143,2018,12,13,6,2,0,6,0,0,1,0,1,0,0,0,5.85694E+20,5.35614E+21,1.01567E+16,4.83526E+16
191421,9,1,79,121,2018,12,15,4,2,6,4,0,0,1,1,0,0,0,0,6.65971E+20,5.33753E+21,1.12323E+16,4.81693E+16
191422,9,7,64,0,2018,12,20,6,3,5,3,2,0,1,0,0,0,0,1,5.86772E+20,5.31489E+21,1.01628E+16,4.79814E+16
191423,9,1,74,115,2018,12,10,4,3,5,2,0,1,1,0,0,0,0,1,6.82911E+20,5.34842E+21,1.14647E+16,4.82626E+16
191424,9,7,75,162,2018,12,19,6,3,0,7,2,1,1,0,0,0,0,0,5.80265E+20,5.34777E+21,1.00818E+16,4.82781E+16
191425,9,7,62,0,2018,12,12,6,3,4,6,0,1,0,0,0,0,0,0,6.20944E+20,5.30436E+21,1.06176E+16,4.78812E+16
191426,9,1,75,135,2018,12,9,4,3,4,6,0,1,1,0,0,0,0,1,7.09453E+20,5.33905E+21,1.18172E+16,4.81701E+16
191427,9,7,79,194,2018,12,7,6,3,6,4,2,0,0,1,0,0,1,0,6.10518E+20,5.41198E+21,1.05065E+16,4.88509E+16
191428,9,7,79,194,2018,12,16,6,3,6,4,2,0,1,1,0,0,0,0,6.09657E+20,5.41243E+21,1.04949E+16,4.88552E+16
191429,9,1,62,0,2018,12,13,3,3,4,2,0,0,1,0,1,0,0,1,6.89078E+20,5.33493E+21,1.15417E+16,4.81395E+16
191430,9,7,79,131,2018,12,12,6,3,5,3,0,0,1,0,0,0,0,0,6.3256E+20,5.39589E+21,1.08017E+16,4.87019E+16
191431,9,1,84,146,2018,12,20,3,3,6,2,2,0,1,1,0,0,0,1,6.99387E+20,5.32807E+21,1.16769E+16,4.80747E+16
191432,9,1,62,0,2018,12,19,3,2,0,7,2,0,0,1,0,0,1,1,6.91394E+20,5.34195E+21,1.15759E+16,4.82019E+16
191433,9,7,79,131,2018,12,13,6,3,2,6,0,0,1,0,0,0,1,0,6.29781E+20,5.39751E+21,1.07644E+16,4.87171E+16
191434,9,1,62,0,2018,12,16,3,2,6,4,2,1,0,1,0,0,0,1,6.91134E+20,5.33517E+21,1.15694E+16,4.8141E+16
191435,9,7,72,163,2018,12,7,6,3,2,6,0,0,1,0,0,0,0,0,6.41076E+20,5.34843E+21,1.09013E+16,4.82734E+16
191436,9,1,84,139,2018,12,17,3,3,6,2,2,0,1,1,0,0,0,1,6.86828E+20,5.32433E+21,1.15068E+16,4.80449E+16
191437,9,1,62,0,2018,12,14,3,3,6,4,0,0,0,1,0,0,1,1,6.92166E+20,5.33442E+21,1.15829E+16,4.8134E+16
191438,9,7,72,163,2018,12,7,6,3,5,7,2,1,1,0,0,0,0,0,6.39866E+20,5.34713E+21,1.08846E+16,4.82619E+16
191439,9,1,62,0,2018,12,13,3,3,6,4,0,0,1,1,0,0,0,1,6.89386E+20,5.33244E+21,1.15447E+16,4.81171E+16
191440,9,7,61,0,2018,12,12,6,2,6,4,0,0,1,1,0,0,0,0,6.44394E+20,5.35717E+21,1.0949E+16,4.83512E+16
191441,9,1,62,0,2018,12,16,3,3,5,2,2,0,1,0,0,0,0,1,6.93018E+20,5.34195E+21,1.15978E+16,4.82014E+16
191442,9,7,75,129,2018,12,6,3,3,5,3,2,1,1,0,0,0,0,1,5.81176E+20,5.34219E+21,1.0093E+16,4.82277E+16
191443,9,5,64,0,2018,12,8,5,3,5,3,0,0,1,0,0,0,0,0,6.49867E+20,5.47431E+21,1.10658E+16,4.9403E+16
191444,9,5,64,0,2018,12,7,5,3,0,3,0,0,1,0,0,0,0,2,6.48665E+20,5.47254E+21,1.10485E+16,4.93874E+16
191445,9,5,73,114,2018,12,7,5,3,5,3,1,1,1,0,0,0,0,0,6.34517E+20,5.47989E+21,1.08562E+16,4.94568E+16
191446,9,5,61,0,2018,12,15,5,3,6,4,0,0,1,1,0,0,0,1,6.14708E+20,5.46207E+21,1.05778E+16,4.93006E+16
191447,9,4,77,128,2018,12,17,5,3,5,2,2,0,0,0,1,0,1,1,6.74899E+20,5.554E+21,1.14463E+16,5.01124E+16
191448,9,4,74,126,2018,12,17,5,3,2,6,2,0,1,0,0,0,0,0,6.48579E+20,5.50992E+21,1.10615E+16,4.97234E+16
191449,9,3,62,0,2018,12,15,5,3,4,2,0,1,0,0,0,1,0,0,7.27068E+20,5.43352E+21,1.21055E+16,4.90127E+16
191450,9,3,62,0,2018,12,13,5,3,5,2,0,0,0,0,0,1,1,0,7.27885E+20,5.43295E+21,1.21163E+16,4.90074E+16
191451,9,3,62,0,2018,12,18,5,3,4,2,2,0,1,0,0,0,0,0,7.26706E+20,5.43192E+21,1.20996E+16,4.89985E+16
191452,9,3,61,0,2018,12,7,5,2,6,4,1,0,1,1,0,0,0,0,7.0874E+20,5.48039E+21,1.18795E+16,4.94403E+16
191453,9,2,71,146,2018,12,15,5,3,4,2,0,0,1,0,0,0,0,1,7.8431E+20,5.41011E+21,1.28704E+16,4.87789E+16
191454,9,5,62,0,2018,12,12,2,3,0,7,0,0,1,0,0,0,0,0,6.41168E+20,5.49507E+21,1.09533E+16,4.95917E+16
191455,9,2,71,119,2018,12,13,5,2,1,6,0,0,1,0,1,0,0,0,7.90536E+20,5.41721E+21,1.29599E+16,4.88398E+16
191456,9,5,63,0,2018,12,17,2,3,6,4,2,1,0,1,0,0,0,1,6.43159E+20,5.48234E+21,1.09763E+16,4.94768E+16
191457,9,2,77,116,2018,12,11,5,3,8,7,0,0,1,0,0,0,0,0,7.78575E+20,5.368E+21,1.27642E+16,4.84035E+16
191458,9,5,64,0,2018,12,10,2,2,5,2,0,0,0,0,1,1,0,1,6.48631E+20,5.47487E+21,1.10489E+16,4.94083E+16
191459,9,1,90,148,2018,12,16,5,2,5,3,1,0,1,0,0,0,1,1,6.40556E+20,5.29615E+21,1.08772E+16,4.78034E+16
191460,9,5,64,0,2018,12,8,2,3,5,3,0,0,1,0,0,0,0,1,6.50841E+20,5.48135E+21,1.10819E+16,4.94661E+16
191461,9,1,71,111,2018,12,13,5,3,1,6,0,0,1,0,0,0,0,1,7.73476E+20,5.34764E+21,1.26823E+16,4.8223E+16
191462,9,5,64,0,2018,12,18,2,3,6,2,2,0,1,1,0,0,0,1,6.50187E+20,5.47842E+21,1.10717E+16,4.94399E+16
191463,9,1,63,0,2018,12,14,5,3,0,1,0,1,0,0,0,0,0,1,7.33947E+20,5.30517E+21,1.21277E+16,4.78572E+16
191464,9,5,64,0,2018,12,19,2,2,6,2,2,0,1,1,0,0,0,1,6.53014E+20,5.47994E+21,1.11113E+16,4.94528E+16
191465,9,1,87,117,2018,12,9,5,3,2,6,0,0,1,0,0,0,0,1,7.24035E+20,5.30602E+21,1.19959E+16,4.78684E+16
191466,9,5,64,0,2018,12,16,2,2,0,2,2,0,1,0,1,0,0,1,6.4718E+20,5.48156E+21,1.10314E+16,4.94689E+16
191467,9,1,61,0,2018,12,20,5,3,2,6,2,0,1,0,0,0,0,0,6.77943E+20,5.40458E+21,1.14217E+16,4.87687E+16
191468,9,5,64,0,2018,12,18,2,3,0,1,2,1,0,0,0,0,0,1,6.52676E+20,5.47915E+21,1.11063E+16,4.94458E+16
191469,9,1,74,115,2018,12,7,5,2,5,3,1,1,1,0,0,0,0,1,6.81116E+20,5.34724E+21,1.144E+16,4.82525E+16
191470,9,5,64,0,2018,12,19,2,3,0,1,2,1,0,0,0,0,0,1,6.50724E+20,5.47846E+21,1.10791E+16,4.94401E+16
191471,9,1,77,117,2018,12,11,5,3,5,3,0,0,1,0,0,0,0,1,7.14766E+20,5.35231E+21,1.18953E+16,4.82875E+16
191472,9,5,71,136,2018,12,17,2,3,5,3,2,0,1,0,0,0,0,1,6.01533E+20,5.43514E+21,1.03899E+16,4.90608E+16
191473,9,4,75,171,2018,12,17,2,3,5,3,2,0,1,0,0,0,0,1,6.95699E+20,5.57702E+21,1.17487E+16,5.03127E+16
191474,9,1,62,0,2018,12,23,4,3,0,1,2,1,0,0,0,0,0,1,6.91922E+20,5.33441E+21,1.15796E+16,4.8134E+16
191475,9,1,62,0,2018,12,23,4,3,6,1,2,0,1,1,0,0,0,0,6.91244E+20,5.33443E+21,1.15705E+16,4.81344E+16
191476,9,1,62,0,2018,12,7,4,2,6,4,2,0,0,1,0,0,1,2,6.9029E+20,5.33522E+21,1.15581E+16,4.81418E+16
191477,9,1,62,0,2018,12,8,4,3,6,7,0,0,1,1,0,0,0,1,6.91118E+20,5.33421E+21,1.15687E+16,4.81325E+16
191478,9,1,62,0,2018,12,14,4,3,3,6,0,0,1,0,0,0,1,1,6.86232E+20,5.33271E+21,1.15025E+16,4.81204E+16
191479,9,1,62,0,2018,12,12,4,3,5,2,0,1,0,0,0,0,1,0,6.97016E+20,5.33095E+21,1.16464E+16,4.81013E+16
191480,9,1,62,0,2018,12,18,4,3,0,4,2,0,0,1,0,0,1,1,6.86262E+20,5.33949E+21,1.15058E+16,4.81814E+16
191481,9,4,79,136,2018,12,17,2,3,9,1,2,0,1,0,0,0,0,1,7.20949E+20,5.54332E+21,1.20833E+16,5.00012E+16
191482,9,1,84,138,2018,12,7,4,3,1,6,0,0,1,0,0,0,0,2,6.79707E+20,5.33121E+21,1.14142E+16,4.81088E+16
191483,9,4,79,159,2018,12,7,2,3,6,6,2,0,1,1,0,0,0,1,7.19992E+20,5.55711E+21,1.20779E+16,5.01254E+16
191484,9,1,62,0,2018,12,18,4,3,6,4,2,0,0,1,0,0,1,1,6.93764E+20,5.33323E+21,1.16038E+16,4.81228E+16
191485,9,4,64,0,2018,12,16,2,2,6,4,2,0,1,1,0,0,0,1,7.07523E+20,5.57644E+21,1.19143E+16,5.03035E+16
191486,9,1,62,0,2018,12,15,4,3,0,1,0,0,0,0,1,0,0,1,6.88534E+20,5.3324E+21,1.15332E+16,4.81169E+16
191487,9,4,73,159,2018,12,17,2,3,2,6,2,0,1,0,0,0,0,1,6.4387E+20,5.57256E+21,1.10196E+16,5.02876E+16
191488,9,1,62,0,2018,12,11,4,3,0,1,0,1,0,0,0,0,0,1,6.91861E+20,5.335E+21,1.15791E+16,4.81393E+16
191489,9,4,63,0,2018,12,16,2,3,6,4,2,0,1,1,0,0,0,1,6.3985E+20,5.56914E+21,1.0962E+16,5.02578E+16
191490,9,7,75,135,2018,12,18,4,3,1,6,2,0,1,0,0,0,0,1,5.73769E+20,5.35982E+21,9.9964E+15,4.83872E+16
191491,9,4,61,0,2018,12,15,2,3,3,2,0,0,1,0,0,0,0,0,6.35762E+20,5.52955E+21,1.08906E+16,4.9903E+16
191492,9,4,61,0,2018,12,16,2,3,5,2,2,0,1,0,1,0,0,1,6.36305E+20,5.52932E+21,1.08981E+16,4.99007E+16
191493,9,3,74,111,2018,12,9,2,3,6,6,0,0,1,1,0,0,0,1,7.27656E+20,5.51193E+21,1.21583E+16,4.97168E+16
191494,9,3,73,147,2018,12,7,2,3,3,2,2,1,1,0,0,0,0,1,6.77599E+20,5.46242E+21,1.14424E+16,4.92887E+16
191495,9,7,75,135,2018,12,9,4,3,5,3,0,0,1,0,0,0,0,0,5.74284E+20,5.35969E+21,1.00033E+16,4.8386E+16
191496,9,3,61,0,2018,12,15,2,3,2,6,0,0,1,0,0,0,0,1,7.06944E+20,5.48123E+21,1.18552E+16,4.94484E+16
191497,9,7,74,135,2018,12,17,4,3,2,6,1,0,1,0,0,0,0,0,5.95103E+20,5.36746E+21,1.02862E+16,4.84531E+16
191498,9,2,62,0,2018,12,12,2,2,6,4,0,0,1,1,0,0,0,0,8.28635E+20,5.38958E+21,1.34557E+16,4.8573E+16
191499,9,7,74,121,2018,12,21,4,3,6,4,2,0,1,1,0,0,0,1,6.04146E+20,5.3653E+21,1.0408E+16,4.84323E+16
191500,9,2,75,143,2018,12,16,2,3,5,3,1,0,1,0,0,1,0,1,8.1183E+20,5.36477E+21,1.321E+16,4.8359E+16
191501,9,7,63,0,2018,12,12,4,3,0,7,0,1,0,0,0,0,0,0,5.99091E+20,5.28599E+21,1.03212E+16,4.77196E+16
191502,9,2,77,116,2018,12,13,2,3,6,4,0,0,1,1,0,0,0,0,7.7858E+20,5.36797E+21,1.27643E+16,4.84033E+16
191503,9,6,63,0,2018,12,17,4,3,2,6,2,0,1,0,0,0,0,1,5.67999E+20,5.50922E+21,9.94358E+15,4.97316E+16
191504,9,1,83,148,2018,12,4,2,3,5,3,2,0,0,0,0,0,1,2,7.52438E+20,5.34452E+21,1.23977E+16,4.82037E+16
191505,9,1,89,155,2018,12,16,2,3,1,6,0,0,1,0,0,0,0,1,7.72707E+20,5.30803E+21,1.26467E+16,4.78677E+16
191506,9,5,64,0,2018,12,14,4,3,1,1,0,0,1,0,1,0,0,0,6.5031E+20,5.48102E+21,1.10744E+16,4.94633E+16
191507,9,1,89,155,2018,12,9,2,3,6,4,0,0,1,1,0,0,0,0,7.72295E+20,5.30834E+21,1.26414E+16,4.78706E+16
191508,9,5,64,0,2018,12,13,4,3,0,7,0,0,0,0,0,0,1,0,6.5011E+20,5.48031E+21,1.10714E+16,4.94569E+16
191509,9,1,63,0,2018,12,7,2,3,5,2,0,1,1,0,0,0,0,1,7.31905E+20,5.30452E+21,1.21001E+16,4.78521E+16
191510,9,5,64,0,2018,12,15,4,3,2,6,1,0,1,0,0,0,0,0,6.50094E+20,5.48094E+21,1.10714E+16,4.94625E+16
191511,9,1,86,128,2018,12,21,2,2,5,3,2,0,1,0,1,0,0,1,6.78192E+20,5.38456E+21,1.14165E+16,4.85887E+16
191512,9,4,73,158,2018,12,8,4,3,8,1,0,0,1,0,0,0,0,2,6.30495E+20,5.58289E+21,1.08356E+16,5.03836E+16
191513,9,1,85,153,2018,12,12,2,3,6,7,0,0,1,1,0,0,0,0,6.50455E+20,5.40282E+21,1.10473E+16,4.87602E+16
191514,9,4,62,0,2018,12,6,4,3,1,6,1,0,1,0,0,0,0,1,6.84654E+20,5.53499E+21,1.15734E+16,4.99387E+16
191515,9,1,78,124,2018,12,9,2,2,5,3,0,0,0,0,1,0,1,0,7.04635E+20,5.36273E+21,1.1764E+16,4.83845E+16
191516,9,3,62,0,2018,12,18,4,3,2,6,2,0,1,0,0,0,1,0,7.26222E+20,5.431E+21,1.20925E+16,4.89905E+16
191517,9,1,77,117,2018,12,10,2,3,5,3,0,0,1,0,0,0,0,1,7.14998E+20,5.35456E+21,1.18996E+16,4.83077E+16
191518,9,3,62,0,2018,12,6,4,3,5,3,1,0,1,0,0,1,0,1,7.32416E+20,5.43027E+21,1.21766E+16,4.89815E+16
191519,9,1,62,0,2018,12,3,1,2,5,3,2,0,1,0,0,0,0,0,6.92279E+20,5.33489E+21,1.15846E+16,4.81382E+16
191520,9,1,62,0,2018,12,1,1,3,2,6,2,0,1,0,0,0,0,0,6.91783E+20,5.33332E+21,1.15773E+16,4.81242E+16
191521,9,3,73,147,2018,12,16,4,3,1,6,1,0,1,0,0,0,0,0,6.79075E+20,5.46121E+21,1.14621E+16,4.92774E+16
191522,9,7,75,152,2018,12,17,1,3,2,6,2,0,1,0,0,0,0,1,5.76881E+20,5.35347E+21,1.00373E+16,4.83298E+16
191523,9,3,61,0,2018,12,14,4,3,5,3,0,0,1,0,0,0,0,0,7.05716E+20,5.48071E+21,1.1838E+16,4.94442E+16
191524,9,2,72,142,2018,12,18,4,3,4,6,2,0,1,0,0,0,0,1,8.1944E+20,5.40932E+21,1.33466E+16,4.87549E+16
191525,9,7,72,177,2018,12,17,1,3,5,3,2,1,1,0,0,0,0,1,6.36558E+20,5.37811E+21,1.08501E+16,4.85412E+16
191526,9,7,72,163,2018,12,21,1,2,0,7,2,1,0,0,0,0,0,2,6.40032E+20,5.34777E+21,1.0887E+16,4.82676E+16
191527,9,2,61,0,2018,12,19,4,3,0,1,2,1,0,0,0,0,0,2,7.32433E+20,5.38199E+21,1.21496E+16,4.85479E+16
191528,9,1,90,157,2018,12,12,4,3,5,7,0,1,1,0,0,0,0,1,6.60671E+20,5.30083E+21,1.11473E+16,4.78407E+16
191529,9,6,63,0,2018,12,13,1,3,2,6,0,0,1,0,0,0,0,1,5.66547E+20,5.51535E+21,9.92448E+15,4.97869E+16
191530,9,1,89,155,2018,12,8,4,3,1,7,0,0,1,0,0,0,1,2,7.71915E+20,5.30638E+21,1.26351E+16,4.78531E+16
191531,9,6,61,0,2018,12,14,1,3,2,6,1,0,1,0,0,0,0,1,5.10262E+20,5.53548E+21,9.1431E+15,4.99716E+16
191532,9,1,83,148,2018,12,7,4,2,6,4,0,0,1,1,0,0,0,1,7.54814E+20,5.34556E+21,1.24302E+16,4.8212E+16
191533,9,5,64,0,2018,12,15,1,3,0,3,0,0,1,0,1,0,0,1,6.50988E+20,5.48023E+21,1.10834E+16,4.94559E+16
191534,9,1,89,133,2018,12,6,4,3,4,1,2,0,1,0,0,0,0,2,7.54853E+20,5.32129E+21,1.24163E+16,4.7994E+16
191535,9,4,74,168,2018,12,20,1,2,8,1,2,0,1,0,0,0,0,2,6.54335E+20,5.52308E+21,1.11465E+16,4.98403E+16