OBJECTID_1,ULAND,UREGBEZ,UKREIS,UGEMEINDE,UJAHR,UMONAT,USTUNDE,UWOCHENTAG,UKATEGORIE,UART,UTYP1,ULICHTVERH,IstRad,IstPKW,IstFuss,IstKrad,IstGkfz,IstSonstig,STRZUSTAND,LINREFX,LINREFY,XGCSWGS84,YGCSWGS84
191906,9,2,77,116,2018,12,7,3,3,6,4,1,0,1,1,0,0,0,2,7.80447E+20,5.36613E+21,1.27882E+16,4.83859E+16
191907,9,4,62,0,2018,12,16,5,3,2,6,1,0,1,0,0,0,0,1,6.86174E+20,5.53682E+21,1.15955E+16,4.99547E+16
191908,9,2,77,124,2018,12,6,3,3,0,3,2,0,1,0,1,0,0,0,7.81332E+20,5.36859E+21,1.28018E+16,4.84076E+16
191909,9,4,62,0,2018,12,9,5,3,6,4,0,0,0,1,0,0,1,1,6.84772E+20,5.5356E+21,1.15754E+16,4.99442E+16
191910,9,2,74,184,2018,12,10,3,3,2,6,0,0,1,0,0,0,0,1,7.47701E+20,5.37163E+21,1.235E+16,4.84491E+16
191911,9,2,74,112,2018,12,10,3,3,4,6,0,0,1,0,0,0,0,1,7.55513E+20,5.37944E+21,1.24602E+16,4.8516E+16
191912,9,4,71,159,2018,12,15,5,3,6,4,0,0,1,1,0,0,0,1,6.3846E+20,5.53211E+21,1.09291E+16,4.99253E+16
191913,9,1,89,152,2018,12,9,3,3,4,6,0,0,1,0,0,0,0,2,7.76796E+20,5.32779E+21,1.2714E+16,4.80433E+16
191914,9,4,61,0,2018,12,15,5,3,4,2,0,1,1,0,0,0,0,1,6.35587E+20,5.52903E+21,1.0888E+16,4.98983E+16
191915,9,3,63,0,2018,12,15,5,3,0,7,1,0,1,0,0,0,0,1,7.26511E+20,5.50686E+21,1.21395E+16,4.96717E+16
191916,9,1,71,112,2018,12,13,3,3,5,2,0,1,1,0,0,0,0,0,7.83651E+20,5.34204E+21,1.28153E+16,4.81682E+16
191917,9,3,74,124,2018,12,16,5,3,5,3,1,0,1,0,0,0,0,1,7.09212E+20,5.51159E+21,1.19026E+16,4.97204E+16
191918,9,1,72,124,2018,12,7,3,2,9,1,0,0,1,0,0,0,0,2,8.03161E+20,5.29001E+21,1.30404E+16,4.76923E+16
191919,9,1,63,0,2018,12,17,3,3,3,2,2,1,1,0,0,0,0,1,7.34553E+20,5.30427E+21,1.21353E+16,4.7849E+16
191920,9,3,62,0,2018,12,13,5,3,3,7,0,1,1,0,0,0,0,1,7.26885E+20,5.43548E+21,1.21041E+16,4.90305E+16
191921,9,1,63,0,2018,12,13,3,3,1,6,0,0,1,0,0,0,0,1,7.32651E+20,5.30486E+21,1.21103E+16,4.7855E+16
191922,9,3,73,147,2018,12,22,5,3,1,7,2,0,1,0,0,0,0,0,6.79383E+20,5.461E+21,1.14662E+16,4.92754E+16
191923,9,1,63,0,2018,12,11,3,2,5,3,0,0,1,0,0,1,0,1,7.33385E+20,5.30793E+21,1.21217E+16,4.78822E+16
191924,9,1,76,126,2018,12,7,3,3,0,1,2,1,0,0,0,0,0,1,6.74125E+20,5.40755E+21,1.13711E+16,4.87965E+16
191925,9,3,61,0,2018,12,16,5,2,6,4,2,0,1,1,0,0,0,1,7.06107E+20,5.48071E+21,1.18434E+16,4.94441E+16
191926,9,1,86,143,2018,12,12,3,3,6,4,0,0,1,1,0,0,0,0,6.85237E+20,5.37843E+21,1.15092E+16,4.85316E+16
191927,9,2,63,0,2018,12,20,5,3,4,2,2,1,1,0,0,0,0,1,7.61707E+20,5.41919E+21,1.25691E+16,4.88704E+16
191928,9,1,88,139,2018,12,11,3,3,0,1,0,1,0,0,0,0,0,2,6.74827E+20,5.31927E+21,1.13439E+16,4.80028E+16
191929,9,2,75,116,2018,12,16,5,2,6,4,2,0,1,1,0,0,0,0,8.19137E+20,5.36412E+21,1.33079E+16,4.83495E+16
191930,9,1,88,144,2018,12,7,3,3,9,1,0,0,1,0,0,0,1,2,6.67162E+20,5.32911E+21,1.1245E+16,4.80934E+16
191931,9,2,79,112,2018,12,12,5,3,2,6,0,0,1,0,0,0,0,0,7.57098E+20,5.39378E+21,1.24905E+16,4.86441E+16
191932,9,1,88,132,2018,12,5,3,2,0,1,2,1,0,0,0,0,0,2,6.6484E+20,5.323E+21,1.12115E+16,4.8039E+16
191933,9,1,73,126,2018,12,7,5,3,0,1,0,1,0,0,0,0,0,2,6.84496E+20,5.30652E+21,1.14679E+16,4.78855E+16
191934,9,1,79,138,2018,12,11,3,2,0,1,0,1,0,0,0,0,0,1,6.54939E+20,5.336E+21,1.10835E+16,4.81584E+16
191935,9,1,80,117,2018,12,16,5,1,6,2,0,0,1,1,0,0,0,1,6.57918E+20,5.26224E+21,1.10966E+16,4.74944E+16
191936,9,1,83,148,2018,12,11,5,3,9,1,0,0,1,0,0,0,0,1,7.52644E+20,5.34405E+21,1.24002E+16,4.81993E+16
191937,9,1,78,143,2018,12,10,3,3,4,6,0,0,1,0,0,0,0,1,7.17112E+20,5.37271E+21,1.19375E+16,4.847E+16
191938,9,1,89,149,2018,12,5,5,3,0,7,2,1,0,0,0,0,0,1,7.6652E+20,5.33E+21,1.25778E+16,4.80675E+16
191939,9,1,75,124,2018,12,7,3,2,0,1,0,1,0,0,0,0,0,2,7.15516E+20,5.32838E+21,1.18933E+16,4.80722E+16
191940,9,1,89,154,2018,12,16,5,3,6,2,1,0,1,1,0,0,0,0,7.67681E+20,5.31848E+21,1.25862E+16,4.79636E+16
191941,9,1,62,0,2018,12,9,2,3,5,2,0,1,0,0,0,0,1,2,6.88548E+20,5.33632E+21,1.15352E+16,4.81522E+16
191942,9,1,72,118,2018,12,7,5,3,0,1,1,1,0,0,0,0,0,2,7.9656E+20,5.30636E+21,1.29638E+16,4.78421E+16
191943,9,1,62,0,2018,12,14,2,3,0,7,0,0,0,0,0,0,1,1,6.92202E+20,5.33901E+21,1.15855E+16,4.81753E+16
191944,9,1,71,124,2018,12,13,5,2,5,3,0,0,1,0,0,0,0,0,7.81458E+20,5.34289E+21,1.27864E+16,4.81768E+16
191945,9,1,62,0,2018,12,19,2,2,6,4,2,0,1,1,0,0,0,1,6.93172E+20,5.33448E+21,1.15964E+16,4.81342E+16
191946,9,1,71,112,2018,12,15,5,3,5,2,0,0,1,1,0,0,0,0,7.84456E+20,5.34236E+21,1.28263E+16,4.81707E+16
191947,9,1,62,0,2018,12,11,2,3,4,3,0,0,1,0,0,0,0,0,6.86244E+20,5.33268E+21,1.15026E+16,4.81201E+16
191948,9,1,72,114,2018,12,12,5,3,4,6,0,0,1,0,0,0,0,1,7.90714E+20,5.29324E+21,1.28771E+16,4.77269E+16
191949,9,1,62,0,2018,12,11,2,3,0,7,0,0,1,0,0,0,1,1,6.89482E+20,5.33492E+21,1.15471E+16,4.81393E+16
191950,9,1,63,0,2018,12,17,5,3,2,6,2,0,1,0,1,0,0,1,7.33028E+20,5.3046E+21,1.21152E+16,4.78524E+16
191951,9,1,62,0,2018,12,11,2,3,6,4,0,0,1,1,0,0,0,1,6.95195E+20,5.33418E+21,1.16235E+16,4.81309E+16
191952,9,1,82,120,2018,12,8,5,3,0,1,0,1,0,0,0,0,0,1,7.02862E+20,5.30662E+21,1.17133E+16,4.78809E+16
191953,9,1,62,0,2018,12,18,2,3,6,2,2,0,1,1,0,0,0,1,6.92763E+20,5.3352E+21,1.15913E+16,4.81408E+16
191954,9,1,84,149,2018,12,7,2,3,4,6,0,1,1,0,0,0,0,2,6.91242E+20,5.35117E+21,1.1578E+16,4.82848E+16
191955,9,1,87,122,2018,12,6,5,3,3,6,0,1,0,0,0,0,1,0,7.19608E+20,5.30674E+21,1.19371E+16,4.78764E+16
191956,9,1,62,0,2018,12,19,2,3,6,2,2,0,1,1,0,0,0,1,6.93918E+20,5.3312E+21,1.1605E+16,4.81046E+16
191957,9,1,87,117,2018,12,16,5,3,6,7,1,0,1,1,0,0,0,1,7.25036E+20,5.30614E+21,1.20093E+16,4.78691E+16
191958,9,7,75,135,2018,12,18,2,3,6,2,2,0,1,1,0,0,0,1,5.74189E+20,5.36025E+21,1.00022E+16,4.8391E+16
191959,9,1,61,0,2018,12,19,5,3,0,1,2,1,0,0,0,0,0,0,6.79313E+20,5.40488E+21,1.14405E+16,4.87711E+16
191960,9,7,74,143,2018,12,17,2,2,6,2,2,0,1,1,0,0,0,1,5.97271E+20,5.35854E+21,1.03135E+16,4.83726E+16
191961,9,1,61,0,2018,12,17,5,3,2,6,2,0,1,0,0,0,0,1,6.78215E+20,5.40342E+21,1.14249E+16,4.87582E+16
191962,9,7,78,116,2018,12,5,2,3,0,1,2,1,0,0,0,0,0,2,6.1882E+20,5.31831E+21,1.05931E+16,4.8007E+16
191963,9,1,61,0,2018,12,16,5,3,6,4,0,0,1,1,0,0,0,0,6.79154E+20,5.40103E+21,1.14367E+16,4.87365E+16
191964,9,7,79,131,2018,12,18,2,3,2,3,2,0,1,0,0,0,0,1,6.29549E+20,5.39735E+21,1.07612E+16,4.87157E+16
191965,9,1,85,158,2018,12,7,5,3,5,3,1,1,1,0,0,0,0,1,6.66994E+20,5.38181E+21,1.12637E+16,4.85671E+16
191966,9,7,73,125,2018,12,14,2,3,2,6,0,0,1,0,0,0,0,1,6.10181E+20,5.38217E+21,1.0494E+16,4.85829E+16
191967,9,1,86,143,2018,12,12,5,3,6,4,0,0,1,1,0,0,0,0,6.85234E+20,5.37848E+21,1.15092E+16,4.8532E+16
191968,9,7,72,163,2018,12,11,2,3,5,2,0,0,1,0,1,0,0,1,6.40671E+20,5.35017E+21,1.08964E+16,4.8289E+16
191969,9,7,61,0,2018,12,13,2,3,6,4,0,0,1,1,0,0,0,0,6.41044E+20,5.35925E+21,1.09045E+16,4.83706E+16
191970,9,1,86,143,2018,12,19,5,3,0,7,2,1,0,0,0,0,0,0,6.85138E+20,5.37896E+21,1.15081E+16,4.85364E+16
191971,9,7,71,113,2018,12,18,2,3,1,6,2,0,1,0,0,0,0,1,6.57068E+20,5.36947E+21,1.11246E+16,4.84588E+16
191972,9,6,79,176,2018,12,6,2,3,0,6,2,0,1,0,0,0,0,1,5.66423E+20,5.50915E+21,9.92171E+15,4.97312E+16
191973,9,1,88,139,2018,12,7,5,3,8,1,0,0,1,0,0,0,0,2,6.75483E+20,5.32238E+21,1.13539E+16,4.80306E+16
191974,9,6,63,0,2018,12,15,2,3,3,6,1,0,1,0,0,0,1,0,5.66425E+20,5.51544E+21,9.92281E+15,4.97877E+16
191975,9,1,79,118,2018,12,7,5,3,5,3,1,1,1,0,0,0,0,1,6.72716E+20,5.33648E+21,1.13225E+16,4.81581E+16
191976,9,1,81,130,2018,12,8,5,3,8,1,0,0,1,0,0,0,0,2,6.41085E+20,5.32013E+21,1.08921E+16,4.80189E+16
191977,9,6,63,0,2018,12,9,2,3,2,6,0,0,1,0,0,0,0,0,5.67095E+20,5.51523E+21,9.93207E+15,4.97858E+16
191978,9,1,79,121,2018,12,15,5,3,2,6,0,0,1,0,0,0,0,0,6.65528E+20,5.33784E+21,1.12265E+16,4.81722E+16
191979,9,6,63,0,2018,12,18,2,2,6,4,1,0,1,1,0,0,0,1,5.69345E+20,5.51583E+21,9.96343E+15,4.97909E+16
191980,9,1,81,139,2018,12,8,5,3,9,1,1,0,1,0,0,0,0,1,6.54376E+20,5.3246E+21,1.10718E+16,4.8056E+16
191981,9,1,78,145,2018,12,10,5,3,0,1,0,0,1,0,0,0,0,0,6.97816E+20,5.35546E+21,1.16686E+16,4.83214E+16
191982,9,5,62,0,2018,12,6,2,3,5,3,2,1,1,0,0,0,0,1,6.45502E+20,5.49671E+21,1.10139E+16,4.96054E+16
191983,9,1,62,0,2018,12,0,4,2,0,1,2,1,0,0,0,0,0,0,6.91367E+20,5.33296E+21,1.15715E+16,4.81211E+16
191984,9,5,62,0,2018,12,14,2,3,3,2,0,1,0,0,0,0,0,0,6.45456E+20,5.49532E+21,1.10127E+16,4.9593E+16
191985,9,1,89,139,2018,12,15,6,3,6,4,0,0,1,1,0,0,0,0,7.60427E+20,5.28628E+21,1.24698E+16,4.76774E+16
191986,9,1,63,0,2018,12,15,6,3,4,2,0,1,1,0,0,0,0,0,7.34739E+20,5.30407E+21,1.21377E+16,4.78471E+16
191987,9,1,61,0,2018,12,15,6,2,0,1,0,1,0,0,0,0,0,0,6.78887E+20,5.40268E+21,1.14337E+16,4.87514E+16
191988,9,1,62,0,2018,12,21,5,3,5,7,2,0,1,0,0,0,1,0,6.9029E+20,5.33495E+21,1.15579E+16,4.81393E+16
191989,9,1,62,0,2018,12,8,5,3,5,3,0,0,1,0,0,0,0,0,6.91509E+20,5.33568E+21,1.15746E+16,4.81455E+16
191990,9,1,62,0,2018,12,14,5,3,2,6,0,0,1,0,0,0,0,0,6.86201E+20,5.33563E+21,1.15033E+16,4.81466E+16
191991,9,1,62,0,2018,12,8,5,3,5,3,0,0,1,0,0,0,0,0,6.8815E+20,5.33384E+21,1.15287E+16,4.813E+16
191992,9,1,62,0,2018,12,15,5,3,2,6,1,0,1,0,0,0,0,0,6.90787E+20,5.33646E+21,1.15653E+16,4.81527E+16
191993,9,7,78,199,2018,12,13,5,3,5,3,0,0,1,0,1,0,0,0,6.07718E+20,5.31998E+21,1.04447E+16,4.8024E+16
191994,9,7,64,0,2018,12,15,5,3,0,7,0,1,0,0,0,0,0,0,5.89097E+20,5.31536E+21,1.01941E+16,4.79854E+16
191995,9,7,63,0,2018,12,19,5,3,6,4,2,0,1,1,0,0,0,1,5.9971E+20,5.28583E+21,1.03295E+16,4.77182E+16
191996,9,7,63,0,2018,12,18,5,3,1,6,2,0,1,0,0,0,0,0,5.99774E+20,5.28677E+21,1.03305E+16,4.77266E+16
191997,9,7,62,0,2018,12,14,5,3,5,3,0,0,1,0,0,0,1,0,6.2253E+20,5.30493E+21,1.0639E+16,4.7886E+16
191998,9,7,61,0,2018,12,10,5,3,5,2,0,1,1,0,0,0,0,0,6.40477E+20,5.35301E+21,1.08948E+16,4.83147E+16
191999,9,7,61,0,2018,12,18,5,3,5,1,2,0,1,0,0,0,0,0,6.40249E+20,5.35351E+21,1.08919E+16,4.83192E+16
192000,9,6,71,122,2018,12,17,5,3,2,6,2,0,1,0,0,0,0,0,5.05159E+20,5.53077E+21,9.07188E+15,4.99293E+16
192001,9,5,72,131,2018,12,18,5,2,0,7,2,0,1,0,0,0,0,0,6.56575E+20,5.48905E+21,1.1164E+16,4.95338E+16
192002,9,5,64,0,2018,12,14,5,3,5,3,0,0,1,0,0,0,0,0,6.51765E+20,5.47754E+21,1.10931E+16,4.94315E+16
192003,9,5,64,0,2018,12,17,5,3,6,4,2,0,1,1,0,0,0,0,6.53995E+20,5.47887E+21,1.11244E+16,4.9443E+16
192004,9,4,76,145,2018,12,17,5,3,0,7,2,0,1,0,0,0,1,1,6.65789E+20,5.56712E+21,1.13247E+16,5.0233E+16
192005,9,3,62,0,2018,12,13,5,2,0,4,0,1,0,1,0,0,0,0,7.2744E+20,5.43405E+21,1.21108E+16,4.90174E+16
192006,9,2,73,141,2018,12,7,5,1,6,1,1,0,0,1,0,1,0,0,7.23921E+20,5.41249E+21,1.20509E+16,4.88249E+16
192007,9,1,73,130,2018,12,22,5,3,5,3,2,0,1,0,0,0,0,1,6.81518E+20,5.31384E+21,1.14312E+16,4.79521E+16
192008,9,1,90,157,2018,12,11,5,3,6,7,0,0,1,1,0,0,0,0,6.61085E+20,5.30115E+21,1.1153E+16,4.78435E+16
192009,9,1,89,155,2018,12,16,5,3,5,3,0,1,1,0,0,0,0,0,7.71649E+20,5.30648E+21,1.26316E+16,4.78542E+16
192010,9,1,89,154,2018,12,13,5,3,0,7,0,1,0,0,0,0,0,0,7.67392E+20,5.31858E+21,1.25823E+16,4.79647E+16
192011,9,1,61,0,2018,12,14,5,3,5,3,0,0,1,0,0,0,0,0,6.7948E+20,5.40297E+21,1.14419E+16,4.87539E+16
192012,9,1,62,0,2018,12,19,4,3,6,2,2,0,1,1,0,0,0,1,6.87288E+20,5.33436E+21,1.15174E+16,4.81349E+16
192013,9,7,77,153,2018,12,11,4,3,5,3,0,0,1,0,0,0,0,0,6.12835E+20,5.27531E+21,1.05017E+16,4.76214E+16
192014,9,6,61,0,2018,12,2,4,3,6,4,2,1,0,1,0,0,0,0,5.10998E+20,5.53474E+21,9.15335E+15,4.99649E+16
192015,9,5,64,0,2018,12,19,4,3,6,4,2,0,1,1,0,0,0,1,6.50452E+20,5.48024E+21,1.10761E+16,4.94562E+16
192016,9,3,62,0,2018,12,14,4,3,5,3,0,1,1,0,0,0,0,0,7.27525E+20,5.4319E+21,1.21108E+16,4.8998E+16
192017,9,3,62,0,2018,12,4,4,3,6,4,2,0,1,1,0,0,0,0,7.26512E+20,5.43421E+21,1.20983E+16,4.90192E+16
192018,9,3,76,146,2018,12,8,4,1,2,1,1,1,1,0,0,0,0,1,7.49512E+20,5.46627E+21,1.24321E+16,4.92981E+16
192019,9,2,78,170,2018,12,3,4,3,1,5,2,0,1,0,0,0,0,0,7.65483E+20,5.42364E+21,1.26234E+16,4.89088E+16
192020,9,2,73,164,2018,12,10,4,3,5,3,0,0,1,0,0,0,0,1,6.96601E+20,5.42696E+21,1.16861E+16,4.89642E+16
192021,9,1,71,116,2018,12,23,4,2,8,1,2,0,1,0,0,0,0,0,7.66567E+20,5.33173E+21,1.25795E+16,4.80831E+16
192022,9,1,87,182,2018,12,10,4,2,6,4,0,0,1,1,0,0,0,0,7.36881E+20,5.32414E+21,1.21773E+16,4.80266E+16
192023,9,1,63,0,2018,12,18,4,3,5,3,2,1,1,0,0,0,0,1,7.33958E+20,5.30425E+21,1.21274E+16,4.7849E+16
192024,9,1,74,131,2018,12,2,4,3,9,1,2,0,1,0,0,0,0,0,6.69777E+20,5.36112E+21,1.12929E+16,4.83803E+16
192025,9,1,77,115,2018,12,12,4,3,4,6,0,0,1,0,0,0,0,0,7.31689E+20,5.35275E+21,1.21234E+16,4.82855E+16
192026,9,1,62,0,2018,12,17,3,3,4,7,2,0,1,0,0,0,0,0,6.86256E+20,5.3318E+21,1.15024E+16,4.81122E+16
192027,9,1,84,123,2018,12,15,3,3,5,3,0,1,1,0,0,0,0,0,7.04598E+20,5.33158E+21,1.17484E+16,4.81046E+16
192028,9,1,62,0,2018,12,18,3,3,5,2,2,0,1,0,0,0,0,0,6.91333E+20,5.3341E+21,1.15716E+16,4.81314E+16
192029,9,5,64,0,2018,12,19,3,3,5,2,2,0,1,0,0,0,0,0,6.51022E+20,5.47929E+21,1.10836E+16,4.94475E+16
192030,9,5,73,122,2018,12,1,3,2,8,1,2,0,1,0,0,0,0,1,6.44659E+20,5.47587E+21,1.09946E+16,4.94183E+16
192031,9,2,79,122,2018,12,22,3,2,8,1,2,0,1,0,0,0,0,1,7.71514E+20,5.39815E+21,1.26887E+16,4.86773E+16
192032,9,1,62,0,2018,12,7,2,3,0,1,0,1,0,0,0,0,0,1,6.87922E+20,5.33436E+21,1.15259E+16,4.81347E+16
192033,9,1,62,0,2018,12,11,2,3,2,6,0,0,1,0,0,0,0,0,6.84848E+20,5.33375E+21,1.14843E+16,4.81302E+16
192034,9,1,62,0,2018,12,18,2,3,5,2,2,1,1,0,0,0,0,1,6.88132E+20,5.33714E+21,1.15299E+16,4.81597E+16
192035,9,7,64,0,2018,12,10,2,3,2,6,0,0,1,0,0,0,0,1,5.87579E+20,5.31568E+21,1.01738E+16,4.79884E+16
192036,9,7,74,171,2018,12,8,2,2,4,6,0,0,1,0,0,0,1,1,6.032E+20,5.37064E+21,1.03965E+16,4.84804E+16
192037,9,7,73,125,2018,12,10,2,3,2,6,0,0,1,0,0,0,0,1,6.1022E+20,5.38204E+21,1.04945E+16,4.85818E+16
192038,9,7,71,122,2018,12,12,2,3,5,3,0,0,1,0,0,0,0,1,6.52164E+20,5.36213E+21,1.10556E+16,4.8394E+16
192039,9,7,61,0,2018,12,18,2,3,5,3,2,0,1,0,0,0,0,1,6.41714E+20,5.35998E+21,1.09138E+16,4.83771E+16
192040,9,6,63,0,2018,12,10,2,3,0,7,0,0,0,0,1,0,1,1,5.68225E+20,5.51594E+21,9.94789E+15,4.9792E+16
192041,9,6,63,0,2018,12,15,2,3,0,1,0,0,0,0,1,0,0,1,5.68621E+20,5.51597E+21,9.9534E+15,4.97923E+16
192042,9,6,74,221,2018,12,11,2,2,9,1,0,0,1,0,0,0,0,1,6.12939E+20,5.54049E+21,1.05761E+16,5.00061E+16
192043,9,6,73,149,2018,12,21,2,2,0,1,2,1,0,0,0,0,0,2,5.79272E+20,5.58814E+21,1.01163E+16,5.04399E+16
192044,9,5,64,0,2018,12,17,2,3,4,2,1,0,1,0,0,0,0,1,6.54137E+20,5.47519E+21,1.11249E+16,4.94099E+16
192045,9,5,64,0,2018,12,12,2,3,5,3,0,1,1,0,0,0,0,0,6.49596E+20,5.47689E+21,1.1063E+16,4.94263E+16
192046,9,5,64,0,2018,12,11,2,3,6,6,0,1,0,1,0,0,0,0,6.50082E+20,5.48031E+21,1.1071E+16,4.94569E+16
192047,9,5,75,116,2018,12,16,2,2,8,1,0,0,1,0,0,0,0,0,6.15077E+20,5.51038E+21,1.0597E+16,4.97349E+16
192048,9,3,72,153,2018,12,11,2,3,5,3,0,0,1,0,0,0,0,1,7.56013E+20,5.4546E+21,1.25139E+16,4.91907E+16
192049,9,3,75,208,2018,12,19,2,3,4,6,2,0,1,1,0,0,0,1,7.30551E+20,5.43816E+21,1.21557E+16,4.90531E+16
192050,9,3,73,147,2018,12,8,2,3,5,3,0,1,1,0,0,0,0,1,6.7931E+20,5.46152E+21,1.14655E+16,4.92801E+16
192051,9,3,61,0,2018,12,16,2,3,6,4,2,0,1,1,0,0,0,1,7.06256E+20,5.47969E+21,1.18449E+16,4.94348E+16
192052,9,2,77,116,2018,12,17,2,2,6,4,2,0,1,1,0,0,0,1,7.78079E+20,5.36829E+21,1.27577E+16,4.84064E+16
192053,9,1,73,126,2018,12,7,2,3,6,6,2,0,1,1,0,0,0,2,6.84297E+20,5.3056E+21,1.14649E+16,4.78773E+16
192054,9,1,73,134,2018,12,11,2,3,7,7,0,0,1,0,0,0,0,1,6.85055E+20,5.29803E+21,1.14717E+16,4.7809E+16
192055,9,1,80,117,2018,12,7,2,3,5,2,1,1,1,0,0,0,0,1,6.58031E+20,5.26207E+21,1.10981E+16,4.74929E+16
192056,9,1,80,116,2018,12,18,2,3,4,2,2,0,1,0,0,0,0,1,6.59006E+20,5.26655E+21,1.11126E+16,4.75329E+16
192057,9,1,61,0,2018,12,1,2,3,8,1,2,0,1,0,0,0,0,1,6.78556E+20,5.40361E+21,1.14296E+16,4.87599E+16
192058,9,1,62,0,2018,12,16,1,3,1,5,2,0,1,0,0,0,1,1,6.93196E+20,5.33649E+21,1.15977E+16,4.81523E+16
192059,9,7,62,0,2018,12,16,1,3,5,3,2,0,1,0,0,0,0,1,6.21333E+20,5.30389E+21,1.06227E+16,4.78768E+16
192060,9,7,71,130,2018,12,10,1,3,0,1,0,1,0,0,0,0,0,1,6.46528E+20,5.35815E+21,1.09781E+16,4.83595E+16
192061,9,7,61,0,2018,12,14,1,3,1,6,0,0,1,0,0,0,0,1,6.3743E+20,5.35953E+21,1.08558E+16,4.8374E+16
192062,9,1,62,0,2018,12,9,2,3,1,5,0,1,0,0,0,0,1,1,6.9102E+20,5.33392E+21,1.15673E+16,4.81299E+16
192063,9,7,61,0,2018,12,16,1,3,6,2,2,0,1,1,0,0,0,1,6.38352E+20,5.35936E+21,1.08682E+16,4.83723E+16
192064,9,1,62,0,2018,12,19,2,3,6,4,2,0,1,1,0,0,0,1,6.86224E+20,5.32984E+21,1.15011E+16,4.80946E+16
192065,9,7,71,114,2018,12,17,1,3,9,6,2,0,1,1,0,0,0,1,6.46664E+20,5.37015E+21,1.09842E+16,4.84673E+16
192066,9,1,62,0,2018,12,18,2,3,5,3,2,0,1,0,0,0,0,1,6.93986E+20,5.33609E+21,1.16081E+16,4.81484E+16
192067,9,6,76,160,2018,12,1,1,3,6,7,2,0,1,1,0,0,0,0,5.10742E+20,5.52981E+21,9.14964E+15,4.99206E+16
192068,9,7,61,0,2018,12,10,2,3,2,6,0,0,1,0,0,0,0,0,6.42997E+20,5.35997E+21,1.09311E+16,4.83767E+16
192069,9,5,64,0,2018,12,16,1,3,6,2,1,0,1,1,0,0,0,1,6.51156E+20,5.47856E+21,1.10851E+16,4.94409E+16
192070,9,6,71,124,2018,12,17,2,3,0,7,2,0,1,1,0,0,0,1,5.16505E+20,5.53294E+21,9.23005E+15,4.99486E+16
192071,9,5,64,0,2018,12,1,1,3,5,2,2,0,1,0,0,0,0,0,6.52187E+20,5.47884E+21,1.10995E+16,4.94432E+16
192072,9,5,64,0,2018,12,16,2,2,0,1,1,1,0,0,0,0,0,1,6.49967E+20,5.47947E+21,1.10691E+16,4.94494E+16
192073,9,5,64,0,2018,12,20,1,3,5,3,2,0,1,0,0,0,0,1,6.52201E+20,5.47883E+21,1.10996E+16,4.94431E+16
192074,9,5,64,0,2018,12,11,2,3,5,2,0,0,1,0,0,0,0,1,6.50412E+20,5.479E+21,1.1075E+16,4.94451E+16
192075,9,4,71,120,2018,12,10,1,3,8,1,0,0,1,0,0,0,0,0,6.25746E+20,5.52282E+21,1.0749E+16,4.98446E+16
192076,9,5,64,0,2018,12,18,2,3,0,1,2,1,0,0,0,0,0,1,6.50765E+20,5.47759E+21,1.10794E+16,4.94323E+16
192077,9,3,75,196,2018,12,20,1,3,5,3,2,0,1,0,0,0,0,1,7.31008E+20,5.41302E+21,1.21477E+16,4.88271E+16
192078,9,5,77,173,2018,12,12,2,3,5,3,0,0,1,0,0,0,0,0,6.37823E+20,5.42734E+21,1.08837E+16,4.89836E+16
192079,9,3,73,151,2018,12,20,1,3,5,3,2,0,1,0,0,0,0,1,6.98319E+20,5.44865E+21,1.17202E+16,4.91586E+16
192080,9,4,73,151,2018,12,9,2,2,9,1,0,0,1,0,0,0,0,1,6.52049E+20,5.57952E+21,1.11372E+16,5.03481E+16
192081,9,1,87,142,2018,12,14,1,3,2,6,0,0,1,0,0,0,0,1,7.33467E+20,5.31132E+21,1.21247E+16,4.79127E+16
192082,9,4,73,159,2018,12,17,2,3,0,1,2,1,0,0,0,0,0,1,6.46379E+20,5.57342E+21,1.10552E+16,5.02948E+16
192083,9,1,87,139,2018,12,9,1,3,8,7,0,0,1,0,0,0,0,0,7.44607E+20,5.31618E+21,1.22763E+16,4.79521E+16
192084,9,3,73,147,2018,12,18,2,3,0,3,2,1,1,0,0,0,0,1,6.78156E+20,5.46182E+21,1.14498E+16,4.92831E+16
192085,9,1,87,154,2018,12,14,1,2,1,5,0,0,1,0,0,0,1,1,7.35148E+20,5.29765E+21,1.21397E+16,4.77892E+16
192086,9,3,73,119,2018,12,13,2,3,5,3,0,0,1,0,0,0,0,1,6.82547E+20,5.45625E+21,1.15075E+16,4.92318E+16
192087,9,1,79,121,2018,12,17,1,3,1,7,2,0,1,0,0,0,0,1,6.67619E+20,5.33931E+21,1.12552E+16,4.81849E+16
192088,9,2,75,126,2018,12,8,2,3,1,3,0,0,1,0,0,0,0,1,8.40249E+20,5.39936E+21,1.36206E+16,4.86545E+16
192089,9,1,77,117,2018,12,9,1,3,5,3,0,1,1,0,0,0,0,1,7.14303E+20,5.35554E+21,1.18907E+16,4.83167E+16