OBJECTID_1,ULAND,UREGBEZ,UKREIS,UGEMEINDE,UJAHR,UMONAT,USTUNDE,UWOCHENTAG,UKATEGORIE,UART,UTYP1,ULICHTVERH,IstRad,IstPKW,IstFuss,IstKrad,IstGkfz,IstSonstig,STRZUSTAND,LINREFX,LINREFY,XGCSWGS84,YGCSWGS84
192090,9,2,61,0,2018,12,11,2,3,6,7,0,0,1,1,0,0,0,1,7.32749E+20,5.3807E+21,1.21532E+16,4.85362E+16
192091,9,1,62,0,2018,12,0,7,3,1,5,2,0,1,0,0,0,0,1,6.91066E+20,5.33423E+21,1.1568E+16,4.81326E+16
192092,9,1,81,128,2018,12,22,2,3,8,1,2,0,1,0,0,0,0,1,6.38116E+20,5.32836E+21,1.08549E+16,4.80935E+16
192093,9,1,62,0,2018,12,14,7,3,5,2,0,1,1,0,0,0,0,1,6.92296E+20,5.33813E+21,1.15863E+16,4.81673E+16
192094,9,7,74,135,2018,12,15,1,3,8,1,0,0,1,0,0,0,0,0,5.93213E+20,5.37004E+21,1.02612E+16,4.84766E+16
192095,9,7,63,0,2018,12,2,1,3,1,5,2,0,1,0,0,0,0,2,5.98228E+20,5.28576E+21,1.03097E+16,4.77177E+16
192096,9,1,62,0,2018,12,11,7,3,3,2,0,1,1,0,0,0,0,0,6.9231E+20,5.3419E+21,1.15882E+16,4.82012E+16
192097,9,7,76,117,2018,12,11,1,3,5,3,0,0,1,0,0,0,0,2,5.67321E+20,5.27291E+21,9.89569E+15,4.76061E+16
192098,9,1,62,0,2018,12,17,7,3,5,2,2,0,1,0,0,0,0,1,6.8981E+20,5.33981E+21,1.15537E+16,4.81831E+16
192099,9,3,62,0,2018,12,22,1,3,9,1,2,0,1,0,0,0,0,1,7.29364E+20,5.433E+21,1.21365E+16,4.90073E+16
192100,9,1,62,0,2018,12,17,7,2,6,4,2,0,1,1,0,0,0,1,6.98758E+20,5.33383E+21,1.16711E+16,4.81266E+16
192101,9,2,61,0,2018,12,12,1,2,5,3,0,1,1,0,0,0,0,1,7.31722E+20,5.37962E+21,1.21387E+16,4.85269E+16
192102,9,1,62,0,2018,12,14,7,3,4,2,0,0,1,0,0,0,0,1,6.98333E+20,5.33328E+21,1.16652E+16,4.81219E+16
192103,9,1,90,139,2018,12,0,1,3,9,1,2,0,1,0,0,0,0,2,6.54096E+20,5.29603E+21,1.10578E+16,4.77992E+16
192104,9,1,62,0,2018,12,9,7,3,2,6,0,0,1,0,0,0,0,0,6.87682E+20,5.33119E+21,1.15213E+16,4.81063E+16
192105,9,1,72,114,2018,12,7,1,3,9,1,2,0,1,0,0,0,0,1,7.89374E+20,5.29365E+21,1.28595E+16,4.77313E+16
192106,9,1,62,0,2018,12,18,7,3,6,2,2,0,1,1,0,0,0,1,6.90342E+20,5.33492E+21,1.15586E+16,4.81391E+16
192107,9,1,81,130,2018,12,16,1,3,5,3,0,1,1,0,0,0,0,1,6.39156E+20,5.32457E+21,1.08676E+16,4.80592E+16
192108,9,7,80,146,2018,12,4,7,3,8,1,2,0,1,0,0,0,0,0,5.92336E+20,5.29072E+21,1.02322E+16,4.77632E+16
192109,9,1,62,0,2018,12,0,7,2,6,4,2,0,1,1,0,0,0,0,6.93899E+20,5.33307E+21,1.16056E+16,4.81213E+16
192110,9,7,61,0,2018,12,11,7,3,1,5,0,1,0,0,0,1,0,1,6.43739E+20,5.35816E+21,1.09405E+16,4.83602E+16
192111,9,1,62,0,2018,12,18,7,3,0,7,2,0,0,1,0,0,1,0,6.8965E+20,5.33569E+21,1.15497E+16,4.81461E+16
192112,9,7,73,144,2018,12,23,7,3,5,3,2,0,1,0,0,0,0,1,6.05791E+20,5.38188E+21,1.04344E+16,4.85811E+16
192113,9,7,61,0,2018,12,12,7,3,6,2,0,0,1,1,0,0,0,0,6.3963E+20,5.35595E+21,1.08843E+16,4.83412E+16
192114,9,7,71,142,2018,12,12,7,3,3,2,0,1,0,0,0,0,0,0,6.46207E+20,5.35201E+21,1.09717E+16,4.83044E+16
192115,9,7,61,0,2018,12,10,7,3,2,1,0,0,1,0,0,0,0,0,6.40164E+20,5.35293E+21,1.08905E+16,4.8314E+16
192116,9,6,77,148,2018,12,11,7,3,6,5,0,0,1,1,0,0,0,0,5.54994E+20,5.53463E+21,9.76674E+15,4.99615E+16
192117,9,5,62,0,2018,12,22,7,3,5,3,2,0,1,0,0,0,0,1,6.44957E+20,5.49625E+21,1.10062E+16,4.96015E+16
192118,9,6,74,163,2018,12,3,7,3,7,1,2,0,0,0,1,0,0,0,6.10126E+20,5.5389E+21,1.05364E+16,4.99923E+16
192119,9,5,76,151,2018,12,19,7,3,1,6,2,0,1,0,0,0,0,1,6.54637E+20,5.46814E+21,1.11291E+16,4.93463E+16
192120,9,5,73,127,2018,12,17,7,3,5,3,2,0,1,0,0,0,0,1,6.45924E+20,5.47545E+21,1.10119E+16,4.94142E+16
192121,9,5,74,123,2018,12,14,7,3,2,6,0,0,1,0,0,0,0,1,6.59388E+20,5.47437E+21,1.11969E+16,4.94011E+16
192122,9,5,71,165,2018,12,17,7,3,5,3,2,0,1,0,0,0,0,1,6.29933E+20,5.46684E+21,1.07887E+16,4.93405E+16
192123,9,5,62,0,2018,12,6,7,3,5,3,2,1,0,0,0,0,0,1,6.45029E+20,5.49576E+21,1.1007E+16,4.9597E+16
192124,9,4,61,0,2018,12,17,7,1,6,4,2,0,1,1,0,0,0,1,6.37283E+20,5.53003E+21,1.09119E+16,4.99069E+16
192125,9,4,61,0,2018,12,4,7,2,9,7,2,0,1,0,0,0,0,1,6.35533E+20,5.52837E+21,1.0887E+16,4.98924E+16
192126,9,5,76,113,2018,12,12,7,3,5,3,0,1,1,0,0,0,0,1,6.6284E+20,5.45756E+21,1.12376E+16,4.92491E+16
192127,9,3,62,0,2018,12,14,7,3,5,3,0,0,1,0,0,0,0,1,7.27519E+20,5.43403E+21,1.21119E+16,4.90172E+16
192128,9,5,74,132,2018,12,11,7,3,0,7,0,0,1,0,0,0,0,1,6.7633E+20,5.48767E+21,1.14361E+16,4.9516E+16
192129,9,2,62,0,2018,12,11,7,2,6,3,0,0,1,1,0,0,0,0,8.24745E+20,5.38951E+21,1.34031E+16,4.85744E+16
192130,9,5,74,112,2018,12,15,7,3,3,7,0,1,1,0,0,0,0,1,6.71626E+20,5.47312E+21,1.13649E+16,4.93865E+16
192131,9,1,72,114,2018,12,9,7,3,4,2,0,0,1,0,0,0,0,0,7.90577E+20,5.293E+21,1.28751E+16,4.77249E+16
192132,9,5,64,0,2018,12,18,7,3,8,1,2,0,1,0,0,0,0,1,6.49478E+20,5.47888E+21,1.10621E+16,4.94442E+16
192133,9,1,87,150,2018,12,2,7,2,0,1,2,1,0,0,0,0,0,0,7.29793E+20,5.30412E+21,1.20717E+16,4.78493E+16
192134,9,5,64,0,2018,12,11,7,3,0,3,0,0,0,0,0,0,1,1,6.49726E+20,5.48045E+21,1.10661E+16,4.94582E+16
192135,9,1,79,118,2018,12,15,7,3,1,5,0,0,1,0,0,0,1,0,6.73351E+20,5.33767E+21,1.13316E+16,4.81686E+16
192136,9,5,64,0,2018,12,3,7,3,5,3,2,0,1,0,0,0,0,0,6.50923E+20,5.4785E+21,1.10819E+16,4.94404E+16
192137,9,5,64,0,2018,12,0,7,3,5,3,2,0,1,0,0,0,0,0,6.48682E+20,5.4781E+21,1.10509E+16,4.94374E+16
192138,9,1,74,136,2018,12,7,7,3,6,7,0,0,1,1,0,0,0,1,6.82757E+20,5.36479E+21,1.14697E+16,4.84097E+16
192139,9,5,64,0,2018,12,14,7,3,5,3,0,0,1,0,0,0,0,1,6.49006E+20,5.48057E+21,1.10562E+16,4.94595E+16
192140,9,1,77,117,2018,12,16,7,2,2,6,1,0,1,0,0,0,0,0,7.15038E+20,5.3524E+21,1.1899E+16,4.82882E+16
192141,9,4,79,136,2018,12,17,7,3,6,3,2,0,1,1,0,0,0,1,7.22076E+20,5.54374E+21,1.20993E+16,5.00046E+16
192142,9,1,77,137,2018,12,22,7,2,9,1,2,0,1,0,0,0,0,0,7.32852E+20,5.34427E+21,1.21344E+16,4.82089E+16
192143,9,4,73,159,2018,12,2,7,3,6,7,2,0,1,1,0,0,0,1,6.46398E+20,5.57396E+21,1.10556E+16,5.02996E+16
192144,9,1,62,0,2018,12,13,6,3,4,2,0,0,1,0,0,0,0,0,6.91658E+20,5.33279E+21,1.15753E+16,4.81195E+16
192145,9,4,76,145,2018,12,2,7,3,9,1,2,0,1,0,0,0,0,1,6.66892E+20,5.56756E+21,1.13403E+16,5.02366E+16
192146,9,1,62,0,2018,12,12,6,3,1,7,0,0,1,0,0,0,0,0,6.84334E+20,5.33163E+21,1.14765E+16,4.81113E+16
192147,9,4,63,0,2018,12,17,7,3,4,2,2,0,1,0,0,0,0,1,6.39567E+20,5.56858E+21,1.09578E+16,5.02528E+16
192148,9,1,62,0,2018,12,12,6,3,5,3,0,1,1,0,0,0,0,0,6.90747E+20,5.34017E+21,1.15664E+16,4.81861E+16
192149,9,3,63,0,2018,12,19,7,3,5,3,2,0,1,0,0,0,0,1,7.27257E+20,5.5068E+21,1.21498E+16,4.96709E+16
192150,9,7,75,135,2018,12,8,6,3,6,4,0,0,1,1,0,0,0,0,5.76654E+20,5.36225E+21,1.00358E+16,4.84087E+16
192151,9,3,62,0,2018,12,17,7,3,2,1,2,1,1,0,0,0,0,0,7.26783E+20,5.43374E+21,1.21017E+16,4.90148E+16
192152,9,7,78,144,2018,12,20,6,3,0,7,2,0,0,0,1,0,1,1,5.92517E+20,5.3026E+21,1.02372E+16,4.78701E+16
192153,9,3,62,0,2018,12,7,7,3,6,4,1,0,1,1,0,0,0,1,7.26661E+20,5.4342E+21,1.21003E+16,4.9019E+16
192154,9,7,64,0,2018,12,11,6,3,6,4,0,0,1,1,0,0,0,0,5.87933E+20,5.31501E+21,1.01784E+16,4.79823E+16
192155,9,7,64,0,2018,12,13,6,3,0,7,0,1,0,0,0,0,0,0,5.87858E+20,5.31678E+21,1.01778E+16,4.79983E+16
192156,9,3,72,137,2018,12,17,7,3,1,2,2,0,1,0,0,0,0,1,7.81952E+20,5.45332E+21,1.28683E+16,4.91678E+16
192157,9,7,72,131,2018,12,9,6,2,0,7,0,1,0,0,0,0,0,1,6.18463E+20,5.35635E+21,1.05989E+16,4.83492E+16
192158,9,3,61,0,2018,12,18,7,3,6,4,2,0,1,1,0,0,0,1,7.07614E+20,5.48093E+21,1.18643E+16,4.94456E+16
192159,9,7,61,0,2018,12,17,6,3,5,3,2,0,1,0,0,0,0,0,6.39705E+20,5.36004E+21,1.08867E+16,4.8378E+16
192160,9,2,74,183,2018,12,11,7,3,6,4,0,0,1,1,0,0,0,1,7.40987E+20,5.36209E+21,1.22539E+16,4.83659E+16
192161,9,6,63,0,2018,12,9,6,3,1,7,0,0,1,0,0,0,0,0,5.65853E+20,5.51653E+21,9.91504E+15,4.97976E+16
192162,9,1,80,117,2018,12,16,7,3,5,3,1,0,1,0,0,0,0,1,6.56175E+20,5.26111E+21,1.10731E+16,4.74846E+16
192163,9,6,77,177,2018,12,9,6,3,6,7,0,0,1,1,0,0,0,0,5.46259E+20,5.54921E+21,9.64672E+15,5.00934E+16
192164,9,1,72,114,2018,12,13,7,3,0,7,0,1,0,0,0,0,0,1,7.90252E+20,5.29299E+21,1.28708E+16,4.77249E+16
192165,9,6,71,130,2018,12,13,6,3,0,7,0,0,1,0,0,0,1,0,5.16193E+20,5.53797E+21,9.22592E+15,4.99938E+16
192166,9,1,71,111,2018,12,17,7,3,5,3,2,0,1,0,0,0,0,1,7.7272E+20,5.34846E+21,1.26727E+16,4.82306E+16
192167,9,5,74,123,2018,12,12,6,3,2,6,0,0,1,0,0,0,0,0,6.62314E+20,5.48046E+21,1.12397E+16,4.94551E+16
192168,9,1,87,130,2018,12,13,7,3,2,2,0,1,1,0,0,0,0,0,7.15795E+20,5.30623E+21,1.18859E+16,4.78732E+16
192169,9,5,65,0,2018,12,12,6,3,5,3,0,0,1,0,1,0,0,0,6.49178E+20,5.4653E+21,1.10529E+16,4.93222E+16
192170,9,5,64,0,2018,12,11,6,3,0,1,0,0,1,0,0,0,0,0,6.54584E+20,5.4804E+21,1.11331E+16,4.94566E+16
192171,9,1,61,0,2018,12,23,7,3,1,5,2,0,1,0,0,0,0,1,6.79336E+20,5.40477E+21,1.14408E+16,4.87701E+16
192172,9,5,64,0,2018,12,21,6,3,5,2,2,0,1,0,0,0,0,1,6.46969E+20,5.48162E+21,1.10285E+16,4.94695E+16
192173,9,5,64,0,2018,12,11,6,2,5,3,0,0,1,0,0,0,0,0,6.52761E+20,5.47978E+21,1.11077E+16,4.94514E+16
192174,9,1,85,158,2018,12,10,7,3,5,3,0,0,1,0,0,0,0,1,6.67797E+20,5.37948E+21,1.12736E+16,4.8546E+16
192175,9,5,64,0,2018,12,11,6,3,3,2,0,0,1,0,0,0,1,0,6.49969E+20,5.47984E+21,1.10692E+16,4.94527E+16
192176,9,1,79,142,2018,12,13,7,3,2,6,0,1,1,0,0,0,0,0,6.73984E+20,5.34405E+21,1.13427E+16,4.82258E+16
192177,9,1,79,126,2018,12,18,7,3,5,3,2,1,1,0,0,0,0,1,6.76354E+20,5.34115E+21,1.13734E+16,4.8199E+16
192178,9,4,64,0,2018,12,13,6,2,6,4,0,0,1,1,0,0,0,0,7.08395E+20,5.57849E+21,1.19276E+16,5.03216E+16
192179,9,1,62,0,2018,12,17,6,3,0,1,1,1,0,0,0,0,0,0,6.88726E+20,5.33679E+21,1.15378E+16,4.81563E+16
192180,9,4,71,119,2018,12,13,6,3,6,7,0,0,1,1,0,0,0,1,6.35131E+20,5.53662E+21,1.08843E+16,4.99666E+16
192181,9,1,62,0,2018,12,17,6,3,5,3,2,1,1,0,0,0,0,1,6.96989E+20,5.3315E+21,1.16463E+16,4.81062E+16
192182,9,1,62,0,2018,12,10,6,3,5,2,0,0,1,0,0,0,0,1,6.87691E+20,5.33431E+21,1.15228E+16,4.81343E+16
192183,9,2,72,116,2018,12,22,6,2,8,1,2,0,0,0,0,1,0,2,8.14828E+20,5.42333E+21,1.32948E+16,4.88828E+16
192184,9,1,62,0,2018,12,11,6,3,2,6,0,0,1,0,0,0,0,1,6.92323E+20,5.33753E+21,1.15864E+16,4.81619E+16
192185,7,1,41,68,2018,1,7,4,3,6,4,2,0,1,1,0,0,0,1,4.26823E+20,5.56895E+21,7.97321E+15,5.02681E+16
192186,7,1,38,45,2018,1,7,4,3,5,3,2,1,1,0,0,0,0,1,3.88015E+20,5.58971E+21,7.42266E+15,5.04487E+16
192187,7,3,12,0,2018,1,14,3,2,2,6,0,0,1,0,1,0,0,0,4.10972E+20,5.47731E+21,7.7719E+15,4.94419E+16
192188,7,3,16,0,2018,1,19,3,3,5,3,2,0,1,0,0,0,1,0,4.38717E+20,5.46661E+21,8.15622E+15,4.93492E+16
192189,7,3,13,0,2018,1,17,3,3,4,6,2,1,0,1,0,0,0,0,4.35694E+20,5.45017E+21,8.11725E+15,4.9201E+16
192190,7,3,38,25,2018,1,15,3,3,5,2,0,0,1,0,1,0,0,0,4.55104E+20,5.47087E+21,8.38136E+15,4.93889E+16
192191,7,3,14,0,2018,1,16,3,3,4,6,0,1,0,0,0,0,0,0,4.58039E+20,5.48247E+21,8.42057E+15,4.94934E+16
192192,7,3,14,0,2018,1,11,3,3,5,2,0,1,1,0,0,0,0,0,4.56932E+20,5.48193E+21,8.40534E+15,4.94884E+16
192193,7,3,39,56,2018,1,16,3,3,1,7,1,0,1,1,0,0,0,0,4.27124E+20,5.52361E+21,7.98605E+15,4.98605E+16
192194,7,3,31,21,2018,1,8,3,3,2,7,0,0,1,0,0,1,0,0,4.30144E+20,5.5124E+21,8.03009E+15,4.976E+16
192195,7,3,19,0,2018,1,16,3,1,6,4,1,0,0,1,1,0,0,0,4.53684E+20,5.49821E+21,8.35858E+15,4.96347E+16
192196,7,3,39,39,2018,1,8,3,3,6,2,0,0,1,1,0,0,0,0,4.5262E+20,5.52982E+21,8.34E+15,4.99189E+16
192197,7,3,15,0,2018,1,14,3,3,6,4,0,0,1,1,0,0,0,0,4.47867E+20,5.53895E+21,8.27255E+15,5.00006E+16
192198,7,2,11,0,2018,1,13,3,2,6,2,0,0,1,1,0,0,0,0,3.30653E+20,5.51441E+21,6.64869E+15,4.97583E+16
192199,7,1,43,27,2018,1,15,3,3,6,4,0,0,1,1,0,0,0,0,4.18586E+20,5.5893E+21,7.85325E+15,5.04501E+16
192200,7,3,12,0,2018,1,9,2,3,1,5,0,0,1,0,0,0,1,0,4.1081E+20,5.47673E+21,7.76979E+15,4.94367E+16
192201,7,3,12,0,2018,1,16,2,3,5,3,1,0,1,0,0,0,0,0,4.12524E+20,5.47845E+21,7.79306E+15,4.94524E+16
192202,7,2,11,0,2018,1,17,2,3,4,3,2,1,1,0,0,0,0,0,3.30408E+20,5.51409E+21,6.64543E+15,4.97553E+16
192203,7,1,37,3,2018,1,9,2,3,6,4,0,0,1,1,0,0,0,0,3.86458E+20,5.58841E+21,7.40113E+15,5.04367E+16
192204,7,1,11,0,2018,1,15,2,3,1,7,0,0,1,1,0,0,0,0,4.0169E+20,5.57715E+21,7.6185E+15,5.03383E+16
192205,7,2,11,0,2018,1,13,3,3,5,3,0,0,1,0,1,0,0,0,3.28759E+20,5.51405E+21,6.62258E+15,4.97545E+16
192206,7,3,17,0,2018,1,16,7,2,7,4,1,0,1,1,0,0,0,1,3.98176E+20,5.45148E+21,7.60203E+15,4.92077E+16
192207,7,1,37,68,2018,1,15,3,3,2,6,0,0,1,0,0,0,0,0,3.74197E+20,5.57666E+21,7.23249E+15,5.03286E+16
192208,7,3,18,0,2018,1,15,7,3,2,6,0,0,1,0,0,0,0,0,4.57704E+20,5.46462E+21,8.41785E+15,4.93328E+16
192209,7,1,37,3,2018,1,14,3,3,6,4,0,0,1,1,0,0,0,0,3.86471E+20,5.58851E+21,7.40128E+15,5.04377E+16
192210,7,3,38,21,2018,1,13,7,3,1,6,0,0,1,0,0,0,0,0,4.61284E+20,5.46804E+21,8.46679E+15,4.93639E+16
192211,7,1,41,501,2018,1,6,3,3,2,1,1,0,1,1,0,0,0,0,4.03571E+20,5.56998E+21,7.64675E+15,5.02741E+16
192212,7,3,11,0,2018,1,12,7,3,5,3,0,1,1,0,0,0,0,0,4.53053E+20,5.4873E+21,8.35114E+15,4.95365E+16
192213,7,3,17,0,2018,1,20,2,3,6,2,2,0,1,1,0,0,0,1,3.98273E+20,5.44903E+21,7.60398E+15,4.91857E+16
192214,7,3,39,30,2018,1,18,7,3,4,5,2,0,1,0,1,0,0,1,4.32699E+20,5.53556E+21,8.06152E+15,4.99686E+16
192215,7,3,17,0,2018,1,18,2,2,6,2,2,0,1,1,0,0,0,1,4.00404E+20,5.44917E+21,7.63318E+15,4.91873E+16
192216,7,3,15,0,2018,1,11,7,3,1,5,0,1,1,0,0,0,0,1,4.47043E+20,5.53992E+21,8.26093E+15,5.00092E+16
192217,7,2,35,68,2018,1,11,7,3,4,2,0,1,1,0,0,0,0,1,3.24284E+20,5.50738E+21,6.56352E+15,4.96932E+16
192218,7,2,11,0,2018,1,19,7,3,2,7,2,0,1,0,1,0,0,1,3.30938E+20,5.51413E+21,6.65276E+15,4.97559E+16
192219,7,1,38,45,2018,1,12,7,3,5,3,0,0,1,0,1,0,0,0,3.90416E+20,5.58786E+21,7.45701E+15,5.04325E+16
192220,7,3,14,0,2018,1,13,2,3,5,3,0,0,1,0,0,0,0,1,4.56763E+20,5.47912E+21,8.40331E+15,4.94632E+16
192221,7,1,38,45,2018,1,11,7,3,1,6,0,0,1,0,0,0,0,1,3.91403E+20,5.58768E+21,7.47095E+15,5.04311E+16
192222,7,1,33,501,2018,1,10,2,3,5,3,0,0,1,0,0,0,0,0,4.03106E+20,5.51574E+21,7.65394E+15,4.97863E+16
192223,7,3,38,17,2018,1,16,6,3,6,4,0,0,1,1,0,0,0,1,4.55992E+20,5.47465E+21,8.39316E+15,4.9423E+16
192224,7,3,39,5,2018,1,12,2,3,6,6,0,0,1,1,0,0,0,1,4.25438E+20,5.53541E+21,7.96032E+15,4.99663E+16
192225,7,3,19,0,2018,1,3,6,2,4,6,2,0,1,0,0,1,0,1,4.52906E+20,5.50378E+21,8.34713E+15,4.96847E+16
192226,7,2,31,134,2018,1,14,2,3,1,1,0,0,1,0,0,0,0,1,3.52452E+20,5.53635E+21,6.94278E+15,4.99613E+16
192227,7,3,39,30,2018,1,16,6,3,1,5,1,0,1,0,1,0,0,1,4.32464E+20,5.53598E+21,8.05817E+15,4.99723E+16
192228,7,2,35,68,2018,1,13,2,3,1,6,0,0,1,0,0,0,0,1,3.25382E+20,5.5084E+21,6.57827E+15,4.97027E+16
192229,7,3,15,0,2018,1,15,6,3,0,2,0,0,0,0,0,0,1,1,4.47711E+20,5.53863E+21,8.27043E+15,4.99977E+16
192230,7,2,31,134,2018,1,23,6,3,9,1,2,1,0,0,0,0,0,0,3.48165E+20,5.5381E+21,6.88236E+15,4.99759E+16
192231,7,1,37,97,2018,1,21,2,3,6,7,2,0,0,0,0,0,1,1,3.71458E+20,5.57892E+21,7.19325E+15,5.03484E+16
192232,7,1,43,29,2018,1,17,6,3,1,7,2,0,1,0,0,0,0,1,4.10534E+20,5.60249E+21,7.73669E+15,5.05675E+16
192233,7,1,11,0,2018,1,12,2,3,2,2,0,0,1,0,1,0,0,0,3.97551E+20,5.58222E+21,7.55898E+15,5.03831E+16
192234,7,1,31,7,2018,1,23,6,3,1,5,2,0,1,0,0,0,0,1,3.64114E+20,5.5998E+21,7.08253E+15,5.05343E+16
192235,7,1,11,0,2018,1,10,2,2,8,7,0,0,1,0,0,0,0,1,4.0011E+20,5.57861E+21,7.59591E+15,5.03511E+16
192236,7,3,20,0,2018,1,18,5,3,4,6,2,1,1,0,0,0,0,1,3.79628E+20,5.45643E+21,7.346E+15,4.92488E+16
192237,7,3,32,2,2018,1,18,1,3,5,3,2,0,1,0,0,0,0,0,4.3962E+20,5.4792E+21,8.16675E+15,4.94624E+16
192238,7,3,12,0,2018,1,17,5,3,1,6,2,0,1,0,0,0,0,1,4.08159E+20,5.47763E+21,7.73304E+15,4.94444E+16
192239,7,3,34,30,2018,1,17,1,2,0,7,2,1,0,0,0,0,0,0,4.36954E+20,5.44144E+21,8.13591E+15,4.91226E+16
192240,7,3,31,3,2018,1,22,5,3,6,2,2,0,1,1,0,0,0,0,4.3595E+20,5.5107E+21,8.11097E+15,4.97454E+16
192241,7,3,37,501,2018,1,10,1,3,1,7,0,0,1,0,0,0,0,1,4.25131E+20,5.45052E+21,7.97221E+15,4.92029E+16
192242,7,3,39,30,2018,1,18,5,3,4,2,2,0,1,0,0,0,0,1,4.30042E+20,5.5366E+21,8.02429E+15,4.99776E+16
192243,7,3,13,0,2018,1,2,1,3,4,3,2,0,1,0,0,0,0,1,4.35829E+20,5.44996E+21,8.11914E+15,4.91991E+16
192244,7,3,15,0,2018,1,6,5,3,3,2,2,0,1,0,0,0,0,1,4.47105E+20,5.53748E+21,8.26213E+15,4.99873E+16
192245,7,2,31,134,2018,1,13,5,3,5,3,0,0,1,0,0,0,0,1,3.49804E+20,5.53858E+21,6.90502E+15,4.99807E+16
192246,7,1,32,44,2018,1,19,1,3,2,2,2,0,1,0,0,0,0,1,4.06703E+20,5.62492E+21,7.67695E+15,5.07685E+16
192247,7,3,34,13,2018,1,8,4,2,6,4,2,1,0,1,0,0,0,1,4.42217E+20,5.43725E+21,8.20863E+15,4.90854E+16
192248,7,3,35,205,2018,1,13,7,3,5,3,0,0,1,0,0,0,0,1,4.17835E+20,5.48515E+21,7.86492E+15,4.95134E+16
192249,7,3,32,24,2018,1,7,7,3,0,1,2,1,0,0,0,0,0,2,4.39489E+20,5.49103E+21,8.16311E+15,4.95689E+16
192250,7,3,15,0,2018,1,16,4,2,6,4,0,0,1,1,0,0,0,0,4.44786E+20,5.53537E+21,8.23008E+15,4.99681E+16
192251,7,2,32,18,2018,1,17,4,3,0,1,2,0,0,0,1,0,0,1,3.22513E+20,5.53658E+21,6.52562E+15,4.99551E+16
192252,7,3,11,0,2018,1,18,7,3,5,3,2,0,1,0,0,0,0,1,4.53938E+20,5.48764E+21,8.36333E+15,4.95396E+16
192253,7,3,14,0,2018,1,13,7,3,6,7,0,0,1,1,0,0,0,1,4.53054E+20,5.48181E+21,8.35181E+15,4.94871E+16
192254,7,1,37,3,2018,1,22,4,3,2,6,2,0,1,0,0,0,0,0,3.86436E+20,5.58824E+21,7.40088E+15,5.04351E+16
192255,7,3,14,0,2018,1,13,7,3,6,4,0,0,1,1,0,0,0,1,4.58192E+20,5.48164E+21,8.42277E+15,4.94859E+16
192256,7,3,16,0,2018,1,21,3,3,5,3,2,0,1,0,0,0,0,1,4.38717E+20,5.46661E+21,8.15622E+15,4.93492E+16
192257,7,1,34,5,2018,1,18,7,3,9,1,1,0,1,0,0,0,0,2,3.80104E+20,5.49702E+21,7.34026E+15,4.96139E+16
192258,7,3,13,0,2018,1,15,3,2,6,4,0,0,1,1,0,0,0,0,4.35564E+20,5.44972E+21,8.11554E+15,4.91969E+16
192259,7,1,38,73,2018,1,10,7,3,5,3,0,1,1,0,0,0,0,0,3.73923E+20,5.60732E+21,7.21832E+15,5.06041E+16
192260,7,3,38,25,2018,1,16,3,3,1,5,0,1,1,0,0,0,0,0,4.55353E+20,5.47015E+21,8.38486E+15,4.93824E+16
192261,7,1,32,501,2018,1,20,7,2,2,2,2,0,1,0,0,0,0,1,4.03735E+20,5.61579E+21,7.63725E+15,5.0686E+16
192262,7,3,38,25,2018,1,11,3,3,5,3,0,1,1,0,0,0,0,0,4.54965E+20,5.46925E+21,8.37962E+15,4.93743E+16
192263,7,1,38,45,2018,1,19,7,3,5,3,2,0,1,0,0,0,0,1,3.9357E+20,5.589E+21,7.50108E+15,5.04434E+16
192264,7,3,14,0,2018,1,21,3,2,6,4,2,0,1,1,0,0,0,1,4.56865E+20,5.48005E+21,8.40462E+15,4.94716E+16
192265,7,3,37,38,2018,1,17,6,2,4,1,0,0,1,0,0,0,0,0,4.4283E+20,5.44298E+21,8.21623E+15,4.9137E+16
192266,7,1,33,6,2018,1,20,3,3,5,3,2,0,1,0,0,0,0,1,4.18475E+20,5.52133E+21,7.86622E+15,4.98388E+16
192267,7,3,13,0,2018,1,0,6,3,0,1,2,0,0,0,1,0,0,1,4.34987E+20,5.4501E+21,8.10756E+15,4.92003E+16
192268,7,3,15,0,2018,1,14,6,3,6,2,0,0,1,1,0,0,0,1,4.45679E+20,5.53711E+21,8.24229E+15,4.99838E+16
192269,7,3,19,0,2018,1,19,3,3,1,5,1,0,1,0,0,0,1,0,4.54683E+20,5.49785E+21,8.37245E+15,4.96315E+16
192270,7,3,36,55,2018,1,7,5,3,6,4,1,0,1,1,0,0,0,1,3.85107E+20,5.48836E+21,7.41201E+15,4.9537E+16
192271,7,1,38,45,2018,1,17,3,3,6,4,2,0,1,1,0,0,0,0,3.93007E+20,5.5908E+21,7.49264E+15,5.04594E+16
192272,7,3,36,55,2018,1,5,5,3,1,5,2,0,1,0,0,0,0,1,3.85304E+20,5.48825E+21,7.41477E+15,4.9536E+16
192273,7,1,38,45,2018,1,11,3,3,4,2,0,0,1,0,0,0,0,0,3.91195E+20,5.58754E+21,7.46807E+15,5.04298E+16
192274,7,3,39,49,2018,1,10,5,3,6,7,0,0,1,1,0,0,0,1,4.53766E+20,5.52238E+21,8.35685E+15,4.98521E+16
192275,7,1,11,0,2018,1,19,3,3,5,3,2,1,1,0,0,0,0,1,3.99397E+20,5.57799E+21,7.58606E+15,5.03454E+16