OBJECTID_1,ULAND,UREGBEZ,UKREIS,UGEMEINDE,UJAHR,UMONAT,USTUNDE,UWOCHENTAG,UKATEGORIE,UART,UTYP1,ULICHTVERH,IstRad,IstPKW,IstFuss,IstKrad,IstGkfz,IstSonstig,STRZUSTAND,LINREFX,LINREFY,XGCSWGS84,YGCSWGS84
192463,7,3,12,0,2018,2,14,3,3,2,2,0,0,1,0,0,0,0,0,4.10907E+20,5.47745E+21,7.77097E+15,4.94431E+16
192464,7,1,41,75,2018,2,8,5,3,5,3,0,1,0,0,0,0,1,0,4.00278E+20,5.57504E+21,7.59922E+15,5.0319E+16
192465,7,3,19,0,2018,2,18,3,2,3,2,2,1,1,0,0,0,0,0,4.54098E+20,5.49771E+21,8.36437E+15,4.96302E+16
192466,7,3,32,2,2018,1,18,4,3,2,6,2,0,1,0,0,0,0,1,4.40841E+20,5.48082E+21,8.18335E+15,4.94771E+16
192467,7,1,11,0,2018,2,14,3,3,2,6,0,0,1,0,0,0,0,0,4.00705E+20,5.5815E+21,7.60352E+15,5.03772E+16
192468,7,3,18,0,2018,1,19,4,3,5,3,2,0,1,0,1,0,0,1,4.58666E+20,5.46377E+21,8.43117E+15,4.93252E+16
192469,7,1,11,0,2018,2,9,3,3,5,3,0,1,1,0,0,0,0,0,4.00604E+20,5.5796E+21,7.60259E+15,5.03601E+16
192470,7,3,14,0,2018,1,17,4,3,6,4,1,0,1,1,0,0,0,0,4.55955E+20,5.4876E+21,8.39122E+15,4.95394E+16
192471,7,1,43,81,2018,2,15,3,2,4,7,0,0,1,0,0,1,0,0,4.13319E+20,5.58954E+21,7.77901E+15,5.04515E+16
192472,7,3,39,30,2018,1,19,4,3,5,3,2,0,1,0,0,0,0,1,4.31793E+20,5.53618E+21,8.04878E+15,4.99741E+16
192473,7,3,11,0,2018,2,16,2,3,4,2,0,1,1,0,0,0,0,0,4.53291E+20,5.48748E+21,8.35441E+15,4.95381E+16
192474,7,3,39,30,2018,1,9,4,3,0,1,0,1,0,0,0,0,0,0,4.30987E+20,5.53629E+21,8.03752E+15,4.99749E+16
192475,7,3,33,1,2018,2,8,2,3,5,2,0,0,1,0,0,0,0,0,4.34728E+20,5.50007E+21,8.09578E+15,4.96496E+16
192476,7,3,39,30,2018,1,7,4,3,5,3,1,0,1,0,1,0,0,1,4.31788E+20,5.53617E+21,8.04871E+15,4.99739E+16
192477,7,1,43,308,2018,2,7,2,3,6,4,1,0,1,1,0,0,0,1,4.27302E+20,5.60115E+21,7.97368E+15,5.05577E+16
192478,7,3,15,0,2018,1,17,4,3,0,7,2,1,0,0,0,0,0,1,4.45305E+20,5.54083E+21,8.23654E+15,5.00173E+16
192479,7,1,37,3,2018,2,7,2,3,4,1,1,0,1,0,0,0,0,1,3.87081E+20,5.58636E+21,7.41051E+15,5.04184E+16
192480,7,1,43,206,2018,1,16,4,3,5,3,1,0,1,0,0,0,0,1,4.25744E+20,5.61143E+21,7.94963E+15,5.065E+16
192481,7,3,19,0,2018,2,3,1,3,8,1,2,0,1,0,0,0,0,1,4.5356E+20,5.49798E+21,8.3569E+15,4.96326E+16
192482,7,1,31,7,2018,1,22,4,3,3,6,2,1,1,0,0,0,0,1,3.66747E+20,5.60087E+21,7.11928E+15,5.05445E+16
192483,7,1,41,66,2018,2,20,1,3,0,5,2,0,1,0,0,0,0,0,4.01381E+20,5.56482E+21,7.61738E+15,5.02274E+16
192484,7,1,11,0,2018,1,19,4,3,5,3,2,0,1,0,0,0,0,1,3.99458E+20,5.57901E+21,7.58665E+15,5.03546E+16
192485,7,3,38,25,2018,2,14,7,3,5,2,0,0,1,0,0,0,0,1,4.54006E+20,5.46934E+21,8.3664E+15,4.9375E+16
192486,7,1,38,45,2018,2,18,7,3,5,3,2,0,1,0,0,0,0,0,3.89655E+20,5.58948E+21,7.44583E+15,5.04469E+16
192487,7,3,34,7,2018,2,13,6,3,6,7,0,1,0,1,0,0,0,0,4.53505E+20,5.45197E+21,8.36152E+15,4.92188E+16
192488,7,3,12,0,2018,1,18,3,3,2,6,2,0,1,0,0,0,0,0,4.08923E+20,5.47736E+21,7.74363E+15,4.9442E+16
192489,7,3,37,20,2018,2,13,6,3,5,3,0,0,1,0,1,0,0,0,4.36949E+20,5.45925E+21,8.13304E+15,4.92828E+16
192490,7,3,12,0,2018,1,1,3,2,5,2,2,0,1,0,0,0,0,1,4.10884E+20,5.47781E+21,7.77057E+15,4.94464E+16
192491,7,3,32,24,2018,1,9,3,3,6,4,0,0,1,1,0,0,0,0,4.39672E+20,5.49033E+21,8.16576E+15,4.95625E+16
192492,7,3,38,19,2018,2,17,6,3,6,4,1,0,1,1,0,0,0,0,4.53386E+20,5.47746E+21,8.35691E+15,4.9448E+16
192493,7,3,13,0,2018,1,21,3,3,3,6,2,1,1,0,0,0,0,0,4.35627E+20,5.44952E+21,8.11644E+15,4.91951E+16
192494,7,3,38,16,2018,2,19,6,3,4,6,2,0,1,0,0,0,0,0,4.48333E+20,5.48455E+21,8.28628E+15,4.95114E+16
192495,7,3,38,26,2018,1,15,3,2,5,3,0,1,1,0,0,0,0,0,4.59014E+20,5.47122E+21,8.43519E+15,4.93923E+16
192496,7,3,14,0,2018,2,18,6,3,0,7,2,1,0,0,0,0,0,0,4.57906E+20,5.48281E+21,8.41869E+15,4.94965E+16
192497,7,3,14,0,2018,1,8,3,3,5,3,0,1,1,0,0,0,0,0,4.60123E+20,5.48135E+21,8.44945E+15,4.94834E+16
192498,7,3,14,0,2018,2,7,6,3,1,5,0,1,1,0,0,0,0,1,4.5847E+20,5.47851E+21,8.42694E+15,4.94578E+16
192499,7,1,33,6,2018,1,12,3,3,1,6,0,0,1,0,0,0,0,0,4.17594E+20,5.52239E+21,7.85375E+15,4.98482E+16
192500,7,3,19,0,2018,2,9,6,3,5,3,0,1,1,0,0,0,0,1,4.54153E+20,5.49819E+21,8.36508E+15,4.96345E+16
192501,7,3,39,30,2018,1,7,3,3,2,2,0,0,1,0,0,0,0,0,4.3291E+20,5.53635E+21,8.06434E+15,4.99757E+16
192502,7,2,32,123,2018,2,11,6,2,5,1,0,0,1,0,0,0,1,0,3.30557E+20,5.53395E+21,6.63882E+15,4.99338E+16
192503,7,1,43,48,2018,1,10,3,3,6,4,0,0,1,1,0,0,0,0,4.16237E+20,5.58814E+21,7.82042E+15,5.04393E+16
192504,7,1,32,501,2018,2,13,6,3,6,4,0,0,1,1,0,0,0,0,4.04668E+20,5.61619E+21,7.65036E+15,5.06897E+16
192505,7,3,12,0,2018,1,16,2,2,6,4,0,0,1,1,0,0,0,1,4.08354E+20,5.47779E+21,7.73568E+15,4.94458E+16
192506,7,1,38,45,2018,2,12,6,3,5,3,0,0,1,0,0,0,0,0,3.90565E+20,5.58721E+21,7.45929E+15,5.04267E+16
192507,7,3,16,0,2018,1,16,2,3,1,2,0,0,1,0,1,0,0,0,4.38877E+20,5.4656E+21,8.15859E+15,4.93401E+16
192508,7,3,32,34,2018,2,22,5,3,8,1,2,0,1,0,0,0,0,1,4.34511E+20,5.47017E+21,8.09773E+15,4.93807E+16
192509,7,3,13,0,2018,1,7,2,2,5,3,2,1,1,0,0,0,0,1,4.35302E+20,5.45046E+21,8.11182E+15,4.92035E+16
192510,7,3,34,7,2018,2,12,5,3,7,7,0,1,0,0,0,0,1,0,4.5425E+20,5.4518E+21,8.37177E+15,4.92172E+16
192511,7,3,38,19,2018,1,11,2,3,5,3,0,0,1,0,0,0,0,0,4.52634E+20,5.47688E+21,8.34661E+15,4.94427E+16
192512,7,3,38,16,2018,2,8,5,3,8,1,0,0,1,0,0,0,0,2,4.48916E+20,5.48467E+21,8.29431E+15,4.95125E+16
192513,7,3,38,4,2018,1,16,2,3,5,3,0,1,1,0,0,0,0,0,4.54393E+20,5.49105E+21,8.36923E+15,4.95703E+16
192514,7,3,19,0,2018,2,17,5,3,8,1,0,0,1,0,0,0,0,1,4.53394E+20,5.49824E+21,8.35456E+15,4.96349E+16
192515,7,3,11,0,2018,1,11,2,3,6,7,0,0,1,1,0,0,0,0,4.52674E+20,5.48848E+21,8.34577E+15,4.9547E+16
192516,7,1,34,45,2018,2,9,5,3,6,4,0,0,1,1,0,0,0,1,3.79026E+20,5.50663E+21,7.32238E+15,4.97E+16
192517,7,1,32,6,2018,1,15,2,3,6,4,0,0,1,1,0,0,0,1,4.20623E+20,5.6276E+21,7.87373E+15,5.07947E+16
192518,7,1,43,62,2018,2,22,5,3,8,1,2,0,1,0,0,1,0,1,4.11682E+20,5.59217E+21,7.75534E+15,5.04749E+16
192519,7,3,14,0,2018,1,0,1,3,5,3,2,0,1,0,0,0,0,1,4.5978E+20,5.48093E+21,8.44477E+15,4.94797E+16
192520,7,1,43,48,2018,2,11,5,3,6,7,0,0,1,1,0,0,0,2,4.16102E+20,5.588E+21,7.81855E+15,5.0438E+16
192521,7,1,33,6,2018,1,20,1,3,5,3,2,0,1,0,0,0,0,0,4.19955E+20,5.52225E+21,7.8866E+15,4.98474E+16
192522,7,1,38,45,2018,2,10,5,3,2,6,0,0,1,0,0,0,0,2,3.9194E+20,5.58759E+21,7.47853E+15,5.04304E+16
192523,7,3,39,43,2018,1,16,1,3,4,6,0,0,1,0,0,0,0,0,4.51912E+20,5.52352E+21,8.33092E+15,4.98622E+16
192524,7,1,37,68,2018,2,7,5,3,4,6,0,0,1,0,0,0,0,2,3.73024E+20,5.57712E+21,7.21586E+15,5.03325E+16
192525,7,3,15,0,2018,1,0,1,2,1,5,2,1,1,0,0,0,0,0,4.47246E+20,5.53921E+21,8.26385E+15,5.00029E+16
192526,7,1,37,216,2018,2,13,5,3,6,4,0,0,1,1,0,0,0,1,3.93149E+20,5.58333E+21,7.49676E+15,5.03923E+16
192527,7,1,11,0,2018,1,18,1,3,6,4,2,0,1,1,0,0,0,0,4.00714E+20,5.58089E+21,7.60381E+15,5.03717E+16
192528,7,3,12,0,2018,2,18,4,3,3,2,2,0,1,0,0,0,0,0,4.09659E+20,5.47746E+21,7.75375E+15,4.94431E+16
192529,7,3,12,0,2018,2,16,4,3,5,3,0,1,1,0,0,0,0,0,4.09732E+20,5.47673E+21,7.75493E+15,4.94365E+16
192530,7,3,19,0,2018,1,17,7,2,0,1,0,1,0,0,0,0,0,1,4.55471E+20,5.49602E+21,8.38357E+15,4.96151E+16
192531,7,3,12,0,2018,2,15,4,3,4,3,0,0,1,0,1,0,0,0,4.1172E+20,5.47764E+21,7.78213E+15,4.9445E+16
192532,7,3,15,0,2018,1,9,7,2,6,2,0,0,1,1,0,0,0,1,4.46344E+20,5.53762E+21,8.25149E+15,4.99885E+16
192533,7,3,32,25,2018,2,8,4,3,1,5,0,1,1,0,0,0,0,0,4.45106E+20,5.46837E+21,8.24395E+15,4.93655E+16
192534,7,2,35,69,2018,1,13,7,3,5,2,0,1,1,0,0,0,0,0,3.29855E+20,5.5236E+21,6.6336E+15,4.98406E+16
192535,7,3,32,25,2018,2,6,4,2,5,3,1,1,1,0,0,0,0,0,4.46463E+20,5.46751E+21,8.26274E+15,4.93579E+16
192536,7,1,37,216,2018,1,17,7,3,5,7,2,0,1,0,0,0,0,0,3.95898E+20,5.58352E+21,7.53537E+15,5.03945E+16
192537,7,3,32,24,2018,2,16,4,3,8,7,0,0,1,0,0,0,0,0,4.39587E+20,5.49055E+21,8.16455E+15,4.95646E+16
192538,7,1,11,0,2018,1,12,7,3,5,7,0,0,1,0,0,0,0,1,3.9588E+20,5.57824E+21,7.53658E+15,5.0347E+16
192539,7,3,16,0,2018,2,11,4,2,0,5,0,0,1,0,0,0,1,0,4.3882E+20,5.46761E+21,8.15749E+15,4.93582E+16
192540,7,3,32,25,2018,1,11,6,3,5,3,0,1,1,0,0,0,0,1,4.45333E+20,5.46836E+21,8.24707E+15,4.93655E+16
192541,7,3,13,0,2018,2,5,4,3,5,3,2,0,1,0,0,0,0,0,4.35844E+20,5.44988E+21,8.11936E+15,4.91984E+16
192542,7,3,13,0,2018,1,19,6,3,0,3,2,0,1,0,1,0,0,1,4.36838E+20,5.44875E+21,8.13318E+15,4.91883E+16
192543,7,3,39,5,2018,2,11,4,3,1,6,0,0,1,0,0,0,0,0,4.20539E+20,5.53545E+21,7.89201E+15,4.99661E+16
192544,7,1,43,229,2018,1,10,6,3,6,4,0,0,1,1,0,0,0,0,4.17806E+20,5.61287E+21,7.83706E+15,5.06619E+16
192545,7,3,39,5,2018,2,9,4,3,4,6,0,0,1,0,0,0,0,0,4.23477E+20,5.53097E+21,7.93386E+15,4.99262E+16
192546,7,3,19,0,2018,2,14,4,3,5,3,0,1,1,0,0,0,0,0,4.54011E+20,5.4976E+21,8.36318E+15,4.96292E+16
192547,7,1,38,73,2018,1,18,6,3,6,4,2,0,1,1,0,0,0,0,3.73925E+20,5.60622E+21,7.21872E+15,5.05943E+16
192548,7,3,15,0,2018,2,14,4,3,0,7,0,0,1,0,0,0,0,0,4.48169E+20,5.53827E+21,8.27686E+15,4.99945E+16
192549,7,3,17,0,2018,1,11,5,2,6,4,0,0,1,1,0,0,0,0,3.98992E+20,5.452E+21,7.61309E+15,4.92124E+16
192550,7,3,17,0,2018,1,7,5,3,6,4,1,0,1,1,0,0,0,1,3.98548E+20,5.45093E+21,7.60727E+15,4.92028E+16
192551,7,1,11,0,2018,2,6,4,3,5,3,2,1,1,0,0,0,0,1,4.00289E+20,5.57979E+21,7.59811E+15,5.03618E+16
192552,7,3,32,25,2018,1,13,5,3,6,4,0,1,0,1,0,0,0,0,4.46399E+20,5.46889E+21,8.26168E+15,4.93704E+16
192553,7,3,20,0,2018,2,18,3,2,1,5,2,0,0,0,1,0,1,0,3.82238E+20,5.45717E+21,7.38163E+15,4.9256E+16
192554,7,3,14,0,2018,2,13,3,3,5,3,0,1,1,0,0,0,0,0,4.58751E+20,5.48257E+21,8.43039E+15,4.94944E+16
192555,7,3,16,0,2018,1,7,5,3,6,4,2,0,1,1,0,0,0,1,4.38226E+20,5.46638E+21,8.1495E+15,4.9347E+16
192556,7,3,14,0,2018,2,9,3,3,5,3,0,0,1,0,0,0,0,0,4.60362E+20,5.48032E+21,8.45286E+15,4.94742E+16
192557,7,3,34,8,2018,1,15,5,3,1,5,0,1,1,0,0,0,0,0,4.45289E+20,5.43031E+21,8.25164E+15,4.90232E+16
192558,7,2,32,19,2018,2,11,3,2,8,1,0,0,1,0,0,0,1,0,3.10346E+20,5.52574E+21,6.36151E+15,4.9854E+16
192559,7,2,11,0,2018,2,12,3,3,5,1,0,1,0,0,0,0,1,0,3.2595E+20,5.50974E+21,6.58553E+15,4.9715E+16
192560,7,3,38,26,2018,1,16,5,3,0,7,1,1,0,0,0,0,0,0,4.59029E+20,5.47153E+21,8.43537E+15,4.9395E+16
192561,7,1,38,63,2018,2,13,3,3,1,7,0,0,1,0,0,0,0,0,3.81868E+20,5.59572E+21,7.33422E+15,5.05015E+16
192562,7,3,38,1,2018,1,0,5,3,8,1,2,0,1,0,0,0,0,0,4.62802E+20,5.4756E+21,8.48698E+15,4.94319E+16
192563,7,1,32,117,2018,2,23,3,3,6,4,2,0,1,1,0,0,0,0,4.11022E+20,5.62651E+21,7.7378E+15,5.07835E+16
192564,7,3,15,0,2018,1,13,5,2,5,3,0,1,1,0,0,0,0,1,4.47172E+20,5.53965E+21,8.26276E+15,5.00068E+16
192565,7,3,17,0,2018,2,17,2,2,6,4,0,0,1,1,0,0,0,0,3.98055E+20,5.45071E+21,7.60057E+15,4.92007E+16
192566,7,2,35,125,2018,1,7,5,3,6,4,1,0,1,1,0,0,0,1,3.37765E+20,5.52114E+21,6.74455E+15,4.98207E+16
192567,7,3,12,0,2018,2,10,2,2,5,2,0,1,1,0,0,0,0,1,4.09206E+20,5.4774E+21,7.74752E+15,4.94425E+16
192568,7,1,43,81,2018,1,12,5,3,2,2,0,0,1,0,0,0,0,1,4.14241E+20,5.59219E+21,7.7914E+15,5.04754E+16
192569,7,3,12,0,2018,2,9,2,3,5,3,0,0,1,0,0,0,0,2,4.09587E+20,5.47656E+21,7.75297E+15,4.9435E+16
192570,7,1,37,68,2018,1,7,5,3,5,2,2,1,1,0,0,0,0,1,3.76412E+20,5.57713E+21,7.26344E+15,5.03333E+16
192571,7,1,37,203,2018,1,7,5,3,2,6,0,0,1,0,0,0,0,1,3.98137E+20,5.5865E+21,7.56606E+15,5.04217E+16
192572,7,3,12,0,2018,2,9,2,3,6,1,0,0,1,1,0,0,0,2,4.10599E+20,5.47757E+21,7.7667E+15,4.94442E+16
192573,7,3,20,0,2018,1,18,4,3,2,6,2,0,1,0,0,0,0,1,3.80083E+20,5.45629E+21,7.35228E+15,4.92476E+16
192574,7,3,33,26,2018,2,13,2,3,5,3,0,0,1,0,0,0,0,1,4.31317E+20,5.49372E+21,8.04965E+15,4.95922E+16
192575,7,3,35,22,2018,1,7,4,3,2,6,1,0,1,0,0,0,0,1,3.9614E+20,5.47424E+21,7.56816E+15,4.9412E+16
192576,7,3,19,0,2018,2,13,2,3,5,2,0,0,1,0,1,0,0,1,4.54361E+20,5.49764E+21,8.36802E+15,4.96296E+16
192577,7,3,34,12,2018,1,7,4,3,6,5,0,0,1,1,0,0,0,0,4.46573E+20,5.43753E+21,8.26825E+15,4.90883E+16
192578,7,3,19,0,2018,2,11,2,3,6,7,0,0,1,1,0,0,0,0,4.53159E+20,5.49922E+21,8.35118E+15,4.96437E+16
192579,7,3,34,28,2018,1,12,4,2,9,1,0,0,1,0,0,0,0,0,4.51735E+20,5.45722E+21,8.33659E+15,4.92658E+16
192580,7,1,43,229,2018,2,18,2,3,1,1,2,0,1,0,0,0,0,2,4.16947E+20,5.61293E+21,7.82489E+15,5.06623E+16
192581,7,3,37,5,2018,1,14,4,3,6,7,0,0,1,1,0,0,0,0,4.27407E+20,5.43957E+21,8.00542E+15,4.91047E+16
192582,7,1,37,25,2018,2,16,2,2,0,1,0,0,0,0,1,0,0,2,3.73391E+20,5.57975E+21,7.22013E+15,5.03562E+16
192583,7,3,11,0,2018,1,18,4,3,2,5,2,0,1,0,0,0,0,1,4.53041E+20,5.48723E+21,8.35099E+15,4.95359E+16
192584,7,1,11,0,2018,2,16,2,2,1,5,0,0,1,0,1,0,0,0,3.98726E+20,5.5789E+21,7.57639E+15,5.03535E+16
192585,7,3,19,0,2018,1,12,4,2,0,1,0,0,0,0,1,0,0,1,4.56446E+20,5.49524E+21,8.39715E+15,4.96082E+16
192586,7,3,34,7,2018,2,19,1,3,1,5,2,0,1,0,0,0,0,0,4.54078E+20,5.45185E+21,8.3694E+15,4.92177E+16
192587,7,3,15,0,2018,1,15,4,3,0,3,0,0,1,0,0,0,1,0,4.46504E+20,5.54005E+21,8.25338E+15,5.00104E+16
192588,7,3,12,0,2018,2,18,7,3,2,2,2,0,1,0,0,0,0,0,4.09541E+20,5.4773E+21,7.75217E+15,4.94416E+16
192589,7,3,32,25,2018,2,2,7,3,1,1,2,1,1,0,0,0,0,0,4.46102E+20,5.46687E+21,8.25786E+15,4.93522E+16
192590,7,1,41,83,2018,1,6,4,3,2,1,2,0,1,0,0,0,0,0,4.04675E+20,5.56249E+21,7.66413E+15,5.02069E+16
192591,7,3,38,10,2018,2,21,7,2,9,1,2,0,1,0,1,0,0,0,4.52457E+20,5.46308E+21,8.34582E+15,4.93186E+16
192592,7,1,38,45,2018,1,21,4,3,5,3,2,0,1,0,0,0,0,0,3.94812E+20,5.59099E+21,7.518E+15,5.04615E+16
192593,7,3,39,5,2018,2,17,7,2,0,7,0,0,0,0,0,0,1,0,4.23984E+20,5.53412E+21,7.94031E+15,4.99546E+16
192594,7,1,41,75,2018,1,10,4,3,6,5,0,0,1,1,0,0,0,0,4.00546E+20,5.57336E+21,7.60342E+15,5.0304E+16
192595,7,3,39,6,2018,2,11,7,3,2,6,0,0,1,0,0,0,0,0,4.51057E+20,5.53073E+21,8.31811E+15,4.99269E+16
192596,7,1,37,226,2018,1,8,4,3,2,7,0,0,1,0,0,0,0,1,4.02093E+20,5.58275E+21,7.6227E+15,5.03887E+16
192597,7,2,33,41,2018,2,23,7,3,0,7,2,0,0,0,0,0,1,1,3.28913E+20,5.57615E+21,6.59701E+15,5.03126E+16
192598,7,3,17,0,2018,1,7,3,3,6,4,2,0,1,1,0,0,0,1,3.98958E+20,5.45199E+21,7.61263E+15,4.92124E+16
192599,7,1,41,75,2018,2,13,7,3,3,6,0,0,1,0,1,0,0,0,4.00667E+20,5.57412E+21,7.60493E+15,5.03108E+16
192600,7,3,12,0,2018,1,7,3,3,6,4,0,0,1,1,0,0,0,0,4.08326E+20,5.47761E+21,7.73534E+15,4.94442E+16
192601,7,3,18,0,2018,2,7,6,3,2,6,0,0,1,0,0,0,0,0,4.58606E+20,5.46181E+21,8.43054E+15,4.93076E+16
192602,7,3,32,25,2018,1,16,3,3,4,6,0,0,1,0,0,0,0,0,4.46631E+20,5.46872E+21,8.2649E+15,4.93688E+16
192603,7,1,32,18,2018,2,6,6,2,6,6,2,0,1,1,0,0,0,1,4.27002E+20,5.6214E+21,7.96546E+15,5.07398E+16
192604,7,1,11,0,2018,2,16,6,3,5,3,0,0,1,0,0,0,0,0,3.99957E+20,5.57986E+21,7.59344E+15,5.03623E+16
192605,7,3,34,7,2018,1,20,3,3,5,3,2,1,1,0,0,0,0,0,4.54061E+20,5.4518E+21,8.36917E+15,4.92173E+16
192606,7,1,11,0,2018,2,0,6,2,8,6,2,1,0,0,0,0,0,1,3.99366E+20,5.57997E+21,7.5851E+15,5.03632E+16
192607,7,3,32,2,2018,2,11,5,3,0,1,0,1,0,0,0,0,0,0,4.39464E+20,5.47908E+21,8.16461E+15,4.94613E+16
192608,7,3,13,0,2018,1,19,3,2,6,4,2,0,1,1,0,0,0,0,4.35269E+20,5.45007E+21,8.11144E+15,4.92E+16
192609,7,3,18,0,2018,2,19,5,3,6,7,2,0,1,1,0,0,0,0,4.59435E+20,5.46138E+21,8.442E+15,4.93038E+16
192610,7,3,38,10,2018,1,15,3,3,5,3,0,0,1,0,0,0,1,0,4.52681E+20,5.46291E+21,8.34891E+15,4.93171E+16
192611,7,3,19,0,2018,1,17,3,3,4,5,2,0,1,0,1,0,0,0,4.47631E+20,5.49829E+21,8.27475E+15,4.96349E+16
192612,7,3,31,3,2018,2,7,5,3,1,5,0,0,1,0,0,0,0,0,4.3667E+20,5.51014E+21,8.12105E+15,4.97404E+16
192613,7,3,15,0,2018,1,17,3,3,0,1,2,1,0,0,0,0,0,0,4.48305E+20,5.53594E+21,8.27907E+15,4.99736E+16
192614,7,1,38,45,2018,2,20,5,3,2,6,2,1,0,0,0,0,0,0,3.91507E+20,5.58817E+21,7.47227E+15,5.04355E+16
192615,7,3,39,42,2018,1,11,3,3,5,3,0,0,1,0,0,0,0,1,4.42643E+20,5.52823E+21,8.20126E+15,4.99037E+16
192616,7,2,31,134,2018,1,15,3,3,4,1,0,0,1,0,0,0,0,0,3.50351E+20,5.53969E+21,6.91221E+15,4.99907E+16
192617,7,3,12,0,2018,3,21,6,2,5,3,2,0,1,0,0,0,0,0,4.12234E+20,5.47823E+21,7.78909E+15,4.94504E+16
192618,7,3,13,0,2018,3,13,3,3,1,2,0,0,1,0,0,0,0,0,4.35313E+20,5.45016E+21,8.11202E+15,4.92008E+16
192619,7,3,18,0,2018,3,18,6,3,1,7,2,0,1,0,0,0,0,1,4.59181E+20,5.46296E+21,8.43834E+15,4.9318E+16
192620,7,1,32,117,2018,3,19,5,3,3,6,2,0,1,0,1,0,0,1,4.10936E+20,5.62633E+21,7.73662E+15,5.07818E+16
192621,7,3,38,4,2018,3,7,6,3,5,3,0,0,1,0,0,0,0,1,4.53664E+20,5.49249E+21,8.35897E+15,4.95832E+16
192622,7,3,14,0,2018,3,8,6,2,1,6,1,0,1,0,0,0,0,1,4.58884E+20,5.48152E+21,8.43233E+15,4.94849E+16
192623,7,1,33,6,2018,3,16,6,3,5,3,0,0,1,0,0,0,0,0,4.18586E+20,5.52074E+21,7.86789E+15,4.98335E+16
192624,7,1,37,3,2018,4,3,1,2,8,1,2,0,1,0,0,0,0,0,3.84315E+20,5.5901E+21,7.37045E+15,5.04515E+16
192625,7,3,31,54,2018,3,11,6,3,5,3,0,0,1,0,0,0,0,0,4.44662E+20,5.49532E+21,8.23406E+15,4.96079E+16
192626,7,1,38,3,2018,3,20,2,3,8,1,0,0,1,0,0,0,0,0,3.88585E+20,5.6138E+21,7.42347E+15,5.06654E+16
192627,7,2,35,68,2018,3,19,6,3,5,3,1,0,1,0,0,0,0,0,3.25416E+20,5.50843E+21,6.57872E+15,4.97031E+16
192628,7,1,32,36,2018,3,16,6,3,7,7,0,0,1,0,0,0,0,1,4.26583E+20,5.61885E+21,7.96003E+15,5.07168E+16
192629,7,1,31,7,2018,3,18,6,3,2,6,2,0,1,0,0,0,0,1,3.67063E+20,5.60092E+21,7.12372E+15,5.05451E+16
192630,7,1,11,0,2018,3,13,6,2,6,3,0,0,1,1,0,0,0,1,4.00287E+20,5.5809E+21,7.5978E+15,5.03717E+16
192631,7,1,41,29,2018,3,14,4,3,6,6,0,0,0,1,0,0,1,0,4.29546E+20,5.58031E+21,8.00928E+15,5.03706E+16
192632,7,2,11,0,2018,2,13,3,3,1,7,0,0,1,0,0,0,0,0,3.29761E+20,5.51342E+21,6.63675E+15,4.97492E+16
192633,7,1,41,75,2018,3,16,4,3,6,4,0,0,1,1,0,0,0,0,4.00896E+20,5.57349E+21,7.60831E+15,5.03052E+16
192634,7,2,31,134,2018,2,7,3,3,1,6,0,0,1,0,0,0,0,0,3.49011E+20,5.53937E+21,6.89365E+15,4.99875E+16
192635,7,2,11,0,2018,3,19,7,3,5,3,0,1,1,0,0,0,0,0,3.3152E+20,5.5156E+21,6.6602E+15,4.97692E+16
192636,7,1,31,70,2018,2,16,4,3,6,6,0,0,1,1,0,0,0,0,3.75612E+20,5.60414E+21,7.24324E+15,5.05759E+16
192637,7,2,35,104,2018,3,15,7,2,0,1,0,0,0,0,1,0,0,0,3.10021E+20,5.49372E+21,6.37257E+15,4.95662E+16
192638,7,1,33,6,2018,3,7,5,2,6,4,0,0,1,1,0,0,0,0,4.17575E+20,5.52238E+21,7.85348E+15,4.98482E+16
192639,7,1,33,6,2018,3,7,5,3,3,5,0,0,1,0,0,0,0,0,4.19516E+20,5.52182E+21,7.8806E+15,4.98434E+16
192640,7,3,15,0,2018,3,1,5,3,0,7,2,0,1,0,0,0,0,0,4.45784E+20,5.53944E+21,8.24343E+15,5.00048E+16
192641,7,1,41,126,2018,3,16,5,3,5,3,0,0,1,0,0,0,0,0,4.28353E+20,5.57296E+21,7.99391E+15,5.03044E+16
192642,7,3,32,24,2018,3,15,4,3,0,7,0,0,1,0,1,0,0,1,4.39379E+20,5.49101E+21,8.1616E+15,4.95686E+16
192643,7,1,32,50,2018,3,14,5,3,0,3,0,1,1,0,0,0,0,0,4.26676E+20,5.62609E+21,7.95991E+15,5.07819E+16
192644,7,3,37,20,2018,3,11,4,3,6,6,0,0,1,1,0,0,0,0,4.36565E+20,5.45884E+21,8.12784E+15,4.9279E+16
192645,7,1,40,144,2018,3,14,6,2,6,4,0,0,1,1,0,0,0,0,3.94654E+20,5.53816E+21,7.53045E+15,4.99864E+16
192646,7,3,18,0,2018,3,18,4,2,5,3,2,1,1,0,0,0,0,0,4.59031E+20,5.46353E+21,8.43621E+15,4.93231E+16
192647,7,2,11,0,2018,3,7,6,3,5,3,0,1,1,0,0,0,0,1,3.29693E+20,5.51401E+21,6.63555E+15,4.97544E+16
192648,7,3,12,0,2018,2,11,2,3,6,2,0,0,1,1,0,0,0,0,4.10053E+20,5.47682E+21,7.75933E+15,4.94374E+16
192649,7,3,14,0,2018,3,15,4,3,5,3,0,0,1,0,0,0,0,0,4.58751E+20,5.48257E+21,8.43039E+15,4.94944E+16
192650,7,3,14,0,2018,3,18,4,3,4,2,0,0,1,0,0,0,0,0,4.60387E+20,5.47993E+21,8.45325E+15,4.94708E+16