OBJECTID_1,ULAND,UREGBEZ,UKREIS,UGEMEINDE,UJAHR,UMONAT,USTUNDE,UWOCHENTAG,UKATEGORIE,UART,UTYP1,ULICHTVERH,IstRad,IstPKW,IstFuss,IstKrad,IstGkfz,IstSonstig,STRZUSTAND,LINREFX,LINREFY,XGCSWGS84,YGCSWGS84
192651,7,3,33,40,2018,3,20,4,2,6,4,2,0,1,1,0,0,0,0,4.21667E+20,5.50688E+21,7.91351E+15,4.97093E+16
192652,7,1,38,45,2018,3,16,4,3,5,7,0,1,1,0,0,0,0,1,3.91476E+20,5.58731E+21,7.47209E+15,5.04278E+16
192653,7,3,19,0,2018,3,16,4,2,4,2,0,0,1,0,1,0,0,0,4.52698E+20,5.50075E+21,8.34462E+15,4.96574E+16
192654,7,2,11,0,2018,3,17,5,3,5,7,0,1,1,0,0,0,0,1,3.28756E+20,5.51405E+21,6.62254E+15,4.97545E+16
192655,7,3,19,0,2018,3,16,4,2,5,3,0,0,1,0,0,0,1,0,4.53134E+20,5.49764E+21,8.35103E+15,4.96295E+16
192656,7,1,11,0,2018,2,11,3,3,6,4,0,0,1,1,0,0,0,0,3.99834E+20,5.57911E+21,7.5919E+15,5.03556E+16
192657,7,3,37,62,2018,3,10,5,2,0,5,0,0,1,1,0,0,0,0,4.27902E+20,5.43982E+21,8.01215E+15,4.9107E+16
192658,7,3,15,0,2018,3,8,4,2,6,4,0,0,1,1,0,0,0,0,4.47654E+20,5.53942E+21,8.26952E+15,5.00048E+16
192659,7,2,33,501,2018,3,11,4,2,6,2,0,0,1,1,0,0,0,0,3.45299E+20,5.56248E+21,6.83255E+15,5.01943E+16
192660,7,2,11,0,2018,4,9,3,3,2,7,0,0,1,0,1,0,0,0,3.30335E+20,5.51515E+21,6.64395E+15,4.97648E+16
192661,7,2,32,123,2018,3,12,4,3,7,7,0,0,0,0,1,0,1,0,3.31065E+20,5.53423E+21,6.64576E+15,4.99366E+16
192662,7,3,40,30,2018,3,16,3,3,2,6,0,0,1,0,0,0,0,0,4.19239E+20,5.44818E+21,7.8918E+15,4.91811E+16
192663,7,2,31,124,2018,3,10,3,2,8,1,0,0,1,0,0,0,0,0,3.63505E+20,5.53662E+21,7.09669E+15,4.99663E+16
192664,7,2,11,0,2018,3,15,4,2,4,6,0,0,1,0,0,0,0,0,3.30851E+20,5.51136E+21,6.65276E+15,4.97309E+16
192665,7,1,43,206,2018,3,13,4,3,5,2,0,0,1,0,0,0,0,0,4.25992E+20,5.61117E+21,7.95319E+15,5.06477E+16
192666,7,1,38,45,2018,3,11,4,2,5,3,0,1,1,0,0,0,0,0,3.91729E+20,5.58832E+21,7.47536E+15,5.04369E+16
192667,7,1,11,0,2018,3,17,4,2,5,3,0,1,1,0,0,0,0,0,3.97804E+20,5.57864E+21,7.5635E+15,5.0351E+16
192668,7,3,12,0,2018,3,16,3,3,2,6,0,0,1,0,0,0,0,0,4.0703E+20,5.47742E+21,7.71752E+15,4.94423E+16
192669,7,3,39,32,2018,2,16,3,3,1,5,0,0,1,0,0,0,1,0,4.43997E+20,5.53341E+21,8.21937E+15,4.99504E+16
192670,7,3,14,0,2018,3,16,7,2,1,5,0,0,1,0,0,0,0,0,4.5576E+20,5.48806E+21,8.38847E+15,4.95435E+16
192671,7,3,14,0,2018,2,15,2,3,1,1,0,1,1,0,0,0,0,0,4.60424E+20,5.48046E+21,8.45369E+15,4.94755E+16
192672,7,3,14,0,2018,3,5,4,3,5,2,2,1,1,0,0,0,0,0,4.58086E+20,5.47934E+21,8.42154E+15,4.94653E+16
192673,7,3,38,17,2018,2,14,2,3,5,3,0,1,1,0,0,0,0,0,4.5575E+20,5.47432E+21,8.38987E+15,4.94199E+16
192674,7,3,18,0,2018,4,11,1,3,7,1,0,1,0,0,0,0,0,0,4.58506E+20,5.46243E+21,8.4291E+15,4.93132E+16
192675,7,3,38,1,2018,2,14,2,2,0,5,0,1,0,0,0,0,1,0,4.6338E+20,5.47547E+21,8.49496E+15,4.94308E+16
192676,7,3,34,7,2018,3,11,2,3,6,4,0,0,0,1,0,0,1,0,4.5413E+20,5.45184E+21,8.37011E+15,4.92176E+16
192677,7,1,11,0,2018,3,13,4,2,6,4,0,0,1,1,0,0,0,0,3.99661E+20,5.57891E+21,7.58953E+15,5.03537E+16
192678,7,3,35,22,2018,3,16,3,3,5,3,0,0,1,0,0,0,0,0,3.9472E+20,5.47429E+21,7.54857E+15,4.94122E+16
192679,7,1,37,68,2018,3,9,4,2,6,4,0,0,1,1,0,0,0,0,3.73912E+20,5.57666E+21,7.22849E+15,5.03286E+16
192680,7,3,12,0,2018,3,16,3,3,0,3,0,1,1,0,0,0,0,1,4.11414E+20,5.47763E+21,7.77792E+15,4.94449E+16
192681,7,1,33,52,2018,3,15,3,3,6,7,0,0,1,0,0,0,1,1,3.89273E+20,5.5159E+21,7.46179E+15,4.97853E+16
192682,7,3,34,7,2018,3,17,6,3,0,1,0,1,0,0,0,0,0,0,4.53659E+20,5.45151E+21,8.36369E+15,4.92147E+16
192683,7,1,33,6,2018,3,16,3,3,1,5,0,0,1,0,1,0,0,1,4.18448E+20,5.52137E+21,7.86584E+15,4.98392E+16
192684,7,1,37,212,2018,3,11,7,3,9,1,0,0,1,0,0,0,0,0,3.90381E+20,5.57418E+21,7.4605E+15,5.03095E+16
192685,7,2,35,141,2018,2,7,3,3,9,1,1,0,1,1,0,0,0,2,3.3751E+20,5.51317E+21,6.74433E+15,4.9749E+16
192686,7,3,31,71,2018,3,11,3,3,1,7,0,0,1,0,0,0,0,0,4.4564E+20,5.50602E+21,8.2461E+15,4.97043E+16
192687,7,3,16,0,2018,3,16,7,3,6,6,0,0,1,1,0,0,0,0,4.38435E+20,5.46964E+21,8.15187E+15,4.93764E+16
192688,7,1,34,45,2018,3,20,3,3,2,6,2,0,1,0,0,0,0,1,3.79975E+20,5.50688E+21,7.33545E+15,4.97025E+16
192689,7,2,11,0,2018,3,18,3,3,0,1,2,1,0,0,0,0,0,1,3.30798E+20,5.51556E+21,6.6502E+15,4.97687E+16
192690,7,3,12,0,2018,3,14,2,3,5,3,0,0,1,0,0,0,0,1,4.09728E+20,5.47742E+21,7.75471E+15,4.94427E+16
192691,7,3,34,501,2018,3,22,2,3,8,1,2,0,1,0,0,0,0,1,4.47131E+20,5.43223E+21,8.27659E+15,4.90407E+16
192692,7,1,33,6,2018,3,8,5,3,2,4,0,0,1,1,0,0,0,0,4.19832E+20,5.52239E+21,7.88488E+15,4.98486E+16
192693,7,3,14,0,2018,3,6,2,3,6,4,2,0,1,1,0,0,0,1,4.5641E+20,5.48594E+21,8.39769E+15,4.95245E+16
192694,7,1,43,81,2018,3,11,6,3,0,7,0,0,1,0,0,0,0,1,4.14183E+20,5.59198E+21,7.79062E+15,5.04735E+16
192695,7,3,14,0,2018,3,7,2,3,6,4,0,0,1,1,0,0,0,1,4.6012E+20,5.48016E+21,8.44954E+15,4.94727E+16
192696,7,1,37,225,2018,3,18,3,3,7,1,0,0,1,0,0,0,0,0,3.94532E+20,5.58553E+21,7.51559E+15,5.04123E+16
192697,7,3,35,22,2018,3,8,4,3,0,7,0,0,1,0,0,1,0,0,3.97409E+20,5.47448E+21,7.5856E+15,4.94144E+16
192698,7,1,33,6,2018,3,15,2,3,5,2,0,0,1,0,1,0,0,0,4.19694E+20,5.52214E+21,7.88301E+15,4.98463E+16
192699,7,3,19,0,2018,3,21,2,2,5,3,2,1,1,0,0,0,0,0,4.5409E+20,5.4985E+21,8.36417E+15,4.96373E+16
192700,7,1,37,88,2018,3,19,2,2,5,3,2,0,1,0,0,0,0,1,3.85521E+20,5.5835E+21,7.38944E+15,5.03924E+16
192701,7,3,20,0,2018,3,1,3,3,9,1,2,0,1,0,0,0,0,0,3.80881E+20,5.45523E+21,7.36356E+15,4.92383E+16
192702,7,1,11,0,2018,3,12,2,3,5,5,0,1,1,0,0,0,1,0,3.98732E+20,5.58216E+21,7.5756E+15,5.03828E+16
192703,7,3,34,2,2018,3,3,1,3,8,1,2,0,1,0,0,0,0,0,4.41824E+20,5.42603E+21,8.20487E+15,4.89844E+16
192704,7,3,33,19,2018,3,18,4,3,8,1,0,1,0,0,1,0,0,0,4.3288E+20,5.48991E+21,8.07192E+15,4.95581E+16
192705,7,3,31,3,2018,3,18,1,2,6,4,2,0,1,1,0,0,0,0,4.35627E+20,5.5108E+21,8.10646E+15,4.97462E+16
192706,7,3,14,0,2018,3,11,5,3,9,5,0,0,1,0,0,0,0,1,4.56631E+20,5.48045E+21,8.40134E+15,4.94751E+16
192707,7,2,33,501,2018,3,20,1,3,6,7,2,0,1,1,0,0,0,0,3.45838E+20,5.56377E+21,6.83957E+15,5.0206E+16
192708,7,3,16,0,2018,3,7,2,3,6,4,0,0,1,1,0,0,0,0,4.36886E+20,5.46676E+21,8.13099E+15,4.93503E+16
192709,7,1,31,7,2018,3,19,1,2,6,2,2,0,1,1,0,0,0,0,3.68213E+20,5.60068E+21,7.14002E+15,5.05432E+16
192710,7,1,11,0,2018,3,17,1,2,8,1,0,1,0,0,0,0,0,0,3.99932E+20,5.58006E+21,7.59303E+15,5.03641E+16
192711,7,1,41,75,2018,4,16,3,3,2,6,0,0,1,0,0,0,1,0,4.00569E+20,5.57528E+21,7.60324E+15,5.03212E+16
192712,7,1,11,0,2018,3,15,1,3,4,7,0,0,1,0,0,0,0,0,3.99189E+20,5.57667E+21,7.58349E+15,5.03335E+16
192713,7,1,38,45,2018,3,17,3,3,5,3,0,0,1,0,0,0,0,0,3.93061E+20,5.59192E+21,7.49308E+15,5.04695E+16
192714,7,3,17,0,2018,3,10,2,2,2,2,0,0,1,0,1,0,0,0,3.97777E+20,5.44978E+21,7.59699E+15,4.91923E+16
192715,7,3,12,0,2018,3,9,7,3,0,7,0,0,1,0,0,0,0,0,4.09774E+20,5.47731E+21,7.75538E+15,4.94417E+16
192716,7,3,13,0,2018,3,16,2,3,5,3,0,0,1,0,1,0,0,0,4.35546E+20,5.45035E+21,8.11519E+15,4.92026E+16
192717,7,3,16,0,2018,3,10,7,3,5,3,0,0,1,0,0,0,1,1,4.39555E+20,5.46505E+21,8.168E+15,4.93352E+16
192718,7,3,13,0,2018,3,14,7,2,0,6,0,0,1,0,1,0,0,0,4.35561E+20,5.45049E+21,8.11537E+15,4.92038E+16
192719,7,1,43,67,2018,3,13,5,3,5,2,0,0,1,0,0,0,0,1,4.11984E+20,5.59911E+21,7.75796E+15,5.05373E+16
192720,7,3,19,0,2018,3,20,7,3,8,1,2,0,1,0,0,0,0,1,4.54075E+20,5.49819E+21,8.364E+15,4.96345E+16
192721,7,3,13,0,2018,3,9,2,2,4,2,0,0,1,0,0,0,0,1,4.34873E+20,5.44955E+21,8.10609E+15,4.91953E+16
192722,7,3,15,0,2018,3,3,7,3,6,6,2,0,1,1,0,0,0,1,4.4289E+20,5.53439E+21,8.20379E+15,4.99591E+16
192723,7,2,11,0,2018,3,18,7,3,0,1,0,1,0,0,0,0,0,0,3.29696E+20,5.51448E+21,6.63538E+15,4.97586E+16
192724,7,2,32,69,2018,4,21,1,2,9,7,2,0,1,0,0,0,0,1,3.07277E+20,5.53089E+21,6.31628E+15,4.98993E+16
192725,7,1,38,3,2018,3,16,7,3,5,3,0,0,1,0,0,0,0,0,3.88507E+20,5.6142E+21,7.42226E+15,5.0669E+16
192726,7,2,11,0,2018,3,11,2,3,0,7,0,1,0,0,0,0,0,0,3.29367E+20,5.51277E+21,6.63157E+15,4.97432E+16
192727,7,3,12,0,2018,3,10,6,3,6,4,0,0,1,1,0,0,0,0,4.09868E+20,5.47738E+21,7.75665E+15,4.94424E+16
192728,7,3,11,0,2018,3,19,2,3,5,3,2,0,1,0,0,0,0,0,4.54024E+20,5.48684E+21,8.36461E+15,4.95324E+16
192729,7,3,12,0,2018,3,23,6,3,0,7,2,0,1,1,0,0,0,1,4.10944E+20,5.47731E+21,7.77151E+15,4.94419E+16
192730,7,3,14,0,2018,3,15,2,3,6,7,0,0,1,1,0,0,0,0,4.5895E+20,5.48193E+21,8.43321E+15,4.94886E+16
192731,7,3,18,0,2018,3,13,6,2,6,4,0,0,1,1,0,0,0,1,4.57523E+20,5.46316E+21,8.41551E+15,4.93197E+16
192732,7,3,38,17,2018,3,15,6,3,4,2,0,1,0,0,0,0,0,1,4.5635E+20,5.47488E+21,8.39808E+15,4.94251E+16
192733,7,1,41,54,2018,3,14,6,3,6,4,0,0,0,1,1,0,0,0,4.23819E+20,5.57007E+21,7.93084E+15,5.02778E+16
192734,7,3,11,0,2018,3,14,6,3,4,3,0,0,1,0,0,0,0,1,4.54983E+20,5.48762E+21,8.37778E+15,4.95395E+16
192735,7,3,14,0,2018,3,16,6,3,5,3,0,1,1,0,0,0,0,0,4.59063E+20,5.48176E+21,8.43478E+15,4.94871E+16
192736,7,1,33,18,2018,3,17,6,3,9,1,0,0,1,0,0,0,0,1,4.20255E+20,5.52531E+21,7.89015E+15,4.98749E+16
192737,7,2,35,207,2018,3,17,7,3,5,3,0,0,0,0,1,0,1,0,3.48839E+20,5.52106E+21,6.89841E+15,4.98229E+16
192738,7,1,33,6,2018,3,12,6,3,6,6,0,0,1,1,0,0,0,1,4.17643E+20,5.52164E+21,7.85459E+15,4.98415E+16
192739,7,3,39,30,2018,3,15,7,3,2,6,0,0,1,0,0,0,0,0,4.32138E+20,5.5371E+21,8.05343E+15,4.99824E+16
192740,7,3,33,39,2018,3,15,6,3,6,5,0,0,1,1,0,0,0,0,4.28857E+20,5.50187E+21,8.01414E+15,4.96652E+16
192741,7,3,14,0,2018,3,17,2,3,6,4,0,0,1,1,0,0,0,0,4.5993E+20,5.48031E+21,8.4469E+15,4.94741E+16
192742,7,3,15,0,2018,3,18,6,2,3,6,2,0,1,0,1,0,0,1,4.44098E+20,5.53777E+21,8.22014E+15,4.99897E+16
192743,7,3,15,0,2018,3,19,6,3,6,4,2,0,1,1,0,0,0,1,4.48247E+20,5.53821E+21,8.27796E+15,4.9994E+16
192744,7,3,15,0,2018,3,14,6,3,5,3,0,1,1,0,0,0,0,1,4.47526E+20,5.53926E+21,8.26775E+15,5.00034E+16
192745,7,2,11,0,2018,3,22,5,2,0,1,2,0,1,0,1,0,0,1,3.30123E+20,5.51397E+21,6.64152E+15,4.97542E+16
192746,7,2,32,18,2018,3,9,6,3,1,6,0,0,1,0,0,0,0,0,3.22415E+20,5.53835E+21,6.52344E+15,4.99711E+16
192747,7,1,11,0,2018,3,22,6,3,6,4,2,0,1,1,0,0,0,0,4.00094E+20,5.57953E+21,7.59546E+15,5.03593E+16
192748,7,2,31,502,2018,3,15,6,3,6,7,0,0,1,1,0,0,0,0,3.64983E+20,5.51959E+21,7.12324E+15,4.98135E+16
192749,7,2,35,68,2018,3,18,6,2,4,6,2,0,1,0,0,0,0,0,3.25255E+20,5.50824E+21,6.57657E+15,4.97013E+16
192750,7,3,14,0,2018,2,15,3,3,6,4,0,0,1,1,0,0,0,0,4.59935E+20,5.48035E+21,8.44696E+15,4.94745E+16
192751,7,3,15,0,2018,3,15,2,3,1,5,0,0,1,0,0,0,0,0,4.44691E+20,5.54134E+21,8.2279E+15,5.00218E+16
192752,7,2,11,0,2018,3,22,6,3,1,5,2,0,1,0,1,0,0,1,3.30996E+20,5.51421E+21,6.65353E+15,4.97566E+16
192753,7,2,11,0,2018,3,10,6,3,5,3,0,0,1,0,0,0,0,1,3.32724E+20,5.51339E+21,6.67785E+15,4.97497E+16
192754,7,1,43,206,2018,3,4,6,3,9,1,2,0,1,0,0,0,0,2,4.24344E+20,5.6114E+21,7.92985E+15,5.06496E+16
192755,7,1,38,31,2018,3,19,4,3,5,3,1,0,1,0,0,0,0,1,3.99847E+20,5.5925E+21,7.58851E+15,5.04759E+16
192756,7,1,32,117,2018,3,13,6,3,6,4,0,0,1,1,0,0,0,0,4.1068E+20,5.62605E+21,7.73306E+15,5.07793E+16
192757,7,2,32,18,2018,3,16,5,3,1,6,0,0,1,0,0,0,0,1,3.22248E+20,5.5377E+21,6.52142E+15,4.99651E+16
192758,7,1,31,7,2018,3,18,6,3,6,4,2,0,1,1,0,0,0,0,3.67917E+20,5.601E+21,7.13573E+15,5.0546E+16
192759,7,3,15,0,2018,3,11,2,3,6,2,0,0,1,1,0,0,0,0,4.48094E+20,5.53836E+21,8.2758E+15,4.99953E+16
192760,7,1,37,501,2018,3,7,6,3,6,4,1,0,1,1,0,0,0,1,3.82897E+20,5.56743E+21,7.35753E+15,5.02474E+16
192761,7,3,17,0,2018,3,18,5,3,2,6,1,0,1,0,0,0,1,0,3.98684E+20,5.45024E+21,7.60931E+15,4.91966E+16
192762,7,3,39,39,2018,4,16,2,3,6,6,0,0,1,1,0,0,0,0,4.52637E+20,5.53016E+21,8.34019E+15,4.99219E+16
192763,7,3,16,0,2018,3,13,5,3,0,1,0,1,0,0,0,0,0,0,4.38752E+20,5.4676E+21,8.15656E+15,4.9358E+16
192764,7,1,43,48,2018,3,18,2,2,0,1,0,1,0,0,0,0,0,0,4.16554E+20,5.58763E+21,7.825E+15,5.04347E+16
192765,7,3,11,0,2018,3,14,5,3,5,3,0,1,1,0,0,0,0,0,4.53995E+20,5.48571E+21,8.36434E+15,4.95223E+16
192766,7,3,15,0,2018,4,15,3,3,3,6,0,1,0,0,0,0,1,0,4.47793E+20,5.53902E+21,8.27151E+15,5.00012E+16
192767,7,1,43,10,2018,3,13,5,3,6,7,0,0,0,1,0,0,1,0,4.13751E+20,5.58962E+21,7.78507E+15,5.04523E+16
192768,7,1,33,6,2018,3,16,3,3,6,7,0,0,1,1,0,0,0,0,4.18474E+20,5.52144E+21,7.86619E+15,4.98399E+16
192769,7,1,38,45,2018,3,15,5,3,2,6,0,0,1,0,0,0,0,1,3.90651E+20,5.58794E+21,7.46029E+15,5.04333E+16
192770,7,1,31,77,2018,3,13,2,3,4,6,0,0,1,0,0,0,0,0,3.76505E+20,5.60112E+21,7.25684E+15,5.05489E+16
192771,7,1,37,226,2018,3,20,5,3,5,3,2,0,1,0,0,0,0,1,4.01729E+20,5.58422E+21,7.6172E+15,5.04018E+16
192772,7,1,31,7,2018,3,15,5,3,1,6,0,0,1,0,0,0,0,1,3.68555E+20,5.60107E+21,7.14471E+15,5.05468E+16
192773,7,1,40,82,2018,3,20,2,2,1,5,2,0,1,0,0,1,0,1,3.76426E+20,5.53242E+21,7.27813E+15,4.99314E+16
192774,7,3,35,38,2018,3,17,4,3,5,2,0,0,1,0,0,0,0,1,3.95295E+20,5.47656E+21,7.5559E+15,4.94327E+16
192775,7,3,19,0,2018,3,14,4,3,1,6,0,0,1,0,0,0,0,0,4.54298E+20,5.49817E+21,8.36709E+15,4.96344E+16
192776,7,3,38,19,2018,3,17,4,3,1,5,0,0,1,0,0,1,0,0,4.53471E+20,5.47663E+21,8.35817E+15,4.94406E+16
192777,7,3,13,0,2018,3,9,7,2,6,7,0,0,1,1,0,0,0,0,4.36683E+20,5.44908E+21,8.131E+15,4.91913E+16
192778,7,3,14,0,2018,3,18,4,3,5,3,0,0,1,0,1,0,0,0,4.59742E+20,5.48122E+21,8.44421E+15,4.94822E+16
192779,7,1,11,0,2018,3,18,2,3,1,6,0,0,1,0,0,0,0,0,4.00618E+20,5.58209E+21,7.60213E+15,5.03825E+16
192780,7,1,33,6,2018,3,16,4,3,5,3,0,1,1,0,0,0,0,0,4.19986E+20,5.52227E+21,7.88704E+15,4.98475E+16
192781,7,3,12,0,2018,3,18,1,3,2,6,1,0,1,0,0,0,0,1,4.1188E+20,5.47758E+21,7.78436E+15,4.94445E+16
192782,7,3,16,0,2018,3,9,2,2,5,3,0,1,1,0,0,0,0,0,4.39555E+20,5.46505E+21,8.168E+15,4.93352E+16
192783,7,3,35,22,2018,3,7,3,3,2,6,0,0,1,0,0,0,0,0,3.97082E+20,5.47444E+21,7.58109E+15,4.94139E+16
192784,7,3,32,2,2018,3,15,1,2,6,7,0,0,1,1,0,0,0,1,4.39621E+20,5.47884E+21,8.16681E+15,4.94592E+16
192785,7,3,12,0,2018,3,9,3,3,6,4,0,0,1,1,0,0,0,0,4.09069E+20,5.47553E+21,7.74606E+15,4.94257E+16
192786,7,1,33,6,2018,3,6,1,3,0,1,2,0,0,0,1,0,0,2,4.19909E+20,5.52297E+21,7.88581E+15,4.98538E+16
192787,7,3,13,0,2018,3,12,3,3,6,4,0,0,1,1,0,0,0,0,4.37213E+20,5.44958E+21,8.1382E+15,4.91958E+16
192788,7,3,38,18,2018,3,14,3,3,0,7,0,0,1,0,0,0,0,0,4.49197E+20,5.48116E+21,8.29865E+15,4.9481E+16
192789,7,1,38,45,2018,3,10,7,3,0,7,0,0,1,0,0,0,0,0,3.9268E+20,5.58859E+21,7.48866E+15,5.04395E+16
192790,7,3,39,5,2018,3,12,3,3,5,3,0,0,1,0,0,1,0,0,4.22553E+20,5.5302E+21,7.92115E+15,4.99192E+16
192791,7,3,33,502,2018,3,13,4,3,6,4,0,0,1,1,0,0,0,0,4.14675E+20,5.49733E+21,7.81863E+15,4.96225E+16
192792,7,1,43,206,2018,3,17,7,2,6,4,0,0,1,1,0,0,0,0,4.25384E+20,5.61107E+21,7.94461E+15,5.06467E+16
192793,7,3,17,0,2018,2,7,2,3,6,7,0,0,1,1,0,0,0,0,3.98364E+20,5.44964E+21,7.60507E+15,4.91911E+16
192794,7,1,32,50,2018,3,17,1,3,5,3,0,0,1,0,1,0,0,0,4.2577E+20,5.62549E+21,7.94718E+15,5.07765E+16
192795,7,3,31,25,2018,3,13,3,3,6,6,0,0,0,1,0,0,1,0,4.30723E+20,5.51524E+21,8.03761E+15,4.97856E+16
192796,7,3,14,0,2018,3,15,7,3,1,5,0,1,1,0,0,0,0,0,4.60122E+20,5.48037E+21,8.44954E+15,4.94746E+16
192797,7,3,39,30,2018,3,8,3,3,3,6,1,1,0,0,0,0,1,0,4.33127E+20,5.53645E+21,8.06734E+15,4.99766E+16
192798,7,3,15,0,2018,3,14,3,3,4,6,0,1,1,0,0,0,0,0,4.4635E+20,5.53873E+21,8.25142E+15,4.99985E+16
192799,7,2,35,125,2018,3,9,3,3,4,2,0,0,1,0,0,0,0,0,3.376E+20,5.52217E+21,6.74183E+15,4.98299E+16
192800,7,3,14,0,2018,3,11,7,3,6,7,0,0,1,1,0,0,0,0,4.58599E+20,5.47902E+21,8.42866E+15,4.94624E+16
192801,7,1,32,501,2018,3,10,3,3,7,1,0,1,1,0,0,0,0,0,4.03361E+20,5.61534E+21,7.63208E+15,5.06819E+16
192802,7,1,37,3,2018,3,16,3,3,2,6,0,0,1,0,0,0,0,0,3.86672E+20,5.58729E+21,7.40449E+15,5.04267E+16
192803,7,3,34,1,2018,3,18,5,2,6,7,0,0,1,1,0,0,0,0,4.49232E+20,5.44955E+21,8.30315E+15,4.91967E+16
192804,7,1,11,0,2018,3,16,3,3,0,6,0,0,1,0,1,0,0,0,4.0131E+20,5.57607E+21,7.61344E+15,5.03285E+16
192805,7,1,41,6,2018,3,12,6,3,6,4,0,0,1,1,0,0,0,0,4.07939E+20,5.57627E+21,7.7065E+15,5.03313E+16
192806,7,1,11,0,2018,3,16,3,3,4,2,0,1,1,0,0,0,0,0,3.99928E+20,5.57976E+21,7.59305E+15,5.03614E+16
192807,7,3,15,0,2018,3,5,7,3,6,4,2,0,1,1,0,0,0,0,4.47792E+20,5.53902E+21,8.27149E+15,5.00012E+16
192808,7,3,40,14,2018,3,15,2,2,0,1,0,1,0,0,0,0,0,0,4.16185E+20,5.45022E+21,7.84948E+15,4.9199E+16
192809,7,3,14,0,2018,3,15,2,2,6,4,0,0,1,1,0,0,0,0,4.58262E+20,5.48219E+21,8.42367E+15,4.94909E+16
192810,7,3,14,0,2018,3,10,2,3,5,3,0,1,1,0,0,0,0,0,4.59534E+20,5.48137E+21,8.44131E+15,4.94837E+16
192811,7,1,11,0,2018,3,12,4,3,6,4,0,1,0,1,0,0,0,0,4.00192E+20,5.57949E+21,7.59683E+15,5.0359E+16
192812,7,3,39,21,2018,3,14,2,2,0,7,0,0,0,0,0,0,1,0,4.228E+20,5.52829E+21,7.92497E+15,4.9902E+16
192813,7,2,11,0,2018,3,11,5,3,0,7,0,0,1,0,1,0,0,1,3.28756E+20,5.51403E+21,6.62254E+15,4.97543E+16
192814,7,3,11,0,2018,3,7,4,3,3,6,0,0,1,0,0,0,0,0,4.52011E+20,5.48755E+21,8.33672E+15,4.95387E+16
192815,7,2,11,0,2018,3,11,2,3,6,4,0,0,1,1,0,0,0,0,3.28693E+20,5.51376E+21,6.62179E+15,4.97519E+16
192816,7,3,14,0,2018,3,20,5,3,2,6,2,0,1,0,0,0,0,0,4.59905E+20,5.48102E+21,8.44647E+15,4.94805E+16
192817,7,1,41,75,2018,3,13,2,3,6,4,0,0,0,1,0,0,1,0,4.01776E+20,5.57393E+21,7.62054E+15,5.03093E+16
192818,7,1,43,229,2018,3,12,7,3,6,4,0,0,1,1,0,0,0,0,4.16753E+20,5.61286E+21,7.82216E+15,5.06616E+16
192819,7,3,35,38,2018,3,17,1,3,4,2,0,0,1,0,0,0,0,0,3.95293E+20,5.47656E+21,7.55589E+15,4.94327E+16
192820,7,1,37,68,2018,4,12,3,3,2,6,0,0,1,0,0,0,0,0,3.74115E+20,5.5768E+21,7.23129E+15,5.03298E+16
192821,7,3,12,0,2018,3,16,1,3,0,1,0,0,0,0,1,0,0,0,4.09456E+20,5.47738E+21,7.75097E+15,4.94424E+16
192822,7,1,31,77,2018,3,10,3,3,6,2,0,0,1,1,0,0,0,1,3.76267E+20,5.60093E+21,7.25355E+15,5.05472E+16
192823,7,1,31,7,2018,3,18,3,3,5,3,0,1,0,0,0,0,0,1,3.68327E+20,5.60089E+21,7.14156E+15,5.05451E+16
192824,7,3,11,0,2018,3,16,1,3,5,3,0,1,1,0,0,0,0,0,4.53555E+20,5.48839E+21,8.35796E+15,4.95463E+16
192825,7,1,37,216,2018,3,13,7,3,2,6,0,0,1,0,0,0,0,0,3.95352E+20,5.5836E+21,7.52767E+15,5.03952E+16
192826,7,1,43,308,2018,3,11,1,3,6,6,0,0,1,1,0,0,0,1,4.26969E+20,5.60224E+21,7.96877E+15,5.05675E+16
192827,7,3,12,0,2018,3,23,6,3,1,5,2,0,1,0,0,0,0,1,4.08456E+20,5.47728E+21,7.73721E+15,4.94413E+16
192828,7,1,43,62,2018,3,14,1,3,5,3,0,0,1,0,0,0,0,1,4.10221E+20,5.59131E+21,7.73497E+15,5.04669E+16
192829,7,1,31,7,2018,3,0,1,3,0,1,2,1,0,0,0,0,0,1,3.64791E+20,5.60033E+21,7.09188E+15,5.05393E+16
192830,7,1,37,216,2018,3,11,1,3,6,7,0,0,1,1,0,0,0,0,3.95898E+20,5.58352E+21,7.53537E+15,5.03945E+16
192831,7,3,18,0,2018,3,7,7,3,2,6,0,0,1,0,0,0,0,2,4.58659E+20,5.46304E+21,8.43115E+15,4.93187E+16
192832,7,3,11,0,2018,3,13,7,3,6,7,0,0,1,1,0,0,0,0,4.53035E+20,5.4872E+21,8.3509E+15,4.95356E+16
192833,7,3,14,0,2018,4,17,1,3,6,6,0,1,0,1,0,0,0,0,4.59496E+20,5.48175E+21,8.44076E+15,4.9487E+16
192834,7,1,33,6,2018,3,17,7,3,6,7,0,0,1,1,0,0,0,0,4.19371E+20,5.52216E+21,7.87851E+15,4.98464E+16
192835,7,3,18,0,2018,3,19,2,2,5,3,1,0,1,0,0,0,0,0,4.57957E+20,5.46415E+21,8.42137E+15,4.93286E+16
192836,7,1,37,89,2018,3,18,7,3,5,3,2,0,1,0,0,0,0,1,3.8097E+20,5.57374E+21,7.32854E+15,5.03037E+16
192837,7,3,16,0,2018,3,8,6,3,5,3,0,0,1,0,0,0,0,0,4.40155E+20,5.4682E+21,8.17578E+15,4.93636E+16