OBJECTID_1,ULAND,UREGBEZ,UKREIS,UGEMEINDE,UJAHR,UMONAT,USTUNDE,UWOCHENTAG,UKATEGORIE,UART,UTYP1,ULICHTVERH,IstRad,IstPKW,IstFuss,IstKrad,IstGkfz,IstSonstig,STRZUSTAND,LINREFX,LINREFY,XGCSWGS84,YGCSWGS84
192838,7,3,13,0,2018,3,19,6,3,2,1,2,0,1,0,0,0,0,2,4.35989E+20,5.45045E+21,8.12125E+15,4.92035E+16
192839,7,3,14,0,2018,3,8,6,3,6,4,0,1,0,1,0,0,0,0,4.57267E+20,5.48222E+21,8.40993E+15,4.94911E+16
192840,7,1,34,45,2018,3,21,6,3,8,1,2,0,1,0,0,0,0,1,3.78316E+20,5.50964E+21,7.31159E+15,4.97269E+16
192841,7,3,14,0,2018,3,15,6,3,5,3,0,0,1,0,0,0,0,0,4.5874E+20,5.47927E+21,8.43058E+15,4.94646E+16
192842,7,3,12,0,2018,3,9,6,3,5,3,0,1,1,0,0,0,0,0,4.11711E+20,5.47716E+21,7.78213E+15,4.94407E+16
192843,7,3,14,0,2018,2,21,3,3,6,4,2,0,1,1,0,0,0,0,4.57471E+20,5.4855E+21,8.4124E+15,4.95207E+16
192844,7,2,32,322,2018,3,1,7,2,6,6,2,0,1,1,0,0,0,1,3.11335E+20,5.55231E+21,6.36223E+15,5.0093E+16
192845,7,1,33,6,2018,3,17,6,3,1,3,0,0,1,0,0,0,0,0,4.18568E+20,5.52414E+21,7.86693E+15,4.98642E+16
192846,7,3,13,0,2018,3,3,7,3,0,1,2,1,0,0,0,0,0,0,4.35887E+20,5.44967E+21,8.11997E+15,4.91965E+16
192847,7,1,38,45,2018,3,8,6,3,5,2,0,0,1,0,0,0,0,0,3.96437E+20,5.58808E+21,7.5417E+15,5.04356E+16
192848,7,1,37,216,2018,3,22,6,3,4,5,2,0,1,0,0,0,0,2,3.92344E+20,5.58315E+21,7.4855E+15,5.03906E+16
192849,7,3,35,38,2018,3,10,5,3,5,2,0,0,1,0,0,0,0,0,3.95306E+20,5.47655E+21,7.55606E+15,4.94326E+16
192850,7,3,12,0,2018,3,15,5,3,5,3,0,0,1,0,0,0,0,0,4.12374E+20,5.47762E+21,7.79116E+15,4.9445E+16
192851,7,3,15,0,2018,3,15,5,3,1,5,0,1,1,0,0,0,0,0,4.47296E+20,5.53921E+21,8.26455E+15,5.00029E+16
192852,7,3,12,0,2018,3,9,5,2,6,4,0,1,0,1,0,0,0,0,4.10889E+20,5.4774E+21,7.77074E+15,4.94427E+16
192853,7,1,31,7,2018,3,23,6,3,6,4,2,0,1,1,0,0,0,0,3.67886E+20,5.60131E+21,7.13518E+15,5.05488E+16
192854,7,3,37,38,2018,3,15,5,3,6,7,0,0,1,1,0,0,0,0,4.42842E+20,5.44458E+21,8.21616E+15,4.91514E+16
192855,7,3,38,18,2018,3,13,4,3,5,3,0,1,1,0,0,0,0,0,4.48832E+20,5.4812E+21,8.2936E+15,4.94813E+16
192856,7,3,39,5,2018,3,18,5,3,1,6,2,0,1,0,0,0,0,0,4.21632E+20,5.53394E+21,7.90756E+15,4.99527E+16
192857,7,3,39,30,2018,4,16,3,3,2,2,0,0,1,0,0,0,0,0,4.30916E+20,5.53642E+21,8.03651E+15,4.99761E+16
192858,7,3,19,0,2018,3,11,5,2,8,1,0,0,0,0,1,0,0,0,4.52398E+20,5.4997E+21,8.34059E+15,4.9648E+16
192859,7,2,11,0,2018,3,12,5,3,6,4,0,0,1,1,0,0,0,0,3.29346E+20,5.51233E+21,6.63146E+15,4.97393E+16
192860,7,1,38,45,2018,3,17,5,3,6,4,0,0,1,1,0,0,0,0,3.92597E+20,5.58841E+21,7.48754E+15,5.04379E+16
192861,7,2,11,0,2018,3,15,4,3,0,7,0,0,1,0,0,0,0,1,3.3035E+20,5.51547E+21,6.64402E+15,4.97677E+16
192862,7,3,36,105,2018,2,10,4,3,6,5,0,0,1,1,0,0,0,0,3.99152E+20,5.49448E+21,7.60451E+15,4.95945E+16
192863,7,3,15,0,2018,3,7,5,3,3,7,0,1,1,0,0,0,0,0,4.48066E+20,5.53829E+21,8.27542E+15,4.99946E+16
192864,7,3,11,0,2018,2,9,4,3,5,3,0,0,1,0,0,0,0,0,4.5148E+20,5.48457E+21,8.32974E+15,4.95118E+16
192865,7,1,41,29,2018,2,19,3,3,2,6,2,0,1,0,0,0,0,0,4.3143E+20,5.58066E+21,8.03571E+15,5.0374E+16
192866,7,3,37,71,2018,4,14,2,3,5,1,0,0,1,0,1,0,0,0,4.23746E+20,5.4338E+21,7.95636E+15,4.90523E+16
192867,7,3,34,501,2018,2,16,2,3,1,2,0,0,1,0,0,0,1,0,4.46196E+20,5.43299E+21,8.26369E+15,4.90475E+16
192868,7,1,31,70,2018,3,15,3,3,1,5,0,1,1,0,0,0,0,0,3.74905E+20,5.60441E+21,7.23317E+15,5.05782E+16
192869,7,3,12,0,2018,3,5,2,3,2,6,2,0,1,0,0,0,1,0,4.11146E+20,5.47762E+21,7.77423E+15,4.94447E+16
192870,7,1,43,308,2018,2,11,3,3,1,5,0,0,1,0,0,0,1,0,4.27559E+20,5.6013E+21,7.97728E+15,5.05591E+16
192871,7,3,12,0,2018,4,14,3,3,0,3,0,0,1,0,1,0,0,0,4.11873E+20,5.47798E+21,7.78418E+15,4.94481E+16
192872,7,1,40,3,2018,4,21,1,2,2,6,2,0,0,0,1,0,0,0,3.99362E+20,5.53685E+21,7.59645E+15,4.99755E+16
192873,7,3,38,25,2018,4,12,3,3,4,2,0,1,1,0,0,0,0,0,4.55257E+20,5.4699E+21,8.38356E+15,4.93802E+16
192874,7,1,33,6,2018,4,19,5,3,0,1,0,1,0,0,0,0,0,0,4.19694E+20,5.52055E+21,7.88334E+15,4.9832E+16
192875,7,3,14,0,2018,4,5,3,3,1,5,2,1,1,0,0,0,0,0,4.58444E+20,5.48248E+21,8.42616E+15,4.94935E+16
192876,7,3,15,0,2018,4,7,3,3,1,6,0,1,1,0,0,0,0,0,4.47847E+20,5.53625E+21,8.27265E+15,4.99763E+16
192877,7,3,39,5,2018,4,10,3,3,6,7,0,0,1,1,0,0,0,0,4.21354E+20,5.53512E+21,7.90345E+15,4.99633E+16
192878,7,1,37,89,2018,4,16,7,3,9,1,0,0,1,0,1,0,0,0,3.79324E+20,5.57416E+21,7.30529E+15,5.03072E+16
192879,7,3,14,0,2018,4,17,4,3,0,1,0,0,0,0,1,0,0,0,4.60211E+20,5.48123E+21,8.45068E+15,4.94824E+16
192880,7,3,38,25,2018,4,14,7,3,5,3,0,0,1,0,0,0,0,0,4.54222E+20,5.47061E+21,8.36922E+15,4.93865E+16
192881,7,1,11,0,2018,4,14,5,3,6,7,0,0,1,1,0,0,0,0,3.99497E+20,5.579E+21,7.5872E+15,5.03545E+16
192882,7,3,15,0,2018,4,15,3,3,5,3,0,1,0,0,0,0,0,0,4.4587E+20,5.53578E+21,8.24514E+15,4.99719E+16
192883,7,1,11,0,2018,4,18,3,2,6,4,0,1,0,1,0,0,0,0,4.00707E+20,5.58133E+21,7.60359E+15,5.03757E+16
192884,7,3,15,0,2018,4,19,3,3,5,3,0,1,1,0,0,0,0,0,4.47645E+20,5.53942E+21,8.26939E+15,5.00048E+16
192885,7,3,32,24,2018,4,17,6,3,6,2,0,0,1,1,0,0,0,0,4.40287E+20,5.49043E+21,8.17425E+15,4.95635E+16
192886,7,2,32,18,2018,4,15,4,3,4,6,0,0,1,0,0,0,0,0,3.22557E+20,5.53798E+21,6.52558E+15,4.99678E+16
192887,7,1,32,6,2018,4,16,3,3,2,2,0,0,1,0,0,0,0,0,4.19457E+20,5.6284E+21,7.85702E+15,5.08017E+16
192888,7,1,38,73,2018,4,9,2,3,5,3,0,0,1,0,0,0,1,0,3.73961E+20,5.60751E+21,7.21879E+15,5.06059E+16
192889,7,1,32,6,2018,4,15,3,2,0,7,0,1,0,0,0,0,0,0,4.20466E+20,5.62672E+21,7.8717E+15,5.07867E+16
192890,7,3,37,35,2018,4,17,2,3,6,4,0,0,1,1,0,0,0,0,4.40175E+20,5.45764E+21,8.17763E+15,4.92686E+16
192891,7,1,41,75,2018,4,12,3,3,6,7,0,0,1,1,0,0,0,0,4.00598E+20,5.57369E+21,7.60407E+15,5.03069E+16
192892,7,1,33,6,2018,4,19,6,3,5,3,0,0,1,0,0,0,0,0,4.18949E+20,5.52081E+21,7.87292E+15,4.98342E+16
192893,7,3,20,0,2018,4,12,3,3,5,3,0,0,1,0,0,0,0,0,3.82405E+20,5.45671E+21,7.38405E+15,4.92518E+16
192894,7,3,17,0,2018,4,17,2,3,2,1,0,0,1,0,0,0,0,0,3.97548E+20,5.45017E+21,7.59374E+15,4.91958E+16
192895,7,3,12,0,2018,4,10,1,3,1,6,0,0,1,0,0,0,0,0,4.04059E+20,5.47622E+21,7.67683E+15,4.9431E+16
192896,7,3,12,0,2018,4,12,2,3,5,3,0,0,1,0,0,0,0,0,4.11816E+20,5.47754E+21,7.78349E+15,4.94441E+16
192897,7,3,38,6,2018,4,13,5,2,0,6,0,1,0,0,0,0,0,0,4.4977E+20,5.47643E+21,8.30715E+15,4.94385E+16
192898,7,3,14,0,2018,4,14,2,3,1,6,0,0,1,0,0,0,0,0,4.60042E+20,5.48141E+21,8.44833E+15,4.9484E+16
192899,7,3,15,0,2018,4,12,6,3,0,7,0,0,1,0,0,0,0,1,4.44786E+20,5.53537E+21,8.23008E+15,4.99681E+16
192900,7,1,33,6,2018,4,15,2,3,1,1,0,0,1,0,0,0,0,0,4.18426E+20,5.52226E+21,7.86534E+15,4.98472E+16
192901,7,3,15,0,2018,4,10,2,3,4,6,0,0,1,0,0,0,1,0,4.44772E+20,5.5407E+21,8.22912E+15,5.00161E+16
192902,7,3,12,0,2018,4,13,7,3,3,2,0,0,1,0,1,0,0,0,4.10897E+20,5.47774E+21,7.77077E+15,4.94458E+16
192903,7,1,34,45,2018,4,17,5,3,2,6,0,0,1,0,0,0,1,0,3.78754E+20,5.5096E+21,7.31768E+15,4.97267E+16
192904,7,3,19,0,2018,4,16,3,3,0,7,0,1,0,0,0,0,0,0,4.53961E+20,5.49733E+21,8.36252E+15,4.96268E+16
192905,7,3,15,0,2018,4,9,3,3,5,3,0,0,1,0,0,0,0,0,4.45948E+20,5.53685E+21,8.24607E+15,4.99816E+16
192906,7,1,38,73,2018,4,8,2,3,0,2,0,0,0,1,0,1,0,0,3.73703E+20,5.60662E+21,7.21544E+15,5.05978E+16
192907,7,2,33,241,2018,4,16,3,3,5,3,0,1,1,0,0,0,0,0,3.26781E+20,5.57354E+21,6.56829E+15,5.02885E+16
192908,7,3,15,0,2018,4,15,3,2,6,4,0,0,1,1,0,0,0,0,4.43882E+20,5.5411E+21,8.21664E+15,5.00195E+16
192909,7,1,38,4,2018,4,18,3,3,6,4,0,0,1,1,0,0,0,0,3.80104E+20,5.59752E+21,7.30877E+15,5.05173E+16
192910,7,1,41,75,2018,4,17,2,3,0,7,0,0,0,0,1,0,0,0,4.00541E+20,5.57411E+21,7.60315E+15,5.03107E+16
192911,7,1,32,63,2018,4,16,3,2,1,1,0,1,1,0,0,0,0,0,4.21163E+20,5.62882E+21,7.88114E+15,5.08057E+16
192912,7,3,31,48,2018,4,19,3,2,9,1,0,0,0,0,1,0,0,0,4.42951E+20,5.49846E+21,8.20991E+15,4.9636E+16
192913,7,1,37,203,2018,4,17,2,3,5,3,0,1,1,0,0,0,0,0,3.98825E+20,5.58624E+21,7.57581E+15,5.04195E+16
192914,7,1,31,77,2018,4,15,3,2,6,7,0,0,1,1,0,0,0,0,3.73137E+20,5.60117E+21,7.20931E+15,5.05487E+16
192915,7,3,39,9,2018,4,11,7,3,6,7,0,0,1,1,0,0,0,0,4.40497E+20,5.5413E+21,8.16936E+15,5.00211E+16
192916,7,1,37,3,2018,4,12,3,3,2,7,0,0,1,0,1,0,0,0,3.86374E+20,5.58877E+21,7.39984E+15,5.04399E+16
192917,7,3,18,0,2018,4,12,4,3,2,2,0,0,1,0,0,0,0,0,4.58486E+20,5.46571E+21,8.4285E+15,4.93427E+16
192918,7,1,11,0,2018,4,18,3,3,2,6,0,0,1,0,0,0,0,0,4.00198E+20,5.57641E+21,7.59774E+15,5.03313E+16
192919,7,1,40,36,2018,4,12,3,3,2,5,0,0,1,0,0,0,0,0,3.96518E+20,5.5569E+21,7.55138E+15,5.01553E+16
192920,7,1,11,0,2018,4,16,2,3,0,7,0,0,1,1,0,0,0,0,3.99281E+20,5.57915E+21,7.58413E+15,5.03558E+16
192921,7,1,11,0,2018,4,9,3,3,5,3,0,1,1,0,0,0,0,0,3.99262E+20,5.57876E+21,7.58397E+15,5.03523E+16
192922,7,3,12,0,2018,4,10,2,3,5,3,0,0,1,0,1,0,0,0,4.10031E+20,5.47566E+21,7.75929E+15,4.94269E+16
192923,7,3,16,0,2018,4,18,1,3,1,5,0,1,1,0,0,0,0,0,4.37421E+20,5.46661E+21,8.13838E+15,4.9349E+16
192924,7,3,38,25,2018,4,17,2,3,0,7,0,1,1,0,0,0,0,0,4.55876E+20,5.46817E+21,8.39228E+15,4.93646E+16
192925,7,3,37,20,2018,4,16,6,3,8,5,0,0,1,0,0,0,0,0,4.36334E+20,5.45945E+21,8.12455E+15,4.92845E+16
192926,7,3,38,19,2018,4,7,2,3,5,3,0,1,1,0,0,0,0,0,4.53707E+20,5.47677E+21,8.36142E+15,4.94418E+16
192927,7,3,32,32,2018,4,14,1,3,5,3,0,1,0,0,0,0,0,0,4.32556E+20,5.46912E+21,8.07099E+15,4.9371E+16
192928,7,3,14,0,2018,4,13,2,2,5,3,0,0,1,0,1,0,0,0,4.56914E+20,5.47932E+21,8.40537E+15,4.9465E+16
192929,7,3,35,38,2018,4,7,6,3,6,4,0,0,1,1,0,0,0,0,3.95074E+20,5.47922E+21,7.55215E+15,4.94565E+16
192930,7,3,31,3,2018,4,18,2,3,4,6,0,1,1,0,0,0,0,0,4.36217E+20,5.51087E+21,8.11465E+15,4.97469E+16
192931,7,3,15,0,2018,4,18,4,2,0,7,0,1,0,0,0,0,0,0,4.45158E+20,5.54099E+21,8.23446E+15,5.00187E+16
192932,7,3,39,60,2018,4,17,2,2,5,2,0,1,1,0,0,0,0,0,4.45291E+20,5.52128E+21,8.23912E+15,4.98415E+16
192933,7,3,15,0,2018,4,18,2,3,6,6,0,0,0,1,0,0,1,0,4.48066E+20,5.53829E+21,8.27542E+15,4.99946E+16
192934,7,1,33,96,2018,4,17,1,2,0,7,0,0,0,0,1,0,0,0,3.93858E+20,5.5183E+21,7.5248E+15,4.98077E+16
192935,7,1,34,25,2018,4,17,2,3,1,5,0,0,1,0,0,0,0,0,3.8335E+20,5.51181E+21,7.38077E+15,4.97475E+16
192936,7,3,14,0,2018,4,10,2,3,2,2,0,0,1,0,1,0,0,0,4.59782E+20,5.48093E+21,8.44478E+15,4.94797E+16
192937,7,1,37,3,2018,4,20,1,3,5,3,2,1,1,0,0,0,0,0,3.87293E+20,5.58708E+21,7.41329E+15,5.0425E+16
192938,7,2,11,0,2018,4,8,2,3,2,6,0,0,1,0,0,0,0,0,3.295E+20,5.51509E+21,6.6324E+15,4.97641E+16
192939,7,1,33,6,2018,4,12,6,3,2,6,0,0,1,0,0,0,0,0,4.19897E+20,5.52223E+21,7.88581E+15,4.98471E+16
192940,7,1,38,45,2018,4,18,2,3,5,2,0,1,1,0,0,0,0,0,3.9163E+20,5.58924E+21,7.47369E+15,5.04452E+16
192941,7,1,38,45,2018,4,14,2,3,1,6,0,0,1,0,0,0,0,0,3.92631E+20,5.58841E+21,7.48802E+15,5.04379E+16
192942,7,1,35,49,2018,4,17,2,3,2,6,0,0,1,0,0,0,0,0,3.70918E+20,5.55812E+21,7.19276E+15,5.01612E+16
192943,7,3,20,0,2018,4,15,7,2,5,3,0,0,1,0,1,0,0,0,3.79885E+20,5.45631E+21,7.34957E+15,4.92477E+16
192944,7,2,31,134,2018,4,17,4,3,6,4,0,1,0,1,0,0,0,0,3.48528E+20,5.5392E+21,6.88699E+15,4.99858E+16
192945,7,1,11,0,2018,4,17,2,3,2,6,0,0,1,0,0,0,0,0,3.99159E+20,5.58134E+21,7.58182E+15,5.03755E+16
192946,7,1,11,0,2018,4,21,2,3,1,7,2,1,1,0,0,0,0,0,4.00087E+20,5.57894E+21,7.5955E+15,5.03541E+16
192947,7,3,12,0,2018,4,22,7,3,2,2,2,0,1,0,0,0,0,0,4.08555E+20,5.47623E+21,7.73882E+15,4.94319E+16
192948,7,3,35,18,2018,4,19,1,2,8,6,0,1,1,0,0,0,0,0,3.9931E+20,5.47523E+21,7.6116E+15,4.94214E+16
192949,7,1,11,0,2018,4,16,2,3,0,5,0,1,1,0,0,0,0,0,3.99425E+20,5.57954E+21,7.58604E+15,5.03593E+16
192950,7,3,12,0,2018,4,14,7,2,5,3,0,0,1,0,1,0,0,0,4.08644E+20,5.47682E+21,7.73991E+15,4.94371E+16
192951,7,3,12,0,2018,4,16,1,3,0,3,0,1,1,0,0,0,0,0,4.12403E+20,5.47783E+21,7.79151E+15,4.94469E+16
192952,7,1,43,62,2018,4,22,6,3,5,3,2,0,1,0,0,0,0,1,4.09706E+20,5.59119E+21,7.72774E+15,5.04657E+16
192953,7,3,15,0,2018,4,6,1,2,0,1,0,1,0,0,0,0,0,0,4.47387E+20,5.53997E+21,8.26572E+15,5.00097E+16
192954,7,2,33,11,2018,4,7,1,3,6,6,0,0,1,1,0,0,0,0,3.45784E+20,5.55556E+21,6.84215E+15,5.01322E+16
192955,7,3,32,2,2018,4,13,7,1,4,2,0,0,1,0,0,0,0,0,4.41517E+20,5.47931E+21,8.19291E+15,4.94636E+16
192956,7,2,32,18,2018,4,22,1,3,8,1,2,0,1,0,0,0,0,0,3.22983E+20,5.53878E+21,6.53116E+15,4.99751E+16
192957,7,3,16,0,2018,4,17,7,3,5,3,0,1,1,0,0,0,0,0,4.36769E+20,5.46443E+21,8.12975E+15,4.93293E+16
192958,7,1,37,3,2018,4,22,1,3,0,1,2,0,0,0,1,0,0,0,3.87412E+20,5.58878E+21,7.41446E+15,5.04402E+16
192959,7,3,34,17,2018,4,7,7,3,1,5,0,1,1,0,0,0,0,0,4.526E+20,5.45543E+21,8.34868E+15,4.92498E+16
192960,7,1,11,0,2018,4,14,1,2,1,3,0,0,1,0,0,0,0,0,3.97131E+20,5.58114E+21,7.55336E+15,5.03733E+16
192961,7,1,11,0,2018,4,12,1,3,5,3,0,1,1,0,0,0,0,0,4.00778E+20,5.58168E+21,7.6045E+15,5.03788E+16
192962,7,1,31,7,2018,4,19,1,2,9,1,0,0,1,0,1,0,0,0,3.67069E+20,5.60089E+21,7.12381E+15,5.05448E+16
192963,7,3,34,501,2018,4,21,7,2,5,3,2,0,1,0,0,0,0,0,4.45943E+20,5.43329E+21,8.26019E+15,4.90501E+16
192964,7,1,11,0,2018,4,13,1,3,0,4,0,0,1,1,0,0,0,0,4.00641E+20,5.57991E+21,7.60304E+15,5.03629E+16
192965,7,1,33,6,2018,4,19,5,3,5,3,1,0,1,0,0,0,0,0,4.18467E+20,5.52134E+21,7.86611E+15,4.98389E+16
192966,7,3,17,0,2018,4,8,7,3,5,3,0,0,1,0,0,0,0,0,3.98349E+20,5.45188E+21,7.6043E+15,4.92113E+16
192967,7,3,36,105,2018,4,14,7,3,8,1,0,0,0,0,1,0,0,0,3.99254E+20,5.49451E+21,7.60592E+15,4.95947E+16
192968,7,3,18,0,2018,4,16,7,3,1,5,0,0,1,0,0,0,0,0,4.58976E+20,5.46479E+21,8.43534E+15,4.93344E+16
192969,7,3,11,0,2018,4,18,7,3,6,4,0,0,1,1,0,0,0,0,4.53522E+20,5.4876E+21,8.35759E+15,4.95393E+16
192970,7,3,15,0,2018,4,7,3,3,0,7,0,1,0,0,0,0,1,0,4.42138E+20,5.53585E+21,8.19308E+15,4.99722E+16
192971,7,3,38,20,2018,4,16,7,3,6,4,0,0,1,1,0,0,0,0,4.57772E+20,5.47465E+21,8.41771E+15,4.94231E+16
192972,7,3,14,0,2018,4,14,7,3,2,6,0,0,1,0,0,0,0,0,4.58092E+20,5.48166E+21,8.42139E+15,4.94861E+16
192973,7,2,35,68,2018,4,16,7,3,5,7,0,1,1,0,0,0,0,0,3.26593E+20,5.50941E+21,6.5946E+15,4.97122E+16
192974,7,3,14,0,2018,4,15,7,3,1,5,0,1,1,0,0,0,0,0,4.57245E+20,5.47904E+21,8.40998E+15,4.94625E+16
192975,7,3,38,17,2018,4,16,4,3,5,2,0,1,1,0,0,0,0,0,4.56165E+20,5.4743E+21,8.39559E+15,4.94198E+16
192976,7,3,14,0,2018,4,10,7,3,2,6,0,0,1,0,0,0,0,0,4.58837E+20,5.4785E+21,8.432E+15,4.94577E+16
192977,7,1,33,6,2018,4,18,7,2,5,3,0,0,1,0,1,0,0,0,4.18032E+20,5.52038E+21,7.86027E+15,4.98302E+16
192978,7,3,38,26,2018,4,12,7,3,0,5,0,1,1,0,0,0,0,0,4.59182E+20,5.47137E+21,8.43749E+15,4.93936E+16
192979,7,1,33,6,2018,4,14,7,3,6,5,0,0,1,1,0,0,0,0,4.19924E+20,5.52243E+21,7.88614E+15,4.98489E+16
192980,7,1,38,62,2018,4,17,5,3,5,3,0,1,1,0,0,0,0,0,3.74257E+20,5.60975E+21,7.22221E+15,5.06261E+16
192981,7,3,19,0,2018,4,11,7,2,5,3,0,1,0,0,0,0,1,0,4.54962E+20,5.49787E+21,8.37632E+15,4.96317E+16
192982,7,3,15,0,2018,4,13,7,3,1,7,0,0,1,0,0,1,0,0,4.47549E+20,5.53557E+21,8.26859E+15,4.99702E+16
192983,7,3,14,0,2018,4,10,7,3,4,2,0,0,1,0,0,0,0,0,4.58675E+20,5.47915E+21,8.42969E+15,4.94636E+16
192984,7,2,33,242,2018,4,22,7,3,0,1,2,0,0,0,1,0,0,0,3.5806E+20,5.56877E+21,7.00887E+15,5.0254E+16
192985,7,1,41,75,2018,4,16,3,3,6,4,0,0,1,1,0,0,0,0,4.00719E+20,5.57313E+21,7.60591E+15,5.03019E+16
192986,7,1,33,6,2018,4,12,7,3,3,2,0,1,1,0,0,0,0,0,4.18988E+20,5.52184E+21,7.87324E+15,4.98435E+16
192987,7,2,31,8,2018,4,11,7,3,5,3,0,0,1,0,0,0,0,0,3.61131E+20,5.53131E+21,7.06553E+15,4.99181E+16
192988,7,3,12,0,2018,4,8,6,3,5,3,0,0,1,0,0,0,0,0,4.10602E+20,5.47707E+21,7.76686E+15,4.94398E+16
192989,7,2,11,0,2018,4,18,7,2,0,1,0,0,0,0,0,0,1,0,3.31071E+20,5.51094E+21,6.656E+15,4.97272E+16
192990,7,2,33,26,2018,4,16,4,3,6,7,0,0,1,1,0,0,0,0,3.33912E+20,5.56597E+21,6.67162E+15,5.02225E+16
192991,7,1,43,286,2018,4,11,7,3,6,7,0,0,1,1,0,0,0,0,4.33615E+20,5.60568E+21,8.06198E+15,5.05993E+16
192992,7,1,41,6,2018,4,10,7,3,4,5,0,0,1,0,1,0,0,0,4.0874E+20,5.57706E+21,7.71756E+15,5.03385E+16
192993,7,3,39,57,2018,4,18,7,3,5,3,0,1,1,0,0,0,0,0,4.37591E+20,5.52877E+21,8.13083E+15,4.9908E+16
192994,7,1,31,7,2018,4,17,7,2,9,1,0,0,1,0,0,0,0,0,3.65223E+20,5.60089E+21,7.09776E+15,5.05444E+16
192995,7,1,33,40,2018,4,16,2,3,5,3,0,1,1,0,0,0,0,0,4.15879E+20,5.52425E+21,7.82949E+15,4.98647E+16
192996,7,2,32,18,2018,4,11,7,3,7,2,0,0,1,1,0,0,0,0,3.22933E+20,5.53846E+21,6.5306E+15,4.99722E+16
192997,7,1,31,7,2018,4,16,7,3,0,7,0,1,0,1,0,0,0,0,3.68285E+20,5.60069E+21,7.14103E+15,5.05433E+16
192998,7,3,19,0,2018,4,11,6,3,2,6,0,0,1,0,0,1,0,1,4.5342E+20,5.49802E+21,8.35495E+15,4.9633E+16
192999,7,3,34,501,2018,4,14,2,3,0,6,0,0,1,0,0,0,0,0,4.46148E+20,5.43104E+21,8.26329E+15,4.90299E+16
193000,7,2,31,134,2018,4,11,7,2,0,7,0,1,0,0,0,0,0,0,3.4967E+20,5.53948E+21,6.9028E+15,4.99887E+16
193001,7,1,11,0,2018,4,0,7,3,8,1,2,1,0,0,0,0,0,0,4.00189E+20,5.57637E+21,7.59761E+15,5.0331E+16
193002,7,1,33,52,2018,4,10,6,3,2,6,0,0,1,0,0,0,0,0,3.88829E+20,5.51564E+21,7.4557E+15,4.97829E+16
193003,7,1,37,203,2018,4,17,7,3,2,6,0,0,1,0,0,0,0,0,3.98574E+20,5.58575E+21,7.57241E+15,5.0415E+16
193004,7,1,37,3,2018,4,8,4,3,4,2,1,0,1,0,0,0,0,1,3.87354E+20,5.58797E+21,7.41388E+15,5.04329E+16
193005,7,1,11,0,2018,4,9,7,3,9,7,0,0,0,0,0,0,1,0,3.99865E+20,5.57854E+21,7.5925E+15,5.03504E+16
193006,7,3,35,49,2018,4,8,6,3,5,3,0,0,1,0,0,0,0,0,4.0123E+20,5.48177E+21,7.63644E+15,4.94806E+16
193007,7,2,11,0,2018,4,18,7,3,6,6,0,0,1,1,0,0,0,0,3.31566E+20,5.51471E+21,6.66123E+15,4.97613E+16
193008,7,3,12,0,2018,4,8,6,3,5,3,0,0,1,0,0,1,0,0,4.09182E+20,5.47738E+21,7.7472E+15,4.94423E+16
193009,7,1,11,0,2018,4,6,2,3,2,6,0,0,1,0,0,0,0,0,3.97888E+20,5.57688E+21,7.56517E+15,5.03351E+16
193010,7,1,37,68,2018,4,16,7,2,5,3,0,0,1,0,0,0,1,0,3.73636E+20,5.57619E+21,7.22477E+15,5.03243E+16
193011,7,3,34,501,2018,4,17,6,3,5,3,0,0,1,0,0,1,0,0,4.48768E+20,5.43547E+21,8.29858E+15,4.90699E+16
193012,7,3,33,75,2018,4,15,5,2,5,3,0,0,1,0,1,0,0,0,4.24408E+20,5.49474E+21,7.95386E+15,4.96005E+16
193013,7,3,34,1,2018,4,17,6,2,5,3,0,1,1,0,0,0,0,0,4.47548E+20,5.4495E+21,8.28005E+15,4.91961E+16
193014,7,3,34,25,2018,4,16,6,3,0,1,0,1,0,0,0,0,0,0,4.48548E+20,5.44426E+21,8.29444E+15,4.9149E+16
193015,7,1,37,68,2018,4,14,7,3,0,1,0,0,0,0,1,0,0,0,3.74355E+20,5.57676E+21,7.23468E+15,5.03295E+16
193016,7,3,37,38,2018,4,18,6,3,5,3,0,0,1,0,0,0,0,0,4.41869E+20,5.44454E+21,8.20283E+15,4.91509E+16
193017,7,3,13,0,2018,4,14,6,3,4,2,0,0,1,0,1,0,0,0,4.35287E+20,5.45017E+21,8.11166E+15,4.92009E+16
193018,7,1,37,216,2018,4,14,7,3,1,5,0,0,1,0,0,0,0,0,3.95187E+20,5.58364E+21,7.52534E+15,5.03955E+16
193019,7,3,14,0,2018,4,6,6,3,5,3,0,1,1,0,0,0,0,0,4.56324E+20,5.48295E+21,8.39684E+15,4.94976E+16
193020,7,3,40,2,2018,4,17,6,2,6,7,0,0,1,1,0,0,0,0,4.14447E+20,5.44275E+21,7.82721E+15,4.91316E+16
193021,7,1,33,6,2018,4,22,6,3,2,2,2,0,1,0,1,0,0,0,4.20092E+20,5.5223E+21,7.8885E+15,4.98478E+16
193022,7,3,12,0,2018,4,11,7,3,6,4,0,0,1,1,0,0,0,0,4.10543E+20,5.47727E+21,7.76599E+15,4.94415E+16
193023,7,3,36,102,2018,4,11,6,3,0,7,0,0,1,0,0,0,0,0,3.78808E+20,5.47109E+21,7.33029E+15,4.93805E+16
193024,7,1,33,40,2018,4,11,6,3,5,3,0,0,1,0,0,0,0,0,4.15418E+20,5.52429E+21,7.82307E+15,4.9865E+16
193025,7,3,31,73,2018,4,15,5,3,0,1,0,1,0,0,0,0,0,0,4.34467E+20,5.51923E+21,8.08895E+15,4.98219E+16