OBJECTID_1,ULAND,UREGBEZ,UKREIS,UGEMEINDE,UJAHR,UMONAT,USTUNDE,UWOCHENTAG,UKATEGORIE,UART,UTYP1,ULICHTVERH,IstRad,IstPKW,IstFuss,IstKrad,IstGkfz,IstSonstig,STRZUSTAND,LINREFX,LINREFY,XGCSWGS84,YGCSWGS84
193026,7,3,15,0,2018,4,8,6,3,5,3,0,0,1,0,0,0,0,0,4.46035E+20,5.53667E+21,8.24732E+15,4.998E+16
193027,7,3,15,0,2018,4,7,6,3,6,6,0,0,1,1,0,0,0,0,4.43604E+20,5.53964E+21,8.21297E+15,5.00064E+16
193028,7,3,14,0,2018,4,17,6,3,0,1,0,0,0,0,1,0,0,0,4.55015E+20,5.4839E+21,8.37865E+15,4.9506E+16
193029,7,2,31,8,2018,4,12,6,3,6,4,0,0,1,1,0,0,0,0,3.60919E+20,5.53109E+21,7.06266E+15,4.9916E+16
193030,7,3,15,0,2018,4,16,3,3,6,4,0,0,1,1,0,0,0,0,4.46813E+20,5.54031E+21,8.25766E+15,5.00128E+16
193031,7,3,14,0,2018,4,18,6,2,3,2,0,0,1,0,1,0,0,0,4.60203E+20,5.48029E+21,8.45066E+15,4.9474E+16
193032,7,2,35,125,2018,4,15,6,3,1,7,0,0,1,0,0,0,0,0,3.37778E+20,5.52104E+21,6.74478E+15,4.98198E+16
193033,7,3,40,14,2018,4,9,6,3,5,3,0,0,1,0,0,1,0,0,4.16317E+20,5.44939E+21,7.85146E+15,4.91916E+16
193034,7,1,33,40,2018,4,19,3,3,2,6,0,0,1,0,0,0,0,0,4.15802E+20,5.52398E+21,7.82848E+15,4.98623E+16
193035,7,2,11,0,2018,4,7,6,3,2,6,0,0,1,0,0,0,0,0,3.29418E+20,5.5145E+21,6.63152E+15,4.97588E+16
193036,7,1,31,7,2018,4,12,6,3,1,5,0,0,1,0,0,0,1,0,3.68963E+20,5.60029E+21,7.15073E+15,5.05399E+16
193037,7,3,39,27,2018,4,20,7,3,4,6,1,1,1,0,0,0,0,0,4.36493E+20,5.53827E+21,8.11398E+15,4.99934E+16
193038,7,3,35,2,2018,4,18,5,3,0,7,0,0,0,1,1,0,0,0,3.99342E+20,5.47266E+21,7.61269E+15,4.93983E+16
193039,7,3,12,0,2018,4,14,4,3,4,2,0,1,1,0,0,0,0,0,4.10972E+20,5.47731E+21,7.7719E+15,4.94419E+16
193040,7,3,32,24,2018,4,13,5,3,5,3,0,1,1,0,0,0,0,0,4.39738E+20,5.49025E+21,8.16668E+15,4.95618E+16
193041,7,3,16,0,2018,4,14,5,3,1,6,0,0,1,0,0,0,0,0,4.38226E+20,5.46638E+21,8.1495E+15,4.9347E+16
193042,7,1,43,12,2018,4,1,6,3,9,1,2,0,1,0,0,1,0,0,4.11774E+20,5.59202E+21,7.75667E+15,5.04735E+16
193043,7,3,34,501,2018,4,17,5,3,0,6,0,1,1,0,0,0,0,0,4.47946E+20,5.4319E+21,8.28777E+15,4.90378E+16
193044,7,3,35,22,2018,4,15,2,3,2,6,0,0,1,0,0,0,0,0,3.9472E+20,5.47429E+21,7.54857E+15,4.94122E+16
193045,7,1,38,45,2018,4,21,6,3,5,3,2,0,1,0,0,0,0,0,3.90418E+20,5.58724E+21,7.45722E+15,5.04269E+16
193046,7,3,34,7,2018,4,12,5,2,4,6,0,0,1,0,0,0,0,0,4.54936E+20,5.45209E+21,8.38115E+15,4.922E+16
193047,7,3,34,18,2018,4,5,6,3,1,7,1,0,1,0,0,0,0,0,4.47329E+20,5.45467E+21,8.27636E+15,4.92426E+16
193048,7,3,37,5,2018,4,14,5,3,1,1,0,0,1,0,1,0,0,0,4.27793E+20,5.43989E+21,8.01066E+15,4.91076E+16
193049,7,2,31,40,2018,4,18,4,2,6,4,0,0,1,1,0,0,0,0,3.59368E+20,5.52479E+21,7.04335E+15,4.9859E+16
193050,7,3,13,0,2018,4,18,5,2,0,2,0,1,0,0,0,0,0,0,4.37496E+20,5.45076E+21,8.14189E+15,4.92064E+16
193051,7,3,18,0,2018,4,15,5,3,6,4,0,0,1,1,0,0,0,0,4.58472E+20,5.46706E+21,8.42816E+15,4.93549E+16
193052,7,3,14,0,2018,4,19,5,3,1,5,0,0,1,0,0,0,0,0,4.58792E+20,5.48209E+21,8.431E+15,4.949E+16
193053,7,1,33,6,2018,4,15,4,3,4,2,0,0,1,0,1,0,0,0,4.18488E+20,5.52454E+21,7.86573E+15,4.98677E+16
193054,7,3,14,0,2018,4,9,5,3,4,2,0,1,1,0,0,0,0,0,4.59787E+20,5.48092E+21,8.44486E+15,4.94796E+16
193055,7,3,14,0,2018,4,8,5,3,2,6,0,0,1,0,0,0,0,0,4.59847E+20,5.48012E+21,8.44576E+15,4.94724E+16
193056,7,1,37,68,2018,4,19,6,3,1,7,0,1,1,0,0,0,0,0,3.74687E+20,5.57661E+21,7.23939E+15,5.03283E+16
193057,7,3,39,5,2018,4,15,5,3,0,7,0,1,1,0,0,0,0,0,4.21244E+20,5.53573E+21,7.90179E+15,4.99687E+16
193058,7,3,38,25,2018,4,8,2,3,5,3,0,1,1,0,0,0,0,0,4.55388E+20,5.46951E+21,8.38542E+15,4.93766E+16
193059,7,1,37,3,2018,4,16,6,2,5,3,0,1,1,0,0,0,0,0,3.86292E+20,5.58737E+21,7.39912E+15,5.04273E+16
193060,7,3,19,0,2018,4,16,5,3,3,2,0,0,0,0,1,0,1,0,4.54256E+20,5.49818E+21,8.36651E+15,4.96345E+16
193061,7,1,33,6,2018,4,16,6,3,3,2,0,1,1,0,0,0,0,0,4.19421E+20,5.52146E+21,7.87935E+15,4.98402E+16
193062,7,3,19,0,2018,4,14,5,3,5,7,0,1,1,0,0,0,0,0,4.51035E+20,5.49827E+21,8.32189E+15,4.9635E+16
193063,7,3,39,30,2018,4,15,5,2,5,3,0,0,1,0,1,0,0,0,4.31886E+20,5.5362E+21,8.05007E+15,4.99742E+16
193064,7,3,15,0,2018,4,8,5,2,6,4,0,0,0,1,0,0,1,0,4.45294E+20,5.53828E+21,8.23675E+15,4.99943E+16
193065,7,3,17,0,2018,4,14,5,3,6,6,0,0,1,1,0,0,0,0,4.00057E+20,5.45289E+21,7.62749E+15,4.92206E+16
193066,7,2,35,4,2018,4,19,5,3,5,3,0,0,1,0,1,0,0,0,3.41884E+20,5.52429E+21,6.80047E+15,4.98502E+16
193067,7,2,32,53,2018,4,15,1,3,8,1,0,0,1,0,0,0,0,0,3.14182E+20,5.52979E+21,6.41287E+15,4.98916E+16
193068,7,3,12,0,2018,4,3,5,2,0,7,2,0,1,1,0,0,0,1,4.11012E+20,5.47754E+21,7.77239E+15,4.9444E+16
193069,7,3,32,7,2018,4,11,5,3,6,6,0,0,1,1,0,0,0,1,4.30949E+20,5.48385E+21,8.04629E+15,4.95033E+16
193070,7,1,43,269,2018,4,17,5,3,0,7,0,0,1,0,0,0,0,0,4.14146E+20,5.61503E+21,7.78478E+15,5.06808E+16
193071,7,1,38,41,2018,4,7,2,3,0,5,0,0,1,0,0,0,1,0,3.79181E+20,5.60371E+21,7.29376E+15,5.05728E+16
193072,7,3,16,0,2018,4,12,5,3,1,6,0,0,1,0,0,0,0,0,4.376E+20,5.46719E+21,8.14076E+15,4.93542E+16
193073,7,1,43,32,2018,4,18,5,3,6,4,0,0,1,1,0,0,0,0,4.05474E+20,5.58755E+21,7.66904E+15,5.04324E+16
193074,7,2,11,0,2018,4,17,6,3,1,5,0,0,1,0,1,0,0,0,3.30841E+20,5.51421E+21,6.65138E+15,4.97565E+16
193075,7,1,43,32,2018,4,15,5,3,5,1,0,0,1,0,0,0,0,0,4.06744E+20,5.58729E+21,7.68698E+15,5.04302E+16
193076,7,3,18,0,2018,4,11,5,2,0,1,0,1,0,0,0,0,0,0,4.59038E+20,5.46306E+21,8.43636E+15,4.93189E+16
193077,7,1,32,72,2018,4,18,5,3,5,3,0,0,1,0,0,0,0,0,4.25473E+20,5.63076E+21,7.94189E+15,5.08238E+16
193078,7,3,18,0,2018,4,10,5,3,5,2,0,1,0,0,0,0,0,1,4.58889E+20,5.4632E+21,8.4343E+15,4.93201E+16
193079,7,1,32,50,2018,4,11,5,2,9,7,0,0,1,0,0,0,0,0,4.2566E+20,5.62503E+21,7.94571E+15,5.07722E+16
193080,7,3,16,0,2018,4,14,7,3,5,3,0,0,1,0,0,0,0,0,4.36919E+20,5.46694E+21,8.13142E+15,4.93519E+16
193081,7,1,38,45,2018,4,14,5,3,5,3,0,0,1,0,0,0,0,0,3.90539E+20,5.58706E+21,7.45898E+15,5.04253E+16
193082,7,2,11,0,2018,4,16,5,2,0,1,0,1,0,0,0,0,0,0,3.3015E+20,5.51118E+21,6.64312E+15,4.97292E+16
193083,7,1,40,144,2018,4,11,5,3,1,5,0,0,1,0,0,0,0,0,3.93943E+20,5.53733E+21,7.52077E+15,4.99788E+16
193084,7,3,37,20,2018,4,19,4,3,1,3,1,1,0,0,0,0,0,0,4.36528E+20,5.45863E+21,8.12736E+15,4.92771E+16
193085,7,3,13,0,2018,4,15,4,3,1,5,0,1,1,0,0,0,0,0,4.35607E+20,5.44901E+21,8.11625E+15,4.91905E+16
193086,7,3,14,0,2018,4,16,5,3,6,6,0,0,1,1,0,0,0,0,4.5997E+20,5.4806E+21,8.44741E+15,4.94768E+16
193087,7,3,13,0,2018,4,7,4,3,1,5,0,1,1,0,0,0,0,0,4.35023E+20,5.45021E+21,8.10803E+15,4.92012E+16
193088,7,3,11,0,2018,4,8,4,3,5,3,0,1,1,0,0,0,0,0,4.53629E+20,5.48744E+21,8.35909E+15,4.95378E+16
193089,7,3,14,0,2018,4,10,5,3,5,3,0,0,1,0,0,0,0,1,4.58283E+20,5.48182E+21,8.424E+15,4.94876E+16
193090,7,3,14,0,2018,4,8,4,3,1,5,0,1,1,0,0,0,0,0,4.56459E+20,5.48512E+21,8.39846E+15,4.95171E+16
193091,7,3,15,0,2018,4,20,3,2,5,3,1,1,1,0,0,0,0,0,4.4606E+20,5.53668E+21,8.24767E+15,4.998E+16
193092,7,3,37,52,2018,4,15,4,3,5,3,0,0,1,0,0,0,0,0,4.36227E+20,5.46139E+21,8.12278E+15,4.93019E+16
193093,7,3,14,0,2018,4,8,4,3,0,5,0,1,1,0,0,0,0,0,4.5826E+20,5.48185E+21,8.42368E+15,4.94878E+16
193094,7,2,35,68,2018,4,17,7,3,5,3,0,0,1,0,1,0,0,0,3.25243E+20,5.508E+21,6.57651E+15,4.96992E+16
193095,7,3,14,0,2018,4,12,4,3,1,3,0,1,1,0,0,0,0,0,4.60099E+20,5.4801E+21,8.44925E+15,4.94723E+16
193096,7,3,38,25,2018,4,17,4,3,6,6,0,1,0,1,0,0,0,0,4.54553E+20,5.47061E+21,8.37379E+15,4.93865E+16
193097,7,1,34,50,2018,4,13,4,3,0,7,0,0,0,0,0,0,1,0,3.69742E+20,5.50923E+21,7.19282E+15,4.97214E+16
193098,7,2,11,0,2018,4,16,4,3,6,4,0,0,0,1,0,0,1,0,3.29438E+20,5.51251E+21,6.63267E+15,4.97408E+16
193099,7,3,14,0,2018,4,19,4,3,5,3,0,0,1,0,0,0,0,0,4.56903E+20,5.47935E+21,8.40522E+15,4.94653E+16
193100,7,1,43,62,2018,4,18,4,3,3,6,0,1,0,0,1,0,0,0,4.09659E+20,5.59049E+21,7.72725E+15,5.04595E+16
193101,7,3,12,0,2018,4,8,2,3,1,5,0,0,1,0,1,0,0,0,4.09589E+20,5.47872E+21,7.7525E+15,4.94544E+16
193102,7,1,33,54,2018,4,17,4,3,0,1,0,1,0,0,0,0,0,1,4.20874E+20,5.528E+21,7.89822E+15,4.98992E+16
193103,7,1,38,45,2018,4,7,4,3,6,4,0,0,1,1,0,0,0,0,3.90621E+20,5.58793E+21,7.45987E+15,5.04332E+16
193104,7,1,43,48,2018,4,10,4,3,6,4,0,0,1,1,0,0,0,0,4.16399E+20,5.58786E+21,7.82276E+15,5.04368E+16
193105,7,1,41,75,2018,4,7,4,2,5,3,0,1,0,0,0,0,1,0,4.00283E+20,5.575E+21,7.5993E+15,5.03187E+16
193106,7,1,41,92,2018,4,18,3,3,6,7,0,0,1,1,0,0,0,0,4.1821E+20,5.56139E+21,7.854E+15,5.0199E+16
193107,7,1,37,216,2018,4,20,4,3,0,7,2,0,1,0,0,0,0,0,3.95898E+20,5.58352E+21,7.53537E+15,5.03945E+16
193108,7,3,17,0,2018,4,12,3,3,2,2,0,0,1,0,0,0,0,0,3.98808E+20,5.45005E+21,7.61106E+15,4.91949E+16
193109,7,3,12,0,2018,4,15,6,2,6,4,0,0,1,1,0,0,0,1,4.10448E+20,5.47777E+21,7.76456E+15,4.9446E+16
193110,7,3,36,92,2018,4,19,3,3,4,2,0,0,1,0,0,0,0,0,3.82194E+20,5.47424E+21,7.37598E+15,4.94094E+16
193111,7,3,15,0,2018,4,11,4,3,6,1,0,0,1,1,0,0,0,0,4.46888E+20,5.53913E+21,8.25887E+15,5.00021E+16
193112,7,3,12,0,2018,4,11,3,3,5,3,0,1,1,0,0,0,0,0,4.11561E+20,5.47793E+21,7.77989E+15,4.94476E+16
193113,7,3,16,0,2018,4,17,3,3,1,5,0,1,1,0,0,0,0,0,4.3985E+20,5.46682E+21,8.17179E+15,4.93512E+16
193114,7,1,11,0,2018,4,20,4,2,6,4,2,0,1,1,0,0,0,0,3.99906E+20,5.57969E+21,7.59276E+15,5.03607E+16
193115,7,3,13,0,2018,4,21,3,3,8,1,2,0,1,0,0,0,0,0,4.39109E+20,5.45023E+21,8.16411E+15,4.92018E+16
193116,7,1,33,40,2018,4,18,2,3,4,6,0,1,1,0,0,0,0,0,4.15115E+20,5.52444E+21,7.81882E+15,4.98663E+16
193117,7,3,34,17,2018,4,14,3,3,5,5,0,1,1,0,0,0,0,0,4.52368E+20,5.45467E+21,8.34559E+15,4.92429E+16
193118,7,3,13,0,2018,4,17,3,3,1,1,0,1,1,0,0,0,0,0,4.36109E+20,5.44983E+21,8.123E+15,4.9198E+16
193119,7,3,19,0,2018,4,13,6,3,5,7,0,1,1,0,0,0,0,1,4.51742E+20,5.50075E+21,8.33138E+15,4.96574E+16
193120,7,3,13,0,2018,4,9,3,3,2,2,0,0,1,0,0,0,0,0,4.35285E+20,5.45024E+21,8.11162E+15,4.92015E+16
193121,7,3,38,25,2018,4,21,3,3,6,2,2,0,1,1,0,0,0,0,4.54685E+20,5.47046E+21,8.37562E+15,4.93852E+16
193122,7,3,13,0,2018,4,17,6,3,5,3,0,1,1,0,0,0,0,1,4.38288E+20,5.45173E+21,8.15262E+15,4.92152E+16
193123,7,3,38,17,2018,4,19,3,3,0,1,0,0,1,0,0,0,0,0,4.55618E+20,5.47483E+21,8.38799E+15,4.94245E+16
193124,7,1,38,45,2018,4,20,4,3,5,3,1,0,1,0,0,0,0,0,3.90575E+20,5.58722E+21,7.45943E+15,5.04268E+16
193125,7,3,38,1,2018,4,13,3,3,0,7,0,1,0,0,0,0,0,0,4.63429E+20,5.47581E+21,8.4956E+15,4.94339E+16
193126,7,3,11,0,2018,4,17,3,3,5,3,0,1,0,0,1,0,0,0,4.54723E+20,5.48724E+21,8.37423E+15,4.95361E+16
193127,7,3,14,0,2018,4,15,3,3,2,6,0,0,1,0,0,0,0,0,4.58844E+20,5.482E+21,8.43173E+15,4.94893E+16
193128,7,3,11,0,2018,4,11,3,3,6,4,0,0,1,1,0,0,0,0,4.52986E+20,5.48722E+21,8.35023E+15,4.95358E+16
193129,7,1,11,0,2018,4,10,2,3,8,3,0,0,1,0,0,1,0,0,3.99596E+20,5.57898E+21,7.5886E+15,5.03543E+16
193130,7,3,14,0,2018,4,17,3,2,5,3,0,1,1,0,0,0,0,0,4.57879E+20,5.47874E+21,8.41875E+15,4.94599E+16
193131,7,3,39,5,2018,4,22,3,2,7,1,2,0,0,0,1,0,0,0,4.23337E+20,5.53366E+21,7.93137E+15,4.99503E+16
193132,7,1,40,144,2018,4,13,6,3,2,2,0,0,1,0,0,0,0,0,3.95714E+20,5.53813E+21,7.54524E+15,4.99864E+16
193133,7,3,39,4,2018,4,17,3,2,5,3,0,1,1,0,0,0,0,0,4.25851E+20,5.52151E+21,7.96875E+15,4.98414E+16
193134,7,3,33,39,2018,4,15,3,3,5,3,0,1,0,0,0,0,1,0,4.28946E+20,5.50149E+21,8.01543E+15,4.96618E+16
193135,7,1,33,6,2018,4,22,3,3,5,2,2,1,1,0,0,0,0,0,4.18224E+20,5.52215E+21,7.86256E+15,4.98462E+16
193136,7,3,33,19,2018,4,12,3,3,2,6,0,0,1,0,0,0,0,0,4.32891E+20,5.48957E+21,8.07213E+15,4.9555E+16
193137,7,1,11,0,2018,5,16,3,3,2,6,0,0,1,0,0,0,0,0,3.99311E+20,5.57875E+21,7.58465E+15,5.03522E+16
193138,7,3,20,0,2018,5,17,2,3,5,3,0,1,1,0,0,0,0,0,3.80236E+20,5.45622E+21,7.35442E+15,4.9247E+16
193139,7,3,36,29,2018,5,8,2,3,9,1,0,0,0,0,1,0,0,0,4.02405E+20,5.50077E+21,7.64794E+15,4.96515E+16
193140,7,3,35,22,2018,5,15,2,3,2,6,0,0,1,0,0,0,0,0,3.96285E+20,5.47408E+21,7.5702E+15,4.94106E+16
193141,7,3,12,0,2018,5,17,2,2,5,2,0,0,1,0,1,0,0,0,4.08069E+20,5.47956E+21,7.73134E+15,4.94617E+16
193142,7,3,12,0,2018,5,10,2,2,5,3,0,0,1,0,1,0,0,0,4.10403E+20,5.47703E+21,7.76412E+15,4.94394E+16
193143,7,3,16,0,2018,5,16,2,3,6,7,0,0,0,1,0,0,1,0,4.36373E+20,5.46519E+21,8.12418E+15,4.93361E+16
193144,7,3,34,501,2018,5,6,2,3,8,5,0,0,1,0,0,0,0,0,4.44567E+20,5.4339E+21,8.24128E+15,4.90555E+16
193145,7,3,18,0,2018,5,19,2,2,5,3,0,1,1,0,0,0,0,0,4.5873E+20,5.46483E+21,8.43195E+15,4.93348E+16
193146,7,3,18,0,2018,5,14,2,3,5,2,0,0,1,0,1,0,0,0,4.59088E+20,5.46497E+21,8.43685E+15,4.93361E+16
193147,7,3,14,0,2018,5,17,2,3,0,7,0,1,0,0,0,0,0,0,4.57159E+20,5.48187E+21,8.40848E+15,4.9488E+16
193148,7,1,33,6,2018,5,19,2,3,2,6,0,0,1,0,1,0,0,0,4.16697E+20,5.52243E+21,7.84126E+15,4.98485E+16
193149,7,1,33,6,2018,5,16,2,3,2,6,0,0,1,0,0,0,0,0,4.18342E+20,5.52349E+21,7.86392E+15,4.98583E+16
193150,7,1,33,6,2018,5,10,2,2,5,3,0,0,1,0,0,0,1,0,4.19832E+20,5.52357E+21,7.88463E+15,4.98592E+16
193151,7,1,33,6,2018,5,10,2,2,0,1,0,1,0,0,0,0,0,0,4.17515E+20,5.52077E+21,7.85299E+15,4.98336E+16
193152,7,3,19,0,2018,5,15,2,3,5,3,0,1,1,0,0,0,0,0,4.52647E+20,5.49799E+21,8.34424E+15,4.96326E+16
193153,7,3,39,30,2018,5,19,2,3,0,1,0,0,0,0,1,0,0,0,4.32494E+20,5.53536E+21,8.0587E+15,4.99668E+16
193154,7,3,39,32,2018,5,18,2,3,0,1,0,1,0,0,0,0,0,0,4.43799E+20,5.53235E+21,8.21675E+15,4.99409E+16
193155,7,3,15,0,2018,5,15,2,3,6,4,0,0,0,1,0,0,1,0,4.45168E+20,5.53824E+21,8.23499E+15,4.9994E+16
193156,7,2,31,134,2018,5,7,2,3,5,3,0,0,1,0,0,0,0,0,3.50243E+20,5.5385E+21,6.91117E+15,4.998E+16
193157,7,2,31,134,2018,5,7,2,3,1,6,0,0,1,0,0,0,0,0,3.49865E+20,5.53879E+21,6.90578E+15,4.99825E+16
193158,7,1,32,63,2018,5,6,2,3,4,2,1,0,1,0,1,0,0,0,4.19306E+20,5.63038E+21,7.85444E+15,5.08195E+16
193159,7,1,32,501,2018,5,16,2,3,4,2,0,0,1,0,0,0,0,0,4.04954E+20,5.61661E+21,7.6543E+15,5.06935E+16
193160,7,1,37,3,2018,5,16,2,2,0,1,0,1,0,0,0,0,0,0,3.87033E+20,5.58805E+21,7.40934E+15,5.04336E+16
193161,7,1,40,501,2018,5,14,2,3,6,4,0,1,0,1,0,0,0,0,3.9946E+20,5.56546E+21,7.59028E+15,5.02328E+16
193162,7,3,34,12,2018,5,13,1,3,5,3,0,1,1,0,0,0,0,0,4.47649E+20,5.43806E+21,8.28293E+15,4.90932E+16
193163,7,3,19,0,2018,5,17,1,2,1,1,0,0,1,0,1,0,0,0,4.5232E+20,5.4985E+21,8.33965E+15,4.96372E+16
193164,7,2,35,146,2018,5,12,1,3,6,7,0,0,0,1,1,0,0,0,3.15618E+20,5.50552E+21,6.44434E+15,4.9674E+16
193165,7,1,11,0,2018,5,10,1,2,6,4,0,0,1,1,0,0,0,0,3.99384E+20,5.57902E+21,7.5856E+15,5.03546E+16
193166,7,3,19,0,2018,5,20,7,3,4,6,0,0,1,0,0,0,0,0,4.56446E+20,5.49524E+21,8.39715E+15,4.96082E+16
193167,7,3,17,0,2018,5,12,7,3,5,3,0,0,1,0,0,0,0,0,3.98468E+20,5.4514E+21,7.60605E+15,4.9207E+16
193168,7,2,11,0,2018,5,19,7,3,1,5,0,1,1,0,0,0,0,0,3.2778E+20,5.51145E+21,6.61014E+15,4.97309E+16
193169,7,3,12,0,2018,5,14,7,3,4,2,0,1,1,0,0,0,0,0,4.08842E+20,5.47734E+21,7.74252E+15,4.94419E+16
193170,7,2,11,0,2018,5,17,7,3,0,4,0,1,0,1,0,0,0,0,3.30912E+20,5.51436E+21,6.65231E+15,4.97579E+16
193171,7,3,16,0,2018,5,18,7,3,6,6,0,0,1,1,0,0,0,0,4.3923E+20,5.47142E+21,8.16255E+15,4.93925E+16
193172,7,1,31,70,2018,5,12,7,3,4,1,0,0,1,0,1,0,0,0,3.75568E+20,5.6042E+21,7.24259E+15,5.05764E+16
193173,7,3,34,7,2018,5,14,7,3,1,5,0,1,1,0,0,0,0,0,4.53171E+20,5.45112E+21,8.35703E+15,4.92111E+16
193174,7,3,18,0,2018,5,15,7,3,2,7,0,0,1,0,0,0,0,0,4.57884E+20,5.46316E+21,8.42047E+15,4.93197E+16
193175,7,1,31,7,2018,5,19,7,3,5,3,0,0,1,0,0,0,0,0,3.68558E+20,5.6011E+21,7.14473E+15,5.0547E+16
193176,7,3,18,0,2018,5,14,7,3,1,6,0,0,1,0,0,0,0,0,4.58374E+20,5.46311E+21,8.42722E+15,4.93193E+16
193177,7,1,40,112,2018,5,9,7,3,6,7,0,0,1,1,0,0,0,0,4.09651E+20,5.5507E+21,7.73664E+15,5.01017E+16
193178,7,3,31,72,2018,5,9,7,3,5,2,0,1,1,0,0,0,0,0,4.26223E+20,5.51954E+21,7.9743E+15,4.98238E+16
193179,7,3,34,501,2018,5,7,6,3,4,6,0,1,0,0,0,0,0,0,4.45359E+20,5.4334E+21,8.25219E+15,4.9051E+16
193180,7,3,15,0,2018,5,16,7,2,6,4,0,0,1,1,0,0,0,0,4.43909E+20,5.5396E+21,8.21724E+15,5.0006E+16
193181,7,1,33,6,2018,5,7,6,3,5,3,0,0,1,0,1,0,0,0,4.1888E+20,5.5225E+21,7.87161E+15,4.98494E+16
193182,7,3,15,0,2018,5,16,6,3,2,6,0,0,1,0,0,0,0,0,4.44698E+20,5.5355E+21,8.22884E+15,4.99693E+16
193183,7,1,34,45,2018,5,14,7,3,2,1,0,1,0,0,0,0,0,0,3.81481E+20,5.50761E+21,7.35611E+15,4.97093E+16
193184,7,2,31,134,2018,5,14,6,3,4,6,0,0,1,0,0,0,0,0,3.5259E+20,5.5407E+21,6.94303E+15,5.00004E+16
193185,7,1,41,29,2018,5,20,7,3,3,6,0,1,1,0,0,0,0,0,4.28883E+20,5.58057E+21,7.9999E+15,5.03729E+16
193186,7,1,34,5,2018,5,11,6,3,2,2,0,0,1,0,0,0,1,0,3.7874E+20,5.49742E+21,7.32126E+15,4.96172E+16
193187,7,1,43,48,2018,5,13,7,3,2,5,0,0,1,0,1,0,0,0,4.17084E+20,5.58755E+21,7.83248E+15,5.04341E+16
193188,7,1,32,47,2018,5,18,7,3,0,7,0,0,1,0,1,0,0,0,4.02474E+20,5.61718E+21,7.61904E+15,5.06982E+16
193189,7,1,41,29,2018,5,17,6,3,5,3,0,0,1,0,1,0,1,0,4.30876E+20,5.5805E+21,8.02795E+15,5.03725E+16
193190,7,1,40,145,2018,5,13,7,2,6,2,0,0,1,1,0,0,0,0,3.78339E+20,5.53204E+21,7.3049E+15,4.99283E+16
193191,7,1,31,70,2018,5,8,6,2,6,6,0,1,0,1,0,0,0,0,3.75335E+20,5.60427E+21,7.23929E+15,5.0577E+16
193192,7,1,31,7,2018,5,9,6,3,2,6,0,0,1,0,0,0,0,0,3.64694E+20,5.60053E+21,7.09044E+15,5.05411E+16
193193,7,1,41,75,2018,5,9,7,3,1,6,0,1,1,0,0,0,0,0,4.00171E+20,5.57542E+21,7.59762E+15,5.03224E+16
193194,7,3,17,0,2018,5,11,5,2,0,7,0,0,1,0,0,0,0,0,3.98415E+20,5.45029E+21,7.60561E+15,4.9197E+16
193195,7,3,32,25,2018,5,11,6,3,4,2,0,1,1,0,0,0,0,0,4.46158E+20,5.46808E+21,8.25846E+15,4.93631E+16
193196,7,3,35,41,2018,5,14,5,3,5,3,0,1,1,0,0,0,0,0,4.07078E+20,5.4889E+21,7.71548E+15,4.95455E+16
193197,7,3,32,2,2018,5,7,6,3,6,4,0,0,1,1,0,0,0,0,4.3969E+20,5.4795E+21,8.16766E+15,4.94651E+16
193198,7,3,18,0,2018,5,9,5,3,4,2,0,0,1,0,1,0,0,0,4.5812E+20,5.46194E+21,8.42385E+15,4.93088E+16
193199,7,2,11,0,2018,5,18,6,3,5,7,0,1,0,0,0,0,0,0,3.30258E+20,5.51511E+21,6.6429E+15,4.97645E+16
193200,7,3,14,0,2018,5,22,5,3,6,4,2,0,1,1,0,0,0,0,4.56563E+20,5.48201E+21,8.40023E+15,4.94892E+16
193201,7,1,41,6,2018,5,21,6,3,1,7,2,0,1,0,0,0,0,0,4.0921E+20,5.57659E+21,7.72427E+15,5.03344E+16
193202,7,1,38,45,2018,5,13,6,3,1,6,0,0,1,0,0,0,0,0,3.90546E+20,5.58705E+21,7.45908E+15,5.04252E+16
193203,7,3,39,19,2018,5,18,5,3,6,4,0,0,1,1,0,0,0,0,4.29194E+20,5.53425E+21,8.01289E+15,4.99564E+16
193204,7,1,31,7,2018,5,13,6,3,7,1,0,0,0,1,0,1,0,0,3.7094E+20,5.60074E+21,7.17846E+15,5.05444E+16
193205,7,3,15,0,2018,5,18,5,3,2,7,0,0,1,0,1,0,0,0,4.47842E+20,5.53895E+21,8.27221E+15,5.00006E+16
193206,7,2,32,44,2018,5,19,5,2,6,6,0,0,1,1,0,0,0,0,3.29171E+20,5.53805E+21,6.6177E+15,4.99703E+16
193207,7,1,31,7,2018,5,12,6,2,0,1,0,0,1,1,0,0,0,0,3.67432E+20,5.6008E+21,7.12896E+15,5.05441E+16
193208,7,2,35,68,2018,5,16,5,3,5,3,0,1,1,0,0,0,0,0,3.2542E+20,5.50844E+21,6.57877E+15,4.97031E+16
193209,7,1,37,216,2018,5,18,6,3,6,4,0,0,1,1,0,0,0,0,3.95898E+20,5.58352E+21,7.53537E+15,5.03945E+16
193210,7,1,11,0,2018,5,10,6,3,1,5,0,1,1,0,0,0,0,0,3.98619E+20,5.57791E+21,7.57515E+15,5.03445E+16
193211,7,3,12,0,2018,5,8,5,3,5,3,0,0,1,0,0,0,0,0,4.09728E+20,5.47742E+21,7.75471E+15,4.94427E+16
193212,7,1,43,206,2018,5,7,5,3,6,4,0,0,1,1,0,0,0,0,4.26121E+20,5.61232E+21,7.95479E+15,5.0658E+16