OBJECTID_1,ULAND,UREGBEZ,UKREIS,UGEMEINDE,UJAHR,UMONAT,USTUNDE,UWOCHENTAG,UKATEGORIE,UART,UTYP1,ULICHTVERH,IstRad,IstPKW,IstFuss,IstKrad,IstGkfz,IstSonstig,STRZUSTAND,LINREFX,LINREFY,XGCSWGS84,YGCSWGS84
193400,7,3,14,0,2018,4,7,3,3,6,4,0,0,0,1,0,0,1,0,4.58398E+20,5.4817E+21,8.4256E+15,4.94865E+16
193401,7,1,37,3,2018,5,13,3,3,5,3,0,0,1,0,1,0,0,0,3.86778E+20,5.58694E+21,7.40609E+15,5.04236E+16
193402,7,3,39,5,2018,4,15,3,3,5,3,0,0,1,0,0,0,0,0,4.22085E+20,5.5337E+21,7.91392E+15,4.99505E+16
193403,7,1,11,0,2018,5,20,3,3,5,3,0,1,1,0,0,0,0,0,3.99761E+20,5.57826E+21,7.5911E+15,5.03479E+16
193404,7,3,31,3,2018,4,7,3,3,6,4,0,0,1,1,0,0,0,0,4.36868E+20,5.51061E+21,8.12372E+15,4.97447E+16
193405,7,3,16,0,2018,5,16,7,3,7,1,0,1,0,0,0,0,0,1,4.3832E+20,5.46738E+21,8.15064E+15,4.9356E+16
193406,7,1,33,6,2018,5,11,4,3,6,2,0,0,1,1,0,0,0,0,4.17603E+20,5.52234E+21,7.85388E+15,4.98478E+16
193407,7,3,15,0,2018,5,14,4,3,4,7,0,0,1,0,0,0,0,0,4.45792E+20,5.53555E+21,8.24408E+15,4.99698E+16
193408,7,3,39,47,2018,5,8,4,3,0,7,0,0,1,1,0,0,0,0,4.41965E+20,5.53264E+21,8.19115E+15,4.99433E+16
193409,7,2,31,134,2018,5,11,4,2,5,3,0,0,1,0,0,1,0,0,3.50127E+20,5.5394E+21,6.90919E+15,4.99881E+16
193410,7,2,11,0,2018,5,22,4,3,4,1,2,1,0,0,0,0,0,0,3.30184E+20,5.51422E+21,6.64226E+15,4.97565E+16
193411,7,2,11,0,2018,5,21,4,3,4,1,0,1,1,0,0,0,0,0,3.29506E+20,5.51228E+21,6.63371E+15,4.97388E+16
193412,7,1,35,46,2018,5,15,4,3,5,3,0,0,1,0,1,0,0,0,3.62946E+20,5.56942E+21,7.07714E+15,5.0261E+16
193413,7,1,31,6,2018,5,18,4,3,2,6,0,0,1,0,1,0,0,0,3.79342E+20,5.59658E+21,7.29834E+15,5.05087E+16
193414,7,3,20,0,2018,5,17,3,3,8,1,0,0,0,0,1,0,0,0,3.79439E+20,5.45478E+21,7.34389E+15,4.92339E+16
193415,7,3,12,0,2018,5,10,3,3,6,6,0,0,1,1,0,0,0,0,4.09738E+20,5.47794E+21,7.75474E+15,4.94474E+16
193416,7,3,32,25,2018,5,13,3,3,0,5,0,1,1,0,0,0,0,0,4.46467E+20,5.46889E+21,8.26261E+15,4.93704E+16
193417,7,3,18,0,2018,5,17,3,3,4,6,0,1,1,0,0,0,0,0,4.57416E+20,5.46307E+21,8.41404E+15,4.93189E+16
193418,7,3,35,40,2018,6,15,7,2,8,1,0,0,0,0,1,0,0,0,4.02211E+20,5.48082E+21,7.65022E+15,4.94721E+16
193419,7,3,14,0,2018,5,19,3,3,2,5,0,0,1,0,1,0,0,0,4.55895E+20,5.48787E+21,8.39036E+15,4.95418E+16
193420,7,3,37,68,2018,6,1,7,3,6,6,2,0,1,1,0,0,0,0,4.36996E+20,5.4433E+21,8.1362E+15,4.91393E+16
193421,7,3,18,0,2018,6,18,7,3,5,7,0,0,1,0,0,0,0,0,4.57704E+20,5.46462E+21,8.41785E+15,4.93328E+16
193422,7,3,14,0,2018,5,17,3,3,1,6,0,1,1,0,0,0,0,0,4.6037E+20,5.47994E+21,8.453E+15,4.94708E+16
193423,7,3,14,0,2018,6,15,7,2,2,6,0,0,1,0,0,0,1,0,4.58809E+20,5.48207E+21,8.43124E+15,4.94899E+16
193424,7,1,33,6,2018,5,14,3,2,6,7,0,0,1,1,0,0,0,0,4.19437E+20,5.52084E+21,7.87971E+15,4.98346E+16
193425,7,3,39,5,2018,6,23,7,3,5,7,2,0,1,0,0,0,0,1,4.21977E+20,5.53345E+21,7.91247E+15,4.99483E+16
193426,7,3,15,0,2018,5,9,3,3,2,6,0,1,0,0,0,0,0,0,4.47068E+20,5.53892E+21,8.26142E+15,5.00002E+16
193427,7,1,32,95,2018,5,8,3,2,7,1,0,0,0,0,1,0,0,0,4.18678E+20,5.61813E+21,7.84823E+15,5.07093E+16
193428,7,1,33,6,2018,6,13,7,3,5,3,0,1,0,0,0,0,0,0,4.17661E+20,5.52229E+21,7.8547E+15,4.98474E+16
193429,7,1,38,45,2018,5,11,3,3,6,4,0,0,1,1,0,0,0,0,3.90466E+20,5.58772E+21,7.45775E+15,5.04313E+16
193430,7,1,33,6,2018,6,13,7,3,5,3,0,0,1,0,1,0,0,0,4.20773E+20,5.52304E+21,7.89782E+15,4.98545E+16
193431,7,1,38,45,2018,5,8,3,3,5,3,0,1,1,0,0,0,0,0,3.89878E+20,5.58887E+21,7.44914E+15,5.04415E+16
193432,7,3,15,0,2018,6,16,7,3,5,3,0,1,0,0,0,0,1,0,4.45475E+20,5.53976E+21,8.23907E+15,5.00077E+16
193433,7,3,16,0,2018,5,8,2,3,5,3,0,1,1,0,0,0,0,0,4.3699E+20,5.46594E+21,8.13255E+15,4.9343E+16
193434,7,1,35,71,2018,6,14,7,3,5,3,0,1,1,0,0,0,0,1,3.77153E+20,5.54053E+21,7.28567E+15,5.00044E+16
193435,7,2,31,110,2018,6,9,7,3,0,7,0,1,0,0,0,0,0,0,3.64945E+20,5.54299E+21,7.11453E+15,5.00239E+16
193436,7,3,34,501,2018,5,10,2,3,9,1,0,0,1,0,0,0,0,0,4.45084E+20,5.43343E+21,8.24841E+15,4.90513E+16
193437,7,2,11,0,2018,6,18,7,3,2,6,0,0,1,0,0,0,0,0,3.28699E+20,5.51377E+21,6.62186E+15,4.9752E+16
193438,7,3,13,0,2018,5,16,2,3,5,3,0,1,1,0,0,0,0,0,4.35406E+20,5.44951E+21,8.11341E+15,4.9195E+16
193439,7,1,40,127,2018,6,17,7,2,5,3,0,0,1,0,1,0,0,0,3.9646E+20,5.53525E+21,7.55642E+15,4.99606E+16
193440,7,3,18,0,2018,5,17,2,3,0,5,0,1,1,0,0,0,0,0,4.60151E+20,5.46244E+21,8.45174E+15,4.93134E+16
193441,7,3,18,0,2018,5,13,2,3,1,5,0,1,1,0,0,0,0,0,4.58659E+20,5.46195E+21,8.43126E+15,4.93089E+16
193442,7,1,37,3,2018,6,11,7,3,5,3,0,1,1,0,0,0,0,0,3.87108E+20,5.58866E+21,7.4102E+15,5.04391E+16
193443,7,3,11,0,2018,5,16,2,2,8,1,0,0,1,0,0,0,0,0,4.52877E+20,5.48685E+21,8.34876E+15,4.95324E+16
193444,7,3,39,63,2018,5,16,2,3,3,6,0,1,0,0,0,0,1,0,4.18624E+20,5.53434E+21,7.86555E+15,4.99558E+16
193445,7,1,33,6,2018,5,12,2,3,2,2,0,0,1,0,0,0,0,0,4.19668E+20,5.52149E+21,7.88277E+15,4.98404E+16
193446,7,2,35,68,2018,5,7,2,3,1,6,0,1,1,0,0,0,0,0,3.25169E+20,5.50818E+21,6.57541E+15,4.97008E+16
193447,7,2,11,0,2018,5,12,2,3,0,1,0,1,0,0,0,0,0,0,3.27087E+20,5.51132E+21,6.60059E+15,4.97295E+16
193448,7,1,11,0,2018,6,12,7,3,2,1,0,0,1,0,0,0,0,0,3.97791E+20,5.57695E+21,7.56378E+15,5.03358E+16
193449,7,1,32,117,2018,5,16,2,3,5,2,0,1,1,0,0,0,0,0,4.10976E+20,5.62635E+21,7.73719E+15,5.07821E+16
193450,7,3,36,57,2018,6,14,6,3,0,7,0,1,0,0,0,0,0,0,3.93603E+20,5.50254E+21,7.52557E+15,4.9666E+16
193451,7,1,32,6,2018,5,11,2,3,8,1,0,0,0,0,0,0,1,0,4.20363E+20,5.62634E+21,7.87032E+15,5.07833E+16
193452,7,3,32,2,2018,6,13,6,3,0,1,0,1,0,0,0,0,0,0,4.4035E+20,5.47944E+21,8.17678E+15,4.94647E+16
193453,7,1,32,38,2018,5,17,2,3,5,3,0,1,1,0,0,0,0,0,4.06942E+20,5.62621E+21,7.68002E+15,5.07802E+16
193454,7,3,18,0,2018,6,19,6,2,1,1,0,0,1,0,1,0,0,0,4.59393E+20,5.46385E+21,8.44117E+15,4.9326E+16
193455,7,1,38,45,2018,5,7,2,3,6,4,0,0,1,1,0,0,0,0,3.90632E+20,5.58739E+21,7.46018E+15,5.04284E+16
193456,7,1,11,0,2018,5,18,2,3,0,1,0,1,0,0,0,0,0,0,4.00439E+20,5.58101E+21,7.5999E+15,5.03727E+16
193457,7,3,11,0,2018,6,17,6,3,6,4,0,1,0,1,0,0,0,0,4.54791E+20,5.48725E+21,8.37517E+15,4.95362E+16
193458,7,1,11,0,2018,5,17,2,2,4,6,0,1,0,0,0,0,0,0,3.99513E+20,5.57908E+21,7.5874E+15,5.03552E+16
193459,7,3,14,0,2018,6,18,6,3,2,6,0,0,1,0,1,0,0,0,4.58867E+20,5.48152E+21,8.4321E+15,4.94849E+16
193460,7,1,11,0,2018,5,16,2,3,1,6,0,0,1,0,0,0,0,0,3.99248E+20,5.57894E+21,7.58372E+15,5.03539E+16
193461,7,3,14,0,2018,6,14,6,3,3,5,0,0,1,0,1,0,0,0,4.57672E+20,5.4822E+21,8.41553E+15,4.9491E+16
193462,7,3,18,0,2018,5,20,1,3,5,3,1,0,1,0,0,0,0,1,4.58841E+20,5.46264E+21,8.43369E+15,4.93151E+16
193463,7,3,19,0,2018,6,9,6,3,5,3,0,1,1,0,0,0,0,0,4.51893E+20,5.49554E+21,8.33411E+15,4.96105E+16
193464,7,3,39,30,2018,6,12,6,3,1,3,0,1,1,0,0,0,0,0,4.32453E+20,5.53685E+21,8.05787E+15,4.99802E+16
193465,7,3,39,30,2018,5,15,1,3,5,3,0,1,1,0,0,0,0,0,4.30348E+20,5.53706E+21,8.02848E+15,4.99818E+16
193466,7,3,15,0,2018,6,7,6,3,5,3,0,0,1,0,0,0,1,0,4.4524E+20,5.53694E+21,8.23619E+15,4.99823E+16
193467,7,3,15,0,2018,5,0,1,2,5,3,2,0,1,0,0,0,0,0,4.4352E+20,5.53985E+21,8.21177E+15,5.00083E+16
193468,7,3,15,0,2018,6,20,6,3,5,3,0,1,1,0,0,0,0,0,4.47348E+20,5.53682E+21,8.2656E+15,4.99814E+16
193469,7,2,11,0,2018,5,11,1,2,4,2,0,1,1,0,0,0,0,0,3.29087E+20,5.51162E+21,6.62819E+15,4.97328E+16
193470,7,1,38,61,2018,5,15,1,3,5,3,0,0,1,0,1,0,0,0,3.93265E+20,5.59571E+21,7.49487E+15,5.05037E+16
193471,7,2,31,124,2018,6,13,6,3,0,1,0,0,0,0,1,0,0,1,3.65602E+20,5.53585E+21,7.1262E+15,4.99598E+16
193472,7,3,40,45,2018,5,20,7,3,6,6,0,0,1,1,0,0,0,0,4.08122E+20,5.43489E+21,7.74232E+15,4.90601E+16
193473,7,1,32,12,2018,6,8,6,2,6,4,0,0,1,1,0,0,0,0,4.25141E+20,5.63014E+21,7.9373E+15,5.08182E+16
193474,7,1,37,88,2018,6,7,6,3,1,1,0,0,1,1,0,0,0,0,3.85611E+20,5.58327E+21,7.39077E+15,5.03904E+16
193475,7,3,35,22,2018,5,12,7,3,2,6,0,0,1,0,1,0,0,0,3.96048E+20,5.47447E+21,7.56683E+15,4.9414E+16
193476,7,1,41,75,2018,6,19,6,2,6,7,0,0,0,1,1,0,0,0,4.00598E+20,5.57369E+21,7.60407E+15,5.03069E+16
193477,7,3,32,25,2018,5,19,7,3,5,3,0,0,1,0,0,0,0,0,4.45952E+20,5.46811E+21,8.25562E+15,4.93633E+16
193478,7,1,11,0,2018,6,13,6,3,5,2,0,0,1,0,1,0,0,0,3.98861E+20,5.58249E+21,7.57732E+15,5.03857E+16
193479,7,3,16,0,2018,5,9,7,2,4,2,0,0,1,0,1,0,0,0,4.3985E+20,5.46682E+21,8.17179E+15,4.93512E+16
193480,7,3,12,0,2018,6,15,5,3,8,1,0,0,1,0,0,0,0,0,4.05909E+20,5.4774E+21,7.70205E+15,4.94419E+16
193481,7,3,34,22,2018,5,18,7,3,1,1,0,1,1,0,0,0,0,0,4.50544E+20,5.44084E+21,8.32222E+15,4.91184E+16
193482,7,3,34,501,2018,6,17,5,3,6,1,0,1,0,1,0,0,0,0,4.48567E+20,5.43155E+21,8.29632E+15,4.90346E+16
193483,7,3,14,0,2018,5,16,7,3,2,6,0,0,1,0,0,0,1,0,4.53054E+20,5.48181E+21,8.35181E+15,4.94871E+16
193484,7,3,14,0,2018,5,9,7,2,5,3,0,1,1,0,0,0,0,0,4.57257E+20,5.48304E+21,8.40971E+15,4.94984E+16
193485,7,3,34,7,2018,6,12,5,3,0,3,0,0,1,0,1,0,0,0,4.54382E+20,5.45153E+21,8.37361E+15,4.92149E+16
193486,7,3,39,5,2018,5,20,7,3,0,1,0,1,0,0,0,0,0,0,4.23151E+20,5.5338E+21,7.92876E+15,4.99516E+16
193487,7,3,18,0,2018,6,16,5,3,5,3,0,1,1,0,0,0,0,0,4.58606E+20,5.46258E+21,8.43047E+15,4.93146E+16
193488,7,3,11,0,2018,6,13,5,3,6,7,0,0,1,1,0,0,0,0,4.53732E+20,5.48525E+21,8.36077E+15,4.95181E+16
193489,7,3,19,0,2018,5,20,7,3,5,3,0,0,1,0,1,0,0,0,4.5307E+20,5.49866E+21,8.35002E+15,4.96386E+16
193490,7,3,14,0,2018,6,16,5,3,5,2,0,1,0,0,0,0,0,0,4.56E+20,5.48222E+21,8.39244E+15,4.94911E+16
193491,7,3,39,43,2018,5,11,7,2,7,7,0,1,0,0,0,0,0,0,4.53925E+20,5.52187E+21,8.35912E+15,4.98475E+16
193492,7,2,11,0,2018,5,20,7,2,0,7,0,1,0,1,0,0,0,0,3.31245E+20,5.51173E+21,6.65806E+15,4.97344E+16
193493,7,2,11,0,2018,5,19,7,3,5,3,0,1,1,0,0,0,0,0,3.30775E+20,5.51191E+21,6.65147E+15,4.97359E+16
193494,7,1,33,109,2018,6,18,5,3,5,3,0,0,1,0,1,0,0,1,4.11908E+20,5.52683E+21,7.77366E+15,4.98873E+16
193495,7,3,39,30,2018,6,14,5,3,3,2,0,1,1,0,0,0,0,0,4.30723E+20,5.53678E+21,8.03375E+15,4.99793E+16
193496,7,1,32,63,2018,5,15,7,2,0,3,0,1,1,0,0,0,0,0,4.2003E+20,5.62945E+21,7.86492E+15,5.08113E+16
193497,7,1,35,2,2018,5,13,7,3,6,4,0,0,1,1,0,0,0,0,3.59994E+20,5.5604E+21,7.03907E+15,5.01792E+16
193498,7,3,15,0,2018,6,21,5,3,4,6,1,0,1,0,0,0,0,0,4.41392E+20,5.53747E+21,8.18244E+15,4.99866E+16
193499,7,1,37,216,2018,5,16,7,3,2,6,0,0,1,0,0,0,0,0,3.93016E+20,5.5829E+21,7.49502E+15,5.03884E+16
193500,7,3,15,0,2018,6,8,5,3,5,3,0,1,1,0,0,0,0,0,4.4981E+20,5.53653E+21,8.29998E+15,4.9979E+16
193501,7,3,15,0,2018,6,0,5,3,1,1,2,0,1,0,1,0,0,0,4.47507E+20,5.53625E+21,8.26791E+15,4.99763E+16
193502,7,3,20,0,2018,5,13,6,3,0,7,0,0,1,1,0,0,0,0,3.83378E+20,5.45701E+21,7.39733E+15,4.92548E+16
193503,7,2,11,0,2018,6,17,5,3,1,6,0,0,1,0,1,0,0,0,3.30703E+20,5.5139E+21,6.6496E+15,4.97537E+16
193504,7,3,12,0,2018,5,2,6,3,6,7,2,0,1,1,0,0,0,1,4.09432E+20,5.47554E+21,7.75106E+15,4.94258E+16
193505,7,3,32,25,2018,5,12,6,3,4,6,0,0,1,0,0,0,1,0,4.45921E+20,5.46952E+21,8.25501E+15,4.9376E+16
193506,7,2,11,0,2018,6,15,5,3,1,5,0,1,1,0,0,0,0,1,3.29919E+20,5.51473E+21,6.63836E+15,4.97609E+16
193507,7,3,34,1,2018,5,7,6,3,4,6,0,1,0,0,0,0,0,0,4.48524E+20,5.44926E+21,8.29347E+15,4.9194E+16
193508,7,1,41,92,2018,6,11,5,3,2,1,0,0,1,0,1,0,0,0,4.17688E+20,5.56195E+21,7.84657E+15,5.0204E+16
193509,7,3,18,0,2018,5,12,6,3,5,3,0,0,1,0,1,0,0,0,4.58168E+20,5.46303E+21,8.42439E+15,4.93186E+16
193510,7,1,32,501,2018,6,12,5,2,4,2,0,0,1,0,1,0,0,0,4.04769E+20,5.61596E+21,7.65185E+15,5.06877E+16
193511,7,3,38,17,2018,5,20,6,3,2,6,0,1,0,0,0,0,0,0,4.55643E+20,5.47421E+21,8.3884E+15,4.94189E+16
193512,7,3,38,17,2018,5,11,6,2,2,6,0,0,1,0,1,0,0,0,4.56187E+20,5.47426E+21,8.3959E+15,4.94194E+16
193513,7,1,38,45,2018,6,14,5,3,5,3,0,0,1,0,0,0,0,0,3.96658E+20,5.58908E+21,7.54452E+15,5.04446E+16
193514,7,1,38,45,2018,6,8,5,3,0,6,0,1,0,0,0,0,1,0,3.91076E+20,5.59158E+21,7.46521E+15,5.04661E+16
193515,7,3,38,17,2018,5,11,6,3,2,7,0,0,0,0,1,1,0,0,4.56764E+20,5.47323E+21,8.40397E+15,4.94102E+16
193516,7,1,37,68,2018,6,7,5,3,1,6,0,0,1,0,1,0,0,0,3.73601E+20,5.57625E+21,7.22426E+15,5.03248E+16
193517,7,3,14,0,2018,5,10,6,2,5,3,0,0,1,0,0,0,0,0,4.57742E+20,5.48174E+21,8.41654E+15,4.94868E+16
193518,7,3,14,0,2018,5,10,6,3,1,2,0,0,1,0,0,0,0,0,4.57584E+20,5.48178E+21,8.41436E+15,4.94871E+16
193519,7,1,40,144,2018,6,12,5,3,7,2,0,0,1,0,0,0,0,0,3.95848E+20,5.53739E+21,7.54731E+15,4.99798E+16
193520,7,3,14,0,2018,5,7,6,3,6,6,1,0,1,1,0,0,0,0,4.55388E+20,5.48655E+21,8.3835E+15,4.953E+16
193521,7,3,12,0,2018,6,7,4,3,5,3,0,0,1,0,0,0,0,0,4.10168E+20,5.47773E+21,7.76072E+15,4.94456E+16
193522,7,3,12,0,2018,6,6,4,2,5,3,0,1,1,0,0,0,0,0,4.09478E+20,5.47734E+21,7.75128E+15,4.9442E+16
193523,7,3,14,0,2018,5,15,6,3,2,7,0,0,1,0,0,0,1,0,4.57001E+20,5.47935E+21,8.40657E+15,4.94653E+16
193524,7,3,13,0,2018,6,13,4,2,5,1,0,1,1,0,0,0,0,0,4.3505E+20,5.44977E+21,8.10848E+15,4.91973E+16
193525,7,1,33,6,2018,5,17,6,3,2,6,0,0,1,0,0,0,0,0,4.16986E+20,5.52244E+21,7.84528E+15,4.98486E+16
193526,7,3,18,0,2018,6,11,4,3,5,3,0,1,1,0,0,0,0,0,4.58873E+20,5.46323E+21,8.43407E+15,4.93204E+16
193527,7,3,19,0,2018,5,12,6,3,3,6,0,0,1,0,0,0,0,0,4.53723E+20,5.49787E+21,8.35915E+15,4.96316E+16
193528,7,3,15,0,2018,5,14,6,3,0,7,0,0,0,0,0,0,1,0,4.43549E+20,5.5413E+21,8.21197E+15,5.00213E+16
193529,7,1,33,6,2018,6,18,4,3,6,3,0,0,1,1,0,0,0,0,4.19677E+20,5.52136E+21,7.88293E+15,4.98393E+16
193530,7,2,31,134,2018,5,17,6,3,1,2,0,0,1,0,0,0,0,0,3.47707E+20,5.53771E+21,6.87614E+15,4.99723E+16
193531,7,1,33,6,2018,6,13,4,3,3,6,0,1,1,0,0,0,0,0,4.19035E+20,5.52212E+21,7.87384E+15,4.9846E+16
193532,7,2,35,68,2018,5,13,6,3,0,7,0,0,1,0,0,0,0,0,3.2506E+20,5.50689E+21,6.57447E+15,4.96891E+16
193533,7,2,11,0,2018,5,13,6,3,9,1,0,0,0,0,1,0,0,0,3.3135E+20,5.51464E+21,6.65826E+15,4.97606E+16
193534,7,3,19,0,2018,6,21,4,2,5,2,0,0,1,0,0,0,0,0,4.53576E+20,5.4963E+21,8.3573E+15,4.96175E+16
193535,7,1,43,81,2018,5,14,6,3,2,6,0,0,1,0,0,0,0,0,4.14378E+20,5.59213E+21,7.79334E+15,5.04749E+16
193536,7,3,19,0,2018,6,19,4,3,1,1,0,1,1,0,0,0,0,0,4.53251E+20,5.49835E+21,8.35257E+15,4.96359E+16
193537,7,3,19,0,2018,6,16,4,3,5,3,0,0,1,0,0,0,0,0,4.53317E+20,5.49805E+21,8.35352E+15,4.96332E+16
193538,7,1,38,45,2018,5,14,6,3,1,6,0,0,1,0,1,0,0,0,3.91008E+20,5.58786E+21,7.46533E+15,5.04327E+16
193539,7,3,15,0,2018,6,11,4,3,5,3,0,1,1,0,0,0,0,0,4.45354E+20,5.53863E+21,8.23754E+15,4.99975E+16
193540,7,1,41,75,2018,5,16,6,3,3,2,0,1,1,0,0,0,0,0,4.00565E+20,5.57349E+21,7.60366E+15,5.03051E+16
193541,7,3,15,0,2018,6,14,4,3,4,3,0,1,1,0,0,0,0,0,4.50676E+20,5.53428E+21,8.31234E+15,4.99588E+16
193542,7,1,11,0,2018,5,9,6,3,4,6,0,0,1,0,0,0,1,0,3.98872E+20,5.57884E+21,7.57845E+15,5.0353E+16
193543,7,3,12,0,2018,5,16,5,3,3,2,0,1,1,0,0,0,0,1,4.1171E+20,5.47805E+21,7.78192E+15,4.94487E+16
193544,7,2,35,104,2018,6,19,4,3,5,3,0,1,1,0,0,0,0,0,3.10153E+20,5.49383E+21,6.37433E+15,4.95672E+16
193545,7,3,32,27,2018,5,15,5,3,0,7,0,1,0,0,0,0,0,0,4.33212E+20,5.48757E+21,8.07691E+15,4.95371E+16
193546,7,2,35,68,2018,6,16,4,3,0,7,0,1,1,0,0,0,0,1,3.25296E+20,5.50776E+21,6.57735E+15,4.9697E+16
193547,7,1,31,70,2018,6,7,4,3,5,3,0,1,1,0,0,0,0,0,3.75568E+20,5.6042E+21,7.2426E+15,5.05764E+16
193548,7,3,32,2,2018,5,11,5,3,1,5,0,1,1,0,0,0,0,0,4.38394E+20,5.47805E+21,8.15E+15,4.9452E+16
193549,7,1,37,216,2018,6,13,4,3,5,3,0,0,1,0,0,0,0,0,3.94663E+20,5.5838E+21,7.51793E+15,5.03968E+16
193550,7,1,37,211,2018,6,13,4,3,5,3,0,1,1,0,0,0,0,0,3.91091E+20,5.5838E+21,7.46768E+15,5.03961E+16
193551,7,3,17,0,2018,6,9,3,3,2,2,0,0,1,0,1,0,0,0,3.98851E+20,5.45E+21,7.61166E+15,4.91944E+16
193552,7,3,18,0,2018,5,14,5,3,2,6,0,1,1,0,0,0,0,0,4.58615E+20,5.46303E+21,8.43055E+15,4.93186E+16
193553,7,3,12,0,2018,6,23,3,3,5,3,2,0,0,0,1,0,0,0,4.08544E+20,5.47749E+21,7.73837E+15,4.94432E+16
193554,7,3,38,20,2018,5,18,5,3,5,3,0,0,1,0,0,0,0,0,4.5858E+20,5.47398E+21,8.42893E+15,4.94171E+16
193555,7,3,12,0,2018,6,19,3,3,6,4,0,1,0,1,0,0,0,0,4.10541E+20,5.47773E+21,7.76587E+15,4.94457E+16
193556,7,3,11,0,2018,5,13,5,3,1,5,0,1,1,0,0,0,0,0,4.53657E+20,5.48703E+21,8.35952E+15,4.95341E+16
193557,7,3,14,0,2018,5,16,5,3,1,5,0,0,1,0,1,0,0,0,4.56455E+20,5.48628E+21,8.39827E+15,4.95276E+16
193558,7,3,35,15,2018,6,12,3,3,0,7,0,1,1,0,0,0,0,0,4.19277E+20,5.47741E+21,7.88642E+15,4.9444E+16
193559,7,3,14,0,2018,5,14,5,3,5,3,0,1,1,0,0,0,0,0,4.60058E+20,5.48104E+21,8.44858E+15,4.94807E+16
193560,7,3,18,0,2018,6,7,3,3,5,2,0,1,0,0,0,0,0,0,4.58344E+20,5.46647E+21,8.42646E+15,4.93495E+16
193561,7,3,38,25,2018,6,5,3,3,5,2,0,1,1,0,0,0,0,0,4.54205E+20,5.4706E+21,8.369E+15,4.93864E+16
193562,7,3,33,10,2018,5,17,5,3,0,1,0,1,0,0,0,0,0,0,4.28801E+20,5.49891E+21,8.01389E+15,4.96385E+16
193563,7,1,33,117,2018,6,7,3,3,5,3,0,0,1,0,1,0,0,0,4.14649E+20,5.52208E+21,7.81286E+15,4.98451E+16
193564,7,3,39,19,2018,5,19,5,3,5,3,0,1,1,0,0,0,0,0,4.29947E+20,5.53595E+21,8.02309E+15,4.99718E+16
193565,7,3,15,0,2018,5,19,5,2,5,3,0,1,0,0,0,0,1,0,4.47256E+20,5.53892E+21,8.26403E+15,5.00002E+16
193566,7,3,19,0,2018,6,21,3,3,5,3,1,1,1,0,0,0,0,0,4.53292E+20,5.4984E+21,8.35313E+15,4.96364E+16
193567,7,2,35,118,2018,5,6,5,3,5,3,0,1,1,0,0,0,0,0,3.23607E+20,5.49786E+21,6.55842E+15,4.96075E+16
193568,7,2,11,0,2018,5,9,5,3,3,7,0,1,1,0,0,0,0,0,3.31027E+20,5.51448E+21,6.65385E+15,4.9759E+16
193569,7,3,39,30,2018,6,19,3,3,6,6,0,0,1,1,0,0,0,0,4.33805E+20,5.53679E+21,8.07674E+15,4.99798E+16
193570,7,2,11,0,2018,5,8,5,3,5,3,0,1,1,0,0,0,0,0,3.30617E+20,5.51234E+21,6.64909E+15,4.97397E+16
193571,7,1,38,45,2018,6,17,3,3,2,2,0,1,1,0,0,0,0,0,3.89275E+20,5.58973E+21,7.44039E+15,5.04491E+16
193572,7,1,38,45,2018,5,13,5,3,5,3,0,0,1,0,0,0,0,0,3.92446E+20,5.58924E+21,7.48518E+15,5.04453E+16
193573,7,1,38,45,2018,6,13,3,2,5,2,0,0,1,0,1,0,0,0,3.93048E+20,5.58839E+21,7.4939E+15,5.04378E+16
193574,7,1,37,68,2018,6,11,3,3,2,6,0,0,1,0,0,0,0,0,3.75227E+20,5.57649E+21,7.24701E+15,5.03273E+16
193575,7,1,37,3,2018,5,8,5,3,2,2,0,0,1,0,0,0,0,0,3.849E+20,5.58743E+21,7.3795E+15,5.04276E+16
193576,7,3,12,0,2018,6,10,2,3,1,6,0,0,1,0,0,0,0,0,4.07684E+20,5.47608E+21,7.72684E+15,4.94304E+16
193577,7,1,41,75,2018,5,14,5,3,0,7,0,1,0,0,0,0,0,1,4.00453E+20,5.57465E+21,7.60178E+15,5.03156E+16
193578,7,1,37,203,2018,5,12,5,3,5,3,0,0,1,0,0,0,0,0,3.99115E+20,5.58628E+21,7.57987E+15,5.04199E+16
193579,7,3,32,25,2018,6,8,2,3,5,3,0,1,1,0,0,0,0,0,4.45334E+20,5.46836E+21,8.24708E+15,4.93655E+16
193580,7,1,11,0,2018,5,17,5,3,6,4,0,0,1,1,0,0,0,0,3.96663E+20,5.57822E+21,7.54759E+15,5.0347E+16
193581,7,3,16,0,2018,6,10,2,2,1,5,0,1,1,0,0,0,0,0,4.375E+20,5.46731E+21,8.13936E+15,4.93553E+16
193582,7,3,13,0,2018,6,12,2,2,9,1,0,0,1,0,0,0,0,0,4.38301E+20,5.45164E+21,8.1528E+15,4.92144E+16
193583,7,1,11,0,2018,5,8,5,3,6,4,0,0,1,1,0,0,0,0,4.00132E+20,5.57887E+21,7.59615E+15,5.03534E+16
193584,7,3,18,0,2018,6,17,2,2,1,5,0,1,1,0,0,0,0,0,4.59518E+20,5.46186E+21,8.44308E+15,4.93082E+16
193585,7,3,31,3,2018,6,17,2,3,1,2,0,0,1,0,0,0,0,0,4.38147E+20,5.51051E+21,8.14148E+15,4.97439E+16
193586,7,2,33,56,2018,6,16,2,2,6,4,0,0,1,1,0,0,1,0,3.3519E+20,5.56708E+21,6.68904E+15,5.02329E+16
193587,7,3,35,22,2018,5,10,4,3,5,3,0,0,1,0,1,0,0,0,3.96102E+20,5.47436E+21,7.56761E+15,4.9413E+16