OBJECTID_1,ULAND,UREGBEZ,UKREIS,UGEMEINDE,UJAHR,UMONAT,USTUNDE,UWOCHENTAG,UKATEGORIE,UART,UTYP1,ULICHTVERH,IstRad,IstPKW,IstFuss,IstKrad,IstGkfz,IstSonstig,STRZUSTAND,LINREFX,LINREFY,XGCSWGS84,YGCSWGS84
193963,7,3,14,0,2018,7,19,2,3,6,7,0,0,1,1,0,0,0,0,4.60134E+20,5.481E+21,8.44965E+15,4.94804E+16
193964,7,3,20,0,2018,7,10,2,3,3,6,0,1,1,0,0,0,0,0,3.80358E+20,5.45702E+21,7.35585E+15,4.92542E+16
193965,7,1,33,6,2018,7,19,2,2,7,1,0,0,0,0,1,0,0,0,4.17164E+20,5.51858E+21,7.84858E+15,4.98139E+16
193966,7,3,12,0,2018,7,14,2,3,6,4,0,0,1,1,0,0,0,0,4.06492E+20,5.47732E+21,7.71011E+15,4.94414E+16
193967,7,1,33,117,2018,7,17,2,3,5,2,0,0,1,0,1,0,0,0,4.14563E+20,5.52196E+21,7.8117E+15,4.9844E+16
193968,7,3,12,0,2018,7,13,2,3,1,6,0,0,1,0,0,0,0,0,4.10233E+20,5.47755E+21,7.76164E+15,4.9444E+16
193969,7,3,31,3,2018,7,10,2,2,6,7,0,0,1,1,0,0,0,0,4.36703E+20,5.51145E+21,8.12129E+15,4.97522E+16
193970,7,3,32,19,2018,7,16,2,3,7,7,0,0,1,0,0,0,0,0,4.4342E+20,5.48407E+21,8.21849E+15,4.95067E+16
193971,7,3,11,0,2018,7,17,2,2,5,3,0,0,1,0,1,0,0,0,4.53032E+20,5.48719E+21,8.35087E+15,4.95355E+16
193972,7,1,34,5,2018,7,0,2,3,8,1,2,0,1,0,0,0,0,0,3.78011E+20,5.49793E+21,7.31102E+15,4.96216E+16
193973,7,3,11,0,2018,7,14,2,3,2,2,0,0,0,0,0,1,1,0,4.5212E+20,5.48869E+21,8.33808E+15,4.95489E+16
193974,7,1,34,45,2018,7,10,2,3,0,1,0,1,0,0,0,0,0,0,3.78229E+20,5.50758E+21,7.31104E+15,4.97084E+16
193975,7,1,41,29,2018,7,16,2,3,1,5,0,0,1,0,0,0,0,0,4.29515E+20,5.58059E+21,8.00879E+15,5.03731E+16
193976,7,3,15,0,2018,7,19,2,3,1,7,0,0,1,0,0,1,0,0,4.47112E+20,5.53424E+21,8.26267E+15,4.99581E+16
193977,7,1,41,51,2018,7,11,2,3,5,5,0,1,1,0,0,0,0,0,4.33657E+20,5.57283E+21,8.0684E+15,5.03039E+16
193978,7,3,15,0,2018,7,7,2,3,0,1,0,0,0,0,1,0,0,0,4.4579E+20,5.54012E+21,8.24341E+15,5.00109E+16
193979,7,1,32,113,2018,7,9,2,3,9,1,0,0,1,0,0,0,0,0,4.24199E+20,5.61984E+21,7.92605E+15,5.07254E+16
193980,7,1,32,501,2018,7,15,2,3,5,2,0,0,1,0,0,0,0,0,4.03684E+20,5.61576E+21,7.63655E+15,5.06857E+16
193981,7,1,31,70,2018,7,16,2,3,6,5,0,0,1,1,0,0,0,0,3.74734E+20,5.60458E+21,7.23069E+15,5.05797E+16
193982,7,3,37,501,2018,7,13,1,2,0,1,0,0,0,0,1,0,0,0,4.27029E+20,5.45218E+21,7.99795E+15,4.9218E+16
193983,7,1,37,68,2018,7,7,2,3,4,2,0,0,0,0,1,0,1,0,3.74499E+20,5.5777E+21,7.23639E+15,5.0338E+16
193984,7,3,18,0,2018,7,2,1,3,9,1,2,1,0,0,0,0,0,0,4.58719E+20,5.46359E+21,8.43192E+15,4.93236E+16
193985,7,3,34,501,2018,7,0,1,3,0,7,2,1,0,0,0,0,0,0,4.45165E+20,5.43372E+21,8.24949E+15,4.90539E+16
193986,7,3,14,0,2018,7,23,1,3,0,1,2,1,0,0,0,0,0,0,4.55518E+20,5.48224E+21,8.38578E+15,4.94912E+16
193987,7,3,19,0,2018,7,19,1,3,0,1,0,0,0,0,1,0,0,1,4.52913E+20,5.49732E+21,8.34801E+15,4.96266E+16
193988,7,3,39,9,2018,7,13,1,3,1,7,0,0,1,0,1,0,0,0,4.40522E+20,5.54103E+21,8.16975E+15,5.00186E+16
193989,7,2,35,122,2018,7,14,1,2,5,3,0,0,1,0,1,0,0,0,3.25102E+20,5.50134E+21,6.57754E+15,4.96393E+16
193990,7,3,39,30,2018,7,16,1,3,4,6,0,1,0,0,0,0,0,0,4.32705E+20,5.53691E+21,8.06138E+15,4.99807E+16
193991,7,3,18,0,2018,7,17,7,3,5,7,0,1,1,0,0,0,0,0,4.59123E+20,5.46476E+21,8.43735E+15,4.93342E+16
193992,7,3,15,0,2018,7,9,1,3,0,1,0,0,0,0,1,0,0,0,4.45521E+20,5.53566E+21,8.24029E+15,4.99708E+16
193993,7,3,14,0,2018,7,18,7,3,5,5,0,0,0,0,1,0,1,0,4.55779E+20,5.4859E+21,8.38898E+15,4.95241E+16
193994,7,1,41,66,2018,7,8,1,2,0,7,0,1,0,0,0,0,0,0,4.01243E+20,5.56501E+21,7.61539E+15,5.0229E+16
193995,7,1,31,77,2018,7,8,1,3,7,7,0,1,0,0,0,0,1,0,3.73462E+20,5.60121E+21,7.21388E+15,5.05491E+16
193996,7,3,39,65,2018,7,2,7,2,0,1,2,1,0,0,0,0,0,0,4.25577E+20,5.52606E+21,7.96406E+15,4.98823E+16
193997,7,3,38,19,2018,7,17,7,3,5,3,0,0,1,0,0,0,0,0,4.53507E+20,5.47756E+21,8.35857E+15,4.94489E+16
193998,7,3,11,0,2018,7,17,7,3,0,1,0,1,0,0,0,0,0,0,4.53341E+20,5.48571E+21,8.35531E+15,4.95222E+16
193999,7,3,15,0,2018,7,18,7,3,3,2,0,0,1,0,1,0,0,0,4.46442E+20,5.53994E+21,8.25253E+15,5.00094E+16
194000,7,1,43,308,2018,7,18,7,3,1,7,0,0,1,0,0,0,0,0,4.27206E+20,5.60095E+21,7.97237E+15,5.05559E+16
194001,7,1,38,73,2018,7,14,7,3,0,2,0,1,0,0,1,0,0,0,3.74019E+20,5.60636E+21,7.22E+15,5.05955E+16
194002,7,3,19,0,2018,7,3,7,3,1,5,2,1,1,0,0,0,0,0,4.53558E+20,5.49712E+21,8.35696E+15,4.96248E+16
194003,7,1,38,45,2018,7,11,7,3,0,5,0,0,1,0,0,0,0,0,3.9194E+20,5.58759E+21,7.47853E+15,5.04304E+16
194004,7,2,32,201,2018,7,19,7,2,8,1,0,1,0,0,0,0,0,0,3.04842E+20,5.55238E+21,6.27152E+15,5.00916E+16
194005,7,1,31,34,2018,7,12,7,2,0,1,0,1,0,0,0,0,1,0,3.51768E+20,5.58964E+21,6.91245E+15,5.044E+16
194006,7,1,41,94,2018,7,1,7,2,0,7,2,0,1,0,0,0,0,0,4.11831E+20,5.5671E+21,7.76332E+15,5.02494E+16
194007,7,3,20,0,2018,7,5,6,3,5,3,0,0,1,0,0,0,0,0,3.81025E+20,5.45685E+21,7.36506E+15,4.92528E+16
194008,7,1,38,65,2018,7,20,7,3,4,2,1,0,1,0,1,0,0,0,3.88106E+20,5.60256E+21,7.42009E+15,5.05642E+16
194009,7,3,12,0,2018,7,13,6,3,3,6,0,0,1,0,1,0,0,0,4.09925E+20,5.4774E+21,7.75744E+15,4.94426E+16
194010,7,3,12,0,2018,7,9,6,3,6,2,0,0,1,1,0,0,0,0,4.11386E+20,5.47745E+21,7.77757E+15,4.94432E+16
194011,7,1,38,45,2018,7,15,7,3,5,2,0,0,1,0,0,0,0,1,3.92597E+20,5.58841E+21,7.48754E+15,5.04379E+16
194012,7,3,32,13,2018,7,19,6,3,5,3,0,0,1,0,0,0,0,0,4.46593E+20,5.47929E+21,8.26295E+15,4.94639E+16
194013,7,1,37,203,2018,7,18,7,3,5,3,0,1,1,0,0,0,0,0,3.98393E+20,5.58693E+21,7.56954E+15,5.04256E+16
194014,7,3,16,0,2018,7,15,6,3,2,6,0,0,1,0,0,0,0,0,4.38626E+20,5.46806E+21,8.15475E+15,4.93622E+16
194015,7,3,32,2,2018,7,11,6,3,4,2,0,0,1,0,0,0,0,0,4.42385E+20,5.48033E+21,8.20473E+15,4.94729E+16
194016,7,3,34,9,2018,7,18,6,3,0,6,0,0,0,0,1,0,1,0,4.45111E+20,5.44028E+21,8.24786E+15,4.91129E+16
194017,7,3,13,0,2018,7,17,6,3,5,3,0,1,1,0,0,0,0,0,4.36143E+20,5.45024E+21,8.12341E+15,4.92016E+16
194018,7,3,13,0,2018,7,17,6,2,4,6,0,1,0,0,0,0,0,0,4.36515E+20,5.44958E+21,8.12861E+15,4.91957E+16
194019,7,3,13,0,2018,7,13,6,3,5,2,0,1,0,0,0,0,0,0,4.36221E+20,5.45044E+21,8.12444E+15,4.92034E+16
194020,7,3,18,0,2018,7,9,6,2,5,2,0,0,1,0,0,0,0,0,4.58312E+20,5.46384E+21,8.42629E+15,4.93258E+16
194021,7,3,18,0,2018,7,17,6,3,6,6,0,0,1,1,0,0,0,0,4.58568E+20,5.46283E+21,8.42992E+15,4.93168E+16
194022,7,3,38,1,2018,7,19,6,2,0,1,0,1,0,0,0,0,0,0,4.63982E+20,5.47611E+21,8.5032E+15,4.94366E+16
194023,7,3,38,5,2018,7,14,6,3,8,1,0,1,0,0,0,0,0,0,4.48491E+20,5.47067E+21,8.29026E+15,4.93866E+16
194024,7,3,38,18,2018,7,14,6,3,6,7,0,0,1,1,0,0,0,0,4.49655E+20,5.48141E+21,8.30493E+15,4.94833E+16
194025,7,3,11,0,2018,7,11,6,2,5,3,0,1,1,0,0,0,0,0,4.53015E+20,5.48709E+21,8.35064E+15,4.95346E+16
194026,7,3,14,0,2018,7,11,6,3,3,7,0,0,1,0,0,0,0,0,4.56304E+20,5.48207E+21,8.39665E+15,4.94897E+16
194027,7,3,14,0,2018,7,5,6,3,4,2,1,0,1,0,0,0,0,0,4.5714E+20,5.47939E+21,8.40849E+15,4.94657E+16
194028,7,1,33,6,2018,7,22,6,3,0,1,2,1,0,0,0,0,0,0,4.19275E+20,5.52096E+21,7.87742E+15,4.98356E+16
194029,7,3,14,0,2018,7,10,6,3,5,3,0,0,1,0,0,0,0,0,4.57504E+20,5.48041E+21,8.4134E+15,4.94748E+16
194030,7,1,33,6,2018,7,18,6,3,1,6,0,0,1,0,0,0,0,0,4.16986E+20,5.52244E+21,7.84528E+15,4.98486E+16
194031,7,3,31,48,2018,7,21,6,2,0,1,2,0,0,0,1,0,0,0,4.42829E+20,5.49823E+21,8.20826E+15,4.96339E+16
194032,7,1,33,6,2018,7,11,6,3,5,3,0,1,1,0,0,0,0,0,4.20356E+20,5.52311E+21,7.892E+15,4.98551E+16
194033,7,3,39,51,2018,7,3,6,3,1,5,2,0,1,0,1,0,0,0,4.35008E+20,5.53123E+21,8.09445E+15,4.99299E+16
194034,7,3,19,0,2018,7,22,6,2,0,7,1,1,0,0,0,0,0,0,4.52446E+20,5.49954E+21,8.34128E+15,4.96465E+16
194035,7,3,15,0,2018,7,8,6,3,5,7,0,1,1,0,0,0,0,0,4.46851E+20,5.53959E+21,8.25828E+15,5.00063E+16
194036,7,1,34,45,2018,7,20,6,2,8,1,0,0,1,0,0,0,0,0,3.84137E+20,5.50648E+21,7.39327E+15,4.96997E+16
194037,7,2,32,79,2018,7,22,6,3,9,1,2,0,1,0,0,0,0,0,3.20073E+20,5.53471E+21,6.49251E+15,4.99376E+16
194038,7,2,35,68,2018,7,19,6,3,5,2,0,0,1,0,0,0,0,0,3.26058E+20,5.50772E+21,6.58794E+15,4.96969E+16
194039,7,2,11,0,2018,7,12,6,3,1,6,0,0,1,0,0,0,1,0,3.29428E+20,5.5145E+21,6.63166E+15,4.97587E+16
194040,7,2,11,0,2018,7,17,6,3,0,2,0,0,1,0,1,0,0,0,3.33974E+20,5.51715E+21,6.69359E+15,4.97838E+16
194041,7,1,38,8,2018,7,10,6,2,1,5,0,0,1,0,0,0,0,0,3.7657E+20,5.60692E+21,7.25583E+15,5.06011E+16
194042,7,1,38,45,2018,7,11,6,3,6,7,0,0,0,1,0,1,0,0,3.93849E+20,5.59249E+21,7.50402E+15,5.04748E+16
194043,7,2,11,0,2018,7,18,6,3,4,6,0,1,0,1,0,0,0,0,3.29324E+20,5.51341E+21,6.63069E+15,4.97489E+16
194044,7,1,41,75,2018,7,14,6,3,0,5,0,0,1,0,1,0,0,0,4.02324E+20,5.57119E+21,7.62895E+15,5.02848E+16
194045,7,1,41,129,2018,7,13,6,3,2,7,0,0,1,0,0,1,0,0,4.16907E+20,5.5696E+21,7.83394E+15,5.02727E+16
194046,7,1,37,216,2018,7,12,6,3,1,6,0,0,1,0,0,1,0,0,3.94283E+20,5.58377E+21,7.51259E+15,5.03964E+16
194047,7,3,17,0,2018,7,22,5,3,0,1,2,1,0,0,0,0,0,0,3.98558E+20,5.45103E+21,7.60738E+15,4.92037E+16
194048,7,3,35,22,2018,7,17,5,3,0,1,0,0,1,0,1,0,0,0,3.95796E+20,5.47461E+21,7.56332E+15,4.94153E+16
194049,7,3,12,0,2018,7,21,5,3,0,1,0,0,1,1,0,0,0,0,4.10406E+20,5.47704E+21,7.76416E+15,4.94394E+16
194050,7,3,16,0,2018,7,14,5,3,5,3,0,0,1,0,0,0,0,0,4.37772E+20,5.46695E+21,8.14317E+15,4.9352E+16
194051,7,3,13,0,2018,7,9,5,3,3,5,0,1,1,0,0,0,0,0,4.36121E+20,5.45045E+21,8.12307E+15,4.92035E+16
194052,7,3,32,25,2018,7,16,5,3,5,3,0,1,1,0,0,0,0,0,4.4501E+20,5.4668E+21,8.24284E+15,4.93514E+16
194053,7,2,32,89,2018,7,18,5,3,4,1,0,0,1,0,0,0,0,0,3.06727E+20,5.53879E+21,6.30469E+15,4.99701E+16
194054,7,3,37,5,2018,7,11,5,3,0,1,0,0,0,0,1,0,0,1,4.27136E+20,5.43936E+21,8.00175E+15,4.91027E+16
194055,7,3,11,0,2018,7,17,5,3,6,6,0,0,0,1,1,0,0,0,4.53067E+20,5.4859E+21,8.35151E+15,4.95239E+16
194056,7,2,11,0,2018,7,15,5,3,2,6,0,0,1,0,0,0,0,0,3.29427E+20,5.51514E+21,6.63136E+15,4.97645E+16
194057,7,3,14,0,2018,7,13,5,3,6,7,0,0,1,1,0,0,0,0,4.53054E+20,5.48181E+21,8.35181E+15,4.94871E+16
194058,7,1,32,63,2018,7,5,5,2,0,1,0,1,0,0,0,0,0,0,4.21692E+20,5.63068E+21,7.88823E+15,5.08225E+16
194059,7,3,20,0,2018,7,17,4,3,5,3,0,0,1,0,1,0,0,0,3.812E+20,5.45554E+21,7.36785E+15,4.92411E+16
194060,7,2,11,0,2018,7,7,5,2,5,2,0,1,1,0,0,0,0,0,3.31506E+20,5.51559E+21,6.66001E+15,4.97691E+16
194061,7,3,33,24,2018,7,12,4,3,9,1,0,0,1,0,0,0,0,0,4.11211E+20,5.49208E+21,7.77187E+15,4.95748E+16
194062,7,1,43,229,2018,7,18,5,3,1,5,0,0,1,0,1,0,0,0,4.1645E+20,5.61227E+21,7.81801E+15,5.06563E+16
194063,7,3,14,0,2018,7,7,4,3,5,3,0,1,1,0,0,0,0,0,4.5455E+20,5.47796E+21,8.3729E+15,4.94526E+16
194064,7,1,43,48,2018,7,16,5,3,5,3,0,0,1,0,1,0,0,0,4.16513E+20,5.58844E+21,7.82425E+15,5.0442E+16
194065,7,2,35,68,2018,7,19,4,3,5,3,0,1,0,0,0,0,0,0,3.25229E+20,5.5087E+21,6.57601E+15,4.97055E+16
194066,7,2,11,0,2018,7,17,4,3,2,1,0,0,1,0,0,0,0,0,3.29689E+20,5.51437E+21,6.63534E+15,4.97576E+16
194067,7,1,38,45,2018,7,19,5,3,2,6,0,0,1,0,0,0,0,0,3.90846E+20,5.5875E+21,7.46316E+15,5.04294E+16
194068,7,1,38,45,2018,7,11,5,3,9,5,0,0,0,0,1,1,0,0,3.90749E+20,5.58733E+21,7.46185E+15,5.04278E+16
194069,7,1,41,91,2018,7,7,4,3,0,7,0,1,0,0,0,1,0,1,4.14036E+20,5.5748E+21,7.79249E+15,5.0319E+16
194070,7,1,37,203,2018,7,8,5,3,4,6,0,1,1,0,0,0,0,0,3.98194E+20,5.58637E+21,7.56689E+15,5.04205E+16
194071,7,1,37,3,2018,7,21,4,3,5,3,1,0,1,0,0,0,0,1,3.86072E+20,5.58878E+21,7.39559E+15,5.044E+16
194072,7,3,32,24,2018,7,10,3,3,6,4,0,0,1,1,0,0,0,0,4.39636E+20,5.49028E+21,8.16527E+15,4.95621E+16
194073,7,3,40,4,2018,7,18,4,3,5,3,0,0,1,0,0,0,0,0,4.1086E+20,5.4448E+21,7.77761E+15,4.91496E+16
194074,7,3,13,0,2018,7,14,3,3,3,5,0,1,1,0,0,0,0,0,4.37805E+20,5.4496E+21,8.14632E+15,4.91961E+16
194075,7,3,20,0,2018,7,12,4,3,0,1,0,0,0,0,1,0,1,1,3.80253E+20,5.45395E+21,7.35532E+15,4.92266E+16
194076,7,3,32,2,2018,7,18,4,2,8,1,0,0,0,0,1,0,0,0,4.41161E+20,5.47959E+21,8.18794E+15,4.94661E+16
194077,7,3,18,0,2018,7,13,3,3,5,3,0,1,1,0,0,0,0,0,4.57814E+20,5.46442E+21,8.41937E+15,4.93311E+16
194078,7,3,34,17,2018,7,8,4,3,4,6,0,0,1,0,1,0,0,0,4.52081E+20,5.45507E+21,8.3416E+15,4.92465E+16
194079,7,1,33,6,2018,7,18,3,3,6,4,0,0,1,1,0,0,0,0,4.19747E+20,5.52235E+21,7.88369E+15,4.98482E+16
194080,7,3,18,0,2018,7,10,4,3,2,6,0,1,1,0,0,0,0,0,4.59145E+20,5.46417E+21,8.43772E+15,4.93289E+16
194081,7,3,40,38,2018,7,16,2,2,0,1,0,1,0,0,0,0,0,0,4.02588E+20,5.45412E+21,7.66195E+15,4.92321E+16
194082,7,3,35,22,2018,7,21,2,3,1,5,0,0,1,0,0,0,0,0,3.96102E+20,5.47436E+21,7.56761E+15,4.9413E+16
194083,7,3,18,0,2018,7,22,4,3,5,3,2,0,1,0,0,0,0,0,4.57774E+20,5.46326E+21,8.41894E+15,4.93206E+16
194084,7,3,12,0,2018,7,15,2,3,6,2,0,0,1,1,0,0,0,0,4.104E+20,5.47703E+21,7.76407E+15,4.94393E+16
194085,7,3,38,18,2018,7,14,4,2,1,1,0,0,1,0,1,0,0,0,4.48898E+20,5.48191E+21,8.29442E+15,4.94876E+16
194086,7,3,14,0,2018,7,13,2,3,5,3,0,1,1,0,0,0,0,0,4.57688E+20,5.48175E+21,8.41579E+15,4.94869E+16
194087,7,1,33,6,2018,7,10,2,2,6,4,0,0,1,1,0,0,0,0,4.20397E+20,5.52268E+21,7.89267E+15,4.98512E+16
194088,7,3,14,0,2018,7,5,4,3,1,1,1,0,1,0,0,1,0,0,4.57294E+20,5.48573E+21,8.40993E+15,4.95227E+16
194089,7,2,11,0,2018,7,20,2,3,2,6,0,0,1,0,0,0,0,0,3.28756E+20,5.51403E+21,6.62254E+15,4.97543E+16
194090,7,3,14,0,2018,7,15,4,3,5,3,0,1,1,0,0,0,0,0,4.57365E+20,5.47722E+21,8.41182E+15,4.94461E+16
194091,7,3,15,0,2018,7,9,4,3,0,7,0,0,0,1,0,1,0,0,4.4777E+20,5.53895E+21,8.27121E+15,5.00006E+16
194092,7,2,11,0,2018,7,18,2,3,1,6,0,0,1,0,0,0,0,0,3.30074E+20,5.51236E+21,6.64155E+15,4.97397E+16
194093,7,2,11,0,2018,7,10,4,3,5,3,0,1,1,0,0,0,0,0,3.31617E+20,5.51502E+21,6.6618E+15,4.97641E+16
194094,7,1,41,6,2018,7,11,2,3,5,3,0,1,1,0,0,0,0,0,4.0897E+20,5.57853E+21,7.72045E+15,5.03518E+16
194095,7,2,11,0,2018,7,10,4,3,8,7,0,1,0,0,0,0,0,0,3.30621E+20,5.51359E+21,6.64861E+15,4.97509E+16
194096,7,1,32,6,2018,7,10,2,3,6,4,0,0,1,1,0,0,0,0,4.18861E+20,5.62771E+21,7.84871E+15,5.07955E+16
194097,7,1,38,45,2018,7,10,2,3,5,3,0,0,0,0,0,1,1,0,3.91183E+20,5.58753E+21,7.4679E+15,5.04297E+16
194098,7,1,43,212,2018,7,22,4,2,0,1,2,1,0,0,0,0,0,0,4.08363E+20,5.61358E+21,7.7033E+15,5.06668E+16
194099,7,1,37,68,2018,7,14,2,3,1,6,0,0,1,0,0,0,1,0,3.74626E+20,5.57659E+21,7.23854E+15,5.03281E+16
194100,7,1,37,228,2018,7,8,4,3,4,1,0,0,1,0,0,1,0,0,3.89918E+20,5.58556E+21,7.45068E+15,5.04118E+16
194101,7,3,20,0,2018,7,13,3,3,5,1,0,1,0,0,0,0,1,0,3.80664E+20,5.45512E+21,7.36062E+15,4.92372E+16
194102,7,3,38,17,2018,7,17,1,3,5,3,0,1,1,0,0,0,0,0,4.5657E+20,5.47356E+21,8.40126E+15,4.94132E+16
194103,7,3,12,0,2018,7,19,3,3,1,7,0,0,1,0,1,0,0,0,4.10948E+20,5.47707E+21,7.77162E+15,4.94398E+16
194104,7,3,32,2,2018,7,17,3,3,5,3,0,1,1,0,0,0,0,0,4.40301E+20,5.47939E+21,8.17611E+15,4.94643E+16
194105,7,3,13,0,2018,7,16,3,3,0,1,0,1,1,0,0,0,0,0,4.35673E+20,5.45049E+21,8.11691E+15,4.92038E+16
194106,7,3,15,0,2018,7,12,1,3,1,5,0,1,1,0,0,0,0,0,4.46807E+20,5.53965E+21,8.25767E+15,5.00068E+16
194107,7,3,13,0,2018,7,13,3,2,5,3,0,0,1,0,0,0,0,0,4.35287E+20,5.45016E+21,8.11166E+15,4.92008E+16
194108,7,1,43,81,2018,7,11,1,3,5,2,0,0,1,0,1,0,0,0,4.14601E+20,5.59146E+21,7.79664E+15,5.04689E+16
194109,7,3,11,0,2018,7,10,3,3,6,7,0,0,1,1,0,0,0,0,4.51746E+20,5.48799E+21,8.33299E+15,4.95426E+16
194110,7,1,38,45,2018,7,2,1,3,1,5,2,0,1,0,0,0,0,0,3.90604E+20,5.58685E+21,7.45995E+15,5.04235E+16
194111,7,3,12,0,2018,7,16,7,3,6,4,0,0,1,1,0,0,0,0,4.0861E+20,5.47743E+21,7.73929E+15,4.94427E+16
194112,7,1,33,6,2018,7,9,3,2,6,4,0,1,0,1,0,0,0,0,4.18735E+20,5.52098E+21,7.86991E+15,4.98357E+16
194113,7,3,12,0,2018,7,12,7,3,5,7,0,0,0,0,0,0,1,0,4.09682E+20,5.47742E+21,7.75408E+15,4.94427E+16
194114,7,3,39,43,2018,7,9,3,3,5,3,0,1,1,0,0,0,0,0,4.52082E+20,5.52383E+21,8.33324E+15,4.98649E+16
194115,7,2,32,27,2018,7,15,3,3,9,1,0,0,1,0,0,0,0,0,3.29685E+20,5.53821E+21,6.62479E+15,4.99719E+16
194116,7,3,34,7,2018,7,13,7,3,3,6,0,1,0,0,0,0,0,0,4.54317E+20,5.45366E+21,8.37247E+15,4.9234E+16
194117,7,2,11,0,2018,7,21,3,2,0,1,0,0,0,0,1,0,0,0,3.29651E+20,5.51437E+21,6.6348E+15,4.97577E+16
194118,7,3,13,0,2018,7,1,7,3,5,7,2,1,0,0,0,0,0,0,4.35714E+20,5.45017E+21,8.11752E+15,4.9201E+16
194119,7,3,18,0,2018,7,12,7,3,6,2,0,0,1,1,0,0,0,0,4.58704E+20,5.46364E+21,8.4317E+15,4.93241E+16
194120,7,2,11,0,2018,7,17,3,2,5,4,0,0,1,1,0,0,0,0,3.30215E+20,5.51462E+21,6.64253E+15,4.976E+16
194121,7,3,38,16,2018,7,17,7,3,9,7,0,0,0,0,0,0,1,0,4.48646E+20,5.48406E+21,8.29066E+15,4.9507E+16
194122,7,3,39,5,2018,7,18,7,3,5,3,0,0,1,0,0,0,0,0,4.22064E+20,5.53398E+21,7.91357E+15,4.99531E+16
194123,7,1,43,74,2018,7,5,3,3,5,3,0,0,1,0,0,0,0,0,4.24294E+20,5.59024E+21,7.93343E+15,5.04593E+16
194124,7,3,15,0,2018,7,18,7,3,2,2,0,0,1,0,0,0,0,0,4.43879E+20,5.54159E+21,8.21653E+15,5.0024E+16
194125,7,1,38,45,2018,7,8,3,2,4,2,0,0,1,0,0,0,0,0,3.90356E+20,5.58769E+21,7.45621E+15,5.0431E+16
194126,7,2,32,18,2018,7,10,7,3,3,5,0,0,1,0,0,0,0,0,3.22422E+20,5.53697E+21,6.52417E+15,4.99587E+16
194127,7,1,31,7,2018,7,11,3,2,3,6,0,1,1,0,0,0,0,0,3.68551E+20,5.60088E+21,7.14471E+15,5.05451E+16
194128,7,3,12,0,2018,7,18,2,3,8,1,0,0,0,0,1,0,0,0,4.10347E+20,5.47672E+21,7.76341E+15,4.94365E+16
194129,7,2,31,92,2018,7,15,7,2,3,6,0,1,1,0,0,0,0,0,3.4865E+20,5.52466E+21,6.89438E+15,4.98552E+16
194130,7,3,18,0,2018,7,14,2,3,6,6,0,0,1,1,0,0,0,0,4.58531E+20,5.46316E+21,8.42938E+15,4.93198E+16
194131,7,2,11,0,2018,7,14,7,3,3,6,0,0,1,0,0,0,1,0,3.29834E+20,5.5148E+21,6.63716E+15,4.97616E+16
194132,7,3,12,0,2018,7,19,6,3,0,1,0,1,0,0,0,0,0,0,4.11816E+20,5.47754E+21,7.78349E+15,4.94441E+16
194133,7,3,31,58,2018,7,23,2,2,1,1,2,1,1,0,0,0,0,0,4.39349E+20,5.52543E+21,8.15584E+15,4.98782E+16
194134,7,3,16,0,2018,7,16,6,3,2,6,0,0,1,0,0,1,0,0,4.40026E+20,5.46573E+21,8.17437E+15,4.93414E+16
194135,7,3,19,0,2018,7,10,2,2,5,3,0,0,1,0,0,0,1,0,4.51592E+20,5.49826E+21,8.3296E+15,4.96349E+16
194136,7,3,39,30,2018,7,6,2,3,5,3,0,1,1,0,0,0,0,0,4.33149E+20,5.53606E+21,8.06772E+15,4.99731E+16
194137,7,3,11,0,2018,7,16,6,3,0,3,0,1,1,0,0,0,0,0,4.52815E+20,5.48763E+21,8.34782E+15,4.95394E+16
194138,7,1,43,267,2018,7,16,2,3,0,1,0,0,0,0,1,0,0,0,4.11047E+20,5.61245E+21,7.74154E+15,5.06571E+16
194139,7,1,41,25,2018,7,12,2,3,8,5,0,1,1,0,0,0,0,0,4.11491E+20,5.57561E+21,7.75656E+15,5.03259E+16
194140,7,1,38,45,2018,7,9,2,3,2,6,0,0,1,0,0,0,0,0,3.9151E+20,5.58863E+21,7.47218E+15,5.04396E+16
194141,7,3,14,0,2018,7,10,6,2,1,7,0,0,1,0,0,0,0,0,4.54699E+20,5.48291E+21,8.3744E+15,4.94971E+16
194142,7,3,15,0,2018,7,18,1,3,2,1,0,0,1,0,0,0,0,1,4.47958E+20,5.53831E+21,8.27391E+15,4.99948E+16
194143,7,3,15,0,2018,7,6,6,3,4,6,0,1,1,0,0,0,0,0,4.4712E+20,5.54017E+21,8.26197E+15,5.00115E+16
194144,7,1,41,118,2018,7,9,1,3,4,2,0,0,1,0,1,0,0,0,4.21312E+20,5.56904E+21,7.89587E+15,5.02682E+16
194145,7,3,15,0,2018,7,15,6,3,5,3,0,0,1,0,1,0,0,0,4.47182E+20,5.53905E+21,8.26299E+15,5.00014E+16
194146,7,2,35,74,2018,7,15,6,2,5,3,0,0,0,0,1,0,1,0,3.47241E+20,5.52078E+21,6.87633E+15,4.982E+16
194147,7,3,38,18,2018,7,13,7,3,2,2,0,0,1,0,1,0,0,1,4.48629E+20,5.48172E+21,8.29073E+15,4.94859E+16
194148,7,1,41,29,2018,7,15,6,2,8,1,0,0,1,0,0,0,0,0,4.3105E+20,5.57962E+21,8.03055E+15,5.03646E+16
194149,7,3,14,0,2018,7,17,7,3,0,1,0,0,0,0,1,0,0,1,4.53139E+20,5.48148E+21,8.35302E+15,4.94842E+16