OBJECTID_1,ULAND,UREGBEZ,UKREIS,UGEMEINDE,UJAHR,UMONAT,USTUNDE,UWOCHENTAG,UKATEGORIE,UART,UTYP1,ULICHTVERH,IstRad,IstPKW,IstFuss,IstKrad,IstGkfz,IstSonstig,STRZUSTAND,LINREFX,LINREFY,XGCSWGS84,YGCSWGS84
194150,7,3,15,0,2018,7,11,7,3,8,1,0,1,0,0,0,0,0,0,4.4521E+20,5.53691E+21,8.23578E+15,4.9982E+16
194151,7,1,31,7,2018,7,11,6,3,6,4,0,0,1,1,0,0,0,0,3.68278E+20,5.60108E+21,7.14079E+15,5.05468E+16
194152,7,2,32,105,2018,7,18,7,2,8,7,0,0,0,0,0,0,1,0,3.31271E+20,5.53994E+21,6.64614E+15,4.99879E+16
194153,7,1,37,3,2018,7,12,6,2,6,7,0,0,1,1,0,0,0,0,3.86741E+20,5.58656E+21,7.40568E+15,5.04201E+16
194154,7,2,35,36,2018,7,20,7,3,6,7,0,0,1,1,0,0,0,0,3.48449E+20,5.5002E+21,6.9011E+15,4.96353E+16
194155,7,1,37,218,2018,7,18,6,3,1,1,0,1,1,0,0,0,0,0,4.01413E+20,5.58326E+21,7.61301E+15,5.03931E+16
194156,7,1,37,212,2018,7,9,6,3,5,3,0,1,1,0,0,0,0,0,3.90426E+20,5.5746E+21,7.46101E+15,5.03133E+16
194157,7,1,11,0,2018,7,17,6,3,6,2,0,0,1,1,0,0,0,0,3.99772E+20,5.57898E+21,7.59107E+15,5.03544E+16
194158,7,1,31,77,2018,7,6,7,3,8,1,0,1,0,0,0,0,0,0,3.76328E+20,5.60059E+21,7.25453E+15,5.05441E+16
194159,7,1,11,0,2018,7,16,6,3,4,2,0,1,1,0,0,0,0,0,3.99925E+20,5.57976E+21,7.59302E+15,5.03614E+16
194160,7,3,37,38,2018,7,13,5,3,5,3,0,0,1,0,0,0,0,0,4.44101E+20,5.4444E+21,8.23345E+15,4.91499E+16
194161,7,1,37,228,2018,7,15,7,3,5,3,0,0,1,0,1,0,0,0,3.9173E+20,5.58534E+21,7.47623E+15,5.04102E+16
194162,7,2,35,118,2018,7,13,5,2,0,1,0,1,0,0,0,0,0,1,3.22653E+20,5.49775E+21,6.54527E+15,4.96063E+16
194163,7,3,17,0,2018,7,18,6,2,6,4,0,0,1,1,0,0,0,0,3.98513E+20,5.45049E+21,7.6069E+15,4.91988E+16
194164,7,3,14,0,2018,7,11,6,3,0,7,0,1,0,0,0,0,0,0,4.57049E+20,5.4819E+21,8.40695E+15,4.94882E+16
194165,7,1,32,117,2018,7,16,5,3,2,6,0,0,1,0,0,0,0,1,4.11274E+20,5.62631E+21,7.74142E+15,5.07818E+16
194166,7,3,39,49,2018,7,14,6,3,5,3,0,1,1,0,0,0,0,0,4.53598E+20,5.52183E+21,8.35458E+15,4.98471E+16
194167,7,1,31,7,2018,7,12,5,2,2,6,0,0,1,0,1,0,0,0,3.66675E+20,5.60096E+21,7.11823E+15,5.05453E+16
194168,7,1,41,75,2018,7,8,5,3,3,2,0,1,1,0,0,0,0,0,4.01308E+20,5.57224E+21,7.61441E+15,5.0294E+16
194169,7,1,41,75,2018,7,2,5,3,3,6,2,1,1,0,0,0,0,0,4.00378E+20,5.57405E+21,7.60088E+15,5.03101E+16
194170,7,3,15,0,2018,7,11,6,3,6,7,0,1,0,1,0,0,0,0,4.46663E+20,5.53951E+21,8.25569E+15,5.00055E+16
194171,7,3,12,0,2018,7,0,4,3,0,7,2,0,0,0,0,0,1,0,4.1081E+20,5.47673E+21,7.76979E+15,4.94367E+16
194172,7,3,15,0,2018,7,17,6,3,1,1,0,1,1,0,0,0,0,0,4.49821E+20,5.53655E+21,8.30013E+15,4.99792E+16
194173,7,2,33,501,2018,7,10,6,3,5,3,0,0,1,0,1,0,0,0,3.44824E+20,5.56302E+21,6.82568E+15,5.0199E+16
194174,7,2,35,103,2018,7,20,6,3,5,3,0,0,1,0,1,0,0,0,3.40334E+20,5.5095E+21,6.78501E+15,4.97168E+16
194175,7,3,32,24,2018,7,12,4,3,5,3,0,0,1,0,1,0,0,0,4.39826E+20,5.49105E+21,8.16777E+15,4.9569E+16
194176,7,2,11,0,2018,7,19,6,3,5,3,0,1,1,0,0,0,0,0,3.30647E+20,5.51515E+21,6.64828E+15,4.97649E+16
194177,7,2,11,0,2018,7,18,6,3,1,5,0,1,1,0,0,0,0,0,3.29178E+20,5.51292E+21,6.62889E+15,4.97445E+16
194178,7,3,16,0,2018,7,17,4,3,5,3,0,0,1,0,0,0,0,0,4.39621E+20,5.46548E+21,8.16884E+15,4.93391E+16
194179,7,1,11,0,2018,7,13,6,3,2,6,0,0,1,0,0,0,0,0,4.00293E+20,5.5809E+21,7.59789E+15,5.03717E+16
194180,7,3,34,8,2018,7,16,4,3,1,5,0,1,1,0,0,0,0,0,4.45296E+20,5.42883E+21,8.25194E+15,4.90099E+16
194181,7,3,40,38,2018,7,12,5,3,0,7,0,0,1,0,0,0,0,0,4.02831E+20,5.45446E+21,7.66519E+15,4.92352E+16
194182,7,3,11,0,2018,7,19,4,3,9,7,0,0,1,0,0,0,0,1,4.52815E+20,5.48763E+21,8.34782E+15,4.95394E+16
194183,7,3,12,0,2018,7,12,5,3,1,5,0,0,0,0,0,0,1,0,4.10104E+20,5.47631E+21,7.76015E+15,4.94328E+16
194184,7,3,14,0,2018,7,16,4,3,2,6,0,0,1,0,1,0,0,0,4.56626E+20,5.47889E+21,8.40145E+15,4.94611E+16
194185,7,3,14,0,2018,7,18,5,3,5,2,1,1,0,0,1,0,0,0,4.57061E+20,5.48578E+21,8.4067E+15,4.95231E+16
194186,7,3,19,0,2018,7,11,4,3,2,6,0,0,1,0,0,0,0,0,4.54413E+20,5.49774E+21,8.36873E+15,4.96305E+16
194187,7,1,38,45,2018,7,8,5,3,0,1,0,1,0,0,0,0,0,0,3.91594E+20,5.58713E+21,7.4738E+15,5.04262E+16
194188,7,3,15,0,2018,7,15,4,3,2,6,0,0,0,0,1,0,1,0,4.45345E+20,5.53698E+21,8.23765E+15,4.99826E+16
194189,7,3,15,0,2018,7,11,4,3,5,7,0,1,1,0,0,0,0,0,4.46146E+20,5.53909E+21,8.24852E+15,5.00017E+16
194190,7,2,31,134,2018,7,18,4,3,0,7,0,0,0,0,1,0,0,1,3.49339E+20,5.53942E+21,6.8982E+15,4.99881E+16
194191,7,1,11,0,2018,7,17,5,3,5,2,0,0,1,0,0,0,0,0,4.00714E+20,5.57681E+21,7.60487E+15,5.0335E+16
194192,7,2,31,134,2018,7,11,4,3,6,4,0,0,1,1,0,0,0,0,3.48457E+20,5.53907E+21,6.88605E+15,4.99847E+16
194193,7,1,31,77,2018,7,4,4,3,8,1,1,0,1,0,0,0,0,0,3.75893E+20,5.60108E+21,7.24822E+15,5.05484E+16
194194,7,1,11,0,2018,7,11,5,3,0,1,0,1,0,0,0,0,0,0,4.00189E+20,5.57637E+21,7.59761E+15,5.0331E+16
194195,7,3,32,24,2018,7,7,3,3,3,2,0,1,1,0,0,0,0,0,4.40417E+20,5.49011E+21,8.1761E+15,4.95606E+16
194196,7,1,11,0,2018,7,16,5,3,5,3,0,0,1,0,1,0,0,0,3.97919E+20,5.57869E+21,7.56511E+15,5.03514E+16
194197,7,3,12,0,2018,7,16,4,3,2,2,0,0,1,0,1,0,0,0,4.10435E+20,5.47758E+21,7.76444E+15,4.94443E+16
194198,7,3,34,28,2018,7,7,3,3,4,6,0,0,1,0,1,0,0,0,4.51122E+20,5.45758E+21,8.32812E+15,4.9269E+16
194199,7,3,13,0,2018,7,7,4,2,4,2,0,0,1,0,1,0,0,0,4.37147E+20,5.44873E+21,8.13742E+15,4.91882E+16
194200,7,3,33,39,2018,7,14,3,3,5,3,0,1,1,0,0,0,0,0,4.28785E+20,5.50158E+21,8.01319E+15,4.96626E+16
194201,7,1,33,6,2018,7,8,4,3,2,6,0,0,1,0,1,0,0,0,4.17984E+20,5.52072E+21,7.85952E+15,4.98333E+16
194202,7,3,19,0,2018,7,10,3,3,5,3,0,1,1,0,0,0,0,0,4.53481E+20,5.49789E+21,8.3558E+15,4.96318E+16
194203,7,2,33,501,2018,7,17,3,2,1,5,0,0,1,0,0,0,0,0,3.45592E+20,5.56349E+21,6.83625E+15,5.02034E+16
194204,7,3,15,0,2018,7,14,4,3,5,3,0,1,1,0,0,0,0,0,4.43987E+20,5.53962E+21,8.21832E+15,5.00063E+16
194205,7,2,35,68,2018,7,13,3,2,9,7,0,0,1,0,0,0,0,0,3.23317E+20,5.50592E+21,6.55077E+15,4.96799E+16
194206,7,2,35,45,2018,7,14,4,3,9,1,0,0,1,1,0,0,0,0,3.51199E+20,5.50241E+21,6.93832E+15,4.96558E+16
194207,7,2,11,0,2018,7,11,4,2,5,3,0,1,1,0,0,0,0,0,3.30983E+20,5.51419E+21,6.65337E+15,4.97565E+16
194208,7,2,11,0,2018,7,11,3,3,1,6,0,0,1,0,0,0,0,0,3.28901E+20,5.51376E+21,6.62467E+15,4.9752E+16
194209,7,1,41,29,2018,7,16,4,3,5,2,0,0,1,0,1,0,0,0,4.29912E+20,5.58029E+21,8.01444E+15,5.03705E+16
194210,7,2,11,0,2018,7,8,3,2,6,4,0,0,1,1,0,0,0,0,3.30691E+20,5.51491E+21,6.649E+15,4.97628E+16
194211,7,1,41,91,2018,7,13,4,2,8,6,0,1,0,0,0,0,0,0,4.13285E+20,5.5745E+21,7.782E+15,5.03162E+16
194212,7,1,38,45,2018,7,14,4,3,2,6,0,0,1,0,0,0,0,0,3.90405E+20,5.58726E+21,7.45703E+15,5.04272E+16
194213,7,1,38,11,2018,7,16,3,3,5,3,0,0,1,0,0,0,0,0,4.00631E+20,5.601E+21,7.59729E+15,5.05525E+16
194214,7,1,37,203,2018,7,18,4,3,6,4,0,1,0,1,0,0,0,0,3.98807E+20,5.58567E+21,7.5757E+15,5.04144E+16
194215,7,1,37,68,2018,7,16,3,3,0,1,0,0,0,0,1,0,0,0,3.73009E+20,5.57576E+21,7.21612E+15,5.03203E+16
194216,7,3,35,22,2018,7,7,3,3,1,6,0,0,1,0,0,0,0,0,3.94407E+20,5.4731E+21,7.54458E+15,4.94015E+16
194217,7,1,40,501,2018,7,10,3,3,0,5,0,0,1,0,0,0,0,0,3.9916E+20,5.5651E+21,7.58617E+15,5.02295E+16
194218,7,3,33,53,2018,7,16,2,2,0,1,0,0,0,0,1,0,0,0,4.18471E+20,5.50824E+21,7.86892E+15,4.97212E+16
194219,7,3,13,0,2018,7,16,3,3,3,2,0,1,1,0,0,0,0,0,4.36194E+20,5.45044E+21,8.12407E+15,4.92035E+16
194220,7,3,33,502,2018,7,11,2,3,3,6,0,1,1,0,0,0,0,0,4.14986E+20,5.49772E+21,7.82286E+15,4.96261E+16
194221,7,3,13,0,2018,7,15,3,3,0,6,0,1,1,0,0,0,0,0,4.36121E+20,5.45045E+21,8.12307E+15,4.92035E+16
194222,7,3,37,38,2018,7,10,3,3,4,2,0,1,1,0,0,0,0,0,4.43013E+20,5.44296E+21,8.21873E+15,4.91368E+16
194223,7,3,12,0,2018,7,15,2,3,2,6,0,0,1,0,0,0,0,0,4.10724E+20,5.47772E+21,7.76839E+15,4.94456E+16
194224,7,3,11,0,2018,7,17,3,3,0,7,0,1,0,1,0,0,0,0,4.53244E+20,5.48711E+21,8.35381E+15,4.95348E+16
194225,7,3,12,0,2018,7,15,2,3,6,4,0,0,1,1,0,0,0,0,4.11411E+20,5.47789E+21,7.77782E+15,4.94472E+16
194226,7,3,11,0,2018,7,14,3,3,2,6,0,0,1,0,0,0,0,1,4.53116E+20,5.48686E+21,8.35206E+15,4.95325E+16
194227,7,3,14,0,2018,7,17,3,3,5,3,0,1,1,0,0,0,0,0,4.58109E+20,5.48166E+21,8.42161E+15,4.94861E+16
194228,7,3,12,0,2018,7,9,2,3,5,3,0,0,1,0,1,0,0,0,4.12905E+20,5.47879E+21,7.79824E+15,4.94555E+16
194229,7,3,14,0,2018,7,6,3,2,6,4,0,0,1,1,0,0,0,0,4.57471E+20,5.4855E+21,8.4124E+15,4.95207E+16
194230,7,3,13,0,2018,7,22,2,3,8,6,2,1,0,0,0,0,0,0,4.35621E+20,5.45017E+21,8.11625E+15,4.92009E+16
194231,7,3,14,0,2018,7,12,2,3,6,6,0,0,1,1,0,0,0,0,4.60118E+20,5.48069E+21,8.44946E+15,4.94776E+16
194232,7,3,14,0,2018,7,20,3,3,1,5,0,0,1,0,1,0,0,0,4.58634E+20,5.47909E+21,8.42913E+15,4.94631E+16
194233,7,3,39,5,2018,7,11,2,3,1,5,0,0,1,0,0,0,0,0,4.22006E+20,5.53376E+21,7.91281E+15,4.99511E+16
194234,7,3,14,0,2018,7,17,3,2,7,1,0,0,0,0,1,0,0,0,4.60168E+20,5.48102E+21,8.45011E+15,4.94805E+16
194235,7,1,33,6,2018,7,13,3,2,8,1,0,1,0,0,0,0,0,0,4.17579E+20,5.52226E+21,7.85356E+15,4.98471E+16
194236,7,3,15,0,2018,7,12,2,2,6,2,0,0,0,1,0,0,1,0,4.47597E+20,5.53934E+21,8.26873E+15,5.00041E+16
194237,7,3,19,0,2018,7,12,3,3,3,1,0,1,1,0,0,0,0,0,4.52329E+20,5.4979E+21,8.33985E+15,4.96318E+16
194238,7,2,33,501,2018,7,14,2,3,5,3,0,1,1,0,0,0,0,0,3.45067E+20,5.56295E+21,6.82911E+15,5.01985E+16
194239,7,3,34,17,2018,7,19,7,2,2,5,0,1,0,0,0,0,1,0,4.52696E+20,5.45461E+21,8.35011E+15,4.92424E+16
194240,7,3,15,0,2018,7,8,3,3,6,4,0,0,1,1,0,0,0,0,4.45013E+20,5.53468E+21,8.23335E+15,4.99619E+16
194241,7,3,11,0,2018,8,16,7,3,5,3,0,0,1,0,1,0,0,0,4.53542E+20,5.48734E+21,8.3579E+15,4.95369E+16
194242,7,1,38,45,2018,8,15,5,3,5,3,0,0,1,0,0,0,0,0,3.91509E+20,5.58748E+21,7.47251E+15,5.04293E+16
194243,7,3,14,0,2018,8,1,7,3,7,7,2,1,0,0,0,0,0,0,4.54554E+20,5.48306E+21,8.37238E+15,4.94985E+16
194244,7,1,37,3,2018,8,13,5,3,5,3,0,1,1,0,0,0,0,0,3.86839E+20,5.58719E+21,7.40687E+15,5.04258E+16
194245,7,1,11,0,2018,8,13,5,3,5,3,0,1,1,0,0,0,0,0,4.00718E+20,5.58156E+21,7.60369E+15,5.03777E+16
194246,7,3,19,0,2018,8,10,7,3,3,6,0,1,1,0,0,0,0,0,4.54153E+20,5.49819E+21,8.36508E+15,4.96345E+16
194247,7,1,11,0,2018,8,17,5,3,0,7,0,1,0,0,0,0,0,0,3.9944E+20,5.57798E+21,7.58667E+15,5.03453E+16
194248,7,3,39,39,2018,8,1,7,3,8,1,2,0,1,0,0,0,0,0,4.52703E+20,5.53014E+21,8.34112E+15,4.99218E+16
194249,7,3,17,0,2018,8,12,6,3,2,6,0,0,1,0,0,0,0,0,3.98407E+20,5.45083E+21,7.60537E+15,4.92018E+16
194250,7,1,11,0,2018,8,17,5,3,0,1,0,1,0,0,0,0,0,0,3.99925E+20,5.57974E+21,7.59301E+15,5.03612E+16
194251,7,3,35,22,2018,8,8,6,3,5,3,0,0,1,0,1,0,0,0,3.96115E+20,5.47433E+21,7.5678E+15,4.94128E+16
194252,7,3,35,15,2018,8,8,4,1,6,4,0,0,1,1,0,0,0,0,4.19323E+20,5.4774E+21,7.88705E+15,4.94439E+16
194253,7,3,37,66,2018,8,7,4,3,0,5,0,1,1,0,0,0,0,0,4.3491E+20,5.45799E+21,8.10522E+15,4.92712E+16
194254,7,3,12,0,2018,8,9,6,3,5,3,0,0,1,0,0,0,0,0,4.09586E+20,5.47656E+21,7.75296E+15,4.94349E+16
194255,7,3,13,0,2018,8,10,4,3,5,3,0,1,1,0,0,0,0,0,4.35327E+20,5.45007E+21,8.11223E+15,4.92E+16
194256,7,3,12,0,2018,8,11,6,3,5,7,0,1,1,0,0,0,0,0,4.11137E+20,5.477E+21,7.77425E+15,4.94392E+16
194257,7,3,38,3,2018,8,12,4,3,6,4,0,0,1,1,0,0,0,0,4.46913E+20,5.48133E+21,8.26709E+15,4.94823E+16
194258,7,3,13,0,2018,8,15,6,3,3,2,0,1,0,0,0,0,1,0,4.35694E+20,5.45017E+21,8.11725E+15,4.9201E+16
194259,7,3,14,0,2018,8,19,4,3,6,4,1,0,1,1,0,0,0,0,4.59391E+20,5.48153E+21,8.43932E+15,4.94851E+16
194260,7,3,11,0,2018,8,13,6,3,2,6,0,0,1,0,0,0,0,0,4.54723E+20,5.48724E+21,8.37423E+15,4.95361E+16
194261,7,3,14,0,2018,8,20,4,2,5,3,0,0,1,0,1,0,0,0,4.60278E+20,5.48116E+21,8.45161E+15,4.94818E+16
194262,7,3,11,0,2018,8,7,6,3,5,3,0,1,1,0,0,0,0,0,4.53693E+20,5.48736E+21,8.35997E+15,4.95371E+16
194263,7,3,14,0,2018,8,14,6,3,5,3,0,1,1,0,0,0,0,0,4.54024E+20,5.48216E+21,8.36516E+15,4.94903E+16
194264,7,3,14,0,2018,8,13,4,3,6,4,0,1,0,1,0,0,0,0,4.56979E+20,5.47804E+21,8.40641E+15,4.94535E+16
194265,7,3,14,0,2018,8,16,6,3,5,3,0,1,1,0,0,0,0,0,4.5829E+20,5.48182E+21,8.4241E+15,4.94875E+16
194266,7,3,39,5,2018,8,23,4,2,8,1,2,0,1,0,0,0,0,0,4.21962E+20,5.53353E+21,7.91224E+15,4.9949E+16
194267,7,1,33,6,2018,8,12,4,3,5,7,0,0,1,0,0,0,0,0,4.16462E+20,5.5175E+21,7.83906E+15,4.98041E+16
194268,7,3,39,30,2018,8,22,6,3,2,2,2,0,1,0,1,0,0,0,4.30679E+20,5.53686E+21,8.03313E+15,4.99801E+16
194269,7,3,19,0,2018,8,18,4,3,1,6,0,0,1,0,0,0,0,0,4.52736E+20,5.49822E+21,8.34545E+15,4.96347E+16
194270,7,2,32,296,2018,8,10,6,3,1,7,0,0,1,0,0,1,0,0,3.15726E+20,5.56578E+21,6.41703E+15,5.02155E+16
194271,7,1,43,216,2018,8,16,4,3,5,3,0,1,1,0,0,0,0,0,4.2428E+20,5.60765E+21,7.92971E+15,5.06158E+16
194272,7,2,32,18,2018,8,19,6,2,1,5,0,0,1,0,1,0,0,0,3.22708E+20,5.53891E+21,6.52726E+15,4.99761E+16
194273,7,2,32,18,2018,8,17,6,3,4,2,0,0,1,0,0,0,0,0,3.23936E+20,5.53544E+21,6.54596E+15,4.99453E+16
194274,7,1,31,7,2018,8,9,4,3,6,1,0,0,1,1,0,0,0,0,3.68721E+20,5.60032E+21,7.14732E+15,5.054E+16
194275,7,2,35,68,2018,8,17,6,2,0,1,0,0,0,0,1,0,0,0,3.24445E+20,5.50744E+21,6.56571E+15,4.96939E+16
194276,7,1,37,216,2018,8,18,4,3,5,3,0,1,1,0,0,0,0,0,3.94943E+20,5.58373E+21,7.52188E+15,5.03962E+16
194277,7,2,11,0,2018,8,17,6,2,5,3,0,0,1,0,1,0,0,0,3.2915E+20,5.51069E+21,6.62947E+15,4.97245E+16
194278,7,3,32,13,2018,8,20,3,2,0,1,0,1,0,0,0,0,0,0,4.4636E+20,5.47924E+21,8.25975E+15,4.94634E+16
194279,7,2,11,0,2018,8,13,6,3,1,6,0,1,1,0,0,0,0,0,3.30689E+20,5.51434E+21,6.64922E+15,4.97577E+16
194280,7,3,32,2,2018,8,8,3,3,0,1,0,1,0,0,0,0,0,0,4.37793E+20,5.479E+21,8.14156E+15,4.94605E+16
194281,7,3,13,0,2018,8,18,3,2,8,1,0,1,1,0,0,0,0,0,4.35542E+20,5.44963E+21,8.11526E+15,4.9196E+16
194282,7,1,43,229,2018,8,13,6,3,6,6,0,0,1,1,0,0,0,0,4.16444E+20,5.61291E+21,7.81778E+15,5.0662E+16
194283,7,3,18,0,2018,8,16,3,3,5,2,0,1,0,0,0,0,1,0,4.58759E+20,5.46348E+21,8.43248E+15,4.93227E+16
194284,7,1,41,92,2018,8,9,6,2,5,3,0,0,1,0,0,0,0,0,4.19096E+20,5.56148E+21,7.86639E+15,5.02E+16
194285,7,3,38,25,2018,8,13,3,3,4,6,0,0,1,0,1,0,0,0,4.5431E+20,5.47213E+21,8.37027E+15,4.94002E+16
194286,7,1,38,62,2018,8,12,6,3,3,6,0,1,1,0,0,0,0,0,3.74566E+20,5.60859E+21,7.22696E+15,5.06156E+16
194287,7,1,32,501,2018,8,23,6,3,4,1,2,0,1,0,1,0,0,0,4.04483E+20,5.61587E+21,7.64783E+15,5.06868E+16
194288,7,1,33,6,2018,8,12,3,3,5,3,0,0,1,0,1,0,0,0,4.18425E+20,5.52207E+21,7.86536E+15,4.98455E+16
194289,7,1,38,45,2018,8,14,6,3,6,7,0,1,0,1,0,0,0,0,3.90451E+20,5.58741E+21,7.45763E+15,5.04285E+16
194290,7,1,31,90,2018,8,17,6,3,4,6,0,0,1,0,1,0,0,0,3.66351E+20,5.60294E+21,7.11295E+15,5.05631E+16
194291,7,1,11,0,2018,8,20,6,2,6,4,0,0,1,1,0,0,0,0,4.00032E+20,5.58043E+21,7.59434E+15,5.03674E+16
194292,7,1,11,0,2018,8,14,6,3,1,3,0,1,1,0,0,0,0,0,4.00057E+20,5.57847E+21,7.59521E+15,5.03499E+16
194293,7,1,11,0,2018,8,17,6,3,4,1,0,1,1,0,0,0,0,0,4.00677E+20,5.57967E+21,7.6036E+15,5.03607E+16
194294,7,3,31,25,2018,8,20,3,2,0,1,2,0,0,0,1,0,0,0,4.30891E+20,5.51516E+21,8.03996E+15,4.97849E+16
194295,7,3,20,0,2018,8,17,5,3,4,6,0,1,0,0,1,0,0,0,3.80431E+20,5.45626E+21,7.35707E+15,4.92474E+16
194296,7,2,35,58,2018,8,16,3,2,1,1,0,0,1,0,1,0,0,0,3.42484E+20,5.50035E+21,6.8185E+15,4.96351E+16
194297,7,3,12,0,2018,8,15,5,3,1,7,0,0,1,0,0,0,0,0,4.09719E+20,5.47859E+21,7.75432E+15,4.94533E+16
194298,7,2,35,119,2018,8,13,3,3,0,6,0,1,0,0,0,0,1,0,3.40129E+20,5.50038E+21,6.7859E+15,4.96348E+16
194299,7,3,32,25,2018,8,13,5,3,6,6,0,0,1,1,0,0,0,0,4.46549E+20,5.46871E+21,8.26376E+15,4.93688E+16
194300,7,2,11,0,2018,8,16,3,3,5,3,0,1,1,0,0,0,0,0,3.31154E+20,5.51466E+21,6.65553E+15,4.97607E+16
194301,7,3,16,0,2018,8,17,5,3,4,2,0,0,1,0,1,0,0,0,4.3617E+20,5.46713E+21,8.12108E+15,4.93535E+16
194302,7,3,37,38,2018,8,20,5,2,1,1,1,1,1,0,0,0,0,0,4.42961E+20,5.44364E+21,8.21792E+15,4.9143E+16
194303,7,1,43,48,2018,8,13,3,3,2,6,0,0,1,0,0,0,0,0,4.16988E+20,5.58741E+21,7.83116E+15,5.04328E+16
194304,7,3,13,0,2018,8,14,5,3,6,2,0,0,1,1,0,0,0,1,4.35826E+20,5.44993E+21,8.11911E+15,4.91988E+16
194305,7,1,38,45,2018,8,16,3,3,0,7,0,1,1,0,0,0,0,0,3.91241E+20,5.59081E+21,7.46777E+15,5.04592E+16
194306,7,3,18,0,2018,8,15,5,3,5,3,0,1,1,0,0,0,0,0,4.5876E+20,5.46323E+21,8.43252E+15,4.93204E+16
194307,7,1,37,3,2018,8,10,3,3,5,3,0,0,1,0,0,1,0,0,3.87218E+20,5.58875E+21,7.41173E+15,5.04399E+16
194308,7,3,14,0,2018,8,15,5,3,5,2,0,1,1,0,0,0,0,0,4.59456E+20,5.48149E+21,8.44024E+15,4.94847E+16
194309,7,1,37,203,2018,8,7,3,3,0,6,0,0,1,0,1,0,0,0,3.98896E+20,5.5856E+21,7.57697E+15,5.04137E+16
194310,7,1,11,0,2018,8,15,3,3,0,1,0,0,0,0,1,0,0,0,4.0073E+20,5.58156E+21,7.60385E+15,5.03777E+16
194311,7,3,14,0,2018,8,15,5,3,0,7,0,1,0,0,0,0,1,1,4.57464E+20,5.48244E+21,8.41263E+15,4.94931E+16
194312,7,3,16,0,2018,8,7,2,3,1,5,0,1,1,0,0,0,0,0,4.38683E+20,5.46647E+21,8.15578E+15,4.93479E+16
194313,7,3,39,21,2018,8,22,5,3,5,3,2,0,1,0,0,0,0,0,4.22918E+20,5.52758E+21,7.92676E+15,4.98956E+16
194314,7,3,38,2,2018,8,22,2,2,0,1,2,1,0,0,0,0,0,0,4.51327E+20,5.49006E+21,8.32695E+15,4.95612E+16
194315,7,3,19,0,2018,8,11,5,2,4,7,0,1,1,0,0,0,0,0,4.53137E+20,5.49859E+21,8.35096E+15,4.96381E+16
194316,7,3,15,0,2018,8,15,5,3,2,6,0,1,1,0,0,0,0,0,4.47174E+20,5.53905E+21,8.26287E+15,5.00015E+16
194317,7,1,33,6,2018,8,12,2,3,5,3,0,0,1,0,0,0,1,0,4.18495E+20,5.52146E+21,7.86647E+15,4.984E+16
194318,7,2,11,0,2018,8,12,5,3,7,5,0,0,0,1,0,1,0,0,3.311E+20,5.51513E+21,6.65458E+15,4.97649E+16
194319,7,3,31,3,2018,8,7,2,3,5,3,0,0,1,0,1,0,0,0,4.35779E+20,5.51036E+21,8.10865E+15,4.97423E+16
194320,7,3,31,55,2018,8,19,2,3,4,1,0,1,0,0,0,0,0,0,4.5141E+20,5.5059E+21,8.32613E+15,4.97036E+16
194321,7,1,41,29,2018,8,13,5,3,6,4,0,0,1,1,0,0,0,0,4.30938E+20,5.57998E+21,8.02892E+15,5.03678E+16
194322,7,2,32,18,2018,8,15,2,3,4,6,0,0,1,0,0,0,0,0,3.22854E+20,5.5371E+21,6.53013E+15,4.996E+16
194323,7,1,38,45,2018,8,7,5,3,2,6,0,0,1,0,0,0,0,1,3.91074E+20,5.58823E+21,7.46617E+15,5.0436E+16
194324,7,1,43,243,2018,8,12,2,3,0,7,0,0,0,0,0,0,1,0,4.29935E+20,5.61315E+21,8.00858E+15,5.06659E+16
194325,7,1,31,7,2018,8,15,5,3,1,6,0,0,1,0,0,0,0,1,3.64622E+20,5.60035E+21,7.08949E+15,5.05394E+16
194326,7,1,31,7,2018,8,7,2,3,2,1,0,1,1,0,0,0,0,0,3.70334E+20,5.60075E+21,7.16991E+15,5.05443E+16
194327,7,3,20,0,2018,8,12,4,3,5,3,0,0,1,0,0,0,0,0,3.7996E+20,5.45637E+21,7.35057E+15,4.92484E+16
194328,7,3,35,7,2018,8,19,1,3,1,7,1,1,1,0,0,0,0,0,4.21198E+20,5.4781E+21,7.91278E+15,4.94505E+16
194329,7,3,35,22,2018,8,17,4,3,6,6,0,0,1,1,0,0,0,0,3.9606E+20,5.47444E+21,7.56701E+15,4.94138E+16
194330,7,3,13,0,2018,8,11,4,3,5,2,0,0,1,0,1,0,0,0,4.36021E+20,5.45003E+21,8.12176E+15,4.91998E+16
194331,7,3,32,2,2018,8,14,1,3,6,6,0,0,0,1,0,0,1,0,4.39338E+20,5.47892E+21,8.1629E+15,4.94599E+16
194332,7,3,18,0,2018,8,11,4,3,8,7,0,0,0,0,1,0,0,0,4.58772E+20,5.46329E+21,8.43268E+15,4.9321E+16
194333,7,3,34,24,2018,8,17,1,2,7,7,0,1,0,0,0,0,0,0,4.47379E+20,5.43945E+21,8.27904E+15,4.91057E+16
194334,7,3,33,19,2018,8,13,1,3,6,4,0,0,1,1,0,0,0,0,4.31816E+20,5.48963E+21,8.05725E+15,4.95554E+16
194335,7,3,38,6,2018,8,22,4,3,5,3,2,0,1,0,0,0,0,0,4.50091E+20,5.47516E+21,8.31175E+15,4.94271E+16
194336,7,2,33,27,2018,8,11,1,2,5,2,0,1,0,0,0,0,0,0,3.5004E+20,5.55427E+21,6.90216E+15,5.01217E+16