OBJECTID_1,ULAND,UREGBEZ,UKREIS,UGEMEINDE,UJAHR,UMONAT,USTUNDE,UWOCHENTAG,UKATEGORIE,UART,UTYP1,ULICHTVERH,IstRad,IstPKW,IstFuss,IstKrad,IstGkfz,IstSonstig,STRZUSTAND,LINREFX,LINREFY,XGCSWGS84,YGCSWGS84
194337,7,3,38,4,2018,8,12,4,3,2,2,0,0,1,0,0,0,1,0,4.53789E+20,5.49221E+21,8.36074E+15,4.95807E+16
194338,7,3,14,0,2018,8,15,4,2,0,7,0,0,1,0,1,0,0,0,4.58804E+20,5.48264E+21,8.43111E+15,4.9495E+16
194339,7,3,19,0,2018,8,15,4,3,1,6,0,0,1,0,0,0,0,0,4.54296E+20,5.49737E+21,8.36716E+15,4.96272E+16
194340,7,2,31,134,2018,8,14,1,3,3,6,0,1,1,0,0,0,0,0,3.48437E+20,5.53962E+21,6.88556E+15,4.99896E+16
194341,7,1,34,45,2018,8,17,1,3,1,3,0,1,1,0,0,0,0,0,3.77768E+20,5.50893E+21,7.30421E+15,4.97205E+16
194342,7,3,19,0,2018,8,12,4,3,5,2,0,1,1,0,0,0,0,0,4.53707E+20,5.49833E+21,8.35889E+15,4.96357E+16
194343,7,3,19,0,2018,8,8,4,3,3,2,0,1,1,0,0,0,0,0,4.53015E+20,5.49858E+21,8.34928E+15,4.96379E+16
194344,7,1,38,4,2018,8,15,1,3,0,1,0,1,0,0,0,0,0,0,3.80015E+20,5.59747E+21,7.30755E+15,5.05169E+16
194345,7,2,11,0,2018,8,13,4,3,6,6,0,0,0,1,1,0,0,0,3.29891E+20,5.51409E+21,6.63826E+15,4.97552E+16
194346,7,1,31,70,2018,8,1,1,3,8,1,2,0,1,0,0,0,0,0,3.73281E+20,5.60795E+21,7.20903E+15,5.06097E+16
194347,7,3,34,501,2018,8,14,7,2,5,3,0,1,1,0,0,0,0,0,4.48444E+20,5.43181E+21,8.29461E+15,4.9037E+16
194348,7,1,11,0,2018,8,9,4,3,0,1,0,1,0,0,0,0,0,0,3.9775E+20,5.58053E+21,7.56223E+15,5.0368E+16
194349,7,3,37,71,2018,8,15,7,2,1,5,0,1,1,0,0,0,0,0,4.23392E+20,5.43327E+21,7.95162E+15,4.90475E+16
194350,7,3,35,205,2018,8,16,3,3,2,2,0,0,0,0,1,0,1,0,4.17413E+20,5.48438E+21,7.85926E+15,4.95064E+16
194351,7,3,38,25,2018,8,7,3,3,2,6,0,0,1,0,0,0,0,0,4.55575E+20,5.47127E+21,8.3878E+15,4.93925E+16
194352,7,3,13,0,2018,8,15,7,3,7,5,0,1,1,0,0,0,0,0,4.35561E+20,5.44977E+21,8.11549E+15,4.91973E+16
194353,7,3,14,0,2018,8,18,3,3,5,3,0,1,1,0,0,0,0,0,4.54952E+20,5.47788E+21,8.37847E+15,4.94519E+16
194354,7,3,38,4,2018,8,23,7,2,8,1,2,0,1,0,0,0,0,0,4.54432E+20,5.49282E+21,8.36956E+15,4.95863E+16
194355,7,3,14,0,2018,8,8,3,2,6,7,0,0,1,1,0,0,0,0,4.59351E+20,5.48E+21,8.43893E+15,4.94713E+16
194356,7,3,11,0,2018,8,0,7,3,8,1,2,0,0,0,1,0,0,1,4.5215E+20,5.48827E+21,8.33854E+15,4.95451E+16
194357,7,3,15,0,2018,8,6,3,3,5,3,0,1,1,0,0,0,0,0,4.44802E+20,5.54124E+21,8.22946E+15,5.00209E+16
194358,7,2,32,50,2018,8,19,3,3,1,5,0,0,1,0,1,0,0,0,3.35166E+20,5.53502E+21,6.70253E+15,4.99447E+16
194359,7,3,39,5,2018,8,13,7,3,1,7,0,1,1,0,0,0,0,0,4.2062E+20,5.53585E+21,7.89307E+15,4.99697E+16
194360,7,3,39,5,2018,8,1,7,3,1,5,2,0,1,0,0,0,0,0,4.20663E+20,5.53494E+21,7.89385E+15,4.99615E+16
194361,7,2,32,18,2018,8,14,3,2,8,1,0,0,1,1,0,0,0,0,3.22419E+20,5.53933E+21,6.52304E+15,4.99799E+16
194362,7,3,33,19,2018,8,2,7,2,9,1,2,0,1,0,0,0,0,0,4.32263E+20,5.49055E+21,8.06328E+15,4.95637E+16
194363,7,1,40,501,2018,8,17,3,3,5,3,0,0,1,0,0,0,1,0,4.00773E+20,5.5631E+21,7.6093E+15,5.02117E+16
194364,7,3,12,0,2018,8,14,2,3,1,6,0,0,1,0,0,0,0,0,4.06041E+20,5.47734E+21,7.70389E+15,4.94415E+16
194365,7,3,31,3,2018,8,4,7,3,4,6,2,0,1,0,0,0,0,0,4.37969E+20,5.51085E+21,8.13896E+15,4.97469E+16
194366,7,3,32,2,2018,8,17,2,3,2,6,0,0,1,0,0,0,0,0,4.41107E+20,5.47929E+21,8.18725E+15,4.94634E+16
194367,7,3,15,0,2018,8,20,7,3,1,5,1,0,1,0,1,0,0,0,4.45777E+20,5.5368E+21,8.24369E+15,4.9981E+16
194368,7,2,32,119,2018,8,17,7,3,8,1,0,1,0,0,0,0,0,0,3.21184E+20,5.54876E+21,6.50144E+15,5.00642E+16
194369,7,3,16,0,2018,8,18,2,2,5,1,0,1,1,0,0,0,0,0,4.37923E+20,5.46662E+21,8.14529E+15,4.93491E+16
194370,7,2,32,18,2018,8,16,7,3,7,1,0,1,1,0,0,0,0,0,3.24798E+20,5.53745E+21,6.55704E+15,4.99636E+16
194371,7,3,34,501,2018,8,15,2,3,5,3,0,1,1,0,0,0,0,0,4.48122E+20,5.43198E+21,8.29018E+15,4.90385E+16
194372,7,1,38,45,2018,8,18,7,3,6,7,0,0,1,1,0,0,0,0,3.9301E+20,5.58807E+21,7.49346E+15,5.04349E+16
194373,7,3,14,0,2018,8,19,2,3,1,5,0,0,1,0,0,0,0,0,4.58388E+20,5.48102E+21,8.42554E+15,4.94804E+16
194374,7,3,14,0,2018,8,6,2,3,2,6,0,0,1,0,1,0,0,0,4.56665E+20,5.47925E+21,8.40195E+15,4.94643E+16
194375,7,1,31,7,2018,8,14,7,3,6,7,0,1,0,1,0,0,0,0,3.66605E+20,5.5996E+21,7.11772E+15,5.05331E+16
194376,7,1,33,6,2018,8,13,2,3,1,6,0,0,1,0,0,0,0,0,4.20649E+20,5.52255E+21,7.8962E+15,4.98501E+16
194377,7,1,37,95,2018,8,18,7,3,5,2,0,0,1,0,1,0,0,0,3.84383E+20,5.57265E+21,7.37677E+15,5.02946E+16
194378,7,3,33,39,2018,8,16,2,3,6,4,0,0,1,1,0,0,0,0,4.28722E+20,5.50167E+21,8.0123E+15,4.96634E+16
194379,7,3,31,15,2018,8,17,2,3,1,7,0,0,1,0,0,0,0,0,4.44174E+20,5.5104E+21,8.22514E+15,4.97435E+16
194380,7,1,37,3,2018,8,11,7,3,6,4,0,0,1,1,0,0,0,0,3.86334E+20,5.58893E+21,7.39923E+15,5.04414E+16
194381,7,3,19,0,2018,8,7,2,3,6,4,0,1,0,1,0,0,0,0,4.54281E+20,5.49767E+21,8.36692E+15,4.96298E+16
194382,7,1,11,0,2018,8,12,7,3,3,6,0,0,0,0,0,1,1,0,3.99921E+20,5.57973E+21,7.59296E+15,5.03611E+16
194383,7,3,35,18,2018,8,11,6,3,5,3,0,0,1,0,0,0,0,0,4.00101E+20,5.47512E+21,7.62253E+15,4.94206E+16
194384,7,3,39,30,2018,8,12,2,3,5,3,0,0,1,0,0,0,0,0,4.30914E+20,5.53642E+21,8.03648E+15,4.99761E+16
194385,7,3,12,0,2018,8,7,6,3,0,1,0,1,0,0,0,0,0,0,4.09745E+20,5.47794E+21,7.75484E+15,4.94474E+16
194386,7,3,15,0,2018,8,8,2,3,5,3,0,0,1,0,1,0,0,0,4.44855E+20,5.54067E+21,8.23028E+15,5.00158E+16
194387,7,3,32,24,2018,8,9,6,2,5,3,0,1,1,0,0,0,0,0,4.39516E+20,5.49104E+21,8.16349E+15,4.95689E+16
194388,7,3,15,0,2018,8,18,2,3,1,5,0,1,1,0,0,0,0,0,4.4769E+20,5.53923E+21,8.27004E+15,5.00031E+16
194389,7,1,41,61,2018,8,17,2,3,2,1,0,0,1,0,0,0,0,0,4.32242E+20,5.57825E+21,8.04756E+15,5.03524E+16
194390,7,3,13,0,2018,8,17,6,3,3,5,0,1,1,0,0,0,0,1,4.35189E+20,5.44989E+21,8.11037E+15,4.91984E+16
194391,7,1,38,61,2018,8,11,2,3,5,7,0,0,1,0,0,1,0,0,3.92508E+20,5.59649E+21,7.48397E+15,5.05105E+16
194392,7,3,14,0,2018,8,12,6,2,3,5,0,1,1,0,0,0,0,0,4.5428E+20,5.48253E+21,8.36866E+15,4.94937E+16
194393,7,3,14,0,2018,8,11,6,3,3,6,0,1,1,0,0,0,0,0,4.56972E+20,5.48321E+21,8.40575E+15,4.95E+16
194394,7,1,38,9,2018,8,10,2,3,6,6,0,0,1,1,0,0,0,0,3.8435E+20,5.6031E+21,7.36691E+15,5.05684E+16
194395,7,2,32,18,2018,8,12,6,2,4,6,0,0,1,0,0,0,0,0,3.22563E+20,5.538E+21,6.52566E+15,4.9968E+16
194396,7,2,11,0,2018,8,10,6,3,3,6,0,0,1,0,1,0,0,0,3.30425E+20,5.51466E+21,6.64542E+15,4.97604E+16
194397,7,1,43,48,2018,8,10,6,3,5,3,0,0,1,0,1,0,0,0,4.17307E+20,5.58913E+21,7.83527E+15,5.04483E+16
194398,7,1,37,3,2018,8,17,2,3,0,3,0,1,0,0,0,0,1,0,3.8724E+20,5.58836E+21,7.41215E+15,5.04364E+16
194399,7,1,38,45,2018,8,15,6,3,5,3,0,1,1,0,0,0,0,0,3.90986E+20,5.58727E+21,7.4652E+15,5.04274E+16
194400,7,1,37,3,2018,8,14,2,3,1,3,0,0,1,0,1,0,0,0,3.87718E+20,5.58831E+21,7.4189E+15,5.0436E+16
194401,7,1,37,203,2018,8,20,6,3,5,3,0,1,1,0,0,0,0,0,3.98577E+20,5.58695E+21,7.57212E+15,5.04258E+16
194402,7,1,11,0,2018,8,15,2,3,6,4,0,0,1,1,0,0,0,0,3.97919E+20,5.57869E+21,7.56511E+15,5.03514E+16
194403,7,3,34,13,2018,8,18,1,3,5,3,0,1,1,0,0,0,0,0,4.41399E+20,5.43686E+21,8.1975E+15,4.90818E+16
194404,7,3,20,0,2018,8,10,5,3,1,5,0,0,1,0,0,0,0,0,3.80921E+20,5.45539E+21,7.36407E+15,4.92397E+16
194405,7,3,37,38,2018,8,1,1,3,1,6,2,0,1,0,0,0,0,0,4.4283E+20,5.44298E+21,8.21623E+15,4.9137E+16
194406,7,3,32,24,2018,8,12,5,3,9,5,0,0,1,0,1,0,0,0,4.40071E+20,5.49018E+21,8.17129E+15,4.95613E+16
194407,7,3,16,0,2018,8,18,5,3,2,6,0,1,1,0,0,0,0,0,4.38811E+20,5.46575E+21,8.15765E+15,4.93414E+16
194408,7,3,38,17,2018,8,10,1,2,5,3,0,1,1,0,0,0,0,0,4.55474E+20,5.47423E+21,8.38608E+15,4.94191E+16
194409,7,3,37,5,2018,8,9,5,3,2,2,0,0,1,0,0,0,0,0,4.27033E+20,5.43936E+21,8.00033E+15,4.91028E+16
194410,7,3,31,21,2018,8,19,1,3,0,5,0,0,0,0,0,0,1,0,4.2988E+20,5.51211E+21,8.02647E+15,4.97574E+16
194411,7,2,35,148,2018,8,18,1,2,6,7,0,0,1,1,0,0,0,0,3.26364E+20,5.50371E+21,6.59396E+15,4.96609E+16
194412,7,3,14,0,2018,8,23,5,3,0,1,2,1,0,0,0,0,0,0,4.60231E+20,5.48104E+21,8.45097E+15,4.94807E+16
194413,7,1,43,27,2018,8,16,1,2,7,1,0,0,1,1,0,0,0,0,4.1975E+20,5.58983E+21,7.86951E+15,5.0455E+16
194414,7,1,37,68,2018,8,15,1,2,4,5,0,0,1,0,1,0,0,0,3.72817E+20,5.57583E+21,7.2134E+15,5.03208E+16
194415,7,3,19,0,2018,8,16,5,3,1,6,0,0,1,0,0,0,0,0,4.53392E+20,5.49826E+21,8.35453E+15,4.96351E+16
194416,7,3,12,0,2018,8,8,7,2,6,7,0,0,1,1,0,0,0,0,4.08885E+20,5.47758E+21,7.74305E+15,4.9444E+16
194417,7,2,32,296,2018,8,13,5,3,3,3,0,0,1,0,1,0,0,0,3.1641E+20,5.56535E+21,6.42682E+15,5.02118E+16
194418,7,3,32,25,2018,8,9,7,3,0,6,0,0,1,0,1,0,0,0,4.4556E+20,5.46811E+21,8.25023E+15,4.93633E+16
194419,7,1,34,69,2018,8,21,5,3,5,3,1,0,1,0,1,0,0,0,3.80563E+20,5.52503E+21,7.33803E+15,4.98657E+16
194420,7,2,35,68,2018,8,13,5,3,5,3,0,1,1,0,0,0,0,0,3.25198E+20,5.50771E+21,6.57602E+15,4.96965E+16
194421,7,3,16,0,2018,8,13,7,3,1,5,0,0,1,0,0,0,0,0,4.37749E+20,5.46663E+21,8.1429E+15,4.93492E+16
194422,7,2,11,0,2018,8,16,5,3,5,3,0,1,1,0,0,0,0,0,3.29365E+20,5.51237E+21,6.63171E+15,4.97396E+16
194423,7,3,34,11,2018,8,18,7,3,0,7,0,1,0,0,0,0,0,0,4.51175E+20,5.44647E+21,8.3302E+15,4.91691E+16
194424,7,3,38,16,2018,8,11,7,3,0,1,0,0,0,0,0,0,1,0,4.486E+20,5.48413E+21,8.29002E+15,4.95076E+16
194425,7,1,43,13,2018,8,20,5,2,0,1,1,1,0,0,0,0,0,0,4.07323E+20,5.57998E+21,7.69694E+15,5.03646E+16
194426,7,3,11,0,2018,8,16,7,2,0,7,0,1,0,0,0,0,0,0,4.55028E+20,5.48729E+21,8.37845E+15,4.95365E+16
194427,7,1,38,45,2018,8,8,5,3,5,3,0,0,1,0,1,0,0,0,3.9151E+20,5.58863E+21,7.47219E+15,5.04396E+16
194428,7,1,41,75,2018,8,19,5,2,8,1,0,0,0,0,1,0,0,0,4.0172E+20,5.57413E+21,7.61971E+15,5.03111E+16
194429,7,2,33,209,2018,8,17,7,2,5,1,0,1,1,0,0,0,0,0,3.28571E+20,5.55497E+21,6.60178E+15,5.01222E+16
194430,7,1,11,0,2018,8,17,5,3,4,2,0,1,1,0,0,0,0,0,4.00241E+20,5.57947E+21,7.59753E+15,5.03588E+16
194431,7,3,14,0,2018,8,15,4,2,6,4,0,0,1,1,0,0,0,0,4.58483E+20,5.48159E+21,8.42679E+15,4.94855E+16
194432,7,1,33,52,2018,8,7,4,3,4,6,0,0,0,0,1,1,0,0,3.87928E+20,5.51403E+21,7.44365E+15,4.97683E+16
194433,7,1,41,29,2018,8,11,7,2,8,1,0,1,0,0,0,0,0,0,4.32004E+20,5.58067E+21,8.04378E+15,5.03741E+16
194434,7,1,33,6,2018,8,17,4,3,0,7,0,0,0,0,1,0,0,0,4.18519E+20,5.52126E+21,7.86685E+15,4.98383E+16
194435,7,1,43,29,2018,8,10,7,2,6,7,0,0,1,1,0,0,0,0,4.10582E+20,5.60288E+21,7.73727E+15,5.0571E+16
194436,7,1,33,6,2018,8,0,4,3,5,3,2,0,1,0,0,0,1,0,4.18668E+20,5.52227E+21,7.8687E+15,4.98474E+16
194437,7,1,31,77,2018,8,13,7,3,5,3,0,1,1,0,0,0,0,0,3.76018E+20,5.60154E+21,7.24983E+15,5.05526E+16
194438,7,1,31,49,2018,8,14,7,3,0,7,0,1,0,0,0,0,0,0,3.5985E+20,5.599E+21,7.0227E+15,5.05261E+16
194439,7,2,35,118,2018,8,6,4,3,1,6,0,0,1,0,1,0,0,0,3.2386E+20,5.49698E+21,6.56231E+15,4.95997E+16
194440,7,1,37,216,2018,8,12,7,3,4,5,0,1,1,0,0,0,0,0,3.94103E+20,5.58287E+21,7.51032E+15,5.03883E+16
194441,7,2,11,0,2018,8,14,4,3,3,2,0,1,1,0,0,0,0,0,3.29956E+20,5.5145E+21,6.63897E+15,4.97589E+16
194442,7,1,43,67,2018,8,7,4,3,2,2,0,0,1,0,1,0,0,0,4.12198E+20,5.59861E+21,7.76109E+15,5.05329E+16
194443,7,1,11,0,2018,8,15,7,3,6,4,0,1,0,1,0,0,0,0,3.99701E+20,5.57858E+21,7.59018E+15,5.03508E+16
194444,7,1,32,105,2018,8,8,4,3,0,7,0,0,1,0,0,0,0,0,4.13126E+20,5.62208E+21,7.76868E+15,5.0744E+16
194445,7,3,35,35,2018,8,20,6,3,3,6,1,1,0,0,0,0,0,0,4.11088E+20,5.48355E+21,7.7721E+15,4.94981E+16
194446,7,1,31,70,2018,8,14,4,3,6,6,0,0,1,1,0,0,0,0,3.74602E+20,5.60438E+21,7.2289E+15,5.05779E+16
194447,7,3,32,27,2018,8,12,6,3,0,2,0,0,1,0,0,0,0,0,4.32257E+20,5.48703E+21,8.0638E+15,4.95321E+16
194448,7,3,32,50,2018,8,17,6,2,5,3,0,1,1,0,0,0,0,0,4.45235E+20,5.48573E+21,8.24332E+15,4.95217E+16
194449,7,3,38,19,2018,8,11,6,3,5,3,0,1,1,0,0,0,0,0,4.53605E+20,5.47746E+21,8.35993E+15,4.9448E+16
194450,7,1,11,0,2018,8,8,4,3,6,7,0,0,1,1,0,0,0,0,3.99384E+20,5.57902E+21,7.5856E+15,5.03546E+16
194451,7,3,38,19,2018,8,1,6,3,1,5,2,1,1,0,0,0,0,0,4.53165E+20,5.4775E+21,8.35386E+15,4.94484E+16
194452,7,3,14,0,2018,8,16,6,2,3,7,0,0,1,0,1,0,0,0,4.56097E+20,5.48213E+21,8.39378E+15,4.94902E+16
194453,7,3,17,0,2018,8,17,3,3,6,4,0,0,1,1,0,0,0,0,3.98651E+20,5.45257E+21,7.60827E+15,4.92175E+16
194454,7,3,39,42,2018,8,17,6,3,4,2,0,0,1,0,0,0,0,0,4.42568E+20,5.52867E+21,8.20015E+15,4.99077E+16
194455,7,3,35,38,2018,8,15,3,3,2,6,0,0,1,0,0,0,0,0,3.95482E+20,5.47786E+21,7.55814E+15,4.94444E+16
194456,7,3,32,2,2018,8,20,3,3,6,4,0,0,0,1,1,0,0,0,4.39811E+20,5.47945E+21,8.16934E+15,4.94647E+16
194457,7,2,31,134,2018,8,14,6,3,2,6,0,0,1,0,0,0,0,0,3.48315E+20,5.53875E+21,6.88419E+15,4.99818E+16
194458,7,3,16,0,2018,8,16,3,3,4,6,0,1,1,0,0,0,0,0,4.39005E+20,5.46767E+21,8.16003E+15,4.93587E+16
194459,7,2,35,4,2018,8,21,5,3,0,7,1,1,0,0,0,0,1,0,3.42065E+20,5.52434E+21,6.80298E+15,4.98507E+16
194460,7,1,38,45,2018,8,13,6,3,0,6,0,1,1,0,0,0,0,0,3.90411E+20,5.58783E+21,7.45695E+15,5.04322E+16
194461,7,1,31,7,2018,8,17,6,3,5,3,0,0,1,0,1,0,0,0,3.66796E+20,5.6004E+21,7.12013E+15,5.05404E+16
194462,7,3,12,0,2018,8,17,5,3,4,2,0,1,1,0,0,0,0,0,4.07941E+20,5.47753E+21,7.73004E+15,4.94435E+16
194463,7,3,34,7,2018,8,12,3,3,6,4,0,1,0,1,0,0,0,0,4.54555E+20,5.45217E+21,8.37592E+15,4.92207E+16
194464,7,3,12,0,2018,8,22,5,3,0,1,2,1,0,0,0,0,0,0,4.10753E+20,5.4749E+21,7.76941E+15,4.94202E+16
194465,7,3,38,17,2018,8,14,3,3,8,7,0,0,1,0,0,0,0,0,4.56359E+20,5.47497E+21,8.39819E+15,4.94258E+16
194466,7,3,11,0,2018,8,11,3,2,0,7,0,1,0,0,0,0,0,0,4.53415E+20,5.48748E+21,8.35612E+15,4.95382E+16
194467,7,3,14,0,2018,8,10,3,3,5,3,0,1,1,0,0,0,0,0,4.58916E+20,5.4797E+21,8.43297E+15,4.94686E+16
194468,7,3,12,0,2018,8,13,5,3,1,2,0,0,1,0,0,0,0,0,4.11871E+20,5.47747E+21,7.78426E+15,4.94435E+16
194469,7,3,39,5,2018,8,17,3,3,5,3,0,1,1,0,0,0,0,0,4.20679E+20,5.53525E+21,7.89401E+15,4.99643E+16
194470,7,3,33,39,2018,8,16,3,2,6,4,0,0,1,1,0,0,0,0,4.2909E+20,5.50082E+21,8.01755E+15,4.96558E+16
194471,7,3,34,7,2018,8,10,5,3,5,3,0,0,1,0,1,0,0,0,4.54253E+20,5.45287E+21,8.37169E+15,4.92269E+16
194472,7,3,39,30,2018,8,15,3,3,5,3,0,1,1,0,0,0,0,0,4.33272E+20,5.53658E+21,8.06934E+15,4.99778E+16
194473,7,1,41,51,2018,8,18,5,2,4,7,0,1,0,1,0,0,0,0,4.33711E+20,5.57278E+21,8.06916E+15,5.03034E+16
194474,7,3,37,20,2018,8,22,5,3,5,2,2,1,1,0,0,0,0,0,4.36525E+20,5.45888E+21,8.12728E+15,4.92794E+16
194475,7,2,32,18,2018,8,8,3,3,1,5,0,1,1,0,0,0,0,0,3.22381E+20,5.53855E+21,6.52287E+15,4.99728E+16
194476,7,3,14,0,2018,8,14,5,2,3,5,0,0,1,0,1,0,0,0,4.56923E+20,5.47817E+21,8.40562E+15,4.94546E+16
194477,7,1,43,277,2018,8,14,3,2,5,2,0,0,1,0,0,0,1,1,4.27748E+20,5.61276E+21,7.97772E+15,5.06622E+16
194478,7,3,31,73,2018,8,1,5,2,0,7,2,0,0,0,0,1,0,0,4.37378E+20,5.52139E+21,8.12906E+15,4.98416E+16
194479,7,1,38,45,2018,8,10,3,3,1,7,0,0,1,0,0,0,0,0,3.91169E+20,5.58746E+21,7.46772E+15,5.04291E+16
194480,7,1,41,29,2018,8,16,5,3,2,3,0,0,1,0,1,0,0,0,4.32352E+20,5.58063E+21,8.04867E+15,5.03738E+16
194481,7,3,19,0,2018,8,10,5,3,1,2,0,0,1,0,0,0,0,0,4.53819E+20,5.49762E+21,8.36052E+15,4.96293E+16
194482,7,1,11,0,2018,8,9,3,3,5,3,0,0,1,0,1,0,0,0,3.98721E+20,5.57962E+21,7.57613E+15,5.03599E+16
194483,7,1,32,501,2018,8,14,5,3,6,4,0,0,1,1,0,0,0,0,4.03734E+20,5.61567E+21,7.63728E+15,5.06849E+16
194484,7,2,35,68,2018,8,9,5,3,8,1,0,0,1,0,0,0,0,0,3.2516E+20,5.50818E+21,6.57529E+15,4.97007E+16
194485,7,2,11,0,2018,8,9,5,3,1,6,0,0,1,0,0,0,0,0,3.29796E+20,5.51479E+21,6.63664E+15,4.97615E+16
194486,7,1,37,68,2018,8,19,5,3,1,7,0,1,1,0,0,0,0,0,3.73099E+20,5.57742E+21,7.21682E+15,5.03351E+16
194487,7,3,35,26,2018,8,18,2,3,6,6,0,0,1,1,0,0,0,0,4.16939E+20,5.48257E+21,7.85309E+15,4.94901E+16
194488,7,1,37,3,2018,8,15,5,3,4,2,0,0,1,0,1,0,0,0,3.871E+20,5.58873E+21,7.41007E+15,5.04397E+16
194489,7,3,12,0,2018,8,6,4,3,5,3,1,0,1,0,1,0,0,0,4.05909E+20,5.4774E+21,7.70205E+15,4.94419E+16
194490,7,3,32,43,2018,8,17,2,3,5,3,0,0,1,0,0,0,0,1,4.41905E+20,5.47216E+21,8.1993E+15,4.93994E+16
194491,7,3,34,13,2018,8,14,4,3,0,2,0,0,1,0,0,0,0,0,4.41531E+20,5.43703E+21,8.19927E+15,4.90834E+16
194492,7,3,16,0,2018,8,12,2,3,0,1,0,0,0,0,1,0,0,1,4.38186E+20,5.46772E+21,8.14874E+15,4.93591E+16
194493,7,3,18,0,2018,8,15,2,3,1,6,0,0,1,0,0,0,0,0,4.59528E+20,5.4624E+21,8.44317E+15,4.9313E+16
194494,7,3,34,22,2018,8,7,4,3,8,1,0,1,0,0,0,0,0,0,4.50127E+20,5.44068E+21,8.31654E+15,4.91169E+16
194495,7,3,11,0,2018,8,16,2,3,0,7,0,1,1,0,0,0,0,0,4.54114E+20,5.48803E+21,8.36573E+15,4.95431E+16
194496,7,3,34,25,2018,8,1,4,2,1,5,2,1,1,0,0,0,0,0,4.48146E+20,5.4447E+21,8.28887E+15,4.9153E+16
194497,7,3,14,0,2018,8,22,2,3,3,2,2,0,1,0,1,0,0,0,4.53133E+20,5.4815E+21,8.35294E+15,4.94844E+16
194498,7,3,37,73,2018,8,15,4,3,0,1,0,1,0,0,0,0,0,0,4.31009E+20,5.45134E+21,8.05274E+15,4.9211E+16
194499,7,1,33,6,2018,8,15,4,3,3,3,0,0,1,0,0,0,1,1,4.20007E+20,5.52374E+21,7.88702E+15,4.98607E+16
194500,7,3,14,0,2018,8,17,2,3,5,3,0,1,1,0,0,0,0,1,4.58507E+20,5.4787E+21,8.42742E+15,4.94596E+16
194501,7,3,19,0,2018,8,19,4,3,5,2,0,1,1,0,0,0,0,0,4.53031E+20,5.49814E+21,8.34955E+15,4.9634E+16
194502,7,3,31,1,2018,8,7,2,3,9,1,0,1,1,0,0,0,0,0,4.37061E+20,5.51399E+21,8.12585E+15,4.97751E+16
194503,7,3,19,0,2018,8,11,2,3,5,3,0,0,1,1,0,0,0,0,4.53057E+20,5.49864E+21,8.34985E+15,4.96385E+16
194504,7,2,33,35,2018,8,21,4,2,6,4,0,1,0,1,0,0,0,0,3.27312E+20,5.58039E+21,6.57261E+15,5.03502E+16
194505,7,3,19,0,2018,8,10,2,3,5,3,0,1,1,0,0,0,0,1,4.53056E+20,5.49869E+21,8.34983E+15,4.96389E+16
194506,7,1,34,5,2018,8,11,4,2,1,5,0,0,1,0,0,0,0,0,3.7868E+20,5.4968E+21,7.32062E+15,4.96116E+16
194507,7,3,39,30,2018,8,8,2,3,0,1,0,1,0,0,0,0,0,1,4.3248E+20,5.5356E+21,8.05847E+15,4.99689E+16
194508,7,3,15,0,2018,8,7,2,3,0,4,0,0,0,1,0,0,1,1,4.47175E+20,5.53896E+21,8.2629E+15,5.00006E+16
194509,7,2,35,141,2018,8,19,4,3,4,6,0,0,1,0,0,0,1,0,3.37427E+20,5.51333E+21,6.74311E+15,4.97504E+16
194510,7,1,38,68,2018,8,16,2,2,5,2,0,0,1,0,0,0,0,0,3.81874E+20,5.6071E+21,7.33069E+15,5.06038E+16
194511,7,1,43,11,2018,8,18,4,3,9,1,0,0,0,0,1,0,0,1,4.2577E+20,5.58868E+21,7.95454E+15,5.04455E+16
194512,7,1,31,7,2018,8,7,2,3,1,6,0,0,1,0,0,0,0,1,3.67063E+20,5.60092E+21,7.12372E+15,5.05451E+16
194513,7,1,37,68,2018,8,13,4,3,0,1,0,1,0,0,0,0,0,1,3.73001E+20,5.57718E+21,7.21553E+15,5.0333E+16
194514,7,1,11,0,2018,8,16,4,3,4,1,0,0,1,0,0,0,0,1,3.97598E+20,5.57839E+21,7.56068E+15,5.03487E+16
194515,7,1,37,3,2018,8,16,2,2,5,3,0,1,1,0,0,0,0,0,3.87439E+20,5.58846E+21,7.41493E+15,5.04373E+16
194516,7,3,12,0,2018,7,17,3,3,1,7,0,1,1,0,0,0,0,0,4.09508E+20,5.47743E+21,7.75168E+15,4.94428E+16
194517,7,3,12,0,2018,8,12,1,3,5,3,0,1,1,0,0,0,0,0,4.10641E+20,5.47856E+21,7.76705E+15,4.94531E+16
194518,7,3,37,15,2018,8,14,1,3,0,1,0,1,0,0,0,0,0,0,4.32502E+20,5.45519E+21,8.07259E+15,4.92458E+16
194519,7,3,13,0,2018,7,9,3,3,3,6,0,1,1,0,0,0,0,0,4.3561E+20,5.44941E+21,8.11622E+15,4.91941E+16
194520,7,3,37,38,2018,8,17,1,3,4,6,0,0,1,0,1,0,0,0,4.42049E+20,5.44357E+21,8.20542E+15,4.91422E+16
194521,7,3,38,26,2018,7,13,3,2,5,3,0,0,1,0,1,0,0,0,4.59692E+20,5.47185E+21,8.44447E+15,4.9398E+16
194522,7,3,14,0,2018,8,14,1,3,0,1,0,0,0,0,1,0,0,0,4.5728E+20,5.48772E+21,8.40951E+15,4.95406E+16
194523,7,1,33,6,2018,8,18,1,2,5,2,0,0,0,0,1,0,0,0,4.19627E+20,5.52133E+21,7.88224E+15,4.9839E+16