OBJECTID_1,ULAND,UREGBEZ,UKREIS,UGEMEINDE,UJAHR,UMONAT,USTUNDE,UWOCHENTAG,UKATEGORIE,UART,UTYP1,ULICHTVERH,IstRad,IstPKW,IstFuss,IstKrad,IstGkfz,IstSonstig,STRZUSTAND,LINREFX,LINREFY,XGCSWGS84,YGCSWGS84
194524,7,3,31,3,2018,7,13,3,3,1,6,0,0,0,0,1,1,0,0,4.35644E+20,5.51087E+21,8.10669E+15,4.97469E+16
194525,7,3,19,0,2018,8,2,1,2,0,1,2,1,0,0,0,0,0,0,4.47895E+20,5.49829E+21,8.2784E+15,4.96349E+16
194526,7,3,19,0,2018,7,12,3,3,5,3,0,1,1,0,0,0,0,0,4.54129E+20,5.49816E+21,8.36475E+15,4.96343E+16
194527,7,2,32,18,2018,7,18,3,3,5,3,0,0,1,0,0,0,0,0,3.22673E+20,5.53752E+21,6.52741E+15,4.99637E+16
194528,7,2,31,134,2018,8,11,1,2,0,1,0,1,0,0,0,0,0,0,3.52045E+20,5.53713E+21,6.93681E+15,4.99681E+16
194529,7,2,35,103,2018,7,12,3,3,5,3,0,0,1,0,0,1,0,0,3.40937E+20,5.50937E+21,6.79342E+15,4.97158E+16
194530,7,2,11,0,2018,8,16,1,3,0,1,0,1,0,0,0,0,0,0,3.29447E+20,5.51562E+21,6.63143E+15,4.97688E+16
194531,7,1,37,3,2018,8,9,1,3,0,1,0,1,0,0,0,0,0,0,3.87193E+20,5.58857E+21,7.41143E+15,5.04383E+16
194532,7,2,35,118,2018,7,12,3,3,1,5,0,0,1,0,0,0,1,0,3.24052E+20,5.49766E+21,6.56465E+15,4.96059E+16
194533,7,1,11,0,2018,8,10,1,3,1,1,0,1,1,0,0,0,0,0,4.00194E+20,5.58039E+21,7.59663E+15,5.03671E+16
194534,7,1,43,308,2018,7,21,3,2,8,7,2,0,1,1,0,0,0,0,4.2731E+20,5.60225E+21,7.97357E+15,5.05677E+16
194535,7,3,35,38,2018,8,7,4,3,5,3,0,0,1,0,0,0,0,0,3.96119E+20,5.47829E+21,7.56681E+15,4.94484E+16
194536,7,1,41,29,2018,7,16,3,3,5,3,0,0,1,0,0,0,0,0,4.31392E+20,5.58028E+21,8.03524E+15,5.03706E+16
194537,7,3,15,0,2018,9,9,4,3,5,3,0,1,1,0,0,0,0,0,4.47301E+20,5.54036E+21,8.26446E+15,5.00132E+16
194538,7,2,31,134,2018,9,10,4,3,0,1,0,0,0,0,1,0,0,0,3.48031E+20,5.53812E+21,6.88048E+15,4.99761E+16
194539,7,2,11,0,2018,9,20,4,3,5,3,1,1,1,0,0,0,0,0,3.28647E+20,5.51245E+21,6.62173E+15,4.97401E+16
194540,7,2,11,0,2018,9,11,4,3,4,7,0,0,1,0,1,0,0,0,3.29771E+20,5.512E+21,6.6375E+15,4.97364E+16
194541,7,1,43,29,2018,9,7,4,3,4,5,0,1,1,0,0,0,0,0,4.10756E+20,5.60373E+21,7.73953E+15,5.05786E+16
194542,7,1,38,77,2018,9,15,4,3,5,3,0,0,1,0,0,0,0,0,3.83254E+20,5.6109E+21,7.34898E+15,5.06383E+16
194543,7,1,32,117,2018,9,18,4,3,1,7,0,0,1,0,0,0,0,0,4.1124E+20,5.62617E+21,7.74098E+15,5.07805E+16
194544,7,1,38,45,2018,9,5,4,3,9,1,0,0,0,0,1,0,0,0,3.92419E+20,5.58885E+21,7.48492E+15,5.04418E+16
194545,7,1,35,79,2018,9,12,4,3,1,5,0,1,0,0,0,0,1,0,3.71967E+20,5.54973E+21,7.21026E+15,5.00861E+16
194546,7,1,31,70,2018,9,10,4,3,0,1,0,0,0,0,1,0,0,0,3.77022E+20,5.60296E+21,7.26353E+15,5.05656E+16
194547,7,3,33,502,2018,9,5,3,2,1,6,2,0,1,0,0,0,0,0,4.15239E+20,5.4988E+21,7.82612E+15,4.96358E+16
194548,7,3,16,0,2018,9,12,3,3,0,7,0,0,0,0,1,0,1,1,4.4212E+20,5.46521E+21,8.20328E+15,4.93368E+16
194549,7,3,12,0,2018,9,17,3,3,4,6,0,0,1,0,0,0,0,0,4.05965E+20,5.47737E+21,7.70283E+15,4.94417E+16
194550,7,3,37,14,2018,9,18,3,2,5,3,1,1,0,0,0,0,0,0,4.39582E+20,5.45261E+21,8.17024E+15,4.92233E+16
194551,7,3,12,0,2018,9,9,3,3,6,4,0,0,1,1,0,0,0,0,4.10751E+20,5.47786E+21,7.76873E+15,4.94468E+16
194552,7,3,13,0,2018,9,7,3,3,6,6,0,1,0,1,0,0,0,0,4.32947E+20,5.45145E+21,8.07933E+15,4.92122E+16
194553,7,3,18,0,2018,9,17,3,3,1,7,0,0,1,0,1,0,0,0,4.59287E+20,5.46331E+21,8.43976E+15,4.93211E+16
194554,7,3,39,5,2018,9,19,3,3,6,6,0,1,0,1,0,0,0,0,4.21858E+20,5.5336E+21,7.91079E+15,4.99496E+16
194555,7,3,18,0,2018,9,12,3,3,5,3,0,0,1,0,0,0,0,0,4.5751E+20,5.46321E+21,8.41532E+15,4.93202E+16
194556,7,1,33,6,2018,9,14,3,2,4,2,0,0,1,0,1,0,0,0,4.21001E+20,5.5227E+21,7.90106E+15,4.98515E+16
194557,7,3,38,5,2018,9,14,3,3,5,3,0,1,1,0,0,0,0,0,4.50126E+20,5.4677E+21,8.31316E+15,4.936E+16
194558,7,3,11,0,2018,9,11,3,3,5,3,0,1,1,0,0,0,0,0,4.5378E+20,5.48682E+21,8.36124E+15,4.95322E+16
194559,7,1,34,60,2018,9,13,3,3,0,7,0,0,1,0,0,0,0,0,3.80231E+20,5.51393E+21,7.33684E+15,4.97659E+16
194560,7,3,14,0,2018,9,7,3,3,3,6,0,1,1,0,0,0,0,0,4.5933E+20,5.4818E+21,8.43846E+15,4.94875E+16
194561,7,2,11,0,2018,9,13,3,3,5,3,0,1,1,0,0,0,0,0,3.2702E+20,5.51105E+21,6.59978E+15,4.9727E+16
194562,7,3,39,5,2018,9,14,3,3,3,5,0,0,1,0,1,0,0,0,4.21247E+20,5.53548E+21,7.90188E+15,4.99665E+16
194563,7,2,11,0,2018,9,8,3,2,5,2,0,1,1,0,0,0,0,0,3.29762E+20,5.51203E+21,6.63737E+15,4.97366E+16
194564,7,3,33,38,2018,9,7,3,3,5,2,0,1,1,0,0,0,0,0,4.32082E+20,5.49158E+21,8.0606E+15,4.9573E+16
194565,7,1,31,90,2018,9,15,3,3,5,2,0,0,1,0,0,0,0,0,3.60731E+20,5.60363E+21,7.03338E+15,5.0568E+16
194566,7,1,37,3,2018,9,12,3,3,0,1,0,1,0,0,0,0,0,0,3.87085E+20,5.58861E+21,7.4099E+15,5.04386E+16
194567,7,3,15,0,2018,9,11,3,3,1,1,0,1,1,0,0,0,0,0,4.47467E+20,5.53821E+21,8.26708E+15,4.99939E+16
194568,7,3,17,0,2018,9,14,2,3,5,3,0,0,1,0,0,0,0,0,3.98428E+20,5.45073E+21,7.60567E+15,4.92009E+16
194569,7,3,15,0,2018,9,10,3,2,0,3,0,1,1,0,0,0,0,0,4.47705E+20,5.53949E+21,8.27023E+15,5.00054E+16
194570,7,3,13,0,2018,9,16,2,3,6,7,0,0,1,1,0,0,0,0,4.35727E+20,5.45026E+21,8.11769E+15,4.92018E+16
194571,7,2,31,1,2018,9,11,3,3,1,6,0,0,1,0,0,0,0,0,3.49925E+20,5.53574E+21,6.90781E+15,4.99552E+16
194572,7,2,11,0,2018,9,11,3,2,5,3,0,1,1,0,0,0,0,0,3.31659E+20,5.51569E+21,6.6621E+15,4.97701E+16
194573,7,3,19,0,2018,9,14,2,3,0,7,0,1,0,0,0,0,0,0,4.53744E+20,5.4987E+21,8.35935E+15,4.9639E+16
194574,7,1,35,82,2018,9,14,3,2,0,7,0,1,0,0,0,0,0,0,3.78566E+20,5.55796E+21,7.29983E+15,5.01614E+16
194575,7,1,37,68,2018,9,16,3,3,0,7,0,0,0,1,0,0,1,0,3.73578E+20,5.57643E+21,7.22388E+15,5.03264E+16
194576,7,1,37,3,2018,9,14,3,3,6,7,0,0,0,1,0,0,1,0,3.86645E+20,5.58817E+21,7.40384E+15,5.04346E+16
194577,7,1,37,203,2018,9,13,3,3,2,6,0,0,1,0,0,0,0,0,3.98129E+20,5.58649E+21,7.56594E+15,5.04216E+16
194578,7,1,11,0,2018,9,14,3,3,2,6,0,1,0,0,0,0,1,0,3.99879E+20,5.57961E+21,7.59241E+15,5.036E+16
194579,7,3,19,0,2018,9,12,2,3,6,4,0,0,1,1,0,0,0,0,4.53609E+20,5.49801E+21,8.35756E+15,4.96328E+16
194580,7,3,17,0,2018,9,11,2,1,6,7,0,0,0,1,0,0,1,0,3.9811E+20,5.44959E+21,7.6016E+15,4.91906E+16
194581,7,2,31,134,2018,9,15,2,2,6,7,0,0,0,1,0,1,0,0,3.50431E+20,5.53948E+21,6.91341E+15,4.99889E+16
194582,7,3,12,0,2018,9,11,2,3,0,6,0,1,1,0,0,0,0,0,4.10648E+20,5.47733E+21,7.76742E+15,4.94421E+16
194583,7,2,11,0,2018,9,8,2,3,6,4,0,0,1,1,0,0,0,0,3.30533E+20,5.51388E+21,6.64725E+15,4.97535E+16
194584,7,3,32,39,2018,9,12,2,3,6,4,0,0,1,1,0,0,0,0,4.42915E+20,5.47349E+21,8.21303E+15,4.94114E+16
194585,7,1,35,82,2018,9,21,2,3,1,5,2,0,1,0,0,0,0,0,3.78667E+20,5.55946E+21,7.30077E+15,5.01749E+16
194586,7,3,32,46,2018,9,17,2,2,0,1,0,1,0,0,0,0,0,0,4.41106E+20,5.4765E+21,8.18764E+15,4.94383E+16
194587,7,3,37,52,2018,9,16,2,3,2,1,0,1,1,0,0,0,0,0,4.37276E+20,5.46189E+21,8.13714E+15,4.93065E+16
194588,7,1,35,34,2018,9,1,2,3,8,1,2,0,1,0,0,0,0,0,3.63306E+20,5.55788E+21,7.08633E+15,5.01574E+16
194589,7,3,18,0,2018,9,16,2,3,2,6,0,1,1,0,0,0,0,0,4.58364E+20,5.4629E+21,8.4271E+15,4.93174E+16
194590,7,1,37,3,2018,9,21,2,3,2,6,2,0,1,0,0,0,0,0,3.86956E+20,5.58772E+21,7.40835E+15,5.04306E+16
194591,7,3,14,0,2018,9,22,2,3,5,3,2,0,1,0,0,0,0,0,4.56486E+20,5.48537E+21,8.3988E+15,4.95194E+16
194592,7,3,34,501,2018,9,10,1,3,5,3,0,1,1,0,0,0,0,0,4.47316E+20,5.43147E+21,8.27922E+15,4.90339E+16
194593,7,2,32,206,2018,9,7,2,2,8,1,1,1,0,0,0,0,0,0,3.06636E+20,5.56927E+21,6.28798E+15,5.0244E+16
194594,7,3,34,7,2018,9,11,1,3,7,7,0,1,0,1,0,0,0,0,4.52998E+20,5.44929E+21,8.35488E+15,4.91947E+16
194595,7,2,33,4,2018,9,3,1,3,8,1,2,0,1,0,0,0,0,0,3.37085E+20,5.56769E+21,6.71533E+15,5.02389E+16
194596,7,1,43,276,2018,9,15,2,3,1,7,0,0,1,0,0,0,0,0,4.17761E+20,5.6141E+21,7.83615E+15,5.06729E+16
194597,7,2,11,0,2018,9,18,1,2,8,1,0,0,0,0,1,0,0,0,3.33582E+20,5.51929E+21,6.68724E+15,4.98029E+16
194598,7,1,38,45,2018,9,18,2,3,5,2,0,1,0,0,0,0,1,0,3.93246E+20,5.58804E+21,7.49679E+15,5.04346E+16
194599,7,1,38,45,2018,9,9,1,3,5,3,0,0,1,0,1,0,0,0,3.9124E+20,5.58791E+21,7.46859E+15,5.04331E+16
194600,7,1,31,7,2018,9,19,2,3,6,4,0,1,0,1,0,0,0,0,3.66632E+20,5.60123E+21,7.11753E+15,5.05478E+16
194601,7,1,37,69,2018,9,13,2,3,5,3,0,0,1,0,0,1,0,0,3.78555E+20,5.58168E+21,7.29208E+15,5.03746E+16
194602,7,3,18,0,2018,9,17,7,3,5,3,0,1,1,0,0,0,0,0,4.57357E+20,5.4645E+21,8.41308E+15,4.93317E+16
194603,7,3,35,22,2018,9,14,1,3,1,5,0,0,1,0,0,0,0,0,3.95958E+20,5.47306E+21,7.56596E+15,4.94014E+16
194604,7,3,39,50,2018,9,14,7,3,5,3,0,1,1,0,0,0,0,0,4.29391E+20,5.52439E+21,8.01744E+15,4.98678E+16
194605,7,3,39,201,2018,9,3,7,3,1,5,2,0,1,0,1,0,0,0,4.47024E+20,5.51325E+21,8.26431E+15,4.97694E+16
194606,7,3,35,40,2018,9,18,1,3,5,3,0,0,1,0,0,0,0,0,4.01616E+20,5.4808E+21,7.642E+15,4.94719E+16
194607,7,2,35,118,2018,9,20,7,3,8,1,1,0,0,0,1,0,0,0,3.22161E+20,5.49736E+21,6.53865E+15,4.96026E+16
194608,7,3,32,25,2018,9,15,1,3,0,1,0,1,0,0,0,0,0,1,4.4575E+20,5.46944E+21,8.25267E+15,4.93752E+16
194609,7,1,43,81,2018,9,11,7,3,0,1,0,1,0,0,0,0,0,0,4.14623E+20,5.59196E+21,7.79682E+15,5.04734E+16
194610,7,3,32,9,2018,9,0,1,2,9,1,2,0,1,0,0,0,0,0,4.4181E+20,5.47289E+21,8.19788E+15,4.94059E+16
194611,7,1,11,0,2018,9,13,7,3,0,1,0,1,0,0,0,0,0,0,4E+20,5.58033E+21,7.59392E+15,5.03665E+16
194612,7,3,34,17,2018,9,20,1,3,6,6,2,0,0,1,1,0,0,0,4.52894E+20,5.45455E+21,8.35282E+15,4.92419E+16
194613,7,3,12,0,2018,8,14,6,3,1,6,0,0,1,0,0,0,0,0,4.08671E+20,5.47664E+21,7.74033E+15,4.94356E+16
194614,7,3,37,38,2018,9,12,1,2,5,3,0,0,1,0,1,0,0,0,4.42675E+20,5.44427E+21,8.21391E+15,4.91486E+16
194615,7,2,35,22,2018,9,13,1,3,5,1,0,0,1,0,1,0,0,0,3.40127E+20,5.51567E+21,6.7796E+15,4.97722E+16
194616,7,3,34,12,2018,8,16,6,3,5,7,0,1,1,0,0,0,0,0,4.47254E+20,5.438E+21,8.27751E+15,4.90926E+16
194617,7,1,43,286,2018,9,20,1,2,0,1,2,1,0,0,0,0,0,0,4.34123E+20,5.60737E+21,8.06886E+15,5.06145E+16
194618,7,3,13,0,2018,8,15,6,3,0,1,0,0,0,0,1,0,0,0,4.36613E+20,5.4492E+21,8.13002E+15,4.91923E+16
194619,7,3,37,73,2018,8,8,6,3,5,3,0,0,1,0,0,0,0,0,4.31269E+20,5.45103E+21,8.05637E+15,4.92082E+16
194620,7,1,35,26,2018,9,18,1,2,5,3,0,1,0,0,1,0,0,0,3.62442E+20,5.56814E+21,7.07054E+15,5.02494E+16
194621,7,3,38,25,2018,8,16,6,3,9,1,0,1,0,0,0,0,0,0,4.55259E+20,5.47039E+21,8.38354E+15,4.93845E+16
194622,7,1,37,3,2018,9,16,6,2,4,7,0,0,1,0,0,0,0,1,3.86097E+20,5.58889E+21,7.39591E+15,5.0441E+16
194623,7,1,35,15,2018,9,13,1,3,5,3,0,1,0,0,0,0,1,0,3.71979E+20,5.5525E+21,7.20949E+15,5.0111E+16
194624,7,1,40,64,2018,9,14,1,3,2,1,0,0,1,0,1,0,0,0,3.87619E+20,5.54674E+21,7.42984E+15,5.00623E+16
194625,7,1,37,216,2018,9,16,1,3,5,2,0,1,1,0,0,0,0,0,3.93316E+20,5.58221E+21,7.49943E+15,5.03822E+16
194626,7,3,14,0,2018,8,16,6,3,1,5,0,1,1,0,0,0,0,0,4.56575E+20,5.47818E+21,8.40082E+15,4.94547E+16
194627,7,3,39,42,2018,8,22,6,2,5,2,2,0,1,0,1,0,0,0,4.42475E+20,5.52865E+21,8.19886E+15,4.99074E+16
194628,7,1,11,0,2018,9,17,1,3,0,1,0,1,0,0,0,0,0,0,3.9954E+20,5.57899E+21,7.5878E+15,5.03544E+16
194629,7,1,11,0,2018,9,12,1,3,0,1,0,1,0,0,0,0,0,0,3.98922E+20,5.57884E+21,7.57916E+15,5.03529E+16
194630,7,3,39,17,2018,8,9,6,3,6,4,0,0,1,1,0,0,0,0,4.39373E+20,5.53128E+21,8.15526E+15,4.99308E+16
194631,7,3,12,0,2018,9,16,7,3,0,1,0,1,0,0,0,0,0,0,4.11661E+20,5.47685E+21,7.78151E+15,4.94379E+16
194632,7,2,35,118,2018,8,13,6,2,0,7,0,1,0,0,0,0,0,0,3.23373E+20,5.49799E+21,6.55512E+15,4.96086E+16
194633,7,2,11,0,2018,8,11,6,3,3,2,0,0,1,0,1,0,0,0,3.3046E+20,5.51525E+21,6.64565E+15,4.97658E+16
194634,7,3,38,6,2018,9,11,7,2,0,1,0,1,0,0,0,0,0,0,4.49858E+20,5.47531E+21,8.30851E+15,4.94284E+16
194635,7,1,32,6,2018,8,7,6,3,5,2,0,0,1,0,1,0,0,0,4.20896E+20,5.62776E+21,7.87757E+15,5.07962E+16
194636,7,1,37,216,2018,9,15,6,3,5,3,0,1,1,0,0,0,0,0,3.94799E+20,5.58347E+21,7.51993E+15,5.03939E+16
194637,7,3,14,0,2018,9,16,7,3,1,1,0,1,1,0,0,0,0,0,4.5315E+20,5.48144E+21,8.35318E+15,4.94838E+16
194638,7,3,14,0,2018,9,13,7,3,1,6,0,0,1,0,0,0,0,0,4.58854E+20,5.48152E+21,8.43192E+15,4.94849E+16
194639,7,1,38,45,2018,8,16,6,2,8,1,0,1,0,0,0,0,0,0,3.90888E+20,5.58751E+21,7.46375E+15,5.04295E+16
194640,7,1,43,242,2018,9,19,7,3,5,2,0,1,1,0,0,0,0,0,4.28399E+20,5.60745E+21,7.98795E+15,5.06145E+16
194641,7,1,11,0,2018,8,16,6,3,3,2,0,0,1,0,1,0,0,0,3.99877E+20,5.5796E+21,7.59238E+15,5.036E+16
194642,7,1,11,0,2018,9,15,7,2,5,3,0,0,1,0,1,0,0,0,3.9988E+20,5.5796E+21,7.59242E+15,5.036E+16
194643,7,1,33,6,2018,8,21,5,3,6,7,2,0,1,1,0,0,0,0,4.1765E+20,5.52452E+21,7.85407E+15,4.98674E+16
194644,7,1,40,112,2018,9,10,6,3,5,2,0,0,1,0,1,0,0,0,4.09234E+20,5.55103E+21,7.73074E+15,5.01046E+16
194645,7,1,11,0,2018,9,15,7,3,0,7,0,0,0,1,0,0,1,0,4.00368E+20,5.57974E+21,7.59925E+15,5.03613E+16
194646,7,3,36,102,2018,9,9,6,3,1,5,0,0,1,0,0,0,0,0,3.7887E+20,5.47175E+21,7.33094E+15,4.93864E+16
194647,7,2,11,0,2018,8,6,5,3,5,2,0,0,1,0,1,0,0,1,3.27567E+20,5.51133E+21,6.60725E+15,4.97297E+16
194648,7,1,43,295,2018,8,16,5,3,5,3,0,0,1,0,0,0,0,1,4.32959E+20,5.61401E+21,8.05121E+15,5.06741E+16
194649,7,3,12,0,2018,9,11,6,3,3,3,0,0,1,0,0,0,0,0,4.06136E+20,5.47739E+21,7.70518E+15,4.9442E+16
194650,7,1,41,6,2018,8,17,5,2,6,2,0,0,1,1,0,0,0,0,4.08404E+20,5.57645E+21,7.71299E+15,5.0333E+16
194651,7,1,11,0,2018,9,23,6,3,0,1,2,0,0,0,1,0,0,0,3.94208E+20,5.58063E+21,7.51241E+15,5.03683E+16
194652,7,3,32,19,2018,9,16,6,3,0,7,0,1,1,0,0,0,0,0,4.42935E+20,5.4843E+21,8.21174E+15,4.95086E+16
194653,7,3,32,2,2018,9,13,6,3,5,3,0,1,1,0,0,0,0,0,4.40801E+20,5.4798E+21,8.18295E+15,4.94679E+16
194654,7,1,38,62,2018,8,16,5,3,5,3,0,0,1,0,1,0,0,0,3.73837E+20,5.6086E+21,7.21666E+15,5.06156E+16
194655,7,3,14,0,2018,9,14,6,3,1,5,0,1,1,0,0,0,0,0,4.59958E+20,5.48142E+21,8.44717E+15,4.94841E+16
194656,7,1,37,216,2018,8,18,5,3,5,3,0,1,1,0,0,0,0,0,3.95414E+20,5.58303E+21,7.5287E+15,5.039E+16
194657,7,3,20,0,2018,8,20,4,3,0,1,1,1,0,0,0,0,0,1,3.81408E+20,5.45676E+21,7.37035E+15,4.92521E+16
194658,7,3,14,0,2018,9,8,6,3,1,5,0,1,1,0,0,0,0,0,4.6036E+20,5.4802E+21,8.45285E+15,4.94732E+16
194659,7,3,12,0,2018,8,17,4,3,2,6,0,0,1,0,0,0,0,0,4.06045E+20,5.47517E+21,7.70446E+15,4.9422E+16
194660,7,3,18,0,2018,9,14,5,2,0,7,0,1,0,0,0,0,0,0,4.58374E+20,5.46254E+21,8.42728E+15,4.93142E+16
194661,7,1,33,6,2018,9,14,6,3,2,6,0,0,1,0,1,0,0,0,4.20092E+20,5.5223E+21,7.8885E+15,4.98478E+16
194662,7,3,16,0,2018,8,15,4,3,6,7,0,0,1,1,0,0,0,0,4.37468E+20,5.46677E+21,8.139E+15,4.93505E+16
194663,7,3,18,0,2018,9,13,5,3,5,3,0,1,1,0,0,0,0,0,4.59097E+20,5.46207E+21,8.43728E+15,4.931E+16
194664,7,1,33,6,2018,9,13,6,3,4,6,0,1,0,1,0,0,0,0,4.18344E+20,5.52271E+21,7.86411E+15,4.98512E+16
194665,7,1,33,6,2018,9,13,6,3,6,4,0,0,1,1,0,0,0,0,4.17552E+20,5.52252E+21,7.85313E+15,4.98495E+16
194666,7,3,16,0,2018,8,14,4,3,3,6,0,0,0,0,1,0,1,0,4.37562E+20,5.46746E+21,8.1402E+15,4.93566E+16
194667,7,3,19,0,2018,9,14,6,2,5,3,0,0,1,0,1,0,0,0,4.54085E+20,5.49859E+21,8.36409E+15,4.96381E+16
194668,7,3,11,0,2018,8,14,4,3,2,4,0,0,1,1,0,0,0,0,4.53703E+20,5.48721E+21,8.36014E+15,4.95357E+16
194669,7,2,31,134,2018,9,17,6,3,0,1,0,0,0,0,1,0,0,0,3.49071E+20,5.54067E+21,6.89398E+15,4.99992E+16
194670,7,2,11,0,2018,9,13,6,3,2,6,0,0,1,0,1,0,0,0,3.33436E+20,5.51928E+21,6.6852E+15,4.98029E+16
194671,7,3,19,0,2018,8,23,4,2,4,1,2,0,1,0,0,0,0,1,4.54817E+20,5.49732E+21,8.37437E+15,4.96267E+16
194672,7,2,35,73,2018,9,19,6,3,3,2,1,1,1,0,0,0,0,0,3.1967E+20,5.51091E+21,6.49797E+15,4.97236E+16
194673,7,3,19,0,2018,8,19,4,3,2,2,0,0,1,0,0,0,0,0,4.51153E+20,5.49948E+21,8.32337E+15,4.96459E+16
194674,7,3,15,0,2018,8,7,4,3,5,3,0,1,0,1,0,0,0,0,4.47685E+20,5.53864E+21,8.27006E+15,4.99978E+16
194675,7,2,11,0,2018,9,16,6,2,4,6,0,1,1,0,0,0,0,0,3.3024E+20,5.51214E+21,6.64395E+15,4.97377E+16
194676,7,2,35,68,2018,8,15,4,3,0,1,0,0,0,0,1,0,0,1,3.25766E+20,5.50804E+21,6.58375E+15,4.96996E+16
194677,7,3,15,0,2018,9,16,5,3,5,3,0,1,1,0,0,0,0,1,4.44435E+20,5.54126E+21,8.22434E+15,5.00211E+16
194678,7,1,43,62,2018,9,19,6,3,5,3,1,1,1,0,0,0,0,0,4.09626E+20,5.59135E+21,7.72657E+15,5.04672E+16
194679,7,1,38,62,2018,8,12,4,2,0,7,0,1,1,0,0,0,0,0,3.74586E+20,5.60883E+21,7.22717E+15,5.06179E+16
194680,7,1,31,49,2018,9,18,6,3,2,6,0,0,0,0,0,0,1,0,3.59262E+20,5.59845E+21,7.01461E+15,5.0521E+16
194681,7,3,35,26,2018,9,16,5,3,5,3,0,0,1,0,0,0,0,1,4.16736E+20,5.48268E+21,7.85026E+15,4.94911E+16
194682,7,1,35,20,2018,8,17,4,3,8,1,0,0,1,0,0,0,0,1,3.67949E+20,5.55703E+21,7.1516E+15,5.01508E+16
194683,7,3,32,2,2018,9,7,5,3,5,3,0,1,1,0,0,0,0,0,4.40555E+20,5.47925E+21,8.17964E+15,4.9463E+16
194684,7,1,31,7,2018,8,13,4,3,5,3,0,0,1,0,1,0,0,0,3.65669E+20,5.60069E+21,7.10414E+15,5.05427E+16
194685,7,1,37,202,2018,8,18,4,3,5,3,0,1,1,0,0,0,0,1,3.90788E+20,5.57947E+21,7.46468E+15,5.03571E+16
194686,7,3,34,501,2018,9,5,5,3,5,3,2,0,1,0,0,0,0,1,4.47478E+20,5.43244E+21,8.28131E+15,4.90426E+16
194687,7,3,34,20,2018,8,13,3,3,6,7,0,0,1,1,0,0,0,0,4.38011E+20,5.43568E+21,8.15129E+15,4.90709E+16
194688,7,3,34,13,2018,8,10,3,3,0,1,0,0,0,0,1,0,0,0,4.40934E+20,5.43683E+21,8.19113E+15,4.90815E+16
194689,7,3,37,5,2018,8,17,3,3,0,1,0,0,0,0,1,0,0,0,4.27026E+20,5.43936E+21,8.00024E+15,4.91028E+16
194690,7,3,13,0,2018,9,17,5,3,0,1,0,0,1,0,1,0,0,1,4.36323E+20,5.45061E+21,8.12581E+15,4.9205E+16
194691,7,3,18,0,2018,8,12,3,3,0,7,0,1,0,0,0,0,0,0,4.5891E+20,5.463E+21,8.43461E+15,4.93184E+16
194692,7,2,32,18,2018,9,12,5,3,5,5,0,0,1,0,0,0,0,0,3.22234E+20,5.53838E+21,6.5209E+15,4.99713E+16
194693,7,3,38,6,2018,9,10,5,3,4,6,0,1,0,0,0,0,0,0,4.50449E+20,5.47599E+21,8.31657E+15,4.94346E+16
194694,7,3,38,25,2018,8,7,3,3,5,3,0,1,1,0,0,0,0,0,4.55703E+20,5.46974E+21,8.38974E+15,4.93788E+16
194695,7,2,11,0,2018,9,13,5,3,5,3,0,1,1,0,0,0,0,0,3.30235E+20,5.51309E+21,6.64347E+15,4.97463E+16
194696,7,1,37,68,2018,9,8,5,3,2,2,0,0,1,0,0,0,0,1,3.74837E+20,5.57658E+21,7.2415E+15,5.0328E+16
194697,7,3,38,18,2018,8,17,3,3,4,2,0,0,1,0,0,0,0,0,4.48662E+20,5.48154E+21,8.29121E+15,4.94844E+16
194698,7,1,11,0,2018,9,13,5,3,3,6,0,1,0,0,0,0,0,0,3.99882E+20,5.57895E+21,7.59262E+15,5.03541E+16
194699,7,3,11,0,2018,8,7,3,3,5,3,0,1,1,0,0,0,0,0,4.53431E+20,5.48763E+21,8.35632E+15,4.95395E+16
194700,7,3,14,0,2018,8,14,3,3,2,6,0,0,1,0,0,0,0,0,4.58583E+20,5.47896E+21,8.42844E+15,4.94618E+16
194701,7,1,11,0,2018,9,11,5,3,2,6,0,0,1,0,0,0,0,1,3.99828E+20,5.57946E+21,7.59173E+15,5.03587E+16
194702,7,3,14,0,2018,8,12,3,2,5,3,0,0,1,0,1,0,0,0,4.58342E+20,5.48E+21,8.42501E+15,4.94712E+16
194703,7,2,31,134,2018,9,17,5,3,4,1,0,0,1,0,0,0,0,1,3.48972E+20,5.5387E+21,6.89338E+15,4.99815E+16
194704,7,3,37,38,2018,9,10,4,2,5,3,0,0,1,0,0,1,0,0,4.44053E+20,5.44339E+21,8.23293E+15,4.91408E+16
194705,7,3,18,0,2018,9,14,4,3,5,3,0,1,1,0,0,0,0,0,4.58873E+20,5.46323E+21,8.43407E+15,4.93204E+16
194706,7,3,15,0,2018,8,7,3,3,5,3,0,1,1,0,0,0,0,0,4.48296E+20,5.53629E+21,8.27889E+15,4.99767E+16
194707,7,3,11,0,2018,9,9,4,3,2,6,0,0,1,0,0,0,0,0,4.54385E+20,5.48755E+21,8.36952E+15,4.95389E+16
194708,7,2,11,0,2018,9,9,5,3,2,6,0,0,1,0,0,0,0,1,3.3036E+20,5.51459E+21,6.64454E+15,4.97599E+16
194709,7,3,14,0,2018,9,8,4,3,0,5,0,1,0,0,0,1,0,0,4.58159E+20,5.48218E+21,8.42226E+15,4.94908E+16
194710,7,1,32,501,2018,8,7,3,3,1,3,0,1,0,0,0,1,0,0,4.04691E+20,5.61622E+21,7.65068E+15,5.069E+16
194711,7,1,33,6,2018,9,15,4,3,0,7,0,1,0,0,0,0,0,0,4.17821E+20,5.52166E+21,7.85706E+15,4.98417E+16