OBJECTID_1,ULAND,UREGBEZ,UKREIS,UGEMEINDE,UJAHR,UMONAT,USTUNDE,UWOCHENTAG,UKATEGORIE,UART,UTYP1,ULICHTVERH,IstRad,IstPKW,IstFuss,IstKrad,IstGkfz,IstSonstig,STRZUSTAND,LINREFX,LINREFY,XGCSWGS84,YGCSWGS84
194712,7,1,40,10,2018,8,5,3,3,1,5,2,0,1,0,0,0,0,0,3.90253E+20,5.55172E+21,7.4652E+15,5.01076E+16
194713,7,3,19,0,2018,9,5,4,3,0,7,1,0,0,1,0,0,1,0,4.54106E+20,5.49841E+21,8.36439E+15,4.96365E+16
194714,7,1,11,0,2018,8,8,3,2,5,2,0,1,1,0,0,0,0,0,3.99634E+20,5.58193E+21,7.58835E+15,5.03808E+16
194715,7,1,37,68,2018,9,21,5,3,8,7,2,1,0,0,0,0,0,0,3.73543E+20,5.57635E+21,7.22341E+15,5.03257E+16
194716,7,3,17,0,2018,8,10,2,3,4,6,0,0,1,0,0,0,0,1,3.98455E+20,5.45123E+21,7.60592E+15,4.92054E+16
194717,7,3,15,0,2018,9,17,4,2,5,3,0,0,1,0,0,0,0,0,4.46755E+20,5.53414E+21,8.2577E+15,4.99572E+16
194718,7,3,17,0,2018,8,9,2,2,4,6,0,0,1,0,0,0,1,1,3.97447E+20,5.44909E+21,7.59263E+15,4.91861E+16
194719,7,1,37,88,2018,9,16,5,2,5,3,0,1,1,0,0,0,0,0,3.85901E+20,5.58316E+21,7.39488E+15,5.03894E+16
194720,7,3,15,0,2018,9,21,4,3,5,3,2,1,1,0,0,0,0,0,4.47794E+20,5.5392E+21,8.27151E+15,5.00028E+16
194721,7,3,15,0,2018,9,7,4,3,0,7,0,1,0,0,0,0,0,0,4.47441E+20,5.53815E+21,8.26672E+15,4.99933E+16
194722,7,3,33,67,2018,8,11,2,3,6,4,0,0,1,1,0,0,0,0,4.11302E+20,5.50546E+21,7.77011E+15,4.96951E+16
194723,7,2,35,68,2018,9,9,4,3,6,2,0,0,1,1,0,0,0,0,3.25483E+20,5.50848E+21,6.57962E+15,4.97036E+16
194724,7,3,32,25,2018,8,13,2,3,5,7,0,1,0,0,0,0,0,0,4.45328E+20,5.46788E+21,8.24707E+15,4.93612E+16
194725,7,3,34,501,2018,8,10,2,3,1,5,0,0,1,0,1,0,0,0,4.465E+20,5.4335E+21,8.26778E+15,4.9052E+16
194726,7,2,11,0,2018,9,19,4,2,0,1,0,1,0,0,0,0,0,0,3.31007E+20,5.5126E+21,6.65438E+15,4.97422E+16
194727,7,3,37,21,2018,8,11,2,3,0,1,0,0,0,0,1,0,0,0,4.36212E+20,5.45667E+21,8.12332E+15,4.92594E+16
194728,7,1,11,0,2018,9,8,5,3,0,1,0,0,0,0,1,0,0,1,3.99156E+20,5.57818E+21,7.58263E+15,5.0347E+16
194729,7,3,38,19,2018,8,19,2,3,1,2,0,0,1,0,0,0,0,0,4.5357E+20,5.47507E+21,8.35973E+15,4.94265E+16
194730,7,3,14,0,2018,8,16,2,3,5,2,0,1,1,0,0,0,0,0,4.57554E+20,5.48554E+21,8.41354E+15,4.9521E+16
194731,7,1,32,72,2018,9,10,4,2,0,1,0,1,0,0,0,0,0,0,4.25487E+20,5.6306E+21,7.94213E+15,5.08223E+16
194732,7,3,39,49,2018,8,9,2,3,5,3,0,0,1,0,0,0,0,0,4.54053E+20,5.52213E+21,8.36087E+15,4.98499E+16
194733,7,3,33,502,2018,9,9,4,3,3,6,0,1,1,0,0,0,0,0,4.15203E+20,5.49841E+21,7.82571E+15,4.96323E+16
194734,7,1,38,45,2018,9,12,4,3,0,5,0,1,1,0,0,0,0,0,3.91063E+20,5.58806E+21,7.46605E+15,5.04344E+16
194735,7,2,35,68,2018,8,18,2,3,0,2,0,1,1,0,0,0,0,0,3.25891E+20,5.50745E+21,6.58575E+15,4.96943E+16
194736,7,3,12,0,2018,9,15,4,3,8,1,0,1,0,0,0,0,0,0,4.11023E+20,5.47645E+21,7.77279E+15,4.94342E+16
194737,7,1,31,7,2018,9,10,4,3,1,5,0,0,1,0,0,1,0,0,3.65274E+20,5.60047E+21,7.09864E+15,5.05406E+16
194738,7,1,40,64,2018,9,12,4,2,6,4,0,0,0,1,0,0,1,0,3.88728E+20,5.5481E+21,7.44492E+15,5.00748E+16
194739,7,2,35,116,2018,8,10,2,3,0,7,0,0,0,0,0,1,0,0,3.38718E+20,5.51084E+21,6.76205E+15,4.97284E+16
194740,7,3,32,9,2018,9,11,3,3,5,3,0,1,0,0,0,1,0,0,4.41461E+20,5.47303E+21,8.19305E+15,4.94072E+16
194741,7,1,43,206,2018,8,11,2,3,2,2,0,0,1,0,0,0,0,0,4.2559E+20,5.61117E+21,7.94752E+15,5.06476E+16
194742,7,1,38,45,2018,8,8,2,3,5,3,0,0,1,0,0,0,0,1,3.90546E+20,5.58705E+21,7.45908E+15,5.04252E+16
194743,7,3,32,25,2018,9,7,3,3,5,3,0,0,1,0,0,0,0,0,4.46509E+20,5.4692E+21,8.26315E+15,4.93732E+16
194744,7,1,31,7,2018,8,8,2,3,9,1,0,0,1,0,0,0,0,0,3.64768E+20,5.60049E+21,7.09149E+15,5.05407E+16
194745,7,3,13,0,2018,9,9,4,3,5,3,0,0,1,1,0,0,0,0,4.3568E+20,5.44983E+21,8.11711E+15,4.91979E+16
194746,7,3,14,0,2018,9,21,3,3,6,6,2,0,1,1,0,0,0,0,4.57572E+20,5.48232E+21,8.41413E+15,4.9492E+16
194747,7,3,19,0,2018,8,21,1,3,5,2,2,1,1,0,0,0,0,0,4.5395E+20,5.49809E+21,8.36227E+15,4.96336E+16
194748,7,1,33,6,2018,9,7,3,3,1,6,0,0,1,0,0,0,0,0,4.18392E+20,5.52243E+21,7.86484E+15,4.98487E+16
194749,7,3,15,0,2018,9,14,3,3,1,5,0,1,1,0,0,0,0,0,4.46842E+20,5.5397E+21,8.25814E+15,5.00072E+16
194750,7,3,15,0,2018,9,17,3,3,0,1,0,1,0,0,0,0,0,0,4.47486E+20,5.53875E+21,8.26727E+15,4.99987E+16
194751,7,3,19,0,2018,8,16,1,3,5,3,0,0,1,0,1,0,0,0,4.5324E+20,5.4978E+21,8.35248E+15,4.9631E+16
194752,7,2,35,143,2018,9,18,3,3,0,1,0,0,0,0,1,0,0,1,3.24035E+20,5.5077E+21,6.55991E+15,4.96961E+16
194753,7,2,35,68,2018,9,18,3,3,1,5,0,0,1,0,1,0,0,0,3.26283E+20,5.50919E+21,6.59039E+15,4.97102E+16
194754,7,3,39,30,2018,8,16,1,3,1,5,0,0,1,0,0,0,1,0,4.3333E+20,5.53649E+21,8.07016E+15,4.99771E+16
194755,7,2,35,118,2018,9,14,3,3,1,5,0,0,0,0,1,0,1,0,3.22237E+20,5.49747E+21,6.53965E+15,4.96036E+16
194756,7,3,15,0,2018,8,2,1,3,1,7,2,0,1,0,0,0,0,0,4.47514E+20,5.53791E+21,8.26777E+15,4.99912E+16
194757,7,2,31,124,2018,8,18,1,3,6,6,0,0,1,1,0,0,0,0,3.64972E+20,5.53482E+21,7.11778E+15,4.99505E+16
194758,7,2,35,125,2018,9,18,3,2,6,2,0,0,1,1,0,0,0,0,3.382E+20,5.5209E+21,6.75068E+15,4.98187E+16
194759,7,1,37,211,2018,8,4,1,2,8,1,2,0,1,0,0,0,0,0,3.91508E+20,5.58496E+21,7.47321E+15,5.04067E+16
194760,7,3,11,0,2018,9,16,4,3,5,3,0,1,1,0,0,0,0,0,4.53861E+20,5.48714E+21,8.36233E+15,4.95351E+16
194761,7,2,11,0,2018,9,11,3,3,3,5,0,0,1,0,0,0,1,0,3.29647E+20,5.51309E+21,6.63531E+15,4.97461E+16
194762,7,1,43,62,2018,9,16,3,3,1,6,0,0,1,0,0,0,0,0,4.10621E+20,5.59182E+21,7.74048E+15,5.04716E+16
194763,7,1,43,48,2018,9,16,3,3,9,1,0,1,0,0,0,0,0,0,4.16353E+20,5.5887E+21,7.82194E+15,5.04443E+16
194764,7,1,41,75,2018,8,4,1,2,8,1,2,0,1,0,0,0,0,0,4.00101E+20,5.57497E+21,7.59676E+15,5.03184E+16
194765,7,1,31,29,2018,9,15,3,2,5,7,0,0,0,0,1,0,1,0,3.55503E+20,5.59347E+21,6.96355E+15,5.04754E+16
194766,7,3,32,35,2018,8,11,7,2,1,2,0,0,1,0,0,0,1,0,4.44681E+20,5.47247E+21,8.23752E+15,4.94024E+16
194767,7,3,32,25,2018,8,9,7,3,1,6,0,1,1,0,0,0,0,0,4.45974E+20,5.4683E+21,8.2559E+15,4.9365E+16
194768,7,3,18,0,2018,8,15,7,3,4,6,0,1,0,0,0,0,0,0,4.5716E+20,5.46386E+21,8.41043E+15,4.9326E+16
194769,7,1,37,3,2018,9,18,3,3,4,2,0,0,1,0,0,0,0,0,3.86656E+20,5.5886E+21,7.40386E+15,5.04385E+16
194770,7,3,18,0,2018,8,10,7,3,3,7,0,1,1,0,0,0,0,1,4.58287E+20,5.46175E+21,8.42616E+15,4.93071E+16
194771,7,3,14,0,2018,8,13,7,3,5,2,0,0,1,0,0,0,0,0,4.53059E+20,5.48206E+21,8.35184E+15,4.94894E+16
194772,7,1,11,0,2018,9,13,3,3,1,5,0,1,1,0,0,0,0,0,4.00548E+20,5.58138E+21,7.60135E+15,5.03761E+16
194773,7,3,31,34,2018,8,16,7,3,5,6,0,1,0,0,1,0,0,0,4.54451E+20,5.5146E+21,8.36728E+15,4.97821E+16
194774,7,3,14,0,2018,9,18,4,3,4,2,0,0,1,0,1,0,0,0,4.58192E+20,5.48164E+21,8.42277E+15,4.94859E+16
194775,7,3,17,0,2018,9,16,2,3,5,2,0,1,1,0,0,0,0,0,3.98051E+20,5.45081E+21,7.60049E+15,4.92016E+16
194776,7,3,39,42,2018,8,23,7,3,1,6,2,0,1,0,0,0,0,0,4.4219E+20,5.5284E+21,8.19494E+15,4.99052E+16
194777,7,3,18,0,2018,9,7,2,3,4,2,0,1,1,0,0,0,0,0,4.58168E+20,5.46303E+21,8.42439E+15,4.93186E+16
194778,7,3,15,0,2018,8,20,7,3,0,7,2,0,0,0,1,0,0,1,4.44643E+20,5.54081E+21,8.22731E+15,5.0017E+16
194779,7,3,38,19,2018,9,18,2,3,5,7,0,1,1,0,0,0,0,0,4.5349E+20,5.47704E+21,8.3584E+15,4.94443E+16
194780,7,1,43,27,2018,8,20,7,3,3,7,0,1,1,0,0,0,0,0,4.19674E+20,5.58963E+21,7.86849E+15,5.04532E+16
194781,7,3,31,73,2018,9,16,4,3,0,1,0,0,0,0,1,0,0,0,4.37176E+20,5.52098E+21,8.12632E+15,4.98379E+16
194782,7,3,38,25,2018,9,8,2,3,5,3,0,1,0,0,0,0,1,0,4.54545E+20,5.4698E+21,8.37377E+15,4.93792E+16
194783,7,1,35,83,2018,8,13,7,3,5,3,0,0,1,0,0,1,0,0,3.55439E+20,5.56485E+21,6.97362E+15,5.02181E+16
194784,7,3,31,55,2018,9,7,4,3,4,5,0,0,1,0,0,0,0,0,4.51204E+20,5.50569E+21,8.3233E+15,4.97018E+16
194785,7,3,14,0,2018,9,9,2,3,1,5,0,1,1,0,0,0,0,0,4.56823E+20,5.48532E+21,8.40347E+15,4.9519E+16
194786,7,2,11,0,2018,9,23,2,3,9,1,2,0,1,0,0,0,0,0,3.28691E+20,5.51239E+21,6.62237E+15,4.97396E+16
194787,7,2,11,0,2018,9,13,2,3,5,3,0,0,1,0,1,0,0,0,3.30525E+20,5.51476E+21,6.64676E+15,4.97614E+16
194788,7,1,31,7,2018,8,4,7,3,1,1,2,1,1,0,0,0,0,0,3.66335E+20,5.59983E+21,7.11384E+15,5.05351E+16
194789,7,1,38,45,2018,9,12,2,3,1,5,0,1,1,0,0,0,0,0,3.91355E+20,5.58765E+21,7.47029E+15,5.04308E+16
194790,7,1,37,221,2018,9,15,2,2,8,1,0,0,0,0,1,0,0,0,4.01479E+20,5.57073E+21,7.61721E+15,5.02805E+16
194791,7,1,41,75,2018,8,12,7,2,6,7,0,0,1,1,0,0,0,0,4.00207E+20,5.57532E+21,7.59815E+15,5.03215E+16
194792,7,1,37,226,2018,9,7,2,2,6,4,0,0,1,1,0,0,0,0,4.0185E+20,5.58411E+21,7.61893E+15,5.04008E+16
194793,7,3,20,0,2018,8,11,6,3,0,1,0,0,0,0,1,0,0,1,3.80431E+20,5.45626E+21,7.35707E+15,4.92474E+16
194794,7,3,17,0,2018,8,17,6,2,2,1,0,1,0,0,0,0,0,0,3.98919E+20,5.45318E+21,7.6118E+15,4.92231E+16
194795,7,3,12,0,2018,9,16,1,3,0,7,0,1,0,0,0,0,0,0,4.11983E+20,5.47804E+21,7.78568E+15,4.94487E+16
194796,7,3,17,0,2018,8,13,6,3,5,3,0,0,1,0,0,0,1,0,3.98137E+20,5.45056E+21,7.60172E+15,4.91994E+16
194797,7,3,16,0,2018,9,19,1,3,9,1,0,1,0,0,0,0,0,0,4.37384E+20,5.46699E+21,8.13782E+15,4.93524E+16
194798,7,3,18,0,2018,8,9,6,3,2,6,0,0,1,0,0,0,0,0,4.58738E+20,5.46483E+21,8.43205E+15,4.93348E+16
194799,7,3,34,501,2018,9,16,1,2,0,1,0,1,0,0,0,0,0,0,4.46196E+20,5.43299E+21,8.26369E+15,4.90475E+16
194800,7,3,39,5,2018,9,8,1,2,9,1,0,0,1,0,0,0,0,0,4.21975E+20,5.53399E+21,7.91233E+15,4.99531E+16
194801,7,3,14,0,2018,8,12,6,3,6,4,0,1,0,1,0,0,0,1,4.60047E+20,5.48004E+21,8.44854E+15,4.94717E+16
194802,7,1,33,6,2018,9,11,1,3,8,1,0,1,0,0,0,0,0,0,4.19106E+20,5.52088E+21,7.87509E+15,4.98349E+16
194803,7,1,33,6,2018,8,18,6,3,0,7,0,1,1,0,0,0,0,0,4.1939E+20,5.52037E+21,7.87914E+15,4.98303E+16
194804,7,2,31,8,2018,8,15,6,3,1,6,0,1,0,0,0,0,1,0,3.6188E+20,5.53099E+21,7.07607E+15,4.99153E+16
194805,7,1,32,25,2018,9,0,1,2,1,5,2,0,0,0,1,0,1,0,4.21327E+20,5.62009E+21,7.88532E+15,5.07272E+16
194806,7,1,34,16,2018,8,21,6,3,4,2,2,0,1,0,1,0,0,0,3.643E+20,5.50201E+21,7.11988E+15,4.96554E+16
194807,7,3,34,8,2018,9,20,7,3,1,5,2,1,1,0,0,0,0,0,4.45086E+20,5.42998E+21,8.24892E+15,4.90203E+16
194808,7,1,32,117,2018,8,18,6,3,1,6,0,0,1,0,0,0,0,0,4.10042E+20,5.62595E+21,7.72404E+15,5.07783E+16
194809,7,1,32,50,2018,8,7,6,3,1,5,0,0,1,0,0,0,0,0,4.26842E+20,5.62585E+21,7.96231E+15,5.07798E+16
194810,7,3,11,0,2018,9,15,7,3,2,2,0,0,1,0,0,0,0,0,4.53024E+20,5.48746E+21,8.35072E+15,4.95379E+16
194811,7,1,37,3,2018,8,14,6,2,6,4,0,0,1,1,0,0,0,0,3.86738E+20,5.58738E+21,7.40539E+15,5.04275E+16
194812,7,3,19,0,2018,9,16,7,3,5,3,0,1,1,0,0,0,0,0,4.48683E+20,5.49834E+21,8.28932E+15,4.96354E+16
194813,7,1,11,0,2018,8,13,6,3,5,3,0,1,1,0,0,0,0,0,4.00294E+20,5.5809E+21,7.59789E+15,5.03717E+16
194814,7,2,11,0,2018,9,18,7,2,4,6,0,1,1,0,0,0,0,0,3.28691E+20,5.51239E+21,6.62237E+15,4.97396E+16
194815,7,1,41,41,2018,9,11,7,3,2,6,0,0,1,0,1,0,0,0,4.06519E+20,5.57713E+21,7.68635E+15,5.03388E+16
194816,7,3,17,0,2018,8,23,5,3,8,1,2,0,1,0,0,0,0,1,3.98802E+20,5.45013E+21,7.61096E+15,4.91956E+16
194817,7,1,43,10,2018,9,20,7,2,8,7,1,0,1,0,0,0,0,0,4.13958E+20,5.59027E+21,7.78785E+15,5.04581E+16
194818,7,3,12,0,2018,8,13,5,3,2,2,0,0,1,0,0,0,0,0,4.10884E+20,5.47781E+21,7.77057E+15,4.94464E+16
194819,7,3,13,0,2018,8,17,5,3,1,5,0,1,1,0,0,0,0,0,4.35427E+20,5.45007E+21,8.11361E+15,4.92E+16
194820,7,3,16,0,2018,9,13,6,3,5,3,0,0,1,0,0,0,0,0,4.38014E+20,5.46714E+21,8.14647E+15,4.93538E+16
194821,7,3,13,0,2018,8,13,5,3,9,1,0,0,1,0,0,0,0,0,4.35577E+20,5.44947E+21,8.11575E+15,4.91947E+16
194822,7,3,37,61,2018,9,14,6,3,2,6,0,0,1,0,1,0,0,0,4.41252E+20,5.44863E+21,8.19376E+15,4.91877E+16
194823,7,3,18,0,2018,8,16,5,3,2,2,0,0,1,0,0,0,0,0,4.5763E+20,5.46275E+21,8.41702E+15,4.9316E+16
194824,7,3,18,0,2018,8,13,5,3,1,6,0,0,1,0,0,0,0,0,4.57321E+20,5.46305E+21,8.41273E+15,4.93187E+16
194825,7,3,31,3,2018,9,5,6,3,2,7,2,0,1,0,0,0,0,0,4.37766E+20,5.51085E+21,8.13614E+15,4.97469E+16
194826,7,3,38,16,2018,8,11,5,3,6,2,0,0,0,1,0,0,1,0,4.48332E+20,5.48522E+21,8.28617E+15,4.95174E+16
194827,7,3,19,0,2018,9,21,6,2,5,3,2,1,1,0,0,0,0,0,4.52883E+20,5.49817E+21,8.34749E+15,4.96342E+16
194828,7,3,15,0,2018,9,17,6,3,2,6,0,0,1,0,0,0,1,0,4.43358E+20,5.53992E+21,8.20951E+15,5.00089E+16
194829,7,1,33,6,2018,8,13,5,3,5,3,0,1,1,0,0,0,0,0,4.19035E+20,5.52212E+21,7.87384E+15,4.9846E+16
194830,7,3,15,0,2018,9,9,6,3,0,5,0,1,1,0,0,0,0,0,4.48091E+20,5.53836E+21,8.27576E+15,4.99953E+16
194831,7,3,33,45,2018,8,10,5,2,4,5,0,0,1,0,1,0,0,0,4.31024E+20,5.4985E+21,8.04476E+15,4.96351E+16
194832,7,3,31,48,2018,8,13,5,2,5,3,0,0,1,0,0,0,0,0,4.43012E+20,5.49841E+21,8.21077E+15,4.96355E+16
194833,7,1,32,501,2018,9,16,6,2,3,6,0,0,1,0,1,0,0,0,4.04488E+20,5.61505E+21,7.64811E+15,5.06794E+16
194834,7,2,31,107,2018,8,17,5,3,4,6,0,1,0,0,0,0,0,0,3.53103E+20,5.53541E+21,6.95222E+15,4.99529E+16
194835,7,1,38,45,2018,9,7,6,3,2,6,0,0,1,0,0,0,0,0,3.9107E+20,5.58855E+21,7.46602E+15,5.04389E+16
194836,7,2,35,149,2018,8,11,5,2,5,3,0,0,1,0,0,0,0,0,3.13804E+20,5.49876E+21,6.42243E+15,4.96127E+16
194837,7,3,12,0,2018,10,21,3,3,0,6,2,1,0,0,0,0,0,0,4.10116E+20,5.47736E+21,7.76009E+15,4.94423E+16
194838,7,3,17,0,2018,10,8,2,3,2,6,0,0,1,0,0,0,0,0,3.98734E+20,5.45022E+21,7.61001E+15,4.91965E+16
194839,7,3,12,0,2018,10,12,3,3,6,7,0,0,1,1,0,0,0,1,4.09508E+20,5.47743E+21,7.75168E+15,4.94428E+16
194840,7,3,12,0,2018,10,11,2,3,5,3,0,0,1,0,0,0,0,0,4.09719E+20,5.47859E+21,7.75432E+15,4.94533E+16
194841,7,3,32,24,2018,10,15,2,2,5,3,0,1,1,0,0,0,0,0,4.39556E+20,5.49081E+21,8.16408E+15,4.95668E+16
194842,7,3,32,25,2018,10,10,3,3,0,1,0,0,0,0,1,0,0,0,4.46635E+20,5.46802E+21,8.26504E+15,4.93625E+16
194843,7,3,32,2,2018,10,7,2,3,5,3,0,1,1,0,0,0,0,0,4.41013E+20,5.47947E+21,8.18592E+15,4.9465E+16
194844,7,3,34,7,2018,10,18,3,2,0,1,0,1,0,0,0,0,0,0,4.54037E+20,5.45248E+21,8.36877E+15,4.92234E+16
194845,7,3,39,21,2018,10,10,3,3,6,4,0,0,0,1,0,0,1,0,4.22927E+20,5.52823E+21,7.92675E+15,4.99015E+16
194846,7,3,13,0,2018,10,8,2,3,3,2,0,1,1,0,0,0,0,0,4.37881E+20,5.44961E+21,8.14735E+15,4.91961E+16
194847,7,2,31,8,2018,10,14,3,3,5,3,0,0,1,0,1,0,0,0,3.61286E+20,5.5309E+21,7.06784E+15,4.99144E+16
194848,7,3,38,18,2018,10,12,2,3,1,5,0,1,1,0,0,0,0,0,4.4775E+20,5.48161E+21,8.27862E+15,4.94849E+16
194849,7,3,38,4,2018,10,8,2,2,5,3,0,1,1,0,0,0,0,0,4.53674E+20,5.493E+21,8.35906E+15,4.95878E+16
194850,7,1,41,29,2018,10,16,3,3,5,3,0,0,1,0,0,0,0,1,4.3187E+20,5.58034E+21,8.04195E+15,5.03712E+16
194851,7,3,33,19,2018,10,22,2,2,8,1,2,0,0,0,1,0,0,0,4.3233E+20,5.49048E+21,8.06422E+15,4.95631E+16
194852,7,1,31,7,2018,10,16,3,3,4,2,0,0,1,0,1,0,0,1,3.66003E+20,5.60062E+21,7.10886E+15,5.05422E+16
194853,7,3,39,30,2018,10,12,2,3,5,3,0,1,1,0,0,0,0,0,4.32354E+20,5.53495E+21,8.05682E+15,4.99631E+16
194854,7,3,11,0,2018,10,8,2,2,0,7,0,0,0,0,1,0,0,0,4.51662E+20,5.48491E+21,8.33221E+15,4.95149E+16
194855,7,2,11,0,2018,10,8,2,3,5,2,0,1,1,0,0,0,0,0,3.29934E+20,5.51362E+21,6.63906E+15,4.9751E+16
194856,7,3,14,0,2018,10,14,2,3,5,3,0,0,1,0,1,0,0,0,4.58192E+20,5.48164E+21,8.42277E+15,4.94859E+16
194857,7,1,41,29,2018,10,17,2,3,4,6,0,0,1,0,0,0,1,0,4.31551E+20,5.58072E+21,8.0374E+15,5.03746E+16
194858,7,3,39,5,2018,10,17,2,3,1,5,0,1,1,0,0,0,0,0,4.21742E+20,5.53363E+21,7.90916E+15,4.99499E+16
194859,7,1,33,6,2018,10,16,2,3,0,7,0,1,0,0,0,0,1,0,4.19246E+20,5.52255E+21,7.87668E+15,4.985E+16
194860,7,1,38,45,2018,10,18,2,3,5,3,0,0,1,0,0,0,0,0,3.92399E+20,5.58833E+21,7.48479E+15,5.04371E+16
194861,7,3,19,0,2018,10,15,2,3,5,3,0,0,1,0,1,0,0,0,4.53961E+20,5.49733E+21,8.36252E+15,4.96268E+16
194862,7,1,37,68,2018,10,16,2,3,2,6,0,0,1,0,0,0,0,0,3.75426E+20,5.57649E+21,7.24981E+15,5.03273E+16
194863,7,1,40,144,2018,10,9,2,3,8,7,0,0,0,0,0,1,0,0,3.9432E+20,5.53732E+21,7.52603E+15,4.99788E+16
194864,7,3,19,0,2018,10,10,2,3,0,7,0,0,0,0,0,0,1,0,4.53684E+20,5.49821E+21,8.35859E+15,4.96347E+16
194865,7,3,35,26,2018,10,19,1,3,0,7,2,0,0,0,1,0,0,0,4.16433E+20,5.48212E+21,7.8462E+15,4.9486E+16
194866,7,1,41,6,2018,10,13,2,3,5,3,0,0,1,0,0,1,0,0,4.0872E+20,5.57619E+21,7.7175E+15,5.03307E+16
194867,7,3,16,0,2018,10,17,1,3,6,4,0,0,1,1,0,0,0,0,4.3733E+20,5.46734E+21,8.13702E+15,4.93555E+16
194868,7,3,12,0,2018,9,15,1,3,4,1,0,0,1,0,1,0,0,0,4.11153E+20,5.48148E+21,7.77347E+15,4.94794E+16
194869,7,3,38,7,2018,9,20,1,3,5,3,2,0,1,0,0,0,0,0,4.56184E+20,5.46289E+21,8.39712E+15,4.93172E+16
194870,7,3,13,0,2018,10,14,1,2,5,3,0,0,1,0,1,0,0,0,4.36703E+20,5.44959E+21,8.1312E+15,4.91959E+16
194871,7,3,14,0,2018,9,7,1,2,8,1,0,0,0,0,1,0,0,0,4.60168E+20,5.48102E+21,8.45011E+15,4.94805E+16
194872,7,3,33,39,2018,10,12,1,3,0,7,0,0,1,0,0,0,0,0,4.29167E+20,5.50203E+21,8.01839E+15,4.96667E+16
194873,7,1,33,6,2018,9,9,1,2,5,2,0,1,1,0,0,0,0,0,4.18562E+20,5.52485E+21,7.86669E+15,4.98705E+16
194874,7,3,31,3,2018,10,17,1,2,5,3,0,1,0,0,0,0,0,0,4.36624E+20,5.51091E+21,8.12029E+15,4.97473E+16
194875,7,1,37,3,2018,9,13,1,3,2,6,0,0,1,0,1,0,0,0,3.86778E+20,5.58694E+21,7.40609E+15,5.04236E+16
194876,7,1,41,85,2018,10,15,1,3,8,1,0,0,0,0,1,0,1,1,4.16589E+20,5.56434E+21,7.83065E+15,5.02253E+16
194877,7,1,38,62,2018,10,14,1,3,2,6,0,1,0,0,1,0,0,0,3.7384E+20,5.60912E+21,7.21653E+15,5.06203E+16
194878,7,3,16,0,2018,9,16,7,3,0,7,0,1,0,0,0,0,0,0,4.38831E+20,5.46584E+21,8.15792E+15,4.93422E+16
194879,7,1,37,3,2018,10,3,1,3,0,1,2,0,1,0,0,0,0,0,3.88213E+20,5.58867E+21,7.42575E+15,5.04394E+16
194880,7,3,34,501,2018,9,23,7,3,0,1,2,0,0,0,1,0,0,0,4.47898E+20,5.43223E+21,8.28708E+15,4.90407E+16
194881,7,1,37,226,2018,10,17,1,2,8,1,0,1,0,0,0,0,0,0,4.01817E+20,5.58414E+21,7.61847E+15,5.04011E+16
194882,7,3,38,5,2018,9,1,7,2,1,5,2,1,1,0,0,0,0,0,4.50087E+20,5.46775E+21,8.31261E+15,4.93605E+16
194883,7,3,14,0,2018,9,18,7,3,2,6,0,0,1,0,0,0,0,0,4.58092E+20,5.48166E+21,8.42139E+15,4.94861E+16
194884,7,3,40,51,2018,10,9,7,3,6,7,0,0,1,1,0,0,0,0,3.96651E+20,5.4577E+21,7.5795E+15,4.92633E+16
194885,7,3,39,30,2018,9,13,7,3,0,5,0,1,1,0,0,0,0,0,4.31934E+20,5.5362E+21,8.05074E+15,4.99743E+16
194886,7,3,39,9,2018,9,17,7,3,4,6,0,1,0,0,0,0,0,0,4.40299E+20,5.54183E+21,8.16651E+15,5.00258E+16
194887,7,3,15,0,2018,9,13,7,3,5,3,0,0,1,0,0,0,0,0,4.47122E+20,5.53891E+21,8.26217E+15,5.00002E+16
194888,7,2,33,29,2018,9,14,7,3,0,3,0,0,0,0,1,0,1,0,3.34253E+20,5.57341E+21,6.67315E+15,5.02895E+16
194889,7,2,11,0,2018,9,18,7,3,5,3,0,0,1,0,0,0,1,0,3.30814E+20,5.51378E+21,6.6512E+15,4.97527E+16
194890,7,3,13,0,2018,10,13,7,2,3,6,0,1,1,0,0,0,0,0,4.35218E+20,5.44971E+21,8.1108E+15,4.91968E+16
194891,7,1,41,75,2018,9,18,7,3,6,5,0,0,1,1,0,0,0,0,4.00811E+20,5.57266E+21,7.60734E+15,5.02977E+16
194892,7,3,39,21,2018,10,10,7,3,5,3,0,0,1,0,0,0,0,0,4.22765E+20,5.52852E+21,7.92444E+15,4.99041E+16
194893,7,3,13,0,2018,9,11,6,2,5,7,0,0,1,0,0,0,1,0,4.35267E+20,5.44952E+21,8.11149E+15,4.91951E+16
194894,7,3,19,0,2018,10,20,7,3,6,7,2,1,0,1,0,0,0,0,4.53527E+20,5.49879E+21,8.35634E+15,4.96398E+16
194895,7,3,18,0,2018,9,10,6,3,0,7,0,0,1,1,0,0,0,0,4.58096E+20,5.46321E+21,8.42339E+15,4.93201E+16
194896,7,3,19,0,2018,10,15,7,3,0,5,0,0,1,1,0,0,0,0,4.5178E+20,5.50053E+21,8.33192E+15,4.96554E+16
194897,7,3,11,0,2018,9,12,6,3,0,3,0,0,0,0,1,0,0,0,4.56545E+20,5.48909E+21,8.3992E+15,4.95528E+16
194898,7,3,14,0,2018,9,12,6,3,3,6,0,1,1,0,0,0,0,0,4.54399E+20,5.48217E+21,8.37034E+15,4.94905E+16