OBJECTID_1,ULAND,UREGBEZ,UKREIS,UGEMEINDE,UJAHR,UMONAT,USTUNDE,UWOCHENTAG,UKATEGORIE,UART,UTYP1,ULICHTVERH,IstRad,IstPKW,IstFuss,IstKrad,IstGkfz,IstSonstig,STRZUSTAND,LINREFX,LINREFY,XGCSWGS84,YGCSWGS84
194899,7,3,19,0,2018,10,13,7,3,5,3,0,1,1,0,0,0,0,0,4.53399E+20,5.49704E+21,8.35477E+15,4.96241E+16
194900,7,3,15,0,2018,9,18,6,3,6,7,0,0,1,1,0,0,0,0,4.44786E+20,5.53537E+21,8.23008E+15,4.99681E+16
194901,7,3,15,0,2018,10,1,7,3,6,7,2,1,0,1,0,0,0,0,4.47387E+20,5.53909E+21,8.26584E+15,5.00018E+16
194902,7,3,39,47,2018,9,11,6,3,0,7,0,1,0,0,0,0,0,0,4.41956E+20,5.53223E+21,8.1911E+15,4.99396E+16
194903,7,2,11,0,2018,10,17,7,3,2,3,0,0,1,0,1,0,0,0,3.33451E+20,5.51981E+21,6.6852E+15,4.98076E+16
194904,7,2,31,29,2018,9,10,6,2,0,7,0,0,1,0,0,0,1,1,3.65754E+20,5.53824E+21,7.12747E+15,4.99814E+16
194905,7,1,41,29,2018,10,11,7,3,5,3,0,0,1,0,1,0,0,0,4.31789E+20,5.58068E+21,8.04075E+15,5.03742E+16
194906,7,1,43,48,2018,10,16,7,3,7,1,0,1,1,0,0,0,0,0,4.14235E+20,5.58721E+21,7.79245E+15,5.04306E+16
194907,7,2,31,134,2018,9,17,6,2,6,4,0,0,1,1,0,0,0,0,3.48839E+20,5.53831E+21,6.89167E+15,4.9978E+16
194908,7,1,32,6,2018,10,20,7,3,0,7,0,0,1,0,0,0,1,0,4.20439E+20,5.62699E+21,7.87126E+15,5.07892E+16
194909,7,1,34,21,2018,9,17,6,3,8,1,1,0,1,0,0,0,0,1,3.75189E+20,5.49116E+21,7.27412E+15,4.95601E+16
194910,7,1,41,75,2018,10,9,7,3,1,5,0,0,1,0,0,0,0,0,4.01169E+20,5.57432E+21,7.61192E+15,5.03127E+16
194911,7,2,35,95,2018,9,10,6,1,6,4,0,0,0,1,0,1,0,0,3.15627E+20,5.50305E+21,6.44564E+15,4.96518E+16
194912,7,2,11,0,2018,9,19,6,3,5,3,1,0,1,0,1,0,0,0,3.28926E+20,5.51447E+21,6.62471E+15,4.97584E+16
194913,7,1,11,0,2018,10,10,7,3,1,5,0,0,1,0,0,0,0,0,3.9683E+20,5.57864E+21,7.54982E+15,5.03508E+16
194914,7,1,38,73,2018,9,13,6,2,6,4,0,0,1,1,0,0,0,1,3.74144E+20,5.60622E+21,7.22181E+15,5.05943E+16
194915,7,3,17,0,2018,10,16,6,3,6,6,0,0,1,1,0,0,0,0,3.98631E+20,5.45267E+21,7.60797E+15,4.92185E+16
194916,7,3,34,7,2018,10,14,6,3,4,2,0,0,1,0,0,0,0,0,4.54075E+20,5.4518E+21,8.36936E+15,4.92173E+16
194917,7,1,32,6,2018,9,14,6,3,1,5,0,0,1,0,0,0,0,0,4.20227E+20,5.62617E+21,7.86843E+15,5.07818E+16
194918,7,3,13,0,2018,10,16,6,3,5,3,0,0,1,0,0,0,0,0,4.36131E+20,5.44895E+21,8.12344E+15,4.919E+16
194919,7,1,38,45,2018,9,11,6,3,6,4,0,0,1,1,0,0,0,0,3.90441E+20,5.5872E+21,7.45756E+15,5.04266E+16
194920,7,3,11,0,2018,10,13,6,3,6,7,0,1,0,1,0,0,0,0,4.51993E+20,5.48509E+21,8.33676E+15,4.95165E+16
194921,7,1,37,68,2018,9,10,6,3,6,7,0,0,1,1,0,0,0,0,3.75464E+20,5.57655E+21,7.25031E+15,5.03278E+16
194922,7,3,14,0,2018,10,15,6,3,5,3,0,1,1,0,0,0,0,0,4.56357E+20,5.48503E+21,8.39706E+15,4.95163E+16
194923,7,1,37,3,2018,9,14,6,3,5,3,0,0,1,0,1,0,0,1,3.86969E+20,5.58788E+21,7.40849E+15,5.0432E+16
194924,7,1,33,501,2018,10,15,6,2,6,4,0,0,1,1,0,0,0,0,4.02483E+20,5.51598E+21,7.64522E+15,4.97884E+16
194925,7,1,37,216,2018,9,13,6,3,5,3,0,0,1,0,0,0,0,0,3.94429E+20,5.58376E+21,7.51464E+15,5.03964E+16
194926,7,1,40,501,2018,9,8,6,3,5,3,0,0,1,0,0,1,0,0,3.97423E+20,5.56232E+21,7.56258E+15,5.02042E+16
194927,7,1,33,6,2018,10,6,6,3,5,3,2,1,1,0,0,0,0,0,4.19994E+20,5.52246E+21,7.88711E+15,4.98493E+16
194928,7,3,35,3,2018,9,17,5,2,0,1,0,1,0,0,0,0,0,0,3.85715E+20,5.47097E+21,7.42544E+15,4.93807E+16
194929,7,3,31,34,2018,10,11,6,3,5,2,0,0,1,0,1,0,0,0,4.55056E+20,5.51425E+21,8.37573E+15,4.9779E+16
194930,7,3,39,30,2018,10,9,6,3,3,6,0,1,1,0,0,0,0,0,4.31966E+20,5.53618E+21,8.05119E+15,4.9974E+16
194931,7,3,12,0,2018,9,18,5,3,4,6,0,0,1,0,0,0,0,0,4.10664E+20,5.47688E+21,7.76775E+15,4.9438E+16
194932,7,1,34,42,2018,10,2,6,3,9,1,2,0,1,0,0,0,0,0,3.67601E+20,5.49681E+21,7.16734E+15,4.96093E+16
194933,7,3,32,19,2018,9,9,5,3,1,5,0,0,0,0,1,0,1,0,4.43639E+20,5.48438E+21,8.22146E+15,4.95095E+16
194934,7,3,18,0,2018,9,17,5,3,5,2,0,1,1,0,0,0,0,0,4.5828E+20,5.46172E+21,8.42607E+15,4.93068E+16
194935,7,3,18,0,2018,9,17,5,3,5,2,0,1,1,0,0,0,0,0,4.58895E+20,5.46267E+21,8.43443E+15,4.93154E+16
194936,7,1,43,207,2018,10,10,6,3,5,3,0,0,1,0,0,0,0,0,4.22537E+20,5.60474E+21,7.90568E+15,5.05894E+16
194937,7,1,32,79,2018,10,6,6,2,6,6,2,0,1,1,0,0,0,0,4.27836E+20,5.61456E+21,7.97861E+15,5.06784E+16
194938,7,3,11,0,2018,9,7,5,3,5,3,0,1,1,0,0,0,0,0,4.53271E+20,5.48636E+21,8.35427E+15,4.95281E+16
194939,7,3,14,0,2018,9,15,5,3,0,1,0,1,0,0,0,0,0,0,4.54743E+20,5.48358E+21,8.37492E+15,4.95032E+16
194940,7,3,40,23,2018,10,7,5,3,0,1,0,0,0,0,1,0,0,0,3.94705E+20,5.45399E+21,7.55374E+15,4.92296E+16
194941,7,3,39,5,2018,9,18,5,3,5,3,0,0,1,0,0,0,0,0,4.2179E+20,5.53386E+21,7.90978E+15,4.9952E+16
194942,7,3,17,0,2018,10,18,5,3,5,3,1,0,1,0,0,0,1,0,3.98012E+20,5.44999E+21,7.60015E+15,4.91942E+16
194943,7,3,36,92,2018,10,17,5,3,5,3,0,0,0,0,1,0,1,0,3.82027E+20,5.47409E+21,7.37372E+15,4.94081E+16
194944,7,3,39,43,2018,9,16,5,3,5,3,0,0,1,0,1,0,0,0,4.52129E+20,5.52384E+21,8.33389E+15,4.98651E+16
194945,7,3,38,8,2018,10,14,5,3,1,7,0,0,1,0,0,0,0,0,4.48663E+20,5.47962E+21,8.29147E+15,4.9467E+16
194946,7,1,38,45,2018,9,17,5,3,0,1,0,1,0,0,1,0,0,0,3.92424E+20,5.58836E+21,7.48513E+15,5.04374E+16
194947,7,1,31,70,2018,9,19,5,2,2,2,2,0,1,0,0,0,0,0,3.76046E+20,5.604E+21,7.24941E+15,5.05748E+16
194948,7,3,14,0,2018,10,12,5,3,1,6,0,0,1,0,0,0,1,0,4.58711E+20,5.4811E+21,8.42999E+15,4.94811E+16
194949,7,1,31,7,2018,9,10,5,3,5,3,0,1,1,0,0,0,0,0,3.6722E+20,5.6009E+21,7.12594E+15,5.0545E+16
194950,7,3,31,55,2018,10,9,5,2,5,7,0,1,1,0,0,0,0,0,4.52002E+20,5.50553E+21,8.33438E+15,4.97004E+16
194951,7,1,31,7,2018,9,7,5,3,2,6,0,0,1,0,0,0,0,0,3.6973E+20,5.60059E+21,7.16145E+15,5.05427E+16
194952,7,3,15,0,2018,10,16,5,2,6,4,0,0,1,1,0,0,0,0,4.47581E+20,5.53769E+21,8.26874E+15,4.99892E+16
194953,7,1,31,7,2018,9,7,5,3,6,4,0,0,1,1,0,0,0,0,3.65889E+20,5.60031E+21,7.10737E+15,5.05393E+16
194954,7,1,41,75,2018,9,13,5,3,5,1,0,1,1,0,0,0,0,0,4.01188E+20,5.57442E+21,7.61216E+15,5.03136E+16
194955,7,2,32,313,2018,10,20,5,2,1,5,2,0,1,0,0,0,1,0,3.30315E+20,5.54904E+21,6.62878E+15,5.00694E+16
194956,7,1,37,203,2018,10,14,5,3,5,3,0,0,1,0,0,0,0,0,3.98525E+20,5.58632E+21,7.57156E+15,5.04201E+16
194957,7,3,12,0,2018,9,18,4,3,1,6,1,0,1,0,0,0,0,0,4.04863E+20,5.48221E+21,7.68648E+15,4.94851E+16
194958,7,3,40,38,2018,10,12,4,2,2,7,0,0,0,0,1,0,1,0,4.0007E+20,5.45536E+21,7.62706E+15,4.92428E+16
194959,7,3,12,0,2018,9,17,4,3,5,3,0,1,1,0,0,0,0,0,4.09702E+20,5.47725E+21,7.7544E+15,4.94412E+16
194960,7,3,34,7,2018,9,18,4,2,0,1,0,1,0,0,0,0,0,0,4.53776E+20,5.45155E+21,8.3653E+15,4.9215E+16
194961,7,3,32,19,2018,10,19,4,3,6,2,2,0,1,1,0,0,0,0,4.42786E+20,5.48386E+21,8.20976E+15,4.95046E+16
194962,7,3,34,25,2018,9,11,4,3,5,3,0,0,1,0,0,0,1,0,4.49038E+20,5.44488E+21,8.30109E+15,4.91546E+16
194963,7,3,11,0,2018,10,6,4,3,5,3,1,1,0,0,0,0,0,0,4.53264E+20,5.48737E+21,8.35405E+15,4.95371E+16
194964,7,1,33,6,2018,10,13,4,3,6,4,0,0,1,1,0,0,0,0,4.18343E+20,5.52235E+21,7.86417E+15,4.9848E+16
194965,7,3,37,41,2018,9,13,4,3,5,3,0,0,1,0,0,0,1,0,4.42405E+20,5.4542E+21,8.20879E+15,4.92379E+16
194966,7,3,31,72,2018,10,17,4,3,0,3,0,1,1,0,0,0,0,0,4.25253E+20,5.51877E+21,7.96096E+15,4.98167E+16
194967,7,3,18,0,2018,9,21,4,3,5,3,2,0,1,0,0,0,0,0,4.58254E+20,5.46428E+21,8.42545E+15,4.93298E+16
194968,7,3,19,0,2018,10,6,4,3,4,6,2,1,0,0,0,0,0,0,4.53347E+20,5.50082E+21,8.35361E+15,4.96581E+16
194969,7,3,38,1,2018,9,12,4,3,5,3,0,1,1,0,0,0,0,0,4.63253E+20,5.476E+21,8.49317E+15,4.94355E+16
194970,7,3,14,0,2018,9,21,4,3,0,1,2,1,0,0,0,0,0,0,4.56005E+20,5.4875E+21,8.39192E+15,4.95385E+16
194971,7,2,31,134,2018,10,14,4,3,6,3,0,0,1,1,0,0,0,0,3.49646E+20,5.53947E+21,6.90246E+15,4.99886E+16
194972,7,3,14,0,2018,9,17,4,3,0,1,0,1,0,0,0,0,0,0,4.563E+20,5.48627E+21,8.39613E+15,4.95275E+16
194973,7,2,35,118,2018,10,7,4,3,5,3,1,1,1,0,0,0,0,0,3.22237E+20,5.49747E+21,6.53965E+15,4.96036E+16
194974,7,3,15,0,2018,9,19,4,3,5,7,1,0,1,0,1,0,0,0,4.45326E+20,5.54053E+21,8.23687E+15,5.00146E+16
194975,7,3,12,0,2018,9,7,3,3,5,3,0,1,1,0,0,0,0,0,4.09602E+20,5.47747E+21,7.75296E+15,4.94432E+16
194976,7,2,11,0,2018,10,12,4,3,3,2,0,1,1,0,0,0,0,0,3.31958E+20,5.51259E+21,6.66757E+15,4.97423E+16
194977,7,3,32,18,2018,9,17,3,3,1,1,0,0,1,0,0,0,0,0,4.30659E+20,5.46931E+21,8.04482E+15,4.93726E+16
194978,7,1,38,53,2018,10,15,4,3,5,3,0,0,1,0,0,0,0,0,3.95303E+20,5.60134E+21,7.52202E+15,5.05546E+16
194979,7,1,32,63,2018,10,11,4,2,8,7,0,0,0,0,1,0,0,0,4.21116E+20,5.62967E+21,7.88029E+15,5.08134E+16
194980,7,3,11,0,2018,9,8,3,3,5,3,0,0,1,0,0,0,0,0,4.53733E+20,5.48646E+21,8.36063E+15,4.9529E+16
194981,7,1,40,67,2018,10,18,4,3,1,6,0,0,1,0,1,0,0,0,3.85584E+20,5.5344E+21,7.40509E+15,4.9951E+16
194982,7,3,39,56,2018,9,12,3,3,5,3,0,0,1,0,1,0,0,0,4.27456E+20,5.52387E+21,7.99062E+15,4.98628E+16
194983,7,1,37,57,2018,10,17,4,2,5,3,0,0,1,0,0,0,0,0,3.80673E+20,5.58325E+21,7.32135E+15,5.03892E+16
194984,7,3,15,0,2018,9,17,3,3,8,1,0,0,1,0,0,0,0,0,4.48708E+20,5.53564E+21,8.28473E+15,4.99709E+16
194985,7,2,32,201,2018,9,18,3,3,5,3,0,0,1,0,1,0,0,0,3.04423E+20,5.55247E+21,6.26561E+15,5.00922E+16
194986,7,1,41,75,2018,10,15,4,3,2,6,0,0,1,0,0,0,0,0,4.00691E+20,5.57318E+21,7.60551E+15,5.03024E+16
194987,7,2,32,79,2018,9,13,3,3,6,6,0,0,0,1,1,0,0,0,3.19707E+20,5.53471E+21,6.48742E+15,4.99375E+16
194988,7,3,37,5,2018,10,17,3,3,5,3,0,0,1,0,0,0,0,0,4.26997E+20,5.43867E+21,7.99996E+15,4.90965E+16
194989,7,3,18,0,2018,10,14,3,2,5,3,0,0,1,0,1,0,0,0,4.57511E+20,5.46321E+21,8.41533E+15,4.93202E+16
194990,7,1,38,45,2018,9,21,3,3,4,2,2,1,1,0,0,0,0,0,3.91181E+20,5.58833E+21,7.46763E+15,5.04369E+16
194991,7,3,38,3,2018,10,14,3,3,3,6,0,1,1,0,0,0,0,0,4.47025E+20,5.48179E+21,8.26858E+15,4.94864E+16
194992,7,3,14,0,2018,10,11,3,3,5,3,0,1,1,0,0,0,0,0,4.58992E+20,5.48166E+21,8.43381E+15,4.94862E+16
194993,7,3,14,0,2018,10,15,3,3,0,1,0,1,0,0,0,0,0,0,4.56714E+20,5.48037E+21,8.4025E+15,4.94744E+16
194994,7,1,31,7,2018,9,12,3,3,6,4,2,0,1,1,0,0,0,0,3.66848E+20,5.60094E+21,7.12066E+15,5.05453E+16
194995,7,3,14,0,2018,10,1,3,3,5,3,2,0,1,0,0,0,0,0,4.58482E+20,5.47855E+21,8.42709E+15,4.94582E+16
194996,7,1,31,7,2018,9,7,3,2,2,6,0,0,1,0,0,0,0,0,3.67258E+20,5.60115E+21,7.12638E+15,5.05472E+16
194997,7,3,15,0,2018,10,16,3,3,0,1,0,1,0,0,0,0,0,0,4.47132E+20,5.53899E+21,8.2623E+15,5.00009E+16
194998,7,1,11,0,2018,9,19,3,3,0,1,1,0,0,0,1,0,0,0,4.01049E+20,5.57662E+21,7.60963E+15,5.03334E+16
194999,7,1,41,75,2018,9,6,3,3,8,6,1,0,1,0,1,0,0,1,4.0179E+20,5.57171E+21,7.62132E+15,5.02893E+16
195000,7,3,15,0,2018,10,12,3,2,0,1,0,1,0,0,0,0,0,0,4.47163E+20,5.53897E+21,8.26272E+15,5.00007E+16
195001,7,3,40,4,2018,9,17,2,3,6,4,0,0,1,1,0,0,0,0,4.11007E+20,5.44554E+21,7.77946E+15,4.91562E+16
195002,7,3,15,0,2018,10,10,3,3,6,2,0,0,1,1,0,0,0,0,4.47136E+20,5.53891E+21,8.26236E+15,5.00002E+16
195003,7,2,32,296,2018,10,17,3,3,5,2,0,0,1,0,0,0,0,0,3.14234E+20,5.56281E+21,6.3976E+15,5.01883E+16
195004,7,3,12,0,2018,9,17,2,3,5,3,0,0,1,0,0,0,0,0,4.09198E+20,5.47837E+21,7.74718E+15,4.94512E+16
195005,7,2,35,68,2018,10,16,3,3,2,6,0,0,1,0,0,0,1,0,3.26462E+20,5.50932E+21,6.59282E+15,4.97113E+16
195006,7,3,32,25,2018,9,15,2,3,5,3,0,1,1,0,0,0,0,0,4.45772E+20,5.46982E+21,8.25291E+15,4.93787E+16
195007,7,3,32,28,2018,9,13,2,3,6,7,0,0,1,1,0,0,0,0,4.40678E+20,5.48258E+21,8.18083E+15,4.9493E+16
195008,7,1,43,312,2018,10,20,3,3,8,1,2,1,0,0,0,0,0,0,4.27252E+20,5.59906E+21,7.97338E+15,5.05389E+16
195009,7,3,32,2,2018,9,8,2,3,1,5,0,0,1,0,0,0,1,0,4.39199E+20,5.47894E+21,8.16097E+15,4.94601E+16
195010,7,3,11,0,2018,10,18,3,3,0,7,1,1,0,0,0,0,0,0,4.53379E+20,5.4872E+21,8.35566E+15,4.95356E+16
195011,7,3,38,7,2018,9,7,2,3,4,5,0,1,1,0,0,0,0,0,4.55668E+20,5.46233E+21,8.39007E+15,4.93121E+16
195012,7,1,37,216,2018,10,11,3,3,5,3,0,0,1,0,0,0,0,0,3.94291E+20,5.58386E+21,7.51268E+15,5.03972E+16
195013,7,3,38,25,2018,9,7,2,3,5,3,0,0,1,0,0,0,0,0,4.55156E+20,5.46942E+21,8.38224E+15,4.93759E+16
195014,7,3,34,7,2018,10,16,2,3,5,3,0,1,1,0,0,0,0,0,4.54013E+20,5.4514E+21,8.36856E+15,4.92136E+16
195015,7,3,38,4,2018,9,9,2,3,5,3,0,1,1,0,0,0,0,0,4.53809E+20,5.4922E+21,8.36101E+15,4.95806E+16
195016,7,3,38,26,2018,10,9,2,3,6,7,0,0,1,1,0,0,0,0,4.58986E+20,5.47151E+21,8.43478E+15,4.93949E+16
195017,7,3,14,0,2018,10,18,3,3,5,3,0,1,1,0,0,0,0,0,4.53139E+20,5.48148E+21,8.35302E+15,4.94842E+16
195018,7,3,39,5,2018,10,20,2,3,4,6,1,1,1,0,0,0,0,0,4.25056E+20,5.53547E+21,7.95499E+15,4.99669E+16
195019,7,3,14,0,2018,9,6,2,3,5,3,0,0,1,0,0,0,0,0,4.5806E+20,5.48324E+21,8.42077E+15,4.95004E+16
195020,7,3,39,30,2018,10,16,2,3,1,5,0,1,1,0,0,0,0,0,4.29556E+20,5.5379E+21,8.01728E+15,4.99893E+16
195021,7,3,14,0,2018,10,8,3,3,5,3,0,1,0,0,0,1,0,0,4.58341E+20,5.48256E+21,8.42472E+15,4.94943E+16
195022,7,1,33,6,2018,9,10,2,3,5,3,0,0,1,0,0,0,0,0,4.17004E+20,5.51832E+21,7.84641E+15,4.98115E+16
195023,7,1,33,6,2018,9,7,2,3,6,6,1,0,1,1,0,0,0,0,4.18658E+20,5.52251E+21,7.86851E+15,4.98495E+16
195024,7,3,15,0,2018,10,15,2,3,5,3,0,0,1,0,0,0,1,0,4.41423E+20,5.53801E+21,8.18278E+15,4.99916E+16
195025,7,3,15,0,2018,9,13,2,3,1,5,0,1,1,0,0,0,0,0,4.45411E+20,5.54061E+21,8.23805E+15,5.00153E+16
195026,7,2,33,76,2018,10,15,2,2,8,1,0,1,0,0,0,0,0,0,3.40251E+20,5.57967E+21,6.75463E+15,5.03475E+16
195027,7,2,32,18,2018,10,5,2,3,1,1,2,0,1,0,1,0,0,0,3.23189E+20,5.53655E+21,6.53505E+15,4.99551E+16
195028,7,2,11,0,2018,9,17,2,3,2,6,0,0,1,0,0,0,1,0,3.27673E+20,5.51144E+21,6.60866E+15,4.97308E+16
195029,7,1,43,229,2018,10,17,2,3,6,5,0,0,1,1,0,0,0,0,4.16444E+20,5.61291E+21,7.81778E+15,5.0662E+16
195030,7,3,39,47,2018,10,17,3,3,5,7,0,1,1,0,0,0,0,0,4.42018E+20,5.53255E+21,8.19192E+15,4.99425E+16
195031,7,1,38,45,2018,10,17,2,3,1,1,0,0,1,0,0,0,0,0,3.91493E+20,5.58816E+21,7.47208E+15,5.04354E+16
195032,7,1,38,45,2018,10,14,2,2,6,4,0,0,1,1,0,0,0,0,3.90986E+20,5.58727E+21,7.4652E+15,5.04274E+16
195033,7,1,41,29,2018,9,16,2,3,6,4,0,0,1,1,0,0,0,0,4.30876E+20,5.5805E+21,8.02795E+15,5.03725E+16
195034,7,1,35,21,2018,10,15,2,3,9,2,0,0,1,0,0,0,0,0,3.65796E+20,5.55494E+21,7.12221E+15,5.01315E+16
195035,7,3,15,0,2018,10,12,3,3,6,6,0,0,1,1,0,0,0,0,4.43283E+20,5.5391E+21,8.20857E+15,5.00015E+16
195036,7,1,43,67,2018,9,16,2,3,5,2,0,0,1,0,1,0,0,1,4.11925E+20,5.59815E+21,7.75735E+15,5.05287E+16
195037,7,1,37,3,2018,10,16,2,3,2,6,0,0,1,0,0,0,0,0,3.89089E+20,5.58735E+21,7.43848E+15,5.04277E+16
195038,7,2,32,296,2018,10,17,3,3,9,1,0,0,1,0,0,0,0,0,3.1789E+20,5.56562E+21,6.44741E+15,5.02147E+16
195039,7,1,37,216,2018,9,13,2,3,4,2,0,0,1,0,0,0,0,0,3.94239E+20,5.58366E+21,7.512E+15,5.03955E+16
195040,7,2,35,119,2018,9,15,1,3,0,7,0,0,1,0,0,0,0,1,3.40019E+20,5.5005E+21,6.78433E+15,4.96359E+16
195041,7,3,36,32,2018,10,14,1,3,1,7,0,1,1,0,0,0,0,0,3.84224E+20,5.4754E+21,7.40361E+15,4.94202E+16
195042,7,3,11,0,2018,9,16,7,3,2,6,0,0,1,0,1,0,0,0,4.52129E+20,5.48855E+21,8.33822E+15,4.95477E+16
195043,7,3,12,0,2018,10,20,1,3,1,6,2,0,1,0,0,0,0,0,4.08256E+20,5.47768E+21,7.73436E+15,4.94449E+16
195044,7,3,38,25,2018,10,2,1,3,1,7,2,0,1,0,0,0,0,0,4.5511E+20,5.4694E+21,8.3816E+15,4.93756E+16
195045,7,3,14,0,2018,9,21,7,3,0,5,2,1,0,0,0,0,1,0,4.60001E+20,5.47998E+21,8.44791E+15,4.94712E+16
195046,7,2,11,0,2018,10,19,1,3,8,1,1,0,1,0,0,0,0,0,3.33012E+20,5.51719E+21,6.68022E+15,4.97839E+16
195047,7,2,11,0,2018,10,8,3,3,2,2,0,0,1,0,0,0,0,0,3.28365E+20,5.51249E+21,6.61779E+15,4.97404E+16
195048,7,1,33,6,2018,9,14,7,3,5,3,0,1,1,0,0,0,0,0,4.18387E+20,5.52146E+21,7.86497E+15,4.984E+16
195049,7,1,11,0,2018,10,17,1,3,5,3,0,0,1,0,1,0,0,0,3.98782E+20,5.57884E+21,7.57719E+15,5.03529E+16
195050,7,3,33,19,2018,9,19,7,3,9,1,2,0,0,0,1,0,0,1,4.3288E+20,5.48991E+21,8.07192E+15,4.95581E+16
195051,7,1,41,111,2018,9,2,7,3,9,1,2,0,1,0,0,0,0,1,4.19086E+20,5.56707E+21,7.86506E+15,5.02503E+16
195052,7,1,38,45,2018,9,17,7,3,0,7,0,0,0,0,0,0,1,0,3.90397E+20,5.58785E+21,7.45675E+15,5.04324E+16
195053,7,3,17,0,2018,10,19,7,3,2,6,2,0,1,0,0,0,0,0,3.98787E+20,5.45004E+21,7.61078E+15,4.91948E+16
195054,7,3,12,0,2018,9,14,6,3,5,3,0,0,1,0,0,0,0,0,4.12161E+20,5.47832E+21,7.78807E+15,4.94512E+16
195055,7,3,16,0,2018,9,7,6,3,3,6,0,1,1,0,0,0,0,0,4.37873E+20,5.46712E+21,8.14452E+15,4.93536E+16
195056,7,3,12,0,2018,10,18,7,3,2,2,0,1,1,0,0,0,0,0,4.09854E+20,5.47691E+21,7.75657E+15,4.94381E+16
195057,7,3,34,7,2018,9,15,6,3,0,1,0,1,0,0,0,0,0,0,4.53858E+20,5.45147E+21,8.36643E+15,4.92142E+16
195058,7,3,12,0,2018,10,16,7,3,6,4,0,0,1,1,0,0,0,0,4.08391E+20,5.47755E+21,7.73625E+15,4.94437E+16
195059,7,3,14,0,2018,10,16,7,3,5,3,0,0,1,0,0,0,0,0,4.56878E+20,5.48002E+21,8.4048E+15,4.94713E+16
195060,7,3,37,29,2018,9,15,6,2,0,1,0,1,0,0,0,0,0,0,4.2779E+20,5.44209E+21,8.01022E+15,4.91274E+16
195061,7,1,33,6,2018,10,11,7,2,2,6,0,0,1,0,1,0,0,0,4.19204E+20,5.52206E+21,7.8762E+15,4.98455E+16
195062,7,1,43,62,2018,10,14,3,3,4,1,0,0,1,0,0,0,1,0,4.09329E+20,5.59028E+21,7.72265E+15,5.04575E+16
195063,7,3,14,0,2018,9,12,6,3,6,4,0,1,0,1,0,0,0,0,4.59812E+20,5.48089E+21,8.44521E+15,4.94793E+16
195064,7,3,19,0,2018,9,16,6,3,5,3,0,0,1,0,1,0,0,1,4.53932E+20,5.4982E+21,8.36202E+15,4.96346E+16
195065,7,3,19,0,2018,9,0,6,3,1,5,2,1,1,0,0,0,0,0,4.53321E+20,5.49803E+21,8.35357E+15,4.9633E+16
195066,7,3,39,30,2018,10,1,7,2,0,1,2,1,0,0,0,0,0,0,4.32362E+20,5.53575E+21,8.0568E+15,4.99703E+16
195067,7,2,11,0,2018,9,13,6,3,0,1,0,1,0,0,0,0,0,1,3.30189E+20,5.51327E+21,6.64275E+15,4.97479E+16
195068,7,3,15,0,2018,10,17,7,3,6,6,0,0,1,1,0,0,0,0,4.4497E+20,5.53768E+21,8.23232E+15,4.99889E+16
195069,7,1,34,54,2018,10,13,7,3,0,1,0,1,0,0,0,0,0,0,3.78073E+20,5.49329E+21,7.31332E+15,4.95799E+16
195070,7,2,35,118,2018,10,14,7,3,2,6,0,1,1,0,1,0,0,0,3.23066E+20,5.49806E+21,6.55085E+15,4.96092E+16
195071,7,2,11,0,2018,9,11,6,3,0,3,0,0,1,0,1,0,0,1,3.3054E+20,5.51388E+21,6.64735E+15,4.97535E+16
195072,7,1,32,6,2018,10,13,7,3,1,5,0,0,1,0,0,0,0,0,4.20449E+20,5.62735E+21,7.87132E+15,5.07924E+16
195073,7,1,31,70,2018,10,16,7,3,1,5,0,0,1,0,0,0,0,0,3.73167E+20,5.6119E+21,7.20608E+15,5.06451E+16
195074,7,1,11,0,2018,9,7,6,3,5,3,1,0,1,0,0,0,0,0,3.99206E+20,5.58398E+21,7.58178E+15,5.03992E+16
195075,7,1,40,501,2018,10,15,7,3,0,1,0,1,0,0,0,0,0,0,3.9997E+20,5.5653E+21,7.59747E+15,5.02314E+16
195076,7,1,32,501,2018,10,16,3,2,1,6,0,0,1,0,0,0,0,0,4.04611E+20,5.61611E+21,7.64958E+15,5.06889E+16
195077,7,3,12,0,2018,9,13,5,3,6,4,0,0,1,1,0,0,0,0,4.1053E+20,5.47733E+21,7.7658E+15,4.9442E+16
195078,7,1,37,203,2018,10,14,7,3,5,7,0,0,1,0,0,0,1,0,3.98579E+20,5.58696E+21,7.57215E+15,5.04259E+16
195079,7,3,34,28,2018,9,18,5,2,5,5,2,1,1,0,0,0,0,0,4.51277E+20,5.45761E+21,8.33024E+15,4.92693E+16
195080,7,3,17,0,2018,10,13,6,2,6,2,0,0,1,1,0,0,0,0,3.98818E+20,5.45003E+21,7.6112E+15,4.91948E+16
195081,7,3,38,10,2018,9,16,5,3,5,3,0,0,1,0,0,0,0,0,4.5268E+20,5.4629E+21,8.34891E+15,4.9317E+16
195082,7,3,37,25,2018,10,18,6,3,0,1,0,1,0,0,0,0,0,0,4.3434E+20,5.4549E+21,8.09789E+15,4.92433E+16
195083,7,1,37,68,2018,10,13,3,3,2,6,0,0,1,0,0,1,0,0,3.75305E+20,5.57649E+21,7.2481E+15,5.03273E+16
195084,7,3,31,18,2018,9,8,5,3,5,3,0,1,1,0,0,0,0,0,4.56605E+20,5.51096E+21,8.39761E+15,4.97496E+16