OBJECTID_1,ULAND,UREGBEZ,UKREIS,UGEMEINDE,UJAHR,UMONAT,USTUNDE,UWOCHENTAG,UKATEGORIE,UART,UTYP1,ULICHTVERH,IstRad,IstPKW,IstFuss,IstKrad,IstGkfz,IstSonstig,STRZUSTAND,LINREFX,LINREFY,XGCSWGS84,YGCSWGS84
195085,7,3,14,0,2018,10,15,6,2,5,3,0,0,1,0,1,0,0,0,4.58675E+20,5.47915E+21,8.42969E+15,4.94636E+16
195086,7,1,37,216,2018,10,8,3,3,5,3,0,1,1,0,0,0,0,0,3.93365E+20,5.5829E+21,7.49992E+15,5.03885E+16
195087,7,3,15,0,2018,9,10,5,3,1,7,0,0,1,0,0,0,0,0,4.47305E+20,5.53898E+21,8.26471E+15,5.00008E+16
195088,7,1,32,501,2018,9,17,5,3,4,6,0,0,1,0,1,0,0,0,3.51752E+20,5.52075E+21,6.93901E+15,4.98209E+16
195089,7,1,38,73,2018,9,12,5,3,6,4,0,0,1,1,0,0,0,0,3.73844E+20,5.60683E+21,7.21736E+15,5.05997E+16
195090,7,1,33,6,2018,10,12,6,3,6,2,0,0,1,1,0,0,0,0,4.18477E+20,5.5219E+21,7.86613E+15,4.9844E+16
195091,7,1,38,45,2018,9,10,5,3,2,6,2,1,0,0,0,0,1,0,3.91995E+20,5.58758E+21,7.47932E+15,5.04303E+16
195092,7,3,35,22,2018,9,19,4,3,5,2,0,1,1,0,0,0,0,0,3.96287E+20,5.47418E+21,7.5702E+15,4.94115E+16
195093,7,3,19,0,2018,10,15,6,3,1,5,0,0,1,0,0,0,0,0,4.53531E+20,5.50543E+21,8.35561E+15,4.96996E+16
195094,7,3,12,0,2018,9,13,4,3,6,7,0,0,0,1,0,0,1,0,4.09508E+20,5.47743E+21,7.75168E+15,4.94428E+16
195095,7,3,39,43,2018,10,10,6,3,5,3,0,0,1,0,0,0,0,0,4.52854E+20,5.52444E+21,8.34392E+15,4.98705E+16
195096,7,1,41,29,2018,10,16,6,3,6,4,0,0,1,1,0,0,0,0,4.3024E+20,5.58027E+21,8.01905E+15,5.03704E+16
195097,7,3,16,0,2018,9,17,4,3,0,7,0,0,0,1,0,0,1,0,4.38265E+20,5.46619E+21,8.15006E+15,4.93453E+16
195098,7,1,38,44,2018,10,13,6,3,6,4,0,0,1,1,0,0,0,0,3.89982E+20,5.60618E+21,7.4455E+15,5.05971E+16
195099,7,3,34,13,2018,9,15,4,3,5,3,0,1,0,0,1,0,0,0,4.40286E+20,5.43882E+21,8.18197E+15,4.90993E+16
195100,7,1,40,145,2018,10,11,6,3,6,2,0,0,1,1,0,0,0,0,3.78339E+20,5.53204E+21,7.3049E+15,4.99283E+16
195101,7,3,13,0,2018,9,9,4,3,4,6,0,1,1,0,0,0,0,0,4.34873E+20,5.44955E+21,8.10609E+15,4.91953E+16
195102,7,3,38,17,2018,9,9,4,3,5,3,0,1,1,0,0,0,0,0,4.56012E+20,5.47473E+21,8.39344E+15,4.94236E+16
195103,7,1,37,221,2018,10,22,6,3,1,5,2,0,1,0,1,0,0,0,4.01466E+20,5.57051E+21,7.61709E+15,5.02785E+16
195104,7,3,14,0,2018,9,8,4,3,4,3,0,0,1,0,1,0,0,0,4.60354E+20,5.48064E+21,8.45272E+15,4.94771E+16
195105,7,3,12,0,2018,10,15,5,3,5,3,0,1,0,0,0,0,1,0,4.0293E+20,5.47632E+21,7.66124E+15,4.94318E+16
195106,7,3,34,7,2018,10,11,5,3,2,6,0,0,1,0,0,0,0,0,4.54202E+20,5.45288E+21,8.37099E+15,4.9227E+16
195107,7,3,14,0,2018,9,5,4,2,6,2,2,0,1,1,0,0,0,0,4.60175E+20,5.4808E+21,8.45023E+15,4.94786E+16
195108,7,3,13,0,2018,10,10,5,3,5,3,0,1,1,0,0,0,0,0,4.35549E+20,5.45038E+21,8.11523E+15,4.92028E+16
195109,7,1,33,6,2018,9,16,4,2,5,3,0,0,1,0,1,0,0,0,4.17594E+20,5.52239E+21,7.85375E+15,4.98482E+16
195110,7,3,11,0,2018,10,10,5,2,6,7,0,0,1,1,0,0,0,0,4.53104E+20,5.48703E+21,8.35188E+15,4.9534E+16
195111,7,3,14,0,2018,10,17,5,3,4,2,0,0,1,0,1,0,0,0,4.59692E+20,5.47968E+21,8.44367E+15,4.94685E+16
195112,7,1,33,6,2018,9,10,4,3,5,3,0,0,1,0,0,0,0,0,4.19672E+20,5.52232E+21,7.88266E+15,4.98479E+16
195113,7,3,14,0,2018,10,16,5,3,5,2,0,0,1,0,0,0,0,0,4.56607E+20,5.47926E+21,8.40115E+15,4.94645E+16
195114,7,1,33,6,2018,9,10,4,3,5,2,0,1,1,0,0,0,0,0,4.18387E+20,5.52146E+21,7.86497E+15,4.984E+16
195115,7,3,31,3,2018,10,9,5,3,4,6,0,0,1,0,0,0,1,0,4.36119E+20,5.51072E+21,8.1133E+15,4.97456E+16
195116,7,3,19,0,2018,9,14,4,3,0,7,0,0,1,0,1,0,0,0,4.54262E+20,5.49767E+21,8.36664E+15,4.96298E+16
195117,7,3,19,0,2018,9,13,4,3,6,4,0,0,1,1,0,0,0,0,4.52798E+20,5.49832E+21,8.3463E+15,4.96356E+16
195118,7,1,32,72,2018,10,14,5,3,2,7,0,0,0,0,1,0,1,0,4.25784E+20,5.63071E+21,7.94631E+15,5.08234E+16
195119,7,1,41,29,2018,9,15,4,3,6,6,0,0,1,1,0,0,0,0,4.29704E+20,5.58039E+21,8.01148E+15,5.03714E+16
195120,7,1,32,501,2018,10,16,5,2,6,2,0,0,0,1,0,1,0,0,4.0453E+20,5.61589E+21,7.64849E+15,5.0687E+16
195121,7,1,37,68,2018,10,11,5,3,1,6,0,0,1,0,0,0,0,0,3.74189E+20,5.57667E+21,7.23238E+15,5.03287E+16
195122,7,1,38,45,2018,9,16,4,3,5,2,0,1,1,0,0,0,0,0,3.93975E+20,5.59222E+21,7.50587E+15,5.04724E+16
195123,7,1,37,69,2018,10,10,5,2,4,5,0,0,1,0,1,0,0,0,3.77564E+20,5.58128E+21,7.27827E+15,5.03708E+16
195124,7,1,31,70,2018,9,17,4,3,5,3,0,1,1,0,0,0,0,0,3.7634E+20,5.60366E+21,7.25367E+15,5.05718E+16
195125,7,1,40,144,2018,10,10,5,3,5,2,0,1,1,0,0,0,0,0,3.93871E+20,5.53768E+21,7.51966E+15,4.9982E+16
195126,7,1,37,216,2018,10,14,5,3,5,3,0,0,1,0,1,0,0,0,3.94329E+20,5.58386E+21,7.51321E+15,5.03973E+16
195127,7,1,41,75,2018,9,17,4,3,3,7,0,1,1,0,0,0,0,0,4.00831E+20,5.5726E+21,7.60762E+15,5.02972E+16
195128,7,3,40,55,2018,10,22,4,3,6,6,2,0,1,1,0,0,0,0,3.98634E+20,5.46631E+21,7.60456E+15,4.93411E+16
195129,7,1,41,75,2018,9,16,4,3,4,2,0,1,1,0,0,0,0,0,4.00245E+20,5.57397E+21,7.59905E+15,5.03094E+16
195130,7,1,11,0,2018,9,16,4,3,2,6,0,0,1,0,0,0,0,0,3.95161E+20,5.5812E+21,7.52566E+15,5.03735E+16
195131,7,1,33,501,2018,10,7,4,3,0,7,0,1,0,0,0,0,0,0,4.02743E+20,5.51597E+21,7.64883E+15,4.97883E+16
195132,7,1,11,0,2018,9,14,4,3,5,3,0,1,1,0,0,0,0,0,3.97504E+20,5.58275E+21,7.55817E+15,5.03879E+16
195133,7,1,38,45,2018,10,16,4,3,4,1,0,0,1,0,0,0,0,0,3.93653E+20,5.58894E+21,7.50227E+15,5.04429E+16
195134,7,1,37,3,2018,10,14,4,3,6,4,0,0,1,1,0,0,0,0,3.8656E+20,5.58863E+21,7.40251E+15,5.04387E+16
195135,7,3,35,15,2018,9,16,3,3,5,2,0,0,1,0,1,0,0,0,4.18998E+20,5.47735E+21,7.88259E+15,4.94434E+16
195136,7,3,20,0,2018,10,19,3,3,0,1,1,1,0,0,0,0,0,0,3.80592E+20,5.45453E+21,7.35981E+15,4.92319E+16
195137,7,3,12,0,2018,9,15,3,3,2,6,0,0,1,0,1,0,0,0,4.11474E+20,5.47747E+21,7.77879E+15,4.94434E+16
195138,7,3,34,22,2018,11,13,6,2,5,3,0,1,1,0,1,0,0,0,4.5066E+20,5.44057E+21,8.32386E+15,4.9116E+16
195139,7,3,16,0,2018,11,14,6,3,6,4,0,0,1,1,0,0,0,0,4.37207E+20,5.46716E+21,8.13535E+15,4.9354E+16
195140,7,3,35,22,2018,11,12,4,3,1,1,0,0,1,0,0,0,0,0,3.9614E+20,5.47424E+21,7.56816E+15,4.9412E+16
195141,7,3,11,0,2018,11,16,6,3,6,4,0,0,1,1,0,0,0,0,4.53861E+20,5.48714E+21,8.36233E+15,4.95351E+16
195142,7,3,11,0,2018,11,7,6,3,0,5,0,1,1,0,0,0,0,0,4.53846E+20,5.48626E+21,8.36222E+15,4.95272E+16
195143,7,3,14,0,2018,11,14,6,3,3,2,0,0,1,0,1,0,0,0,4.57622E+20,5.48177E+21,8.41489E+15,4.94871E+16
195144,7,3,19,0,2018,11,17,6,3,6,4,1,0,1,1,0,0,0,0,4.54209E+20,5.49767E+21,8.36591E+15,4.96299E+16
195145,7,1,38,73,2018,11,9,6,3,0,1,0,0,0,0,0,0,1,0,3.74039E+20,5.60707E+21,7.22003E+15,5.06019E+16
195146,7,2,35,26,2018,11,16,6,3,5,3,0,0,1,0,0,0,0,0,3.41474E+20,5.5258E+21,6.79416E+15,4.98636E+16
195147,7,1,37,68,2018,11,12,4,3,4,6,0,0,1,0,0,0,1,0,3.73601E+20,5.57473E+21,7.22477E+15,5.03111E+16
195148,7,2,11,0,2018,11,14,6,3,6,5,0,0,1,1,0,0,0,1,3.29751E+20,5.51414E+21,6.6363E+15,4.97556E+16
195149,7,1,31,70,2018,11,16,3,3,4,1,0,0,1,0,0,0,0,0,3.75395E+20,5.60419E+21,7.24015E+15,5.05763E+16
195150,7,3,11,0,2018,11,15,5,3,5,3,0,1,1,0,0,0,0,0,4.51586E+20,5.4846E+21,8.3312E+15,4.95121E+16
195151,7,3,14,0,2018,11,14,5,3,6,7,0,0,1,1,0,0,0,0,4.54246E+20,5.48225E+21,8.36822E+15,4.94911E+16
195152,7,1,32,67,2018,11,13,5,3,5,3,0,1,1,0,0,0,0,0,4.06799E+20,5.61821E+21,7.68001E+15,5.07083E+16
195153,7,3,15,0,2018,11,12,1,3,5,3,0,0,1,0,0,0,0,0,4.43353E+20,5.53992E+21,8.20943E+15,5.00089E+16
195154,7,1,31,83,2018,11,0,5,3,6,6,2,0,1,1,0,0,0,0,3.49877E+20,5.57796E+21,6.89051E+15,5.03346E+16
195155,7,3,32,2,2018,11,12,7,3,5,3,0,0,1,0,0,0,0,0,4.42385E+20,5.48033E+21,8.20473E+15,4.94729E+16
195156,7,3,35,205,2018,10,22,4,3,1,5,2,0,1,0,0,0,1,0,4.18257E+20,5.48478E+21,7.87082E+15,4.95101E+16
195157,7,3,17,0,2018,11,10,5,2,6,2,0,0,1,1,0,0,0,0,3.98076E+20,5.44968E+21,7.60112E+15,4.91914E+16
195158,7,3,12,0,2018,10,10,4,3,5,3,0,0,1,0,0,0,0,0,4.13615E+20,5.47877E+21,7.80803E+15,4.94555E+16
195159,7,3,37,76,2018,10,16,4,3,3,2,1,1,1,0,0,0,0,0,4.29252E+20,5.43334E+21,8.03178E+15,4.90488E+16
195160,7,3,14,0,2018,11,16,2,3,5,3,0,1,0,0,0,0,0,0,4.56787E+20,5.48043E+21,8.4035E+15,4.94749E+16
195161,7,3,38,25,2018,10,13,4,3,8,1,0,0,0,0,1,0,0,0,4.55552E+20,5.47126E+21,8.38748E+15,4.93924E+16
195162,7,3,14,0,2018,10,3,4,3,5,3,2,1,1,0,0,0,0,0,4.54653E+20,5.48295E+21,8.37376E+15,4.94975E+16
195163,7,3,19,0,2018,10,17,4,2,6,4,1,0,1,1,0,0,0,0,4.53481E+20,5.49789E+21,8.3558E+15,4.96318E+16
195164,7,3,15,0,2018,11,13,5,3,0,5,0,0,1,0,1,0,0,0,4.47883E+20,5.53896E+21,8.27278E+15,5.00006E+16
195165,7,3,19,0,2018,10,15,4,3,1,7,0,0,0,0,1,0,1,0,4.5434E+20,5.49947E+21,8.36751E+15,4.9646E+16
195166,7,3,19,0,2018,10,11,4,2,5,3,0,0,0,0,1,0,0,0,4.5357E+20,5.49802E+21,8.35702E+15,4.96329E+16
195167,7,3,11,0,2018,11,11,5,3,5,3,0,0,1,0,0,0,1,0,4.54104E+20,5.48641E+21,8.36577E+15,4.95285E+16
195168,7,3,15,0,2018,10,12,4,3,0,7,0,0,1,0,0,0,0,0,4.47272E+20,5.53875E+21,8.26429E+15,4.99988E+16
195169,7,2,32,18,2018,10,16,4,3,5,3,0,0,1,0,0,0,0,0,3.22816E+20,5.53516E+21,6.5305E+15,4.99424E+16
195170,7,2,35,118,2018,11,7,2,3,5,3,0,1,1,0,0,0,0,0,3.22205E+20,5.49755E+21,6.53917E+15,4.96044E+16
195171,7,1,34,45,2018,10,22,4,3,9,1,2,0,1,0,0,0,0,0,3.82992E+20,5.50925E+21,7.37656E+15,4.97244E+16
195172,7,1,33,65,2018,10,15,3,3,6,7,0,0,1,1,0,0,0,1,4.03735E+20,5.50793E+21,7.6646E+15,4.97162E+16
195173,7,3,16,0,2018,10,11,3,2,0,7,0,0,0,1,0,0,1,1,4.36529E+20,5.46708E+21,8.12603E+15,4.93532E+16
195174,7,1,38,45,2018,11,7,5,3,1,6,0,0,1,0,0,0,0,0,3.91343E+20,5.58959E+21,7.46955E+15,5.04483E+16
195175,7,3,14,0,2018,10,7,3,2,1,7,1,0,1,0,1,0,0,1,4.57669E+20,5.48367E+21,8.41533E+15,4.95042E+16
195176,7,1,33,6,2018,10,22,3,3,0,1,2,1,0,0,0,0,0,0,4.18574E+20,5.52118E+21,7.86763E+15,4.98376E+16
195177,7,3,15,0,2018,10,11,3,3,6,7,0,0,1,1,0,0,0,1,4.44786E+20,5.53537E+21,8.23008E+15,4.99681E+16
195178,7,3,39,17,2018,10,7,3,3,6,7,1,0,1,1,0,0,0,1,4.39038E+20,5.531E+21,8.15063E+15,4.99283E+16
195179,7,3,15,0,2018,10,15,3,2,6,2,0,0,1,1,0,0,0,1,4.43869E+20,5.53997E+21,8.21663E+15,5.00094E+16
195180,7,3,19,0,2018,11,16,6,3,2,6,0,0,1,0,0,0,0,0,4.53228E+20,5.49925E+21,8.35214E+15,4.9644E+16
195181,7,2,32,18,2018,10,14,3,3,6,6,0,0,1,1,0,0,0,1,3.22137E+20,5.53841E+21,6.51954E+15,4.99715E+16
195182,7,3,13,0,2018,11,2,7,3,9,1,2,0,1,0,0,0,0,1,4.3544E+20,5.4495E+21,8.11387E+15,4.91949E+16
195183,7,3,32,25,2018,11,10,4,2,6,4,0,0,1,1,0,0,0,0,4.4676E+20,5.46753E+21,8.26684E+15,4.93582E+16
195184,7,1,34,10,2018,10,8,3,2,6,6,0,0,1,1,0,0,0,1,3.67798E+20,5.50169E+21,7.16842E+15,4.96532E+16
195185,7,3,11,0,2018,11,15,3,2,5,2,0,1,1,0,0,0,0,0,4.53296E+20,5.4858E+21,8.35468E+15,4.9523E+16
195186,7,1,38,4,2018,10,10,3,2,8,7,0,0,1,0,0,0,0,0,3.79876E+20,5.59746E+21,7.30559E+15,5.05167E+16
195187,7,3,35,26,2018,11,20,7,3,1,5,2,0,1,0,0,0,0,0,4.17479E+20,5.48273E+21,7.8605E+15,4.94916E+16
195188,7,1,38,45,2018,10,21,3,3,1,7,2,0,0,0,0,1,0,1,3.93157E+20,5.58834E+21,7.49545E+15,5.04374E+16
195189,7,3,38,25,2018,11,22,7,3,5,3,2,0,1,0,1,0,0,0,4.54576E+20,5.47074E+21,8.37409E+15,4.93876E+16
195190,7,1,37,3,2018,10,12,3,2,6,4,0,0,1,1,0,0,0,1,3.86956E+20,5.58774E+21,7.40834E+15,5.04308E+16
195191,7,1,31,70,2018,11,7,6,3,1,5,0,1,1,0,0,0,0,0,3.75134E+20,5.60433E+21,7.23643E+15,5.05775E+16
195192,7,1,11,0,2018,10,9,3,3,6,6,0,0,1,1,0,0,0,1,3.99431E+20,5.57901E+21,7.58627E+15,5.03546E+16
195193,7,1,11,0,2018,11,17,2,2,6,4,0,0,1,1,0,0,0,0,3.99266E+20,5.58388E+21,7.58264E+15,5.03983E+16
195194,7,3,17,0,2018,10,10,2,3,5,3,0,0,1,0,0,0,0,0,3.98706E+20,5.44973E+21,7.60974E+15,4.9192E+16
195195,7,2,35,125,2018,11,10,6,3,7,1,0,0,0,0,1,0,0,0,3.38046E+20,5.52074E+21,6.74862E+15,4.98172E+16
195196,7,3,13,0,2018,10,7,2,3,6,4,2,0,1,1,0,0,0,0,4.36698E+20,5.44971E+21,8.1311E+15,4.9197E+16
195197,7,2,11,0,2018,11,13,4,2,0,6,0,0,1,0,1,0,0,0,3.2972E+20,5.51422E+21,6.63583E+15,4.97564E+16
195198,7,3,14,0,2018,10,13,2,3,5,3,0,1,1,0,0,0,0,0,4.53734E+20,5.4824E+21,8.36113E+15,4.94924E+16
195199,7,2,31,134,2018,11,20,3,2,0,1,2,0,0,0,1,0,0,0,3.49875E+20,5.53883E+21,6.9059E+15,4.99829E+16
195200,7,3,14,0,2018,10,16,2,2,6,2,2,0,1,1,0,0,0,0,4.5882E+20,5.48269E+21,8.43133E+15,4.94954E+16
195201,7,3,32,39,2018,11,19,7,3,6,7,1,0,1,1,0,0,0,0,4.43048E+20,5.4735E+21,8.21487E+15,4.94115E+16
195202,7,1,33,40,2018,10,17,2,3,4,3,2,0,0,0,1,0,1,0,4.15732E+20,5.52394E+21,7.82752E+15,4.98619E+16
195203,7,1,33,6,2018,10,9,2,2,5,3,0,0,1,0,1,0,0,0,4.19339E+20,5.5205E+21,7.87841E+15,4.98315E+16
195204,7,3,34,501,2018,11,17,5,2,6,2,2,0,1,1,0,0,0,0,4.44766E+20,5.43349E+21,8.24406E+15,4.90518E+16
195205,7,2,33,26,2018,10,7,2,2,6,2,0,0,1,1,0,0,0,1,3.33336E+20,5.5663E+21,6.66341E+15,5.02254E+16
195206,7,2,11,0,2018,10,5,2,3,0,3,2,0,1,0,1,0,0,1,3.30505E+20,5.51529E+21,6.64626E+15,4.97661E+16
195207,7,3,14,0,2018,11,11,2,3,6,4,0,0,1,1,0,0,0,0,4.59983E+20,5.48061E+21,8.4476E+15,4.94768E+16
195208,7,1,40,24,2018,10,7,2,2,3,2,0,0,1,0,0,0,0,1,3.75444E+20,5.53276E+21,7.26434E+15,4.99342E+16
195209,7,1,11,0,2018,11,12,4,3,4,7,0,0,1,0,1,0,0,0,3.99502E+20,5.579E+21,7.58726E+15,5.03545E+16
195210,7,3,14,0,2018,10,12,1,3,5,3,0,0,1,0,0,0,0,1,4.58175E+20,5.4819E+21,8.4225E+15,4.94883E+16
195211,7,3,18,0,2018,11,19,2,3,0,1,2,1,0,0,0,0,0,0,4.579E+20,5.46452E+21,8.42055E+15,4.93319E+16
195212,7,3,14,0,2018,10,14,1,3,6,7,2,0,1,1,0,0,0,0,4.59846E+20,5.48085E+21,8.44568E+15,4.94789E+16
195213,7,3,17,0,2018,10,9,7,3,5,7,0,0,1,0,0,0,0,0,3.98E+20,5.4514E+21,7.59963E+15,4.92069E+16
195214,7,3,36,31,2018,10,7,7,3,0,1,2,0,0,0,1,0,0,1,3.87227E+20,5.48141E+21,7.4433E+15,4.94748E+16
195215,7,3,31,72,2018,11,11,5,2,1,5,0,1,1,0,0,0,0,0,4.25587E+20,5.51826E+21,7.9657E+15,4.98122E+16
195216,7,3,14,0,2018,10,10,7,3,3,2,0,0,1,0,0,0,1,0,4.58568E+20,5.47891E+21,8.42825E+15,4.94615E+16
195217,7,3,19,0,2018,10,9,7,3,5,3,0,0,1,0,1,0,0,0,4.48653E+20,5.49834E+21,8.28889E+15,4.96354E+16
195218,7,1,38,4,2018,10,16,5,3,5,3,0,0,1,1,0,0,0,0,3.80039E+20,5.59752E+21,7.30787E+15,5.05173E+16
195219,7,3,38,16,2018,11,15,1,3,1,7,0,0,1,0,0,0,0,0,4.4836E+20,5.48438E+21,8.28667E+15,4.95098E+16
195220,7,1,37,228,2018,10,10,7,2,4,1,0,0,1,0,1,0,0,1,3.89784E+20,5.5859E+21,7.44869E+15,5.04148E+16
195221,7,3,35,34,2018,11,10,6,2,6,5,0,0,1,1,0,0,0,0,4.0756E+20,5.4829E+21,7.72354E+15,4.94917E+16
195222,7,3,36,22,2018,10,15,6,3,0,5,0,0,1,0,0,0,0,0,3.87022E+20,5.49214E+21,7.43739E+15,4.95713E+16
195223,7,3,16,0,2018,10,18,6,3,1,5,2,1,1,0,0,0,0,0,4.38018E+20,5.46606E+21,8.14669E+15,4.93441E+16
195224,7,3,14,0,2018,10,5,6,3,5,3,2,1,1,0,0,0,0,0,4.58106E+20,5.47897E+21,8.42186E+15,4.94619E+16
195225,7,3,15,0,2018,10,8,6,3,5,3,0,1,1,0,0,0,0,0,4.47331E+20,5.53927E+21,8.26504E+15,5.00034E+16
195226,7,2,11,0,2018,11,9,5,3,5,3,0,0,1,0,0,0,0,0,3.30819E+20,5.51442E+21,6.65099E+15,4.97585E+16
195227,7,2,31,134,2018,10,18,6,1,6,4,2,0,1,1,0,0,0,0,3.4893E+20,5.53878E+21,6.89275E+15,4.99822E+16
195228,7,1,32,44,2018,10,13,6,3,6,4,0,0,0,1,0,0,1,0,4.06084E+20,5.62423E+21,7.66835E+15,5.07622E+16
195229,7,1,41,75,2018,10,15,5,3,6,4,0,0,1,1,0,0,0,0,4.00569E+20,5.5734E+21,7.60374E+15,5.03043E+16
195230,7,1,37,68,2018,10,16,6,3,5,4,0,0,1,1,0,0,0,0,3.74015E+20,5.57679E+21,7.22989E+15,5.03297E+16
195231,7,1,37,68,2018,10,11,6,3,2,6,0,0,1,0,0,0,0,0,3.74163E+20,5.57668E+21,7.23201E+15,5.03288E+16
195232,7,3,15,0,2018,11,17,6,3,1,5,2,1,1,0,0,0,0,0,4.47447E+20,5.53865E+21,8.26673E+15,4.99979E+16
195233,7,1,11,0,2018,10,7,6,3,2,2,2,0,1,0,0,0,0,0,3.97803E+20,5.58142E+21,7.56273E+15,5.0376E+16
195234,7,1,33,6,2018,11,21,7,3,8,1,2,0,0,0,1,0,0,0,4.20009E+20,5.52247E+21,7.88732E+15,4.98493E+16
195235,7,3,19,0,2018,11,13,4,3,5,2,0,1,1,0,0,0,0,0,4.53312E+20,5.49796E+21,8.35346E+15,4.96324E+16
195236,7,3,12,0,2018,10,14,5,2,8,1,0,1,0,0,0,0,0,0,4.10285E+20,5.47784E+21,7.7623E+15,4.94466E+16
195237,7,3,19,0,2018,11,11,3,3,5,3,0,0,1,0,1,0,0,0,4.53554E+20,5.49787E+21,8.35682E+15,4.96316E+16
195238,7,1,11,0,2018,10,11,5,3,5,3,0,1,1,0,0,0,0,0,3.97332E+20,5.58296E+21,7.5557E+15,5.03897E+16
195239,7,3,12,0,2018,10,13,5,2,3,6,0,1,1,0,0,0,0,0,4.10983E+20,5.47686E+21,7.77215E+15,4.94379E+16
195240,7,1,11,0,2018,11,14,5,3,5,3,0,1,1,0,0,0,0,0,3.99312E+20,5.57895E+21,7.58462E+15,5.0354E+16
195241,7,3,14,0,2018,10,10,5,2,6,4,0,0,0,1,0,0,1,0,4.59168E+20,5.48204E+21,8.4362E+15,4.94896E+16
195242,7,3,14,0,2018,10,9,5,3,2,6,0,1,1,0,0,0,0,1,4.60032E+20,5.48107E+21,8.44822E+15,4.9481E+16
195243,7,3,20,0,2018,10,14,4,3,5,3,0,0,1,0,0,0,0,0,3.80515E+20,5.45632E+21,7.3582E+15,4.9248E+16
195244,7,3,39,5,2018,10,18,5,2,6,4,2,0,1,1,0,0,0,0,4.22589E+20,5.5337E+21,7.92094E+15,4.99507E+16
195245,7,3,39,5,2018,10,15,5,3,5,2,0,0,1,0,0,0,0,0,4.20681E+20,5.53527E+21,7.89404E+15,4.99645E+16
195246,7,2,11,0,2018,11,6,6,3,6,4,2,0,1,1,0,0,0,0,3.29009E+20,5.5146E+21,6.62581E+15,4.97595E+16
195247,7,1,33,6,2018,10,9,5,2,4,2,0,0,1,0,1,0,0,0,4.17989E+20,5.52101E+21,7.85954E+15,4.98359E+16
195248,7,1,31,6,2018,11,16,4,3,9,1,1,0,1,0,0,0,0,0,3.78198E+20,5.5958E+21,7.28247E+15,5.05015E+16
195249,7,3,31,3,2018,10,10,5,3,1,7,0,0,1,0,0,0,0,0,4.36288E+20,5.51059E+21,8.11568E+15,4.97444E+16
195250,7,1,31,70,2018,11,16,3,3,4,1,0,0,1,0,0,0,0,0,3.75332E+20,5.60411E+21,7.23929E+15,5.05755E+16
195251,7,3,34,14,2018,10,20,4,3,5,3,2,1,1,0,0,0,0,0,4.45516E+20,5.44944E+21,8.25216E+15,4.91954E+16
195252,7,3,15,0,2018,10,7,5,3,0,4,2,0,1,1,0,0,0,1,4.42771E+20,5.5345E+21,8.20211E+15,4.99601E+16
195253,7,3,13,0,2018,10,16,4,3,5,3,0,1,1,0,0,0,0,0,4.35356E+20,5.44951E+21,8.11272E+15,4.9195E+16
195254,7,3,15,0,2018,10,19,5,3,1,1,2,1,1,0,0,0,0,0,4.47321E+20,5.53888E+21,8.26494E+15,4.99999E+16
195255,7,2,32,18,2018,10,19,5,3,1,1,2,0,1,0,0,0,0,0,3.23985E+20,5.53529E+21,6.54671E+15,4.9944E+16
195256,7,3,38,25,2018,11,8,5,3,0,3,0,1,1,0,0,0,0,0,4.55449E+20,5.46984E+21,8.38622E+15,4.93797E+16
195257,7,2,32,19,2018,10,15,5,3,6,6,0,0,1,1,0,0,0,0,3.10116E+20,5.52555E+21,6.3584E+15,4.98522E+16
195258,7,1,37,3,2018,10,8,5,3,0,1,0,1,0,0,0,0,0,1,3.86452E+20,5.58824E+21,7.4011E+15,5.04352E+16
195259,7,1,40,112,2018,10,16,5,2,6,4,0,0,1,1,0,0,0,0,4.08946E+20,5.55135E+21,7.72662E+15,5.01074E+16
195260,7,1,11,0,2018,11,7,6,2,6,1,2,1,0,1,0,0,0,0,3.97784E+20,5.57864E+21,7.56323E+15,5.03509E+16
195261,7,1,11,0,2018,10,14,5,3,0,1,0,1,0,0,0,0,0,0,3.95142E+20,5.58061E+21,7.52555E+15,5.03682E+16
195262,7,3,13,0,2018,11,17,3,3,5,7,2,1,1,0,0,0,0,0,4.36682E+20,5.44919E+21,8.13096E+15,4.91923E+16
195263,7,3,32,25,2018,10,7,4,3,1,6,1,1,1,0,0,0,0,0,4.45936E+20,5.46784E+21,8.25545E+15,4.93608E+16
195264,7,3,14,0,2018,11,11,2,3,1,7,0,0,1,0,0,0,0,0,4.53997E+20,5.48118E+21,8.36491E+15,4.94815E+16
195265,7,3,38,5,2018,10,10,3,3,0,5,0,1,1,0,0,0,0,0,4.4914E+20,5.47056E+21,8.29921E+15,4.93856E+16
195266,7,3,32,2,2018,10,18,4,3,6,7,0,0,1,1,0,0,0,0,4.39662E+20,5.47914E+21,8.16732E+15,4.94619E+16
195267,7,3,37,1,2018,10,16,4,3,1,2,0,0,1,0,0,0,0,1,4.28754E+20,5.45228E+21,8.02162E+15,4.92192E+16
195268,7,3,13,0,2018,10,20,4,3,0,1,2,0,0,0,1,0,0,1,4.35382E+20,5.44951E+21,8.11308E+15,4.9195E+16
195269,7,3,39,30,2018,11,8,5,3,5,7,0,1,1,0,0,0,0,0,4.31966E+20,5.53618E+21,8.05119E+15,4.9974E+16
195270,7,3,11,0,2018,10,19,4,3,2,6,2,0,1,0,0,0,0,1,4.53271E+20,5.48645E+21,8.35426E+15,4.95289E+16