OBJECTID_1,ULAND,UREGBEZ,UKREIS,UGEMEINDE,UJAHR,UMONAT,USTUNDE,UWOCHENTAG,UKATEGORIE,UART,UTYP1,ULICHTVERH,IstRad,IstPKW,IstFuss,IstKrad,IstGkfz,IstSonstig,STRZUSTAND,LINREFX,LINREFY,XGCSWGS84,YGCSWGS84
195271,7,3,11,0,2018,10,8,4,3,0,3,0,1,1,0,0,0,0,0,4.53382E+20,5.48676E+21,8.35575E+15,4.95317E+16
195272,7,3,14,0,2018,10,16,4,3,6,4,0,1,0,1,0,0,0,1,4.60146E+20,5.48011E+21,8.4499E+15,4.94723E+16
195273,7,3,15,0,2018,11,9,2,3,8,1,0,1,0,0,0,0,0,0,4.47189E+20,5.53895E+21,8.2631E+15,5.00005E+16
195274,7,3,12,0,2018,10,14,3,3,4,6,0,1,1,0,0,0,0,0,4.10338E+20,5.47696E+21,7.76324E+15,4.94387E+16
195275,7,1,33,6,2018,10,14,4,3,6,4,0,0,1,1,0,0,0,1,4.20176E+20,5.52115E+21,7.88991E+15,4.98375E+16
195276,7,1,38,77,2018,10,16,4,3,0,7,0,1,0,0,0,0,0,1,3.83937E+20,5.61314E+21,7.35794E+15,5.06586E+16
195277,7,1,38,45,2018,10,21,4,3,8,2,2,0,1,0,0,0,0,1,3.90661E+20,5.58694E+21,7.46072E+15,5.04243E+16
195278,7,1,38,45,2018,11,17,5,3,1,6,1,0,1,0,0,0,0,0,3.92058E+20,5.58769E+21,7.48017E+15,5.04313E+16
195279,7,1,37,68,2018,10,14,4,3,2,6,0,0,1,0,0,0,0,1,3.74177E+20,5.57675E+21,7.23218E+15,5.03294E+16
195280,7,1,37,3,2018,10,14,4,3,1,5,0,0,1,0,1,0,0,1,3.86717E+20,5.58852E+21,7.40474E+15,5.04377E+16
195281,7,3,34,1,2018,10,19,3,3,5,3,2,0,1,0,1,0,0,0,4.49176E+20,5.44961E+21,8.30238E+15,4.91971E+16
195282,7,3,35,3,2018,10,12,3,3,6,7,0,0,1,1,0,0,0,0,3.8664E+20,5.47385E+21,7.43735E+15,4.94068E+16
195283,7,3,32,27,2018,10,13,3,3,1,5,0,1,1,0,0,0,0,0,4.33228E+20,5.48805E+21,8.07705E+15,4.95414E+16
195284,7,1,34,45,2018,11,11,6,2,6,4,0,0,0,1,0,0,1,0,3.78964E+20,5.50848E+21,7.32094E+15,4.97167E+16
195285,7,3,34,8,2018,10,7,3,3,5,3,0,1,1,0,0,0,0,0,4.455E+20,5.43053E+21,8.2545E+15,4.90253E+16
195286,7,3,19,0,2018,10,16,4,3,2,6,0,0,1,0,0,0,0,0,4.52354E+20,5.49993E+21,8.33996E+15,4.965E+16
195287,7,3,37,5,2018,10,13,3,3,6,5,0,0,1,1,0,0,0,0,4.27793E+20,5.43989E+21,8.01066E+15,4.91076E+16
195288,7,3,11,0,2018,11,12,6,3,2,6,0,0,1,0,0,0,0,0,4.52011E+20,5.48755E+21,8.33672E+15,4.95386E+16
195289,7,3,18,0,2018,10,7,3,3,0,6,0,1,0,0,0,0,0,0,4.59127E+20,5.46289E+21,8.43761E+15,4.93173E+16
195290,7,3,12,0,2018,11,17,4,3,5,2,1,1,1,0,0,0,0,1,4.11378E+20,5.47827E+21,7.77728E+15,4.94506E+16
195291,7,3,11,0,2018,10,8,3,3,2,6,0,0,1,0,1,0,0,0,4.53476E+20,5.48694E+21,8.35703E+15,4.95333E+16
195292,7,3,31,45,2018,10,16,4,3,5,3,0,0,1,0,0,0,0,0,4.51713E+20,5.50977E+21,8.32985E+15,4.97385E+16
195293,7,3,14,0,2018,10,20,3,3,1,2,2,0,1,0,1,0,0,0,4.59755E+20,5.47971E+21,8.44454E+15,4.94687E+16
195294,7,3,39,30,2018,10,5,4,3,1,2,2,0,1,0,1,0,0,0,4.31113E+20,5.53625E+21,8.03929E+15,4.99746E+16
195295,7,3,19,0,2018,10,12,3,2,5,3,0,1,1,0,0,0,0,0,4.53082E+20,5.49866E+21,8.3502E+15,4.96386E+16
195296,7,1,11,0,2018,11,15,2,3,0,7,0,1,1,0,0,0,1,0,3.98129E+20,5.57772E+21,7.56831E+15,5.03428E+16
195297,7,3,15,0,2018,10,15,3,3,5,7,0,0,1,0,1,0,0,0,4.45798E+20,5.54017E+21,8.24352E+15,5.00113E+16
195298,7,1,32,63,2018,11,15,6,3,0,7,0,1,0,0,0,0,0,0,4.19301E+20,5.63088E+21,7.85426E+15,5.08241E+16
195299,7,1,43,81,2018,10,13,3,3,0,1,0,1,0,0,0,0,0,0,4.14779E+20,5.59157E+21,7.79912E+15,5.04699E+16
195300,7,1,37,216,2018,11,18,4,3,5,7,2,0,1,0,1,0,0,0,3.93873E+20,5.58286E+21,7.50707E+15,5.03882E+16
195301,7,1,38,41,2018,10,13,3,3,6,4,0,0,0,1,1,0,0,0,3.78448E+20,5.60335E+21,7.28353E+15,5.05694E+16
195302,7,1,31,6,2018,11,14,3,3,2,6,0,0,1,0,0,0,0,0,3.8008E+20,5.59571E+21,7.30902E+15,5.05011E+16
195303,7,3,15,0,2018,10,15,4,3,1,7,0,0,1,0,0,0,1,0,4.47326E+20,5.54029E+21,8.26482E+15,5.00126E+16
195304,7,2,11,0,2018,11,17,4,3,4,2,2,1,1,0,0,0,0,0,3.3263E+20,5.51355E+21,6.67649E+15,4.97512E+16
195305,7,1,37,69,2018,10,11,3,3,2,6,0,0,1,0,0,0,1,0,3.7881E+20,5.58072E+21,7.29597E+15,5.0366E+16
195306,7,3,39,9,2018,11,13,3,3,5,3,0,1,1,0,0,0,0,0,4.39949E+20,5.54137E+21,8.16171E+15,5.00216E+16
195307,7,3,15,0,2018,10,14,4,3,5,7,0,1,1,0,0,0,0,0,4.4661E+20,5.54019E+21,8.25485E+15,5.00116E+16
195308,7,1,37,3,2018,10,8,3,3,5,3,0,1,1,0,0,0,0,0,3.86463E+20,5.58825E+21,7.40125E+15,5.04352E+16
195309,7,2,35,125,2018,10,13,4,3,5,3,0,1,1,0,0,0,0,0,3.38221E+20,5.52128E+21,6.75082E+15,4.98221E+16
195310,7,3,32,25,2018,10,15,2,3,0,3,0,0,1,0,1,0,0,0,4.45856E+20,5.46888E+21,8.25421E+15,4.93702E+16
195311,7,3,32,24,2018,10,15,2,3,3,6,0,1,1,0,0,0,0,0,4.40212E+20,5.48973E+21,8.17332E+15,4.95572E+16
195312,7,3,32,32,2018,11,12,5,3,1,5,0,0,1,0,0,0,0,0,4.32515E+20,5.46925E+21,8.07039E+15,4.93722E+16
195313,7,3,34,1,2018,10,16,2,2,0,7,0,1,0,1,0,0,0,0,4.47783E+20,5.44922E+21,8.28331E+15,4.91935E+16
195314,7,1,37,203,2018,11,13,2,3,4,6,0,1,0,0,1,0,0,0,3.98918E+20,5.5872E+21,7.57686E+15,5.04281E+16
195315,7,3,34,7,2018,10,12,2,2,2,6,0,1,1,0,0,0,0,0,4.53637E+20,5.45201E+21,8.36333E+15,4.92191E+16
195316,7,3,14,0,2018,11,15,2,3,4,5,0,0,1,0,0,0,0,0,4.57009E+20,5.47842E+21,8.40678E+15,4.94569E+16
195317,7,1,41,6,2018,10,9,4,2,1,7,0,0,1,0,0,0,0,0,4.07803E+20,5.57687E+21,7.70445E+15,5.03367E+16
195318,7,3,14,0,2018,10,19,2,2,3,3,2,0,1,0,1,0,0,0,4.53054E+20,5.48181E+21,8.35181E+15,4.94871E+16
195319,7,3,12,0,2018,10,11,3,3,2,2,0,0,1,0,0,0,0,0,4.08553E+20,5.47623E+21,7.73879E+15,4.94319E+16
195320,7,1,33,6,2018,10,15,2,2,5,3,0,0,1,0,1,0,0,0,4.17978E+20,5.52389E+21,7.85877E+15,4.98618E+16
195321,7,1,33,6,2018,10,11,2,3,5,3,0,0,1,0,0,0,0,0,4.18583E+20,5.52074E+21,7.86785E+15,4.98336E+16
195322,7,3,19,0,2018,10,15,2,3,2,6,0,0,1,0,0,0,0,0,4.53636E+20,5.50048E+21,8.35764E+15,4.96551E+16
195323,7,3,18,0,2018,10,9,3,3,5,3,0,1,1,0,0,0,0,0,4.5873E+20,5.46483E+21,8.43195E+15,4.93348E+16
195324,7,3,19,0,2018,10,7,2,3,5,3,2,0,1,0,1,0,0,0,4.53647E+20,5.50048E+21,8.3578E+15,4.96551E+16
195325,7,3,39,30,2018,10,17,2,3,3,2,0,1,1,0,0,0,0,0,4.32039E+20,5.53595E+21,8.05225E+15,4.9972E+16
195326,7,3,14,0,2018,11,6,5,2,5,3,2,1,1,0,0,0,0,1,4.51562E+20,5.4801E+21,8.33142E+15,4.94716E+16
195327,7,3,15,0,2018,10,17,2,3,5,2,0,0,1,0,0,0,0,0,4.4262E+20,5.53443E+21,8.20003E+15,4.99594E+16
195328,7,3,15,0,2018,10,17,2,3,1,5,0,1,1,0,0,0,0,0,4.46767E+20,5.53937E+21,8.25715E+15,5.00043E+16
195329,7,1,37,3,2018,11,18,2,3,1,7,2,1,1,0,0,0,0,0,3.87439E+20,5.58846E+21,7.41493E+15,5.04373E+16
195330,7,1,32,501,2018,10,15,4,3,5,3,0,0,1,0,1,0,0,0,4.03778E+20,5.61583E+21,7.63786E+15,5.06863E+16
195331,7,1,38,45,2018,10,16,2,3,5,3,0,0,1,0,0,0,0,0,3.97036E+20,5.58676E+21,7.5505E+15,5.04238E+16
195332,7,1,37,225,2018,11,13,7,3,0,7,0,1,1,0,0,0,0,0,3.95119E+20,5.5859E+21,7.52375E+15,5.04157E+16
195333,7,1,38,45,2018,10,8,2,3,6,7,0,1,0,1,0,0,0,0,3.90657E+20,5.58778E+21,7.46042E+15,5.04318E+16
195334,7,1,35,82,2018,10,5,2,3,1,5,2,0,1,0,0,0,1,0,3.79027E+20,5.55888E+21,7.306E+15,5.01698E+16
195335,7,1,31,7,2018,11,10,5,3,6,4,0,0,1,1,0,0,0,0,3.67331E+20,5.60051E+21,7.12765E+15,5.05415E+16
195336,7,1,37,3,2018,10,14,2,3,5,3,0,1,1,0,0,0,0,0,3.86706E+20,5.58723E+21,7.40499E+15,5.04261E+16
195337,7,2,31,134,2018,11,14,5,2,1,2,0,0,1,0,1,0,0,0,3.48576E+20,5.53819E+21,6.88805E+15,4.99768E+16
195338,7,3,34,501,2018,10,14,1,3,0,1,0,0,0,0,1,0,0,0,4.45979E+20,5.43326E+21,8.26069E+15,4.90499E+16
195339,7,3,14,0,2018,10,21,1,3,8,1,2,0,1,0,0,0,0,0,4.55179E+20,5.48704E+21,8.38056E+15,4.95343E+16
195340,7,1,35,58,2018,10,16,4,3,0,7,0,0,0,0,0,1,0,0,3.65618E+20,5.56692E+21,7.11548E+15,5.02391E+16
195341,7,2,32,50,2018,10,15,1,3,0,7,0,1,0,0,0,0,0,0,3.34925E+20,5.53536E+21,6.69902E+15,4.99478E+16
195342,7,3,19,0,2018,11,14,6,3,5,3,0,1,1,0,0,0,0,0,4.54011E+20,5.4976E+21,8.36318E+15,4.96292E+16
195343,7,2,11,0,2018,10,0,1,2,7,7,2,1,0,0,0,0,1,0,3.29435E+20,5.51228E+21,6.63272E+15,4.97388E+16
195344,7,2,35,48,2018,11,20,7,3,8,1,2,0,1,0,0,0,0,0,3.33572E+20,5.50815E+21,6.69186E+15,4.97029E+16
195345,7,1,33,6,2018,11,17,4,2,2,6,2,0,1,0,0,0,0,1,4.16567E+20,5.52244E+21,7.83945E+15,4.98486E+16
195346,7,1,38,45,2018,10,18,1,3,2,6,2,0,1,0,0,0,0,0,3.90844E+20,5.5875E+21,7.46314E+15,5.04294E+16
195347,7,3,14,0,2018,11,20,3,3,5,3,2,0,1,0,0,0,1,0,4.58736E+20,5.47927E+21,8.43053E+15,4.94646E+16
195348,7,1,11,0,2018,10,12,4,3,6,1,0,0,1,1,0,0,0,0,4.00578E+20,5.5795E+21,7.60226E+15,5.03592E+16
195349,7,1,11,0,2018,10,14,1,3,5,3,0,1,1,0,0,0,0,0,4.01083E+20,5.57616E+21,7.61023E+15,5.03293E+16
195350,7,3,12,0,2018,10,15,3,3,1,6,0,0,1,0,0,0,0,0,4.1024E+20,5.47722E+21,7.76183E+15,4.9441E+16
195351,7,3,35,4,2018,10,12,7,2,6,7,0,0,0,1,0,0,1,0,4.19651E+20,5.48237E+21,7.89057E+15,4.94887E+16
195352,7,3,12,0,2018,10,0,7,3,6,6,2,0,1,1,0,0,0,0,4.11816E+20,5.47754E+21,7.78349E+15,4.94441E+16
195353,7,3,32,24,2018,10,7,7,3,5,2,0,0,1,0,1,0,0,0,4.40978E+20,5.48999E+21,8.18387E+15,4.95596E+16
195354,7,3,16,0,2018,10,15,7,2,6,6,0,0,1,1,0,0,0,0,4.38185E+20,5.46772E+21,8.14873E+15,4.9359E+16
195355,7,1,38,38,2018,10,14,7,3,0,1,0,1,0,0,0,0,0,0,3.85278E+20,5.58996E+21,7.38405E+15,5.04504E+16
195356,7,2,11,0,2018,11,20,6,3,2,6,2,0,1,0,0,0,0,0,3.32026E+20,5.51495E+21,6.6675E+15,4.97635E+16
195357,7,3,12,0,2018,10,18,6,3,6,4,1,0,1,1,0,0,0,0,4.10367E+20,5.47757E+21,7.76349E+15,4.94442E+16
195358,7,1,41,29,2018,11,6,4,2,8,1,2,1,0,0,0,0,0,0,4.30669E+20,5.58039E+21,8.02505E+15,5.03715E+16
195359,7,3,12,0,2018,10,13,6,3,0,5,0,1,1,0,0,0,0,0,4.09208E+20,5.47684E+21,7.74767E+15,4.94374E+16
195360,7,1,34,10,2018,11,17,3,3,2,6,2,0,1,0,0,0,0,0,3.68055E+20,5.50148E+21,7.17205E+15,4.96514E+16
195361,7,3,12,0,2018,10,13,6,3,2,6,0,0,1,0,0,0,0,0,4.10078E+20,5.47741E+21,7.75955E+15,4.94427E+16
195362,7,3,12,0,2018,10,11,6,2,3,6,0,0,1,0,1,0,0,0,4.07897E+20,5.47752E+21,7.72944E+15,4.94434E+16
195363,7,3,16,0,2018,10,8,6,3,0,6,1,1,0,0,0,0,1,0,4.36936E+20,5.46695E+21,8.13165E+15,4.9352E+16
195364,7,3,37,82,2018,11,15,5,3,1,6,0,0,1,0,0,0,0,1,4.36488E+20,5.45422E+21,8.12751E+15,4.92374E+16
195365,7,3,37,62,2018,10,16,6,2,9,1,0,0,1,0,0,0,0,0,4.27411E+20,5.44074E+21,8.00527E+15,4.91152E+16
195366,7,3,37,20,2018,10,12,6,3,1,5,0,1,1,0,0,0,0,0,4.37016E+20,5.45911E+21,8.13399E+15,4.92815E+16
195367,7,1,37,68,2018,11,16,6,3,5,2,0,1,1,0,0,0,0,0,3.74699E+20,5.57682E+21,7.23948E+15,5.03301E+16
195368,7,3,37,38,2018,10,16,6,3,1,5,0,1,1,0,0,0,0,0,4.43031E+20,5.44356E+21,8.21889E+15,4.91422E+16
195369,7,3,16,0,2018,11,16,3,3,6,4,0,0,1,1,0,0,0,0,4.38026E+20,5.46699E+21,8.14665E+15,4.93525E+16
195370,7,3,11,0,2018,10,16,6,3,5,3,0,1,1,0,0,0,0,0,4.53274E+20,5.48733E+21,8.3542E+15,4.95368E+16
195371,7,3,38,5,2018,11,9,2,2,5,3,0,1,1,0,0,0,0,0,4.49069E+20,5.46914E+21,8.29842E+15,4.93729E+16
195372,7,3,11,0,2018,10,7,6,3,6,6,0,0,1,1,0,0,0,0,4.53843E+20,5.48606E+21,8.36221E+15,4.95254E+16
195373,7,3,14,0,2018,10,19,6,3,1,7,2,0,1,0,0,0,0,0,4.5914E+20,5.47917E+21,8.4361E+15,4.94638E+16
195374,7,1,33,6,2018,10,22,6,3,0,1,2,0,1,0,0,0,0,0,4.18464E+20,5.52218E+21,7.86589E+15,4.98465E+16
195375,7,3,19,0,2018,11,7,5,3,1,5,0,0,1,0,0,0,0,0,4.5377E+20,5.49848E+21,8.35973E+15,4.96371E+16
195376,7,1,37,211,2018,10,20,6,2,5,3,2,0,1,0,1,0,0,0,3.90308E+20,5.58379E+21,7.45667E+15,5.03959E+16
195377,7,1,37,228,2018,10,16,6,3,1,6,0,0,1,0,0,0,0,0,3.90338E+20,5.58602E+21,7.45645E+15,5.0416E+16
195378,7,3,14,0,2018,11,13,1,3,6,4,0,1,0,1,0,0,0,0,4.5902E+20,5.47921E+21,8.43445E+15,4.94642E+16
195379,7,1,37,216,2018,10,7,6,3,5,3,0,1,1,0,0,0,0,0,3.93258E+20,5.5834E+21,7.49827E+15,5.0393E+16
195380,7,1,33,6,2018,11,15,2,3,1,1,0,0,1,0,0,0,0,0,4.16371E+20,5.52237E+21,7.83674E+15,4.98479E+16
195381,7,3,35,38,2018,10,15,5,3,0,7,0,0,0,0,0,0,1,0,3.94854E+20,5.47794E+21,7.54946E+15,4.9445E+16
195382,7,3,12,0,2018,10,7,5,3,1,3,0,1,1,0,0,0,0,0,4.08272E+20,5.47608E+21,7.73495E+15,4.94304E+16
195383,7,3,34,7,2018,10,0,5,3,1,5,2,1,1,0,0,0,0,0,4.54199E+20,5.45171E+21,8.37108E+15,4.92165E+16
195384,7,1,32,25,2018,11,16,5,3,5,3,1,0,1,0,0,0,1,0,4.20951E+20,5.62022E+21,7.87997E+15,5.07284E+16
195385,7,3,38,25,2018,10,15,5,3,4,6,0,1,1,0,0,0,0,0,4.53927E+20,5.47063E+21,8.36516E+15,4.93866E+16
195386,7,3,38,25,2018,10,11,5,3,0,3,0,0,1,0,1,0,0,0,4.55334E+20,5.47102E+21,8.38451E+15,4.93903E+16
195387,7,2,32,88,2018,10,21,5,2,5,3,2,0,1,0,1,0,0,0,3.06282E+20,5.54313E+21,6.29631E+15,5.00089E+16
195388,7,3,15,0,2018,11,13,6,3,0,5,0,1,1,0,0,0,0,0,4.47211E+20,5.53923E+21,8.26336E+15,5.00031E+16
195389,7,3,14,0,2018,10,16,5,3,6,4,0,0,1,1,0,0,0,0,4.53652E+20,5.48251E+21,8.35998E+15,4.94934E+16
195390,7,3,12,0,2018,11,8,6,3,0,1,0,1,0,0,0,0,0,1,4.09297E+20,5.4774E+21,7.74878E+15,4.94425E+16
195391,7,3,15,0,2018,11,19,4,3,6,4,2,0,1,1,0,0,0,1,4.43869E+20,5.53997E+21,8.21663E+15,5.00094E+16
195392,7,3,15,0,2018,10,7,5,2,6,4,0,0,1,1,0,0,1,0,4.44569E+20,5.54139E+21,8.22619E+15,5.00222E+16
195393,7,3,39,6,2018,11,14,3,3,1,6,0,0,1,0,0,0,0,0,4.50658E+20,5.53126E+21,8.31248E+15,4.99317E+16
195394,7,3,38,4,2018,11,13,2,3,2,6,0,0,1,0,0,0,0,1,4.53265E+20,5.49246E+21,8.35347E+15,4.95829E+16
195395,7,3,15,0,2018,12,11,7,3,6,6,0,0,1,1,0,0,0,0,4.47037E+20,5.53436E+21,8.2616E+15,4.99592E+16
195396,7,1,34,5,2018,11,17,2,3,9,1,1,0,1,0,0,0,0,2,3.89885E+20,5.50109E+21,7.47447E+15,4.96523E+16
195397,7,3,16,0,2018,11,13,7,3,5,3,0,0,1,0,0,0,0,0,4.3835E+20,5.46681E+21,8.15114E+15,4.93509E+16
195398,7,2,33,218,2018,12,17,4,3,1,5,2,0,1,0,1,0,0,0,3.51716E+20,5.57244E+21,6.9185E+15,5.02854E+16
195399,7,3,37,38,2018,11,5,4,3,1,5,2,0,1,0,0,0,0,0,4.42555E+20,5.44416E+21,8.21228E+15,4.91476E+16
195400,7,2,31,134,2018,12,7,2,3,2,6,1,1,1,0,0,0,0,1,3.49386E+20,5.53917E+21,6.89895E+15,4.99858E+16
195401,7,2,35,68,2018,11,17,2,3,5,3,2,0,1,0,0,0,0,1,3.25285E+20,5.5086E+21,6.57682E+15,4.97046E+16
195402,7,3,12,0,2018,11,15,3,3,6,6,0,0,1,1,0,0,0,0,4.08017E+20,5.47701E+21,7.73121E+15,4.94388E+16
195403,7,1,38,45,2018,11,13,2,3,6,4,0,0,1,1,0,0,0,0,3.90895E+20,5.5877E+21,7.4638E+15,5.04312E+16
195404,7,1,38,45,2018,11,11,2,3,5,3,0,0,1,0,0,0,0,0,3.92377E+20,5.58813E+21,7.48453E+15,5.04353E+16
195405,7,3,36,102,2018,11,13,6,3,2,7,0,0,1,0,0,0,1,0,3.78949E+20,5.4717E+21,7.33204E+15,4.9386E+16
195406,7,3,11,0,2018,12,15,3,2,6,4,0,0,1,1,0,0,0,1,4.52548E+20,5.48768E+21,8.34412E+15,4.95399E+16
195407,7,2,32,18,2018,11,16,3,2,2,1,0,0,1,0,0,0,0,0,3.2238E+20,5.53821E+21,6.52302E+15,4.99698E+16
195408,7,3,15,0,2018,11,14,7,3,0,7,0,0,0,0,0,0,1,1,4.47793E+20,5.53902E+21,8.27151E+15,5.00012E+16
195409,7,3,37,41,2018,11,15,6,3,6,7,0,0,1,1,0,0,0,1,4.42761E+20,5.4546E+21,8.21363E+15,4.92415E+16
195410,7,1,37,69,2018,12,7,4,3,6,7,1,0,1,1,0,0,0,1,3.77287E+20,5.58195E+21,7.27416E+15,5.03768E+16
195411,7,1,38,45,2018,11,10,4,3,5,3,0,0,1,0,0,0,0,0,3.91213E+20,5.58794E+21,7.4682E+15,5.04334E+16
195412,7,3,14,0,2018,11,14,6,3,1,5,0,0,1,0,0,0,1,1,4.57625E+20,5.48277E+21,8.41481E+15,4.94961E+16
195413,7,1,37,216,2018,12,17,2,3,5,3,2,0,1,0,0,0,0,1,3.94468E+20,5.58385E+21,7.51517E+15,5.03972E+16
195414,7,1,38,45,2018,11,7,2,3,6,4,0,0,1,1,0,0,0,0,3.88221E+20,5.58963E+21,7.42559E+15,5.0448E+16
195415,7,3,34,17,2018,11,11,2,3,0,1,0,1,0,0,0,0,0,0,4.52297E+20,5.4548E+21,8.3446E+15,4.92441E+16
195416,7,3,12,0,2018,11,11,1,3,8,1,0,0,1,0,0,0,0,0,4.04393E+20,5.47753E+21,7.68111E+15,4.94429E+16
195417,7,2,11,0,2018,11,19,6,3,5,2,2,0,1,0,0,0,0,0,3.29761E+20,5.51203E+21,6.63736E+15,4.97366E+16
195418,7,2,33,501,2018,12,7,3,2,4,2,2,1,1,0,0,0,0,1,3.44755E+20,5.56307E+21,6.8247E+15,5.01994E+16
195419,7,3,35,22,2018,11,17,2,2,1,7,1,0,1,0,0,0,0,1,3.96859E+20,5.47438E+21,7.57804E+15,4.94133E+16
195420,7,3,32,25,2018,12,12,7,3,8,1,0,1,0,0,0,0,0,1,4.45658E+20,5.46839E+21,8.25154E+15,4.93658E+16
195421,7,3,14,0,2018,11,16,1,3,8,1,0,0,0,0,1,0,0,0,4.57138E+20,5.47749E+21,8.40866E+15,4.94486E+16
195422,7,1,38,45,2018,12,18,1,3,5,3,2,0,1,0,0,0,1,1,3.91337E+20,5.58804E+21,7.46991E+15,5.04343E+16
195423,7,1,41,29,2018,11,21,1,3,5,3,2,0,1,0,0,0,0,0,4.31805E+20,5.58109E+21,8.0409E+15,5.03779E+16
195424,7,3,15,0,2018,11,7,2,3,0,1,1,1,0,0,0,0,0,0,4.46511E+20,5.53725E+21,8.25387E+15,4.99852E+16
195425,7,1,38,53,2018,11,14,1,3,5,2,0,0,1,0,0,0,0,0,3.95627E+20,5.60213E+21,7.52637E+15,5.05617E+16
195426,7,3,15,0,2018,12,15,5,3,6,4,0,0,1,1,0,0,0,0,4.45269E+20,5.53827E+21,8.2364E+15,4.99943E+16
195427,7,1,40,144,2018,11,12,6,3,6,4,0,0,1,1,0,0,0,0,3.93818E+20,5.53721E+21,7.51905E+15,4.99778E+16
195428,7,1,40,144,2018,12,7,3,2,6,4,2,0,1,1,0,0,0,1,3.94106E+20,5.53764E+21,7.52295E+15,4.99817E+16
195429,7,3,18,0,2018,11,7,2,3,5,3,0,1,1,0,0,0,0,0,4.59337E+20,5.46368E+21,8.44041E+15,4.93245E+16
195430,7,3,14,0,2018,12,11,7,3,1,7,0,0,1,0,1,0,0,0,4.56179E+20,5.4821E+21,8.39492E+15,4.949E+16
195431,7,3,14,0,2018,11,13,7,3,2,6,0,0,1,0,0,0,0,0,4.58662E+20,5.47912E+21,8.42952E+15,4.94633E+16
195432,7,1,11,0,2018,11,1,1,3,5,3,2,0,1,0,0,0,0,1,4.00883E+20,5.58216E+21,7.60585E+15,5.03832E+16
195433,7,3,13,0,2018,12,14,4,2,1,7,0,0,1,0,1,0,0,0,4.35855E+20,5.45046E+21,8.11941E+15,4.92035E+16
195434,7,1,11,0,2018,11,16,5,3,5,3,0,1,1,0,0,0,0,0,3.97784E+20,5.57864E+21,7.56323E+15,5.03509E+16
195435,7,1,11,0,2018,11,5,2,3,3,2,2,1,1,0,0,0,0,0,4.0005E+20,5.58034E+21,7.59461E+15,5.03666E+16
195436,7,1,11,0,2018,12,13,5,3,8,1,0,0,1,0,0,0,0,1,3.99156E+20,5.57818E+21,7.58263E+15,5.0347E+16
195437,7,3,14,0,2018,11,15,5,3,2,6,0,0,1,0,0,0,0,0,4.59391E+20,5.48133E+21,8.43935E+15,4.94832E+16
195438,7,3,12,0,2018,12,16,2,3,6,4,0,0,1,1,0,0,0,0,4.10008E+20,5.47742E+21,7.75857E+15,4.94428E+16
195439,7,1,33,6,2018,11,21,7,3,0,1,2,1,0,0,0,0,0,0,4.19258E+20,5.52135E+21,7.8771E+15,4.98391E+16
195440,7,3,14,0,2018,11,13,6,3,5,5,0,0,1,0,0,0,0,1,4.58334E+20,5.47996E+21,8.4249E+15,4.94708E+16
195441,7,1,43,67,2018,12,12,7,2,4,6,0,0,1,0,0,0,0,0,4.11905E+20,5.59817E+21,7.75707E+15,5.05289E+16
195442,7,3,19,0,2018,11,17,7,3,5,3,2,1,1,0,0,0,0,0,4.53986E+20,5.49933E+21,8.36263E+15,4.96447E+16
195443,7,1,11,0,2018,11,12,7,3,3,6,0,0,1,0,0,0,0,0,4.00692E+20,5.58147E+21,7.60334E+15,5.03769E+16
195444,7,3,14,0,2018,11,11,7,3,5,3,0,1,1,0,0,0,0,1,4.56878E+20,5.48002E+21,8.4048E+15,4.94713E+16
195445,7,3,18,0,2018,11,15,6,3,5,3,0,0,1,0,0,0,1,1,4.58325E+20,5.46257E+21,8.4266E+15,4.93144E+16
195446,7,1,31,7,2018,12,13,4,3,5,3,0,1,1,0,0,0,0,0,3.66226E+20,5.60098E+21,7.11189E+15,5.05454E+16
195447,7,3,14,0,2018,11,17,4,2,6,4,2,0,1,1,0,0,0,0,4.59971E+20,5.48089E+21,8.44741E+15,4.94793E+16
195448,7,3,15,0,2018,11,19,6,2,6,7,2,0,0,1,0,0,1,1,4.44406E+20,5.54071E+21,8.22401E+15,5.00161E+16
195449,7,2,11,0,2018,12,16,2,3,2,6,1,0,1,0,0,0,0,1,3.29902E+20,5.51481E+21,6.63809E+15,4.97617E+16
195450,7,3,32,24,2018,11,15,6,3,2,2,0,0,1,0,0,0,0,0,4.40395E+20,5.49026E+21,8.17577E+15,4.9562E+16
195451,7,2,11,0,2018,11,13,3,3,2,6,0,0,1,0,0,0,0,0,3.29751E+20,5.51434E+21,6.63621E+15,4.97574E+16
195452,7,3,34,24,2018,11,14,6,3,1,2,0,0,1,0,0,0,0,1,4.45993E+20,5.43986E+21,8.25999E+15,4.91092E+16
195453,7,3,15,0,2018,12,17,2,2,6,7,2,0,1,1,0,0,0,1,4.48169E+20,5.53848E+21,8.27683E+15,4.99964E+16
195454,7,3,39,5,2018,11,15,6,3,6,2,0,0,1,1,0,0,0,0,4.2126E+20,5.53371E+21,7.90243E+15,4.99505E+16
195455,7,1,11,0,2018,11,13,4,3,1,5,0,0,1,0,1,0,0,0,4.02813E+20,5.58099E+21,7.63329E+15,5.03729E+16