OBJECTID_1,ULAND,UREGBEZ,UKREIS,UGEMEINDE,UJAHR,UMONAT,USTUNDE,UWOCHENTAG,UKATEGORIE,UART,UTYP1,ULICHTVERH,IstRad,IstPKW,IstFuss,IstKrad,IstGkfz,IstSonstig,STRZUSTAND,LINREFX,LINREFY,XGCSWGS84,YGCSWGS84
195456,7,1,38,73,2018,11,16,6,3,2,6,0,1,1,0,0,0,0,0,3.73996E+20,5.6071E+21,7.21943E+15,5.06021E+16
195457,7,1,32,117,2018,11,14,6,3,5,7,0,0,1,0,1,0,0,0,4.10298E+20,5.62586E+21,7.72769E+15,5.07776E+16
195458,7,2,32,296,2018,11,9,7,3,1,6,0,0,1,0,0,0,0,1,3.16307E+20,5.56459E+21,6.42574E+15,5.0205E+16
195459,7,3,18,0,2018,11,13,6,3,4,2,0,1,1,0,0,0,0,1,4.59393E+20,5.4628E+21,8.44127E+15,4.93166E+16
195460,7,3,32,2,2018,12,14,3,3,5,3,0,0,1,0,0,0,0,0,4.39528E+20,5.47846E+21,8.16559E+15,4.94557E+16
195461,7,3,38,20,2018,11,7,3,3,4,6,1,1,1,0,0,0,0,0,4.5779E+20,5.47489E+21,8.41794E+15,4.94252E+16
195462,7,3,32,10,2018,12,23,1,3,0,1,2,1,0,0,0,0,0,1,4.45758E+20,5.49042E+21,8.24989E+15,4.9564E+16
195463,7,1,32,6,2018,11,12,6,3,1,2,0,0,1,0,0,0,0,0,4.19594E+20,5.62787E+21,7.85908E+15,5.0797E+16
195464,7,3,39,5,2018,11,17,2,3,1,5,2,0,1,0,1,0,0,0,4.20931E+20,5.53573E+21,7.89743E+15,4.99687E+16
195465,7,1,32,501,2018,11,15,6,2,8,1,0,0,1,0,0,0,0,0,4.02602E+20,5.61506E+21,7.62142E+15,5.06792E+16
195466,7,3,37,45,2018,12,11,5,3,6,7,0,0,1,1,0,0,0,1,4.29396E+20,5.43925E+21,8.03272E+15,4.91021E+16
195467,7,2,11,0,2018,11,17,6,3,1,1,1,0,1,0,0,0,0,0,3.33254E+20,5.51266E+21,6.68552E+15,4.97433E+16
195468,7,1,38,45,2018,11,7,6,3,0,7,0,1,1,0,0,0,0,0,3.93061E+20,5.59194E+21,7.49307E+15,5.04697E+16
195469,7,1,35,79,2018,11,19,6,3,9,1,2,0,0,0,1,0,0,0,3.72027E+20,5.5495E+21,7.21117E+15,5.0084E+16
195470,7,3,13,0,2018,11,10,6,3,6,5,0,0,1,1,0,0,0,0,4.34746E+20,5.45078E+21,8.10414E+15,4.92063E+16
195471,7,3,31,73,2018,12,7,3,3,2,7,0,0,1,0,1,0,0,1,4.36285E+20,5.52141E+21,8.11387E+15,4.98417E+16
195472,7,1,38,45,2018,11,17,3,3,1,1,2,0,1,0,0,0,0,0,3.90986E+20,5.58727E+21,7.4652E+15,5.04274E+16
195473,7,3,17,0,2018,12,1,7,3,2,6,2,0,1,0,0,0,0,1,3.98931E+20,5.44959E+21,7.61286E+15,4.91907E+16
195474,7,1,11,0,2018,11,12,6,2,6,4,0,0,1,1,0,0,0,0,3.99686E+20,5.57842E+21,7.59001E+15,5.03493E+16
195475,7,2,11,0,2018,11,7,2,2,5,2,1,1,1,0,0,0,0,0,3.33016E+20,5.51823E+21,6.67983E+15,4.97933E+16
195476,7,1,41,29,2018,12,8,5,3,2,6,1,0,1,0,0,0,0,1,4.30829E+20,5.5801E+21,8.02736E+15,5.03689E+16
195477,7,3,37,52,2018,11,16,5,3,2,6,0,0,1,0,0,0,0,0,4.37419E+20,5.46162E+21,8.13914E+15,4.93041E+16
195478,7,3,20,0,2018,11,22,5,3,5,3,2,0,1,0,0,0,0,0,3.81336E+20,5.45546E+21,7.36974E+15,4.92404E+16
195479,7,3,40,54,2018,11,12,6,3,5,3,0,0,1,0,0,0,0,1,4.02616E+20,5.45993E+21,7.66092E+15,4.92844E+16
195480,7,3,17,0,2018,12,13,2,3,6,4,0,0,1,1,0,0,0,1,3.985E+20,5.4493E+21,7.60703E+15,4.91881E+16
195481,7,3,17,0,2018,11,17,5,2,5,3,2,0,1,0,0,0,0,0,3.98736E+20,5.45066E+21,7.60992E+15,4.92003E+16
195482,7,3,14,0,2018,12,15,7,3,3,2,0,1,1,0,0,0,0,0,4.59742E+20,5.48061E+21,8.44427E+15,4.94768E+16
195483,7,2,11,0,2018,12,11,3,3,1,7,0,0,1,0,0,0,1,1,3.33959E+20,5.51172E+21,6.69571E+15,4.9735E+16
195484,7,3,35,22,2018,11,9,2,3,1,7,0,0,1,0,0,1,0,0,3.94762E+20,5.47429E+21,7.54916E+15,4.94122E+16
195485,7,3,18,0,2018,12,9,7,2,2,2,0,1,1,0,0,0,0,1,4.58038E+20,5.46274E+21,8.42264E+15,4.9316E+16
195486,7,3,33,39,2018,11,13,5,3,6,4,1,0,1,1,0,0,0,1,4.28646E+20,5.50147E+21,8.01129E+15,4.96616E+16
195487,7,3,34,18,2018,11,16,1,2,8,1,0,0,1,0,0,0,0,0,4.46463E+20,5.45485E+21,8.26444E+15,4.92441E+16
195488,7,3,12,0,2018,12,14,4,2,6,4,0,0,1,1,0,0,0,0,4.10658E+20,5.47771E+21,7.76748E+15,4.94455E+16
195489,7,2,35,45,2018,11,12,5,2,5,3,0,0,1,0,0,0,0,0,3.52321E+20,5.50472E+21,6.95299E+15,4.96769E+16
195490,7,3,12,0,2018,11,20,5,3,5,3,2,0,1,0,0,0,1,0,4.09732E+20,5.47673E+21,7.75493E+15,4.94365E+16
195491,7,3,11,0,2018,12,17,2,3,6,2,2,0,1,1,0,0,0,1,4.53288E+20,5.48605E+21,8.35454E+15,4.95253E+16
195492,7,3,19,0,2018,11,10,5,3,0,1,0,0,1,0,0,0,0,1,4.54022E+20,5.49848E+21,8.36323E+15,4.96371E+16
195493,7,1,38,73,2018,11,18,6,3,6,2,2,0,1,1,0,0,0,0,3.73948E+20,5.60623E+21,7.21904E+15,5.05944E+16
195494,7,2,32,18,2018,11,21,5,3,8,1,2,0,1,0,0,0,0,0,3.21193E+20,5.5383E+21,6.50644E+15,4.99702E+16
195495,7,2,35,85,2018,11,7,5,3,0,6,1,1,1,0,0,0,0,1,3.36002E+20,5.51582E+21,6.7223E+15,4.97725E+16
195496,7,3,39,30,2018,11,13,7,3,2,6,0,0,1,0,0,0,0,1,4.30517E+20,5.53717E+21,8.03081E+15,4.99828E+16
195497,7,3,38,25,2018,11,6,5,3,5,2,2,1,1,0,0,0,0,1,4.54246E+20,5.47101E+21,8.36952E+15,4.93901E+16
195498,7,2,11,0,2018,11,6,5,3,2,6,1,0,1,0,0,0,0,0,3.3382E+20,5.51879E+21,6.69075E+15,4.97986E+16
195499,7,3,12,0,2018,11,11,7,3,5,3,0,0,1,0,0,0,0,1,4.11071E+20,5.47787E+21,7.77314E+15,4.9447E+16
195500,7,3,31,3,2018,12,12,4,3,5,2,0,1,1,0,0,0,0,0,4.37994E+20,5.5108E+21,8.13932E+15,4.97465E+16
195501,7,3,13,0,2018,11,6,4,2,6,2,1,0,1,1,0,0,0,0,4.35303E+20,5.45046E+21,8.11184E+15,4.92035E+16
195502,7,3,14,0,2018,11,16,5,2,6,4,0,0,1,1,0,0,0,0,4.58471E+20,5.48086E+21,8.42671E+15,4.9479E+16
195503,7,2,31,134,2018,12,10,2,3,5,3,0,0,1,0,0,0,0,1,3.49646E+20,5.53947E+21,6.90246E+15,4.99886E+16
195504,7,1,43,48,2018,11,7,5,3,3,6,0,1,1,0,0,0,0,0,4.15688E+20,5.58768E+21,7.8128E+15,5.04351E+16
195505,7,3,12,0,2018,11,17,3,3,0,7,2,1,1,0,0,0,0,0,4.09422E+20,5.47555E+21,7.75092E+15,4.94258E+16
195506,7,1,37,216,2018,11,16,5,3,6,7,1,0,1,1,0,0,0,0,3.94292E+20,5.58381E+21,7.51271E+15,5.03968E+16
195507,7,1,37,226,2018,11,19,5,3,3,6,2,1,1,0,0,0,0,0,4.01576E+20,5.58422E+21,7.61505E+15,5.04018E+16
195508,7,1,38,62,2018,11,21,7,3,1,2,2,0,1,0,0,0,0,1,3.74787E+20,5.60984E+21,7.22967E+15,5.0627E+16
195509,7,1,33,6,2018,11,16,5,3,9,1,1,0,1,0,0,0,0,1,4.177E+20,5.52387E+21,7.85491E+15,4.98615E+16
195510,7,3,11,0,2018,12,16,3,3,5,3,0,1,1,0,0,0,0,1,4.53216E+20,5.48685E+21,8.35345E+15,4.95325E+16
195511,7,3,31,59,2018,11,7,3,3,2,6,0,0,1,0,0,0,0,0,4.40157E+20,5.52159E+21,8.16768E+15,4.98437E+16
195512,7,2,11,0,2018,11,7,5,3,5,3,1,1,1,0,0,0,0,1,3.30235E+20,5.51309E+21,6.64347E+15,4.97463E+16
195513,7,3,39,47,2018,12,12,1,3,6,6,0,0,1,1,0,0,0,1,4.41483E+20,5.53367E+21,8.18428E+15,4.99525E+16
195514,7,3,38,25,2018,11,8,4,3,1,5,0,1,1,0,0,0,0,1,4.5455E+20,5.47035E+21,8.37378E+15,4.93841E+16
195515,7,1,37,69,2018,12,16,4,2,0,7,2,0,1,0,0,0,0,0,3.7881E+20,5.58072E+21,7.29597E+15,5.0366E+16
195516,7,1,34,45,2018,11,12,4,3,6,6,0,0,0,1,0,0,1,0,3.80204E+20,5.50593E+21,7.33892E+15,4.9694E+16
195517,7,1,38,45,2018,12,8,2,3,6,4,0,0,1,1,0,0,0,1,3.90565E+20,5.58721E+21,7.45929E+15,5.04267E+16
195518,7,1,34,10,2018,11,16,4,3,2,6,0,0,1,0,0,0,0,0,3.67791E+20,5.5009E+21,7.16859E+15,4.96462E+16
195519,7,3,17,0,2018,11,18,2,3,6,4,2,0,1,1,0,0,0,1,3.97913E+20,5.45104E+21,7.59853E+15,4.92036E+16
195520,7,1,32,55,2018,11,16,4,3,5,3,0,0,1,0,0,0,0,0,3.95135E+20,5.60377E+21,7.51896E+15,5.05765E+16
195521,7,1,31,77,2018,11,17,4,3,3,7,2,0,0,0,1,0,1,0,3.76549E+20,5.6009E+21,7.25754E+15,5.0547E+16
195522,7,3,14,0,2018,11,14,6,3,0,7,0,1,1,0,0,0,0,0,4.58231E+20,5.47906E+21,8.42358E+15,4.94628E+16
195523,7,1,43,71,2018,11,12,5,3,9,2,0,0,1,0,0,0,0,1,4.05763E+20,5.58255E+21,7.67437E+15,5.03875E+16
195524,7,3,15,0,2018,12,1,3,3,1,5,2,1,1,0,0,0,0,1,4.47812E+20,5.53843E+21,8.27185E+15,4.99959E+16
195525,7,1,37,228,2018,11,12,3,3,0,7,0,0,1,1,0,0,0,0,3.89752E+20,5.58581E+21,7.44827E+15,5.04139E+16
195526,7,3,12,0,2018,12,15,7,3,9,1,0,0,1,0,0,0,0,0,4.12514E+20,5.47761E+21,7.7931E+15,4.94449E+16
195527,7,1,31,90,2018,11,7,4,3,6,4,1,0,1,1,0,0,0,0,3.66086E+20,5.60217E+21,7.10948E+15,5.05561E+16
195528,7,1,38,45,2018,11,9,2,3,6,4,0,0,1,1,0,0,0,0,3.92521E+20,5.58797E+21,7.48661E+15,5.04339E+16
195529,7,1,32,501,2018,12,12,5,3,1,3,0,0,1,0,0,0,0,0,4.04509E+20,5.61616E+21,7.64813E+15,5.06894E+16
195530,7,3,39,34,2018,11,8,2,3,1,5,0,0,1,0,0,1,0,0,4.48893E+20,5.52752E+21,8.28839E+15,4.98979E+16
195531,7,1,37,203,2018,11,14,4,3,2,6,0,0,1,0,0,0,0,0,3.9813E+20,5.58649E+21,7.56596E+15,5.04216E+16
195532,7,3,14,0,2018,12,10,5,3,3,7,0,0,1,0,1,0,0,0,4.57324E+20,5.47883E+21,8.41108E+15,4.94606E+16
195533,7,1,40,125,2018,11,15,6,3,5,1,0,0,1,0,0,1,0,0,4.05051E+20,5.53953E+21,7.67511E+15,5.00005E+16
195534,7,1,38,45,2018,11,13,5,3,1,7,0,0,1,0,0,0,0,0,3.92773E+20,5.58842E+21,7.49002E+15,5.0438E+16
195535,7,1,41,68,2018,12,20,3,3,1,1,2,0,1,0,0,0,0,1,4.27163E+20,5.56913E+21,7.97793E+15,5.02698E+16
195536,7,3,12,0,2018,11,11,2,3,2,6,0,0,1,0,0,0,0,1,4.11058E+20,5.47762E+21,7.77301E+15,4.94447E+16
195537,7,3,14,0,2018,12,15,7,3,0,7,0,1,1,0,0,0,0,0,4.57622E+20,5.48177E+21,8.41489E+15,4.94871E+16
195538,7,1,11,0,2018,11,12,4,3,6,7,0,0,0,1,0,0,1,0,3.99701E+20,5.57858E+21,7.59018E+15,5.03508E+16
195539,7,1,43,62,2018,11,16,1,2,5,3,0,0,1,0,1,0,0,1,4.09468E+20,5.59052E+21,7.72455E+15,5.04597E+16
195540,7,3,32,24,2018,12,18,4,3,6,2,2,0,1,1,0,0,0,0,4.39887E+20,5.49004E+21,8.16877E+15,4.956E+16
195541,7,1,11,0,2018,11,15,5,3,6,7,0,0,1,1,0,0,0,0,3.95428E+20,5.58069E+21,7.52955E+15,5.0369E+16
195542,7,1,11,0,2018,11,7,5,3,0,1,1,1,0,0,0,0,0,1,3.96741E+20,5.58022E+21,7.54814E+15,5.0365E+16
195543,7,1,33,6,2018,12,7,2,2,6,2,2,0,1,1,0,0,0,1,4.18256E+20,5.52117E+21,7.86322E+15,4.98373E+16
195544,7,3,13,0,2018,11,12,3,3,0,5,0,1,1,0,0,0,0,0,4.35775E+20,5.45006E+21,8.11839E+15,4.91999E+16
195545,7,3,14,0,2018,11,17,5,3,6,4,2,0,1,1,0,0,0,0,4.57002E+20,5.47977E+21,8.40655E+15,4.9469E+16
195546,7,3,12,0,2018,11,7,4,3,5,3,0,0,1,0,0,0,0,0,4.11303E+20,5.47863E+21,7.77617E+15,4.94538E+16
195547,7,3,12,0,2018,12,18,2,3,6,4,2,0,1,1,0,0,0,1,4.10703E+20,5.47676E+21,7.76831E+15,4.94369E+16
195548,7,3,14,0,2018,11,7,3,3,6,4,0,0,0,1,0,0,1,1,4.57044E+20,5.47967E+21,8.40713E+15,4.94682E+16
195549,7,2,11,0,2018,12,18,7,3,2,6,2,0,1,0,1,0,0,1,3.29711E+20,5.51505E+21,6.63535E+15,4.97638E+16
195550,7,3,31,72,2018,11,18,3,3,5,3,0,1,1,0,0,0,0,0,4.25547E+20,5.51877E+21,7.96505E+15,4.98167E+16
195551,7,3,14,0,2018,11,13,7,3,0,7,0,0,1,0,0,0,0,0,4.53014E+20,5.48191E+21,8.35125E+15,4.9488E+16
195552,7,3,35,4,2018,11,7,4,3,5,3,1,0,1,0,0,0,0,0,4.2033E+20,5.48184E+21,7.90005E+15,4.94839E+16
195553,7,1,38,45,2018,12,13,4,3,5,3,0,0,1,0,0,0,0,0,3.91054E+20,5.58668E+21,7.46633E+15,5.0422E+16
195554,7,3,18,0,2018,11,16,4,3,5,2,2,1,1,0,0,0,0,0,4.58483E+20,5.46239E+21,8.4288E+15,4.93129E+16
195555,7,3,16,0,2018,11,12,4,3,5,3,0,0,1,0,0,0,0,0,4.37773E+20,5.46697E+21,8.14317E+15,4.93523E+16
195556,7,3,34,1,2018,11,11,6,3,1,5,0,0,1,0,0,0,0,1,4.48278E+20,5.44964E+21,8.29004E+15,4.91974E+16
195557,7,2,11,0,2018,12,7,2,3,6,6,1,0,1,1,0,0,0,1,3.33073E+20,5.51839E+21,6.68055E+15,4.97947E+16
195558,7,2,11,0,2018,11,13,3,3,5,3,0,1,1,0,0,0,0,0,3.32991E+20,5.51817E+21,6.6795E+15,4.97927E+16
195559,7,2,35,68,2018,11,15,3,3,6,4,0,0,1,1,0,0,0,1,3.25011E+20,5.50724E+21,6.57365E+15,4.96923E+16
195560,7,2,11,0,2018,11,15,3,3,6,4,0,0,1,1,0,0,0,0,3.30403E+20,5.51455E+21,6.64517E+15,4.97595E+16
195561,7,2,11,0,2018,11,7,3,3,6,4,2,0,1,1,0,0,0,1,3.29278E+20,5.51083E+21,6.63118E+15,4.97257E+16
195562,7,3,35,34,2018,11,13,6,3,2,6,0,0,1,0,1,0,0,0,4.08736E+20,5.48218E+21,7.73993E+15,4.94854E+16
195563,7,3,14,0,2018,11,6,4,3,4,2,2,0,1,0,0,0,0,0,4.57802E+20,5.47967E+21,8.41759E+15,4.94682E+16
195564,7,1,31,7,2018,11,16,4,3,6,4,2,0,1,1,0,0,0,1,3.68304E+20,5.60105E+21,7.14118E+15,5.05466E+16
195565,7,3,12,0,2018,11,16,2,3,6,2,0,0,1,1,0,0,0,0,4.0943E+20,5.47743E+21,7.7506E+15,4.94428E+16
195566,7,3,32,9,2018,11,20,2,3,0,1,2,1,0,0,0,0,0,0,4.41494E+20,5.4729E+21,8.19353E+15,4.9406E+16
195567,7,1,35,92,2018,11,15,7,3,5,3,1,0,1,0,0,0,0,1,3.67935E+20,5.54354E+21,7.15606E+15,5.00295E+16
195568,7,1,33,6,2018,11,5,4,3,0,6,2,1,1,0,0,0,0,0,4.20832E+20,5.52352E+21,7.89855E+15,4.98588E+16
195569,7,3,12,0,2018,12,14,3,3,4,6,0,1,1,0,0,0,0,1,4.10884E+20,5.47742E+21,7.77066E+15,4.94429E+16
195570,7,3,38,25,2018,11,13,3,3,3,6,0,1,0,0,0,0,0,0,4.54309E+20,5.4697E+21,8.37053E+15,4.93783E+16
195571,7,3,19,0,2018,11,17,4,3,6,4,2,0,1,1,0,0,0,1,4.53465E+20,5.49807E+21,8.35556E+15,4.96334E+16
195572,7,1,11,0,2018,12,17,2,3,6,4,1,0,1,1,0,0,0,1,4.00252E+20,5.5795E+21,7.59768E+15,5.03592E+16
195573,7,3,34,7,2018,11,13,2,3,5,3,0,1,1,0,0,0,0,0,4.53431E+20,5.45156E+21,8.36055E+15,4.92151E+16
195574,7,1,11,0,2018,12,17,7,3,6,4,2,1,1,1,0,0,0,1,4.0073E+20,5.58132E+21,7.60391E+15,5.03756E+16
195575,7,3,14,0,2018,11,16,2,3,5,3,1,0,1,0,1,0,0,1,4.51177E+20,5.4811E+21,8.32598E+15,4.94806E+16
195576,7,3,14,0,2018,11,18,2,3,1,7,2,0,1,0,1,0,0,0,4.58242E+20,5.48286E+21,8.42333E+15,4.9497E+16
195577,7,2,11,0,2018,11,18,6,3,5,3,2,1,1,0,0,0,0,0,3.2935E+20,5.51234E+21,6.63152E+15,4.97393E+16
195578,7,3,15,0,2018,11,13,4,3,0,6,0,1,0,0,0,0,0,0,4.47449E+20,5.53816E+21,8.26682E+15,4.99935E+16
195579,7,2,11,0,2018,12,13,3,3,0,7,0,1,0,0,0,0,0,1,3.30607E+20,5.51444E+21,6.64804E+15,4.97586E+16
195580,7,3,35,22,2018,11,16,2,3,6,2,2,0,1,1,0,0,0,1,3.96268E+20,5.47404E+21,7.56998E+15,4.94102E+16
195581,7,3,15,0,2018,11,13,4,3,6,4,0,0,1,1,0,0,0,0,4.47842E+20,5.53895E+21,8.27221E+15,5.00006E+16
195582,7,3,14,0,2018,12,8,3,3,9,2,0,0,1,1,0,0,0,1,4.5954E+20,5.48139E+21,8.4414E+15,4.94838E+16
195583,7,2,35,118,2018,11,8,3,3,1,7,0,0,1,0,0,0,1,0,3.21899E+20,5.4974E+21,6.53501E+15,4.96029E+16
195584,7,3,15,0,2018,11,23,4,3,8,1,2,0,1,0,0,0,0,1,4.41502E+20,5.53913E+21,8.18372E+15,5.00016E+16
195585,7,1,31,7,2018,12,4,1,3,9,1,2,0,1,0,0,0,0,1,3.6648E+20,5.60118E+21,7.11539E+15,5.05473E+16
195586,7,3,33,19,2018,11,13,2,3,4,6,0,0,1,0,1,0,0,0,4.32206E+20,5.49012E+21,8.06257E+15,4.95599E+16
195587,7,2,35,68,2018,11,18,2,3,6,4,0,0,1,1,0,0,0,1,3.25073E+20,5.50813E+21,6.5741E+15,4.97002E+16
195588,7,3,15,0,2018,11,18,2,3,1,5,2,1,1,0,0,0,0,1,4.44733E+20,5.54096E+21,8.22854E+15,5.00184E+16
195589,7,2,35,68,2018,12,19,5,3,5,3,2,0,1,0,0,0,0,0,3.24264E+20,5.50707E+21,6.56336E+15,4.96905E+16
195590,7,3,17,0,2018,11,16,5,3,1,6,1,0,1,0,0,0,0,0,3.98925E+20,5.44983E+21,7.61272E+15,4.91929E+16
195591,7,2,11,0,2018,11,15,4,3,0,3,0,0,1,0,1,0,0,1,3.28826E+20,5.5143E+21,6.62339E+15,4.97568E+16
195592,7,3,20,0,2018,12,12,2,3,5,3,0,0,1,0,0,0,0,1,3.82002E+20,5.45771E+21,7.37823E+15,4.92607E+16
195593,7,3,15,0,2018,11,11,2,3,0,7,0,0,0,1,0,0,1,0,4.47189E+20,5.53895E+21,8.2631E+15,5.00005E+16
195594,7,3,14,0,2018,12,10,7,3,6,4,0,0,1,1,0,0,0,1,4.57784E+20,5.48173E+21,8.41713E+15,4.94867E+16
195595,7,2,31,134,2018,11,11,2,3,6,7,0,0,1,1,0,0,0,0,3.48903E+20,5.53837E+21,6.89253E+15,4.99785E+16
195596,7,1,11,0,2018,11,1,1,3,9,1,2,0,1,0,0,0,0,1,3.97895E+20,5.57681E+21,7.56528E+15,5.03346E+16
195597,7,3,18,0,2018,12,11,7,3,2,6,0,0,1,0,1,0,0,1,4.58752E+20,5.46348E+21,8.43238E+15,4.93227E+16
195598,7,1,34,45,2018,11,19,2,3,2,6,2,0,1,0,0,0,0,1,3.77247E+20,5.50938E+21,7.29686E+15,4.97244E+16
195599,7,1,11,0,2018,11,15,2,3,0,1,0,0,0,0,1,0,0,0,3.99008E+20,5.57825E+21,7.58053E+15,5.03476E+16
195600,7,3,12,0,2018,12,16,4,3,6,4,2,0,1,1,0,0,0,0,4.10571E+20,5.47749E+21,7.76633E+15,4.94435E+16
195601,7,1,33,6,2018,11,17,5,2,6,4,2,0,1,1,0,0,0,0,4.16282E+20,5.52234E+21,7.83552E+15,4.98477E+16
195602,7,1,38,45,2018,11,9,4,3,6,4,0,0,1,1,0,0,0,0,3.90945E+20,5.58762E+21,7.46452E+15,5.04304E+16
195603,7,3,12,0,2018,12,8,2,3,8,1,0,0,1,0,0,0,0,1,4.06271E+20,5.47522E+21,7.70756E+15,4.94224E+16
195604,7,2,11,0,2018,11,15,2,3,5,3,0,0,1,1,0,0,0,1,3.30234E+20,5.51314E+21,6.64343E+15,4.97468E+16
195605,7,1,35,45,2018,11,15,6,3,6,5,0,0,1,1,0,0,0,0,3.67687E+20,5.56648E+21,7.14464E+15,5.02357E+16
195606,7,2,11,0,2018,11,14,2,3,5,2,0,0,1,0,1,0,0,0,3.31899E+20,5.51584E+21,6.66535E+15,4.97715E+16
195607,7,1,43,291,2018,11,6,2,3,2,2,2,0,1,0,0,0,0,1,4.33402E+20,5.61283E+21,8.0577E+15,5.06635E+16
195608,7,3,39,5,2018,11,9,7,3,5,3,0,0,1,0,0,0,0,1,4.22077E+20,5.53287E+21,7.91398E+15,4.99431E+16
195609,7,1,38,45,2018,11,6,4,3,5,3,2,0,1,0,1,0,0,0,3.92706E+20,5.59168E+21,7.48815E+15,5.04673E+16
195610,7,1,31,7,2018,12,6,4,3,8,1,2,0,1,0,0,0,0,1,3.67715E+20,5.60101E+21,7.13288E+15,5.0546E+16
195611,7,3,19,0,2018,11,8,4,3,5,3,0,0,1,0,0,1,0,0,4.47592E+20,5.49797E+21,8.27425E+15,4.9632E+16
195612,7,1,31,6,2018,11,11,4,3,5,3,0,0,1,0,0,0,1,0,3.78849E+20,5.59741E+21,7.29113E+15,5.05161E+16
195613,7,3,14,0,2018,12,15,4,3,2,1,0,0,1,0,0,0,0,0,4.56553E+20,5.47926E+21,8.4004E+15,4.94644E+16
195614,7,3,37,21,2018,11,14,4,3,0,1,0,0,0,0,1,0,0,0,4.37097E+20,5.45685E+21,8.13546E+15,4.92612E+16
195615,7,3,15,0,2018,12,16,2,3,6,7,2,0,1,1,0,0,0,1,4.48169E+20,5.53827E+21,8.27686E+15,4.99945E+16
195616,7,1,43,229,2018,11,6,2,3,5,3,1,0,1,0,0,0,0,0,4.16021E+20,5.61268E+21,7.81185E+15,5.06599E+16
195617,7,3,20,0,2018,11,8,3,3,5,3,0,1,1,0,0,0,0,0,3.80951E+20,5.45617E+21,7.36424E+15,4.92467E+16
195618,7,1,43,81,2018,11,17,2,3,6,4,2,0,1,1,0,0,0,1,4.14842E+20,5.59192E+21,7.79992E+15,5.04731E+16
195619,7,1,38,45,2018,11,16,2,3,6,6,1,0,1,1,0,0,0,0,3.93758E+20,5.59252E+21,7.50273E+15,5.04751E+16
195620,7,2,11,0,2018,11,21,7,3,0,7,2,0,0,0,1,0,0,1,3.29714E+20,5.51376E+21,6.63596E+15,4.97522E+16
195621,7,3,34,7,2018,12,9,3,3,8,7,0,1,0,0,0,0,0,0,4.54188E+20,5.45182E+21,8.37092E+15,4.92174E+16
195622,7,3,11,0,2018,11,13,3,3,2,6,0,0,1,0,0,0,0,0,4.52999E+20,5.48716E+21,8.35041E+15,4.95352E+16
195623,7,3,19,0,2018,12,14,1,3,0,1,0,0,0,0,1,0,0,1,4.52434E+20,5.49957E+21,8.3411E+15,4.96468E+16
195624,7,1,11,0,2018,11,11,2,3,6,7,0,0,1,1,0,0,0,0,4.00435E+20,5.57946E+21,7.60026E+15,5.03588E+16
195625,7,3,19,0,2018,11,18,2,3,5,3,2,0,1,0,0,0,0,0,4.53382E+20,5.49641E+21,8.35462E+15,4.96184E+16
195626,7,1,43,29,2018,12,11,2,2,7,7,0,0,1,0,0,0,0,1,4.10836E+20,5.60319E+21,7.74079E+15,5.05738E+16
195627,7,3,32,25,2018,11,12,7,3,3,6,0,0,0,0,1,0,1,0,4.46493E+20,5.46801E+21,8.26309E+15,4.93624E+16
195628,7,2,11,0,2018,11,10,3,3,8,7,0,0,1,0,0,0,0,0,3.32005E+20,5.5141E+21,6.66758E+15,4.97558E+16
195629,7,3,34,501,2018,11,16,7,3,8,1,1,1,0,0,0,0,0,1,4.45675E+20,5.43348E+21,8.2565E+15,4.90518E+16
195630,7,3,13,0,2018,11,20,7,3,1,5,2,1,1,0,0,0,0,1,4.36512E+20,5.44972E+21,8.12854E+15,4.9197E+16
195631,7,3,18,0,2018,11,9,6,3,2,6,0,0,1,0,0,0,0,0,4.59305E+20,5.46213E+21,8.44013E+15,4.93106E+16
195632,7,3,15,0,2018,12,17,3,3,5,3,2,1,1,0,0,0,0,0,4.47152E+20,5.53763E+21,8.26276E+15,4.99886E+16
195633,7,1,38,45,2018,11,14,3,3,6,4,0,0,1,1,0,0,0,0,3.9097E+20,5.5873E+21,7.46496E+15,5.04276E+16
195634,7,3,12,0,2018,12,13,7,3,2,1,0,0,1,0,0,0,0,1,4.10091E+20,5.47684E+21,7.75985E+15,4.94376E+16
195635,7,3,14,0,2018,11,13,7,3,2,6,0,0,1,0,0,0,0,0,4.57575E+20,5.48178E+21,8.41423E+15,4.94872E+16
195636,7,1,43,206,2018,11,15,2,3,5,7,0,0,1,0,0,0,0,0,4.25264E+20,5.61065E+21,7.943E+15,5.06429E+16
195637,7,1,38,41,2018,12,7,5,3,6,4,2,0,1,1,0,0,0,1,3.77999E+20,5.60314E+21,7.27725E+15,5.05675E+16
195638,7,3,13,0,2018,11,18,5,3,1,6,2,0,1,0,0,0,0,0,4.3519E+20,5.44964E+21,8.11042E+15,4.91961E+16
195639,7,3,32,25,2018,11,18,6,3,5,3,2,1,1,0,0,0,0,1,4.46672E+20,5.46834E+21,8.26551E+15,4.93654E+16
195640,7,3,17,0,2018,12,9,2,3,4,2,0,0,1,0,0,0,0,1,3.98086E+20,5.44968E+21,7.60125E+15,4.91914E+16
195641,7,1,33,6,2018,11,23,7,2,9,7,2,0,1,0,0,0,0,1,4.18035E+20,5.52103E+21,7.86017E+15,4.98361E+16