OBJECTID_1,ULAND,UREGBEZ,UKREIS,UGEMEINDE,UJAHR,UMONAT,USTUNDE,UWOCHENTAG,UKATEGORIE,UART,UTYP1,ULICHTVERH,IstRad,IstPKW,IstFuss,IstKrad,IstGkfz,IstSonstig,STRZUSTAND,LINREFX,LINREFY,XGCSWGS84,YGCSWGS84
195642,7,3,38,17,2018,12,6,5,3,4,7,2,0,1,0,0,0,1,1,4.56082E+20,5.47446E+21,8.39443E+15,4.94212E+16
195643,7,1,43,81,2018,11,7,6,3,5,3,0,0,1,0,0,0,0,0,4.14352E+20,5.59215E+21,7.79297E+15,5.04751E+16
195644,7,2,11,0,2018,12,9,3,2,5,3,0,1,1,0,0,0,0,0,3.31506E+20,5.51559E+21,6.66001E+15,4.97691E+16
195645,7,3,12,0,2018,11,19,2,3,5,3,2,1,1,0,0,0,0,1,4.11075E+20,5.47797E+21,7.77317E+15,4.94478E+16
195646,7,3,38,18,2018,12,18,7,3,6,7,2,0,1,1,0,0,0,0,4.48275E+20,5.48071E+21,8.28597E+15,4.94768E+16
195647,7,1,33,6,2018,11,12,7,2,0,4,0,0,0,1,1,0,0,1,4.18412E+20,5.52152E+21,7.86531E+15,4.98406E+16
195648,7,3,33,39,2018,11,12,1,3,0,7,0,1,1,0,0,0,0,0,4.28837E+20,5.50151E+21,8.01392E+15,4.96619E+16
195649,7,3,12,0,2018,12,9,4,3,5,3,0,0,1,0,0,0,0,0,4.12037E+20,5.4787E+21,7.78627E+15,4.94546E+16
195650,7,1,43,29,2018,11,17,5,2,5,3,2,0,1,0,1,0,0,1,4.10582E+20,5.60288E+21,7.73727E+15,5.0571E+16
195651,7,3,14,0,2018,12,8,2,3,5,3,0,0,1,0,0,0,0,0,4.56911E+20,5.47932E+21,8.40534E+15,4.9465E+16
195652,7,2,11,0,2018,11,13,7,3,2,6,0,0,1,0,0,0,0,1,3.2873E+20,5.51389E+21,6.62224E+15,4.97531E+16
195653,7,1,31,7,2018,11,17,6,3,6,4,0,0,1,1,0,0,0,0,3.66226E+20,5.60098E+21,7.11189E+15,5.05454E+16
195654,7,1,35,34,2018,11,13,7,3,5,3,0,0,1,0,0,0,1,1,3.63362E+20,5.55745E+21,7.08728E+15,5.01535E+16
195655,7,3,31,72,2018,12,8,4,3,3,7,1,1,0,0,0,0,1,0,4.25169E+20,5.51823E+21,7.95989E+15,4.98118E+16
195656,7,3,14,0,2018,12,5,6,3,5,3,2,0,0,0,0,0,1,0,4.6013E+20,5.4812E+21,8.44956E+15,4.94821E+16
195657,7,3,12,0,2018,12,11,1,3,8,1,0,0,1,0,0,0,0,2,4.08504E+20,5.47679E+21,7.73798E+15,4.94369E+16
195658,7,1,33,6,2018,12,17,6,2,5,3,2,1,1,0,0,0,0,0,4.18429E+20,5.52141E+21,7.86557E+15,4.98395E+16
195659,7,3,32,25,2018,12,23,6,2,6,7,2,0,1,1,0,0,0,0,4.4628E+20,5.46796E+21,8.26017E+15,4.9362E+16
195660,7,3,15,0,2018,12,18,6,3,0,7,2,0,1,0,0,0,1,0,4.47324E+20,5.53887E+21,8.26499E+15,4.99999E+16
195661,7,3,14,0,2018,12,17,3,3,1,5,2,0,1,0,0,0,0,0,4.5894E+20,5.48158E+21,8.4331E+15,4.94855E+16
195662,7,1,11,0,2018,12,14,7,3,5,3,0,1,1,0,0,0,0,0,3.99313E+20,5.57895E+21,7.58463E+15,5.0354E+16
195663,7,1,11,0,2018,12,16,6,3,3,6,2,1,1,0,0,0,0,0,3.99258E+20,5.57727E+21,7.5843E+15,5.03389E+16
195664,7,3,15,0,2018,12,16,7,3,0,1,2,1,0,0,0,0,0,0,4.47847E+20,5.53625E+21,8.27265E+15,4.99763E+16
195665,7,3,12,0,2018,12,8,5,3,5,3,0,0,1,0,0,0,0,0,4.10655E+20,5.47691E+21,7.76762E+15,4.94383E+16
195666,7,3,39,32,2018,12,13,6,3,6,7,0,0,0,1,0,1,0,1,4.43922E+20,5.53336E+21,8.21833E+15,4.995E+16
195667,7,1,11,0,2018,12,19,6,3,1,6,2,0,1,0,0,0,0,0,3.99861E+20,5.57955E+21,7.59216E+15,5.03595E+16
195668,7,3,13,0,2018,12,9,5,3,2,6,0,0,1,0,0,0,0,1,4.35179E+20,5.45083E+21,8.11008E+15,4.92068E+16
195669,7,1,31,70,2018,12,7,3,2,0,1,1,1,0,0,0,0,0,2,3.75256E+20,5.60401E+21,7.23825E+15,5.05746E+16
195670,7,3,18,0,2018,12,20,5,3,5,2,2,0,1,0,1,0,0,0,4.57732E+20,5.46325E+21,8.41838E+15,4.93205E+16
195671,7,1,38,45,2018,12,10,5,3,0,6,0,1,0,0,0,0,0,0,3.90913E+20,5.58739E+21,7.46414E+15,5.04284E+16
195672,7,1,33,6,2018,12,16,5,3,3,5,0,0,1,0,1,0,0,0,4.17494E+20,5.52241E+21,7.85235E+15,4.98485E+16
195673,7,3,14,0,2018,12,7,2,3,2,6,0,0,1,0,0,0,0,1,4.5967E+20,5.47966E+21,8.44338E+15,4.94683E+16
195674,7,3,13,0,2018,12,17,5,3,6,7,1,0,1,1,0,0,0,1,4.35647E+20,5.44976E+21,8.11667E+15,4.91972E+16
195675,7,1,41,29,2018,12,14,5,2,6,2,0,0,1,1,0,0,0,0,4.29783E+20,5.58035E+21,8.01261E+15,5.0371E+16
195676,7,3,12,0,2018,12,18,2,3,6,4,2,0,1,1,0,0,0,1,4.09667E+20,5.47728E+21,7.7539E+15,4.94415E+16
195677,7,1,31,7,2018,12,13,5,2,5,3,0,1,1,0,0,0,0,0,3.69979E+20,5.60112E+21,7.16477E+15,5.05476E+16
195678,7,1,31,7,2018,12,9,5,3,0,1,0,0,0,0,1,0,1,2,3.69019E+20,5.60081E+21,7.15135E+15,5.05446E+16
195679,7,3,11,0,2018,12,7,4,3,6,7,2,1,0,1,0,0,0,0,4.53764E+20,5.48627E+21,8.36109E+15,4.95273E+16
195680,7,3,32,24,2018,12,17,4,3,5,2,2,1,1,0,0,0,0,0,4.39594E+20,5.49047E+21,8.16467E+15,4.95638E+16
195681,7,1,37,3,2018,12,11,2,3,0,7,0,0,1,1,0,0,0,1,3.8646E+20,5.5869E+21,7.40162E+15,5.04231E+16
195682,7,3,14,0,2018,12,7,4,2,5,3,0,0,1,0,0,0,0,0,4.57693E+20,5.48231E+21,8.4158E+15,4.94919E+16
195683,7,3,19,0,2018,12,17,4,3,5,2,2,1,1,0,0,0,0,1,4.53717E+20,5.49762E+21,8.3591E+15,4.96294E+16
195684,7,3,39,32,2018,12,16,4,3,5,3,1,1,1,0,0,0,0,0,4.43586E+20,5.53255E+21,8.21376E+15,4.99427E+16
195685,7,3,15,0,2018,12,8,6,3,5,3,0,0,1,0,0,0,0,1,4.42694E+20,5.53444E+21,8.20106E+15,4.99595E+16
195686,7,1,32,501,2018,12,8,4,3,5,3,0,0,1,0,0,0,0,0,4.04202E+20,5.61598E+21,7.64382E+15,5.06877E+16
195687,7,3,15,0,2018,12,6,4,3,2,6,2,0,1,0,0,0,0,0,4.44194E+20,5.54126E+21,8.22097E+15,5.0021E+16
195688,7,2,11,0,2018,12,13,1,3,1,6,0,0,1,0,0,0,0,1,3.29681E+20,5.51294E+21,6.63585E+15,4.97448E+16
195689,7,2,31,134,2018,12,11,4,3,6,4,0,0,1,1,0,0,0,1,3.48963E+20,5.53936E+21,6.89299E+15,4.99874E+16
195690,7,3,15,0,2018,12,14,6,3,2,1,0,0,1,0,0,0,0,0,4.47662E+20,5.53943E+21,8.26963E+15,5.00049E+16
195691,7,3,37,20,2018,12,0,6,3,4,6,2,1,1,0,0,0,0,1,4.36253E+20,5.45919E+21,8.12348E+15,4.92821E+16
195692,7,2,11,0,2018,12,18,4,3,2,6,2,0,1,0,0,0,0,0,3.29407E+20,5.51515E+21,6.63109E+15,4.97646E+16
195693,7,3,15,0,2018,12,16,3,3,0,2,2,0,1,0,1,0,0,0,4.45985E+20,5.53928E+21,8.24625E+15,5.00034E+16
195694,10,0,45,114,2018,2,14,4,3,5,3,0,0,1,0,0,0,0,0,3.79913E+20,5.46671E+21,7.34681E+15,4.93413E+16
195695,7,1,37,57,2018,12,19,1,3,0,1,2,0,0,0,1,0,0,1,3.82109E+20,5.58329E+21,7.34152E+15,5.03899E+16
195696,7,1,43,67,2018,12,14,4,3,5,3,0,0,1,0,0,0,0,0,4.11523E+20,5.59855E+21,7.7516E+15,5.05322E+16
195697,10,0,41,513,2018,2,8,4,2,6,2,0,0,1,1,0,0,0,0,3.49619E+20,5.46693E+21,6.92996E+15,4.93365E+16
195698,7,3,37,20,2018,12,7,3,3,2,2,1,1,1,0,0,0,0,1,4.36386E+20,5.45898E+21,8.12535E+15,4.92803E+16
195699,10,0,42,113,2018,2,8,3,3,9,1,0,0,1,0,0,0,0,2,3.23147E+20,5.47971E+21,6.56019E+15,4.94443E+16
195700,10,0,44,111,2018,2,7,3,2,5,3,1,0,1,0,1,0,0,1,3.35246E+20,5.46927E+21,6.73129E+15,4.93539E+16
195701,10,0,41,100,2018,2,10,3,3,0,7,0,0,0,1,0,0,1,0,3.53759E+20,5.45584E+21,6.99095E+15,4.92378E+16
195702,7,2,11,0,2018,12,14,7,3,5,2,0,0,1,0,0,0,0,0,3.2994E+20,5.51446E+21,6.63878E+15,4.97585E+16
195703,10,0,42,113,2018,2,21,2,3,9,1,2,0,1,0,0,0,0,0,3.2998E+20,5.48093E+21,6.65385E+15,4.94572E+16
195704,7,1,32,117,2018,12,18,4,2,6,4,2,0,1,1,0,0,0,1,4.10774E+20,5.62635E+21,7.73432E+15,5.07821E+16
195705,10,0,41,100,2018,2,7,2,3,2,2,1,0,1,0,0,0,1,1,3.48854E+20,5.45596E+21,6.92358E+15,4.92377E+16
195706,7,3,17,0,2018,12,19,5,3,6,4,2,0,1,1,0,0,0,1,3.98788E+20,5.45004E+21,7.61078E+15,4.91948E+16
195707,7,1,32,72,2018,12,17,4,3,1,7,2,0,1,0,0,0,0,1,4.27185E+20,5.63285E+21,7.96578E+15,5.08427E+16
195708,10,0,41,100,2018,2,13,2,3,6,4,0,0,1,1,0,0,0,0,3.54229E+20,5.45405E+21,6.99807E+15,4.92219E+16
195709,7,1,37,3,2018,12,0,3,3,9,1,2,0,1,0,0,0,0,1,3.8594E+20,5.58904E+21,7.39365E+15,5.04423E+16
195710,10,0,41,100,2018,2,9,2,3,1,5,0,0,1,0,0,0,0,0,3.51983E+20,5.45477E+21,6.96696E+15,4.92278E+16
195711,10,0,42,117,2018,2,18,1,3,8,1,2,0,1,0,0,0,0,1,3.41821E+20,5.492E+21,6.81268E+15,4.95599E+16
195712,7,1,41,75,2018,12,16,4,3,5,2,0,1,1,0,0,0,0,0,4.00667E+20,5.57412E+21,7.60492E+15,5.03108E+16
195713,10,0,43,117,2018,2,23,7,3,5,2,2,0,1,0,0,0,0,0,3.649E+20,5.46372E+21,7.14127E+15,4.93112E+16
195714,10,0,44,115,2018,2,9,7,3,5,3,0,0,1,0,0,0,0,0,3.36681E+20,5.46453E+21,6.75297E+15,4.93117E+16
195715,10,0,41,100,2018,2,13,7,1,6,4,0,0,1,1,0,0,0,1,3.50725E+20,5.45638E+21,6.94911E+15,4.9242E+16
195716,7,3,12,0,2018,12,14,6,3,5,3,0,0,1,0,0,0,0,0,4.12641E+20,5.47819E+21,7.79472E+15,4.94501E+16
195717,10,0,45,114,2018,2,12,6,3,6,7,0,0,1,1,0,0,0,1,3.79376E+20,5.4644E+21,7.34013E+15,4.93204E+16
195718,7,3,12,0,2018,12,13,3,3,1,6,0,0,1,0,0,0,0,0,4.06813E+20,5.47737E+21,7.71453E+15,4.94418E+16
195719,10,0,42,116,2018,2,17,6,2,5,2,0,0,1,0,1,0,0,1,3.47529E+20,5.48919E+21,6.89264E+15,4.95361E+16
195720,7,3,18,0,2018,12,21,5,3,8,1,2,1,0,0,0,0,0,1,4.58368E+20,5.4636E+21,8.42708E+15,4.93237E+16
195721,7,3,16,0,2018,12,21,3,3,6,1,2,0,1,1,0,0,0,0,4.43456E+20,5.46516E+21,8.22168E+15,4.93366E+16
195722,10,0,43,114,2018,2,18,6,3,6,4,1,0,1,1,0,0,0,1,3.6779E+20,5.46721E+21,7.17984E+15,4.93433E+16
195723,7,3,32,25,2018,12,7,2,3,8,1,2,0,0,0,1,0,0,2,4.46493E+20,5.46801E+21,8.26309E+15,4.93624E+16
195724,10,0,41,516,2018,2,19,6,3,6,2,2,0,1,1,0,0,0,1,3.58536E+20,5.46554E+21,7.05312E+15,4.93262E+16
195725,7,3,34,501,2018,12,7,3,3,2,1,1,0,1,0,1,0,0,2,4.46234E+20,5.43324E+21,8.26418E+15,4.90496E+16
195726,10,0,41,518,2018,2,15,6,3,6,7,0,0,1,1,0,0,0,1,3.59102E+20,5.463E+21,7.06179E+15,4.93035E+16
195727,7,3,13,0,2018,12,15,3,2,0,2,0,1,0,0,0,0,0,0,4.36575E+20,5.45089E+21,8.12923E+15,4.92075E+16
195728,10,0,43,114,2018,1,6,4,3,4,6,1,0,1,0,0,0,0,1,3.67257E+20,5.47005E+21,7.17156E+15,4.93687E+16
195729,7,3,14,0,2018,12,7,4,3,0,5,2,0,1,0,1,0,0,1,4.59846E+20,5.48085E+21,8.44568E+15,4.94789E+16
195730,7,3,18,0,2018,12,7,3,3,2,2,0,0,1,0,0,0,1,1,4.58168E+20,5.46303E+21,8.42439E+15,4.93186E+16
195731,7,3,14,0,2018,12,11,3,2,5,3,0,0,1,0,1,0,0,0,4.58839E+20,5.4785E+21,8.43203E+15,4.94578E+16
195732,10,0,44,115,2018,1,9,4,3,6,4,0,0,1,1,0,0,0,0,3.36602E+20,5.46507E+21,6.75166E+15,4.93164E+16
195733,7,3,13,0,2018,12,19,4,3,5,3,2,0,1,0,0,0,0,1,4.36039E+20,5.45004E+21,8.122E+15,4.91998E+16
195734,7,3,31,73,2018,12,11,3,2,6,4,0,0,1,1,0,0,0,0,4.3612E+20,5.5211E+21,8.11161E+15,4.98389E+16
195735,10,0,41,100,2018,1,15,4,3,1,5,0,0,1,0,1,0,0,1,3.53651E+20,5.45674E+21,6.98915E+15,4.9246E+16
195736,7,2,11,0,2018,12,13,2,2,0,1,0,0,0,0,1,0,0,1,3.29669E+20,5.51294E+21,6.63568E+15,4.97448E+16
195737,10,0,42,112,2018,1,17,3,2,0,1,2,1,0,0,0,0,0,0,3.36914E+20,5.48664E+21,6.74709E+15,4.95104E+16
195738,7,3,15,0,2018,12,11,3,3,0,1,0,0,0,0,1,0,0,1,4.45836E+20,5.53987E+21,8.24408E+15,5.00087E+16
195739,10,0,46,114,2018,1,14,3,1,0,1,0,0,0,0,1,0,0,0,3.65532E+20,5.49036E+21,7.14092E+15,4.95509E+16
195740,7,3,15,0,2018,12,19,3,3,0,1,2,1,1,0,0,0,0,0,4.47512E+20,5.53847E+21,8.26767E+15,4.99963E+16
195741,10,0,44,116,2018,1,22,3,2,1,5,2,0,1,0,1,0,0,0,3.39876E+20,5.47066E+21,6.79444E+15,4.93676E+16
195742,7,1,11,0,2018,12,10,6,3,3,6,0,0,1,0,1,0,0,1,3.97795E+20,5.57732E+21,7.56373E+15,5.03391E+16
195743,7,3,32,25,2018,12,17,3,2,6,4,2,0,1,1,0,0,0,0,4.45475E+20,5.46837E+21,8.24902E+15,4.93656E+16
195744,10,0,41,100,2018,1,2,3,3,9,1,2,0,1,0,0,0,0,1,3.55636E+20,5.45383E+21,7.01744E+15,4.92203E+16
195745,10,0,41,100,2018,1,19,1,3,6,4,2,0,1,1,0,0,0,1,3.5069E+20,5.45665E+21,6.94852E+15,4.92444E+16
195746,7,3,14,0,2018,12,17,7,3,9,1,2,0,0,0,1,0,0,0,4.53907E+20,5.482E+21,8.36356E+15,4.94889E+16
195747,10,0,45,114,2018,1,12,7,3,5,7,0,1,1,0,0,0,0,0,3.79313E+20,5.46568E+21,7.33887E+15,4.93319E+16
195748,10,0,41,100,2018,1,18,6,3,2,6,2,0,1,0,0,0,0,0,3.50331E+20,5.45603E+21,6.94383E+15,4.92388E+16
195749,7,1,11,0,2018,12,17,2,3,2,6,2,0,1,0,0,0,0,0,3.99855E+20,5.57954E+21,7.59209E+15,5.03594E+16
195750,10,0,41,100,2018,1,7,6,3,2,6,0,0,1,0,0,0,0,1,3.54607E+20,5.45504E+21,7.00289E+15,4.92309E+16
195751,7,3,15,0,2018,12,18,3,3,6,4,2,0,1,1,0,0,0,1,4.47471E+20,5.53748E+21,8.26723E+15,4.99873E+16
195752,10,0,41,100,2018,1,7,6,2,6,4,2,0,1,1,0,0,0,1,3.55749E+20,5.45593E+21,7.01825E+15,4.92391E+16
195753,7,1,41,75,2018,12,16,7,3,6,4,0,0,1,1,0,0,0,0,4.00598E+20,5.57369E+21,7.60407E+15,5.03069E+16
195754,7,2,32,88,2018,12,8,3,3,9,1,0,0,1,0,0,0,0,2,3.06626E+20,5.54263E+21,6.30135E+15,5.00046E+16
195755,10,0,44,111,2018,1,13,5,2,6,4,0,0,1,1,0,0,0,1,3.33735E+20,5.46885E+21,6.71067E+15,4.93497E+16
195756,7,3,14,0,2018,12,20,3,2,8,1,2,0,1,0,0,0,0,0,4.55941E+20,5.48813E+21,8.39096E+15,4.95441E+16
195757,10,0,41,100,2018,1,20,5,2,6,2,2,0,1,1,0,0,0,1,3.54756E+20,5.45576E+21,7.00467E+15,4.92374E+16
195758,10,0,46,118,2018,1,17,4,3,0,1,1,0,0,0,1,0,0,1,3.57751E+20,5.48282E+21,7.03612E+15,4.94814E+16
195759,10,0,45,114,2018,1,7,4,3,2,6,1,0,1,0,0,0,0,0,3.79376E+20,5.46403E+21,7.34024E+15,4.93171E+16
195760,7,1,37,226,2018,12,0,7,2,0,1,2,0,0,0,1,0,0,0,4.01438E+20,5.58389E+21,7.61319E+15,5.03988E+16
195761,10,0,44,111,2018,1,13,4,3,4,2,0,0,1,0,0,0,0,1,3.34727E+20,5.46901E+21,6.72426E+15,4.93514E+16
195762,7,2,11,0,2018,12,14,3,3,2,2,0,0,1,0,0,0,0,0,3.28291E+20,5.51273E+21,6.61666E+15,4.97425E+16
195763,10,0,41,100,2018,1,19,4,3,0,5,2,1,1,0,0,0,0,0,3.54642E+20,5.45509E+21,7.00335E+15,4.92313E+16
195764,7,3,34,2,2018,12,6,5,3,1,2,2,0,1,0,0,0,0,1,4.41771E+20,5.42664E+21,8.20405E+15,4.89899E+16
195765,7,2,11,0,2018,12,12,3,2,6,4,0,0,1,1,0,0,0,0,3.29486E+20,5.51319E+21,6.63304E+15,4.9747E+16
195766,10,0,41,519,2018,1,0,3,3,8,1,2,0,1,0,0,0,0,1,3.40031E+20,5.45479E+21,6.80292E+15,4.9225E+16
195767,7,1,41,68,2018,12,14,3,3,1,5,0,0,1,0,0,1,0,1,4.26917E+20,5.56861E+21,7.97458E+15,5.02651E+16
195768,10,0,41,100,2018,1,15,3,3,3,6,0,0,1,0,0,1,0,0,3.53076E+20,5.45675E+21,6.98125E+15,4.92459E+16
195769,7,3,19,0,2018,12,20,6,1,6,1,2,0,1,1,0,0,0,0,4.54307E+20,5.49741E+21,8.3673E+15,4.96275E+16
195770,7,1,35,83,2018,12,18,3,3,9,1,2,0,1,0,0,0,1,2,3.55356E+20,5.56505E+21,6.97239E+15,5.02199E+16
195771,10,0,41,100,2018,1,19,3,3,5,3,2,0,1,0,0,0,0,0,3.53528E+20,5.45607E+21,6.9877E+15,4.92399E+16
195772,7,2,33,26,2018,12,19,3,3,6,5,2,0,1,1,0,0,0,0,3.33844E+20,5.56584E+21,6.67073E+15,5.02214E+16
195773,10,0,42,112,2018,1,2,1,3,8,1,2,0,1,0,0,0,0,2,3.38442E+20,5.48413E+21,6.76922E+15,4.94883E+16
195774,10,0,42,115,2018,1,6,1,2,9,1,2,0,1,0,0,0,0,1,3.10897E+20,5.48539E+21,6.38866E+15,4.94917E+16
195775,10,0,41,100,2018,1,19,7,3,1,7,2,0,1,1,0,0,0,1,3.52347E+20,5.45699E+21,6.97115E+15,4.92479E+16
195776,7,3,14,0,2018,12,14,6,3,2,6,0,0,1,0,0,0,0,0,4.60159E+20,5.48127E+21,8.44995E+15,4.94828E+16
195777,10,0,44,115,2018,1,13,6,3,4,2,0,0,1,0,0,0,0,0,3.37551E+20,5.46752E+21,6.76371E+15,4.93388E+16
195778,7,1,31,77,2018,12,3,3,3,3,6,2,0,1,0,1,0,0,1,3.7624E+20,5.60128E+21,7.25306E+15,5.05503E+16
195779,10,0,41,100,2018,1,18,6,2,5,3,2,1,1,0,0,0,0,1,3.5242E+20,5.45642E+21,6.97236E+15,4.92427E+16
195780,7,2,11,0,2018,12,17,5,3,5,3,2,0,1,0,0,0,0,1,3.28681E+20,5.51374E+21,6.62163E+15,4.97517E+16
195781,7,1,41,75,2018,12,15,3,3,2,6,0,0,1,0,0,0,1,1,4.0058E+20,5.5736E+21,7.60384E+15,5.03062E+16
195782,10,0,46,117,2018,1,12,5,3,4,2,0,0,1,0,0,0,0,1,3.67256E+20,5.48021E+21,7.16816E+15,4.946E+16
195783,7,3,18,0,2018,12,18,2,3,6,7,2,0,1,1,0,0,0,0,4.58096E+20,5.46623E+21,8.42307E+15,4.93473E+16
195784,10,0,44,112,2018,1,18,5,3,3,6,2,1,1,0,0,0,0,0,3.47468E+20,5.47514E+21,6.89722E+15,4.94098E+16
195785,7,1,11,0,2018,12,20,3,3,2,6,2,0,1,0,0,0,1,1,3.99452E+20,5.57903E+21,7.58656E+15,5.03548E+16
195786,7,1,11,0,2018,12,12,3,3,2,2,0,0,1,0,0,0,0,0,3.99828E+20,5.57946E+21,7.59173E+15,5.03587E+16
195787,10,0,44,117,2018,1,14,4,3,6,4,0,0,1,1,0,0,0,1,3.44564E+20,5.47895E+21,6.85572E+15,4.94434E+16
195788,10,0,45,114,2018,1,9,3,3,5,3,0,0,1,0,0,0,0,1,3.79575E+20,5.46377E+21,7.34306E+15,4.93148E+16
195789,7,1,11,0,2018,12,16,3,3,2,6,2,0,1,0,0,0,0,1,3.99384E+20,5.57902E+21,7.5856E+15,5.03546E+16
195790,10,0,45,117,2018,1,18,2,3,2,6,2,0,1,0,1,0,0,1,3.64103E+20,5.45929E+21,7.13181E+15,4.92713E+16
195791,7,1,11,0,2018,12,6,3,3,6,4,2,0,1,1,0,0,0,1,3.99324E+20,5.5774E+21,7.58519E+15,5.03401E+16
195792,10,0,44,111,2018,1,18,2,3,6,4,2,0,1,1,0,0,0,1,3.3521E+20,5.46908E+21,6.73087E+15,4.93522E+16
195793,7,3,38,25,2018,12,10,4,3,1,5,0,1,1,0,0,0,0,1,4.5391E+20,5.47079E+21,8.36491E+15,4.9388E+16
195794,7,3,17,0,2018,12,16,2,3,6,4,1,0,1,1,0,0,0,1,3.98788E+20,5.45004E+21,7.61078E+15,4.91948E+16
195795,10,0,41,100,2018,1,9,2,2,0,1,0,1,0,0,0,0,0,0,3.56722E+20,5.45551E+21,7.03175E+15,4.92356E+16
195796,7,1,37,225,2018,12,21,2,3,8,1,2,0,1,0,0,0,0,0,3.94914E+20,5.58556E+21,7.52096E+15,5.04127E+16
195797,10,0,42,115,2018,1,16,1,3,5,3,0,0,1,0,0,0,0,0,3.10426E+20,5.49013E+21,6.37989E+15,4.95341E+16
195798,7,3,35,22,2018,12,17,2,2,6,4,2,0,1,1,0,0,0,0,3.96126E+20,5.47432E+21,7.56794E+15,4.94127E+16
195799,10,0,43,114,2018,1,19,1,3,6,4,2,0,1,1,0,0,0,0,3.67482E+20,5.4676E+21,7.17549E+15,4.93467E+16
195800,7,3,16,0,2018,12,14,2,2,1,7,0,0,1,0,1,0,0,0,4.38777E+20,5.46711E+21,8.15697E+15,4.93536E+16
195801,10,0,44,115,2018,1,13,7,3,5,3,0,0,1,0,0,0,0,0,3.36851E+20,5.46709E+21,6.75427E+15,4.93347E+16
195802,10,0,45,114,2018,1,11,6,2,5,3,0,1,1,0,0,0,0,0,3.79166E+20,5.46446E+21,7.33723E+15,4.93209E+16
195803,7,3,34,8,2018,12,13,2,3,5,3,0,1,1,0,0,0,0,0,4.45022E+20,5.4297E+21,8.24807E+15,4.90178E+16
195804,10,0,44,113,2018,1,11,6,3,1,5,0,0,1,0,0,0,0,0,3.39522E+20,5.47191E+21,6.78906E+15,4.93788E+16
195805,7,1,32,501,2018,12,10,4,3,2,6,0,0,1,0,0,0,0,1,4.0499E+20,5.61584E+21,7.65501E+15,5.06866E+16
195806,7,3,13,0,2018,12,8,2,3,3,5,0,1,1,0,0,0,0,1,4.3576E+20,5.45009E+21,8.11817E+15,4.92003E+16
195807,10,0,41,100,2018,1,11,6,3,2,6,0,0,1,0,0,0,0,0,3.53557E+20,5.45613E+21,6.98808E+15,4.92404E+16
195808,7,3,16,0,2018,12,18,1,3,5,3,2,0,1,0,0,0,0,1,4.38546E+20,5.46578E+21,8.154E+15,4.93416E+16
195809,10,0,45,114,2018,1,14,5,3,5,3,0,0,1,0,0,0,0,0,3.7923E+20,5.46416E+21,7.33819E+15,4.93182E+16
195810,7,3,14,0,2018,12,8,2,3,2,2,0,0,1,0,0,0,0,0,4.57131E+20,5.4794E+21,8.40836E+15,4.94657E+16
195811,10,0,42,113,2018,1,19,5,3,6,7,2,0,1,1,0,0,0,0,3.28675E+20,5.48007E+21,6.63623E+15,4.94491E+16
195812,7,3,16,0,2018,12,21,6,3,5,2,2,0,1,0,0,0,0,1,4.38717E+20,5.46661E+21,8.15622E+15,4.93492E+16
195813,7,3,33,39,2018,12,16,2,2,6,4,0,0,1,1,0,0,0,0,4.28877E+20,5.50146E+21,8.01448E+15,4.96614E+16
195814,10,0,44,117,2018,1,7,5,3,6,4,1,0,1,1,0,0,0,0,3.44341E+20,5.47873E+21,6.85273E+15,4.94412E+16
195815,7,3,39,30,2018,12,7,3,3,1,5,0,0,1,0,0,0,0,1,4.33018E+20,5.53715E+21,8.06569E+15,4.99829E+16
195816,10,0,44,115,2018,1,13,5,3,3,6,0,0,1,0,0,0,0,0,3.37513E+20,5.46787E+21,6.76305E+15,4.93419E+16
195817,10,0,41,100,2018,1,11,4,3,5,3,0,0,1,0,0,0,0,0,3.48193E+20,5.45887E+21,6.9134E+15,4.92637E+16
195818,10,0,41,100,2018,1,13,4,3,0,2,0,0,0,0,1,1,0,0,3.53131E+20,5.45316E+21,6.98331E+15,4.92136E+16
195819,7,3,12,0,2018,12,11,6,3,5,3,0,0,1,0,0,0,1,0,4.05983E+20,5.47736E+21,7.70309E+15,4.94416E+16
195820,10,0,42,112,2018,1,7,3,3,1,5,2,0,1,0,0,1,0,0,3.36966E+20,5.48588E+21,6.74813E+15,4.95036E+16
195821,7,3,16,0,2018,12,14,3,3,6,2,0,0,1,1,0,0,0,0,4.37607E+20,5.46685E+21,8.1409E+15,4.93511E+16
195822,10,0,41,100,2018,1,13,3,3,0,7,0,0,1,0,0,0,0,0,3.5335E+20,5.45534E+21,6.98553E+15,4.92333E+16
195823,10,0,41,100,2018,1,21,3,3,6,4,2,0,1,1,0,0,0,1,3.54542E+20,5.45491E+21,7.00204E+15,4.92297E+16
195824,10,0,45,112,2018,1,7,2,3,1,5,2,0,1,0,0,0,0,0,3.68998E+20,5.45389E+21,7.20084E+15,4.92237E+16
195825,7,2,35,74,2018,12,10,7,3,5,3,0,0,1,0,0,0,0,0,3.4744E+20,5.52059E+21,6.87917E+15,4.98183E+16