OBJECTID_1,ULAND,UREGBEZ,UKREIS,UGEMEINDE,UJAHR,UMONAT,USTUNDE,UWOCHENTAG,UKATEGORIE,UART,UTYP1,ULICHTVERH,IstRad,IstPKW,IstFuss,IstKrad,IstGkfz,IstSonstig,STRZUSTAND,LINREFX,LINREFY,XGCSWGS84,YGCSWGS84
195826,10,0,45,114,2018,1,13,2,3,5,3,0,0,1,0,1,0,0,0,3.7906E+20,5.46453E+21,7.33575E+15,4.93215E+16
195827,7,3,15,0,2018,12,18,2,3,8,1,2,0,1,0,0,0,0,1,4.50569E+20,5.53467E+21,8.3108E+15,4.99623E+16
195828,10,0,45,114,2018,1,14,2,3,2,6,0,0,1,0,0,0,0,0,3.79233E+20,5.46496E+21,7.338E+15,4.93254E+16
195829,7,1,11,0,2018,12,16,6,3,5,3,2,0,1,0,0,0,0,1,4.00074E+20,5.57847E+21,7.59544E+15,5.03498E+16
195830,7,2,32,18,2018,12,7,2,3,6,2,1,0,1,1,0,0,0,1,3.22704E+20,5.53844E+21,6.52743E+15,4.99719E+16
195831,10,0,44,115,2018,1,16,2,3,2,6,1,0,1,0,0,0,0,0,3.36178E+20,5.46547E+21,6.74567E+15,4.932E+16
195832,7,1,37,3,2018,12,19,3,3,2,6,2,0,1,0,0,0,0,0,3.86146E+20,5.58848E+21,7.39672E+15,5.04373E+16
195833,10,0,45,114,2018,1,16,5,3,6,4,1,0,1,1,0,0,0,1,3.79724E+20,5.46314E+21,7.3453E+15,4.93091E+16
195834,10,0,41,100,2018,1,13,5,3,2,6,0,0,1,0,0,0,0,1,3.54223E+20,5.45588E+21,6.99731E+15,4.92383E+16
195835,10,0,45,117,2018,1,16,4,3,2,6,2,0,1,0,0,0,0,1,3.62759E+20,5.45978E+21,7.11318E+15,4.92754E+16
195836,7,1,34,45,2018,12,21,2,2,6,4,2,0,1,1,0,0,0,1,3.79989E+20,5.50681E+21,7.33567E+15,4.97019E+16
195837,10,0,42,112,2018,1,17,4,3,6,4,2,0,1,1,0,0,0,1,3.37483E+20,5.48669E+21,6.75492E+15,4.9511E+16
195838,7,1,37,3,2018,12,18,5,3,6,2,2,0,1,1,0,0,0,0,3.86378E+20,5.58854E+21,7.39997E+15,5.04379E+16
195839,7,2,11,0,2018,12,16,2,3,0,1,1,0,0,0,1,0,1,0,3.33741E+20,5.517E+21,6.69043E+15,4.97825E+16
195840,10,0,44,111,2018,1,14,4,3,1,2,0,0,1,0,0,0,0,1,3.34115E+20,5.46933E+21,6.7157E+15,4.93541E+16
195841,7,3,13,0,2018,12,7,5,3,6,2,1,0,1,1,0,0,0,1,4.35286E+20,5.4502E+21,8.11164E+15,4.92012E+16
195842,7,2,35,22,2018,12,5,2,3,0,1,2,0,1,0,0,0,0,1,3.4052E+20,5.51541E+21,6.78516E+15,4.977E+16
195843,10,0,46,117,2018,1,15,3,3,5,3,0,0,1,0,0,0,0,0,3.66356E+20,5.48069E+21,7.15559E+15,4.94641E+16
195844,7,3,12,0,2018,12,17,2,3,4,7,0,0,1,0,0,0,0,1,4.05965E+20,5.47737E+21,7.70283E+15,4.94417E+16
195845,10,0,45,117,2018,1,6,3,3,0,7,2,0,1,0,0,0,0,1,3.63749E+20,5.46051E+21,7.12653E+15,4.92822E+16
195846,10,0,43,112,2018,1,12,3,3,6,7,0,0,1,1,0,0,0,1,3.60349E+20,5.47253E+21,7.07559E+15,4.93895E+16
195847,7,2,11,0,2018,12,13,2,2,5,4,0,1,0,1,0,0,0,1,3.2942E+20,5.51379E+21,6.63186E+15,4.97524E+16
195848,10,0,43,114,2018,1,17,3,3,4,2,2,0,1,0,0,0,0,1,3.71121E+20,5.4664E+21,7.22595E+15,4.93367E+16
195849,7,1,38,73,2018,12,10,2,3,0,7,0,0,0,0,1,0,1,1,3.74076E+20,5.60629E+21,7.22082E+15,5.05949E+16
195850,10,0,44,115,2018,1,7,3,2,0,7,2,0,1,0,0,0,0,1,3.35151E+20,5.46556E+21,6.73151E+15,4.93205E+16
195851,7,3,14,0,2018,12,7,4,3,5,3,2,0,1,0,0,0,0,1,4.54087E+20,5.48245E+21,8.366E+15,4.9493E+16
195852,7,1,11,0,2018,12,7,2,3,1,5,2,0,1,0,0,0,0,1,3.97154E+20,5.58306E+21,7.55316E+15,5.03906E+16
195853,10,0,41,100,2018,1,9,3,3,6,4,0,0,1,1,0,0,0,1,3.57732E+20,5.45986E+21,7.04408E+15,4.92749E+16
195854,7,1,37,203,2018,12,8,2,2,6,4,1,0,1,1,0,0,0,1,3.98507E+20,5.58672E+21,7.5712E+15,5.04237E+16
195855,10,0,41,100,2018,1,7,2,3,1,5,1,0,1,0,0,1,0,1,3.51812E+20,5.45629E+21,6.96406E+15,4.92414E+16
195856,7,1,11,0,2018,12,19,2,3,5,3,2,1,1,0,0,0,0,1,3.99677E+20,5.57898E+21,7.58973E+15,5.03543E+16
195857,7,3,32,24,2018,12,12,2,3,2,6,0,0,1,0,0,0,0,1,4.40789E+20,5.48964E+21,8.18131E+15,4.95564E+16
195858,7,3,15,0,2018,12,11,2,3,5,3,0,0,1,0,0,0,0,0,4.44627E+20,5.54112E+21,8.22703E+15,5.00198E+16
195859,7,3,18,0,2018,12,13,2,3,1,5,0,0,1,0,0,0,0,0,4.59174E+20,5.46227E+21,8.43831E+15,4.93118E+16
195860,7,3,31,45,2018,12,3,1,3,6,4,2,0,1,1,0,0,0,1,4.51686E+20,5.50957E+21,8.32951E+15,4.97367E+16
195861,7,3,14,0,2018,12,12,2,3,5,2,0,0,1,0,0,0,0,0,4.53059E+20,5.48206E+21,8.35184E+15,4.94894E+16
195862,7,3,15,0,2018,12,17,1,2,9,1,2,0,1,0,0,0,0,1,4.43673E+20,5.53992E+21,8.2139E+15,5.00089E+16
195863,7,3,14,0,2018,12,13,2,3,5,2,0,0,1,0,0,0,0,1,4.55972E+20,5.48267E+21,8.392E+15,4.9495E+16
195864,7,3,36,54,2018,12,16,5,3,9,1,0,0,0,0,1,0,0,1,3.78877E+20,5.48084E+21,7.32825E+15,4.94681E+16
195865,7,3,12,0,2018,12,12,3,3,5,2,0,0,1,0,0,1,0,0,4.04868E+20,5.48221E+21,7.68655E+15,4.94851E+16
195866,7,3,14,0,2018,12,4,2,3,2,6,2,1,1,0,0,0,0,1,4.57859E+20,5.48303E+21,8.41802E+15,4.94984E+16
195867,7,1,31,77,2018,12,12,2,3,5,3,0,0,1,0,0,0,0,1,3.76538E+20,5.60092E+21,7.25737E+15,5.05472E+16
195868,7,1,37,203,2018,12,14,1,3,0,1,0,0,0,0,1,0,0,1,3.99159E+20,5.58629E+21,7.58049E+15,5.042E+16
195869,7,1,37,203,2018,12,23,2,2,8,1,2,0,1,0,0,0,0,0,3.98414E+20,5.58661E+21,7.56993E+15,5.04228E+16
195870,7,3,15,0,2018,12,13,1,3,5,3,0,1,1,0,0,0,0,1,4.4679E+20,5.54034E+21,8.25733E+15,5.0013E+16
195871,7,3,13,0,2018,12,20,1,3,5,3,2,0,1,0,0,0,0,0,4.37073E+20,5.44958E+21,8.13627E+15,4.91958E+16
195872,7,3,14,0,2018,12,8,6,2,5,2,0,0,1,0,0,0,1,1,4.58565E+20,5.47889E+21,8.42821E+15,4.94612E+16
195873,7,3,12,0,2018,12,18,7,3,5,3,2,0,1,0,0,0,0,1,4.11538E+20,5.47711E+21,7.77974E+15,4.94403E+16
195874,7,3,14,0,2018,12,21,1,3,4,7,2,0,1,0,0,0,0,0,4.60219E+20,5.48038E+21,8.45087E+15,4.94747E+16
195875,7,1,34,45,2018,12,14,7,3,8,1,0,0,1,0,0,0,0,1,3.83058E+20,5.50849E+21,7.37771E+15,4.97176E+16
195876,7,3,13,0,2018,12,19,7,3,5,3,2,1,1,0,0,0,0,1,4.35897E+20,5.45003E+21,8.12007E+15,4.91997E+16
195877,7,1,31,7,2018,12,12,1,3,5,3,0,1,1,0,0,0,0,0,3.6853E+20,5.60071E+21,7.14448E+15,5.05435E+16
195878,7,3,18,0,2018,12,8,3,3,5,3,1,0,1,0,1,0,0,1,4.59185E+20,5.46242E+21,8.43845E+15,4.93132E+16
195879,7,3,34,7,2018,12,16,7,3,1,5,1,0,1,0,1,0,0,0,4.5356E+20,5.45081E+21,8.36241E+15,4.92083E+16
195880,7,3,14,0,2018,12,20,7,3,0,1,2,1,0,0,0,0,0,1,4.60064E+20,5.48128E+21,8.44865E+15,4.94828E+16
195881,7,2,11,0,2018,12,21,7,3,1,5,2,0,1,0,0,0,0,1,3.29752E+20,5.51339E+21,6.63663E+15,4.97489E+16
195882,7,1,41,6,2018,12,3,7,3,6,4,2,0,1,1,0,0,0,0,4.09561E+20,5.57596E+21,7.72936E+15,5.03288E+16
195883,7,3,34,501,2018,12,11,6,3,6,5,0,0,1,1,0,0,0,0,4.46442E+20,5.43347E+21,8.26699E+15,4.90518E+16
195884,7,3,13,0,2018,12,16,7,3,5,3,0,0,1,0,1,0,0,1,4.35721E+20,5.44974E+21,8.11769E+15,4.91971E+16
195885,7,3,37,28,2018,12,15,6,2,6,4,0,0,1,1,0,0,0,0,4.31886E+20,5.45435E+21,8.06427E+15,4.92381E+16
195886,7,3,12,0,2018,12,13,5,3,2,6,0,0,1,0,0,0,0,1,4.06936E+20,5.4774E+21,7.71622E+15,4.94421E+16
195887,7,1,33,40,2018,12,19,7,3,4,5,2,0,1,0,0,0,0,1,4.15284E+20,5.52446E+21,7.82117E+15,4.98666E+16
195888,7,3,12,0,2018,12,13,5,2,6,4,0,0,1,1,0,0,0,0,4.06672E+20,5.47734E+21,7.71259E+15,4.94415E+16
195889,7,1,11,0,2018,12,19,3,3,5,2,2,1,1,0,0,0,0,0,4.00147E+20,5.57982E+21,7.59612E+15,5.03619E+16
195890,7,3,11,0,2018,12,15,5,3,1,5,0,1,1,0,0,0,0,0,4.5307E+20,5.48714E+21,8.3514E+15,4.9535E+16
195891,7,2,35,125,2018,12,17,7,3,5,3,2,0,1,0,0,0,0,1,3.38306E+20,5.52073E+21,6.75223E+15,4.98172E+16
195892,7,3,39,21,2018,12,12,5,3,5,3,0,0,1,0,0,0,0,0,4.23059E+20,5.52734E+21,7.92876E+15,4.98935E+16
195893,7,3,15,0,2018,12,18,3,3,4,6,0,0,0,0,0,0,1,0,4.4724E+20,5.53892E+21,8.26381E+15,5.00003E+16
195894,7,3,19,0,2018,12,12,5,2,3,6,0,1,1,0,0,0,0,0,4.53146E+20,5.49877E+21,8.35106E+15,4.96396E+16
195895,7,2,11,0,2018,12,17,5,3,2,6,1,0,1,0,0,0,0,0,3.2942E+20,5.51514E+21,6.63126E+15,4.97645E+16
195896,7,3,34,501,2018,12,16,4,3,6,7,1,0,1,1,0,0,0,0,4.47593E+20,5.43104E+21,8.28306E+15,4.903E+16
195897,7,3,11,0,2018,12,13,6,3,5,3,0,1,0,0,0,0,1,0,4.53532E+20,5.48734E+21,8.35776E+15,4.95369E+16
195898,7,3,18,0,2018,12,1,3,3,1,5,2,0,1,0,0,0,0,0,4.5969E+20,5.46322E+21,8.44532E+15,4.93204E+16
195899,7,1,37,68,2018,12,8,7,2,6,7,1,0,0,1,0,0,1,1,3.7369E+20,5.57539E+21,7.2258E+15,5.03171E+16
195900,7,2,35,78,2018,12,13,3,3,5,3,0,0,1,0,0,0,0,0,3.39844E+20,5.51929E+21,6.77419E+15,4.98046E+16
195901,7,2,31,134,2018,12,9,5,3,1,7,0,0,1,0,0,0,0,1,3.48791E+20,5.53912E+21,6.89068E+15,4.99852E+16
195902,7,1,11,0,2018,12,16,7,3,5,3,1,0,1,0,1,0,0,1,4.00044E+20,5.57954E+21,7.59474E+15,5.03595E+16
195903,7,2,11,0,2018,12,13,3,3,6,4,0,0,1,1,0,0,0,0,3.28987E+20,5.51457E+21,6.62551E+15,4.97592E+16
195904,7,3,13,0,2018,12,9,2,3,0,1,0,1,0,0,0,0,0,0,4.3563E+20,5.44997E+21,8.11641E+15,4.91992E+16
195905,7,3,19,0,2018,12,13,2,3,1,6,0,0,1,0,0,0,0,0,4.52767E+20,5.49828E+21,8.34587E+15,4.96352E+16
195906,7,3,17,0,2018,12,17,6,2,6,4,2,0,1,1,0,0,0,1,3.9888E+20,5.44966E+21,7.61215E+15,4.91914E+16
195907,7,1,34,45,2018,12,11,2,2,6,4,0,0,1,1,0,0,0,0,3.84254E+20,5.51005E+21,7.39383E+15,4.97318E+16
195908,7,3,12,0,2018,12,16,6,3,0,6,2,0,1,0,0,0,1,1,4.06672E+20,5.47734E+21,7.71259E+15,4.94415E+16
195909,7,1,37,3,2018,12,18,2,2,0,7,2,1,0,0,0,0,0,0,3.86494E+20,5.58827E+21,7.40169E+15,5.04354E+16
195910,7,3,12,0,2018,12,9,6,3,5,3,0,0,1,0,0,0,0,1,4.10845E+20,5.47771E+21,7.77006E+15,4.94455E+16
195911,7,3,32,25,2018,12,6,1,3,8,7,2,0,1,0,0,0,0,1,4.44659E+20,5.46722E+21,8.23795E+15,4.93552E+16
195912,7,3,13,0,2018,12,19,6,3,6,2,2,0,1,1,0,0,0,1,4.35847E+20,5.44971E+21,8.11943E+15,4.91968E+16
195913,7,3,31,48,2018,12,10,1,3,0,7,0,1,1,0,0,0,0,1,4.42667E+20,5.49847E+21,8.20598E+15,4.96361E+16
195914,7,3,13,0,2018,12,13,4,2,1,5,0,0,1,0,0,0,0,0,4.35838E+20,5.45018E+21,8.11923E+15,4.9201E+16
195915,7,3,18,0,2018,12,20,6,3,5,3,2,0,1,0,1,0,0,1,4.58389E+20,5.46624E+21,8.4271E+15,4.93474E+16
195916,7,2,35,25,2018,12,17,1,2,6,6,2,0,1,1,0,0,0,1,3.18717E+20,5.49952E+21,6.49003E+15,4.9621E+16
195917,7,1,38,45,2018,12,13,2,3,0,7,0,0,1,0,1,0,0,1,3.88518E+20,5.59E+21,7.42966E+15,5.04514E+16
195918,7,2,11,0,2018,12,22,1,3,5,3,2,1,1,0,0,0,0,1,3.30364E+20,5.51291E+21,6.64533E+15,4.97447E+16
195919,7,3,11,0,2018,12,20,6,3,2,2,2,0,1,0,0,0,0,1,4.53271E+20,5.48633E+21,8.35427E+15,4.95278E+16
195920,7,2,11,0,2018,12,17,1,2,6,4,2,0,1,1,0,0,0,1,3.29412E+20,5.51228E+21,6.63241E+15,4.97388E+16
195921,7,1,33,52,2018,12,16,6,3,0,1,1,0,1,0,0,0,0,1,3.88948E+20,5.5169E+21,7.45699E+15,4.97943E+16
195922,7,1,41,6,2018,12,15,1,3,1,5,0,0,1,0,0,0,1,1,4.0795E+20,5.5768E+21,7.70653E+15,5.03361E+16
195923,7,3,12,0,2018,12,18,5,3,5,3,2,0,1,0,0,0,0,1,4.11871E+20,5.47747E+21,7.78426E+15,4.94435E+16
195924,7,3,32,2,2018,12,17,3,3,5,3,2,0,1,0,0,0,0,1,4.41362E+20,5.47931E+21,8.19076E+15,4.94636E+16
195925,10,0,41,100,2018,4,17,1,3,5,3,0,1,1,0,0,0,0,0,3.55787E+20,5.45982E+21,7.01737E+15,4.92741E+16
195926,10,0,41,100,2018,4,17,1,3,6,4,0,0,0,1,1,0,0,0,3.50291E+20,5.45692E+21,6.94295E+15,4.92467E+16
195927,10,0,42,112,2018,4,11,7,3,1,6,0,0,1,0,1,0,0,0,3.37415E+20,5.48673E+21,6.75398E+15,4.95114E+16
195928,10,0,42,111,2018,4,21,7,3,1,1,2,0,1,0,0,0,0,0,3.33302E+20,5.47358E+21,6.70274E+15,4.93921E+16
195929,10,0,44,115,2018,4,1,7,3,0,1,2,1,0,0,0,0,0,0,3.36585E+20,5.46471E+21,6.75158E+15,4.93133E+16
195930,10,0,41,517,2018,4,9,7,3,6,7,0,0,1,1,0,0,0,0,3.48343E+20,5.46483E+21,6.9132E+15,4.93174E+16
195931,10,0,41,100,2018,4,18,7,3,6,4,0,0,1,1,0,0,0,0,3.53801E+20,5.45613E+21,6.99142E+15,4.92405E+16
195932,10,0,45,112,2018,4,16,6,3,6,6,0,0,1,1,0,0,0,0,3.73292E+20,5.4555E+21,7.25926E+15,4.92392E+16
195933,10,0,42,113,2018,4,22,6,3,7,6,2,0,1,0,0,0,0,0,3.30714E+20,5.48396E+21,6.66266E+15,4.94847E+16
195934,10,0,44,111,2018,4,17,6,3,6,4,0,0,1,1,0,0,0,0,3.35144E+20,5.46957E+21,6.72977E+15,4.93565E+16
195935,10,0,44,111,2018,4,13,6,2,0,7,0,0,0,0,0,0,1,0,3.33951E+20,5.46999E+21,6.71317E+15,4.936E+16
195936,10,0,44,123,2018,4,16,4,3,4,5,0,0,1,0,0,0,1,0,3.38886E+20,5.46324E+21,6.7838E+15,4.93006E+16
195937,10,0,43,114,2018,2,19,5,2,6,4,2,0,1,1,0,0,0,0,3.68225E+20,5.46628E+21,7.18614E+15,4.9335E+16
195938,10,0,41,514,2018,4,16,4,3,5,3,0,0,1,0,1,0,0,0,3.56955E+20,5.44626E+21,7.03824E+15,4.91525E+16
195939,10,0,41,100,2018,4,14,4,3,5,3,0,0,1,0,0,0,0,0,3.55807E+20,5.4558E+21,7.01909E+15,4.92379E+16
195940,10,0,41,100,2018,4,10,3,2,0,7,0,0,0,0,1,0,0,0,3.53441E+20,5.45612E+21,6.98648E+15,4.92403E+16
195941,10,0,41,100,2018,4,1,2,3,9,7,2,0,1,0,0,0,0,0,3.53995E+20,5.45816E+21,6.99335E+15,4.92588E+16
195942,10,0,41,100,2018,4,18,2,3,0,1,0,1,0,0,0,0,0,0,3.5425E+20,5.45682E+21,6.99734E+15,4.92468E+16
195943,10,0,42,112,2018,4,20,1,3,7,7,2,0,1,1,0,0,0,0,3.39111E+20,5.48852E+21,6.77665E+15,4.95279E+16
195944,10,0,41,515,2018,5,16,4,3,9,1,0,0,1,0,0,0,0,0,3.48814E+20,5.4609E+21,6.92116E+15,4.92821E+16
195945,10,0,41,516,2018,3,14,7,3,0,7,0,0,0,0,1,0,0,0,3.57592E+20,5.46468E+21,7.04043E+15,4.93182E+16
195946,10,0,41,100,2018,5,18,4,3,9,1,0,1,0,0,0,0,0,0,3.52418E+20,5.45671E+21,6.97223E+15,4.92454E+16
195947,10,0,44,115,2018,3,14,6,2,0,1,0,1,0,0,0,0,0,0,3.37811E+20,5.46748E+21,6.76731E+15,4.93385E+16
195948,10,0,42,112,2018,3,17,5,3,5,3,0,0,1,0,0,0,0,0,3.36106E+20,5.48678E+21,6.73589E+15,4.95115E+16
195949,10,0,41,100,2018,5,13,4,3,1,5,0,1,1,0,0,0,0,0,3.55739E+20,5.45607E+21,7.01806E+15,4.92404E+16
195950,10,0,43,114,2018,3,13,5,3,2,6,0,0,1,0,0,0,0,1,3.65985E+20,5.46678E+21,7.15516E+15,4.9339E+16
195951,10,0,46,117,2018,5,10,3,3,7,7,0,1,0,0,0,0,1,0,3.67953E+20,5.4771E+21,7.17881E+15,4.94322E+16
195952,10,0,41,519,2018,3,10,5,2,6,2,0,0,0,1,1,0,0,0,3.43787E+20,5.45772E+21,6.85334E+15,4.92523E+16
195953,10,0,41,100,2018,5,17,3,2,5,2,0,0,1,0,1,0,0,0,3.51482E+20,5.45699E+21,6.95927E+15,4.92476E+16
195954,10,0,42,113,2018,5,14,2,3,0,1,0,1,0,0,0,0,0,0,3.28511E+20,5.47859E+21,6.6346E+15,4.94358E+16
195955,10,0,41,100,2018,3,16,5,3,2,6,0,0,1,0,0,0,0,0,3.59241E+20,5.45453E+21,7.06668E+15,4.92273E+16
195956,10,0,43,114,2018,5,18,2,2,3,6,0,1,1,0,0,0,0,0,3.67661E+20,5.46697E+21,7.17815E+15,4.93411E+16
195957,10,0,41,100,2018,3,16,5,2,6,7,0,0,1,1,0,0,0,0,3.62249E+20,5.45201E+21,7.10884E+15,4.92054E+16
195958,10,0,41,100,2018,5,1,1,3,9,1,2,0,1,0,0,0,0,0,3.62618E+20,5.45255E+21,7.11373E+15,4.92103E+16
195959,10,0,41,100,2018,3,11,5,3,5,3,0,0,1,0,0,0,0,0,3.52386E+20,5.45552E+21,6.97223E+15,4.92346E+16
195960,10,0,41,100,2018,3,13,5,3,0,7,0,1,0,0,0,0,0,0,3.53605E+20,5.45578E+21,6.98886E+15,4.92373E+16
195961,10,0,43,114,2018,5,13,7,3,5,3,0,0,1,0,1,0,0,0,3.67839E+20,5.46811E+21,7.18022E+15,4.93514E+16
195962,10,0,41,100,2018,3,17,4,3,2,6,0,0,1,0,1,0,0,0,3.51886E+20,5.45508E+21,6.96553E+15,4.92306E+16
195963,10,0,44,111,2018,5,13,7,3,0,2,0,0,1,0,1,0,0,0,3.34434E+20,5.4697E+21,6.71993E+15,4.93575E+16
195964,10,0,45,114,2018,3,19,3,3,4,2,1,0,1,0,0,0,0,1,3.78575E+20,5.46599E+21,7.32863E+15,4.93345E+16
195965,10,0,43,114,2018,2,13,5,3,2,6,0,0,1,0,0,0,0,0,3.67837E+20,5.46821E+21,7.18016E+15,4.93523E+16
195966,10,0,45,114,2018,5,18,6,3,5,3,0,0,1,0,0,0,0,0,3.78893E+20,5.4645E+21,7.33345E+15,4.93212E+16
195967,10,0,44,117,2018,5,12,5,3,2,6,0,0,1,0,0,0,0,0,3.44217E+20,5.47903E+21,6.8509E+15,4.9444E+16
195968,10,0,44,115,2018,5,10,5,3,6,4,0,0,1,1,0,0,0,0,3.36854E+20,5.46478E+21,6.75526E+15,4.9314E+16
195969,10,0,44,115,2018,5,7,5,3,6,5,0,0,1,1,0,0,0,0,3.36691E+20,5.46466E+21,6.75305E+15,4.93128E+16
195970,10,0,43,114,2018,2,9,5,3,1,5,0,0,1,0,0,0,0,0,3.67922E+20,5.46814E+21,7.18135E+15,4.93517E+16
195971,10,0,45,117,2018,5,16,4,3,0,7,0,0,1,0,0,0,0,0,3.66879E+20,5.45814E+21,7.17033E+15,4.92615E+16
195972,10,0,45,111,2018,5,7,4,3,5,3,0,0,1,0,0,0,0,1,3.72975E+20,5.46796E+21,7.25095E+15,4.93511E+16
195973,10,0,45,112,2018,5,10,3,2,6,7,0,0,1,1,0,0,1,0,3.73231E+20,5.45539E+21,7.25847E+15,4.92381E+16
195974,10,0,45,114,2018,3,15,3,3,5,2,0,1,1,0,0,0,0,0,3.79291E+20,5.46469E+21,7.33887E+15,4.9323E+16
195975,10,0,41,100,2018,5,18,3,2,8,1,0,0,1,0,1,0,0,0,3.56926E+20,5.44886E+21,7.03692E+15,4.91758E+16
195976,10,0,43,114,2018,5,11,2,3,5,3,0,0,1,0,0,0,0,0,3.6843E+20,5.46749E+21,7.18856E+15,4.93459E+16
195977,10,0,42,113,2018,3,19,3,3,2,6,2,0,1,0,0,0,0,1,3.27247E+20,5.4822E+21,6.61561E+15,4.94678E+16
195978,10,0,44,112,2018,5,14,2,3,3,6,0,1,1,0,0,0,0,0,3.47913E+20,5.47487E+21,6.90344E+15,4.94075E+16
195979,10,0,41,100,2018,3,14,3,3,0,7,0,0,1,0,1,0,0,0,3.55092E+20,5.45322E+21,7.0102E+15,4.92146E+16
195980,10,0,41,100,2018,3,15,3,3,5,2,0,0,1,0,0,0,0,1,3.55347E+20,5.4553E+21,7.01295E+15,4.92334E+16
195981,10,0,45,117,2018,3,8,2,3,2,6,0,0,1,0,0,0,0,0,3.629E+20,5.46023E+21,7.11497E+15,4.92794E+16
195982,10,0,41,100,2018,5,8,2,3,2,6,0,0,1,0,0,0,0,1,3.4793E+20,5.45646E+21,6.9107E+15,4.9242E+16
195983,10,0,43,112,2018,3,3,2,3,8,1,2,0,1,0,0,0,0,0,3.574E+20,5.46985E+21,7.03595E+15,4.93646E+16
195984,10,0,41,100,2018,5,14,2,3,5,3,0,0,1,0,0,0,0,0,3.55065E+20,5.4538E+21,7.00963E+15,4.92199E+16
195985,10,0,44,115,2018,3,15,2,3,1,6,0,0,1,0,0,0,0,0,3.35762E+20,5.46814E+21,6.73885E+15,4.93439E+16
195986,10,0,45,117,2018,5,14,7,3,8,7,0,0,0,0,1,0,0,0,3.63809E+20,5.45874E+21,7.12796E+15,4.92662E+16
195987,10,0,45,112,2018,5,14,7,3,1,5,0,0,1,0,0,1,0,0,3.7319E+20,5.4545E+21,7.25819E+15,4.92302E+16
195988,10,0,41,100,2018,3,19,2,3,1,7,1,0,1,0,0,0,0,0,3.54617E+20,5.45346E+21,7.00361E+15,4.92167E+16
195989,10,0,44,111,2018,5,1,7,3,8,1,2,0,1,0,0,0,0,0,3.34136E+20,5.46949E+21,6.71592E+15,4.93556E+16
195990,10,0,42,116,2018,3,14,1,3,1,1,0,0,1,0,0,0,0,0,3.45604E+20,5.48806E+21,6.86651E+15,4.95254E+16
195991,10,0,44,112,2018,3,17,1,2,0,7,0,1,0,0,0,0,0,0,3.47943E+20,5.47498E+21,6.90382E+15,4.94085E+16
195992,10,0,45,112,2018,5,11,6,3,0,6,0,1,0,1,0,0,0,0,3.73316E+20,5.45525E+21,7.25968E+15,4.92369E+16
195993,10,0,45,117,2018,3,18,7,2,4,2,1,0,1,0,1,0,0,0,3.64444E+20,5.4591E+21,7.13656E+15,4.92696E+16
195994,10,0,42,117,2018,3,16,7,2,0,1,0,0,0,0,1,0,0,0,3.43509E+20,5.49166E+21,6.83614E+15,4.95573E+16
195995,10,0,42,113,2018,3,2,7,2,1,7,2,0,0,0,0,1,1,0,3.28048E+20,5.48098E+21,6.62719E+15,4.94571E+16
195996,10,0,44,119,2018,5,12,6,3,0,7,0,1,1,0,0,0,0,0,3.32171E+20,5.45586E+21,6.69461E+15,4.92325E+16
195997,10,0,45,117,2018,3,17,6,3,3,2,0,0,1,0,0,0,0,0,3.62921E+20,5.46025E+21,7.11525E+15,4.92796E+16
195998,10,0,41,518,2018,5,17,6,2,5,3,0,1,1,0,0,0,0,0,3.59041E+20,5.46232E+21,7.0612E+15,4.92974E+16
195999,10,0,42,113,2018,3,11,6,2,2,7,0,0,1,0,0,0,0,1,3.28681E+20,5.47969E+21,6.63647E+15,4.94457E+16
196000,10,0,45,117,2018,5,15,4,3,5,7,0,1,1,0,0,0,0,0,3.62722E+20,5.45968E+21,7.1127E+15,4.92744E+16
196001,10,0,45,111,2018,5,5,4,2,5,3,0,0,0,0,1,1,0,0,3.74952E+20,5.46709E+21,7.27843E+15,4.93437E+16
196002,10,0,44,118,2018,3,14,6,3,5,3,0,0,1,0,0,0,0,0,3.40869E+20,5.46482E+21,6.81043E+15,4.93154E+16
196003,10,0,41,511,2018,5,18,4,3,1,7,0,0,1,0,0,0,1,0,3.60622E+20,5.46591E+21,7.08168E+15,4.93299E+16
196004,10,0,41,100,2018,3,15,6,3,6,7,0,1,0,1,0,0,0,0,3.53598E+20,5.45549E+21,6.98888E+15,4.92347E+16
196005,10,0,41,519,2018,5,10,4,3,5,3,0,1,1,0,0,0,0,0,3.44062E+20,5.4586E+21,6.85676E+15,4.92602E+16
196006,10,0,45,111,2018,3,21,5,3,0,3,2,1,1,0,0,0,0,1,3.73786E+20,5.46813E+21,7.26206E+15,4.93529E+16
196007,10,0,41,100,2018,5,16,4,2,3,2,0,1,1,0,0,0,0,0,3.54433E+20,5.45467E+21,7.00064E+15,4.92275E+16
196008,10,0,42,116,2018,3,15,5,3,5,2,0,0,1,0,0,0,0,1,3.4872E+20,5.48603E+21,6.91031E+15,4.9508E+16
196009,10,0,41,100,2018,5,16,4,3,5,3,0,1,1,0,0,0,0,0,3.55008E+20,5.45485E+21,7.00846E+15,4.92293E+16