OBJECTID_1,ULAND,UREGBEZ,UKREIS,UGEMEINDE,UJAHR,UMONAT,USTUNDE,UWOCHENTAG,UKATEGORIE,UART,UTYP1,ULICHTVERH,IstRad,IstPKW,IstFuss,IstKrad,IstGkfz,IstSonstig,STRZUSTAND,LINREFX,LINREFY,XGCSWGS84,YGCSWGS84
196193,10,0,41,518,2018,2,20,7,2,9,1,2,0,1,0,0,0,0,1,3.59553E+20,5.46058E+21,7.06884E+15,4.92819E+16
196194,10,0,45,117,2018,4,13,2,2,9,1,0,0,0,0,1,0,0,0,3.62188E+20,5.45995E+21,7.10527E+15,4.92768E+16
196195,10,0,45,114,2018,4,15,2,3,6,7,0,0,0,1,0,0,1,0,3.79339E+20,5.46461E+21,7.33956E+15,4.93223E+16
196196,10,0,44,111,2018,2,15,6,3,6,4,1,0,1,1,0,0,0,1,3.37514E+20,5.47087E+21,6.76184E+15,4.93689E+16
196197,10,0,41,100,2018,4,18,2,3,0,7,0,1,0,0,0,0,0,0,3.51459E+20,5.4572E+21,6.95888E+15,4.92495E+16
196198,10,0,41,516,2018,2,13,6,3,2,7,0,0,1,0,1,0,0,0,3.57058E+20,5.46755E+21,7.03207E+15,4.93439E+16
196199,10,0,41,100,2018,4,16,2,2,6,4,0,0,1,1,0,0,0,0,3.53749E+20,5.45654E+21,6.99057E+15,4.92441E+16
196200,10,0,41,100,2018,2,12,6,3,5,3,0,0,1,0,0,1,0,0,3.54118E+20,5.45352E+21,6.99673E+15,4.92171E+16
196201,10,0,41,100,2018,4,13,2,3,1,5,0,0,1,0,0,0,0,0,3.50469E+20,5.45665E+21,6.94549E+15,4.92444E+16
196202,10,0,45,114,2018,2,8,5,2,5,3,0,1,1,0,0,0,0,0,3.79055E+20,5.46437E+21,7.33572E+15,4.932E+16
196203,10,0,45,114,2018,2,21,4,3,0,7,2,0,0,0,1,0,0,1,3.79522E+20,5.46473E+21,7.34204E+15,4.93234E+16
196204,10,0,44,112,2018,7,12,7,3,1,2,0,0,1,0,1,0,0,0,3.48574E+20,5.47535E+21,6.91238E+15,4.94119E+16
196205,10,0,44,115,2018,7,13,7,3,1,2,0,0,1,0,0,0,0,0,3.37226E+20,5.46396E+21,6.7607E+15,4.93067E+16
196206,10,0,41,100,2018,7,13,7,3,5,3,0,1,1,0,0,0,0,0,3.54976E+20,5.45613E+21,7.00756E+15,4.92408E+16
196207,10,0,44,112,2018,7,14,5,3,2,6,0,0,1,0,0,0,0,0,3.48436E+20,5.47515E+21,6.91054E+15,4.94101E+16
196208,10,0,41,100,2018,8,15,2,1,6,4,0,0,0,1,0,0,1,0,3.53965E+20,5.45585E+21,6.99378E+15,4.9238E+16
196209,10,0,43,111,2018,8,19,1,3,0,1,0,0,0,0,1,0,0,0,3.51356E+20,5.47484E+21,6.95089E+15,4.94081E+16
196210,10,0,44,111,2018,7,13,5,3,3,6,0,0,0,0,1,1,0,0,3.34943E+20,5.46996E+21,6.72684E+15,4.93599E+16
196211,10,0,41,100,2018,8,16,1,3,1,7,0,0,0,1,0,0,1,0,3.54888E+20,5.45883E+21,7.00538E+15,4.9265E+16
196212,10,0,41,100,2018,7,7,5,2,0,1,0,0,0,0,1,0,0,1,3.54322E+20,5.45617E+21,6.99856E+15,4.9241E+16
196213,10,0,44,115,2018,7,11,4,3,3,6,0,0,1,0,0,0,1,0,3.36794E+20,5.46456E+21,6.75452E+15,4.93119E+16
196214,10,0,41,100,2018,7,22,4,2,0,1,0,0,0,0,1,0,0,1,3.47206E+20,5.45459E+21,6.90146E+15,4.9225E+16
196215,10,0,41,100,2018,8,15,1,3,2,1,0,0,1,0,0,0,0,0,3.56896E+20,5.46131E+21,7.03207E+15,4.92877E+16
196216,10,0,41,100,2018,7,18,4,3,4,2,0,1,1,0,0,0,0,1,3.5526E+20,5.45548E+21,7.01169E+15,4.9235E+16
196217,10,0,41,100,2018,8,13,1,2,0,1,0,1,0,0,0,0,0,0,3.56647E+20,5.45549E+21,7.03073E+15,4.92354E+16
196218,10,0,45,114,2018,7,14,3,3,5,7,0,1,1,0,0,0,0,0,3.79027E+20,5.46435E+21,7.33534E+15,4.93199E+16
196219,10,0,41,100,2018,8,12,1,3,2,6,0,0,1,0,1,0,0,0,3.55825E+20,5.45484E+21,7.01968E+15,4.92293E+16
196220,10,0,44,115,2018,7,15,3,3,5,3,0,1,1,0,0,0,0,0,3.36254E+20,5.4657E+21,6.74663E+15,4.9322E+16
196221,10,0,41,100,2018,8,15,7,3,0,7,0,0,0,0,0,0,1,0,3.57478E+20,5.46009E+21,7.0405E+15,4.9277E+16
196222,10,0,41,518,2018,7,19,3,3,6,4,0,0,1,1,0,0,0,0,3.58791E+20,5.46278E+21,7.05759E+15,4.93014E+16
196223,10,0,41,519,2018,8,11,7,3,5,2,0,0,1,0,0,0,1,0,3.44198E+20,5.45775E+21,6.85896E+15,4.92527E+16
196224,10,0,41,514,2018,8,15,7,3,8,1,0,0,0,0,1,0,0,0,3.5699E+20,5.44621E+21,7.03874E+15,4.91521E+16
196225,10,0,41,100,2018,7,18,3,3,6,7,0,0,1,1,0,0,0,0,3.46871E+20,5.45663E+21,6.8961E+15,4.92433E+16
196226,10,0,41,100,2018,8,17,6,3,2,6,0,0,1,0,0,0,0,0,3.50107E+20,5.45579E+21,6.94084E+15,4.92365E+16
196227,10,0,41,100,2018,7,13,3,3,6,7,0,0,1,1,0,0,0,0,3.55403E+20,5.45361E+21,7.01433E+15,4.92182E+16
196228,10,0,45,111,2018,7,10,2,3,6,7,0,0,1,1,0,0,0,0,3.73701E+20,5.46936E+21,7.2605E+15,4.93639E+16
196229,10,0,43,114,2018,7,8,2,2,2,7,0,0,1,0,0,0,0,0,3.68401E+20,5.46745E+21,7.18818E+15,4.93456E+16
196230,10,0,44,115,2018,8,8,5,3,1,6,0,0,1,0,0,0,0,0,3.36557E+20,5.46604E+21,6.75066E+15,4.93252E+16
196231,10,0,44,112,2018,7,16,2,3,0,3,0,0,1,0,1,0,0,0,3.48404E+20,5.47505E+21,6.91015E+15,4.94093E+16
196232,10,0,44,111,2018,7,7,2,3,8,1,0,0,0,0,1,0,0,0,3.34971E+20,5.46903E+21,6.7276E+15,4.93516E+16
196233,10,0,46,114,2018,8,10,4,3,0,1,0,1,0,0,0,0,0,0,3.59893E+20,5.49227E+21,7.06233E+15,4.95668E+16
196234,10,0,45,111,2018,7,18,1,3,0,7,0,1,0,0,0,0,0,0,3.74655E+20,5.4724E+21,7.27267E+15,4.93914E+16
196235,10,0,43,114,2018,8,20,4,3,6,7,0,0,1,1,0,0,0,0,3.684E+20,5.4703E+21,7.18722E+15,4.93712E+16
196236,10,0,41,516,2018,7,10,1,2,0,7,0,0,0,0,1,0,0,0,3.58597E+20,5.46505E+21,7.05412E+15,4.93218E+16
196237,10,0,41,100,2018,7,13,1,2,0,1,0,1,0,0,0,0,0,0,3.60128E+20,5.45399E+21,7.07905E+15,4.92227E+16
196238,10,0,41,100,2018,8,1,4,3,6,6,2,0,1,1,0,0,0,0,3.59845E+20,5.4514E+21,7.07607E+15,4.91993E+16
196239,10,0,41,100,2018,6,12,7,3,0,7,0,0,0,0,0,0,1,0,3.56408E+20,5.4519E+21,7.02873E+15,4.92031E+16
196240,10,0,46,117,2018,8,16,3,2,6,4,0,0,1,1,0,0,0,0,3.66598E+20,5.48108E+21,7.15879E+15,4.94678E+16
196241,10,0,41,514,2018,6,5,7,3,0,1,1,1,0,0,0,0,0,0,3.57695E+20,5.44248E+21,7.04973E+15,4.91187E+16
196242,10,0,45,117,2018,8,16,3,3,2,6,0,0,1,0,0,0,0,0,3.62217E+20,5.45988E+21,7.1057E+15,4.92762E+16
196243,10,0,43,111,2018,8,23,3,3,1,1,2,0,1,0,0,0,0,0,3.51724E+20,5.47505E+21,6.95588E+15,4.94101E+16
196244,10,0,45,114,2018,6,2,6,3,8,1,2,0,1,0,0,0,0,0,3.77794E+20,5.46341E+21,7.31867E+15,4.93112E+16
196245,10,0,44,114,2018,8,4,3,3,0,7,1,1,0,0,0,0,0,0,3.30132E+20,5.47421E+21,6.65882E+15,4.93968E+16
196246,10,0,42,114,2018,6,15,6,3,0,6,0,0,1,0,1,0,0,0,3.20489E+20,5.48449E+21,6.52139E+15,4.94864E+16
196247,10,0,41,516,2018,8,20,3,3,0,1,0,1,0,0,0,0,0,0,3.57501E+20,5.46725E+21,7.03827E+15,4.93413E+16
196248,10,0,44,115,2018,6,13,6,3,5,3,0,0,1,0,0,0,0,0,3.36453E+20,5.46615E+21,6.74917E+15,4.93262E+16
196249,10,0,41,514,2018,6,7,6,3,9,7,0,0,1,0,0,0,0,0,3.57947E+20,5.44236E+21,7.05322E+15,4.91176E+16
196250,10,0,41,100,2018,8,22,2,3,8,1,2,0,1,0,0,0,0,0,3.55636E+20,5.45393E+21,7.01741E+15,4.92211E+16
196251,10,0,42,113,2018,6,15,5,3,5,7,0,1,1,0,0,0,0,0,3.28546E+20,5.47877E+21,6.63501E+15,4.94374E+16
196252,10,0,45,114,2018,8,19,1,3,1,7,0,0,0,1,0,0,1,0,3.79572E+20,5.46417E+21,7.3429E+15,4.93184E+16
196253,10,0,42,113,2018,6,11,5,3,2,6,0,1,1,0,0,0,0,0,3.29622E+20,5.47989E+21,6.64936E+15,4.94478E+16
196254,10,0,41,100,2018,8,16,1,3,0,7,0,1,1,0,0,0,0,0,3.52114E+20,5.45702E+21,6.96794E+15,4.92481E+16
196255,10,0,41,100,2018,8,12,1,3,5,2,0,1,1,0,0,0,0,0,3.5043E+20,5.45615E+21,6.94514E+15,4.92398E+16
196256,10,0,46,112,2018,8,15,7,2,0,1,0,0,0,0,1,0,0,0,3.61349E+20,5.48108E+21,7.08638E+15,4.94665E+16
196257,10,0,45,114,2018,8,20,7,3,4,1,0,0,1,0,0,0,0,0,3.80202E+20,5.46499E+21,7.35131E+15,4.93259E+16
196258,10,0,44,117,2018,8,12,7,3,0,7,0,0,1,0,0,0,0,0,3.44856E+20,5.47756E+21,6.86029E+15,4.94309E+16
196259,10,0,44,111,2018,8,17,7,2,4,7,0,1,0,0,0,0,0,0,3.35129E+20,5.46936E+21,6.72964E+15,4.93546E+16
196260,10,0,44,115,2018,8,11,7,3,3,7,0,0,1,0,0,0,0,0,3.36289E+20,5.46523E+21,6.7473E+15,4.93178E+16
196261,10,0,44,115,2018,6,12,5,3,0,7,0,1,0,0,0,0,0,0,3.36242E+20,5.46423E+21,6.74706E+15,4.93088E+16
196262,10,0,41,511,2018,8,13,7,3,5,3,0,0,1,0,0,0,0,0,3.61853E+20,5.46483E+21,7.09898E+15,4.93206E+16
196263,10,0,41,100,2018,8,14,7,3,5,2,0,0,1,0,0,0,0,0,3.47307E+20,5.45579E+21,6.9024E+15,4.92359E+16
196264,10,0,41,100,2018,6,20,5,3,1,5,0,0,1,0,1,0,0,0,3.57019E+20,5.45946E+21,7.03442E+15,4.92711E+16
196265,10,0,41,100,2018,8,18,7,3,6,6,0,0,1,1,0,0,0,0,3.54631E+20,5.45507E+21,7.0032E+15,4.92312E+16
196266,10,0,45,115,2018,6,13,4,2,0,7,0,1,0,0,0,0,0,0,3.74063E+20,5.4634E+21,7.26736E+15,4.93103E+16
196267,10,0,43,114,2018,6,17,4,3,0,7,0,1,0,0,0,0,0,0,3.70719E+20,5.46502E+21,7.22086E+15,4.93242E+16
196268,10,0,43,114,2018,6,14,4,3,2,6,0,0,1,0,0,0,0,0,3.67841E+20,5.46698E+21,7.18063E+15,4.93412E+16
196269,10,0,45,114,2018,8,18,6,3,8,7,0,1,0,0,0,0,0,0,3.78143E+20,5.46611E+21,7.32265E+15,4.93355E+16
196270,10,0,41,519,2018,6,14,4,3,9,1,0,0,0,0,1,0,0,0,3.4356E+20,5.45737E+21,6.85034E+15,4.92491E+16
196271,10,0,43,114,2018,8,14,6,3,2,6,0,0,1,0,1,0,0,0,3.70654E+20,5.46509E+21,7.21994E+15,4.93248E+16
196272,10,0,41,100,2018,6,13,4,3,5,3,0,0,1,0,1,0,0,0,3.6263E+20,5.45263E+21,7.11385E+15,4.92111E+16
196273,10,0,41,519,2018,8,14,6,2,6,4,0,0,1,1,0,0,0,0,3.44121E+20,5.45787E+21,6.85786E+15,4.92538E+16
196274,10,0,42,111,2018,8,15,5,3,0,7,0,1,0,0,0,0,0,0,3.34277E+20,5.47448E+21,6.71579E+15,4.94005E+16
196275,10,0,41,100,2018,6,11,4,3,1,2,0,0,1,0,1,0,0,0,3.62236E+20,5.45177E+21,7.10874E+15,4.92033E+16
196276,10,0,44,112,2018,8,13,5,3,1,6,0,0,1,0,0,0,0,1,3.48353E+20,5.47504E+21,6.90945E+15,4.94092E+16
196277,10,0,41,100,2018,6,9,4,2,5,3,0,1,1,0,0,0,0,0,3.57155E+20,5.45522E+21,7.0378E+15,4.92331E+16
196278,10,0,41,100,2018,6,7,4,3,0,7,0,1,0,1,0,0,0,0,3.53361E+20,5.45617E+21,6.98538E+15,4.92407E+16
196279,10,0,41,519,2018,8,9,5,3,0,1,0,0,0,0,0,0,1,0,3.46359E+20,5.45763E+21,6.88869E+15,4.92521E+16
196280,10,0,45,114,2018,6,7,3,3,2,6,0,0,1,0,0,0,0,0,3.79729E+20,5.46313E+21,7.34537E+15,4.9309E+16
196281,10,0,45,114,2018,6,7,3,3,4,6,0,0,1,0,0,1,0,0,3.79481E+20,5.46252E+21,7.34215E+15,4.93036E+16
196282,10,0,41,517,2018,6,9,3,3,5,3,0,0,1,0,0,0,0,0,3.50209E+20,5.46332E+21,6.93943E+15,4.93042E+16
196283,10,0,44,116,2018,8,15,4,3,0,1,0,1,0,0,0,0,0,0,3.40505E+20,5.46895E+21,6.80378E+15,4.93524E+16
196284,10,0,41,519,2018,6,20,3,3,5,2,0,0,1,0,0,0,0,0,3.44006E+20,5.45769E+21,6.85635E+15,4.92521E+16
196285,10,0,41,100,2018,8,19,4,3,4,1,0,1,1,0,0,0,0,0,3.52255E+20,5.45668E+21,6.97001E+15,4.9245E+16
196286,10,0,41,100,2018,6,14,3,3,3,3,0,1,1,0,0,0,0,0,3.54824E+20,5.45521E+21,7.00581E+15,4.92325E+16
196287,10,0,42,113,2018,8,11,3,3,5,3,0,1,1,0,0,0,0,0,3.27179E+20,5.4823E+21,6.61463E+15,4.94687E+16
196288,10,0,43,112,2018,8,16,3,3,1,2,0,0,1,0,0,0,0,0,3.57945E+20,5.47007E+21,7.04337E+15,4.93668E+16
196289,10,0,45,117,2018,6,6,2,3,0,7,0,1,0,0,0,0,0,0,3.62268E+20,5.45985E+21,7.10641E+15,4.92759E+16
196290,10,0,44,121,2018,8,10,3,3,5,3,0,1,1,0,0,0,0,0,3.34075E+20,5.46661E+21,6.71628E+15,4.93297E+16
196291,10,0,43,117,2018,6,20,2,3,1,5,0,1,1,0,0,0,0,0,3.63663E+20,5.46393E+21,7.12418E+15,4.93128E+16
196292,10,0,45,117,2018,8,16,2,3,5,3,0,0,1,0,0,0,0,0,3.62556E+20,5.45938E+21,7.11052E+15,4.92717E+16
196293,10,0,44,115,2018,6,16,2,3,5,3,0,0,1,0,0,0,0,0,3.36036E+20,5.46569E+21,6.74363E+15,4.93219E+16
196294,10,0,45,114,2018,8,16,2,3,5,5,0,0,1,0,0,0,0,0,3.80006E+20,5.46288E+21,7.34926E+15,4.93068E+16
196295,10,0,41,519,2018,6,18,2,3,5,3,0,0,1,0,0,0,0,0,3.43587E+20,5.45751E+21,6.85067E+15,4.92504E+16
196296,10,0,45,111,2018,8,7,2,3,1,6,0,0,1,0,0,0,0,0,3.74813E+20,5.46819E+21,7.27618E+15,4.93536E+16
196297,10,0,41,100,2018,8,15,2,3,1,2,0,0,1,0,0,0,0,0,3.56896E+20,5.45056E+21,7.03592E+15,4.91911E+16
196298,10,0,41,100,2018,8,10,2,3,8,1,0,0,0,0,1,0,0,0,3.53368E+20,5.45651E+21,6.98534E+15,4.92438E+16
196299,10,0,41,519,2018,6,8,2,3,5,3,0,0,1,0,1,0,0,0,3.44061E+20,5.45862E+21,6.85673E+15,4.92605E+16
196300,10,0,41,100,2018,8,16,2,3,0,5,0,0,1,0,0,0,1,0,3.54114E+20,5.454E+21,6.9965E+15,4.92214E+16
196301,10,0,41,100,2018,8,16,2,3,0,7,0,0,0,0,0,0,1,0,3.58189E+20,5.45806E+21,7.051E+15,4.92589E+16
196302,10,0,45,117,2018,6,16,1,2,0,7,0,0,1,1,0,0,0,0,3.64398E+20,5.45906E+21,7.13595E+15,4.92693E+16
196303,10,0,41,100,2018,8,15,2,3,5,3,0,1,1,0,0,0,0,0,3.53219E+20,5.45627E+21,6.98339E+15,4.92416E+16
196304,10,0,43,115,2018,6,15,1,2,0,1,0,1,0,0,0,0,0,0,3.67373E+20,5.473E+21,7.17218E+15,4.93953E+16
196305,10,0,42,113,2018,8,11,1,3,0,1,0,1,0,0,0,0,0,0,3.25932E+20,5.48346E+21,6.59693E+15,4.94788E+16
196306,10,0,44,115,2018,6,14,7,3,3,6,0,0,1,0,1,0,0,0,3.37428E+20,5.46628E+21,6.76253E+15,4.93276E+16
196307,10,0,43,114,2018,8,15,1,3,5,3,0,0,1,0,1,0,0,0,3.67763E+20,5.46838E+21,7.17908E+15,4.93538E+16
196308,10,0,41,519,2018,6,15,7,2,6,4,0,0,1,1,0,0,0,0,3.4395E+20,5.45781E+21,6.85554E+15,4.92531E+16
196309,10,0,44,120,2018,8,3,1,3,8,1,2,0,1,0,0,0,0,0,3.40969E+20,5.45937E+21,6.81398E+15,4.92664E+16
196310,10,0,46,117,2018,6,18,5,3,2,6,0,0,1,0,0,0,0,0,3.67651E+20,5.47947E+21,7.17385E+15,4.94534E+16
196311,10,0,45,114,2018,6,16,5,3,5,3,0,1,1,0,0,0,0,0,3.7922E+20,5.46658E+21,7.33732E+15,4.934E+16
196312,10,0,44,120,2018,8,9,7,3,0,1,0,1,0,0,0,0,0,0,3.381E+20,5.45665E+21,6.77567E+15,4.92412E+16
196313,10,0,42,116,2018,6,21,5,3,0,1,1,0,0,0,1,0,0,0,3.45297E+20,5.48803E+21,6.86226E+15,4.95252E+16
196314,10,0,46,114,2018,6,19,5,3,5,3,0,1,1,0,0,0,0,0,3.58055E+20,5.48925E+21,7.03801E+15,4.95392E+16
196315,10,0,41,518,2018,8,13,7,3,0,7,0,0,0,0,1,0,0,0,3.58821E+20,5.46302E+21,7.05792E+15,4.93036E+16
196316,10,0,44,115,2018,6,8,5,3,1,5,0,0,1,0,0,0,0,0,3.36303E+20,5.46643E+21,6.747E+15,4.93286E+16
196317,10,0,41,519,2018,8,11,7,3,5,2,0,0,1,0,0,0,0,0,3.46346E+20,5.45831E+21,6.88824E+15,4.92582E+16
196318,10,0,41,100,2018,6,17,5,3,0,7,0,0,0,0,1,0,0,0,3.57163E+20,5.45305E+21,7.03868E+15,4.92136E+16
196319,10,0,44,112,2018,8,19,6,3,8,1,0,0,0,0,1,0,0,1,3.48415E+20,5.47505E+21,6.9103E+15,4.94092E+16
196320,10,0,44,123,2018,8,9,6,2,6,4,0,0,1,1,0,0,0,0,3.38978E+20,5.4635E+21,6.78497E+15,4.9303E+16
196321,10,0,41,100,2018,6,19,5,3,0,7,0,1,0,0,0,0,0,0,3.57222E+20,5.45764E+21,7.03786E+15,4.92549E+16
196322,10,0,44,115,2018,8,18,6,3,1,5,0,0,1,0,0,0,0,0,3.36469E+20,5.46704E+21,6.74904E+15,4.93341E+16
196323,10,0,45,117,2018,6,8,4,3,5,7,0,0,1,0,0,0,0,0,3.62106E+20,5.45782E+21,7.10488E+15,4.92576E+16
196324,10,0,45,112,2018,6,21,4,2,0,1,1,1,0,0,0,0,0,0,3.73383E+20,5.45659E+21,7.26018E+15,4.9249E+16
196325,10,0,42,112,2018,6,17,4,2,6,4,0,0,1,1,0,0,0,0,3.36468E+20,5.48779E+21,6.74047E+15,4.95207E+16
196326,10,0,41,519,2018,8,20,6,3,1,7,0,1,1,0,0,0,0,0,3.46569E+20,5.45851E+21,6.89123E+15,4.92601E+16
196327,10,0,43,114,2018,6,17,4,3,6,6,0,0,1,1,0,0,0,0,3.63871E+20,5.46547E+21,7.12652E+15,4.93267E+16
196328,10,0,41,514,2018,8,12,6,3,1,7,0,1,1,0,0,0,0,0,3.5676E+20,5.44765E+21,7.03509E+15,4.91649E+16
196329,10,0,44,115,2018,6,6,4,3,5,3,0,1,1,0,0,0,0,0,3.35952E+20,5.46824E+21,6.74143E+15,4.93448E+16
196330,10,0,41,100,2018,8,23,6,3,1,6,2,0,1,0,0,0,0,0,3.53842E+20,5.45596E+21,6.99206E+15,4.9239E+16
196331,10,0,41,100,2018,8,16,5,3,5,3,0,0,1,0,0,0,0,0,3.62168E+20,5.45166E+21,7.10784E+15,4.92023E+16
196332,10,0,41,100,2018,6,11,4,3,5,1,0,1,1,0,0,0,0,0,3.5465E+20,5.45415E+21,7.0038E+15,4.92229E+16
196333,10,0,45,114,2018,8,17,4,3,6,2,0,0,1,1,0,0,0,1,3.79315E+20,5.46459E+21,7.33924E+15,4.93221E+16
196334,10,0,41,519,2018,6,13,3,3,4,6,0,0,1,0,0,0,0,0,3.44065E+20,5.45836E+21,6.85689E+15,4.92581E+16
196335,10,0,45,114,2018,8,14,4,3,5,3,0,1,1,0,0,0,0,1,3.79086E+20,5.46662E+21,7.33546E+15,4.93403E+16
196336,10,0,44,116,2018,8,22,4,3,1,5,2,0,1,0,0,0,0,0,3.38676E+20,5.46881E+21,6.77867E+15,4.93506E+16
196337,10,0,41,100,2018,6,16,3,3,1,7,0,1,1,0,0,0,0,0,3.54832E+20,5.45521E+21,7.00591E+15,4.92325E+16
196338,10,0,41,515,2018,8,22,4,3,8,1,2,0,0,0,1,0,0,0,3.45601E+20,5.46024E+21,6.87726E+15,4.92754E+16
196339,10,0,42,112,2018,6,16,2,2,1,5,0,0,1,0,0,0,0,0,3.36855E+20,5.48625E+21,6.74644E+15,4.95069E+16
196340,10,0,41,100,2018,6,7,2,3,4,7,0,0,1,0,0,0,0,0,3.57444E+20,5.45574E+21,7.04159E+15,4.92378E+16
196341,10,0,41,513,2018,6,3,1,3,1,5,2,0,1,0,0,0,0,0,3.53391E+20,5.46816E+21,6.98139E+15,4.93485E+16
196342,10,0,41,100,2018,8,19,4,3,2,6,0,0,1,0,1,0,0,0,3.5541E+20,5.45381E+21,7.01436E+15,4.922E+16
196343,10,0,43,112,2018,6,12,7,3,1,5,0,1,1,0,0,0,0,0,3.57425E+20,5.47402E+21,7.0348E+15,4.94021E+16
196344,10,0,45,117,2018,7,17,3,3,5,3,0,1,1,0,0,0,0,0,3.63217E+20,5.45994E+21,7.11941E+15,4.92769E+16
196345,10,0,41,516,2018,6,15,7,3,0,1,0,1,0,0,0,0,0,0,3.58282E+20,5.46569E+21,7.04957E+15,4.93275E+16
196346,10,0,45,117,2018,7,9,2,2,5,3,0,0,1,0,1,0,0,0,3.63536E+20,5.45882E+21,7.12418E+15,4.92669E+16
196347,10,0,46,115,2018,7,17,2,3,1,5,0,0,1,0,1,0,0,0,3.55466E+20,5.49402E+21,7.0005E+15,4.95815E+16
196348,10,0,45,111,2018,6,23,6,3,0,1,2,0,0,0,0,0,1,0,3.73406E+20,5.47115E+21,7.25587E+15,4.93798E+16
196349,10,0,45,113,2018,7,11,1,3,7,7,0,1,0,0,0,0,0,0,3.68015E+20,5.4441E+21,7.19055E+15,4.91356E+16
196350,10,0,45,114,2018,6,19,6,3,0,2,0,0,1,1,0,0,0,0,3.79002E+20,5.46457E+21,7.33494E+15,4.93219E+16
196351,10,0,42,116,2018,7,3,7,2,7,1,2,0,0,0,1,0,1,0,3.42853E+20,5.48335E+21,6.83038E+15,4.94824E+16
196352,10,0,42,113,2018,7,14,7,2,5,5,0,1,1,0,0,0,0,0,3.28392E+20,5.47626E+21,6.63398E+15,4.94148E+16
196353,10,0,44,117,2018,6,19,6,3,0,1,0,0,0,0,1,0,0,0,3.46622E+20,5.48278E+21,6.88261E+15,4.94783E+16
196354,10,0,41,518,2018,6,6,5,3,5,3,0,1,1,0,0,0,0,0,3.60271E+20,5.46135E+21,7.07844E+15,4.92889E+16
196355,10,0,43,115,2018,7,19,7,2,0,7,0,0,1,0,0,0,0,0,3.66535E+20,5.47349E+21,7.16048E+15,4.93994E+16
196356,10,0,41,100,2018,6,14,5,3,3,7,0,0,1,0,0,0,0,0,3.51789E+20,5.45685E+21,6.96354E+15,4.92464E+16
196357,10,0,43,114,2018,7,1,7,3,5,3,2,1,1,0,0,0,0,0,3.69294E+20,5.46717E+21,7.20055E+15,4.93433E+16
196358,10,0,43,116,2018,6,8,4,3,9,5,0,0,1,0,0,1,0,0,3.62221E+20,5.46811E+21,7.10291E+15,4.93502E+16
196359,10,0,41,519,2018,7,11,7,3,1,1,0,1,1,0,0,0,0,0,3.44141E+20,5.45857E+21,6.85787E+15,4.926E+16
196360,10,0,41,100,2018,7,13,7,3,0,5,0,1,1,0,0,0,0,0,3.55176E+20,5.45503E+21,7.01071E+15,4.92309E+16
196361,10,0,41,100,2018,6,9,4,3,6,6,0,0,1,1,0,0,0,0,3.54494E+20,5.45474E+21,7.00145E+15,4.92282E+16
196362,10,0,45,111,2018,7,16,6,3,4,7,0,0,1,0,0,0,0,0,3.73182E+20,5.46891E+21,7.2535E+15,4.93597E+16
196363,10,0,43,114,2018,6,8,3,2,1,7,0,0,0,1,0,0,1,1,3.6721E+20,5.46675E+21,7.17202E+15,4.9339E+16
196364,10,0,45,111,2018,7,10,6,3,6,4,0,0,1,1,0,0,0,0,3.74808E+20,5.46872E+21,7.27594E+15,4.93583E+16
196365,10,0,44,115,2018,6,11,3,3,5,3,0,0,1,0,0,0,0,1,3.36385E+20,5.46528E+21,6.7486E+15,4.93183E+16
196366,10,0,45,114,2018,7,16,5,3,0,1,0,0,0,0,1,0,0,0,3.81369E+20,5.46556E+21,7.36719E+15,4.93312E+16
196367,10,0,42,116,2018,6,13,2,3,0,7,0,0,1,1,0,0,0,1,3.4562E+20,5.49123E+21,6.86547E+15,4.9554E+16
196368,10,0,43,114,2018,6,16,2,2,1,7,0,0,1,0,0,0,0,1,3.68418E+20,5.46736E+21,7.18843E+15,4.93448E+16
196369,10,0,45,114,2018,7,12,5,3,1,5,0,0,1,0,1,0,0,0,3.79499E+20,5.46413E+21,7.3419E+15,4.9318E+16
196370,10,0,43,114,2018,6,16,2,2,6,4,0,0,1,1,0,0,0,1,3.68346E+20,5.46728E+21,7.18748E+15,4.9344E+16
196371,10,0,41,100,2018,7,11,5,3,5,3,0,0,1,0,0,0,0,0,3.47546E+20,5.45869E+21,6.90458E+15,4.92619E+16
196372,10,0,45,117,2018,7,11,4,3,1,6,0,0,1,0,0,0,0,0,3.62997E+20,5.4606E+21,7.11617E+15,4.92828E+16
196373,10,0,41,518,2018,6,19,2,3,4,1,0,0,1,0,0,0,0,1,3.60625E+20,5.46455E+21,7.08219E+15,4.93178E+16
196374,10,0,42,112,2018,7,17,4,3,5,3,0,0,1,0,0,0,1,0,3.36785E+20,5.48621E+21,6.74549E+15,4.95065E+16
196375,10,0,41,519,2018,6,17,2,3,5,3,0,1,1,0,0,0,0,0,3.45714E+20,5.45785E+21,6.87974E+15,4.9254E+16