OBJECTID_1,ULAND,UREGBEZ,UKREIS,UGEMEINDE,UJAHR,UMONAT,USTUNDE,UWOCHENTAG,UKATEGORIE,UART,UTYP1,ULICHTVERH,IstRad,IstPKW,IstFuss,IstKrad,IstGkfz,IstSonstig,STRZUSTAND,LINREFX,LINREFY,XGCSWGS84,YGCSWGS84
196558,10,0,44,112,2018,9,19,7,3,8,1,2,0,1,0,0,0,0,1,3.47542E+20,5.47501E+21,6.89828E+15,4.94087E+16
196559,10,0,44,111,2018,11,9,3,3,0,7,0,1,0,1,0,0,0,1,3.35001E+20,5.46951E+21,6.72782E+15,4.9356E+16
196560,10,0,41,100,2018,11,18,3,3,6,4,2,0,1,1,0,0,0,0,3.53196E+20,5.45648E+21,6.983E+15,4.92434E+16
196561,10,0,41,100,2018,11,12,3,3,6,4,0,0,0,1,0,0,1,1,3.51716E+20,5.45421E+21,6.96351E+15,4.92227E+16
196562,10,0,44,111,2018,9,17,7,3,5,3,0,1,1,0,0,0,0,0,3.34589E+20,5.46981E+21,6.72203E+15,4.93585E+16
196563,10,0,46,117,2018,11,12,2,3,6,4,0,0,1,1,0,0,0,0,3.67082E+20,5.48093E+21,7.16552E+15,4.94665E+16
196564,10,0,43,114,2018,12,16,4,3,5,1,0,0,1,0,0,0,1,0,3.67144E+20,5.46666E+21,7.17114E+15,4.93382E+16
196565,10,0,42,113,2018,9,7,6,3,5,3,0,0,1,0,0,0,0,0,3.29104E+20,5.48221E+21,6.64122E+15,4.94685E+16
196566,10,0,45,117,2018,11,14,2,2,6,2,0,0,1,1,0,0,0,0,3.62403E+20,5.46022E+21,7.10813E+15,4.92792E+16
196567,10,0,41,518,2018,9,14,6,3,8,1,0,0,1,0,0,0,0,1,3.60632E+20,5.46455E+21,7.08228E+15,4.93177E+16
196568,10,0,44,116,2018,9,2,5,2,0,1,2,1,0,0,0,0,0,0,3.40201E+20,5.46914E+21,6.79952E+15,4.9354E+16
196569,10,0,41,100,2018,11,15,2,3,1,6,0,0,0,0,0,0,1,0,3.52693E+20,5.45542E+21,6.97648E+15,4.92338E+16
196570,10,0,44,111,2018,9,19,5,3,0,1,0,1,0,0,0,0,0,0,3.34035E+20,5.4684E+21,6.71499E+15,4.93457E+16
196571,10,0,45,114,2018,11,15,1,3,5,3,0,0,1,0,1,0,0,0,3.78723E+20,5.46459E+21,7.33109E+15,4.9322E+16
196572,10,0,42,113,2018,11,7,1,3,4,5,1,1,1,0,0,0,0,1,3.29883E+20,5.48E+21,6.65292E+15,4.94488E+16
196573,10,0,44,111,2018,9,19,5,3,0,1,0,1,0,0,0,0,0,0,3.34793E+20,5.46978E+21,6.72485E+15,4.93584E+16
196574,10,0,44,113,2018,11,21,1,3,8,1,2,0,1,0,0,0,0,1,3.40791E+20,5.47305E+21,6.80608E+15,4.93893E+16
196575,10,0,44,115,2018,11,10,1,3,0,7,0,1,0,0,0,0,0,1,3.34079E+20,5.46764E+21,6.71592E+15,4.93389E+16
196576,10,0,41,100,2018,11,21,7,1,6,4,2,0,1,1,0,0,0,1,3.50457E+20,5.45686E+21,6.94525E+15,4.92462E+16
196577,10,0,41,518,2018,9,13,5,3,2,6,0,0,1,0,0,0,0,0,3.59324E+20,5.46124E+21,7.06546E+15,4.92877E+16
196578,10,0,45,114,2018,11,18,7,3,5,3,2,0,1,0,0,0,0,1,3.77911E+20,5.46645E+21,7.31935E+15,4.93385E+16
196579,10,0,44,115,2018,9,22,5,3,0,1,2,1,0,0,0,0,0,0,3.36478E+20,5.46621E+21,6.74949E+15,4.93267E+16
196580,10,0,43,114,2018,11,1,7,3,5,3,2,0,1,0,0,0,0,0,3.67593E+20,5.4681E+21,7.17684E+15,4.93512E+16
196581,10,0,45,112,2018,9,14,4,3,3,6,0,1,1,0,0,0,0,0,3.7302E+20,5.45695E+21,7.25507E+15,4.92521E+16
196582,10,0,43,114,2018,9,15,4,3,8,7,0,0,1,0,1,0,0,0,3.68019E+20,5.4704E+21,7.18194E+15,4.9372E+16
196583,10,0,41,100,2018,11,18,7,3,6,4,1,0,1,1,0,0,0,1,3.52629E+20,5.45546E+21,6.97559E+15,4.92342E+16
196584,10,0,44,117,2018,9,7,4,2,0,6,0,0,1,0,1,0,0,0,3.41271E+20,5.47892E+21,6.81034E+15,4.94422E+16
196585,10,0,41,100,2018,11,4,7,3,1,6,2,0,1,0,0,0,0,0,3.54553E+20,5.45494E+21,7.00218E+15,4.92299E+16
196586,10,0,44,118,2018,9,12,4,3,0,1,0,0,0,0,1,0,0,0,3.42971E+20,5.46215E+21,6.84039E+15,4.92919E+16
196587,10,0,41,515,2018,11,16,6,3,1,1,0,0,1,0,0,0,0,0,3.47163E+20,5.46244E+21,6.89789E+15,4.92956E+16
196588,10,0,41,519,2018,12,21,4,3,4,3,2,0,1,0,0,0,0,0,3.44854E+20,5.45796E+21,6.86789E+15,4.92547E+16
196589,10,0,41,516,2018,12,21,6,3,8,1,2,0,1,0,0,0,0,1,3.58096E+20,5.4675E+21,7.04637E+15,4.93437E+16
196590,10,0,41,100,2018,9,22,4,3,9,1,2,0,1,0,0,0,0,0,3.53695E+20,5.45597E+21,6.99003E+15,4.9239E+16
196591,10,0,41,100,2018,11,9,6,3,5,3,0,0,1,0,1,0,0,0,3.53335E+20,5.45524E+21,6.98536E+15,4.92323E+16
196592,10,0,45,117,2018,9,9,3,3,5,3,0,0,1,0,0,0,1,0,3.62718E+20,5.45967E+21,7.11265E+15,4.92744E+16
196593,10,0,45,115,2018,9,14,3,3,1,5,0,1,1,0,0,0,0,0,3.71352E+20,5.4605E+21,7.23103E+15,4.92837E+16
196594,10,0,41,100,2018,9,13,3,2,1,7,0,0,1,0,1,0,0,0,3.57886E+20,5.4544E+21,7.04813E+15,4.92259E+16
196595,10,0,41,100,2018,11,7,6,3,6,2,0,0,1,1,0,0,0,0,3.53578E+20,5.45546E+21,6.98861E+15,4.92344E+16
196596,10,0,44,121,2018,12,18,2,3,1,5,2,0,1,0,0,0,0,1,3.34276E+20,5.46617E+21,6.71923E+15,4.93257E+16
196597,10,0,45,111,2018,9,15,2,3,2,2,0,0,1,0,0,0,0,0,3.74057E+20,5.46828E+21,7.26574E+15,4.93542E+16
196598,10,0,42,113,2018,9,14,1,3,9,1,0,0,1,0,0,0,0,0,3.28391E+20,5.48021E+21,6.63225E+15,4.94503E+16
196599,10,0,45,114,2018,11,11,4,3,4,2,0,1,1,0,0,0,0,0,3.7932E+20,5.46439E+21,7.33936E+15,4.93203E+16
196600,10,0,44,116,2018,9,0,1,3,0,1,2,0,0,0,1,0,0,0,3.40673E+20,5.46929E+21,6.80595E+15,4.93555E+16
196601,10,0,43,114,2018,11,12,4,3,5,3,0,0,1,0,0,0,1,0,3.69947E+20,5.46823E+21,7.20919E+15,4.93529E+16
196602,10,0,44,111,2018,9,2,1,3,0,1,2,1,0,0,0,0,0,0,3.33969E+20,5.46907E+21,6.7138E+15,4.93517E+16
196603,10,0,43,117,2018,11,10,4,3,8,7,0,0,1,0,0,0,0,0,3.64165E+20,5.46424E+21,7.13098E+15,4.93158E+16
196604,10,0,41,100,2018,12,16,4,3,2,6,0,0,1,0,0,0,0,0,3.54403E+20,5.4556E+21,6.99989E+15,4.92359E+16
196605,10,0,44,114,2018,9,1,1,3,8,1,2,0,1,0,0,0,0,0,3.29404E+20,5.47506E+21,6.64843E+15,4.94043E+16
196606,10,0,44,112,2018,11,10,4,3,5,3,0,0,1,0,1,0,0,0,3.48417E+20,5.47506E+21,6.91032E+15,4.94094E+16
196607,10,0,41,100,2018,9,17,1,3,0,1,0,0,1,0,0,0,0,0,3.49669E+20,5.45784E+21,6.93406E+15,4.92549E+16
196608,10,0,41,100,2018,11,11,4,3,6,7,0,0,0,1,0,0,1,0,3.51935E+20,5.45713E+21,6.96544E+15,4.92491E+16
196609,10,0,41,100,2018,11,11,4,2,4,6,0,0,1,0,0,0,1,0,3.52836E+20,5.45623E+21,6.97815E+15,4.92412E+16
196610,10,0,45,115,2018,9,22,7,3,0,7,2,0,1,0,0,0,0,0,3.7167E+20,5.46044E+21,7.23541E+15,4.92832E+16
196611,10,0,41,100,2018,11,8,4,2,6,4,0,0,0,1,0,0,1,0,3.50679E+20,5.45661E+21,6.94839E+15,4.9244E+16
196612,10,0,41,100,2018,12,14,4,2,5,3,0,0,1,0,1,0,0,0,3.55812E+20,5.45483E+21,7.01951E+15,4.92292E+16
196613,10,0,45,117,2018,11,14,3,3,5,7,0,1,1,0,0,0,0,0,3.65378E+20,5.46102E+21,7.14874E+15,4.92871E+16
196614,10,0,42,112,2018,9,15,7,3,5,3,0,1,1,0,0,0,0,0,3.36997E+20,5.4868E+21,6.74817E+15,4.95119E+16
196615,10,0,44,115,2018,11,15,3,3,2,6,0,0,1,0,0,0,0,0,3.36719E+20,5.46674E+21,6.7526E+15,4.93315E+16
196616,10,0,42,111,2018,9,22,7,3,1,7,2,0,1,0,0,0,0,0,3.33075E+20,5.47303E+21,6.69984E+15,4.93871E+16
196617,10,0,44,114,2018,11,14,3,3,0,7,0,1,0,0,0,0,1,0,3.27037E+20,5.47308E+21,6.61669E+15,4.93858E+16
196618,10,0,41,100,2018,12,13,4,3,6,4,0,0,1,1,0,0,0,0,3.58819E+20,5.45303E+21,7.06142E+15,4.92138E+16
196619,10,0,41,100,2018,9,9,7,3,1,7,0,1,1,0,0,0,0,0,3.5335E+20,5.45534E+21,6.98553E+15,4.92333E+16
196620,10,0,44,112,2018,9,23,6,3,0,1,2,0,0,0,1,0,0,0,3.48533E+20,5.47471E+21,6.91206E+15,4.94062E+16
196621,10,0,41,518,2018,11,13,3,3,6,4,0,0,1,1,0,0,0,0,3.58864E+20,5.46289E+21,7.05857E+15,4.93024E+16
196622,10,0,44,115,2018,9,13,6,2,6,7,0,1,0,1,0,0,0,0,3.36406E+20,5.4651E+21,6.74897E+15,4.93167E+16
196623,10,0,41,100,2018,11,13,3,3,5,7,0,1,1,0,0,0,0,0,3.51269E+20,5.45652E+21,6.95652E+15,4.92434E+16
196624,10,0,45,112,2018,11,20,2,3,9,1,2,1,0,0,0,0,0,0,3.72296E+20,5.45797E+21,7.2448E+15,4.92611E+16
196625,10,0,45,112,2018,11,17,2,3,1,5,1,0,1,0,1,0,0,0,3.74063E+20,5.45494E+21,7.27002E+15,4.92343E+16
196626,10,0,44,115,2018,9,13,6,3,2,1,0,0,1,0,0,0,0,0,3.37954E+20,5.46594E+21,6.7699E+15,4.93247E+16
196627,10,0,41,100,2018,11,15,2,2,1,5,0,0,1,0,0,0,0,0,3.5215E+20,5.45688E+21,6.96849E+15,4.92468E+16
196628,10,0,44,115,2018,12,18,3,3,2,6,1,0,1,0,0,0,0,1,3.36594E+20,5.46604E+21,6.75116E+15,4.93252E+16
196629,10,0,41,518,2018,9,18,6,3,1,5,0,1,1,0,0,0,0,0,3.58951E+20,5.46268E+21,7.05983E+15,4.93005E+16
196630,10,0,41,100,2018,11,14,2,3,2,6,0,0,1,0,0,0,0,0,3.50463E+20,5.45622E+21,6.94556E+15,4.92405E+16
196631,10,0,41,519,2018,12,16,3,3,4,2,1,0,1,0,0,0,0,0,3.43565E+20,5.45797E+21,6.85018E+15,4.92544E+16
196632,10,0,42,113,2018,9,13,5,3,5,2,0,0,1,0,1,0,0,0,3.31058E+20,5.48058E+21,6.66886E+15,4.94543E+16
196633,10,0,45,114,2018,9,15,4,3,4,5,0,1,0,0,0,0,1,0,3.81568E+20,5.46322E+21,7.37064E+15,4.93102E+16
196634,10,0,44,113,2018,11,14,1,3,0,1,0,1,0,0,0,0,0,0,3.40808E+20,5.47342E+21,6.80616E+15,4.93926E+16
196635,10,0,42,116,2018,9,18,4,3,2,7,0,1,1,0,0,0,0,0,3.47344E+20,5.48951E+21,6.88996E+15,4.9539E+16
196636,10,0,41,100,2018,11,17,1,3,0,6,2,0,1,0,0,0,0,0,3.5224E+20,5.4553E+21,6.97031E+15,4.92326E+16
196637,10,0,44,115,2018,9,19,4,3,0,3,0,1,1,0,0,0,0,0,3.383E+20,5.46739E+21,6.77407E+15,4.93378E+16
196638,10,0,44,121,2018,9,15,4,3,0,7,0,1,0,0,0,0,0,0,3.33832E+20,5.46677E+21,6.71287E+15,4.9331E+16
196639,10,0,41,100,2018,11,21,7,2,6,4,2,0,1,1,0,0,0,0,3.57793E+20,5.45489E+21,7.04668E+15,4.92302E+16
196640,10,0,41,512,2018,9,4,4,3,0,7,2,0,0,1,1,0,0,0,3.42652E+20,5.45236E+21,6.83984E+15,4.92039E+16
196641,10,0,45,114,2018,11,12,6,3,0,7,0,1,0,0,0,0,1,0,3.79157E+20,5.4666E+21,7.33644E+15,4.93401E+16
196642,10,0,44,116,2018,11,10,6,3,6,7,0,0,1,1,0,0,0,0,3.4068E+20,5.46902E+21,6.80616E+15,4.9353E+16
196643,10,0,44,123,2018,11,20,6,3,2,6,2,0,1,0,0,0,0,0,3.38548E+20,5.46249E+21,6.77946E+15,4.92938E+16
196644,10,0,41,100,2018,9,17,4,3,2,6,0,0,1,0,0,0,0,0,3.5764E+20,5.45469E+21,7.04464E+15,4.92284E+16
196645,10,0,44,115,2018,11,18,6,3,5,3,2,1,1,0,0,0,0,1,3.36268E+20,5.46569E+21,6.74682E+15,4.93219E+16
196646,10,0,41,517,2018,12,14,3,3,5,3,0,0,1,0,0,0,0,0,3.51144E+20,5.46506E+21,6.95162E+15,4.93201E+16
196647,10,0,46,116,2018,9,21,3,3,0,7,1,0,1,0,0,0,0,0,3.61495E+20,5.48643E+21,7.08652E+15,4.95147E+16
196648,10,0,41,100,2018,11,9,6,3,2,6,0,0,1,0,0,0,0,0,3.53567E+20,5.45605E+21,6.98824E+15,4.92397E+16
196649,10,0,44,112,2018,9,16,3,3,1,5,0,1,1,0,0,0,0,0,3.48492E+20,5.4754E+21,6.91123E+15,4.94124E+16
196650,10,0,45,114,2018,9,18,2,3,1,5,0,1,1,0,0,0,0,0,3.79016E+20,5.46628E+21,7.33461E+15,4.93372E+16
196651,10,0,46,118,2018,11,6,5,3,1,5,2,0,1,0,0,0,0,0,3.57121E+20,5.4853E+21,7.02653E+15,4.95035E+16
196652,10,0,41,519,2018,9,16,2,3,5,3,0,0,1,0,1,0,0,0,3.4356E+20,5.45737E+21,6.85034E+15,4.92491E+16
196653,10,0,44,115,2018,11,16,5,3,6,4,0,0,1,1,0,0,0,1,3.36534E+20,5.46485E+21,6.75082E+15,4.93145E+16
196654,10,0,41,519,2018,9,12,2,3,6,4,0,0,1,1,0,0,0,0,3.45108E+20,5.45822E+21,6.87128E+15,4.92571E+16
196655,10,0,43,114,2018,9,12,7,3,0,7,0,1,1,0,0,0,0,0,3.67936E+20,5.46728E+21,7.18183E+15,4.93439E+16
196656,10,0,45,111,2018,10,7,4,3,5,3,0,0,1,0,1,0,0,0,3.73543E+20,5.4681E+21,7.25873E+15,4.93525E+16
196657,10,0,42,115,2018,10,7,4,3,9,7,0,0,1,0,0,0,0,1,3.13676E+20,5.4853E+21,6.42703E+15,4.94917E+16
196658,10,0,41,100,2018,9,18,6,3,4,7,0,0,1,0,0,0,0,0,3.533E+20,5.45553E+21,6.98478E+15,4.9235E+16
196659,10,0,41,100,2018,10,15,3,3,6,4,0,0,0,1,1,0,0,0,3.50764E+20,5.45652E+21,6.94958E+15,4.92433E+16
196660,10,0,41,100,2018,12,8,3,3,1,6,0,0,1,0,0,0,0,0,3.54553E+20,5.45494E+21,7.00218E+15,4.92299E+16
196661,10,0,45,114,2018,9,16,5,3,0,7,0,1,0,0,0,0,0,0,3.79225E+20,5.46444E+21,7.33805E+15,4.93207E+16
196662,10,0,44,115,2018,10,7,2,3,0,5,2,0,1,0,1,0,0,1,3.34912E+20,5.46561E+21,6.72821E+15,4.93209E+16
196663,10,0,45,114,2018,12,14,7,3,2,6,0,0,1,0,0,0,0,0,3.78992E+20,5.46433E+21,7.33486E+15,4.93197E+16
196664,10,0,44,115,2018,9,16,5,3,9,1,0,0,0,0,1,0,0,0,3.36773E+20,5.46661E+21,6.75339E+15,4.93303E+16
196665,10,0,41,519,2018,9,19,5,3,0,7,0,1,0,0,0,0,0,0,3.44575E+20,5.45645E+21,6.86464E+15,4.92411E+16
196666,10,0,41,515,2018,10,1,7,3,1,7,2,0,1,0,0,0,0,1,3.47995E+20,5.46177E+21,6.90957E+15,4.92898E+16
196667,10,0,41,100,2018,9,8,5,3,0,7,0,0,0,0,0,0,1,0,3.50282E+20,5.45584E+21,6.94322E+15,4.9237E+16
196668,10,0,46,118,2018,10,10,7,3,2,6,0,0,1,0,0,0,0,0,3.52983E+20,5.48487E+21,6.96958E+15,4.94986E+16
196669,10,0,41,100,2018,9,16,5,2,0,7,0,0,0,0,0,0,1,0,3.54628E+20,5.45507E+21,7.00317E+15,4.92311E+16
196670,10,0,43,114,2018,10,22,7,3,0,7,2,0,1,0,0,0,0,0,3.70854E+20,5.46573E+21,7.22249E+15,4.93306E+16
196671,10,0,45,114,2018,12,18,2,3,5,3,1,0,1,0,0,0,0,1,3.79074E+20,5.4668E+21,7.33525E+15,4.93419E+16
196672,10,0,45,117,2018,9,16,4,2,6,7,0,0,1,1,0,0,0,0,3.66645E+20,5.46108E+21,7.16614E+15,4.92879E+16
196673,10,0,45,117,2018,10,17,6,2,6,4,0,1,0,1,0,0,0,0,3.63104E+20,5.46029E+21,7.11774E+15,4.928E+16
196674,10,0,41,519,2018,10,10,6,3,0,3,0,0,1,0,0,0,0,0,3.4378E+20,5.4576E+21,6.85327E+15,4.92513E+16
196675,10,0,41,517,2018,12,11,2,3,1,7,0,0,1,0,0,0,0,1,3.50269E+20,5.46294E+21,6.9404E+15,4.93008E+16
196676,10,0,42,113,2018,9,15,4,3,2,2,0,0,1,0,0,0,0,0,3.28476E+20,5.47921E+21,6.63385E+15,4.94413E+16
196677,10,0,43,114,2018,10,10,5,3,4,1,0,0,1,0,0,0,0,1,3.67815E+20,5.46688E+21,7.1803E+15,4.93403E+16
196678,10,0,43,114,2018,9,14,4,2,0,7,0,1,0,0,0,0,0,0,3.68353E+20,5.46728E+21,7.18757E+15,4.93441E+16
196679,10,0,44,119,2018,9,20,4,3,8,1,1,0,1,0,0,0,0,0,3.32092E+20,5.45855E+21,6.6924E+15,4.92567E+16
196680,10,0,44,115,2018,10,15,5,3,0,3,0,1,1,0,0,0,0,0,3.3639E+20,5.46644E+21,6.74819E+15,4.93287E+16
196681,10,0,44,115,2018,9,14,4,3,2,6,0,0,1,0,1,0,0,0,3.36334E+20,5.46517E+21,6.74795E+15,4.93174E+16
196682,10,0,41,519,2018,10,13,5,3,5,2,0,0,1,0,0,0,0,0,3.39688E+20,5.45335E+21,6.79879E+15,4.9212E+16
196683,10,0,41,100,2018,12,20,2,3,2,6,2,0,1,0,0,0,0,1,3.53568E+20,5.45539E+21,6.9885E+15,4.92338E+16
196684,10,0,41,100,2018,9,9,4,3,1,7,2,1,1,0,0,0,0,0,3.50441E+20,5.45618E+21,6.94528E+15,4.92401E+16
196685,10,0,41,100,2018,10,8,5,3,0,6,0,0,1,0,0,0,0,0,3.52399E+20,5.45533E+21,6.97248E+15,4.92329E+16
196686,10,0,41,100,2018,12,18,2,3,0,2,2,0,0,0,1,0,0,1,3.54813E+20,5.45522E+21,7.00565E+15,4.92325E+16
196687,10,0,41,100,2018,12,19,5,3,8,1,2,0,1,0,0,0,0,0,3.52536E+20,5.45632E+21,6.97399E+15,4.92418E+16
196688,10,0,41,100,2018,9,14,4,3,5,3,0,0,1,0,0,0,1,0,3.54459E+20,5.45471E+21,7.00098E+15,4.92279E+16
196689,10,0,41,100,2018,9,15,4,3,0,7,0,1,0,0,0,0,0,0,3.5506E+20,5.45672E+21,7.00851E+15,4.9246E+16
196690,10,0,41,514,2018,10,7,5,3,0,4,1,0,1,1,0,0,0,0,3.58901E+20,5.44365E+21,7.06584E+15,4.91295E+16
196691,10,0,41,100,2018,9,13,4,3,5,3,0,1,1,0,0,0,0,0,3.57148E+20,5.45762E+21,7.03685E+15,4.92546E+16
196692,10,0,43,114,2018,10,7,4,3,6,4,1,0,1,1,0,0,0,0,3.67932E+20,5.46825E+21,7.18145E+15,4.93527E+16
196693,10,0,41,100,2018,10,11,4,3,0,5,0,0,1,0,0,0,1,0,3.5171E+20,5.45413E+21,6.96346E+15,4.9222E+16
196694,10,0,41,100,2018,10,5,3,3,4,2,2,0,1,0,1,0,0,0,3.48478E+20,5.45496E+21,6.91878E+15,4.92287E+16
196695,10,0,41,519,2018,9,0,3,3,0,1,2,0,0,0,1,0,0,0,3.43876E+20,5.4578E+21,6.85452E+15,4.9253E+16
196696,10,0,43,114,2018,10,7,2,3,5,2,2,1,1,0,0,0,0,1,3.71198E+20,5.46776E+21,7.22656E+15,4.93489E+16
196697,10,0,43,114,2018,12,22,1,2,1,5,2,0,1,0,0,0,0,1,3.68938E+20,5.46801E+21,7.19538E+15,4.93507E+16
196698,10,0,45,111,2018,9,12,2,3,0,4,0,0,1,1,0,0,0,0,3.73744E+20,5.46567E+21,7.26226E+15,4.93307E+16
196699,10,0,41,100,2018,10,15,2,3,2,6,0,0,1,0,0,0,0,0,3.53141E+20,5.45699E+21,6.98205E+15,4.9248E+16
196700,10,0,41,100,2018,10,16,2,3,6,2,0,0,1,1,0,0,0,0,3.52963E+20,5.45514E+21,6.98028E+15,4.92314E+16
196701,10,0,41,100,2018,10,10,2,3,0,7,0,0,1,0,0,0,0,0,3.51865E+20,5.45478E+21,6.96535E+15,4.92279E+16
196702,10,0,43,114,2018,9,7,2,2,8,1,0,1,0,0,0,0,0,0,3.67708E+20,5.46775E+21,7.17854E+15,4.93481E+16
196703,10,0,45,117,2018,10,10,1,3,1,5,0,1,1,0,0,0,0,0,3.60389E+20,5.45869E+21,7.08099E+15,4.9265E+16
196704,10,0,44,115,2018,11,9,6,3,5,3,0,1,1,0,0,0,0,1,3.36532E+20,5.46519E+21,6.75066E+15,4.93176E+16
196705,10,0,41,519,2018,9,13,2,3,6,4,0,0,1,1,0,0,0,0,3.42795E+20,5.45989E+21,6.83886E+15,4.92716E+16
196706,10,0,45,117,2018,10,1,1,3,9,1,2,0,1,0,0,0,0,0,3.6591E+20,5.46013E+21,7.15636E+15,4.92792E+16
196707,10,0,41,518,2018,11,16,6,3,2,2,0,0,1,0,0,0,1,1,3.59626E+20,5.46398E+21,7.06865E+15,4.93124E+16
196708,10,0,41,100,2018,9,16,2,3,2,6,0,0,1,0,0,0,0,0,3.51962E+20,5.4538E+21,6.96704E+15,4.92191E+16
196709,10,0,42,113,2018,9,2,1,3,6,7,2,0,1,1,0,0,0,0,3.29224E+20,5.47946E+21,6.64406E+15,4.94438E+16
196710,10,0,41,515,2018,10,10,7,3,4,2,0,0,1,0,1,0,0,0,3.45846E+20,5.46145E+21,6.88016E+15,4.92864E+16
196711,10,0,45,114,2018,12,4,7,3,1,1,2,0,1,0,0,0,0,1,3.7939E+20,5.46465E+21,7.34024E+15,4.93227E+16
196712,10,0,46,111,2018,9,11,7,3,0,1,0,1,0,0,0,0,0,0,3.72995E+20,5.49007E+21,7.24414E+15,4.95499E+16
196713,10,0,41,100,2018,10,15,7,2,0,7,0,1,0,0,0,0,0,0,3.53149E+20,5.45647E+21,6.98235E+15,4.92434E+16
196714,10,0,45,114,2018,10,11,6,3,5,3,0,1,1,0,0,0,0,0,3.79651E+20,5.46353E+21,7.34417E+15,4.93127E+16
196715,10,0,44,114,2018,10,17,6,3,5,3,0,0,1,0,1,0,0,0,3.31874E+20,5.47231E+21,6.68361E+15,4.93803E+16
196716,10,0,46,115,2018,11,15,5,3,4,2,0,0,1,0,1,0,0,1,3.54859E+20,5.49657E+21,6.99116E+15,4.96043E+16
196717,10,0,43,114,2018,9,22,7,3,0,7,2,0,0,0,1,0,0,0,3.68033E+20,5.46765E+21,7.18305E+15,4.93473E+16
196718,10,0,41,514,2018,10,14,6,3,1,7,0,1,1,0,0,0,0,0,3.56822E+20,5.4474E+21,7.03602E+15,4.91627E+16
196719,10,0,42,113,2018,11,7,5,3,1,5,2,0,1,0,0,0,0,1,3.28498E+20,5.47831E+21,6.63454E+15,4.94333E+16
196720,10,0,43,113,2018,12,8,2,3,5,3,0,0,1,0,0,0,0,0,3.59039E+20,5.46969E+21,7.05857E+15,4.93636E+16
196721,10,0,43,114,2018,9,15,7,2,0,1,0,0,0,0,1,0,0,0,3.68679E+20,5.47026E+21,7.19107E+15,4.93708E+16
196722,10,0,41,518,2018,9,9,7,3,5,3,0,1,1,0,0,0,0,0,3.60482E+20,5.4642E+21,7.08035E+15,4.93146E+16
196723,10,0,41,100,2018,10,22,6,3,1,5,2,0,1,0,0,0,0,0,3.46507E+20,5.4562E+21,6.89126E+15,4.92393E+16
196724,10,0,42,111,2018,11,8,4,3,2,6,0,0,1,0,0,0,0,1,3.31913E+20,5.47302E+21,6.68386E+15,4.93867E+16
196725,10,0,41,512,2018,9,14,7,2,6,6,0,0,1,1,0,0,0,0,3.42518E+20,5.45276E+21,6.83785E+15,4.92074E+16
196726,10,0,41,100,2018,9,23,7,3,5,3,2,0,1,0,1,0,0,0,3.50951E+20,5.4566E+21,6.95212E+15,4.9244E+16
196727,10,0,45,117,2018,10,14,5,2,0,1,0,1,0,0,0,0,0,0,3.62782E+20,5.46036E+21,7.11329E+15,4.92806E+16
196728,10,0,41,100,2018,9,12,7,2,6,7,0,0,1,1,0,0,0,0,3.53952E+20,5.45662E+21,6.99332E+15,4.92449E+16
196729,10,0,43,116,2018,10,14,5,3,2,6,0,0,1,0,0,0,0,0,3.63534E+20,5.46843E+21,7.12087E+15,4.93533E+16
196730,10,0,43,114,2018,10,16,5,3,9,1,0,0,0,0,1,0,0,0,3.70366E+20,5.46829E+21,7.21494E+15,4.93535E+16
196731,10,0,41,100,2018,9,4,7,3,2,6,2,0,1,0,0,0,0,0,3.53171E+20,5.45611E+21,6.98279E+15,4.92402E+16
196732,10,0,43,114,2018,10,7,5,3,4,5,0,0,1,0,0,0,0,0,3.69251E+20,5.46713E+21,7.19997E+15,4.93429E+16
196733,10,0,41,100,2018,11,5,4,3,4,2,2,1,1,0,0,0,0,0,3.54243E+20,5.45586E+21,6.9976E+15,4.92382E+16
196734,10,0,45,117,2018,8,10,6,3,1,6,0,0,1,0,0,0,0,0,3.63192E+20,5.45979E+21,7.11913E+15,4.92755E+16
196735,10,0,41,513,2018,10,13,5,3,4,5,0,0,1,0,1,0,0,0,3.49355E+20,5.46674E+21,6.92639E+15,4.93348E+16
196736,10,0,45,114,2018,8,12,6,2,6,2,0,0,1,1,0,0,0,0,3.78875E+20,5.46449E+21,7.33321E+15,4.93212E+16
196737,10,0,42,113,2018,8,7,6,3,6,6,0,1,0,1,0,0,0,0,3.28632E+20,5.47904E+21,6.63607E+15,4.94399E+16
196738,10,0,41,519,2018,10,7,5,3,0,7,0,0,0,0,0,0,1,0,3.46357E+20,5.45762E+21,6.88866E+15,4.9252E+16
196739,10,0,43,114,2018,8,17,6,2,6,4,0,0,1,1,0,0,0,0,3.67403E+20,5.46793E+21,7.17429E+15,4.93497E+16