OBJECTID_1,ULAND,UREGBEZ,UKREIS,UGEMEINDE,UJAHR,UMONAT,USTUNDE,UWOCHENTAG,UKATEGORIE,UART,UTYP1,ULICHTVERH,IstRad,IstPKW,IstFuss,IstKrad,IstGkfz,IstSonstig,STRZUSTAND,LINREFX,LINREFY,XGCSWGS84,YGCSWGS84
196740,10,0,41,100,2018,10,17,5,3,2,6,0,0,1,0,0,0,0,0,3.55896E+20,5.45505E+21,7.02058E+15,4.92312E+16
196741,10,0,44,117,2018,8,6,6,3,6,4,0,0,1,1,0,0,0,0,3.43876E+20,5.47702E+21,6.847E+15,4.94258E+16
196742,10,0,43,116,2018,10,17,4,3,2,6,0,0,1,0,0,0,0,0,3.62132E+20,5.46815E+21,7.10168E+15,4.93505E+16
196743,10,0,44,111,2018,8,7,6,3,9,1,0,0,0,0,1,0,0,0,3.34257E+20,5.46864E+21,6.71794E+15,4.93479E+16
196744,10,0,43,114,2018,10,22,3,2,5,7,2,0,1,1,0,0,0,0,3.67916E+20,5.46681E+21,7.18171E+15,4.93397E+16
196745,10,0,41,100,2018,8,12,5,2,5,2,0,1,1,0,0,0,0,1,3.52409E+20,5.45528E+21,6.97263E+15,4.92325E+16
196746,10,0,41,519,2018,10,21,2,3,0,7,2,0,0,0,1,0,0,0,3.42477E+20,5.4583E+21,6.83512E+15,4.92571E+16
196747,10,0,45,114,2018,11,11,3,3,6,7,0,0,1,1,0,0,0,0,3.79551E+20,5.46463E+21,7.34246E+15,4.93225E+16
196748,10,0,43,114,2018,8,11,4,3,0,7,0,0,0,0,0,0,1,0,3.66738E+20,5.46655E+21,7.16559E+15,4.93371E+16
196749,10,0,41,515,2018,10,1,2,3,0,7,2,0,1,0,0,0,0,0,3.47541E+20,5.46334E+21,6.90275E+15,4.93037E+16
196750,10,0,41,100,2018,8,15,4,3,5,3,0,0,1,0,0,0,0,0,3.57851E+20,5.45928E+21,7.04592E+15,4.92697E+16
196751,10,0,41,100,2018,10,18,7,2,6,4,0,0,1,1,0,0,0,0,3.52191E+20,5.4561E+21,6.96934E+15,4.92398E+16
196752,10,0,42,112,2018,10,7,6,3,4,6,0,0,1,0,0,0,0,0,3.34741E+20,5.48268E+21,6.71876E+15,4.94743E+16
196753,10,0,41,518,2018,8,10,4,3,5,5,0,0,1,0,0,0,0,0,3.59726E+20,5.46108E+21,7.07104E+15,4.92864E+16
196754,10,0,42,116,2018,10,6,6,3,3,6,2,1,1,0,0,0,0,0,3.45874E+20,5.48614E+21,6.87097E+15,4.95083E+16
196755,10,0,44,111,2018,11,16,3,3,0,1,0,1,0,0,0,0,0,1,3.3485E+20,5.4692E+21,6.72587E+15,4.93531E+16
196756,10,0,45,117,2018,8,11,3,3,5,3,0,0,1,0,0,0,0,0,3.62534E+20,5.46038E+21,7.10988E+15,4.92807E+16
196757,10,0,43,114,2018,10,16,6,3,0,7,0,1,1,0,0,0,0,0,3.68486E+20,5.46789E+21,7.1892E+15,4.93495E+16
196758,10,0,41,100,2018,11,16,3,2,6,4,2,0,1,1,0,0,0,0,3.55619E+20,5.45582E+21,7.0165E+15,4.92381E+16
196759,10,0,45,114,2018,8,16,3,3,0,7,0,1,1,0,0,0,0,0,3.79267E+20,5.46454E+21,7.33858E+15,4.93217E+16
196760,10,0,43,117,2018,8,16,3,2,6,2,0,0,1,1,0,0,0,0,3.63799E+20,5.4639E+21,7.12607E+15,4.93127E+16
196761,10,0,43,114,2018,10,10,6,2,2,6,0,1,1,0,0,0,0,0,3.71407E+20,5.46583E+21,7.23006E+15,4.93316E+16
196762,10,0,44,121,2018,8,18,3,3,1,7,0,1,1,0,0,0,0,0,3.34006E+20,5.46654E+21,6.71536E+15,4.9329E+16
196763,10,0,41,515,2018,8,17,3,3,5,3,0,0,1,0,0,0,0,0,3.47837E+20,5.46199E+21,6.90732E+15,4.92917E+16
196764,10,0,44,112,2018,10,21,6,3,0,1,2,0,1,0,0,0,0,0,3.44462E+20,5.47209E+21,6.85699E+15,4.93816E+16
196765,10,0,44,115,2018,8,9,2,3,8,1,0,0,1,0,0,0,0,1,3.38367E+20,5.46876E+21,6.77444E+15,4.93501E+16
196766,10,0,44,115,2018,10,15,6,3,5,3,0,1,1,0,0,0,0,0,3.37272E+20,5.46647E+21,6.76031E+15,4.93292E+16
196767,10,0,45,114,2018,10,14,5,3,5,3,0,1,1,0,0,0,0,0,3.79069E+20,5.46662E+21,7.33523E+15,4.93403E+16
196768,10,0,45,111,2018,10,10,5,2,0,7,0,0,0,0,0,1,0,0,3.72463E+20,5.46745E+21,7.24408E+15,4.93465E+16
196769,10,0,41,519,2018,8,11,2,3,5,3,0,0,1,0,1,0,0,1,3.42901E+20,5.45985E+21,6.84033E+15,4.92712E+16
196770,10,0,45,114,2018,10,2,5,3,0,7,2,0,0,0,1,0,0,0,3.78451E+20,5.46572E+21,7.327E+15,4.93321E+16
196771,10,0,41,100,2018,8,16,2,3,2,6,0,0,1,0,0,0,0,0,3.57181E+20,5.4546E+21,7.03839E+15,4.92275E+16
196772,10,0,42,113,2018,10,10,5,3,2,6,0,0,1,0,0,0,0,0,3.3193E+20,5.48187E+21,6.68033E+15,4.94662E+16
196773,10,0,41,100,2018,8,21,1,3,0,7,2,0,0,0,0,0,1,0,3.54415E+20,5.45627E+21,6.99982E+15,4.92419E+16
196774,10,0,44,119,2018,8,18,7,3,2,6,0,0,1,0,0,0,0,0,3.33855E+20,5.46052E+21,6.7158E+15,4.92748E+16
196775,10,0,45,111,2018,10,16,5,2,8,1,0,0,0,0,1,0,0,0,3.72827E+20,5.46588E+21,7.24958E+15,4.93323E+16
196776,10,0,41,100,2018,8,13,7,3,1,6,0,0,1,0,0,0,0,0,3.54672E+20,5.45513E+21,7.00374E+15,4.92317E+16
196777,10,0,41,511,2018,10,8,5,1,1,7,1,1,0,0,0,1,0,1,3.61534E+20,5.46564E+21,7.09431E+15,4.93278E+16
196778,10,0,41,519,2018,8,12,6,2,5,3,0,0,1,0,1,0,0,0,3.42637E+20,5.45915E+21,6.83697E+15,4.92648E+16
196779,10,0,41,100,2018,10,20,5,2,4,2,2,0,1,0,1,0,0,0,3.53667E+20,5.45564E+21,6.98978E+15,4.9236E+16
196780,10,0,41,100,2018,8,16,6,3,6,6,0,0,0,1,0,0,1,0,3.53927E+20,5.45664E+21,6.99298E+15,4.92451E+16
196781,10,0,43,114,2018,10,15,4,3,2,6,0,0,1,0,0,0,1,0,3.6973E+20,5.46833E+21,7.20618E+15,4.93537E+16
196782,10,0,44,120,2018,10,12,4,3,5,3,0,0,1,0,0,0,0,0,3.41113E+20,5.45809E+21,6.81647E+15,4.92549E+16
196783,10,0,44,115,2018,10,12,4,3,5,3,0,1,1,0,0,0,0,0,3.38641E+20,5.46595E+21,6.77934E+15,4.9325E+16
196784,10,0,41,100,2018,8,11,6,3,5,3,0,0,1,0,0,0,0,1,3.55175E+20,5.45355E+21,7.01122E+15,4.92176E+16
196785,10,0,41,517,2018,10,15,4,3,0,7,0,0,1,1,0,0,0,0,3.50515E+20,5.46473E+21,6.9431E+15,4.9317E+16
196786,10,0,43,114,2018,8,19,5,3,4,7,0,0,1,0,0,0,0,0,3.67918E+20,5.46727E+21,7.18159E+15,4.93439E+16
196787,10,0,41,100,2018,10,14,4,3,7,1,0,1,0,0,0,0,0,0,3.55215E+20,5.45402E+21,7.0116E+15,4.92218E+16
196788,10,0,41,100,2018,8,12,5,3,9,1,0,0,0,0,1,0,0,0,3.57242E+20,5.45968E+21,7.03741E+15,4.92732E+16
196789,10,0,41,519,2018,8,8,5,2,6,7,0,0,1,1,0,0,0,0,3.43812E+20,5.45771E+21,6.85368E+15,4.92522E+16
196790,10,0,41,100,2018,10,12,4,3,0,7,0,0,1,1,0,0,1,0,3.51711E+20,5.45415E+21,6.96347E+15,4.92222E+16
196791,10,0,41,100,2018,8,19,5,2,5,3,0,1,1,0,0,0,0,0,3.55165E+20,5.45567E+21,7.01032E+15,4.92366E+16
196792,10,0,41,100,2018,10,23,3,3,6,4,2,0,0,1,1,0,0,0,3.5171E+20,5.45413E+21,6.96346E+15,4.9222E+16
196793,10,0,45,116,2018,8,21,4,3,0,3,1,0,1,1,0,0,0,0,3.64675E+20,5.45093E+21,7.14249E+15,4.91962E+16
196794,10,0,44,115,2018,10,12,2,3,1,6,0,0,1,0,0,0,1,0,3.36443E+20,5.46466E+21,6.74965E+15,4.93128E+16
196795,10,0,44,117,2018,12,16,5,2,8,1,2,0,1,0,0,0,0,1,3.41951E+20,5.47638E+21,6.82072E+15,4.94195E+16
196796,10,0,45,114,2018,8,12,4,3,6,4,0,0,1,1,0,0,0,0,3.79176E+20,5.46659E+21,7.33671E+15,4.93401E+16
196797,10,0,41,100,2018,10,13,2,3,4,6,0,1,1,0,0,0,0,0,3.55146E+20,5.45494E+21,7.01032E+15,4.92301E+16
196798,10,0,42,113,2018,8,16,4,3,0,7,0,1,0,0,0,0,0,0,3.26812E+20,5.48235E+21,6.60955E+15,4.94691E+16
196799,10,0,46,117,2018,10,11,7,3,6,4,0,0,1,1,0,0,0,0,3.66935E+20,5.48096E+21,7.16348E+15,4.94667E+16
196800,10,0,42,114,2018,8,9,4,3,6,7,0,0,1,1,0,0,0,0,3.21468E+20,5.48686E+21,6.53382E+15,4.9508E+16
196801,10,0,45,117,2018,10,1,7,2,9,1,2,0,1,0,0,0,0,0,3.64673E+20,5.4592E+21,7.13967E+15,4.92705E+16
196802,10,0,44,115,2018,12,10,2,3,4,6,0,1,1,0,0,0,0,0,3.36886E+20,5.46639E+21,6.75503E+15,4.93284E+16
196803,10,0,42,113,2018,8,7,4,3,6,4,0,0,1,1,0,0,0,0,3.28725E+20,5.48043E+21,6.63676E+15,4.94524E+16
196804,10,0,43,114,2018,8,17,3,3,8,7,0,1,0,0,0,0,0,0,3.7257E+20,5.46509E+21,7.24629E+15,4.93252E+16
196805,10,0,45,112,2018,10,11,7,3,9,7,0,0,1,0,0,0,0,0,3.73117E+20,5.45486E+21,7.25707E+15,4.92333E+16
196806,10,0,41,518,2018,8,13,3,3,5,3,0,1,1,0,0,0,0,0,3.59894E+20,5.46062E+21,7.07352E+15,4.92822E+16
196807,10,0,43,112,2018,10,17,7,3,0,5,0,0,1,0,1,0,0,0,3.5962E+20,5.47075E+21,7.06618E+15,4.93733E+16
196808,10,0,42,116,2018,8,19,2,3,4,1,0,1,1,0,0,0,0,0,3.47346E+20,5.48957E+21,6.88996E+15,4.95395E+16
196809,10,0,44,115,2018,10,13,7,3,3,6,0,0,1,0,0,0,0,0,3.36262E+20,5.4657E+21,6.74673E+15,4.9322E+16
196810,10,0,41,100,2018,8,18,2,2,0,1,0,1,0,0,0,0,0,0,3.5613E+20,5.45452E+21,7.02399E+15,4.92266E+16
196811,11,0,3,3,2018,1,18,5,2,5,2,2,1,1,0,0,0,0,1,8.0338E+20,5.83352E+21,1.34771E+16,5.2567E+16
196812,11,0,6,6,2018,1,11,4,2,5,2,0,1,1,0,0,0,0,0,7.90219E+20,5.81506E+21,1.32674E+16,5.24086E+16
196813,11,0,7,7,2018,1,18,5,3,2,2,2,1,1,0,0,0,0,1,7.94816E+20,5.82356E+21,1.33423E+16,5.24824E+16
196814,11,0,9,9,2018,1,18,2,3,5,3,2,0,1,0,0,0,1,0,8.09447E+20,5.8206E+21,1.35544E+16,5.24477E+16
196815,11,0,12,12,2018,1,18,5,3,5,2,2,1,1,0,0,0,0,1,7.94554E+20,5.83397E+21,1.33477E+16,5.25758E+16
196816,11,0,9,9,2018,1,17,1,3,5,3,2,0,1,0,0,0,0,0,8.11063E+20,5.82123E+21,1.35786E+16,5.24524E+16
196817,11,0,3,3,2018,1,17,5,2,6,2,2,0,1,1,0,0,0,1,8.0437E+20,5.84043E+21,1.34981E+16,5.26283E+16
196818,11,0,5,5,2018,1,7,6,2,6,2,1,0,1,1,0,0,0,0,7.83238E+20,5.83029E+21,1.3178E+16,5.25489E+16
196819,11,0,1,1,2018,1,17,5,3,5,3,2,0,1,0,0,0,0,1,7.93923E+20,5.82776E+21,1.33329E+16,5.25205E+16
196820,11,0,4,4,2018,1,23,3,2,6,4,2,0,1,1,0,0,0,0,7.89474E+20,5.83063E+21,1.327E+16,5.25486E+16
196821,11,0,11,11,2018,1,17,5,2,6,4,2,0,1,1,0,0,0,1,8.03853E+20,5.82872E+21,1.34797E+16,5.25237E+16
196822,11,0,2,2,2018,1,16,5,3,5,2,2,0,1,0,0,0,0,1,8.03014E+20,5.82574E+21,1.34647E+16,5.24974E+16
196823,11,0,12,12,2018,1,5,2,3,1,5,2,0,1,0,0,0,1,0,7.9282E+20,5.83387E+21,1.33221E+16,5.25759E+16
196824,11,0,8,8,2018,1,15,5,3,2,6,1,0,1,0,0,0,0,1,8.00507E+20,5.82375E+21,1.34261E+16,5.24809E+16
196825,11,0,12,12,2018,1,16,5,3,2,6,0,0,1,0,0,0,1,1,7.88615E+20,5.83302E+21,1.32595E+16,5.25705E+16
196826,11,0,8,8,2018,1,3,7,3,6,2,2,0,0,1,0,0,1,1,8.00714E+20,5.82233E+21,1.34278E+16,5.24681E+16
196827,11,0,6,6,2018,1,15,5,3,5,2,0,0,1,0,0,0,0,1,7.95162E+20,5.81882E+21,1.33432E+16,5.24397E+16
196828,11,0,2,2,2018,1,20,4,3,2,6,2,1,1,0,0,0,0,1,7.999E+20,5.82446E+21,1.34178E+16,5.24877E+16
196829,11,0,8,8,2018,1,15,5,3,3,6,1,0,1,0,0,1,0,1,8.02711E+20,5.82212E+21,1.34569E+16,5.24651E+16
196830,11,0,3,3,2018,1,16,7,2,5,2,2,0,1,0,0,0,0,0,8.03378E+20,5.83352E+21,1.34771E+16,5.2567E+16
196831,11,0,8,8,2018,1,14,5,3,6,4,0,0,1,1,0,0,0,1,8.01285E+20,5.81961E+21,1.34337E+16,5.24434E+16
196832,11,0,1,1,2018,1,21,5,3,2,2,2,0,1,0,0,0,1,1,7.95181E+20,5.82591E+21,1.33498E+16,5.25033E+16
196833,11,0,9,9,2018,1,14,5,2,5,3,0,1,1,0,0,0,0,1,8.10991E+20,5.82198E+21,1.35783E+16,5.24592E+16
196834,11,0,1,1,2018,1,16,3,3,2,6,2,0,1,0,0,0,0,0,7.96955E+20,5.83151E+21,1.33808E+16,5.25525E+16
196835,11,0,4,4,2018,1,14,5,2,0,7,0,0,1,0,0,0,0,0,7.89934E+20,5.82654E+21,1.32732E+16,5.25117E+16
196836,11,0,2,2,2018,1,8,2,3,1,5,0,0,1,0,0,0,1,0,8.02313E+20,5.82798E+21,1.34564E+16,5.25179E+16
196837,11,0,6,6,2018,1,14,5,3,0,7,0,0,1,0,1,0,0,1,7.89551E+20,5.81789E+21,1.32601E+16,5.24343E+16
196838,11,0,5,5,2018,1,13,5,2,6,4,0,0,1,1,0,0,0,0,7.82313E+20,5.8272E+21,1.31618E+16,5.25216E+16
196839,11,0,7,7,2018,1,20,7,3,1,5,2,0,1,0,0,0,0,1,7.98015E+20,5.82091E+21,1.33869E+16,5.24569E+16
196840,11,0,11,11,2018,1,13,5,3,5,3,0,0,1,0,0,0,0,1,8.06134E+20,5.82735E+21,1.3512E+16,5.25101E+16
196841,11,0,1,1,2018,1,17,4,3,0,1,2,0,0,0,1,0,0,1,7.97598E+20,5.82844E+21,1.33875E+16,5.25246E+16
196842,11,0,11,11,2018,1,19,5,2,5,3,2,1,1,0,0,0,0,1,8.04599E+20,5.83087E+21,1.34927E+16,5.25426E+16
196843,11,0,8,8,2018,1,13,5,3,5,3,0,0,1,0,0,0,0,1,8.02483E+20,5.82256E+21,1.3454E+16,5.24692E+16
196844,11,0,1,1,2018,1,12,2,3,2,6,0,0,1,0,0,1,0,0,7.97927E+20,5.82887E+21,1.33928E+16,5.25283E+16
196845,11,0,12,12,2018,1,11,5,3,0,5,0,0,1,0,1,0,0,1,7.93359E+20,5.83254E+21,1.33289E+16,5.25637E+16
196846,11,0,2,2,2018,1,7,3,3,5,3,1,1,1,0,0,0,0,0,8.01241E+20,5.82769E+21,1.34404E+16,5.25159E+16
196847,11,0,12,12,2018,1,10,5,3,6,4,0,0,1,1,0,0,0,1,7.92766E+20,5.83633E+21,1.33235E+16,5.25979E+16
196848,11,0,2,2,2018,1,13,2,3,5,3,0,1,1,0,0,0,0,0,8.00366E+20,5.82719E+21,1.34271E+16,5.25119E+16
196849,11,0,9,9,2018,1,5,5,3,5,2,2,1,1,0,0,0,0,1,8.02344E+20,5.82475E+21,1.34539E+16,5.24889E+16
196850,11,0,11,11,2018,1,5,5,3,5,3,2,1,1,0,0,0,0,1,8.06402E+20,5.83371E+21,1.35218E+16,5.2567E+16
196851,11,0,4,4,2018,1,2,6,3,8,1,2,0,1,0,0,0,0,1,7.92266E+20,5.82599E+21,1.3307E+16,5.25055E+16
196852,11,0,4,4,2018,1,10,5,3,5,3,0,0,1,0,0,0,0,1,7.91309E+20,5.82601E+21,1.3293E+16,5.25062E+16
196853,11,0,4,4,2018,1,12,4,3,5,3,0,0,1,0,0,0,0,0,7.89384E+20,5.8231E+21,1.32622E+16,5.24812E+16
196854,11,0,1,1,2018,1,6,5,3,6,2,2,0,1,1,0,0,0,1,7.95234E+20,5.82661E+21,1.33512E+16,5.25095E+16
196855,11,0,9,9,2018,1,6,2,3,5,3,2,1,1,0,0,0,0,0,8.07375E+20,5.81905E+21,1.35226E+16,5.2435E+16
196856,11,0,1,1,2018,1,6,5,3,5,3,2,1,1,0,0,0,0,1,8.0005E+20,5.82809E+21,1.34233E+16,5.25201E+16
196857,11,0,6,6,2018,1,13,1,3,5,2,0,1,1,0,0,0,0,0,7.89008E+20,5.81915E+21,1.32532E+16,5.24459E+16
196858,11,0,2,2,2018,1,8,5,3,5,3,0,1,1,0,0,0,0,1,7.99327E+20,5.82624E+21,1.3411E+16,5.25039E+16
196859,11,0,3,3,2018,1,7,5,3,6,2,2,0,1,1,0,0,0,1,8.00237E+20,5.83118E+21,1.34288E+16,5.25478E+16
196860,11,0,1,1,2018,1,10,2,3,2,2,0,1,1,0,0,0,0,0,7.97166E+20,5.83189E+21,1.33843E+16,5.25557E+16
196861,11,0,12,12,2018,1,7,5,3,6,2,2,0,1,1,0,0,0,1,7.91909E+20,5.83151E+21,1.33066E+16,5.25552E+16
196862,11,0,1,1,2018,1,15,6,3,5,2,1,0,1,0,0,0,0,0,7.96261E+20,5.8285E+21,1.33679E+16,5.25259E+16
196863,11,0,12,12,2018,1,7,5,3,6,7,1,0,0,1,0,0,1,1,7.9391E+20,5.8384E+21,1.33422E+16,5.26159E+16
196864,11,0,6,6,2018,1,10,4,3,3,6,0,0,1,0,0,1,0,0,7.87681E+20,5.81821E+21,1.32329E+16,5.24382E+16
196865,11,0,10,10,2018,1,18,2,3,5,3,2,0,1,0,0,0,0,0,8.14875E+20,5.83006E+21,1.36429E+16,5.25294E+16
196866,11,0,8,8,2018,1,19,7,3,6,7,2,0,1,1,0,0,0,0,8.00671E+20,5.8236E+21,1.34283E+16,5.24795E+16
196867,11,0,2,2,2018,1,1,6,2,0,1,2,1,0,0,0,0,0,1,8.03056E+20,5.82701E+21,1.34664E+16,5.25088E+16
196868,11,0,2,2,2018,1,18,3,3,2,2,2,1,1,0,0,0,0,0,8.02351E+20,5.82708E+21,1.34561E+16,5.25098E+16
196869,11,0,9,9,2018,1,7,5,2,6,2,1,0,1,1,0,0,0,1,8.0501E+20,5.82269E+21,1.34912E+16,5.2469E+16
196870,11,0,7,7,2018,1,10,6,3,6,6,0,0,1,1,0,0,0,0,7.98575E+20,5.81558E+21,1.33904E+16,5.24088E+16
196871,11,0,7,7,2018,1,18,4,3,6,7,2,0,1,1,0,0,0,1,7.96976E+20,5.81685E+21,1.33681E+16,5.24211E+16
196872,11,0,3,3,2018,1,15,3,3,0,3,0,0,0,0,0,0,1,0,8.01535E+20,5.83185E+21,1.34485E+16,5.2553E+16
196873,11,0,12,12,2018,1,7,4,3,6,2,0,0,0,1,0,0,1,1,7.95288E+20,5.83637E+21,1.33606E+16,5.25969E+16
196874,11,0,7,7,2018,1,13,4,3,5,2,0,1,0,0,0,1,0,1,8.00102E+20,5.82144E+21,1.3418E+16,5.24605E+16
196875,11,0,2,2,2018,1,8,2,2,6,2,0,0,1,1,0,0,0,0,7.98441E+20,5.82653E+21,1.33982E+16,5.2507E+16
196876,11,0,1,1,2018,1,20,4,2,6,4,2,0,1,1,0,0,0,1,7.99661E+20,5.82709E+21,1.34166E+16,5.25113E+16
196877,11,0,3,3,2018,1,7,4,3,6,4,2,0,0,1,0,0,1,1,8.02362E+20,5.83123E+21,1.34601E+16,5.2547E+16
196878,11,0,1,1,2018,1,14,7,3,5,7,0,0,1,0,0,0,0,0,7.95114E+20,5.82924E+21,1.33517E+16,5.25331E+16
196879,11,0,4,4,2018,1,13,4,3,5,2,0,1,1,0,0,0,0,1,7.90799E+20,5.82737E+21,1.32867E+16,5.25187E+16
196880,11,0,1,1,2018,1,21,5,3,6,2,2,0,1,1,0,0,0,1,7.95542E+20,5.83075E+21,1.33594E+16,5.25465E+16
196881,11,0,11,11,2018,1,16,4,3,5,3,2,0,1,0,0,0,0,1,8.04672E+20,5.83074E+21,1.34936E+16,5.25413E+16
196882,11,0,1,1,2018,1,12,3,3,2,7,0,1,1,0,0,0,0,0,7.97858E+20,5.82684E+21,1.33899E+16,5.25102E+16
196883,11,0,7,7,2018,1,16,4,3,5,2,2,1,1,0,0,0,0,1,7.94551E+20,5.82233E+21,1.33374E+16,5.24715E+16
196884,11,0,10,10,2018,1,13,2,3,0,6,0,0,0,0,0,0,1,0,8.10632E+20,5.82798E+21,1.35786E+16,5.25133E+16
196885,11,0,1,1,2018,1,15,4,3,5,3,0,1,1,0,0,0,0,0,7.97567E+20,5.83094E+21,1.33893E+16,5.2547E+16
196886,11,0,5,5,2018,1,15,4,3,2,6,0,0,1,0,0,0,0,1,7.84472E+20,5.83167E+21,1.31974E+16,5.25606E+16
196887,11,0,7,7,2018,1,22,7,3,5,3,2,0,1,0,0,0,0,0,7.94964E+20,5.8254E+21,1.33461E+16,5.24988E+16
196888,11,0,3,3,2018,1,17,4,3,5,3,1,0,1,0,0,0,0,1,8.01612E+20,5.82936E+21,1.34474E+16,5.25306E+16
196889,11,0,6,6,2018,1,6,2,3,0,7,2,0,1,0,0,0,0,0,7.94696E+20,5.82167E+21,1.33389E+16,5.24655E+16
196890,11,0,4,4,2018,1,17,4,2,0,4,1,0,1,1,0,0,1,1,7.90846E+20,5.82739E+21,1.32874E+16,5.25189E+16
196891,11,0,5,5,2018,1,18,4,3,5,3,2,0,1,0,0,0,0,1,7.8892E+20,5.82932E+21,1.32607E+16,5.25372E+16
196892,11,0,8,8,2018,1,1,7,3,6,2,2,0,1,1,0,0,0,0,8.0258E+20,5.82309E+21,1.34559E+16,5.24739E+16
196893,11,0,4,4,2018,1,19,4,3,6,2,2,0,1,1,0,0,0,1,7.90467E+20,5.8267E+21,1.32812E+16,5.25128E+16
196894,11,0,6,6,2018,1,18,4,3,2,6,2,0,1,0,0,0,0,1,7.93319E+20,5.81697E+21,1.33146E+16,5.24241E+16
196895,11,0,6,6,2018,1,19,4,3,6,2,2,0,1,1,0,0,0,1,7.93212E+20,5.81982E+21,1.33155E+16,5.24497E+16
196896,11,0,4,4,2018,1,11,3,3,2,7,0,0,1,0,0,0,0,0,7.91937E+20,5.82479E+21,1.33011E+16,5.24949E+16
196897,11,0,1,1,2018,1,20,4,3,6,2,2,0,1,1,0,0,0,1,7.97355E+20,5.83119E+21,1.33864E+16,5.25494E+16
196898,11,0,2,2,2018,1,11,2,2,6,4,0,1,0,1,0,0,0,0,7.99237E+20,5.82625E+21,1.34097E+16,5.25041E+16
196899,11,0,1,1,2018,1,13,4,3,6,4,0,0,1,1,0,0,0,1,7.94715E+20,5.82606E+21,1.33431E+16,5.25048E+16
196900,11,0,10,10,2018,1,16,6,3,5,3,2,1,1,0,0,0,0,0,8.1201E+20,5.83059E+21,1.36013E+16,5.25359E+16
196901,11,0,4,4,2018,1,11,4,3,1,5,0,1,1,0,0,0,0,1,7.90442E+20,5.82624E+21,1.32804E+16,5.25087E+16
196902,11,0,1,1,2018,1,11,4,3,3,1,0,0,1,0,0,0,0,1,7.9996E+20,5.82746E+21,1.34214E+16,5.25146E+16
196903,11,0,3,3,2018,1,11,4,3,5,3,0,0,1,0,0,0,1,1,8.0402E+20,5.84127E+21,1.34937E+16,5.26361E+16
196904,11,0,7,7,2018,1,13,4,2,1,5,0,0,1,0,0,0,0,1,7.94931E+20,5.82469E+21,1.3345E+16,5.24924E+16
196905,11,0,2,2,2018,1,20,5,3,0,7,2,1,0,0,0,0,1,1,8.00817E+20,5.82689E+21,1.34334E+16,5.25089E+16
196906,11,0,5,5,2018,1,10,4,3,5,3,0,0,1,0,0,0,0,1,7.80072E+20,5.82769E+21,1.31293E+16,5.25272E+16
196907,11,0,3,3,2018,1,7,2,3,5,3,0,1,0,0,0,0,0,0,7.98551E+20,5.83488E+21,1.34073E+16,5.25818E+16
196908,11,0,4,4,2018,1,11,4,2,6,4,0,0,1,1,0,0,0,1,7.94412E+20,5.82588E+21,1.33384E+16,5.25034E+16
196909,11,0,7,7,2018,1,18,1,3,1,5,2,1,1,0,0,0,0,0,7.95476E+20,5.82391E+21,1.33523E+16,5.24852E+16
196910,11,0,5,5,2018,1,10,4,3,5,3,0,1,0,0,0,1,0,1,7.84451E+20,5.83025E+21,1.31958E+16,5.25478E+16
196911,11,0,6,6,2018,1,14,6,3,5,2,0,1,1,0,0,0,0,0,7.94801E+20,5.81982E+21,1.33388E+16,5.24489E+16
196912,11,0,8,8,2018,1,9,4,3,5,3,0,1,1,0,0,0,0,1,8.00092E+20,5.81916E+21,1.34158E+16,5.24401E+16
196913,11,0,3,3,2018,1,8,4,3,2,7,1,0,1,0,0,0,0,0,8.01689E+20,5.83011E+21,1.34492E+16,5.25374E+16
196914,11,0,10,10,2018,1,7,4,2,6,4,2,0,1,1,0,0,0,1,8.11216E+20,5.82887E+21,1.3588E+16,5.25209E+16
196915,11,0,10,10,2018,1,17,2,3,6,4,2,0,1,1,0,0,0,0,8.12168E+20,5.83102E+21,1.3604E+16,5.25396E+16
196916,11,0,7,7,2018,1,7,4,2,6,2,2,0,1,1,0,0,0,1,7.99764E+20,5.81397E+21,1.34064E+16,5.23938E+16
196917,11,0,1,1,2018,1,7,4,3,3,6,1,0,1,0,0,1,0,1,7.99736E+20,5.82754E+21,1.34182E+16,5.25154E+16
196918,11,0,1,1,2018,1,17,7,3,6,2,2,0,1,1,0,0,0,0,7.97005E+20,5.83148E+21,1.33815E+16,5.25522E+16
196919,11,0,1,1,2018,1,7,4,2,6,2,2,0,1,1,0,0,0,1,7.96153E+20,5.83226E+21,1.33697E+16,5.25597E+16
196920,11,0,7,7,2018,1,18,2,3,5,3,2,1,0,0,0,0,0,0,7.94798E+20,5.82357E+21,1.33421E+16,5.24825E+16
196921,11,0,11,11,2018,1,7,4,3,6,4,2,0,1,1,0,0,0,1,8.04892E+20,5.82996E+21,1.34961E+16,5.25342E+16
196922,11,0,10,10,2018,1,16,1,3,2,2,1,0,1,0,0,0,0,0,8.09891E+20,5.83146E+21,1.3571E+16,5.25448E+16
196923,11,0,5,5,2018,1,7,4,2,6,4,2,0,1,1,0,0,0,1,7.83255E+20,5.83027E+21,1.31783E+16,5.25487E+16
196924,11,0,1,1,2018,1,7,6,3,6,2,0,0,1,1,0,0,0,0,7.94525E+20,5.83158E+21,1.33452E+16,5.25544E+16