OBJECTID_1,ULAND,UREGBEZ,UKREIS,UGEMEINDE,UJAHR,UMONAT,USTUNDE,UWOCHENTAG,UKATEGORIE,UART,UTYP1,ULICHTVERH,IstRad,IstPKW,IstFuss,IstKrad,IstGkfz,IstSonstig,STRZUSTAND,LINREFX,LINREFY,XGCSWGS84,YGCSWGS84
196925,11,0,7,7,2018,1,6,4,3,5,2,2,1,1,0,0,0,0,1,7.98057E+20,5.82102E+21,1.33877E+16,5.24579E+16
196926,11,0,12,12,2018,1,13,3,3,1,7,0,0,1,0,0,0,1,0,7.90234E+20,5.8356E+21,1.32856E+16,5.25927E+16
196927,11,0,2,2,2018,1,6,4,3,2,3,1,1,1,0,0,0,0,1,8.00907E+20,5.82754E+21,1.34354E+16,5.25147E+16
196928,11,0,1,1,2018,1,6,4,3,5,3,2,1,1,0,0,0,0,1,7.93986E+20,5.83134E+21,1.3337E+16,5.25526E+16
196929,11,0,9,9,2018,1,7,2,3,2,6,1,0,1,0,0,0,0,2,8.08618E+20,5.81919E+21,1.35409E+16,5.24356E+16
196930,11,0,1,1,2018,1,5,4,2,5,3,2,1,1,0,0,0,0,1,7.98821E+20,5.82976E+21,1.34067E+16,5.25358E+16
196931,11,0,1,1,2018,1,9,4,3,6,4,0,1,0,1,0,0,0,0,7.97261E+20,5.82736E+21,1.33816E+16,5.25151E+16
196932,11,0,1,1,2018,1,13,7,3,5,3,0,0,1,0,0,0,0,0,7.97959E+20,5.82708E+21,1.33916E+16,5.25122E+16
196933,11,0,3,3,2018,1,8,4,3,5,3,0,1,1,0,0,0,0,1,7.99063E+20,5.83754E+21,1.34173E+16,5.26054E+16
196934,11,0,9,9,2018,1,20,4,3,6,4,2,0,1,1,0,0,0,1,8.08004E+20,5.82157E+21,1.35341E+16,5.24572E+16
196935,11,0,3,3,2018,1,8,3,3,6,4,1,1,0,1,0,0,0,0,7.97995E+20,5.83306E+21,1.33975E+16,5.25658E+16
196936,11,0,8,8,2018,1,8,4,3,5,3,1,1,1,0,0,0,0,1,8.00569E+20,5.82515E+21,1.34282E+16,5.24935E+16
196937,11,0,2,2,2018,1,23,5,3,5,2,2,1,1,0,0,0,0,1,8.02065E+20,5.82716E+21,1.3452E+16,5.25107E+16
196938,11,0,2,2,2018,1,8,4,3,5,7,0,0,1,0,0,0,1,1,7.98235E+20,5.82585E+21,1.33946E+16,5.25011E+16
196939,11,0,10,10,2018,1,16,3,2,6,4,2,0,1,1,0,0,0,0,8.08696E+20,5.83186E+21,1.35538E+16,5.25491E+16
196940,11,0,4,4,2018,1,7,4,2,6,2,1,0,1,1,0,0,0,1,7.93435E+20,5.82308E+21,1.33216E+16,5.24788E+16
196941,11,0,4,4,2018,1,15,4,3,2,6,0,0,1,0,0,1,0,1,7.89154E+20,5.82754E+21,1.32626E+16,5.25211E+16
196942,11,0,1,1,2018,1,16,2,3,2,6,1,0,1,0,0,0,1,0,7.99512E+20,5.82813E+21,1.34154E+16,5.25208E+16
196943,11,0,10,10,2018,1,7,4,3,6,2,1,0,1,1,0,0,0,1,8.06355E+20,5.83018E+21,1.35178E+16,5.25354E+16
196944,11,0,7,7,2018,1,7,4,2,5,7,1,0,1,0,0,0,0,1,7.95583E+20,5.82446E+21,1.33544E+16,5.249E+16
196945,11,0,2,2,2018,1,20,7,3,5,2,2,0,1,0,0,0,0,0,7.9775E+20,5.82402E+21,1.33858E+16,5.24849E+16
196946,11,0,4,4,2018,1,8,4,2,6,4,1,0,1,1,0,0,0,1,7.91867E+20,5.82571E+21,1.33009E+16,5.25032E+16
196947,11,0,6,6,2018,1,17,4,3,5,3,2,0,1,0,0,0,0,0,7.96243E+20,5.81827E+21,1.33586E+16,5.24342E+16
196948,11,0,4,4,2018,1,17,4,3,6,2,0,0,1,1,0,0,0,0,7.91922E+20,5.82237E+21,1.32988E+16,5.24732E+16
196949,11,0,1,1,2018,1,9,2,3,3,6,0,0,1,0,1,0,0,0,7.9704E+20,5.82658E+21,1.33777E+16,5.25082E+16
196950,11,0,11,11,2018,1,20,3,3,5,3,2,1,1,0,0,0,0,1,8.05031E+20,5.83041E+21,1.34986E+16,5.25381E+16
196951,11,0,2,2,2018,1,11,2,3,3,6,0,0,1,0,0,0,1,0,7.98502E+20,5.82556E+21,1.33982E+16,5.24983E+16
196952,11,0,1,1,2018,1,11,3,3,2,6,0,0,1,0,0,0,0,1,7.96806E+20,5.83057E+21,1.33778E+16,5.25442E+16
196953,11,0,5,5,2018,1,13,2,2,6,2,0,0,1,1,0,0,0,0,7.83669E+20,5.82986E+21,1.3184E+16,5.25448E+16
196954,11,0,3,3,2018,1,18,3,3,8,1,2,0,1,0,0,0,0,1,8.02015E+20,5.83045E+21,1.34543E+16,5.25402E+16
196955,11,0,6,6,2018,1,15,3,3,1,5,0,0,1,0,0,0,0,1,7.92619E+20,5.82088E+21,1.33077E+16,5.24595E+16
196956,11,0,11,11,2018,1,14,6,2,6,2,0,0,1,1,0,0,0,0,8.03409E+20,5.82662E+21,1.34713E+16,5.25051E+16
196957,11,0,4,4,2018,1,13,3,3,0,5,0,0,0,0,1,0,1,1,7.92396E+20,5.82606E+21,1.3309E+16,5.25061E+16
196958,11,0,4,4,2018,1,12,4,3,5,3,0,1,1,0,0,0,0,0,7.88966E+20,5.82364E+21,1.32565E+16,5.24862E+16
196959,11,0,5,5,2018,1,8,5,3,6,4,1,0,1,1,0,0,0,1,7.84115E+20,5.82901E+21,1.31898E+16,5.25369E+16
196960,11,0,9,9,2018,1,12,3,3,5,2,0,0,1,0,0,0,0,1,8.07215E+20,5.81829E+21,1.35195E+16,5.24283E+16
196961,11,0,6,6,2018,1,6,2,3,6,4,2,0,1,1,0,0,0,0,7.92665E+20,5.81978E+21,1.33074E+16,5.24497E+16
196962,11,0,9,9,2018,1,8,3,3,0,7,1,1,0,0,0,0,0,1,8.11113E+20,5.82067E+21,1.35789E+16,5.24475E+16
196963,11,0,8,8,2018,1,16,1,3,5,3,1,0,1,0,0,0,1,0,8.00974E+20,5.8235E+21,1.34327E+16,5.24785E+16
196964,11,0,2,2,2018,1,6,3,3,5,3,2,0,1,0,0,0,0,1,8.01271E+20,5.82795E+21,1.34411E+16,5.25182E+16
196965,11,0,12,12,2018,1,14,6,3,2,6,0,0,1,0,0,0,0,1,7.90942E+20,5.83383E+21,1.32944E+16,5.25765E+16
196966,11,0,6,6,2018,1,5,3,3,6,2,2,0,1,1,0,0,0,1,7.95348E+20,5.81844E+21,1.33456E+16,5.24362E+16
196967,11,0,9,9,2018,1,5,4,2,8,1,2,0,1,0,0,0,0,2,8.17411E+20,5.82335E+21,1.36738E+16,5.24679E+16
196968,11,0,5,5,2018,1,13,3,2,5,2,0,0,1,0,0,0,0,1,7.84673E+20,5.82971E+21,1.31986E+16,5.25429E+16
196969,11,0,12,12,2018,1,16,6,2,0,2,2,0,1,0,0,0,1,0,7.94414E+20,5.83624E+21,1.33477E+16,5.25962E+16
196970,11,0,8,8,2018,1,14,3,3,3,6,0,1,0,0,0,0,1,1,8.01908E+20,5.82356E+21,1.34465E+16,5.24785E+16
196971,11,0,5,5,2018,1,10,4,3,2,6,0,0,1,0,0,0,0,0,7.84274E+20,5.83037E+21,1.31933E+16,5.2549E+16
196972,11,0,6,6,2018,1,21,3,3,5,3,2,0,1,0,0,0,0,1,7.87267E+20,5.81656E+21,1.32255E+16,5.24236E+16
196973,11,0,12,12,2018,1,6,2,2,6,4,2,0,1,1,0,0,0,0,7.95609E+20,5.83308E+21,1.33624E+16,5.25672E+16
196974,11,0,10,10,2018,1,17,3,2,6,4,2,0,1,1,0,0,0,1,8.08757E+20,5.83409E+21,1.35568E+16,5.2569E+16
196975,11,0,2,2,2018,1,19,7,3,5,3,2,1,1,0,0,0,0,0,7.97286E+20,5.82559E+21,1.33804E+16,5.24992E+16
196976,11,0,9,9,2018,1,18,3,3,5,3,2,1,1,0,0,0,0,1,8.04498E+20,5.82172E+21,1.34828E+16,5.24606E+16
196977,11,0,8,8,2018,1,22,6,3,1,5,2,0,1,0,0,0,0,1,8.01918E+20,5.8231E+21,1.34462E+16,5.24744E+16
196978,11,0,3,3,2018,1,17,3,3,3,6,2,0,1,0,0,0,1,1,8.03184E+20,5.83799E+21,1.34784E+16,5.26071E+16
196979,11,0,2,2,2018,1,19,3,3,2,6,2,0,1,0,0,0,0,0,7.9831E+20,5.82529E+21,1.33952E+16,5.24959E+16
196980,11,0,7,7,2018,1,17,3,3,6,4,2,0,1,1,0,0,0,1,7.97841E+20,5.82078E+21,1.33843E+16,5.24559E+16
196981,11,0,8,8,2018,1,17,3,3,5,3,2,0,1,0,0,0,0,1,8.03578E+20,5.81864E+21,1.34665E+16,5.24335E+16
196982,11,0,1,1,2018,1,16,2,3,5,3,1,1,1,0,0,0,0,0,7.94379E+20,5.8308E+21,1.33423E+16,5.25475E+16
196983,11,0,6,6,2018,1,17,3,3,1,5,2,1,1,0,0,0,0,1,7.93354E+20,5.82081E+21,1.33184E+16,5.24585E+16
196984,11,0,4,4,2018,1,17,3,3,5,2,1,0,1,0,0,0,1,1,7.93987E+20,5.82615E+21,1.33325E+16,5.25061E+16
196985,11,0,9,9,2018,1,17,3,3,5,2,2,0,1,0,0,0,0,1,8.07701E+20,5.81838E+21,1.35267E+16,5.24288E+16
196986,11,0,4,4,2018,1,6,3,3,5,3,2,0,1,0,0,0,0,1,7.88807E+20,5.82727E+21,1.32573E+16,5.25189E+16
196987,11,0,6,6,2018,1,16,2,3,1,5,1,0,1,0,0,0,0,0,7.95618E+20,5.81702E+21,1.33483E+16,5.24233E+16
196988,11,0,5,5,2018,1,5,2,3,1,7,2,0,0,0,0,0,1,0,7.83124E+20,5.82737E+21,1.31739E+16,5.25228E+16
196989,11,0,3,3,2018,1,0,2,3,6,4,2,0,1,1,0,0,0,1,8.00466E+20,5.83175E+21,1.34327E+16,5.25527E+16
196990,11,0,8,8,2018,1,16,7,2,6,4,2,0,1,1,0,0,0,0,8.00004E+20,5.81661E+21,1.34123E+16,5.24172E+16
196991,11,0,10,10,2018,1,0,2,2,6,7,2,0,0,1,0,0,1,1,8.07487E+20,5.82884E+21,1.35332E+16,5.25227E+16
196992,11,0,1,1,2018,1,20,5,3,5,3,2,1,1,0,0,0,0,1,7.98682E+20,5.82945E+21,1.34044E+16,5.25331E+16
196993,11,0,8,8,2018,1,22,2,3,5,2,2,0,1,0,0,0,0,0,8.01017E+20,5.8239E+21,1.34337E+16,5.24821E+16
196994,11,0,9,9,2018,1,15,3,3,5,2,1,1,1,0,0,0,0,0,8.07577E+20,5.81543E+21,1.35222E+16,5.24024E+16
196995,11,0,6,6,2018,1,13,2,3,6,4,0,1,0,1,0,0,0,0,7.93233E+20,5.81943E+21,1.33155E+16,5.24462E+16
196996,11,0,10,10,2018,1,13,2,2,5,7,0,1,1,0,0,0,0,0,8.08571E+20,5.82624E+21,1.35467E+16,5.24988E+16
196997,11,0,1,1,2018,1,7,2,3,5,3,1,0,1,0,0,0,0,0,7.98288E+20,5.82878E+21,1.3398E+16,5.25272E+16
196998,11,0,7,7,2018,1,6,2,3,5,3,2,0,1,0,0,0,0,1,7.95766E+20,5.82311E+21,1.33559E+16,5.24778E+16
196999,11,0,8,8,2018,1,22,7,3,3,6,2,0,1,0,0,0,0,0,8.00836E+20,5.82256E+21,1.34298E+16,5.24701E+16
197000,11,0,8,8,2018,1,6,2,2,6,4,2,0,1,1,0,0,0,0,8.0127E+20,5.82401E+21,1.34375E+16,5.24829E+16
197001,11,0,1,1,2018,1,2,4,3,5,3,2,0,1,0,0,0,0,1,7.99101E+20,5.82897E+21,1.34101E+16,5.25286E+16
197002,11,0,5,5,2018,1,22,5,3,3,6,2,0,1,0,0,0,0,1,7.88022E+20,5.82937E+21,1.32476E+16,5.25381E+16
197003,11,0,1,1,2018,1,2,7,2,5,3,2,1,1,0,0,0,0,0,7.98233E+20,5.82963E+21,1.33979E+16,5.25349E+16
197004,11,0,6,6,2018,1,4,2,3,6,2,2,0,1,1,0,0,0,1,7.91911E+20,5.81895E+21,1.32957E+16,5.24426E+16
197005,11,0,1,1,2018,1,17,4,3,2,6,2,0,1,0,1,0,0,1,7.9813E+20,5.82897E+21,1.33958E+16,5.2529E+16
197006,11,0,1,1,2018,1,1,2,3,6,4,2,0,0,1,0,0,1,0,7.95235E+20,5.82661E+21,1.33512E+16,5.25095E+16
197007,11,0,5,5,2018,1,7,3,3,8,1,1,0,1,0,0,0,0,0,7.81567E+20,5.83069E+21,1.31538E+16,5.25533E+16
197008,11,0,7,7,2018,1,1,2,3,5,3,2,0,1,0,0,0,0,0,7.97687E+20,5.81877E+21,1.33802E+16,5.24378E+16
197009,11,0,2,2,2018,1,13,2,3,5,3,0,1,1,0,0,0,0,2,7.98007E+20,5.82526E+21,1.33907E+16,5.24959E+16
197010,11,0,1,1,2018,1,0,2,3,6,4,2,0,1,1,0,0,0,0,7.95678E+20,5.82843E+21,1.33593E+16,5.25255E+16
197011,11,0,5,5,2018,1,0,2,2,6,7,2,0,0,1,0,0,1,0,7.83196E+20,5.82926E+21,1.31765E+16,5.25397E+16
197012,11,0,9,9,2018,1,23,6,3,5,3,2,0,1,0,0,0,0,0,8.06946E+20,5.8223E+21,1.35192E+16,5.24644E+16
197013,11,0,1,1,2018,1,14,2,3,5,2,0,0,1,0,0,0,0,0,7.9525E+20,5.82661E+21,1.33514E+16,5.25095E+16
197014,11,0,9,9,2018,1,12,4,3,2,6,0,0,1,0,0,0,0,1,8.12867E+20,5.81933E+21,1.36033E+16,5.24344E+16
197015,11,0,9,9,2018,1,14,2,3,5,3,0,0,1,0,0,0,0,0,8.07658E+20,5.81936E+21,1.3527E+16,5.24377E+16
197016,11,0,3,3,2018,1,20,2,3,5,3,2,0,1,0,0,0,0,0,8.01612E+20,5.82936E+21,1.34474E+16,5.25306E+16
197017,10,0,44,112,2018,12,10,7,3,8,1,0,0,1,0,0,0,0,1,3.44504E+20,5.47292E+21,6.85725E+15,4.93891E+16
197018,10,0,44,115,2018,12,14,7,3,5,3,0,0,1,0,1,0,0,1,3.36296E+20,5.46568E+21,6.74722E+15,4.93219E+16
197019,11,0,1,1,2018,1,11,2,3,5,2,0,1,0,0,0,0,1,0,7.97763E+20,5.82974E+21,1.33911E+16,5.25362E+16
197020,10,0,41,100,2018,12,18,7,3,5,3,2,0,1,0,0,0,0,1,3.5775E+20,5.45974E+21,7.04437E+15,4.92738E+16
197021,11,0,1,1,2018,1,10,2,3,2,6,0,0,1,0,0,0,0,2,7.93502E+20,5.82937E+21,1.33282E+16,5.25352E+16
197022,10,0,41,513,2018,12,9,7,3,9,1,0,0,1,0,0,0,0,2,3.55266E+20,5.46867E+21,7.007E+15,4.93536E+16
197023,11,0,8,8,2018,1,15,6,3,5,2,0,1,0,0,0,0,1,0,8.01553E+20,5.82404E+21,1.34417E+16,5.2483E+16
197024,10,0,45,114,2018,12,10,5,3,0,7,0,1,0,0,0,0,0,2,3.7912E+20,5.46334E+21,7.33693E+15,4.93108E+16
197025,11,0,2,2,2018,1,8,4,3,5,3,1,1,1,0,0,0,0,0,8.00287E+20,5.82764E+21,1.34263E+16,5.2516E+16
197026,10,0,42,113,2018,12,6,5,3,5,3,2,0,1,0,0,0,0,0,3.29355E+20,5.48166E+21,6.64492E+15,4.94636E+16
197027,11,0,1,1,2018,1,17,2,2,4,2,2,1,0,0,0,0,0,0,7.98642E+20,5.82712E+21,1.34017E+16,5.25122E+16
197028,10,0,41,514,2018,12,16,5,3,8,7,0,0,1,0,0,0,0,0,3.56712E+20,5.44701E+21,7.03465E+15,4.91592E+16
197029,10,0,41,100,2018,12,18,4,3,4,2,2,0,1,0,0,0,0,0,3.54397E+20,5.45434E+21,7.00025E+15,4.92245E+16
197030,11,0,2,2,2018,1,17,7,2,6,4,2,0,1,1,0,0,0,0,8.00675E+20,5.82759E+21,1.3432E+16,5.25153E+16
197031,10,0,41,518,2018,12,18,3,3,0,7,2,1,0,0,0,0,0,0,3.59298E+20,5.46144E+21,7.06504E+15,4.92895E+16
197032,11,0,1,1,2018,1,16,5,3,6,2,2,0,1,1,0,0,0,1,7.96025E+20,5.82626E+21,1.33625E+16,5.25059E+16
197033,11,0,2,2,2018,1,10,1,3,5,3,0,0,1,0,0,0,0,0,7.97113E+20,5.824E+21,1.33764E+16,5.2485E+16
197034,10,0,43,114,2018,12,9,3,2,0,7,0,0,0,0,1,0,0,2,3.6826E+20,5.46958E+21,7.18553E+15,4.93647E+16
197035,11,0,5,5,2018,1,9,6,3,2,6,0,0,1,0,0,0,1,0,7.87945E+20,5.83001E+21,1.3247E+16,5.25439E+16
197036,10,0,41,100,2018,12,14,3,3,1,1,0,1,1,0,0,0,0,0,3.54719E+20,5.45488E+21,7.00448E+15,4.92294E+16
197037,11,0,1,1,2018,1,8,3,3,6,2,1,0,1,1,0,0,0,1,7.96983E+20,5.83151E+21,1.33813E+16,5.25524E+16
197038,10,0,44,115,2018,12,17,2,3,1,6,2,0,1,0,0,0,0,0,3.36069E+20,5.46443E+21,6.7446E+15,4.93106E+16
197039,10,0,44,115,2018,12,14,2,2,5,7,0,1,1,0,0,0,0,0,3.3532E+20,5.46493E+21,6.7341E+15,4.93148E+16
197040,11,0,4,4,2018,1,10,2,2,5,2,0,1,1,0,0,0,0,0,7.88702E+20,5.82737E+21,1.32559E+16,5.25198E+16
197041,10,0,45,114,2018,12,18,7,3,1,7,2,0,1,1,0,0,0,1,3.78184E+20,5.46603E+21,7.32324E+15,4.93348E+16
197042,10,0,42,113,2018,12,19,7,3,6,4,2,0,1,1,0,0,0,1,3.28699E+20,5.47998E+21,6.6366E+15,4.94484E+16
197043,11,0,2,2,2018,1,13,7,3,1,5,0,0,1,0,0,0,0,1,7.99909E+20,5.82476E+21,1.34182E+16,5.24904E+16
197044,10,0,41,100,2018,12,12,7,3,0,6,0,0,1,0,0,0,0,1,3.53719E+20,5.45538E+21,6.99057E+15,4.92338E+16
197045,10,0,41,100,2018,12,15,6,3,2,6,1,0,1,0,0,0,1,1,3.5566E+20,5.45397E+21,7.01773E+15,4.92215E+16
197046,11,0,7,7,2018,1,9,3,3,2,7,0,0,1,0,0,0,1,0,7.94934E+20,5.82265E+21,1.33433E+16,5.24741E+16
197047,10,0,45,114,2018,12,14,5,3,5,3,0,0,1,0,0,0,0,1,3.79686E+20,5.46658E+21,7.34373E+15,4.93401E+16
197048,11,0,12,12,2018,1,13,2,3,1,7,0,0,1,0,0,0,0,0,7.93724E+20,5.83583E+21,1.33372E+16,5.2593E+16
197049,10,0,43,114,2018,12,8,4,2,6,2,0,0,1,1,0,0,0,1,3.68282E+20,5.46784E+21,7.1864E+15,4.93491E+16
197050,11,0,10,10,2018,1,17,3,3,5,2,2,0,1,0,0,0,0,0,8.11352E+20,5.83196E+21,1.35929E+16,5.25485E+16
197051,10,0,41,100,2018,12,11,4,3,4,2,0,0,1,0,0,0,0,1,3.54756E+20,5.45576E+21,7.00467E+15,4.92374E+16
197052,10,0,45,112,2018,12,16,3,3,6,6,1,0,1,1,0,0,0,0,3.73313E+20,5.45538E+21,7.25959E+15,4.92381E+16
197053,11,0,12,12,2018,1,16,2,3,4,7,1,0,1,0,0,0,0,1,7.94756E+20,5.83678E+21,1.33532E+16,5.26009E+16
197054,10,0,41,100,2018,12,17,2,3,6,2,2,0,0,1,0,1,0,0,3.55834E+20,5.45424E+21,7.02002E+15,4.9224E+16
197055,10,0,41,100,2018,12,9,2,3,5,7,0,1,1,0,0,0,0,0,3.53692E+20,5.45423E+21,6.99062E+15,4.92234E+16
197056,11,0,1,1,2018,1,1,7,3,5,3,2,0,1,0,0,0,0,0,7.9696E+20,5.82671E+21,1.33766E+16,5.25094E+16
197057,10,0,45,117,2018,12,10,1,2,9,1,0,0,1,0,0,0,0,2,3.63378E+20,5.46156E+21,7.12107E+15,4.92915E+16
197058,11,0,8,8,2018,1,20,4,3,5,3,2,0,1,0,0,0,0,1,8.01012E+20,5.82486E+21,1.34345E+16,5.24906E+16
197059,10,0,41,515,2018,12,12,1,3,4,6,0,0,1,0,0,0,0,2,3.46407E+20,5.4651E+21,6.88648E+15,4.93193E+16
197060,11,0,5,5,2018,1,21,2,3,2,6,2,0,1,0,0,0,0,0,7.86416E+20,5.83118E+21,1.32255E+16,5.25552E+16
197061,10,0,41,100,2018,12,15,1,3,3,7,1,0,1,0,0,0,0,1,3.53841E+20,5.45788E+21,6.99135E+15,4.92562E+16
197062,11,0,2,2,2018,1,11,2,3,5,2,0,1,1,0,0,0,0,0,7.99852E+20,5.82576E+21,1.34183E+16,5.24993E+16
197063,10,0,41,515,2018,12,19,7,3,0,7,2,0,1,0,0,0,0,0,3.47188E+20,5.46067E+21,6.89891E+15,4.92796E+16
197064,11,0,6,6,2018,1,16,6,2,0,2,2,0,1,0,1,0,0,0,7.93203E+20,5.8198E+21,1.33153E+16,5.24496E+16
197065,10,0,44,111,2018,12,14,6,2,9,7,0,0,1,0,0,0,0,0,3.3761E+20,5.47155E+21,6.76289E+15,4.9375E+16
197066,10,0,42,114,2018,12,8,5,2,6,7,0,0,1,1,0,0,0,1,3.24783E+20,5.4854E+21,6.58022E+15,4.94959E+16
197067,11,0,1,1,2018,1,22,7,3,5,3,2,0,1,0,0,0,0,0,7.94899E+20,5.83108E+21,1.33502E+16,5.25497E+16
197068,10,0,42,113,2018,12,7,3,3,8,1,1,1,0,0,0,0,0,2,3.29552E+20,5.47981E+21,6.64843E+15,4.9447E+16
197069,11,0,4,4,2018,1,14,4,3,2,6,0,0,1,0,0,0,0,0,7.92909E+20,5.82318E+21,1.3314E+16,5.248E+16
197070,11,0,10,10,2018,1,18,5,3,0,2,2,0,1,0,0,0,1,1,8.08206E+20,5.82923E+21,1.35441E+16,5.25258E+16
197071,10,0,43,114,2018,12,9,3,2,8,1,0,0,1,0,0,0,0,2,3.69403E+20,5.46992E+21,7.20115E+15,4.9368E+16
197072,11,0,5,5,2018,1,7,2,3,6,2,1,0,1,1,0,0,0,0,7.85297E+20,5.83259E+21,1.32103E+16,5.25684E+16
197073,10,0,41,100,2018,12,7,3,3,0,7,2,0,0,0,1,0,0,2,3.57736E+20,5.45906E+21,7.04442E+15,4.92677E+16
197074,11,0,8,8,2018,1,17,1,3,1,5,2,1,1,0,0,0,0,0,8.0282E+20,5.81889E+21,1.34556E+16,5.24361E+16
197075,10,0,41,100,2018,12,19,3,3,4,2,2,0,1,0,0,0,0,0,3.5031E+20,5.45589E+21,6.94359E+15,4.92375E+16
197076,11,0,9,9,2018,1,14,6,3,6,4,0,0,1,1,0,0,0,0,8.06041E+20,5.82E+21,1.35039E+16,5.24443E+16
197077,11,0,10,10,2018,1,6,4,2,6,4,2,0,0,1,0,0,1,2,8.11296E+20,5.83129E+21,1.35915E+16,5.25425E+16
197078,11,0,7,7,2018,1,16,2,3,5,2,2,0,1,0,0,0,0,0,7.98353E+20,5.8205E+21,1.33915E+16,5.2453E+16
197079,11,0,8,8,2018,1,16,1,3,5,3,1,0,1,0,0,0,0,0,8.04754E+20,5.81847E+21,1.34836E+16,5.24313E+16
197080,11,0,5,5,2018,1,21,2,2,4,1,2,0,1,0,0,0,0,0,7.83083E+20,5.82684E+21,1.31728E+16,5.2518E+16
197081,11,0,3,3,2018,1,14,1,3,5,3,0,0,1,0,0,0,0,0,7.99461E+20,5.83465E+21,1.34205E+16,5.25793E+16
197082,11,0,9,9,2018,1,19,2,2,9,1,2,0,1,0,0,0,0,0,8.081E+20,5.81864E+21,1.35328E+16,5.24309E+16
197083,11,0,3,3,2018,1,18,1,2,5,2,2,0,1,0,0,0,0,1,8.01478E+20,5.82981E+21,1.34458E+16,5.25348E+16
197084,11,0,1,1,2018,1,18,2,3,2,6,2,1,1,0,0,0,0,0,7.95689E+20,5.8282E+21,1.33593E+16,5.25235E+16
197085,11,0,8,8,2018,1,21,1,3,1,5,2,0,1,0,0,0,0,0,8.04752E+20,5.81744E+21,1.34826E+16,5.2422E+16
197086,11,0,11,11,2018,1,17,2,3,5,2,2,1,0,0,0,0,1,0,8.04281E+20,5.83076E+21,1.34879E+16,5.25417E+16
197087,11,0,10,10,2018,1,15,1,2,8,1,0,0,1,0,0,0,0,1,8.08561E+20,5.83341E+21,1.35532E+16,5.2563E+16
197088,11,0,6,6,2018,1,16,2,3,5,2,2,0,1,0,0,0,0,0,7.90244E+20,5.82008E+21,1.32722E+16,5.24536E+16
197089,11,0,3,3,2018,1,18,1,2,0,1,2,1,0,0,0,0,0,1,8.02391E+20,5.82922E+21,1.34587E+16,5.2529E+16
197090,11,0,1,1,2018,1,23,7,3,2,6,2,0,1,0,0,0,0,1,7.9518E+20,5.8313E+21,1.33545E+16,5.25516E+16
197091,11,0,1,1,2018,1,16,2,2,6,4,2,0,0,1,1,0,0,0,7.96343E+20,5.83194E+21,1.33722E+16,5.25567E+16
197092,11,0,8,8,2018,1,18,7,3,5,3,2,1,1,0,0,0,0,1,8.00735E+20,5.82506E+21,1.34306E+16,5.24926E+16
197093,11,0,2,2,2018,1,18,7,3,5,2,2,1,1,0,0,0,0,1,8.02554E+20,5.82673E+21,1.34588E+16,5.25065E+16
197094,11,0,4,4,2018,1,15,2,3,5,2,0,0,1,0,1,0,0,0,7.93798E+20,5.82322E+21,1.33271E+16,5.24799E+16
197095,11,0,12,12,2018,1,17,3,3,6,2,1,0,1,1,0,0,0,1,7.92399E+20,5.83523E+21,1.33171E+16,5.25883E+16
197096,11,0,5,5,2018,1,17,7,2,3,6,2,0,1,0,0,0,0,0,7.81841E+20,5.82845E+21,1.31559E+16,5.25331E+16
197097,11,0,4,4,2018,1,14,2,3,5,3,0,1,0,0,0,0,1,0,7.92641E+20,5.82543E+21,1.3312E+16,5.25003E+16
197098,11,0,10,10,2018,1,15,7,3,6,4,0,0,1,1,0,0,0,0,8.12163E+20,5.83105E+21,1.3604E+16,5.25399E+16
197099,11,0,7,7,2018,1,14,2,3,2,2,0,0,1,0,0,0,1,0,7.99157E+20,5.82131E+21,1.34041E+16,5.24599E+16
197100,11,0,1,1,2018,1,9,3,3,6,4,0,0,1,1,0,0,0,1,7.97383E+20,5.82915E+21,1.3385E+16,5.25311E+16
197101,11,0,11,11,2018,1,14,7,3,5,7,0,0,1,0,0,0,0,0,8.04983E+20,5.82871E+21,1.34963E+16,5.25229E+16
197102,11,0,6,6,2018,1,18,3,3,6,2,2,0,1,1,0,0,0,1,7.93304E+20,5.81696E+21,1.33143E+16,5.2424E+16
197103,11,0,2,2,2018,1,12,2,3,1,5,0,1,1,0,0,0,0,0,7.99856E+20,5.82583E+21,1.34184E+16,5.25E+16
197104,11,0,3,3,2018,1,13,7,3,6,6,0,1,0,1,0,0,0,0,8.00949E+20,5.8312E+21,1.34393E+16,5.25475E+16
197105,11,0,6,6,2018,1,11,2,3,5,7,0,1,1,0,0,0,0,0,7.94097E+20,5.81743E+21,1.33264E+16,5.24278E+16
197106,11,0,10,10,2018,1,2,7,3,6,2,2,0,0,1,0,0,1,1,8.13017E+20,5.83121E+21,1.36167E+16,5.25408E+16
197107,11,0,11,11,2018,1,6,2,3,6,4,2,0,0,1,0,0,1,0,8.05702E+20,5.82808E+21,1.35063E+16,5.25169E+16
197108,11,0,12,12,2018,1,8,7,3,2,6,0,0,1,0,0,0,0,1,7.92737E+20,5.83744E+21,1.3324E+16,5.26079E+16
197109,11,0,1,1,2018,1,10,7,3,5,3,0,0,1,0,0,0,0,1,7.97364E+20,5.83242E+21,1.33877E+16,5.25604E+16
197110,11,0,4,4,2018,1,9,2,3,5,2,0,0,1,0,0,0,0,0,7.91636E+20,5.82451E+21,1.32965E+16,5.24926E+16
197111,11,0,4,4,2018,1,17,3,3,6,2,2,0,1,1,0,0,0,1,7.92753E+20,5.82702E+21,1.33151E+16,5.25145E+16