OBJECTID_1,ULAND,UREGBEZ,UKREIS,UGEMEINDE,UJAHR,UMONAT,USTUNDE,UWOCHENTAG,UKATEGORIE,UART,UTYP1,ULICHTVERH,IstRad,IstPKW,IstFuss,IstKrad,IstGkfz,IstSonstig,STRZUSTAND,LINREFX,LINREFY,XGCSWGS84,YGCSWGS84
197488,11,0,1,1,2018,1,19,5,2,5,3,2,1,1,0,0,0,0,1,7.95042E+20,5.82828E+21,1.33498E+16,5.25245E+16
197489,11,0,5,5,2018,1,17,3,3,2,2,2,0,1,0,0,0,0,0,7.86952E+20,5.82944E+21,1.32319E+16,5.25393E+16
197490,11,0,6,6,2018,1,19,5,2,6,2,2,0,1,1,0,0,0,1,7.92323E+20,5.82075E+21,1.33033E+16,5.24585E+16
197491,11,0,4,4,2018,1,16,3,3,2,6,0,0,1,0,0,1,0,0,7.91178E+20,5.82944E+21,1.32941E+16,5.2537E+16
197492,11,0,6,6,2018,1,19,5,3,5,3,2,1,1,0,0,0,0,1,7.904E+20,5.82084E+21,1.32751E+16,5.24604E+16
197493,11,0,3,3,2018,1,14,3,3,5,3,0,1,1,0,0,0,0,0,7.97413E+20,5.83397E+21,1.33898E+16,5.25743E+16
197494,11,0,5,5,2018,1,12,3,2,6,4,0,0,1,1,0,0,0,0,7.89878E+20,5.82924E+21,1.32748E+16,5.25359E+16
197495,11,0,11,11,2018,1,19,5,3,6,2,2,0,1,1,0,0,0,1,8.0409E+20,5.82598E+21,1.34807E+16,5.2499E+16
197496,11,0,7,7,2018,1,12,3,3,2,2,0,0,1,0,0,0,0,0,7.97943E+20,5.82006E+21,1.33851E+16,5.24493E+16
197497,11,0,1,1,2018,1,18,5,2,0,7,2,0,1,0,0,0,1,1,7.97295E+20,5.82911E+21,1.33837E+16,5.25307E+16
197498,11,0,3,3,2018,1,12,3,3,6,4,0,0,1,1,0,0,0,0,8.03646E+20,5.83203E+21,1.34797E+16,5.25535E+16
197499,11,0,2,2,2018,1,17,5,3,1,5,2,1,1,0,0,0,0,1,8.01676E+20,5.82588E+21,1.34451E+16,5.24994E+16
197500,11,0,3,3,2018,1,18,4,3,2,6,2,0,1,0,0,0,0,0,7.99861E+20,5.8317E+21,1.34237E+16,5.25526E+16
197501,11,0,1,1,2018,1,9,3,2,3,6,0,1,0,0,0,0,1,0,7.97671E+20,5.8286E+21,1.33888E+16,5.2526E+16
197502,11,0,1,1,2018,1,17,4,3,3,6,0,0,1,0,1,0,0,0,7.9522E+20,5.82672E+21,1.33511E+16,5.25105E+16
197503,11,0,4,4,2018,1,21,3,2,5,3,2,0,1,0,0,0,0,0,7.90468E+20,5.82599E+21,1.32806E+16,5.25065E+16
197504,11,0,9,9,2018,1,19,3,3,5,2,2,1,1,0,0,0,0,0,8.10642E+20,5.821E+21,1.35723E+16,5.24506E+16
197505,11,0,1,1,2018,1,20,4,3,5,3,2,1,1,0,0,0,0,1,7.98233E+20,5.82892E+21,1.33973E+16,5.25286E+16
197506,11,0,6,6,2018,1,10,4,3,6,4,0,1,0,1,0,0,0,0,7.93281E+20,5.81896E+21,1.33157E+16,5.2442E+16
197507,11,0,11,11,2018,1,18,3,3,5,2,0,1,1,0,0,0,0,0,8.02401E+20,5.82901E+21,1.34586E+16,5.25271E+16
197508,11,0,1,1,2018,1,7,4,3,6,7,1,1,0,1,0,0,0,1,7.97973E+20,5.82889E+21,1.33935E+16,5.25285E+16
197509,11,0,4,4,2018,1,18,3,3,2,6,2,0,1,0,1,0,0,0,7.90177E+20,5.82606E+21,1.32764E+16,5.25072E+16
197510,11,0,7,7,2018,1,17,3,3,6,2,0,0,1,1,0,0,0,0,7.95996E+20,5.82496E+21,1.33609E+16,5.24943E+16
197511,11,0,9,9,2018,1,7,4,3,5,2,1,0,1,0,0,0,1,1,8.07698E+20,5.81837E+21,1.35267E+16,5.24288E+16
197512,11,0,7,7,2018,1,17,3,3,6,7,2,0,1,1,0,0,0,0,7.93871E+20,5.82157E+21,1.33267E+16,5.2465E+16
197513,11,0,12,12,2018,1,15,4,3,6,4,0,0,1,1,0,0,0,0,7.92226E+20,5.83377E+21,1.33133E+16,5.25753E+16
197514,11,0,1,1,2018,1,19,2,3,5,7,2,0,1,0,0,0,0,1,7.93615E+20,5.82914E+21,1.33296E+16,5.2533E+16
197515,11,0,5,5,2018,1,16,4,3,6,4,0,0,1,1,0,0,0,0,7.87436E+20,5.83011E+21,1.32396E+16,5.2545E+16
197516,11,0,10,10,2018,1,16,4,2,5,3,1,1,0,0,0,0,1,1,8.1263E+20,5.82528E+21,1.36054E+16,5.24879E+16
197517,11,0,6,6,2018,1,18,2,3,1,7,2,0,1,0,0,0,0,1,7.94751E+20,5.81988E+21,1.33381E+16,5.24494E+16
197518,11,0,3,3,2018,1,16,4,2,6,4,1,0,1,1,0,0,0,0,8.04225E+20,5.84015E+21,1.34957E+16,5.26259E+16
197519,11,0,4,4,2018,1,9,2,3,3,6,0,1,1,0,0,0,0,0,7.93163E+20,5.82642E+21,1.33206E+16,5.25089E+16
197520,11,0,3,3,2018,1,16,2,3,0,6,0,1,1,0,0,0,0,1,8.02429E+20,5.83107E+21,1.34609E+16,5.25455E+16
197521,11,0,2,2,2018,1,17,4,2,6,4,2,0,1,1,0,0,0,1,8.01387E+20,5.82773E+21,1.34426E+16,5.25162E+16
197522,11,0,5,5,2018,1,21,2,3,1,5,2,0,1,0,0,0,1,1,7.83656E+20,5.82532E+21,1.31799E+16,5.25041E+16
197523,11,0,8,8,2018,1,13,4,3,0,2,0,0,1,0,1,0,0,1,8.01028E+20,5.81707E+21,1.34277E+16,5.24208E+16
197524,11,0,2,2,2018,1,20,2,3,5,3,2,0,1,0,0,0,1,1,8.00325E+20,5.82762E+21,1.34269E+16,5.25158E+16
197525,11,0,7,7,2018,1,19,2,3,6,4,2,0,0,1,0,0,1,1,7.96686E+20,5.82475E+21,1.33709E+16,5.2492E+16
197526,11,0,1,1,2018,1,18,4,3,5,3,2,1,1,0,0,0,0,0,7.94805E+20,5.82599E+21,1.33443E+16,5.25042E+16
197527,11,0,12,12,2018,1,19,2,3,5,2,2,0,1,0,0,0,0,1,7.91168E+20,5.83402E+21,1.32979E+16,5.25781E+16
197528,11,0,9,9,2018,1,12,4,3,5,7,0,0,1,0,0,0,1,0,8.10708E+20,5.82095E+21,1.35732E+16,5.24502E+16
197529,11,0,1,1,2018,1,18,2,3,0,6,2,0,1,0,1,0,0,1,7.98165E+20,5.82898E+21,1.33964E+16,5.25292E+16
197530,11,0,6,6,2018,1,11,4,3,0,7,0,0,1,0,1,0,0,1,7.93826E+20,5.8185E+21,1.33234E+16,5.24376E+16
197531,11,0,4,4,2018,1,11,4,3,5,7,0,1,1,0,0,0,0,1,7.90044E+20,5.82322E+21,1.3272E+16,5.24819E+16
197532,11,0,1,1,2018,1,18,2,3,6,4,2,0,1,1,0,0,0,1,7.93108E+20,5.8283E+21,1.33214E+16,5.25258E+16
197533,11,0,1,1,2018,1,17,2,2,1,5,2,1,1,0,0,0,0,1,7.97995E+20,5.83137E+21,1.3396E+16,5.25507E+16
197534,11,0,1,1,2018,1,9,4,3,5,3,0,0,1,0,0,0,0,1,7.97469E+20,5.8273E+21,1.33846E+16,5.25144E+16
197535,11,0,11,11,2018,1,22,2,3,5,3,1,0,1,0,0,0,0,1,8.06122E+20,5.82684E+21,1.35113E+16,5.25056E+16
197536,11,0,4,4,2018,1,18,4,3,2,6,2,0,1,0,0,0,0,0,7.92734E+20,5.82706E+21,1.33148E+16,5.25149E+16
197537,11,0,1,1,2018,1,10,2,3,3,7,0,1,1,0,0,0,0,1,7.98799E+20,5.82746E+21,1.34043E+16,5.25151E+16
197538,11,0,6,6,2018,1,8,4,3,2,6,0,0,1,0,0,0,0,1,7.89135E+20,5.81695E+21,1.32532E+16,5.24261E+16
197539,11,0,4,4,2018,1,17,2,3,0,6,2,1,0,0,1,0,0,1,7.91563E+20,5.82662E+21,1.32972E+16,5.25116E+16
197540,11,0,4,4,2018,1,18,4,3,5,2,2,1,1,0,0,0,0,0,7.92578E+20,5.82798E+21,1.33134E+16,5.25232E+16
197541,11,0,9,9,2018,1,7,4,2,6,2,1,0,1,1,0,0,0,1,8.11361E+20,5.82017E+21,1.3582E+16,5.24428E+16
197542,11,0,3,3,2018,1,17,2,3,6,2,2,0,1,1,0,0,0,1,8.00826E+20,5.83349E+21,1.34395E+16,5.25681E+16
197543,11,0,8,8,2018,1,7,4,3,1,5,1,1,1,0,0,0,0,1,8.01028E+20,5.8233E+21,1.34333E+16,5.24766E+16
197544,11,0,12,12,2018,1,17,2,3,6,2,1,0,1,1,0,0,0,1,7.9292E+20,5.83707E+21,1.33264E+16,5.26045E+16
197545,11,0,3,3,2018,1,16,2,3,2,6,2,0,1,0,0,0,0,0,8.01945E+20,5.82976E+21,1.34526E+16,5.25341E+16
197546,11,0,4,4,2018,1,7,4,3,6,2,1,0,1,1,0,0,0,1,7.90944E+20,5.82675E+21,1.32883E+16,5.25131E+16
197547,11,0,5,5,2018,1,17,2,3,5,2,2,1,0,0,0,0,1,1,7.83647E+20,5.82931E+21,1.31832E+16,5.25398E+16
197548,11,0,1,1,2018,1,7,4,3,0,6,1,0,1,0,1,0,0,1,7.93503E+20,5.82934E+21,1.33282E+16,5.25349E+16
197549,11,0,1,1,2018,1,17,2,2,2,6,2,0,1,0,0,0,1,0,7.96358E+20,5.83194E+21,1.33724E+16,5.25567E+16
197550,11,0,11,11,2018,1,5,4,3,0,1,2,0,1,0,1,0,0,1,8.05432E+20,5.83004E+21,1.35041E+16,5.25346E+16
197551,11,0,4,4,2018,1,16,2,3,0,1,2,1,0,0,0,0,0,1,7.90964E+20,5.82947E+21,1.32909E+16,5.25374E+16
197552,11,0,10,10,2018,1,15,2,3,5,3,0,1,1,0,0,0,0,0,8.0843E+20,5.8314E+21,1.35494E+16,5.25451E+16
197553,11,0,1,1,2018,1,13,4,3,5,3,0,1,1,0,0,0,0,1,7.9584E+20,5.82606E+21,1.33596E+16,5.25042E+16
197554,11,0,1,1,2018,1,14,2,3,5,2,0,0,1,0,0,0,0,0,7.94548E+20,5.82906E+21,1.33433E+16,5.25318E+16
197555,11,0,3,3,2018,1,6,3,2,0,5,2,0,1,0,0,0,0,0,7.98045E+20,5.83635E+21,1.34012E+16,5.25953E+16
197556,11,0,10,10,2018,1,14,2,2,3,6,0,0,1,0,0,1,0,0,8.0718E+20,5.83053E+21,1.35303E+16,5.2538E+16
197557,11,0,1,1,2018,1,14,2,3,5,2,0,1,0,0,0,0,1,0,7.97014E+20,5.82894E+21,1.33794E+16,5.25294E+16
197558,11,0,7,7,2018,1,23,3,3,5,2,2,1,1,0,0,0,0,1,7.94739E+20,5.82447E+21,1.3342E+16,5.24906E+16
197559,11,0,11,11,2018,1,14,2,3,3,2,0,0,1,0,0,1,0,0,8.04756E+20,5.82745E+21,1.34918E+16,5.25118E+16
197560,11,0,7,7,2018,1,7,3,3,6,4,0,0,1,1,0,0,0,0,7.94658E+20,5.82423E+21,1.33406E+16,5.24885E+16
197561,11,0,8,8,2018,1,9,3,3,2,6,0,0,1,0,0,0,1,1,8.03185E+20,5.81845E+21,1.34606E+16,5.2432E+16
197562,11,0,3,3,2018,1,9,2,3,5,2,0,0,1,0,0,0,0,1,8.02329E+20,5.8292E+21,1.34577E+16,5.25288E+16
197563,11,0,4,4,2018,1,12,3,3,5,2,0,1,1,0,0,0,0,0,7.92136E+20,5.82746E+21,1.33064E+16,5.25188E+16
197564,11,0,4,4,2018,1,10,3,3,5,2,0,0,1,0,0,0,0,0,7.93355E+20,5.82967E+21,1.33263E+16,5.2538E+16
197565,11,0,5,5,2018,1,7,2,3,2,6,0,0,1,0,0,0,0,1,7.81518E+20,5.83032E+21,1.31528E+16,5.255E+16
197566,11,0,1,1,2018,1,9,2,2,6,4,0,0,1,1,0,0,0,1,7.99817E+20,5.82699E+21,1.34188E+16,5.25104E+16
197567,11,0,8,8,2018,1,9,3,3,5,3,0,0,1,0,0,0,0,0,8.01387E+20,5.82374E+21,1.3439E+16,5.24804E+16
197568,11,0,12,12,2018,1,9,2,3,5,2,0,0,1,0,0,0,1,1,7.92354E+20,5.83407E+21,1.33154E+16,5.25779E+16
197569,11,0,2,2,2018,1,7,3,3,1,5,0,1,0,0,0,1,0,1,8.00755E+20,5.82562E+21,1.34314E+16,5.24976E+16
197570,11,0,9,9,2018,1,7,3,3,5,3,1,0,1,0,0,0,0,1,8.08294E+20,5.81861E+21,1.35356E+16,5.24305E+16
197571,11,0,7,7,2018,1,10,3,3,1,5,0,0,1,0,0,0,1,0,7.98885E+20,5.8189E+21,1.33979E+16,5.24384E+16
197572,11,0,9,9,2018,1,8,2,3,3,6,0,0,1,0,0,1,0,0,8.08619E+20,5.81921E+21,1.35409E+16,5.24358E+16
197573,11,0,1,1,2018,1,6,3,3,6,4,2,0,1,1,0,0,0,0,7.94744E+20,5.83001E+21,1.3347E+16,5.25402E+16
197574,11,0,12,12,2018,1,6,3,2,6,2,2,0,1,1,0,0,0,1,7.95349E+20,5.83384E+21,1.33593E+16,5.25743E+16
197575,11,0,4,4,2018,1,8,2,3,5,3,0,1,1,0,0,0,0,1,7.93118E+20,5.82522E+21,1.33189E+16,5.24981E+16
197576,11,0,11,11,2018,1,10,3,3,2,6,0,0,1,0,0,0,1,1,8.04948E+20,5.83364E+21,1.35003E+16,5.25671E+16
197577,11,0,9,9,2018,1,5,3,3,3,6,2,0,1,0,0,0,1,1,8.09769E+20,5.82053E+21,1.3559E+16,5.24469E+16
197578,11,0,5,5,2018,1,7,2,2,3,6,0,0,1,0,1,0,0,1,7.8466E+20,5.82846E+21,1.31974E+16,5.25317E+16
197579,11,0,11,11,2018,1,17,3,3,5,2,2,1,1,0,0,0,0,1,8.05454E+20,5.83335E+21,1.35075E+16,5.25642E+16
197580,11,0,9,9,2018,1,7,2,3,2,6,0,0,1,0,0,0,1,0,8.09443E+20,5.81841E+21,1.35523E+16,5.24281E+16
197581,11,0,1,1,2018,1,7,2,3,5,3,1,1,1,0,0,0,0,1,7.95985E+20,5.82871E+21,1.33641E+16,5.25279E+16
197582,11,0,2,2,2018,1,18,3,3,1,5,2,1,0,0,0,0,1,1,8.01463E+20,5.8276E+21,1.34436E+16,5.2515E+16
197583,11,0,8,8,2018,1,7,2,3,2,7,0,0,1,0,0,0,0,0,8.01804E+20,5.82198E+21,1.34435E+16,5.24644E+16
197584,11,0,6,6,2018,1,18,3,2,6,4,2,0,1,1,0,0,0,0,7.96042E+20,5.81988E+21,1.33571E+16,5.24487E+16
197585,11,0,6,6,2018,1,7,2,3,5,2,1,1,1,0,0,0,0,1,7.90378E+20,5.82085E+21,1.32748E+16,5.24604E+16
197586,11,0,7,7,2018,1,17,3,3,6,2,2,0,1,1,0,0,0,0,7.98717E+20,5.81601E+21,1.33929E+16,5.24126E+16
197587,11,0,7,7,2018,1,7,2,3,5,2,2,1,1,0,0,0,0,0,7.97753E+20,5.81907E+21,1.33815E+16,5.24406E+16
197588,11,0,3,3,2018,1,16,3,3,5,3,1,1,1,0,0,0,0,1,8.0226E+20,5.82946E+21,1.3457E+16,5.25312E+16
197589,11,0,12,12,2018,1,7,2,3,6,4,2,0,1,1,0,0,0,1,7.92358E+20,5.8329E+21,1.33144E+16,5.25674E+16
197590,11,0,2,2,2018,1,6,2,3,6,4,1,0,1,1,0,0,0,0,8.00134E+20,5.82574E+21,1.34224E+16,5.2499E+16
197591,11,0,10,10,2018,1,16,3,3,6,4,1,0,1,1,0,0,0,1,8.13399E+20,5.83024E+21,1.36214E+16,5.25319E+16
197592,11,0,5,5,2018,1,6,2,2,6,4,2,0,1,1,0,0,0,1,7.8306E+20,5.82931E+21,1.31746E+16,5.25401E+16
197593,11,0,4,4,2018,1,12,1,3,0,1,0,0,0,0,1,0,0,1,7.90852E+20,5.82474E+21,1.32852E+16,5.24951E+16
197594,11,0,1,1,2018,1,16,3,3,0,7,0,0,1,0,0,0,0,1,7.97158E+20,5.83141E+21,1.33837E+16,5.25515E+16
197595,11,0,7,7,2018,1,10,1,3,6,4,0,0,1,1,0,0,0,0,7.99833E+20,5.81965E+21,1.34125E+16,5.24446E+16
197596,11,0,11,11,2018,1,15,3,2,5,3,0,1,1,0,0,0,0,1,8.0448E+20,5.82635E+21,1.34868E+16,5.25021E+16
197597,11,0,11,11,2018,1,17,1,3,2,7,2,1,1,0,0,0,0,0,8.03809E+20,5.82775E+21,1.34782E+16,5.2515E+16
197598,11,0,7,7,2018,1,15,3,3,1,5,0,1,1,0,0,0,0,1,7.96873E+20,5.82386E+21,1.33728E+16,5.2484E+16
197599,11,0,2,2,2018,1,15,1,3,6,4,0,0,0,1,0,0,1,0,8.01072E+20,5.82568E+21,1.34361E+16,5.2498E+16
197600,11,0,1,1,2018,1,15,3,3,6,2,0,0,1,1,0,0,0,1,7.95221E+20,5.82824E+21,1.33524E+16,5.25241E+16
197601,11,0,3,3,2018,1,14,1,3,5,2,0,1,1,0,0,0,0,1,7.99206E+20,5.82928E+21,1.34119E+16,5.25313E+16
197602,11,0,1,1,2018,1,8,3,3,5,2,0,1,1,0,0,0,0,0,8.00332E+20,5.82654E+21,1.3426E+16,5.25061E+16
197603,11,0,5,5,2018,1,13,1,2,6,4,0,0,1,1,0,0,0,1,7.8365E+20,5.82939E+21,1.31833E+16,5.25405E+16
197604,11,0,1,1,2018,1,12,3,3,0,2,0,1,0,0,0,0,1,0,7.99981E+20,5.82694E+21,1.34212E+16,5.25098E+16
197605,11,0,9,9,2018,1,22,1,3,8,1,2,0,1,0,0,0,0,1,8.05207E+20,5.82148E+21,1.3493E+16,5.2458E+16
197606,11,0,9,9,2018,1,20,3,3,1,5,2,0,1,0,0,0,0,1,8.08519E+20,5.81674E+21,1.35372E+16,5.24137E+16
197607,11,0,1,1,2018,1,8,1,3,2,6,0,0,1,0,0,0,0,1,7.96525E+20,5.82989E+21,1.33731E+16,5.25382E+16
197608,11,0,4,4,2018,1,9,3,1,1,5,0,1,0,0,0,1,0,1,7.90253E+20,5.8238E+21,1.32755E+16,5.2487E+16
197609,11,0,8,8,2018,1,19,1,3,3,6,2,0,1,0,0,0,0,1,8.01088E+20,5.82195E+21,1.3433E+16,5.24646E+16
197610,11,0,3,3,2018,1,11,2,3,0,5,0,0,1,0,0,0,1,0,8.00302E+20,5.83054E+21,1.34292E+16,5.25419E+16
197611,11,0,5,5,2018,1,19,1,3,6,4,2,0,0,1,0,0,1,1,7.86546E+20,5.83054E+21,1.32269E+16,5.25494E+16
197612,11,0,4,4,2018,1,18,1,3,6,4,2,1,0,1,0,0,0,1,7.93624E+20,5.82483E+21,1.3326E+16,5.24944E+16
197613,11,0,12,12,2018,1,19,2,3,5,2,2,0,1,0,0,0,0,1,7.92827E+20,5.8368E+21,1.33248E+16,5.26021E+16
197614,11,0,4,4,2018,1,18,1,3,3,6,2,1,1,0,0,0,0,0,7.94069E+20,5.82628E+21,1.33338E+16,5.25072E+16
197615,11,0,1,1,2018,1,19,2,3,0,7,2,0,0,0,1,0,0,1,7.97357E+20,5.83241E+21,1.33876E+16,5.25603E+16
197616,11,0,1,1,2018,1,15,7,3,6,4,0,0,0,1,0,0,1,0,7.97854E+20,5.82696E+21,1.339E+16,5.25112E+16
197617,11,0,3,3,2018,1,18,2,2,2,2,2,1,1,0,0,0,0,1,7.98833E+20,5.8318E+21,1.34087E+16,5.2554E+16
197618,11,0,8,8,2018,1,16,2,3,3,6,0,0,1,0,0,0,1,0,8.03192E+20,5.8227E+21,1.34645E+16,5.24701E+16
197619,11,0,8,8,2018,1,14,7,3,2,6,0,0,1,0,0,0,0,0,7.99318E+20,5.81628E+21,1.34019E+16,5.24147E+16
197620,11,0,7,7,2018,1,13,2,3,1,5,0,1,1,0,0,0,0,0,7.976E+20,5.81733E+21,1.33777E+16,5.2425E+16
197621,11,0,9,9,2018,1,14,7,3,5,3,0,0,1,0,0,0,0,0,8.10546E+20,5.8152E+21,1.35655E+16,5.23988E+16
197622,11,0,4,4,2018,1,13,7,3,5,2,0,1,1,0,0,0,0,0,7.9016E+20,5.82665E+21,1.32767E+16,5.25126E+16
197623,11,0,8,8,2018,1,13,2,3,5,2,0,0,1,0,0,0,0,0,8.01669E+20,5.82241E+21,1.34419E+16,5.24683E+16
197624,11,0,1,1,2018,1,11,7,3,5,3,0,0,1,0,0,0,0,0,7.97991E+20,5.82679E+21,1.33918E+16,5.25096E+16
197625,11,0,2,2,2018,2,9,6,3,2,6,0,0,1,0,0,0,0,0,7.97074E+20,5.82472E+21,1.33765E+16,5.24915E+16
197626,11,0,7,7,2018,1,11,2,3,0,6,0,0,1,0,1,0,0,1,7.93991E+20,5.8223E+21,1.33291E+16,5.24715E+16
197627,11,0,10,10,2018,1,7,7,3,5,2,2,1,1,0,0,0,0,1,8.07935E+20,5.8292E+21,1.35401E+16,5.25257E+16
197628,11,0,2,2,2018,2,6,6,3,9,1,1,0,0,0,1,0,0,0,7.97304E+20,5.824E+21,1.33793E+16,5.2485E+16
197629,11,0,7,7,2018,1,10,2,3,5,3,0,0,1,0,0,0,0,1,7.98623E+20,5.82065E+21,1.33956E+16,5.24543E+16
197630,11,0,1,1,2018,1,2,7,3,6,4,2,0,1,1,0,0,0,0,7.99665E+20,5.8271E+21,1.34167E+16,5.25115E+16
197631,11,0,10,10,2018,2,6,6,3,0,1,1,1,0,0,0,0,0,2,8.13672E+20,5.82826E+21,1.36235E+16,5.2514E+16
197632,11,0,4,4,2018,2,13,5,3,0,6,0,1,0,0,0,0,1,0,7.90653E+20,5.82599E+21,1.32833E+16,5.25064E+16
197633,11,0,2,2,2018,1,10,2,3,6,4,0,1,0,1,0,0,0,0,7.97922E+20,5.82458E+21,1.33889E+16,5.24898E+16
197634,11,0,2,2,2018,2,9,5,3,5,7,0,1,1,0,0,0,0,0,7.98436E+20,5.82487E+21,1.33967E+16,5.24921E+16
197635,11,0,2,2,2018,1,15,7,3,2,2,0,0,1,0,0,0,0,0,8.01249E+20,5.82783E+21,1.34406E+16,5.25171E+16
197636,11,0,6,6,2018,2,10,5,2,6,7,0,1,0,1,0,0,0,0,7.922E+20,5.81871E+21,1.32997E+16,5.24403E+16
197637,11,0,7,7,2018,1,10,2,3,5,2,0,0,1,0,0,0,0,0,7.97842E+20,5.82221E+21,1.33856E+16,5.24686E+16
197638,11,0,2,2,2018,1,9,2,3,2,7,0,1,0,0,0,0,1,0,8.01385E+20,5.82753E+21,1.34424E+16,5.25144E+16
197639,11,0,1,1,2018,1,9,7,3,5,3,0,0,1,0,0,0,0,0,7.94528E+20,5.83156E+21,1.33452E+16,5.25542E+16
197640,11,0,3,3,2018,2,10,5,2,5,3,0,1,0,0,0,0,0,0,8.01701E+20,5.83307E+21,1.3452E+16,5.25638E+16
197641,11,0,1,1,2018,1,8,2,3,2,6,0,0,1,0,0,0,1,1,7.95807E+20,5.82669E+21,1.33597E+16,5.25099E+16
197642,11,0,3,3,2018,1,16,7,3,8,1,0,0,1,0,0,0,0,0,8.02225E+20,5.83268E+21,1.34594E+16,5.25601E+16
197643,11,0,8,8,2018,1,23,7,3,5,7,2,1,1,0,0,0,0,0,8.01564E+20,5.82337E+21,1.34412E+16,5.2477E+16
197644,11,0,4,4,2018,2,19,5,3,2,6,2,0,1,0,0,0,0,0,7.92496E+20,5.82543E+21,1.33099E+16,5.25004E+16
197645,11,0,3,3,2018,1,8,2,2,9,1,0,0,1,0,0,0,0,1,8.01096E+20,5.83487E+21,1.34448E+16,5.25803E+16
197646,11,0,1,1,2018,2,19,5,3,6,7,2,0,1,1,0,0,0,0,7.95687E+20,5.83069E+21,1.33615E+16,5.25458E+16
197647,11,0,6,6,2018,1,7,2,3,0,1,1,0,0,0,1,0,0,1,7.94708E+20,5.82154E+21,1.3339E+16,5.24643E+16
197648,11,0,4,4,2018,2,19,5,3,2,6,2,1,1,0,0,0,0,0,7.9391E+20,5.82588E+21,1.33311E+16,5.25037E+16
197649,11,0,3,3,2018,1,7,2,2,0,3,0,1,0,0,0,0,0,0,8.00893E+20,5.8292E+21,1.34367E+16,5.25296E+16
197650,11,0,1,1,2018,2,12,5,3,6,4,0,0,0,1,0,0,1,0,7.97045E+20,5.82837E+21,1.33794E+16,5.25242E+16
197651,11,0,9,9,2018,1,22,7,3,5,3,2,0,1,0,0,0,0,0,8.09362E+20,5.81966E+21,1.35523E+16,5.24394E+16
197652,11,0,2,2,2018,2,19,5,3,5,7,2,1,1,0,0,0,0,0,8.01011E+20,5.827E+21,1.34364E+16,5.25098E+16
197653,11,0,6,6,2018,1,7,2,3,5,3,0,0,1,0,0,0,0,0,7.89706E+20,5.81845E+21,1.32629E+16,5.24393E+16
197654,11,0,1,1,2018,1,20,7,3,6,4,2,0,0,1,0,0,1,1,7.97264E+20,5.83223E+21,1.3386E+16,5.25588E+16
197655,11,0,1,1,2018,2,18,5,3,5,2,2,1,1,0,0,0,0,0,7.99466E+20,5.82881E+21,1.34153E+16,5.25269E+16
197656,11,0,5,5,2018,1,7,2,3,5,2,0,1,1,0,0,0,0,0,7.81489E+20,5.81969E+21,1.31433E+16,5.24547E+16
197657,11,0,3,3,2018,1,7,2,2,6,4,0,0,1,1,0,0,0,0,7.9706E+20,5.83584E+21,1.33863E+16,5.25912E+16
197658,11,0,8,8,2018,1,19,7,2,6,4,2,0,1,1,0,0,0,1,8.07167E+20,5.81758E+21,1.35182E+16,5.2422E+16
197659,11,0,1,1,2018,1,17,7,3,5,2,1,0,1,0,0,0,0,0,7.96261E+20,5.83217E+21,1.33712E+16,5.25587E+16
197660,11,0,2,2,2018,2,17,5,2,6,4,2,0,1,1,0,0,0,0,7.99104E+20,5.82624E+21,1.34077E+16,5.25041E+16
197661,11,0,1,1,2018,1,18,1,3,6,7,2,0,1,1,0,0,0,0,7.99575E+20,5.82633E+21,1.34147E+16,5.25046E+16
197662,11,0,11,11,2018,1,11,6,3,4,6,0,1,0,0,0,0,1,0,8.07709E+20,5.82534E+21,1.35333E+16,5.24912E+16
197663,11,0,2,2,2018,2,17,5,3,2,6,2,0,1,0,0,0,0,0,7.99348E+20,5.82629E+21,1.34113E+16,5.25044E+16
197664,11,0,2,2,2018,1,3,1,2,6,4,2,0,1,1,0,0,0,1,7.9995E+20,5.82573E+21,1.34197E+16,5.2499E+16
197665,11,0,1,1,2018,2,11,5,3,6,4,0,0,1,1,0,0,0,0,7.96477E+20,5.82994E+21,1.33724E+16,5.25386E+16
197666,11,0,3,3,2018,1,4,1,2,5,7,2,0,1,0,0,0,1,1,8.041E+20,5.8324E+21,1.34867E+16,5.25565E+16
197667,11,0,1,1,2018,2,20,7,3,6,2,2,0,1,1,0,0,0,0,7.96041E+20,5.82559E+21,1.33621E+16,5.24999E+16
197668,11,0,8,8,2018,2,17,4,3,2,6,2,0,1,0,0,0,0,0,8.02866E+20,5.81824E+21,1.34557E+16,5.24303E+16
197669,11,0,1,1,2018,2,19,7,3,4,1,2,0,1,0,1,0,0,0,7.97425E+20,5.83254E+21,1.33887E+16,5.25614E+16
197670,11,0,7,7,2018,2,18,3,2,6,2,2,0,1,1,0,0,0,0,7.9916E+20,5.81419E+21,1.33977E+16,5.2396E+16
197671,11,0,7,7,2018,2,20,7,3,2,2,2,0,1,0,0,0,0,0,7.98093E+20,5.81927E+21,1.33866E+16,5.24422E+16
197672,11,0,7,7,2018,2,18,7,3,2,6,2,0,1,0,0,0,0,0,7.9679E+20,5.82198E+21,1.33699E+16,5.24671E+16
197673,11,0,11,11,2018,2,16,7,3,6,4,1,0,1,1,0,0,0,0,8.05548E+20,5.83006E+21,1.35059E+16,5.25347E+16
197674,11,0,3,3,2018,2,7,4,3,5,2,0,1,1,0,0,0,0,1,7.98629E+20,5.834E+21,1.34077E+16,5.25739E+16
197675,11,0,1,1,2018,2,15,7,3,2,2,0,0,1,0,1,0,0,0,7.99425E+20,5.82648E+21,1.34126E+16,5.25061E+16