OBJECTID_1,ULAND,UREGBEZ,UKREIS,UGEMEINDE,UJAHR,UMONAT,USTUNDE,UWOCHENTAG,UKATEGORIE,UART,UTYP1,ULICHTVERH,IstRad,IstPKW,IstFuss,IstKrad,IstGkfz,IstSonstig,STRZUSTAND,LINREFX,LINREFY,XGCSWGS84,YGCSWGS84
197864,11,0,8,8,2018,2,18,2,3,3,6,2,1,1,0,0,0,0,1,8.01596E+20,5.8238E+21,1.34421E+16,5.24808E+16
197865,11,0,10,10,2018,2,11,1,2,6,4,0,0,1,1,0,0,0,1,8.1327E+20,5.83095E+21,1.36202E+16,5.25384E+16
197866,11,0,7,7,2018,2,22,1,3,5,3,2,0,1,0,0,0,0,1,7.98016E+20,5.82103E+21,1.33871E+16,5.24579E+16
197867,11,0,11,11,2018,2,18,1,3,0,3,2,0,0,0,1,0,1,1,8.05203E+20,5.82875E+21,1.34996E+16,5.25232E+16
197868,11,0,11,11,2018,2,17,4,3,1,5,2,0,1,0,0,1,0,0,8.04561E+20,5.8287E+21,1.34901E+16,5.25231E+16
197869,11,0,3,3,2018,2,17,1,3,6,2,2,0,1,1,0,0,0,1,7.99258E+20,5.83764E+21,1.34202E+16,5.26062E+16
197870,11,0,3,3,2018,2,14,3,3,6,4,0,0,1,1,0,0,0,0,7.98046E+20,5.83359E+21,1.33987E+16,5.25706E+16
197871,11,0,1,1,2018,2,16,1,3,2,6,2,0,1,0,0,0,0,1,7.97587E+20,5.8265E+21,1.33856E+16,5.25072E+16
197872,11,0,4,4,2018,2,16,3,3,6,7,0,1,0,1,0,0,0,0,7.91561E+20,5.82222E+21,1.32934E+16,5.24721E+16
197873,11,0,12,12,2018,2,16,1,3,2,6,1,0,1,0,0,0,0,1,7.91295E+20,5.83647E+21,1.33019E+16,5.26E+16
197874,11,0,1,1,2018,2,16,2,3,3,6,1,0,1,0,1,0,0,0,8.00379E+20,5.82675E+21,1.34269E+16,5.25079E+16
197875,11,0,8,8,2018,2,3,1,3,2,7,2,0,1,0,0,0,1,1,8.01665E+20,5.82375E+21,1.34431E+16,5.24803E+16
197876,11,0,5,5,2018,2,14,1,3,0,7,0,0,1,0,0,0,0,0,7.85188E+20,5.83115E+21,1.32075E+16,5.25555E+16
197877,11,0,6,6,2018,2,14,1,2,0,1,0,0,1,1,0,0,0,0,7.93243E+20,5.81685E+21,1.33133E+16,5.24231E+16
197878,11,0,4,4,2018,2,17,2,2,5,3,1,0,1,0,0,0,0,1,7.9338E+20,5.82196E+21,1.33198E+16,5.24688E+16
197879,11,0,4,4,2018,2,17,4,3,5,2,1,0,1,0,0,0,1,0,7.93512E+20,5.82648E+21,1.33258E+16,5.25093E+16
197880,11,0,4,4,2018,2,13,1,3,6,2,0,0,1,1,0,0,0,0,7.92806E+20,5.82186E+21,1.33113E+16,5.24682E+16
197881,11,0,12,12,2018,2,15,3,2,2,6,0,0,1,0,0,0,0,0,7.90205E+20,5.83586E+21,1.32854E+16,5.25951E+16
197882,11,0,10,10,2018,2,22,7,3,9,1,2,0,1,0,0,0,0,1,8.129E+20,5.82829E+21,1.36122E+16,5.25147E+16
197883,11,0,4,4,2018,2,9,1,3,5,2,0,1,1,0,0,0,0,0,7.93455E+20,5.82394E+21,1.33227E+16,5.24865E+16
197884,11,0,5,5,2018,2,20,7,3,5,3,2,0,1,0,0,0,0,0,7.80014E+20,5.82787E+21,1.31286E+16,5.25288E+16
197885,11,0,2,2,2018,2,1,1,3,5,3,2,0,1,0,0,0,0,0,7.98789E+20,5.82495E+21,1.34019E+16,5.24926E+16
197886,11,0,3,3,2018,2,19,7,3,6,2,2,0,1,1,0,0,0,1,8.00477E+20,5.82909E+21,1.34304E+16,5.25288E+16
197887,11,0,2,2,2018,2,18,7,3,6,4,2,1,0,1,0,0,0,0,7.99673E+20,5.82485E+21,1.34148E+16,5.24913E+16
197888,11,0,11,11,2018,2,11,7,3,5,7,0,0,1,0,0,0,0,0,8.04978E+20,5.82961E+21,1.34971E+16,5.2531E+16
197889,11,0,1,1,2018,2,14,4,3,6,2,0,0,0,1,0,1,0,0,7.96077E+20,5.82558E+21,1.33626E+16,5.24998E+16
197890,11,0,2,2,2018,2,11,7,3,5,2,0,0,1,0,0,0,0,0,8.01249E+20,5.82782E+21,1.34406E+16,5.25171E+16
197891,11,0,5,5,2018,2,8,3,2,6,6,0,0,1,1,0,0,0,0,7.81602E+20,5.81946E+21,1.31448E+16,5.24526E+16
197892,11,0,1,1,2018,2,12,7,3,5,5,0,1,1,0,0,0,0,1,7.97484E+20,5.82728E+21,1.33848E+16,5.25143E+16
197893,11,0,7,7,2018,2,13,7,3,2,6,0,0,1,0,0,0,0,0,7.99239E+20,5.81624E+21,1.34007E+16,5.24144E+16
197894,11,0,2,2,2018,2,16,7,2,2,7,1,0,1,0,0,0,0,0,7.99913E+20,5.82447E+21,1.3418E+16,5.24878E+16
197895,11,0,9,9,2018,2,9,6,3,5,2,0,1,0,0,0,1,0,0,8.02342E+20,5.82475E+21,1.34539E+16,5.24889E+16
197896,11,0,5,5,2018,2,17,7,2,1,5,1,0,1,0,1,0,0,0,7.88877E+20,5.83014E+21,1.32608E+16,5.25445E+16
197897,11,0,4,4,2018,2,10,4,3,2,6,0,0,1,0,0,0,1,1,7.93263E+20,5.82612E+21,1.33218E+16,5.25062E+16
197898,11,0,9,9,2018,2,18,7,3,2,6,2,0,1,0,0,0,0,1,8.11055E+20,5.81804E+21,1.35756E+16,5.24239E+16
197899,11,0,1,1,2018,2,18,7,3,5,2,2,1,1,0,0,0,0,0,7.98616E+20,5.827E+21,1.34012E+16,5.25112E+16
197900,11,0,8,8,2018,2,8,4,3,2,6,0,0,1,0,0,0,0,1,8.00917E+20,5.82237E+21,1.34308E+16,5.24683E+16
197901,11,0,5,5,2018,2,18,7,3,2,6,2,0,1,0,0,0,0,0,7.87965E+20,5.8279E+21,1.32455E+16,5.2525E+16
197902,11,0,10,10,2018,2,7,3,3,5,3,0,0,1,0,0,0,0,1,8.13156E+20,5.82881E+21,1.36165E+16,5.25192E+16
197903,11,0,2,2,2018,2,16,6,3,1,5,0,1,1,0,0,0,0,0,7.99863E+20,5.82585E+21,1.34185E+16,5.25002E+16
197904,11,0,3,3,2018,2,20,6,3,0,7,1,1,1,0,0,0,0,1,8.00283E+20,5.8298E+21,1.34282E+16,5.25354E+16
197905,11,0,5,5,2018,2,15,6,3,5,3,0,0,1,0,0,0,0,0,7.8177E+20,5.83153E+21,1.31575E+16,5.25607E+16
197906,11,0,11,11,2018,2,22,5,2,5,3,2,1,1,0,0,0,0,1,8.04607E+20,5.8275E+21,1.34897E+16,5.25123E+16
197907,11,0,6,6,2018,2,18,6,3,5,3,2,0,1,0,0,0,0,1,7.95156E+20,5.81882E+21,1.33431E+16,5.24397E+16
197908,11,0,8,8,2018,2,13,6,3,5,2,0,0,0,0,1,0,1,0,8.00859E+20,5.82401E+21,1.34315E+16,5.24831E+16
197909,11,0,3,3,2018,2,14,3,3,6,4,0,0,1,1,0,0,0,1,7.99779E+20,5.82959E+21,1.34206E+16,5.25337E+16
197910,11,0,5,5,2018,2,11,6,3,6,4,0,0,1,1,0,0,0,0,7.85269E+20,5.82997E+21,1.32076E+16,5.25449E+16
197911,11,0,10,10,2018,2,16,2,3,5,3,0,0,1,0,0,0,0,0,8.10516E+20,5.82495E+21,1.35741E+16,5.24861E+16
197912,11,0,10,10,2018,2,12,2,3,2,6,0,0,1,0,0,0,0,0,8.09972E+20,5.83204E+21,1.35727E+16,5.255E+16
197913,11,0,8,8,2018,2,11,6,3,6,4,0,0,1,1,0,0,0,0,8.0195E+20,5.82241E+21,1.3446E+16,5.24681E+16
197914,11,0,12,12,2018,2,19,2,3,2,6,2,0,1,0,0,0,0,1,7.95049E+20,5.83633E+21,1.33571E+16,5.25967E+16
197915,11,0,10,10,2018,2,10,6,3,5,3,0,0,1,0,0,0,1,0,8.12391E+20,5.82467E+21,1.36014E+16,5.24826E+16
197916,11,0,11,11,2018,2,20,6,3,6,4,2,0,1,1,0,0,0,0,8.02966E+20,5.82982E+21,1.34677E+16,5.2534E+16
197917,11,0,7,7,2018,2,0,4,3,0,1,2,1,0,0,0,0,0,0,7.98356E+20,5.82395E+21,1.33947E+16,5.24839E+16
197918,11,0,10,10,2018,2,9,6,3,5,2,0,1,0,0,0,0,1,0,8.06459E+20,5.82989E+21,1.35191E+16,5.25327E+16
197919,11,0,7,7,2018,2,19,6,3,5,3,2,1,1,0,0,0,0,1,7.96341E+20,5.82509E+21,1.33661E+16,5.24953E+16
197920,11,0,4,4,2018,2,15,3,3,6,2,0,0,1,1,0,0,0,1,7.92716E+20,5.8261E+21,1.33137E+16,5.25062E+16
197921,11,0,1,1,2018,2,19,6,3,5,2,2,1,1,0,0,0,0,1,7.94564E+20,5.82844E+21,1.33429E+16,5.25262E+16
197922,11,0,4,4,2018,2,8,6,3,2,6,0,0,1,0,0,0,1,1,7.91324E+20,5.82873E+21,1.32956E+16,5.25306E+16
197923,11,0,8,8,2018,2,16,2,3,2,6,1,0,1,0,0,0,0,0,8.02444E+20,5.82261E+21,1.34535E+16,5.24697E+16
197924,11,0,10,10,2018,2,16,4,3,5,3,0,1,1,0,0,0,0,0,8.09691E+20,5.8297E+21,1.35664E+16,5.25292E+16
197925,11,0,2,2,2018,2,9,6,3,5,3,0,1,1,0,0,0,0,0,7.99386E+20,5.82591E+21,1.34115E+16,5.25009E+16
197926,11,0,11,11,2018,2,15,5,3,0,2,0,1,0,0,0,0,1,0,8.03851E+20,5.83039E+21,1.34812E+16,5.25387E+16
197927,11,0,3,3,2018,2,10,2,2,1,7,0,0,1,0,0,0,0,1,7.95687E+20,5.83563E+21,1.33659E+16,5.25901E+16
197928,11,0,8,8,2018,2,16,5,3,5,2,0,1,1,0,0,0,0,0,8.01754E+20,5.82205E+21,1.34428E+16,5.2465E+16
197929,11,0,9,9,2018,2,6,2,2,5,3,0,0,1,0,0,0,0,2,8.06945E+20,5.8223E+21,1.35192E+16,5.24644E+16
197930,11,0,10,10,2018,2,17,5,3,5,3,1,1,1,0,0,0,0,0,8.09907E+20,5.82967E+21,1.35695E+16,5.25288E+16
197931,11,0,1,1,2018,2,16,7,3,5,3,0,0,1,0,0,0,0,0,7.95933E+20,5.83139E+21,1.33657E+16,5.2552E+16
197932,11,0,7,7,2018,2,19,5,3,2,6,2,0,1,0,0,0,0,0,7.96469E+20,5.82355E+21,1.33666E+16,5.24814E+16
197933,11,0,3,3,2018,2,14,6,2,6,4,0,0,1,1,0,0,0,0,8.00707E+20,5.83195E+21,1.34364E+16,5.25543E+16
197934,11,0,3,3,2018,2,16,4,3,1,6,0,0,1,0,0,0,0,0,8.00366E+20,5.83167E+21,1.34311E+16,5.2552E+16
197935,11,0,1,1,2018,2,14,4,3,5,7,0,0,1,0,0,0,1,0,7.97878E+20,5.82853E+21,1.33917E+16,5.25253E+16
197936,11,0,4,4,2018,2,8,4,3,2,6,0,1,0,0,0,0,0,0,7.92181E+20,5.82703E+21,1.33067E+16,5.25149E+16
197937,11,0,6,6,2018,2,8,2,3,5,3,0,1,1,0,0,0,0,2,7.94571E+20,5.81703E+21,1.3333E+16,5.2424E+16
197938,11,0,12,12,2018,2,15,4,3,5,2,0,0,1,0,0,0,0,0,7.94542E+20,5.83315E+21,1.33468E+16,5.25685E+16
197939,11,0,10,10,2018,2,12,7,2,5,2,0,0,1,0,0,0,1,0,8.06703E+20,5.82915E+21,1.3522E+16,5.25259E+16
197940,11,0,2,2,2018,2,14,4,3,5,2,0,1,1,0,0,0,0,0,8.02041E+20,5.82802E+21,1.34525E+16,5.25184E+16
197941,11,0,10,10,2018,2,16,4,3,6,4,0,0,1,1,0,0,0,0,8.12169E+20,5.83102E+21,1.36041E+16,5.25396E+16
197942,11,0,8,8,2018,2,22,4,2,6,4,2,0,1,1,0,0,0,0,8.01726E+20,5.82369E+21,1.34439E+16,5.24798E+16
197943,11,0,9,9,2018,2,17,7,3,8,1,1,0,1,0,0,0,0,0,8.15954E+20,5.81316E+21,1.36428E+16,5.23773E+16
197944,11,0,2,2,2018,2,19,4,3,2,6,2,0,1,0,0,0,0,0,7.99435E+20,5.82453E+21,1.3411E+16,5.24885E+16
197945,11,0,1,1,2018,2,23,6,3,2,6,2,0,1,0,0,0,0,0,7.97855E+20,5.82686E+21,1.33899E+16,5.25103E+16
197946,11,0,5,5,2018,2,19,4,3,2,6,2,0,1,0,0,0,0,0,7.85259E+20,5.82931E+21,1.32069E+16,5.2539E+16
197947,11,0,4,4,2018,2,13,5,3,5,2,0,1,1,0,0,0,0,0,7.9368E+20,5.82638E+21,1.33281E+16,5.25083E+16
197948,11,0,5,5,2018,2,7,4,3,2,6,0,0,1,0,0,0,0,0,7.86925E+20,5.82941E+21,1.32315E+16,5.2539E+16
197949,11,0,7,7,2018,2,13,3,3,6,2,0,0,1,1,0,0,0,0,7.94945E+20,5.82316E+21,1.33439E+16,5.24787E+16
197950,11,0,9,9,2018,2,8,4,2,5,3,0,0,1,0,1,0,0,0,8.09221E+20,5.82303E+21,1.35533E+16,5.24696E+16
197951,11,0,11,11,2018,2,9,4,3,2,6,0,0,1,0,1,0,0,0,8.04324E+20,5.82584E+21,1.3484E+16,5.24976E+16
197952,11,0,2,2,2018,2,13,1,3,5,2,0,1,1,0,0,0,0,0,8.0308E+20,5.82603E+21,1.34659E+16,5.25E+16
197953,11,0,8,8,2018,2,6,4,3,5,3,1,1,1,0,0,0,0,0,8.03027E+20,5.81938E+21,1.34591E+16,5.24404E+16
197954,11,0,1,1,2018,2,14,6,3,6,2,0,0,1,1,0,0,1,0,7.94712E+20,5.83178E+21,1.33481E+16,5.25561E+16
197955,11,0,2,2,2018,2,11,4,3,1,5,0,1,0,0,0,1,0,0,8.02184E+20,5.8281E+21,1.34546E+16,5.25191E+16
197956,11,0,10,10,2018,2,12,4,3,6,4,0,0,1,1,0,0,1,0,8.13436E+20,5.83009E+21,1.36218E+16,5.25305E+16
197957,11,0,5,5,2018,2,17,4,3,6,2,1,0,1,1,0,0,0,0,7.83692E+20,5.82986E+21,1.31843E+16,5.25448E+16
197958,11,0,9,9,2018,2,7,3,3,1,5,0,1,1,0,0,0,0,0,8.02027E+20,5.82466E+21,1.34492E+16,5.24883E+16
197959,11,0,1,1,2018,2,9,4,3,5,2,0,1,1,0,0,0,0,0,7.98621E+20,5.82899E+21,1.34031E+16,5.2529E+16
197960,11,0,4,4,2018,2,15,2,3,6,7,0,0,1,1,0,0,0,0,7.93134E+20,5.8256E+21,1.33194E+16,5.25016E+16
197961,11,0,3,3,2018,2,17,4,3,0,7,2,1,0,0,0,0,0,0,7.98865E+20,5.83487E+21,1.34119E+16,5.25815E+16
197962,11,0,1,1,2018,2,15,3,3,5,2,0,1,1,0,0,0,0,0,7.9886E+20,5.82665E+21,1.34045E+16,5.25079E+16
197963,11,0,1,1,2018,2,16,4,3,6,4,0,1,0,1,0,0,0,0,7.99016E+20,5.82706E+21,1.34071E+16,5.25115E+16
197964,11,0,10,10,2018,2,16,4,2,6,4,0,0,1,1,0,0,0,0,8.13244E+20,5.83105E+21,1.36199E+16,5.25392E+16
197965,11,0,7,7,2018,2,14,1,2,0,7,0,0,1,0,0,0,0,0,7.94936E+20,5.82432E+21,1.33448E+16,5.24891E+16
197966,11,0,2,2,2018,2,14,4,3,2,6,0,1,0,0,0,0,0,0,8.03297E+20,5.82676E+21,1.34698E+16,5.25064E+16
197967,11,0,7,7,2018,2,13,6,3,6,7,0,0,1,1,0,0,0,0,7.96298E+20,5.82492E+21,1.33653E+16,5.24938E+16
197968,11,0,8,8,2018,2,14,4,3,2,6,0,1,1,0,0,0,0,0,8.0157E+20,5.8223E+21,1.34404E+16,5.24674E+16
197969,11,0,8,8,2018,2,12,3,3,0,2,0,0,0,0,0,0,1,0,8.02266E+20,5.81895E+21,1.34475E+16,5.2437E+16
197970,11,0,5,5,2018,2,14,4,3,6,2,0,0,1,1,0,0,0,0,7.87068E+20,5.82816E+21,1.32325E+16,5.25277E+16
197971,11,0,11,11,2018,2,14,2,3,2,6,0,0,1,0,0,0,0,0,8.03513E+20,5.82646E+21,1.34727E+16,5.25036E+16
197972,11,0,1,1,2018,2,14,4,3,2,7,0,0,1,0,0,0,0,0,7.97763E+20,5.82745E+21,1.33891E+16,5.25156E+16
197973,11,0,10,10,2018,2,15,7,3,2,6,0,0,1,0,0,0,0,0,8.09582E+20,5.82472E+21,1.35602E+16,5.24846E+16
197974,11,0,8,8,2018,2,13,4,3,2,6,0,0,1,0,0,0,0,0,8.01997E+20,5.82349E+21,1.34477E+16,5.24779E+16
197975,11,0,4,4,2018,2,15,1,3,5,3,0,0,1,0,0,0,0,0,7.90185E+20,5.82981E+21,1.32798E+16,5.25409E+16
197976,11,0,7,7,2018,2,11,4,2,5,3,0,1,1,0,0,0,0,0,7.94204E+20,5.82275E+21,1.33326E+16,5.24754E+16
197977,11,0,6,6,2018,2,10,6,3,2,2,0,0,0,0,0,1,1,0,7.92368E+20,5.82096E+21,1.33041E+16,5.24604E+16
197978,11,0,4,4,2018,2,5,4,3,2,2,2,0,1,0,0,0,0,0,7.92856E+20,5.83051E+21,1.33197E+16,5.25457E+16
197979,11,0,5,5,2018,2,15,3,3,2,2,0,0,1,0,0,0,0,0,7.83418E+20,5.82864E+21,1.31793E+16,5.25339E+16
197980,11,0,4,4,2018,2,12,5,3,2,2,0,0,1,0,0,0,0,0,7.92828E+20,5.82323E+21,1.33129E+16,5.24805E+16
197981,11,0,8,8,2018,2,17,2,3,5,3,1,1,1,0,0,0,0,0,8.04356E+20,5.81832E+21,1.34776E+16,5.24302E+16
197982,11,0,6,6,2018,2,20,3,3,5,2,2,0,1,0,0,0,0,0,7.94768E+20,5.82092E+21,1.33393E+16,5.24587E+16
197983,11,0,2,2,2018,2,10,2,3,0,6,0,0,1,0,1,0,0,0,7.97547E+20,5.82506E+21,1.33838E+16,5.24944E+16
197984,11,0,4,4,2018,2,14,3,3,0,5,0,0,1,0,0,0,1,0,7.92947E+20,5.82609E+21,1.33171E+16,5.2506E+16
197985,11,0,8,8,2018,2,16,7,3,5,5,0,0,1,0,0,0,0,0,8.01817E+20,5.82196E+21,1.34437E+16,5.24642E+16
197986,11,0,2,2,2018,2,22,6,2,2,6,2,0,1,0,0,0,0,0,7.9844E+20,5.82652E+21,1.33982E+16,5.2507E+16
197987,11,0,1,1,2018,2,11,5,3,5,3,0,0,1,0,0,0,0,0,7.95168E+20,5.8271E+21,1.33506E+16,5.25139E+16
197988,11,0,7,7,2018,2,13,3,3,5,2,0,1,0,0,0,0,1,0,7.96191E+20,5.82278E+21,1.33618E+16,5.24747E+16
197989,11,0,8,8,2018,2,18,3,3,2,6,2,0,1,0,0,0,0,0,8.00688E+20,5.82295E+21,1.3428E+16,5.24737E+16
197990,11,0,11,11,2018,2,14,3,3,5,3,0,0,1,0,0,0,0,0,8.04261E+20,5.82861E+21,1.34856E+16,5.25224E+16
197991,11,0,3,3,2018,2,17,6,3,5,3,2,0,1,0,0,0,0,0,8.00305E+20,5.83159E+21,1.34302E+16,5.25513E+16
197992,11,0,8,8,2018,2,15,3,3,2,6,0,0,1,0,0,0,0,0,8.00614E+20,5.8234E+21,1.34273E+16,5.24778E+16
197993,11,0,6,6,2018,2,1,6,3,2,7,2,0,1,0,0,0,0,0,7.91941E+20,5.81905E+21,1.32962E+16,5.24435E+16
197994,11,0,5,5,2018,2,16,4,3,0,6,0,0,1,0,0,0,1,0,7.83638E+20,5.82587E+21,1.31801E+16,5.2509E+16
197995,11,0,6,6,2018,2,21,3,3,6,4,2,0,1,1,0,0,0,0,7.90088E+20,5.81577E+21,1.32661E+16,5.24151E+16
197996,11,0,2,2,2018,2,18,3,3,0,6,2,0,1,0,0,0,1,0,8.03111E+20,5.82613E+21,1.34665E+16,5.25008E+16
197997,11,0,5,5,2018,2,9,2,3,1,5,0,1,1,0,0,0,0,0,7.84511E+20,5.82712E+21,1.3194E+16,5.25197E+16
197998,11,0,5,5,2018,2,18,3,3,1,5,2,0,1,0,0,0,1,0,7.81989E+20,5.83059E+21,1.31599E+16,5.25522E+16
197999,11,0,2,2,2018,2,13,7,3,2,2,0,0,1,0,0,0,0,0,8.01316E+20,5.82868E+21,1.34424E+16,5.25248E+16
198000,11,0,1,1,2018,2,17,3,3,5,5,1,0,1,0,1,0,0,0,7.94853E+20,5.82779E+21,1.33466E+16,5.25203E+16
198001,11,0,12,12,2018,2,14,5,3,5,2,0,1,1,0,0,0,0,0,7.93414E+20,5.83608E+21,1.33328E+16,5.25954E+16
198002,11,0,4,4,2018,2,17,3,3,6,4,1,0,0,1,1,0,0,0,7.92341E+20,5.82741E+21,1.33094E+16,5.25182E+16
198003,11,0,6,6,2018,2,16,3,3,5,3,0,0,1,0,0,0,0,0,7.8897E+20,5.81773E+21,1.32514E+16,5.24332E+16
198004,11,0,1,1,2018,2,18,3,3,5,3,2,1,1,0,0,0,0,0,7.98287E+20,5.83008E+21,1.33991E+16,5.25389E+16
198005,11,0,9,9,2018,2,13,3,2,6,4,0,0,0,1,0,0,1,0,8.1043E+20,5.82034E+21,1.35685E+16,5.24448E+16
198006,11,0,1,1,2018,2,11,3,3,2,6,0,0,1,0,0,0,0,0,7.99073E+20,5.829E+21,1.34097E+16,5.25288E+16
198007,11,0,6,6,2018,2,12,1,3,5,3,0,0,1,0,0,0,0,0,7.85887E+20,5.81777E+21,1.32062E+16,5.24352E+16
198008,11,0,12,12,2018,2,10,3,3,2,6,0,0,1,0,0,0,0,0,7.92967E+20,5.83555E+21,1.33258E+16,5.25909E+16
198009,11,0,2,2,2018,2,0,3,2,5,3,2,1,1,0,0,0,0,0,7.99281E+20,5.82622E+21,1.34103E+16,5.25038E+16
198010,11,0,5,5,2018,2,7,2,3,5,3,0,0,1,0,0,0,1,1,7.84276E+20,5.83138E+21,1.31942E+16,5.25581E+16
198011,11,0,4,4,2018,2,2,3,3,2,6,2,0,1,0,0,0,0,0,7.90556E+20,5.82189E+21,1.32783E+16,5.24697E+16
198012,11,0,4,4,2018,2,9,7,2,0,7,0,1,0,0,0,0,0,0,7.92257E+20,5.826E+21,1.33069E+16,5.25057E+16
198013,11,0,11,11,2018,2,6,3,3,2,6,1,0,1,0,0,0,1,0,8.03321E+20,5.8301E+21,1.34732E+16,5.25363E+16
198014,11,0,10,10,2018,2,7,3,2,6,7,0,0,1,1,0,0,0,0,8.08197E+20,5.82926E+21,1.3544E+16,5.2526E+16
198015,11,0,10,10,2018,2,8,3,3,5,3,0,1,1,0,0,0,0,0,8.10863E+20,5.82688E+21,1.3581E+16,5.25032E+16
198016,11,0,6,6,2018,2,14,3,3,5,2,0,1,1,0,0,0,0,0,7.93264E+20,5.81908E+21,1.33156E+16,5.24431E+16
198017,11,0,2,2,2018,2,9,3,3,5,3,0,1,1,0,0,0,0,0,7.97384E+20,5.82585E+21,1.33821E+16,5.25016E+16
198018,11,0,2,2,2018,2,10,3,3,5,2,0,1,1,0,0,0,0,0,7.98045E+20,5.82488E+21,1.33909E+16,5.24925E+16
198019,11,0,8,8,2018,2,19,1,3,6,4,2,0,1,1,0,0,0,0,8.00771E+20,5.82436E+21,1.34305E+16,5.24863E+16
198020,11,0,9,9,2018,2,9,5,3,2,6,0,0,1,0,0,0,0,0,8.04337E+20,5.82165E+21,1.34804E+16,5.24601E+16
198021,11,0,8,8,2018,2,19,6,3,2,6,2,0,1,0,0,0,0,0,8.01072E+20,5.82199E+21,1.34328E+16,5.24649E+16
198022,11,0,4,4,2018,2,12,3,3,5,2,0,0,1,0,0,0,0,0,7.92837E+20,5.8255E+21,1.3315E+16,5.25008E+16
198023,11,0,11,11,2018,2,11,6,3,2,6,0,0,1,0,0,0,0,0,8.04212E+20,5.8291E+21,1.34853E+16,5.25269E+16
198024,11,0,10,10,2018,2,19,2,3,0,5,2,0,1,0,0,0,1,0,8.09819E+20,5.83415E+21,1.35724E+16,5.25689E+16
198025,11,0,1,1,2018,2,15,6,3,5,2,0,0,1,0,0,0,0,0,7.93966E+20,5.83202E+21,1.33373E+16,5.25586E+16
198026,11,0,1,1,2018,2,2,2,2,9,1,2,0,1,1,0,0,0,0,7.99502E+20,5.82814E+21,1.34152E+16,5.25209E+16
198027,11,0,11,11,2018,2,20,2,3,6,7,2,0,1,1,0,0,0,0,8.05129E+20,5.83003E+21,1.34997E+16,5.25347E+16
198028,11,0,2,2,2018,2,20,2,3,5,3,2,1,1,0,0,0,0,0,7.99282E+20,5.82622E+21,1.34103E+16,5.25038E+16
198029,11,0,8,8,2018,2,9,3,3,6,4,0,0,1,1,0,0,0,0,8.03508E+20,5.81819E+21,1.34651E+16,5.24295E+16
198030,11,0,3,3,2018,2,17,2,2,2,6,1,1,1,0,0,0,0,0,7.98682E+20,5.83491E+21,1.34093E+16,5.2582E+16
198031,11,0,6,6,2018,2,14,2,3,4,1,0,0,1,0,0,0,0,0,7.93521E+20,5.8172E+21,1.33177E+16,5.2426E+16
198032,11,0,4,4,2018,2,18,2,3,3,6,2,1,1,0,0,0,0,0,7.94235E+20,5.82597E+21,1.33359E+16,5.25043E+16
198033,11,0,2,2,2018,2,2,1,3,5,7,2,0,1,0,0,0,0,1,7.9998E+20,5.82473E+21,1.34192E+16,5.24901E+16
198034,11,0,3,3,2018,2,16,5,3,0,2,0,1,1,0,0,0,0,0,7.99744E+20,5.82936E+21,1.34199E+16,5.25317E+16
198035,11,0,3,3,2018,2,17,2,3,2,7,1,0,1,0,0,0,1,0,8.03546E+20,5.8396E+21,1.34852E+16,5.26213E+16
198036,11,0,6,6,2018,2,3,6,3,5,3,2,0,1,0,0,0,0,0,7.92669E+20,5.82178E+21,1.33092E+16,5.24675E+16
198037,11,0,5,5,2018,2,21,4,3,0,1,2,0,1,0,0,0,0,0,7.81885E+20,5.82914E+21,1.31572E+16,5.25393E+16
198038,11,0,4,4,2018,2,16,2,3,2,6,0,0,1,0,0,1,0,0,7.91326E+20,5.82921E+21,1.3296E+16,5.25349E+16
198039,11,0,12,12,2018,2,14,5,3,2,2,0,0,1,0,0,0,0,0,7.90945E+20,5.83617E+21,1.32965E+16,5.25975E+16
198040,11,0,1,1,2018,2,16,2,3,2,6,0,0,1,0,0,0,0,0,7.93939E+20,5.8301E+21,1.33352E+16,5.25415E+16
198041,11,0,1,1,2018,2,8,2,3,1,5,0,1,1,0,0,0,0,0,7.99134E+20,5.82855E+21,1.34102E+16,5.25248E+16
198042,11,0,1,1,2018,2,23,5,2,5,2,2,0,1,0,0,0,0,0,7.98081E+20,5.82999E+21,1.3396E+16,5.25383E+16
198043,11,0,2,2,2018,2,14,2,3,5,3,0,1,0,0,0,0,1,0,7.97805E+20,5.82491E+21,1.33874E+16,5.24929E+16
198044,11,0,4,4,2018,2,21,7,3,0,1,2,0,0,0,1,0,0,0,7.93528E+20,5.82591E+21,1.33255E+16,5.25041E+16
198045,11,0,1,1,2018,2,9,2,3,3,6,0,0,1,0,0,0,0,0,7.95142E+20,5.82826E+21,1.33513E+16,5.25244E+16
198046,11,0,1,1,2018,2,14,2,3,5,2,0,1,1,0,0,0,0,0,7.95681E+20,5.83094E+21,1.33616E+16,5.2548E+16
198047,11,0,3,3,2018,2,6,2,3,5,3,2,0,1,0,0,0,0,1,8.01321E+20,5.82965E+21,1.34434E+16,5.25334E+16
198048,11,0,6,6,2018,2,14,2,3,6,2,0,0,1,1,0,0,0,0,7.93264E+20,5.81908E+21,1.33156E+16,5.24431E+16
198049,11,0,1,1,2018,2,16,7,3,6,4,0,0,1,1,0,0,0,0,7.97352E+20,5.8312E+21,1.33864E+16,5.25495E+16
198050,11,0,7,7,2018,2,20,5,3,5,7,2,0,1,0,0,0,0,0,7.95224E+20,5.82352E+21,1.33483E+16,5.24818E+16