OBJECTID_1,ULAND,UREGBEZ,UKREIS,UGEMEINDE,UJAHR,UMONAT,USTUNDE,UWOCHENTAG,UKATEGORIE,UART,UTYP1,ULICHTVERH,IstRad,IstPKW,IstFuss,IstKrad,IstGkfz,IstSonstig,STRZUSTAND,LINREFX,LINREFY,XGCSWGS84,YGCSWGS84
198051,11,0,1,1,2018,2,14,2,3,1,5,0,0,1,0,0,0,1,0,7.97612E+20,5.83179E+21,1.33907E+16,5.25546E+16
198052,11,0,10,10,2018,2,13,6,3,6,4,0,0,1,1,0,0,0,0,8.09725E+20,5.83373E+21,1.35707E+16,5.25653E+16
198053,11,0,5,5,2018,2,16,4,3,5,7,0,0,1,0,0,0,0,0,7.89202E+20,5.82929E+21,1.32649E+16,5.25367E+16
198054,11,0,12,12,2018,2,14,2,3,5,3,0,0,1,0,0,0,0,0,7.89892E+20,5.83475E+21,1.32798E+16,5.25853E+16
198055,11,0,10,10,2018,2,14,2,2,5,3,0,1,1,0,0,0,0,0,8.08293E+20,5.83281E+21,1.35487E+16,5.25578E+16
198056,11,0,4,4,2018,2,8,2,3,2,6,0,0,1,0,0,0,0,2,7.90591E+20,5.8267E+21,1.3283E+16,5.25128E+16
198057,11,0,5,5,2018,2,7,5,3,6,2,0,0,1,1,0,0,0,0,7.84545E+20,5.82802E+21,1.31953E+16,5.25278E+16
198058,11,0,2,2,2018,2,10,2,3,5,3,0,0,1,0,0,0,0,0,8.02761E+20,5.82713E+21,1.34622E+16,5.251E+16
198059,11,0,1,1,2018,2,13,7,3,1,5,0,1,1,0,0,0,0,0,7.96576E+20,5.83089E+21,1.33747E+16,5.25471E+16
198060,11,0,4,4,2018,2,9,2,3,5,5,0,1,1,0,0,0,0,0,7.93016E+20,5.82435E+21,1.33166E+16,5.24904E+16
198061,11,0,12,12,2018,2,9,5,3,6,7,0,0,1,1,0,0,0,0,7.91909E+20,5.83409E+21,1.33089E+16,5.25784E+16
198062,11,0,3,3,2018,2,7,2,3,6,7,0,0,1,1,0,0,0,0,8.00645E+20,5.83184E+21,1.34354E+16,5.25534E+16
198063,11,0,8,8,2018,2,6,2,3,6,2,2,0,1,1,0,0,0,0,8.01014E+20,5.82149E+21,1.34315E+16,5.24605E+16
198064,11,0,7,7,2018,2,16,3,3,6,4,0,0,1,1,0,0,0,0,7.97225E+20,5.82122E+21,1.33756E+16,5.24601E+16
198065,11,0,6,6,2018,2,20,2,3,1,5,2,1,1,0,0,0,0,0,7.94501E+20,5.82145E+21,1.33358E+16,5.24636E+16
198066,11,0,11,11,2018,2,14,2,2,5,3,0,1,1,0,0,0,0,0,8.03448E+20,5.82836E+21,1.34734E+16,5.25207E+16
198067,11,0,6,6,2018,2,16,2,2,5,3,0,1,1,0,0,0,0,0,7.93824E+20,5.81778E+21,1.33227E+16,5.24311E+16
198068,11,0,3,3,2018,2,15,3,3,5,3,0,0,1,0,0,0,0,0,8.00726E+20,5.83167E+21,1.34364E+16,5.25518E+16
198069,11,0,9,9,2018,2,18,2,2,5,2,2,0,1,0,1,0,0,0,8.04751E+20,5.82229E+21,1.3487E+16,5.24655E+16
198070,11,0,2,2,2018,2,10,2,1,6,2,0,0,0,1,0,1,0,0,7.99882E+20,5.82571E+21,1.34186E+16,5.24989E+16
198071,11,0,6,6,2018,2,1,1,2,1,5,2,1,1,0,0,0,0,1,7.86551E+20,5.81758E+21,1.32158E+16,5.24331E+16
198072,11,0,12,12,2018,2,8,5,3,5,3,0,1,1,0,0,0,0,0,7.85681E+20,5.83802E+21,1.32206E+16,5.26169E+16
198073,11,0,5,5,2018,2,2,1,3,6,4,2,0,1,1,0,0,0,0,7.86057E+20,5.82849E+21,1.32179E+16,5.25313E+16
198074,11,0,2,2,2018,2,0,7,3,0,1,2,1,0,0,0,0,0,0,8.00432E+20,5.82577E+21,1.34268E+16,5.24991E+16
198075,11,0,8,8,2018,2,20,1,3,1,5,2,0,1,0,0,0,0,0,8.01246E+20,5.82159E+21,1.3435E+16,5.24612E+16
198076,11,0,3,3,2018,2,18,1,3,2,6,2,0,1,0,0,0,0,0,7.99238E+20,5.83177E+21,1.34147E+16,5.25536E+16
198077,11,0,11,11,2018,2,16,1,2,6,4,1,0,1,1,0,0,0,0,8.06138E+20,5.82728E+21,1.3512E+16,5.25095E+16
198078,11,0,8,8,2018,2,5,3,2,5,3,2,0,1,0,1,0,1,0,8.0139E+20,5.81751E+21,1.34334E+16,5.24245E+16
198079,11,0,3,3,2018,2,15,1,3,6,4,0,0,1,1,0,0,0,0,8.02543E+20,5.83875E+21,1.34696E+16,5.26143E+16
198080,11,0,5,5,2018,2,15,2,3,2,6,0,0,1,0,0,0,1,0,7.84423E+20,5.82889E+21,1.31943E+16,5.25357E+16
198081,11,0,6,6,2018,2,9,1,2,5,3,0,1,1,0,0,0,0,0,7.94754E+20,5.81562E+21,1.33344E+16,5.24112E+16
198082,11,0,1,1,2018,2,16,1,3,2,6,0,0,1,0,0,0,0,0,7.97606E+20,5.82839E+21,1.33876E+16,5.25241E+16
198083,11,0,2,2,2018,2,8,1,3,6,7,0,0,0,1,0,0,1,0,7.98755E+20,5.82399E+21,1.34006E+16,5.24841E+16
198084,11,0,4,4,2018,2,13,1,2,5,2,0,0,1,0,0,0,0,0,7.92061E+20,5.82824E+21,1.3306E+16,5.25258E+16
198085,11,0,3,3,2018,2,8,5,3,5,3,0,0,1,0,0,0,0,0,7.99709E+20,5.83251E+21,1.34222E+16,5.25599E+16
198086,11,0,2,2,2018,2,6,1,3,5,3,2,0,1,0,0,0,1,0,8.03118E+20,5.82711E+21,1.34674E+16,5.25096E+16
198087,11,0,1,1,2018,2,6,6,3,0,2,2,0,1,0,1,0,0,0,7.97408E+20,5.83053E+21,1.33866E+16,5.25434E+16
198088,11,0,3,3,2018,2,2,1,3,0,1,2,1,0,0,0,0,0,0,7.99575E+20,5.83779E+21,1.3425E+16,5.26073E+16
198089,11,0,1,1,2018,2,5,1,3,5,3,2,0,1,0,0,0,0,0,7.9795E+20,5.82708E+21,1.33915E+16,5.25122E+16
198090,11,0,11,11,2018,2,10,3,3,6,4,0,0,1,1,0,0,0,0,8.05445E+20,5.83334E+21,1.35074E+16,5.25642E+16
198091,11,0,8,8,2018,2,20,7,3,6,7,2,0,1,1,0,0,0,0,8.01206E+20,5.8237E+21,1.34363E+16,5.24802E+16
198092,11,0,6,6,2018,2,12,2,3,5,3,0,0,1,0,0,0,0,0,7.92381E+20,5.81849E+21,1.33021E+16,5.24382E+16
198093,11,0,7,7,2018,2,0,7,3,2,3,2,0,1,0,0,0,0,0,7.97811E+20,5.82078E+21,1.33838E+16,5.24558E+16
198094,11,0,8,8,2018,2,13,7,3,2,6,0,0,1,0,0,0,0,0,8.01375E+20,5.81935E+21,1.34348E+16,5.24411E+16
198095,11,0,3,3,2018,2,5,5,3,5,3,2,1,1,0,0,0,0,0,8.03457E+20,5.83281E+21,1.34776E+16,5.25606E+16
198096,11,0,11,11,2018,2,12,7,2,5,2,0,0,1,0,0,0,0,0,8.03551E+20,5.82975E+21,1.34762E+16,5.25331E+16
198097,11,0,1,1,2018,2,10,6,2,5,3,0,0,1,0,0,0,0,0,7.98072E+20,5.82999E+21,1.33959E+16,5.25383E+16
198098,11,0,4,4,2018,2,18,4,2,0,5,2,1,1,0,0,0,0,0,7.93223E+20,5.82609E+21,1.33212E+16,5.2506E+16
198099,11,0,11,11,2018,2,12,7,3,5,3,0,0,1,0,0,0,0,0,8.06595E+20,5.82775E+21,1.35191E+16,5.25135E+16
198100,11,0,7,7,2018,2,6,5,3,0,5,2,0,1,0,0,0,0,0,7.96332E+20,5.81453E+21,1.33566E+16,5.24006E+16
198101,11,0,1,1,2018,2,12,7,3,6,6,0,1,0,1,0,0,0,0,7.94537E+20,5.82611E+21,1.33405E+16,5.25053E+16
198102,11,0,3,3,2018,2,11,6,3,6,4,0,0,0,1,0,0,1,0,7.99984E+20,5.83509E+21,1.34286E+16,5.25829E+16
198103,11,0,4,4,2018,2,6,7,3,5,3,1,0,1,0,0,0,0,0,7.92708E+20,5.82547E+21,1.33131E+16,5.25006E+16
198104,11,0,7,7,2018,2,16,2,2,5,3,0,1,1,0,0,0,0,0,7.94143E+20,5.82209E+21,1.33312E+16,5.24696E+16
198105,11,0,9,9,2018,2,9,7,3,0,1,0,0,0,0,1,0,0,1,8.12055E+20,5.82119E+21,1.35932E+16,5.24516E+16
198106,11,0,12,12,2018,2,11,2,2,2,6,0,0,1,0,0,0,1,0,7.92829E+20,5.8368E+21,1.33248E+16,5.26022E+16
198107,11,0,10,10,2018,2,7,5,3,1,5,0,1,1,0,0,0,1,0,8.11421E+20,5.82808E+21,1.35903E+16,5.25137E+16
198108,11,0,1,1,2018,2,23,7,3,5,3,2,0,1,0,0,0,0,0,7.97984E+20,5.82866E+21,1.33934E+16,5.25264E+16
198109,11,0,9,9,2018,2,15,7,3,5,3,0,1,1,0,0,0,0,0,8.02205E+20,5.8249E+21,1.3452E+16,5.24903E+16
198110,11,0,4,4,2018,2,7,5,2,0,2,0,0,1,0,1,0,0,0,7.91169E+20,5.8291E+21,1.32936E+16,5.2534E+16
198111,11,0,1,1,2018,2,18,6,3,1,5,2,1,1,0,0,0,0,0,8.00287E+20,5.8268E+21,1.34256E+16,5.25085E+16
198112,11,0,1,1,2018,2,23,7,3,5,3,2,0,1,0,0,0,0,0,7.95398E+20,5.83061E+21,1.33571E+16,5.25452E+16
198113,11,0,7,7,2018,2,16,6,3,6,4,0,0,1,1,0,0,0,0,7.94258E+20,5.82204E+21,1.33328E+16,5.2469E+16
198114,11,0,6,6,2018,2,14,4,3,6,4,0,0,1,1,0,0,0,0,7.96223E+20,5.81706E+21,1.33572E+16,5.24234E+16
198115,11,0,8,8,2018,2,23,7,3,2,1,2,0,1,0,0,0,0,0,8.00715E+20,5.82343E+21,1.34288E+16,5.2478E+16
198116,11,0,5,5,2018,2,21,7,3,5,2,2,0,1,0,0,0,0,0,7.85748E+20,5.82927E+21,1.32141E+16,5.25384E+16
198117,11,0,4,4,2018,2,7,2,3,2,6,0,0,1,0,0,0,0,2,7.90372E+20,5.82566E+21,1.32789E+16,5.25036E+16
198118,11,0,9,9,2018,2,9,5,2,5,3,0,1,1,0,0,0,0,0,8.11257E+20,5.82019E+21,1.35805E+16,5.2443E+16
198119,11,0,2,2,2018,2,18,7,2,6,4,2,0,1,1,0,0,0,0,8.02679E+20,5.82724E+21,1.34611E+16,5.25111E+16
198120,11,0,7,7,2018,2,9,2,3,5,2,0,1,0,0,0,1,0,1,7.99147E+20,5.8213E+21,1.34039E+16,5.24597E+16
198121,11,0,8,8,2018,2,12,5,3,5,2,0,0,1,0,0,0,0,0,8.00665E+20,5.82111E+21,1.3426E+16,5.24572E+16
198122,11,0,5,5,2018,2,18,7,2,6,4,2,0,1,1,0,0,0,0,7.84461E+20,5.82888E+21,1.31948E+16,5.25356E+16
198123,11,0,1,1,2018,2,16,7,3,9,1,0,0,1,0,0,0,0,0,7.97003E+20,5.82894E+21,1.33792E+16,5.25295E+16
198124,11,0,2,2,2018,2,18,7,3,5,2,2,1,1,0,0,0,0,0,8.0271E+20,5.82822E+21,1.34625E+16,5.25198E+16
198125,11,0,3,3,2018,2,5,5,3,5,2,2,0,1,0,0,0,0,1,8.00197E+20,5.83214E+21,1.34291E+16,5.25563E+16
198126,11,0,9,9,2018,2,15,7,3,5,7,0,1,1,0,0,0,0,0,8.14156E+20,5.82078E+21,1.36236E+16,5.24467E+16
198127,11,0,10,10,2018,2,15,7,3,2,6,0,0,1,0,0,0,0,0,8.10015E+20,5.82966E+21,1.35711E+16,5.25286E+16
198128,11,0,2,2,2018,2,19,3,3,1,5,2,1,1,0,0,0,1,0,8.01421E+20,5.82642E+21,1.34419E+16,5.25044E+16
198129,11,0,2,2,2018,2,15,7,3,2,6,0,0,1,0,0,0,1,0,8.00506E+20,5.82667E+21,1.34287E+16,5.25072E+16
198130,11,0,12,12,2018,2,17,6,3,6,4,1,0,1,1,0,0,0,0,7.94848E+20,5.8363E+21,1.33541E+16,5.25966E+16
198131,11,0,8,8,2018,2,14,7,3,5,3,0,1,1,0,0,0,0,0,8.01911E+20,5.82177E+21,1.34449E+16,5.24625E+16
198132,11,0,6,6,2018,2,13,1,3,6,4,0,0,1,1,0,0,0,0,7.91905E+20,5.82142E+21,1.32977E+16,5.24648E+16
198133,11,0,8,8,2018,2,0,5,2,9,1,2,0,1,0,0,0,0,1,8.02467E+20,5.82192E+21,1.34532E+16,5.24635E+16
198134,11,0,9,9,2018,2,13,6,3,6,4,0,0,1,1,0,0,0,0,8.1421E+20,5.82199E+21,1.36255E+16,5.24575E+16
198135,11,0,3,3,2018,2,7,6,3,5,2,0,1,1,0,0,0,0,0,8.02274E+20,5.82857E+21,1.34564E+16,5.25232E+16
198136,11,0,6,6,2018,2,17,6,2,6,7,1,0,1,1,0,0,0,0,7.92461E+20,5.81699E+21,1.3302E+16,5.24247E+16
198137,11,0,4,4,2018,2,13,5,3,2,2,0,1,1,0,0,0,0,0,7.94183E+20,5.82531E+21,1.33346E+16,5.24984E+16
198138,11,0,7,7,2018,2,7,6,3,3,6,0,0,1,0,0,0,1,1,7.93993E+20,5.82155E+21,1.33285E+16,5.24648E+16
198139,11,0,7,7,2018,2,7,6,3,0,7,1,1,0,0,0,0,0,0,7.99937E+20,5.81466E+21,1.34095E+16,5.23998E+16
198140,11,0,4,4,2018,2,19,6,3,1,1,2,0,1,0,0,0,0,0,7.89398E+20,5.8232E+21,1.32625E+16,5.2482E+16
198141,11,0,4,4,2018,2,11,7,3,2,6,0,0,1,0,0,0,0,0,7.91357E+20,5.82862E+21,1.3296E+16,5.25296E+16
198142,11,0,12,12,2018,2,22,6,2,6,4,2,0,1,1,0,0,0,0,7.90372E+20,5.83532E+21,1.32874E+16,5.25902E+16
198143,11,0,8,8,2018,2,14,5,3,6,7,0,0,1,1,0,0,0,0,8.00582E+20,5.82205E+21,1.34256E+16,5.24657E+16
198144,11,0,1,1,2018,2,22,6,3,2,6,2,0,1,0,0,0,0,0,8.00058E+20,5.82739E+21,1.34227E+16,5.25139E+16
198145,11,0,4,4,2018,2,21,6,3,5,3,2,1,1,0,0,0,0,0,7.93359E+20,5.82249E+21,1.332E+16,5.24736E+16
198146,11,0,2,2,2018,2,14,3,2,6,2,0,0,1,1,0,0,0,0,7.98629E+20,5.82452E+21,1.33992E+16,5.24889E+16
198147,11,0,6,6,2018,2,12,6,3,8,1,0,0,1,0,0,0,0,0,7.91994E+20,5.81897E+21,1.32969E+16,5.24428E+16
198148,11,0,2,2,2018,2,13,6,3,5,2,0,0,1,0,0,0,0,0,7.98586E+20,5.82556E+21,1.33995E+16,5.24983E+16
198149,11,0,6,6,2018,2,23,1,2,1,1,2,1,1,0,0,0,0,0,7.9435E+20,5.82085E+21,1.33331E+16,5.24583E+16
198150,11,0,7,7,2018,2,15,5,3,5,2,0,0,1,0,0,0,0,0,7.98899E+20,5.82122E+21,1.34002E+16,5.24591E+16
198151,11,0,1,1,2018,2,14,6,3,5,3,0,0,1,0,0,0,0,0,7.9777E+20,5.82735E+21,1.33891E+16,5.25147E+16
198152,11,0,8,8,2018,2,12,6,3,5,3,0,1,1,0,0,0,0,0,8.00524E+20,5.82444E+21,1.34269E+16,5.24871E+16
198153,11,0,9,9,2018,2,15,6,3,2,2,0,0,1,0,0,0,0,0,8.09521E+20,5.81833E+21,1.35534E+16,5.24274E+16
198154,11,0,7,7,2018,2,12,3,3,0,3,0,0,1,0,0,0,1,0,7.98628E+20,5.82066E+21,1.33957E+16,5.24543E+16
198155,11,0,7,7,2018,2,15,6,2,6,4,0,0,1,1,0,0,0,0,7.99142E+20,5.81652E+21,1.33995E+16,5.24169E+16
198156,11,0,11,11,2018,2,15,2,3,2,6,0,0,1,0,0,0,0,0,8.05187E+20,5.83E+21,1.35005E+16,5.25344E+16
198157,11,0,8,8,2018,2,8,3,2,5,2,0,1,1,0,0,0,0,0,8.01709E+20,5.82425E+21,1.34442E+16,5.24848E+16
198158,11,0,1,1,2018,2,15,6,3,1,6,0,1,0,0,0,0,1,0,7.99962E+20,5.82645E+21,1.34205E+16,5.25055E+16
198159,11,0,11,11,2018,2,14,2,3,2,2,0,0,1,0,0,1,0,0,8.0536E+20,5.82736E+21,1.35006E+16,5.25106E+16
198160,11,0,6,6,2018,2,16,6,3,5,3,0,1,1,0,0,0,0,0,7.92633E+20,5.81816E+21,1.33056E+16,5.24351E+16
198161,11,0,8,8,2018,2,14,1,3,5,3,0,0,1,0,0,0,0,0,8.014E+20,5.82113E+21,1.34368E+16,5.2457E+16
198162,11,0,4,4,2018,2,15,5,3,5,2,0,1,0,0,0,0,1,0,7.93996E+20,5.82617E+21,1.33326E+16,5.25062E+16
198163,11,0,6,6,2018,2,17,6,2,5,3,2,0,1,0,1,0,0,0,7.93411E+20,5.82069E+21,1.33192E+16,5.24574E+16
198164,11,0,4,4,2018,2,9,6,3,5,2,0,1,1,0,0,0,0,0,7.93678E+20,5.82607E+21,1.33278E+16,5.25055E+16
198165,11,0,10,10,2018,2,0,4,3,1,5,2,0,1,0,0,0,0,0,8.13625E+20,5.83004E+21,1.36245E+16,5.25299E+16
198166,11,0,1,1,2018,2,23,6,3,0,1,2,1,0,0,0,0,0,0,7.98542E+20,5.82781E+21,1.34008E+16,5.25185E+16
198167,11,0,4,4,2018,2,7,5,2,0,1,0,1,0,0,0,0,0,0,7.91909E+20,5.82227E+21,1.32985E+16,5.24724E+16
198168,11,0,1,1,2018,2,18,2,3,5,2,2,1,1,0,0,0,0,0,7.9728E+20,5.83126E+21,1.33854E+16,5.25501E+16
198169,11,0,8,8,2018,2,20,6,2,5,7,2,0,1,0,0,0,0,0,8.0124E+20,5.81639E+21,1.34302E+16,5.24146E+16
198170,11,0,7,7,2018,2,10,2,3,5,2,0,0,1,0,0,0,0,0,7.94952E+20,5.82565E+21,1.33462E+16,5.2501E+16
198171,11,0,3,3,2018,2,15,5,3,2,6,0,0,1,0,1,0,0,0,7.98743E+20,5.83102E+21,1.34067E+16,5.25471E+16
198172,11,0,1,1,2018,2,18,6,3,3,2,2,1,1,0,0,0,0,0,7.98558E+20,5.82681E+21,1.34002E+16,5.25095E+16
198173,11,0,4,4,2018,2,18,7,2,5,2,2,1,1,0,0,0,0,0,7.93247E+20,5.82675E+21,1.33221E+16,5.25118E+16
198174,11,0,1,1,2018,2,15,5,3,5,2,0,1,1,0,0,0,0,0,7.97396E+20,5.83248E+21,1.33882E+16,5.2561E+16
198175,11,0,7,7,2018,2,19,6,3,5,7,2,0,1,0,0,0,0,0,7.96769E+20,5.8248E+21,1.33721E+16,5.24924E+16
198176,11,0,5,5,2018,2,12,6,3,5,2,0,1,1,0,0,0,0,0,7.85651E+20,5.82802E+21,1.32116E+16,5.25273E+16
198177,11,0,9,9,2018,2,11,7,2,6,3,0,0,1,1,0,0,0,0,8.10974E+20,5.82207E+21,1.35781E+16,5.246E+16
198178,11,0,6,6,2018,2,11,6,3,3,6,0,0,1,0,0,0,0,0,7.93579E+20,5.82127E+21,1.33222E+16,5.24625E+16
198179,11,0,4,4,2018,2,3,6,3,8,1,2,0,1,0,0,0,0,0,7.94079E+20,5.82607E+21,1.33337E+16,5.25052E+16
198180,11,0,10,10,2018,2,6,4,3,5,3,2,0,1,0,0,0,0,2,8.09121E+20,5.82972E+21,1.3558E+16,5.25297E+16
198181,11,0,1,1,2018,2,9,6,3,2,6,0,1,1,0,0,0,0,1,7.97185E+20,5.83135E+21,1.33841E+16,5.25509E+16
198182,11,0,3,3,2018,2,8,6,3,5,3,0,1,1,0,0,0,0,1,7.98367E+20,5.83283E+21,1.34028E+16,5.25635E+16
198183,11,0,12,12,2018,2,8,2,2,4,6,0,0,1,0,0,0,0,0,7.86235E+20,5.83898E+21,1.32296E+16,5.26252E+16
198184,11,0,5,5,2018,2,6,6,3,0,6,1,0,1,0,0,0,1,1,7.86675E+20,5.82822E+21,1.32268E+16,5.25285E+16
198185,11,0,12,12,2018,2,13,7,3,5,7,0,0,1,0,0,0,0,0,7.90289E+20,5.8346E+21,1.32855E+16,5.25838E+16
198186,11,0,7,7,2018,2,6,6,2,6,2,2,0,1,1,0,0,0,1,7.95817E+20,5.81602E+21,1.33503E+16,5.24142E+16
198187,11,0,9,9,2018,2,6,6,3,1,5,1,0,1,0,0,0,0,1,8.10693E+20,5.81946E+21,1.35716E+16,5.24368E+16
198188,11,0,2,2,2018,2,5,6,3,6,2,2,0,1,1,0,0,0,1,7.97946E+20,5.82526E+21,1.33898E+16,5.24959E+16
198189,11,0,7,7,2018,2,16,3,3,6,2,0,0,0,1,0,0,1,0,8.00312E+20,5.82198E+21,1.34216E+16,5.24652E+16
198190,11,0,9,9,2018,2,2,6,3,0,1,2,1,0,0,0,0,0,1,8.10977E+20,5.82205E+21,1.35782E+16,5.24599E+16
198191,11,0,1,1,2018,2,16,5,3,5,2,2,1,1,0,0,0,0,0,7.9402E+20,5.83018E+21,1.33365E+16,5.25421E+16
198192,11,0,4,4,2018,2,15,3,3,3,6,0,0,1,0,0,0,1,0,7.93864E+20,5.82588E+21,1.33304E+16,5.25037E+16
198193,11,0,1,1,2018,2,10,5,2,5,3,0,0,1,0,0,0,0,0,7.96858E+20,5.83064E+21,1.33786E+16,5.25447E+16
198194,11,0,1,1,2018,2,10,5,3,1,5,0,0,1,0,0,0,0,0,7.93842E+20,5.82816E+21,1.33321E+16,5.25242E+16
198195,11,0,1,1,2018,2,7,2,2,2,6,1,1,1,0,0,0,0,2,7.95313E+20,5.82852E+21,1.3354E+16,5.25265E+16
198196,11,0,1,1,2018,2,9,5,3,5,3,0,1,1,0,0,0,0,0,7.92966E+20,5.82858E+21,1.33196E+16,5.25284E+16
198197,11,0,7,7,2018,2,1,7,3,9,1,2,0,1,0,0,0,0,0,7.9399E+20,5.8223E+21,1.33291E+16,5.24715E+16
198198,11,0,1,1,2018,2,9,5,3,0,1,0,1,0,0,0,0,0,0,7.98764E+20,5.82822E+21,1.34045E+16,5.2522E+16
198199,11,0,9,9,2018,2,8,5,3,2,6,0,0,1,0,0,0,1,0,8.05351E+20,5.82239E+21,1.34959E+16,5.24661E+16
198200,11,0,6,6,2018,2,7,5,3,1,5,0,0,1,0,0,0,0,0,7.92329E+20,5.81678E+21,1.32999E+16,5.24229E+16
198201,11,0,4,4,2018,2,14,3,2,6,2,0,0,1,1,0,0,0,0,7.93436E+20,5.82392E+21,1.33224E+16,5.24863E+16
198202,11,0,10,10,2018,2,7,5,3,8,1,0,0,1,0,0,0,0,1,8.13719E+20,5.82998E+21,1.36259E+16,5.25294E+16
198203,11,0,8,8,2018,2,6,5,3,6,2,2,0,0,1,0,1,0,0,8.02575E+20,5.82308E+21,1.34558E+16,5.24738E+16
198204,11,0,5,5,2018,2,18,1,3,5,2,2,0,1,0,0,0,0,0,7.82299E+20,5.82742E+21,1.31618E+16,5.25236E+16
198205,11,0,7,7,2018,2,19,6,3,2,6,2,0,1,0,0,0,0,0,7.94948E+20,5.8247E+21,1.33453E+16,5.24926E+16
198206,11,0,9,9,2018,2,6,5,3,5,2,1,0,1,0,0,0,0,0,8.04392E+20,5.82174E+21,1.34813E+16,5.24608E+16
198207,11,0,8,8,2018,2,11,6,3,5,3,0,0,1,0,0,0,0,0,8.02525E+20,5.82425E+21,1.34561E+16,5.24843E+16
198208,11,0,6,6,2018,2,13,1,3,5,3,0,0,1,0,0,0,0,0,7.92814E+20,5.8162E+21,1.33065E+16,5.24174E+16
198209,11,0,2,2,2018,2,1,5,3,5,3,2,0,1,0,0,0,0,0,8.03194E+20,5.82831E+21,1.34697E+16,5.25204E+16
198210,11,0,8,8,2018,2,16,6,3,2,6,0,0,1,0,0,0,0,0,8.03795E+20,5.8188E+21,1.34698E+16,5.24348E+16
198211,11,0,3,3,2018,2,8,5,3,2,6,0,0,1,0,0,0,0,0,7.99411E+20,5.83578E+21,1.34208E+16,5.25894E+16
198212,11,0,6,6,2018,2,19,5,3,6,2,2,0,1,1,0,0,0,1,7.94652E+20,5.82089E+21,1.33376E+16,5.24585E+16
198213,11,0,1,1,2018,2,10,3,3,6,4,0,0,1,1,0,0,0,0,7.95164E+20,5.83107E+21,1.33541E+16,5.25495E+16
198214,11,0,7,7,2018,2,19,5,3,0,2,2,0,1,1,0,0,0,0,7.9787E+20,5.82204E+21,1.33858E+16,5.24671E+16
198215,11,0,1,1,2018,2,13,2,3,2,6,0,0,1,0,0,0,0,0,7.93517E+20,5.82931E+21,1.33283E+16,5.25346E+16
198216,11,0,6,6,2018,2,15,5,3,6,2,0,0,1,1,0,0,0,0,7.91612E+20,5.82066E+21,1.32927E+16,5.24581E+16
198217,11,0,2,2,2018,2,1,1,3,5,2,2,0,1,0,0,0,0,0,7.98278E+20,5.82478E+21,1.33943E+16,5.24915E+16
198218,11,0,7,7,2018,2,8,6,3,0,2,0,0,1,0,0,0,1,0,7.96017E+20,5.82496E+21,1.33612E+16,5.24942E+16
198219,11,0,9,9,2018,2,18,4,2,2,6,2,0,1,0,0,0,0,0,8.03666E+20,5.82072E+21,1.34697E+16,5.2452E+16
198220,11,0,1,1,2018,2,14,5,3,2,6,0,0,1,0,0,0,0,0,7.99477E+20,5.82878E+21,1.34155E+16,5.25266E+16
198221,11,0,3,3,2018,2,11,5,2,5,3,0,0,1,0,0,0,0,0,7.99337E+20,5.83559E+21,1.34195E+16,5.25877E+16
198222,11,0,7,7,2018,2,9,2,3,5,3,0,0,1,0,0,0,1,1,7.97313E+20,5.81937E+21,1.33753E+16,5.24435E+16
198223,11,0,3,3,2018,3,17,2,3,2,6,0,0,1,0,0,0,0,0,8.00097E+20,5.83388E+21,1.34292E+16,5.2572E+16
198224,11,0,8,8,2018,3,17,2,3,1,5,0,1,1,0,0,0,0,0,8.06027E+20,5.81732E+21,1.35012E+16,5.24202E+16
198225,11,0,9,9,2018,3,16,2,3,6,4,0,0,1,1,0,0,0,0,8.08486E+20,5.81874E+21,1.35386E+16,5.24316E+16
198226,11,0,6,6,2018,3,1,3,3,9,1,2,0,1,0,0,0,0,0,7.93227E+20,5.81991E+21,1.33158E+16,5.24505E+16
198227,11,0,2,2,2018,3,16,2,3,5,2,0,1,1,0,0,0,0,0,7.98842E+20,5.82511E+21,1.34028E+16,5.2494E+16
198228,11,0,1,1,2018,3,16,2,3,6,4,0,0,1,1,0,0,0,0,7.97432E+20,5.83139E+21,1.33877E+16,5.25511E+16
198229,11,0,2,2,2018,3,16,2,3,2,6,0,0,1,0,0,0,0,0,8.0212E+20,5.82773E+21,1.34534E+16,5.25158E+16
198230,11,0,5,5,2018,3,17,3,2,6,7,0,0,1,1,0,0,0,0,7.82016E+20,5.82833E+21,1.31584E+16,5.25319E+16
198231,11,0,4,4,2018,3,14,2,3,5,3,0,0,1,0,0,0,0,0,7.9167E+20,5.82324E+21,1.32959E+16,5.24812E+16
198232,11,0,11,11,2018,3,17,3,2,6,4,1,0,1,1,0,0,0,0,8.0631E+20,5.82685E+21,1.35141E+16,5.25055E+16
198233,11,0,7,7,2018,3,19,3,3,6,4,2,0,1,1,0,0,0,1,7.96089E+20,5.81594E+21,1.33543E+16,5.24134E+16
198234,11,0,6,6,2018,3,18,3,3,6,7,1,0,0,1,0,0,1,1,7.94722E+20,5.82026E+21,1.3338E+16,5.24529E+16
198235,11,0,1,1,2018,3,19,3,3,5,3,2,1,0,0,0,0,1,1,7.98604E+20,5.82956E+21,1.34033E+16,5.25341E+16
198236,11,0,1,1,2018,3,20,2,3,6,4,2,0,1,1,0,0,1,1,7.93945E+20,5.8282E+21,1.33336E+16,5.25244E+16
198237,11,0,8,8,2018,3,19,3,3,6,2,2,0,1,1,0,0,0,1,8.01463E+20,5.82388E+21,1.34402E+16,5.24816E+16
198238,11,0,1,1,2018,3,9,3,3,1,5,0,0,1,0,1,0,0,0,7.96181E+20,5.82812E+21,1.33664E+16,5.25225E+16