OBJECTID_1,ULAND,UREGBEZ,UKREIS,UGEMEINDE,UJAHR,UMONAT,USTUNDE,UWOCHENTAG,UKATEGORIE,UART,UTYP1,ULICHTVERH,IstRad,IstPKW,IstFuss,IstKrad,IstGkfz,IstSonstig,STRZUSTAND,LINREFX,LINREFY,XGCSWGS84,YGCSWGS84
198239,11,0,2,2,2018,3,20,3,3,1,5,2,1,1,0,0,0,0,1,7.9867E+20,5.82452E+21,1.33998E+16,5.24889E+16
198240,11,0,2,2,2018,2,10,4,3,2,7,0,1,1,0,0,0,0,0,8.00231E+20,5.8244E+21,1.34226E+16,5.24869E+16
198241,11,0,1,1,2018,3,20,3,2,6,4,2,0,0,1,0,0,1,1,7.9668E+20,5.83016E+21,1.33756E+16,5.25406E+16
198242,11,0,2,2,2018,3,19,2,3,2,6,2,0,1,0,0,0,0,0,7.99476E+20,5.82452E+21,1.34116E+16,5.24885E+16
198243,11,0,8,8,2018,3,21,3,3,6,2,2,0,1,1,0,0,0,1,8.01448E+20,5.82388E+21,1.344E+16,5.24816E+16
198244,11,0,11,11,2018,3,21,3,3,2,7,2,0,1,0,0,0,0,1,8.04109E+20,5.82599E+21,1.3481E+16,5.2499E+16
198245,11,0,5,5,2018,3,18,2,3,6,4,1,0,1,1,0,0,0,0,7.84631E+20,5.82967E+21,1.3198E+16,5.25425E+16
198246,11,0,1,1,2018,3,21,3,3,6,2,2,0,1,1,0,0,0,1,7.94607E+20,5.82988E+21,1.33449E+16,5.25391E+16
198247,11,0,4,4,2018,3,20,2,2,6,4,2,0,1,1,0,0,0,1,7.9174E+20,5.8261E+21,1.32994E+16,5.25068E+16
198248,11,0,7,7,2018,3,21,3,3,2,6,2,0,1,0,0,0,0,1,7.9496E+20,5.82566E+21,1.33463E+16,5.25011E+16
198249,11,0,7,7,2018,3,21,3,2,9,1,2,0,1,0,0,0,0,1,7.96327E+20,5.81592E+21,1.33577E+16,5.24131E+16
198250,11,0,11,11,2018,3,23,3,2,6,4,2,0,1,1,0,0,0,1,8.07061E+20,5.8259E+21,1.35242E+16,5.24966E+16
198251,11,0,1,1,2018,3,16,2,3,5,3,0,1,1,0,0,0,0,1,7.96234E+20,5.82813E+21,1.33672E+16,5.25226E+16
198252,11,0,9,9,2018,3,22,2,3,2,6,2,0,1,0,0,0,0,0,8.09673E+20,5.82154E+21,1.35585E+16,5.2456E+16
198253,11,0,1,1,2018,3,17,2,3,5,3,1,0,1,0,1,0,0,1,7.98116E+20,5.82691E+21,1.33938E+16,5.25106E+16
198254,11,0,7,7,2018,3,8,2,3,2,6,0,0,1,0,0,0,0,1,7.97259E+20,5.82294E+21,1.33776E+16,5.24755E+16
198255,11,0,5,5,2018,3,15,2,3,0,6,0,0,1,0,1,0,0,1,7.84866E+20,5.82928E+21,1.32011E+16,5.25389E+16
198256,11,0,3,3,2018,3,8,2,3,1,1,0,0,1,0,1,0,0,2,7.9973E+20,5.83295E+21,1.34229E+16,5.25639E+16
198257,11,0,1,1,2018,3,15,2,3,5,3,0,1,1,0,0,0,0,1,7.93146E+20,5.8316E+21,1.33249E+16,5.25554E+16
198258,11,0,7,7,2018,3,14,2,3,5,2,0,0,0,0,0,0,1,1,7.94592E+20,5.82185E+21,1.33375E+16,5.24672E+16
198259,11,0,8,8,2018,3,7,2,2,6,4,0,0,0,1,0,0,1,2,8.01697E+20,5.82012E+21,1.34402E+16,5.24478E+16
198260,11,0,6,6,2018,3,15,4,3,2,6,0,0,1,0,0,0,0,1,7.9481E+20,5.81929E+21,1.33385E+16,5.24441E+16
198261,11,0,4,4,2018,3,14,2,3,5,2,0,0,1,0,0,0,0,1,7.90217E+20,5.8273E+21,1.32781E+16,5.25183E+16
198262,11,0,11,11,2018,3,7,2,3,5,3,0,0,1,0,0,0,0,2,8.04948E+20,5.82911E+21,1.34962E+16,5.25265E+16
198263,11,0,9,9,2018,3,22,2,3,6,2,2,0,1,1,0,0,0,1,8.0379E+20,5.82328E+21,1.34738E+16,5.24749E+16
198264,11,0,7,7,2018,3,14,2,3,1,5,0,0,1,0,0,0,0,1,8.00146E+20,5.81503E+21,1.34129E+16,5.2403E+16
198265,11,0,8,8,2018,3,7,2,2,5,3,0,0,1,0,0,0,1,2,8.02487E+20,5.82315E+21,1.34546E+16,5.24745E+16
198266,11,0,12,12,2018,3,13,2,3,5,3,0,1,1,0,0,0,0,1,7.91175E+20,5.83772E+21,1.33013E+16,5.26113E+16
198267,11,0,5,5,2018,3,6,2,3,0,1,2,1,0,0,0,0,0,2,7.81079E+20,5.82781E+21,1.31442E+16,5.25278E+16
198268,11,0,3,3,2018,3,13,2,3,5,3,0,0,1,0,0,0,0,1,7.95774E+20,5.83513E+21,1.33667E+16,5.25856E+16
198269,11,0,4,4,2018,3,8,2,3,3,6,0,0,1,0,0,1,0,2,7.90319E+20,5.8273E+21,1.32796E+16,5.25183E+16
198270,11,0,2,2,2018,3,18,3,3,5,3,2,1,1,0,0,0,0,1,7.99327E+20,5.82624E+21,1.3411E+16,5.25039E+16
198271,11,0,3,3,2018,3,7,2,3,5,3,0,1,1,0,0,0,0,0,8.01894E+20,5.83034E+21,1.34524E+16,5.25393E+16
198272,11,0,6,6,2018,3,10,2,2,2,6,0,0,1,0,0,0,1,0,7.93252E+20,5.81768E+21,1.33142E+16,5.24305E+16
198273,11,0,2,2,2018,3,11,3,3,6,4,0,0,1,1,0,0,0,0,8.00966E+20,5.82823E+21,1.34368E+16,5.25209E+16
198274,11,0,12,12,2018,3,15,2,3,5,3,0,0,1,0,0,0,1,1,7.86228E+20,5.83476E+21,1.32259E+16,5.25873E+16
198275,11,0,11,11,2018,3,11,2,3,1,5,0,1,1,0,0,0,0,0,8.05994E+20,5.82634E+21,1.3509E+16,5.25012E+16
198276,11,0,1,1,2018,3,12,2,3,5,3,0,1,1,0,0,0,0,0,7.95294E+20,5.82626E+21,1.33518E+16,5.25064E+16
198277,11,0,7,7,2018,3,19,2,3,6,2,2,0,1,1,0,0,0,1,7.93975E+20,5.82172E+21,1.33284E+16,5.24663E+16
198278,11,0,1,1,2018,2,10,4,3,5,3,0,0,1,0,0,0,0,0,7.97886E+20,5.82667E+21,1.33902E+16,5.25086E+16
198279,11,0,7,7,2018,3,13,2,3,5,3,0,0,1,0,0,0,1,0,7.98623E+20,5.82065E+21,1.33956E+16,5.24543E+16
198280,11,0,4,4,2018,3,18,2,3,5,2,2,1,1,0,0,0,0,1,7.93217E+20,5.8252E+21,1.33203E+16,5.2498E+16
198281,11,0,1,1,2018,3,14,2,3,6,7,0,0,1,1,0,0,0,0,7.96334E+20,5.82949E+21,1.33699E+16,5.25347E+16
198282,11,0,12,12,2018,3,18,2,3,6,2,2,0,1,1,0,0,0,1,7.90036E+20,5.83536E+21,1.32824E+16,5.25908E+16
198283,11,0,5,5,2018,3,14,2,3,6,4,0,0,0,1,0,0,1,0,7.89914E+20,5.82936E+21,1.32754E+16,5.2537E+16
198284,11,0,5,5,2018,3,13,3,3,5,3,0,0,1,0,0,1,0,0,7.84607E+20,5.82832E+21,1.31965E+16,5.25304E+16
198285,11,0,2,2,2018,2,8,4,3,5,7,0,1,1,0,0,0,0,0,8.03085E+20,5.82599E+21,1.3466E+16,5.24997E+16
198286,11,0,1,1,2018,3,18,2,3,2,2,2,1,1,0,0,0,0,1,7.97944E+20,5.82878E+21,1.33929E+16,5.25275E+16
198287,11,0,6,6,2018,3,19,1,2,1,5,2,0,1,0,0,0,0,0,7.87173E+20,5.81712E+21,1.32246E+16,5.24287E+16
198288,11,0,5,5,2018,3,18,2,3,6,4,2,0,1,1,0,0,0,1,7.8336E+20,5.82767E+21,1.31776E+16,5.25253E+16
198289,11,0,1,1,2018,3,17,2,3,6,4,1,0,1,1,0,0,0,1,7.95948E+20,5.83156E+21,1.33661E+16,5.25535E+16
198290,11,0,4,4,2018,3,10,1,3,5,3,0,0,1,0,0,0,0,0,7.92145E+20,5.82739E+21,1.33065E+16,5.25182E+16
198291,11,0,9,9,2018,3,13,1,3,5,2,0,0,1,0,0,0,1,0,8.10262E+20,5.82145E+21,1.35671E+16,5.24549E+16
198292,11,0,12,12,2018,3,18,2,3,5,2,2,0,1,0,0,0,0,1,7.91166E+20,5.83403E+21,1.32979E+16,5.25782E+16
198293,11,0,5,5,2018,3,19,2,3,2,6,2,0,1,0,0,0,0,1,7.86013E+20,5.82918E+21,1.32179E+16,5.25375E+16
198294,11,0,1,1,2018,3,13,1,3,2,6,0,0,1,0,0,0,0,0,7.97166E+20,5.83109E+21,1.33836E+16,5.25486E+16
198295,11,0,11,11,2018,3,21,2,3,2,6,2,0,1,0,0,0,0,1,8.07248E+20,5.82421E+21,1.35254E+16,5.24814E+16
198296,11,0,4,4,2018,3,4,1,3,1,1,2,0,1,0,0,0,0,0,7.92925E+20,5.82506E+21,1.33159E+16,5.24969E+16
198297,11,0,11,11,2018,3,20,2,3,5,3,2,1,1,0,0,0,0,1,8.07497E+20,5.8341E+21,1.35382E+16,5.25698E+16
198298,11,0,5,5,2018,3,7,3,2,5,2,0,0,1,0,1,0,0,1,7.86803E+20,5.8282E+21,1.32287E+16,5.25282E+16
198299,11,0,1,1,2018,3,19,2,3,1,5,2,1,1,0,0,0,0,1,7.95212E+20,5.82933E+21,1.33533E+16,5.25339E+16
198300,11,0,2,2,2018,3,19,2,3,1,5,2,1,1,0,0,0,0,1,7.99244E+20,5.82464E+21,1.34083E+16,5.24896E+16
198301,11,0,3,3,2018,3,1,1,3,5,2,2,0,1,0,0,0,0,0,7.99196E+20,5.83143E+21,1.34137E+16,5.25506E+16
198302,11,0,1,1,2018,3,19,2,3,6,2,2,0,1,1,0,0,0,1,7.94414E+20,5.82759E+21,1.334E+16,5.25187E+16
198303,11,0,1,1,2018,3,19,2,3,5,3,2,0,1,0,0,0,0,1,7.97762E+20,5.82744E+21,1.33891E+16,5.25156E+16
198304,11,0,5,5,2018,3,20,1,3,3,6,2,0,1,0,0,0,0,0,7.82367E+20,5.82721E+21,1.31626E+16,5.25216E+16
198305,11,0,5,5,2018,3,19,2,3,6,2,2,0,1,1,0,0,0,1,7.84766E+20,5.82728E+21,1.31979E+16,5.2521E+16
198306,11,0,6,6,2018,3,11,2,3,1,5,0,0,1,0,0,0,0,1,7.94892E+20,5.82093E+21,1.33411E+16,5.24587E+16
198307,11,0,6,6,2018,3,19,1,3,5,2,2,0,1,0,0,0,0,0,7.92937E+20,5.81777E+21,1.33097E+16,5.24314E+16
198308,11,0,1,1,2018,3,4,2,3,4,6,2,0,1,0,0,0,0,0,7.94925E+20,5.82954E+21,1.33492E+16,5.25359E+16
198309,11,0,2,2,2018,3,16,1,3,6,2,0,0,1,1,0,0,0,0,8.01763E+20,5.82625E+21,1.34468E+16,5.25027E+16
198310,11,0,2,2,2018,3,5,2,3,5,2,2,0,0,0,1,1,0,0,8.03338E+20,5.82674E+21,1.34703E+16,5.25062E+16
198311,11,0,7,7,2018,3,19,3,3,6,4,2,1,0,1,0,0,0,1,7.95236E+20,5.82516E+21,1.33499E+16,5.24965E+16
198312,11,0,11,11,2018,3,8,2,3,2,6,0,0,1,0,0,0,0,0,8.04272E+20,5.82786E+21,1.34851E+16,5.25157E+16
198313,11,0,5,5,2018,3,8,2,3,2,6,0,0,1,0,0,0,0,1,7.84643E+20,5.82972E+21,1.31982E+16,5.2543E+16
198314,11,0,3,3,2018,3,16,1,3,6,7,0,0,1,1,0,0,0,0,7.99248E+20,5.83051E+21,1.34137E+16,5.25423E+16
198315,11,0,1,1,2018,3,9,2,3,0,1,0,1,0,0,0,0,0,0,7.98295E+20,5.82937E+21,1.33986E+16,5.25326E+16
198316,11,0,7,7,2018,3,11,2,2,5,3,0,0,1,0,0,0,0,1,7.99226E+20,5.81754E+21,1.34017E+16,5.2426E+16
198317,11,0,2,2,2018,3,15,1,3,5,3,0,1,0,0,0,0,1,0,7.98427E+20,5.82479E+21,1.33964E+16,5.24914E+16
198318,11,0,1,1,2018,3,13,4,3,5,3,0,0,1,0,0,0,0,1,7.97715E+20,5.83174E+21,1.33922E+16,5.25541E+16
198319,11,0,2,2,2018,3,11,2,3,5,7,0,0,1,0,0,0,0,1,7.97752E+20,5.8246E+21,1.33864E+16,5.24901E+16
198320,11,0,3,3,2018,3,15,1,3,5,2,0,0,1,0,0,0,1,0,8.03005E+20,5.83201E+21,1.34703E+16,5.25536E+16
198321,11,0,9,9,2018,3,19,2,1,6,4,2,0,1,1,0,0,0,1,8.11175E+20,5.81535E+21,1.35748E+16,5.23997E+16
198322,11,0,6,6,2018,3,11,7,2,5,3,0,1,0,0,0,0,1,0,7.92707E+20,5.81615E+21,1.33049E+16,5.2417E+16
198323,11,0,6,6,2018,3,14,1,3,6,4,0,1,0,1,0,0,0,0,7.86159E+20,5.81602E+21,1.32087E+16,5.24194E+16
198324,11,0,1,1,2018,3,6,2,3,1,1,1,0,1,0,0,0,0,2,7.97032E+20,5.83112E+21,1.33816E+16,5.25489E+16
198325,11,0,3,3,2018,3,6,1,2,0,1,0,1,0,0,0,0,0,0,8.04356E+20,5.84028E+21,1.34977E+16,5.2627E+16
198326,11,0,12,12,2018,3,2,1,3,3,6,2,1,1,0,0,0,0,0,7.91105E+20,5.84126E+21,1.33034E+16,5.2643E+16
198327,11,0,11,11,2018,3,20,7,3,2,6,2,0,1,0,0,0,1,0,8.05484E+20,5.83337E+21,1.3508E+16,5.25644E+16
198328,11,0,12,12,2018,3,16,1,3,1,6,0,1,1,0,0,0,1,0,7.91909E+20,5.83571E+21,1.33103E+16,5.25929E+16
198329,11,0,9,9,2018,3,19,7,3,2,6,2,0,1,0,0,0,1,0,8.05543E+20,5.82156E+21,1.3498E+16,5.24585E+16
198330,11,0,4,4,2018,3,18,1,3,5,2,2,1,1,0,0,0,0,0,7.92298E+20,5.82539E+21,1.3307E+16,5.25001E+16
198331,11,0,10,10,2018,3,0,7,3,1,5,2,0,1,0,0,0,0,0,8.13484E+20,5.82625E+21,1.36189E+16,5.24961E+16
198332,11,0,9,9,2018,3,16,3,3,5,2,0,1,1,0,0,0,0,1,8.1053E+20,5.82002E+21,1.35697E+16,5.2442E+16
198333,11,0,1,1,2018,3,17,1,3,5,3,1,1,1,0,0,0,0,0,7.95135E+20,5.82998E+21,1.33527E+16,5.25397E+16
198334,11,0,8,8,2018,3,9,7,3,5,3,0,0,1,0,0,0,1,0,8.058E+20,5.81684E+21,1.34974E+16,5.24161E+16
198335,11,0,7,7,2018,3,4,7,3,1,7,2,0,1,0,0,0,0,0,8.00625E+20,5.8139E+21,1.34189E+16,5.23926E+16
198336,11,0,1,1,2018,3,17,1,3,2,6,0,0,1,0,0,0,0,0,7.96338E+20,5.83194E+21,1.33721E+16,5.25567E+16
198337,11,0,2,2,2018,2,8,4,3,1,6,0,1,0,0,0,0,1,0,8.00045E+20,5.82593E+21,1.34212E+16,5.25008E+16
198338,11,0,5,5,2018,3,15,1,3,5,3,0,1,1,0,0,0,0,0,7.83469E+20,5.83026E+21,1.31814E+16,5.25485E+16
198339,11,0,4,4,2018,3,11,7,2,1,5,0,1,1,0,0,0,0,0,7.92078E+20,5.82555E+21,1.33039E+16,5.25017E+16
198340,11,0,1,1,2018,3,13,1,3,0,2,0,1,0,0,0,0,1,0,7.97201E+20,5.82749E+21,1.33809E+16,5.25163E+16
198341,11,0,1,1,2018,3,12,7,3,2,6,0,0,1,0,0,0,0,0,7.94011E+20,5.83017E+21,1.33364E+16,5.2542E+16
198342,11,0,5,5,2018,3,15,7,3,2,6,0,0,1,0,0,0,0,0,7.87054E+20,5.82814E+21,1.32323E+16,5.25276E+16
198343,11,0,4,4,2018,3,11,1,2,1,5,0,1,1,0,0,0,0,0,7.8662E+20,5.82511E+21,1.32233E+16,5.25006E+16
198344,11,0,2,2,2018,3,16,7,3,2,2,0,1,1,0,0,0,0,0,8.03507E+20,5.82709E+21,1.34731E+16,5.25093E+16
198345,11,0,3,3,2018,3,10,1,3,5,2,0,0,1,0,0,0,0,0,8.01057E+20,5.83203E+21,1.34416E+16,5.25549E+16
198346,11,0,7,7,2018,3,17,7,3,6,7,0,0,1,1,0,0,0,0,7.95598E+20,5.82547E+21,1.33555E+16,5.2499E+16
198347,11,0,1,1,2018,3,15,3,3,9,1,0,0,1,0,0,0,0,0,7.97052E+20,5.83162E+21,1.33824E+16,5.25534E+16
198348,11,0,6,6,2018,3,10,1,3,5,3,0,1,1,0,0,0,0,0,7.95108E+20,5.81621E+21,1.33401E+16,5.24163E+16
198349,11,0,11,11,2018,3,19,6,3,5,2,2,1,1,0,0,0,0,0,8.03415E+20,5.82663E+21,1.34714E+16,5.25052E+16
198350,11,0,4,4,2018,3,9,6,3,0,2,0,0,1,0,0,0,1,0,7.92737E+20,5.82611E+21,1.3314E+16,5.25064E+16
198351,11,0,2,2,2018,3,3,1,3,1,5,2,1,1,0,0,0,0,1,8.00437E+20,5.8271E+21,1.34281E+16,5.25111E+16
198352,11,0,5,5,2018,3,2,1,2,5,2,2,0,1,0,0,0,0,1,7.82364E+20,5.83049E+21,1.31654E+16,5.25511E+16
198353,11,0,3,3,2018,3,10,6,3,5,3,0,0,1,0,0,0,0,0,8.01153E+20,5.83161E+21,1.34427E+16,5.2551E+16
198354,11,0,2,2,2018,3,20,1,3,6,7,2,0,1,1,0,0,0,0,8.01706E+20,5.82563E+21,1.34454E+16,5.24972E+16
198355,11,0,10,10,2018,3,11,6,3,5,3,0,0,1,0,0,0,0,0,8.09125E+20,5.82972E+21,1.35581E+16,5.25296E+16
198356,11,0,6,6,2018,3,21,1,3,6,4,2,0,1,1,0,0,0,0,7.95432E+20,5.81785E+21,1.33463E+16,5.24309E+16
198357,11,0,11,11,2018,3,19,3,3,6,4,2,0,1,1,0,0,0,1,8.06927E+20,5.82597E+21,1.35224E+16,5.24973E+16
198358,11,0,10,10,2018,3,15,7,3,0,6,0,0,1,0,0,1,0,1,8.1069E+20,5.82459E+21,1.35763E+16,5.24828E+16
198359,11,0,12,12,2018,3,14,7,3,5,2,0,1,1,0,0,0,0,0,7.92014E+20,5.8348E+21,1.33111E+16,5.25846E+16
198360,11,0,4,4,2018,3,12,6,2,5,3,0,0,1,0,0,0,0,0,7.92835E+20,5.8255E+21,1.3315E+16,5.25008E+16
198361,11,0,12,12,2018,3,12,7,3,2,6,0,0,1,0,0,0,0,0,7.94824E+20,5.8363E+21,1.33538E+16,5.25966E+16
198362,11,0,12,12,2018,3,10,7,3,5,7,0,1,1,0,0,0,0,1,7.90482E+20,5.83508E+21,1.32888E+16,5.2588E+16
198363,11,0,10,10,2018,3,19,3,2,0,7,2,1,0,0,0,0,0,1,8.12316E+20,5.83128E+21,1.36065E+16,5.25418E+16
198364,11,0,12,12,2018,3,17,7,3,5,3,1,0,1,0,0,0,0,0,7.88054E+20,5.83095E+21,1.32494E+16,5.25523E+16
198365,11,0,8,8,2018,3,13,6,3,6,4,0,0,1,1,0,0,0,0,8.01922E+20,5.81997E+21,1.34434E+16,5.24463E+16
198366,11,0,8,8,2018,3,13,7,3,3,3,0,0,1,0,0,0,0,0,8.01309E+20,5.824E+21,1.34381E+16,5.24828E+16
198367,11,0,10,10,2018,3,12,7,2,6,4,0,0,1,1,0,0,0,1,8.09431E+20,5.83112E+21,1.35639E+16,5.2542E+16
198368,11,0,9,9,2018,3,13,6,3,9,1,0,0,0,0,0,0,1,0,8.19711E+20,5.81376E+21,1.36984E+16,5.23806E+16
198369,11,0,6,6,2018,3,18,7,3,6,3,2,0,1,1,0,0,0,0,7.93704E+20,5.82068E+21,1.33235E+16,5.24572E+16
198370,11,0,4,4,2018,3,13,6,3,5,3,0,0,1,0,1,0,0,0,7.90964E+20,5.82339E+21,1.32856E+16,5.24829E+16
198371,11,0,6,6,2018,3,10,7,3,1,7,0,0,1,0,0,0,0,0,7.82511E+20,5.81617E+21,1.31554E+16,5.24226E+16
198372,11,0,1,1,2018,3,20,3,2,5,3,2,0,1,0,0,0,0,1,7.97317E+20,5.83014E+21,1.33849E+16,5.254E+16
198373,11,0,7,7,2018,3,23,7,2,6,4,2,0,1,1,0,0,0,1,7.97822E+20,5.82104E+21,1.33842E+16,5.24582E+16
198374,11,0,10,10,2018,3,8,7,2,5,3,0,0,1,0,0,0,1,1,8.08351E+20,5.83294E+21,1.35497E+16,5.25589E+16
198375,11,0,12,12,2018,3,14,6,3,5,3,0,1,1,0,0,0,0,0,7.93945E+20,5.83531E+21,1.33399E+16,5.25882E+16
198376,11,0,2,2,2018,3,7,7,3,6,4,0,0,1,1,0,0,0,1,8.00728E+20,5.82847E+21,1.34336E+16,5.25232E+16
198377,11,0,7,7,2018,3,23,6,3,6,2,2,0,1,1,0,0,0,0,7.98699E+20,5.81988E+21,1.33961E+16,5.24473E+16
198378,11,0,2,2,2018,3,2,7,3,8,1,2,0,1,0,0,0,0,0,7.99066E+20,5.82469E+21,1.34058E+16,5.24902E+16
198379,11,0,12,12,2018,3,20,6,3,5,3,2,1,1,0,0,0,0,0,7.91381E+20,5.83313E+21,1.33003E+16,5.25701E+16
198380,11,0,3,3,2018,3,23,6,3,7,7,2,0,1,0,0,0,0,1,8.03832E+20,5.8392E+21,1.3489E+16,5.26176E+16
198381,11,0,2,2,2018,3,8,6,2,5,3,0,1,1,0,0,0,0,0,8.0049E+20,5.82578E+21,1.34276E+16,5.24992E+16
198382,11,0,9,9,2018,3,15,4,2,6,4,0,0,1,1,0,0,0,0,8.14157E+20,5.82121E+21,1.3624E+16,5.24505E+16
198383,11,0,5,5,2018,3,21,6,3,2,2,2,0,1,0,0,0,0,0,7.84724E+20,5.82861E+21,1.31985E+16,5.2533E+16
198384,11,0,6,6,2018,3,8,6,2,5,3,0,0,1,0,0,0,0,0,7.88238E+20,5.81827E+21,1.32412E+16,5.24385E+16
198385,11,0,10,10,2018,3,12,2,3,5,5,0,0,1,0,0,0,0,0,8.09582E+20,5.83407E+21,1.35689E+16,5.25684E+16
198386,11,0,4,4,2018,3,7,6,3,5,2,0,1,1,0,0,0,0,0,7.93347E+20,5.82308E+21,1.33203E+16,5.24788E+16
198387,11,0,6,6,2018,3,10,6,3,5,3,0,0,1,0,0,0,0,0,7.93244E+20,5.81686E+21,1.33134E+16,5.24231E+16
198388,11,0,9,9,2018,3,8,6,3,6,2,0,0,1,1,0,0,0,0,8.10529E+20,5.82003E+21,1.35697E+16,5.2442E+16
198389,11,0,12,12,2018,3,9,6,3,0,5,0,0,1,0,0,0,0,0,7.93404E+20,5.83386E+21,1.33307E+16,5.25755E+16
198390,11,0,8,8,2018,3,17,6,3,6,2,0,0,1,1,0,0,0,0,8.01155E+20,5.82409E+21,1.34359E+16,5.24837E+16
198391,11,0,1,1,2018,3,9,6,3,1,5,0,1,1,0,0,0,0,0,7.98802E+20,5.82823E+21,1.34051E+16,5.25221E+16
198392,11,0,8,8,2018,3,17,6,3,6,4,0,0,1,1,0,0,0,0,8.00698E+20,5.82473E+21,1.34297E+16,5.24896E+16
198393,11,0,9,9,2018,3,17,3,3,5,2,1,1,1,0,0,0,0,1,8.02127E+20,5.82506E+21,1.3451E+16,5.24918E+16
198394,11,0,7,7,2018,3,9,6,3,6,7,0,0,1,1,0,0,0,0,7.99645E+20,5.81318E+21,1.34039E+16,5.23867E+16
198395,11,0,2,2,2018,3,15,6,3,2,2,0,0,1,0,0,0,0,0,7.9888E+20,5.82509E+21,1.34034E+16,5.24938E+16
198396,11,0,2,2,2018,3,15,6,3,3,2,0,1,0,0,0,0,1,0,7.99722E+20,5.82605E+21,1.34166E+16,5.25021E+16
198397,11,0,2,2,2018,3,8,6,3,5,3,0,0,1,0,0,0,0,0,7.99071E+20,5.82561E+21,1.34067E+16,5.24984E+16
198398,11,0,11,11,2018,3,19,4,3,8,1,2,0,0,0,0,0,1,1,8.04698E+20,5.83479E+21,1.34977E+16,5.25776E+16
198399,11,0,6,6,2018,3,7,6,3,5,3,0,1,1,0,0,0,0,1,7.86412E+20,5.81718E+21,1.32134E+16,5.24296E+16
198400,11,0,8,8,2018,3,14,6,3,0,4,0,0,0,1,0,0,1,0,8.04033E+20,5.81919E+21,1.34737E+16,5.24381E+16
198401,11,0,6,6,2018,3,19,6,3,3,6,2,0,1,0,0,0,0,1,7.934E+20,5.8207E+21,1.3319E+16,5.24575E+16
198402,11,0,1,1,2018,3,7,6,3,6,4,0,0,1,1,0,0,0,0,7.97874E+20,5.82904E+21,1.33921E+16,5.25299E+16
198403,11,0,4,4,2018,3,19,6,3,5,7,2,1,1,0,0,0,0,0,7.91453E+20,5.82507E+21,1.32943E+16,5.24977E+16
198404,11,0,12,12,2018,3,6,6,3,5,2,1,0,1,0,0,0,0,0,7.92616E+20,5.83207E+21,1.33175E+16,5.25599E+16
198405,11,0,12,12,2018,3,7,6,3,6,4,0,0,1,1,0,0,0,0,7.91744E+20,5.83492E+21,1.33072E+16,5.25859E+16
198406,11,0,1,1,2018,3,4,6,3,5,3,1,1,1,0,0,0,0,0,8.00053E+20,5.8281E+21,1.34233E+16,5.25202E+16
198407,11,0,4,4,2018,3,5,3,2,5,2,2,0,1,0,0,0,0,1,7.92513E+20,5.8245E+21,1.33093E+16,5.24921E+16
198408,11,0,5,5,2018,3,18,6,3,6,4,2,0,1,1,0,0,0,0,7.89799E+20,5.82935E+21,1.32737E+16,5.25369E+16
198409,11,0,2,2,2018,3,19,5,3,3,6,2,1,1,0,0,0,0,0,7.99787E+20,5.8257E+21,1.34172E+16,5.24988E+16
198410,11,0,4,4,2018,3,19,5,3,2,6,2,0,1,0,0,0,0,0,7.90736E+20,5.82737E+21,1.32857E+16,5.25188E+16
198411,11,0,2,2,2018,3,7,6,3,2,2,0,0,1,0,1,0,0,1,8.01951E+20,5.8268E+21,1.345E+16,5.25075E+16
198412,11,0,4,4,2018,3,18,6,3,5,3,1,0,1,0,0,0,0,0,7.9128E+20,5.83068E+21,1.32967E+16,5.25481E+16
198413,11,0,3,3,2018,3,13,5,3,2,6,0,0,1,0,0,0,0,0,8.0251E+20,5.82927E+21,1.34605E+16,5.25294E+16
198414,11,0,2,2,2018,3,17,6,3,5,2,1,0,1,0,1,0,0,0,7.97762E+20,5.82403E+21,1.3386E+16,5.2485E+16
198415,11,0,1,1,2018,3,12,5,3,5,5,0,1,1,0,0,0,0,0,7.99503E+20,5.82668E+21,1.3414E+16,5.25078E+16
198416,11,0,1,1,2018,3,17,6,3,1,1,0,0,1,0,0,0,0,0,7.96484E+20,5.83011E+21,1.33727E+16,5.25402E+16
198417,11,0,3,3,2018,3,10,5,2,2,6,0,0,1,0,0,0,0,0,8.0352E+20,5.83869E+21,1.34839E+16,5.26132E+16
198418,11,0,5,5,2018,3,17,6,3,1,5,1,0,1,0,0,0,1,1,7.89963E+20,5.8292E+21,1.3276E+16,5.25356E+16
198419,11,0,5,5,2018,3,7,3,3,5,2,0,0,1,0,0,0,0,0,7.83238E+20,5.83028E+21,1.3178E+16,5.25487E+16
198420,11,0,9,9,2018,3,7,6,3,0,1,0,1,0,0,0,0,0,2,8.16863E+20,5.82125E+21,1.36638E+16,5.24493E+16
198421,11,0,3,3,2018,3,7,6,3,1,5,0,0,1,0,0,1,0,0,7.99131E+20,5.8303E+21,1.34117E+16,5.25405E+16
198422,11,0,3,3,2018,3,11,5,3,2,2,0,1,1,0,0,0,0,0,8.00292E+20,5.83156E+21,1.34299E+16,5.25511E+16
198423,11,0,1,1,2018,3,15,6,3,5,2,0,1,1,0,0,0,0,0,7.96414E+20,5.82633E+21,1.33683E+16,5.25063E+16
198424,11,0,8,8,2018,3,15,6,3,2,6,0,0,1,0,1,0,0,0,8.00903E+20,5.8224E+21,1.34307E+16,5.24686E+16
198425,11,0,3,3,2018,3,11,5,3,5,3,0,0,1,0,0,0,0,0,8.00677E+20,5.83158E+21,1.34356E+16,5.2551E+16
198426,11,0,4,4,2018,3,15,6,3,5,3,0,0,1,0,0,0,0,0,7.89616E+20,5.82735E+21,1.32693E+16,5.25191E+16