OBJECTID_1,ULAND,UREGBEZ,UKREIS,UGEMEINDE,UJAHR,UMONAT,USTUNDE,UWOCHENTAG,UKATEGORIE,UART,UTYP1,ULICHTVERH,IstRad,IstPKW,IstFuss,IstKrad,IstGkfz,IstSonstig,STRZUSTAND,LINREFX,LINREFY,XGCSWGS84,YGCSWGS84
198803,11,0,6,6,2018,3,14,3,3,6,4,0,0,1,1,0,0,0,1,7.8954E+20,5.81743E+21,1.32595E+16,5.24303E+16
198804,11,0,6,6,2018,3,15,3,3,5,2,0,0,1,0,0,0,0,0,7.90161E+20,5.81978E+21,1.32707E+16,5.2451E+16
198805,11,0,10,10,2018,3,12,4,3,2,2,0,0,1,0,0,0,0,0,8.12324E+20,5.8297E+21,1.36051E+16,5.25277E+16
198806,11,0,6,6,2018,3,8,4,3,1,5,0,1,1,0,0,0,1,0,7.93174E+20,5.8205E+21,1.33155E+16,5.24558E+16
198807,11,0,3,3,2018,3,13,3,3,6,4,0,0,1,1,0,0,0,1,8.00741E+20,5.8317E+21,1.34367E+16,5.25521E+16
198808,11,0,11,11,2018,3,6,4,3,5,2,0,1,1,0,0,0,0,0,8.07315E+20,5.8248E+21,1.3527E+16,5.24866E+16
198809,11,0,8,8,2018,3,7,4,3,5,3,0,0,1,0,0,0,0,1,8.05277E+20,5.81724E+21,1.34901E+16,5.242E+16
198810,11,0,7,7,2018,3,16,3,3,1,5,0,1,1,0,0,0,0,0,7.94648E+20,5.82466E+21,1.33408E+16,5.24923E+16
198811,11,0,2,2,2018,3,7,4,3,5,3,0,1,1,0,0,0,0,0,8.01989E+20,5.8256E+21,1.34495E+16,5.24967E+16
198812,11,0,2,2,2018,3,7,4,3,1,5,0,0,1,0,0,0,1,0,7.98171E+20,5.82585E+21,1.33936E+16,5.25011E+16
198813,11,0,12,12,2018,3,16,3,3,5,2,0,1,1,0,0,0,0,0,7.92847E+20,5.83513E+21,1.33236E+16,5.25872E+16
198814,11,0,4,4,2018,3,10,3,2,5,2,0,1,1,0,0,0,0,0,7.93966E+20,5.82497E+21,1.33311E+16,5.24954E+16
198815,11,0,6,6,2018,3,7,4,3,0,5,0,0,1,0,0,0,1,0,7.92873E+20,5.81541E+21,1.33067E+16,5.24104E+16
198816,11,0,4,4,2018,3,16,3,3,5,2,0,0,1,0,0,0,0,0,7.92824E+20,5.82322E+21,1.33128E+16,5.24804E+16
198817,11,0,7,7,2018,3,7,4,3,5,2,0,1,1,0,0,0,0,0,7.95524E+20,5.82386E+21,1.3353E+16,5.24847E+16
198818,11,0,3,3,2018,3,8,3,3,5,3,0,0,1,0,0,0,0,0,7.98256E+20,5.83267E+21,1.3401E+16,5.25622E+16
198819,11,0,3,3,2018,3,8,4,3,5,3,0,1,1,0,0,0,0,0,8.0194E+20,5.83065E+21,1.34534E+16,5.25421E+16
198820,11,0,1,1,2018,3,9,4,3,5,2,0,0,1,0,1,0,0,0,7.98699E+20,5.82708E+21,1.34025E+16,5.25119E+16
198821,11,0,1,1,2018,3,9,4,3,0,7,0,0,1,0,0,0,0,0,7.97524E+20,5.82721E+21,1.33854E+16,5.25136E+16
198822,11,0,6,6,2018,3,8,4,3,2,6,0,0,1,0,0,0,1,1,7.92319E+20,5.81929E+21,1.33019E+16,5.24454E+16
198823,11,0,1,1,2018,3,8,3,3,5,7,0,1,0,0,0,1,0,1,7.98321E+20,5.82744E+21,1.33973E+16,5.25153E+16
198824,11,0,12,12,2018,4,14,2,3,5,3,0,0,1,0,0,0,0,0,7.90887E+20,5.83543E+21,1.3295E+16,5.25909E+16
198825,11,0,4,4,2018,4,16,2,3,9,7,0,0,1,0,0,0,0,0,7.92754E+20,5.82445E+21,1.33128E+16,5.24915E+16
198826,11,0,1,1,2018,4,9,3,3,2,6,0,0,1,0,1,0,0,1,7.98397E+20,5.82696E+21,1.3398E+16,5.25109E+16
198827,11,0,1,1,2018,4,9,2,3,1,5,0,1,1,0,0,0,0,0,7.98534E+20,5.82916E+21,1.34019E+16,5.25306E+16
198828,11,0,7,7,2018,4,9,3,3,6,2,0,0,1,1,0,0,0,1,7.98343E+20,5.82395E+21,1.33945E+16,5.24839E+16
198829,11,0,2,2,2018,4,15,2,3,5,2,0,1,1,0,0,0,0,0,7.99568E+20,5.82491E+21,1.34133E+16,5.24919E+16
198830,11,0,8,8,2018,4,8,3,2,2,7,0,0,1,0,0,0,1,1,8.01583E+20,5.82285E+21,1.3441E+16,5.24724E+16
198831,11,0,12,12,2018,4,8,3,3,5,3,0,0,1,0,0,0,0,1,7.86748E+20,5.83768E+21,1.32361E+16,5.26133E+16
198832,11,0,5,5,2018,4,9,2,3,1,5,0,0,1,0,1,0,0,0,7.83577E+20,5.82962E+21,1.31824E+16,5.25426E+16
198833,11,0,6,6,2018,4,7,3,3,2,6,0,0,1,0,0,0,0,1,7.91765E+20,5.81928E+21,1.32938E+16,5.24456E+16
198834,11,0,7,7,2018,4,7,3,3,5,3,0,0,1,0,0,0,0,1,7.98635E+20,5.82066E+21,1.33958E+16,5.24543E+16
198835,11,0,12,12,2018,4,15,2,2,4,7,0,0,1,0,0,0,0,0,7.93406E+20,5.8348E+21,1.33316E+16,5.25839E+16
198836,11,0,8,8,2018,4,6,3,3,5,2,0,1,1,0,0,0,0,1,8.00315E+20,5.81675E+21,1.34169E+16,5.24183E+16
198837,11,0,7,7,2018,4,12,2,3,5,2,0,1,1,0,0,0,0,0,7.96029E+20,5.82449E+21,1.3361E+16,5.24901E+16
198838,11,0,1,1,2018,4,6,3,3,5,3,1,0,1,0,0,0,0,1,7.95049E+20,5.82719E+21,1.3349E+16,5.25148E+16
198839,11,0,2,2,2018,4,9,2,3,2,2,0,0,1,0,0,0,0,0,7.99445E+20,5.82567E+21,1.34122E+16,5.24988E+16
198840,11,0,2,2,2018,4,0,3,3,5,5,2,0,1,0,0,0,0,0,7.97586E+20,5.82499E+21,1.33843E+16,5.24937E+16
198841,11,0,11,11,2018,4,10,2,3,6,7,0,0,1,1,0,0,1,0,8.04926E+20,5.8299E+21,1.34966E+16,5.25337E+16
198842,11,0,10,10,2018,4,10,2,3,5,2,0,0,1,0,1,0,0,0,8.06495E+20,5.82945E+21,1.35192E+16,5.25288E+16
198843,11,0,12,12,2018,4,9,3,3,5,3,0,1,1,0,0,0,0,0,7.9131E+20,5.8406E+21,1.33058E+16,5.2637E+16
198844,11,0,3,3,2018,4,7,2,2,5,3,0,1,1,0,0,0,0,0,8.00165E+20,5.83095E+21,1.34275E+16,5.25457E+16
198845,11,0,5,5,2018,4,7,2,3,2,2,0,0,1,0,0,0,0,0,7.88596E+20,5.82932E+21,1.3256E+16,5.25374E+16
198846,11,0,3,3,2018,4,8,3,3,1,5,0,0,1,0,1,0,0,0,7.9985E+20,5.83083E+21,1.34228E+16,5.25448E+16
198847,11,0,7,7,2018,4,5,2,2,5,3,1,1,0,0,0,1,0,0,7.98093E+20,5.81498E+21,1.33828E+16,5.24037E+16
198848,11,0,5,5,2018,4,14,2,3,1,5,0,0,1,0,1,0,0,0,7.85189E+20,5.83235E+21,1.32085E+16,5.25663E+16
198849,11,0,3,3,2018,4,7,2,3,1,5,0,1,0,0,0,0,1,0,8.02271E+20,5.82929E+21,1.3457E+16,5.25296E+16
198850,11,0,11,11,2018,4,11,3,2,0,2,0,0,0,0,1,0,1,1,8.05935E+20,5.8271E+21,1.35088E+16,5.2508E+16
198851,11,0,6,6,2018,4,8,2,2,9,1,0,0,1,0,0,0,0,0,7.8997E+20,5.81623E+21,1.32648E+16,5.24193E+16
198852,11,0,12,12,2018,4,20,2,3,5,3,2,0,1,0,0,0,0,0,7.94826E+20,5.8363E+21,1.33538E+16,5.25966E+16
198853,11,0,4,4,2018,4,12,2,3,0,1,0,0,0,0,1,0,0,0,7.9356E+20,5.82608E+21,1.33261E+16,5.25057E+16
198854,11,0,3,3,2018,4,19,2,3,0,3,1,1,1,0,0,0,0,0,8.01181E+20,5.8307E+21,1.34422E+16,5.25429E+16
198855,11,0,1,1,2018,4,15,2,3,0,7,0,1,0,0,0,0,0,0,7.9613E+20,5.82814E+21,1.33657E+16,5.25227E+16
198856,11,0,10,10,2018,4,18,2,3,2,1,0,0,1,0,0,0,0,0,8.08808E+20,5.82635E+21,1.35503E+16,5.24996E+16
198857,11,0,2,2,2018,4,16,1,3,3,6,0,1,1,0,0,0,0,0,8.00406E+20,5.8258E+21,1.34264E+16,5.24994E+16
198858,11,0,12,12,2018,4,15,2,3,5,2,0,1,1,0,0,0,0,0,7.91129E+20,5.83828E+21,1.33011E+16,5.26163E+16
198859,11,0,9,9,2018,4,17,1,3,2,6,0,0,1,0,0,0,0,0,8.0966E+20,5.82149E+21,1.35583E+16,5.24556E+16
198860,11,0,4,4,2018,4,7,1,3,8,1,0,0,1,0,0,0,0,0,7.9297E+20,5.82536E+21,1.33168E+16,5.24995E+16
198861,11,0,11,11,2018,4,13,3,3,0,3,0,0,1,0,0,0,1,0,8.06685E+20,5.83341E+21,1.35257E+16,5.25641E+16
198862,11,0,8,8,2018,4,15,2,3,2,6,0,0,1,0,0,0,0,0,8.01057E+20,5.82203E+21,1.34326E+16,5.24653E+16
198863,11,0,12,12,2018,4,13,1,3,1,5,0,0,1,0,0,0,0,0,7.90781E+20,5.83371E+21,1.3292E+16,5.25755E+16
198864,11,0,3,3,2018,4,14,2,3,5,3,0,1,1,0,0,0,0,0,8.00112E+20,5.84024E+21,1.34352E+16,5.2629E+16
198865,11,0,2,2,2018,4,12,1,3,5,3,0,1,1,0,0,0,0,0,8.00598E+20,5.8252E+21,1.34287E+16,5.24939E+16
198866,11,0,7,7,2018,4,15,3,2,5,2,0,0,1,0,1,0,0,0,7.96644E+20,5.81997E+21,1.3366E+16,5.24492E+16
198867,11,0,5,5,2018,4,12,2,2,2,6,0,0,1,0,1,0,0,0,7.83342E+20,5.82767E+21,1.31773E+16,5.25253E+16
198868,11,0,6,6,2018,4,3,1,3,1,1,2,1,1,0,0,0,0,0,7.89379E+20,5.8192E+21,1.32587E+16,5.24462E+16
198869,11,0,2,2,2018,4,22,1,3,5,3,2,0,1,0,0,0,0,0,7.98333E+20,5.82562E+21,1.33958E+16,5.24989E+16
198870,11,0,6,6,2018,4,17,2,3,2,6,0,0,1,0,0,0,0,0,7.95196E+20,5.81875E+21,1.33437E+16,5.24391E+16
198871,11,0,10,10,2018,4,12,2,3,2,6,0,0,1,0,0,0,0,0,8.09586E+20,5.8242E+21,1.35597E+16,5.24799E+16
198872,11,0,4,4,2018,4,21,1,3,1,5,2,0,1,0,0,0,0,0,7.90865E+20,5.82601E+21,1.32865E+16,5.25065E+16
198873,11,0,10,10,2018,4,11,2,3,2,6,0,0,1,0,0,0,0,0,8.09542E+20,5.82705E+21,1.35617E+16,5.25055E+16
198874,11,0,5,5,2018,4,15,2,3,8,1,0,0,1,0,0,0,0,0,7.84762E+20,5.82873E+21,1.31991E+16,5.25341E+16
198875,11,0,3,3,2018,4,18,1,2,6,2,0,0,1,1,0,0,0,0,7.98344E+20,5.83483E+21,1.34042E+16,5.25815E+16
198876,11,0,7,7,2018,4,17,3,3,9,1,0,0,1,0,0,0,0,0,7.97285E+20,5.82132E+21,1.33766E+16,5.24609E+16
198877,11,0,8,8,2018,4,21,2,3,5,3,2,0,1,0,0,0,0,0,8.02978E+20,5.81831E+21,1.34574E+16,5.24309E+16
198878,11,0,2,2,2018,4,15,1,3,5,2,0,1,1,0,0,0,0,0,7.9956E+20,5.82489E+21,1.34132E+16,5.24917E+16
198879,11,0,12,12,2018,4,21,2,3,0,1,2,0,0,0,1,0,0,0,7.87082E+20,5.83645E+21,1.32399E+16,5.26021E+16
198880,11,0,2,2,2018,4,14,1,3,6,4,0,0,1,1,0,0,0,0,8.00557E+20,5.82581E+21,1.34287E+16,5.24994E+16
198881,11,0,10,10,2018,4,22,1,3,5,3,2,0,1,0,0,0,0,1,8.10901E+20,5.82814E+21,1.35827E+16,5.25145E+16
198882,11,0,2,2,2018,4,20,1,2,5,2,2,1,1,0,0,0,0,1,7.98311E+20,5.82533E+21,1.33952E+16,5.24963E+16
198883,11,0,2,2,2018,4,14,1,3,5,2,0,0,1,0,0,0,0,0,7.99721E+20,5.82605E+21,1.34166E+16,5.2502E+16
198884,11,0,3,3,2018,4,19,1,2,1,7,1,0,1,0,0,0,0,1,7.96705E+20,5.8358E+21,1.3381E+16,5.25911E+16
198885,11,0,2,2,2018,4,16,1,3,5,3,0,0,1,0,0,0,0,1,8.00718E+20,5.82788E+21,1.34329E+16,5.25178E+16
198886,11,0,1,1,2018,4,13,1,3,5,3,0,1,1,0,0,0,0,0,7.96955E+20,5.82892E+21,1.33785E+16,5.25292E+16
198887,11,0,9,9,2018,4,22,1,3,8,1,2,0,1,0,0,0,0,1,8.05153E+20,5.82148E+21,1.34922E+16,5.2458E+16
198888,11,0,3,3,2018,4,14,1,2,5,7,0,0,1,0,0,0,0,1,8.00859E+20,5.83876E+21,1.34448E+16,5.26154E+16
198889,11,0,9,9,2018,4,13,1,3,5,3,0,0,1,0,1,0,0,0,8.16989E+20,5.81712E+21,1.36617E+16,5.24123E+16
198890,11,0,8,8,2018,4,7,2,3,6,2,0,0,1,1,0,0,0,0,8.00322E+20,5.81674E+21,1.3417E+16,5.24182E+16
198891,11,0,9,9,2018,4,16,2,3,5,2,0,0,1,0,1,0,0,0,8.07714E+20,5.81811E+21,1.35267E+16,5.24264E+16
198892,11,0,1,1,2018,4,14,1,3,0,5,0,0,1,0,0,0,1,1,7.96638E+20,5.83234E+21,1.33769E+16,5.25601E+16
198893,11,0,10,10,2018,4,12,1,3,5,2,0,1,1,0,0,0,0,0,8.10543E+20,5.82797E+21,1.35773E+16,5.25132E+16
198894,11,0,2,2,2018,4,13,1,3,2,2,0,0,1,0,0,0,0,1,8.01249E+20,5.82783E+21,1.34407E+16,5.25172E+16
198895,11,0,10,10,2018,4,10,1,3,5,7,0,0,1,0,0,0,0,0,8.10379E+20,5.82795E+21,1.35749E+16,5.25131E+16
198896,11,0,5,5,2018,4,10,1,3,5,2,0,0,1,0,0,0,0,1,7.82366E+20,5.8305E+21,1.31654E+16,5.25512E+16
198897,11,0,6,6,2018,4,14,2,2,5,2,0,0,1,0,1,0,0,0,7.9229E+20,5.81859E+21,1.33009E+16,5.24392E+16
198898,11,0,9,9,2018,4,6,1,3,9,1,2,0,1,0,0,0,0,1,8.06771E+20,5.81838E+21,1.35131E+16,5.24294E+16
198899,11,0,11,11,2018,4,9,2,3,2,2,0,0,1,0,0,0,0,0,8.05355E+20,5.82738E+21,1.35006E+16,5.25108E+16
198900,11,0,4,4,2018,4,16,1,3,0,6,0,0,1,0,0,0,1,0,7.90446E+20,5.82904E+21,1.32829E+16,5.25338E+16
198901,11,0,7,7,2018,4,1,1,3,3,6,2,0,1,0,0,0,0,1,7.99301E+20,5.81629E+21,1.34017E+16,5.24147E+16
198902,11,0,4,4,2018,4,7,1,3,2,7,0,0,1,0,0,0,0,0,7.92861E+20,5.82616E+21,1.33159E+16,5.25067E+16
198903,11,0,6,6,2018,4,22,2,2,5,2,2,0,1,0,1,0,0,0,7.96365E+20,5.8167E+21,1.3359E+16,5.24201E+16
198904,11,0,4,4,2018,4,14,2,2,5,2,0,0,1,0,1,0,0,0,7.90966E+20,5.82481E+21,1.32869E+16,5.24957E+16
198905,11,0,1,1,2018,4,17,1,3,0,1,0,1,0,0,0,0,0,0,7.98547E+20,5.82897E+21,1.3402E+16,5.25289E+16
198906,11,0,8,8,2018,4,1,1,3,6,7,2,0,1,1,0,0,0,1,8.04777E+20,5.81786E+21,1.34834E+16,5.24258E+16
198907,11,0,3,3,2018,3,18,7,3,0,3,1,1,1,0,0,0,0,0,8.01622E+20,5.83163E+21,1.34496E+16,5.2551E+16
198908,11,0,6,6,2018,4,14,1,1,0,3,0,1,1,0,0,0,0,0,7.9097E+20,5.82071E+21,1.32834E+16,5.24589E+16
198909,11,0,2,2,2018,4,18,2,3,5,5,0,0,1,0,1,0,0,0,8.01076E+20,5.82632E+21,1.34367E+16,5.25037E+16
198910,11,0,6,6,2018,4,19,1,3,2,6,0,0,1,0,1,0,0,0,7.93452E+20,5.81717E+21,1.33167E+16,5.24258E+16
198911,11,0,9,9,2018,3,12,7,3,5,3,0,1,1,0,0,0,0,0,8.13656E+20,5.82171E+21,1.36171E+16,5.24553E+16
198912,11,0,5,5,2018,4,12,1,2,5,3,0,1,1,0,0,0,0,0,7.84908E+20,5.83012E+21,1.32025E+16,5.25465E+16
198913,11,0,1,1,2018,3,12,7,3,2,6,0,0,1,0,0,0,0,1,7.98635E+20,5.82704E+21,1.34015E+16,5.25115E+16
198914,11,0,11,11,2018,4,19,7,3,5,3,2,1,1,0,0,0,0,0,8.04727E+20,5.8312E+21,1.34948E+16,5.25454E+16
198915,11,0,12,12,2018,4,7,2,3,5,3,0,1,1,0,0,0,0,0,7.90284E+20,5.84014E+21,1.32903E+16,5.26334E+16
198916,11,0,5,5,2018,3,20,7,3,6,4,2,0,1,1,0,0,0,1,7.847E+20,5.82883E+21,1.31983E+16,5.2535E+16
198917,11,0,5,5,2018,4,14,7,3,2,6,0,0,1,0,0,0,0,0,7.83458E+20,5.82197E+21,1.31742E+16,5.24741E+16
198918,11,0,10,10,2018,4,18,7,3,0,6,0,0,1,0,1,0,0,0,8.06853E+20,5.83036E+21,1.35253E+16,5.25367E+16
198919,11,0,12,12,2018,3,19,7,3,1,5,2,0,1,0,0,0,0,1,7.93132E+20,5.83263E+21,1.33256E+16,5.25646E+16
198920,11,0,8,8,2018,4,13,7,3,5,2,0,1,1,0,0,0,0,0,8.04732E+20,5.81621E+21,1.34812E+16,5.24111E+16
198921,11,0,4,4,2018,4,13,7,3,6,4,0,1,0,1,0,0,0,0,7.93059E+20,5.82203E+21,1.33152E+16,5.24696E+16
198922,11,0,7,7,2018,3,19,7,3,2,6,2,0,1,0,0,0,0,1,7.94977E+20,5.82495E+21,1.33459E+16,5.24947E+16
198923,11,0,2,2,2018,4,13,7,2,6,2,0,0,1,1,0,0,0,0,8.02796E+20,5.82722E+21,1.34628E+16,5.25108E+16
198924,11,0,9,9,2018,4,12,7,2,3,6,0,0,1,0,1,0,0,0,8.09179E+20,5.81832E+21,1.35483E+16,5.24275E+16
198925,11,0,1,1,2018,3,18,7,3,0,6,0,0,1,0,1,0,0,1,7.96475E+20,5.82631E+21,1.33691E+16,5.25061E+16
198926,11,0,2,2,2018,4,12,7,3,3,6,0,1,0,0,0,0,0,0,7.9852E+20,5.82651E+21,1.33994E+16,5.25068E+16
198927,11,0,7,7,2018,3,17,7,3,6,2,0,0,1,1,0,0,0,1,7.96276E+20,5.82532E+21,1.33653E+16,5.24973E+16
198928,11,0,1,1,2018,4,9,7,3,5,2,0,1,0,0,0,0,1,0,7.96126E+20,5.82842E+21,1.33659E+16,5.25253E+16
198929,11,0,9,9,2018,3,16,7,3,2,6,0,0,1,0,0,0,0,1,8.12096E+20,5.82098E+21,1.35936E+16,5.24497E+16
198930,11,0,5,5,2018,4,8,7,3,5,2,0,0,1,0,0,1,0,0,7.80873E+20,5.82832E+21,1.31416E+16,5.25324E+16
198931,11,0,9,9,2018,4,8,7,3,5,3,0,0,1,0,0,0,0,0,8.08295E+20,5.8186E+21,1.35356E+16,5.24304E+16
198932,11,0,6,6,2018,4,15,3,2,5,3,0,0,1,0,1,0,0,0,7.89105E+20,5.81556E+21,1.32516E+16,5.24137E+16
198933,11,0,9,9,2018,3,15,7,3,5,3,0,0,1,0,0,0,0,1,8.06796E+20,5.81823E+21,1.35133E+16,5.2428E+16
198934,11,0,2,2,2018,4,16,7,3,5,2,0,1,1,0,0,0,0,0,7.99268E+20,5.82609E+21,1.341E+16,5.25027E+16
198935,11,0,9,9,2018,4,17,7,3,1,5,0,1,1,0,0,0,1,0,8.11063E+20,5.82028E+21,1.35778E+16,5.2444E+16
198936,11,0,8,8,2018,3,15,7,3,1,5,0,0,1,0,0,0,0,1,8.00796E+20,5.82431E+21,1.34308E+16,5.24858E+16
198937,11,0,5,5,2018,3,15,7,3,5,2,0,0,1,0,0,0,0,1,7.82295E+20,5.82741E+21,1.31617E+16,5.25236E+16
198938,11,0,1,1,2018,4,21,4,3,3,6,2,0,1,0,0,1,0,0,7.95423E+20,5.83158E+21,1.33584E+16,5.2554E+16
198939,11,0,1,1,2018,4,13,2,3,5,3,0,1,1,0,0,0,0,0,7.97993E+20,5.82891E+21,1.33938E+16,5.25286E+16
198940,11,0,9,9,2018,4,17,7,3,2,6,0,0,1,0,1,0,0,0,8.09845E+20,5.81654E+21,1.35564E+16,5.24111E+16
198941,11,0,4,4,2018,3,15,7,3,5,7,0,0,1,0,1,0,0,1,7.92077E+20,5.82858E+21,1.33065E+16,5.25289E+16
198942,11,0,12,12,2018,4,17,7,3,2,6,0,0,1,0,0,0,0,0,7.93173E+20,5.83227E+21,1.33259E+16,5.25614E+16
198943,11,0,3,3,2018,4,16,2,3,4,6,0,1,0,0,0,1,0,0,8.00468E+20,5.83202E+21,1.34329E+16,5.25551E+16
198944,11,0,1,1,2018,3,14,7,3,6,4,0,0,1,1,0,0,0,1,7.95045E+20,5.83093E+21,1.33522E+16,5.25484E+16
198945,11,0,9,9,2018,4,16,7,3,0,1,0,0,0,0,1,0,0,0,8.11037E+20,5.81693E+21,1.35743E+16,5.24139E+16
198946,11,0,2,2,2018,3,14,7,3,2,3,0,0,1,0,0,0,0,1,7.98005E+20,5.82528E+21,1.33907E+16,5.2496E+16
198947,11,0,6,6,2018,4,16,7,2,1,1,0,0,1,0,0,0,0,0,7.92833E+20,5.82094E+21,1.33109E+16,5.246E+16
198948,11,0,6,6,2018,4,16,7,3,1,5,0,1,1,0,0,0,0,0,7.9411E+20,5.8215E+21,1.33302E+16,5.24643E+16
198949,11,0,12,12,2018,4,12,3,3,6,2,0,0,1,1,0,0,0,0,7.92159E+20,5.83335E+21,1.33119E+16,5.25715E+16
198950,11,0,3,3,2018,3,13,7,3,2,2,0,0,1,0,0,0,0,1,8.03576E+20,5.83887E+21,1.34849E+16,5.26148E+16
198951,11,0,3,3,2018,4,16,7,3,2,6,0,0,1,0,0,0,0,0,8.03629E+20,5.83199E+21,1.34794E+16,5.25531E+16
198952,11,0,4,4,2018,3,12,7,3,2,5,0,0,1,0,0,0,0,1,7.91814E+20,5.82692E+21,1.33012E+16,5.25141E+16
198953,11,0,9,9,2018,4,16,7,3,5,2,0,1,0,0,0,0,1,0,8.11359E+20,5.82015E+21,1.3582E+16,5.24426E+16
198954,11,0,7,7,2018,3,11,7,2,6,2,0,0,1,1,0,0,0,1,7.95701E+20,5.82547E+21,1.3357E+16,5.2499E+16
198955,11,0,8,8,2018,3,10,7,3,5,2,0,1,1,0,0,0,0,1,8.03731E+20,5.818E+21,1.34682E+16,5.24276E+16
198956,11,0,1,1,2018,4,23,3,3,9,1,2,0,0,0,1,0,0,0,7.96933E+20,5.82745E+21,1.33769E+16,5.25161E+16
198957,11,0,3,3,2018,4,16,7,3,5,3,0,0,1,0,1,0,0,0,8.03642E+20,5.839E+21,1.3486E+16,5.26159E+16
198958,11,0,5,5,2018,3,7,7,3,5,2,0,0,1,0,0,0,0,0,7.84784E+20,5.82881E+21,1.31995E+16,5.25347E+16
198959,11,0,8,8,2018,3,3,7,3,0,7,2,0,1,0,0,0,0,1,8.04303E+20,5.81968E+21,1.34781E+16,5.24424E+16
198960,11,0,6,6,2018,4,15,7,3,5,3,0,0,1,0,1,0,0,0,7.7943E+20,5.81504E+21,1.31092E+16,5.24141E+16
198961,11,0,2,2,2018,4,9,2,3,2,6,0,0,1,0,0,0,0,0,7.98062E+20,5.82487E+21,1.33912E+16,5.24924E+16
198962,11,0,6,6,2018,4,17,2,3,5,3,0,1,0,0,1,0,0,0,7.90937E+20,5.81706E+21,1.32797E+16,5.24262E+16
198963,11,0,12,12,2018,4,14,7,3,5,3,0,1,1,0,0,0,0,0,7.9404E+20,5.83814E+21,1.33438E+16,5.26135E+16
198964,11,0,5,5,2018,3,21,7,3,8,7,2,0,1,0,0,0,1,1,7.83247E+20,5.83027E+21,1.31782E+16,5.25487E+16
198965,11,0,4,4,2018,4,19,3,3,6,7,1,0,1,1,0,0,0,0,7.93145E+20,5.82539E+21,1.33194E+16,5.24997E+16
198966,11,0,1,1,2018,4,21,7,3,0,1,2,1,0,0,0,0,0,0,7.98298E+20,5.82937E+21,1.33987E+16,5.25326E+16
198967,11,0,11,11,2018,3,13,6,3,2,6,0,0,1,0,0,0,0,0,8.06243E+20,5.83031E+21,1.35163E+16,5.25366E+16
198968,11,0,4,4,2018,3,13,6,3,2,6,0,0,1,0,0,0,0,0,7.92448E+20,5.82719E+21,1.33108E+16,5.25162E+16
198969,11,0,10,10,2018,4,16,7,3,2,2,0,0,1,0,0,0,0,0,8.12188E+20,5.83093E+21,1.36042E+16,5.25387E+16
198970,11,0,2,2,2018,3,22,6,3,5,2,2,0,1,0,0,0,0,0,7.9831E+20,5.82531E+21,1.33952E+16,5.24962E+16
198971,11,0,4,4,2018,4,14,6,3,2,6,0,0,1,0,0,0,0,0,7.93274E+20,5.82575E+21,1.33216E+16,5.25028E+16
198972,11,0,7,7,2018,3,19,6,3,1,1,1,0,1,0,1,0,0,0,7.99138E+20,5.81294E+21,1.33963E+16,5.23848E+16
198973,11,0,2,2,2018,3,18,6,2,0,1,1,1,0,0,0,0,0,0,8.01256E+20,5.82567E+21,1.34388E+16,5.24977E+16
198974,11,0,12,12,2018,4,19,3,3,5,2,0,0,1,0,0,0,0,0,7.92868E+20,5.83518E+21,1.3324E+16,5.25876E+16
198975,11,0,12,12,2018,4,17,6,3,5,7,0,0,1,0,0,0,0,0,7.90922E+20,5.83392E+21,1.32942E+16,5.25773E+16
198976,11,0,4,4,2018,3,16,6,2,5,3,0,1,1,0,0,0,0,0,7.91866E+20,5.82624E+21,1.33014E+16,5.2508E+16
198977,11,0,5,5,2018,3,15,6,3,5,3,0,0,1,0,1,0,0,0,7.87461E+20,5.82958E+21,1.32395E+16,5.25403E+16
198978,11,0,1,1,2018,4,15,6,3,0,6,0,0,1,0,1,0,0,0,7.95548E+20,5.82964E+21,1.33585E+16,5.25365E+16
198979,11,0,3,3,2018,4,20,2,3,5,2,1,1,1,0,0,0,0,0,8.02424E+20,5.82926E+21,1.34592E+16,5.25293E+16
198980,11,0,4,4,2018,4,9,6,3,3,6,0,0,1,0,0,1,0,0,7.93518E+20,5.82544E+21,1.33249E+16,5.24999E+16
198981,11,0,8,8,2018,3,15,6,3,1,1,0,0,1,0,1,0,0,0,8.02247E+20,5.82384E+21,1.34517E+16,5.24808E+16
198982,11,0,4,4,2018,4,19,3,3,3,6,0,1,0,0,0,0,1,0,7.93722E+20,5.82582E+21,1.33283E+16,5.25032E+16
198983,11,0,10,10,2018,4,9,6,3,5,3,0,0,1,0,0,0,0,0,8.10262E+20,5.83386E+21,1.35787E+16,5.25661E+16
198984,11,0,7,7,2018,3,14,6,3,5,2,0,1,1,0,0,0,0,0,7.97765E+20,5.82366E+21,1.33857E+16,5.24816E+16
198985,11,0,3,3,2018,4,18,6,2,5,2,0,1,1,0,0,0,0,0,8.04654E+20,5.84136E+21,1.35031E+16,5.26365E+16
198986,11,0,11,11,2018,3,13,6,3,2,6,0,0,1,0,0,0,0,0,8.05556E+20,5.83006E+21,1.3506E+16,5.25347E+16
198987,11,0,12,12,2018,4,18,3,3,5,2,0,0,1,0,0,0,0,0,7.95391E+20,5.834E+21,1.33601E+16,5.25756E+16
198988,11,0,4,4,2018,4,11,6,3,0,6,0,0,1,0,0,0,0,0,7.92636E+20,5.82302E+21,1.33098E+16,5.24787E+16
198989,11,0,1,1,2018,4,23,6,3,5,2,2,0,1,0,0,0,0,0,7.94898E+20,5.83024E+21,1.33495E+16,5.25422E+16