OBJECTID_1,ULAND,UREGBEZ,UKREIS,UGEMEINDE,UJAHR,UMONAT,USTUNDE,UWOCHENTAG,UKATEGORIE,UART,UTYP1,ULICHTVERH,IstRad,IstPKW,IstFuss,IstKrad,IstGkfz,IstSonstig,STRZUSTAND,LINREFX,LINREFY,XGCSWGS84,YGCSWGS84
199178,11,0,7,7,2018,3,12,3,3,0,4,0,0,0,1,0,0,1,0,8.00672E+20,5.81401E+21,1.34197E+16,5.23936E+16
199179,11,0,9,9,2018,3,13,3,3,5,3,0,0,1,0,0,0,0,0,8.0702E+20,5.82115E+21,1.35193E+16,5.2454E+16
199180,11,0,6,6,2018,4,17,2,3,5,7,0,0,1,0,1,0,0,0,7.928E+20,5.81642E+21,1.33065E+16,5.24195E+16
199181,11,0,5,5,2018,4,11,4,3,5,2,0,1,0,0,0,0,1,0,7.86902E+20,5.82932E+21,1.32311E+16,5.25382E+16
199182,11,0,4,4,2018,4,14,1,3,1,5,0,1,1,0,0,0,0,0,7.94276E+20,5.8255E+21,1.33361E+16,5.25001E+16
199183,11,0,1,1,2018,4,14,7,3,0,1,0,1,0,0,0,0,0,1,7.9775E+20,5.82809E+21,1.33895E+16,5.25214E+16
199184,11,0,7,7,2018,4,21,3,3,1,5,2,1,1,0,0,0,0,0,7.95539E+20,5.82528E+21,1.33545E+16,5.24974E+16
199185,11,0,4,4,2018,4,22,7,2,0,1,2,1,0,0,0,0,0,0,7.9167E+20,5.8279E+21,1.32999E+16,5.25229E+16
199186,11,0,12,12,2018,4,16,2,3,2,6,0,1,1,0,0,0,0,0,7.91762E+20,5.83687E+21,1.33092E+16,5.26033E+16
199187,11,0,10,10,2018,4,17,6,3,1,5,0,1,1,0,0,0,0,0,8.12561E+20,5.82458E+21,1.36038E+16,5.24816E+16
199188,11,0,3,3,2018,4,1,6,3,0,7,2,0,0,1,0,0,1,1,8.0172E+20,5.83135E+21,1.34508E+16,5.25484E+16
199189,11,0,9,9,2018,4,20,1,3,2,6,2,0,1,0,0,0,1,0,8.10509E+20,5.82032E+21,1.35697E+16,5.24446E+16
199190,11,0,7,7,2018,4,15,6,2,5,2,0,0,1,0,0,0,0,0,7.98362E+20,5.81841E+21,1.33898E+16,5.24343E+16
199191,11,0,1,1,2018,4,14,6,2,5,7,0,0,1,0,0,0,1,0,7.96139E+20,5.83198E+21,1.33693E+16,5.25571E+16
199192,11,0,10,10,2018,4,7,4,3,5,2,0,1,0,0,1,0,0,0,8.06693E+20,5.82914E+21,1.35218E+16,5.25259E+16
199193,11,0,2,2,2018,4,14,1,3,0,2,0,0,1,0,1,0,0,0,7.99577E+20,5.82566E+21,1.34141E+16,5.24986E+16
199194,11,0,12,12,2018,4,17,3,3,5,2,0,0,1,0,0,0,0,0,7.93946E+20,5.8353E+21,1.33399E+16,5.25881E+16
199195,11,0,12,12,2018,4,14,6,2,1,5,0,0,1,0,0,0,0,0,7.91799E+20,5.83547E+21,1.33085E+16,5.25908E+16
199196,11,0,9,9,2018,4,16,2,2,5,3,0,0,1,0,0,0,0,1,8.06254E+20,5.81926E+21,1.35063E+16,5.24375E+16
199197,11,0,7,7,2018,4,14,6,3,6,4,0,0,1,1,0,0,0,0,7.97637E+20,5.81959E+21,1.33802E+16,5.24452E+16
199198,11,0,1,1,2018,4,14,6,3,6,4,0,0,0,1,0,0,1,0,7.96958E+20,5.82684E+21,1.33767E+16,5.25106E+16
199199,11,0,3,3,2018,4,18,2,3,2,6,0,0,1,0,0,0,1,1,8.03989E+20,5.84205E+21,1.34939E+16,5.26431E+16
199200,11,0,2,2,2018,4,14,6,3,0,3,0,0,1,0,0,0,1,0,8.01187E+20,5.82519E+21,1.34373E+16,5.24935E+16
199201,11,0,1,1,2018,4,14,6,3,5,3,0,0,1,0,0,0,0,0,8.00062E+20,5.82642E+21,1.34219E+16,5.25051E+16
199202,11,0,3,3,2018,4,15,1,3,5,3,0,1,1,0,0,0,0,0,7.97692E+20,5.83381E+21,1.33937E+16,5.25727E+16
199203,11,0,3,3,2018,4,13,6,3,2,6,0,0,1,0,0,0,1,0,8.00265E+20,5.82961E+21,1.34278E+16,5.25336E+16
199204,11,0,9,9,2018,4,7,3,3,4,2,0,1,1,0,0,0,0,0,8.09577E+20,5.81956E+21,1.35553E+16,5.24384E+16
199205,11,0,3,3,2018,4,13,1,3,0,7,0,1,1,0,0,0,0,1,7.99232E+20,5.82927E+21,1.34123E+16,5.25311E+16
199206,11,0,8,8,2018,4,16,3,3,5,7,0,1,1,0,0,0,0,0,8.03647E+20,5.82189E+21,1.34705E+16,5.24625E+16
199207,11,0,12,12,2018,4,13,6,3,5,3,0,1,1,0,0,0,0,0,7.91381E+20,5.83313E+21,1.33003E+16,5.25701E+16
199208,11,0,7,7,2018,4,14,2,3,6,4,0,1,0,1,0,0,0,0,7.96038E+20,5.82538E+21,1.33619E+16,5.2498E+16
199209,11,0,12,12,2018,4,13,6,3,2,6,0,0,1,0,0,0,1,1,7.94045E+20,5.83534E+21,1.33414E+16,5.25884E+16
199210,11,0,11,11,2018,4,12,6,3,2,6,0,0,1,0,0,0,1,1,8.06598E+20,5.82733E+21,1.35188E+16,5.25097E+16
199211,11,0,3,3,2018,4,0,4,2,5,3,2,0,1,0,0,0,1,0,8.03374E+20,5.83351E+21,1.3477E+16,5.25669E+16
199212,11,0,5,5,2018,4,13,1,3,2,6,0,0,1,0,0,0,0,0,7.84757E+20,5.8286E+21,1.31989E+16,5.25329E+16
199213,11,0,4,4,2018,4,11,6,3,2,6,0,0,1,0,0,0,0,1,7.91283E+20,5.82502E+21,1.32917E+16,5.24974E+16
199214,11,0,4,4,2018,4,8,3,3,5,2,0,0,1,0,0,0,0,0,7.89514E+20,5.82546E+21,1.32661E+16,5.25023E+16
199215,11,0,2,2,2018,4,11,6,2,6,4,0,0,1,1,0,0,0,1,8.00926E+20,5.82687E+21,1.3435E+16,5.25087E+16
199216,11,0,4,4,2018,4,16,4,3,6,4,0,0,1,1,0,0,0,0,7.92398E+20,5.82659E+21,1.33095E+16,5.25109E+16
199217,11,0,1,1,2018,4,13,1,2,5,3,0,1,0,0,0,0,1,0,7.98789E+20,5.82905E+21,1.34056E+16,5.25294E+16
199218,11,0,7,7,2018,4,11,6,2,5,3,0,0,1,0,0,1,0,1,7.97744E+20,5.8154E+21,1.33781E+16,5.24076E+16
199219,11,0,1,1,2018,4,10,3,3,1,5,0,1,1,0,0,0,1,0,7.9939E+20,5.82887E+21,1.34143E+16,5.25275E+16
199220,11,0,8,8,2018,4,14,3,3,5,7,0,0,1,0,1,0,0,0,8.01457E+20,5.81836E+21,1.34351E+16,5.24321E+16
199221,11,0,2,2,2018,4,10,6,3,5,2,0,1,1,0,0,0,0,1,8.01291E+20,5.82536E+21,1.3439E+16,5.2495E+16
199222,11,0,7,7,2018,4,9,6,3,5,3,0,1,1,0,0,0,0,1,7.93975E+20,5.82241E+21,1.3329E+16,5.24725E+16
199223,11,0,8,8,2018,4,14,2,2,0,6,0,0,1,0,1,0,0,0,8.0149E+20,5.81779E+21,1.34351E+16,5.2427E+16
199224,11,0,11,11,2018,4,9,6,3,5,3,0,0,1,0,0,0,0,1,8.04655E+20,5.831E+21,1.34936E+16,5.25437E+16
199225,11,0,4,4,2018,4,9,6,3,0,2,0,1,0,0,0,0,1,1,7.92949E+20,5.82531E+21,1.33165E+16,5.24991E+16
199226,11,0,12,12,2018,4,13,4,3,5,2,0,0,1,0,1,0,0,0,7.92852E+20,5.83517E+21,1.33237E+16,5.25875E+16
199227,11,0,9,9,2018,4,11,1,3,5,3,0,1,1,0,0,0,0,0,8.17195E+20,5.81698E+21,1.36646E+16,5.24109E+16
199228,11,0,4,4,2018,4,8,6,3,2,6,0,0,1,0,0,0,0,1,7.93323E+20,5.82307E+21,1.332E+16,5.24788E+16
199229,11,0,5,5,2018,4,16,3,3,1,7,0,0,1,0,0,0,0,0,7.8076E+20,5.82852E+21,1.31401E+16,5.25342E+16
199230,11,0,12,12,2018,4,8,6,3,4,7,0,0,1,0,0,0,1,0,7.8904E+20,5.83365E+21,1.32663E+16,5.25759E+16
199231,11,0,11,11,2018,4,20,2,3,9,1,1,0,1,0,0,0,0,1,8.04425E+20,5.83339E+21,1.34924E+16,5.25652E+16
199232,11,0,10,10,2018,4,7,6,3,5,3,0,1,1,0,0,0,0,1,8.1243E+20,5.83041E+21,1.36073E+16,5.2534E+16
199233,11,0,7,7,2018,4,7,6,3,5,3,0,1,1,0,0,0,0,0,7.95554E+20,5.82525E+21,1.33547E+16,5.24971E+16
199234,11,0,10,10,2018,4,13,3,3,5,3,0,1,1,0,0,0,0,0,8.06485E+20,5.82967E+21,1.35193E+16,5.25307E+16
199235,11,0,1,1,2018,4,20,6,3,5,3,2,0,1,0,0,0,0,1,7.97968E+20,5.83053E+21,1.33948E+16,5.25431E+16
199236,11,0,7,7,2018,4,18,6,3,6,4,0,0,1,1,0,0,0,0,7.99851E+20,5.81965E+21,1.34127E+16,5.24446E+16
199237,11,0,8,8,2018,4,10,2,2,5,3,0,1,1,0,0,0,0,1,8.00655E+20,5.82458E+21,1.3429E+16,5.24884E+16
199238,11,0,4,4,2018,4,17,6,3,6,4,0,0,1,1,0,0,0,0,7.90344E+20,5.82732E+21,1.32799E+16,5.25185E+16
199239,11,0,4,4,2018,4,17,6,3,5,3,0,0,1,0,0,0,0,0,7.93919E+20,5.82564E+21,1.3331E+16,5.25015E+16
199240,11,0,1,1,2018,4,9,4,3,2,2,0,0,1,0,0,0,0,0,7.96852E+20,5.82697E+21,1.33753E+16,5.25118E+16
199241,11,0,6,6,2018,4,9,1,3,6,7,0,0,0,1,0,0,1,0,7.95418E+20,5.81835E+21,1.33466E+16,5.24353E+16
199242,11,0,7,7,2018,4,16,6,3,5,3,0,1,1,0,0,0,0,0,7.96224E+20,5.82533E+21,1.33646E+16,5.24975E+16
199243,11,0,1,1,2018,4,19,3,3,1,5,0,1,1,0,0,0,0,0,7.97833E+20,5.82746E+21,1.33901E+16,5.25157E+16
199244,11,0,1,1,2018,4,15,6,3,6,7,0,0,1,1,0,0,0,0,7.9894E+20,5.82731E+21,1.34062E+16,5.25137E+16
199245,11,0,5,5,2018,4,21,2,3,1,5,1,0,1,0,0,0,0,0,7.84794E+20,5.82886E+21,1.31997E+16,5.25352E+16
199246,11,0,5,5,2018,4,22,6,2,5,2,2,1,1,0,0,0,0,1,7.85046E+20,5.8294E+21,1.32039E+16,5.25399E+16
199247,11,0,1,1,2018,4,16,6,3,2,6,0,1,1,0,0,0,0,0,7.97173E+20,5.83138E+21,1.33839E+16,5.25512E+16
199248,11,0,5,5,2018,4,16,1,3,0,1,0,0,0,0,1,0,0,0,7.85958E+20,5.83171E+21,1.32193E+16,5.25602E+16
199249,11,0,6,6,2018,4,15,6,2,4,7,0,0,1,0,0,0,0,0,7.89431E+20,5.81583E+21,1.32566E+16,5.2416E+16
199250,11,0,3,3,2018,4,9,4,1,6,2,0,0,1,1,0,0,0,0,8.03735E+20,5.83924E+21,1.34876E+16,5.26181E+16
199251,11,0,3,3,2018,4,4,1,3,5,3,2,0,1,0,0,0,0,0,8.00322E+20,5.83158E+21,1.34304E+16,5.25513E+16
199252,11,0,6,6,2018,4,12,2,3,0,1,0,0,0,0,1,0,0,1,7.89424E+20,5.81803E+21,1.32584E+16,5.24357E+16
199253,11,0,12,12,2018,4,17,6,3,5,2,0,0,1,0,0,0,1,0,7.95065E+20,5.83247E+21,1.33539E+16,5.25621E+16
199254,11,0,7,7,2018,4,17,6,3,5,2,0,0,1,0,0,0,1,0,7.97288E+20,5.8173E+21,1.33731E+16,5.24249E+16
199255,11,0,7,7,2018,4,8,4,3,1,5,0,1,1,0,0,0,0,0,7.97409E+20,5.82188E+21,1.33789E+16,5.24659E+16
199256,11,0,8,8,2018,4,4,1,3,1,5,2,0,1,0,0,0,0,0,8.01824E+20,5.81904E+21,1.34411E+16,5.2438E+16
199257,11,0,7,7,2018,4,18,3,2,2,6,0,0,1,0,1,0,0,0,7.98696E+20,5.81406E+21,1.33908E+16,5.23951E+16
199258,11,0,6,6,2018,4,19,5,3,5,2,1,0,1,0,1,0,0,0,7.95228E+20,5.81984E+21,1.33451E+16,5.24488E+16
199259,11,0,2,2,2018,4,16,2,3,6,4,0,0,1,1,0,0,0,0,8.00306E+20,5.82555E+21,1.34247E+16,5.24972E+16
199260,11,0,1,1,2018,4,9,5,3,6,7,0,1,0,1,0,0,0,0,7.96991E+20,5.82881E+21,1.33789E+16,5.25283E+16
199261,11,0,12,12,2018,4,16,5,3,3,6,0,1,0,0,0,0,0,0,7.90456E+20,5.83474E+21,1.32881E+16,5.2585E+16
199262,11,0,9,9,2018,4,21,5,3,5,3,2,0,1,0,0,0,0,0,8.13511E+20,5.82164E+21,1.36149E+16,5.24548E+16
199263,11,0,4,4,2018,4,9,3,3,2,6,0,1,1,0,0,0,0,0,7.94489E+20,5.82589E+21,1.33396E+16,5.25035E+16
199264,11,0,6,6,2018,4,15,3,3,2,6,0,1,0,0,0,0,1,0,7.91819E+20,5.81921E+21,1.32945E+16,5.2445E+16
199265,11,0,12,12,2018,4,20,5,3,6,4,2,0,1,1,0,0,0,0,7.94747E+20,5.83581E+21,1.33522E+16,5.25922E+16
199266,11,0,5,5,2018,4,13,3,3,6,4,0,1,0,1,0,0,0,0,7.84819E+20,5.82904E+21,1.32002E+16,5.25368E+16
199267,11,0,6,6,2018,4,18,5,3,5,3,0,0,1,0,0,0,0,0,7.89115E+20,5.81959E+21,1.32552E+16,5.24498E+16
199268,11,0,7,7,2018,4,16,2,3,6,4,0,0,1,1,0,0,0,1,7.97249E+20,5.82083E+21,1.33756E+16,5.24566E+16
199269,11,0,1,1,2018,4,18,5,2,5,7,0,0,1,0,1,0,0,0,7.95112E+20,5.83036E+21,1.33527E+16,5.25431E+16
199270,11,0,4,4,2018,4,18,5,3,5,3,0,0,1,0,0,0,0,0,7.89729E+20,5.82693E+21,1.32706E+16,5.25153E+16
199271,11,0,2,2,2018,4,16,4,3,6,4,0,1,0,1,0,0,0,0,7.97116E+20,5.82412E+21,1.33766E+16,5.24862E+16
199272,11,0,1,1,2018,4,17,1,3,0,1,1,0,0,0,1,0,0,0,7.96234E+20,5.82851E+21,1.33676E+16,5.2526E+16
199273,11,0,4,4,2018,4,18,5,3,3,6,0,0,1,0,0,0,0,0,7.91628E+20,5.82751E+21,1.3299E+16,5.25195E+16
199274,11,0,8,8,2018,4,9,3,3,0,3,0,1,0,0,1,0,0,0,8.01557E+20,5.82384E+21,1.34415E+16,5.24812E+16
199275,11,0,4,4,2018,4,14,3,3,2,6,0,0,1,0,1,0,0,0,7.93938E+20,5.82496E+21,1.33307E+16,5.24954E+16
199276,11,0,4,4,2018,4,18,5,3,0,1,0,1,0,0,0,0,0,0,7.93355E+20,5.82286E+21,1.33203E+16,5.24769E+16
199277,11,0,10,10,2018,4,17,5,3,5,3,0,0,1,0,0,0,0,0,8.12072E+20,5.83062E+21,1.36022E+16,5.2536E+16
199278,11,0,9,9,2018,4,13,2,3,2,6,0,0,1,0,0,0,0,0,8.09358E+20,5.81849E+21,1.35511E+16,5.24289E+16
199279,11,0,12,12,2018,4,17,5,3,5,2,0,0,1,0,0,0,1,0,7.9528E+20,5.83636E+21,1.33605E+16,5.25969E+16
199280,11,0,4,4,2018,4,11,4,3,2,6,0,1,1,0,0,0,0,0,7.92701E+20,5.82537E+21,1.33129E+16,5.24997E+16
199281,11,0,4,4,2018,4,19,7,2,3,6,0,1,1,0,0,0,0,0,7.92363E+20,5.82517E+21,1.33077E+16,5.24982E+16
199282,11,0,9,9,2018,4,15,2,2,5,3,0,1,1,0,0,0,0,0,8.01825E+20,5.82501E+21,1.34466E+16,5.24915E+16
199283,11,0,3,3,2018,4,17,5,3,6,4,0,0,1,1,0,0,0,0,8.01937E+20,5.8313E+21,1.34539E+16,5.25478E+16
199284,11,0,7,7,2018,4,17,5,2,6,4,0,1,0,1,0,0,0,0,7.93904E+20,5.82295E+21,1.33284E+16,5.24774E+16
199285,11,0,1,1,2018,4,14,4,3,6,4,0,0,0,1,1,0,0,0,7.97149E+20,5.82689E+21,1.33796E+16,5.2511E+16
199286,11,0,5,5,2018,4,19,7,2,6,4,0,0,1,1,0,0,0,0,7.84764E+20,5.82718E+21,1.31978E+16,5.25202E+16
199287,11,0,9,9,2018,4,17,5,3,4,6,0,1,0,0,0,0,0,0,8.10168E+20,5.82157E+21,1.35658E+16,5.2456E+16
199288,11,0,4,4,2018,4,7,3,3,0,2,0,0,1,0,1,0,0,0,7.9111E+20,5.82316E+21,1.32876E+16,5.24808E+16
199289,11,0,7,7,2018,4,16,5,3,1,5,0,1,1,0,0,0,0,0,7.99872E+20,5.81319E+21,1.34073E+16,5.23867E+16
199290,11,0,1,1,2018,4,11,3,3,1,5,0,1,1,0,0,0,0,0,7.9717E+20,5.82821E+21,1.33811E+16,5.25228E+16
199291,11,0,12,12,2018,4,16,5,2,2,7,0,0,1,0,1,0,1,0,7.9353E+20,5.83238E+21,1.33312E+16,5.25621E+16
199292,11,0,5,5,2018,4,12,5,3,5,2,0,1,1,0,0,0,0,0,7.84778E+20,5.82879E+21,1.31994E+16,5.25346E+16
199293,11,0,3,3,2018,4,7,2,3,5,3,0,1,0,0,0,0,1,1,8.01964E+20,5.82973E+21,1.34529E+16,5.25338E+16
199294,11,0,1,1,2018,4,12,5,3,5,3,0,0,1,0,1,0,0,0,7.94051E+20,5.8285E+21,1.33355E+16,5.25271E+16
199295,11,0,5,5,2018,4,12,5,2,2,7,0,1,1,0,0,0,0,0,7.8491E+20,5.82905E+21,1.32016E+16,5.25369E+16
199296,11,0,4,4,2018,4,8,4,3,2,6,0,1,1,0,0,0,0,0,7.91307E+20,5.82501E+21,1.32921E+16,5.24973E+16
199297,11,0,7,7,2018,4,19,7,3,5,2,0,0,1,0,0,0,0,0,7.9947E+20,5.82051E+21,1.34079E+16,5.24525E+16
199298,11,0,11,11,2018,4,18,3,3,5,3,0,1,1,0,0,0,0,0,8.0504E+20,5.82623E+21,1.34949E+16,5.25007E+16
199299,11,0,4,4,2018,4,11,5,3,6,2,0,0,1,1,0,0,0,0,7.9095E+20,5.82302E+21,1.32851E+16,5.24796E+16
199300,11,0,12,12,2018,4,18,2,3,0,2,0,0,1,0,1,0,0,0,7.93419E+20,5.83249E+21,1.33297E+16,5.25632E+16
199301,11,0,6,6,2018,4,11,5,2,5,3,0,0,1,0,0,0,0,0,7.90094E+20,5.81731E+21,1.32676E+16,5.24289E+16
199302,11,0,10,10,2018,4,10,5,2,5,2,0,0,1,0,0,0,0,0,8.06443E+20,5.8299E+21,1.35189E+16,5.25328E+16
199303,11,0,1,1,2018,4,21,3,3,5,2,2,0,0,0,1,0,1,0,7.97158E+20,5.8277E+21,1.33804E+16,5.25182E+16
199304,11,0,4,4,2018,4,10,5,2,5,2,0,1,1,0,0,0,0,0,7.92836E+20,5.82434E+21,1.33139E+16,5.24904E+16
199305,11,0,8,8,2018,4,10,2,3,1,5,0,1,1,0,0,0,0,1,8.03408E+20,5.81738E+21,1.34629E+16,5.24223E+16
199306,11,0,9,9,2018,4,10,5,2,5,2,0,0,1,0,1,0,0,0,8.14241E+20,5.82231E+21,1.36263E+16,5.24603E+16
199307,11,0,11,11,2018,4,14,5,3,3,6,0,0,1,0,1,0,0,0,8.05088E+20,5.82997E+21,1.3499E+16,5.25342E+16
199308,11,0,4,4,2018,4,21,1,3,2,6,2,0,1,0,0,0,0,0,7.89724E+20,5.82969E+21,1.32729E+16,5.25401E+16
199309,11,0,4,4,2018,4,9,5,3,3,6,0,1,1,0,0,0,0,0,7.93979E+20,5.82494E+21,1.33313E+16,5.24952E+16
199310,11,0,3,3,2018,4,15,5,2,2,2,0,0,1,0,1,0,0,0,7.98126E+20,5.83561E+21,1.34017E+16,5.25886E+16
199311,11,0,8,8,2018,4,7,4,3,1,5,0,1,1,0,0,0,0,0,8.01927E+20,5.8209E+21,1.34443E+16,5.24547E+16
199312,11,0,7,7,2018,4,16,7,2,0,6,0,0,1,0,1,0,0,1,7.98889E+20,5.82076E+21,1.33996E+16,5.24551E+16
199313,11,0,9,9,2018,4,17,3,3,5,7,0,0,1,0,1,0,0,0,8.04217E+20,5.82106E+21,1.34781E+16,5.24548E+16
199314,11,0,3,3,2018,4,8,5,3,2,6,0,0,0,0,1,0,1,0,8.02366E+20,5.82924E+21,1.34583E+16,5.25291E+16
199315,11,0,4,4,2018,4,16,2,3,5,3,0,1,1,0,0,0,0,0,7.89982E+20,5.82697E+21,1.32743E+16,5.25156E+16
199316,11,0,6,6,2018,4,8,5,3,1,5,0,1,1,0,0,0,0,0,7.87772E+20,5.81825E+21,1.32343E+16,5.24385E+16
199317,11,0,5,5,2018,4,13,5,2,0,7,0,0,1,0,0,0,0,0,7.86015E+20,5.82821E+21,1.32171E+16,5.25288E+16
199318,11,0,1,1,2018,4,15,7,3,5,2,0,1,1,0,0,0,0,0,7.9855E+20,5.82682E+21,1.34001E+16,5.25096E+16
199319,11,0,4,4,2018,4,7,5,3,6,4,0,0,1,1,0,0,0,0,7.92581E+20,5.8253E+21,1.3311E+16,5.24992E+16
199320,11,0,12,12,2018,4,8,5,3,5,2,0,1,1,0,0,0,0,0,7.92344E+20,5.83406E+21,1.33153E+16,5.25778E+16
199321,11,0,7,7,2018,4,18,1,3,2,2,0,0,1,0,0,0,0,0,7.94959E+20,5.82567E+21,1.33463E+16,5.25012E+16
199322,11,0,4,4,2018,4,7,5,3,1,5,0,1,1,0,0,0,0,0,7.93099E+20,5.8245E+21,1.3318E+16,5.24917E+16
199323,11,0,7,7,2018,4,11,3,3,1,7,0,0,1,0,0,0,0,0,7.96273E+20,5.8246E+21,1.33647E+16,5.24909E+16
199324,11,0,4,4,2018,4,15,7,3,5,2,0,1,1,0,0,0,0,1,7.92615E+20,5.82302E+21,1.33095E+16,5.24787E+16
199325,11,0,4,4,2018,4,16,3,3,5,7,0,0,1,0,1,0,0,0,7.94032E+20,5.82606E+21,1.3333E+16,5.25052E+16
199326,11,0,4,4,2018,4,7,5,3,2,6,0,0,1,0,0,0,0,0,7.90932E+20,5.82675E+21,1.32881E+16,5.2513E+16
199327,11,0,1,1,2018,4,21,5,2,4,1,2,1,0,0,0,0,1,0,7.97808E+20,5.82927E+21,1.33914E+16,5.25319E+16
199328,11,0,7,7,2018,4,16,2,3,2,6,0,0,1,0,1,0,0,1,7.94974E+20,5.8251E+21,1.3346E+16,5.24961E+16
199329,11,0,4,4,2018,4,12,5,3,8,1,0,0,1,0,0,0,0,0,7.9264E+20,5.8261E+21,1.33126E+16,5.25063E+16
199330,11,0,12,12,2018,4,15,5,3,5,2,0,1,1,0,0,0,0,0,7.86547E+20,5.83797E+21,1.32333E+16,5.2616E+16
199331,11,0,1,1,2018,4,9,5,3,0,1,0,1,0,0,0,0,0,0,7.97988E+20,5.82849E+21,1.33933E+16,5.25249E+16
199332,11,0,7,7,2018,4,15,5,3,2,6,0,1,1,0,0,0,0,0,7.95607E+20,5.82446E+21,1.33548E+16,5.249E+16
199333,11,0,11,11,2018,4,16,4,3,5,2,0,1,1,0,0,0,0,0,8.08262E+20,5.83403E+21,1.35494E+16,5.25688E+16
199334,11,0,1,1,2018,4,15,5,2,5,3,0,0,1,0,1,0,0,0,7.98482E+20,5.82667E+21,1.33989E+16,5.25082E+16
199335,11,0,4,4,2018,4,13,7,3,5,2,0,0,1,0,0,0,0,1,7.92526E+20,5.82292E+21,1.33082E+16,5.24779E+16
199336,11,0,2,2,2018,4,18,4,3,3,2,0,1,1,0,0,0,0,0,8.00587E+20,5.82703E+21,1.34302E+16,5.25103E+16
199337,11,0,1,1,2018,4,20,5,3,6,4,2,0,1,1,0,0,0,0,7.96401E+20,5.82832E+21,1.33698E+16,5.25242E+16
199338,11,0,1,1,2018,4,9,3,2,6,4,0,0,1,1,0,0,0,0,7.98143E+20,5.83003E+21,1.3397E+16,5.25385E+16
199339,11,0,1,1,2018,4,16,4,3,5,2,1,1,1,0,0,0,0,0,7.99853E+20,5.82749E+21,1.34198E+16,5.25149E+16
199340,11,0,5,5,2018,4,20,5,2,1,5,2,1,1,0,0,0,0,0,7.84734E+20,5.82752E+21,1.31977E+16,5.25232E+16
199341,11,0,10,10,2018,4,13,3,3,5,2,0,0,1,0,0,0,1,0,8.12381E+20,5.82428E+21,1.36008E+16,5.24791E+16
199342,11,0,7,7,2018,4,18,4,2,6,4,1,0,1,1,0,0,0,0,7.94791E+20,5.82467E+21,1.33429E+16,5.24923E+16
199343,11,0,7,7,2018,4,10,3,2,5,2,0,0,1,0,1,0,0,0,7.95456E+20,5.82567E+21,1.33536E+16,5.25009E+16
199344,11,0,7,7,2018,4,15,5,3,6,2,0,0,1,1,0,0,0,0,7.98544E+20,5.81442E+21,1.33889E+16,5.23984E+16
199345,11,0,9,9,2018,4,14,3,3,5,3,0,1,1,0,0,0,0,0,8.08986E+20,5.8181E+21,1.35453E+16,5.24256E+16
199346,11,0,10,10,2018,4,16,4,3,6,6,0,1,0,1,0,0,0,0,8.13562E+20,5.82737E+21,1.36211E+16,5.25061E+16
199347,11,0,1,1,2018,4,7,4,3,0,1,0,0,0,0,1,0,0,1,7.97055E+20,5.82817E+21,1.33793E+16,5.25225E+16
199348,11,0,10,10,2018,4,15,5,2,5,3,0,0,1,0,0,0,1,0,8.13101E+20,5.82421E+21,1.36113E+16,5.2478E+16
199349,11,0,9,9,2018,4,15,2,3,6,4,0,0,1,1,0,0,0,0,8.11245E+20,5.81766E+21,1.3578E+16,5.24204E+16
199350,11,0,6,6,2018,4,14,4,2,0,3,0,1,0,0,0,1,0,0,7.93131E+20,5.8176E+21,1.33124E+16,5.24298E+16
199351,11,0,1,1,2018,4,15,4,3,1,5,0,1,1,0,0,0,0,0,7.9732E+20,5.83232E+21,1.33869E+16,5.25595E+16
199352,11,0,9,9,2018,4,14,5,3,5,2,0,1,1,0,0,0,0,0,8.18985E+20,5.8202E+21,1.36939E+16,5.24387E+16
199353,11,0,9,9,2018,4,6,4,3,5,2,0,0,1,0,1,0,0,0,8.04477E+20,5.82187E+21,1.34826E+16,5.24619E+16
199354,11,0,2,2,2018,4,13,5,3,3,6,0,1,1,0,0,0,0,0,7.97592E+20,5.82595E+21,1.33852E+16,5.25023E+16
199355,11,0,9,9,2018,4,11,7,3,5,3,0,0,0,0,1,0,1,0,8.09493E+20,5.81523E+21,1.35501E+16,5.23996E+16
199356,11,0,5,5,2018,4,15,4,3,2,6,0,0,1,0,1,0,0,0,7.89414E+20,5.82865E+21,1.32674E+16,5.25309E+16
199357,11,0,8,8,2018,4,19,5,3,1,5,0,1,1,0,0,0,0,0,8.00428E+20,5.82379E+21,1.34249E+16,5.24814E+16
199358,11,0,8,8,2018,4,14,3,3,5,3,0,1,1,0,0,0,0,0,8.012E+20,5.82214E+21,1.34348E+16,5.24661E+16
199359,11,0,8,8,2018,4,15,4,3,6,4,0,0,0,1,0,0,1,0,8.03217E+20,5.82273E+21,1.34649E+16,5.24703E+16
199360,11,0,1,1,2018,4,19,5,3,5,7,0,0,1,0,1,0,0,0,7.98133E+20,5.82845E+21,1.33954E+16,5.25244E+16
199361,11,0,2,2,2018,4,8,2,3,5,3,0,1,1,0,0,0,0,0,7.99222E+20,5.82459E+21,1.34079E+16,5.24892E+16
199362,11,0,9,9,2018,4,16,4,3,3,6,0,0,1,0,1,0,0,0,8.07944E+20,5.81909E+21,1.35309E+16,5.24351E+16
199363,11,0,4,4,2018,4,16,4,3,0,2,0,0,1,0,0,0,1,0,7.91679E+20,5.83069E+21,1.33025E+16,5.2548E+16
199364,11,0,6,6,2018,4,19,5,2,5,2,0,1,1,0,0,0,0,0,7.90224E+20,5.8151E+21,1.32676E+16,5.2409E+16