OBJECTID_1,ULAND,UREGBEZ,UKREIS,UGEMEINDE,UJAHR,UMONAT,USTUNDE,UWOCHENTAG,UKATEGORIE,UART,UTYP1,ULICHTVERH,IstRad,IstPKW,IstFuss,IstKrad,IstGkfz,IstSonstig,STRZUSTAND,LINREFX,LINREFY,XGCSWGS84,YGCSWGS84
199365,11,0,1,1,2018,4,6,2,2,5,3,0,1,1,0,0,0,0,0,7.96567E+20,5.82687E+21,1.3371E+16,5.25111E+16
199366,11,0,8,8,2018,4,14,4,3,5,2,0,0,1,0,0,0,0,0,8.03157E+20,5.81843E+21,1.34601E+16,5.24318E+16
199367,11,0,4,4,2018,4,14,4,2,3,6,0,0,1,0,1,0,0,0,7.93877E+20,5.82551E+21,1.33303E+16,5.25004E+16
199368,11,0,7,7,2018,4,18,5,3,6,2,0,0,1,1,0,0,0,0,7.97901E+20,5.82005E+21,1.33845E+16,5.24493E+16
199369,11,0,12,12,2018,4,8,4,3,3,6,0,0,1,0,1,0,0,0,7.91924E+20,5.83147E+21,1.33068E+16,5.25548E+16
199370,11,0,8,8,2018,4,13,4,3,5,3,0,0,1,0,0,0,0,0,8.01741E+20,5.82267E+21,1.34432E+16,5.24706E+16
199371,11,0,4,4,2018,4,18,5,3,6,4,0,0,0,1,0,0,1,0,7.91835E+20,5.82746E+21,1.3302E+16,5.2519E+16
199372,11,0,9,9,2018,4,12,2,3,6,7,0,0,1,1,0,0,0,1,8.05682E+20,5.81929E+21,1.34979E+16,5.24381E+16
199373,11,0,5,5,2018,4,13,4,3,5,2,0,0,1,0,0,0,1,0,7.88033E+20,5.82937E+21,1.32478E+16,5.25381E+16
199374,11,0,5,5,2018,4,13,5,3,6,7,0,1,0,1,0,0,0,0,7.85155E+20,5.82917E+21,1.32053E+16,5.25378E+16
199375,11,0,4,4,2018,4,10,4,2,5,2,0,0,1,0,0,0,0,0,7.92411E+20,5.82279E+21,1.33063E+16,5.24768E+16
199376,11,0,7,7,2018,4,9,7,3,1,5,0,1,1,0,0,0,0,1,7.95871E+20,5.82452E+21,1.33587E+16,5.24904E+16
199377,11,0,1,1,2018,4,13,4,3,5,3,0,1,1,0,0,0,0,0,8.00376E+20,5.82651E+21,1.34266E+16,5.25058E+16
199378,11,0,12,12,2018,4,12,5,3,8,1,0,0,1,0,0,0,0,0,7.91263E+20,5.83866E+21,1.33034E+16,5.26197E+16
199379,11,0,1,1,2018,4,18,3,3,5,2,0,1,1,0,0,0,0,0,7.92739E+20,5.82828E+21,1.3316E+16,5.25258E+16
199380,11,0,5,5,2018,4,12,4,2,3,6,0,0,1,0,1,0,0,0,7.84207E+20,5.82896E+21,1.31911E+16,5.25364E+16
199381,11,0,3,3,2018,4,17,5,3,6,4,0,0,1,1,0,0,0,0,8.00625E+20,5.83099E+21,1.34343E+16,5.25458E+16
199382,11,0,1,1,2018,4,23,2,3,1,5,2,1,1,0,0,0,0,0,7.97828E+20,5.82703E+21,1.33897E+16,5.25118E+16
199383,11,0,1,1,2018,4,11,4,3,2,6,0,0,1,0,0,0,0,0,7.93714E+20,5.82812E+21,1.33302E+16,5.25238E+16
199384,11,0,5,5,2018,4,10,4,3,1,5,0,0,1,0,0,0,0,0,7.81392E+20,5.82867E+21,1.31495E+16,5.25352E+16
199385,11,0,6,6,2018,4,12,5,3,5,2,0,1,0,0,1,0,0,0,7.90497E+20,5.81807E+21,1.32741E+16,5.24354E+16
199386,11,0,8,8,2018,4,19,1,3,6,7,0,0,1,1,0,0,0,0,8.01216E+20,5.82211E+21,1.3435E+16,5.24659E+16
199387,11,0,10,10,2018,4,9,4,2,6,4,0,0,1,1,0,0,0,0,8.07692E+20,5.83017E+21,1.35375E+16,5.25345E+16
199388,11,0,6,6,2018,4,9,4,3,0,5,0,1,1,0,0,0,0,0,7.93061E+20,5.82141E+21,1.33147E+16,5.2464E+16
199389,11,0,2,2,2018,4,17,5,3,3,2,0,0,0,0,1,1,0,0,8.00626E+20,5.82627E+21,1.34301E+16,5.25035E+16
199390,11,0,2,2,2018,4,21,4,3,1,5,2,1,1,0,0,0,0,0,7.99932E+20,5.82604E+21,1.34197E+16,5.25018E+16
199391,11,0,2,2,2018,4,21,7,3,5,2,2,1,1,0,0,0,0,0,8.03613E+20,5.82732E+21,1.34749E+16,5.25113E+16
199392,11,0,11,11,2018,4,12,5,3,1,5,0,0,1,0,0,0,0,0,8.04874E+20,5.8332E+21,1.34988E+16,5.25632E+16
199393,11,0,9,9,2018,4,17,3,3,5,7,0,0,0,0,1,0,1,0,8.1181E+20,5.8199E+21,1.35884E+16,5.24402E+16
199394,11,0,12,12,2018,4,9,4,3,5,2,0,1,1,0,0,0,0,0,7.95629E+20,5.833E+21,1.33627E+16,5.25666E+16
199395,11,0,8,8,2018,4,22,7,3,5,2,2,1,1,0,0,0,0,0,8.01053E+20,5.82492E+21,1.34351E+16,5.24912E+16
199396,11,0,9,9,2018,4,12,5,3,0,4,0,1,0,1,0,0,0,0,8.06605E+20,5.82204E+21,1.3514E+16,5.24622E+16
199397,11,0,4,4,2018,4,18,3,3,5,3,0,1,1,0,0,0,0,0,7.90855E+20,5.82365E+21,1.32842E+16,5.24853E+16
199398,11,0,8,8,2018,4,8,4,3,0,1,0,0,1,0,1,0,0,0,8.02164E+20,5.81894E+21,1.3446E+16,5.24369E+16
199399,11,0,10,10,2018,4,16,5,3,5,2,0,0,1,0,1,0,0,0,8.09634E+20,5.82575E+21,1.35619E+16,5.24938E+16
199400,11,0,11,11,2018,4,17,2,3,5,2,0,1,1,0,0,0,0,1,8.05201E+20,5.82872E+21,1.34995E+16,5.25229E+16
199401,11,0,3,3,2018,4,8,4,3,0,1,0,0,0,0,1,0,0,1,7.98357E+20,5.83586E+21,1.34054E+16,5.25907E+16
199402,11,0,9,9,2018,4,12,5,3,1,5,0,0,1,0,0,0,0,0,8.1152E+20,5.81906E+21,1.35833E+16,5.24328E+16
199403,11,0,9,9,2018,4,8,4,3,2,6,0,0,1,0,0,0,0,0,8.04172E+20,5.8214E+21,1.34777E+16,5.24579E+16
199404,11,0,10,10,2018,4,16,5,3,5,3,0,0,1,0,0,0,0,0,8.07828E+20,5.82909E+21,1.35385E+16,5.25247E+16
199405,11,0,11,11,2018,4,11,5,2,1,5,0,0,1,0,0,0,0,0,8.02402E+20,5.829E+21,1.34587E+16,5.2527E+16
199406,11,0,4,4,2018,4,14,1,3,0,1,0,1,1,0,0,0,0,0,7.89715E+20,5.82475E+21,1.32685E+16,5.24958E+16
199407,11,0,6,6,2018,4,7,4,3,6,2,0,0,1,1,0,0,0,0,7.90374E+20,5.81825E+21,1.32725E+16,5.24372E+16
199408,11,0,1,1,2018,4,16,5,3,1,5,0,1,0,0,0,0,1,0,7.99723E+20,5.82746E+21,1.34179E+16,5.25146E+16
199409,11,0,11,11,2018,4,17,3,3,5,2,0,1,0,0,0,0,1,0,8.03707E+20,5.82628E+21,1.34754E+16,5.25019E+16
199410,11,0,10,10,2018,4,11,5,3,5,3,0,1,1,0,0,0,0,0,8.09586E+20,5.82415E+21,1.35597E+16,5.24795E+16
199411,11,0,5,5,2018,4,15,3,2,6,2,0,0,1,1,0,0,0,0,7.84518E+20,5.82866E+21,1.31955E+16,5.25336E+16
199412,11,0,7,7,2018,4,23,4,3,5,2,2,0,1,0,0,0,0,0,7.9496E+20,5.82565E+21,1.33463E+16,5.2501E+16
199413,11,0,4,4,2018,4,16,5,3,1,5,0,0,1,0,1,0,0,0,7.92374E+20,5.82276E+21,1.33058E+16,5.24765E+16
199414,11,0,10,10,2018,4,16,2,3,2,2,0,0,1,0,0,0,1,0,8.0784E+20,5.82909E+21,1.35386E+16,5.25248E+16
199415,11,0,9,9,2018,4,7,4,2,5,2,0,0,1,0,1,0,0,1,8.09359E+20,5.81966E+21,1.35522E+16,5.24394E+16
199416,11,0,3,3,2018,4,11,5,3,5,3,0,1,1,0,0,0,0,0,8.00057E+20,5.8326E+21,1.34274E+16,5.25606E+16
199417,11,0,1,1,2018,4,7,4,3,5,3,0,0,1,0,0,0,0,0,7.95528E+20,5.83048E+21,1.33589E+16,5.2544E+16
199418,11,0,4,4,2018,4,11,5,3,3,6,0,0,1,0,1,0,0,0,7.94279E+20,5.82595E+21,1.33366E+16,5.25041E+16
199419,11,0,10,10,2018,4,15,4,3,6,7,0,1,0,1,0,0,0,0,8.1133E+20,5.83182E+21,1.35925E+16,5.25472E+16
199420,11,0,10,10,2018,4,16,5,3,0,1,0,0,0,0,1,0,0,0,8.12891E+20,5.82827E+21,1.36121E+16,5.25146E+16
199421,11,0,4,4,2018,4,11,5,2,3,6,0,0,1,0,0,0,1,0,7.9114E+20,5.82496E+21,1.32896E+16,5.24969E+16
199422,11,0,6,6,2018,4,16,2,3,8,1,0,0,1,0,0,0,0,1,7.84469E+20,5.81644E+21,1.31843E+16,5.24241E+16
199423,11,0,1,1,2018,4,21,4,3,5,2,2,1,1,0,0,0,0,0,7.97255E+20,5.82908E+21,1.33831E+16,5.25305E+16
199424,11,0,3,3,2018,4,11,5,2,1,5,0,0,1,0,1,0,0,0,8.00241E+20,5.83381E+21,1.34312E+16,5.25713E+16
199425,11,0,4,4,2018,4,4,4,3,5,3,2,0,1,0,0,0,1,0,7.91248E+20,5.82972E+21,1.32953E+16,5.25396E+16
199426,11,0,3,3,2018,4,11,5,3,5,3,0,1,1,0,0,0,0,0,8.01108E+20,5.83152E+21,1.34419E+16,5.25503E+16
199427,11,0,10,10,2018,4,16,4,3,5,2,0,1,1,0,0,0,0,0,8.09972E+20,5.83204E+21,1.35727E+16,5.255E+16
199428,11,0,10,10,2018,4,10,5,2,6,4,0,0,1,1,0,0,0,0,8.07819E+20,5.83017E+21,1.35393E+16,5.25345E+16
199429,11,0,6,6,2018,4,16,7,2,0,3,0,1,0,0,0,0,1,0,7.86867E+20,5.81744E+21,1.32204E+16,5.24318E+16
199430,11,0,10,10,2018,4,20,4,3,5,3,2,0,1,0,0,1,0,0,8.09931E+20,5.83162E+21,1.35717E+16,5.25462E+16
199431,11,0,8,8,2018,4,9,5,3,0,1,0,1,0,0,0,0,0,0,8.01268E+20,5.8246E+21,1.3438E+16,5.24881E+16
199432,11,0,6,6,2018,4,9,3,3,5,3,0,0,1,0,0,0,0,0,7.93656E+20,5.81743E+21,1.33199E+16,5.2428E+16
199433,11,0,2,2,2018,4,9,5,3,5,2,0,1,0,0,0,0,1,0,8.00361E+20,5.82718E+21,1.3427E+16,5.25118E+16
199434,11,0,2,2,2018,4,14,3,2,5,7,0,0,1,0,1,0,0,0,8.00451E+20,5.82576E+21,1.34271E+16,5.24991E+16
199435,11,0,4,4,2018,4,18,4,3,3,6,0,1,1,0,0,0,0,0,7.91398E+20,5.82504E+21,1.32934E+16,5.24975E+16
199436,11,0,3,3,2018,4,18,4,2,6,7,0,0,1,1,0,0,0,0,7.97803E+20,5.8361E+21,1.33974E+16,5.25931E+16
199437,11,0,6,6,2018,4,9,5,3,2,6,0,1,1,0,0,0,0,0,7.87499E+20,5.81681E+21,1.32291E+16,5.24258E+16
199438,11,0,7,7,2018,4,13,2,3,0,5,0,1,0,0,0,0,1,0,7.955E+20,5.82498E+21,1.33536E+16,5.24948E+16
199439,11,0,4,4,2018,4,18,4,3,2,2,0,0,1,0,0,0,0,0,7.91673E+20,5.82754E+21,1.32997E+16,5.25197E+16
199440,11,0,3,3,2018,4,8,5,3,5,7,0,0,1,0,1,0,0,0,7.99517E+20,5.82942E+21,1.34166E+16,5.25324E+16
199441,11,0,12,12,2018,4,11,4,2,1,5,0,0,1,0,1,0,0,0,7.86319E+20,5.8344E+21,1.32269E+16,5.25841E+16
199442,11,0,1,1,2018,4,9,7,2,2,6,0,0,1,0,0,0,0,1,7.94284E+20,5.82844E+21,1.33388E+16,5.25264E+16
199443,11,0,2,2,2018,4,18,4,3,5,2,0,1,0,0,0,0,1,0,8.00137E+20,5.82574E+21,1.34224E+16,5.2499E+16
199444,11,0,7,7,2018,4,8,5,3,5,2,0,0,1,0,0,0,1,0,7.99475E+20,5.82051E+21,1.3408E+16,5.24525E+16
199445,11,0,2,2,2018,4,23,3,3,2,6,2,1,1,0,0,0,1,0,8.02438E+20,5.82624E+21,1.34567E+16,5.25022E+16
199446,11,0,12,12,2018,4,18,4,3,5,2,0,0,1,0,0,0,0,0,7.90135E+20,5.83579E+21,1.32843E+16,5.25945E+16
199447,11,0,1,1,2018,4,22,7,3,2,2,2,1,1,0,0,0,0,0,7.95703E+20,5.83059E+21,1.33616E+16,5.25449E+16
199448,11,0,8,8,2018,4,17,4,3,5,2,0,1,1,0,0,0,0,0,8.01006E+20,5.82483E+21,1.34344E+16,5.24903E+16
199449,11,0,3,3,2018,4,8,5,2,5,2,0,0,1,0,1,0,0,0,7.99543E+20,5.83134E+21,1.34187E+16,5.25495E+16
199450,11,0,3,3,2018,4,8,3,3,2,6,0,0,1,0,0,1,0,0,8.0022E+20,5.83217E+21,1.34294E+16,5.25566E+16
199451,11,0,2,2,2018,4,17,4,3,5,2,0,1,1,0,0,0,0,0,8.00478E+20,5.82822E+21,1.34297E+16,5.25211E+16
199452,11,0,1,1,2018,4,8,5,3,6,4,0,0,1,1,0,0,0,0,7.9762E+20,5.82875E+21,1.33881E+16,5.25274E+16
199453,11,0,12,12,2018,4,12,3,3,2,6,0,0,1,0,0,0,0,0,7.95672E+20,5.83253E+21,1.33629E+16,5.25623E+16
199454,11,0,9,9,2018,4,17,4,3,5,2,0,1,1,0,0,0,0,0,8.09057E+20,5.81876E+21,1.35469E+16,5.24315E+16
199455,11,0,11,11,2018,4,16,4,3,2,6,0,0,1,0,1,0,0,0,8.04855E+20,5.83091E+21,1.34964E+16,5.25427E+16
199456,11,0,7,7,2018,4,8,5,2,0,3,0,1,0,0,0,0,0,0,7.96667E+20,5.82431E+21,1.33702E+16,5.24881E+16
199457,11,0,11,11,2018,4,9,2,3,5,2,0,1,0,0,0,0,1,1,8.06625E+20,5.83293E+21,1.35243E+16,5.25598E+16
199458,11,0,1,1,2018,4,7,3,3,0,2,0,1,1,0,0,0,0,0,7.96643E+20,5.82664E+21,1.33719E+16,5.2509E+16
199459,11,0,11,11,2018,4,19,3,3,5,3,1,0,1,0,0,0,0,0,8.0444E+20,5.83357E+21,1.34928E+16,5.25668E+16
199460,11,0,3,3,2018,4,7,5,3,5,2,0,1,1,0,0,0,0,0,8.01062E+20,5.83143E+21,1.34412E+16,5.25495E+16
199461,11,0,6,6,2018,4,8,4,3,5,3,0,1,1,0,0,0,0,0,7.92417E+20,5.82143E+21,1.33052E+16,5.24646E+16
199462,11,0,12,12,2018,4,8,7,3,0,5,0,0,1,0,1,0,0,0,7.90993E+20,5.83621E+21,1.32973E+16,5.25979E+16
199463,11,0,4,4,2018,4,18,3,3,3,6,0,0,1,0,0,1,0,0,7.91674E+20,5.82773E+21,1.32999E+16,5.25214E+16
199464,11,0,1,1,2018,4,7,5,3,2,3,0,0,1,0,0,0,0,0,7.93627E+20,5.82912E+21,1.33298E+16,5.25329E+16
199465,11,0,3,3,2018,4,19,3,3,1,5,0,1,1,0,0,0,1,0,8.02077E+20,5.82957E+21,1.34544E+16,5.25323E+16
199466,11,0,11,11,2018,4,18,3,3,0,2,0,1,1,0,0,0,0,0,8.05488E+20,5.83337E+21,1.3508E+16,5.25644E+16
199467,11,0,3,3,2018,4,7,5,3,2,5,0,1,1,0,0,0,0,0,7.97621E+20,5.8348E+21,1.33936E+16,5.25816E+16
199468,11,0,3,3,2018,4,21,2,2,9,1,2,0,1,0,0,0,0,0,8.01109E+20,5.8342E+21,1.34444E+16,5.25743E+16
199469,11,0,1,1,2018,4,18,3,3,1,5,0,1,1,0,0,0,0,0,7.99597E+20,5.82849E+21,1.3417E+16,5.2524E+16
199470,11,0,5,5,2018,4,18,3,3,5,2,0,0,1,0,1,0,0,0,7.83795E+20,5.82631E+21,1.31828E+16,5.25128E+16
199471,11,0,1,1,2018,4,7,5,3,2,6,0,0,1,0,0,0,0,0,7.95094E+20,5.83122E+21,1.33532E+16,5.25509E+16
199472,11,0,12,12,2018,4,18,1,3,5,7,0,0,1,0,0,0,0,0,7.94208E+20,5.83828E+21,1.33464E+16,5.26147E+16
199473,11,0,4,4,2018,4,22,5,3,5,3,2,0,1,0,0,0,0,0,7.91837E+20,5.82468E+21,1.32996E+16,5.2494E+16
199474,11,0,2,2,2018,4,8,2,3,0,2,0,1,1,0,0,0,0,1,7.98475E+20,5.82438E+21,1.33968E+16,5.24878E+16
199475,11,0,8,8,2018,4,19,3,3,5,3,0,0,1,0,1,0,0,0,8.01447E+20,5.82389E+21,1.344E+16,5.24817E+16
199476,11,0,4,4,2018,4,15,3,3,2,6,0,0,1,0,0,0,0,0,7.91453E+20,5.82831E+21,1.32971E+16,5.25267E+16
199477,11,0,1,1,2018,4,16,4,3,2,6,0,1,1,0,0,0,0,0,7.98357E+20,5.8277E+21,1.3398E+16,5.25175E+16
199478,11,0,8,8,2018,4,17,1,3,2,6,0,1,1,0,0,0,0,0,8.01314E+20,5.82355E+21,1.34377E+16,5.24787E+16
199479,11,0,12,12,2018,4,20,3,2,5,7,0,0,1,0,1,0,0,0,7.93593E+20,5.83613E+21,1.33355E+16,5.25957E+16
199480,11,0,3,3,2018,4,19,3,3,5,2,1,1,1,0,0,0,0,0,7.99177E+20,5.83111E+21,1.34132E+16,5.25477E+16
199481,11,0,2,2,2018,4,20,4,3,1,5,2,1,1,0,0,0,0,0,7.99931E+20,5.82604E+21,1.34197E+16,5.25018E+16
199482,11,0,1,1,2018,4,7,4,3,0,2,0,1,0,0,1,0,0,0,7.95435E+20,5.82758E+21,1.3355E+16,5.25181E+16
199483,11,0,6,6,2018,4,13,7,3,2,6,0,0,1,0,0,0,1,1,7.91995E+20,5.81897E+21,1.32969E+16,5.24428E+16
199484,11,0,10,10,2018,4,16,4,3,3,6,0,0,1,0,0,0,0,0,8.12097E+20,5.83182E+21,1.36037E+16,5.25468E+16
199485,11,0,1,1,2018,4,18,3,3,1,5,0,1,1,0,0,0,0,0,7.96678E+20,5.82975E+21,1.33752E+16,5.25369E+16
199486,11,0,3,3,2018,4,19,3,3,5,2,2,1,1,0,0,0,0,0,8.00193E+20,5.83093E+21,1.34279E+16,5.25455E+16
199487,11,0,1,1,2018,4,1,4,3,6,4,2,0,1,1,1,0,0,0,7.93965E+20,5.82888E+21,1.33345E+16,5.25305E+16
199488,11,0,1,1,2018,4,17,2,2,6,4,0,1,0,1,0,0,0,1,7.96355E+20,5.83197E+21,1.33724E+16,5.2557E+16
199489,11,0,2,2,2018,4,19,3,3,5,2,1,1,1,0,0,0,0,0,7.99135E+20,5.82579E+21,1.34078E+16,5.25E+16
199490,11,0,4,4,2018,4,21,4,3,0,3,2,1,1,0,0,0,0,0,7.93537E+20,5.82619E+21,1.33259E+16,5.25067E+16
199491,11,0,4,4,2018,4,19,3,3,6,4,0,0,0,1,0,0,1,0,7.92148E+20,5.82647E+21,1.33057E+16,5.25099E+16
199492,11,0,1,1,2018,4,16,4,3,2,6,0,0,1,0,0,0,0,0,7.94613E+20,5.82608E+21,1.33416E+16,5.25051E+16
199493,11,0,5,5,2018,4,18,4,3,5,3,0,1,1,0,0,0,0,0,7.80059E+20,5.82172E+21,1.31241E+16,5.24737E+16
199494,11,0,7,7,2018,4,13,7,3,2,6,0,0,1,0,0,0,1,1,7.97296E+20,5.82064E+21,1.33761E+16,5.24548E+16
199495,11,0,8,8,2018,4,19,3,3,2,3,0,1,1,0,0,0,0,0,8.01019E+20,5.8239E+21,1.34337E+16,5.24821E+16
199496,11,0,9,9,2018,4,14,4,3,2,6,0,1,0,0,0,0,1,0,8.11671E+20,5.81996E+21,1.35864E+16,5.24408E+16
199497,11,0,1,1,2018,4,11,3,3,5,2,0,1,1,0,0,0,0,0,7.95253E+20,5.82663E+21,1.33515E+16,5.25097E+16
199498,11,0,1,1,2018,4,21,4,3,2,6,2,0,1,0,0,0,1,0,7.99571E+20,5.82824E+21,1.34164E+16,5.25217E+16
199499,11,0,10,10,2018,4,17,3,3,0,3,0,0,1,0,1,0,0,0,8.09578E+20,5.82414E+21,1.35596E+16,5.24794E+16
199500,11,0,1,1,2018,4,19,4,3,5,2,0,1,0,0,0,0,0,0,7.9867E+20,5.82899E+21,1.34038E+16,5.25289E+16
199501,11,0,5,5,2018,4,20,3,3,2,6,2,0,1,0,0,0,0,0,7.84669E+20,5.8285E+21,1.31976E+16,5.25321E+16
199502,11,0,7,7,2018,4,20,7,3,5,3,2,0,1,0,0,0,0,0,7.98306E+20,5.82206E+21,1.33922E+16,5.2467E+16
199503,11,0,7,7,2018,4,18,4,2,1,1,0,0,1,0,0,1,1,0,7.99237E+20,5.82009E+21,1.34041E+16,5.24489E+16
199504,11,0,12,12,2018,4,16,3,3,2,6,0,0,1,0,0,0,0,0,7.93089E+20,5.83387E+21,1.33261E+16,5.25757E+16
199505,11,0,9,9,2018,4,17,3,3,5,2,0,1,1,0,0,0,0,0,8.06E+20,5.82117E+21,1.35043E+16,5.24548E+16
199506,11,0,7,7,2018,4,18,4,3,2,6,0,0,1,0,0,0,1,0,7.96459E+20,5.82264E+21,1.33656E+16,5.24733E+16
199507,11,0,2,2,2018,4,16,2,3,5,2,0,1,1,0,0,0,0,1,7.98006E+20,5.82526E+21,1.33907E+16,5.24959E+16
199508,11,0,4,4,2018,4,17,3,3,6,4,0,1,0,1,0,0,0,0,7.89041E+20,5.82704E+21,1.32606E+16,5.25167E+16
199509,11,0,10,10,2018,4,17,4,3,2,6,0,0,1,0,0,0,0,0,8.0658E+20,5.82839E+21,1.35195E+16,5.25192E+16
199510,11,0,2,2,2018,4,17,3,3,5,2,0,0,1,0,0,0,0,0,7.97086E+20,5.82472E+21,1.33767E+16,5.24915E+16
199511,11,0,1,1,2018,4,17,4,3,2,2,0,1,1,0,0,0,0,0,7.99508E+20,5.82669E+21,1.3414E+16,5.25079E+16
199512,11,0,1,1,2018,4,6,4,3,3,6,0,0,1,0,1,0,0,0,7.93544E+20,5.82903E+21,1.33285E+16,5.25321E+16
199513,11,0,7,7,2018,4,17,4,2,2,6,0,0,1,0,1,0,1,0,7.96802E+20,5.81577E+21,1.33646E+16,5.24115E+16
199514,11,0,9,9,2018,4,19,7,2,9,1,0,0,0,0,1,0,0,0,8.07099E+20,5.81877E+21,1.35182E+16,5.24327E+16
199515,11,0,11,11,2018,4,16,3,3,2,6,0,0,1,0,0,1,1,0,8.04234E+20,5.82614E+21,1.34829E+16,5.25003E+16
199516,11,0,3,3,2018,4,17,4,3,5,2,0,1,1,0,0,0,0,0,7.99177E+20,5.83111E+21,1.34132E+16,5.25477E+16
199517,11,0,12,12,2018,4,9,3,3,6,6,0,0,1,1,0,0,0,0,7.93554E+20,5.83612E+21,1.33349E+16,5.25956E+16
199518,11,0,9,9,2018,4,17,4,3,1,5,0,1,1,0,0,0,0,0,8.07872E+20,5.8177E+21,1.35286E+16,5.24227E+16
199519,11,0,6,6,2018,4,14,3,3,5,3,0,1,1,0,0,0,0,0,7.85917E+20,5.81765E+21,1.32066E+16,5.24341E+16
199520,11,0,5,5,2018,4,7,3,2,6,4,0,0,1,1,0,0,0,0,7.83401E+20,5.82863E+21,1.3179E+16,5.25338E+16
199521,11,0,6,6,2018,4,7,3,3,2,2,0,0,1,0,1,0,0,0,7.94481E+20,5.81949E+21,1.33338E+16,5.24461E+16
199522,11,0,2,2,2018,4,17,4,3,0,2,0,0,1,0,1,0,0,0,8.00426E+20,5.82797E+21,1.34287E+16,5.25189E+16
199523,11,0,2,2,2018,4,13,2,3,6,2,0,0,1,1,0,0,0,0,8.012E+20,5.82594E+21,1.34382E+16,5.25002E+16
199524,11,0,9,9,2018,4,8,3,3,2,6,0,0,1,0,0,0,0,0,8.09782E+20,5.82049E+21,1.35592E+16,5.24466E+16
199525,11,0,1,1,2018,4,15,3,3,5,3,0,0,1,0,0,0,0,0,7.95728E+20,5.8282E+21,1.33598E+16,5.25235E+16
199526,11,0,11,11,2018,4,8,3,3,0,2,0,1,1,0,0,0,0,0,8.06685E+20,5.82691E+21,1.35197E+16,5.25059E+16
199527,11,0,10,10,2018,4,17,4,3,2,7,0,0,1,0,1,0,0,0,8.12121E+20,5.8307E+21,1.3603E+16,5.25367E+16
199528,11,0,11,11,2018,4,14,2,3,5,2,0,1,0,0,1,0,0,0,8.04597E+20,5.82619E+21,1.34883E+16,5.25006E+16
199529,11,0,7,7,2018,4,16,3,2,5,3,0,1,1,0,0,0,0,0,7.99653E+20,5.81395E+21,1.34047E+16,5.23936E+16
199530,11,0,10,10,2018,4,16,3,3,5,3,0,1,1,0,0,0,0,0,8.13625E+20,5.82541E+21,1.36202E+16,5.24885E+16
199531,11,0,11,11,2018,4,17,4,3,6,2,0,0,1,1,0,0,0,0,8.02436E+20,5.8289E+21,1.34591E+16,5.25261E+16
199532,11,0,6,6,2018,4,14,4,3,0,1,0,0,0,1,1,0,1,0,7.90633E+20,5.81523E+21,1.32737E+16,5.24099E+16
199533,11,0,4,4,2018,4,16,4,2,5,3,0,1,1,0,0,0,0,0,7.91133E+20,5.8226E+21,1.32874E+16,5.24757E+16
199534,11,0,11,11,2018,4,15,7,3,0,1,0,0,0,0,1,0,0,1,8.04098E+20,5.83058E+21,1.3485E+16,5.25402E+16
199535,11,0,3,3,2018,4,16,3,3,5,2,0,0,1,0,0,0,0,0,8.00173E+20,5.83658E+21,1.34327E+16,5.25962E+16
199536,11,0,11,11,2018,4,16,4,3,2,2,0,1,1,0,0,0,0,0,8.03349E+20,5.83009E+21,1.34736E+16,5.25362E+16
199537,11,0,2,2,2018,4,7,3,2,5,2,0,1,1,0,0,0,0,0,8.00678E+20,5.8258E+21,1.34304E+16,5.24992E+16
199538,11,0,6,6,2018,4,16,3,3,2,6,0,0,1,0,0,0,0,0,7.90226E+20,5.815E+21,1.32675E+16,5.24081E+16
199539,11,0,11,11,2018,4,16,4,3,2,7,0,1,1,0,0,0,0,0,8.04103E+20,5.82789E+21,1.34826E+16,5.25161E+16
199540,11,0,4,4,2018,4,19,3,3,0,6,0,0,1,0,0,0,1,0,7.9231E+20,5.82611E+21,1.33078E+16,5.25066E+16
199541,11,0,8,8,2018,4,11,3,3,5,2,0,1,1,0,0,0,0,0,8.02703E+20,5.82078E+21,1.34556E+16,5.24531E+16
199542,11,0,11,11,2018,4,11,3,3,5,3,0,1,1,0,0,0,0,0,8.0757E+20,5.8255E+21,1.35314E+16,5.24927E+16
199543,11,0,3,3,2018,4,7,2,3,5,3,0,0,1,0,0,0,1,1,7.99659E+20,5.83184E+21,1.34209E+16,5.2554E+16
199544,11,0,4,4,2018,4,16,3,2,5,2,0,0,1,0,1,0,0,0,7.92944E+20,5.8275E+21,1.33183E+16,5.25187E+16
199545,11,0,11,11,2018,4,15,3,3,5,2,0,1,1,0,0,0,0,0,8.05792E+20,5.83322E+21,1.35123E+16,5.25629E+16
199546,11,0,5,5,2018,4,8,4,3,0,1,0,0,1,0,1,0,0,0,7.85789E+20,5.82853E+21,1.3214E+16,5.25317E+16
199547,11,0,4,4,2018,4,18,3,3,5,3,0,1,1,0,0,0,0,0,7.9068E+20,5.82271E+21,1.32809E+16,5.24769E+16
199548,11,0,5,5,2018,4,17,5,3,5,2,0,0,1,0,0,0,0,1,7.83598E+20,5.82915E+21,1.31823E+16,5.25384E+16
199549,11,0,11,11,2018,4,14,2,2,6,4,0,0,1,1,0,0,0,0,8.05203E+20,5.82873E+21,1.34996E+16,5.2523E+16
199550,11,0,1,1,2018,4,14,2,3,1,5,0,0,0,0,1,0,1,0,7.9856E+20,5.82906E+21,1.34022E+16,5.25297E+16
199551,11,0,8,8,2018,4,17,5,3,5,2,0,0,1,0,0,0,0,0,8.0624E+20,5.81637E+21,1.35035E+16,5.24116E+16
199552,11,0,1,1,2018,4,12,2,3,2,6,0,1,1,0,0,0,0,0,7.95555E+20,5.82577E+21,1.33551E+16,5.25018E+16