OBJECTID_1,ULAND,UREGBEZ,UKREIS,UGEMEINDE,UJAHR,UMONAT,USTUNDE,UWOCHENTAG,UKATEGORIE,UART,UTYP1,ULICHTVERH,IstRad,IstPKW,IstFuss,IstKrad,IstGkfz,IstSonstig,STRZUSTAND,LINREFX,LINREFY,XGCSWGS84,YGCSWGS84
199553,11,0,7,7,2018,4,16,5,2,5,3,0,1,1,0,0,0,0,0,7.94928E+20,5.82554E+21,1.33457E+16,5.25001E+16
199554,11,0,4,4,2018,4,12,2,2,1,5,0,1,1,0,0,1,0,0,7.93628E+20,5.82641E+21,1.33274E+16,5.25086E+16
199555,11,0,12,12,2018,4,16,5,3,1,5,0,0,1,0,0,0,0,1,7.91134E+20,5.83349E+21,1.3297E+16,5.25734E+16
199556,11,0,3,3,2018,4,10,2,3,5,7,0,0,1,0,0,1,0,0,7.9811E+20,5.8347E+21,1.34007E+16,5.25804E+16
199557,11,0,7,7,2018,4,10,2,3,2,6,0,0,1,0,0,0,0,0,7.97359E+20,5.82199E+21,1.33783E+16,5.24669E+16
199558,11,0,2,2,2018,4,10,2,3,1,5,0,1,1,0,0,0,0,0,7.9985E+20,5.8248E+21,1.34173E+16,5.24907E+16
199559,11,0,4,4,2018,4,10,2,2,5,2,0,0,1,0,0,0,1,0,7.93917E+20,5.82589E+21,1.33312E+16,5.25037E+16
199560,11,0,1,1,2018,4,16,5,3,6,7,0,0,1,1,0,0,0,1,7.94883E+20,5.82628E+21,1.33457E+16,5.25067E+16
199561,11,0,12,12,2018,4,9,2,3,5,3,0,0,1,0,0,0,0,1,7.89308E+20,5.83935E+21,1.32752E+16,5.26269E+16
199562,11,0,5,5,2018,4,16,5,3,3,6,0,0,0,0,1,1,0,1,7.85208E+20,5.83185E+21,1.32084E+16,5.25618E+16
199563,11,0,7,7,2018,4,15,5,3,6,4,0,0,1,1,0,0,0,1,7.97539E+20,5.82028E+21,1.33794E+16,5.24515E+16
199564,11,0,3,3,2018,4,15,5,3,1,5,0,0,1,0,0,0,0,0,7.99308E+20,5.83325E+21,1.3417E+16,5.25667E+16
199565,11,0,5,5,2018,4,8,2,2,5,2,0,0,1,0,1,0,0,1,7.81303E+20,5.82838E+21,1.3148E+16,5.25328E+16
199566,11,0,1,1,2018,4,15,5,2,1,5,0,1,1,0,0,0,0,1,7.97268E+20,5.82732E+21,1.33817E+16,5.25147E+16
199567,11,0,8,8,2018,4,15,5,3,5,2,0,1,1,0,0,0,0,1,8.01253E+20,5.82157E+21,1.3435E+16,5.2461E+16
199568,11,0,11,11,2018,4,15,5,3,5,3,1,1,1,0,0,0,0,1,8.06065E+20,5.83271E+21,1.35159E+16,5.25582E+16
199569,11,0,5,5,2018,4,8,2,3,1,5,0,0,1,0,0,0,0,1,7.82133E+20,5.82795E+21,1.31598E+16,5.25285E+16
199570,11,0,7,7,2018,4,15,5,3,0,2,0,0,1,0,1,0,0,1,7.97286E+20,5.81956E+21,1.3375E+16,5.24452E+16
199571,11,0,7,7,2018,4,8,2,3,5,2,0,1,0,0,0,0,1,0,7.94256E+20,5.82204E+21,1.33328E+16,5.2469E+16
199572,11,0,9,9,2018,4,7,2,3,2,3,0,1,1,0,0,1,0,0,8.06524E+20,5.82267E+21,1.35134E+16,5.24679E+16
199573,11,0,4,4,2018,4,14,5,3,5,2,0,0,1,0,0,0,0,0,7.92817E+20,5.82323E+21,1.33127E+16,5.24805E+16
199574,11,0,11,11,2018,4,5,2,3,2,6,1,0,1,0,0,0,0,0,8.04807E+20,5.82747E+21,1.34926E+16,5.2512E+16
199575,11,0,5,5,2018,4,13,5,3,5,2,0,0,1,0,0,0,0,0,7.82365E+20,5.83049E+21,1.31654E+16,5.25511E+16
199576,11,0,12,12,2018,4,18,2,3,0,1,0,1,0,0,0,0,0,0,7.91723E+20,5.83684E+21,1.33086E+16,5.26031E+16
199577,11,0,1,1,2018,4,12,5,3,0,2,0,1,1,0,0,0,0,1,7.94548E+20,5.8282E+21,1.33425E+16,5.25242E+16
199578,11,0,4,4,2018,4,12,5,2,0,6,0,0,1,0,1,0,0,1,7.93388E+20,5.82736E+21,1.33247E+16,5.25172E+16
199579,11,0,3,3,2018,4,15,2,3,0,1,0,0,0,0,1,0,0,0,8.01312E+20,5.83536E+21,1.34484E+16,5.25846E+16
199580,11,0,11,11,2018,4,11,5,3,5,3,0,0,1,0,1,0,0,1,8.09163E+20,5.83444E+21,1.35631E+16,5.25719E+16
199581,11,0,11,11,2018,4,12,2,3,0,1,0,1,0,0,0,0,0,0,8.07213E+20,5.82554E+21,1.35261E+16,5.24933E+16
199582,11,0,3,3,2018,4,11,5,3,5,2,0,1,1,0,0,0,0,1,8.00191E+20,5.83095E+21,1.34279E+16,5.25457E+16
199583,11,0,4,4,2018,4,8,2,3,8,1,0,0,1,0,0,0,0,0,7.92677E+20,5.82718E+21,1.33141E+16,5.2516E+16
199584,11,0,1,1,2018,4,11,2,3,2,6,0,0,1,0,0,0,1,0,7.95439E+20,5.8276E+21,1.33551E+16,5.25183E+16
199585,11,0,1,1,2018,4,10,5,3,0,3,0,1,0,0,0,0,1,1,7.98324E+20,5.8287E+21,1.33984E+16,5.25265E+16
199586,11,0,12,12,2018,4,20,2,3,5,3,2,0,1,0,0,0,1,0,7.93016E+20,5.83569E+21,1.33266E+16,5.25921E+16
199587,11,0,8,8,2018,4,9,5,3,5,7,0,0,1,0,0,0,0,1,8.00595E+20,5.82205E+21,1.34258E+16,5.24657E+16
199588,11,0,1,1,2018,4,17,1,2,0,7,0,0,1,1,0,0,0,0,7.94001E+20,5.82888E+21,1.33351E+16,5.25305E+16
199589,11,0,1,1,2018,4,9,5,3,1,5,0,1,1,0,0,0,0,1,7.96675E+20,5.82962E+21,1.3375E+16,5.25357E+16
199590,11,0,2,2,2018,4,15,1,3,1,5,0,1,1,0,0,0,0,0,8.00272E+20,5.82584E+21,1.34245E+16,5.24998E+16
199591,11,0,1,1,2018,4,9,5,3,0,1,0,0,0,0,1,0,0,1,7.96575E+20,5.8278E+21,1.33719E+16,5.25194E+16
199592,11,0,8,8,2018,4,18,1,3,6,4,0,0,1,1,0,0,0,0,8.01677E+20,5.82257E+21,1.34422E+16,5.24698E+16
199593,11,0,7,7,2018,4,8,5,3,2,6,0,0,1,0,0,0,1,1,7.9757E+20,5.81971E+21,1.33793E+16,5.24464E+16
199594,11,0,6,6,2018,4,20,1,3,0,7,1,1,1,0,0,0,0,0,7.86965E+20,5.81736E+21,1.32217E+16,5.24309E+16
199595,11,0,3,3,2018,4,22,1,3,5,3,2,1,1,0,0,0,0,0,7.98968E+20,5.83146E+21,1.34104E+16,5.25509E+16
199596,11,0,4,4,2018,4,8,5,3,6,4,0,0,1,1,0,0,0,0,7.93777E+20,5.82606E+21,1.33293E+16,5.25054E+16
199597,11,0,2,2,2018,4,17,1,3,1,5,0,1,1,0,0,0,0,0,7.99335E+20,5.82473E+21,1.34097E+16,5.24904E+16
199598,11,0,1,1,2018,4,8,5,3,3,6,0,1,0,0,0,1,0,0,7.96019E+20,5.83032E+21,1.3366E+16,5.25424E+16
199599,11,0,10,10,2018,4,17,1,3,2,6,0,0,1,0,0,0,0,0,8.09864E+20,5.83116E+21,1.35703E+16,5.25422E+16
199600,11,0,5,5,2018,4,8,5,3,5,3,0,1,1,0,0,0,0,1,7.89005E+20,5.82979E+21,1.32624E+16,5.25413E+16
199601,11,0,8,8,2018,4,17,1,3,3,6,0,0,1,0,1,0,0,0,8.01038E+20,5.8242E+21,1.34343E+16,5.24847E+16
199602,11,0,6,6,2018,4,8,5,3,5,3,0,0,1,0,0,0,1,0,7.94939E+20,5.81945E+21,1.33405E+16,5.24455E+16
199603,11,0,12,12,2018,4,16,1,3,1,5,0,1,1,0,0,0,0,0,7.93041E+20,5.83266E+21,1.33243E+16,5.25649E+16
199604,11,0,3,3,2018,4,7,5,3,5,3,0,0,1,0,0,0,0,1,7.99208E+20,5.83111E+21,1.34136E+16,5.25476E+16
199605,11,0,5,5,2018,4,16,1,3,5,3,0,1,1,0,0,0,0,0,7.84848E+20,5.82902E+21,1.32006E+16,5.25367E+16
199606,11,0,6,6,2018,4,14,1,3,5,3,0,1,1,0,0,0,0,0,7.9465E+20,5.82099E+21,1.33376E+16,5.24595E+16
199607,11,0,7,7,2018,4,7,5,3,5,3,0,1,1,0,0,0,0,0,7.97861E+20,5.82193E+21,1.33856E+16,5.24661E+16
199608,11,0,7,7,2018,4,13,1,3,5,7,0,1,1,0,0,0,0,0,7.93591E+20,5.82228E+21,1.33232E+16,5.24716E+16
199609,11,0,10,10,2018,4,7,5,3,2,6,0,0,1,0,0,0,0,0,8.11295E+20,5.82854E+21,1.35889E+16,5.25179E+16
199610,11,0,2,2,2018,4,11,1,3,5,2,0,1,1,0,0,0,0,0,8.02441E+20,5.82742E+21,1.34578E+16,5.25128E+16
199611,11,0,1,1,2018,4,6,5,3,1,5,0,1,1,0,0,0,0,1,7.94971E+20,5.83022E+21,1.33505E+16,5.2542E+16
199612,11,0,8,8,2018,4,10,1,3,5,3,0,1,1,0,0,0,0,0,8.01435E+20,5.82097E+21,1.34372E+16,5.24556E+16
199613,11,0,8,8,2018,4,0,5,3,0,7,2,0,1,0,0,0,0,0,8.05701E+20,5.81698E+21,1.34961E+16,5.24174E+16
199614,11,0,1,1,2018,4,10,1,3,1,7,0,0,1,0,1,0,0,0,7.96402E+20,5.8301E+21,1.33714E+16,5.25401E+16
199615,11,0,11,11,2018,4,9,1,3,5,3,0,1,1,0,0,0,0,0,8.05049E+20,5.83351E+21,1.35017E+16,5.2566E+16
199616,11,0,1,1,2018,4,12,5,3,0,1,0,0,0,0,1,0,0,1,7.96917E+20,5.82889E+21,1.33779E+16,5.2529E+16
199617,11,0,9,9,2018,4,0,1,3,2,6,2,0,1,0,1,0,0,0,8.10921E+20,5.82155E+21,1.35769E+16,5.24555E+16
199618,11,0,3,3,2018,4,10,5,3,0,1,0,1,0,0,0,0,0,1,8.02512E+20,5.83682E+21,1.34674E+16,5.2597E+16
199619,11,0,3,3,2018,4,12,1,3,5,2,0,1,0,0,1,0,0,0,7.99516E+20,5.82906E+21,1.34163E+16,5.25291E+16
199620,11,0,4,4,2018,4,12,1,2,1,5,0,1,1,0,0,0,0,0,7.90399E+20,5.8242E+21,1.3278E+16,5.24905E+16
199621,11,0,2,2,2018,4,3,4,3,2,6,2,0,1,0,0,1,0,1,7.9995E+20,5.82574E+21,1.34197E+16,5.24992E+16
199622,11,0,3,3,2018,4,14,1,3,2,7,0,0,1,0,0,0,0,0,7.99853E+20,5.83083E+21,1.34228E+16,5.25448E+16
199623,11,0,2,2,2018,4,23,4,3,6,4,2,0,1,1,0,0,0,0,8.01883E+20,5.82828E+21,1.34504E+16,5.25208E+16
199624,11,0,4,4,2018,4,14,1,3,2,6,0,0,1,0,0,0,0,0,7.91429E+20,5.82918E+21,1.32975E+16,5.25346E+16
199625,11,0,12,12,2018,4,13,4,3,5,7,0,1,1,0,0,0,0,0,7.94876E+20,5.83666E+21,1.33548E+16,5.25998E+16
199626,11,0,7,7,2018,4,7,4,2,0,7,0,1,1,0,0,0,0,1,7.94928E+20,5.82322E+21,1.33437E+16,5.24793E+16
199627,11,0,6,6,2018,4,20,4,3,5,3,1,1,1,0,0,0,0,0,7.87766E+20,5.81758E+21,1.32337E+16,5.24325E+16
199628,11,0,4,4,2018,4,17,4,3,1,5,0,0,1,0,0,0,1,0,7.93931E+20,5.82602E+21,1.33315E+16,5.25049E+16
199629,11,0,12,12,2018,4,9,1,3,8,1,0,1,0,0,0,0,0,0,7.89533E+20,5.83609E+21,1.32757E+16,5.25976E+16
199630,11,0,6,6,2018,4,15,4,3,2,2,0,0,1,0,0,0,1,0,7.96364E+20,5.8167E+21,1.3359E+16,5.24201E+16
199631,11,0,1,1,2018,4,1,1,3,0,1,2,1,0,0,0,0,0,0,7.98731E+20,5.82957E+21,1.34052E+16,5.25341E+16
199632,11,0,10,10,2018,4,16,4,3,2,6,0,0,1,0,0,0,0,0,8.12227E+20,5.83072E+21,1.36046E+16,5.25369E+16
199633,11,0,4,4,2018,4,17,4,3,2,6,0,0,1,0,0,0,1,0,7.91908E+20,5.82626E+21,1.3302E+16,5.25081E+16
199634,11,0,8,8,2018,4,12,7,2,3,6,0,1,0,0,0,0,1,0,8.0079E+20,5.82504E+21,1.34314E+16,5.24924E+16
199635,11,0,2,2,2018,4,17,4,3,6,4,0,0,1,1,0,0,0,0,8.00559E+20,5.82615E+21,1.3429E+16,5.25024E+16
199636,11,0,11,11,2018,4,9,7,2,9,1,0,0,1,0,0,0,0,0,8.05916E+20,5.83462E+21,1.35155E+16,5.25754E+16
199637,11,0,5,5,2018,4,17,4,3,2,7,0,0,1,0,0,0,0,0,7.84031E+20,5.82742E+21,1.31872E+16,5.25227E+16
199638,11,0,5,5,2018,4,18,4,3,5,2,0,0,1,0,0,0,0,0,7.88028E+20,5.82937E+21,1.32477E+16,5.25381E+16
199639,11,0,8,8,2018,4,19,7,3,1,5,1,1,1,0,0,0,0,0,8.00431E+20,5.82377E+21,1.3425E+16,5.24812E+16
199640,11,0,2,2,2018,4,18,4,3,5,2,0,1,1,0,0,0,0,0,7.98223E+20,5.82586E+21,1.33944E+16,5.25011E+16
199641,11,0,12,12,2018,4,19,7,3,2,6,1,0,1,0,0,0,0,0,7.89892E+20,5.83368E+21,1.32789E+16,5.25757E+16
199642,11,0,2,2,2018,4,18,4,3,5,3,0,0,1,0,1,0,0,0,7.98547E+20,5.82627E+21,1.33995E+16,5.25046E+16
199643,11,0,4,4,2018,4,18,7,3,5,2,0,0,1,0,0,0,0,0,7.92825E+20,5.82323E+21,1.33128E+16,5.24805E+16
199644,11,0,2,2,2018,4,16,4,3,5,3,0,1,1,0,0,0,0,0,7.97189E+20,5.82641E+21,1.33797E+16,5.25066E+16
199645,11,0,4,4,2018,4,17,7,3,0,1,0,0,0,0,1,0,0,0,7.9281E+20,5.82523E+21,1.33143E+16,5.24984E+16
199646,11,0,6,6,2018,4,15,4,3,0,5,0,1,1,0,0,0,0,0,7.82212E+20,5.81528E+21,1.31502E+16,5.24148E+16
199647,11,0,4,4,2018,4,17,7,3,2,6,0,1,1,0,0,0,0,0,7.9412E+20,5.82609E+21,1.33344E+16,5.25054E+16
199648,11,0,3,3,2018,4,15,4,3,2,7,0,0,1,0,0,0,0,0,7.96619E+20,5.83578E+21,1.33797E+16,5.25909E+16
199649,11,0,12,12,2018,4,17,7,3,5,3,0,0,1,0,0,0,0,0,7.92827E+20,5.83749E+21,1.33254E+16,5.26083E+16
199650,11,0,6,6,2018,4,17,7,3,5,3,0,1,0,0,1,0,0,0,7.89806E+20,5.81502E+21,1.32614E+16,5.24085E+16
199651,11,0,1,1,2018,4,17,7,3,6,4,0,0,1,1,0,0,0,0,7.96152E+20,5.83226E+21,1.33697E+16,5.25597E+16
199652,11,0,1,1,2018,4,15,4,2,5,3,0,1,1,0,0,0,0,0,7.9525E+20,5.83047E+21,1.33548E+16,5.25441E+16
199653,11,0,3,3,2018,4,13,4,3,5,3,0,0,1,0,0,0,0,0,8.03014E+20,5.83202E+21,1.34704E+16,5.25537E+16
199654,11,0,2,2,2018,4,17,7,3,5,3,0,0,1,0,0,0,0,0,8.02754E+20,5.82611E+21,1.34612E+16,5.25009E+16
199655,11,0,5,5,2018,4,14,4,3,2,6,0,0,1,0,0,0,0,0,7.83901E+20,5.82852E+21,1.31863E+16,5.25326E+16
199656,11,0,8,8,2018,4,17,7,3,2,7,0,0,1,0,1,0,0,0,8.02664E+20,5.82302E+21,1.34571E+16,5.24732E+16
199657,11,0,1,1,2018,4,14,4,3,0,1,0,0,0,0,1,0,0,1,7.99474E+20,5.82733E+21,1.34141E+16,5.25136E+16
199658,11,0,12,12,2018,4,17,7,3,2,6,0,0,1,0,0,0,0,0,7.92604E+20,5.83753E+21,1.33222E+16,5.26088E+16
199659,11,0,8,8,2018,4,13,4,3,6,4,0,0,1,1,0,0,0,0,8.01098E+20,5.82381E+21,1.34348E+16,5.24812E+16
199660,11,0,12,12,2018,4,16,7,3,6,4,0,1,0,1,0,0,0,0,7.8833E+20,5.83202E+21,1.32544E+16,5.25617E+16
199661,11,0,9,9,2018,4,12,4,3,5,3,0,0,1,0,0,0,0,0,8.12084E+20,5.81905E+21,1.35916E+16,5.24323E+16
199662,11,0,3,3,2018,4,17,7,3,5,2,0,1,1,0,0,0,0,0,8.01209E+20,5.82951E+21,1.34416E+16,5.25323E+16
199663,11,0,7,7,2018,4,11,4,2,2,6,0,0,0,0,0,1,1,1,7.99893E+20,5.82123E+21,1.34148E+16,5.24587E+16
199664,11,0,11,11,2018,4,16,7,2,2,3,0,0,1,0,0,0,1,0,8.02533E+20,5.8293E+21,1.34609E+16,5.25296E+16
199665,11,0,10,10,2018,4,14,7,3,6,4,0,0,1,1,0,0,0,0,8.12292E+20,5.83022E+21,1.36051E+16,5.25324E+16
199666,11,0,1,1,2018,4,22,4,3,5,3,2,0,1,0,0,0,0,0,7.97999E+20,5.8268E+21,1.3392E+16,5.25097E+16
199667,11,0,1,1,2018,4,22,7,3,1,5,2,0,1,0,0,0,0,0,7.9547E+20,5.83069E+21,1.33583E+16,5.25459E+16
199668,11,0,4,4,2018,4,10,4,3,3,6,0,1,0,0,0,0,1,0,7.93299E+20,5.82609E+21,1.33223E+16,5.25059E+16
199669,11,0,6,6,2018,4,20,7,3,6,2,2,0,1,1,0,0,0,0,7.95064E+20,5.81962E+21,1.33425E+16,5.2447E+16
199670,11,0,1,1,2018,4,20,4,3,5,2,2,1,1,0,0,0,0,0,7.96985E+20,5.82872E+21,1.33788E+16,5.25275E+16
199671,11,0,10,10,2018,4,15,7,3,2,6,0,0,1,0,0,0,0,0,8.09428E+20,5.8314E+21,1.35641E+16,5.25445E+16
199672,11,0,3,3,2018,4,10,4,3,0,2,0,1,0,0,0,0,1,0,7.99689E+20,5.83126E+21,1.34208E+16,5.25488E+16
199673,11,0,12,12,2018,4,15,7,3,5,3,0,1,1,0,0,0,0,0,7.92631E+20,5.83584E+21,1.33211E+16,5.25936E+16
199674,11,0,3,3,2018,4,10,4,3,5,2,0,0,1,0,0,0,0,0,8.00125E+20,5.83387E+21,1.34296E+16,5.25719E+16
199675,11,0,2,2,2018,4,14,7,3,3,6,0,1,0,0,0,0,0,0,7.98294E+20,5.82652E+21,1.3396E+16,5.25071E+16
199676,11,0,1,1,2018,4,10,4,3,2,2,0,0,1,0,0,0,1,0,7.94894E+20,5.83023E+21,1.33494E+16,5.25421E+16
199677,11,0,9,9,2018,4,18,7,3,5,2,0,1,1,0,0,0,0,0,8.04101E+20,5.82359E+21,1.34787E+16,5.24776E+16
199678,11,0,2,2,2018,4,14,7,3,2,6,0,0,1,0,0,0,0,0,7.97106E+20,5.82436E+21,1.33767E+16,5.24883E+16
199679,11,0,5,5,2018,4,20,4,3,5,2,2,0,1,0,0,0,0,0,7.84745E+20,5.82639E+21,1.31969E+16,5.25131E+16
199680,11,0,7,7,2018,4,13,7,3,5,3,0,1,1,0,0,0,0,0,7.96607E+20,5.8214E+21,1.33667E+16,5.24621E+16
199681,11,0,4,4,2018,4,19,4,3,0,3,1,0,1,0,1,0,0,0,7.94028E+20,5.82392E+21,1.33311E+16,5.2486E+16
199682,11,0,4,4,2018,4,13,7,3,0,3,0,1,0,0,0,0,0,0,7.88966E+20,5.82364E+21,1.32565E+16,5.24862E+16
199683,11,0,3,3,2018,4,10,4,3,5,2,0,0,1,0,0,0,0,0,8.0241E+20,5.83257E+21,1.3462E+16,5.25589E+16
199684,11,0,7,7,2018,4,17,1,3,0,1,0,1,0,0,0,0,0,0,7.96336E+20,5.82299E+21,1.33642E+16,5.24764E+16
199685,11,0,3,3,2018,4,7,4,3,0,6,0,1,0,0,0,0,0,1,8.04461E+20,5.84125E+21,1.35002E+16,5.26356E+16
199686,11,0,8,8,2018,4,19,4,3,2,2,0,0,1,0,1,0,0,0,8.00816E+20,5.81663E+21,1.34242E+16,5.24169E+16
199687,11,0,6,6,2018,4,13,7,3,0,1,0,1,0,0,0,0,0,0,7.9401E+20,5.81935E+21,1.33268E+16,5.24451E+16
199688,11,0,11,11,2018,4,16,1,2,0,6,0,1,1,0,0,0,0,0,8.07247E+20,5.82424E+21,1.35254E+16,5.24816E+16
199689,11,0,5,5,2018,4,18,4,2,5,2,0,0,1,0,0,0,0,0,7.88032E+20,5.82937E+21,1.32478E+16,5.25381E+16
199690,11,0,1,1,2018,4,9,4,3,0,3,0,1,1,0,0,0,0,1,7.98136E+20,5.82671E+21,1.33939E+16,5.25088E+16
199691,11,0,7,7,2018,4,15,1,2,8,1,0,0,1,0,0,0,0,0,7.97713E+20,5.81542E+21,1.33776E+16,5.24079E+16
199692,11,0,11,11,2018,4,20,4,2,5,2,2,0,1,0,0,0,0,0,8.03559E+20,5.82975E+21,1.34763E+16,5.25331E+16
199693,11,0,4,4,2018,4,13,7,3,5,3,0,1,1,0,0,0,0,0,7.88996E+20,5.82698E+21,1.32598E+16,5.25162E+16
199694,11,0,7,7,2018,4,15,1,3,2,6,0,0,1,0,0,0,0,0,7.97817E+20,5.82254E+21,1.33855E+16,5.24716E+16
199695,11,0,2,2,2018,4,19,4,2,6,4,0,0,1,1,0,0,0,0,8.00017E+20,5.82445E+21,1.34195E+16,5.24876E+16
199696,11,0,7,7,2018,4,12,7,3,0,5,0,0,1,0,0,0,1,0,7.95085E+20,5.82574E+21,1.33482E+16,5.25018E+16
199697,11,0,2,2,2018,4,12,7,3,5,3,0,0,1,0,0,0,1,0,8.00734E+20,5.8281E+21,1.34333E+16,5.25199E+16
199698,11,0,7,7,2018,4,9,4,3,2,6,0,0,0,0,0,1,1,1,7.96818E+20,5.82185E+21,1.33702E+16,5.2466E+16
199699,11,0,12,12,2018,4,12,7,3,2,6,0,0,1,0,0,0,0,0,7.95421E+20,5.83409E+21,1.33606E+16,5.25764E+16
199700,11,0,4,4,2018,4,13,1,3,2,7,0,1,1,0,0,0,0,0,7.8906E+20,5.82715E+21,1.32609E+16,5.25176E+16
199701,11,0,5,5,2018,4,8,4,3,5,2,0,0,1,0,0,0,0,1,7.81907E+20,5.82957E+21,1.31578E+16,5.25431E+16
199702,11,0,1,1,2018,4,12,7,3,0,3,0,1,0,0,0,0,1,0,7.96259E+20,5.82757E+21,1.33671E+16,5.25175E+16
199703,11,0,5,5,2018,4,13,1,2,0,7,0,1,0,0,0,0,0,0,7.87218E+20,5.82834E+21,1.32349E+16,5.25293E+16
199704,11,0,12,12,2018,4,8,4,3,5,3,0,0,1,0,1,0,0,1,7.8956E+20,5.83367E+21,1.3274E+16,5.25758E+16
199705,11,0,3,3,2018,4,13,1,3,2,6,0,0,1,0,1,0,0,0,7.9865E+20,5.83179E+21,1.3406E+16,5.25541E+16
199706,11,0,2,2,2018,4,7,4,3,5,2,0,1,1,0,0,0,0,1,7.9801E+20,5.82527E+21,1.33908E+16,5.2496E+16
199707,11,0,11,11,2018,4,11,7,2,6,4,0,0,1,1,0,0,0,0,8.05029E+20,5.82667E+21,1.34951E+16,5.25047E+16
199708,11,0,10,10,2018,4,7,4,3,2,6,0,0,1,0,0,0,0,1,8.13006E+20,5.8285E+21,1.3614E+16,5.25166E+16
199709,11,0,5,5,2018,4,11,7,3,5,2,0,0,1,0,1,0,0,0,7.83602E+20,5.82915E+21,1.31824E+16,5.25384E+16
199710,11,0,9,9,2018,4,12,1,3,2,6,0,0,1,0,0,0,1,0,8.10745E+20,5.82031E+21,1.35731E+16,5.24444E+16
199711,11,0,8,8,2018,4,7,4,3,5,2,0,1,1,0,0,0,0,1,8.01402E+20,5.82112E+21,1.34368E+16,5.24569E+16
199712,11,0,1,1,2018,4,10,7,3,1,5,0,1,1,0,0,0,1,0,7.95303E+20,5.82737E+21,1.33529E+16,5.25162E+16
199713,11,0,4,4,2018,4,12,1,3,2,6,0,0,1,0,0,0,0,0,7.91894E+20,5.82642E+21,1.33019E+16,5.25096E+16
199714,11,0,3,3,2018,4,7,4,3,5,3,0,0,1,0,0,0,0,0,7.99457E+20,5.83236E+21,1.34184E+16,5.25588E+16
199715,11,0,4,4,2018,4,22,7,3,2,6,2,1,1,0,0,0,0,0,7.93332E+20,5.82285E+21,1.33199E+16,5.24768E+16
199716,11,0,3,3,2018,4,11,1,3,5,3,0,1,1,0,0,0,0,0,7.99635E+20,5.83279E+21,1.34214E+16,5.25625E+16
199717,11,0,2,2,2018,4,10,7,3,0,4,0,0,0,1,1,0,0,0,8.02674E+20,5.82737E+21,1.34612E+16,5.25122E+16
199718,11,0,10,10,2018,4,5,4,2,2,6,2,0,1,0,0,0,1,1,8.06362E+20,5.8302E+21,1.35179E+16,5.25355E+16
199719,11,0,8,8,2018,4,10,7,3,5,3,0,0,1,0,0,0,0,0,8.02128E+20,5.81677E+21,1.34435E+16,5.24175E+16
199720,11,0,6,6,2018,4,11,1,3,5,2,0,1,1,0,0,0,0,0,7.93518E+20,5.82063E+21,1.33207E+16,5.24568E+16
199721,11,0,8,8,2018,4,19,7,3,1,1,0,0,1,0,0,0,0,0,8.02175E+20,5.82263E+21,1.34495E+16,5.247E+16
199722,11,0,1,1,2018,4,5,4,3,0,1,1,1,0,0,0,0,0,1,7.97448E+20,5.82886E+21,1.33857E+16,5.25284E+16
199723,11,0,12,12,2018,4,7,7,3,5,2,0,0,1,0,1,0,0,0,7.92005E+20,5.83164E+21,1.33082E+16,5.25563E+16
199724,11,0,5,5,2018,4,23,7,2,4,6,2,0,1,0,0,0,0,0,7.82903E+20,5.82116E+21,1.31653E+16,5.24672E+16
199725,11,0,1,1,2018,4,20,7,3,5,7,1,0,1,0,1,0,0,0,7.97826E+20,5.83077E+21,1.3393E+16,5.25454E+16
199726,11,0,1,1,2018,4,9,4,3,8,1,0,1,0,0,0,0,0,0,7.97176E+20,5.8276E+21,1.33806E+16,5.25173E+16
199727,11,0,1,1,2018,4,19,7,3,5,3,0,1,1,0,0,0,0,0,7.97559E+20,5.83095E+21,1.33892E+16,5.25472E+16
199728,11,0,9,9,2018,4,15,3,3,0,7,0,0,1,0,0,0,1,0,8.05816E+20,5.81963E+21,1.35002E+16,5.24411E+16
199729,11,0,9,9,2018,4,22,7,2,8,1,2,0,0,0,1,0,0,0,8.10054E+20,5.81944E+21,1.35622E+16,5.2437E+16
199730,11,0,6,6,2018,4,19,7,3,5,3,1,0,1,0,0,0,1,0,7.91861E+20,5.81916E+21,1.32951E+16,5.24446E+16
199731,11,0,2,2,2018,4,21,3,3,5,2,2,1,1,0,0,0,0,0,7.97943E+20,5.82526E+21,1.33898E+16,5.24959E+16
199732,11,0,8,8,2018,4,6,7,3,0,7,0,0,1,0,1,0,0,0,8.06161E+20,5.8171E+21,1.3503E+16,5.24182E+16
199733,11,0,8,8,2018,4,18,7,3,6,2,0,0,0,1,0,0,1,0,8.0248E+20,5.82317E+21,1.34545E+16,5.24747E+16
199734,11,0,3,3,2018,4,7,3,3,5,2,0,1,1,0,0,0,0,0,7.98626E+20,5.834E+21,1.34077E+16,5.25739E+16
199735,11,0,5,5,2018,4,0,7,2,1,5,2,0,1,0,0,1,0,0,7.87713E+20,5.82941E+21,1.32431E+16,5.25386E+16
199736,11,0,4,4,2018,4,17,7,2,2,6,0,0,1,0,0,0,0,0,7.92261E+20,5.82535E+21,1.33064E+16,5.24998E+16
199737,11,0,3,3,2018,4,16,7,3,5,2,0,1,1,0,0,0,0,0,7.96183E+20,5.8365E+21,1.33739E+16,5.25976E+16
199738,11,0,1,1,2018,4,16,3,2,0,1,0,1,0,0,0,0,0,0,7.96957E+20,5.82892E+21,1.33785E+16,5.25292E+16
199739,11,0,1,1,2018,4,9,6,3,1,7,0,1,1,0,0,0,0,0,7.98783E+20,5.8291E+21,1.34056E+16,5.25299E+16