OBJECTID_1,ULAND,UREGBEZ,UKREIS,UGEMEINDE,UJAHR,UMONAT,USTUNDE,UWOCHENTAG,UKATEGORIE,UART,UTYP1,ULICHTVERH,IstRad,IstPKW,IstFuss,IstKrad,IstGkfz,IstSonstig,STRZUSTAND,LINREFX,LINREFY,XGCSWGS84,YGCSWGS84
199928,11,0,1,1,2018,5,8,6,3,5,2,0,0,1,0,1,0,0,0,7.95264E+20,5.82966E+21,1.33543E+16,5.25368E+16
199929,11,0,7,7,2018,5,14,2,3,0,6,0,1,1,0,0,0,0,0,7.97398E+20,5.81834E+21,1.33756E+16,5.24342E+16
199930,11,0,7,7,2018,5,23,6,2,1,5,2,1,1,0,0,0,0,0,7.97309E+20,5.82162E+21,1.33772E+16,5.24636E+16
199931,11,0,3,3,2018,5,8,6,3,5,3,0,0,1,0,0,0,0,0,7.99491E+20,5.83187E+21,1.34184E+16,5.25543E+16
199932,11,0,9,9,2018,5,14,2,3,1,5,0,1,1,0,0,0,0,0,8.10871E+20,5.82059E+21,1.35752E+16,5.24468E+16
199933,11,0,8,8,2018,5,13,2,3,0,5,0,1,0,0,0,0,1,0,8.01315E+20,5.82383E+21,1.3438E+16,5.24813E+16
199934,11,0,4,4,2018,5,13,2,3,5,2,0,0,1,0,0,0,0,0,7.913E+20,5.83067E+21,1.32969E+16,5.2548E+16
199935,11,0,7,7,2018,5,7,6,3,5,3,0,0,1,0,0,1,0,0,7.98916E+20,5.81908E+21,1.33985E+16,5.244E+16
199936,11,0,12,12,2018,5,14,2,3,6,4,0,0,1,1,1,0,0,0,7.95721E+20,5.83255E+21,1.33636E+16,5.25625E+16
199937,11,0,3,3,2018,5,7,6,3,5,3,0,1,1,0,0,0,0,0,7.99598E+20,5.8299E+21,1.34183E+16,5.25366E+16
199938,11,0,1,1,2018,5,7,6,2,5,2,0,1,0,0,0,1,0,0,7.99508E+20,5.82669E+21,1.3414E+16,5.25079E+16
199939,11,0,12,12,2018,5,14,2,2,5,2,0,0,1,0,1,0,0,0,7.91203E+20,5.83404E+21,1.32985E+16,5.25783E+16
199940,11,0,10,10,2018,5,7,6,3,1,5,0,1,1,0,0,0,0,0,8.09134E+20,5.82922E+21,1.35578E+16,5.25252E+16
199941,11,0,4,4,2018,5,16,5,3,5,2,0,0,1,0,1,0,0,0,7.93915E+20,5.82553E+21,1.33308E+16,5.25005E+16
199942,11,0,9,9,2018,5,15,2,2,6,4,0,0,1,1,0,0,0,0,8.09806E+20,5.81996E+21,1.3559E+16,5.24418E+16
199943,11,0,4,4,2018,5,16,5,3,5,3,0,0,1,0,1,0,0,0,7.90074E+20,5.82668E+21,1.32754E+16,5.25128E+16
199944,11,0,8,8,2018,5,15,2,3,5,7,0,0,1,0,0,0,0,0,8.01963E+20,5.81897E+21,1.34431E+16,5.24373E+16
199945,11,0,7,7,2018,5,16,2,3,0,7,0,0,1,0,0,0,0,0,7.94698E+20,5.82491E+21,1.33418E+16,5.24945E+16
199946,11,0,6,6,2018,5,13,2,3,2,6,0,0,1,0,0,0,0,0,7.94378E+20,5.81909E+21,1.3332E+16,5.24426E+16
199947,11,0,6,6,2018,5,15,5,3,6,7,0,0,1,1,0,0,0,0,7.91265E+20,5.81628E+21,1.32838E+16,5.2419E+16
199948,11,0,11,11,2018,5,16,2,3,2,6,0,0,1,0,1,0,0,0,8.07886E+20,5.83393E+21,1.35438E+16,5.25681E+16
199949,11,0,9,9,2018,5,7,5,3,5,3,0,1,1,0,0,0,0,0,8.08623E+20,5.81762E+21,1.35395E+16,5.24215E+16
199950,11,0,11,11,2018,5,18,5,3,5,3,0,0,1,0,0,0,0,0,8.02399E+20,5.82901E+21,1.34586E+16,5.25271E+16
199951,11,0,1,1,2018,5,7,2,3,0,3,0,0,0,0,1,1,0,0,7.97891E+20,5.8301E+21,1.33933E+16,5.25393E+16
199952,11,0,2,2,2018,5,23,2,3,5,3,2,0,1,0,1,0,0,0,8.03028E+20,5.82735E+21,1.34663E+16,5.25118E+16
199953,11,0,2,2,2018,5,19,5,3,5,3,1,1,1,0,0,0,0,0,7.993E+20,5.82617E+21,1.34105E+16,5.25034E+16
199954,11,0,2,2,2018,5,19,2,2,5,2,0,1,0,0,0,0,0,0,7.99052E+20,5.82454E+21,1.34054E+16,5.24888E+16
199955,11,0,10,10,2018,5,19,5,3,2,6,0,0,1,0,0,0,0,0,8.10558E+20,5.83192E+21,1.35812E+16,5.25485E+16
199956,11,0,12,12,2018,5,20,2,3,5,3,1,1,1,0,0,0,0,0,7.96401E+20,5.83267E+21,1.33737E+16,5.25632E+16
199957,11,0,1,1,2018,5,10,2,3,3,2,0,0,1,0,0,0,1,0,7.94563E+20,5.82873E+21,1.33432E+16,5.25289E+16
199958,11,0,7,7,2018,5,19,5,3,2,7,0,1,0,0,0,0,1,0,7.94586E+20,5.82466E+21,1.33399E+16,5.24923E+16
199959,11,0,4,4,2018,5,20,2,3,5,2,1,1,1,0,0,0,0,0,7.93714E+20,5.82403E+21,1.33266E+16,5.24872E+16
199960,11,0,8,8,2018,5,20,2,3,6,7,0,0,1,1,0,0,0,0,8.01914E+20,5.82357E+21,1.34466E+16,5.24786E+16
199961,11,0,3,3,2018,5,7,5,3,0,6,0,1,0,0,0,0,1,0,8.02714E+20,5.83176E+21,1.34657E+16,5.25515E+16
199962,11,0,2,2,2018,5,20,5,3,5,3,1,1,0,0,0,0,1,0,8.0039E+20,5.82578E+21,1.34262E+16,5.24993E+16
199963,11,0,9,9,2018,5,17,2,3,6,2,0,0,1,1,0,0,0,0,8.08499E+20,5.81873E+21,1.35387E+16,5.24316E+16
199964,11,0,12,12,2018,5,16,5,3,4,1,0,0,1,0,0,0,0,0,7.87169E+20,5.83643E+21,1.32412E+16,5.26019E+16
199965,11,0,12,12,2018,5,16,5,3,0,5,0,1,0,0,0,0,1,0,7.92682E+20,5.83279E+21,1.33191E+16,5.25663E+16
199966,11,0,10,10,2018,5,18,2,3,1,5,0,0,0,0,0,1,1,0,8.11639E+20,5.82978E+21,1.35951E+16,5.25288E+16
199967,11,0,4,4,2018,5,18,2,3,5,7,0,1,1,0,0,0,0,0,7.93442E+20,5.82411E+21,1.33227E+16,5.24881E+16
199968,11,0,1,1,2018,5,18,5,3,3,6,0,1,1,0,0,0,0,0,7.94872E+20,5.82901E+21,1.3348E+16,5.25312E+16
199969,11,0,5,5,2018,5,0,2,3,8,1,2,0,1,0,0,0,0,0,7.87153E+20,5.82812E+21,1.32337E+16,5.25274E+16
199970,11,0,4,4,2018,5,17,5,3,5,7,0,0,1,0,0,0,1,0,7.92205E+20,5.82533E+21,1.33056E+16,5.24997E+16
199971,11,0,4,4,2018,5,18,2,3,5,2,0,1,0,0,1,0,0,0,7.93454E+20,5.82442E+21,1.33231E+16,5.24909E+16
199972,11,0,5,5,2018,5,16,5,3,2,6,0,0,1,0,0,0,0,0,7.81331E+20,5.83075E+21,1.31504E+16,5.2554E+16
199973,11,0,8,8,2018,5,19,5,3,2,6,0,0,1,0,0,0,0,0,8.00715E+20,5.82288E+21,1.34283E+16,5.24731E+16
199974,11,0,5,5,2018,5,18,2,3,0,2,0,0,1,0,0,0,1,0,7.84559E+20,5.82821E+21,1.31957E+16,5.25295E+16
199975,11,0,10,10,2018,5,18,5,2,5,2,0,0,1,0,1,0,0,0,8.12071E+20,5.83062E+21,1.36022E+16,5.2536E+16
199976,11,0,12,12,2018,5,18,5,2,5,3,0,0,1,0,0,0,0,0,7.90239E+20,5.83586E+21,1.32859E+16,5.25951E+16
199977,11,0,1,1,2018,5,18,2,3,1,5,0,0,1,0,1,0,0,0,7.98137E+20,5.82721E+21,1.33944E+16,5.25133E+16
199978,11,0,3,3,2018,5,17,5,3,2,6,0,0,1,0,0,0,0,0,8.024E+20,5.83255E+21,1.34619E+16,5.25588E+16
199979,11,0,9,9,2018,5,16,5,2,5,3,0,1,1,0,0,0,0,0,8.14279E+20,5.82268E+21,1.36272E+16,5.24636E+16
199980,11,0,9,9,2018,5,7,2,3,5,2,0,1,1,0,0,0,0,0,8.07569E+20,5.81542E+21,1.35221E+16,5.24024E+16
199981,11,0,5,5,2018,5,7,2,2,5,7,0,0,1,0,1,0,0,0,7.81315E+20,5.83075E+21,1.31501E+16,5.2554E+16
199982,11,0,3,3,2018,5,15,5,2,5,3,0,1,1,0,0,0,0,0,8.01415E+20,5.83091E+21,1.34459E+16,5.25446E+16
199983,11,0,9,9,2018,5,8,2,3,5,7,0,0,1,0,0,0,0,0,8.09789E+20,5.82197E+21,1.35606E+16,5.24598E+16
199984,11,0,5,5,2018,5,22,5,3,8,1,2,0,1,0,0,0,0,0,7.85277E+20,5.83028E+21,1.3208E+16,5.25477E+16
199985,11,0,1,1,2018,5,7,2,3,0,2,0,1,1,0,0,0,0,0,7.97546E+20,5.82941E+21,1.33876E+16,5.25334E+16
199986,11,0,3,3,2018,5,4,5,3,6,7,2,1,0,1,0,0,0,0,8.00965E+20,5.83216E+21,1.34404E+16,5.25561E+16
199987,11,0,10,10,2018,5,7,5,2,5,3,0,0,1,0,0,0,0,0,8.09966E+20,5.83205E+21,1.35726E+16,5.25501E+16
199988,11,0,3,3,2018,5,7,2,3,0,7,0,0,1,0,1,0,0,1,8.02775E+20,5.83165E+21,1.34665E+16,5.25505E+16
199989,11,0,7,7,2018,5,7,5,3,5,2,0,1,1,0,0,0,0,0,7.95015E+20,5.82565E+21,1.33471E+16,5.2501E+16
199990,11,0,4,4,2018,5,8,2,3,2,6,0,1,0,0,0,0,0,0,7.92035E+20,5.82406E+21,1.33019E+16,5.24883E+16
199991,11,0,8,8,2018,5,9,2,3,5,3,0,0,1,0,0,0,0,0,8.01473E+20,5.82206E+21,1.34387E+16,5.24653E+16
199992,11,0,1,1,2018,5,7,2,3,5,3,0,1,1,0,0,0,0,0,7.96407E+20,5.8268E+21,1.33686E+16,5.25106E+16
199993,11,0,1,1,2018,5,9,5,3,2,7,0,0,1,0,1,0,1,0,7.97344E+20,5.83123E+21,1.33863E+16,5.25497E+16
199994,11,0,11,11,2018,5,9,5,3,5,2,0,1,1,0,0,0,0,0,8.06475E+20,5.82556E+21,1.35153E+16,5.24939E+16
199995,11,0,5,5,2018,5,8,2,2,2,6,0,0,0,0,1,0,1,0,7.82644E+20,5.82696E+21,1.31665E+16,5.25193E+16
199996,11,0,2,2,2018,5,9,2,3,2,6,0,0,1,0,0,0,1,0,7.99789E+20,5.82449E+21,1.34162E+16,5.2488E+16
199997,11,0,4,4,2018,5,9,2,3,2,6,0,0,1,0,0,0,0,0,7.91743E+20,5.82749E+21,1.33007E+16,5.25192E+16
199998,11,0,6,6,2018,5,10,5,3,5,3,0,1,1,0,0,0,0,0,7.9448E+20,5.81658E+21,1.33313E+16,5.242E+16
199999,11,0,6,6,2018,5,9,2,3,5,2,0,1,1,0,0,0,0,0,7.94092E+20,5.82151E+21,1.33299E+16,5.24644E+16
200000,11,0,6,6,2018,5,11,5,3,6,4,0,1,0,1,0,0,0,0,7.92575E+20,5.82169E+21,1.33078E+16,5.24668E+16
200001,11,0,1,1,2018,5,12,5,2,0,1,0,1,0,0,0,0,0,0,7.98534E+20,5.829E+21,1.34018E+16,5.25291E+16
200002,11,0,2,2,2018,5,12,5,3,4,6,0,0,1,0,0,0,0,0,7.99346E+20,5.82628E+21,1.34113E+16,5.25043E+16
200003,11,0,3,3,2018,5,10,2,3,5,3,0,0,1,0,0,0,0,0,7.97883E+20,5.83602E+21,1.33985E+16,5.25924E+16
200004,11,0,6,6,2018,5,10,2,3,5,3,0,1,1,0,0,0,0,0,7.91979E+20,5.82148E+21,1.32989E+16,5.24653E+16
200005,11,0,12,12,2018,5,15,5,3,6,4,0,0,1,1,0,0,0,0,7.953E+20,5.83623E+21,1.33607E+16,5.25957E+16
200006,11,0,1,1,2018,5,10,2,3,5,3,0,1,1,0,0,0,0,0,7.97762E+20,5.82744E+21,1.33891E+16,5.25156E+16
200007,11,0,3,3,2018,5,15,5,3,5,3,0,0,1,0,0,0,0,0,7.97285E+20,5.83487E+21,1.33887E+16,5.25825E+16
200008,11,0,12,12,2018,5,10,2,3,0,3,0,0,1,0,0,0,1,0,7.8967E+20,5.84002E+21,1.32811E+16,5.26327E+16
200009,11,0,6,6,2018,5,15,5,3,2,6,0,1,1,0,0,0,0,0,7.81031E+20,5.81264E+21,1.31307E+16,5.23918E+16
200010,11,0,4,4,2018,5,13,5,3,1,5,0,1,1,0,0,0,0,0,7.92675E+20,5.82589E+21,1.33129E+16,5.25044E+16
200011,11,0,6,6,2018,5,11,2,3,3,6,0,1,1,0,0,0,0,0,7.93385E+20,5.82071E+21,1.33188E+16,5.24576E+16
200012,11,0,8,8,2018,5,0,4,3,3,6,2,1,1,0,0,0,0,0,8.02026E+20,5.8235E+21,1.34481E+16,5.24779E+16
200013,11,0,1,1,2018,5,11,2,2,6,2,0,0,1,1,0,0,0,0,7.99054E+20,5.82834E+21,1.34088E+16,5.25229E+16
200014,11,0,2,2,2018,5,13,5,3,1,5,0,1,1,0,0,0,0,0,8.00148E+20,5.82442E+21,1.34214E+16,5.24872E+16
200015,11,0,9,9,2018,5,17,4,3,0,2,0,1,1,0,0,0,0,0,8.10478E+20,5.82032E+21,1.35692E+16,5.24447E+16
200016,11,0,5,5,2018,5,12,2,3,0,2,0,0,1,0,1,0,0,0,7.89194E+20,5.8293E+21,1.32648E+16,5.25369E+16
200017,11,0,1,1,2018,5,17,4,3,3,6,0,1,1,0,0,0,0,0,7.98062E+20,5.83004E+21,1.33958E+16,5.25387E+16
200018,11,0,1,1,2018,5,12,2,3,5,7,0,0,1,0,0,0,1,0,7.98053E+20,5.82893E+21,1.33947E+16,5.25287E+16
200019,11,0,1,1,2018,5,21,4,3,5,2,0,1,1,0,0,0,0,0,7.95525E+20,5.83163E+21,1.33599E+16,5.25544E+16
200020,11,0,8,8,2018,5,22,4,3,1,5,2,1,1,0,0,0,0,0,8.0079E+20,5.82431E+21,1.34307E+16,5.24859E+16
200021,11,0,4,4,2018,5,11,4,3,5,2,0,0,1,0,0,0,0,0,7.877E+20,5.82642E+21,1.32403E+16,5.25118E+16
200022,11,0,7,7,2018,5,12,2,2,5,2,0,1,1,0,0,0,0,0,7.96146E+20,5.82079E+21,1.33594E+16,5.24568E+16
200023,11,0,9,9,2018,5,13,4,3,3,6,0,1,0,0,0,0,1,0,8.09207E+20,5.81956E+21,1.35499E+16,5.24386E+16
200024,11,0,6,6,2018,5,7,4,2,5,3,0,1,1,0,0,0,0,0,7.93159E+20,5.81823E+21,1.33133E+16,5.24355E+16
200025,11,0,1,1,2018,5,12,2,3,0,1,0,1,0,0,0,0,0,0,7.95332E+20,5.82615E+21,1.33522E+16,5.25053E+16
200026,11,0,6,6,2018,5,12,2,2,0,1,0,0,0,0,1,0,0,0,7.932E+20,5.8198E+21,1.33153E+16,5.24495E+16
200027,11,0,7,7,2018,5,20,1,3,0,6,1,0,1,0,0,0,1,0,7.96533E+20,5.82486E+21,1.33687E+16,5.24931E+16
200028,11,0,12,12,2018,5,8,4,3,2,6,0,0,1,0,0,0,0,0,7.94246E+20,5.83545E+21,1.33445E+16,5.25893E+16
200029,11,0,11,11,2018,5,13,4,3,0,1,0,1,0,0,0,0,0,0,8.04049E+20,5.82907E+21,1.34829E+16,5.25267E+16
200030,11,0,2,2,2018,5,11,4,3,5,3,0,0,1,0,1,0,0,0,7.98005E+20,5.82528E+21,1.33907E+16,5.2496E+16
200031,11,0,9,9,2018,5,13,4,2,6,4,0,0,1,1,0,0,0,0,8.03899E+20,5.82339E+21,1.34755E+16,5.24759E+16
200032,11,0,2,2,2018,5,16,1,3,1,5,0,1,1,0,0,0,1,0,8.00564E+20,5.82697E+21,1.34298E+16,5.25098E+16
200033,11,0,2,2,2018,5,12,4,2,1,5,0,1,1,0,0,0,0,0,8.00699E+20,5.82774E+21,1.34325E+16,5.25166E+16
200034,11,0,9,9,2018,5,17,1,3,5,3,0,0,1,0,0,0,0,0,8.07822E+20,5.81886E+21,1.35289E+16,5.24331E+16
200035,11,0,6,6,2018,5,11,4,3,5,3,0,0,1,0,0,0,0,0,7.92971E+20,5.81655E+21,1.33091E+16,5.24205E+16
200036,11,0,1,1,2018,5,12,4,3,5,3,0,0,1,0,0,0,0,0,7.97811E+20,5.83269E+21,1.33945E+16,5.25626E+16
200037,11,0,12,12,2018,5,18,1,2,9,1,0,0,1,1,0,0,0,0,7.9094E+20,5.8338E+21,1.32944E+16,5.25763E+16
200038,11,0,3,3,2018,5,13,4,3,6,4,0,1,0,1,0,0,0,0,7.99215E+20,5.83111E+21,1.34137E+16,5.25476E+16
200039,11,0,2,2,2018,5,9,4,2,5,2,0,1,0,0,0,0,1,0,8.02558E+20,5.82595E+21,1.34582E+16,5.24995E+16
200040,11,0,4,4,2018,5,14,1,3,2,6,0,0,1,0,0,0,0,0,7.91827E+20,5.82519E+21,1.32999E+16,5.24986E+16
200041,11,0,1,1,2018,5,13,4,3,5,2,0,1,1,0,0,0,0,0,7.93698E+20,5.82802E+21,1.33298E+16,5.25229E+16
200042,11,0,1,1,2018,5,12,4,3,2,6,0,0,1,0,0,0,0,0,7.96871E+20,5.83305E+21,1.3381E+16,5.25663E+16
200043,11,0,1,1,2018,5,10,4,2,5,7,0,0,1,0,1,0,0,0,7.97868E+20,5.82707E+21,1.33903E+16,5.25121E+16
200044,11,0,7,7,2018,5,13,1,3,5,3,0,1,1,0,0,0,0,0,7.96032E+20,5.82535E+21,1.33618E+16,5.24977E+16
200045,11,0,4,4,2018,5,13,4,3,2,2,0,0,1,0,0,0,0,0,7.9332E+20,5.82361E+21,1.33204E+16,5.24837E+16
200046,11,0,7,7,2018,5,10,4,2,6,2,0,0,1,1,0,0,0,0,7.93979E+20,5.82155E+21,1.33283E+16,5.24648E+16
200047,11,0,2,2,2018,5,17,4,3,1,5,0,1,1,0,0,0,1,0,8.00296E+20,5.82583E+21,1.34248E+16,5.24997E+16
200048,11,0,1,1,2018,5,13,1,3,3,6,0,0,1,0,1,0,0,0,7.99245E+20,5.82695E+21,1.34104E+16,5.25103E+16
200049,11,0,8,8,2018,5,12,1,2,5,3,0,1,1,0,0,0,0,0,8.05306E+20,5.81768E+21,1.3491E+16,5.24239E+16
200050,11,0,4,4,2018,5,16,4,3,2,6,0,0,1,0,0,0,0,0,7.92745E+20,5.82661E+21,1.33146E+16,5.25109E+16
200051,11,0,5,5,2018,5,11,1,3,2,7,0,0,1,0,0,0,0,0,7.84043E+20,5.83244E+21,1.31917E+16,5.25677E+16
200052,11,0,1,1,2018,5,9,4,3,5,3,0,1,1,0,0,0,0,0,7.99658E+20,5.82684E+21,1.34164E+16,5.25092E+16
200053,11,0,11,11,2018,5,16,4,2,6,4,0,0,0,1,1,0,0,0,8.08654E+20,5.83421E+21,1.35554E+16,5.25701E+16
200054,11,0,9,9,2018,5,18,1,3,2,6,0,0,1,0,1,0,0,0,8.09963E+20,5.82163E+21,1.35629E+16,5.24567E+16
200055,11,0,3,3,2018,5,9,4,3,0,6,0,1,1,0,0,0,0,0,8.01407E+20,5.83203E+21,1.34468E+16,5.25547E+16
200056,11,0,3,3,2018,5,9,4,2,5,2,0,0,1,0,1,0,0,0,7.99203E+20,5.83111E+21,1.34135E+16,5.25477E+16
200057,11,0,10,10,2018,5,16,4,2,6,4,0,0,1,1,0,0,0,0,8.09986E+20,5.83163E+21,1.35725E+16,5.25463E+16
200058,11,0,2,2,2018,5,18,1,2,5,3,0,1,1,0,0,0,0,0,7.99343E+20,5.82619E+21,1.34112E+16,5.25035E+16
200059,11,0,7,7,2018,5,22,4,3,5,7,2,1,1,0,0,0,0,0,7.96422E+20,5.82486E+21,1.33671E+16,5.24932E+16
200060,11,0,4,4,2018,5,16,4,3,0,3,0,0,0,0,1,1,0,0,7.93325E+20,5.82977E+21,1.33259E+16,5.25389E+16
200061,11,0,4,4,2018,5,19,1,3,0,1,0,1,1,0,0,0,0,0,7.9171E+20,5.82684E+21,1.32996E+16,5.25135E+16
200062,11,0,8,8,2018,5,21,4,3,5,3,1,0,1,0,0,0,0,0,8.02275E+20,5.82286E+21,1.34512E+16,5.2472E+16
200063,11,0,1,1,2018,5,8,4,3,5,3,0,1,1,0,0,0,0,0,7.98793E+20,5.82715E+21,1.3404E+16,5.25124E+16
200064,11,0,7,7,2018,5,16,4,3,6,7,0,0,0,1,1,0,0,0,7.96172E+20,5.82531E+21,1.33638E+16,5.24973E+16
200065,11,0,7,7,2018,5,10,1,3,5,7,0,0,1,0,0,0,0,0,7.97655E+20,5.81917E+21,1.33801E+16,5.24415E+16
200066,11,0,1,1,2018,5,7,4,3,0,7,0,1,1,0,0,0,0,0,8.001E+20,5.82645E+21,1.34225E+16,5.25054E+16
200067,11,0,6,6,2018,5,5,4,3,5,3,0,0,1,0,0,0,0,0,7.90634E+20,5.81785E+21,1.3276E+16,5.24334E+16
200068,11,0,11,11,2018,5,16,4,2,5,3,0,0,1,0,1,0,0,0,8.0667E+20,5.82562E+21,1.35183E+16,5.24943E+16
200069,11,0,2,2,2018,5,10,1,3,0,2,0,0,1,0,1,0,0,0,8.00477E+20,5.82845E+21,1.34299E+16,5.25231E+16
200070,11,0,6,6,2018,5,9,1,3,5,3,0,0,1,0,0,0,0,0,7.92717E+20,5.81624E+21,1.33051E+16,5.24179E+16
200071,11,0,2,2,2018,5,16,4,3,5,2,0,1,0,0,0,0,1,0,7.97915E+20,5.82646E+21,1.33904E+16,5.25067E+16
200072,11,0,10,10,2018,5,17,1,3,5,3,0,0,1,0,0,0,0,0,8.12574E+20,5.82427E+21,1.36037E+16,5.24788E+16
200073,11,0,7,7,2018,5,20,4,3,2,6,2,0,1,0,0,0,0,0,7.97049E+20,5.82218E+21,1.33739E+16,5.24688E+16
200074,11,0,2,2,2018,5,16,4,3,0,3,0,0,1,0,0,0,1,0,8.00214E+20,5.82611E+21,1.34239E+16,5.25023E+16
200075,11,0,5,5,2018,5,7,1,3,0,1,0,0,0,0,1,0,0,0,7.84723E+20,5.82882E+21,1.31986E+16,5.25349E+16
200076,11,0,7,7,2018,5,15,4,3,1,5,0,1,1,0,0,0,0,0,7.96329E+20,5.82431E+21,1.33652E+16,5.24883E+16
200077,11,0,8,8,2018,5,19,4,3,0,3,0,0,1,0,0,0,1,0,8.01891E+20,5.82332E+21,1.3446E+16,5.24764E+16
200078,11,0,2,2,2018,5,15,4,3,6,4,0,0,1,1,0,0,0,0,8.00588E+20,5.82619E+21,1.34295E+16,5.25028E+16
200079,11,0,4,4,2018,5,15,4,2,3,6,0,1,1,0,0,0,0,0,7.8968E+20,5.82648E+21,1.32695E+16,5.25113E+16
200080,11,0,3,3,2018,5,16,1,3,0,2,0,1,1,0,0,0,0,0,8.00113E+20,5.83839E+21,1.34335E+16,5.26124E+16
200081,11,0,4,4,2018,5,17,4,2,6,7,0,0,1,1,0,0,0,0,7.93851E+20,5.82606E+21,1.33304E+16,5.25053E+16
200082,11,0,1,1,2018,5,15,4,3,5,2,0,1,1,0,0,0,0,0,7.9717E+20,5.8319E+21,1.33844E+16,5.25559E+16
200083,11,0,10,10,2018,5,15,4,2,6,4,0,0,1,1,0,0,0,0,8.11316E+20,5.83173E+21,1.35922E+16,5.25464E+16
200084,11,0,4,4,2018,5,17,4,3,5,2,0,1,1,0,0,0,0,0,7.93356E+20,5.82285E+21,1.33203E+16,5.24768E+16
200085,11,0,8,8,2018,5,15,4,3,5,2,0,0,1,0,0,0,0,0,8.03015E+20,5.81937E+21,1.34589E+16,5.24403E+16
200086,11,0,1,1,2018,5,6,1,3,5,3,0,1,1,0,0,0,0,0,7.94414E+20,5.82759E+21,1.334E+16,5.25187E+16
200087,11,0,3,3,2018,5,8,4,3,5,2,0,1,1,0,0,0,0,0,8.00099E+20,5.83065E+21,1.34263E+16,5.2543E+16
200088,11,0,12,12,2018,5,7,3,3,3,6,0,0,1,0,1,0,0,0,7.95349E+20,5.83387E+21,1.33593E+16,5.25745E+16
200089,11,0,4,4,2018,5,15,1,3,5,2,0,1,1,0,0,0,0,0,7.89456E+20,5.82326E+21,1.32634E+16,5.24826E+16
200090,11,0,4,4,2018,5,2,1,3,1,5,2,0,1,0,0,0,0,0,7.8871E+20,5.82739E+21,1.3256E+16,5.252E+16
200091,11,0,1,1,2018,5,17,3,3,5,3,0,1,0,0,0,0,0,0,7.9525E+20,5.82649E+21,1.33513E+16,5.25084E+16
200092,11,0,3,3,2018,5,15,1,3,5,2,0,1,1,0,0,0,0,0,8.01219E+20,5.8295E+21,1.34417E+16,5.25321E+16
200093,11,0,10,10,2018,5,16,4,2,2,6,0,0,0,0,1,0,1,0,8.06563E+20,5.82834E+21,1.35192E+16,5.25188E+16
200094,11,0,10,10,2018,5,12,3,3,6,7,0,1,0,1,0,0,0,0,8.10503E+20,5.83238E+21,1.35808E+16,5.25527E+16
200095,11,0,12,12,2018,5,14,1,2,5,2,0,1,1,0,0,0,0,0,7.90235E+20,5.83586E+21,1.32858E+16,5.25951E+16
200096,11,0,1,1,2018,5,8,4,3,0,6,0,0,1,0,0,0,1,0,7.97078E+20,5.82654E+21,1.33782E+16,5.25078E+16
200097,11,0,9,9,2018,5,17,3,3,3,6,0,1,1,0,0,0,0,0,8.08249E+20,5.81708E+21,1.35336E+16,5.24169E+16
200098,11,0,8,8,2018,5,16,4,3,5,2,0,1,1,0,0,0,0,0,8.0118E+20,5.8206E+21,1.34331E+16,5.24523E+16
200099,11,0,7,7,2018,5,15,3,3,6,7,0,0,1,1,0,0,0,0,7.94099E+20,5.82178E+21,1.33302E+16,5.24668E+16
200100,11,0,1,1,2018,5,23,7,3,5,2,2,1,1,0,0,0,0,0,7.94561E+20,5.8307E+21,1.33449E+16,5.25465E+16
200101,11,0,6,6,2018,5,19,3,3,6,4,0,1,0,1,0,0,0,0,7.94865E+20,5.82004E+21,1.33399E+16,5.24508E+16
200102,11,0,6,6,2018,5,12,7,3,0,2,0,1,1,0,0,0,0,0,7.90986E+20,5.81664E+21,1.32801E+16,5.24224E+16
200103,11,0,2,2,2018,5,15,4,3,0,1,0,1,0,0,0,0,0,0,8.03052E+20,5.827E+21,1.34664E+16,5.25087E+16
200104,11,0,2,2,2018,5,22,3,3,5,3,2,1,1,0,0,0,0,0,7.98436E+20,5.82477E+21,1.33966E+16,5.24913E+16
200105,11,0,1,1,2018,5,18,7,3,3,6,0,1,1,0,0,0,0,0,7.9699E+20,5.82815E+21,1.33784E+16,5.25224E+16
200106,11,0,1,1,2018,5,1,4,3,0,1,2,0,0,0,1,0,0,1,7.99642E+20,5.82702E+21,1.34163E+16,5.25108E+16
200107,11,0,3,3,2018,5,20,3,3,1,5,0,0,1,0,1,0,0,0,8.0012E+20,5.82897E+21,1.34251E+16,5.2528E+16
200108,11,0,5,5,2018,5,18,7,3,2,6,0,0,1,0,0,0,0,0,7.88001E+20,5.82937E+21,1.32473E+16,5.25381E+16
200109,11,0,3,3,2018,5,16,4,2,3,6,0,1,0,0,0,0,1,0,8.03324E+20,5.83919E+21,1.34815E+16,5.26178E+16
200110,11,0,2,2,2018,5,17,7,3,5,2,0,1,1,0,0,0,0,0,7.97089E+20,5.82471E+21,1.33767E+16,5.24915E+16
200111,11,0,7,7,2018,5,19,3,3,5,2,0,1,1,0,0,0,0,0,7.97676E+20,5.82255E+21,1.33834E+16,5.24717E+16
200112,11,0,8,8,2018,5,16,7,3,5,3,0,1,1,0,0,0,0,0,8.05191E+20,5.81649E+21,1.34882E+16,5.24133E+16
200113,11,0,9,9,2018,5,16,4,3,5,3,0,1,0,0,0,0,0,0,8.1138E+20,5.82157E+21,1.35836E+16,5.24554E+16
200114,11,0,1,1,2018,5,16,4,3,2,6,0,0,1,0,0,0,1,0,7.99434E+20,5.82888E+21,1.34149E+16,5.25275E+16
200115,11,0,5,5,2018,5,18,3,3,5,2,0,1,0,0,0,0,1,0,7.83249E+20,5.83027E+21,1.31782E+16,5.25487E+16