OBJECTID_1,ULAND,UREGBEZ,UKREIS,UGEMEINDE,UJAHR,UMONAT,USTUNDE,UWOCHENTAG,UKATEGORIE,UART,UTYP1,ULICHTVERH,IstRad,IstPKW,IstFuss,IstKrad,IstGkfz,IstSonstig,STRZUSTAND,LINREFX,LINREFY,XGCSWGS84,YGCSWGS84
200116,11,0,9,9,2018,5,15,7,3,5,2,0,1,1,0,0,0,0,0,8.18442E+20,5.82057E+21,1.36863E+16,5.24424E+16
200117,11,0,12,12,2018,5,16,4,3,2,7,0,0,1,0,0,0,0,0,7.91409E+20,5.83281E+21,1.33004E+16,5.25671E+16
200118,11,0,1,1,2018,5,14,4,3,5,2,0,1,1,0,0,0,0,0,7.95669E+20,5.82973E+21,1.33603E+16,5.25372E+16
200119,11,0,4,4,2018,5,18,3,3,5,2,0,1,1,0,0,0,0,0,7.93338E+20,5.82307E+21,1.33202E+16,5.24788E+16
200120,11,0,3,3,2018,5,14,7,3,5,2,0,1,1,0,0,0,0,0,8.01153E+20,5.83161E+21,1.34427E+16,5.25511E+16
200121,11,0,3,3,2018,5,18,3,3,5,2,0,1,0,0,0,0,1,0,7.97324E+20,5.83529E+21,1.33897E+16,5.25862E+16
200122,11,0,7,7,2018,5,12,7,3,5,2,0,1,1,0,0,0,0,0,7.96147E+20,5.82495E+21,1.33631E+16,5.24941E+16
200123,11,0,1,1,2018,5,14,4,3,3,6,0,1,0,0,0,0,0,0,7.97122E+20,5.83177E+21,1.33835E+16,5.25547E+16
200124,11,0,2,2,2018,5,18,3,3,5,3,0,1,1,0,0,0,0,0,8.0208E+20,5.82736E+21,1.34524E+16,5.25125E+16
200125,11,0,1,1,2018,5,13,7,3,2,7,0,0,1,0,0,0,0,0,7.94732E+20,5.82888E+21,1.33458E+16,5.25301E+16
200126,11,0,1,1,2018,5,14,4,3,5,3,0,0,1,0,0,0,0,0,7.97174E+20,5.83192E+21,1.33844E+16,5.2556E+16
200127,11,0,12,12,2018,5,17,3,3,1,5,0,0,1,0,1,0,0,0,7.90367E+20,5.84019E+21,1.32916E+16,5.26339E+16
200128,11,0,4,4,2018,5,18,7,3,3,6,0,0,1,0,0,0,0,0,7.91863E+20,5.83069E+21,1.33052E+16,5.25478E+16
200129,11,0,7,7,2018,5,14,4,3,5,3,0,0,1,0,1,0,0,0,7.96207E+20,5.82533E+21,1.33643E+16,5.24975E+16
200130,11,0,2,2,2018,5,2,4,1,0,7,2,0,0,1,0,0,1,0,8.00686E+20,5.82582E+21,1.34306E+16,5.24994E+16
200131,11,0,1,1,2018,5,17,3,3,5,3,0,1,1,0,0,0,0,0,7.97148E+20,5.82776E+21,1.33803E+16,5.25188E+16
200132,11,0,2,2,2018,5,16,7,3,6,4,0,0,1,1,0,0,0,0,8.01949E+20,5.8268E+21,1.345E+16,5.25075E+16
200133,11,0,9,9,2018,5,10,3,3,6,7,0,0,1,1,0,0,0,0,8.08987E+20,5.81941E+21,1.35465E+16,5.24373E+16
200134,11,0,8,8,2018,5,23,3,3,4,1,2,1,0,0,0,0,0,0,8.01005E+20,5.82495E+21,1.34345E+16,5.24914E+16
200135,11,0,4,4,2018,5,20,3,2,0,1,1,1,0,0,0,0,0,0,7.84981E+20,5.82282E+21,1.31973E+16,5.2481E+16
200136,11,0,3,3,2018,5,15,7,3,5,3,0,0,1,0,0,0,0,0,8.02745E+20,5.83907E+21,1.34729E+16,5.2617E+16
200137,11,0,1,1,2018,5,20,3,3,2,6,2,1,1,0,0,0,0,0,7.9828E+20,5.82882E+21,1.33979E+16,5.25276E+16
200138,11,0,3,3,2018,5,12,3,3,5,2,0,0,0,0,1,0,1,0,8.03407E+20,5.83836E+21,1.3482E+16,5.26103E+16
200139,11,0,1,1,2018,5,18,7,2,3,5,0,0,1,0,0,0,1,0,7.98315E+20,5.83043E+21,1.33999E+16,5.25421E+16
200140,11,0,4,4,2018,5,18,3,3,5,2,0,1,1,0,0,0,0,0,7.93947E+20,5.82341E+21,1.33294E+16,5.24815E+16
200141,11,0,1,1,2018,5,10,3,3,5,2,0,1,1,0,0,0,0,0,7.99098E+20,5.82846E+21,1.34096E+16,5.2524E+16
200142,11,0,8,8,2018,5,16,7,3,0,2,0,0,1,0,0,0,1,0,8.02266E+20,5.81895E+21,1.34475E+16,5.2437E+16
200143,11,0,9,9,2018,5,20,7,2,0,1,1,1,0,0,0,0,0,0,8.10397E+20,5.82129E+21,1.35689E+16,5.24534E+16
200144,11,0,1,1,2018,5,17,3,3,6,4,0,0,1,1,0,0,0,0,7.98685E+20,5.82835E+21,1.34034E+16,5.25232E+16
200145,11,0,4,4,2018,5,10,3,3,2,2,0,0,1,0,0,0,1,0,7.87118E+20,5.82618E+21,1.32316E+16,5.251E+16
200146,11,0,1,1,2018,5,14,7,2,3,1,0,0,1,0,1,0,0,0,7.98616E+20,5.827E+21,1.34012E+16,5.25112E+16
200147,11,0,7,7,2018,5,17,3,3,1,5,0,0,0,0,1,1,0,0,7.9708E+20,5.81821E+21,1.33708E+16,5.24332E+16
200148,11,0,5,5,2018,5,10,3,3,1,5,0,1,1,0,0,0,0,0,7.84569E+20,5.83236E+21,1.31994E+16,5.25667E+16
200149,11,0,5,5,2018,5,14,7,3,9,1,0,0,1,0,0,0,0,0,7.88464E+20,5.82905E+21,1.32538E+16,5.2535E+16
200150,11,0,3,3,2018,5,16,3,3,6,4,0,0,0,1,1,0,0,0,8.01336E+20,5.83246E+21,1.34461E+16,5.25586E+16
200151,11,0,5,5,2018,5,16,3,3,5,2,0,1,0,0,0,0,1,0,7.83578E+20,5.83021E+21,1.3183E+16,5.2548E+16
200152,11,0,5,5,2018,5,10,3,3,1,5,0,1,1,0,0,0,0,0,7.84777E+20,5.83002E+21,1.32004E+16,5.25456E+16
200153,11,0,1,1,2018,5,15,7,2,5,3,0,1,1,0,0,0,0,0,7.99082E+20,5.82902E+21,1.34099E+16,5.2529E+16
200154,11,0,1,1,2018,5,16,3,2,6,4,0,0,1,1,0,0,0,0,7.96754E+20,5.83249E+21,1.33788E+16,5.25613E+16
200155,11,0,12,12,2018,5,15,3,3,5,3,0,1,1,0,0,0,0,0,7.96329E+20,5.83249E+21,1.33725E+16,5.25616E+16
200156,11,0,1,1,2018,5,7,3,3,2,2,0,0,0,0,1,1,0,0,7.96271E+20,5.8304E+21,1.33698E+16,5.25429E+16
200157,11,0,3,3,2018,5,17,7,3,5,3,0,0,1,0,0,0,0,0,7.99883E+20,5.83173E+21,1.34241E+16,5.25528E+16
200158,11,0,8,8,2018,5,11,7,3,7,7,0,1,0,0,0,0,0,0,8.00661E+20,5.81598E+21,1.34213E+16,5.24113E+16
200159,11,0,9,9,2018,5,7,3,3,5,2,0,1,1,0,0,0,0,0,8.1007E+20,5.81947E+21,1.35625E+16,5.24373E+16
200160,11,0,4,4,2018,5,23,7,3,6,4,2,0,1,1,0,0,0,0,7.91042E+20,5.82742E+21,1.32903E+16,5.2519E+16
200161,11,0,2,2,2018,5,15,3,2,6,4,0,1,0,1,0,0,0,0,8.02066E+20,5.82736E+21,1.34522E+16,5.25125E+16
200162,11,0,8,8,2018,5,21,7,2,3,6,2,1,0,0,0,0,0,0,7.99834E+20,5.82366E+21,1.34161E+16,5.24805E+16
200163,11,0,2,2,2018,5,7,3,3,5,2,0,1,1,0,0,0,0,0,8.02251E+20,5.82751E+21,1.34551E+16,5.25137E+16
200164,11,0,12,12,2018,5,12,7,3,5,7,0,0,1,0,1,0,0,0,7.9331E+20,5.83261E+21,1.33282E+16,5.25643E+16
200165,11,0,9,9,2018,5,14,3,3,6,4,0,0,1,1,0,0,0,0,8.06121E+20,5.82235E+21,1.35072E+16,5.24653E+16
200166,11,0,9,9,2018,5,7,3,3,5,2,0,0,1,0,1,0,0,0,8.07607E+20,5.81774E+21,1.35247E+16,5.24232E+16
200167,11,0,8,8,2018,5,8,7,2,5,3,0,0,1,0,0,0,0,0,8.0031E+20,5.81674E+21,1.34169E+16,5.24183E+16
200168,11,0,1,1,2018,5,13,3,3,2,6,0,0,1,0,0,0,0,0,7.95446E+20,5.83156E+21,1.33587E+16,5.25537E+16
200169,11,0,1,1,2018,5,7,3,3,6,4,0,0,1,1,0,0,0,0,7.92727E+20,5.82865E+21,1.33161E+16,5.25291E+16
200170,11,0,1,1,2018,5,13,3,2,3,6,0,0,1,0,0,0,1,0,7.97465E+20,5.83112E+21,1.3388E+16,5.25487E+16
200171,11,0,1,1,2018,5,6,3,3,5,3,0,1,1,0,0,0,0,0,7.96964E+20,5.82881E+21,1.33786E+16,5.25282E+16
200172,11,0,2,2,2018,5,10,3,3,5,2,0,1,1,0,0,0,0,0,8.00374E+20,5.82789E+21,1.34278E+16,5.25182E+16
200173,11,0,8,8,2018,5,9,7,3,5,3,0,1,1,0,0,0,0,0,8.03026E+20,5.81937E+21,1.34591E+16,5.24403E+16
200174,11,0,7,7,2018,5,11,3,2,2,6,0,0,1,0,0,0,0,0,7.97292E+20,5.82064E+21,1.33761E+16,5.24549E+16
200175,11,0,7,7,2018,5,4,3,2,5,2,1,1,0,0,0,0,1,0,7.99749E+20,5.8145E+21,1.34066E+16,5.23985E+16
200176,11,0,1,1,2018,5,10,7,3,2,2,0,0,0,0,1,0,1,0,7.99984E+20,5.82693E+21,1.34212E+16,5.25098E+16
200177,11,0,2,2,2018,5,9,3,3,0,2,0,1,0,0,0,1,0,0,7.99067E+20,5.82457E+21,1.34057E+16,5.24891E+16
200178,11,0,9,9,2018,5,10,7,3,2,6,0,0,1,0,1,0,0,0,8.10527E+20,5.82002E+21,1.35697E+16,5.24419E+16
200179,11,0,1,1,2018,4,23,2,3,8,1,2,0,1,0,0,0,0,0,7.95062E+20,5.82631E+21,1.33484E+16,5.25069E+16
200180,11,0,2,2,2018,5,9,3,3,5,3,0,0,1,0,0,0,0,0,8.0047E+20,5.8276E+21,1.3429E+16,5.25155E+16
200181,11,0,10,10,2018,5,11,7,2,5,3,0,1,1,0,0,0,0,0,8.09511E+20,5.83244E+21,1.35663E+16,5.25539E+16
200182,11,0,2,2,2018,4,20,2,2,5,2,1,1,1,0,0,0,0,0,8.0176E+20,5.82624E+21,1.34467E+16,5.25026E+16
200183,11,0,1,1,2018,5,9,3,3,5,3,0,1,1,0,0,0,0,0,7.95076E+20,5.82827E+21,1.33503E+16,5.25245E+16
200184,11,0,4,4,2018,4,10,2,3,1,5,0,1,1,0,0,0,0,0,7.93053E+20,5.82469E+21,1.33174E+16,5.24935E+16
200185,11,0,1,1,2018,5,9,3,3,5,3,0,0,1,0,0,0,0,0,7.97992E+20,5.82679E+21,1.33919E+16,5.25096E+16
200186,11,0,7,7,2018,5,11,7,3,2,6,0,0,1,0,0,0,0,0,7.95073E+20,5.8258E+21,1.33481E+16,5.25023E+16
200187,11,0,7,7,2018,5,8,3,3,6,2,0,0,1,1,0,0,0,0,7.96893E+20,5.81646E+21,1.33665E+16,5.24176E+16
200188,11,0,11,11,2018,5,8,3,3,1,5,0,0,1,0,0,0,1,0,8.05062E+20,5.83125E+21,1.34998E+16,5.25457E+16
200189,11,0,5,5,2018,5,12,7,3,1,5,0,1,1,0,0,0,0,0,7.8222E+20,5.83025E+21,1.3163E+16,5.2549E+16
200190,11,0,11,11,2018,4,10,2,3,5,3,0,1,1,0,0,0,0,0,8.0492E+20,5.82994E+21,1.34965E+16,5.2534E+16
200191,11,0,3,3,2018,5,8,3,3,5,3,0,1,0,0,0,0,1,0,8.00155E+20,5.83147E+21,1.34278E+16,5.25503E+16
200192,11,0,7,7,2018,4,10,2,3,1,5,0,1,1,0,0,0,0,0,7.94995E+20,5.82523E+21,1.33464E+16,5.24972E+16
200193,11,0,2,2,2018,5,8,3,3,2,6,0,1,0,0,0,0,0,0,8.01293E+20,5.82599E+21,1.34396E+16,5.25006E+16
200194,11,0,6,6,2018,5,12,7,3,3,6,0,0,1,0,1,0,0,0,7.94731E+20,5.82007E+21,1.3338E+16,5.24511E+16
200195,11,0,9,9,2018,5,8,3,2,6,4,0,0,0,1,0,0,1,0,8.11178E+20,5.82024E+21,1.35794E+16,5.24436E+16
200196,11,0,6,6,2018,5,12,7,3,5,3,0,0,1,0,0,0,0,0,7.88372E+20,5.81774E+21,1.32427E+16,5.24337E+16
200197,11,0,10,10,2018,4,8,2,3,6,4,0,0,1,1,0,0,0,0,8.13245E+20,5.83104E+21,1.36199E+16,5.25392E+16
200198,11,0,5,5,2018,5,8,3,3,2,6,0,0,1,0,0,0,0,0,7.8538E+20,5.82816E+21,1.32077E+16,5.25286E+16
200199,11,0,1,1,2018,5,4,7,2,0,1,2,1,0,0,0,0,0,0,7.98744E+20,5.82959E+21,1.34054E+16,5.25343E+16
200200,11,0,9,9,2018,5,11,3,3,6,4,0,0,1,1,0,0,0,0,8.06808E+20,5.822E+21,1.35169E+16,5.24618E+16
200201,11,0,12,12,2018,5,16,6,3,6,2,0,0,1,1,0,0,0,0,7.90379E+20,5.84013E+21,1.32917E+16,5.26333E+16
200202,11,0,2,2,2018,4,22,2,3,3,6,2,0,1,0,1,0,1,0,7.98494E+20,5.82555E+21,1.33981E+16,5.24983E+16
200203,11,0,5,5,2018,4,0,2,3,6,2,2,0,1,1,0,0,0,0,7.84707E+20,5.82861E+21,1.31982E+16,5.2533E+16
200204,11,0,4,4,2018,5,9,3,3,5,7,0,0,1,0,0,0,1,0,7.90216E+20,5.8273E+21,1.3278E+16,5.25184E+16
200205,11,0,6,6,2018,5,20,6,3,1,5,0,1,1,0,0,0,0,0,7.81973E+20,5.81518E+21,1.31466E+16,5.2414E+16
200206,11,0,8,8,2018,4,14,2,3,5,2,0,0,1,0,0,0,0,0,8.01719E+20,5.82213E+21,1.34424E+16,5.24658E+16
200207,11,0,8,8,2018,5,11,3,3,1,7,0,0,1,0,0,0,1,0,8.01633E+20,5.82302E+21,1.34419E+16,5.24738E+16
200208,11,0,11,11,2018,5,21,6,3,0,3,1,1,0,0,0,0,0,0,8.03562E+20,5.83018E+21,1.34768E+16,5.2537E+16
200209,11,0,5,5,2018,5,19,6,3,5,3,1,1,0,0,0,0,0,0,7.84403E+20,5.83193E+21,1.31966E+16,5.25629E+16
200210,11,0,12,12,2018,4,19,2,2,5,2,0,1,0,0,0,1,0,0,7.9117E+20,5.83403E+21,1.3298E+16,5.25782E+16
200211,11,0,7,7,2018,5,12,3,3,1,5,0,1,1,0,0,0,0,0,7.98561E+20,5.81714E+21,1.33916E+16,5.24228E+16
200212,11,0,7,7,2018,5,7,6,3,5,2,0,1,1,0,0,0,0,0,8.00081E+20,5.81404E+21,1.34111E+16,5.23942E+16
200213,11,0,5,5,2018,4,19,2,3,1,5,0,0,0,0,1,0,1,0,7.89634E+20,5.82982E+21,1.32717E+16,5.25412E+16
200214,11,0,1,1,2018,5,15,6,3,5,7,0,1,1,0,0,0,0,0,7.96289E+20,5.82849E+21,1.33683E+16,5.25258E+16
200215,11,0,4,4,2018,4,20,2,2,6,4,0,0,1,1,0,0,0,0,7.9187E+20,5.82239E+21,1.32981E+16,5.24735E+16
200216,11,0,4,4,2018,5,12,3,3,5,2,0,0,1,0,1,0,0,0,7.92205E+20,5.82406E+21,1.33044E+16,5.24883E+16
200217,11,0,11,11,2018,5,17,6,3,5,3,0,1,1,0,0,0,0,0,8.06766E+20,5.83389E+21,1.35273E+16,5.25684E+16
200218,11,0,6,6,2018,4,18,2,3,5,2,0,1,1,0,0,0,0,0,7.90236E+20,5.82007E+21,1.32721E+16,5.24536E+16
200219,11,0,12,12,2018,5,12,3,3,5,3,0,0,1,0,0,0,0,0,7.9006E+20,5.83453E+21,1.32821E+16,5.25833E+16
200220,11,0,10,10,2018,5,17,6,3,5,3,0,0,1,0,0,0,0,0,8.09333E+20,5.83272E+21,1.3564E+16,5.25565E+16
200221,11,0,9,9,2018,4,17,2,2,5,2,0,1,1,0,0,0,0,0,8.16871E+20,5.81722E+21,1.366E+16,5.24133E+16
200222,11,0,12,12,2018,4,17,2,2,5,2,0,1,1,0,0,0,0,0,7.9519E+20,5.83324E+21,1.33564E+16,5.2569E+16
200223,11,0,3,3,2018,5,12,3,3,5,3,0,1,1,0,0,0,0,0,7.9948E+20,5.83186E+21,1.34183E+16,5.25542E+16
200224,11,0,5,5,2018,5,16,6,3,2,2,0,0,1,0,0,0,0,0,7.83804E+20,5.82629E+21,1.31829E+16,5.25127E+16
200225,11,0,4,4,2018,4,17,2,3,3,6,0,0,1,0,0,0,1,0,7.93003E+20,5.82555E+21,1.33175E+16,5.25012E+16
200226,11,0,3,3,2018,4,17,2,2,0,2,0,1,1,0,0,0,0,0,7.99982E+20,5.83511E+21,1.34286E+16,5.25831E+16
200227,11,0,9,9,2018,5,13,3,3,5,3,0,1,1,0,0,0,0,0,8.07582E+20,5.81542E+21,1.35223E+16,5.24024E+16
200228,11,0,4,4,2018,5,16,6,2,6,4,0,0,1,1,0,0,0,0,7.91589E+20,5.82799E+21,1.32988E+16,5.25238E+16
200229,11,0,3,3,2018,5,16,6,3,6,4,0,0,1,1,0,0,0,0,7.99955E+20,5.83108E+21,1.34246E+16,5.2547E+16
200230,11,0,1,1,2018,4,17,2,3,3,6,0,1,0,0,0,0,0,0,7.97603E+20,5.82841E+21,1.33876E+16,5.25243E+16
200231,11,0,10,10,2018,5,13,3,3,5,3,0,1,1,0,0,0,0,0,8.11696E+20,5.83064E+21,1.35967E+16,5.25365E+16
200232,11,0,4,4,2018,5,14,6,3,5,2,0,0,1,0,1,0,0,0,7.9186E+20,5.82745E+21,1.33023E+16,5.25188E+16
200233,11,0,6,6,2018,4,16,2,3,2,2,0,1,1,0,0,0,0,0,7.93246E+20,5.81686E+21,1.33134E+16,5.24232E+16
200234,11,0,6,6,2018,5,14,3,3,2,6,0,0,1,0,0,0,0,0,7.93225E+20,5.81939E+21,1.33153E+16,5.24458E+16
200235,11,0,1,1,2018,5,14,6,3,5,3,0,0,1,0,0,0,1,0,7.99498E+20,5.82834E+21,1.34154E+16,5.25227E+16
200236,11,0,6,6,2018,4,16,2,2,2,7,0,0,1,0,0,0,0,0,7.89844E+20,5.81876E+21,1.32652E+16,5.2442E+16
200237,11,0,1,1,2018,4,16,2,3,2,6,0,0,1,0,0,0,0,0,7.96489E+20,5.83165E+21,1.33741E+16,5.25539E+16
200238,11,0,9,9,2018,5,14,3,2,2,7,0,0,1,0,0,0,1,0,8.0967E+20,5.81568E+21,1.35531E+16,5.24035E+16
200239,11,0,9,9,2018,5,14,6,3,5,3,0,0,1,0,1,0,0,0,8.11994E+20,5.82068E+21,1.35918E+16,5.2447E+16
200240,11,0,8,8,2018,5,14,3,3,5,7,0,0,1,0,0,0,0,0,8.05463E+20,5.81656E+21,1.34922E+16,5.24138E+16
200241,11,0,11,11,2018,5,14,6,3,5,3,0,1,1,0,0,0,0,0,8.03671E+20,5.82863E+21,1.3477E+16,5.2523E+16
200242,11,0,1,1,2018,4,16,2,3,5,3,0,1,1,0,0,0,0,0,7.95385E+20,5.826E+21,1.33529E+16,5.2504E+16
200243,11,0,9,9,2018,4,15,2,3,2,6,0,0,1,0,0,0,0,0,8.09766E+20,5.82069E+21,1.35591E+16,5.24484E+16
200244,11,0,4,4,2018,5,15,3,3,5,3,0,0,1,0,0,0,1,0,7.90926E+20,5.8274E+21,1.32886E+16,5.25189E+16
200245,11,0,4,4,2018,5,14,6,3,3,6,0,1,1,0,0,0,0,0,7.93885E+20,5.82551E+21,1.33304E+16,5.25004E+16
200246,11,0,12,12,2018,4,15,2,3,2,6,0,0,1,0,0,0,0,0,7.95152E+20,5.83635E+21,1.33586E+16,5.25968E+16
200247,11,0,10,10,2018,4,15,2,3,5,7,0,0,1,0,0,0,0,0,8.06955E+20,5.83258E+21,1.35289E+16,5.25565E+16
200248,11,0,12,12,2018,5,15,3,3,6,4,0,0,1,1,0,0,0,0,7.933E+20,5.83257E+21,1.3328E+16,5.25639E+16
200249,11,0,7,7,2018,5,14,6,3,0,7,0,0,0,0,0,0,1,0,7.98251E+20,5.81991E+21,1.33895E+16,5.24478E+16
200250,11,0,1,1,2018,5,11,6,3,5,2,0,1,1,0,0,0,0,0,7.979E+20,5.82747E+21,1.33911E+16,5.25158E+16
200251,11,0,2,2,2018,5,15,3,3,2,5,0,1,1,0,0,0,1,0,7.99853E+20,5.82583E+21,1.34183E+16,5.24999E+16
200252,11,0,1,1,2018,5,17,6,3,3,6,0,1,1,0,0,0,0,0,7.97558E+20,5.82732E+21,1.33859E+16,5.25145E+16
200253,11,0,1,1,2018,4,15,2,3,2,6,0,0,1,0,0,0,0,0,7.93002E+20,5.8283E+21,1.33199E+16,5.25258E+16
200254,11,0,6,6,2018,5,16,3,2,0,6,0,0,1,0,0,0,1,0,7.94147E+20,5.81747E+21,1.33271E+16,5.24281E+16
200255,11,0,11,11,2018,5,15,6,2,5,2,0,1,1,0,0,0,0,0,8.04946E+20,5.8291E+21,1.34961E+16,5.25265E+16
200256,11,0,1,1,2018,4,14,2,3,5,7,0,1,1,0,0,0,0,0,7.96509E+20,5.8299E+21,1.33729E+16,5.25383E+16
200257,11,0,11,11,2018,5,16,3,3,5,2,0,1,1,0,0,0,0,0,8.05694E+20,5.83138E+21,1.35092E+16,5.25465E+16
200258,11,0,6,6,2018,4,14,2,3,6,4,0,0,1,1,0,0,0,0,7.902E+20,5.81517E+21,1.32673E+16,5.24097E+16
200259,11,0,1,1,2018,5,17,3,3,0,2,0,1,1,0,0,0,0,0,7.96511E+20,5.82762E+21,1.33708E+16,5.25178E+16
200260,11,0,8,8,2018,5,16,3,2,5,3,0,1,1,0,0,0,0,0,8.06337E+20,5.81645E+21,1.3505E+16,5.24123E+16
200261,11,0,1,1,2018,5,19,6,2,6,2,0,0,1,1,0,0,0,0,7.96289E+20,5.8283E+21,1.33682E+16,5.2524E+16
200262,11,0,7,7,2018,4,14,2,3,1,5,0,1,1,0,0,0,0,0,7.95364E+20,5.82404E+21,1.33508E+16,5.24864E+16
200263,11,0,1,1,2018,5,17,3,3,0,1,0,0,0,0,0,0,1,0,7.96484E+20,5.82752E+21,1.33704E+16,5.25169E+16
200264,11,0,8,8,2018,5,13,6,3,3,6,0,0,1,0,1,0,0,0,8.01074E+20,5.82492E+21,1.34354E+16,5.24911E+16
200265,11,0,1,1,2018,5,22,3,3,5,5,2,0,1,0,0,0,0,0,7.96118E+20,5.83119E+21,1.33682E+16,5.25501E+16
200266,11,0,9,9,2018,4,14,2,2,5,2,0,0,1,0,1,0,0,0,8.11596E+20,5.82115E+21,1.35864E+16,5.24515E+16
200267,11,0,10,10,2018,5,16,2,3,5,3,0,0,1,0,0,0,0,0,8.08477E+20,5.8338E+21,1.35524E+16,5.25666E+16
200268,11,0,6,6,2018,5,13,6,3,5,2,0,1,1,0,0,0,0,0,7.8462E+20,5.81669E+21,1.31867E+16,5.24262E+16
200269,11,0,6,6,2018,5,13,6,3,5,3,0,0,1,0,1,0,0,0,7.94715E+20,5.8167E+21,1.33348E+16,5.2421E+16
200270,11,0,5,5,2018,5,7,2,3,5,2,0,1,1,0,0,0,0,0,7.85852E+20,5.82924E+21,1.32156E+16,5.25381E+16
200271,11,0,12,12,2018,5,12,6,3,5,3,0,1,1,0,0,0,0,0,7.91815E+20,5.83795E+21,1.33109E+16,5.2613E+16
200272,11,0,9,9,2018,4,13,2,2,5,3,0,0,1,0,0,0,0,0,8.0664E+20,5.82042E+21,1.3513E+16,5.24477E+16
200273,11,0,9,9,2018,5,10,2,3,0,2,0,1,1,0,0,0,0,0,8.14203E+20,5.82135E+21,1.36248E+16,5.24517E+16
200274,11,0,2,2,2018,5,12,6,3,5,3,0,1,0,0,0,0,0,0,8.01075E+20,5.82568E+21,1.34361E+16,5.2498E+16
200275,11,0,8,8,2018,4,14,2,3,0,1,0,1,0,0,0,0,0,0,8.04067E+20,5.81694E+21,1.34721E+16,5.2418E+16
200276,11,0,1,1,2018,5,20,2,3,5,3,1,0,1,0,0,0,0,0,7.97851E+20,5.82717E+21,1.33901E+16,5.25131E+16
200277,11,0,4,4,2018,4,13,2,3,0,4,0,0,1,1,0,0,0,0,7.91959E+20,5.82442E+21,1.33011E+16,5.24916E+16
200278,11,0,2,2,2018,5,17,2,2,5,7,0,1,1,0,0,0,0,0,7.99714E+20,5.82579E+21,1.34163E+16,5.24997E+16
200279,11,0,2,2,2018,5,11,6,3,5,2,0,1,1,0,0,0,0,0,7.99075E+20,5.82461E+21,1.34058E+16,5.24895E+16
200280,11,0,9,9,2018,5,16,2,3,2,7,0,0,1,0,1,0,0,0,8.08895E+20,5.81836E+21,1.35442E+16,5.2428E+16
200281,11,0,9,9,2018,5,11,6,3,5,2,0,0,1,0,0,0,1,0,8.15405E+20,5.82189E+21,1.3643E+16,5.24559E+16
200282,11,0,11,11,2018,4,13,2,3,6,2,0,0,0,1,0,0,1,0,8.03548E+20,5.82972E+21,1.34762E+16,5.25328E+16
200283,11,0,1,1,2018,5,8,2,3,5,2,0,1,1,0,0,0,0,0,7.97532E+20,5.82943E+21,1.33875E+16,5.25335E+16
200284,11,0,1,1,2018,5,11,6,3,5,7,0,0,1,0,0,0,0,0,7.95001E+20,5.83154E+21,1.33521E+16,5.25538E+16
200285,11,0,12,12,2018,5,0,2,3,5,3,2,0,1,0,0,1,0,0,7.92285E+20,5.83393E+21,1.33143E+16,5.25767E+16
200286,11,0,3,3,2018,5,11,6,3,5,3,0,0,1,0,0,0,0,0,8.02504E+20,5.83682E+21,1.34673E+16,5.2597E+16
200287,11,0,10,10,2018,4,13,2,3,6,4,0,0,1,1,0,0,0,0,8.09369E+20,5.83185E+21,1.35637E+16,5.25486E+16
200288,11,0,8,8,2018,4,12,2,3,1,5,0,1,1,0,0,0,1,0,8.00354E+20,5.82428E+21,1.34243E+16,5.24858E+16
200289,11,0,3,3,2018,5,17,2,3,4,6,0,1,0,0,0,0,0,0,8.01119E+20,5.83603E+21,1.34462E+16,5.25907E+16
200290,11,0,1,1,2018,5,14,6,3,5,3,0,1,1,0,0,0,0,0,7.96485E+20,5.83128E+21,1.33737E+16,5.25507E+16
200291,11,0,1,1,2018,4,12,2,3,5,3,0,1,1,0,0,0,0,0,7.94916E+20,5.83056E+21,1.335E+16,5.25451E+16
200292,11,0,12,12,2018,5,20,6,3,1,5,0,0,0,0,1,0,1,0,7.94062E+20,5.83673E+21,1.33429E+16,5.26008E+16
200293,11,0,10,10,2018,4,12,2,3,3,6,0,1,1,0,0,0,0,0,8.09318E+20,5.82922E+21,1.35605E+16,5.25251E+16
200294,11,0,1,1,2018,5,17,2,3,5,3,0,1,1,0,0,0,0,0,7.9857E+20,5.82687E+21,1.34004E+16,5.251E+16
200295,11,0,1,1,2018,5,20,6,3,5,7,0,0,1,0,1,0,0,0,7.98889E+20,5.82791E+21,1.3406E+16,5.25192E+16
200296,11,0,4,4,2018,4,12,2,3,0,7,0,1,0,0,0,0,1,0,7.93673E+20,5.8258E+21,1.33275E+16,5.25031E+16
200297,11,0,1,1,2018,4,12,2,3,0,2,0,1,0,0,0,0,1,0,7.94569E+20,5.82833E+21,1.33429E+16,5.25253E+16
200298,11,0,4,4,2018,5,17,2,3,5,3,0,1,1,0,0,0,0,0,7.91181E+20,5.825E+21,1.32902E+16,5.24972E+16
200299,11,0,12,12,2018,5,10,6,3,5,2,0,1,1,0,0,0,0,0,7.89992E+20,5.83572E+21,1.32821E+16,5.2594E+16
200300,11,0,9,9,2018,5,17,2,3,5,7,0,0,1,0,1,0,0,0,8.20794E+20,5.8203E+21,1.37205E+16,5.24385E+16
200301,11,0,12,12,2018,5,20,6,2,6,4,1,0,1,1,0,0,0,0,7.90967E+20,5.83377E+21,1.32948E+16,5.2576E+16
200302,11,0,3,3,2018,4,12,2,3,5,2,0,1,1,0,0,0,0,0,7.98991E+20,5.83182E+21,1.3411E+16,5.25541E+16
200303,11,0,3,3,2018,5,16,2,3,3,6,0,1,0,0,0,1,0,0,8.00246E+20,5.83162E+21,1.34293E+16,5.25517E+16