OBJECTID_1,ULAND,UREGBEZ,UKREIS,UGEMEINDE,UJAHR,UMONAT,USTUNDE,UWOCHENTAG,UKATEGORIE,UART,UTYP1,ULICHTVERH,IstRad,IstPKW,IstFuss,IstKrad,IstGkfz,IstSonstig,STRZUSTAND,LINREFX,LINREFY,XGCSWGS84,YGCSWGS84
200491,11,0,1,1,2018,5,20,3,3,2,6,2,0,1,0,0,0,0,1,7.98087E+20,5.82998E+21,1.33961E+16,5.25381E+16
200492,11,0,9,9,2018,5,14,7,2,6,4,0,0,0,1,0,0,1,0,8.10697E+20,5.81926E+21,1.35715E+16,5.24351E+16
200493,11,0,4,4,2018,5,11,7,3,0,1,0,1,0,0,0,0,0,0,7.88221E+20,5.82782E+21,1.32492E+16,5.25241E+16
200494,11,0,9,9,2018,5,15,6,3,3,2,0,0,1,0,0,1,0,0,8.07228E+20,5.81827E+21,1.35197E+16,5.24281E+16
200495,11,0,5,5,2018,5,19,3,3,5,3,1,0,1,0,0,0,0,1,7.8192E+20,5.82861E+21,1.31572E+16,5.25344E+16
200496,11,0,1,1,2018,5,13,7,3,1,5,0,1,1,0,0,0,0,0,7.94641E+20,5.8305E+21,1.33459E+16,5.25447E+16
200497,11,0,3,3,2018,5,19,3,3,5,3,1,0,1,0,0,0,0,1,7.97901E+20,5.83519E+21,1.3398E+16,5.25849E+16
200498,11,0,10,10,2018,5,8,7,2,5,2,0,1,1,0,0,0,0,0,8.06694E+20,5.82915E+21,1.35219E+16,5.25259E+16
200499,11,0,3,3,2018,5,15,6,3,5,3,0,1,1,0,0,0,0,0,8.05054E+20,5.83693E+21,1.35049E+16,5.25966E+16
200500,11,0,7,7,2018,5,18,3,3,2,6,0,0,1,0,0,0,0,1,7.96096E+20,5.82536E+21,1.33627E+16,5.24978E+16
200501,11,0,12,12,2018,5,8,7,2,5,3,0,1,1,0,0,0,0,0,7.95963E+20,5.83389E+21,1.33684E+16,5.25744E+16
200502,11,0,9,9,2018,5,15,6,3,2,6,0,0,1,0,0,0,0,0,8.06189E+20,5.81922E+21,1.35053E+16,5.24372E+16
200503,11,0,7,7,2018,5,9,3,3,5,2,0,1,1,0,0,0,0,0,7.97461E+20,5.82032E+21,1.33783E+16,5.24519E+16
200504,11,0,12,12,2018,5,9,7,3,5,2,0,1,1,0,0,0,0,0,7.95789E+20,5.83258E+21,1.33646E+16,5.25627E+16
200505,11,0,1,1,2018,5,0,6,3,1,5,2,1,1,0,0,0,0,0,7.99127E+20,5.82889E+21,1.34104E+16,5.25278E+16
200506,11,0,2,2,2018,5,17,6,3,6,2,0,0,0,1,0,0,1,0,7.9977E+20,5.8256E+21,1.34169E+16,5.24979E+16
200507,11,0,9,9,2018,5,9,3,3,2,6,0,0,1,0,1,0,0,0,8.09666E+20,5.82139E+21,1.35583E+16,5.24547E+16
200508,11,0,8,8,2018,5,10,7,3,1,5,0,0,1,0,0,0,0,0,8.01547E+20,5.81753E+21,1.34357E+16,5.24246E+16
200509,11,0,7,7,2018,5,16,6,3,6,7,0,1,0,1,0,0,0,0,7.94356E+20,5.82221E+21,1.33344E+16,5.24706E+16
200510,11,0,4,4,2018,5,15,6,3,0,2,0,1,1,0,0,0,0,0,7.91441E+20,5.82748E+21,1.32962E+16,5.25193E+16
200511,11,0,7,7,2018,5,9,3,3,5,2,0,1,1,0,0,0,0,0,7.99557E+20,5.82075E+21,1.34094E+16,5.24546E+16
200512,11,0,9,9,2018,5,12,7,2,5,3,0,0,1,0,1,0,0,0,8.05502E+20,5.81924E+21,1.34953E+16,5.24377E+16
200513,11,0,9,9,2018,5,15,6,3,4,6,0,1,1,0,0,0,0,0,8.18788E+20,5.81858E+21,1.36894E+16,5.24243E+16
200514,11,0,2,2,2018,5,8,3,3,5,2,0,1,0,0,1,0,0,0,8.00651E+20,5.82609E+21,1.34303E+16,5.25019E+16
200515,11,0,7,7,2018,5,12,7,3,5,2,0,0,1,0,0,0,1,0,7.94245E+20,5.82204E+21,1.33326E+16,5.24691E+16
200516,11,0,8,8,2018,5,18,6,3,5,3,0,0,1,0,0,0,0,0,8.00622E+20,5.82377E+21,1.34278E+16,5.24811E+16
200517,11,0,12,12,2018,5,8,3,3,5,2,0,1,1,0,0,0,0,0,7.90571E+20,5.83449E+21,1.32895E+16,5.25826E+16
200518,11,0,2,2,2018,5,4,7,2,5,3,1,1,1,0,0,0,0,0,8.02847E+20,5.82694E+21,1.34633E+16,5.25083E+16
200519,11,0,5,5,2018,5,1,7,3,5,3,2,0,1,0,0,0,0,0,7.84628E+20,5.82842E+21,1.31969E+16,5.25314E+16
200520,11,0,12,12,2018,5,14,6,3,2,6,0,0,1,0,0,0,0,0,7.89248E+20,5.83366E+21,1.32694E+16,5.25759E+16
200521,11,0,3,3,2018,5,7,3,3,5,3,0,0,1,0,1,0,0,0,8.0236E+20,5.83881E+21,1.3467E+16,5.2615E+16
200522,11,0,7,7,2018,5,0,7,3,9,1,2,0,1,0,0,0,0,0,7.97622E+20,5.82138E+21,1.33816E+16,5.24613E+16
200523,11,0,12,12,2018,5,12,6,3,5,3,0,1,1,0,0,0,0,0,7.86054E+20,5.83905E+21,1.3227E+16,5.26259E+16
200524,11,0,11,11,2018,5,6,3,2,5,7,0,0,1,0,0,0,1,0,8.05198E+20,5.82482E+21,1.34959E+16,5.2488E+16
200525,11,0,10,10,2018,5,14,7,2,6,4,0,0,1,1,0,0,0,0,8.08055E+20,5.82922E+21,1.35419E+16,5.25258E+16
200526,11,0,1,1,2018,5,11,6,3,1,5,0,1,1,0,0,0,0,0,7.9779E+20,5.82727E+21,1.33893E+16,5.2514E+16
200527,11,0,4,4,2018,5,9,6,3,0,2,0,1,1,0,0,0,0,0,7.90944E+20,5.82675E+21,1.32883E+16,5.25131E+16
200528,11,0,2,2,2018,5,13,3,3,5,3,0,1,1,0,0,0,0,0,8.00338E+20,5.82581E+21,1.34254E+16,5.24996E+16
200529,11,0,9,9,2018,5,12,7,3,0,1,0,1,0,0,0,0,0,0,8.1104E+20,5.82031E+21,1.35775E+16,5.24443E+16
200530,11,0,1,1,2018,5,9,6,3,5,3,0,1,1,0,0,0,0,0,7.96095E+20,5.82652E+21,1.33638E+16,5.25082E+16
200531,11,0,9,9,2018,5,6,6,3,5,3,0,1,1,0,0,0,0,0,8.10499E+20,5.82011E+21,1.35693E+16,5.24428E+16
200532,11,0,6,6,2018,5,18,3,3,5,3,0,0,1,0,0,0,0,1,7.94757E+20,5.8211E+21,1.33393E+16,5.24603E+16
200533,11,0,6,6,2018,5,7,6,3,2,6,0,0,1,0,1,1,0,0,7.93463E+20,5.8202E+21,1.33195E+16,5.2453E+16
200534,11,0,7,7,2018,5,19,6,3,1,5,0,0,1,0,0,0,0,0,7.99249E+20,5.81757E+21,1.34021E+16,5.24263E+16
200535,11,0,4,4,2018,5,9,3,3,2,6,0,1,1,0,0,0,0,0,7.93363E+20,5.82784E+21,1.33248E+16,5.25216E+16
200536,11,0,5,5,2018,5,22,6,2,4,6,2,0,1,0,0,0,0,0,7.84034E+20,5.82872E+21,1.31884E+16,5.25343E+16
200537,11,0,9,9,2018,5,2,6,2,5,3,2,0,1,0,1,0,0,0,8.05707E+20,5.8188E+21,1.34979E+16,5.24337E+16
200538,11,0,12,12,2018,5,17,6,2,6,4,0,0,0,1,0,0,1,0,7.94961E+20,5.83648E+21,1.33559E+16,5.25981E+16
200539,11,0,1,1,2018,5,10,3,3,5,2,0,0,1,0,0,0,0,0,7.94484E+20,5.83067E+21,1.33437E+16,5.25463E+16
200540,11,0,1,1,2018,5,17,6,3,0,5,0,0,1,0,0,0,0,0,7.92869E+20,5.82888E+21,1.33184E+16,5.25311E+16
200541,11,0,6,6,2018,5,12,6,2,6,4,0,0,1,1,0,0,0,0,7.88127E+20,5.81875E+21,1.324E+16,5.24428E+16
200542,11,0,11,11,2018,5,7,3,2,6,4,0,0,1,1,0,0,0,0,8.06682E+20,5.82692E+21,1.35196E+16,5.2506E+16
200543,11,0,8,8,2018,5,20,6,3,6,7,0,1,0,1,0,0,0,0,8.00949E+20,5.82229E+21,1.34312E+16,5.24677E+16
200544,11,0,3,3,2018,5,16,6,3,5,3,0,0,1,0,0,0,0,0,7.98492E+20,5.83539E+21,1.34069E+16,5.25864E+16
200545,11,0,5,5,2018,5,8,3,2,3,2,0,0,1,0,1,0,0,0,7.85064E+20,5.82947E+21,1.32042E+16,5.25405E+16
200546,11,0,3,3,2018,5,17,6,3,1,1,0,0,1,0,1,0,0,0,8.01714E+20,5.8301E+21,1.34495E+16,5.25372E+16
200547,11,0,10,10,2018,5,8,3,3,6,4,0,0,1,1,0,0,0,0,8.08104E+20,5.83017E+21,1.35435E+16,5.25343E+16
200548,11,0,12,12,2018,5,1,3,3,9,1,2,0,1,0,0,0,0,0,7.8948E+20,5.83613E+21,1.32749E+16,5.25979E+16
200549,11,0,12,12,2018,5,19,6,3,5,2,0,1,1,0,0,0,0,0,7.94559E+20,5.83362E+21,1.33475E+16,5.25727E+16
200550,11,0,9,9,2018,5,12,6,3,2,6,0,0,1,0,0,0,0,0,8.10662E+20,5.82279E+21,1.35742E+16,5.24667E+16
200551,11,0,6,6,2018,5,18,3,3,0,3,1,0,1,0,0,0,0,1,7.92123E+20,5.81881E+21,1.32986E+16,5.24412E+16
200552,11,0,1,1,2018,5,18,6,3,2,6,0,0,1,0,0,0,0,0,7.93396E+20,5.82907E+21,1.33263E+16,5.25326E+16
200553,11,0,11,11,2018,5,14,3,2,6,4,0,0,1,1,0,0,0,0,8.07923E+20,5.82544E+21,1.35365E+16,5.2492E+16
200554,11,0,8,8,2018,5,18,6,3,6,2,1,0,1,1,0,0,0,0,8.02122E+20,5.82302E+21,1.34491E+16,5.24735E+16
200555,11,0,3,3,2018,5,19,6,2,5,3,0,0,1,0,1,0,0,0,8.00087E+20,5.83166E+21,1.3427E+16,5.25521E+16
200556,11,0,1,1,2018,5,18,3,2,0,1,0,1,0,0,0,0,0,1,7.99403E+20,5.82805E+21,1.34137E+16,5.25201E+16
200557,11,0,6,6,2018,5,6,6,3,0,3,0,1,1,0,0,0,0,0,7.94642E+20,5.82109E+21,1.33376E+16,5.24603E+16
200558,11,0,12,12,2018,5,17,5,3,1,5,0,0,1,0,0,0,1,0,7.93666E+20,5.83261E+21,1.33334E+16,5.25641E+16
200559,11,0,1,1,2018,5,18,3,3,5,3,0,1,1,0,0,0,0,1,7.97891E+20,5.82667E+21,1.33903E+16,5.25086E+16
200560,11,0,11,11,2018,5,23,5,3,5,2,2,0,1,0,1,0,0,1,8.04467E+20,5.83094E+21,1.34908E+16,5.25432E+16
200561,11,0,11,11,2018,5,18,3,3,0,1,1,0,0,0,1,0,0,1,8.03915E+20,5.82798E+21,1.348E+16,5.2517E+16
200562,11,0,1,1,2018,5,18,6,3,1,5,0,1,1,0,0,0,0,0,7.99831E+20,5.82698E+21,1.34191E+16,5.25103E+16
200563,11,0,8,8,2018,5,17,3,3,5,3,0,0,1,0,0,0,0,1,8.00553E+20,5.82505E+21,1.34279E+16,5.24926E+16
200564,11,0,1,1,2018,5,16,3,3,3,6,0,1,0,0,0,0,0,1,7.95084E+20,5.83028E+21,1.33522E+16,5.25424E+16
200565,11,0,7,7,2018,5,17,6,3,2,2,0,0,0,0,1,0,1,0,7.98357E+20,5.81841E+21,1.33897E+16,5.24343E+16
200566,11,0,11,11,2018,5,22,5,3,5,2,2,0,1,0,1,0,0,1,8.02979E+20,5.82871E+21,1.34669E+16,5.2524E+16
200567,11,0,5,5,2018,5,16,3,3,5,3,0,1,1,0,0,0,0,0,7.87357E+20,5.82981E+21,1.32382E+16,5.25424E+16
200568,11,0,11,11,2018,5,21,5,3,6,4,2,0,1,1,0,0,0,1,8.07265E+20,5.82439E+21,1.35259E+16,5.2483E+16
200569,11,0,1,1,2018,5,16,3,2,5,2,0,1,1,0,0,0,0,0,7.98519E+20,5.83005E+21,1.34025E+16,5.25385E+16
200570,11,0,5,5,2018,5,17,6,3,5,7,0,0,1,0,1,0,0,0,7.83488E+20,5.82865E+21,1.31803E+16,5.2534E+16
200571,11,0,4,4,2018,5,16,3,3,2,6,0,0,1,0,0,0,0,0,7.93518E+20,5.82766E+21,1.33269E+16,5.25198E+16
200572,11,0,4,4,2018,5,16,6,3,2,7,0,0,1,0,1,0,0,0,7.92985E+20,5.82639E+21,1.33179E+16,5.25087E+16
200573,11,0,8,8,2018,5,17,5,3,2,3,0,1,1,0,0,0,0,0,8.02685E+20,5.81938E+21,1.34541E+16,5.24406E+16
200574,11,0,3,3,2018,5,16,3,3,1,5,0,1,1,0,0,0,0,1,7.99351E+20,5.83069E+21,1.34153E+16,5.25438E+16
200575,11,0,4,4,2018,5,16,6,3,5,3,0,1,1,0,0,0,0,0,7.90558E+20,5.82521E+21,1.32813E+16,5.24995E+16
200576,11,0,10,10,2018,5,16,3,3,5,3,0,1,1,0,0,0,0,0,8.12365E+20,5.82379E+21,1.36002E+16,5.24747E+16
200577,11,0,6,6,2018,5,16,6,3,5,3,0,0,1,0,0,0,0,0,7.9286E+20,5.81859E+21,1.33092E+16,5.24389E+16
200578,11,0,2,2,2018,5,17,5,3,2,1,0,0,1,0,1,0,0,0,8.00626E+20,5.82627E+21,1.34301E+16,5.25035E+16
200579,11,0,9,9,2018,5,20,5,2,5,2,2,1,1,0,0,0,0,1,8.10938E+20,5.82159E+21,1.35772E+16,5.24558E+16
200580,11,0,11,11,2018,5,15,3,2,5,2,0,1,1,0,0,0,0,0,8.05151E+20,5.83164E+21,1.35015E+16,5.25491E+16
200581,11,0,12,12,2018,5,16,6,2,2,2,0,0,1,0,0,0,1,0,7.90058E+20,5.83574E+21,1.32831E+16,5.25941E+16
200582,11,0,2,2,2018,5,21,5,3,6,2,2,0,1,1,0,0,0,1,7.98441E+20,5.82653E+21,1.33982E+16,5.2507E+16
200583,11,0,3,3,2018,5,14,3,3,6,4,0,0,1,1,0,0,0,0,7.95938E+20,5.83558E+21,1.33695E+16,5.25895E+16
200584,11,0,3,3,2018,5,15,6,3,5,2,0,1,1,0,0,0,0,0,8.02757E+20,5.8327E+21,1.34672E+16,5.25599E+16
200585,11,0,11,11,2018,5,15,6,3,5,3,0,1,1,0,0,0,0,0,8.04496E+20,5.83035E+21,1.34907E+16,5.25379E+16
200586,11,0,10,10,2018,5,19,5,2,0,1,1,0,1,0,1,0,0,1,8.13085E+20,5.82657E+21,1.36133E+16,5.24992E+16
200587,11,0,9,9,2018,5,14,3,3,6,4,0,0,0,1,1,0,0,0,8.11052E+20,5.81693E+21,1.35745E+16,5.24139E+16
200588,11,0,10,10,2018,5,10,6,3,5,2,0,0,1,0,0,0,0,0,8.12012E+20,5.83058E+21,1.36013E+16,5.25358E+16
200589,11,0,4,4,2018,5,18,5,3,8,1,0,0,1,0,0,0,0,0,7.92899E+20,5.82329E+21,1.3314E+16,5.24809E+16
200590,11,0,7,7,2018,5,10,6,3,5,3,0,0,1,0,1,0,0,0,7.97842E+20,5.82221E+21,1.33856E+16,5.24686E+16
200591,11,0,4,4,2018,5,17,5,3,2,6,0,0,1,0,0,0,0,0,7.8889E+20,5.82761E+21,1.32588E+16,5.25218E+16
200592,11,0,1,1,2018,5,7,3,3,5,2,0,1,1,0,0,0,0,0,7.96009E+20,5.83142E+21,1.33668E+16,5.25522E+16
200593,11,0,2,2,2018,5,10,6,3,5,2,0,1,1,0,0,0,0,0,7.97258E+20,5.82481E+21,1.33793E+16,5.24922E+16
200594,11,0,3,3,2018,5,16,5,3,5,2,0,1,1,0,0,0,0,0,7.96651E+20,5.83414E+21,1.33787E+16,5.25762E+16
200595,11,0,1,1,2018,5,20,2,3,1,5,0,1,1,0,0,0,1,0,7.94557E+20,5.82897E+21,1.33433E+16,5.2531E+16
200596,11,0,6,6,2018,5,10,6,3,1,5,0,0,1,0,0,0,0,0,7.89003E+20,5.81601E+21,1.32504E+16,5.24178E+16
200597,11,0,5,5,2018,5,13,5,3,5,3,0,1,1,0,0,0,0,0,7.84645E+20,5.82727E+21,1.31961E+16,5.2521E+16
200598,11,0,6,6,2018,5,13,5,3,7,7,0,0,1,0,0,0,0,0,7.89085E+20,5.81895E+21,1.32542E+16,5.24441E+16
200599,11,0,12,12,2018,5,13,2,3,3,6,0,1,1,0,0,0,0,0,7.95872E+20,5.83319E+21,1.33664E+16,5.25681E+16
200600,11,0,1,1,2018,5,9,6,3,0,1,0,0,0,0,1,0,0,0,7.97944E+20,5.8295E+21,1.33936E+16,5.25339E+16
200601,11,0,8,8,2018,5,13,5,2,5,2,0,0,1,0,1,0,0,0,8.01549E+20,5.82065E+21,1.34386E+16,5.24526E+16
200602,11,0,11,11,2018,5,11,5,2,6,7,0,0,1,1,0,0,0,0,8.05213E+20,5.82836E+21,1.34994E+16,5.25197E+16
200603,11,0,2,2,2018,5,15,2,3,5,2,0,1,1,0,0,0,0,0,7.98628E+20,5.82623E+21,1.34007E+16,5.25043E+16
200604,11,0,8,8,2018,5,9,6,3,5,2,0,1,1,0,0,0,0,0,8.01743E+20,5.82259E+21,1.34432E+16,5.24699E+16
200605,11,0,1,1,2018,5,8,6,2,6,4,0,1,0,1,0,0,0,0,7.97413E+20,5.82798E+21,1.33844E+16,5.25206E+16
200606,11,0,7,7,2018,5,0,5,3,6,4,2,0,1,1,0,0,0,0,7.94773E+20,5.82286E+21,1.33411E+16,5.24761E+16
200607,11,0,1,1,2018,5,16,2,3,2,2,0,0,1,0,0,1,0,0,7.95251E+20,5.82664E+21,1.33515E+16,5.25097E+16
200608,11,0,1,1,2018,5,7,6,2,3,6,0,1,1,0,0,1,0,0,7.96154E+20,5.82828E+21,1.33662E+16,5.2524E+16
200609,11,0,12,12,2018,5,16,5,2,0,5,0,1,0,0,0,0,1,0,7.87025E+20,5.8361E+21,1.32388E+16,5.25989E+16
200610,11,0,3,3,2018,5,15,2,3,5,3,0,1,1,0,0,0,0,0,8.00507E+20,5.83641E+21,1.34375E+16,5.25945E+16
200611,11,0,10,10,2018,5,7,6,3,2,6,0,0,1,0,0,0,0,0,8.12384E+20,5.82423E+21,1.36008E+16,5.24787E+16
200612,11,0,2,2,2018,5,12,5,3,5,2,0,0,1,0,0,0,1,0,7.98172E+20,5.82483E+21,1.33928E+16,5.2492E+16
200613,11,0,8,8,2018,5,15,4,3,1,5,0,1,1,0,0,0,0,0,8.01799E+20,5.82364E+21,1.34449E+16,5.24792E+16
200614,11,0,4,4,2018,5,17,2,3,0,2,0,1,1,0,0,0,0,0,7.92957E+20,5.82554E+21,1.33168E+16,5.25011E+16
200615,11,0,6,6,2018,5,7,6,3,6,2,0,0,1,1,0,0,0,0,7.93531E+20,5.82063E+21,1.33209E+16,5.24568E+16
200616,11,0,5,5,2018,5,18,2,3,0,2,0,1,1,0,0,0,0,0,7.89673E+20,5.82934E+21,1.32719E+16,5.2537E+16
200617,11,0,3,3,2018,5,5,6,3,5,3,1,0,1,0,0,0,0,0,8.00722E+20,5.83168E+21,1.34364E+16,5.25519E+16
200618,11,0,1,1,2018,5,14,4,3,1,5,0,1,0,0,0,0,1,0,8.00133E+20,5.82687E+21,1.34234E+16,5.25092E+16
200619,11,0,5,5,2018,5,16,4,3,5,2,0,0,1,0,0,0,0,0,7.84846E+20,5.82923E+21,1.32008E+16,5.25385E+16
200620,11,0,7,7,2018,5,6,2,3,5,2,0,0,1,0,0,0,0,0,7.95623E+20,5.81577E+21,1.33473E+16,5.24121E+16
200621,11,0,3,3,2018,5,14,6,3,5,3,0,0,1,0,0,0,0,0,8.00799E+20,5.82929E+21,1.34353E+16,5.25304E+16
200622,11,0,6,6,2018,5,16,4,3,6,4,0,1,0,1,0,0,0,0,7.89625E+20,5.81818E+21,1.32614E+16,5.24369E+16
200623,11,0,6,6,2018,5,21,4,2,5,3,2,0,1,0,0,0,0,1,7.94436E+20,5.81665E+21,1.33307E+16,5.24207E+16
200624,11,0,6,6,2018,5,9,2,3,0,7,0,0,0,0,1,0,0,0,7.90047E+20,5.81594E+21,1.32657E+16,5.24166E+16
200625,11,0,5,5,2018,5,12,6,3,0,1,0,0,0,0,0,0,1,0,7.84984E+20,5.82845E+21,1.32021E+16,5.25314E+16
200626,11,0,12,12,2018,5,13,6,3,0,2,0,0,0,1,0,0,1,0,7.93274E+20,5.83257E+21,1.33276E+16,5.2564E+16
200627,11,0,1,1,2018,5,22,2,3,2,2,2,0,1,0,0,0,0,0,7.94554E+20,5.82906E+21,1.33434E+16,5.25318E+16
200628,11,0,1,1,2018,5,13,6,3,6,7,0,0,1,1,0,0,0,0,7.98017E+20,5.83009E+21,1.33952E+16,5.25392E+16
200629,11,0,11,11,2018,5,14,4,3,5,3,0,0,1,0,1,0,0,0,8.05165E+20,5.83139E+21,1.35014E+16,5.25468E+16
200630,11,0,4,4,2018,5,7,2,3,5,3,0,1,0,0,0,0,1,0,7.88962E+20,5.82364E+21,1.32564E+16,5.24863E+16
200631,11,0,6,6,2018,5,13,6,3,2,6,0,0,1,0,0,0,0,0,7.88945E+20,5.81635E+21,1.32499E+16,5.24209E+16
200632,11,0,12,12,2018,5,13,4,3,2,2,0,0,1,0,0,0,0,0,7.91422E+20,5.83878E+21,1.33059E+16,5.26206E+16
200633,11,0,6,6,2018,5,15,2,3,5,2,0,1,1,0,0,0,0,0,7.89875E+20,5.81879E+21,1.32656E+16,5.24422E+16
200634,11,0,12,12,2018,5,12,4,3,6,4,0,0,1,1,0,0,0,0,7.93269E+20,5.83318E+21,1.33281E+16,5.25695E+16
200635,11,0,12,12,2018,5,11,2,3,2,6,0,0,1,0,0,0,0,0,7.90787E+20,5.83371E+21,1.3292E+16,5.25755E+16
200636,11,0,11,11,2018,5,11,2,3,5,2,0,0,1,0,1,0,0,0,8.04803E+20,5.8265E+21,1.34916E+16,5.25033E+16
200637,11,0,4,4,2018,5,16,5,3,2,6,0,1,1,0,0,0,0,0,7.93499E+20,5.82571E+21,1.33249E+16,5.25024E+16
200638,11,0,5,5,2018,5,11,4,3,1,5,0,1,1,0,0,0,0,0,7.84556E+20,5.82709E+21,1.31947E+16,5.25194E+16
200639,11,0,4,4,2018,5,10,2,3,5,2,0,1,1,0,0,0,0,0,7.90164E+20,5.82542E+21,1.32756E+16,5.25015E+16
200640,11,0,6,6,2018,5,21,5,3,6,7,0,0,1,1,0,0,0,0,7.96983E+20,5.81777E+21,1.3369E+16,5.24293E+16
200641,11,0,1,1,2018,5,10,2,3,6,4,0,0,1,1,0,0,0,0,7.97241E+20,5.8291E+21,1.33829E+16,5.25307E+16
200642,11,0,4,4,2018,5,9,4,3,5,2,0,1,1,0,0,0,0,0,7.92471E+20,5.82428E+21,1.33085E+16,5.24901E+16
200643,11,0,2,2,2018,5,9,2,3,7,7,0,1,0,0,0,0,0,0,8.03404E+20,5.82688E+21,1.34714E+16,5.25074E+16
200644,11,0,5,5,2018,5,15,5,3,2,6,0,0,1,0,0,0,1,0,7.83645E+20,5.82953E+21,1.31834E+16,5.25418E+16
200645,11,0,6,6,2018,5,15,5,3,6,4,0,1,0,1,0,0,0,0,7.93804E+20,5.82119E+21,1.33254E+16,5.24617E+16
200646,11,0,1,1,2018,5,12,2,3,5,2,0,1,1,0,0,0,0,0,7.95326E+20,5.82617E+21,1.33521E+16,5.25055E+16
200647,11,0,1,1,2018,5,14,5,3,5,3,0,1,1,0,0,0,0,0,7.94392E+20,5.83204E+21,1.33436E+16,5.25586E+16
200648,11,0,3,3,2018,5,9,4,3,2,6,0,1,1,0,0,0,0,0,7.96435E+20,5.83537E+21,1.33766E+16,5.25874E+16
200649,11,0,5,5,2018,5,8,2,3,2,6,0,0,1,0,0,0,0,0,7.8536E+20,5.83259E+21,1.32112E+16,5.25684E+16
200650,11,0,2,2,2018,5,14,5,3,5,3,0,1,0,0,1,0,0,0,7.98452E+20,5.82653E+21,1.33984E+16,5.25071E+16
200651,11,0,9,9,2018,5,9,4,3,5,2,0,0,1,0,0,0,0,0,8.07219E+20,5.81829E+21,1.35196E+16,5.24283E+16
200652,11,0,1,1,2018,5,13,2,3,0,6,0,0,1,0,1,0,0,0,7.96895E+20,5.83154E+21,1.338E+16,5.25527E+16
200653,11,0,3,3,2018,5,14,4,3,5,3,0,1,1,0,0,0,0,0,8.01749E+20,5.83238E+21,1.34521E+16,5.25577E+16
200654,11,0,7,7,2018,5,8,2,3,5,2,0,1,1,0,0,0,0,0,7.9728E+20,5.82109E+21,1.33763E+16,5.24589E+16
200655,11,0,4,4,2018,5,23,5,3,2,6,2,0,1,0,0,0,0,0,7.93544E+20,5.82608E+21,1.33259E+16,5.25057E+16
200656,11,0,8,8,2018,5,8,2,3,5,2,0,0,1,0,0,0,0,0,8.01222E+20,5.82168E+21,1.34347E+16,5.2462E+16
200657,11,0,1,1,2018,5,23,5,3,5,2,2,0,1,0,0,0,0,0,7.95526E+20,5.8282E+21,1.33569E+16,5.25236E+16
200658,11,0,10,10,2018,5,6,4,3,2,2,0,0,1,0,0,0,0,0,8.12571E+20,5.82864E+21,1.36077E+16,5.2518E+16
200659,11,0,1,1,2018,5,8,2,3,5,2,0,1,0,0,0,1,0,0,7.97765E+20,5.82974E+21,1.33912E+16,5.25362E+16
200660,11,0,8,8,2018,5,14,5,3,1,5,0,1,1,0,0,0,0,0,8.0068E+20,5.82379E+21,1.34286E+16,5.24812E+16
200661,11,0,9,9,2018,5,8,2,3,5,2,0,1,1,0,0,0,0,0,8.12188E+20,5.81909E+21,1.35932E+16,5.24326E+16
200662,11,0,4,4,2018,5,13,5,3,5,7,0,0,1,0,1,0,0,0,7.93857E+20,5.827E+21,1.33313E+16,5.25138E+16
200663,11,0,7,7,2018,5,22,4,2,5,2,2,0,1,0,1,0,0,0,7.95803E+20,5.81602E+21,1.33502E+16,5.24143E+16
200664,11,0,4,4,2018,5,22,4,2,6,4,2,0,1,1,0,0,0,0,7.9069E+20,5.82737E+21,1.32851E+16,5.25187E+16
200665,11,0,2,2,2018,5,8,2,3,5,3,0,1,1,0,0,0,0,0,7.97019E+20,5.82447E+21,1.33755E+16,5.24893E+16
200666,11,0,1,1,2018,5,22,5,2,0,1,2,1,0,0,0,0,0,0,7.98606E+20,5.82932E+21,1.34032E+16,5.2532E+16
200667,11,0,1,1,2018,5,20,4,3,0,1,1,1,0,0,0,0,0,1,7.96437E+20,5.83101E+21,1.33728E+16,5.25483E+16
200668,11,0,9,9,2018,5,12,5,3,6,4,0,0,1,1,0,0,0,0,8.07698E+20,5.81781E+21,1.35261E+16,5.24238E+16
200669,11,0,4,4,2018,5,20,4,3,5,2,1,0,1,0,0,0,0,1,7.92973E+20,5.8261E+21,1.33175E+16,5.25061E+16
200670,11,0,3,3,2018,5,8,2,3,5,3,0,1,0,0,0,0,1,0,8.01159E+20,5.83111E+21,1.34423E+16,5.25466E+16
200671,11,0,8,8,2018,5,11,5,3,2,2,0,0,1,0,1,0,0,0,8.0066E+20,5.82448E+21,1.3429E+16,5.24874E+16
200672,11,0,3,3,2018,5,18,4,3,2,6,0,1,1,0,0,0,0,0,8.02748E+20,5.8327E+21,1.34671E+16,5.256E+16
200673,11,0,7,7,2018,5,19,4,2,6,4,0,1,0,1,0,0,0,0,7.95659E+20,5.82497E+21,1.3356E+16,5.24946E+16
200674,11,0,3,3,2018,5,8,2,3,5,7,0,1,1,0,0,0,0,0,8.01072E+20,5.83165E+21,1.34415E+16,5.25515E+16
200675,11,0,6,6,2018,5,22,5,3,2,2,2,1,1,0,0,0,0,0,7.91055E+20,5.81782E+21,1.32821E+16,5.24329E+16
200676,11,0,5,5,2018,5,7,2,3,5,2,0,1,1,0,0,0,0,0,7.8584E+20,5.83173E+21,1.32176E+16,5.25604E+16
200677,11,0,8,8,2018,5,11,5,3,6,4,0,0,1,1,0,0,0,0,8.02068E+20,5.82358E+21,1.34488E+16,5.24786E+16
200678,11,0,2,2,2018,5,19,4,3,5,7,0,0,1,0,0,0,0,0,7.9748E+20,5.82455E+21,1.33823E+16,5.24898E+16