OBJECTID_1,ULAND,UREGBEZ,UKREIS,UGEMEINDE,UJAHR,UMONAT,USTUNDE,UWOCHENTAG,UKATEGORIE,UART,UTYP1,ULICHTVERH,IstRad,IstPKW,IstFuss,IstKrad,IstGkfz,IstSonstig,STRZUSTAND,LINREFX,LINREFY,XGCSWGS84,YGCSWGS84
201054,11,0,8,8,2018,5,17,5,2,5,3,0,1,1,0,0,0,0,0,8.01433E+20,5.8188E+21,1.34352E+16,5.24361E+16
201055,11,0,11,11,2018,5,12,3,3,2,2,0,0,1,0,0,0,0,0,8.0243E+20,5.82889E+21,1.3459E+16,5.2526E+16
201056,11,0,9,9,2018,5,12,5,3,0,6,0,0,1,0,1,0,0,0,8.08821E+20,5.81929E+21,1.3544E+16,5.24364E+16
201057,11,0,9,9,2018,5,13,5,3,4,2,0,1,1,0,0,0,0,0,8.137E+20,5.82075E+21,1.36169E+16,5.24467E+16
201058,11,0,1,1,2018,5,15,2,3,5,2,0,1,1,0,0,0,0,0,7.99781E+20,5.827E+21,1.34183E+16,5.25105E+16
201059,11,0,7,7,2018,5,14,5,2,5,3,0,0,1,0,1,0,0,0,7.94766E+20,5.82288E+21,1.3341E+16,5.24763E+16
201060,11,0,9,9,2018,5,14,2,3,5,3,0,1,1,0,0,0,0,0,8.08809E+20,5.819E+21,1.35435E+16,5.24338E+16
201061,11,0,3,3,2018,5,12,5,3,5,2,0,1,0,0,0,0,1,0,7.99043E+20,5.83279E+21,1.34127E+16,5.25628E+16
201062,11,0,6,6,2018,5,18,3,2,3,6,0,0,1,0,1,0,0,0,7.92695E+20,5.81625E+21,1.33048E+16,5.2418E+16
201063,11,0,6,6,2018,5,15,5,2,1,5,0,1,1,0,0,0,0,0,7.91206E+20,5.8205E+21,1.32867E+16,5.24569E+16
201064,11,0,1,1,2018,5,12,5,3,2,6,0,0,1,0,0,0,0,0,7.97768E+20,5.8274E+21,1.33891E+16,5.25152E+16
201065,11,0,3,3,2018,5,13,3,3,5,2,0,1,1,0,0,0,0,0,8.01909E+20,5.83033E+21,1.34526E+16,5.25392E+16
201066,11,0,12,12,2018,5,8,5,3,0,5,0,0,1,0,0,1,0,0,7.91359E+20,5.83735E+21,1.33037E+16,5.26078E+16
201067,11,0,1,1,2018,5,8,2,3,0,1,0,1,0,0,0,0,0,0,7.98546E+20,5.82919E+21,1.34021E+16,5.25308E+16
201068,11,0,1,1,2018,5,12,5,3,3,2,0,1,0,0,0,0,0,0,7.9857E+20,5.82687E+21,1.34004E+16,5.251E+16
201069,11,0,6,6,2018,5,18,3,3,0,3,0,0,1,0,1,0,0,0,7.92229E+20,5.81867E+21,1.33001E+16,5.24399E+16
201070,11,0,3,3,2018,5,6,2,3,5,3,0,1,1,0,0,0,0,0,8.03542E+20,5.83876E+21,1.34843E+16,5.26138E+16
201071,11,0,8,8,2018,5,13,5,2,2,6,0,1,1,0,0,0,0,0,8.02235E+20,5.82123E+21,1.34491E+16,5.24574E+16
201072,11,0,5,5,2018,5,13,5,3,5,3,0,1,1,0,0,0,0,0,7.89317E+20,5.82927E+21,1.32665E+16,5.25365E+16
201073,11,0,1,1,2018,5,7,2,3,5,2,0,1,1,0,0,0,0,0,7.96675E+20,5.83195E+21,1.33771E+16,5.25566E+16
201074,11,0,4,4,2018,5,14,5,3,3,6,0,0,1,0,1,0,0,0,7.88238E+20,5.82777E+21,1.32494E+16,5.25236E+16
201075,11,0,5,5,2018,5,7,2,2,5,2,0,1,1,0,0,0,0,0,7.81553E+20,5.83071E+21,1.31536E+16,5.25535E+16
201076,11,0,5,5,2018,5,14,5,3,5,3,0,0,1,0,0,0,0,0,7.87972E+20,5.83055E+21,1.32479E+16,5.25487E+16
201077,11,0,4,4,2018,5,8,3,3,5,3,0,1,1,0,0,0,0,0,7.94155E+20,5.82412E+21,1.33331E+16,5.24878E+16
201078,11,0,5,5,2018,5,8,5,3,2,2,0,0,1,0,0,0,0,0,7.84492E+20,5.82726E+21,1.31939E+16,5.2521E+16
201079,11,0,9,9,2018,5,14,5,3,5,3,0,0,1,0,1,0,0,0,8.18925E+20,5.82025E+21,1.3693E+16,5.24391E+16
201080,11,0,4,4,2018,5,15,2,3,1,5,0,1,1,0,0,0,0,0,7.93572E+20,5.8241E+21,1.33246E+16,5.24879E+16
201081,11,0,9,9,2018,5,8,5,3,0,2,0,1,1,0,0,0,0,0,8.06817E+20,5.822E+21,1.35171E+16,5.24618E+16
201082,11,0,7,7,2018,5,8,2,3,5,2,0,1,1,0,0,0,0,0,7.94257E+20,5.82204E+21,1.33328E+16,5.2469E+16
201083,11,0,6,6,2018,5,8,2,3,2,6,0,0,1,0,1,0,0,0,7.94212E+20,5.81942E+21,1.33298E+16,5.24456E+16
201084,11,0,9,9,2018,5,7,5,3,0,2,0,1,1,0,0,0,0,0,8.10697E+20,5.81928E+21,1.35715E+16,5.24353E+16
201085,11,0,10,10,2018,5,20,3,2,5,3,0,1,1,0,0,0,0,0,8.1154E+20,5.82959E+21,1.35935E+16,5.25272E+16
201086,11,0,6,6,2018,5,7,2,3,0,1,0,0,0,0,1,0,0,1,7.93339E+20,5.82108E+21,1.33185E+16,5.2461E+16
201087,11,0,3,3,2018,5,7,5,3,2,3,0,1,1,0,0,0,0,0,7.99495E+20,5.83178E+21,1.34184E+16,5.25535E+16
201088,11,0,11,11,2018,5,14,3,3,5,3,0,1,1,0,0,0,0,0,8.03688E+20,5.82905E+21,1.34776E+16,5.25267E+16
201089,11,0,9,9,2018,5,7,5,3,5,3,0,0,1,0,1,0,0,0,8.08109E+20,5.82095E+21,1.35351E+16,5.24517E+16
201090,11,0,1,1,2018,5,7,5,3,6,4,0,0,1,1,0,0,0,0,7.9461E+20,5.82987E+21,1.33449E+16,5.25391E+16
201091,11,0,4,4,2018,5,8,2,3,5,2,0,1,1,0,0,0,0,0,7.91572E+20,5.82654E+21,1.32973E+16,5.25108E+16
201092,11,0,5,5,2018,5,15,3,3,0,7,0,1,0,0,0,0,0,0,7.8799E+20,5.83064E+21,1.32482E+16,5.25495E+16
201093,11,0,7,7,2018,5,7,5,3,5,3,0,1,0,0,0,0,1,0,7.99654E+20,5.821E+21,1.34111E+16,5.24568E+16
201094,11,0,2,2,2018,5,6,2,2,5,3,0,1,1,0,0,0,0,0,8.01755E+20,5.82626E+21,1.34467E+16,5.25028E+16
201095,11,0,12,12,2018,5,14,5,3,5,3,0,0,1,0,0,0,0,0,7.89908E+20,5.8357E+21,1.32809E+16,5.25938E+16
201096,11,0,4,4,2018,5,5,2,3,5,2,0,1,1,0,0,0,0,0,7.92602E+20,5.82299E+21,1.33093E+16,5.24784E+16
201097,11,0,1,1,2018,5,8,2,3,3,6,0,1,1,0,0,0,0,0,7.9547E+20,5.82665E+21,1.33547E+16,5.25097E+16
201098,11,0,8,8,2018,5,2,5,3,5,2,2,1,1,0,0,0,0,0,8.01459E+20,5.82389E+21,1.34402E+16,5.24817E+16
201099,11,0,8,8,2018,5,16,3,3,0,1,0,0,1,0,0,0,0,0,8.02189E+20,5.82247E+21,1.34496E+16,5.24685E+16
201100,11,0,1,1,2018,5,12,2,1,5,3,0,0,1,0,1,0,0,0,7.96408E+20,5.83201E+21,1.33732E+16,5.25573E+16
201101,11,0,8,8,2018,5,1,5,3,5,3,2,1,1,0,0,0,0,0,8.00508E+20,5.82458E+21,1.34268E+16,5.24884E+16
201102,11,0,3,3,2018,5,13,3,3,5,2,0,0,1,0,1,0,0,0,8.01041E+20,5.83601E+21,1.3445E+16,5.25906E+16
201103,11,0,10,10,2018,5,14,5,2,5,3,0,0,1,0,1,0,0,0,8.14741E+20,5.8299E+21,1.36408E+16,5.25281E+16
201104,11,0,11,11,2018,5,15,5,3,2,6,0,0,1,0,0,0,1,0,8.05106E+20,5.82997E+21,1.34993E+16,5.25342E+16
201105,11,0,9,9,2018,5,7,1,3,1,5,0,1,0,0,0,1,0,0,8.07535E+20,5.81532E+21,1.35215E+16,5.24015E+16
201106,11,0,5,5,2018,5,11,5,3,5,2,0,0,1,0,1,0,0,0,7.85063E+20,5.82947E+21,1.32042E+16,5.25405E+16
201107,11,0,4,4,2018,5,9,1,3,1,5,0,1,1,0,0,0,0,0,7.91269E+20,5.82498E+21,1.32915E+16,5.2497E+16
201108,11,0,1,1,2018,5,11,5,3,5,2,0,1,1,0,0,0,0,0,7.9855E+20,5.82898E+21,1.3402E+16,5.2529E+16
201109,11,0,1,1,2018,5,17,3,3,2,7,0,0,1,0,1,0,0,0,7.96476E+20,5.83097E+21,1.33733E+16,5.25479E+16
201110,11,0,1,1,2018,5,13,1,3,5,2,0,1,1,0,0,0,0,0,7.9431E+20,5.82717E+21,1.33381E+16,5.2515E+16
201111,11,0,3,3,2018,5,10,5,3,5,2,0,1,1,0,0,0,0,0,8.02504E+20,5.83344E+21,1.34642E+16,5.25667E+16
201112,11,0,4,4,2018,5,18,3,3,5,2,0,1,1,0,0,0,0,0,7.91672E+20,5.82324E+21,1.32959E+16,5.24812E+16
201113,11,0,2,2,2018,5,10,5,3,0,2,0,1,0,0,0,1,0,0,7.97815E+20,5.82493E+21,1.33876E+16,5.24931E+16
201114,11,0,8,8,2018,5,9,5,3,5,2,0,1,1,0,0,0,0,0,8.00755E+20,5.82435E+21,1.34302E+16,5.24862E+16
201115,11,0,7,7,2018,5,12,3,2,5,7,0,0,1,0,1,0,0,0,7.9584E+20,5.81603E+21,1.33507E+16,5.24143E+16
201116,11,0,5,5,2018,5,8,5,3,5,2,0,0,1,0,0,0,0,0,7.83241E+20,5.83028E+21,1.31781E+16,5.25487E+16
201117,11,0,7,7,2018,5,8,5,3,5,2,0,1,1,0,0,0,0,0,7.95704E+20,5.82546E+21,1.33571E+16,5.24989E+16
201118,11,0,3,3,2018,5,15,1,3,1,1,0,0,1,0,1,0,0,1,7.9973E+20,5.83649E+21,1.34262E+16,5.25956E+16
201119,11,0,2,2,2018,5,8,5,3,5,2,0,1,1,0,0,0,0,0,8.00785E+20,5.82581E+21,1.3432E+16,5.24993E+16
201120,11,0,7,7,2018,5,15,1,3,5,3,0,0,1,0,0,0,0,0,7.9496E+20,5.82566E+21,1.33463E+16,5.25011E+16
201121,11,0,9,9,2018,5,8,5,2,5,3,0,1,1,0,0,0,0,0,8.11778E+20,5.81855E+21,1.35866E+16,5.2428E+16
201122,11,0,3,3,2018,5,17,3,3,0,7,0,1,0,0,0,0,0,0,8.0206E+20,5.83112E+21,1.34556E+16,5.25462E+16
201123,11,0,2,2,2018,5,11,5,3,0,1,0,1,0,0,0,0,0,0,7.9808E+20,5.82547E+21,1.3392E+16,5.24977E+16
201124,11,0,2,2,2018,5,15,4,3,5,3,0,1,1,0,0,0,0,0,7.99342E+20,5.82619E+21,1.34111E+16,5.25035E+16
201125,11,0,9,9,2018,5,2,3,3,0,7,2,0,1,0,0,0,1,0,8.11169E+20,5.8218E+21,1.35808E+16,5.24576E+16
201126,11,0,4,4,2018,5,11,4,3,5,2,0,1,1,0,0,0,0,0,7.93058E+20,5.82695E+21,1.33195E+16,5.25137E+16
201127,11,0,12,12,2018,5,16,1,3,5,7,0,0,1,0,0,0,0,1,7.90263E+20,5.83505E+21,1.32855E+16,5.25878E+16
201128,11,0,1,1,2018,5,10,4,3,2,7,0,1,1,0,0,0,0,0,7.9898E+20,5.82852E+21,1.34079E+16,5.25245E+16
201129,11,0,8,8,2018,5,18,4,3,6,2,0,0,1,1,0,0,0,0,8.02573E+20,5.82309E+21,1.34558E+16,5.24739E+16
201130,11,0,9,9,2018,5,7,3,3,2,6,0,0,1,0,0,0,1,0,8.05619E+20,5.82271E+21,1.35001E+16,5.24688E+16
201131,11,0,10,10,2018,5,8,4,3,5,2,0,0,0,0,0,0,1,0,8.07944E+20,5.82922E+21,1.35403E+16,5.25259E+16
201132,11,0,2,2,2018,5,19,4,3,5,2,0,1,0,0,1,0,0,0,8.00595E+20,5.82704E+21,1.34303E+16,5.25104E+16
201133,11,0,2,2,2018,5,16,1,3,6,4,0,1,0,1,0,0,0,0,7.98218E+20,5.82627E+21,1.33947E+16,5.25048E+16
201134,11,0,1,1,2018,5,19,4,3,5,2,0,1,1,0,0,0,0,0,7.97145E+20,5.82777E+21,1.33803E+16,5.25189E+16
201135,11,0,7,7,2018,5,14,4,3,2,6,0,0,0,0,1,0,1,1,7.97178E+20,5.82377E+21,1.33772E+16,5.24829E+16
201136,11,0,7,7,2018,5,0,1,3,5,3,2,0,1,0,0,0,0,0,7.98381E+20,5.81842E+21,1.33901E+16,5.24344E+16
201137,11,0,4,4,2018,5,17,4,2,5,2,0,1,1,0,0,0,0,0,7.92434E+20,5.8272E+21,1.33106E+16,5.25162E+16
201138,11,0,6,6,2018,5,9,3,2,6,2,0,0,1,1,0,0,0,0,7.89576E+20,5.81732E+21,1.326E+16,5.24293E+16
201139,11,0,7,7,2018,5,17,4,3,0,4,0,1,0,1,0,0,0,0,7.94001E+20,5.82157E+21,1.33286E+16,5.2465E+16
201140,11,0,1,1,2018,5,17,4,3,5,2,0,1,1,0,0,0,0,0,7.95703E+20,5.82818E+21,1.33595E+16,5.25233E+16
201141,11,0,5,5,2018,5,7,2,2,3,6,0,0,1,0,1,0,0,0,7.81557E+20,5.83074E+21,1.31537E+16,5.25538E+16
201142,11,0,8,8,2018,5,17,4,2,6,4,0,0,1,1,0,0,0,0,8.01294E+20,5.8172E+21,1.34317E+16,5.24219E+16
201143,11,0,1,1,2018,5,18,1,3,1,1,0,1,1,0,0,0,0,0,7.98267E+20,5.82839E+21,1.33973E+16,5.25238E+16
201144,11,0,7,7,2018,5,19,1,3,5,3,0,0,1,0,1,0,0,0,7.95338E+20,5.821E+21,1.33477E+16,5.24591E+16
201145,11,0,11,11,2018,5,17,4,2,5,2,0,1,1,0,0,0,0,0,8.02416E+20,5.82896E+21,1.34588E+16,5.25266E+16
201146,11,0,4,4,2018,5,20,3,3,5,3,0,1,1,0,0,0,0,0,7.94245E+20,5.82541E+21,1.33356E+16,5.24992E+16
201147,11,0,8,8,2018,5,19,1,3,6,4,0,0,1,1,0,0,0,0,8.00447E+20,5.8237E+21,1.34251E+16,5.24806E+16
201148,11,0,4,4,2018,5,16,4,3,5,3,0,0,1,0,0,0,0,0,7.89972E+20,5.82697E+21,1.32742E+16,5.25155E+16
201149,11,0,8,8,2018,5,18,3,3,6,7,0,1,0,1,0,0,0,0,8.01023E+20,5.82392E+21,1.34338E+16,5.24822E+16
201150,11,0,8,8,2018,5,20,1,3,5,3,0,1,1,0,0,0,0,0,8.02177E+20,5.82339E+21,1.34502E+16,5.24768E+16
201151,11,0,11,11,2018,5,16,4,3,5,2,0,1,0,0,0,0,1,0,8.04807E+20,5.82748E+21,1.34926E+16,5.2512E+16
201152,11,0,1,1,2018,5,10,3,2,5,3,0,1,0,0,0,0,1,0,7.97514E+20,5.83101E+21,1.33886E+16,5.25477E+16
201153,11,0,1,1,2018,5,16,4,3,5,2,0,0,1,0,0,0,0,0,7.96358E+20,5.82613E+21,1.33673E+16,5.25046E+16
201154,11,0,1,1,2018,5,14,1,3,1,5,0,1,1,0,0,0,1,0,7.93785E+20,5.83046E+21,1.33333E+16,5.25448E+16
201155,11,0,8,8,2018,5,16,4,3,5,3,0,0,1,0,0,0,1,0,8.01811E+20,5.82197E+21,1.34436E+16,5.24643E+16
201156,11,0,1,1,2018,5,18,1,2,5,3,0,1,1,0,0,0,0,0,7.95606E+20,5.83171E+21,1.33612E+16,5.2555E+16
201157,11,0,3,3,2018,5,10,1,3,8,1,0,0,1,0,0,0,0,0,8.03579E+20,5.83888E+21,1.3485E+16,5.26148E+16
201158,11,0,2,2,2018,5,16,4,3,3,6,0,1,1,0,0,0,0,0,7.97614E+20,5.82552E+21,1.33852E+16,5.24984E+16
201159,11,0,2,2,2018,5,18,3,3,5,5,0,1,1,0,0,0,0,0,7.97472E+20,5.82455E+21,1.33822E+16,5.24898E+16
201160,11,0,4,4,2018,5,15,4,3,6,4,0,0,0,1,0,0,1,0,7.93926E+20,5.82587E+21,1.33313E+16,5.25036E+16
201161,11,0,5,5,2018,5,6,3,3,3,6,0,0,1,0,1,0,0,0,7.82783E+20,5.82692E+21,1.31685E+16,5.25189E+16
201162,11,0,9,9,2018,5,15,4,3,5,2,0,0,1,0,0,1,0,0,8.06427E+20,5.82298E+21,1.35123E+16,5.24707E+16
201163,11,0,3,3,2018,5,11,1,3,0,1,0,1,0,0,0,0,0,0,8.00875E+20,5.83056E+21,1.34376E+16,5.25418E+16
201164,11,0,1,1,2018,5,8,4,3,5,3,0,1,1,0,0,0,0,0,7.95261E+20,5.82793E+21,1.33527E+16,5.25213E+16
201165,11,0,6,6,2018,5,12,3,2,5,2,0,1,1,0,0,0,0,0,7.92933E+20,5.81776E+21,1.33096E+16,5.24314E+16
201166,11,0,10,10,2018,5,8,4,3,2,2,0,1,1,0,0,0,0,0,8.06553E+20,5.82912E+21,1.35198E+16,5.25258E+16
201167,11,0,11,11,2018,5,8,4,3,1,5,0,1,1,0,0,0,0,0,8.04104E+20,5.83019E+21,1.34847E+16,5.25367E+16
201168,11,0,1,1,2018,5,15,1,3,2,6,0,0,1,0,0,0,0,0,7.95284E+20,5.82611E+21,1.33515E+16,5.2505E+16
201169,11,0,10,10,2018,5,15,1,3,5,3,0,0,1,0,0,0,0,1,8.06339E+20,5.83018E+21,1.35176E+16,5.25354E+16
201170,11,0,9,9,2018,5,8,4,3,5,2,0,0,1,0,0,0,0,0,8.07408E+20,5.81831E+21,1.35224E+16,5.24284E+16
201171,11,0,1,1,2018,5,15,3,3,2,6,0,0,1,0,0,0,0,0,7.97618E+20,5.83189E+21,1.33909E+16,5.25555E+16
201172,11,0,11,11,2018,5,8,4,3,5,2,0,1,1,0,0,0,0,0,8.07103E+20,5.82576E+21,1.35247E+16,5.24953E+16
201173,11,0,3,3,2018,5,8,4,3,5,3,0,1,1,0,0,0,0,0,7.99134E+20,5.82921E+21,1.34108E+16,5.25307E+16
201174,11,0,4,4,2018,5,9,3,3,0,1,0,1,0,0,0,0,0,0,7.91496E+20,5.82721E+21,1.32968E+16,5.25169E+16
201175,11,0,11,11,2018,5,7,4,3,6,4,0,0,1,1,0,0,0,0,8.06782E+20,5.82487E+21,1.35192E+16,5.24875E+16
201176,11,0,4,4,2018,5,6,4,3,2,6,0,0,1,0,0,0,0,0,7.90323E+20,5.82603E+21,1.32785E+16,5.25069E+16
201177,11,0,12,12,2018,5,16,1,2,9,1,0,1,0,0,0,0,0,0,7.89902E+20,5.83643E+21,1.32814E+16,5.26004E+16
201178,11,0,1,1,2018,5,6,4,3,5,2,0,1,1,0,0,0,0,0,7.97574E+20,5.82946E+21,1.33881E+16,5.25337E+16
201179,11,0,1,1,2018,5,19,4,2,5,3,0,1,0,0,0,0,0,0,7.98547E+20,5.82681E+21,1.34E+16,5.25095E+16
201180,11,0,11,11,2018,5,13,7,2,2,6,0,1,0,0,0,0,1,0,8.05179E+20,5.83396E+21,1.3504E+16,5.25699E+16
201181,11,0,2,2,2018,5,5,4,3,5,3,0,0,1,0,0,0,1,0,8.006E+20,5.82704E+21,1.34304E+16,5.25104E+16
201182,11,0,12,12,2018,5,0,7,3,1,5,2,0,1,0,0,0,0,0,7.95499E+20,5.83247E+21,1.33603E+16,5.25619E+16
201183,11,0,3,3,2018,5,4,4,3,7,7,1,0,0,0,1,0,0,0,8.02966E+20,5.83392E+21,1.34714E+16,5.25707E+16
201184,11,0,3,3,2018,5,18,3,2,3,6,0,1,0,0,0,1,0,0,8.00215E+20,5.83119E+21,1.34285E+16,5.25479E+16
201185,11,0,2,2,2018,5,0,4,2,0,1,1,1,0,0,0,0,0,0,8.01745E+20,5.82625E+21,1.34465E+16,5.25027E+16
201186,11,0,1,1,2018,5,19,4,3,5,2,0,1,0,0,0,0,1,0,7.96994E+20,5.82662E+21,1.3377E+16,5.25086E+16
201187,11,0,4,4,2018,5,7,3,2,5,2,0,0,1,0,0,0,0,0,7.93353E+20,5.82968E+21,1.33262E+16,5.2538E+16
201188,11,0,1,1,2018,5,23,4,3,2,6,2,0,1,0,0,0,0,0,7.95904E+20,5.83197E+21,1.33658E+16,5.25571E+16
201189,11,0,11,11,2018,5,22,4,3,5,3,2,1,0,0,1,0,0,0,8.06628E+20,5.82729E+21,1.35192E+16,5.25093E+16
201190,11,0,8,8,2018,5,21,7,3,5,3,1,0,1,0,0,0,0,0,8.02024E+20,5.8243E+21,1.34488E+16,5.2485E+16
201191,11,0,8,8,2018,5,20,4,3,1,5,1,1,1,0,0,0,0,0,8.01882E+20,5.82239E+21,1.3445E+16,5.2468E+16
201192,11,0,8,8,2018,5,19,3,3,5,7,0,0,0,0,1,0,1,0,8.05472E+20,5.81732E+21,1.34931E+16,5.24206E+16
201193,11,0,8,8,2018,5,20,7,3,2,6,0,0,1,0,0,0,0,0,8.02136E+20,5.8231E+21,1.34494E+16,5.24742E+16
201194,11,0,6,6,2018,5,20,4,3,6,4,0,0,1,1,0,0,0,0,7.8676E+20,5.81708E+21,1.32185E+16,5.24285E+16
201195,11,0,1,1,2018,5,15,3,3,6,4,0,0,1,1,0,0,0,0,7.9863E+20,5.82844E+21,1.34027E+16,5.2524E+16
201196,11,0,1,1,2018,5,20,4,3,2,3,0,0,1,0,1,0,0,0,7.94077E+20,5.82888E+21,1.33362E+16,5.25305E+16
201197,11,0,2,2,2018,5,20,7,2,5,3,0,1,1,0,0,0,0,0,7.97528E+20,5.825E+21,1.33834E+16,5.24938E+16
201198,11,0,1,1,2018,5,0,4,3,0,6,2,1,1,0,0,0,0,0,7.95861E+20,5.82894E+21,1.33625E+16,5.253E+16
201199,11,0,9,9,2018,5,8,3,3,1,5,0,1,0,0,0,1,0,0,8.14206E+20,5.82166E+21,1.36252E+16,5.24545E+16
201200,11,0,9,9,2018,5,14,4,3,4,1,0,0,1,0,1,0,0,0,8.17819E+20,5.82087E+21,1.36774E+16,5.24454E+16
201201,11,0,1,1,2018,5,13,4,3,5,2,0,0,1,0,1,0,0,0,7.96796E+20,5.83056E+21,1.33777E+16,5.2544E+16
201202,11,0,5,5,2018,5,11,2,3,2,6,0,0,1,0,0,0,0,0,7.89223E+20,5.8293E+21,1.32652E+16,5.25368E+16
201203,11,0,4,4,2018,5,13,4,3,1,5,0,1,1,0,0,0,0,0,7.91489E+20,5.82414E+21,1.3294E+16,5.24893E+16
201204,11,0,7,7,2018,5,19,7,2,1,5,0,1,1,0,0,0,0,0,7.99261E+20,5.81338E+21,1.33985E+16,5.23887E+16
201205,11,0,7,7,2018,5,19,7,3,5,3,0,1,1,0,0,0,0,0,7.94218E+20,5.82275E+21,1.33328E+16,5.24754E+16
201206,11,0,7,7,2018,5,12,4,3,0,3,0,1,0,0,0,0,1,0,7.93946E+20,5.8218E+21,1.3328E+16,5.24671E+16
201207,11,0,9,9,2018,5,21,3,3,6,7,1,0,1,1,0,0,0,0,8.06591E+20,5.82213E+21,1.35139E+16,5.24631E+16
201208,11,0,11,11,2018,5,18,7,3,3,6,0,1,1,0,0,0,0,0,8.03432E+20,5.8266E+21,1.34716E+16,5.25049E+16
201209,11,0,4,4,2018,5,11,4,3,5,7,0,0,0,0,0,1,1,0,7.90395E+20,5.82565E+21,1.32792E+16,5.25035E+16
201210,11,0,1,1,2018,5,14,3,3,5,2,0,0,1,0,0,0,0,0,8.0044E+20,5.82671E+21,1.34277E+16,5.25076E+16
201211,11,0,4,4,2018,5,11,4,3,5,2,0,1,1,0,0,0,0,0,7.93455E+20,5.82393E+21,1.33227E+16,5.24864E+16
201212,11,0,9,9,2018,5,6,4,3,0,2,0,1,1,0,0,0,0,0,8.10876E+20,5.82066E+21,1.35754E+16,5.24474E+16
201213,11,0,3,3,2018,5,10,7,3,5,3,0,0,1,0,1,0,0,0,8.00149E+20,5.83832E+21,1.3434E+16,5.26118E+16
201214,11,0,5,5,2018,5,17,7,2,1,5,0,0,1,0,1,0,0,0,7.86743E+20,5.8284E+21,1.3228E+16,5.25301E+16
201215,11,0,2,2,2018,5,8,7,3,0,7,0,0,1,0,1,0,0,0,8.00011E+20,5.82446E+21,1.34194E+16,5.24876E+16
201216,11,0,8,8,2018,5,9,4,3,6,2,0,0,1,1,0,0,0,0,8.03049E+20,5.8174E+21,1.34576E+16,5.24227E+16
201217,11,0,5,5,2018,5,12,7,3,2,6,0,0,1,0,0,0,0,0,7.83559E+20,5.82866E+21,1.31814E+16,5.25341E+16
201218,11,0,5,5,2018,5,17,7,3,1,7,0,0,1,0,0,1,0,0,7.88486E+20,5.82905E+21,1.32541E+16,5.2535E+16
201219,11,0,2,2,2018,5,8,4,3,3,2,0,1,1,0,0,0,0,0,8.02069E+20,5.82716E+21,1.34521E+16,5.25107E+16
201220,11,0,7,7,2018,5,19,3,3,5,2,0,0,1,0,0,0,0,0,7.9581E+20,5.81603E+21,1.33503E+16,5.24143E+16
201221,11,0,4,4,2018,5,5,7,3,5,5,1,1,1,0,0,0,0,0,7.91109E+20,5.82695E+21,1.32909E+16,5.25147E+16
201222,11,0,7,7,2018,5,14,4,3,1,1,0,1,1,0,0,0,0,1,7.97189E+20,5.82373E+21,1.33773E+16,5.24826E+16
201223,11,0,4,4,2018,5,12,3,3,2,6,0,0,1,0,1,0,0,0,7.91747E+20,5.82731E+21,1.33006E+16,5.25177E+16
201224,11,0,9,9,2018,5,14,4,3,5,3,0,1,0,0,0,0,1,1,8.09455E+20,5.81907E+21,1.35531E+16,5.2434E+16
201225,11,0,11,11,2018,5,11,4,2,5,3,0,1,0,0,0,0,1,0,8.03851E+20,5.82866E+21,1.34796E+16,5.25231E+16
201226,11,0,8,8,2018,5,0,7,3,3,6,2,0,1,0,0,0,1,0,8.00538E+20,5.82444E+21,1.34271E+16,5.24871E+16
201227,11,0,2,2,2018,5,2,7,2,1,1,2,1,1,0,0,0,0,0,8.03234E+20,5.82591E+21,1.34681E+16,5.24988E+16
201228,11,0,9,9,2018,5,11,4,2,0,3,0,0,1,0,1,0,0,0,8.06815E+20,5.822E+21,1.3517E+16,5.24618E+16
201229,11,0,6,6,2018,5,19,3,3,5,2,0,0,1,0,1,0,0,0,7.91769E+20,5.81927E+21,1.32938E+16,5.24456E+16
201230,11,0,1,1,2018,5,9,4,2,2,6,0,0,1,0,1,0,0,0,7.97688E+20,5.83185E+21,1.33919E+16,5.25551E+16
201231,11,0,4,4,2018,5,14,4,2,3,6,0,0,1,0,0,1,0,0,7.90404E+20,5.82575E+21,1.32795E+16,5.25044E+16
201232,11,0,3,3,2018,5,8,3,3,2,6,0,0,1,0,0,0,0,0,8.00005E+20,5.83494E+21,1.34288E+16,5.25815E+16
201233,11,0,1,1,2018,5,14,4,3,5,2,0,0,1,0,0,0,0,1,7.96161E+20,5.83227E+21,1.33698E+16,5.25597E+16
201234,11,0,1,1,2018,5,18,3,3,5,2,0,1,1,0,0,0,0,0,7.94904E+20,5.82628E+21,1.3346E+16,5.25067E+16
201235,11,0,1,1,2018,5,12,4,2,5,2,0,0,1,0,0,0,0,0,7.9525E+20,5.82662E+21,1.33514E+16,5.25096E+16
201236,11,0,1,1,2018,5,11,3,3,5,2,0,1,1,0,0,0,0,0,7.97189E+20,5.82752E+21,1.33807E+16,5.25166E+16
201237,11,0,12,12,2018,5,12,4,2,6,4,0,0,1,1,0,0,0,0,7.90558E+20,5.83493E+21,1.32898E+16,5.25866E+16
201238,11,0,1,1,2018,5,14,4,3,5,2,0,0,1,0,0,0,0,0,7.96251E+20,5.82852E+21,1.33678E+16,5.25261E+16
201239,11,0,11,11,2018,5,10,7,3,5,2,0,0,1,0,1,0,0,0,8.06066E+20,5.82579E+21,1.35095E+16,5.24962E+16
201240,11,0,8,8,2018,5,15,4,3,2,6,0,0,1,0,0,0,0,1,8.00689E+20,5.82232E+21,1.34275E+16,5.24681E+16
201241,11,0,1,1,2018,5,17,7,2,5,3,0,1,1,0,0,0,0,0,7.9789E+20,5.83035E+21,1.33935E+16,5.25416E+16