OBJECTID_1,ULAND,UREGBEZ,UKREIS,UGEMEINDE,UJAHR,UMONAT,USTUNDE,UWOCHENTAG,UKATEGORIE,UART,UTYP1,ULICHTVERH,IstRad,IstPKW,IstFuss,IstKrad,IstGkfz,IstSonstig,STRZUSTAND,LINREFX,LINREFY,XGCSWGS84,YGCSWGS84
201806,11,0,1,1,2018,6,16,2,3,5,2,0,1,1,0,0,0,0,0,7.97704E+20,5.82965E+21,1.33902E+16,5.25354E+16
201807,11,0,7,7,2018,6,14,6,3,6,7,0,0,1,1,0,0,0,0,7.99194E+20,5.82E+21,1.34034E+16,5.24481E+16
201808,11,0,6,6,2018,6,17,3,3,5,2,0,1,1,0,0,0,0,0,7.84496E+20,5.81724E+21,1.31854E+16,5.24312E+16
201809,11,0,4,4,2018,6,16,6,2,0,1,0,0,0,0,1,0,0,0,7.91488E+20,5.82601E+21,1.32956E+16,5.25061E+16
201810,11,0,9,9,2018,6,17,3,3,5,2,0,1,0,0,0,1,0,0,8.05009E+20,5.82269E+21,1.34912E+16,5.2469E+16
201811,11,0,10,10,2018,6,21,6,2,5,2,1,0,1,0,0,0,0,0,8.08491E+20,5.83115E+21,1.35501E+16,5.25428E+16
201812,11,0,10,10,2018,6,17,3,3,5,3,0,1,1,0,0,0,0,0,8.10131E+20,5.82959E+21,1.35728E+16,5.2528E+16
201813,11,0,9,9,2018,6,18,6,3,2,6,0,0,1,0,0,0,1,0,8.13055E+20,5.82143E+21,1.36081E+16,5.24531E+16
201814,11,0,11,11,2018,6,14,2,3,2,6,0,0,1,0,0,0,0,0,8.04687E+20,5.82633E+21,1.34898E+16,5.25018E+16
201815,11,0,8,8,2018,6,17,6,3,0,4,0,0,1,1,1,0,0,0,8.00338E+20,5.82433E+21,1.34241E+16,5.24863E+16
201816,11,0,1,1,2018,6,18,3,2,5,3,0,1,1,0,0,0,0,0,7.96939E+20,5.83014E+21,1.33794E+16,5.25402E+16
201817,11,0,6,6,2018,6,15,6,3,0,6,0,0,1,0,1,0,1,0,7.95833E+20,5.81906E+21,1.33533E+16,5.24415E+16
201818,11,0,12,12,2018,6,16,6,3,5,3,0,0,1,0,0,0,0,0,7.855E+20,5.83739E+21,1.32174E+16,5.26113E+16
201819,11,0,4,4,2018,6,12,3,3,5,2,0,1,0,0,0,0,1,0,7.92289E+20,5.82538E+21,1.33068E+16,5.25E+16
201820,11,0,5,5,2018,6,16,6,3,0,2,0,0,1,0,0,0,1,0,7.84551E+20,5.82817E+21,1.31955E+16,5.25292E+16
201821,11,0,6,6,2018,6,15,6,3,0,3,0,1,0,0,0,0,1,0,7.92714E+20,5.81624E+21,1.33051E+16,5.24179E+16
201822,11,0,9,9,2018,6,11,3,3,1,7,0,1,1,0,0,0,0,0,8.08736E+20,5.81757E+21,1.35411E+16,5.2421E+16
201823,11,0,6,6,2018,6,14,6,3,5,3,0,0,1,0,0,0,0,0,7.87439E+20,5.81867E+21,1.32298E+16,5.24425E+16
201824,11,0,6,6,2018,6,14,6,3,1,1,0,0,1,0,1,0,0,0,7.95388E+20,5.81832E+21,1.33461E+16,5.24351E+16
201825,11,0,2,2,2018,6,11,3,2,3,6,0,1,1,0,0,0,0,0,7.98412E+20,5.82528E+21,1.33967E+16,5.24959E+16
201826,11,0,6,6,2018,6,17,6,3,5,3,0,0,1,0,0,0,0,0,7.95629E+20,5.8166E+21,1.33481E+16,5.24195E+16
201827,11,0,5,5,2018,6,11,3,3,3,2,0,0,1,0,0,1,0,0,7.86538E+20,5.83159E+21,1.32277E+16,5.25588E+16
201828,11,0,8,8,2018,6,16,6,3,6,4,0,0,1,1,0,0,0,0,8.00538E+20,5.82376E+21,1.34265E+16,5.2481E+16
201829,11,0,3,3,2018,6,14,2,3,5,2,0,1,1,0,0,0,0,0,8.02329E+20,5.82922E+21,1.34578E+16,5.2529E+16
201830,11,0,3,3,2018,6,19,6,3,5,3,0,0,1,0,0,0,0,0,8.02176E+20,5.8324E+21,1.34584E+16,5.25576E+16
201831,11,0,4,4,2018,6,11,3,3,5,3,0,0,1,0,0,0,0,0,7.93134E+20,5.8256E+21,1.33194E+16,5.25016E+16
201832,11,0,1,1,2018,6,15,6,3,0,1,0,0,0,0,1,0,0,0,8.00231E+20,5.82843E+21,1.34262E+16,5.2523E+16
201833,11,0,1,1,2018,6,7,6,3,3,6,0,1,0,0,0,0,0,0,7.99124E+20,5.82847E+21,1.341E+16,5.2524E+16
201834,11,0,3,3,2018,6,13,6,3,0,6,0,0,1,0,1,0,0,0,8.024E+20,5.83255E+21,1.34618E+16,5.25588E+16
201835,11,0,12,12,2018,6,10,3,3,6,4,0,0,1,1,0,0,0,0,7.90944E+20,5.83382E+21,1.32945E+16,5.25765E+16
201836,11,0,4,4,2018,6,13,6,3,5,2,0,1,1,0,0,0,0,0,7.92737E+20,5.82659E+21,1.33145E+16,5.25107E+16
201837,11,0,1,1,2018,6,10,3,3,3,6,0,0,1,0,1,0,0,0,7.99485E+20,5.82663E+21,1.34136E+16,5.25074E+16
201838,11,0,5,5,2018,6,13,2,2,6,4,0,0,1,1,0,0,0,0,7.8476E+20,5.82725E+21,1.31978E+16,5.25208E+16
201839,11,0,2,2,2018,6,10,3,3,5,2,0,0,1,0,0,0,0,0,7.97378E+20,5.82618E+21,1.33823E+16,5.25045E+16
201840,11,0,1,1,2018,6,12,6,3,5,3,0,1,1,0,0,0,0,0,7.95932E+20,5.83141E+21,1.33657E+16,5.25521E+16
201841,11,0,2,2,2018,6,9,3,3,2,2,0,0,1,0,0,0,0,0,8.00486E+20,5.82847E+21,1.343E+16,5.25233E+16
201842,11,0,12,12,2018,6,12,6,3,5,7,0,1,0,0,0,0,0,0,7.93342E+20,5.83279E+21,1.33288E+16,5.25659E+16
201843,11,0,1,1,2018,6,13,2,3,3,6,0,0,1,0,0,0,1,0,7.95228E+20,5.82598E+21,1.33505E+16,5.25038E+16
201844,11,0,12,12,2018,6,7,3,2,1,5,0,1,1,0,0,0,0,0,7.86654E+20,5.83321E+21,1.32308E+16,5.25732E+16
201845,11,0,3,3,2018,6,12,6,2,0,7,0,0,1,0,0,0,0,0,8.01116E+20,5.83909E+21,1.34489E+16,5.26181E+16
201846,11,0,12,12,2018,6,8,3,3,1,5,0,1,1,0,0,0,0,0,7.95009E+20,5.8361E+21,1.33563E+16,5.25947E+16
201847,11,0,3,3,2018,6,12,6,3,2,2,0,0,1,0,0,0,1,0,7.9926E+20,5.83765E+21,1.34203E+16,5.26062E+16
201848,11,0,3,3,2018,6,12,6,3,1,5,0,0,1,0,1,0,0,0,8.03623E+20,5.839E+21,1.34857E+16,5.2616E+16
201849,11,0,4,4,2018,6,13,3,2,0,1,0,0,0,0,1,0,0,0,7.93868E+20,5.82309E+21,1.3328E+16,5.24787E+16
201850,11,0,1,1,2018,6,12,6,2,5,2,0,1,1,0,0,0,0,0,7.9455E+20,5.82821E+21,1.33425E+16,5.25242E+16
201851,11,0,1,1,2018,6,12,3,3,0,1,0,0,0,0,1,0,0,0,7.98241E+20,5.8284E+21,1.3397E+16,5.25239E+16
201852,11,0,10,10,2018,6,8,3,3,0,1,0,0,0,0,1,0,0,0,8.11465E+20,5.82813E+21,1.3591E+16,5.25141E+16
201853,11,0,2,2,2018,6,11,6,3,2,6,0,0,1,0,0,0,0,0,8.00937E+20,5.82683E+21,1.34352E+16,5.25084E+16
201854,11,0,2,2,2018,6,18,3,3,2,6,0,0,1,0,0,0,0,0,8.01955E+20,5.82903E+21,1.34521E+16,5.25275E+16
201855,11,0,5,5,2018,6,8,3,3,2,6,0,0,1,0,0,0,1,0,7.86709E+20,5.82928E+21,1.32282E+16,5.2538E+16
201856,11,0,7,7,2018,6,11,6,3,5,2,0,1,1,0,0,0,0,0,7.97372E+20,5.82051E+21,1.33771E+16,5.24536E+16
201857,11,0,3,3,2018,6,7,3,3,0,1,0,0,0,0,1,0,0,0,7.96313E+20,5.83646E+21,1.33758E+16,5.25972E+16
201858,11,0,7,7,2018,6,10,6,3,5,3,0,1,1,0,0,0,0,0,7.97388E+20,5.82261E+21,1.33793E+16,5.24725E+16
201859,11,0,7,7,2018,6,9,6,3,1,1,0,0,1,0,0,0,0,0,7.94975E+20,5.82416E+21,1.33452E+16,5.24876E+16
201860,11,0,8,8,2018,6,7,3,3,5,3,0,1,1,0,0,0,0,0,8.03327E+20,5.81731E+21,1.34616E+16,5.24217E+16
201861,11,0,1,1,2018,6,7,3,2,6,4,0,0,1,1,0,0,0,0,7.97711E+20,5.83289E+21,1.33932E+16,5.25645E+16
201862,11,0,10,10,2018,6,6,3,3,0,2,0,1,1,0,0,0,0,0,8.06962E+20,5.83257E+21,1.3529E+16,5.25565E+16
201863,11,0,1,1,2018,6,9,6,3,5,2,0,1,1,0,0,0,0,0,7.96537E+20,5.82987E+21,1.33732E+16,5.2538E+16
201864,11,0,1,1,2018,6,6,3,3,5,2,0,1,1,0,0,0,0,0,7.96583E+20,5.82687E+21,1.33712E+16,5.25111E+16
201865,11,0,9,9,2018,6,6,3,2,8,1,0,1,0,0,0,0,0,0,8.08814E+20,5.81929E+21,1.35439E+16,5.24364E+16
201866,11,0,6,6,2018,6,9,6,3,5,2,0,1,0,0,0,1,0,0,7.90018E+20,5.81751E+21,1.32666E+16,5.24307E+16
201867,11,0,11,11,2018,6,18,3,1,5,2,0,1,0,0,0,0,1,0,8.05668E+20,5.82435E+21,1.35024E+16,5.24835E+16
201868,11,0,6,6,2018,6,16,2,3,5,2,0,1,1,0,0,0,0,0,7.9004E+20,5.81596E+21,1.32656E+16,5.24168E+16
201869,11,0,1,1,2018,6,8,6,3,2,6,0,0,1,0,0,0,0,0,7.98022E+20,5.83009E+21,1.33953E+16,5.25391E+16
201870,11,0,1,1,2018,6,15,2,2,3,6,0,0,1,0,1,0,0,0,7.94647E+20,5.83052E+21,1.3346E+16,5.25449E+16
201871,11,0,10,10,2018,6,7,6,3,5,3,0,0,1,0,0,0,0,0,8.0883E+20,5.8318E+21,1.35557E+16,5.25485E+16
201872,11,0,11,11,2018,6,7,6,2,0,6,0,1,0,0,0,0,1,0,8.06017E+20,5.82645E+21,1.35094E+16,5.25021E+16
201873,11,0,12,12,2018,6,13,2,3,2,6,0,0,1,0,0,0,0,0,7.94018E+20,5.83533E+21,1.3341E+16,5.25883E+16
201874,11,0,9,9,2018,6,15,6,3,3,6,0,0,1,0,1,0,0,0,8.10641E+20,5.81739E+21,1.35689E+16,5.24183E+16
201875,11,0,2,2,2018,6,18,2,3,5,2,0,1,0,0,0,1,0,0,7.98288E+20,5.82477E+21,1.33944E+16,5.24914E+16
201876,11,0,10,10,2018,6,6,6,3,5,3,0,0,1,0,1,0,0,0,8.13238E+20,5.82624E+21,1.36153E+16,5.24961E+16
201877,11,0,12,12,2018,6,8,2,3,5,2,0,1,1,0,0,0,0,0,7.92185E+20,5.83296E+21,1.3312E+16,5.2568E+16
201878,11,0,3,3,2018,6,6,6,3,5,3,0,0,1,0,0,0,0,0,8.05468E+20,5.841E+21,1.35148E+16,5.26328E+16
201879,11,0,2,2,2018,6,12,6,3,2,7,0,1,1,0,0,0,0,0,8.01052E+20,5.82707E+21,1.34371E+16,5.25104E+16
201880,11,0,4,4,2018,6,7,6,3,5,2,0,1,1,0,0,0,0,0,7.92749E+20,5.82677E+21,1.33148E+16,5.25123E+16
201881,11,0,12,12,2018,6,20,2,2,0,2,0,0,1,0,1,0,0,0,7.92563E+20,5.83517E+21,1.33195E+16,5.25877E+16
201882,11,0,3,3,2018,6,7,6,3,5,2,0,1,1,0,0,0,0,0,8.01177E+20,5.83319E+21,1.34444E+16,5.25652E+16
201883,11,0,12,12,2018,6,22,2,2,1,1,2,0,1,0,0,0,0,0,7.95054E+20,5.83251E+21,1.33538E+16,5.25625E+16
201884,11,0,4,4,2018,6,6,6,2,5,2,0,1,1,0,0,0,0,0,7.93977E+20,5.82618E+21,1.33323E+16,5.25063E+16
201885,11,0,1,1,2018,6,22,2,3,0,1,2,0,0,0,1,0,0,0,7.93589E+20,5.82982E+21,1.33298E+16,5.25392E+16
201886,11,0,10,10,2018,6,0,6,2,9,1,2,0,0,0,1,0,0,0,8.10919E+20,5.83165E+21,1.35863E+16,5.25459E+16
201887,11,0,6,6,2018,6,18,5,3,5,2,0,0,1,0,0,0,0,0,7.94833E+20,5.81932E+21,1.33388E+16,5.24444E+16
201888,11,0,4,4,2018,6,21,2,3,6,4,1,0,1,1,0,0,0,0,7.91158E+20,5.82475E+21,1.32897E+16,5.2495E+16
201889,11,0,1,1,2018,6,23,5,3,2,7,2,1,0,0,0,0,0,0,7.94533E+20,5.8281E+21,1.33422E+16,5.25233E+16
201890,11,0,7,7,2018,6,14,6,3,5,2,0,0,1,0,1,0,0,0,7.99129E+20,5.82171E+21,1.3404E+16,5.24635E+16
201891,11,0,5,5,2018,6,20,2,3,0,1,0,0,0,0,1,0,0,0,7.83112E+20,5.82738E+21,1.31737E+16,5.25228E+16
201892,11,0,1,1,2018,6,18,5,3,5,3,0,1,1,0,0,0,0,0,7.96679E+20,5.82876E+21,1.33743E+16,5.2528E+16
201893,11,0,5,5,2018,6,20,2,3,1,5,0,1,1,0,0,0,0,0,7.81375E+20,5.82839E+21,1.3149E+16,5.25327E+16
201894,11,0,11,11,2018,6,8,5,3,3,6,0,1,0,0,0,0,0,0,8.06368E+20,5.82493E+21,1.35132E+16,5.24883E+16
201895,11,0,5,5,2018,6,20,2,3,6,4,0,0,1,1,0,0,0,0,7.85176E+20,5.82976E+21,1.32061E+16,5.2543E+16
201896,11,0,7,7,2018,6,11,5,3,0,6,0,0,1,0,0,0,1,0,7.96287E+20,5.82492E+21,1.33651E+16,5.24938E+16
201897,11,0,12,12,2018,6,6,6,3,5,2,0,0,1,0,0,0,0,0,7.92417E+20,5.83769E+21,1.33196E+16,5.26103E+16
201898,11,0,4,4,2018,6,16,3,3,5,2,0,0,1,0,1,0,0,0,7.9379E+20,5.82694E+21,1.33303E+16,5.25132E+16
201899,11,0,5,5,2018,6,16,3,3,6,7,0,1,0,1,0,0,0,0,7.85189E+20,5.8291E+21,1.32057E+16,5.25372E+16
201900,11,0,4,4,2018,6,12,6,3,5,5,0,1,0,0,0,0,1,1,7.92727E+20,5.82313E+21,1.33113E+16,5.24796E+16
201901,11,0,4,4,2018,6,16,3,3,3,6,0,1,1,0,0,0,0,0,7.94433E+20,5.82586E+21,1.33387E+16,5.25032E+16
201902,11,0,12,12,2018,6,11,6,3,2,6,0,0,1,0,0,0,1,1,7.93253E+20,5.83249E+21,1.33273E+16,5.25633E+16
201903,11,0,12,12,2018,6,10,6,3,5,2,0,0,1,0,0,0,0,1,7.92354E+20,5.83407E+21,1.33154E+16,5.25779E+16
201904,11,0,2,2,2018,6,16,3,3,5,2,0,0,1,0,1,0,0,0,8.00834E+20,5.82647E+21,1.34333E+16,5.25052E+16
201905,11,0,11,11,2018,6,10,6,3,5,3,0,0,1,0,0,0,0,0,8.0661E+20,5.82426E+21,1.35161E+16,5.24822E+16
201906,11,0,6,6,2018,6,16,3,3,5,3,0,1,1,0,0,0,0,0,7.89824E+20,5.81865E+21,1.32648E+16,5.2441E+16
201907,11,0,7,7,2018,6,13,1,2,5,3,0,0,1,1,0,0,1,1,7.96036E+20,5.82535E+21,1.33618E+16,5.24977E+16
201908,11,0,2,2,2018,6,10,6,3,5,3,0,0,0,0,1,0,1,0,7.97267E+20,5.82499E+21,1.33796E+16,5.24939E+16
201909,11,0,8,8,2018,6,16,3,3,4,6,0,1,1,0,0,0,0,0,8.00438E+20,5.82513E+21,1.34263E+16,5.24934E+16
201910,11,0,4,4,2018,6,8,6,3,5,3,0,0,1,0,1,0,0,0,7.92917E+20,5.82677E+21,1.33173E+16,5.25122E+16
201911,11,0,4,4,2018,6,8,6,3,3,6,0,0,1,0,0,0,1,0,7.92147E+20,5.82531E+21,1.33047E+16,5.24995E+16
201912,11,0,4,4,2018,6,16,3,3,5,2,0,1,1,0,0,0,0,0,7.93297E+20,5.8236E+21,1.33201E+16,5.24835E+16
201913,11,0,6,6,2018,6,8,6,3,5,2,0,1,1,0,0,0,0,0,7.9085E+20,5.81757E+21,1.32789E+16,5.24308E+16
201914,11,0,11,11,2018,6,8,6,3,6,7,0,0,1,1,0,0,0,0,8.06749E+20,5.82614E+21,1.35199E+16,5.24989E+16
201915,11,0,1,1,2018,6,16,3,3,0,6,0,0,0,0,1,0,1,0,7.94877E+20,5.8302E+21,1.33491E+16,5.25419E+16
201916,11,0,1,1,2018,6,8,6,3,5,2,0,1,1,0,0,0,0,0,7.9422E+20,5.8283E+21,1.33378E+16,5.25252E+16
201917,11,0,9,9,2018,6,16,3,2,5,2,0,0,1,0,0,0,0,0,8.0502E+20,5.82271E+21,1.34914E+16,5.24691E+16
201918,11,0,6,6,2018,6,5,6,3,0,6,0,0,0,0,1,0,1,0,7.95874E+20,5.81914E+21,1.3354E+16,5.24422E+16
201919,11,0,12,12,2018,6,22,6,3,5,2,2,0,1,0,0,0,0,0,7.93217E+20,5.83241E+21,1.33267E+16,5.25625E+16
201920,11,0,3,3,2018,6,17,3,3,3,7,0,1,0,0,0,0,0,0,8.02077E+20,5.82911E+21,1.3454E+16,5.25281E+16
201921,11,0,12,12,2018,6,21,6,3,5,3,2,0,1,0,1,0,0,0,7.90505E+20,5.83504E+21,1.32891E+16,5.25876E+16
201922,11,0,3,3,2018,6,19,7,2,5,2,0,0,1,0,1,0,0,0,7.99829E+20,5.83198E+21,1.34235E+16,5.25551E+16
201923,11,0,7,7,2018,6,16,3,3,2,6,0,0,1,0,0,0,0,0,7.98708E+20,5.81758E+21,1.33941E+16,5.24266E+16
201924,11,0,2,2,2018,6,12,1,3,5,3,0,1,1,0,0,0,0,1,8.01243E+20,5.82769E+21,1.34404E+16,5.25159E+16
201925,11,0,1,1,2018,6,17,7,3,5,3,0,1,0,0,0,0,1,0,7.97993E+20,5.82891E+21,1.33938E+16,5.25286E+16
201926,11,0,9,9,2018,6,21,6,3,5,3,1,0,1,0,0,0,0,0,8.14216E+20,5.822E+21,1.36256E+16,5.24575E+16
201927,11,0,10,10,2018,6,17,3,3,5,2,0,1,1,0,0,0,0,0,8.08461E+20,5.82928E+21,1.35479E+16,5.25261E+16
201928,11,0,4,4,2018,6,21,6,3,5,2,2,0,1,0,0,0,0,0,7.92305E+20,5.82538E+21,1.33071E+16,5.25001E+16
201929,11,0,1,1,2018,6,9,6,2,3,6,0,0,0,0,1,1,0,0,7.96766E+20,5.83191E+21,1.33784E+16,5.25562E+16
201930,11,0,1,1,2018,6,14,3,3,5,2,0,0,1,0,0,0,0,0,7.95328E+20,5.82617E+21,1.33522E+16,5.25055E+16
201931,11,0,12,12,2018,6,9,6,2,6,4,0,0,0,1,0,0,1,1,7.91387E+20,5.83423E+21,1.33013E+16,5.25799E+16
201932,11,0,12,12,2018,6,9,2,3,2,6,0,0,1,0,1,0,0,0,7.90205E+20,5.83586E+21,1.32854E+16,5.25951E+16
201933,11,0,3,3,2018,6,21,6,3,1,5,0,1,1,0,0,0,0,0,8.01821E+20,5.83156E+21,1.34524E+16,5.25503E+16
201934,11,0,9,9,2018,6,14,3,2,6,4,0,0,0,1,1,0,0,0,8.11026E+20,5.82182E+21,1.35787E+16,5.24578E+16
201935,11,0,1,1,2018,6,19,6,2,3,6,0,0,1,0,1,0,0,0,7.97737E+20,5.83063E+21,1.33915E+16,5.25441E+16
201936,11,0,2,2,2018,6,13,3,3,2,6,0,1,1,0,0,0,0,0,8.00153E+20,5.82509E+21,1.34221E+16,5.24932E+16
201937,11,0,2,2,2018,6,12,3,3,6,4,0,0,1,1,0,0,0,0,7.9725E+20,5.82632E+21,1.33805E+16,5.25058E+16
201938,11,0,9,9,2018,6,18,6,3,5,3,0,1,1,0,0,0,0,0,8.10884E+20,5.82066E+21,1.35755E+16,5.24475E+16
201939,11,0,4,4,2018,6,12,3,2,6,4,0,0,1,1,0,0,0,0,7.89341E+20,5.82621E+21,1.32642E+16,5.25091E+16
201940,11,0,1,1,2018,6,12,3,3,5,3,0,1,0,0,0,0,0,0,7.98558E+20,5.82838E+21,1.34016E+16,5.25235E+16
201941,11,0,4,4,2018,6,18,6,2,3,6,0,0,1,0,1,0,0,0,7.90395E+20,5.82562E+21,1.32792E+16,5.25032E+16
201942,11,0,3,3,2018,6,18,6,3,2,6,0,0,1,0,1,0,0,0,8.00946E+20,5.8333E+21,1.34411E+16,5.25664E+16
201943,11,0,11,11,2018,6,12,3,3,5,3,0,0,1,0,1,0,0,0,8.05291E+20,5.83205E+21,1.35039E+16,5.25527E+16
201944,11,0,2,2,2018,6,18,6,3,5,2,0,1,1,0,0,0,0,0,8.00079E+20,5.82564E+21,1.34215E+16,5.24981E+16
201945,11,0,1,1,2018,6,12,3,3,5,3,0,0,1,0,0,0,1,0,7.95569E+20,5.83049E+21,1.33596E+16,5.25441E+16
201946,11,0,8,8,2018,6,10,1,3,2,6,0,0,1,0,0,0,0,1,8.02603E+20,5.82308E+21,1.34562E+16,5.24738E+16
201947,11,0,9,9,2018,6,11,3,3,5,2,0,0,1,0,0,0,0,0,8.06867E+20,5.82198E+21,1.35178E+16,5.24616E+16
201948,11,0,1,1,2018,6,16,6,2,6,4,0,1,0,1,0,0,0,0,7.94561E+20,5.82875E+21,1.33432E+16,5.2529E+16
201949,11,0,6,6,2018,6,11,3,3,0,5,0,0,1,0,1,0,0,0,7.95118E+20,5.81958E+21,1.33432E+16,5.24465E+16
201950,11,0,2,2,2018,6,11,3,3,5,3,0,1,1,0,0,0,0,0,7.98334E+20,5.82563E+21,1.33958E+16,5.2499E+16
201951,11,0,1,1,2018,6,16,6,3,3,6,0,0,1,0,1,0,0,0,7.9508E+20,5.82723E+21,1.33495E+16,5.25151E+16
201952,11,0,2,2,2018,6,11,3,3,1,5,0,1,1,0,0,0,0,0,8.01558E+20,5.82597E+21,1.34435E+16,5.25003E+16
201953,11,0,3,3,2018,6,1,6,3,9,1,2,1,0,0,0,0,0,0,7.98598E+20,5.83027E+21,1.34039E+16,5.25405E+16
201954,11,0,1,1,2018,6,10,3,3,1,5,0,0,1,0,0,0,1,0,7.9638E+20,5.82612E+21,1.33676E+16,5.25044E+16
201955,11,0,5,5,2018,6,7,6,3,0,1,0,1,0,0,0,0,0,0,7.8079E+20,5.82799E+21,1.31401E+16,5.25295E+16
201956,11,0,5,5,2018,6,9,3,3,2,6,0,0,1,0,0,0,0,0,7.83667E+20,5.83017E+21,1.31842E+16,5.25476E+16
201957,11,0,7,7,2018,6,15,1,3,5,2,0,0,1,0,0,0,0,1,7.95558E+20,5.82368E+21,1.33533E+16,5.2483E+16
201958,11,0,9,9,2018,6,13,6,3,6,4,0,0,1,1,0,0,0,0,8.04759E+20,5.8223E+21,1.34872E+16,5.24657E+16
201959,11,0,6,6,2018,6,10,3,3,5,5,0,1,1,0,0,0,0,0,7.93901E+20,5.82098E+21,1.33266E+16,5.24597E+16
201960,11,0,7,7,2018,6,16,6,3,3,6,0,0,0,0,1,1,0,1,7.97288E+20,5.82136E+21,1.33767E+16,5.24613E+16
201961,11,0,7,7,2018,6,9,3,3,1,5,0,1,1,0,0,0,0,0,7.9577E+20,5.82429E+21,1.3357E+16,5.24884E+16
201962,11,0,11,11,2018,6,18,1,3,1,5,0,0,1,0,0,0,0,1,8.03614E+20,5.82653E+21,1.34742E+16,5.25042E+16
201963,11,0,8,8,2018,6,8,3,3,5,2,0,0,1,0,0,0,0,0,8.0316E+20,5.81844E+21,1.34602E+16,5.24319E+16
201964,11,0,2,2,2018,6,16,6,3,0,1,0,0,0,0,1,0,0,0,8.03275E+20,5.82602E+21,1.34688E+16,5.24998E+16
201965,11,0,1,1,2018,6,8,3,3,0,5,0,1,1,0,0,0,1,0,7.98756E+20,5.8269E+21,1.34032E+16,5.25101E+16
201966,11,0,7,7,2018,6,17,7,3,4,6,0,0,1,0,0,0,0,1,7.96385E+20,5.82324E+21,1.33651E+16,5.24787E+16
201967,11,0,4,4,2018,6,8,3,3,5,3,0,1,1,0,0,0,0,0,7.90856E+20,5.82365E+21,1.32843E+16,5.24853E+16
201968,11,0,3,3,2018,6,15,6,3,2,6,0,0,1,0,0,0,0,0,7.99574E+20,5.83177E+21,1.34196E+16,5.25533E+16
201969,11,0,4,4,2018,6,8,3,3,2,6,0,0,1,0,0,0,0,0,7.90878E+20,5.82291E+21,1.32839E+16,5.24787E+16
201970,11,0,4,4,2018,6,14,6,3,6,7,0,0,1,1,0,0,0,0,7.91507E+20,5.8249E+21,1.32949E+16,5.24961E+16
201971,11,0,7,7,2018,6,14,6,3,1,5,0,1,1,0,0,0,0,0,7.94713E+20,5.82387E+21,1.33411E+16,5.24852E+16
201972,11,0,3,3,2018,6,8,3,3,5,3,0,1,1,0,0,0,0,0,7.99595E+20,5.8299E+21,1.34182E+16,5.25366E+16
201973,11,0,7,7,2018,6,13,6,3,1,5,0,1,1,0,0,0,0,1,7.94179E+20,5.82192E+21,1.33315E+16,5.24681E+16
201974,11,0,2,2,2018,6,18,7,2,6,4,0,0,1,1,0,0,0,0,7.98005E+20,5.82594E+21,1.33913E+16,5.25019E+16
201975,11,0,8,8,2018,6,8,3,3,5,7,0,1,1,0,0,0,0,0,8.0181E+20,5.82197E+21,1.34436E+16,5.24643E+16
201976,11,0,4,4,2018,6,11,1,3,6,2,0,0,1,1,0,0,0,1,7.92467E+20,5.82401E+21,1.33082E+16,5.24877E+16
201977,11,0,4,4,2018,6,17,7,3,5,3,0,0,1,0,0,0,0,0,7.91471E+20,5.82579E+21,1.32952E+16,5.25042E+16
201978,11,0,2,2,2018,6,7,3,3,2,6,0,1,1,0,0,0,0,0,7.97034E+20,5.82429E+21,1.33756E+16,5.24878E+16
201979,11,0,4,4,2018,6,13,6,3,5,7,0,1,1,0,0,0,0,0,7.94198E+20,5.82505E+21,1.33346E+16,5.24961E+16
201980,11,0,10,10,2018,6,19,7,3,5,2,0,0,1,0,1,0,0,1,8.06552E+20,5.82913E+21,1.35198E+16,5.25258E+16
201981,11,0,7,7,2018,6,7,3,3,1,5,0,1,1,0,0,0,0,0,7.95376E+20,5.82532E+21,1.33521E+16,5.24978E+16
201982,11,0,9,9,2018,6,13,6,3,5,3,0,0,0,0,0,0,1,0,8.10697E+20,5.81929E+21,1.35715E+16,5.24353E+16
201983,11,0,4,4,2018,6,7,3,3,2,6,0,0,1,0,1,0,0,0,7.9117E+20,5.82605E+21,1.3291E+16,5.25067E+16
201984,11,0,5,5,2018,6,13,6,2,5,2,0,0,1,0,1,0,0,1,7.81909E+20,5.82957E+21,1.31579E+16,5.25431E+16
201985,11,0,1,1,2018,6,13,6,3,5,3,0,0,1,0,0,0,0,0,7.94123E+20,5.83152E+21,1.33392E+16,5.25541E+16
201986,11,0,7,7,2018,6,7,3,3,5,3,0,1,1,0,0,0,0,0,7.95356E+20,5.82223E+21,1.33491E+16,5.24702E+16
201987,11,0,7,7,2018,6,15,5,3,5,3,0,1,0,0,0,0,1,0,7.97319E+20,5.8171E+21,1.33733E+16,5.24231E+16
201988,11,0,4,4,2018,6,14,5,3,5,3,0,1,1,0,0,0,0,1,7.9313E+20,5.82559E+21,1.33194E+16,5.25015E+16
201989,11,0,12,12,2018,6,6,3,3,0,6,0,0,1,0,1,0,0,1,7.90169E+20,5.83593E+21,1.32849E+16,5.25958E+16
201990,11,0,1,1,2018,6,15,5,3,0,5,0,1,0,0,0,0,1,0,7.98499E+20,5.82817E+21,1.34005E+16,5.25217E+16
201991,11,0,2,2,2018,6,18,7,3,4,6,0,0,1,0,0,0,0,0,8.01216E+20,5.8254E+21,1.3438E+16,5.24954E+16
201992,11,0,1,1,2018,6,22,3,3,6,4,2,1,0,1,0,0,0,0,7.97278E+20,5.8322E+21,1.33862E+16,5.25585E+16
201993,11,0,4,4,2018,6,23,7,3,5,3,2,0,1,0,0,0,1,1,7.86925E+20,5.82582E+21,1.32284E+16,5.25068E+16