OBJECTID_1,ULAND,UREGBEZ,UKREIS,UGEMEINDE,UJAHR,UMONAT,USTUNDE,UWOCHENTAG,UKATEGORIE,UART,UTYP1,ULICHTVERH,IstRad,IstPKW,IstFuss,IstKrad,IstGkfz,IstSonstig,STRZUSTAND,LINREFX,LINREFY,XGCSWGS84,YGCSWGS84
201994,11,0,8,8,2018,6,23,5,3,6,4,2,0,1,1,0,0,0,0,8.03737E+20,5.8222E+21,1.34721E+16,5.24653E+16
201995,11,0,1,1,2018,6,21,3,3,5,2,1,1,1,0,0,0,0,0,7.96254E+20,5.82596E+21,1.33656E+16,5.25031E+16
201996,11,0,2,2,2018,6,21,5,3,0,1,1,1,0,0,0,0,0,0,8.00477E+20,5.82821E+21,1.34296E+16,5.2521E+16
201997,11,0,1,1,2018,6,20,5,3,5,3,1,1,1,0,0,0,0,0,7.99325E+20,5.82861E+21,1.34131E+16,5.25252E+16
201998,11,0,7,7,2018,6,19,3,3,3,6,0,1,1,0,0,0,0,0,7.95884E+20,5.82517E+21,1.33594E+16,5.24962E+16
201999,11,0,1,1,2018,6,20,5,3,6,4,0,0,1,1,0,0,0,0,7.96605E+20,5.82981E+21,1.33742E+16,5.25375E+16
202000,11,0,7,7,2018,6,8,2,3,5,3,0,0,1,0,0,0,0,1,7.9917E+20,5.81501E+21,1.33986E+16,5.24034E+16
202001,11,0,11,11,2018,6,19,5,3,6,4,0,1,0,1,0,0,0,0,8.05771E+20,5.8259E+21,1.35053E+16,5.24973E+16
202002,11,0,1,1,2018,6,19,3,3,5,2,0,1,1,0,0,0,0,0,7.97768E+20,5.82735E+21,1.33891E+16,5.25147E+16
202003,11,0,10,10,2018,6,18,5,3,5,3,0,1,1,0,0,0,0,0,8.1213E+20,5.83135E+21,1.36038E+16,5.25425E+16
202004,11,0,4,4,2018,6,13,2,3,6,4,0,0,1,1,0,0,0,0,7.9298E+20,5.82254E+21,1.33145E+16,5.24742E+16
202005,11,0,5,5,2018,6,18,5,3,3,6,0,1,1,0,0,0,0,0,7.81881E+20,5.82908E+21,1.3157E+16,5.25387E+16
202006,11,0,4,4,2018,6,18,3,3,1,5,0,1,1,0,0,0,0,0,7.91314E+20,5.82503E+21,1.32922E+16,5.24974E+16
202007,11,0,1,1,2018,6,17,5,3,5,2,0,1,1,0,0,0,0,0,7.98636E+20,5.82882E+21,1.34031E+16,5.25274E+16
202008,11,0,11,11,2018,6,17,3,3,5,5,0,0,1,0,1,0,0,0,8.04884E+20,5.83134E+21,1.34973E+16,5.25466E+16
202009,11,0,8,8,2018,6,17,3,3,1,5,0,1,1,0,0,0,0,0,8.01421E+20,5.82387E+21,1.34396E+16,5.24815E+16
202010,11,0,2,2,2018,6,17,5,3,5,3,0,1,1,0,0,0,0,0,8.01933E+20,5.8277E+21,1.34506E+16,5.25156E+16
202011,11,0,2,2,2018,6,16,5,3,2,2,0,0,1,0,0,0,0,0,7.99348E+20,5.82619E+21,1.34112E+16,5.25035E+16
202012,11,0,6,6,2018,6,12,3,3,8,1,0,0,1,0,0,0,0,0,7.902E+20,5.81987E+21,1.32713E+16,5.24518E+16
202013,11,0,9,9,2018,6,19,5,3,5,3,0,0,1,0,0,0,0,0,8.14405E+20,5.8208E+21,1.36273E+16,5.24467E+16
202014,11,0,9,9,2018,6,15,3,2,0,1,0,1,0,0,0,0,0,0,8.06627E+20,5.82205E+21,1.35143E+16,5.24624E+16
202015,11,0,1,1,2018,6,22,1,3,5,3,2,1,1,0,0,0,0,1,7.99336E+20,5.82771E+21,1.34124E+16,5.25171E+16
202016,11,0,2,2,2018,6,22,7,3,2,6,2,0,1,0,0,0,0,1,7.97874E+20,5.8255E+21,1.3389E+16,5.24981E+16
202017,11,0,1,1,2018,6,22,7,2,5,3,2,0,1,0,0,0,0,1,7.94577E+20,5.82873E+21,1.33434E+16,5.25289E+16
202018,11,0,1,1,2018,6,13,3,3,0,1,0,1,0,0,0,0,0,0,7.9873E+20,5.82957E+21,1.34052E+16,5.25341E+16
202019,11,0,2,2,2018,6,16,5,3,5,3,0,0,1,0,1,0,0,0,8.02946E+20,5.8272E+21,1.3465E+16,5.25106E+16
202020,11,0,9,9,2018,6,16,3,3,0,1,0,1,0,0,0,0,0,0,8.12135E+20,5.82031E+21,1.35935E+16,5.24436E+16
202021,11,0,11,11,2018,6,17,2,3,6,7,0,0,1,1,0,0,0,0,8.05071E+20,5.83355E+21,1.3502E+16,5.25663E+16
202022,11,0,12,12,2018,6,16,5,3,5,2,0,1,1,0,0,0,0,1,7.91958E+20,5.83805E+21,1.33131E+16,5.26138E+16
202023,11,0,3,3,2018,6,8,2,3,5,2,0,1,1,0,0,0,0,0,8.00874E+20,5.83107E+21,1.34381E+16,5.25464E+16
202024,11,0,10,10,2018,6,13,2,3,6,4,0,0,1,1,0,0,0,0,8.09712E+20,5.82623E+21,1.35635E+16,5.2498E+16
202025,11,0,11,11,2018,6,15,5,2,5,2,0,1,0,0,0,0,1,1,8.06124E+20,5.83201E+21,1.35161E+16,5.25519E+16
202026,11,0,10,10,2018,6,6,2,3,2,6,0,1,1,0,0,0,0,0,8.13717E+20,5.82736E+21,1.36234E+16,5.25059E+16
202027,11,0,6,6,2018,6,15,5,3,5,3,0,0,1,0,1,0,0,1,7.93542E+20,5.81792E+21,1.33187E+16,5.24325E+16
202028,11,0,1,1,2018,6,23,2,3,5,2,2,0,1,0,0,0,0,0,7.99736E+20,5.82757E+21,1.34182E+16,5.25156E+16
202029,11,0,4,4,2018,6,15,5,3,2,3,0,0,1,0,1,0,0,1,7.93977E+20,5.82445E+21,1.33308E+16,5.24908E+16
202030,11,0,2,2,2018,6,22,2,2,5,2,2,0,0,0,1,0,0,0,7.97622E+20,5.82558E+21,1.33853E+16,5.2499E+16
202031,11,0,7,7,2018,6,19,1,2,0,1,0,0,0,0,1,0,0,1,7.98257E+20,5.81838E+21,1.33882E+16,5.24341E+16
202032,11,0,1,1,2018,6,16,7,2,0,4,0,0,0,1,0,0,1,0,7.97717E+20,5.8329E+21,1.33933E+16,5.25645E+16
202033,11,0,1,1,2018,6,20,2,2,6,4,0,0,1,1,0,0,0,0,7.99594E+20,5.82826E+21,1.34167E+16,5.25219E+16
202034,11,0,2,2,2018,6,15,5,3,5,2,0,1,1,0,0,0,0,1,7.97766E+20,5.82473E+21,1.33867E+16,5.24913E+16
202035,11,0,3,3,2018,6,18,2,3,0,7,0,1,0,0,0,0,0,0,8.02335E+20,5.8289E+21,1.34576E+16,5.25261E+16
202036,11,0,7,7,2018,6,17,7,3,2,2,0,0,1,0,0,0,0,0,7.97236E+20,5.8207E+21,1.33753E+16,5.24554E+16
202037,11,0,3,3,2018,6,15,5,3,5,2,0,1,1,0,0,0,0,1,8.00193E+20,5.83093E+21,1.34279E+16,5.25455E+16
202038,11,0,7,7,2018,6,18,2,3,6,2,0,0,0,1,0,0,1,0,7.973E+20,5.81729E+21,1.33732E+16,5.24248E+16
202039,11,0,1,1,2018,6,15,5,3,2,6,0,0,1,0,0,0,0,1,7.93999E+20,5.83201E+21,1.33378E+16,5.25586E+16
202040,11,0,5,5,2018,6,16,7,3,5,3,0,0,1,0,0,0,1,1,7.84795E+20,5.82879E+21,1.31996E+16,5.25346E+16
202041,11,0,2,2,2018,6,15,5,3,6,4,0,0,0,1,0,0,1,1,7.97102E+20,5.82447E+21,1.33767E+16,5.24893E+16
202042,11,0,10,10,2018,6,18,2,3,5,2,0,0,1,0,0,0,0,0,8.08297E+20,5.83331E+21,1.35493E+16,5.25623E+16
202043,11,0,1,1,2018,6,16,2,3,5,3,0,1,1,0,0,0,0,0,7.95222E+20,5.82671E+21,1.33511E+16,5.25104E+16
202044,11,0,1,1,2018,6,15,5,3,5,2,0,1,1,0,0,0,0,1,7.96903E+20,5.82889E+21,1.33777E+16,5.2529E+16
202045,11,0,2,2,2018,6,16,2,3,3,6,0,0,1,0,0,0,0,0,7.9864E+20,5.82469E+21,1.33995E+16,5.24904E+16
202046,11,0,5,5,2018,6,15,5,3,2,6,0,0,1,0,0,0,0,1,7.82357E+20,5.82704E+21,1.31623E+16,5.25201E+16
202047,11,0,9,9,2018,6,16,2,3,5,3,0,1,1,0,0,0,0,0,8.07881E+20,5.81918E+21,1.35301E+16,5.2436E+16
202048,11,0,4,4,2018,6,14,5,3,0,1,0,0,0,0,1,0,0,1,7.91723E+20,5.8261E+21,1.32991E+16,5.25068E+16
202049,11,0,6,6,2018,6,16,2,3,1,5,0,1,1,0,0,0,0,0,7.9452E+20,5.82003E+21,1.33349E+16,5.24509E+16
202050,11,0,9,9,2018,6,14,1,3,2,7,0,0,1,0,0,0,0,1,8.16682E+20,5.81737E+21,1.36574E+16,5.24147E+16
202051,11,0,7,7,2018,6,15,7,3,2,6,0,0,1,0,0,0,0,0,7.9682E+20,5.82479E+21,1.33729E+16,5.24923E+16
202052,11,0,10,10,2018,6,16,2,3,2,6,0,0,1,0,0,0,1,0,8.12765E+20,5.83027E+21,1.36121E+16,5.25325E+16
202053,11,0,1,1,2018,6,14,5,3,0,1,0,1,0,0,0,0,0,1,7.97838E+20,5.82908E+21,1.33917E+16,5.25302E+16
202054,11,0,8,8,2018,6,15,2,3,5,3,0,1,1,0,0,0,0,0,7.99336E+20,5.81629E+21,1.34022E+16,5.24147E+16
202055,11,0,8,8,2018,6,14,5,3,0,2,0,1,1,0,0,0,0,1,8.00994E+20,5.82421E+21,1.34336E+16,5.24848E+16
202056,11,0,9,9,2018,6,14,5,3,1,5,0,1,1,0,0,0,0,0,8.14725E+20,5.82175E+21,1.36329E+16,5.24551E+16
202057,11,0,8,8,2018,6,15,2,3,5,3,0,0,1,0,0,0,1,0,8.00654E+20,5.82365E+21,1.34281E+16,5.248E+16
202058,11,0,5,5,2018,6,13,5,3,2,6,0,0,1,0,0,0,0,1,7.85322E+20,5.82929E+21,1.32078E+16,5.25388E+16
202059,11,0,4,4,2018,6,15,7,3,8,1,0,0,1,0,0,0,0,1,7.91298E+20,5.82973E+21,1.32961E+16,5.25396E+16
202060,11,0,7,7,2018,6,13,5,3,0,1,0,1,0,0,0,0,0,1,7.99343E+20,5.81905E+21,1.34048E+16,5.24395E+16
202061,11,0,6,6,2018,6,15,2,2,5,3,0,1,0,0,0,0,1,0,7.88951E+20,5.8164E+21,1.325E+16,5.24213E+16
202062,11,0,1,1,2018,6,13,5,3,0,5,0,0,1,0,1,0,0,1,7.98088E+20,5.82707E+21,1.33935E+16,5.2512E+16
202063,11,0,8,8,2018,6,15,2,2,2,6,0,0,1,0,0,0,0,0,8.01253E+20,5.81978E+21,1.34334E+16,5.24449E+16
202064,11,0,4,4,2018,6,14,7,3,2,6,0,0,1,0,0,0,0,0,7.92936E+20,5.82553E+21,1.33165E+16,5.25011E+16
202065,11,0,9,9,2018,6,7,2,2,6,4,0,0,1,1,0,0,0,0,8.1421E+20,5.82195E+21,1.36255E+16,5.24571E+16
202066,11,0,8,8,2018,6,13,5,3,5,3,0,1,1,0,0,0,0,0,8.04119E+20,5.81764E+21,1.34735E+16,5.24242E+16
202067,11,0,4,4,2018,6,12,5,3,0,6,0,0,1,0,1,0,0,1,7.93126E+20,5.82608E+21,1.33197E+16,5.25059E+16
202068,11,0,1,1,2018,6,15,2,3,5,2,0,1,1,0,0,0,0,0,7.94898E+20,5.83024E+21,1.33495E+16,5.25422E+16
202069,11,0,7,7,2018,6,3,1,2,9,1,2,0,1,0,0,0,0,1,7.95612E+20,5.82546E+21,1.33557E+16,5.2499E+16
202070,11,0,7,7,2018,6,10,5,3,5,3,0,0,1,0,0,0,0,0,7.97692E+20,5.81877E+21,1.33803E+16,5.24379E+16
202071,11,0,11,11,2018,6,7,2,3,5,3,0,1,0,0,0,0,1,0,8.05586E+20,5.82643E+21,1.35031E+16,5.25022E+16
202072,11,0,6,6,2018,6,10,5,2,5,3,0,1,0,0,0,0,1,0,7.94607E+20,5.82028E+21,1.33364E+16,5.24531E+16
202073,11,0,4,4,2018,6,10,5,3,2,6,0,0,1,0,1,0,0,0,7.93254E+20,5.8269E+21,1.33223E+16,5.25132E+16
202074,11,0,3,3,2018,6,8,2,2,5,2,0,1,0,0,0,0,0,0,7.99785E+20,5.82959E+21,1.34207E+16,5.25337E+16
202075,11,0,3,3,2018,6,10,5,3,5,3,0,0,1,0,0,0,0,0,8.00086E+20,5.83167E+21,1.3427E+16,5.25522E+16
202076,11,0,4,4,2018,6,12,2,3,2,6,0,0,1,0,0,1,0,0,7.90523E+20,5.82648E+21,1.32818E+16,5.25108E+16
202077,11,0,4,4,2018,6,10,5,3,1,1,0,1,1,0,0,0,0,0,7.92706E+20,5.82424E+21,1.3312E+16,5.24896E+16
202078,11,0,3,3,2018,6,9,2,3,2,6,0,0,0,0,0,0,1,0,8.00845E+20,5.83348E+21,1.34398E+16,5.2568E+16
202079,11,0,1,1,2018,6,10,5,3,5,2,0,1,0,0,0,0,1,0,7.97659E+20,5.83188E+21,1.33915E+16,5.25554E+16
202080,11,0,4,4,2018,6,9,2,2,2,6,0,0,1,0,0,0,0,0,7.90893E+20,5.82473E+21,1.32857E+16,5.2495E+16
202081,11,0,11,11,2018,6,10,2,3,5,3,0,0,1,0,0,0,0,0,8.05621E+20,5.83178E+21,1.35085E+16,5.25501E+16
202082,11,0,12,12,2018,6,9,5,3,6,7,0,1,0,1,0,0,0,0,7.90976E+20,5.83583E+21,1.32967E+16,5.25944E+16
202083,11,0,4,4,2018,6,10,2,3,6,7,0,1,0,1,0,0,0,0,7.90466E+20,5.8267E+21,1.32812E+16,5.25128E+16
202084,11,0,8,8,2018,6,9,5,3,5,7,0,0,1,0,1,0,0,0,8.00775E+20,5.82432E+21,1.34305E+16,5.24859E+16
202085,11,0,4,4,2018,6,11,2,3,6,7,0,0,1,1,0,0,0,0,7.93839E+20,5.82399E+21,1.33284E+16,5.24868E+16
202086,11,0,7,7,2018,6,9,5,3,0,3,0,0,1,0,0,0,1,0,7.97681E+20,5.82135E+21,1.33824E+16,5.2461E+16
202087,11,0,3,3,2018,6,9,5,3,6,4,0,0,1,1,0,0,0,0,7.98485E+20,5.83489E+21,1.34064E+16,5.25819E+16
202088,11,0,10,10,2018,6,12,2,3,2,6,0,0,1,0,1,0,0,0,8.096E+20,5.82852E+21,1.3564E+16,5.25186E+16
202089,11,0,9,9,2018,6,8,5,3,5,3,0,1,1,0,0,0,0,0,8.10886E+20,5.82066E+21,1.35755E+16,5.24475E+16
202090,11,0,1,1,2018,6,14,2,3,0,1,0,1,0,0,0,0,0,0,7.99037E+20,5.82895E+21,1.34092E+16,5.25284E+16
202091,11,0,12,12,2018,6,8,2,2,5,3,0,0,1,0,0,0,0,0,7.93845E+20,5.83616E+21,1.33392E+16,5.25958E+16
202092,11,0,5,5,2018,6,7,2,3,0,7,0,1,0,0,0,0,0,1,7.85771E+20,5.82852E+21,1.32138E+16,5.25317E+16
202093,11,0,10,10,2018,6,8,5,3,5,2,0,1,1,0,0,0,0,0,8.11655E+20,5.82978E+21,1.35953E+16,5.25288E+16
202094,11,0,1,1,2018,6,2,2,3,0,1,2,1,0,0,0,0,0,0,7.99972E+20,5.82691E+21,1.34211E+16,5.25096E+16
202095,11,0,12,12,2018,6,15,2,3,2,7,0,0,1,0,0,1,0,0,7.93357E+20,5.83654E+21,1.33324E+16,5.25995E+16
202096,11,0,1,1,2018,6,7,5,3,6,4,0,0,1,1,0,0,0,0,7.9682E+20,5.83029E+21,1.33778E+16,5.25416E+16
202097,11,0,4,4,2018,6,14,2,3,5,2,0,1,0,0,0,0,1,0,7.91354E+20,5.8287E+21,1.3296E+16,5.25303E+16
202098,11,0,1,1,2018,6,7,5,3,5,2,0,1,1,0,0,0,0,0,7.95621E+20,5.83052E+21,1.33603E+16,5.25444E+16
202099,11,0,4,4,2018,6,4,1,3,1,7,0,0,1,1,0,0,0,0,7.93673E+20,5.82596E+21,1.33277E+16,5.25045E+16
202100,11,0,3,3,2018,6,7,5,3,5,3,0,1,1,0,0,0,0,0,8.04265E+20,5.8418E+21,1.34978E+16,5.26407E+16
202101,11,0,8,8,2018,6,23,1,3,5,2,2,0,1,0,0,0,0,0,8.01241E+20,5.82161E+21,1.34349E+16,5.24614E+16
202102,11,0,12,12,2018,6,17,1,3,8,1,0,0,1,0,0,0,0,0,7.90385E+20,5.83935E+21,1.32911E+16,5.26263E+16
202103,11,0,1,1,2018,6,23,1,3,6,4,2,0,1,1,0,0,0,0,7.94649E+20,5.82902E+21,1.33447E+16,5.25314E+16
202104,11,0,2,2,2018,6,8,5,3,6,4,0,1,0,1,0,0,0,0,7.99664E+20,5.82609E+21,1.34158E+16,5.25024E+16
202105,11,0,1,1,2018,6,21,1,3,5,2,1,0,1,0,0,0,0,0,7.94895E+20,5.83024E+21,1.33494E+16,5.25422E+16
202106,11,0,5,5,2018,6,7,5,3,2,6,0,0,1,0,0,0,0,0,7.84843E+20,5.82921E+21,1.32007E+16,5.25384E+16
202107,11,0,1,1,2018,6,21,1,2,6,4,0,0,1,1,0,0,0,0,7.98826E+20,5.82975E+21,1.34068E+16,5.25357E+16
202108,11,0,9,9,2018,6,19,1,3,2,6,0,0,1,0,0,0,1,1,8.10644E+20,5.82106E+21,1.35724E+16,5.24512E+16
202109,11,0,1,1,2018,6,14,7,3,2,6,0,0,1,0,1,0,0,0,7.96605E+20,5.82688E+21,1.33716E+16,5.25112E+16
202110,11,0,1,1,2018,6,20,1,3,5,3,0,1,1,0,0,0,0,0,7.96795E+20,5.83129E+21,1.33783E+16,5.25506E+16
202111,11,0,3,3,2018,6,8,5,3,5,3,0,1,1,0,0,0,0,0,8.01071E+20,5.83143E+21,1.34413E+16,5.25495E+16
202112,11,0,8,8,2018,6,19,1,3,5,3,0,1,1,0,0,0,0,0,8.00772E+20,5.82275E+21,1.34291E+16,5.24719E+16
202113,11,0,1,1,2018,6,19,1,3,5,2,0,1,1,0,0,0,0,0,7.96016E+20,5.83036E+21,1.3366E+16,5.25426E+16
202114,11,0,1,1,2018,6,15,4,3,2,2,0,1,1,0,1,0,0,0,7.98514E+20,5.82906E+21,1.34016E+16,5.25296E+16
202115,11,0,7,7,2018,6,17,1,2,6,2,0,0,1,1,0,0,0,0,7.97142E+20,5.81701E+21,1.33707E+16,5.24224E+16
202116,11,0,2,2,2018,6,9,4,2,5,7,0,0,1,0,0,1,0,0,8.01842E+20,5.82857E+21,1.345E+16,5.25234E+16
202117,11,0,5,5,2018,6,11,7,3,2,6,0,0,1,0,0,0,1,0,7.85424E+20,5.82927E+21,1.32093E+16,5.25386E+16
202118,11,0,3,3,2018,6,19,4,2,5,3,0,1,0,0,0,0,0,0,8.00358E+20,5.83179E+21,1.34311E+16,5.25532E+16
202119,11,0,5,5,2018,6,10,1,3,0,3,0,0,0,0,1,0,1,0,7.83885E+20,5.82655E+21,1.31843E+16,5.2515E+16
202120,11,0,3,3,2018,6,19,4,3,6,4,0,1,0,1,0,0,0,0,8.01401E+20,5.83128E+21,1.3446E+16,5.2548E+16
202121,11,0,1,1,2018,6,17,1,3,0,2,0,1,1,0,0,0,0,0,7.93671E+20,5.83226E+21,1.33332E+16,5.2561E+16
202122,11,0,4,4,2018,6,12,1,3,2,6,0,0,1,0,0,0,0,1,7.88348E+20,5.82601E+21,1.32495E+16,5.25078E+16
202123,11,0,3,3,2018,6,11,7,3,5,3,0,0,1,0,0,0,0,0,7.98593E+20,5.83545E+21,1.34085E+16,5.25869E+16
202124,11,0,1,1,2018,6,19,7,3,2,2,0,0,1,0,0,0,0,0,7.97281E+20,5.83222E+21,1.33863E+16,5.25587E+16
202125,11,0,6,6,2018,6,16,1,3,5,2,0,1,0,0,0,0,0,0,7.8463E+20,5.81989E+21,1.31896E+16,5.24549E+16
202126,11,0,7,7,2018,6,19,4,3,6,4,0,0,1,1,0,0,0,0,7.96073E+20,5.82537E+21,1.33624E+16,5.24979E+16
202127,11,0,2,2,2018,6,16,1,2,1,5,0,1,1,0,0,0,0,0,8.02465E+20,5.82741E+21,1.34581E+16,5.25127E+16
202128,11,0,4,4,2018,6,19,4,3,5,3,0,1,1,0,0,0,0,0,7.90846E+20,5.82674E+21,1.32868E+16,5.2513E+16
202129,11,0,1,1,2018,6,18,4,3,2,6,0,0,1,0,1,0,0,0,7.98447E+20,5.82905E+21,1.34006E+16,5.25296E+16
202130,11,0,1,1,2018,6,16,1,2,6,4,0,0,0,1,1,0,0,0,7.9639E+20,5.83203E+21,1.3373E+16,5.25575E+16
202131,11,0,5,5,2018,6,18,4,2,2,2,0,0,1,0,0,0,0,0,7.80073E+20,5.82769E+21,1.31293E+16,5.25272E+16
202132,11,0,8,8,2018,6,13,2,3,1,5,0,1,1,0,0,0,0,0,8.05793E+20,5.81717E+21,1.34976E+16,5.2419E+16
202133,11,0,4,4,2018,6,10,7,3,6,2,0,0,0,1,1,0,0,0,7.90666E+20,5.826E+21,1.32835E+16,5.25065E+16
202134,11,0,1,1,2018,6,18,4,3,3,6,0,0,1,0,0,1,0,0,7.96958E+20,5.82673E+21,1.33766E+16,5.25096E+16
202135,11,0,5,5,2018,6,15,1,3,2,6,0,0,1,0,0,0,0,0,7.84718E+20,5.82857E+21,1.31983E+16,5.25327E+16
202136,11,0,11,11,2018,6,18,4,3,5,2,0,0,1,0,1,0,0,0,8.05477E+20,5.82696E+21,1.3502E+16,5.2507E+16
202137,11,0,7,7,2018,6,9,7,3,2,4,0,0,1,1,1,0,0,0,7.9499E+20,5.82492E+21,1.33461E+16,5.24945E+16
202138,11,0,7,7,2018,6,18,4,2,5,3,0,1,1,0,0,0,0,0,7.98172E+20,5.81427E+21,1.33833E+16,5.23973E+16
202139,11,0,1,1,2018,6,15,1,3,5,2,0,1,1,0,0,0,0,0,7.96983E+20,5.83017E+21,1.338E+16,5.25405E+16
202140,11,0,6,6,2018,6,17,4,2,0,3,0,1,0,0,1,0,0,0,7.95731E+20,5.81691E+21,1.33499E+16,5.24222E+16
202141,11,0,6,6,2018,6,14,1,3,5,3,0,1,1,0,0,0,0,0,7.9519E+20,5.81877E+21,1.33436E+16,5.24392E+16
202142,11,0,4,4,2018,6,9,1,3,5,2,0,0,1,0,0,0,0,1,7.93342E+20,5.82971E+21,1.33261E+16,5.25383E+16
202143,11,0,1,1,2018,6,2,7,3,2,6,2,0,1,0,0,0,0,1,7.94718E+20,5.82765E+21,1.33445E+16,5.25191E+16
202144,11,0,7,7,2018,6,17,4,3,6,7,0,0,1,1,0,0,0,0,7.95221E+20,5.8256E+21,1.33501E+16,5.25004E+16
202145,11,0,3,3,2018,6,14,1,3,5,3,0,1,1,0,0,0,0,0,8.02794E+20,5.8312E+21,1.34664E+16,5.25465E+16
202146,11,0,4,4,2018,6,17,4,3,2,6,0,0,1,0,0,0,0,0,7.9233E+20,5.82866E+21,1.33103E+16,5.25294E+16
202147,11,0,1,1,2018,6,22,7,2,0,1,2,0,0,0,1,0,1,1,7.97471E+20,5.82883E+21,1.3386E+16,5.25282E+16
202148,11,0,3,3,2018,6,17,4,3,2,6,0,1,1,0,0,0,0,0,7.98248E+20,5.83306E+21,1.34012E+16,5.25656E+16
202149,11,0,10,10,2018,6,14,1,3,1,5,0,0,1,1,0,0,0,0,8.08102E+20,5.83104E+21,1.35443E+16,5.25421E+16
202150,11,0,11,11,2018,6,17,4,3,5,2,0,1,1,0,0,0,0,0,8.05607E+20,5.8243E+21,1.35014E+16,5.2483E+16
202151,11,0,10,10,2018,6,8,2,3,2,6,0,0,1,0,1,0,0,0,8.13006E+20,5.8285E+21,1.3614E+16,5.25165E+16
202152,11,0,1,1,2018,6,23,7,2,1,5,2,0,1,0,0,0,0,1,7.97418E+20,5.83297E+21,1.33889E+16,5.25653E+16
202153,11,0,5,5,2018,6,13,1,3,5,2,0,0,1,0,0,0,0,0,7.85569E+20,5.82617E+21,1.32088E+16,5.25107E+16
202154,11,0,1,1,2018,6,17,4,3,5,2,0,1,1,0,0,0,0,0,7.98772E+20,5.82748E+21,1.34039E+16,5.25154E+16
202155,11,0,5,5,2018,6,13,1,3,2,6,0,0,1,0,0,0,0,0,7.86976E+20,5.82943E+21,1.32323E+16,5.25392E+16
202156,11,0,6,6,2018,6,14,6,3,5,7,0,0,1,0,1,0,0,0,7.89487E+20,5.81906E+21,1.32602E+16,5.24449E+16
202157,11,0,11,11,2018,6,17,4,3,0,2,0,1,0,0,0,0,1,0,8.02414E+20,5.82897E+21,1.34588E+16,5.25267E+16
202158,11,0,3,3,2018,6,12,1,3,0,1,0,1,0,0,0,0,0,0,7.97161E+20,5.83566E+21,1.33876E+16,5.25896E+16
202159,11,0,9,9,2018,6,16,4,3,5,3,0,0,1,0,0,0,0,0,8.1108E+20,5.81558E+21,1.35737E+16,5.24018E+16
202160,11,0,11,11,2018,6,10,1,3,5,3,0,0,1,0,0,0,0,0,8.08011E+20,5.82474E+21,1.35371E+16,5.24857E+16
202161,11,0,12,12,2018,6,17,6,3,6,4,0,0,1,1,0,0,0,0,7.95613E+20,5.83308E+21,1.33625E+16,5.25673E+16
202162,11,0,1,1,2018,6,7,1,3,5,3,0,1,1,0,0,0,0,0,7.95883E+20,5.83206E+21,1.33656E+16,5.2558E+16
202163,11,0,6,6,2018,6,16,4,3,2,6,0,0,1,0,0,0,0,0,7.90333E+20,5.82053E+21,1.32739E+16,5.24576E+16
202164,11,0,10,10,2018,6,16,4,3,2,6,0,0,1,0,0,0,0,0,8.13546E+20,5.82714E+21,1.36206E+16,5.2504E+16
202165,11,0,1,1,2018,6,3,1,2,5,2,2,0,1,0,0,0,0,0,7.95526E+20,5.8282E+21,1.33569E+16,5.25236E+16
202166,11,0,1,1,2018,6,16,4,3,5,3,0,1,1,0,0,0,0,0,7.97766E+20,5.82745E+21,1.33891E+16,5.25156E+16
202167,11,0,12,12,2018,6,0,1,3,1,5,2,1,1,0,0,0,0,0,7.88553E+20,5.83546E+21,1.32607E+16,5.25924E+16
202168,11,0,9,9,2018,6,9,1,3,5,2,0,0,1,0,0,0,0,1,8.05016E+20,5.8227E+21,1.34913E+16,5.24691E+16
202169,11,0,10,10,2018,6,12,6,3,4,7,0,0,1,0,0,0,0,0,8.10256E+20,5.8238E+21,1.35692E+16,5.2476E+16
202170,11,0,4,4,2018,6,15,1,3,1,5,0,1,1,0,0,0,0,0,7.8948E+20,5.82665E+21,1.32667E+16,5.25129E+16
202171,11,0,11,11,2018,6,16,4,3,2,6,0,0,1,0,0,0,1,0,8.04184E+20,5.82956E+21,1.34854E+16,5.2531E+16
202172,11,0,9,9,2018,6,13,7,3,1,5,0,1,1,0,0,0,0,0,8.14509E+20,5.82123E+21,1.36292E+16,5.24505E+16
202173,11,0,7,7,2018,6,10,7,3,6,6,0,0,1,1,0,0,0,0,7.96815E+20,5.82325E+21,1.33714E+16,5.24786E+16
202174,11,0,8,8,2018,6,15,4,3,0,2,0,0,1,0,0,0,1,0,8.00529E+20,5.82446E+21,1.3427E+16,5.24873E+16
202175,11,0,9,9,2018,6,10,7,3,1,3,0,1,1,0,0,0,0,0,8.07786E+20,5.82196E+21,1.35313E+16,5.24609E+16
202176,11,0,7,7,2018,6,1,7,2,5,2,2,0,0,0,1,0,0,0,7.99278E+20,5.81626E+21,1.34013E+16,5.24145E+16
202177,11,0,7,7,2018,6,15,4,3,5,2,0,0,1,0,0,0,0,0,7.94245E+20,5.82203E+21,1.33326E+16,5.2469E+16
202178,11,0,7,7,2018,6,0,7,3,0,3,2,0,1,0,1,0,0,0,7.9758E+20,5.82079E+21,1.33805E+16,5.2456E+16
202179,11,0,6,6,2018,6,14,4,2,5,2,0,0,1,0,0,0,0,0,7.94066E+20,5.81878E+21,1.33271E+16,5.24399E+16
202180,11,0,1,1,2018,6,0,7,3,9,1,2,0,1,0,0,0,0,0,7.93933E+20,5.82881E+21,1.3334E+16,5.253E+16