OBJECTID_1,ULAND,UREGBEZ,UKREIS,UGEMEINDE,UJAHR,UMONAT,USTUNDE,UWOCHENTAG,UKATEGORIE,UART,UTYP1,ULICHTVERH,IstRad,IstPKW,IstFuss,IstKrad,IstGkfz,IstSonstig,STRZUSTAND,LINREFX,LINREFY,XGCSWGS84,YGCSWGS84
202181,11,0,9,9,2018,6,14,4,3,1,5,0,0,1,0,0,0,0,0,8.04134E+20,5.82362E+21,1.34792E+16,5.24778E+16
202182,11,0,8,8,2018,6,23,7,3,6,4,2,1,0,1,0,0,0,0,8.00898E+20,5.82498E+21,1.34329E+16,5.24918E+16
202183,11,0,1,1,2018,6,21,1,2,0,1,2,1,0,0,0,0,0,0,7.97907E+20,5.82929E+21,1.33928E+16,5.25321E+16
202184,11,0,3,3,2018,6,11,6,3,2,6,0,0,1,0,0,0,0,1,8.02747E+20,5.83173E+21,1.34662E+16,5.25513E+16
202185,11,0,12,12,2018,6,21,7,3,0,1,0,1,0,0,0,0,0,0,7.91752E+20,5.83686E+21,1.3309E+16,5.26033E+16
202186,11,0,3,3,2018,6,12,4,3,1,7,0,0,1,0,0,0,0,0,8.0207E+20,5.82958E+21,1.34543E+16,5.25324E+16
202187,11,0,1,1,2018,6,20,7,3,5,7,1,1,1,0,0,0,0,0,7.97629E+20,5.8282E+21,1.33878E+16,5.25225E+16
202188,11,0,12,12,2018,6,16,7,3,0,2,0,0,1,1,0,0,0,1,7.9063E+20,5.83598E+21,1.32917E+16,5.25959E+16
202189,11,0,2,2,2018,6,20,7,3,5,3,0,1,0,0,1,0,0,0,7.98901E+20,5.82509E+21,1.34037E+16,5.24939E+16
202190,11,0,4,4,2018,6,12,4,3,5,7,0,1,1,0,0,0,0,0,7.91185E+20,5.8251E+21,1.32904E+16,5.24981E+16
202191,11,0,6,6,2018,6,18,7,3,5,3,0,0,1,0,0,0,0,0,7.92366E+20,5.81847E+21,1.33019E+16,5.24381E+16
202192,11,0,10,10,2018,6,13,4,3,5,3,0,1,1,0,0,0,0,0,8.09534E+20,5.8269E+21,1.35615E+16,5.25042E+16
202193,11,0,12,12,2018,6,11,6,3,2,6,0,0,1,0,0,1,1,1,7.90231E+20,5.83369E+21,1.32839E+16,5.25756E+16
202194,11,0,10,10,2018,6,12,4,3,6,4,0,0,1,1,0,0,0,0,8.12114E+20,5.8309E+21,1.36031E+16,5.25386E+16
202195,11,0,7,7,2018,6,18,7,3,2,7,0,0,1,0,0,0,1,0,8.00071E+20,5.82193E+21,1.3418E+16,5.24649E+16
202196,11,0,11,11,2018,6,12,4,3,0,7,0,0,0,0,1,0,0,1,8.06377E+20,5.83218E+21,1.352E+16,5.25533E+16
202197,11,0,2,2,2018,6,18,7,3,5,2,0,1,1,0,0,0,0,0,8.00207E+20,5.82598E+21,1.34237E+16,5.25011E+16
202198,11,0,1,1,2018,6,11,1,3,5,3,0,0,1,0,0,0,0,1,8.00149E+20,5.82662E+21,1.34234E+16,5.25069E+16
202199,11,0,1,1,2018,6,9,6,3,5,2,0,1,1,0,0,0,0,0,7.95035E+20,5.82916E+21,1.33505E+16,5.25325E+16
202200,11,0,3,3,2018,6,13,4,3,5,3,0,1,1,0,0,0,0,0,8.01816E+20,5.83028E+21,1.34512E+16,5.25388E+16
202201,11,0,10,10,2018,6,17,7,3,5,7,0,0,1,0,0,0,0,0,8.132E+20,5.82594E+21,1.36144E+16,5.24935E+16
202202,11,0,2,2,2018,6,12,4,2,5,2,0,1,1,0,0,1,0,0,7.97089E+20,5.82471E+21,1.33767E+16,5.24915E+16
202203,11,0,6,6,2018,6,16,7,3,4,6,0,0,1,0,0,0,0,0,7.86758E+20,5.81813E+21,1.32193E+16,5.2438E+16
202204,11,0,3,3,2018,6,14,1,3,5,3,0,1,1,0,0,0,0,0,8.03886E+20,5.83953E+21,1.34901E+16,5.26205E+16
202205,11,0,5,5,2018,6,15,7,3,0,7,0,0,1,0,0,0,0,0,7.84343E+20,5.82869E+21,1.31929E+16,5.2534E+16
202206,11,0,4,4,2018,6,12,4,3,5,2,0,0,1,0,1,0,0,0,7.92974E+20,5.82756E+21,1.33188E+16,5.25192E+16
202207,11,0,7,7,2018,6,15,7,3,0,7,0,0,1,0,0,0,0,0,7.98541E+20,5.8168E+21,1.3391E+16,5.24198E+16
202208,11,0,1,1,2018,6,11,4,3,5,2,0,1,0,0,0,0,1,0,7.95453E+20,5.82772E+21,1.33554E+16,5.25193E+16
202209,11,0,9,9,2018,6,11,4,3,2,6,0,0,1,0,0,0,0,0,8.12057E+20,5.82116E+21,1.35932E+16,5.24513E+16
202210,11,0,12,12,2018,6,15,7,2,5,2,0,0,1,0,1,0,0,0,7.91167E+20,5.83403E+21,1.32979E+16,5.25782E+16
202211,11,0,7,7,2018,6,11,4,2,5,3,0,0,1,0,0,0,0,0,7.94955E+20,5.8254E+21,1.3346E+16,5.24988E+16
202212,11,0,4,4,2018,6,10,4,3,5,2,0,0,1,0,0,0,0,0,7.91857E+20,5.82745E+21,1.33023E+16,5.25188E+16
202213,11,0,12,12,2018,6,13,7,2,1,5,0,1,1,0,0,0,0,0,7.96735E+20,5.83337E+21,1.33793E+16,5.25693E+16
202214,11,0,7,7,2018,6,10,4,2,5,2,0,0,1,0,1,0,0,0,7.94239E+20,5.82203E+21,1.33325E+16,5.2469E+16
202215,11,0,4,4,2018,6,13,7,3,3,6,0,0,1,0,0,0,1,0,7.91981E+20,5.82403E+21,1.33011E+16,5.24881E+16
202216,11,0,8,8,2018,6,23,7,3,2,6,2,0,1,0,0,0,0,1,8.00543E+20,5.82335E+21,1.34262E+16,5.24774E+16
202217,11,0,5,5,2018,6,12,7,3,5,6,0,0,1,0,1,0,0,0,7.83188E+20,5.83081E+21,1.31777E+16,5.25535E+16
202218,11,0,8,8,2018,6,10,4,3,5,3,0,0,1,0,1,0,0,0,8.02007E+20,5.82389E+21,1.34482E+16,5.24814E+16
202219,11,0,3,3,2018,6,10,4,3,5,3,0,1,1,0,0,0,0,0,8.011E+20,5.83469E+21,1.34447E+16,5.25787E+16
202220,11,0,7,7,2018,6,10,4,3,5,2,0,1,1,0,0,0,0,0,7.94426E+20,5.82193E+21,1.33352E+16,5.2468E+16
202221,11,0,4,4,2018,6,11,7,3,0,7,0,0,0,0,1,0,0,1,7.92737E+20,5.8264E+21,1.33143E+16,5.2509E+16
202222,11,0,9,9,2018,6,10,4,3,1,7,0,0,1,0,0,0,0,0,8.11929E+20,5.8167E+21,1.35871E+16,5.24114E+16
202223,11,0,1,1,2018,6,9,4,3,1,5,0,1,1,0,0,0,0,0,7.98333E+20,5.82866E+21,1.33985E+16,5.25262E+16
202224,11,0,9,9,2018,6,11,7,3,5,2,0,1,1,0,0,0,0,0,8.1247E+20,5.81976E+21,1.35979E+16,5.24385E+16
202225,11,0,1,1,2018,6,9,4,3,2,6,0,0,1,0,0,0,0,0,7.95195E+20,5.83136E+21,1.33548E+16,5.25521E+16
202226,11,0,11,11,2018,6,13,2,3,2,6,0,0,1,0,0,0,0,0,8.05148E+20,5.8316E+21,1.35014E+16,5.25487E+16
202227,11,0,8,8,2018,6,8,4,3,5,2,0,1,1,0,0,0,0,0,8.01559E+20,5.82065E+21,1.34387E+16,5.24526E+16
202228,11,0,11,11,2018,6,10,7,3,6,7,0,1,0,1,0,0,0,0,8.04183E+20,5.82986E+21,1.34856E+16,5.25337E+16
202229,11,0,1,1,2018,6,18,4,3,0,1,0,1,0,0,0,0,0,0,7.98637E+20,5.82846E+21,1.34028E+16,5.25242E+16
202230,11,0,3,3,2018,6,10,7,3,1,5,0,1,1,0,0,0,0,0,7.98844E+20,5.83323E+21,1.34102E+16,5.25668E+16
202231,11,0,2,2,2018,6,9,7,2,1,5,0,1,1,0,0,0,0,0,8.00036E+20,5.82593E+21,1.34211E+16,5.25008E+16
202232,11,0,1,1,2018,6,8,4,3,1,5,0,1,1,0,0,0,0,0,7.97063E+20,5.82882E+21,1.338E+16,5.25283E+16
202233,11,0,9,9,2018,6,8,4,3,5,5,0,1,1,0,0,0,0,0,8.06196E+20,5.82103E+21,1.35071E+16,5.24535E+16
202234,11,0,3,3,2018,6,8,7,3,5,2,0,0,1,0,0,0,0,0,8.02067E+20,5.83278E+21,1.34572E+16,5.2561E+16
202235,11,0,5,5,2018,6,7,4,3,2,6,0,0,1,0,0,0,0,0,7.84092E+20,5.82739E+21,1.31881E+16,5.25224E+16
202236,11,0,1,1,2018,6,1,6,3,5,5,2,0,1,0,0,0,0,0,7.97189E+20,5.83188E+21,1.33846E+16,5.25557E+16
202237,11,0,8,8,2018,6,19,1,2,5,3,1,1,1,0,0,0,0,1,8.00527E+20,5.82337E+21,1.3426E+16,5.24776E+16
202238,11,0,7,7,2018,6,22,7,3,5,3,2,1,1,0,0,0,0,1,7.96257E+20,5.8243E+21,1.33642E+16,5.24883E+16
202239,11,0,4,4,2018,6,15,6,3,2,6,0,1,1,0,0,0,0,0,7.93362E+20,5.8252E+21,1.33224E+16,5.24979E+16
202240,11,0,10,10,2018,6,7,4,3,5,3,0,0,1,0,0,0,1,0,8.08252E+20,5.83173E+21,1.35471E+16,5.25482E+16
202241,11,0,2,2,2018,6,0,6,3,1,5,2,1,1,0,0,0,0,0,8.01393E+20,5.82602E+21,1.34411E+16,5.25009E+16
202242,11,0,1,1,2018,6,6,4,3,5,3,0,0,1,0,0,0,1,0,7.96943E+20,5.83309E+21,1.33821E+16,5.25667E+16
202243,11,0,4,4,2018,6,8,2,3,5,2,0,1,0,0,0,0,1,0,7.92685E+20,5.82309E+21,1.33106E+16,5.24793E+16
202244,11,0,12,12,2018,6,14,6,3,6,4,0,0,0,1,0,0,1,0,7.90543E+20,5.83535E+21,1.32899E+16,5.25903E+16
202245,11,0,5,5,2018,6,15,3,3,5,2,0,1,1,0,0,0,0,0,7.84764E+20,5.83047E+21,1.32006E+16,5.25497E+16
202246,11,0,4,4,2018,6,17,6,3,5,2,0,1,1,0,0,0,0,0,7.92589E+20,5.82485E+21,1.33108E+16,5.24951E+16
202247,11,0,9,9,2018,6,17,6,3,5,3,0,1,1,0,0,0,0,0,8.10133E+20,5.82041E+21,1.35643E+16,5.24457E+16
202248,11,0,2,2,2018,6,9,3,3,1,6,0,1,1,0,0,0,1,0,7.99299E+20,5.82456E+21,1.3409E+16,5.24889E+16
202249,11,0,9,9,2018,6,18,6,3,5,7,0,0,1,0,1,0,0,0,8.08534E+20,5.8181E+21,1.35387E+16,5.24258E+16
202250,11,0,1,1,2018,6,14,3,2,2,2,0,1,0,0,0,1,0,0,7.97539E+20,5.82753E+21,1.33859E+16,5.25165E+16
202251,11,0,4,4,2018,6,19,6,3,3,6,0,0,1,0,0,0,0,0,7.91207E+20,5.82913E+21,1.32942E+16,5.25343E+16
202252,11,0,6,6,2018,6,15,3,3,5,3,0,1,1,0,0,0,0,0,7.92633E+20,5.81816E+21,1.33056E+16,5.24351E+16
202253,11,0,2,2,2018,6,22,6,3,2,6,2,0,1,0,0,0,0,0,7.99235E+20,5.82624E+21,1.34096E+16,5.2504E+16
202254,11,0,4,4,2018,6,17,1,3,2,6,0,0,1,0,0,0,0,0,7.90396E+20,5.82561E+21,1.32792E+16,5.25031E+16
202255,11,0,9,9,2018,6,16,3,2,5,3,0,1,1,0,0,0,0,0,8.12148E+20,5.8204E+21,1.35938E+16,5.24444E+16
202256,11,0,12,12,2018,6,22,6,3,1,1,2,0,1,0,0,0,1,0,7.92451E+20,5.83255E+21,1.33155E+16,5.25643E+16
202257,11,0,7,7,2018,6,7,7,3,0,1,0,0,0,0,1,0,0,0,8.00299E+20,5.81371E+21,1.3414E+16,5.23911E+16
202258,11,0,1,1,2018,6,15,5,3,0,6,0,0,1,0,1,0,0,0,7.99074E+20,5.82759E+21,1.34085E+16,5.25162E+16
202259,11,0,4,4,2018,6,3,5,3,6,4,2,0,1,1,0,0,0,0,7.92684E+20,5.8253E+21,1.33126E+16,5.24991E+16
202260,11,0,1,1,2018,6,12,6,3,5,2,0,1,1,0,0,0,0,0,7.99227E+20,5.82847E+21,1.34115E+16,5.2524E+16
202261,11,0,4,4,2018,6,9,5,3,5,2,0,1,0,0,0,0,1,0,7.90697E+20,5.8227E+21,1.32811E+16,5.24768E+16
202262,11,0,1,1,2018,7,4,2,2,0,1,1,1,0,0,0,0,0,0,7.9796E+20,5.82931E+21,1.33936E+16,5.25322E+16
202263,11,0,8,8,2018,6,23,5,3,2,6,2,0,1,0,0,0,0,0,8.01464E+20,5.82093E+21,1.34376E+16,5.24552E+16
202264,11,0,6,6,2018,6,9,6,3,5,3,0,1,1,0,0,0,0,0,7.88775E+20,5.81981E+21,1.32504E+16,5.2452E+16
202265,11,0,3,3,2018,6,19,7,3,5,3,0,0,1,0,1,0,0,0,7.99165E+20,5.83027E+21,1.34122E+16,5.25401E+16
202266,11,0,4,4,2018,6,22,5,3,6,4,2,1,0,1,0,0,0,0,7.92397E+20,5.82719E+21,1.331E+16,5.25162E+16
202267,11,0,6,6,2018,6,22,5,3,9,1,2,0,0,0,0,0,1,0,7.87234E+20,5.81654E+21,1.3225E+16,5.24235E+16
202268,11,0,9,9,2018,6,16,6,3,5,2,0,1,1,0,0,0,0,0,8.03072E+20,5.82459E+21,1.34645E+16,5.24871E+16
202269,11,0,4,4,2018,6,20,5,2,5,2,1,0,1,0,0,0,0,0,7.90851E+20,5.82674E+21,1.32869E+16,5.2513E+16
202270,11,0,3,3,2018,6,20,5,3,5,5,0,1,1,0,0,0,0,0,7.99492E+20,5.82971E+21,1.34165E+16,5.25349E+16
202271,11,0,1,1,2018,6,19,5,3,5,7,0,0,1,0,1,0,0,0,7.94368E+20,5.82837E+21,1.334E+16,5.25257E+16
202272,11,0,5,5,2018,7,14,1,3,0,3,0,0,0,0,1,0,1,0,7.81895E+20,5.82948E+21,1.31576E+16,5.25423E+16
202273,11,0,8,8,2018,6,19,5,3,1,5,0,0,1,0,1,0,0,0,8.00386E+20,5.82411E+21,1.34246E+16,5.24843E+16
202274,11,0,2,2,2018,6,19,5,3,5,3,0,1,1,0,0,0,0,0,8.03139E+20,5.8283E+21,1.34688E+16,5.25203E+16
202275,11,0,6,6,2018,6,10,6,3,5,3,0,1,1,0,0,0,0,0,7.91393E+20,5.81934E+21,1.32884E+16,5.24464E+16
202276,11,0,9,9,2018,6,8,5,3,5,3,0,1,1,0,0,0,0,0,8.10173E+20,5.81967E+21,1.35642E+16,5.2439E+16
202277,11,0,2,2,2018,7,18,1,3,5,2,0,1,1,0,0,0,0,0,7.987E+20,5.8247E+21,1.34004E+16,5.24905E+16
202278,11,0,5,5,2018,6,18,5,3,0,7,0,0,0,0,1,0,0,0,7.82755E+20,5.82941E+21,1.31702E+16,5.25412E+16
202279,11,0,5,5,2018,6,9,6,3,5,3,0,1,1,0,0,0,0,0,7.8949E+20,5.82942E+21,1.32692E+16,5.25378E+16
202280,11,0,8,8,2018,6,18,7,3,5,2,0,1,1,0,0,0,0,0,8.02281E+20,5.81784E+21,1.34468E+16,5.2427E+16
202281,11,0,7,7,2018,6,13,5,3,0,6,0,1,1,0,0,0,0,0,7.96016E+20,5.82352E+21,1.33599E+16,5.24814E+16
202282,11,0,7,7,2018,6,7,5,3,6,4,0,1,0,1,0,0,0,0,7.96135E+20,5.82495E+21,1.33629E+16,5.24942E+16
202283,11,0,7,7,2018,6,18,6,3,5,3,0,0,1,0,0,0,0,0,7.94957E+20,5.8254E+21,1.3346E+16,5.24988E+16
202284,11,0,2,2,2018,6,2,5,3,5,2,2,1,1,0,0,0,0,0,8.00419E+20,5.82579E+21,1.34266E+16,5.24993E+16
202285,11,0,1,1,2018,7,16,2,3,0,1,0,1,0,0,0,0,0,0,7.98306E+20,5.82937E+21,1.33988E+16,5.25326E+16
202286,11,0,4,4,2018,6,19,5,3,5,2,0,1,1,0,0,0,0,0,7.93331E+20,5.82357E+21,1.33205E+16,5.24832E+16
202287,11,0,8,8,2018,6,16,6,3,0,7,0,0,0,0,1,0,0,0,7.99851E+20,5.82365E+21,1.34163E+16,5.24805E+16
202288,11,0,1,1,2018,6,18,5,2,2,2,0,1,1,0,0,0,0,0,8.00478E+20,5.8267E+21,1.34283E+16,5.25074E+16
202289,11,0,9,9,2018,7,12,1,3,2,2,0,0,1,0,0,0,0,0,8.10469E+20,5.82027E+21,1.3569E+16,5.24442E+16
202290,11,0,1,1,2018,6,18,5,3,5,2,0,0,1,0,1,0,0,0,7.96054E+20,5.83135E+21,1.33674E+16,5.25515E+16
202291,11,0,4,4,2018,6,13,7,2,5,3,0,1,1,0,0,0,0,0,7.89491E+20,5.82679E+21,1.32669E+16,5.25142E+16
202292,11,0,9,9,2018,6,18,5,3,5,2,0,1,1,0,0,0,0,0,8.09327E+20,5.81852E+21,1.35507E+16,5.24292E+16
202293,11,0,5,5,2018,6,17,7,3,1,5,0,0,1,0,1,0,0,0,7.80125E+20,5.81986E+21,1.31235E+16,5.24569E+16
202294,11,0,3,3,2018,6,18,5,3,5,3,0,0,1,0,1,0,0,0,7.9899E+20,5.83179E+21,1.3411E+16,5.25539E+16
202295,11,0,7,7,2018,6,15,6,3,6,4,0,0,1,1,0,0,0,0,7.9784E+20,5.82043E+21,1.33839E+16,5.24526E+16
202296,11,0,6,6,2018,6,17,5,3,5,3,0,1,0,0,0,0,0,0,7.95328E+20,5.81931E+21,1.33461E+16,5.2444E+16
202297,11,0,3,3,2018,7,11,2,3,6,4,0,0,1,1,0,0,0,0,7.9918E+20,5.83074E+21,1.34129E+16,5.25444E+16
202298,11,0,11,11,2018,6,8,5,3,5,3,0,1,1,0,0,0,0,0,8.06275E+20,5.82448E+21,1.35114E+16,5.24843E+16
202299,11,0,6,6,2018,6,17,6,3,5,2,0,0,1,0,1,0,0,0,7.93963E+20,5.81866E+21,1.33255E+16,5.24389E+16
202300,11,0,6,6,2018,7,14,1,2,5,2,0,0,1,0,0,0,0,0,7.93305E+20,5.81695E+21,1.33144E+16,5.2424E+16
202301,11,0,12,12,2018,6,16,5,3,5,2,0,0,1,0,0,0,0,0,7.91284E+20,5.83413E+21,1.32997E+16,5.25791E+16
202302,11,0,6,6,2018,6,10,7,2,0,2,0,1,0,0,0,0,1,0,7.84167E+20,5.81618E+21,1.31797E+16,5.24219E+16
202303,11,0,6,6,2018,6,16,5,3,5,3,0,0,1,0,0,0,0,0,7.92986E+20,5.81656E+21,1.33093E+16,5.24206E+16
202304,11,0,12,12,2018,6,13,6,3,5,2,0,0,1,0,1,0,0,0,7.93078E+20,5.8369E+21,1.33286E+16,5.26029E+16
202305,11,0,5,5,2018,6,15,5,3,5,5,0,0,1,0,1,0,0,0,7.84074E+20,5.82902E+21,1.31892E+16,5.2537E+16
202306,11,0,1,1,2018,7,7,2,3,2,2,0,0,1,0,0,0,0,0,7.97198E+20,5.8275E+21,1.33808E+16,5.25164E+16
202307,11,0,12,12,2018,6,15,5,3,1,5,0,1,1,0,0,0,0,0,7.89649E+20,5.83466E+21,1.32761E+16,5.25847E+16
202308,11,0,5,5,2018,6,8,6,3,2,6,0,0,1,0,0,0,0,0,7.83899E+20,5.82659E+21,1.31846E+16,5.25153E+16
202309,11,0,3,3,2018,6,15,6,3,5,7,0,0,1,0,1,0,0,0,8.0337E+20,5.83405E+21,1.34775E+16,5.25717E+16
202310,11,0,2,2,2018,6,15,5,3,6,4,0,0,0,1,1,0,0,0,7.9764E+20,5.82402E+21,1.33842E+16,5.2485E+16
202311,11,0,1,1,2018,7,8,2,2,5,2,0,1,1,0,0,0,0,0,7.96036E+20,5.82669E+21,1.3363E+16,5.25098E+16
202312,11,0,11,11,2018,6,9,5,3,5,3,0,0,1,0,0,0,1,0,8.06564E+20,5.82493E+21,1.35161E+16,5.24882E+16
202313,11,0,1,1,2018,6,8,6,3,0,7,0,0,0,1,0,0,1,0,7.95511E+20,5.8282E+21,1.33567E+16,5.25236E+16
202314,11,0,9,9,2018,7,3,1,2,6,4,2,0,1,1,0,0,0,0,8.11047E+20,5.82186E+21,1.3579E+16,5.24582E+16
202315,11,0,3,3,2018,6,8,5,3,3,6,0,1,1,0,0,0,0,0,8.04553E+20,5.84088E+21,1.35012E+16,5.26323E+16
202316,11,0,4,4,2018,6,4,7,3,1,5,0,1,1,0,0,0,0,0,7.91658E+20,5.82634E+21,1.32984E+16,5.2509E+16
202317,11,0,1,1,2018,6,15,5,2,3,5,0,0,0,0,1,0,1,0,7.97879E+20,5.8308E+21,1.33938E+16,5.25456E+16
202318,11,0,4,4,2018,6,14,5,3,5,3,0,1,1,0,0,0,0,0,7.91988E+20,5.82475E+21,1.33018E+16,5.24945E+16
202319,11,0,1,1,2018,6,6,6,3,5,3,0,0,1,0,0,0,1,0,7.97851E+20,5.82696E+21,1.33899E+16,5.25112E+16
202320,11,0,6,6,2018,6,14,5,3,6,2,0,0,1,1,0,0,0,0,7.89879E+20,5.81655E+21,1.32638E+16,5.24221E+16
202321,11,0,3,3,2018,7,20,1,3,0,3,1,0,1,0,0,0,1,0,7.99253E+20,5.83321E+21,1.34162E+16,5.25665E+16
202322,11,0,2,2,2018,6,14,5,3,2,2,0,0,1,0,0,0,1,0,8.00585E+20,5.82702E+21,1.34302E+16,5.25103E+16
202323,11,0,4,4,2018,6,8,6,3,5,2,0,1,0,0,0,1,0,0,7.91584E+20,5.82511E+21,1.32962E+16,5.2498E+16
202324,11,0,1,1,2018,6,18,7,3,5,2,0,0,1,0,0,0,0,0,7.95433E+20,5.82953E+21,1.33567E+16,5.25356E+16
202325,11,0,1,1,2018,6,13,5,3,3,6,0,1,0,0,0,0,1,0,7.93368E+20,5.82853E+21,1.33255E+16,5.25277E+16
202326,11,0,1,1,2018,6,17,6,3,5,2,0,1,1,0,0,0,0,0,7.94553E+20,5.8275E+21,1.3342E+16,5.25178E+16
202327,11,0,2,2,2018,6,22,7,3,6,7,1,1,0,1,0,0,0,0,8.00021E+20,5.82573E+21,1.34207E+16,5.2499E+16
202328,11,0,12,12,2018,6,13,5,3,2,6,0,0,1,0,0,1,0,0,7.90354E+20,5.83489E+21,1.32867E+16,5.25864E+16
202329,11,0,2,2,2018,6,12,5,3,1,5,0,0,1,0,0,0,0,0,8.02147E+20,5.82802E+21,1.3454E+16,5.25184E+16
202330,11,0,8,8,2018,6,7,6,3,6,7,0,0,1,1,0,0,0,0,8.00781E+20,5.82382E+21,1.34301E+16,5.24814E+16
202331,11,0,12,12,2018,6,7,5,3,0,1,0,1,0,0,0,0,0,0,7.92092E+20,5.83711E+21,1.33143E+16,5.26053E+16
202332,11,0,6,6,2018,6,12,5,3,1,5,0,1,1,0,0,0,0,0,7.84943E+20,5.81773E+21,1.31924E+16,5.24354E+16
202333,11,0,4,4,2018,6,8,5,3,1,5,0,1,1,0,0,0,0,0,7.92249E+20,5.82489E+21,1.33058E+16,5.24957E+16
202334,11,0,5,5,2018,7,16,1,3,0,1,0,0,1,0,0,0,0,0,7.86996E+20,5.82946E+21,1.32326E+16,5.25394E+16
202335,11,0,9,9,2018,6,9,5,2,2,2,0,1,1,0,0,0,0,0,8.13695E+20,5.82074E+21,1.36168E+16,5.24466E+16
202336,11,0,7,7,2018,6,8,6,3,5,3,0,1,0,0,0,0,0,0,7.95714E+20,5.82546E+21,1.33572E+16,5.2499E+16
202337,11,0,12,12,2018,6,18,7,3,3,2,0,0,1,0,1,0,0,0,7.92339E+20,5.83392E+21,1.33151E+16,5.25766E+16
202338,11,0,4,4,2018,6,9,5,3,6,7,0,0,1,1,0,0,0,0,7.89145E+20,5.82692E+21,1.3262E+16,5.25155E+16
202339,11,0,12,12,2018,6,19,4,3,3,2,0,0,1,0,0,0,0,0,7.92183E+20,5.83294E+21,1.33119E+16,5.25679E+16
202340,11,0,2,2,2018,6,20,6,2,5,3,0,1,1,0,0,0,0,0,7.99787E+20,5.82482E+21,1.34165E+16,5.2491E+16
202341,11,0,4,4,2018,6,20,4,3,2,6,0,0,1,0,0,0,0,0,7.91567E+20,5.82652E+21,1.32972E+16,5.25106E+16
202342,11,0,1,1,2018,7,13,2,3,6,7,0,0,1,1,0,0,0,0,7.9671E+20,5.83115E+21,1.33769E+16,5.25494E+16
202343,11,0,4,4,2018,6,19,4,3,5,2,0,1,0,0,0,0,0,0,7.9285E+20,5.8241E+21,1.33139E+16,5.24882E+16
202344,11,0,8,8,2018,6,8,6,3,6,2,0,0,1,1,0,0,0,0,8.01979E+20,5.8176E+21,1.34421E+16,5.2425E+16
202345,11,0,7,7,2018,6,7,4,3,7,7,0,1,0,0,0,0,0,0,7.94058E+20,5.82261E+21,1.33304E+16,5.24743E+16
202346,11,0,11,11,2018,6,18,4,3,2,6,0,1,1,0,0,0,0,0,8.05594E+20,5.82432E+21,1.35013E+16,5.24832E+16
202347,11,0,9,9,2018,6,8,6,3,5,2,0,0,1,0,1,0,0,0,8.09017E+20,5.81888E+21,1.35465E+16,5.24326E+16
202348,11,0,9,9,2018,6,16,4,2,5,2,0,0,0,0,1,0,1,0,8.0979E+20,5.8205E+21,1.35593E+16,5.24466E+16
202349,11,0,8,8,2018,7,14,1,3,0,1,0,0,0,0,1,0,0,0,8.01224E+20,5.82167E+21,1.34347E+16,5.24619E+16
202350,11,0,2,2,2018,6,21,4,3,5,3,1,0,1,0,0,0,0,0,7.98596E+20,5.82558E+21,1.33996E+16,5.24985E+16
202351,11,0,7,7,2018,6,16,7,3,3,6,0,1,1,0,0,0,0,0,7.95603E+20,5.82421E+21,1.33545E+16,5.24877E+16
202352,11,0,9,9,2018,6,20,4,3,2,2,0,1,1,0,0,0,0,0,8.16578E+20,5.81746E+21,1.3656E+16,5.24155E+16
202353,11,0,11,11,2018,6,15,6,3,5,2,0,0,1,0,0,0,0,0,8.07276E+20,5.82457E+21,1.35262E+16,5.24845E+16
202354,11,0,9,9,2018,6,20,4,3,1,5,0,0,1,0,0,0,1,0,8.04483E+20,5.82188E+21,1.34827E+16,5.2462E+16
202355,11,0,1,1,2018,7,9,2,2,5,7,0,0,1,0,0,0,0,0,7.96525E+20,5.82989E+21,1.33731E+16,5.25382E+16
202356,11,0,8,8,2018,6,20,4,3,5,7,0,1,1,0,0,0,0,0,8.04991E+20,5.81776E+21,1.34864E+16,5.24248E+16
202357,11,0,11,11,2018,6,7,6,3,3,6,0,1,1,0,0,0,0,0,8.0605E+20,5.82446E+21,1.35081E+16,5.24842E+16
202358,11,0,10,10,2018,7,13,1,2,0,2,0,1,1,0,0,0,0,0,8.09484E+20,5.83464E+21,1.3568E+16,5.25736E+16
202359,11,0,4,4,2018,6,20,4,3,3,6,0,1,1,0,0,0,0,0,7.942E+20,5.82351E+21,1.33332E+16,5.24822E+16
202360,11,0,5,5,2018,6,9,7,3,0,5,0,0,1,0,1,0,0,0,7.84661E+20,5.82883E+21,1.31977E+16,5.2535E+16
202361,11,0,8,8,2018,7,7,1,3,5,2,0,0,1,0,0,0,0,0,8.02711E+20,5.82212E+21,1.34569E+16,5.24651E+16
202362,11,0,8,8,2018,6,19,4,3,5,7,0,0,1,0,1,0,0,0,8.00548E+20,5.82288E+21,1.34259E+16,5.24732E+16
202363,11,0,7,7,2018,6,12,7,3,5,7,0,1,1,0,0,0,0,0,7.95021E+20,5.82204E+21,1.3344E+16,5.24687E+16
202364,11,0,3,3,2018,6,10,4,3,0,3,0,0,1,0,1,0,0,0,8.01537E+20,5.83185E+21,1.34485E+16,5.2553E+16
202365,11,0,1,1,2018,6,14,6,3,1,5,0,1,1,0,0,0,0,0,7.99611E+20,5.82664E+21,1.34155E+16,5.25073E+16
202366,11,0,10,10,2018,6,19,4,3,5,3,0,1,1,0,0,0,0,0,8.09406E+20,5.83223E+21,1.35646E+16,5.2552E+16
202367,11,0,11,11,2018,7,8,2,3,5,2,0,1,1,0,0,0,0,0,8.02569E+20,5.82928E+21,1.34614E+16,5.25294E+16
202368,11,0,9,9,2018,6,19,4,3,5,3,0,1,1,0,0,0,0,0,8.08273E+20,5.81714E+21,1.3534E+16,5.24174E+16