OBJECTID_1,ULAND,UREGBEZ,UKREIS,UGEMEINDE,UJAHR,UMONAT,USTUNDE,UWOCHENTAG,UKATEGORIE,UART,UTYP1,ULICHTVERH,IstRad,IstPKW,IstFuss,IstKrad,IstGkfz,IstSonstig,STRZUSTAND,LINREFX,LINREFY,XGCSWGS84,YGCSWGS84
202369,11,0,9,9,2018,6,8,6,3,5,7,0,1,1,0,0,0,0,0,8.0922E+20,5.82302E+21,1.35533E+16,5.24696E+16
202370,11,0,4,4,2018,7,19,1,2,5,3,0,0,1,0,0,0,1,0,7.90358E+20,5.82732E+21,1.32802E+16,5.25185E+16
202371,11,0,8,8,2018,6,19,4,3,3,6,0,1,0,0,0,1,0,0,8.01255E+20,5.82404E+21,1.34373E+16,5.24832E+16
202372,11,0,2,2,2018,6,0,7,3,5,3,2,1,1,0,0,0,0,0,7.99301E+20,5.82618E+21,1.34105E+16,5.25034E+16
202373,11,0,12,12,2018,6,18,4,3,6,2,0,0,1,1,0,0,0,0,7.95277E+20,5.83638E+21,1.33605E+16,5.2597E+16
202374,11,0,5,5,2018,6,18,4,3,5,3,0,1,1,0,0,0,0,0,7.86925E+20,5.82932E+21,1.32314E+16,5.25382E+16
202375,11,0,2,2,2018,6,10,6,3,4,6,0,1,0,0,0,0,0,0,7.99551E+20,5.82452E+21,1.34127E+16,5.24884E+16
202376,11,0,3,3,2018,6,17,4,3,5,2,0,0,1,0,1,0,0,0,7.9956E+20,5.83106E+21,1.34187E+16,5.2547E+16
202377,11,0,4,4,2018,7,19,1,3,5,7,0,1,1,0,0,0,0,0,7.93378E+20,5.82785E+21,1.3325E+16,5.25216E+16
202378,11,0,8,8,2018,6,16,4,3,5,2,0,0,1,0,1,0,0,0,8.00476E+20,5.81668E+21,1.34193E+16,5.24176E+16
202379,11,0,11,11,2018,6,12,6,3,2,6,0,0,1,0,0,0,0,0,8.0551E+20,5.83004E+21,1.35053E+16,5.25346E+16
202380,11,0,1,1,2018,6,16,4,3,5,3,0,1,1,0,0,0,0,0,7.97536E+20,5.82755E+21,1.33858E+16,5.25167E+16
202381,11,0,6,6,2018,7,7,2,3,5,2,0,1,1,0,0,0,0,0,7.941E+20,5.81881E+21,1.33276E+16,5.24402E+16
202382,11,0,2,2,2018,6,16,4,3,5,3,0,1,1,0,0,0,0,0,7.98584E+20,5.82558E+21,1.33995E+16,5.24984E+16
202383,11,0,10,10,2018,6,7,6,3,5,3,0,1,1,0,0,0,0,0,8.12437E+20,5.83142E+21,1.36084E+16,5.2543E+16
202384,11,0,2,2,2018,6,20,7,3,5,2,0,1,1,0,0,0,0,0,7.98837E+20,5.82615E+21,1.34037E+16,5.25034E+16
202385,11,0,6,6,2018,6,17,4,3,5,2,0,1,1,0,0,0,0,0,7.92355E+20,5.82082E+21,1.33038E+16,5.24591E+16
202386,11,0,4,4,2018,6,15,4,3,0,2,0,1,0,0,0,0,1,0,7.92352E+20,5.82312E+21,1.33058E+16,5.24797E+16
202387,11,0,3,3,2018,6,15,6,2,2,6,0,1,0,0,0,0,1,0,8.01307E+20,5.83903E+21,1.34517E+16,5.26175E+16
202388,11,0,8,8,2018,6,17,4,3,2,2,0,1,1,0,0,0,0,0,8.01553E+20,5.82402E+21,1.34417E+16,5.24829E+16
202389,11,0,6,6,2018,6,15,4,3,2,2,0,0,1,0,0,0,0,0,7.9084E+20,5.81758E+21,1.32787E+16,5.24309E+16
202390,11,0,3,3,2018,6,18,4,2,2,6,0,0,1,0,0,0,0,0,8.02068E+20,5.8355E+21,1.34597E+16,5.25854E+16
202391,11,0,8,8,2018,7,15,1,3,2,6,0,0,1,0,0,0,0,0,8.0248E+20,5.8207E+21,1.34523E+16,5.24525E+16
202392,11,0,1,1,2018,6,19,4,3,0,1,0,0,0,0,0,0,1,0,7.96338E+20,5.83072E+21,1.33711E+16,5.25457E+16
202393,11,0,7,7,2018,6,17,7,3,2,6,0,0,1,0,0,0,0,0,7.96037E+20,5.82283E+21,1.33596E+16,5.24752E+16
202394,11,0,7,7,2018,6,14,4,3,5,2,0,1,1,0,0,0,0,0,7.9734E+20,5.82187E+21,1.33779E+16,5.24659E+16
202395,11,0,4,4,2018,6,14,4,3,2,7,0,0,1,0,1,0,0,0,7.93913E+20,5.82546E+21,1.33308E+16,5.24999E+16
202396,11,0,12,12,2018,6,7,6,3,5,3,0,1,1,0,0,0,0,0,7.86448E+20,5.8376E+21,1.32316E+16,5.26127E+16
202397,11,0,5,5,2018,6,18,7,3,5,3,0,1,1,0,0,0,0,0,7.82104E+20,5.83016E+21,1.31613E+16,5.25483E+16
202398,11,0,12,12,2018,6,14,4,3,6,2,0,0,1,1,0,0,0,0,7.90289E+20,5.84014E+21,1.32904E+16,5.26335E+16
202399,11,0,8,8,2018,6,13,4,3,3,6,0,1,1,0,0,0,0,0,8.00932E+20,5.82498E+21,1.34334E+16,5.24918E+16
202400,11,0,8,8,2018,6,18,6,2,6,4,0,0,1,1,0,0,0,0,8.00842E+20,5.82255E+21,1.34299E+16,5.247E+16
202401,11,0,5,5,2018,6,13,4,3,0,7,0,1,0,0,0,0,0,0,7.85277E+20,5.83232E+21,1.32098E+16,5.2566E+16
202402,11,0,9,9,2018,7,14,2,3,6,4,0,0,0,1,1,0,0,0,8.10909E+20,5.82224E+21,1.35773E+16,5.24617E+16
202403,11,0,2,2,2018,6,13,4,3,5,2,0,1,1,0,0,0,0,0,7.9711E+20,5.82449E+21,1.33768E+16,5.24894E+16
202404,11,0,1,1,2018,6,6,6,3,5,2,0,1,1,0,0,0,0,0,7.95669E+20,5.82973E+21,1.33603E+16,5.25372E+16
202405,11,0,9,9,2018,6,13,4,3,6,7,0,0,1,1,0,0,0,0,8.11133E+20,5.82196E+21,1.35804E+16,5.2459E+16
202406,11,0,9,9,2018,7,13,1,3,2,2,0,0,1,0,0,0,0,0,8.08751E+20,5.81557E+21,1.35395E+16,5.24031E+16
202407,11,0,5,5,2018,7,18,3,3,5,2,0,0,0,0,1,0,1,0,7.85341E+20,5.82861E+21,1.32075E+16,5.25327E+16
202408,11,0,5,5,2018,6,13,4,3,0,7,0,1,0,0,0,0,0,0,7.81918E+20,5.82825E+21,1.31569E+16,5.25312E+16
202409,11,0,1,1,2018,7,18,3,3,5,2,0,1,1,0,0,0,0,0,7.99183E+20,5.82774E+21,1.34102E+16,5.25175E+16
202410,11,0,9,9,2018,6,14,7,3,5,2,0,1,0,0,0,0,1,0,8.11145E+20,5.82026E+21,1.3579E+16,5.24437E+16
202411,11,0,10,10,2018,7,18,3,3,5,3,0,0,1,0,0,0,0,0,8.09045E+20,5.83046E+21,1.35576E+16,5.25363E+16
202412,11,0,9,9,2018,6,13,4,3,5,3,0,0,1,0,0,0,0,0,8.0965E+20,5.8215E+21,1.35582E+16,5.24557E+16
202413,11,0,7,7,2018,7,18,3,3,6,4,0,1,0,1,0,0,0,0,7.9757E+20,5.81991E+21,1.33795E+16,5.24482E+16
202414,11,0,2,2,2018,6,19,6,3,5,3,0,0,1,0,1,0,0,0,7.97526E+20,5.82497E+21,1.33834E+16,5.24935E+16
202415,11,0,1,1,2018,6,10,4,3,5,7,0,1,1,0,0,0,0,0,7.94493E+20,5.82781E+21,1.33414E+16,5.25207E+16
202416,11,0,12,12,2018,7,9,2,2,6,2,0,0,1,1,0,0,0,0,7.91711E+20,5.83372E+21,1.33057E+16,5.25751E+16
202417,11,0,1,1,2018,7,17,3,3,3,6,0,1,0,0,0,0,0,0,7.99567E+20,5.82823E+21,1.34163E+16,5.25216E+16
202418,11,0,7,7,2018,6,12,4,3,6,4,0,0,1,1,0,0,0,0,7.9468E+20,5.82572E+21,1.33423E+16,5.25018E+16
202419,11,0,1,1,2018,6,15,6,3,5,3,0,1,1,0,0,0,0,0,7.96972E+20,5.83014E+21,1.33799E+16,5.25402E+16
202420,11,0,5,5,2018,6,12,4,2,5,3,0,1,1,0,0,0,0,0,7.82458E+20,5.82853E+21,1.31651E+16,5.25335E+16
202421,11,0,10,10,2018,7,12,2,3,0,4,0,0,0,1,0,0,1,0,8.09198E+20,5.83171E+21,1.3561E+16,5.25475E+16
202422,11,0,11,11,2018,7,18,3,3,5,2,0,1,1,0,0,0,0,0,8.06852E+20,5.83268E+21,1.35274E+16,5.25575E+16
202423,11,0,12,12,2018,6,12,4,3,1,5,0,1,1,0,0,0,0,0,7.92919E+20,5.83365E+21,1.33234E+16,5.25739E+16
202424,11,0,2,2,2018,7,18,3,3,5,3,0,1,0,0,0,0,0,0,7.9901E+20,5.82584E+21,1.3406E+16,5.25005E+16
202425,11,0,10,10,2018,6,6,6,2,5,3,0,1,1,0,0,0,0,0,8.09131E+20,5.82979E+21,1.35583E+16,5.25303E+16
202426,11,0,1,1,2018,7,20,1,2,5,3,0,1,1,0,0,0,0,0,7.96522E+20,5.83034E+21,1.33734E+16,5.25422E+16
202427,11,0,4,4,2018,7,19,3,3,2,2,0,1,1,0,0,0,0,0,7.92584E+20,5.82999E+21,1.33152E+16,5.25412E+16
202428,11,0,4,4,2018,6,11,4,2,6,7,0,0,0,1,0,1,0,0,7.92173E+20,5.826E+21,1.33057E+16,5.25057E+16
202429,11,0,2,2,2018,7,17,3,3,5,3,0,0,1,0,0,0,0,0,8.02142E+20,5.82648E+21,1.34525E+16,5.25045E+16
202430,11,0,6,6,2018,6,10,7,3,5,3,0,1,1,0,0,0,0,0,7.92291E+20,5.81869E+21,1.3301E+16,5.24401E+16
202431,11,0,3,3,2018,7,17,3,3,5,3,0,1,1,0,0,0,0,0,7.97882E+20,5.83463E+21,1.33973E+16,5.258E+16
202432,11,0,2,2,2018,6,10,4,3,5,2,0,0,1,0,1,0,0,0,8.02284E+20,5.82749E+21,1.34555E+16,5.25135E+16
202433,11,0,4,4,2018,7,16,3,3,4,6,0,1,1,0,0,0,0,0,7.85107E+20,5.82229E+21,1.31987E+16,5.24762E+16
202434,11,0,1,1,2018,6,13,6,3,0,1,0,0,0,0,1,0,0,0,8.00013E+20,5.82853E+21,1.34231E+16,5.25241E+16
202435,11,0,2,2,2018,6,9,4,3,0,6,0,1,0,0,0,1,0,0,7.98153E+20,5.8265E+21,1.3394E+16,5.25069E+16
202436,11,0,3,3,2018,7,7,2,3,5,3,0,1,1,0,0,0,0,0,8.04373E+20,5.8412E+21,1.34988E+16,5.26352E+16
202437,11,0,4,4,2018,7,15,3,3,1,5,0,1,1,0,0,0,0,0,7.93223E+20,5.82216E+21,1.33177E+16,5.24707E+16
202438,11,0,1,1,2018,6,9,4,3,5,2,0,1,0,0,0,0,1,0,7.99057E+20,5.82848E+21,1.3409E+16,5.25242E+16
202439,11,0,1,1,2018,7,15,3,3,6,4,0,0,1,1,0,0,0,0,7.94432E+20,5.82836E+21,1.33409E+16,5.25256E+16
202440,11,0,5,5,2018,6,3,6,3,1,1,2,0,1,0,0,0,1,0,7.87238E+20,5.82948E+21,1.32362E+16,5.25395E+16
202441,11,0,10,10,2018,6,22,7,3,5,2,2,0,1,0,0,0,0,0,8.12203E+20,5.83092E+21,1.36045E+16,5.25387E+16
202442,11,0,4,4,2018,7,15,3,3,1,5,0,1,0,0,0,0,1,0,7.91763E+20,5.82482E+21,1.32986E+16,5.24953E+16
202443,11,0,8,8,2018,6,8,4,3,5,2,0,1,0,0,0,0,1,0,8.01356E+20,5.82064E+21,1.34357E+16,5.24526E+16
202444,11,0,7,7,2018,7,15,3,3,1,5,0,1,1,0,0,0,0,0,7.95501E+20,5.82474E+21,1.33534E+16,5.24926E+16
202445,11,0,12,12,2018,6,8,4,3,2,6,0,0,1,0,0,0,0,0,7.94336E+20,5.83569E+21,1.3346E+16,5.25913E+16
202446,11,0,1,1,2018,7,15,3,3,5,3,0,1,1,0,0,0,0,0,7.97291E+20,5.82692E+21,1.33817E+16,5.25111E+16
202447,11,0,3,3,2018,6,18,6,3,5,3,0,1,1,0,0,0,0,0,8.02924E+20,5.83936E+21,1.34758E+16,5.26196E+16
202448,11,0,7,7,2018,7,7,1,2,5,3,0,0,1,0,0,0,1,0,7.97852E+20,5.82189E+21,1.33854E+16,5.24657E+16
202449,11,0,8,8,2018,7,14,3,3,1,5,0,0,1,0,0,0,1,0,8.02417E+20,5.82281E+21,1.34532E+16,5.24715E+16
202450,11,0,2,2,2018,6,8,4,3,5,2,0,1,0,0,0,0,1,0,7.98344E+20,5.82551E+21,1.33959E+16,5.24979E+16
202451,11,0,1,1,2018,7,14,3,3,5,3,0,1,1,0,0,0,0,0,7.99464E+20,5.82707E+21,1.34137E+16,5.25113E+16
202452,11,0,2,2,2018,6,7,7,3,5,2,0,1,1,0,0,0,0,0,7.97473E+20,5.82456E+21,1.33822E+16,5.24899E+16
202453,11,0,6,6,2018,7,14,3,3,2,6,0,0,1,0,0,0,0,0,7.92624E+20,5.81599E+21,1.33035E+16,5.24157E+16
202454,11,0,1,1,2018,6,7,4,3,5,3,0,1,1,0,0,0,0,0,7.99458E+20,5.82707E+21,1.34136E+16,5.25113E+16
202455,11,0,9,9,2018,7,18,3,3,2,6,0,0,1,0,0,0,0,0,8.06611E+20,5.8228E+21,1.35148E+16,5.24691E+16
202456,11,0,10,10,2018,6,7,4,2,5,3,0,1,1,0,0,0,0,0,8.14272E+20,5.82804E+21,1.36321E+16,5.25117E+16
202457,11,0,9,9,2018,6,11,6,3,5,3,0,1,1,0,0,0,0,0,8.0155E+20,5.82482E+21,1.34423E+16,5.249E+16
202458,11,0,11,11,2018,6,6,4,3,0,1,0,1,1,0,0,0,0,0,8.0545E+20,5.82765E+21,1.35022E+16,5.25132E+16
202459,11,0,7,7,2018,7,0,2,3,0,1,2,0,1,0,1,0,0,0,7.97584E+20,5.81959E+21,1.33794E+16,5.24453E+16
202460,11,0,6,6,2018,7,14,3,2,5,2,0,0,1,0,0,0,0,0,7.88484E+20,5.82152E+21,1.32476E+16,5.24675E+16
202461,11,0,2,2,2018,6,0,4,3,5,3,2,0,1,0,0,0,0,0,7.98183E+20,5.8265E+21,1.33944E+16,5.25069E+16
202462,11,0,12,12,2018,7,17,3,3,5,2,0,0,1,0,0,0,0,0,7.92356E+20,5.83406E+21,1.33154E+16,5.25778E+16
202463,11,0,4,4,2018,6,22,6,3,2,6,2,0,1,0,0,0,0,0,7.93594E+20,5.82577E+21,1.33263E+16,5.25028E+16
202464,11,0,2,2,2018,6,19,7,3,5,2,0,1,1,0,0,0,0,0,8.00455E+20,5.82845E+21,1.34295E+16,5.25231E+16
202465,11,0,11,11,2018,7,15,3,3,2,6,0,0,1,0,0,0,0,0,8.05294E+20,5.83E+21,1.35021E+16,5.25344E+16
202466,11,0,5,5,2018,6,9,3,3,2,6,0,0,1,0,0,0,0,0,7.84843E+20,5.82922E+21,1.32007E+16,5.25384E+16
202467,11,0,5,5,2018,7,14,3,2,0,6,0,0,0,0,0,0,1,0,7.85222E+20,5.83102E+21,1.32078E+16,5.25544E+16
202468,11,0,8,8,2018,6,21,3,3,5,3,2,0,1,0,0,0,1,0,8.00441E+20,5.82372E+21,1.34251E+16,5.24808E+16
202469,11,0,4,4,2018,6,16,6,3,2,2,0,0,1,0,1,0,0,0,7.92584E+20,5.82999E+21,1.33152E+16,5.25412E+16
202470,11,0,1,1,2018,6,19,3,2,5,2,0,0,1,0,0,0,0,0,7.9568E+20,5.83093E+21,1.33616E+16,5.25479E+16
202471,11,0,4,4,2018,7,12,3,2,5,2,0,0,1,0,1,0,0,0,7.86218E+20,5.82599E+21,1.32182E+16,5.25087E+16
202472,11,0,9,9,2018,6,18,3,3,2,6,0,0,1,0,0,0,1,0,8.0861E+20,5.82164E+21,1.35431E+16,5.24576E+16
202473,11,0,4,4,2018,6,22,6,3,1,5,2,1,1,0,0,0,0,0,7.92798E+20,5.82611E+21,1.33149E+16,5.25063E+16
202474,11,0,6,6,2018,6,19,6,3,6,4,0,0,0,1,0,0,1,0,7.92915E+20,5.81778E+21,1.33094E+16,5.24316E+16
202475,11,0,12,12,2018,6,18,3,3,2,2,0,1,1,0,0,0,0,0,7.94846E+20,5.83374E+21,1.33518E+16,5.25737E+16
202476,11,0,2,2,2018,7,12,3,3,6,4,0,0,1,1,0,0,0,0,8.01175E+20,5.82719E+21,1.3439E+16,5.25115E+16
202477,11,0,6,6,2018,6,17,3,3,1,5,0,1,1,0,0,0,0,0,7.9465E+20,5.82155E+21,1.33381E+16,5.24645E+16
202478,11,0,3,3,2018,6,10,6,3,2,7,0,1,1,0,0,0,0,0,7.99019E+20,5.83038E+21,1.34102E+16,5.25412E+16
202479,11,0,2,2,2018,6,10,3,3,4,7,0,1,0,0,0,0,0,0,7.99859E+20,5.82584E+21,1.34184E+16,5.25001E+16
202480,11,0,8,8,2018,7,18,1,3,5,3,0,0,1,0,0,0,0,0,8.0481E+20,5.81676E+21,1.34829E+16,5.2416E+16
202481,11,0,7,7,2018,7,12,3,3,1,5,0,1,1,0,0,0,0,0,7.95094E+20,5.82387E+21,1.33467E+16,5.2485E+16
202482,11,0,12,12,2018,6,17,3,2,5,2,0,1,1,0,0,0,0,0,7.96203E+20,5.83395E+21,1.33719E+16,5.25747E+16
202483,11,0,2,2,2018,7,12,3,3,5,2,0,1,1,0,0,0,0,0,7.98321E+20,5.82555E+21,1.33956E+16,5.24983E+16
202484,11,0,4,4,2018,6,13,6,3,6,2,0,0,1,1,0,0,0,0,7.86924E+20,5.82582E+21,1.32284E+16,5.25069E+16
202485,11,0,8,8,2018,6,18,7,3,3,6,0,0,0,0,1,0,1,0,8.00555E+20,5.82338E+21,1.34264E+16,5.24777E+16
202486,11,0,7,7,2018,6,17,3,3,2,6,0,0,1,0,0,0,0,0,7.97478E+20,5.81928E+21,1.33776E+16,5.24426E+16
202487,11,0,5,5,2018,7,13,3,2,6,4,0,0,1,1,0,0,0,0,7.85398E+20,5.83032E+21,1.32098E+16,5.2548E+16
202488,11,0,11,11,2018,6,16,3,3,2,7,0,0,1,0,0,0,0,0,8.03667E+20,5.82863E+21,1.34769E+16,5.2523E+16
202489,11,0,8,8,2018,6,19,6,3,5,7,0,1,1,0,0,0,0,0,8.0221E+20,5.81836E+21,1.34462E+16,5.24317E+16
202490,11,0,3,3,2018,6,16,3,2,5,3,0,1,1,0,0,0,0,0,7.99237E+20,5.83111E+21,1.3414E+16,5.25476E+16
202491,11,0,10,10,2018,7,13,2,3,5,2,0,0,1,0,1,0,0,0,8.09841E+20,5.8257E+21,1.35649E+16,5.24932E+16
202492,11,0,4,4,2018,7,13,3,3,5,3,0,0,1,0,0,0,0,0,7.90688E+20,5.82269E+21,1.3281E+16,5.24768E+16
202493,11,0,9,9,2018,6,16,3,2,5,3,0,1,1,0,0,0,0,0,8.05141E+20,5.82256E+21,1.3493E+16,5.24678E+16
202494,11,0,4,4,2018,6,14,6,3,2,6,0,0,1,0,0,0,0,0,7.93919E+20,5.82563E+21,1.3331E+16,5.25014E+16
202495,11,0,3,3,2018,7,7,1,3,5,3,0,0,1,0,0,0,0,0,8.00132E+20,5.8314E+21,1.34275E+16,5.25498E+16
202496,11,0,10,10,2018,7,11,3,3,5,2,0,1,1,0,0,0,0,0,8.06585E+20,5.82808E+21,1.35193E+16,5.25164E+16
202497,11,0,1,1,2018,6,15,3,3,5,3,0,1,1,0,0,0,0,0,7.96972E+20,5.83014E+21,1.33799E+16,5.25402E+16
202498,11,0,2,2,2018,7,10,3,3,6,4,0,1,0,1,0,0,0,0,7.97909E+20,5.82654E+21,1.33904E+16,5.25074E+16
202499,11,0,2,2,2018,6,15,3,2,6,7,0,0,1,1,0,0,0,0,7.98717E+20,5.82559E+21,1.34014E+16,5.24984E+16
202500,11,0,11,11,2018,7,14,1,3,2,6,0,0,1,0,0,0,0,0,8.06133E+20,5.83016E+21,1.35145E+16,5.25353E+16
202501,11,0,9,9,2018,7,10,3,3,3,6,0,0,1,0,1,0,0,0,8.09868E+20,5.81923E+21,1.35593E+16,5.24352E+16
202502,11,0,4,4,2018,6,14,3,3,5,3,0,0,1,0,0,0,1,0,7.91228E+20,5.82438E+21,1.32904E+16,5.24916E+16
202503,11,0,4,4,2018,7,10,3,3,5,2,0,1,1,0,0,0,0,0,7.93494E+20,5.8276E+21,1.33265E+16,5.25193E+16
202504,11,0,11,11,2018,6,16,7,2,6,4,0,0,0,1,1,0,0,0,8.04129E+20,5.82985E+21,1.34848E+16,5.25336E+16
202505,11,0,3,3,2018,7,9,3,3,5,2,0,1,1,0,0,0,0,0,8.00233E+20,5.83032E+21,1.3428E+16,5.254E+16
202506,11,0,1,1,2018,6,13,3,3,5,3,0,1,1,0,0,0,0,0,7.9763E+20,5.8282E+21,1.33878E+16,5.25225E+16
202507,11,0,3,3,2018,6,15,6,2,3,6,0,0,1,0,1,0,0,0,8.00473E+20,5.83248E+21,1.34334E+16,5.25592E+16
202508,11,0,4,4,2018,6,12,3,3,3,6,0,0,1,0,1,0,0,0,7.93369E+20,5.82984E+21,1.33266E+16,5.25394E+16
202509,11,0,12,12,2018,7,10,2,3,0,2,0,1,1,0,0,0,0,0,7.92342E+20,5.83407E+21,1.33152E+16,5.25779E+16
202510,11,0,5,5,2018,7,9,3,3,0,2,0,1,1,0,0,0,0,0,7.85366E+20,5.82819E+21,1.32075E+16,5.25289E+16
202511,11,0,12,12,2018,6,12,3,3,2,6,0,0,1,0,0,0,0,0,7.90764E+20,5.83433E+21,1.32923E+16,5.25811E+16
202512,11,0,10,10,2018,7,8,3,3,5,3,0,1,1,0,0,0,0,0,8.12445E+20,5.82996E+21,1.36071E+16,5.25299E+16
202513,11,0,6,6,2018,6,10,6,3,2,6,0,0,1,0,1,0,0,0,7.90844E+20,5.81758E+21,1.32788E+16,5.24309E+16
202514,11,0,9,9,2018,7,13,1,2,5,2,0,0,1,0,0,0,1,0,8.08648E+20,5.81918E+21,1.35413E+16,5.24355E+16
202515,11,0,6,6,2018,7,8,3,3,2,2,0,0,1,0,0,0,0,0,7.929E+20,5.81962E+21,1.33107E+16,5.24481E+16
202516,11,0,9,9,2018,6,11,3,3,5,3,0,1,1,0,0,0,0,0,8.07018E+20,5.82114E+21,1.35192E+16,5.2454E+16
202517,11,0,5,5,2018,7,8,3,3,5,2,0,1,0,0,0,1,0,0,7.85627E+20,5.82803E+21,1.32112E+16,5.25274E+16
202518,11,0,1,1,2018,6,9,7,3,5,3,0,1,1,0,0,0,0,0,7.94219E+20,5.82831E+21,1.33378E+16,5.25253E+16
202519,11,0,6,6,2018,7,7,3,3,5,3,0,1,1,0,0,0,0,0,7.93028E+20,5.81824E+21,1.33114E+16,5.24357E+16
202520,11,0,1,1,2018,6,10,3,3,6,7,0,0,1,1,0,0,0,0,7.94469E+20,5.82835E+21,1.33415E+16,5.25255E+16
202521,11,0,5,5,2018,7,7,3,3,4,6,0,1,0,0,0,0,0,0,7.85093E+20,5.82939E+21,1.32045E+16,5.25398E+16
202522,11,0,1,1,2018,6,13,6,3,2,6,0,0,1,0,1,0,0,0,7.94885E+20,5.82628E+21,1.33458E+16,5.25067E+16
202523,11,0,4,4,2018,6,12,7,3,1,5,0,1,1,0,0,0,0,0,7.92379E+20,5.82538E+21,1.33082E+16,5.25E+16
202524,11,0,9,9,2018,7,7,3,3,5,3,0,0,1,0,1,0,0,0,8.04928E+20,5.82255E+21,1.34899E+16,5.24678E+16
202525,11,0,6,6,2018,6,8,3,3,6,4,0,0,0,1,1,0,0,0,7.92418E+20,5.81692E+21,1.33013E+16,5.24241E+16
202526,11,0,10,10,2018,7,7,3,3,5,3,0,1,1,0,0,0,0,0,8.10505E+20,5.82797E+21,1.35768E+16,5.25132E+16
202527,11,0,6,6,2018,6,10,6,3,5,3,0,1,1,0,0,0,0,0,7.93863E+20,5.82051E+21,1.33256E+16,5.24555E+16
202528,11,0,2,2,2018,6,7,3,3,5,2,0,1,1,0,0,0,0,0,8.02041E+20,5.82802E+21,1.34525E+16,5.25184E+16
202529,11,0,4,4,2018,7,8,2,3,0,2,0,0,1,0,0,0,1,0,7.92441E+20,5.8241E+21,1.33079E+16,5.24885E+16
202530,11,0,12,12,2018,7,7,3,3,5,2,0,1,1,0,0,0,0,0,7.92878E+20,5.83518E+21,1.33241E+16,5.25876E+16
202531,11,0,1,1,2018,6,7,3,2,5,3,0,1,1,0,0,0,0,0,7.98008E+20,5.82679E+21,1.33921E+16,5.25096E+16
202532,11,0,11,11,2018,7,7,3,3,2,6,0,0,1,0,0,0,1,0,8.03457E+20,5.82972E+21,1.34748E+16,5.25328E+16
202533,11,0,1,1,2018,6,7,6,3,0,1,0,1,0,0,0,0,0,0,7.93956E+20,5.82868E+21,1.33342E+16,5.25287E+16
202534,11,0,11,11,2018,7,0,1,2,5,3,2,1,1,0,0,0,0,0,8.03726E+20,5.82623E+21,1.34756E+16,5.25014E+16
202535,11,0,2,2,2018,7,7,3,3,5,2,0,1,1,0,0,0,0,0,8.03251E+20,5.826E+21,1.34684E+16,5.24997E+16
202536,11,0,7,7,2018,6,7,3,3,1,5,0,1,1,0,0,0,0,0,7.96315E+20,5.82302E+21,1.33639E+16,5.24767E+16
202537,11,0,4,4,2018,7,12,3,3,2,6,0,0,1,0,0,0,0,0,7.93454E+20,5.8257E+21,1.33242E+16,5.25023E+16
202538,11,0,5,5,2018,6,4,7,2,5,3,0,1,1,0,0,0,0,0,7.85356E+20,5.83073E+21,1.32096E+16,5.25517E+16
202539,11,0,3,3,2018,7,6,3,3,5,3,0,0,1,0,1,0,0,0,7.95876E+20,5.83645E+21,1.33694E+16,5.25974E+16
202540,11,0,4,4,2018,6,17,3,3,0,4,0,1,0,1,0,0,0,0,7.92032E+20,5.8268E+21,1.33043E+16,5.25129E+16
202541,11,0,1,1,2018,7,9,3,3,5,2,0,1,1,0,0,0,0,0,7.9862E+20,5.82692E+21,1.34012E+16,5.25104E+16
202542,11,0,4,4,2018,6,6,3,3,5,2,0,0,1,0,0,0,0,0,7.93353E+20,5.82968E+21,1.33262E+16,5.2538E+16
202543,11,0,11,11,2018,6,11,6,3,5,2,0,1,1,0,0,0,0,0,8.07285E+20,5.82542E+21,1.35271E+16,5.24921E+16
202544,11,0,12,12,2018,6,15,3,3,2,6,0,0,1,0,1,0,0,0,7.9338E+20,5.83252E+21,1.33292E+16,5.25635E+16
202545,11,0,1,1,2018,7,19,1,3,3,6,0,0,1,0,0,0,1,0,7.95739E+20,5.82821E+21,1.336E+16,5.25236E+16
202546,11,0,3,3,2018,7,7,3,3,0,6,0,1,1,0,0,0,0,0,8.00904E+20,5.83336E+21,1.34406E+16,5.25669E+16
202547,11,0,4,4,2018,6,17,3,3,2,6,0,0,1,0,1,0,0,0,7.94051E+20,5.82623E+21,1.33335E+16,5.25068E+16
202548,11,0,10,10,2018,7,7,3,3,2,6,0,0,1,0,0,0,0,0,8.10469E+20,5.82796E+21,1.35762E+16,5.25131E+16
202549,11,0,4,4,2018,6,7,6,2,1,5,0,1,1,0,0,0,0,0,7.93428E+20,5.82744E+21,1.33254E+16,5.25179E+16
202550,11,0,2,2,2018,6,18,7,3,5,2,0,1,1,0,0,0,0,0,8.02071E+20,5.82736E+21,1.34523E+16,5.25125E+16
202551,11,0,3,3,2018,6,9,3,3,3,6,0,1,0,0,0,0,0,0,7.99206E+20,5.83177E+21,1.34142E+16,5.25536E+16
202552,11,0,8,8,2018,7,7,2,3,5,3,0,1,1,0,0,0,0,0,8.02483E+20,5.82256E+21,1.3454E+16,5.24692E+16
202553,11,0,6,6,2018,7,7,3,3,1,5,0,0,1,0,0,0,0,0,7.95426E+20,5.82021E+21,1.33483E+16,5.2452E+16
202554,11,0,4,4,2018,6,16,3,2,5,3,0,0,0,0,1,0,1,0,7.92639E+20,5.82709E+21,1.33135E+16,5.25152E+16
202555,11,0,3,3,2018,7,8,3,3,1,5,0,0,1,0,0,0,0,0,7.97817E+20,5.83406E+21,1.33958E+16,5.25749E+16
202556,11,0,11,11,2018,6,6,6,3,5,3,0,1,1,0,0,0,0,0,8.04071E+20,5.82599E+21,1.34804E+16,5.24991E+16