OBJECTID_1,ULAND,UREGBEZ,UKREIS,UGEMEINDE,UJAHR,UMONAT,USTUNDE,UWOCHENTAG,UKATEGORIE,UART,UTYP1,ULICHTVERH,IstRad,IstPKW,IstFuss,IstKrad,IstGkfz,IstSonstig,STRZUSTAND,LINREFX,LINREFY,XGCSWGS84,YGCSWGS84
202557,11,0,9,9,2018,6,21,7,2,6,4,1,0,1,1,0,0,0,0,8.04783E+20,5.82162E+21,1.34869E+16,5.24595E+16
202558,11,0,4,4,2018,7,8,3,2,6,4,0,0,1,1,0,0,0,0,7.9363E+20,5.82484E+21,1.33261E+16,5.24945E+16
202559,11,0,1,1,2018,6,14,3,3,6,7,0,1,0,1,0,0,0,0,7.97592E+20,5.83089E+21,1.33896E+16,5.25466E+16
202560,11,0,7,7,2018,7,9,3,3,0,1,0,1,0,0,0,0,0,0,7.94939E+20,5.82553E+21,1.33459E+16,5.25E+16
202561,11,0,1,1,2018,6,9,3,3,2,2,0,0,1,0,0,0,0,1,7.95432E+20,5.82618E+21,1.33537E+16,5.25056E+16
202562,11,0,2,2,2018,6,7,6,3,5,3,0,1,1,0,0,0,0,0,8.02451E+20,5.82827E+21,1.34587E+16,5.25205E+16
202563,11,0,9,9,2018,6,15,3,3,2,2,0,1,1,0,0,0,0,0,8.13169E+20,5.82097E+21,1.36093E+16,5.24489E+16
202564,11,0,8,8,2018,7,23,2,3,5,3,2,0,1,0,1,0,0,0,8.00892E+20,5.82213E+21,1.34302E+16,5.24662E+16
202565,11,0,6,6,2018,6,16,3,3,0,1,0,0,0,0,1,0,0,0,7.82966E+20,5.81598E+21,1.31619E+16,5.24207E+16
202566,11,0,3,3,2018,6,9,3,2,0,1,0,1,0,0,0,0,0,0,7.99925E+20,5.83099E+21,1.3424E+16,5.25462E+16
202567,11,0,4,4,2018,7,16,1,3,2,6,0,0,1,0,0,0,0,0,7.90381E+20,5.82903E+21,1.3282E+16,5.25338E+16
202568,11,0,3,3,2018,7,16,2,3,6,4,0,1,0,1,0,0,0,0,7.99247E+20,5.83177E+21,1.34148E+16,5.25536E+16
202569,11,0,9,9,2018,6,20,2,3,1,5,0,1,1,0,0,0,0,0,8.06419E+20,5.82147E+21,1.35108E+16,5.24572E+16
202570,11,0,8,8,2018,7,7,2,3,3,6,0,1,0,0,0,0,1,0,8.05308E+20,5.81775E+21,1.34911E+16,5.24245E+16
202571,11,0,12,12,2018,6,9,6,3,5,2,0,1,0,0,0,1,0,0,7.92348E+20,5.83392E+21,1.33152E+16,5.25766E+16
202572,11,0,9,9,2018,6,17,7,3,1,7,0,1,1,0,0,0,0,0,8.08685E+20,5.81502E+21,1.3538E+16,5.23982E+16
202573,11,0,4,4,2018,7,20,2,3,5,2,0,0,1,0,1,0,0,0,7.93356E+20,5.82284E+21,1.33203E+16,5.24767E+16
202574,11,0,1,1,2018,6,8,2,2,3,6,0,1,0,0,0,0,0,0,7.97423E+20,5.83253E+21,1.33886E+16,5.25614E+16
202575,11,0,5,5,2018,6,20,6,2,5,2,0,1,1,0,0,0,0,0,7.85228E+20,5.83098E+21,1.32079E+16,5.2554E+16
202576,11,0,5,5,2018,6,20,2,3,5,2,0,1,0,0,0,0,1,0,7.85046E+20,5.8294E+21,1.32039E+16,5.25399E+16
202577,11,0,1,1,2018,6,20,2,3,5,2,0,1,1,0,0,0,0,0,7.98233E+20,5.82963E+21,1.33979E+16,5.25349E+16
202578,11,0,7,7,2018,7,18,2,3,6,7,0,0,1,1,0,0,0,0,7.95304E+20,5.82558E+21,1.33513E+16,5.25002E+16
202579,11,0,3,3,2018,6,20,2,3,2,6,0,0,1,0,0,0,1,0,7.99194E+20,5.83177E+21,1.3414E+16,5.25536E+16
202580,11,0,9,9,2018,6,18,6,3,0,1,0,0,0,0,1,0,0,0,8.09757E+20,5.82072E+21,1.3559E+16,5.24486E+16
202581,11,0,7,7,2018,6,20,2,2,5,2,0,0,1,0,0,0,0,0,7.98474E+20,5.81815E+21,1.33912E+16,5.24319E+16
202582,11,0,8,8,2018,7,14,2,3,3,6,0,1,1,0,0,0,0,0,8.01552E+20,5.82064E+21,1.34386E+16,5.24526E+16
202583,11,0,1,1,2018,7,18,2,3,0,7,0,1,1,0,0,0,0,0,7.96257E+20,5.82756E+21,1.3367E+16,5.25174E+16
202584,11,0,1,1,2018,6,20,2,3,5,7,1,0,1,0,0,0,0,0,7.93923E+20,5.82819E+21,1.33333E+16,5.25244E+16
202585,11,0,6,6,2018,6,14,6,3,2,6,0,0,1,0,0,0,0,0,7.89949E+20,5.8188E+21,1.32667E+16,5.24423E+16
202586,11,0,4,4,2018,6,19,2,3,2,3,0,0,1,0,0,0,0,0,7.92842E+20,5.82722E+21,1.33166E+16,5.25163E+16
202587,11,0,4,4,2018,7,14,1,3,2,6,0,0,1,0,0,0,0,0,7.91328E+20,5.82872E+21,1.32956E+16,5.25305E+16
202588,11,0,1,1,2018,7,18,2,3,1,1,0,1,1,0,0,0,0,0,7.97329E+20,5.829E+21,1.33841E+16,5.25297E+16
202589,11,0,5,5,2018,6,18,2,3,2,6,0,0,1,0,0,0,0,0,7.84889E+20,5.82853E+21,1.32008E+16,5.25322E+16
202590,11,0,12,12,2018,7,17,2,3,2,2,0,0,1,0,0,0,0,0,7.95578E+20,5.83458E+21,1.33633E+16,5.25808E+16
202591,11,0,2,2,2018,6,14,7,3,5,2,0,1,1,0,0,0,0,0,7.9805E+20,5.82487E+21,1.3391E+16,5.24924E+16
202592,11,0,7,7,2018,7,16,2,3,6,2,0,0,1,1,0,0,0,0,7.95992E+20,5.82514E+21,1.3361E+16,5.24959E+16
202593,11,0,1,1,2018,6,18,2,3,5,3,0,0,1,0,0,0,0,0,7.95772E+20,5.83103E+21,1.3363E+16,5.25488E+16
202594,11,0,12,12,2018,6,15,6,3,5,3,0,0,1,0,1,0,0,0,7.93351E+20,5.83293E+21,1.33291E+16,5.25671E+16
202595,11,0,2,2,2018,6,18,2,3,5,2,0,1,1,0,0,0,0,0,7.9991E+20,5.82879E+21,1.34218E+16,5.25265E+16
202596,11,0,7,7,2018,7,9,2,3,2,2,0,1,1,0,0,0,0,0,7.94961E+20,5.82433E+21,1.33452E+16,5.24892E+16
202597,11,0,3,3,2018,7,16,2,3,5,2,0,1,1,0,0,0,0,0,7.99194E+20,5.83003E+21,1.34124E+16,5.2538E+16
202598,11,0,3,3,2018,6,17,2,3,5,3,0,1,1,0,0,0,0,0,7.9593E+20,5.83575E+21,1.33695E+16,5.2591E+16
202599,11,0,1,1,2018,7,16,2,3,3,6,0,0,1,0,1,0,0,0,7.98413E+20,5.82904E+21,1.34001E+16,5.25296E+16
202600,11,0,4,4,2018,6,10,6,3,5,3,0,1,1,0,0,0,0,0,7.93791E+20,5.82694E+21,1.33303E+16,5.25132E+16
202601,11,0,12,12,2018,7,11,1,2,2,6,0,0,0,0,1,0,0,0,7.95597E+20,5.83723E+21,1.3366E+16,5.26045E+16
202602,11,0,7,7,2018,7,16,2,3,0,2,0,0,0,0,0,0,1,0,7.94948E+20,5.8254E+21,1.33459E+16,5.24988E+16
202603,11,0,9,9,2018,6,16,2,3,5,3,0,0,1,0,0,0,0,0,8.07409E+20,5.8183E+21,1.35224E+16,5.24283E+16
202604,11,0,1,1,2018,7,13,2,3,5,3,0,1,1,0,0,0,0,0,7.98968E+20,5.82728E+21,1.34066E+16,5.25134E+16
202605,11,0,9,9,2018,7,15,2,3,4,6,0,1,1,0,0,0,0,0,8.07077E+20,5.82185E+21,1.35207E+16,5.24603E+16
202606,11,0,6,6,2018,6,16,2,3,0,2,0,1,1,0,0,0,0,0,7.87724E+20,5.81825E+21,1.32336E+16,5.24386E+16
202607,11,0,8,8,2018,6,13,6,2,6,7,0,0,1,1,0,0,0,0,8.06837E+20,5.81682E+21,1.35126E+16,5.24154E+16
202608,11,0,2,2,2018,7,22,1,2,5,3,2,0,1,0,0,0,0,0,7.9858E+20,5.82556E+21,1.33994E+16,5.24983E+16
202609,11,0,2,2,2018,7,15,2,3,6,4,0,1,0,1,0,0,0,0,8.01766E+20,5.8258E+21,1.34464E+16,5.24987E+16
202610,11,0,8,8,2018,6,16,2,3,1,5,0,0,1,0,0,0,0,0,8.00712E+20,5.8162E+21,1.34223E+16,5.24132E+16
202611,11,0,7,7,2018,7,15,2,3,5,7,0,0,1,0,1,0,0,0,7.94303E+20,5.82212E+21,1.33335E+16,5.24697E+16
202612,11,0,3,3,2018,6,11,7,3,2,2,0,0,1,0,0,0,0,0,7.96951E+20,5.83583E+21,1.33846E+16,5.25912E+16
202613,11,0,8,8,2018,7,14,2,3,1,5,0,1,1,0,0,0,0,0,8.01275E+20,5.82401E+21,1.34376E+16,5.24829E+16
202614,11,0,12,12,2018,6,16,2,3,2,6,0,0,1,0,0,0,0,0,7.92133E+20,5.8332E+21,1.33114E+16,5.25702E+16
202615,11,0,6,6,2018,7,14,2,3,3,6,0,1,0,0,0,1,0,0,7.94165E+20,5.81749E+21,1.33274E+16,5.24283E+16
202616,11,0,3,3,2018,6,7,6,3,5,2,0,1,1,0,0,0,0,0,8.00098E+20,5.83757E+21,1.34325E+16,5.26051E+16
202617,11,0,6,6,2018,6,16,2,3,5,3,0,0,1,0,1,0,0,0,7.91124E+20,5.81782E+21,1.32831E+16,5.24329E+16
202618,11,0,7,7,2018,7,7,2,3,1,5,0,1,1,0,0,0,0,0,7.95368E+20,5.82215E+21,1.33492E+16,5.24694E+16
202619,11,0,3,3,2018,7,14,2,3,2,6,0,1,0,0,0,0,0,0,7.99982E+20,5.83511E+21,1.34286E+16,5.25831E+16
202620,11,0,4,4,2018,6,14,2,3,1,6,0,0,1,0,0,0,0,0,7.93324E+20,5.82393E+21,1.33208E+16,5.24865E+16
202621,11,0,2,2,2018,7,14,2,3,2,6,0,0,1,0,0,0,0,0,8.01701E+20,5.82586E+21,1.34455E+16,5.24992E+16
202622,11,0,2,2,2018,6,17,5,3,1,5,0,1,1,0,0,0,0,0,7.99279E+20,5.82612E+21,1.34102E+16,5.25029E+16
202623,11,0,8,8,2018,6,20,7,2,3,6,1,1,1,0,0,0,0,0,8.01259E+20,5.81981E+21,1.34335E+16,5.24452E+16
202624,11,0,6,6,2018,6,13,2,3,5,3,0,1,1,0,0,0,0,0,7.89348E+20,5.81727E+21,1.32566E+16,5.24289E+16
202625,11,0,9,9,2018,6,16,6,3,2,6,0,1,1,0,0,0,0,0,8.06334E+20,5.82098E+21,1.35091E+16,5.24529E+16
202626,11,0,5,5,2018,7,13,4,3,0,2,0,1,1,0,0,0,0,0,7.84833E+20,5.82924E+21,1.32006E+16,5.25386E+16
202627,11,0,11,11,2018,7,13,4,3,6,4,0,0,1,1,0,0,0,0,8.05603E+20,5.83123E+21,1.35077E+16,5.25452E+16
202628,11,0,1,1,2018,7,8,7,3,5,7,0,0,1,0,0,0,0,0,7.97284E+20,5.83126E+21,1.33855E+16,5.25501E+16
202629,11,0,10,10,2018,7,11,4,3,0,1,0,1,0,0,0,0,0,0,8.12933E+20,5.82791E+21,1.36124E+16,5.25113E+16
202630,11,0,4,4,2018,7,16,6,3,5,3,0,1,1,0,0,0,0,0,7.93523E+20,5.82732E+21,1.33267E+16,5.25168E+16
202631,11,0,2,2,2018,7,13,6,2,3,6,0,1,0,0,0,0,0,0,8.01247E+20,5.82781E+21,1.34406E+16,5.2517E+16
202632,11,0,8,8,2018,7,10,4,3,5,7,0,0,1,0,0,0,0,0,8.00382E+20,5.82413E+21,1.34246E+16,5.24844E+16
202633,11,0,1,1,2018,7,9,6,3,6,7,0,0,1,0,0,0,1,0,7.97579E+20,5.82769E+21,1.33866E+16,5.25179E+16
202634,11,0,4,4,2018,7,10,4,3,5,2,0,0,1,0,0,0,0,0,7.91666E+20,5.83068E+21,1.33023E+16,5.25479E+16
202635,11,0,1,1,2018,7,11,6,3,2,2,0,1,1,0,0,0,0,0,7.98083E+20,5.82999E+21,1.33961E+16,5.25382E+16
202636,11,0,2,2,2018,7,9,4,3,1,5,0,1,1,0,0,0,0,0,7.97354E+20,5.82486E+21,1.33808E+16,5.24927E+16
202637,11,0,2,2,2018,7,2,6,3,5,3,2,0,1,0,0,0,0,0,7.99578E+20,5.82566E+21,1.34141E+16,5.24986E+16
202638,11,0,5,5,2018,7,7,6,3,1,5,0,1,1,0,0,0,0,0,7.87082E+20,5.82822E+21,1.32328E+16,5.25283E+16
202639,11,0,1,1,2018,7,8,4,3,5,3,0,0,1,0,1,0,0,0,7.96015E+20,5.82858E+21,1.33644E+16,5.25267E+16
202640,11,0,2,2,2018,7,2,6,3,5,2,2,0,1,0,0,0,0,0,8.00461E+20,5.82846E+21,1.34296E+16,5.25232E+16
202641,11,0,4,4,2018,7,15,6,3,2,6,0,0,1,0,0,0,0,0,7.90387E+20,5.82903E+21,1.32821E+16,5.25338E+16
202642,11,0,8,8,2018,7,8,4,3,1,7,0,0,1,0,0,0,1,0,8.01453E+20,5.81859E+21,1.34353E+16,5.24342E+16
202643,11,0,1,1,2018,7,0,6,3,0,7,2,1,0,0,0,0,0,0,7.95325E+20,5.82663E+21,1.33525E+16,5.25096E+16
202644,11,0,11,11,2018,7,16,4,3,0,1,0,0,0,0,1,0,0,0,8.04471E+20,5.83093E+21,1.34908E+16,5.25432E+16
202645,11,0,9,9,2018,7,22,6,3,5,3,2,1,1,0,0,0,0,0,8.07405E+20,5.81833E+21,1.35223E+16,5.24286E+16
202646,11,0,4,4,2018,7,17,6,3,5,2,0,0,1,0,0,0,0,0,7.92406E+20,5.8241E+21,1.33074E+16,5.24885E+16
202647,11,0,2,2,2018,7,23,4,3,5,2,2,1,1,0,0,0,0,1,7.9831E+20,5.82531E+21,1.33952E+16,5.24962E+16
202648,11,0,7,7,2018,7,20,6,3,4,6,1,1,1,0,0,0,0,0,7.96946E+20,5.8231E+21,1.33732E+16,5.24771E+16
202649,11,0,4,4,2018,7,6,4,3,3,6,0,0,1,0,0,0,1,0,7.94E+20,5.82594E+21,1.33325E+16,5.25041E+16
202650,11,0,1,1,2018,7,20,6,3,1,5,0,1,1,0,0,0,0,0,7.98791E+20,5.82914E+21,1.34057E+16,5.25302E+16
202651,11,0,11,11,2018,7,22,4,3,5,3,2,1,1,0,0,0,0,1,8.037E+20,5.82625E+21,1.34752E+16,5.25016E+16
202652,11,0,11,11,2018,7,19,6,3,5,3,0,1,1,0,0,0,0,0,8.04891E+20,5.83055E+21,1.34966E+16,5.25395E+16
202653,11,0,9,9,2018,7,19,6,3,5,3,1,0,1,0,1,0,0,0,8.01669E+20,5.82516E+21,1.34444E+16,5.24929E+16
202654,11,0,8,8,2018,7,6,4,3,5,3,0,0,1,0,0,0,0,0,8.01998E+20,5.82329E+21,1.34475E+16,5.24761E+16
202655,11,0,8,8,2018,7,19,6,2,1,5,0,1,1,0,0,0,0,0,8.00489E+20,5.82446E+21,1.34264E+16,5.24874E+16
202656,11,0,7,7,2018,7,19,6,3,5,2,0,1,1,0,0,0,0,0,7.93941E+20,5.82251E+21,1.33286E+16,5.24735E+16
202657,11,0,11,11,2018,7,5,4,3,0,1,0,0,0,0,1,0,0,1,8.04702E+20,5.82994E+21,1.34933E+16,5.25341E+16
202658,11,0,2,2,2018,7,19,6,3,5,3,0,1,0,0,0,0,0,0,7.98481E+20,5.82555E+21,1.33979E+16,5.24983E+16
202659,11,0,10,10,2018,7,5,4,3,0,1,0,0,0,0,1,0,0,1,8.06555E+20,5.82879E+21,1.35195E+16,5.25228E+16
202660,11,0,2,2,2018,7,0,4,3,5,3,2,1,1,0,0,0,0,1,7.99594E+20,5.82583E+21,1.34145E+16,5.25001E+16
202661,11,0,6,6,2018,7,18,6,3,0,2,0,0,1,0,1,0,0,0,7.94789E+20,5.82006E+21,1.33388E+16,5.2451E+16
202662,11,0,7,7,2018,7,0,4,3,5,2,2,0,1,0,0,0,0,1,7.99277E+20,5.81626E+21,1.34013E+16,5.24145E+16
202663,11,0,12,12,2018,7,20,4,3,5,3,1,1,1,0,0,0,0,0,7.93231E+20,5.83241E+21,1.33269E+16,5.25625E+16
202664,11,0,6,6,2018,7,16,6,3,2,6,0,1,0,0,0,0,1,0,7.93212E+20,5.81978E+21,1.33155E+16,5.24494E+16
202665,11,0,11,11,2018,7,17,6,3,4,5,0,1,1,0,0,0,0,0,8.0418E+20,5.83104E+21,1.34866E+16,5.25442E+16
202666,11,0,4,4,2018,7,17,4,3,5,3,0,0,1,0,1,0,0,1,7.92204E+20,5.82408E+21,1.33044E+16,5.24885E+16
202667,11,0,1,1,2018,7,16,6,3,1,1,0,1,1,0,0,0,0,0,7.96051E+20,5.83199E+21,1.3368E+16,5.25573E+16
202668,11,0,9,9,2018,7,17,4,3,5,3,0,0,1,0,0,0,1,0,8.12117E+20,5.82061E+21,1.35935E+16,5.24463E+16
202669,11,0,3,3,2018,7,16,4,3,5,2,0,1,1,0,0,0,0,0,8.00324E+20,5.83164E+21,1.34305E+16,5.25518E+16
202670,11,0,9,9,2018,7,16,6,3,3,2,0,1,1,0,0,0,0,0,8.06314E+20,5.82095E+21,1.35087E+16,5.24526E+16
202671,11,0,4,4,2018,7,16,4,3,5,3,0,0,1,0,0,0,0,1,7.9338E+20,5.82196E+21,1.33198E+16,5.24688E+16
202672,11,0,1,1,2018,7,16,4,3,2,6,0,0,1,0,1,0,0,1,7.95349E+20,5.82738E+21,1.33536E+16,5.25164E+16
202673,11,0,7,7,2018,7,16,6,3,5,3,0,1,1,0,0,0,0,0,7.9495E+20,5.82159E+21,1.33426E+16,5.24647E+16
202674,11,0,7,7,2018,7,16,4,3,2,2,0,0,1,0,0,0,0,1,7.96571E+20,5.81588E+21,1.33613E+16,5.24126E+16
202675,11,0,3,3,2018,7,15,6,3,5,2,0,0,1,0,1,0,0,0,7.99087E+20,5.83383E+21,1.34143E+16,5.25721E+16
202676,11,0,1,1,2018,7,16,4,3,1,5,0,1,1,0,0,0,1,1,7.97849E+20,5.8269E+21,1.33899E+16,5.25106E+16
202677,11,0,1,1,2018,7,15,6,3,3,6,0,1,1,0,0,0,0,0,7.95797E+20,5.82824E+21,1.33609E+16,5.25238E+16
202678,11,0,2,2,2018,7,16,4,3,6,2,0,0,1,1,0,0,0,0,8.00672E+20,5.82757E+21,1.34319E+16,5.25151E+16
202679,11,0,11,11,2018,7,15,6,3,6,2,0,0,1,1,0,0,0,0,8.0292E+20,5.83121E+21,1.34683E+16,5.25465E+16
202680,11,0,5,5,2018,7,16,4,3,5,3,0,0,1,0,1,0,0,1,7.8496E+20,5.82884E+21,1.32021E+16,5.2535E+16
202681,11,0,3,3,2018,7,15,6,3,5,3,0,1,0,0,1,0,0,0,7.98418E+20,5.8318E+21,1.34026E+16,5.25542E+16
202682,11,0,11,11,2018,7,16,4,3,5,2,0,0,1,0,0,0,0,0,8.05771E+20,5.82718E+21,1.35065E+16,5.25088E+16
202683,11,0,4,4,2018,7,16,4,3,2,7,0,1,1,0,0,0,0,1,7.91673E+20,5.82335E+21,1.3296E+16,5.24822E+16
202684,11,0,12,12,2018,7,15,6,3,2,6,0,0,1,0,0,0,0,0,7.92449E+20,5.83287E+21,1.33158E+16,5.25671E+16
202685,11,0,4,4,2018,7,22,4,2,6,4,2,0,1,1,0,0,0,1,7.91912E+20,5.82623E+21,1.3302E+16,5.25079E+16
202686,11,0,5,5,2018,7,19,4,2,2,6,0,0,1,0,0,0,0,0,7.83458E+20,5.83024E+21,1.31812E+16,5.25483E+16
202687,11,0,7,7,2018,7,14,6,3,2,2,0,0,1,0,0,0,0,0,7.97652E+20,5.81729E+21,1.33784E+16,5.24246E+16
202688,11,0,3,3,2018,7,18,4,3,1,5,0,1,1,0,0,0,0,1,7.99253E+20,5.83248E+21,1.34155E+16,5.25599E+16
202689,11,0,9,9,2018,7,14,6,2,6,4,0,1,0,1,0,0,0,0,8.07366E+20,5.82175E+21,1.35249E+16,5.24592E+16
202690,11,0,3,3,2018,7,12,6,3,2,6,0,1,1,0,0,0,0,0,7.99068E+20,5.82953E+21,1.34101E+16,5.25335E+16
202691,11,0,9,9,2018,7,22,4,3,8,1,2,0,0,0,1,0,0,0,8.10055E+20,5.81944E+21,1.35622E+16,5.2437E+16
202692,11,0,2,2,2018,7,12,6,3,1,5,0,1,0,0,0,1,0,0,8.01849E+20,5.82574E+21,1.34476E+16,5.2498E+16
202693,11,0,11,11,2018,7,7,3,3,5,3,0,1,1,0,0,0,0,0,8.03487E+20,5.82653E+21,1.34723E+16,5.25042E+16
202694,11,0,1,1,2018,7,18,3,3,5,2,0,1,1,0,0,0,0,0,7.95704E+20,5.82818E+21,1.33595E+16,5.25233E+16
202695,11,0,3,3,2018,7,12,6,3,5,3,0,1,1,0,0,0,0,0,8.02023E+20,5.83045E+21,1.34544E+16,5.25401E+16
202696,11,0,1,1,2018,7,23,3,3,5,2,2,1,0,0,0,0,1,1,7.99761E+20,5.82864E+21,1.34195E+16,5.25252E+16
202697,11,0,6,6,2018,7,19,6,3,0,6,0,0,1,0,0,0,1,0,7.93608E+20,5.82061E+21,1.3322E+16,5.24566E+16
202698,11,0,4,4,2018,7,15,3,3,5,2,0,1,1,0,0,0,0,0,7.93586E+20,5.82642E+21,1.33268E+16,5.25087E+16
202699,11,0,1,1,2018,7,18,6,3,5,3,0,0,1,0,0,0,0,0,7.95485E+20,5.82842E+21,1.33565E+16,5.25256E+16
202700,11,0,5,5,2018,7,19,6,3,2,6,0,0,1,0,0,0,0,0,7.83554E+20,5.82866E+21,1.31813E+16,5.25341E+16
202701,11,0,2,2,2018,7,14,3,2,5,2,0,1,0,0,0,1,0,0,7.97034E+20,5.82588E+21,1.3377E+16,5.2502E+16
202702,11,0,11,11,2018,7,19,6,3,2,6,0,0,1,0,0,0,0,0,8.051E+20,5.82496E+21,1.34946E+16,5.24893E+16
202703,11,0,2,2,2018,7,19,6,3,1,5,0,1,1,0,0,0,1,0,8.01495E+20,5.82606E+21,1.34427E+16,5.25012E+16
202704,11,0,8,8,2018,7,11,3,3,5,5,0,0,1,0,0,0,0,0,8.01031E+20,5.8235E+21,1.34335E+16,5.24785E+16
202705,11,0,9,9,2018,7,21,6,3,1,5,0,0,1,0,0,0,0,0,8.07461E+20,5.82188E+21,1.35264E+16,5.24603E+16
202706,11,0,6,6,2018,7,11,3,3,5,2,0,1,1,0,0,0,0,0,7.93714E+20,5.81576E+21,1.33193E+16,5.2413E+16
202707,11,0,12,12,2018,7,11,5,3,5,2,0,0,1,0,0,0,0,0,7.95279E+20,5.83637E+21,1.33605E+16,5.25969E+16
202708,11,0,2,2,2018,7,10,3,3,1,5,0,0,0,0,1,0,1,0,7.97472E+20,5.82609E+21,1.33836E+16,5.25036E+16
202709,11,0,2,2,2018,7,0,5,3,2,6,2,1,0,0,1,0,0,0,8.03635E+20,5.82737E+21,1.34753E+16,5.25117E+16
202710,11,0,12,12,2018,7,9,5,3,3,6,0,0,1,0,0,0,1,0,7.93002E+20,5.83218E+21,1.33233E+16,5.25606E+16
202711,11,0,3,3,2018,7,9,3,3,5,3,0,1,1,0,0,0,0,0,8.00114E+20,5.83074E+21,1.34266E+16,5.25438E+16
202712,11,0,11,11,2018,7,14,5,3,5,7,0,0,1,0,1,0,0,0,8.05045E+20,5.83294E+21,1.35011E+16,5.25608E+16
202713,11,0,1,1,2018,7,11,5,3,2,6,0,0,1,0,0,0,0,0,7.95053E+20,5.82718E+21,1.3349E+16,5.25147E+16
202714,11,0,6,6,2018,7,9,3,3,1,7,0,0,1,0,0,0,1,0,7.91516E+20,5.82065E+21,1.32913E+16,5.2458E+16
202715,11,0,1,1,2018,7,11,5,3,6,4,0,0,1,1,0,0,0,0,7.9869E+20,5.82834E+21,1.34035E+16,5.25231E+16
202716,11,0,1,1,2018,7,10,5,3,2,6,0,0,1,0,0,0,0,0,7.95237E+20,5.83044E+21,1.33546E+16,5.25439E+16
202717,11,0,5,5,2018,7,8,3,3,2,6,0,0,0,0,1,0,1,0,7.84749E+20,5.83049E+21,1.32004E+16,5.25499E+16
202718,11,0,10,10,2018,7,9,5,2,5,3,0,1,1,0,0,0,0,0,8.07518E+20,5.829E+21,1.35338E+16,5.25241E+16
202719,11,0,2,2,2018,7,8,3,3,2,2,0,0,1,0,0,0,1,0,7.99967E+20,5.82545E+21,1.34197E+16,5.24965E+16
202720,11,0,11,11,2018,7,19,1,3,1,5,0,1,1,0,0,0,0,0,8.05041E+20,5.83387E+21,1.35019E+16,5.25692E+16
202721,11,0,4,4,2018,7,8,3,3,5,2,0,0,1,0,0,0,0,0,7.91285E+20,5.83068E+21,1.32967E+16,5.25481E+16
202722,11,0,2,2,2018,7,9,5,3,5,7,0,1,1,0,0,0,0,0,8.03231E+20,5.82563E+21,1.34678E+16,5.24963E+16
202723,11,0,7,7,2018,7,21,1,2,9,1,0,0,1,0,0,0,0,0,7.95788E+20,5.82542E+21,1.33583E+16,5.24985E+16
202724,11,0,4,4,2018,7,9,5,3,5,2,0,1,1,0,0,0,0,0,7.92764E+20,5.82705E+21,1.33153E+16,5.25147E+16
202725,11,0,8,8,2018,7,3,1,3,0,7,2,1,0,0,0,0,0,0,8.00573E+20,5.82326E+21,1.34266E+16,5.24766E+16
202726,11,0,2,2,2018,7,8,3,3,5,2,0,1,1,0,0,0,0,0,8.02075E+20,5.82736E+21,1.34524E+16,5.25125E+16
202727,11,0,1,1,2018,7,8,5,3,1,7,0,1,1,0,0,0,0,0,7.98889E+20,5.82715E+21,1.34054E+16,5.25124E+16
202728,11,0,9,9,2018,7,8,3,3,2,6,0,0,1,0,0,0,1,0,8.1057E+20,5.82109E+21,1.35713E+16,5.24515E+16
202729,11,0,12,12,2018,7,14,1,3,5,3,0,0,1,0,0,0,1,0,7.96637E+20,5.83241E+21,1.3377E+16,5.25608E+16
202730,11,0,9,9,2018,7,14,7,3,0,2,0,1,1,0,0,0,0,0,8.0681E+20,5.822E+21,1.3517E+16,5.24618E+16
202731,11,0,8,8,2018,7,5,3,3,2,6,0,0,1,0,0,1,0,0,8.03193E+20,5.82273E+21,1.34646E+16,5.24703E+16
202732,11,0,3,3,2018,7,6,5,3,5,3,0,1,1,0,0,0,0,0,8.00456E+20,5.83619E+21,1.34366E+16,5.25925E+16
202733,11,0,7,7,2018,7,5,3,3,1,5,0,0,1,0,1,0,0,0,7.94457E+20,5.82191E+21,1.33356E+16,5.24678E+16
202734,11,0,1,1,2018,7,12,7,2,6,4,0,0,1,1,0,0,0,0,7.9858E+20,5.82908E+21,1.34026E+16,5.25299E+16
202735,11,0,4,4,2018,7,22,7,3,5,3,2,1,1,0,0,0,0,0,7.88308E+20,5.82688E+21,1.32496E+16,5.25156E+16
202736,11,0,4,4,2018,7,15,3,3,2,7,0,0,0,0,0,1,1,0,7.93884E+20,5.82623E+21,1.3331E+16,5.25068E+16
202737,11,0,1,1,2018,7,14,5,2,5,3,0,1,1,0,0,0,0,0,7.94572E+20,5.82874E+21,1.33433E+16,5.2529E+16
202738,11,0,4,4,2018,7,11,3,2,5,3,0,1,1,0,0,0,0,0,7.92401E+20,5.82653E+21,1.33095E+16,5.25103E+16
202739,11,0,2,2,2018,7,20,7,3,5,7,1,1,1,0,0,0,0,0,8.00108E+20,5.82576E+21,1.3422E+16,5.24992E+16
202740,11,0,4,4,2018,7,13,3,2,5,2,0,0,1,0,0,0,0,0,7.93525E+20,5.82648E+21,1.3326E+16,5.25093E+16
202741,11,0,5,5,2018,7,7,5,2,4,6,0,0,1,0,0,0,1,0,7.87352E+20,5.82982E+21,1.32381E+16,5.25425E+16
202742,11,0,8,8,2018,7,9,3,2,6,3,0,0,1,1,0,0,0,0,8.02618E+20,5.82075E+21,1.34543E+16,5.24529E+16
202743,11,0,2,2,2018,7,19,7,3,1,5,0,1,1,0,0,0,0,0,7.98295E+20,5.82484E+21,1.33946E+16,5.2492E+16
202744,11,0,10,10,2018,7,14,5,3,2,6,0,0,1,0,0,0,0,0,8.09971E+20,5.83203E+21,1.35727E+16,5.25499E+16