OBJECTID_1,ULAND,UREGBEZ,UKREIS,UGEMEINDE,UJAHR,UMONAT,USTUNDE,UWOCHENTAG,UKATEGORIE,UART,UTYP1,ULICHTVERH,IstRad,IstPKW,IstFuss,IstKrad,IstGkfz,IstSonstig,STRZUSTAND,LINREFX,LINREFY,XGCSWGS84,YGCSWGS84
203121,11,0,4,4,2018,7,17,2,3,5,2,0,1,1,0,0,0,0,0,7.91622E+20,5.82244E+21,1.32945E+16,5.2474E+16
203122,11,0,4,4,2018,7,1,6,3,9,1,2,0,1,0,0,0,0,0,7.89935E+20,5.8251E+21,1.3272E+16,5.24988E+16
203123,11,0,3,3,2018,7,17,2,3,5,2,0,0,1,0,0,0,0,0,8.00304E+20,5.83159E+21,1.34302E+16,5.25514E+16
203124,11,0,9,9,2018,7,9,4,3,2,6,0,0,1,0,0,0,0,0,8.1293E+20,5.82138E+21,1.36062E+16,5.24527E+16
203125,11,0,9,9,2018,7,16,2,3,2,2,0,0,1,0,0,1,0,0,8.06411E+20,5.82298E+21,1.3512E+16,5.24708E+16
203126,11,0,3,3,2018,7,21,6,3,5,3,1,1,0,0,0,0,0,1,8.0376E+20,5.8393E+21,1.3488E+16,5.26186E+16
203127,11,0,3,3,2018,7,15,2,3,5,3,0,1,1,0,0,0,0,0,7.98074E+20,5.8347E+21,1.34002E+16,5.25805E+16
203128,11,0,4,4,2018,7,14,2,3,5,2,0,1,1,0,0,0,0,0,7.9331E+20,5.82722E+21,1.33234E+16,5.2516E+16
203129,11,0,1,1,2018,7,8,4,2,5,2,0,0,1,0,1,0,0,0,7.96167E+20,5.8265E+21,1.33648E+16,5.2508E+16
203130,11,0,7,7,2018,7,19,6,2,6,4,0,1,0,1,0,0,0,0,7.97884E+20,5.82387E+21,1.33877E+16,5.24835E+16
203131,11,0,6,6,2018,7,14,2,3,1,5,0,1,1,0,0,0,0,0,7.94731E+20,5.81805E+21,1.33362E+16,5.2433E+16
203132,11,0,2,2,2018,7,20,6,3,5,2,1,0,1,0,0,0,0,0,7.99071E+20,5.82561E+21,1.34067E+16,5.24984E+16
203133,11,0,8,8,2018,7,7,4,2,2,2,0,0,1,0,1,0,0,0,8.01518E+20,5.8176E+21,1.34354E+16,5.24253E+16
203134,11,0,8,8,2018,7,7,4,3,7,7,0,0,1,0,0,0,0,0,8.05552E+20,5.81611E+21,1.34931E+16,5.24097E+16
203135,11,0,9,9,2018,7,13,2,3,5,3,0,0,1,0,1,0,0,0,8.14524E+20,5.82105E+21,1.36293E+16,5.24489E+16
203136,11,0,8,8,2018,7,20,6,3,1,5,0,1,1,0,0,0,0,0,8.00607E+20,5.82442E+21,1.34281E+16,5.24869E+16
203137,11,0,11,11,2018,7,13,2,3,2,6,0,0,0,0,0,0,1,0,8.04224E+20,5.82985E+21,1.34862E+16,5.25336E+16
203138,11,0,1,1,2018,7,9,4,3,0,5,0,1,1,0,0,0,0,0,7.96706E+20,5.82684E+21,1.3373E+16,5.25108E+16
203139,11,0,4,4,2018,7,13,2,3,1,5,0,1,1,0,0,0,0,0,7.92341E+20,5.82589E+21,1.3308E+16,5.25046E+16
203140,11,0,8,8,2018,7,22,4,3,5,2,2,0,1,0,0,0,0,0,8.03197E+20,5.82271E+21,1.34646E+16,5.24702E+16
203141,11,0,2,2,2018,7,19,6,3,2,4,1,1,0,1,0,0,0,0,8.00093E+20,5.82567E+21,1.34217E+16,5.24984E+16
203142,11,0,4,4,2018,7,12,2,3,6,7,0,0,1,1,0,0,0,0,7.92235E+20,5.82727E+21,1.33077E+16,5.2517E+16
203143,11,0,4,4,2018,7,19,4,3,5,2,0,0,1,0,0,0,0,0,7.91427E+20,5.82918E+21,1.32975E+16,5.25346E+16
203144,11,0,11,11,2018,7,15,2,3,2,6,0,0,1,0,0,0,0,0,8.03413E+20,5.82862E+21,1.34732E+16,5.2523E+16
203145,11,0,8,8,2018,7,18,6,3,2,6,0,0,1,0,0,0,0,0,8.05421E+20,5.81837E+21,1.34933E+16,5.243E+16
203146,11,0,5,5,2018,7,11,2,3,2,6,0,0,1,0,0,0,0,0,7.87091E+20,5.82815E+21,1.32329E+16,5.25277E+16
203147,11,0,2,2,2018,7,18,4,3,5,2,0,1,1,0,0,0,0,0,7.98844E+20,5.82509E+21,1.34028E+16,5.24939E+16
203148,11,0,8,8,2018,7,14,2,3,5,3,0,0,1,0,0,0,1,0,8.02161E+20,5.82338E+21,1.345E+16,5.24767E+16
203149,11,0,8,8,2018,7,9,6,3,5,3,0,1,1,0,0,0,0,0,8.068E+20,5.81707E+21,1.35123E+16,5.24176E+16
203150,11,0,9,9,2018,7,18,2,2,5,3,0,1,0,0,1,0,0,0,8.12132E+20,5.82045E+21,1.35936E+16,5.24448E+16
203151,11,0,2,2,2018,7,17,5,3,5,3,0,1,1,0,0,0,0,0,7.98538E+20,5.82475E+21,1.3398E+16,5.2491E+16
203152,11,0,3,3,2018,7,17,4,3,0,2,0,1,1,0,0,0,0,0,8.0111E+20,5.83152E+21,1.34419E+16,5.25503E+16
203153,11,0,9,9,2018,7,17,5,3,5,3,0,1,1,0,0,0,0,0,8.09934E+20,5.82162E+21,1.35625E+16,5.24567E+16
203154,11,0,7,7,2018,7,17,2,2,5,3,0,0,1,0,1,0,1,0,7.94956E+20,5.8216E+21,1.33427E+16,5.24648E+16
203155,11,0,11,11,2018,7,14,4,3,5,7,0,0,1,0,0,0,0,0,8.05293E+20,5.82714E+21,1.34994E+16,5.25087E+16
203156,11,0,6,6,2018,7,16,2,2,0,1,0,1,0,0,0,0,0,0,7.88198E+20,5.81983E+21,1.32419E+16,5.24525E+16
203157,11,0,1,1,2018,7,15,4,3,1,5,0,1,1,0,0,0,1,0,7.96854E+20,5.82677E+21,1.33751E+16,5.25101E+16
203158,11,0,2,2,2018,7,22,5,3,5,3,2,0,1,0,1,0,0,0,8.02865E+20,5.82747E+21,1.34641E+16,5.2513E+16
203159,11,0,4,4,2018,7,16,2,3,1,5,0,1,1,0,0,0,0,0,7.92759E+20,5.82611E+21,1.33144E+16,5.25063E+16
203160,11,0,12,12,2018,7,19,5,3,5,3,0,1,1,0,0,0,0,0,7.93267E+20,5.83258E+21,1.33275E+16,5.25641E+16
203161,11,0,9,9,2018,7,22,4,2,1,5,2,1,1,0,0,0,0,0,8.01878E+20,5.82507E+21,1.34474E+16,5.24921E+16
203162,11,0,7,7,2018,7,22,4,2,1,5,2,1,1,0,0,0,0,0,8.00047E+20,5.81433E+21,1.34109E+16,5.23968E+16
203163,11,0,12,12,2018,7,19,5,3,4,6,0,0,0,0,0,0,1,0,7.94335E+20,5.83839E+21,1.33484E+16,5.26155E+16
203164,11,0,2,2,2018,7,10,2,3,1,6,0,1,1,0,0,1,0,0,8.00618E+20,5.82721E+21,1.34308E+16,5.25119E+16
203165,11,0,11,11,2018,7,18,5,3,4,6,0,0,1,0,0,0,0,0,8.04991E+20,5.82774E+21,1.34955E+16,5.25143E+16
203166,11,0,3,3,2018,7,19,4,2,1,5,0,1,1,0,0,0,0,0,8.00368E+20,5.83352E+21,1.34329E+16,5.25687E+16
203167,11,0,11,11,2018,7,17,4,2,5,2,0,1,1,0,0,0,0,0,8.07845E+20,5.83395E+21,1.35432E+16,5.25683E+16
203168,11,0,1,1,2018,7,18,5,3,1,7,0,1,1,0,0,0,0,0,7.9712E+20,5.8318E+21,1.33835E+16,5.2555E+16
203169,11,0,4,4,2018,7,20,1,2,1,5,0,1,1,0,0,0,0,0,7.90484E+20,5.82612E+21,1.3281E+16,5.25077E+16
203170,11,0,5,5,2018,7,18,5,3,5,2,0,0,1,0,1,0,0,0,7.85504E+20,5.83028E+21,1.32114E+16,5.25476E+16
203171,11,0,11,11,2018,7,21,4,1,5,2,2,1,0,0,0,0,1,0,8.07282E+20,5.82541E+21,1.3527E+16,5.24921E+16
203172,11,0,11,11,2018,7,18,5,3,1,1,0,0,1,0,1,0,0,0,8.07391E+20,5.82427E+21,1.35276E+16,5.24818E+16
203173,11,0,4,4,2018,7,14,1,3,0,6,0,0,1,0,1,0,0,0,7.91178E+20,5.82973E+21,1.32943E+16,5.25397E+16
203174,11,0,12,12,2018,7,21,5,3,2,6,1,0,1,0,0,0,0,0,7.92787E+20,5.83387E+21,1.33216E+16,5.25759E+16
203175,11,0,11,11,2018,7,10,3,3,2,6,0,0,1,0,0,0,0,0,8.05073E+20,5.83066E+21,1.34994E+16,5.25404E+16
203176,11,0,1,1,2018,7,13,1,3,0,3,0,1,1,0,0,0,0,0,7.98533E+20,5.82898E+21,1.34018E+16,5.2529E+16
203177,11,0,1,1,2018,7,20,3,3,6,7,0,0,0,1,1,0,0,0,7.96712E+20,5.82646E+21,1.33728E+16,5.25074E+16
203178,11,0,1,1,2018,7,20,5,3,0,2,0,0,1,0,0,0,1,0,7.96256E+20,5.8285E+21,1.33679E+16,5.25259E+16
203179,11,0,7,7,2018,7,13,1,3,5,3,0,1,1,0,0,0,0,0,7.96687E+20,5.82472E+21,1.33708E+16,5.24917E+16
203180,11,0,2,2,2018,7,21,5,2,5,3,2,1,1,0,0,0,0,0,8.00719E+20,5.82789E+21,1.34329E+16,5.25179E+16
203181,11,0,3,3,2018,7,21,3,3,3,6,1,0,1,0,0,0,1,0,7.98227E+20,5.83306E+21,1.34009E+16,5.25657E+16
203182,11,0,4,4,2018,7,20,3,3,5,7,0,0,1,0,1,0,0,0,7.93945E+20,5.82606E+21,1.33317E+16,5.25052E+16
203183,11,0,1,1,2018,7,19,5,3,0,2,0,1,1,0,1,0,0,0,7.95273E+20,5.82604E+21,1.33512E+16,5.25043E+16
203184,11,0,9,9,2018,7,13,1,3,6,2,0,0,1,1,0,0,0,0,8.08649E+20,5.81916E+21,1.35413E+16,5.24353E+16
203185,11,0,6,6,2018,7,18,5,2,5,2,0,1,1,0,0,0,0,0,7.91864E+20,5.81915E+21,1.32951E+16,5.24444E+16
203186,11,0,4,4,2018,7,17,3,3,5,2,0,1,1,0,0,0,0,0,7.93787E+20,5.82397E+21,1.33276E+16,5.24866E+16
203187,11,0,2,2,2018,7,13,1,3,5,3,0,0,1,0,0,0,0,0,7.98181E+20,5.82651E+21,1.33944E+16,5.2507E+16
203188,11,0,5,5,2018,7,16,5,2,5,3,0,1,1,0,0,0,0,0,7.84897E+20,5.83013E+21,1.32023E+16,5.25465E+16
203189,11,0,5,5,2018,7,13,1,3,5,3,0,1,1,0,0,0,0,0,7.82293E+20,5.82851E+21,1.31626E+16,5.25333E+16
203190,11,0,12,12,2018,7,12,3,3,0,2,0,1,1,0,0,0,0,0,7.94514E+20,5.83427E+21,1.33474E+16,5.25785E+16
203191,11,0,4,4,2018,7,13,1,3,4,6,0,1,0,0,0,0,0,0,7.90738E+20,5.82504E+21,1.32837E+16,5.24978E+16
203192,11,0,6,6,2018,7,6,3,3,5,3,0,1,1,0,0,0,0,0,7.91952E+20,5.82145E+21,1.32984E+16,5.2465E+16
203193,11,0,1,1,2018,7,17,5,3,0,3,0,0,1,0,1,0,0,0,7.9573E+20,5.8282E+21,1.33599E+16,5.25235E+16
203194,11,0,1,1,2018,7,17,5,2,2,6,0,0,1,0,1,0,0,0,7.95114E+20,5.8296E+21,1.33521E+16,5.25364E+16
203195,11,0,4,4,2018,7,12,1,3,2,6,0,0,1,0,1,0,0,0,7.92881E+20,5.82611E+21,1.33162E+16,5.25062E+16
203196,11,0,3,3,2018,7,17,5,3,5,3,0,1,0,0,0,0,1,0,8.00052E+20,5.83572E+21,1.34302E+16,5.25885E+16
203197,11,0,2,2,2018,7,7,3,3,0,2,0,0,1,0,0,0,0,0,8.03013E+20,5.82574E+21,1.34647E+16,5.24974E+16
203198,11,0,1,1,2018,7,11,1,3,1,5,0,0,1,0,0,0,1,0,7.93898E+20,5.82889E+21,1.33336E+16,5.25306E+16
203199,11,0,7,7,2018,7,0,3,3,0,2,2,0,1,0,0,0,0,0,7.96046E+20,5.82534E+21,1.3362E+16,5.24977E+16
203200,11,0,6,6,2018,7,17,5,3,5,3,0,0,1,0,0,0,0,0,7.92444E+20,5.81976E+21,1.33042E+16,5.24496E+16
203201,11,0,4,4,2018,7,10,1,3,2,6,0,0,1,0,1,0,0,0,7.85042E+20,5.82255E+21,1.31979E+16,5.24785E+16
203202,11,0,1,1,2018,7,17,5,3,2,6,0,0,1,0,0,0,0,0,7.96354E+20,5.83005E+21,1.33707E+16,5.25397E+16
203203,11,0,2,2,2018,7,11,3,3,2,6,0,1,1,0,0,0,0,0,7.98184E+20,5.8265E+21,1.33944E+16,5.25069E+16
203204,11,0,3,3,2018,7,12,3,3,0,1,0,1,1,0,0,0,0,0,8.00736E+20,5.8333E+21,1.34381E+16,5.25665E+16
203205,11,0,10,10,2018,7,17,5,3,2,6,0,0,1,0,0,1,0,0,8.12059E+20,5.83181E+21,1.36032E+16,5.25467E+16
203206,11,0,11,11,2018,7,10,1,3,8,1,0,0,0,0,1,0,0,0,8.06024E+20,5.8336E+21,1.35161E+16,5.25662E+16
203207,11,0,1,1,2018,7,16,5,3,2,6,0,1,1,0,0,0,0,0,7.97651E+20,5.82693E+21,1.3387E+16,5.25111E+16
203208,11,0,8,8,2018,7,9,1,3,1,5,0,1,1,0,0,0,0,0,8.02328E+20,5.81807E+21,1.34476E+16,5.2429E+16
203209,11,0,4,4,2018,7,20,3,2,5,7,0,0,1,0,1,0,0,0,7.9353E+20,5.8279E+21,1.33273E+16,5.2522E+16
203210,11,0,2,2,2018,7,1,1,2,1,5,2,1,1,0,0,0,1,0,8.0273E+20,5.82703E+21,1.34617E+16,5.25092E+16
203211,11,0,4,4,2018,7,15,5,2,5,2,0,1,0,0,0,1,0,0,7.91293E+20,5.82205E+21,1.32893E+16,5.24707E+16
203212,11,0,1,1,2018,7,16,1,3,5,3,0,1,1,0,0,0,0,0,7.97894E+20,5.82657E+21,1.33902E+16,5.25077E+16
203213,11,0,1,1,2018,7,18,7,3,5,2,0,0,1,0,1,0,0,0,7.95188E+20,5.82589E+21,1.33499E+16,5.2503E+16
203214,11,0,5,5,2018,7,20,3,3,5,2,0,1,1,0,0,0,0,0,7.83585E+20,5.82866E+21,1.31817E+16,5.25341E+16
203215,11,0,12,12,2018,7,15,5,3,2,6,0,0,1,0,0,0,1,0,7.94216E+20,5.83542E+21,1.3344E+16,5.2589E+16
203216,11,0,6,6,2018,7,18,7,3,3,6,0,1,1,0,0,0,0,0,7.93401E+20,5.82133E+21,1.33196E+16,5.24632E+16
203217,11,0,4,4,2018,7,15,5,3,6,2,0,0,1,1,0,0,0,0,7.90951E+20,5.82482E+21,1.32867E+16,5.24958E+16
203218,11,0,11,11,2018,7,19,3,2,6,4,0,0,1,1,0,0,0,0,8.03241E+20,5.82877E+21,1.34708E+16,5.25244E+16
203219,11,0,11,11,2018,7,15,5,3,5,2,0,1,1,0,0,0,0,0,8.05962E+20,5.83371E+21,1.35153E+16,5.25672E+16
203220,11,0,5,5,2018,7,17,7,3,5,2,0,0,1,0,1,0,0,0,7.837E+20,5.83018E+21,1.31847E+16,5.25476E+16
203221,11,0,5,5,2018,7,16,7,3,2,6,0,1,0,0,0,0,0,0,7.82805E+20,5.83038E+21,1.31717E+16,5.25499E+16
203222,11,0,8,8,2018,7,15,5,3,8,1,0,0,0,0,1,0,0,0,8.04773E+20,5.81784E+21,1.34833E+16,5.24256E+16
203223,11,0,1,1,2018,7,17,3,3,2,6,0,0,1,0,0,0,0,0,7.94669E+20,5.83085E+21,1.33466E+16,5.25478E+16
203224,11,0,1,1,2018,7,18,3,2,6,4,0,0,1,1,0,0,0,0,7.96054E+20,5.82851E+21,1.33649E+16,5.25261E+16
203225,11,0,12,12,2018,7,16,7,3,2,2,0,0,1,0,1,0,0,0,7.93476E+20,5.83242E+21,1.33305E+16,5.25626E+16
203226,11,0,2,2,2018,7,15,5,3,5,3,0,1,1,0,0,0,0,0,7.98311E+20,5.82563E+21,1.33955E+16,5.2499E+16
203227,11,0,6,6,2018,7,13,7,3,0,2,0,0,1,0,1,0,0,0,7.91977E+20,5.819E+21,1.32967E+16,5.2443E+16
203228,11,0,6,6,2018,7,18,3,3,0,5,0,1,1,0,0,0,0,0,7.92139E+20,5.81879E+21,1.32988E+16,5.2441E+16
203229,11,0,12,12,2018,7,12,7,3,5,3,0,1,1,0,0,0,0,0,7.90149E+20,5.84263E+21,1.32905E+16,5.26559E+16
203230,11,0,8,8,2018,7,18,3,3,5,2,0,0,1,0,0,0,0,0,8.01014E+20,5.82391E+21,1.34336E+16,5.24821E+16
203231,11,0,5,5,2018,7,17,5,3,2,6,0,0,1,0,0,0,0,0,7.82176E+20,5.83005E+21,1.31622E+16,5.25473E+16
203232,11,0,6,6,2018,7,12,7,3,1,5,0,1,1,0,0,0,0,0,7.95102E+20,5.82096E+21,1.33442E+16,5.24589E+16
203233,11,0,2,2,2018,7,9,3,3,5,2,0,1,0,0,0,0,1,0,7.99327E+20,5.82623E+21,1.3411E+16,5.25038E+16
203234,11,0,5,5,2018,7,10,7,3,0,2,0,1,1,0,0,0,0,0,7.83923E+20,5.82661E+21,1.3185E+16,5.25155E+16
203235,11,0,8,8,2018,7,7,3,2,1,1,0,0,0,0,1,1,1,0,8.01123E+20,5.81959E+21,1.34314E+16,5.24434E+16
203236,11,0,2,2,2018,7,15,5,2,5,1,0,1,1,0,0,0,0,0,7.97831E+20,5.8249E+21,1.33878E+16,5.24928E+16
203237,11,0,9,9,2018,7,10,7,3,5,2,0,0,1,0,1,0,0,0,8.08184E+20,5.82188E+21,1.3537E+16,5.24599E+16
203238,11,0,1,1,2018,7,10,5,3,5,3,0,1,0,0,0,0,1,0,7.97891E+20,5.831E+21,1.33941E+16,5.25474E+16
203239,11,0,9,9,2018,7,6,3,3,9,1,0,0,0,0,1,0,0,0,8.06361E+20,5.82089E+21,1.35094E+16,5.24521E+16
203240,11,0,7,7,2018,7,10,5,3,1,5,0,0,1,0,0,0,1,0,7.96126E+20,5.81593E+21,1.33548E+16,5.24133E+16
203241,11,0,4,4,2018,7,14,7,3,5,2,0,1,1,0,0,0,0,0,7.93925E+20,5.8258E+21,1.33312E+16,5.25029E+16
203242,11,0,3,3,2018,7,8,5,3,5,3,0,1,1,0,0,0,0,0,7.99708E+20,5.83008E+21,1.342E+16,5.25381E+16
203243,11,0,6,6,2018,7,11,3,3,5,3,0,0,1,0,0,0,0,0,7.94463E+20,5.82134E+21,1.33352E+16,5.24627E+16
203244,11,0,4,4,2018,7,13,7,3,1,5,0,1,1,0,0,0,0,0,7.92662E+20,5.82531E+21,1.33122E+16,5.24992E+16
203245,11,0,12,12,2018,7,17,3,3,3,6,0,0,1,0,0,0,0,0,7.96049E+20,5.83393E+21,1.33697E+16,5.25746E+16
203246,11,0,5,5,2018,7,8,5,2,2,6,0,0,1,0,0,0,0,0,7.83736E+20,5.8243E+21,1.31803E+16,5.24949E+16
203247,11,0,7,7,2018,7,12,7,3,0,1,0,0,0,0,1,0,0,0,7.9845E+20,5.82104E+21,1.33934E+16,5.24578E+16
203248,11,0,4,4,2018,7,16,3,3,5,3,0,1,0,0,1,0,0,0,7.92448E+20,5.82719E+21,1.33107E+16,5.25162E+16
203249,11,0,7,7,2018,7,13,7,2,9,1,0,0,0,0,1,0,0,0,7.93952E+20,5.82226E+21,1.33285E+16,5.24712E+16
203250,11,0,11,11,2018,7,16,3,3,6,4,0,1,0,1,0,0,0,0,8.04924E+20,5.83313E+21,1.34995E+16,5.25626E+16
203251,11,0,11,11,2018,7,14,5,3,5,3,0,0,1,0,0,0,0,0,8.04291E+20,5.82908E+21,1.34865E+16,5.25267E+16
203252,11,0,5,5,2018,7,0,7,3,0,1,2,0,0,0,1,0,0,0,7.819E+20,5.82948E+21,1.31577E+16,5.25422E+16
203253,11,0,9,9,2018,7,7,5,3,5,2,0,1,1,0,0,0,0,0,8.06548E+20,5.82053E+21,1.35118E+16,5.24488E+16
203254,11,0,12,12,2018,7,16,3,2,5,2,0,0,1,0,0,0,0,0,7.95786E+20,5.83258E+21,1.33646E+16,5.25627E+16
203255,11,0,3,3,2018,7,15,3,3,0,2,0,1,1,0,0,0,0,0,7.98411E+20,5.8318E+21,1.34025E+16,5.25543E+16
203256,11,0,1,1,2018,7,13,5,2,2,6,0,0,0,0,1,1,0,0,7.97743E+20,5.82756E+21,1.33889E+16,5.25167E+16
203257,11,0,9,9,2018,7,19,7,2,2,7,0,0,1,0,0,0,0,0,8.2096E+20,5.81948E+21,1.37221E+16,5.24311E+16
203258,11,0,8,8,2018,7,13,5,3,5,3,0,0,1,0,0,0,1,0,8.01422E+20,5.82349E+21,1.34393E+16,5.24781E+16
203259,11,0,9,9,2018,7,15,3,3,5,2,0,1,0,0,0,0,1,0,8.09948E+20,5.82045E+21,1.35616E+16,5.24461E+16
203260,11,0,5,5,2018,7,13,5,3,0,6,0,0,1,0,1,0,0,0,7.82308E+20,5.82945E+21,1.31636E+16,5.25418E+16
203261,11,0,2,2,2018,7,19,7,3,1,5,0,0,1,0,1,0,0,0,7.9959E+20,5.8249E+21,1.34136E+16,5.24918E+16
203262,11,0,6,6,2018,7,6,5,3,1,7,0,0,1,0,0,0,0,0,7.93208E+20,5.81835E+21,1.33141E+16,5.24365E+16
203263,11,0,2,2,2018,7,15,3,3,1,5,0,1,1,0,0,0,0,0,8.02027E+20,5.82737E+21,1.34517E+16,5.25126E+16
203264,11,0,9,9,2018,7,19,7,3,1,5,0,1,1,0,0,0,0,0,8.19806E+20,5.8196E+21,1.37053E+16,5.24328E+16
203265,11,0,8,8,2018,7,14,3,3,0,6,0,0,0,0,1,0,1,0,8.02377E+20,5.81788E+21,1.34482E+16,5.24274E+16
203266,11,0,9,9,2018,7,13,5,2,5,3,0,0,1,0,0,0,0,0,8.08102E+20,5.81895E+21,1.35331E+16,5.24338E+16
203267,11,0,5,5,2018,7,18,7,3,5,2,0,0,0,0,1,0,0,0,7.83903E+20,5.8266E+21,1.31847E+16,5.25154E+16
203268,11,0,5,5,2018,7,13,5,3,6,4,0,1,0,1,0,0,0,0,7.83456E+20,5.82855E+21,1.31797E+16,5.25331E+16
203269,11,0,2,2,2018,7,14,3,3,0,3,0,0,1,0,1,0,0,0,7.99408E+20,5.82616E+21,1.34121E+16,5.25032E+16
203270,11,0,4,4,2018,7,14,3,3,5,7,0,0,1,0,1,0,0,0,7.93326E+20,5.82345E+21,1.33204E+16,5.24821E+16
203271,11,0,6,6,2018,7,13,5,3,6,2,0,0,1,1,0,0,0,0,7.9355E+20,5.82006E+21,1.33207E+16,5.24517E+16
203272,11,0,6,6,2018,7,14,6,3,5,3,0,1,0,0,0,1,0,0,7.94186E+20,5.8175E+21,1.33277E+16,5.24284E+16
203273,11,0,3,3,2018,7,12,5,3,5,3,0,0,1,0,0,0,0,0,7.98927E+20,5.8326E+21,1.34108E+16,5.25612E+16
203274,11,0,10,10,2018,7,8,6,3,5,3,0,1,0,0,0,0,1,0,8.09451E+20,5.83461E+21,1.35674E+16,5.25733E+16
203275,11,0,11,11,2018,7,12,5,3,5,3,0,0,1,0,0,0,0,0,8.0561E+20,5.83136E+21,1.3508E+16,5.25464E+16
203276,11,0,9,9,2018,7,13,3,3,5,3,0,1,1,0,0,0,0,0,8.10987E+20,5.82198E+21,1.35782E+16,5.24592E+16
203277,11,0,1,1,2018,7,13,3,3,4,5,0,0,1,0,1,0,0,0,7.95427E+20,5.83131E+21,1.33582E+16,5.25515E+16
203278,11,0,8,8,2018,7,12,5,3,1,5,0,0,1,0,1,0,0,0,8.0067E+20,5.82425E+21,1.34289E+16,5.24854E+16
203279,11,0,1,1,2018,7,8,6,3,1,5,0,1,1,0,0,0,0,0,7.98812E+20,5.82934E+21,1.34062E+16,5.2532E+16
203280,11,0,7,7,2018,7,11,5,3,1,5,0,0,1,0,0,0,0,0,7.9434E+20,5.82219E+21,1.33341E+16,5.24703E+16
203281,11,0,4,4,2018,7,14,2,3,5,3,0,0,1,0,0,0,0,0,7.93009E+20,5.82442E+21,1.33166E+16,5.24911E+16
203282,11,0,5,5,2018,7,10,5,2,5,2,0,0,1,0,0,0,0,0,7.84796E+20,5.82879E+21,1.31997E+16,5.25345E+16
203283,11,0,7,7,2018,7,7,6,3,6,4,0,1,0,1,0,0,0,0,8.00158E+20,5.81407E+21,1.34122E+16,5.23944E+16
203284,11,0,4,4,2018,7,10,5,3,2,6,0,0,1,0,0,1,0,0,7.90341E+20,5.82741E+21,1.328E+16,5.25193E+16
203285,11,0,3,3,2018,7,7,6,3,5,3,0,0,1,0,0,0,0,0,8.04232E+20,5.84016E+21,1.34958E+16,5.2626E+16
203286,11,0,11,11,2018,7,13,2,3,2,6,0,0,0,0,1,0,1,0,8.07185E+20,5.82563E+21,1.35258E+16,5.24941E+16
203287,11,0,8,8,2018,7,5,6,3,1,5,0,1,1,0,0,0,0,0,8.00458E+20,5.8245E+21,1.3426E+16,5.24877E+16
203288,11,0,1,1,2018,7,12,2,3,6,7,0,0,1,1,0,0,0,0,7.97234E+20,5.8313E+21,1.33848E+16,5.25505E+16
203289,11,0,11,11,2018,7,8,5,3,5,3,0,1,1,0,0,0,0,0,8.04455E+20,5.83094E+21,1.34906E+16,5.25432E+16
203290,11,0,12,12,2018,7,1,6,2,1,1,2,0,1,0,1,0,0,0,7.91252E+20,5.8333E+21,1.32985E+16,5.25716E+16
203291,11,0,12,12,2018,7,10,5,2,5,2,0,0,1,0,1,0,0,0,7.93864E+20,5.83544E+21,1.33389E+16,5.25894E+16
203292,11,0,2,2,2018,7,9,2,3,2,2,0,1,1,0,0,0,0,0,8.01248E+20,5.82782E+21,1.34406E+16,5.2517E+16
203293,11,0,5,5,2018,7,17,2,3,0,6,0,0,1,0,0,0,1,0,7.83606E+20,5.82867E+21,1.31821E+16,5.25341E+16
203294,11,0,10,10,2018,7,18,4,3,2,6,0,0,1,0,0,0,0,0,8.12217E+20,5.83068E+21,1.36044E+16,5.25365E+16
203295,11,0,1,1,2018,7,22,6,3,0,1,2,0,1,0,1,0,0,0,7.94748E+20,5.82622E+21,1.33437E+16,5.25063E+16
203296,11,0,2,2,2018,7,0,4,2,6,4,2,0,1,1,0,0,0,0,7.98305E+20,5.82481E+21,1.33947E+16,5.24917E+16
203297,11,0,6,6,2018,7,18,6,3,3,2,0,0,1,0,0,1,0,0,7.9472E+20,5.82003E+21,1.33378E+16,5.24508E+16
203298,11,0,3,3,2018,7,15,2,3,5,3,0,1,1,0,0,0,0,0,8.01493E+20,5.83901E+21,1.34544E+16,5.26172E+16
203299,11,0,7,7,2018,7,17,6,3,5,7,0,1,1,0,0,0,0,0,7.96423E+20,5.82489E+21,1.33671E+16,5.24935E+16
203300,11,0,1,1,2018,7,8,4,3,5,2,0,1,1,0,0,0,0,0,7.97663E+20,5.83188E+21,1.33916E+16,5.25554E+16
203301,11,0,7,7,2018,7,17,6,3,5,3,0,0,1,0,1,0,0,0,7.97148E+20,5.82217E+21,1.33753E+16,5.24687E+16
203302,11,0,1,1,2018,7,18,2,3,1,5,0,1,1,0,0,0,0,0,7.97098E+20,5.82819E+21,1.338E+16,5.25226E+16
203303,11,0,2,2,2018,7,19,2,3,5,3,0,1,1,0,0,0,0,0,8.00311E+20,5.82761E+21,1.34267E+16,5.25157E+16
203304,11,0,2,2,2018,7,16,6,3,5,3,0,0,1,0,1,0,0,0,8.01249E+20,5.82783E+21,1.34407E+16,5.25172E+16
203305,11,0,7,7,2018,7,9,4,3,0,7,0,0,0,0,1,0,0,1,7.95045E+20,5.82434E+21,1.33464E+16,5.24892E+16
203306,11,0,7,7,2018,7,16,6,3,2,2,0,0,1,0,0,0,0,0,7.9769E+20,5.81877E+21,1.33803E+16,5.24379E+16
203307,11,0,9,9,2018,7,17,2,3,6,4,0,1,0,1,0,0,0,0,8.11E+20,5.82176E+21,1.35782E+16,5.24573E+16
203308,11,0,12,12,2018,7,15,6,3,5,7,0,0,1,0,0,0,0,0,7.93176E+20,5.83231E+21,1.3326E+16,5.25617E+16