OBJECTID_1,ULAND,UREGBEZ,UKREIS,UGEMEINDE,UJAHR,UMONAT,USTUNDE,UWOCHENTAG,UKATEGORIE,UART,UTYP1,ULICHTVERH,IstRad,IstPKW,IstFuss,IstKrad,IstGkfz,IstSonstig,STRZUSTAND,LINREFX,LINREFY,XGCSWGS84,YGCSWGS84
203497,11,0,12,12,2018,8,7,4,3,2,3,0,1,0,0,0,0,1,0,7.92628E+20,5.83265E+21,1.33182E+16,5.2565E+16
203498,11,0,10,10,2018,8,21,6,2,3,6,2,1,0,0,0,0,0,0,8.08765E+20,5.83104E+21,1.3554E+16,5.25417E+16
203499,11,0,6,6,2018,8,10,4,3,2,7,0,0,1,0,0,0,0,0,7.90315E+20,5.8203E+21,1.32734E+16,5.24555E+16
203500,11,0,2,2,2018,8,17,2,3,5,2,0,0,1,0,0,0,1,0,8.00112E+20,5.82574E+21,1.34221E+16,5.2499E+16
203501,11,0,7,7,2018,8,21,6,2,6,2,2,0,1,1,0,0,0,0,7.98696E+20,5.81602E+21,1.33926E+16,5.24127E+16
203502,11,0,4,4,2018,8,17,2,3,5,7,0,0,1,0,1,0,0,0,7.90304E+20,5.8277E+21,1.32797E+16,5.25219E+16
203503,11,0,3,3,2018,8,7,4,3,3,6,0,1,0,0,0,0,0,0,8.00815E+20,5.83722E+21,1.34428E+16,5.26016E+16
203504,11,0,1,1,2018,8,14,2,3,1,5,0,1,1,0,0,0,0,0,7.94957E+20,5.83136E+21,1.33513E+16,5.25522E+16
203505,11,0,11,11,2018,8,20,6,3,5,3,0,0,1,0,0,0,1,0,8.05055E+20,5.83354E+21,1.35018E+16,5.25662E+16
203506,11,0,12,12,2018,8,15,2,3,5,2,0,1,1,0,0,0,0,0,7.93396E+20,5.8324E+21,1.33293E+16,5.25624E+16
203507,11,0,4,4,2018,8,10,4,3,0,1,0,0,0,0,1,0,0,0,7.90883E+20,5.82469E+21,1.32856E+16,5.24946E+16
203508,11,0,10,10,2018,8,14,2,3,3,6,0,0,1,0,0,1,0,0,8.06521E+20,5.83021E+21,1.35203E+16,5.25356E+16
203509,11,0,3,3,2018,8,19,6,2,5,2,0,0,1,0,0,0,0,0,8.012E+20,5.82948E+21,1.34414E+16,5.2532E+16
203510,11,0,4,4,2018,8,0,4,3,0,1,2,0,0,0,1,0,0,0,7.9338E+20,5.82567E+21,1.33231E+16,5.25021E+16
203511,11,0,6,6,2018,8,19,6,3,3,6,0,0,1,0,1,0,0,0,7.94687E+20,5.82166E+21,1.33388E+16,5.24654E+16
203512,11,0,1,1,2018,8,22,4,3,0,1,2,1,0,0,0,0,0,0,7.98269E+20,5.82937E+21,1.33982E+16,5.25325E+16
203513,11,0,10,10,2018,8,19,2,3,1,5,0,1,1,0,0,0,0,0,8.0832E+20,5.8308E+21,1.35473E+16,5.25398E+16
203514,11,0,6,6,2018,8,19,6,3,6,4,0,1,0,1,0,0,0,0,7.92782E+20,5.8175E+21,1.33072E+16,5.24292E+16
203515,11,0,11,11,2018,8,7,2,3,3,6,0,1,0,0,0,0,1,0,8.03913E+20,5.82841E+21,1.34803E+16,5.25209E+16
203516,11,0,9,9,2018,8,22,4,2,0,7,2,0,0,0,1,0,0,0,8.11016E+20,5.8203E+21,1.35771E+16,5.24441E+16
203517,11,0,1,1,2018,8,19,4,3,5,2,0,0,1,0,1,0,0,0,7.97071E+20,5.83145E+21,1.33825E+16,5.25519E+16
203518,11,0,4,4,2018,8,11,2,3,1,5,0,1,1,0,0,0,0,0,7.92779E+20,5.82611E+21,1.33147E+16,5.25063E+16
203519,11,0,3,3,2018,8,18,6,3,1,5,0,1,0,0,0,0,1,0,8.02273E+20,5.82917E+21,1.34569E+16,5.25286E+16
203520,11,0,12,12,2018,8,12,2,3,5,3,0,1,1,0,0,0,0,0,7.95658E+20,5.83238E+21,1.33625E+16,5.2561E+16
203521,11,0,4,4,2018,8,18,4,3,5,2,0,0,1,0,0,0,0,0,7.92441E+20,5.8241E+21,1.33079E+16,5.24885E+16
203522,11,0,12,12,2018,8,10,2,3,6,4,0,0,1,1,0,0,0,0,7.95052E+20,5.83806E+21,1.33587E+16,5.26123E+16
203523,11,0,8,8,2018,8,16,6,3,6,7,0,1,0,1,0,0,0,0,8.01316E+20,5.82433E+21,1.34385E+16,5.24858E+16
203524,11,0,4,4,2018,8,9,2,3,5,2,0,0,1,0,1,0,0,0,7.9382E+20,5.82703E+21,1.33308E+16,5.2514E+16
203525,11,0,4,4,2018,8,18,4,2,5,7,0,0,1,0,1,0,0,0,7.90673E+20,5.82285E+21,1.32809E+16,5.24783E+16
203526,11,0,10,10,2018,8,17,6,3,2,2,0,0,1,0,0,0,0,0,8.12945E+20,5.82787E+21,1.36125E+16,5.25109E+16
203527,11,0,2,2,2018,8,18,4,3,5,2,0,1,1,0,0,0,0,0,8.00718E+20,5.82787E+21,1.34329E+16,5.25178E+16
203528,11,0,12,12,2018,8,9,2,3,2,6,0,0,1,0,1,0,0,0,7.93507E+20,5.83696E+21,1.3335E+16,5.26032E+16
203529,11,0,12,12,2018,8,16,6,3,5,2,0,1,1,0,0,0,0,0,7.94655E+20,5.83695E+21,1.33518E+16,5.26025E+16
203530,11,0,2,2,2018,8,19,2,3,5,3,0,1,1,0,0,0,0,0,8.00017E+20,5.82445E+21,1.34195E+16,5.24876E+16
203531,11,0,2,2,2018,8,18,4,3,5,3,0,1,1,0,0,0,0,0,7.99281E+20,5.82622E+21,1.34103E+16,5.25038E+16
203532,11,0,4,4,2018,8,17,4,3,5,2,0,0,1,0,0,0,0,0,7.92398E+20,5.82369E+21,1.33069E+16,5.24849E+16
203533,11,0,3,3,2018,8,16,6,2,6,4,0,0,0,1,0,0,1,0,8.00203E+20,5.83165E+21,1.34287E+16,5.25519E+16
203534,11,0,6,6,2018,8,16,4,3,5,2,0,1,1,0,0,0,0,0,7.9395E+20,5.82045E+21,1.33269E+16,5.24549E+16
203535,11,0,1,1,2018,8,8,2,3,5,7,0,1,1,0,0,0,0,0,7.97332E+20,5.82715E+21,1.33825E+16,5.25132E+16
203536,11,0,4,4,2018,8,16,6,3,5,3,0,1,1,0,0,0,0,0,7.88313E+20,5.82688E+21,1.32497E+16,5.25156E+16
203537,11,0,1,1,2018,8,8,2,3,4,6,0,1,0,0,0,0,0,0,7.9513E+20,5.82708E+21,1.33501E+16,5.25138E+16
203538,11,0,2,2,2018,8,15,4,3,5,2,0,0,1,0,0,0,0,0,8.00464E+20,5.82847E+21,1.34297E+16,5.25233E+16
203539,11,0,3,3,2018,8,15,4,3,5,7,0,1,1,0,0,0,0,0,8.01733E+20,5.83106E+21,1.34507E+16,5.25458E+16
203540,11,0,7,7,2018,8,8,2,3,2,6,0,0,1,0,0,0,0,0,7.9497E+20,5.82491E+21,1.33458E+16,5.24944E+16
203541,11,0,2,2,2018,8,16,6,3,5,2,0,0,1,0,0,0,0,0,7.99062E+20,5.8256E+21,1.34065E+16,5.24983E+16
203542,11,0,2,2,2018,8,8,2,3,5,2,0,1,0,0,0,0,1,0,8.01248E+20,5.82782E+21,1.34406E+16,5.2517E+16
203543,11,0,12,12,2018,8,12,1,2,5,3,0,1,0,0,0,0,0,0,7.88335E+20,5.83203E+21,1.32545E+16,5.25618E+16
203544,11,0,7,7,2018,8,15,4,3,2,6,0,0,1,0,0,0,1,0,7.94942E+20,5.82438E+21,1.33449E+16,5.24896E+16
203545,11,0,2,2,2018,8,8,2,3,5,2,0,1,1,0,0,0,0,0,8.01879E+20,5.82899E+21,1.3451E+16,5.25272E+16
203546,11,0,4,4,2018,8,18,6,2,0,7,0,1,0,0,0,0,0,0,7.93443E+20,5.82419E+21,1.33227E+16,5.24888E+16
203547,11,0,1,1,2018,8,16,2,3,1,5,0,1,0,0,0,0,1,0,7.99296E+20,5.82757E+21,1.34117E+16,5.25159E+16
203548,11,0,1,1,2018,8,7,5,2,0,1,0,1,0,0,0,0,0,0,7.98683E+20,5.82947E+21,1.34044E+16,5.25333E+16
203549,11,0,4,4,2018,8,14,4,3,2,6,0,0,1,0,0,0,1,0,7.92126E+20,5.82731E+21,1.33061E+16,5.25175E+16
203550,11,0,1,1,2018,8,22,5,3,0,2,2,0,1,0,0,0,1,0,7.99147E+20,5.82831E+21,1.34102E+16,5.25226E+16
203551,11,0,7,7,2018,8,14,4,2,0,7,0,0,1,0,1,0,0,0,7.96487E+20,5.82487E+21,1.3368E+16,5.24932E+16
203552,11,0,1,1,2018,8,15,2,3,5,2,0,1,1,0,0,1,0,0,7.98486E+20,5.82667E+21,1.3399E+16,5.25082E+16
203553,11,0,9,9,2018,8,21,5,3,6,2,2,0,1,1,0,0,0,0,8.12103E+20,5.81974E+21,1.35925E+16,5.24385E+16
203554,11,0,9,9,2018,8,15,1,2,9,1,0,0,0,0,1,0,0,0,8.07471E+20,5.82141E+21,1.35261E+16,5.24562E+16
203555,11,0,10,10,2018,8,7,2,3,2,6,0,0,1,0,0,0,1,0,8.13003E+20,5.8285E+21,1.36139E+16,5.25165E+16
203556,11,0,3,3,2018,8,14,4,3,5,3,0,1,1,0,0,0,0,0,8.01445E+20,5.83315E+21,1.34483E+16,5.25647E+16
203557,11,0,4,4,2018,8,11,1,3,5,2,0,1,1,0,0,0,0,0,7.92044E+20,5.82407E+21,1.33021E+16,5.24885E+16
203558,11,0,11,11,2018,7,21,3,3,6,4,2,0,0,1,1,0,0,0,8.05735E+20,5.83182E+21,1.35102E+16,5.25504E+16
203559,11,0,9,9,2018,8,20,2,3,6,2,1,0,1,1,0,0,0,0,8.10042E+20,5.82042E+21,1.35629E+16,5.24458E+16
203560,11,0,8,8,2018,8,20,5,3,2,6,1,0,1,0,1,0,0,0,8.01544E+20,5.81753E+21,1.34357E+16,5.24247E+16
203561,11,0,1,1,2018,7,21,3,3,1,1,0,1,1,0,0,0,0,0,7.94597E+20,5.82904E+21,1.3344E+16,5.25316E+16
203562,11,0,6,6,2018,7,8,3,3,5,3,0,1,1,0,0,0,0,0,7.90375E+20,5.81667E+21,1.32711E+16,5.2423E+16
203563,11,0,7,7,2018,8,12,2,3,5,2,0,0,1,0,0,0,0,0,7.97346E+20,5.82193E+21,1.3378E+16,5.24664E+16
203564,11,0,8,8,2018,8,20,5,3,6,4,0,0,1,1,0,0,0,0,8.04473E+20,5.81738E+21,1.34785E+16,5.24217E+16
203565,11,0,1,1,2018,8,11,2,3,5,2,0,0,1,0,0,0,0,0,7.97708E+20,5.83184E+21,1.33922E+16,5.25551E+16
203566,11,0,1,1,2018,8,18,5,3,3,6,0,1,0,0,0,0,0,0,7.94143E+20,5.83189E+21,1.33398E+16,5.25574E+16
203567,11,0,7,7,2018,7,18,3,3,5,3,0,1,1,0,0,0,0,0,7.97748E+20,5.8154E+21,1.33781E+16,5.24077E+16
203568,11,0,11,11,2018,8,18,5,3,2,6,0,0,1,0,0,0,0,0,8.08273E+20,5.83403E+21,1.35496E+16,5.25688E+16
203569,11,0,7,7,2018,8,6,2,3,0,2,0,0,0,0,0,0,1,0,7.97481E+20,5.8187E+21,1.33771E+16,5.24374E+16
203570,11,0,1,1,2018,8,18,5,2,5,7,0,0,1,0,1,0,0,0,7.98466E+20,5.82911E+21,1.34009E+16,5.25302E+16
203571,11,0,2,2,2018,8,15,5,3,5,3,0,1,1,0,0,0,0,0,7.98353E+20,5.82551E+21,1.3396E+16,5.2498E+16
203572,11,0,10,10,2018,7,13,3,3,2,6,0,0,1,0,0,0,0,0,8.06287E+20,5.83022E+21,1.35169E+16,5.25358E+16
203573,11,0,9,9,2018,8,16,2,3,2,6,0,0,1,0,0,0,0,0,8.14341E+20,5.82329E+21,1.36287E+16,5.2469E+16
203574,11,0,4,4,2018,8,15,5,3,2,6,0,0,1,0,0,0,0,0,7.92342E+20,5.82724E+21,1.33092E+16,5.25167E+16
203575,11,0,1,1,2018,8,15,1,3,0,3,0,1,0,0,0,0,0,0,7.94814E+20,5.82831E+21,1.33465E+16,5.25249E+16
203576,11,0,10,10,2018,8,16,2,3,5,3,0,0,1,0,0,0,0,0,8.1046E+20,5.82556E+21,1.35738E+16,5.24917E+16
203577,11,0,12,12,2018,7,10,3,3,6,7,0,0,0,1,0,0,1,0,7.9308E+20,5.83763E+21,1.33293E+16,5.26094E+16
203578,11,0,2,2,2018,7,19,3,3,0,2,0,1,0,0,1,0,0,0,8.01251E+20,5.82784E+21,1.34407E+16,5.25172E+16
203579,11,0,11,11,2018,8,14,5,2,5,2,0,0,1,0,0,0,0,0,8.0465E+20,5.82654E+21,1.34894E+16,5.25037E+16
203580,11,0,4,4,2018,8,6,2,2,5,3,0,0,1,0,1,0,0,0,7.89456E+20,5.8274E+21,1.3267E+16,5.25196E+16
203581,11,0,9,9,2018,8,14,5,2,0,4,0,0,1,1,0,0,0,0,8.10907E+20,5.82151E+21,1.35766E+16,5.24551E+16
203582,11,0,1,1,2018,7,10,3,3,0,1,0,1,0,0,0,0,0,0,7.98123E+20,5.82845E+21,1.33953E+16,5.25244E+16
203583,11,0,2,2,2018,8,12,5,3,1,5,0,1,1,0,0,0,0,0,7.99601E+20,5.82624E+21,1.3415E+16,5.25038E+16
203584,11,0,1,1,2018,7,10,3,3,2,6,0,0,1,0,0,0,0,0,7.94606E+20,5.83079E+21,1.33457E+16,5.25473E+16
203585,11,0,1,1,2018,8,17,2,2,2,6,0,0,1,1,0,0,0,0,7.9514E+20,5.82826E+21,1.33513E+16,5.25244E+16
203586,11,0,7,7,2018,8,13,5,3,5,2,0,1,1,0,0,0,0,0,7.95376E+20,5.82402E+21,1.3351E+16,5.24862E+16
203587,11,0,1,1,2018,7,17,3,3,5,2,0,1,0,0,0,0,1,0,7.98517E+20,5.83005E+21,1.34025E+16,5.25385E+16
203588,11,0,6,6,2018,8,13,5,3,0,1,0,1,0,0,0,0,0,0,7.94457E+20,5.81657E+21,1.33309E+16,5.24199E+16
203589,11,0,11,11,2018,8,15,2,2,5,3,0,1,1,0,0,0,0,0,8.05835E+20,5.8274E+21,1.35076E+16,5.25107E+16
203590,11,0,7,7,2018,8,13,5,3,0,7,0,0,1,0,0,0,0,0,7.95002E+20,5.82296E+21,1.33445E+16,5.24769E+16
203591,11,0,12,12,2018,7,9,3,2,3,6,0,1,0,0,0,0,0,0,7.93396E+20,5.83251E+21,1.33294E+16,5.25634E+16
203592,11,0,10,10,2018,8,2,5,2,5,3,2,0,1,0,0,0,0,0,8.0912E+20,5.82971E+21,1.3558E+16,5.25296E+16
203593,11,0,1,1,2018,8,10,2,2,5,3,0,0,1,0,1,0,0,0,7.9776E+20,5.82746E+21,1.3389E+16,5.25157E+16
203594,11,0,12,12,2018,8,12,5,3,5,2,0,0,1,0,0,1,0,0,7.94827E+20,5.83445E+21,1.33522E+16,5.258E+16
203595,11,0,4,4,2018,8,9,2,2,6,4,0,0,0,1,1,0,0,0,7.91832E+20,5.82519E+21,1.32999E+16,5.24986E+16
203596,11,0,9,9,2018,7,20,3,3,0,2,1,0,1,0,1,0,0,0,8.11385E+20,5.82015E+21,1.35824E+16,5.24426E+16
203597,11,0,1,1,2018,8,18,2,2,5,3,0,0,1,0,1,0,0,0,7.96731E+20,5.83244E+21,1.33784E+16,5.25609E+16
203598,11,0,4,4,2018,8,11,5,3,0,2,0,1,1,0,0,0,0,0,7.90269E+20,5.82791E+21,1.32794E+16,5.25238E+16
203599,11,0,7,7,2018,7,20,3,2,5,3,0,1,1,0,0,0,0,0,7.94157E+20,5.82184E+21,1.33311E+16,5.24673E+16
203600,11,0,8,8,2018,8,11,5,3,5,3,0,1,1,0,0,0,0,0,8.0448E+20,5.81694E+21,1.34782E+16,5.24177E+16
203601,11,0,1,1,2018,7,9,3,3,2,6,0,0,1,0,1,0,0,0,7.97228E+20,5.82742E+21,1.33812E+16,5.25157E+16
203602,11,0,8,8,2018,8,21,2,3,1,5,2,1,1,0,0,0,0,0,8.05705E+20,5.81697E+21,1.34962E+16,5.24173E+16
203603,11,0,11,11,2018,8,11,5,3,0,3,0,0,1,0,1,0,0,0,8.065E+20,5.83303E+21,1.35226E+16,5.25608E+16
203604,11,0,8,8,2018,8,3,2,3,2,6,2,0,0,0,0,0,1,0,8.02136E+20,5.82393E+21,1.34501E+16,5.24817E+16
203605,11,0,1,1,2018,7,20,3,3,5,2,0,0,1,0,0,0,0,0,7.94896E+20,5.83024E+21,1.33494E+16,5.25422E+16
203606,11,0,12,12,2018,8,10,1,3,5,3,0,0,1,0,0,0,0,0,7.9194E+20,5.8315E+21,1.33071E+16,5.25551E+16
203607,11,0,4,4,2018,7,9,3,3,2,7,0,1,1,0,0,0,0,0,7.92001E+20,5.82215E+21,1.32998E+16,5.24713E+16
203608,11,0,1,1,2018,8,21,1,3,5,3,1,1,0,0,0,0,0,0,7.94246E+20,5.82771E+21,1.33376E+16,5.25199E+16
203609,11,0,12,12,2018,8,10,5,3,5,3,0,0,1,0,0,0,0,0,7.89317E+20,5.83973E+21,1.32757E+16,5.26303E+16
203610,11,0,7,7,2018,8,21,1,3,5,3,1,1,1,0,0,0,0,0,7.96016E+20,5.82463E+21,1.33609E+16,5.24913E+16
203611,11,0,10,10,2018,7,18,3,3,2,6,0,0,1,0,0,0,1,0,8.0646E+20,5.82988E+21,1.35191E+16,5.25326E+16
203612,11,0,2,2,2018,7,8,3,3,5,2,0,1,1,0,0,0,0,0,7.99774E+20,5.82481E+21,1.34162E+16,5.24909E+16
203613,11,0,6,6,2018,8,19,1,3,1,5,0,1,1,0,0,0,0,0,7.95636E+20,5.81994E+21,1.33512E+16,5.24495E+16
203614,11,0,4,4,2018,8,10,5,3,2,6,0,0,1,0,0,0,0,0,7.93951E+20,5.82474E+21,1.33307E+16,5.24934E+16
203615,11,0,7,7,2018,8,18,1,2,1,1,0,0,1,0,1,0,0,0,7.9918E+20,5.81999E+21,1.34032E+16,5.2448E+16
203616,11,0,7,7,2018,7,7,3,3,0,6,0,0,1,0,0,0,1,0,7.96337E+20,5.82494E+21,1.33659E+16,5.24939E+16
203617,11,0,12,12,2018,8,18,1,3,2,6,0,0,1,0,0,0,0,0,7.95507E+20,5.83344E+21,1.33613E+16,5.25705E+16
203618,11,0,1,1,2018,8,9,5,3,3,6,0,1,0,0,0,0,0,0,7.97018E+20,5.83153E+21,1.33818E+16,5.25526E+16
203619,11,0,5,5,2018,8,16,1,3,3,6,0,0,1,0,1,0,0,0,7.82133E+20,5.82989E+21,1.31614E+16,5.25458E+16
203620,11,0,1,1,2018,7,18,3,3,2,6,0,0,1,0,0,0,0,0,7.96982E+20,5.8319E+21,1.33816E+16,5.25559E+16
203621,11,0,1,1,2018,8,7,5,3,2,2,0,0,1,0,1,0,0,0,7.93671E+20,5.83226E+21,1.33332E+16,5.2561E+16
203622,11,0,7,7,2018,7,18,3,3,5,2,0,1,1,0,0,0,0,0,7.97291E+20,5.82139E+21,1.33767E+16,5.24616E+16
203623,11,0,2,2,2018,8,16,1,2,5,7,0,0,1,0,1,0,0,0,7.99237E+20,5.82456E+21,1.34081E+16,5.24889E+16
203624,11,0,8,8,2018,8,6,5,3,5,2,0,0,0,0,1,1,0,0,8.01081E+20,5.82197E+21,1.34329E+16,5.24647E+16
203625,11,0,1,1,2018,8,14,1,2,3,6,0,1,0,0,0,0,0,0,7.9945E+20,5.82654E+21,1.34131E+16,5.25066E+16
203626,11,0,6,6,2018,7,17,3,2,3,6,0,1,0,0,0,0,1,0,7.9374E+20,5.82106E+21,1.33243E+16,5.24606E+16
203627,11,0,11,11,2018,8,10,1,3,4,6,0,1,0,0,0,0,0,0,8.09296E+20,5.83452E+21,1.35651E+16,5.25725E+16
203628,11,0,3,3,2018,7,17,3,3,5,2,0,1,1,0,0,0,0,0,8.00024E+20,5.83454E+21,1.34287E+16,5.25779E+16
203629,11,0,2,2,2018,8,15,1,3,5,2,0,0,1,0,1,0,0,0,7.97175E+20,5.82641E+21,1.33795E+16,5.25066E+16
203630,11,0,1,1,2018,8,5,5,3,1,1,0,0,1,0,0,0,0,0,7.9558E+20,5.8305E+21,1.33597E+16,5.25442E+16
203631,11,0,10,10,2018,8,14,1,3,5,3,0,1,1,0,0,0,0,0,8.1199E+20,5.8307E+21,1.36011E+16,5.25368E+16
203632,11,0,1,1,2018,8,11,1,3,5,3,0,0,1,0,0,0,0,0,7.97821E+20,5.83045E+21,1.33926E+16,5.25425E+16
203633,11,0,10,10,2018,7,6,3,3,6,4,0,0,1,1,0,0,0,0,8.13242E+20,5.83105E+21,1.36199E+16,5.25393E+16
203634,11,0,5,5,2018,8,7,5,2,5,2,0,0,1,0,0,0,0,0,7.88186E+20,5.82935E+21,1.325E+16,5.25379E+16
203635,11,0,11,11,2018,8,13,1,3,0,7,0,0,1,0,1,0,0,1,8.04616E+20,5.82909E+21,1.34913E+16,5.25265E+16
203636,11,0,4,4,2018,8,6,5,3,5,2,0,1,1,0,0,0,0,0,7.9144E+20,5.82608E+21,1.3295E+16,5.25068E+16
203637,11,0,10,10,2018,7,16,3,3,0,7,0,0,1,0,0,0,1,0,8.1305E+20,5.8267E+21,1.36129E+16,5.25004E+16
203638,11,0,11,11,2018,8,8,1,2,2,6,0,0,1,0,0,0,0,0,8.05555E+20,5.83006E+21,1.3506E+16,5.25347E+16
203639,11,0,1,1,2018,8,8,5,3,2,6,0,1,1,0,0,0,0,0,7.97199E+20,5.82915E+21,1.33823E+16,5.25312E+16
203640,11,0,11,11,2018,7,16,3,3,5,3,0,0,1,0,0,0,0,0,8.05479E+20,5.82696E+21,1.3502E+16,5.2507E+16
203641,11,0,8,8,2018,8,12,1,3,5,3,0,1,0,0,0,0,0,0,8.0228E+20,5.82301E+21,1.34514E+16,5.24734E+16
203642,11,0,12,12,2018,8,0,1,2,0,7,2,0,0,0,0,0,1,0,7.92169E+20,5.83529E+21,1.33138E+16,5.25889E+16
203643,11,0,4,4,2018,8,9,5,3,5,3,0,0,1,0,0,0,1,0,7.9338E+20,5.82196E+21,1.33198E+16,5.24688E+16
203644,11,0,9,9,2018,8,22,1,2,3,6,2,1,1,0,0,0,0,0,8.21587E+20,5.81941E+21,1.37312E+16,5.24301E+16
203645,11,0,12,12,2018,7,16,3,3,2,6,0,0,1,0,0,0,1,0,7.96717E+20,5.8332E+21,1.33789E+16,5.25677E+16
203646,11,0,2,2,2018,8,10,5,3,4,6,0,0,1,0,0,0,1,0,8.01407E+20,5.82793E+21,1.34431E+16,5.2518E+16
203647,11,0,2,2,2018,7,16,3,3,1,5,0,1,1,0,0,0,0,0,7.99027E+20,5.8255E+21,1.34059E+16,5.24975E+16
203648,11,0,2,2,2018,8,4,7,3,0,1,2,0,0,0,1,0,0,0,8.01929E+20,5.82681E+21,1.34497E+16,5.25076E+16
203649,11,0,7,7,2018,8,8,5,2,0,1,0,0,0,0,1,0,0,0,7.94603E+20,5.82344E+21,1.33391E+16,5.24815E+16
203650,11,0,10,10,2018,8,22,7,3,5,3,2,0,1,0,1,0,0,0,8.1201E+20,5.83059E+21,1.36013E+16,5.25358E+16
203651,11,0,11,11,2018,7,15,3,3,5,3,0,0,1,0,1,0,0,0,8.06083E+20,5.83457E+21,1.35179E+16,5.25748E+16
203652,11,0,2,2,2018,8,8,1,3,3,6,0,0,1,0,0,0,0,0,7.98847E+20,5.8251E+21,1.34029E+16,5.2494E+16
203653,11,0,7,7,2018,7,14,3,3,6,4,0,0,1,1,0,0,0,0,7.96005E+20,5.82514E+21,1.33612E+16,5.24959E+16
203654,11,0,1,1,2018,8,17,7,3,2,6,0,0,1,0,0,0,1,0,7.95859E+20,5.82669E+21,1.33604E+16,5.25098E+16
203655,11,0,11,11,2018,8,6,5,3,0,1,0,1,0,0,0,0,0,0,8.0383E+20,5.82905E+21,1.34797E+16,5.25266E+16
203656,11,0,6,6,2018,8,16,7,2,0,4,0,0,0,1,1,0,0,0,7.93673E+20,5.8206E+21,1.33229E+16,5.24564E+16
203657,11,0,4,4,2018,8,16,5,3,5,2,0,1,1,0,0,0,0,0,7.93992E+20,5.82445E+21,1.3331E+16,5.24908E+16
203658,11,0,3,3,2018,7,14,3,3,2,2,0,0,1,0,0,0,1,0,8.00023E+20,5.83468E+21,1.34288E+16,5.25792E+16
203659,11,0,6,6,2018,8,23,5,3,0,6,2,1,1,0,0,0,0,1,7.95772E+20,5.819E+21,1.33523E+16,5.2441E+16
203660,11,0,1,1,2018,8,15,7,3,5,2,0,1,1,0,0,0,0,0,7.95659E+20,5.82973E+21,1.33602E+16,5.25373E+16
203661,11,0,4,4,2018,8,13,5,3,5,3,0,1,1,0,0,0,0,0,7.91676E+20,5.82375E+21,1.32964E+16,5.24857E+16
203662,11,0,1,1,2018,8,19,7,3,5,3,0,0,1,0,0,0,0,0,7.97073E+20,5.82819E+21,1.33796E+16,5.25227E+16
203663,11,0,1,1,2018,8,15,4,3,2,6,0,0,1,0,0,0,0,0,7.9809E+20,5.82997E+21,1.33961E+16,5.25381E+16
203664,11,0,4,4,2018,7,13,3,3,2,6,0,1,1,0,0,0,0,0,7.93516E+20,5.8255E+21,1.3325E+16,5.25005E+16
203665,11,0,1,1,2018,8,13,7,3,5,2,0,1,1,0,0,0,0,0,7.97199E+20,5.8275E+21,1.33808E+16,5.25164E+16
203666,11,0,12,12,2018,8,20,4,2,5,2,1,0,1,0,0,0,0,0,7.95782E+20,5.83258E+21,1.33645E+16,5.25627E+16
203667,11,0,5,5,2018,8,12,7,3,5,3,0,1,1,0,0,0,0,0,7.8541E+20,5.83017E+21,1.32099E+16,5.25466E+16
203668,11,0,12,12,2018,8,13,7,3,5,3,0,1,1,0,0,0,0,0,7.95863E+20,5.83264E+21,1.33658E+16,5.25632E+16
203669,11,0,7,7,2018,7,6,3,3,6,7,0,1,0,1,0,0,0,0,7.97639E+20,5.82158E+21,1.3382E+16,5.24631E+16
203670,11,0,8,8,2018,8,12,7,3,5,3,0,0,1,0,0,0,1,0,8.02484E+20,5.82314E+21,1.34545E+16,5.24744E+16
203671,11,0,12,12,2018,8,20,4,2,6,4,0,0,0,1,0,0,1,0,7.95968E+20,5.83264E+21,1.33673E+16,5.25631E+16
203672,11,0,1,1,2018,8,18,4,3,5,3,0,1,0,0,0,0,0,0,8.00063E+20,5.82642E+21,1.34219E+16,5.25051E+16
203673,11,0,11,11,2018,8,12,7,3,0,6,0,0,1,0,1,0,0,0,8.05763E+20,5.83183E+21,1.35106E+16,5.25505E+16
203674,11,0,11,11,2018,7,12,3,3,2,2,0,1,1,0,0,0,0,0,8.04299E+20,5.82838E+21,1.3486E+16,5.25204E+16
203675,11,0,11,11,2018,7,11,3,3,5,3,0,1,1,0,0,0,0,0,8.06821E+20,5.83381E+21,1.3528E+16,5.25677E+16
203676,11,0,1,1,2018,8,18,4,3,2,6,0,0,1,0,0,0,0,0,7.93707E+20,5.82801E+21,1.333E+16,5.25229E+16
203677,11,0,1,1,2018,8,11,7,3,5,2,0,0,1,0,0,0,0,0,7.9455E+20,5.82906E+21,1.33433E+16,5.25318E+16
203678,11,0,1,1,2018,8,6,4,3,2,6,0,1,1,0,0,0,0,0,7.97613E+20,5.82862E+21,1.33879E+16,5.25262E+16
203679,11,0,9,9,2018,7,10,3,3,0,2,0,1,1,0,0,0,0,0,8.11253E+20,5.81765E+21,1.35781E+16,5.24202E+16
203680,11,0,5,5,2018,8,18,4,3,5,3,0,0,1,0,0,0,0,0,7.83242E+20,5.83028E+21,1.31781E+16,5.25488E+16
203681,11,0,4,4,2018,7,20,3,3,0,7,1,1,0,0,0,0,0,0,7.91133E+20,5.82916E+21,1.32931E+16,5.25345E+16
203682,11,0,7,7,2018,8,10,7,3,5,2,0,1,1,0,0,0,0,0,7.97067E+20,5.82472E+21,1.33764E+16,5.24916E+16
203683,11,0,1,1,2018,8,17,4,3,5,2,0,1,1,0,0,0,0,0,7.97704E+20,5.82965E+21,1.33902E+16,5.25354E+16