OBJECTID_1,ULAND,UREGBEZ,UKREIS,UGEMEINDE,UJAHR,UMONAT,USTUNDE,UWOCHENTAG,UKATEGORIE,UART,UTYP1,ULICHTVERH,IstRad,IstPKW,IstFuss,IstKrad,IstGkfz,IstSonstig,STRZUSTAND,LINREFX,LINREFY,XGCSWGS84,YGCSWGS84
203684,11,0,12,12,2018,7,14,3,3,0,2,0,0,1,0,0,0,1,0,7.92406E+20,5.83415E+21,1.33163E+16,5.25786E+16
203685,11,0,4,4,2018,8,17,4,3,5,2,0,1,1,0,0,0,0,0,7.90986E+20,5.82483E+21,1.32872E+16,5.24958E+16
203686,11,0,11,11,2018,7,13,3,3,2,6,0,0,1,0,0,0,0,0,8.0488E+20,5.82995E+21,1.34959E+16,5.25341E+16
203687,11,0,12,12,2018,8,10,7,2,5,3,0,0,1,0,0,0,1,0,7.86587E+20,5.83678E+21,1.32329E+16,5.26052E+16
203688,11,0,6,6,2018,8,17,4,3,5,2,0,1,1,0,0,0,0,0,7.93835E+20,5.82051E+21,1.33252E+16,5.24556E+16
203689,11,0,6,6,2018,8,10,7,3,5,2,0,0,1,0,0,0,0,0,7.94723E+20,5.82006E+21,1.33379E+16,5.2451E+16
203690,11,0,4,4,2018,7,7,3,3,5,3,0,0,1,0,0,0,1,0,7.91689E+20,5.82622E+21,1.32988E+16,5.25079E+16
203691,11,0,4,4,2018,8,9,7,2,3,6,0,0,1,0,1,0,0,0,7.90452E+20,5.82732E+21,1.32815E+16,5.25184E+16
203692,11,0,10,10,2018,8,17,4,3,0,3,0,0,1,0,0,0,1,0,8.1046E+20,5.82556E+21,1.35738E+16,5.24917E+16
203693,11,0,8,8,2018,8,22,7,2,0,7,2,1,0,0,0,0,0,0,8.02057E+20,5.82347E+21,1.34486E+16,5.24776E+16
203694,11,0,10,10,2018,7,14,2,3,2,6,0,0,1,0,0,0,0,0,8.09922E+20,5.83156E+21,1.35715E+16,5.25457E+16
203695,11,0,3,3,2018,8,10,4,2,6,2,0,0,1,0,0,0,1,0,8.00062E+20,5.83127E+21,1.34263E+16,5.25486E+16
203696,11,0,9,9,2018,7,18,2,3,4,6,0,1,0,0,0,0,0,0,8.18016E+20,5.81865E+21,1.36782E+16,5.24254E+16
203697,11,0,2,2,2018,8,5,7,2,5,2,0,1,1,0,0,0,0,0,8.01428E+20,5.82607E+21,1.34417E+16,5.25012E+16
203698,11,0,6,6,2018,8,16,4,3,5,2,0,0,1,0,1,0,0,0,7.90571E+20,5.81597E+21,1.32734E+16,5.24166E+16
203699,11,0,7,7,2018,7,18,2,3,6,7,0,0,1,1,0,0,0,0,7.94808E+20,5.82586E+21,1.33443E+16,5.2503E+16
203700,11,0,7,7,2018,8,16,4,3,2,6,0,0,1,0,1,0,0,0,7.98806E+20,5.81585E+21,1.3394E+16,5.24111E+16
203701,11,0,7,7,2018,7,8,2,3,3,6,0,1,0,0,0,0,0,0,7.98779E+20,5.82394E+21,1.34009E+16,5.24836E+16
203702,11,0,3,3,2018,8,19,6,3,6,2,0,0,1,1,0,0,0,0,8.02644E+20,5.83113E+21,1.34641E+16,5.2546E+16
203703,11,0,3,3,2018,8,15,4,3,1,5,0,0,1,0,1,0,0,0,8.00467E+20,5.8295E+21,1.34307E+16,5.25325E+16
203704,11,0,4,4,2018,8,19,6,3,2,6,0,0,1,0,0,0,0,0,7.91874E+20,5.82647E+21,1.33017E+16,5.251E+16
203705,11,0,10,10,2018,7,16,2,2,5,2,0,0,1,0,1,0,0,0,8.09347E+20,5.83428E+21,1.35656E+16,5.25704E+16
203706,11,0,4,4,2018,7,16,2,3,5,2,0,1,0,0,1,0,0,0,7.9388E+20,5.82696E+21,1.33316E+16,5.25134E+16
203707,11,0,1,1,2018,8,17,6,3,3,6,0,1,1,0,0,0,0,0,7.97965E+20,5.82853E+21,1.3393E+16,5.25252E+16
203708,11,0,3,3,2018,8,15,4,3,5,3,0,0,1,0,0,0,0,0,7.97869E+20,5.83602E+21,1.33983E+16,5.25924E+16
203709,11,0,1,1,2018,8,16,6,3,5,2,0,1,1,0,0,0,0,0,7.97676E+20,5.83286E+21,1.33926E+16,5.25641E+16
203710,11,0,1,1,2018,7,16,2,2,0,4,0,0,0,1,1,0,0,0,7.97691E+20,5.82791E+21,1.33884E+16,5.25198E+16
203711,11,0,4,4,2018,8,16,6,3,5,7,0,0,1,0,1,0,0,0,7.92935E+20,5.82425E+21,1.33153E+16,5.24895E+16
203712,11,0,11,11,2018,8,15,4,3,5,2,0,0,1,0,0,0,0,0,8.06052E+20,5.82513E+21,1.35087E+16,5.24903E+16
203713,11,0,9,9,2018,8,17,6,3,5,3,0,1,1,0,0,0,0,0,8.10275E+20,5.81958E+21,1.35656E+16,5.24381E+16
203714,11,0,2,2,2018,7,16,2,3,4,1,0,1,1,0,0,0,0,0,8.02109E+20,5.82715E+21,1.34527E+16,5.25106E+16
203715,11,0,4,4,2018,8,12,4,3,5,2,0,1,1,0,0,0,0,0,7.92638E+20,5.82709E+21,1.33135E+16,5.25152E+16
203716,11,0,3,3,2018,7,15,2,2,5,3,0,0,1,0,0,0,0,0,7.9989E+20,5.83173E+21,1.34242E+16,5.25528E+16
203717,11,0,9,9,2018,8,15,6,3,5,3,0,0,1,0,0,0,0,0,8.15027E+20,5.82129E+21,1.36368E+16,5.24507E+16
203718,11,0,1,1,2018,8,11,4,3,5,3,0,1,1,0,0,0,0,0,7.99082E+20,5.82902E+21,1.34099E+16,5.2529E+16
203719,11,0,4,4,2018,8,16,6,3,5,3,0,0,1,0,1,0,0,0,7.9338E+20,5.82196E+21,1.33198E+16,5.24688E+16
203720,11,0,7,7,2018,7,15,2,3,5,7,0,0,1,0,1,0,0,0,7.98674E+20,5.81965E+21,1.33955E+16,5.24453E+16
203721,11,0,7,7,2018,7,15,2,3,2,6,0,0,1,0,0,0,1,0,7.97063E+20,5.82217E+21,1.33741E+16,5.24687E+16
203722,11,0,11,11,2018,8,19,6,3,4,6,0,0,1,0,0,0,0,0,8.04681E+20,5.8272E+21,1.34905E+16,5.25096E+16
203723,11,0,7,7,2018,8,11,4,3,5,2,0,0,1,0,1,0,0,0,7.99046E+20,5.81681E+21,1.33984E+16,5.24195E+16
203724,11,0,12,12,2018,8,19,6,3,0,1,0,0,1,0,1,0,0,0,7.94719E+20,5.83351E+21,1.33497E+16,5.25716E+16
203725,11,0,11,11,2018,8,10,4,3,5,2,0,1,1,0,0,0,0,0,8.03411E+20,5.82663E+21,1.34713E+16,5.25052E+16
203726,11,0,3,3,2018,8,20,6,3,5,3,1,1,0,0,1,0,0,0,8.01614E+20,5.82936E+21,1.34474E+16,5.25306E+16
203727,11,0,7,7,2018,7,15,2,3,2,6,0,0,1,0,0,0,0,0,7.97865E+20,5.82179E+21,1.33855E+16,5.24648E+16
203728,11,0,3,3,2018,8,18,7,3,2,7,0,0,1,0,0,0,0,0,7.98007E+20,5.83323E+21,1.33979E+16,5.25674E+16
203729,11,0,9,9,2018,7,17,2,2,4,6,0,1,0,0,0,0,0,0,8.10834E+20,5.82031E+21,1.35744E+16,5.24443E+16
203730,11,0,7,7,2018,8,17,6,3,1,5,0,0,1,0,1,0,0,0,7.95842E+20,5.82496E+21,1.33586E+16,5.24944E+16
203731,11,0,6,6,2018,8,9,4,3,5,3,0,0,1,0,0,0,0,0,7.90065E+20,5.81586E+21,1.32659E+16,5.24159E+16
203732,11,0,5,5,2018,8,21,6,3,5,3,1,0,1,0,1,0,0,0,7.82105E+20,5.83017E+21,1.31613E+16,5.25484E+16
203733,11,0,10,10,2018,7,15,2,3,5,2,0,0,1,0,0,0,0,0,8.09346E+20,5.83428E+21,1.35656E+16,5.25704E+16
203734,11,0,11,11,2018,8,13,6,3,5,2,0,1,1,0,0,0,0,0,8.05566E+20,5.82727E+21,1.35036E+16,5.25097E+16
203735,11,0,3,3,2018,8,13,4,2,5,2,0,0,1,0,0,0,0,0,8.00197E+20,5.83214E+21,1.34291E+16,5.25563E+16
203736,11,0,12,12,2018,8,17,6,3,2,2,0,0,1,0,0,0,0,0,7.93282E+20,5.83259E+21,1.33278E+16,5.25641E+16
203737,11,0,2,2,2018,8,13,4,3,0,5,0,0,1,0,0,0,1,0,8.00685E+20,5.82656E+21,1.34312E+16,5.25061E+16
203738,11,0,1,1,2018,7,15,2,3,2,6,0,0,1,0,0,0,0,0,7.9518E+20,5.82695E+21,1.33507E+16,5.25126E+16
203739,11,0,8,8,2018,8,11,7,3,1,5,0,1,1,0,0,0,0,0,8.01968E+20,5.82459E+21,1.34483E+16,5.24877E+16
203740,11,0,7,7,2018,8,13,4,3,6,2,0,0,1,1,0,0,0,0,7.94946E+20,5.8243E+21,1.33449E+16,5.24889E+16
203741,11,0,5,5,2018,7,14,2,3,5,3,0,0,1,0,0,0,0,0,7.88412E+20,5.82934E+21,1.32533E+16,5.25376E+16
203742,11,0,2,2,2018,8,20,6,3,0,7,1,0,1,0,1,0,0,1,8.03641E+20,5.82739E+21,1.34754E+16,5.25118E+16
203743,11,0,2,2,2018,8,13,4,3,5,3,0,0,0,0,1,0,0,0,8.01324E+20,5.82615E+21,1.34402E+16,5.25021E+16
203744,11,0,11,11,2018,8,20,6,3,3,6,0,0,1,0,0,0,0,0,8.07088E+20,5.82579E+21,1.35245E+16,5.24956E+16
203745,11,0,11,11,2018,7,14,2,3,2,6,0,0,1,0,0,0,0,0,8.03979E+20,5.82981E+21,1.34826E+16,5.25334E+16
203746,11,0,2,2,2018,8,16,7,3,1,5,0,1,0,0,0,0,1,0,8.02333E+20,5.8271E+21,1.34559E+16,5.251E+16
203747,11,0,4,4,2018,8,15,1,3,2,6,0,0,1,0,1,0,0,0,7.93308E+20,5.82228E+21,1.33191E+16,5.24717E+16
203748,11,0,2,2,2018,7,14,2,3,6,3,0,0,0,1,0,0,1,0,8.01208E+20,5.82864E+21,1.34408E+16,5.25244E+16
203749,11,0,4,4,2018,8,17,6,3,0,1,0,0,0,0,1,0,0,0,7.91139E+20,5.82912E+21,1.32932E+16,5.25342E+16
203750,11,0,8,8,2018,8,14,4,3,3,5,0,1,0,0,0,0,1,0,8.01245E+20,5.82381E+21,1.34369E+16,5.24811E+16
203751,11,0,11,11,2018,8,15,6,3,6,2,0,0,1,1,0,0,0,0,8.03408E+20,5.82662E+21,1.34713E+16,5.25051E+16
203752,11,0,6,6,2018,8,9,4,3,3,6,0,1,0,0,0,1,0,0,7.93142E+20,5.81816E+21,1.3313E+16,5.24349E+16
203753,11,0,12,12,2018,7,13,2,3,5,3,0,0,1,0,1,0,0,0,7.90907E+20,5.83391E+21,1.3294E+16,5.25773E+16
203754,11,0,11,11,2018,8,8,4,3,6,4,0,1,0,1,0,0,0,0,8.03031E+20,5.82919E+21,1.34681E+16,5.25283E+16
203755,11,0,4,4,2018,8,13,6,3,2,6,0,0,1,0,0,0,0,0,7.88213E+20,5.8278E+21,1.3249E+16,5.2524E+16
203756,11,0,5,5,2018,8,14,4,3,5,3,0,1,1,0,0,0,0,0,7.84409E+20,5.83105E+21,1.31959E+16,5.25551E+16
203757,11,0,4,4,2018,7,13,2,2,5,7,0,0,1,0,1,0,0,0,7.91691E+20,5.8261E+21,1.32987E+16,5.25068E+16
203758,11,0,8,8,2018,8,22,7,2,5,7,2,0,1,0,1,0,0,0,8.00404E+20,5.82403E+21,1.34248E+16,5.24836E+16
203759,11,0,3,3,2018,7,13,2,3,5,7,0,0,1,0,1,0,0,0,8.00855E+20,5.82918E+21,1.34361E+16,5.25295E+16
203760,11,0,2,2,2018,8,7,4,2,5,2,0,0,0,0,1,0,1,0,8.01292E+20,5.8274E+21,1.34409E+16,5.25133E+16
203761,11,0,1,1,2018,8,15,6,3,0,2,0,0,1,0,0,0,1,0,7.96236E+20,5.82849E+21,1.33676E+16,5.25258E+16
203762,11,0,8,8,2018,8,6,4,2,3,6,0,0,1,0,1,0,0,0,8.03526E+20,5.81819E+21,1.34653E+16,5.24295E+16
203763,11,0,1,1,2018,7,15,2,3,2,6,0,0,1,0,0,0,0,0,7.94786E+20,5.83011E+21,1.33477E+16,5.25411E+16
203764,11,0,6,6,2018,8,17,7,2,5,3,0,0,1,0,1,0,0,0,7.84911E+20,5.81754E+21,1.31917E+16,5.24337E+16
203765,11,0,7,7,2018,8,8,4,3,6,2,0,0,1,1,0,0,0,0,7.94585E+20,5.82185E+21,1.33374E+16,5.24672E+16
203766,11,0,4,4,2018,7,23,2,3,3,6,2,0,1,0,0,0,1,0,7.93862E+20,5.82626E+21,1.33307E+16,5.25071E+16
203767,11,0,6,6,2018,8,13,6,2,5,2,0,1,1,0,0,0,0,0,7.91101E+20,5.81925E+21,1.3284E+16,5.24457E+16
203768,11,0,2,2,2018,8,4,4,3,6,4,0,0,1,1,1,0,0,0,7.9817E+20,5.8265E+21,1.33942E+16,5.25069E+16
203769,11,0,8,8,2018,8,12,6,2,5,3,0,0,1,0,1,0,0,0,8.01396E+20,5.82114E+21,1.34368E+16,5.24571E+16
203770,11,0,2,2,2018,7,20,2,3,5,3,1,1,1,0,0,0,0,0,8.02697E+20,5.82735E+21,1.34615E+16,5.2512E+16
203771,11,0,1,1,2018,8,16,7,2,0,7,0,1,0,0,0,0,0,0,7.96091E+20,5.82622E+21,1.33634E+16,5.25055E+16
203772,11,0,2,2,2018,7,20,2,3,1,5,0,0,1,0,1,0,0,0,7.97952E+20,5.82627E+21,1.33908E+16,5.2505E+16
203773,11,0,12,12,2018,8,10,4,2,5,2,0,1,1,0,0,0,0,0,7.87345E+20,5.83784E+21,1.3245E+16,5.26144E+16
203774,11,0,4,4,2018,8,12,6,3,2,6,0,0,1,0,0,0,0,0,7.93359E+20,5.82966E+21,1.33263E+16,5.25378E+16
203775,11,0,6,6,2018,8,12,4,3,0,1,0,0,0,0,1,0,0,0,7.95532E+20,5.81995E+21,1.33496E+16,5.24496E+16
203776,11,0,1,1,2018,7,19,2,3,5,3,0,1,1,0,0,0,0,0,7.97158E+20,5.82645E+21,1.33793E+16,5.2507E+16
203777,11,0,12,12,2018,8,8,4,2,0,7,0,0,0,0,0,1,0,0,7.92464E+20,5.83733E+21,1.33199E+16,5.2607E+16
203778,11,0,1,1,2018,7,19,2,3,4,2,0,1,1,0,0,0,0,0,7.9756E+20,5.82821E+21,1.33868E+16,5.25225E+16
203779,11,0,2,2,2018,8,12,6,3,5,3,0,1,0,0,0,0,0,0,8.03252E+20,5.82657E+21,1.34689E+16,5.25048E+16
203780,11,0,3,3,2018,8,1,4,2,0,1,2,1,0,0,0,0,0,0,7.99962E+20,5.83386E+21,1.34272E+16,5.25719E+16
203781,11,0,1,1,2018,7,18,2,3,2,6,0,0,1,0,1,0,0,0,7.99544E+20,5.82881E+21,1.34165E+16,5.25268E+16
203782,11,0,4,4,2018,8,14,7,3,2,2,0,0,1,0,0,0,0,0,7.91294E+20,5.82501E+21,1.32919E+16,5.24972E+16
203783,11,0,1,1,2018,7,14,2,3,5,2,0,1,0,0,0,1,0,0,7.99595E+20,5.82826E+21,1.34167E+16,5.25219E+16
203784,11,0,11,11,2018,8,11,6,3,5,3,0,1,1,0,0,0,0,0,8.04759E+20,5.8254E+21,1.349E+16,5.24934E+16
203785,11,0,11,11,2018,8,15,4,2,0,1,0,1,0,0,0,0,0,0,8.0427E+20,5.82784E+21,1.3485E+16,5.25155E+16
203786,11,0,10,10,2018,8,10,6,2,5,2,0,0,1,0,1,0,0,0,8.10961E+20,5.8282E+21,1.35837E+16,5.2515E+16
203787,11,0,4,4,2018,8,12,7,3,0,7,0,1,1,0,0,0,0,0,7.91544E+20,5.82804E+21,1.32982E+16,5.25243E+16
203788,11,0,5,5,2018,8,11,4,3,2,6,0,1,0,0,0,0,1,0,7.85389E+20,5.83061E+21,1.321E+16,5.25506E+16
203789,11,0,6,6,2018,7,12,2,3,5,2,0,1,0,0,0,0,1,0,7.90822E+20,5.81558E+21,1.32767E+16,5.2413E+16
203790,11,0,6,6,2018,8,10,6,3,5,3,0,1,1,0,0,0,0,0,7.86577E+20,5.81792E+21,1.32165E+16,5.24362E+16
203791,11,0,8,8,2018,8,10,4,2,0,7,0,1,0,0,0,0,0,0,8.03086E+20,5.81944E+21,1.346E+16,5.24409E+16
203792,11,0,2,2,2018,8,9,6,2,6,7,0,0,0,1,0,0,1,0,7.98838E+20,5.82615E+21,1.34037E+16,5.25034E+16
203793,11,0,3,3,2018,8,10,7,3,5,3,0,1,1,0,0,0,0,0,7.9922E+20,5.83177E+21,1.34144E+16,5.25536E+16
203794,11,0,12,12,2018,7,12,2,3,4,6,0,1,0,0,0,0,0,0,7.90968E+20,5.83383E+21,1.32948E+16,5.25765E+16
203795,11,0,8,8,2018,8,7,6,3,2,6,0,1,0,0,0,1,0,0,8.00823E+20,5.82258E+21,1.34296E+16,5.24703E+16
203796,11,0,4,4,2018,8,9,4,1,3,2,0,1,0,0,0,1,0,0,7.89617E+20,5.82336E+21,1.32658E+16,5.24833E+16
203797,11,0,4,4,2018,7,11,2,3,5,7,0,1,1,0,0,0,0,0,7.94155E+20,5.82409E+21,1.33331E+16,5.24875E+16
203798,11,0,7,7,2018,8,13,3,3,2,6,0,0,1,0,0,0,0,0,7.97769E+20,5.81537E+21,1.33784E+16,5.24073E+16
203799,11,0,6,6,2018,7,11,2,3,2,2,0,0,1,0,0,0,0,0,7.90856E+20,5.81758E+21,1.3279E+16,5.24309E+16
203800,11,0,5,5,2018,8,13,6,3,0,1,0,0,0,0,1,0,0,0,7.87942E+20,5.83004E+21,1.3247E+16,5.25442E+16
203801,11,0,3,3,2018,8,21,3,3,0,2,1,1,1,0,0,0,0,0,8.03675E+20,5.83201E+21,1.34801E+16,5.25533E+16
203802,11,0,1,1,2018,8,8,6,2,3,6,0,1,0,0,0,0,1,0,7.98795E+20,5.8297E+21,1.34063E+16,5.25352E+16
203803,11,0,5,5,2018,7,10,2,2,6,2,0,0,1,1,0,0,0,0,7.8523E+20,5.83183E+21,1.32087E+16,5.25616E+16
203804,11,0,5,5,2018,8,8,7,3,5,3,0,0,1,0,0,0,0,0,7.84422E+20,5.83139E+21,1.31964E+16,5.25581E+16
203805,11,0,12,12,2018,7,11,2,3,2,2,0,0,1,0,0,0,0,0,7.92338E+20,5.83392E+21,1.33151E+16,5.25766E+16
203806,11,0,9,9,2018,8,20,6,3,6,4,0,0,1,1,0,0,0,0,8.09126E+20,5.8195E+21,1.35486E+16,5.24381E+16
203807,11,0,10,10,2018,8,15,3,3,5,2,0,1,1,0,0,0,0,0,8.08833E+20,5.83179E+21,1.35557E+16,5.25483E+16
203808,11,0,12,12,2018,8,6,6,3,1,5,0,0,1,0,0,0,0,0,7.91674E+20,5.83893E+21,1.33097E+16,5.26219E+16
203809,11,0,1,1,2018,7,10,2,3,5,3,0,0,1,0,1,0,0,0,7.98639E+20,5.82838E+21,1.34028E+16,5.25235E+16
203810,11,0,11,11,2018,8,5,6,3,0,1,1,1,1,0,0,0,0,0,8.05154E+20,5.82755E+21,1.34978E+16,5.25125E+16
203811,11,0,2,2,2018,8,19,3,3,5,2,0,1,1,0,0,0,0,0,7.97841E+20,5.82493E+21,1.3388E+16,5.2493E+16
203812,11,0,9,9,2018,8,23,6,3,3,6,2,0,1,0,0,0,0,0,8.19516E+20,5.81275E+21,1.36945E+16,5.23716E+16
203813,11,0,6,6,2018,7,9,2,3,0,2,0,0,0,0,0,0,1,0,7.9295E+20,5.81776E+21,1.33098E+16,5.24314E+16
203814,11,0,7,7,2018,7,9,2,3,5,2,0,1,1,0,0,0,0,0,7.98742E+20,5.82395E+21,1.34003E+16,5.24837E+16
203815,11,0,9,9,2018,8,13,6,1,5,3,0,0,1,0,0,0,1,0,8.20706E+20,5.81951E+21,1.37184E+16,5.24315E+16
203816,11,0,1,1,2018,8,19,3,3,2,6,0,0,1,0,0,0,1,0,7.96833E+20,5.83155E+21,1.33791E+16,5.25529E+16
203817,11,0,4,4,2018,8,20,5,3,3,6,0,1,0,0,0,0,0,0,7.92396E+20,5.8257E+21,1.33087E+16,5.25028E+16
203818,11,0,7,7,2018,7,13,2,3,2,6,0,0,1,0,0,0,1,0,7.97283E+20,5.82114E+21,1.33764E+16,5.24593E+16
203819,11,0,9,9,2018,8,19,3,3,5,2,0,1,1,0,0,0,0,0,8.1027E+20,5.82146E+21,1.35672E+16,5.2455E+16
203820,11,0,8,8,2018,7,23,1,3,5,3,2,1,1,0,0,0,0,0,8.02383E+20,5.82403E+21,1.34539E+16,5.24824E+16
203821,11,0,1,1,2018,8,6,5,3,6,4,0,1,0,1,0,0,0,0,7.99859E+20,5.82861E+21,1.34209E+16,5.25249E+16
203822,11,0,1,1,2018,8,18,3,3,2,2,0,0,1,0,1,0,0,0,7.99108E+20,5.82899E+21,1.34102E+16,5.25287E+16
203823,11,0,7,7,2018,8,16,5,2,2,6,0,1,0,0,0,0,0,0,8.00694E+20,5.81333E+21,1.34194E+16,5.23875E+16
203824,11,0,1,1,2018,7,22,1,3,2,6,2,0,1,0,0,0,0,0,7.94573E+20,5.82847E+21,1.33431E+16,5.25265E+16
203825,11,0,1,1,2018,8,9,7,3,2,6,0,0,1,0,0,0,0,0,7.94153E+20,5.83031E+21,1.33386E+16,5.25432E+16
203826,11,0,3,3,2018,7,21,1,3,5,2,0,0,1,0,0,0,0,0,8.00076E+20,5.83388E+21,1.34289E+16,5.25721E+16
203827,11,0,7,7,2018,8,19,5,3,0,2,0,1,1,0,0,0,0,0,7.95243E+20,5.82226E+21,1.33475E+16,5.24705E+16
203828,11,0,1,1,2018,8,17,3,3,6,2,0,0,1,1,0,0,0,0,7.95022E+20,5.82827E+21,1.33495E+16,5.25245E+16
203829,11,0,6,6,2018,8,13,5,3,1,5,0,1,0,0,0,0,1,0,7.89459E+20,5.81746E+21,1.32584E+16,5.24306E+16
203830,11,0,3,3,2018,8,10,1,3,5,3,0,1,0,0,1,0,0,0,7.99256E+20,5.83005E+21,1.34134E+16,5.25382E+16
203831,11,0,1,1,2018,7,20,1,3,5,2,0,1,1,0,0,0,0,0,7.98872E+20,5.82855E+21,1.34064E+16,5.25249E+16
203832,11,0,9,9,2018,8,13,5,3,5,2,0,0,0,0,1,0,1,0,8.13011E+20,5.82141E+21,1.36074E+16,5.2453E+16
203833,11,0,12,12,2018,8,18,3,2,5,7,0,0,1,0,1,0,0,0,7.94315E+20,5.83837E+21,1.33481E+16,5.26154E+16
203834,11,0,4,4,2018,8,13,5,3,1,5,0,0,1,0,0,0,0,0,7.93136E+20,5.82566E+21,1.33195E+16,5.25021E+16
203835,11,0,12,12,2018,8,18,3,3,0,1,0,0,0,0,1,0,0,0,7.91473E+20,5.83432E+21,1.33027E+16,5.25806E+16
203836,11,0,4,4,2018,7,20,1,3,6,4,1,1,0,1,0,0,0,0,7.93926E+20,5.82586E+21,1.33313E+16,5.25034E+16
203837,11,0,3,3,2018,8,10,7,3,5,3,0,0,1,0,0,0,0,0,8.02308E+20,5.83135E+21,1.34594E+16,5.25481E+16
203838,11,0,2,2,2018,8,17,3,3,5,2,0,1,1,0,0,0,0,0,7.99948E+20,5.82609E+21,1.342E+16,5.25022E+16
203839,11,0,1,1,2018,7,20,1,3,2,7,0,0,1,0,1,0,0,0,7.94218E+20,5.83091E+21,1.33401E+16,5.25486E+16
203840,11,0,6,6,2018,8,12,5,3,2,6,0,1,0,0,0,0,1,0,7.93721E+20,5.82102E+21,1.3324E+16,5.24602E+16
203841,11,0,5,5,2018,8,17,3,3,5,2,0,0,1,0,1,0,0,0,7.87324E+20,5.8298E+21,1.32377E+16,5.25423E+16
203842,11,0,2,2,2018,8,11,5,3,2,6,0,0,1,0,1,0,0,0,7.98268E+20,5.82479E+21,1.33941E+16,5.24915E+16
203843,11,0,8,8,2018,7,19,1,3,2,6,0,0,1,0,0,0,0,0,8.00667E+20,5.82433E+21,1.34289E+16,5.24861E+16
203844,11,0,1,1,2018,8,6,7,3,8,1,0,0,0,0,1,0,0,0,7.96967E+20,5.82683E+21,1.33768E+16,5.25105E+16
203845,11,0,8,8,2018,7,19,1,3,6,4,0,1,0,1,0,0,0,0,8.01467E+20,5.82443E+21,1.34408E+16,5.24865E+16
203846,11,0,5,5,2018,8,17,3,3,3,6,0,0,1,0,1,0,0,0,7.875E+20,5.82989E+21,1.32404E+16,5.2543E+16
203847,11,0,12,12,2018,7,19,1,3,2,6,0,0,1,0,0,0,0,0,7.91755E+20,5.83294E+21,1.33056E+16,5.25681E+16
203848,11,0,9,9,2018,8,11,5,2,2,2,0,0,1,0,0,0,0,0,8.14715E+20,5.82194E+21,1.36329E+16,5.24567E+16
203849,11,0,8,8,2018,8,17,3,3,5,3,0,0,1,0,0,0,0,0,8.03585E+20,5.82166E+21,1.34693E+16,5.24606E+16
203850,11,0,6,6,2018,8,10,5,3,2,6,0,0,1,0,0,0,0,0,7.93214E+20,5.8216E+21,1.33171E+16,5.24657E+16
203851,11,0,1,1,2018,7,17,1,3,5,2,0,1,1,0,0,0,0,0,8.00077E+20,5.82645E+21,1.34222E+16,5.25055E+16
203852,11,0,1,1,2018,7,16,1,3,2,6,0,1,1,0,0,0,0,0,7.97821E+20,5.83025E+21,1.33924E+16,5.25407E+16
203853,11,0,9,9,2018,8,10,5,3,2,2,0,0,1,0,0,0,0,0,8.09382E+20,5.82148E+21,1.35542E+16,5.24557E+16
203854,11,0,3,3,2018,8,17,3,3,5,3,0,0,1,0,0,0,0,0,8.0107E+20,5.83143E+21,1.34413E+16,5.25495E+16
203855,11,0,9,9,2018,8,9,5,3,2,6,0,0,1,0,0,0,1,0,8.09793E+20,5.82157E+21,1.35603E+16,5.24563E+16
203856,11,0,4,4,2018,8,16,3,3,2,6,0,0,1,0,0,0,0,0,7.9129E+20,5.83067E+21,1.32968E+16,5.2548E+16
203857,11,0,8,8,2018,7,15,1,3,5,3,0,0,1,0,0,0,0,0,8.02484E+20,5.8207E+21,1.34523E+16,5.24526E+16
203858,11,0,9,9,2018,8,16,3,3,1,5,0,1,1,0,0,0,0,0,8.1221E+20,5.81837E+21,1.35928E+16,5.24262E+16
203859,11,0,3,3,2018,8,8,5,3,1,5,0,1,1,0,0,0,0,0,7.99989E+20,5.82941E+21,1.34236E+16,5.2532E+16
203860,11,0,1,1,2018,8,16,3,3,2,6,0,0,1,0,0,0,1,0,7.94213E+20,5.82846E+21,1.33378E+16,5.25266E+16
203861,11,0,1,1,2018,8,16,3,3,5,2,0,0,1,0,1,0,0,0,7.94984E+20,5.82955E+21,1.33501E+16,5.2536E+16
203862,11,0,1,1,2018,7,14,1,3,6,2,0,0,1,1,0,0,0,0,7.98681E+20,5.82945E+21,1.34044E+16,5.25331E+16
203863,11,0,1,1,2018,8,7,5,3,5,3,0,1,0,0,0,0,1,0,7.96467E+20,5.83194E+21,1.3374E+16,5.25566E+16
203864,11,0,12,12,2018,8,16,3,2,0,7,0,0,1,0,0,0,0,0,7.94563E+20,5.83488E+21,1.33487E+16,5.2584E+16
203865,11,0,2,2,2018,8,6,5,2,5,2,0,0,1,0,1,0,0,0,8.00734E+20,5.82652E+21,1.34319E+16,5.25057E+16
203866,11,0,6,6,2018,7,13,1,3,1,5,0,0,1,0,0,0,1,0,7.95449E+20,5.81996E+21,1.33484E+16,5.24498E+16
203867,11,0,4,4,2018,7,11,1,3,4,6,0,1,1,0,0,0,0,0,7.89413E+20,5.82471E+21,1.3264E+16,5.24956E+16
203868,11,0,2,2,2018,8,22,5,3,4,6,2,0,1,0,1,0,0,0,7.9832E+20,5.8256E+21,1.33956E+16,5.24988E+16
203869,11,0,8,8,2018,8,15,3,3,5,2,0,1,1,0,0,0,0,0,8.01016E+20,5.82391E+21,1.34337E+16,5.24821E+16
203870,11,0,1,1,2018,7,11,1,3,1,5,0,1,1,0,0,0,0,0,7.96416E+20,5.82939E+21,1.3371E+16,5.25337E+16
203871,11,0,8,8,2018,8,15,3,3,3,6,0,1,1,0,0,0,0,0,8.00678E+20,5.82297E+21,1.34279E+16,5.24739E+16