OBJECTID_1,ULAND,UREGBEZ,UKREIS,UGEMEINDE,UJAHR,UMONAT,USTUNDE,UWOCHENTAG,UKATEGORIE,UART,UTYP1,ULICHTVERH,IstRad,IstPKW,IstFuss,IstKrad,IstGkfz,IstSonstig,STRZUSTAND,LINREFX,LINREFY,XGCSWGS84,YGCSWGS84
204059,11,0,12,12,2018,8,10,5,3,2,6,0,0,1,0,0,0,0,0,7.91601E+20,5.83401E+21,1.33043E+16,5.25778E+16
204060,11,0,7,7,2018,8,15,3,3,5,2,0,1,0,0,0,0,1,0,7.9925E+20,5.81626E+21,1.34009E+16,5.24145E+16
204061,11,0,1,1,2018,8,21,7,3,2,6,2,0,1,0,0,0,0,0,7.95668E+20,5.82974E+21,1.33603E+16,5.25373E+16
204062,11,0,4,4,2018,8,13,3,3,6,2,0,0,1,1,0,0,0,0,7.93901E+20,5.82553E+21,1.33306E+16,5.25005E+16
204063,11,0,12,12,2018,8,16,6,2,6,4,0,0,1,1,0,0,0,0,7.96207E+20,5.83276E+21,1.3371E+16,5.25641E+16
204064,11,0,1,1,2018,8,12,3,3,6,4,0,1,0,1,0,0,0,0,7.97968E+20,5.827E+21,1.33917E+16,5.25115E+16
204065,11,0,4,4,2018,8,20,3,3,5,5,1,0,1,0,0,0,0,0,7.93381E+20,5.82995E+21,1.33269E+16,5.25405E+16
204066,11,0,12,12,2018,8,11,1,2,2,6,0,0,1,0,1,0,0,0,7.93775E+20,5.83272E+21,1.33351E+16,5.2565E+16
204067,11,0,8,8,2018,8,21,3,3,2,6,2,0,0,0,1,0,0,0,8.01892E+20,5.81698E+21,1.34403E+16,5.24196E+16
204068,11,0,3,3,2018,8,16,5,3,5,2,0,1,1,0,0,0,0,0,7.98664E+20,5.83179E+21,1.34062E+16,5.25541E+16
204069,11,0,1,1,2018,8,16,3,3,0,2,0,0,0,1,1,0,0,0,7.93703E+20,5.8285E+21,1.33303E+16,5.25273E+16
204070,11,0,2,2,2018,8,7,6,3,5,2,0,1,1,0,0,0,0,0,8.01285E+20,5.82742E+21,1.34408E+16,5.25134E+16
204071,11,0,3,3,2018,8,15,3,2,5,2,0,1,1,0,0,0,0,0,7.97328E+20,5.83528E+21,1.33897E+16,5.25861E+16
204072,11,0,4,4,2018,8,11,5,3,0,7,0,0,0,0,1,0,0,0,7.94033E+20,5.82606E+21,1.3333E+16,5.25052E+16
204073,11,0,10,10,2018,8,16,3,2,5,3,0,0,1,0,1,0,0,0,8.11363E+20,5.82684E+21,1.35883E+16,5.25026E+16
204074,11,0,3,3,2018,8,9,7,3,5,2,0,0,1,0,0,0,0,0,8.00071E+20,5.83388E+21,1.34288E+16,5.25721E+16
204075,11,0,3,3,2018,8,14,3,2,5,3,0,0,1,0,1,0,0,0,7.99823E+20,5.8338E+21,1.34251E+16,5.25714E+16
204076,11,0,12,12,2018,8,19,6,3,1,5,1,1,1,0,0,0,1,0,7.92171E+20,5.83342E+21,1.33122E+16,5.25722E+16
204077,11,0,1,1,2018,8,14,3,3,1,5,0,1,0,0,0,0,1,0,7.95102E+20,5.82848E+21,1.33509E+16,5.25263E+16
204078,11,0,8,8,2018,8,17,5,3,1,5,0,1,1,0,0,0,0,0,8.00709E+20,5.82388E+21,1.34291E+16,5.2482E+16
204079,11,0,9,9,2018,8,14,3,3,5,3,0,0,1,0,0,0,0,0,8.08161E+20,5.82187E+21,1.35367E+16,5.24599E+16
204080,11,0,11,11,2018,8,18,1,3,5,3,0,0,1,0,0,0,0,0,8.04219E+20,5.82908E+21,1.34854E+16,5.25267E+16
204081,11,0,8,8,2018,8,10,3,3,0,6,0,0,1,0,1,0,0,0,8.00391E+20,5.8237E+21,1.34243E+16,5.24806E+16
204082,11,0,1,1,2018,8,18,5,2,0,7,0,0,0,0,1,0,1,1,7.9519E+20,5.82586E+21,1.33499E+16,5.25028E+16
204083,11,0,7,7,2018,8,22,6,3,5,3,2,0,1,0,0,0,0,0,7.95711E+20,5.82546E+21,1.33572E+16,5.2499E+16
204084,11,0,12,12,2018,8,10,3,3,1,5,0,1,1,0,0,0,0,0,7.93433E+20,5.83347E+21,1.33308E+16,5.25719E+16
204085,11,0,1,1,2018,8,15,6,3,6,4,0,1,0,1,0,0,0,0,7.9854E+20,5.82918E+21,1.34021E+16,5.25307E+16
204086,11,0,8,8,2018,8,9,3,3,5,2,0,0,1,0,0,0,0,0,8.05237E+20,5.81813E+21,1.34904E+16,5.24279E+16
204087,11,0,6,6,2018,8,8,3,3,5,3,0,1,1,0,0,0,0,0,7.93797E+20,5.8212E+21,1.33253E+16,5.24617E+16
204088,11,0,6,6,2018,8,18,5,3,2,2,0,0,1,0,0,0,0,0,7.90891E+20,5.81775E+21,1.32796E+16,5.24324E+16
204089,11,0,6,6,2018,8,8,3,3,2,6,0,1,0,0,0,0,0,0,7.94309E+20,5.81926E+21,1.33311E+16,5.24441E+16
204090,11,0,9,9,2018,8,7,3,3,3,6,0,1,1,0,0,0,0,0,8.10447E+20,5.82123E+21,1.35696E+16,5.24529E+16
204091,11,0,2,2,2018,8,17,5,3,5,2,0,1,1,0,0,0,0,0,7.97746E+20,5.8246E+21,1.33863E+16,5.24901E+16
204092,11,0,12,12,2018,8,7,3,3,5,3,0,1,1,0,0,0,0,0,7.95864E+20,5.83262E+21,1.33658E+16,5.2563E+16
204093,11,0,9,9,2018,8,16,7,2,5,2,0,0,1,0,0,0,1,0,8.04396E+20,5.82174E+21,1.34813E+16,5.24608E+16
204094,11,0,5,5,2018,8,10,3,2,5,2,0,0,1,0,1,0,0,0,7.84666E+20,5.82971E+21,1.31985E+16,5.25429E+16
204095,11,0,5,5,2018,8,18,5,3,5,2,0,1,0,0,0,0,0,0,7.87671E+20,5.82801E+21,1.32413E+16,5.25261E+16
204096,11,0,5,5,2018,8,5,3,2,5,7,1,1,1,0,0,0,0,0,7.88413E+20,5.82935E+21,1.32533E+16,5.25377E+16
204097,11,0,10,10,2018,8,10,6,3,5,2,0,1,1,0,0,0,0,0,8.06558E+20,5.82913E+21,1.35198E+16,5.25258E+16
204098,11,0,8,8,2018,8,22,6,3,2,6,2,0,1,0,0,0,0,0,8.01646E+20,5.82254E+21,1.34417E+16,5.24695E+16
204099,11,0,5,5,2018,8,8,3,3,2,6,0,0,1,0,0,0,0,0,7.86057E+20,5.82918E+21,1.32185E+16,5.25374E+16
204100,11,0,4,4,2018,8,11,3,2,5,2,0,1,1,0,0,0,0,0,7.93922E+20,5.82326E+21,1.33289E+16,5.24801E+16
204101,11,0,12,12,2018,8,10,2,3,5,3,0,1,0,0,1,0,0,0,7.89924E+20,5.83569E+21,1.32811E+16,5.25937E+16
204102,11,0,1,1,2018,8,18,3,3,5,2,0,1,1,0,0,0,0,0,7.9627E+20,5.82596E+21,1.33658E+16,5.25031E+16
204103,11,0,9,9,2018,8,18,5,3,6,7,0,0,0,1,0,0,1,0,8.1054E+20,5.82069E+21,1.35705E+16,5.2448E+16
204104,11,0,1,1,2018,8,8,2,3,6,4,0,1,0,1,0,0,0,0,7.95125E+20,5.82825E+21,1.3351E+16,5.25243E+16
204105,11,0,11,11,2018,8,10,7,2,5,7,0,1,1,0,0,0,0,0,8.07363E+20,5.82428E+21,1.35272E+16,5.24819E+16
204106,11,0,11,11,2018,8,18,5,2,2,6,0,0,1,0,0,0,0,0,8.03678E+20,5.82978E+21,1.34781E+16,5.25332E+16
204107,11,0,8,8,2018,8,13,2,3,2,6,0,0,1,0,0,0,1,0,8.00484E+20,5.82202E+21,1.34242E+16,5.24655E+16
204108,11,0,5,5,2018,8,15,7,2,5,2,0,1,0,0,0,0,1,0,7.81112E+20,5.82006E+21,1.31381E+16,5.24583E+16
204109,11,0,1,1,2018,8,19,5,3,5,2,0,1,1,0,0,0,0,0,7.99582E+20,5.82805E+21,1.34163E+16,5.252E+16
204110,11,0,1,1,2018,8,11,2,3,5,2,0,1,1,0,0,0,0,0,7.99108E+20,5.82847E+21,1.34098E+16,5.2524E+16
204111,11,0,3,3,2018,8,8,6,3,5,3,0,1,1,0,0,0,0,0,7.99702E+20,5.83008E+21,1.34199E+16,5.25382E+16
204112,11,0,8,8,2018,8,22,2,3,5,3,2,1,0,0,0,0,0,0,8.00717E+20,5.82507E+21,1.34303E+16,5.24927E+16
204113,11,0,12,12,2018,8,21,2,3,2,2,2,0,1,0,0,0,0,0,7.9177E+20,5.83689E+21,1.33093E+16,5.26035E+16
204114,11,0,1,1,2018,8,12,1,3,5,2,0,1,1,0,0,0,0,0,7.98267E+20,5.83009E+21,1.33989E+16,5.25391E+16
204115,11,0,1,1,2018,8,21,2,3,5,2,2,0,1,0,1,0,0,0,7.97854E+20,5.82687E+21,1.33899E+16,5.25104E+16
204116,11,0,6,6,2018,8,17,5,3,5,7,0,0,1,0,0,0,0,0,7.94296E+20,5.81707E+21,1.3329E+16,5.24245E+16
204117,11,0,1,1,2018,8,19,2,3,5,2,0,1,1,0,0,0,0,0,7.98125E+20,5.82896E+21,1.33958E+16,5.2529E+16
204118,11,0,7,7,2018,8,11,7,3,5,2,0,0,1,0,1,0,0,0,7.98903E+20,5.81947E+21,1.33987E+16,5.24435E+16
204119,11,0,4,4,2018,8,8,2,3,0,6,0,0,1,0,1,0,0,0,7.85967E+20,5.82598E+21,1.32145E+16,5.25088E+16
204120,11,0,12,12,2018,8,12,6,2,5,3,0,0,1,0,1,0,0,0,7.89991E+20,5.83476E+21,1.32813E+16,5.25854E+16
204121,11,0,1,1,2018,8,17,2,3,5,2,0,1,0,0,0,0,0,0,7.97896E+20,5.82737E+21,1.3391E+16,5.25149E+16
204122,11,0,1,1,2018,8,17,2,3,2,6,0,0,1,0,1,0,0,1,7.98352E+20,5.82903E+21,1.33992E+16,5.25295E+16
204123,11,0,2,2,2018,8,5,6,3,5,3,0,0,1,0,0,0,0,0,8.00629E+20,5.82567E+21,1.34296E+16,5.24981E+16
204124,11,0,12,12,2018,8,17,2,3,0,2,0,1,1,0,0,0,0,0,7.9288E+20,5.83272E+21,1.3322E+16,5.25655E+16
204125,11,0,1,1,2018,8,16,2,3,3,6,0,0,0,0,1,0,1,0,7.93821E+20,5.83175E+21,1.3335E+16,5.25563E+16
204126,11,0,7,7,2018,8,17,1,3,5,2,0,0,1,0,0,0,0,0,7.98664E+20,5.81626E+21,1.33923E+16,5.24149E+16
204127,11,0,8,8,2018,8,16,2,3,2,6,0,1,1,0,0,0,0,0,8.0034E+20,5.82432E+21,1.34241E+16,5.24861E+16
204128,11,0,10,10,2018,8,16,5,3,0,2,0,0,1,0,0,0,1,0,8.08697E+20,5.83018E+21,1.35522E+16,5.2534E+16
204129,11,0,2,2,2018,8,15,2,3,4,6,0,1,0,0,0,0,0,0,8.00703E+20,5.82695E+21,1.34318E+16,5.25095E+16
204130,11,0,11,11,2018,8,15,7,3,3,6,0,0,1,0,1,0,0,0,8.03909E+20,5.82812E+21,1.348E+16,5.25182E+16
204131,11,0,1,1,2018,8,17,6,3,2,2,0,0,1,0,0,0,1,0,7.97714E+20,5.83187E+21,1.33923E+16,5.25553E+16
204132,11,0,5,5,2018,8,15,2,3,6,4,0,0,1,1,0,0,0,0,7.82339E+20,5.8305E+21,1.3165E+16,5.25512E+16
204133,11,0,2,2,2018,8,15,2,3,0,6,0,0,1,0,1,0,0,0,7.98491E+20,5.82555E+21,1.33981E+16,5.24983E+16
204134,11,0,8,8,2018,8,10,5,3,5,2,0,1,0,0,0,1,0,0,8.01385E+20,5.81927E+21,1.34349E+16,5.24403E+16
204135,11,0,3,3,2018,8,15,2,3,5,3,0,1,1,0,0,0,0,0,8.00057E+20,5.8326E+21,1.34274E+16,5.25606E+16
204136,11,0,9,9,2018,8,17,7,3,5,3,0,0,1,0,0,0,0,0,8.08642E+20,5.81917E+21,1.35412E+16,5.24354E+16
204137,11,0,9,9,2018,8,14,2,3,2,6,0,0,1,0,1,0,0,0,8.06174E+20,5.82331E+21,1.35088E+16,5.24739E+16
204138,11,0,8,8,2018,8,10,5,3,3,6,0,0,0,0,1,1,0,0,8.00893E+20,5.82242E+21,1.34305E+16,5.24688E+16
204139,11,0,7,7,2018,8,14,2,3,5,7,0,1,1,0,0,0,0,0,7.96425E+20,5.82488E+21,1.33671E+16,5.24933E+16
204140,11,0,11,11,2018,8,13,2,3,5,3,0,0,0,0,1,0,1,0,8.03921E+20,5.8264E+21,1.34786E+16,5.25029E+16
204141,11,0,10,10,2018,8,5,1,2,8,1,1,0,1,0,0,0,0,0,8.095E+20,5.83141E+21,1.35652E+16,5.25446E+16
204142,11,0,9,9,2018,8,16,2,2,5,2,0,1,1,0,0,0,0,0,8.09194E+20,5.81834E+21,1.35486E+16,5.24276E+16
204143,11,0,7,7,2018,8,16,2,2,5,3,0,0,1,0,0,0,0,0,7.97023E+20,5.82123E+21,1.33727E+16,5.24603E+16
204144,11,0,3,3,2018,8,14,6,3,5,3,0,1,1,0,0,0,0,0,7.95892E+20,5.83647E+21,1.33696E+16,5.25975E+16
204145,11,0,3,3,2018,8,12,2,2,6,4,0,1,0,1,0,0,0,0,8.0086E+20,5.83207E+21,1.34388E+16,5.25554E+16
204146,11,0,1,1,2018,8,20,1,3,5,2,1,1,1,0,0,0,0,0,7.96721E+20,5.83045E+21,1.33765E+16,5.25431E+16
204147,11,0,7,7,2018,8,13,2,2,1,5,0,0,1,0,0,0,1,0,7.97657E+20,5.81917E+21,1.33801E+16,5.24414E+16
204148,11,0,2,2,2018,8,15,7,3,5,2,0,1,1,0,0,0,0,0,7.9711E+20,5.82449E+21,1.33768E+16,5.24894E+16
204149,11,0,6,6,2018,8,13,2,2,0,6,0,0,1,0,1,0,0,0,7.94313E+20,5.82087E+21,1.33326E+16,5.24585E+16
204150,11,0,8,8,2018,8,16,2,3,6,7,0,1,1,1,1,0,0,0,8.00226E+20,5.81968E+21,1.34183E+16,5.24447E+16
204151,11,0,9,9,2018,8,9,6,3,2,6,0,0,1,0,0,0,0,0,8.04207E+20,5.82421E+21,1.34808E+16,5.24831E+16
204152,11,0,7,7,2018,8,21,2,3,0,1,2,0,0,0,1,0,0,0,7.95293E+20,5.82438E+21,1.33501E+16,5.24895E+16
204153,11,0,10,10,2018,8,12,6,3,2,6,0,0,1,0,0,0,0,0,8.10717E+20,5.832E+21,1.35836E+16,5.25492E+16
204154,11,0,12,12,2018,8,17,2,3,2,6,0,0,1,0,0,0,0,0,7.88725E+20,5.83338E+21,1.32614E+16,5.25737E+16
204155,11,0,11,11,2018,8,16,2,3,0,7,0,0,0,1,0,0,1,0,8.05863E+20,5.83361E+21,1.35138E+16,5.25664E+16
204156,11,0,1,1,2018,8,10,2,3,2,7,0,0,1,0,0,0,0,0,7.96127E+20,5.83076E+21,1.3368E+16,5.25462E+16
204157,11,0,4,4,2018,8,12,2,3,2,6,0,0,1,0,0,0,0,0,7.93343E+20,5.82971E+21,1.33261E+16,5.25383E+16
204158,11,0,6,6,2018,8,12,2,2,1,5,0,0,1,0,1,0,0,0,7.89251E+20,5.81837E+21,1.32561E+16,5.24389E+16
204159,11,0,4,4,2018,8,14,7,3,6,4,0,0,1,1,0,0,0,0,7.92071E+20,5.82798E+21,1.33059E+16,5.25234E+16
204160,11,0,9,9,2018,8,11,2,2,6,4,0,0,1,1,0,0,0,0,8.02292E+20,5.82481E+21,1.34532E+16,5.24895E+16
204161,11,0,4,4,2018,8,7,6,3,2,6,0,0,1,0,1,0,0,0,7.93909E+20,5.82492E+21,1.33302E+16,5.24951E+16
204162,11,0,11,11,2018,8,11,2,3,0,1,0,0,0,0,1,0,0,0,8.06475E+20,5.82687E+21,1.35165E+16,5.25056E+16
204163,11,0,4,4,2018,8,10,2,2,5,3,0,0,1,0,0,0,0,0,7.9159E+20,5.82549E+21,1.32967E+16,5.25014E+16
204164,11,0,4,4,2018,8,16,1,3,2,6,0,0,1,0,1,0,0,0,7.94082E+20,5.82631E+21,1.3334E+16,5.25074E+16
204165,11,0,1,1,2018,8,10,2,3,5,7,0,0,1,0,1,0,0,0,7.9553E+20,5.82962E+21,1.33582E+16,5.25363E+16
204166,11,0,7,7,2018,8,16,1,3,5,2,0,1,1,0,0,0,0,0,7.99723E+20,5.8145E+21,1.34063E+16,5.23985E+16
204167,11,0,9,9,2018,8,9,2,3,1,5,0,1,1,0,0,0,0,0,8.04295E+20,5.82012E+21,1.34784E+16,5.24463E+16
204168,11,0,2,2,2018,8,10,7,2,5,3,0,1,1,0,0,0,0,0,8.00274E+20,5.82435E+21,1.34232E+16,5.24865E+16
204169,11,0,7,7,2018,8,10,2,2,5,3,0,1,1,0,0,0,0,0,7.94962E+20,5.82312E+21,1.33441E+16,5.24783E+16
204170,11,0,1,1,2018,8,10,1,3,1,5,0,1,1,0,0,0,0,0,7.98347E+20,5.82939E+21,1.33994E+16,5.25327E+16
204171,11,0,1,1,2018,8,10,2,3,1,5,0,1,1,0,0,0,1,0,7.9629E+20,5.82849E+21,1.33684E+16,5.25258E+16
204172,11,0,8,8,2018,8,9,2,3,1,5,0,1,1,0,0,0,0,0,8.00618E+20,5.8163E+21,1.3421E+16,5.24142E+16
204173,11,0,4,4,2018,8,13,7,3,5,2,0,0,1,0,0,0,0,0,7.91447E+20,5.82609E+21,1.32951E+16,5.25068E+16
204174,11,0,7,7,2018,8,8,2,3,0,1,0,0,0,0,1,0,0,0,7.9572E+20,5.82546E+21,1.33573E+16,5.24989E+16
204175,11,0,6,6,2018,8,15,6,3,2,6,0,0,1,0,0,0,0,0,7.94114E+20,5.82126E+21,1.333E+16,5.24621E+16
204176,11,0,2,2,2018,8,1,1,2,0,1,2,1,0,0,0,0,0,0,7.97918E+20,5.82458E+21,1.33888E+16,5.24898E+16
204177,11,0,1,1,2018,8,5,1,3,5,2,2,0,1,0,0,0,0,0,7.96262E+20,5.82596E+21,1.33657E+16,5.25031E+16
204178,11,0,7,7,2018,8,13,1,2,5,3,0,0,1,0,1,0,0,0,7.98709E+20,5.81602E+21,1.33928E+16,5.24126E+16
204179,11,0,3,3,2018,8,16,1,3,5,3,0,0,1,0,0,0,0,0,8.01119E+20,5.83502E+21,1.34452E+16,5.25816E+16
204180,11,0,1,1,2018,8,13,6,3,1,5,0,1,1,0,0,0,0,0,7.97012E+20,5.82856E+21,1.3379E+16,5.2526E+16
204181,11,0,1,1,2018,8,15,6,3,1,5,0,0,1,0,1,0,0,0,7.98456E+20,5.82913E+21,1.34008E+16,5.25303E+16
204182,11,0,3,3,2018,8,19,1,3,5,3,0,1,1,0,0,0,0,0,8.00214E+20,5.83158E+21,1.34288E+16,5.25514E+16
204183,11,0,5,5,2018,8,19,4,2,5,3,0,1,1,0,0,0,0,0,7.84405E+20,5.82867E+21,1.31938E+16,5.25337E+16
204184,11,0,4,4,2018,8,18,3,3,5,3,0,1,1,0,0,0,0,0,7.92513E+20,5.8245E+21,1.33094E+16,5.24921E+16
204185,11,0,1,1,2018,8,17,3,3,0,7,0,0,1,0,0,0,0,0,7.98885E+20,5.82855E+21,1.34066E+16,5.25249E+16
204186,11,0,4,4,2018,8,17,3,3,5,2,0,1,1,0,0,0,0,0,7.92381E+20,5.82671E+21,1.33093E+16,5.25119E+16
204187,11,0,3,3,2018,8,7,4,3,5,3,0,1,1,0,0,0,0,0,7.99224E+20,5.82944E+21,1.34123E+16,5.25327E+16
204188,11,0,2,2,2018,8,23,3,3,0,1,2,0,0,0,1,0,0,0,7.98509E+20,5.82452E+21,1.33974E+16,5.2489E+16
204189,11,0,10,10,2018,8,12,4,3,3,6,0,0,1,0,0,0,1,0,8.10724E+20,5.832E+21,1.35837E+16,5.25492E+16
204190,11,0,9,9,2018,8,17,3,3,2,2,0,0,1,0,0,0,0,0,8.09397E+20,5.82148E+21,1.35545E+16,5.24557E+16
204191,11,0,4,4,2018,8,19,3,3,5,3,0,0,1,0,0,0,0,0,7.92383E+20,5.82689E+21,1.33095E+16,5.25135E+16
204192,11,0,8,8,2018,8,16,3,3,0,7,0,0,1,0,0,0,0,0,8.01545E+20,5.82058E+21,1.34384E+16,5.2452E+16
204193,11,0,8,8,2018,8,9,2,3,5,2,0,1,1,0,0,0,0,0,8.0261E+20,5.82075E+21,1.34542E+16,5.24529E+16
204194,11,0,12,12,2018,8,11,4,3,6,7,0,0,1,1,0,0,0,0,7.94612E+20,5.83642E+21,1.33507E+16,5.25978E+16
204195,11,0,9,9,2018,8,16,3,3,5,5,0,1,1,0,0,0,0,0,8.0672E+20,5.82129E+21,1.3515E+16,5.24555E+16
204196,11,0,12,12,2018,8,11,4,3,0,6,0,0,1,0,0,0,1,0,7.94557E+20,5.83354E+21,1.33474E+16,5.2572E+16
204197,11,0,2,2,2018,8,15,3,3,5,3,0,1,1,0,0,0,0,0,7.97369E+20,5.82617E+21,1.33822E+16,5.25044E+16
204198,11,0,9,9,2018,8,15,3,2,5,2,1,1,1,0,0,0,0,0,8.06898E+20,5.82138E+21,1.35177E+16,5.24562E+16
204199,11,0,4,4,2018,8,9,4,3,2,6,0,0,1,0,0,0,0,0,7.93181E+20,5.82403E+21,1.33187E+16,5.24875E+16
204200,11,0,6,6,2018,8,15,3,3,5,3,0,1,1,0,0,0,0,0,7.91783E+20,5.81783E+21,1.32928E+16,5.24326E+16
204201,11,0,5,5,2018,8,15,4,2,5,2,0,1,1,0,0,0,0,0,7.8451E+20,5.82895E+21,1.31956E+16,5.25361E+16
204202,11,0,4,4,2018,8,10,4,3,1,5,0,1,0,0,0,0,1,0,7.91808E+20,5.82832E+21,1.33023E+16,5.25267E+16
204203,11,0,10,10,2018,8,14,3,2,5,3,0,0,1,0,0,0,0,0,8.11916E+20,5.82975E+21,1.35991E+16,5.25283E+16
204204,11,0,2,2,2018,8,16,4,3,1,5,0,1,1,0,0,0,1,0,7.97653E+20,5.82459E+21,1.33849E+16,5.249E+16
204205,11,0,9,9,2018,8,14,3,3,5,3,0,1,1,0,0,0,0,0,8.20707E+20,5.81951E+21,1.37184E+16,5.24315E+16
204206,11,0,4,4,2018,8,19,1,3,0,6,0,0,1,0,0,0,1,0,7.92757E+20,5.82611E+21,1.33143E+16,5.25063E+16
204207,11,0,12,12,2018,8,14,3,3,2,6,0,0,1,0,0,0,0,0,7.94482E+20,5.83717E+21,1.33495E+16,5.26046E+16
204208,11,0,5,5,2018,8,20,4,2,6,4,2,0,1,1,0,0,0,0,7.83262E+20,5.83029E+21,1.31784E+16,5.25488E+16
204209,11,0,6,6,2018,8,13,1,3,2,6,0,0,1,0,0,0,0,0,7.93365E+20,5.81624E+21,1.33146E+16,5.24175E+16
204210,11,0,3,3,2018,8,13,3,3,2,2,0,0,1,0,0,0,0,0,8.02329E+20,5.82922E+21,1.34578E+16,5.2529E+16
204211,11,0,9,9,2018,8,15,3,3,5,3,0,0,1,0,0,0,0,0,8.11437E+20,5.82025E+21,1.35832E+16,5.24435E+16
204212,11,0,5,5,2018,8,19,1,3,0,1,0,0,0,0,1,0,0,0,7.83672E+20,5.82995E+21,1.31841E+16,5.25456E+16
204213,11,0,1,1,2018,8,16,1,3,0,1,0,0,0,0,1,0,0,0,7.9965E+20,5.82869E+21,1.34179E+16,5.25258E+16
204214,11,0,1,1,2018,8,13,3,3,5,2,0,1,1,0,0,0,0,0,7.96578E+20,5.8278E+21,1.3372E+16,5.25194E+16
204215,11,0,6,6,2018,8,8,1,3,5,2,0,0,1,0,1,0,0,0,7.90474E+20,5.81783E+21,1.32736E+16,5.24333E+16
204216,11,0,5,5,2018,8,8,1,3,5,3,0,1,0,0,0,0,1,0,7.84757E+20,5.82862E+21,1.31989E+16,5.25331E+16
204217,11,0,2,2,2018,8,16,7,3,2,6,0,0,1,0,0,0,0,1,8.00229E+20,5.82605E+21,1.3424E+16,5.25017E+16
204218,11,0,9,9,2018,8,13,3,2,5,3,0,0,1,0,1,0,0,0,8.08887E+20,5.81837E+21,1.35441E+16,5.24281E+16
204219,11,0,11,11,2018,8,20,7,3,2,6,2,0,1,0,0,0,0,0,8.03733E+20,5.82623E+21,1.34757E+16,5.25014E+16
204220,11,0,1,1,2018,8,20,7,3,3,2,1,0,1,0,0,0,0,0,7.95015E+20,5.83011E+21,1.33511E+16,5.2541E+16
204221,11,0,3,3,2018,8,17,3,2,5,2,0,0,1,0,1,0,0,0,7.99257E+20,5.83144E+21,1.34146E+16,5.25506E+16
204222,11,0,4,4,2018,8,9,2,3,1,5,0,0,1,0,1,0,0,0,7.93995E+20,5.82413E+21,1.33308E+16,5.2488E+16
204223,11,0,7,7,2018,8,18,4,3,5,3,0,1,1,0,0,0,0,0,7.9734E+20,5.82187E+21,1.33779E+16,5.24659E+16
204224,11,0,6,6,2018,8,11,7,3,4,6,0,0,1,0,0,0,0,0,7.86518E+20,5.81809E+21,1.32158E+16,5.24377E+16
204225,11,0,4,4,2018,8,13,3,3,2,6,0,0,1,0,0,0,0,0,7.89414E+20,5.82619E+21,1.32653E+16,5.25088E+16
204226,11,0,1,1,2018,8,21,3,3,5,3,2,1,1,0,0,0,0,0,7.93702E+20,5.82802E+21,1.33299E+16,5.25229E+16
204227,11,0,3,3,2018,8,13,7,3,6,7,0,1,0,1,0,0,0,0,7.99295E+20,5.83078E+21,1.34146E+16,5.25446E+16
204228,11,0,1,1,2018,8,13,7,3,2,6,0,0,1,0,0,0,0,0,7.97697E+20,5.82784E+21,1.33885E+16,5.25191E+16
204229,11,0,1,1,2018,8,12,3,3,1,5,0,1,1,0,0,0,0,0,7.98305E+20,5.82896E+21,1.33984E+16,5.25289E+16
204230,11,0,8,8,2018,8,12,7,3,1,5,0,1,1,0,0,0,0,0,8.00801E+20,5.82504E+21,1.34315E+16,5.24924E+16
204231,11,0,2,2,2018,8,8,2,2,1,5,0,0,1,0,1,0,0,0,8.00486E+20,5.82597E+21,1.34278E+16,5.25009E+16
204232,11,0,11,11,2018,8,13,4,3,5,3,0,1,1,0,0,0,0,0,8.05887E+20,5.82447E+21,1.35057E+16,5.24845E+16
204233,11,0,6,6,2018,8,11,7,3,2,2,0,0,1,0,0,0,0,0,7.92233E+20,5.81866E+21,1.33001E+16,5.24399E+16
204234,11,0,11,11,2018,8,12,3,2,1,7,0,1,1,0,0,0,0,0,8.04171E+20,5.83065E+21,1.34862E+16,5.25408E+16
204235,11,0,9,9,2018,8,17,4,2,6,4,0,0,1,1,0,0,0,0,8.14521E+20,5.8208E+21,1.3629E+16,5.24467E+16
204236,11,0,3,3,2018,8,10,7,3,6,2,0,0,1,1,0,0,0,0,8.01446E+20,5.83315E+21,1.34484E+16,5.25647E+16
204237,11,0,4,4,2018,8,14,4,3,1,5,0,0,1,0,1,0,0,0,7.90929E+20,5.82265E+21,1.32845E+16,5.24763E+16
204238,11,0,3,3,2018,8,8,7,3,2,6,0,0,1,0,0,0,1,0,7.99193E+20,5.83177E+21,1.3414E+16,5.25536E+16
204239,11,0,12,12,2018,8,12,3,3,5,2,0,1,1,0,0,0,0,0,7.92293E+20,5.83393E+21,1.33144E+16,5.25767E+16
204240,11,0,7,7,2018,8,17,4,3,0,5,0,0,1,0,0,0,0,0,7.96497E+20,5.81589E+21,1.33602E+16,5.24127E+16
204241,11,0,3,3,2018,8,6,7,3,5,3,0,1,1,0,0,0,0,0,8.00329E+20,5.83158E+21,1.34305E+16,5.25512E+16
204242,11,0,1,1,2018,8,18,3,3,1,5,0,0,1,0,1,0,0,0,7.97063E+20,5.82826E+21,1.33795E+16,5.25233E+16
204243,11,0,4,4,2018,8,12,7,2,5,2,0,0,1,0,0,0,0,0,7.9225E+20,5.83068E+21,1.33109E+16,5.25476E+16
204244,11,0,4,4,2018,8,11,7,3,2,6,0,0,1,0,0,0,0,0,7.90453E+20,5.82732E+21,1.32816E+16,5.25184E+16
204245,11,0,1,1,2018,8,8,3,3,5,3,0,1,1,0,0,0,0,0,7.96122E+20,5.82629E+21,1.33639E+16,5.25061E+16
204246,11,0,8,8,2018,8,18,7,3,2,2,1,0,1,0,0,0,0,1,8.01754E+20,5.82205E+21,1.34428E+16,5.2465E+16