OBJECTID_1,ULAND,UREGBEZ,UKREIS,UGEMEINDE,UJAHR,UMONAT,USTUNDE,UWOCHENTAG,UKATEGORIE,UART,UTYP1,ULICHTVERH,IstRad,IstPKW,IstFuss,IstKrad,IstGkfz,IstSonstig,STRZUSTAND,LINREFX,LINREFY,XGCSWGS84,YGCSWGS84
204247,11,0,6,6,2018,8,10,4,3,5,3,0,1,1,0,0,0,0,0,7.95461E+20,5.81784E+21,1.33467E+16,5.24307E+16
204248,11,0,3,3,2018,8,10,7,3,2,6,0,0,1,0,0,0,0,0,7.96978E+20,5.83583E+21,1.33851E+16,5.25912E+16
204249,11,0,11,11,2018,8,11,3,3,5,3,0,1,1,0,0,0,0,0,8.04727E+20,5.8312E+21,1.34948E+16,5.25454E+16
204250,11,0,5,5,2018,8,9,4,2,5,3,0,0,1,0,1,0,0,0,7.83814E+20,5.82638E+21,1.31832E+16,5.25135E+16
204251,11,0,8,8,2018,8,17,7,3,5,3,0,1,0,0,0,0,0,0,8.00414E+20,5.82512E+21,1.34259E+16,5.24933E+16
204252,11,0,11,11,2018,8,11,7,3,2,7,0,1,1,0,0,0,0,0,8.03125E+20,5.8305E+21,1.34706E+16,5.25401E+16
204253,11,0,6,6,2018,8,11,3,3,5,2,0,0,1,0,1,0,0,0,7.95791E+20,5.81668E+21,1.33506E+16,5.24202E+16
204254,11,0,8,8,2018,8,17,7,3,2,2,0,0,1,0,0,0,0,0,8.01814E+20,5.82363E+21,1.34451E+16,5.24791E+16
204255,11,0,7,7,2018,8,16,7,2,5,3,0,1,1,0,0,0,0,1,7.95366E+20,5.82216E+21,1.33492E+16,5.24695E+16
204256,11,0,4,4,2018,8,16,7,3,6,2,0,0,1,1,0,0,0,0,7.92634E+20,5.82708E+21,1.33134E+16,5.25151E+16
204257,11,0,3,3,2018,8,10,3,3,5,2,0,0,1,0,0,0,0,0,8.00297E+20,5.83159E+21,1.34301E+16,5.25514E+16
204258,11,0,12,12,2018,8,9,4,3,2,6,0,0,1,0,0,1,0,0,7.93619E+20,5.83522E+21,1.33351E+16,5.25875E+16
204259,11,0,1,1,2018,8,15,7,3,5,2,0,1,1,0,0,0,0,1,7.97489E+20,5.8292E+21,1.33866E+16,5.25314E+16
204260,11,0,1,1,2018,8,10,3,3,0,1,0,0,0,0,1,0,0,0,7.98651E+20,5.82814E+21,1.34027E+16,5.25213E+16
204261,11,0,10,10,2018,8,16,4,2,5,3,0,1,1,0,0,0,0,0,8.11347E+20,5.83041E+21,1.35914E+16,5.25346E+16
204262,11,0,10,10,2018,8,15,7,3,5,3,0,1,1,0,0,0,0,0,8.09412E+20,5.82834E+21,1.3561E+16,5.25172E+16
204263,11,0,2,2,2018,8,15,7,3,5,3,0,0,1,0,1,0,0,0,8.03383E+20,5.82683E+21,1.34711E+16,5.2507E+16
204264,11,0,5,5,2018,8,9,3,3,5,3,0,0,1,0,1,0,0,0,7.838E+20,5.82869E+21,1.31849E+16,5.25342E+16
204265,11,0,7,7,2018,8,15,7,3,2,6,0,0,1,0,0,0,1,1,7.97099E+20,5.82214E+21,1.33746E+16,5.24684E+16
204266,11,0,11,11,2018,8,14,7,2,8,1,0,0,1,0,0,0,0,0,8.06184E+20,5.83454E+21,1.35193E+16,5.25745E+16
204267,11,0,1,1,2018,8,8,3,3,3,2,0,1,0,0,0,1,0,0,7.97531E+20,5.82757E+21,1.33858E+16,5.25169E+16
204268,11,0,1,1,2018,8,19,4,2,5,2,1,1,1,0,0,0,0,0,7.97957E+20,5.8285E+21,1.33929E+16,5.2525E+16
204269,11,0,3,3,2018,8,14,7,3,1,5,0,1,1,0,0,0,0,0,7.98796E+20,5.83108E+21,1.34075E+16,5.25476E+16
204270,11,0,1,1,2018,8,8,3,3,2,6,0,0,1,0,0,0,0,0,7.95082E+20,5.82921E+21,1.33512E+16,5.25328E+16
204271,11,0,4,4,2018,8,14,7,3,5,2,0,0,1,0,0,0,0,0,7.9048E+20,5.8267E+21,1.32814E+16,5.25128E+16
204272,11,0,2,2,2018,8,8,3,3,5,2,0,1,1,0,0,0,0,0,8.03094E+20,5.82604E+21,1.34661E+16,5.25E+16
204273,11,0,6,6,2018,8,8,4,3,5,3,0,1,1,0,0,0,0,0,7.92345E+20,5.82081E+21,1.33036E+16,5.2459E+16
204274,11,0,4,4,2018,8,13,7,2,0,6,0,1,0,0,0,0,0,0,7.93968E+20,5.82481E+21,1.3331E+16,5.2494E+16
204275,11,0,12,12,2018,8,8,3,3,6,4,0,1,0,1,0,0,0,0,7.91369E+20,5.83311E+21,1.33001E+16,5.25698E+16
204276,11,0,3,3,2018,8,15,4,2,5,3,0,1,0,0,0,0,0,0,8.00867E+20,5.83107E+21,1.3438E+16,5.25464E+16
204277,11,0,12,12,2018,8,13,7,3,5,2,0,1,1,0,0,0,0,0,7.87288E+20,5.83639E+21,1.32429E+16,5.26014E+16
204278,11,0,9,9,2018,8,13,7,3,2,6,0,0,1,0,0,0,0,0,8.02906E+20,5.82419E+21,1.34617E+16,5.24836E+16
204279,11,0,3,3,2018,8,8,3,2,5,2,0,1,1,0,0,0,0,0,7.99565E+20,5.83316E+21,1.34207E+16,5.25659E+16
204280,11,0,2,2,2018,8,12,6,3,4,6,0,1,0,0,0,0,0,0,8.00162E+20,5.82443E+21,1.34216E+16,5.24872E+16
204281,11,0,4,4,2018,8,15,6,3,5,3,0,0,1,0,0,0,0,0,7.86208E+20,5.82598E+21,1.3218E+16,5.25086E+16
204282,11,0,7,7,2018,8,8,3,3,1,7,0,1,1,0,0,0,0,0,7.97642E+20,5.8173E+21,1.33782E+16,5.24247E+16
204283,11,0,9,9,2018,8,0,2,3,1,1,2,0,1,0,0,0,1,0,8.09089E+20,5.82155E+21,1.355E+16,5.24565E+16
204284,11,0,7,7,2018,8,18,4,3,2,7,0,1,1,0,0,0,0,0,7.94021E+20,5.82164E+21,1.3329E+16,5.24656E+16
204285,11,0,9,9,2018,8,22,6,3,2,6,2,0,1,0,0,0,0,0,8.11045E+20,5.82029E+21,1.35775E+16,5.24441E+16
204286,11,0,1,1,2018,8,20,3,3,0,5,2,0,1,0,1,0,0,0,7.97415E+20,5.83252E+21,1.33885E+16,5.25613E+16
204287,11,0,8,8,2018,8,23,6,3,2,6,2,0,1,0,0,0,0,0,8.0053E+20,5.82339E+21,1.34261E+16,5.24777E+16
204288,11,0,2,2,2018,8,21,6,3,2,2,2,1,1,0,0,0,0,0,7.99296E+20,5.82618E+21,1.34105E+16,5.25035E+16
204289,11,0,3,3,2018,8,17,3,3,2,2,0,1,1,0,0,0,0,0,8.02306E+20,5.82921E+21,1.34574E+16,5.2529E+16
204290,11,0,10,10,2018,8,20,6,3,5,3,1,1,1,0,0,0,0,0,8.09364E+20,5.83299E+21,1.35647E+16,5.25589E+16
204291,11,0,4,4,2018,8,20,6,3,3,6,2,0,1,0,0,0,0,0,7.8983E+20,5.82631E+21,1.32715E+16,5.25097E+16
204292,11,0,11,11,2018,8,7,3,3,5,5,0,1,1,0,0,0,0,0,8.0659E+20,5.82542E+21,1.35169E+16,5.24926E+16
204293,11,0,3,3,2018,8,18,6,3,6,4,0,0,1,1,0,0,0,0,8.00986E+20,5.83169E+21,1.34403E+16,5.25519E+16
204294,11,0,12,12,2018,8,18,4,3,5,3,0,1,1,0,0,0,0,0,7.93395E+20,5.83252E+21,1.33294E+16,5.25635E+16
204295,11,0,12,12,2018,8,18,6,3,5,3,0,1,1,0,0,0,0,0,7.90731E+20,5.8342E+21,1.32917E+16,5.258E+16
204296,11,0,1,1,2018,8,7,3,3,5,2,0,0,1,0,0,0,1,0,7.94635E+20,5.83051E+21,1.33458E+16,5.25448E+16
204297,11,0,2,2,2018,8,17,4,3,5,7,0,1,1,0,0,0,0,0,8.00428E+20,5.82804E+21,1.34288E+16,5.25195E+16
204298,11,0,6,6,2018,8,18,6,3,5,2,0,0,1,0,0,0,0,0,7.93263E+20,5.81909E+21,1.33156E+16,5.24431E+16
204299,11,0,4,4,2018,8,10,6,3,3,5,0,1,0,0,0,0,1,0,7.93531E+20,5.82572E+21,1.33254E+16,5.25024E+16
204300,11,0,4,4,2018,8,17,6,3,5,7,0,0,1,0,0,0,1,0,7.91029E+20,5.82741E+21,1.32901E+16,5.25189E+16
204301,11,0,4,4,2018,8,6,3,3,2,7,0,1,0,0,0,0,1,0,7.90964E+20,5.82311E+21,1.32854E+16,5.24804E+16
204302,11,0,5,5,2018,8,9,4,3,5,2,0,1,1,0,0,0,0,0,7.84272E+20,5.83037E+21,1.31933E+16,5.2549E+16
204303,11,0,4,4,2018,8,17,6,3,2,6,0,0,1,0,0,0,0,0,7.92746E+20,5.82547E+21,1.33136E+16,5.25006E+16
204304,11,0,11,11,2018,8,6,3,3,5,2,0,0,1,0,0,0,1,0,8.0735E+20,5.82518E+21,1.35278E+16,5.249E+16
204305,11,0,2,2,2018,8,5,3,3,5,3,1,1,1,0,0,0,0,0,7.98335E+20,5.82563E+21,1.33959E+16,5.2499E+16
204306,11,0,11,11,2018,8,16,6,2,5,3,0,1,0,0,0,0,0,0,8.07011E+20,5.82595E+21,1.35236E+16,5.24971E+16
204307,11,0,6,6,2018,8,11,4,3,0,7,0,0,0,0,0,0,1,0,7.90033E+20,5.81979E+21,1.32688E+16,5.24511E+16
204308,11,0,4,4,2018,8,16,6,3,5,2,0,1,1,0,0,0,0,0,7.92833E+20,5.82324E+21,1.33129E+16,5.24806E+16
204309,11,0,5,5,2018,8,11,2,2,0,2,0,0,1,0,0,0,0,0,7.83904E+20,5.8266E+21,1.31847E+16,5.25154E+16
204310,11,0,5,5,2018,8,17,4,2,6,4,0,0,1,1,0,0,0,0,7.89013E+20,5.83059E+21,1.32632E+16,5.25485E+16
204311,11,0,5,5,2018,8,15,6,3,5,3,0,1,1,0,0,0,0,0,7.80302E+20,5.82184E+21,1.31277E+16,5.24746E+16
204312,11,0,7,7,2018,8,13,6,3,5,3,0,1,0,0,1,0,0,1,7.9784E+20,5.82221E+21,1.33855E+16,5.24686E+16
204313,11,0,1,1,2018,8,1,2,3,6,2,2,0,1,1,0,0,0,0,7.9641E+20,5.83201E+21,1.33733E+16,5.25573E+16
204314,11,0,9,9,2018,8,13,6,3,5,2,0,0,1,0,0,0,0,0,8.04346E+20,5.82175E+21,1.34806E+16,5.2461E+16
204315,11,0,2,2,2018,8,12,6,3,3,6,0,0,1,0,1,0,0,0,8.00381E+20,5.82717E+21,1.34273E+16,5.25117E+16
204316,11,0,2,2,2018,8,15,2,3,0,3,0,1,0,0,0,0,1,1,7.99282E+20,5.82622E+21,1.34103E+16,5.25038E+16
204317,11,0,1,1,2018,8,23,4,3,5,3,2,1,1,0,0,0,0,0,7.95056E+20,5.8263E+21,1.33483E+16,5.25068E+16
204318,11,0,9,9,2018,8,12,6,3,5,3,0,0,1,0,1,0,0,1,8.07406E+20,5.81833E+21,1.35223E+16,5.24285E+16
204319,11,0,4,4,2018,8,23,2,3,5,2,2,0,1,0,0,0,0,0,7.93341E+20,5.82972E+21,1.33261E+16,5.25384E+16
204320,11,0,3,3,2018,8,15,4,3,0,3,0,1,1,0,0,0,0,0,7.97407E+20,5.83396E+21,1.33897E+16,5.25742E+16
204321,11,0,1,1,2018,8,12,6,3,5,2,0,1,1,0,0,0,0,0,7.97529E+20,5.82943E+21,1.33874E+16,5.25335E+16
204322,11,0,12,12,2018,8,10,6,3,2,6,0,0,1,0,0,0,0,0,7.91187E+20,5.83091E+21,1.32955E+16,5.25502E+16
204323,11,0,7,7,2018,8,23,2,3,6,2,2,0,1,1,0,0,0,0,7.95552E+20,5.82525E+21,1.33546E+16,5.24971E+16
204324,11,0,8,8,2018,8,16,4,3,6,4,0,0,1,1,0,0,0,0,8.00911E+20,5.82192E+21,1.34303E+16,5.24643E+16
204325,11,0,4,4,2018,8,9,6,3,2,6,0,1,1,0,0,0,0,0,7.92724E+20,5.82741E+21,1.3315E+16,5.2518E+16
204326,11,0,11,11,2018,8,9,6,3,5,2,0,1,1,0,0,0,0,0,8.06899E+20,5.83263E+21,1.35281E+16,5.2557E+16
204327,11,0,8,8,2018,8,23,2,3,1,5,2,0,1,0,0,0,1,0,8.01512E+20,5.82082E+21,1.34382E+16,5.24542E+16
204328,11,0,2,2,2018,8,8,6,3,6,4,0,1,0,1,0,0,0,0,8.0077E+20,5.82849E+21,1.34342E+16,5.25233E+16
204329,11,0,10,10,2018,8,7,6,2,5,2,0,1,1,0,0,0,0,0,8.11323E+20,5.82985E+21,1.35905E+16,5.25296E+16
204330,11,0,9,9,2018,8,22,2,3,2,2,2,0,1,0,1,0,0,0,8.09352E+20,5.81966E+21,1.35521E+16,5.24394E+16
204331,11,0,3,3,2018,8,1,4,3,0,1,2,0,0,0,1,0,0,0,8.00362E+20,5.83102E+21,1.34305E+16,5.25462E+16
204332,11,0,3,3,2018,8,7,6,3,5,2,0,1,1,0,0,0,0,0,7.99169E+20,5.83003E+21,1.34121E+16,5.2538E+16
204333,11,0,4,4,2018,8,21,2,3,0,7,2,0,0,0,1,0,1,1,7.89946E+20,5.8251E+21,1.32722E+16,5.24988E+16
204334,11,0,10,10,2018,8,14,4,3,5,2,0,1,1,0,0,0,0,0,8.12186E+20,5.83091E+21,1.36042E+16,5.25386E+16
204335,11,0,8,8,2018,8,7,6,3,2,6,0,0,1,0,0,0,0,0,8.012E+20,5.82221E+21,1.34348E+16,5.24668E+16
204336,11,0,3,3,2018,8,7,6,3,5,7,0,1,1,0,0,0,0,0,7.97842E+20,5.83606E+21,1.3398E+16,5.25927E+16
204337,11,0,9,9,2018,8,19,2,3,1,5,0,1,1,0,0,0,0,0,8.0722E+20,5.82231E+21,1.35233E+16,5.24643E+16
204338,11,0,10,10,2018,8,7,6,3,5,3,0,0,1,0,0,0,0,0,8.14019E+20,5.82896E+21,1.36293E+16,5.25201E+16
204339,11,0,3,3,2018,8,6,6,3,5,2,0,1,1,0,0,0,0,0,7.99184E+20,5.83593E+21,1.34176E+16,5.25909E+16
204340,11,0,8,8,2018,8,9,2,3,2,6,0,0,1,0,0,0,0,0,8.01389E+20,5.81924E+21,1.34349E+16,5.244E+16
204341,11,0,9,9,2018,8,6,6,3,5,2,0,1,1,0,0,0,0,0,8.10886E+20,5.82126E+21,1.35761E+16,5.24529E+16
204342,11,0,3,3,2018,8,6,6,3,5,3,0,1,1,0,0,0,0,0,7.98047E+20,5.83359E+21,1.33988E+16,5.25706E+16
204343,11,0,8,8,2018,8,19,2,3,5,2,0,0,1,0,1,0,0,0,8.0114E+20,5.8241E+21,1.34357E+16,5.24838E+16
204344,11,0,11,11,2018,8,19,4,3,4,6,0,1,1,0,0,0,0,0,8.05102E+20,5.82693E+21,1.34964E+16,5.25069E+16
204345,11,0,6,6,2018,8,6,6,3,5,2,0,0,1,0,0,0,0,0,7.90602E+20,5.81619E+21,1.3274E+16,5.24185E+16
204346,11,0,11,11,2018,8,19,2,3,0,1,2,1,0,0,0,0,0,0,8.03983E+20,5.82677E+21,1.34798E+16,5.25061E+16
204347,11,0,3,3,2018,8,15,3,3,6,7,0,1,0,1,0,0,0,0,7.98188E+20,5.83373E+21,1.3401E+16,5.25717E+16
204348,11,0,3,3,2018,8,6,6,3,5,3,1,1,1,0,0,0,0,0,7.99135E+20,5.82921E+21,1.34108E+16,5.25306E+16
204349,11,0,2,2,2018,8,17,6,3,0,1,0,0,0,0,1,0,0,0,8.00736E+20,5.82652E+21,1.34319E+16,5.25057E+16
204350,11,0,1,1,2018,8,18,2,2,0,7,0,0,0,0,1,0,0,0,7.98522E+20,5.82914E+21,1.34017E+16,5.25303E+16
204351,11,0,6,6,2018,8,15,6,2,0,1,0,1,0,0,0,0,0,0,7.93343E+20,5.82079E+21,1.33183E+16,5.24584E+16
204352,11,0,4,4,2018,8,13,4,3,5,3,0,1,1,0,0,0,0,0,7.91975E+20,5.82558E+21,1.33024E+16,5.2502E+16
204353,11,0,3,3,2018,8,16,6,3,0,1,0,1,0,0,0,0,0,0,7.99006E+20,5.83008E+21,1.34097E+16,5.25385E+16
204354,11,0,7,7,2018,8,18,2,3,1,5,0,1,1,0,0,0,0,0,7.95133E+20,5.82389E+21,1.33473E+16,5.24852E+16
204355,11,0,10,10,2018,8,17,4,3,2,6,0,0,1,0,0,0,0,0,8.09231E+20,5.83022E+21,1.35601E+16,5.25341E+16
204356,11,0,5,5,2018,8,7,5,3,3,6,0,0,1,0,0,0,0,0,7.8988E+20,5.82922E+21,1.32748E+16,5.25357E+16
204357,11,0,1,1,2018,8,17,5,3,0,6,0,1,1,0,0,0,0,0,7.97526E+20,5.82875E+21,1.33868E+16,5.25274E+16
204358,11,0,2,2,2018,8,1,4,3,6,7,2,0,1,1,0,0,0,0,8.00578E+20,5.82572E+21,1.34289E+16,5.24986E+16
204359,11,0,2,2,2018,8,9,5,3,0,2,0,1,1,0,0,0,0,0,7.97275E+20,5.82553E+21,1.33802E+16,5.24987E+16
204360,11,0,10,10,2018,8,19,3,3,0,4,0,0,1,1,0,0,0,0,8.08412E+20,5.83121E+21,1.3549E+16,5.25434E+16
204361,11,0,10,10,2018,8,9,5,3,0,6,0,0,0,0,0,0,1,0,8.11865E+20,5.8305E+21,1.35991E+16,5.25351E+16
204362,11,0,1,1,2018,8,18,5,3,5,3,1,1,0,0,1,0,0,0,7.97481E+20,5.82729E+21,1.33848E+16,5.25144E+16
204363,11,0,6,6,2018,8,16,2,3,1,5,0,0,1,0,0,0,0,0,7.91177E+20,5.81597E+21,1.32823E+16,5.24163E+16
204364,11,0,3,3,2018,8,16,5,3,6,4,0,0,1,1,0,0,0,0,7.99809E+20,5.83473E+21,1.34257E+16,5.25798E+16
204365,11,0,1,1,2018,8,10,4,3,2,2,0,1,0,0,0,0,1,0,7.97558E+20,5.82742E+21,1.3386E+16,5.25155E+16
204366,11,0,5,5,2018,8,16,5,3,5,2,0,1,0,0,0,0,0,0,7.85051E+20,5.8263E+21,1.32013E+16,5.25122E+16
204367,11,0,4,4,2018,8,16,2,3,3,6,0,0,1,0,1,0,0,0,7.93222E+20,5.8301E+21,1.33247E+16,5.25418E+16
204368,11,0,5,5,2018,8,10,4,3,0,1,0,1,0,0,0,0,0,0,7.81206E+20,5.83105E+21,1.31488E+16,5.25568E+16
204369,11,0,3,3,2018,8,19,5,2,1,5,0,1,1,0,0,0,0,0,7.98424E+20,5.83229E+21,1.34031E+16,5.25587E+16
204370,11,0,7,7,2018,8,19,5,3,5,3,0,0,1,0,0,0,0,0,7.99071E+20,5.8217E+21,1.34031E+16,5.24634E+16
204371,11,0,4,4,2018,8,16,2,3,1,5,0,0,1,0,1,0,0,0,7.91171E+20,5.82744E+21,1.32922E+16,5.25191E+16
204372,11,0,12,12,2018,8,19,5,3,5,2,0,1,1,0,0,0,0,0,7.94376E+20,5.8355E+21,1.33465E+16,5.25897E+16
204373,11,0,8,8,2018,8,18,5,2,6,4,0,0,1,1,0,0,0,0,8.00966E+20,5.82215E+21,1.34314E+16,5.24664E+16
204374,11,0,6,6,2018,8,16,2,3,5,7,0,0,1,0,0,0,0,0,7.92489E+20,5.81965E+21,1.33047E+16,5.24486E+16
204375,11,0,12,12,2018,8,8,4,3,2,6,0,1,1,0,0,0,0,0,7.90507E+20,5.8374E+21,1.32912E+16,5.26087E+16
204376,11,0,12,12,2018,8,18,5,3,2,6,1,0,1,0,0,0,0,0,7.96338E+20,5.83279E+21,1.33729E+16,5.25643E+16
204377,11,0,3,3,2018,8,15,2,3,4,5,0,1,0,0,0,0,1,0,8.02129E+20,5.83015E+21,1.34557E+16,5.25374E+16
204378,11,0,6,6,2018,8,9,4,3,5,3,0,1,1,0,0,0,0,0,7.95349E+20,5.81612E+21,1.33436E+16,5.24154E+16
204379,11,0,6,6,2018,8,18,5,2,0,4,0,0,1,1,0,0,0,0,7.95714E+20,5.81889E+21,1.33514E+16,5.244E+16
204380,11,0,2,2,2018,8,15,2,3,5,3,0,1,1,0,0,0,0,0,7.99113E+20,5.82626E+21,1.34079E+16,5.25043E+16
204381,11,0,3,3,2018,8,16,4,3,5,3,0,0,1,0,0,0,0,0,8.01717E+20,5.8308E+21,1.34502E+16,5.25435E+16
204382,11,0,9,9,2018,8,17,5,3,5,2,0,0,1,0,0,0,0,0,8.0906E+20,5.81819E+21,1.35465E+16,5.24264E+16
204383,11,0,3,3,2018,8,17,5,3,5,3,0,1,1,0,0,0,0,0,7.99835E+20,5.83081E+21,1.34226E+16,5.25446E+16
204384,11,0,10,10,2018,8,15,2,3,2,6,0,0,1,0,0,0,0,0,8.12896E+20,5.826E+21,1.361E+16,5.24942E+16
204385,11,0,1,1,2018,8,17,5,2,5,2,0,0,1,0,1,0,0,0,7.926E+20,5.82878E+21,1.33144E+16,5.25303E+16
204386,11,0,1,1,2018,8,20,5,3,5,2,1,0,1,0,1,0,0,0,7.96673E+20,5.83024E+21,1.33756E+16,5.25412E+16
204387,11,0,1,1,2018,8,15,2,3,0,1,0,1,0,0,0,0,0,1,7.9542E+20,5.82746E+21,1.33547E+16,5.2517E+16
204388,11,0,4,4,2018,8,19,4,3,0,6,0,0,1,0,0,0,0,0,7.9117E+20,5.82918E+21,1.32937E+16,5.25347E+16
204389,11,0,12,12,2018,8,21,5,3,5,2,2,0,1,0,1,0,0,0,7.96663E+20,5.83263E+21,1.33775E+16,5.25627E+16
204390,11,0,3,3,2018,8,15,2,3,2,6,0,1,1,0,0,0,0,0,8.01809E+20,5.83041E+21,1.34512E+16,5.25399E+16
204391,11,0,8,8,2018,8,15,3,2,5,3,0,1,1,0,0,0,0,0,8.03581E+20,5.81863E+21,1.34665E+16,5.24334E+16
204392,11,0,1,1,2018,8,16,5,2,2,2,0,0,1,0,0,0,0,0,7.96909E+20,5.82948E+21,1.33783E+16,5.25343E+16
204393,11,0,1,1,2018,8,16,5,3,6,4,0,1,0,1,0,0,0,0,7.98682E+20,5.82864E+21,1.34036E+16,5.25258E+16
204394,11,0,11,11,2018,8,6,2,3,2,6,0,0,1,0,0,0,1,0,8.05556E+20,5.83006E+21,1.3506E+16,5.25347E+16
204395,11,0,4,4,2018,8,15,4,3,6,7,0,1,0,0,0,0,1,0,7.92183E+20,5.82632E+21,1.33061E+16,5.25086E+16
204396,11,0,9,9,2018,8,13,5,2,5,3,0,0,0,0,0,1,1,0,8.12086E+20,5.82097E+21,1.35934E+16,5.24496E+16
204397,11,0,2,2,2018,8,16,5,3,5,2,0,0,1,0,1,0,0,0,8.02698E+20,5.82736E+21,1.34615E+16,5.25121E+16
204398,11,0,11,11,2018,8,7,2,3,0,7,0,1,1,0,0,0,0,0,8.05405E+20,5.82911E+21,1.35029E+16,5.25263E+16
204399,11,0,9,9,2018,8,15,5,3,2,7,0,0,1,0,0,0,0,0,8.04689E+20,5.82345E+21,1.34872E+16,5.2476E+16
204400,11,0,7,7,2018,8,14,5,3,5,2,0,0,1,0,0,0,0,0,7.9581E+20,5.81603E+21,1.33503E+16,5.24143E+16
204401,11,0,4,4,2018,8,15,2,3,5,2,0,0,1,0,0,0,0,1,7.91283E+20,5.83068E+21,1.32967E+16,5.25481E+16
204402,11,0,4,4,2018,8,9,2,2,5,3,0,0,1,0,0,0,0,0,7.8896E+20,5.8265E+21,1.32589E+16,5.25119E+16
204403,11,0,9,9,2018,8,18,4,3,2,6,0,0,1,0,0,0,0,0,8.08819E+20,5.8216E+21,1.35461E+16,5.24571E+16
204404,11,0,5,5,2018,8,21,5,3,1,5,2,1,1,0,0,0,0,0,7.84609E+20,5.82946E+21,1.31975E+16,5.25407E+16
204405,11,0,11,11,2018,8,6,3,3,5,3,0,1,1,0,0,0,0,0,8.06184E+20,5.835E+21,1.35197E+16,5.25786E+16
204406,11,0,7,7,2018,8,14,5,3,5,2,0,0,1,0,1,0,0,0,7.97593E+20,5.81874E+21,1.33788E+16,5.24377E+16
204407,11,0,1,1,2018,8,14,5,3,6,4,0,0,0,1,1,0,0,0,7.98827E+20,5.82772E+21,1.34049E+16,5.25174E+16
204408,11,0,8,8,2018,8,15,2,3,5,7,0,0,1,0,1,0,0,0,8.02795E+20,5.82081E+21,1.3457E+16,5.24534E+16
204409,11,0,6,6,2018,8,14,5,3,4,6,0,0,1,1,0,0,1,0,7.94276E+20,5.81934E+21,1.33307E+16,5.24449E+16
204410,11,0,1,1,2018,8,13,4,3,2,6,0,0,1,0,0,0,1,0,7.94762E+20,5.83094E+21,1.33481E+16,5.25486E+16
204411,11,0,8,8,2018,8,13,5,3,6,4,0,0,1,1,0,0,0,0,8.01035E+20,5.82217E+21,1.34324E+16,5.24665E+16
204412,11,0,9,9,2018,8,13,5,3,2,6,0,0,1,0,1,0,0,0,8.11496E+20,5.82031E+21,1.35841E+16,5.2444E+16
204413,11,0,7,7,2018,8,15,2,3,5,2,0,1,1,0,0,0,0,0,7.95009E+20,5.82564E+21,1.3347E+16,5.25009E+16
204414,11,0,2,2,2018,8,12,5,3,5,2,0,0,1,0,1,0,0,0,7.99061E+20,5.8256E+21,1.34065E+16,5.24983E+16
204415,11,0,12,12,2018,8,16,4,3,2,6,0,0,1,0,0,0,0,0,7.93962E+20,5.8353E+21,1.33402E+16,5.25881E+16
204416,11,0,4,4,2018,8,11,5,3,1,5,0,1,1,0,0,0,0,0,7.93115E+20,5.825E+21,1.33186E+16,5.24962E+16
204417,11,0,4,4,2018,8,15,2,3,5,3,0,0,1,0,0,0,0,0,7.93217E+20,5.82521E+21,1.33203E+16,5.2498E+16
204418,11,0,3,3,2018,8,17,4,2,5,3,0,0,1,0,0,0,1,0,8.02649E+20,5.83831E+21,1.34708E+16,5.26103E+16
204419,11,0,10,10,2018,8,8,5,3,0,3,0,0,0,0,0,0,1,0,8.12614E+20,5.82528E+21,1.36052E+16,5.24879E+16
204420,11,0,12,12,2018,8,9,5,3,0,7,0,0,1,0,1,0,0,0,7.93954E+20,5.8353E+21,1.33401E+16,5.25881E+16
204421,11,0,3,3,2018,8,9,5,3,0,4,0,1,0,1,0,0,0,0,8.01365E+20,5.8297E+21,1.3444E+16,5.25338E+16
204422,11,0,8,8,2018,8,15,2,3,5,3,0,0,1,0,1,0,0,0,8.02167E+20,5.82246E+21,1.34493E+16,5.24685E+16
204423,11,0,1,1,2018,8,8,5,3,4,6,0,0,1,0,1,0,0,0,7.97468E+20,5.82997E+21,1.3387E+16,5.25384E+16
204424,11,0,9,9,2018,8,10,4,3,5,2,0,1,1,0,0,0,0,0,8.06154E+20,5.82212E+21,1.35075E+16,5.24632E+16
204425,11,0,1,1,2018,8,19,5,3,0,7,0,1,0,0,0,0,0,0,7.97818E+20,5.82911E+21,1.33914E+16,5.25305E+16
204426,11,0,3,3,2018,8,14,2,3,5,2,0,0,1,0,1,0,0,0,8.03451E+20,5.83281E+21,1.34776E+16,5.25606E+16
204427,11,0,12,12,2018,8,6,4,3,0,1,0,0,0,0,1,0,0,0,7.92995E+20,5.83564E+21,1.33262E+16,5.25917E+16
204428,11,0,8,8,2018,8,12,5,2,0,7,0,0,1,0,0,0,0,0,8.02328E+20,5.8221E+21,1.34513E+16,5.24652E+16
204429,11,0,12,12,2018,8,14,2,3,2,6,0,0,1,0,1,0,0,0,7.904E+20,5.83593E+21,1.32883E+16,5.25956E+16
204430,11,0,9,9,2018,8,11,4,3,3,6,0,0,1,0,0,0,0,0,8.0918E+20,5.81832E+21,1.35483E+16,5.24275E+16
204431,11,0,3,3,2018,8,19,5,2,0,1,0,1,0,0,0,0,0,0,8.02806E+20,5.83795E+21,1.34728E+16,5.2607E+16
204432,11,0,2,2,2018,8,8,5,3,0,7,0,1,0,0,0,0,1,1,7.99817E+20,5.82575E+21,1.34177E+16,5.24993E+16
204433,11,0,1,1,2018,8,14,2,2,0,7,0,1,0,0,0,0,0,0,7.9543E+20,5.83063E+21,1.33576E+16,5.25454E+16
204434,11,0,1,1,2018,8,21,5,3,0,1,2,1,0,0,0,0,0,1,7.9597E+20,5.82596E+21,1.33614E+16,5.25032E+16