OBJECTID_1,ULAND,UREGBEZ,UKREIS,UGEMEINDE,UJAHR,UMONAT,USTUNDE,UWOCHENTAG,UKATEGORIE,UART,UTYP1,ULICHTVERH,IstRad,IstPKW,IstFuss,IstKrad,IstGkfz,IstSonstig,STRZUSTAND,LINREFX,LINREFY,XGCSWGS84,YGCSWGS84
204435,11,0,4,4,2018,8,8,5,3,2,4,0,0,1,1,0,0,0,0,7.93993E+20,5.82615E+21,1.33325E+16,5.2506E+16
204436,11,0,12,12,2018,8,14,2,3,8,1,0,0,0,0,0,0,1,0,7.91547E+20,5.83402E+21,1.33035E+16,5.25779E+16
204437,11,0,3,3,2018,8,9,4,3,2,6,0,0,1,0,0,0,0,0,8.03255E+20,5.83147E+21,1.34734E+16,5.25487E+16
204438,11,0,5,5,2018,8,8,5,3,5,3,0,0,1,0,0,0,0,0,7.84468E+20,5.82875E+21,1.31948E+16,5.25344E+16
204439,11,0,4,4,2018,8,14,2,2,5,2,0,0,1,0,1,0,0,1,7.92526E+20,5.82292E+21,1.33082E+16,5.24779E+16
204440,11,0,1,1,2018,8,8,4,3,3,6,0,0,0,0,1,0,1,0,7.93361E+20,5.82824E+21,1.33251E+16,5.25251E+16
204441,11,0,2,2,2018,8,8,5,3,0,7,0,1,0,0,0,0,1,1,7.99815E+20,5.82575E+21,1.34177E+16,5.24993E+16
204442,11,0,5,5,2018,8,8,5,3,5,2,0,0,1,0,0,0,0,0,7.86964E+20,5.82959E+21,1.32322E+16,5.25407E+16
204443,11,0,7,7,2018,8,14,2,3,5,3,0,1,1,0,0,0,0,0,7.94977E+20,5.82507E+21,1.3346E+16,5.24958E+16
204444,11,0,4,4,2018,8,8,5,3,5,2,0,1,1,0,0,0,0,0,7.93197E+20,5.82778E+21,1.33223E+16,5.25211E+16
204445,11,0,4,4,2018,8,7,5,3,0,3,0,1,1,0,0,0,0,0,7.91676E+20,5.82324E+21,1.3296E+16,5.24812E+16
204446,11,0,4,4,2018,8,13,2,3,2,6,0,0,1,0,0,0,0,0,7.90197E+20,5.8273E+21,1.32778E+16,5.25184E+16
204447,11,0,10,10,2018,8,7,5,3,5,3,0,1,1,0,0,0,0,0,8.0858E+20,5.83016E+21,1.35505E+16,5.25339E+16
204448,11,0,4,4,2018,8,12,2,3,2,6,0,0,1,0,1,0,0,0,7.93982E+20,5.82509E+21,1.33314E+16,5.24965E+16
204449,11,0,9,9,2018,8,7,5,3,5,2,0,0,1,0,1,0,0,0,8.06939E+20,5.82009E+21,1.35171E+16,5.24446E+16
204450,11,0,1,1,2018,8,6,5,3,0,7,0,1,0,0,0,0,0,0,7.97337E+20,5.82899E+21,1.33842E+16,5.25297E+16
204451,11,0,2,2,2018,8,12,2,3,5,2,0,1,1,0,0,0,0,0,8.00718E+20,5.82787E+21,1.34329E+16,5.25178E+16
204452,11,0,4,4,2018,8,22,4,3,5,3,2,0,1,0,0,0,0,0,7.89756E+20,5.82987E+21,1.32735E+16,5.25417E+16
204453,11,0,2,2,2018,8,5,5,2,3,2,0,1,0,0,0,1,0,0,8.02146E+20,5.82755E+21,1.34536E+16,5.25141E+16
204454,11,0,12,12,2018,8,12,2,3,5,3,0,0,1,0,0,0,0,0,7.92212E+20,5.83313E+21,1.33125E+16,5.25695E+16
204455,11,0,4,4,2018,8,14,4,3,5,2,0,0,1,0,0,0,0,0,7.90688E+20,5.82269E+21,1.3281E+16,5.24768E+16
204456,11,0,1,1,2018,8,5,5,2,6,4,2,0,0,1,1,0,0,0,7.99465E+20,5.82881E+21,1.34153E+16,5.25269E+16
204457,11,0,5,5,2018,8,10,5,3,5,2,0,1,1,0,0,0,0,0,7.86438E+20,5.8311E+21,1.32258E+16,5.25544E+16
204458,11,0,8,8,2018,8,7,2,3,5,2,0,1,1,0,0,0,0,0,8.01272E+20,5.82051E+21,1.34344E+16,5.24515E+16
204459,11,0,12,12,2018,8,5,4,3,5,7,1,1,1,0,0,0,0,0,7.8706E+20,5.83824E+21,1.32411E+16,5.26181E+16
204460,11,0,7,7,2018,8,7,2,3,5,7,0,1,1,0,0,0,0,0,7.96341E+20,5.82293E+21,1.33642E+16,5.24759E+16
204461,11,0,10,10,2018,8,11,2,2,6,2,0,0,0,1,0,0,1,0,8.08912E+20,5.82723E+21,1.35527E+16,5.25075E+16
204462,11,0,12,12,2018,8,7,4,3,5,2,0,0,1,0,0,0,0,0,7.95614E+20,5.83308E+21,1.33625E+16,5.25673E+16
204463,11,0,3,3,2018,9,16,2,2,5,3,0,0,1,0,1,0,0,0,8.00131E+20,5.8377E+21,1.34331E+16,5.26062E+16
204464,11,0,5,5,2018,8,6,5,3,3,6,1,0,1,0,0,0,0,0,7.88101E+20,5.82936E+21,1.32488E+16,5.2538E+16
204465,11,0,1,1,2018,9,23,2,3,0,1,2,1,0,0,0,0,0,0,7.98303E+20,5.82937E+21,1.33987E+16,5.25326E+16
204466,11,0,4,4,2018,9,17,2,3,5,2,0,0,1,0,1,0,0,0,7.90959E+20,5.82483E+21,1.32868E+16,5.24958E+16
204467,11,0,7,7,2018,8,7,5,2,5,5,0,1,1,0,0,0,0,1,7.94848E+20,5.82399E+21,1.33432E+16,5.24862E+16
204468,11,0,6,6,2018,8,15,5,3,5,3,0,0,1,0,0,0,1,1,7.96336E+20,5.81829E+21,1.336E+16,5.24343E+16
204469,11,0,4,4,2018,9,13,2,3,5,3,0,0,1,0,0,0,0,0,7.92502E+20,5.83068E+21,1.33146E+16,5.25475E+16
204470,11,0,3,3,2018,8,9,5,2,4,1,0,0,1,0,0,0,0,1,8.02324E+20,5.83535E+21,1.34633E+16,5.2584E+16
204471,11,0,7,7,2018,9,16,2,3,1,5,0,0,1,0,0,0,0,0,7.99187E+20,5.81753E+21,1.34011E+16,5.24259E+16
204472,11,0,6,6,2018,8,13,5,3,2,6,0,0,1,0,0,1,0,1,7.90611E+20,5.81521E+21,1.32733E+16,5.24098E+16
204473,11,0,8,8,2018,9,14,2,3,8,1,0,0,0,0,1,0,0,0,8.02759E+20,5.82297E+21,1.34584E+16,5.24727E+16
204474,11,0,6,6,2018,9,15,2,3,8,1,0,0,1,0,0,0,0,0,7.84601E+20,5.81992E+21,1.31892E+16,5.24552E+16
204475,11,0,11,11,2018,8,11,5,3,5,2,0,0,1,0,0,0,0,1,8.04078E+20,5.82599E+21,1.34805E+16,5.24991E+16
204476,11,0,6,6,2018,8,12,5,3,5,2,0,0,1,0,0,0,0,1,7.79431E+20,5.81503E+21,1.31093E+16,5.2414E+16
204477,11,0,5,5,2018,8,11,5,2,2,6,0,0,1,0,0,0,0,1,7.84654E+20,5.82971E+21,1.31984E+16,5.25429E+16
204478,11,0,7,7,2018,9,13,2,3,5,3,0,1,0,0,0,0,0,0,7.9785E+20,5.82189E+21,1.33854E+16,5.24657E+16
204479,11,0,6,6,2018,9,13,2,3,5,3,0,1,1,0,0,0,0,0,7.9525E+20,5.82108E+21,1.33465E+16,5.24599E+16
204480,11,0,4,4,2018,8,10,5,3,5,3,0,0,1,0,0,0,0,0,7.92116E+20,5.83067E+21,1.33089E+16,5.25476E+16
204481,11,0,3,3,2018,8,8,5,2,5,5,0,0,1,0,0,0,0,0,8.0367E+20,5.83961E+21,1.3487E+16,5.26214E+16
204482,11,0,5,5,2018,9,13,2,2,1,5,0,1,1,0,0,0,0,0,7.82787E+20,5.82675E+21,1.31684E+16,5.25173E+16
204483,11,0,12,12,2018,8,9,5,3,9,1,0,0,1,0,0,0,0,1,7.93843E+20,5.83616E+21,1.33392E+16,5.25958E+16
204484,11,0,8,8,2018,8,10,1,3,0,4,0,1,0,1,0,0,0,0,8.02951E+20,5.82283E+21,1.34611E+16,5.24714E+16
204485,11,0,4,4,2018,9,13,2,3,2,6,0,0,1,0,1,0,0,0,7.91695E+20,5.82753E+21,1.33E+16,5.25196E+16
204486,11,0,4,4,2018,8,23,5,3,5,2,2,0,1,0,1,0,0,1,7.94325E+20,5.82559E+21,1.33369E+16,5.25009E+16
204487,11,0,6,6,2018,9,12,2,3,6,4,0,0,1,1,0,0,0,0,7.92427E+20,5.81841E+21,1.33027E+16,5.24375E+16
204488,11,0,2,2,2018,9,12,2,3,0,2,0,1,1,0,0,0,0,0,7.99902E+20,5.82571E+21,1.34189E+16,5.24989E+16
204489,11,0,2,2,2018,8,21,5,3,1,1,2,1,1,0,0,0,0,1,8.02088E+20,5.82716E+21,1.34524E+16,5.25106E+16
204490,11,0,9,9,2018,8,21,5,3,5,3,2,0,1,0,0,0,0,1,8.2038E+20,5.81954E+21,1.37137E+16,5.2432E+16
204491,11,0,4,4,2018,9,11,2,3,2,7,0,0,1,0,1,0,0,0,7.93164E+20,5.82777E+21,1.33218E+16,5.2521E+16
204492,11,0,2,2,2018,8,20,5,3,0,3,2,0,1,0,0,0,1,1,7.9849E+20,5.82523E+21,1.33978E+16,5.24954E+16
204493,11,0,3,3,2018,8,19,5,3,2,6,1,1,1,0,0,0,0,0,7.95793E+20,5.83515E+21,1.3367E+16,5.25857E+16
204494,11,0,5,5,2018,9,10,2,3,5,3,0,0,1,0,0,0,0,0,7.82848E+20,5.82858E+21,1.31708E+16,5.25337E+16
204495,11,0,2,2,2018,9,10,2,3,5,2,0,1,0,0,0,1,0,0,8.0176E+20,5.82624E+21,1.34467E+16,5.25026E+16
204496,11,0,4,4,2018,8,19,5,3,5,2,2,1,1,0,0,0,0,1,7.93407E+20,5.82739E+21,1.3325E+16,5.25175E+16
204497,11,0,8,8,2018,9,10,2,2,5,2,0,1,1,0,0,0,0,0,8.0624E+20,5.81637E+21,1.35035E+16,5.24116E+16
204498,11,0,1,1,2018,9,9,2,3,5,3,0,1,1,0,0,0,0,0,7.94029E+20,5.82825E+21,1.33349E+16,5.25248E+16
204499,11,0,11,11,2018,9,5,2,3,3,6,2,1,1,0,0,0,0,0,8.0724E+20,5.82421E+21,1.35253E+16,5.24814E+16
204500,11,0,1,1,2018,8,18,5,3,2,6,0,0,1,0,1,0,0,1,7.99873E+20,5.82857E+21,1.34211E+16,5.25245E+16
204501,11,0,2,2,2018,9,8,2,3,1,5,0,1,1,0,0,0,0,0,7.9779E+20,5.82644E+21,1.33886E+16,5.25066E+16
204502,11,0,8,8,2018,9,9,2,3,5,7,0,0,1,0,0,0,0,0,8.01306E+20,5.81954E+21,1.3434E+16,5.24428E+16
204503,11,0,5,5,2018,8,18,5,3,6,4,0,0,1,1,0,0,0,1,7.85514E+20,5.83178E+21,1.32128E+16,5.25611E+16
204504,11,0,10,10,2018,8,18,5,3,2,1,0,0,1,0,0,0,0,1,8.10337E+20,5.83096E+21,1.35771E+16,5.25401E+16
204505,11,0,2,2,2018,9,8,2,2,3,6,0,1,0,0,0,0,0,0,7.97636E+20,5.82638E+21,1.33863E+16,5.25061E+16
204506,11,0,2,2,2018,8,18,5,3,2,6,1,0,1,0,1,0,0,1,8.00393E+20,5.82579E+21,1.34262E+16,5.24994E+16
204507,11,0,4,4,2018,9,8,2,3,0,3,0,1,0,0,1,0,0,0,7.93288E+20,5.82564E+21,1.33217E+16,5.25019E+16
204508,11,0,5,5,2018,9,8,2,2,5,2,0,0,1,0,1,0,0,0,7.87587E+20,5.82994E+21,1.32417E+16,5.25434E+16
204509,11,0,1,1,2018,8,17,5,3,0,3,0,1,1,0,0,0,0,1,7.99082E+20,5.82902E+21,1.34099E+16,5.2529E+16
204510,11,0,6,6,2018,9,8,2,3,5,2,0,1,0,0,0,1,0,0,7.93277E+20,5.81908E+21,1.33158E+16,5.24431E+16
204511,11,0,3,3,2018,9,7,2,2,3,6,0,1,0,0,0,0,0,0,7.98947E+20,5.83038E+21,1.34091E+16,5.25413E+16
204512,11,0,3,3,2018,8,17,5,2,0,3,0,0,1,0,1,0,0,1,8.04592E+20,5.84065E+21,1.35015E+16,5.26302E+16
204513,11,0,1,1,2018,8,16,5,3,5,3,0,0,1,0,0,0,0,0,7.98205E+20,5.82682E+21,1.3395E+16,5.25098E+16
204514,11,0,9,9,2018,9,7,2,3,3,2,0,1,1,0,0,0,0,0,8.06506E+20,5.82258E+21,1.35131E+16,5.24672E+16
204515,11,0,1,1,2018,8,20,5,2,0,1,2,1,0,0,0,0,0,0,7.96477E+20,5.82824E+21,1.33709E+16,5.25234E+16
204516,11,0,2,2,2018,8,18,5,3,0,1,0,0,0,0,1,0,0,1,7.99058E+20,5.8263E+21,1.34071E+16,5.25047E+16
204517,11,0,5,5,2018,8,17,5,3,0,1,0,0,0,0,1,0,0,1,7.83639E+20,5.82589E+21,1.31802E+16,5.25092E+16
204518,11,0,10,10,2018,9,8,2,3,0,4,0,0,0,1,1,0,0,0,8.06798E+20,5.83033E+21,1.35245E+16,5.25364E+16
204519,11,0,12,12,2018,8,11,5,3,5,2,0,0,1,0,0,0,1,1,7.93043E+20,5.83517E+21,1.33265E+16,5.25874E+16
204520,11,0,1,1,2018,8,6,5,3,5,7,0,1,0,0,0,0,1,0,7.98567E+20,5.82924E+21,1.34025E+16,5.25312E+16
204521,11,0,5,5,2018,9,7,2,3,5,7,0,0,1,0,1,0,0,0,7.8364E+20,5.82914E+21,1.3183E+16,5.25384E+16
204522,11,0,1,1,2018,8,12,1,3,2,6,0,1,0,0,0,0,0,0,7.98096E+20,5.83E+21,1.33963E+16,5.25383E+16
204523,11,0,2,2,2018,9,7,2,3,5,2,0,0,1,0,0,0,0,0,7.9907E+20,5.82561E+21,1.34066E+16,5.24985E+16
204524,11,0,6,6,2018,8,13,4,3,0,3,0,0,1,0,0,0,1,0,7.94411E+20,5.8215E+21,1.33346E+16,5.24641E+16
204525,11,0,8,8,2018,9,7,2,3,5,3,0,1,1,0,0,0,0,0,8.01622E+20,5.82171E+21,1.34406E+16,5.24621E+16
204526,11,0,12,12,2018,9,7,2,3,2,6,0,1,1,0,0,0,0,0,7.95463E+20,5.83386E+21,1.3361E+16,5.25743E+16
204527,11,0,1,1,2018,8,18,4,2,3,6,0,0,1,0,1,0,0,0,7.95315E+20,5.83143E+21,1.33567E+16,5.25527E+16
204528,11,0,10,10,2018,8,19,4,3,5,2,1,0,1,0,1,0,0,0,8.12195E+20,5.83092E+21,1.36043E+16,5.25387E+16
204529,11,0,5,5,2018,9,7,2,3,5,2,0,1,1,0,0,0,0,0,7.82384E+20,5.82703E+21,1.31627E+16,5.25201E+16
204530,11,0,2,2,2018,8,22,4,3,5,3,2,1,1,0,0,0,0,0,8.00641E+20,5.82569E+21,1.34298E+16,5.24983E+16
204531,11,0,5,5,2018,8,13,1,3,5,3,0,1,1,0,0,0,0,0,7.82817E+20,5.83041E+21,1.31719E+16,5.25501E+16
204532,11,0,3,3,2018,9,7,2,3,0,1,0,1,0,0,0,0,0,0,8.02276E+20,5.82928E+21,1.3457E+16,5.25296E+16
204533,11,0,6,6,2018,8,20,4,3,0,7,1,0,1,0,1,0,0,0,7.94263E+20,5.82169E+21,1.33326E+16,5.24659E+16
204534,11,0,3,3,2018,9,6,2,3,5,2,0,1,1,0,0,0,0,0,8.02332E+20,5.82922E+21,1.34578E+16,5.2529E+16
204535,11,0,2,2,2018,9,5,2,2,6,2,2,0,1,1,0,0,0,1,8.00745E+20,5.82652E+21,1.34321E+16,5.25057E+16
204536,11,0,9,9,2018,8,20,4,3,5,2,2,0,1,0,0,0,0,0,8.04106E+20,5.82359E+21,1.34788E+16,5.24776E+16
204537,11,0,4,4,2018,9,6,2,3,4,1,0,0,1,0,0,0,0,1,7.93859E+20,5.82682E+21,1.33312E+16,5.25121E+16
204538,11,0,12,12,2018,8,19,4,3,0,3,1,0,1,0,1,0,0,0,7.93745E+20,5.83724E+21,1.33387E+16,5.26056E+16
204539,11,0,12,12,2018,9,5,2,3,5,3,0,0,1,0,1,0,0,0,7.86363E+20,5.83692E+21,1.32297E+16,5.26066E+16
204540,11,0,1,1,2018,9,15,2,3,3,6,0,1,0,0,0,0,1,0,7.97618E+20,5.82831E+21,1.33877E+16,5.25234E+16
204541,11,0,3,3,2018,8,17,4,3,5,2,0,0,1,0,0,0,0,0,8.02826E+20,5.83295E+21,1.34685E+16,5.25621E+16
204542,11,0,1,1,2018,9,17,2,3,5,3,0,1,1,0,0,0,0,0,7.95599E+20,5.83099E+21,1.33604E+16,5.25486E+16
204543,11,0,3,3,2018,8,19,4,2,6,2,0,0,0,1,0,1,0,0,8.02304E+20,5.82921E+21,1.34574E+16,5.2529E+16
204544,11,0,1,1,2018,8,18,4,3,6,4,0,0,1,1,0,0,0,0,7.96274E+20,5.82851E+21,1.33682E+16,5.2526E+16
204545,11,0,8,8,2018,9,20,2,2,6,4,2,0,0,1,1,0,0,0,8.00704E+20,5.82291E+21,1.34282E+16,5.24733E+16
204546,11,0,9,9,2018,8,16,4,3,0,1,0,1,0,0,0,0,0,0,8.07278E+20,5.8205E+21,1.35225E+16,5.24481E+16
204547,11,0,1,1,2018,9,18,1,3,2,6,0,0,1,0,0,0,0,0,7.97665E+20,5.83284E+21,1.33925E+16,5.2564E+16
204548,11,0,3,3,2018,8,16,4,3,2,2,0,0,1,0,0,0,0,0,8.0374E+20,5.83925E+21,1.34877E+16,5.26182E+16
204549,11,0,2,2,2018,9,19,1,3,5,3,0,1,0,0,0,0,0,0,7.99441E+20,5.82566E+21,1.34121E+16,5.24987E+16
204550,11,0,3,3,2018,9,20,1,3,5,2,2,1,0,0,0,0,1,0,8.00194E+20,5.83093E+21,1.34279E+16,5.25455E+16
204551,11,0,7,7,2018,8,15,4,3,1,5,0,1,1,0,0,0,0,0,7.95E+20,5.82542E+21,1.33467E+16,5.24989E+16
204552,11,0,6,6,2018,8,15,4,3,5,3,0,0,1,0,0,0,1,0,7.96471E+20,5.81834E+21,1.3362E+16,5.24347E+16
204553,11,0,1,1,2018,9,20,1,3,6,4,2,1,0,1,0,0,0,0,7.97544E+20,5.82811E+21,1.33865E+16,5.25217E+16
204554,11,0,11,11,2018,8,15,4,3,5,3,0,0,1,0,0,0,0,0,8.07087E+20,5.82484E+21,1.35236E+16,5.2487E+16
204555,11,0,6,6,2018,8,14,4,3,5,3,0,0,1,0,0,0,0,0,7.94317E+20,5.81691E+21,1.33291E+16,5.2423E+16
204556,11,0,4,4,2018,8,14,4,3,5,2,0,1,1,0,0,0,0,0,7.91902E+20,5.82743E+21,1.33029E+16,5.25187E+16
204557,11,0,4,4,2018,9,18,1,3,5,7,0,0,0,0,1,0,1,0,7.92747E+20,5.82667E+21,1.33147E+16,5.25114E+16
204558,11,0,1,1,2018,9,5,1,3,5,2,2,0,1,0,0,0,0,0,7.99736E+20,5.82756E+21,1.34182E+16,5.25156E+16
204559,11,0,8,8,2018,8,14,4,3,1,6,0,0,1,0,1,0,0,0,8.00766E+20,5.81694E+21,1.34237E+16,5.24198E+16
204560,11,0,9,9,2018,9,10,1,3,5,3,0,0,1,0,1,0,0,0,8.08821E+20,5.81566E+21,1.35406E+16,5.24038E+16
204561,11,0,5,5,2018,9,14,1,3,2,6,0,0,1,0,0,0,0,0,7.8574E+20,5.82929E+21,1.3214E+16,5.25385E+16
204562,11,0,9,9,2018,8,14,4,3,5,2,0,1,1,0,0,0,0,0,8.1205E+20,5.82131E+21,1.35932E+16,5.24527E+16
204563,11,0,2,2,2018,8,14,4,3,6,4,0,0,1,1,0,0,0,0,7.98903E+20,5.82524E+21,1.34038E+16,5.24952E+16
204564,11,0,8,8,2018,9,14,1,3,5,3,0,1,0,0,0,0,0,0,8.05533E+20,5.81857E+21,1.34951E+16,5.24317E+16
204565,11,0,4,4,2018,8,14,4,3,0,2,0,0,1,0,0,0,1,0,7.91018E+20,5.82486E+21,1.32877E+16,5.24961E+16
204566,11,0,2,2,2018,8,13,4,3,5,3,0,0,1,0,0,0,0,0,7.9955E+20,5.82586E+21,1.34139E+16,5.25004E+16
204567,11,0,9,9,2018,9,15,1,3,5,3,0,0,0,0,1,0,1,0,8.05214E+20,5.82058E+21,1.34923E+16,5.245E+16
204568,11,0,1,1,2018,9,14,1,3,6,7,0,1,0,1,0,0,0,0,7.97202E+20,5.83135E+21,1.33843E+16,5.25509E+16
204569,11,0,9,9,2018,8,12,4,3,5,3,0,1,1,0,0,0,0,0,8.03052E+20,5.82092E+21,1.34608E+16,5.24542E+16
204570,11,0,4,4,2018,9,13,1,2,5,7,0,0,1,0,0,0,0,1,7.92974E+20,5.8261E+21,1.33175E+16,5.25061E+16
204571,11,0,3,3,2018,8,12,4,3,5,3,0,1,1,0,0,0,0,0,8.0231E+20,5.82923E+21,1.34575E+16,5.25291E+16
204572,11,0,1,1,2018,9,3,1,3,0,7,2,1,0,0,0,0,0,0,7.96838E+20,5.8315E+21,1.33791E+16,5.25524E+16
204573,11,0,3,3,2018,9,4,1,2,0,1,2,1,0,0,0,0,0,0,7.97527E+20,5.83326E+21,1.33908E+16,5.25678E+16
204574,11,0,1,1,2018,8,12,4,3,0,6,0,1,1,0,0,0,0,0,7.96884E+20,5.83155E+21,1.33798E+16,5.25529E+16
204575,11,0,2,2,2018,9,12,7,3,5,3,0,1,1,0,0,0,0,0,8.01967E+20,5.82903E+21,1.34523E+16,5.25275E+16
204576,11,0,3,3,2018,9,11,7,3,2,7,0,0,1,0,1,0,0,0,7.9839E+20,5.83305E+21,1.34033E+16,5.25655E+16
204577,11,0,12,12,2018,8,11,4,3,2,6,0,0,1,0,0,0,0,0,7.92039E+20,5.83177E+21,1.33088E+16,5.25574E+16
204578,11,0,6,6,2018,8,10,4,3,1,5,0,1,1,0,0,0,1,0,7.94362E+20,5.81761E+21,1.33304E+16,5.24292E+16
204579,11,0,1,1,2018,9,23,7,3,4,6,2,1,1,0,0,0,0,0,7.96161E+20,5.83077E+21,1.33685E+16,5.25463E+16
204580,11,0,6,6,2018,8,10,4,2,1,5,0,1,0,0,0,1,0,0,7.87583E+20,5.81701E+21,1.32305E+16,5.24275E+16
204581,11,0,7,7,2018,8,9,4,2,6,4,0,0,1,1,0,0,0,0,7.98717E+20,5.81603E+21,1.33929E+16,5.24127E+16
204582,11,0,3,3,2018,9,13,7,3,2,6,0,1,0,0,0,0,0,0,7.98328E+20,5.83144E+21,1.3401E+16,5.25511E+16
204583,11,0,5,5,2018,8,17,1,3,5,2,0,0,1,0,0,0,1,0,7.84782E+20,5.82881E+21,1.31995E+16,5.25348E+16
204584,11,0,2,2,2018,9,15,7,3,6,4,0,1,0,1,0,0,0,0,8.00306E+20,5.82456E+21,1.34238E+16,5.24883E+16
204585,11,0,1,1,2018,8,9,4,3,5,3,0,1,1,0,0,0,0,0,7.94875E+20,5.82773E+21,1.33469E+16,5.25197E+16
204586,11,0,1,1,2018,9,18,7,3,4,5,0,0,1,0,1,0,0,0,7.93771E+20,5.82832E+21,1.33312E+16,5.25256E+16
204587,11,0,4,4,2018,8,9,4,3,6,4,0,1,0,1,0,0,0,0,7.91784E+20,5.82822E+21,1.33019E+16,5.25258E+16
204588,11,0,3,3,2018,8,8,4,3,0,1,0,0,0,0,1,0,0,0,7.99662E+20,5.829E+21,1.34184E+16,5.25285E+16
204589,11,0,2,2,2018,9,19,7,3,0,6,1,1,1,0,0,0,0,0,8.00444E+20,5.82872E+21,1.34296E+16,5.25256E+16
204590,11,0,11,11,2018,8,8,4,3,0,3,0,0,1,0,0,0,1,0,8.04695E+20,5.83396E+21,1.34969E+16,5.25701E+16
204591,11,0,1,1,2018,8,8,4,3,5,2,0,0,1,0,1,0,0,0,7.94566E+20,5.82834E+21,1.33429E+16,5.25254E+16
204592,11,0,1,1,2018,9,17,7,2,3,6,0,0,1,0,1,0,0,0,7.94555E+20,5.82902E+21,1.33433E+16,5.25315E+16
204593,11,0,11,11,2018,8,7,4,2,6,4,0,0,1,1,0,0,0,0,8.06598E+20,5.82688E+21,1.35184E+16,5.25056E+16
204594,11,0,2,2,2018,9,18,7,2,1,5,0,1,1,0,0,0,0,0,7.9905E+20,5.82582E+21,1.34065E+16,5.25003E+16
204595,11,0,3,3,2018,8,7,4,3,5,2,0,1,1,0,0,0,0,0,8.01608E+20,5.83614E+21,1.34535E+16,5.25914E+16
204596,11,0,8,8,2018,9,12,7,3,3,3,0,0,1,0,0,0,0,0,8.00535E+20,5.82446E+21,1.34271E+16,5.24873E+16
204597,11,0,7,7,2018,9,15,7,3,1,5,0,1,1,0,0,0,0,0,7.95043E+20,5.82434E+21,1.33464E+16,5.24892E+16
204598,11,0,1,1,2018,8,6,4,3,5,2,0,0,1,0,1,0,0,0,7.98697E+20,5.82709E+21,1.34025E+16,5.25119E+16
204599,11,0,4,4,2018,8,6,4,3,5,2,0,1,1,0,0,0,0,0,7.92766E+20,5.82705E+21,1.33153E+16,5.25147E+16
204600,11,0,9,9,2018,8,2,4,2,9,7,2,0,1,0,0,0,0,0,8.11985E+20,5.82155E+21,1.35925E+16,5.24548E+16
204601,11,0,11,11,2018,9,16,7,3,6,4,0,1,1,1,0,0,0,0,8.06646E+20,5.82489E+21,1.35172E+16,5.24878E+16
204602,11,0,4,4,2018,9,14,7,3,5,2,0,0,1,0,0,0,0,0,7.91388E+20,5.82859E+21,1.32964E+16,5.25293E+16
204603,11,0,2,2,2018,8,8,4,3,1,5,0,1,1,0,0,0,0,0,7.99135E+20,5.82628E+21,1.34082E+16,5.25044E+16
204604,11,0,9,9,2018,9,18,7,3,3,6,0,0,1,0,0,0,1,0,8.08554E+20,5.82164E+21,1.35422E+16,5.24576E+16
204605,11,0,4,4,2018,9,10,7,3,5,3,0,0,1,0,1,0,0,0,7.9261E+20,5.82496E+21,1.33112E+16,5.24961E+16
204606,11,0,10,10,2018,8,15,3,3,0,3,0,1,0,0,0,0,1,0,8.09819E+20,5.82694E+21,1.35657E+16,5.25044E+16
204607,11,0,8,8,2018,9,13,7,2,0,1,0,1,0,0,0,0,0,0,8.0548E+20,5.81846E+21,1.34942E+16,5.24308E+16
204608,11,0,1,1,2018,8,15,3,3,0,6,0,1,0,0,0,0,0,0,7.99301E+20,5.82688E+21,1.34112E+16,5.25097E+16
204609,11,0,2,2,2018,9,14,7,2,0,1,0,0,0,0,1,0,0,0,7.99425E+20,5.82616E+21,1.34123E+16,5.25032E+16
204610,11,0,4,4,2018,9,9,7,3,7,7,0,0,0,0,0,0,1,0,7.93836E+20,5.82727E+21,1.33312E+16,5.25161E+16
204611,11,0,4,4,2018,8,17,3,3,1,7,0,1,1,0,0,0,0,0,7.92511E+20,5.82398E+21,1.33089E+16,5.24874E+16
204612,11,0,4,4,2018,8,16,3,3,0,4,0,0,0,1,1,0,0,0,7.91625E+20,5.82974E+21,1.33009E+16,5.25395E+16
204613,11,0,12,12,2018,9,20,7,3,1,5,2,1,1,0,1,0,0,0,7.90537E+20,5.8343E+21,1.32889E+16,5.25809E+16
204614,11,0,1,1,2018,8,15,3,3,2,6,0,1,0,0,0,0,0,0,7.95162E+20,5.82698E+21,1.33504E+16,5.25128E+16
204615,11,0,4,4,2018,8,15,3,3,6,7,0,0,1,1,0,0,0,0,7.9339E+20,5.82227E+21,1.33203E+16,5.24716E+16
204616,11,0,6,6,2018,9,8,7,3,1,5,0,1,1,0,0,0,0,0,7.92251E+20,5.82058E+21,1.33021E+16,5.2457E+16
204617,11,0,3,3,2018,9,6,7,3,1,6,0,0,1,0,0,0,0,0,7.98089E+20,5.83306E+21,1.33989E+16,5.25658E+16
204618,11,0,12,12,2018,8,14,3,3,5,2,0,0,1,0,0,0,0,0,7.92218E+20,5.83373E+21,1.33131E+16,5.2575E+16
204619,11,0,9,9,2018,9,20,7,3,5,3,2,0,1,0,0,0,0,0,8.09365E+20,5.81966E+21,1.35523E+16,5.24393E+16
204620,11,0,7,7,2018,9,20,7,3,5,2,2,1,1,0,0,0,0,0,7.95008E+20,5.82564E+21,1.3347E+16,5.25009E+16
204621,11,0,8,8,2018,8,14,3,3,2,6,0,0,1,0,1,0,0,0,8.02194E+20,5.81927E+21,1.34468E+16,5.24399E+16
204622,11,0,2,2,2018,8,13,3,3,5,7,0,0,1,0,1,0,0,0,7.99176E+20,5.82626E+21,1.34088E+16,5.25042E+16