OBJECTID_1,ULAND,UREGBEZ,UKREIS,UGEMEINDE,UJAHR,UMONAT,USTUNDE,UWOCHENTAG,UKATEGORIE,UART,UTYP1,ULICHTVERH,IstRad,IstPKW,IstFuss,IstKrad,IstGkfz,IstSonstig,STRZUSTAND,LINREFX,LINREFY,XGCSWGS84,YGCSWGS84
204623,11,0,2,2,2018,9,4,7,3,5,3,2,1,1,0,0,0,0,0,8.00276E+20,5.82763E+21,1.34262E+16,5.25159E+16
204624,11,0,1,1,2018,9,2,7,2,0,1,2,1,0,0,0,0,0,0,7.98304E+20,5.82937E+21,1.33988E+16,5.25326E+16
204625,11,0,4,4,2018,8,11,3,3,3,6,0,1,0,0,0,0,1,0,7.93096E+20,5.8241E+21,1.33176E+16,5.24882E+16
204626,11,0,6,6,2018,8,9,3,3,1,5,0,1,1,0,0,0,0,0,7.90347E+20,5.82051E+21,1.32741E+16,5.24575E+16
204627,11,0,8,8,2018,9,18,7,2,5,2,0,0,1,0,1,0,0,0,8.01818E+20,5.82363E+21,1.34452E+16,5.24792E+16
204628,11,0,7,7,2018,8,9,3,3,5,3,0,1,1,0,0,0,0,0,7.96577E+20,5.82483E+21,1.33693E+16,5.24928E+16
204629,11,0,1,1,2018,8,9,3,3,5,3,0,1,1,0,0,0,0,0,7.92603E+20,5.82877E+21,1.33144E+16,5.25302E+16
204630,11,0,10,10,2018,9,21,7,2,0,1,2,0,0,0,1,0,0,0,8.10065E+20,5.83262E+21,1.35746E+16,5.25551E+16
204631,11,0,12,12,2018,8,8,6,3,6,7,0,1,0,1,0,0,0,0,7.91823E+20,5.83327E+21,1.33069E+16,5.2571E+16
204632,11,0,2,2,2018,8,7,3,3,0,2,0,1,1,0,0,0,0,0,8.02183E+20,5.82734E+21,1.34539E+16,5.25122E+16
204633,11,0,9,9,2018,8,16,6,3,5,2,0,0,1,0,0,0,0,0,8.07713E+20,5.81812E+21,1.35267E+16,5.24265E+16
204634,11,0,5,5,2018,8,19,6,3,2,7,0,0,1,0,0,0,0,0,7.83906E+20,5.83013E+21,1.31877E+16,5.2547E+16
204635,11,0,9,9,2018,8,7,3,3,6,2,0,0,1,1,0,0,0,0,8.09494E+20,5.8195E+21,1.3554E+16,5.24379E+16
204636,11,0,3,3,2018,8,7,3,3,2,6,0,0,1,0,0,0,0,0,8.00874E+20,5.83878E+21,1.34451E+16,5.26155E+16
204637,11,0,7,7,2018,8,12,6,3,6,2,0,0,1,1,0,0,0,0,7.94562E+20,5.82578E+21,1.33406E+16,5.25024E+16
204638,11,0,8,8,2018,8,15,3,2,6,4,0,0,1,1,0,0,0,0,8.01908E+20,5.82288E+21,1.34458E+16,5.24724E+16
204639,11,0,5,5,2018,8,15,3,2,0,7,0,1,0,0,0,0,0,0,7.84652E+20,5.82929E+21,1.3198E+16,5.25392E+16
204640,11,0,1,1,2018,8,17,6,3,5,2,0,1,1,0,0,0,0,0,7.94572E+20,5.83071E+21,1.33451E+16,5.25466E+16
204641,11,0,6,6,2018,8,15,3,3,0,1,0,0,0,0,1,0,0,0,7.93349E+20,5.82033E+21,1.3318E+16,5.24542E+16
204642,11,0,7,7,2018,8,14,3,3,3,3,0,1,1,0,0,0,0,0,7.95284E+20,5.82397E+21,1.33496E+16,5.24858E+16
204643,11,0,5,5,2018,8,17,6,3,5,3,0,1,1,0,0,0,0,0,7.83402E+20,5.82659E+21,1.31773E+16,5.25156E+16
204644,11,0,8,8,2018,8,17,6,3,5,2,0,0,1,0,1,0,0,0,8.015E+20,5.81773E+21,1.34352E+16,5.24264E+16
204645,11,0,10,10,2018,8,12,3,3,0,7,0,1,0,0,0,0,0,0,8.08693E+20,5.83015E+21,1.35522E+16,5.25338E+16
204646,11,0,1,1,2018,8,17,6,3,6,4,0,0,1,1,0,0,0,0,7.97416E+20,5.83126E+21,1.33874E+16,5.255E+16
204647,11,0,2,2,2018,8,15,6,3,6,4,0,0,1,1,0,0,0,0,8.0104E+20,5.82831E+21,1.3438E+16,5.25216E+16
204648,11,0,6,6,2018,8,11,3,3,0,7,0,0,0,0,1,0,1,0,7.91557E+20,5.81642E+21,1.32882E+16,5.24201E+16
204649,11,0,1,1,2018,8,21,3,3,6,4,2,1,0,1,0,0,0,0,7.98636E+20,5.82845E+21,1.34028E+16,5.25242E+16
204650,11,0,4,4,2018,8,15,6,3,5,3,0,1,1,0,0,0,0,0,7.93024E+20,5.82445E+21,1.33168E+16,5.24913E+16
204651,11,0,2,2,2018,8,18,3,3,1,5,0,1,1,0,0,0,0,0,7.97523E+20,5.8249E+21,1.33833E+16,5.24929E+16
204652,11,0,3,3,2018,8,14,6,3,6,2,0,0,1,1,0,0,0,0,8.01058E+20,5.83143E+21,1.34411E+16,5.25496E+16
204653,11,0,7,7,2018,8,18,3,3,0,3,0,1,1,0,0,0,0,0,7.94087E+20,5.82173E+21,1.333E+16,5.24664E+16
204654,11,0,7,7,2018,8,15,6,3,5,3,0,0,1,0,0,0,0,0,7.97289E+20,5.8173E+21,1.33731E+16,5.24249E+16
204655,11,0,2,2,2018,8,14,6,3,6,3,0,0,1,1,0,0,0,0,8.00662E+20,5.8275E+21,1.34317E+16,5.25145E+16
204656,11,0,2,2,2018,8,17,3,2,3,6,0,0,0,0,1,0,1,0,8.02039E+20,5.82717E+21,1.34517E+16,5.25108E+16
204657,11,0,12,12,2018,8,17,3,2,5,2,0,1,1,0,0,0,0,0,7.94334E+20,5.83571E+21,1.3346E+16,5.25915E+16
204658,11,0,12,12,2018,8,14,6,3,5,2,0,1,1,0,0,0,0,0,7.93303E+20,5.83318E+21,1.33286E+16,5.25694E+16
204659,11,0,11,11,2018,8,22,3,2,2,6,2,1,0,0,0,0,1,0,8.0722E+20,5.82552E+21,1.35262E+16,5.24931E+16
204660,11,0,4,4,2018,8,13,6,3,5,3,0,0,1,0,0,0,0,0,7.91287E+20,5.83068E+21,1.32967E+16,5.25481E+16
204661,11,0,8,8,2018,8,16,3,3,5,3,0,0,1,0,0,0,1,0,8.02279E+20,5.82388E+21,1.34522E+16,5.24812E+16
204662,11,0,8,8,2018,8,7,3,1,5,2,0,0,0,0,1,1,0,0,8.00311E+20,5.81674E+21,1.34169E+16,5.24182E+16
204663,11,0,1,1,2018,8,13,6,3,5,7,0,1,1,0,0,0,0,0,7.98322E+20,5.8287E+21,1.33984E+16,5.25265E+16
204664,11,0,9,9,2018,8,10,2,3,1,5,0,1,1,0,0,0,0,0,8.09417E+20,5.8196E+21,1.3553E+16,5.24388E+16
204665,11,0,9,9,2018,8,15,6,3,2,6,0,0,1,0,0,0,0,0,8.09507E+20,5.81876E+21,1.35535E+16,5.24312E+16
204666,11,0,1,1,2018,8,15,2,3,0,2,0,0,1,0,1,0,0,0,7.96103E+20,5.82843E+21,1.33656E+16,5.25253E+16
204667,11,0,8,8,2018,8,17,6,3,2,6,0,0,1,0,0,0,0,0,8.02864E+20,5.81824E+21,1.34557E+16,5.24303E+16
204668,11,0,9,9,2018,8,16,6,3,2,6,0,0,1,0,0,0,0,0,8.1141E+20,5.82015E+21,1.35827E+16,5.24426E+16
204669,11,0,11,11,2018,8,16,2,3,2,6,0,0,1,0,0,0,0,0,8.07081E+20,5.82362E+21,1.35224E+16,5.24762E+16
204670,11,0,1,1,2018,8,22,2,3,6,4,2,1,0,1,0,0,0,0,7.98739E+20,5.82692E+21,1.34029E+16,5.25103E+16
204671,11,0,5,5,2018,8,13,6,2,2,2,0,1,1,0,0,0,0,0,7.84681E+20,5.82935E+21,1.31984E+16,5.25396E+16
204672,11,0,1,1,2018,8,20,2,3,2,6,1,0,1,0,1,0,0,0,7.99093E+20,5.82899E+21,1.341E+16,5.25288E+16
204673,11,0,8,8,2018,8,18,2,3,6,4,0,0,1,1,0,0,0,0,8.0111E+20,5.82191E+21,1.34333E+16,5.24642E+16
204674,11,0,3,3,2018,8,14,6,3,5,3,0,0,1,0,0,0,1,0,8.04387E+20,5.84101E+21,1.34988E+16,5.26335E+16
204675,11,0,1,1,2018,8,19,6,3,9,1,1,0,1,0,0,0,0,0,7.97001E+20,5.82894E+21,1.33792E+16,5.25294E+16
204676,11,0,1,1,2018,8,18,2,3,3,6,0,1,0,0,1,0,0,0,7.97063E+20,5.82898E+21,1.33802E+16,5.25297E+16
204677,11,0,3,3,2018,8,13,6,3,5,3,0,1,0,0,0,0,0,0,8.0011E+20,5.83074E+21,1.34265E+16,5.25438E+16
204678,11,0,1,1,2018,9,17,2,3,2,7,0,1,0,0,0,0,1,0,7.98513E+20,5.82903E+21,1.34015E+16,5.25294E+16
204679,11,0,4,4,2018,8,22,6,2,3,6,2,0,1,0,1,0,0,0,7.90067E+20,5.82528E+21,1.32741E+16,5.25003E+16
204680,11,0,2,2,2018,8,18,2,3,2,6,0,0,1,0,1,0,0,0,7.99823E+20,5.82479E+21,1.3417E+16,5.24907E+16
204681,11,0,11,11,2018,8,21,6,3,0,6,2,1,0,0,0,0,1,0,8.05195E+20,5.82791E+21,1.34987E+16,5.25157E+16
204682,11,0,1,1,2018,8,21,6,3,1,7,2,0,1,0,0,0,0,0,7.9631E+20,5.83173E+21,1.33715E+16,5.25548E+16
204683,11,0,8,8,2018,8,18,2,3,5,3,0,1,1,0,0,0,0,0,8.01991E+20,5.82067E+21,1.34451E+16,5.24526E+16
204684,11,0,9,9,2018,8,17,2,3,2,2,0,0,1,0,0,0,0,0,8.066E+20,5.82278E+21,1.35146E+16,5.24689E+16
204685,11,0,1,1,2018,8,21,6,3,2,2,2,1,1,0,0,0,0,0,7.98814E+20,5.82937E+21,1.34062E+16,5.25322E+16
204686,11,0,4,4,2018,8,17,2,3,5,2,0,1,0,0,0,0,0,0,7.94159E+20,5.82405E+21,1.33331E+16,5.24871E+16
204687,11,0,7,7,2018,9,16,2,3,6,4,0,1,0,1,0,0,0,0,7.96733E+20,5.82481E+21,1.33716E+16,5.24925E+16
204688,11,0,8,8,2018,8,17,2,3,5,2,0,0,1,0,1,0,0,0,8.02122E+20,5.82444E+21,1.34504E+16,5.24862E+16
204689,11,0,5,5,2018,8,20,6,3,0,6,2,0,0,0,1,0,0,0,7.84395E+20,5.82994E+21,1.31948E+16,5.25451E+16
204690,11,0,8,8,2018,8,19,6,3,5,3,0,1,0,0,0,0,1,0,8.05917E+20,5.81621E+21,1.34986E+16,5.24104E+16
204691,11,0,8,8,2018,8,17,2,3,5,2,0,1,1,0,0,0,0,0,8.01317E+20,5.81956E+21,1.34342E+16,5.2443E+16
204692,11,0,2,2,2018,8,18,6,2,5,3,0,1,0,0,1,0,0,0,7.99067E+20,5.82561E+21,1.34066E+16,5.24985E+16
204693,11,0,10,10,2018,8,18,6,3,5,3,0,1,1,0,0,0,0,0,8.1373E+20,5.82803E+21,1.36242E+16,5.25119E+16
204694,11,0,2,2,2018,8,15,2,3,2,6,0,1,1,0,0,0,0,0,8.00229E+20,5.82586E+21,1.34239E+16,5.25E+16
204695,11,0,2,2,2018,8,18,2,3,0,1,0,0,0,0,1,0,0,0,8.03096E+20,5.82708E+21,1.34671E+16,5.25094E+16
204696,11,0,8,8,2018,8,17,6,3,2,6,0,0,1,0,0,0,1,0,8.00819E+20,5.82431E+21,1.34311E+16,5.24859E+16
204697,11,0,3,3,2018,8,10,6,3,5,2,0,1,0,0,0,0,1,0,8.0241E+20,5.82926E+21,1.3459E+16,5.25293E+16
204698,11,0,12,12,2018,8,18,2,3,5,3,1,0,1,0,0,0,0,0,7.95009E+20,5.83678E+21,1.33569E+16,5.26008E+16
204699,11,0,11,11,2018,8,19,2,2,8,1,1,0,0,0,1,0,0,0,8.045E+20,5.82573E+21,1.34865E+16,5.24965E+16
204700,11,0,7,7,2018,8,10,6,3,1,5,0,1,1,0,0,0,0,0,8.00193E+20,5.81373E+21,1.34124E+16,5.23913E+16
204701,11,0,1,1,2018,8,15,2,3,0,6,0,0,1,0,0,0,0,0,7.99922E+20,5.82858E+21,1.34218E+16,5.25246E+16
204702,11,0,8,8,2018,9,17,2,3,2,2,0,1,1,0,0,0,0,0,8.01032E+20,5.81706E+21,1.34277E+16,5.24207E+16
204703,11,0,2,2,2018,8,17,2,3,5,3,0,1,1,0,0,0,0,0,7.97852E+20,5.82568E+21,1.33888E+16,5.24998E+16
204704,11,0,4,4,2018,8,10,6,3,0,6,0,0,1,0,0,0,1,0,7.92254E+20,5.82515E+21,1.33061E+16,5.2498E+16
204705,11,0,1,1,2018,8,14,1,3,2,6,0,1,1,0,0,0,0,0,7.96402E+20,5.832E+21,1.33731E+16,5.25572E+16
204706,11,0,9,9,2018,8,9,6,3,2,6,0,0,1,0,0,0,0,0,8.04928E+20,5.82256E+21,1.34899E+16,5.24679E+16
204707,11,0,3,3,2018,8,17,2,2,5,7,0,0,1,0,1,0,0,0,7.98783E+20,5.83493E+21,1.34108E+16,5.25822E+16
204708,11,0,7,7,2018,8,9,6,3,2,6,0,0,1,0,0,0,0,0,7.94998E+20,5.82342E+21,1.33449E+16,5.2481E+16
204709,11,0,1,1,2018,8,7,2,3,5,3,0,0,1,0,0,0,0,0,7.94897E+20,5.83022E+21,1.33494E+16,5.25421E+16
204710,11,0,12,12,2018,9,15,2,3,5,2,0,0,1,0,1,0,0,0,7.93182E+20,5.83231E+21,1.33261E+16,5.25617E+16
204711,11,0,11,11,2018,8,7,2,3,6,4,0,0,1,1,0,0,0,0,8.03678E+20,5.82863E+21,1.34771E+16,5.2523E+16
204712,11,0,2,2,2018,8,9,6,2,6,4,0,1,0,1,0,0,0,0,8.01797E+20,5.82578E+21,1.34468E+16,5.24985E+16
204713,11,0,8,8,2018,8,8,2,3,5,2,0,1,1,0,0,0,0,0,8.01073E+20,5.82399E+21,1.34346E+16,5.24828E+16
204714,11,0,5,5,2018,9,13,2,2,5,3,0,1,1,0,0,0,0,0,7.82867E+20,5.82728E+21,1.317E+16,5.25221E+16
204715,11,0,1,1,2018,8,9,6,3,3,6,0,1,1,0,0,0,0,0,7.94723E+20,5.83042E+21,1.3347E+16,5.25439E+16
204716,11,0,1,1,2018,8,2,2,2,6,4,2,0,1,1,0,0,0,0,7.96691E+20,5.8265E+21,1.33725E+16,5.25077E+16
204717,11,0,5,5,2018,8,8,2,3,5,3,0,0,1,0,0,0,0,0,7.84518E+20,5.82864E+21,1.31955E+16,5.25334E+16
204718,11,0,2,2,2018,8,8,6,3,3,6,0,0,1,0,0,0,0,0,8.00425E+20,5.82797E+21,1.34287E+16,5.25189E+16
204719,11,0,2,2,2018,8,8,2,3,0,1,0,0,0,0,1,0,0,0,7.9738E+20,5.82618E+21,1.33823E+16,5.25045E+16
204720,11,0,12,12,2018,8,8,6,2,5,2,0,0,1,0,1,0,0,0,7.90687E+20,5.83538E+21,1.3292E+16,5.25906E+16
204721,11,0,3,3,2018,8,9,2,3,2,2,0,1,1,0,0,0,0,0,7.99179E+20,5.83111E+21,1.34132E+16,5.25477E+16
204722,11,0,4,4,2018,8,7,6,3,5,7,0,0,1,0,1,0,0,0,7.93263E+20,5.82613E+21,1.33218E+16,5.25063E+16
204723,11,0,11,11,2018,8,7,6,3,5,3,0,1,0,0,0,0,0,0,8.05034E+20,5.82669E+21,1.34952E+16,5.25048E+16
204724,11,0,1,1,2018,8,11,2,3,3,6,0,0,1,0,1,0,0,0,7.98325E+20,5.82935E+21,1.3399E+16,5.25324E+16
204725,11,0,2,2,2018,8,11,2,3,0,6,0,1,0,0,0,0,0,0,7.99E+20,5.82543E+21,1.34054E+16,5.24969E+16
204726,11,0,8,8,2018,8,12,2,3,5,2,0,1,1,0,0,0,0,0,8.00669E+20,5.82437E+21,1.3429E+16,5.24865E+16
204727,11,0,9,9,2018,8,7,6,3,5,3,0,0,1,0,1,0,0,0,8.10486E+20,5.8201E+21,1.35691E+16,5.24427E+16
204728,11,0,6,6,2018,8,13,2,3,6,4,0,0,1,1,0,0,0,0,7.914E+20,5.82064E+21,1.32896E+16,5.24581E+16
204729,11,0,10,10,2018,8,6,6,3,0,6,1,0,0,0,1,0,1,0,8.07914E+20,5.83349E+21,1.35438E+16,5.25641E+16
204730,11,0,4,4,2018,8,9,2,3,5,2,0,0,1,0,1,0,0,0,7.91697E+20,5.82619E+21,1.32988E+16,5.25077E+16
204731,11,0,11,11,2018,8,5,6,3,5,2,1,1,1,0,0,0,0,0,8.03025E+20,5.83078E+21,1.34694E+16,5.25426E+16
204732,11,0,3,3,2018,8,8,6,2,5,3,0,1,0,0,0,0,1,0,7.99839E+20,5.8308E+21,1.34226E+16,5.25446E+16
204733,11,0,4,4,2018,8,18,2,3,5,2,0,0,1,0,0,0,0,0,7.89635E+20,5.82649E+21,1.32688E+16,5.25114E+16
204734,11,0,7,7,2018,8,11,6,2,5,2,0,1,1,0,0,0,0,0,8.00214E+20,5.81408E+21,1.34131E+16,5.23944E+16
204735,11,0,6,6,2018,8,11,6,3,0,1,0,0,0,0,1,0,0,0,7.94238E+20,5.81755E+21,1.33285E+16,5.24288E+16
204736,11,0,9,9,2018,8,14,2,3,2,6,0,1,1,0,0,0,0,0,8.10639E+20,5.82031E+21,1.35716E+16,5.24444E+16
204737,11,0,4,4,2018,8,8,2,3,5,2,0,1,1,0,0,0,0,0,7.92623E+20,5.82827E+21,1.33143E+16,5.25258E+16
204738,11,0,4,4,2018,8,13,5,3,6,7,0,0,1,1,0,0,0,0,7.90663E+20,5.82277E+21,1.32807E+16,5.24775E+16
204739,11,0,9,9,2018,8,15,2,3,5,3,0,0,1,0,1,0,0,0,8.0734E+20,5.82106E+21,1.35239E+16,5.2453E+16
204740,11,0,9,9,2018,8,15,2,3,2,2,0,1,1,0,0,0,0,0,8.06321E+20,5.81935E+21,1.35074E+16,5.24383E+16
204741,11,0,5,5,2018,8,9,5,3,5,5,0,0,1,0,1,0,0,1,7.81799E+20,5.83163E+21,1.3158E+16,5.25616E+16
204742,11,0,4,4,2018,8,9,5,3,2,6,0,0,1,0,0,0,0,1,7.90527E+20,5.82733E+21,1.32826E+16,5.25185E+16
204743,11,0,11,11,2018,8,15,2,3,6,2,0,0,1,1,0,0,0,0,8.06309E+20,5.83391E+21,1.35206E+16,5.25688E+16
204744,11,0,12,12,2018,8,10,5,3,3,6,0,0,1,0,0,0,0,1,7.95856E+20,5.83261E+21,1.33657E+16,5.25629E+16
204745,11,0,1,1,2018,8,10,5,3,5,2,0,1,1,0,0,0,0,1,7.97199E+20,5.8275E+21,1.33808E+16,5.25164E+16
204746,11,0,1,1,2018,8,15,2,3,5,3,0,0,1,0,0,0,0,0,7.97981E+20,5.82866E+21,1.33934E+16,5.25264E+16
204747,11,0,9,9,2018,8,15,2,3,5,3,0,0,1,0,1,0,0,0,8.06296E+20,5.82069E+21,1.35082E+16,5.24504E+16
204748,11,0,9,9,2018,8,11,5,3,5,3,0,1,1,0,0,0,0,1,8.08012E+20,5.82194E+21,1.35346E+16,5.24606E+16
204749,11,0,12,12,2018,8,16,2,3,2,6,0,0,1,0,0,0,0,0,7.92466E+20,5.83429E+21,1.33173E+16,5.25798E+16
204750,11,0,1,1,2018,8,14,2,3,5,7,0,0,1,0,0,0,0,0,7.97031E+20,5.82687E+21,1.33778E+16,5.25108E+16
204751,11,0,1,1,2018,8,11,5,3,5,2,0,1,0,0,0,1,0,1,7.99984E+20,5.82693E+21,1.34212E+16,5.25097E+16
204752,11,0,12,12,2018,8,10,2,2,4,6,0,0,1,0,0,0,0,0,7.86087E+20,5.83522E+21,1.32242E+16,5.25915E+16
204753,11,0,4,4,2018,8,11,5,3,5,2,0,0,1,0,0,0,1,1,7.90963E+20,5.82302E+21,1.32853E+16,5.24796E+16
204754,11,0,3,3,2018,8,11,2,3,0,1,0,0,0,0,1,0,0,1,7.99136E+20,5.83385E+21,1.3415E+16,5.25723E+16
204755,11,0,4,4,2018,8,5,2,3,0,1,1,0,0,0,1,0,0,0,7.91906E+20,5.82218E+21,1.32984E+16,5.24715E+16
204756,11,0,4,4,2018,8,9,5,3,3,6,0,1,0,0,0,0,1,0,7.93988E+20,5.82606E+21,1.33324E+16,5.25052E+16
204757,11,0,7,7,2018,8,12,5,3,5,7,0,1,1,0,0,0,0,1,7.9505E+20,5.82162E+21,1.33441E+16,5.24648E+16
204758,11,0,9,9,2018,8,17,2,3,0,1,0,0,0,0,1,0,1,0,8.12138E+20,5.82006E+21,1.35933E+16,5.24414E+16
204759,11,0,7,7,2018,8,14,5,3,5,3,0,0,1,0,0,0,0,0,7.98379E+20,5.81363E+21,1.33858E+16,5.23914E+16
204760,11,0,7,7,2018,8,9,5,3,5,3,0,1,1,0,0,0,0,0,7.99609E+20,5.81397E+21,1.34041E+16,5.23938E+16
204761,11,0,4,4,2018,8,14,1,3,2,6,0,0,1,0,0,0,0,0,7.90865E+20,5.82739E+21,1.32877E+16,5.25189E+16
204762,11,0,1,1,2018,8,18,1,3,5,2,0,1,1,0,0,0,0,0,7.96279E+20,5.8304E+21,1.33699E+16,5.25429E+16
204763,11,0,12,12,2018,8,9,5,3,2,6,0,0,1,0,0,0,0,1,7.93646E+20,5.83613E+21,1.33363E+16,5.25957E+16
204764,11,0,2,2,2018,8,10,1,3,6,4,0,0,1,1,0,0,0,0,8.00741E+20,5.82572E+21,1.34313E+16,5.24985E+16
204765,11,0,2,2,2018,8,9,5,3,5,2,0,1,1,0,0,0,0,1,8.01621E+20,5.82605E+21,1.34445E+16,5.2501E+16
204766,11,0,7,7,2018,8,12,1,3,6,7,0,0,0,1,1,0,0,0,7.94024E+20,5.82164E+21,1.3329E+16,5.24656E+16
204767,11,0,12,12,2018,9,17,5,2,5,2,0,1,1,0,0,0,0,0,7.92609E+20,5.83388E+21,1.3319E+16,5.25761E+16
204768,11,0,8,8,2018,9,6,3,2,2,6,2,0,1,0,1,0,0,0,8.05494E+20,5.81859E+21,1.34946E+16,5.2432E+16
204769,11,0,2,2,2018,9,17,5,3,1,5,0,1,1,0,0,0,0,0,7.9986E+20,5.826E+21,1.34186E+16,5.25015E+16
204770,11,0,8,8,2018,9,17,5,3,5,2,0,1,1,0,0,0,0,0,8.01314E+20,5.81995E+21,1.34345E+16,5.24465E+16
204771,11,0,5,5,2018,9,5,3,3,3,6,1,0,1,0,1,0,0,0,7.85583E+20,5.82925E+21,1.32116E+16,5.25383E+16
204772,11,0,6,6,2018,9,13,3,3,5,3,0,1,1,0,0,0,0,0,7.9372E+20,5.81979E+21,1.33229E+16,5.24492E+16
204773,11,0,11,11,2018,9,16,5,2,2,6,0,0,1,0,0,0,0,0,8.07817E+20,5.8252E+21,1.35347E+16,5.24899E+16
204774,11,0,3,3,2018,9,5,3,3,5,7,2,0,1,0,1,0,0,1,7.98711E+20,5.83492E+21,1.34097E+16,5.25821E+16
204775,11,0,3,3,2018,9,15,5,3,2,6,0,0,1,0,0,0,0,0,7.99837E+20,5.8393E+21,1.34303E+16,5.26207E+16
204776,11,0,1,1,2018,9,12,3,3,6,2,0,0,1,1,0,0,0,0,7.93407E+20,5.82908E+21,1.33265E+16,5.25326E+16
204777,11,0,2,2,2018,9,15,5,3,3,6,0,1,0,0,0,0,1,0,7.98083E+20,5.8255E+21,1.3392E+16,5.2498E+16
204778,11,0,12,12,2018,9,18,5,3,5,3,0,0,1,0,0,0,0,0,7.86319E+20,5.83445E+21,1.32269E+16,5.25845E+16
204779,11,0,4,4,2018,9,11,3,3,2,6,0,0,0,0,1,0,1,0,7.92088E+20,5.82579E+21,1.33042E+16,5.25039E+16
204780,11,0,3,3,2018,9,11,3,2,5,3,0,1,0,0,0,0,1,0,7.99662E+20,5.83282E+21,1.34218E+16,5.25627E+16
204781,11,0,10,10,2018,9,11,3,3,5,2,0,1,1,0,0,0,0,0,8.12095E+20,5.8318E+21,1.36037E+16,5.25466E+16
204782,11,0,1,1,2018,9,14,5,3,2,6,0,0,1,0,1,0,1,0,7.99204E+20,5.82846E+21,1.34112E+16,5.2524E+16
204783,11,0,7,7,2018,9,14,5,3,0,4,0,0,0,1,0,0,1,0,7.94973E+20,5.82512E+21,1.3346E+16,5.24963E+16
204784,11,0,12,12,2018,9,9,3,3,5,3,0,0,1,0,0,0,0,0,7.96267E+20,5.83238E+21,1.33715E+16,5.25606E+16
204785,11,0,3,3,2018,9,9,3,3,5,3,0,1,1,0,0,0,0,0,8.03851E+20,5.84145E+21,1.34914E+16,5.26377E+16
204786,11,0,11,11,2018,9,15,3,3,2,6,0,0,1,0,0,0,0,0,8.04898E+20,5.82995E+21,1.34962E+16,5.25341E+16
204787,11,0,3,3,2018,9,14,5,3,5,3,0,0,1,0,1,0,0,0,8.0054E+20,5.83208E+21,1.34341E+16,5.25556E+16
204788,11,0,2,2,2018,9,9,3,3,1,5,0,0,1,0,0,0,0,0,7.97811E+20,5.8262E+21,1.33887E+16,5.25044E+16
204789,11,0,9,9,2018,9,8,3,2,5,2,0,1,1,0,0,0,0,0,8.06371E+20,5.82224E+21,1.35107E+16,5.24641E+16
204790,11,0,1,1,2018,9,13,5,3,3,6,0,1,1,0,0,0,0,0,7.96964E+20,5.82695E+21,1.33769E+16,5.25116E+16
204791,11,0,4,4,2018,9,9,3,3,2,6,0,0,1,0,0,0,0,0,7.91714E+20,5.82515E+21,1.32982E+16,5.24983E+16
204792,11,0,9,9,2018,9,13,5,3,5,3,0,0,1,0,0,0,0,0,8.08183E+20,5.81576E+21,1.35314E+16,5.24051E+16
204793,11,0,4,4,2018,9,10,5,3,6,4,0,0,1,1,0,0,0,0,7.91485E+20,5.82601E+21,1.32956E+16,5.25062E+16
204794,11,0,3,3,2018,9,9,3,3,6,4,0,0,1,1,0,0,0,0,7.98218E+20,5.833E+21,1.34007E+16,5.25652E+16
204795,11,0,2,2,2018,9,13,3,3,2,6,0,0,1,0,0,0,0,0,8.00375E+20,5.82789E+21,1.34279E+16,5.25182E+16
204796,11,0,11,11,2018,9,10,5,3,5,3,0,1,1,0,0,0,0,0,8.03622E+20,5.82658E+21,1.34744E+16,5.25046E+16
204797,11,0,3,3,2018,9,13,3,3,5,3,0,0,1,0,1,0,0,0,8.00906E+20,5.8292E+21,1.34368E+16,5.25296E+16
204798,11,0,6,6,2018,9,17,2,3,5,7,0,0,1,0,0,0,0,0,7.95837E+20,5.81907E+21,1.33533E+16,5.24415E+16
204799,11,0,2,2,2018,9,9,5,3,0,2,0,1,1,0,0,0,0,0,7.99917E+20,5.82598E+21,1.34194E+16,5.25012E+16
204800,11,0,1,1,2018,9,9,5,3,2,7,0,1,1,0,0,0,0,0,7.99019E+20,5.8285E+21,1.34085E+16,5.25243E+16
204801,11,0,4,4,2018,9,13,2,3,0,1,0,1,1,0,0,0,0,0,7.91756E+20,5.82483E+21,1.32985E+16,5.24954E+16
204802,11,0,3,3,2018,9,9,5,3,5,3,0,0,1,0,0,0,0,0,8.04239E+20,5.84017E+21,1.34959E+16,5.2626E+16
204803,11,0,2,2,2018,9,8,5,3,5,2,0,1,1,0,0,0,0,0,7.987E+20,5.8247E+21,1.34004E+16,5.24905E+16
204804,11,0,7,7,2018,9,8,5,3,3,2,0,1,0,0,1,0,0,0,7.95495E+20,5.82467E+21,1.33533E+16,5.24919E+16
204805,11,0,6,6,2018,9,18,2,3,2,6,0,0,1,0,0,0,0,0,7.89692E+20,5.81841E+21,1.32626E+16,5.2439E+16
204806,11,0,4,4,2018,9,7,5,3,5,2,0,1,1,0,0,0,0,0,7.93453E+20,5.8244E+21,1.33231E+16,5.24907E+16
204807,11,0,4,4,2018,9,7,5,3,5,3,0,1,0,0,0,0,0,0,7.92854E+20,5.82388E+21,1.33138E+16,5.24863E+16
204808,11,0,2,2,2018,9,18,2,3,5,2,0,1,1,0,0,0,0,0,8.0147E+20,5.82603E+21,1.34423E+16,5.25009E+16
204809,11,0,4,4,2018,9,17,2,3,5,2,0,1,1,0,0,0,0,0,7.93879E+20,5.82697E+21,1.33316E+16,5.25135E+16
204810,11,0,5,5,2018,9,6,5,3,5,2,0,0,1,0,1,0,0,0,7.8562E+20,5.83203E+21,1.32146E+16,5.25632E+16