OBJECTID_1,ULAND,UREGBEZ,UKREIS,UGEMEINDE,UJAHR,UMONAT,USTUNDE,UWOCHENTAG,UKATEGORIE,UART,UTYP1,ULICHTVERH,IstRad,IstPKW,IstFuss,IstKrad,IstGkfz,IstSonstig,STRZUSTAND,LINREFX,LINREFY,XGCSWGS84,YGCSWGS84
204811,11,0,5,5,2018,9,17,2,3,2,6,0,0,1,0,0,0,1,0,7.82741E+20,5.82092E+21,1.31628E+16,5.24651E+16
204812,11,0,4,4,2018,9,13,5,3,5,3,0,0,1,0,0,0,1,0,7.92091E+20,5.82531E+21,1.33039E+16,5.24995E+16
204813,11,0,7,7,2018,9,11,5,3,3,6,0,1,0,0,0,0,0,0,7.99146E+20,5.8199E+21,1.34026E+16,5.24472E+16
204814,11,0,4,4,2018,9,17,2,3,3,2,0,0,1,0,1,0,0,0,7.87713E+20,5.82643E+21,1.32405E+16,5.25119E+16
204815,11,0,10,10,2018,9,13,5,3,5,3,0,1,1,0,0,0,0,0,8.08471E+20,5.83324E+21,1.35518E+16,5.25615E+16
204816,11,0,1,1,2018,9,9,5,3,5,2,0,1,1,1,0,0,0,0,7.94698E+20,5.82603E+21,1.33428E+16,5.25046E+16
204817,11,0,4,4,2018,9,16,2,2,5,2,0,0,1,0,1,0,0,0,7.92823E+20,5.82323E+21,1.33128E+16,5.24805E+16
204818,11,0,1,1,2018,9,16,2,2,6,4,0,0,1,1,0,0,0,0,7.96974E+20,5.82927E+21,1.33791E+16,5.25324E+16
204819,11,0,8,8,2018,9,13,5,3,2,2,0,1,1,0,0,0,0,0,8.00808E+20,5.82264E+21,1.34295E+16,5.24709E+16
204820,11,0,3,3,2018,9,15,2,3,5,3,0,1,1,0,0,0,0,0,7.95957E+20,5.83557E+21,1.33698E+16,5.25894E+16
204821,11,0,1,1,2018,9,15,2,3,2,6,0,0,1,0,1,0,0,0,7.97679E+20,5.83071E+21,1.33908E+16,5.25449E+16
204822,11,0,6,6,2018,9,14,2,3,2,6,0,0,1,0,0,0,1,0,7.93387E+20,5.81622E+21,1.33149E+16,5.24173E+16
204823,11,0,4,4,2018,9,9,5,2,5,2,0,0,1,0,1,0,0,0,7.92065E+20,5.8249E+21,1.33031E+16,5.24959E+16
204824,11,0,10,10,2018,9,14,2,3,5,2,0,1,1,0,0,0,0,0,8.09942E+20,5.83163E+21,1.35719E+16,5.25463E+16
204825,11,0,6,6,2018,9,13,2,2,5,2,0,1,1,0,0,0,0,0,7.9037E+20,5.81826E+21,1.32724E+16,5.24372E+16
204826,11,0,2,2,2018,9,8,5,3,5,3,0,0,1,0,1,0,0,0,7.98048E+20,5.82649E+21,1.33924E+16,5.25069E+16
204827,11,0,11,11,2018,9,8,3,3,2,6,0,0,0,0,0,1,0,0,8.07343E+20,5.82511E+21,1.35277E+16,5.24893E+16
204828,11,0,8,8,2018,9,8,5,3,9,1,0,0,1,0,0,0,0,0,8.0207E+20,5.82211E+21,1.34475E+16,5.24654E+16
204829,11,0,8,8,2018,9,12,2,3,3,6,0,1,0,0,0,1,0,0,8.01729E+20,5.82235E+21,1.34427E+16,5.24678E+16
204830,11,0,8,8,2018,9,7,5,2,5,3,0,1,0,0,0,0,0,0,8.02017E+20,5.82033E+21,1.34451E+16,5.24495E+16
204831,11,0,10,10,2018,9,13,5,3,5,3,0,1,1,0,0,0,0,0,8.12065E+20,5.83062E+21,1.36022E+16,5.25361E+16
204832,11,0,5,5,2018,9,12,2,3,2,2,0,0,1,0,0,0,1,0,7.85743E+20,5.82927E+21,1.3214E+16,5.25384E+16
204833,11,0,4,4,2018,9,12,2,3,3,6,0,0,0,0,1,0,1,0,7.93371E+20,5.82392E+21,1.33214E+16,5.24864E+16
204834,11,0,2,2,2018,9,14,3,3,3,6,0,0,1,0,0,1,0,0,8.01454E+20,5.82603E+21,1.3442E+16,5.25009E+16
204835,11,0,7,7,2018,9,12,5,3,5,2,0,0,1,0,0,0,0,0,7.97241E+20,5.82071E+21,1.33754E+16,5.24556E+16
204836,11,0,8,8,2018,9,11,2,3,6,4,0,0,0,1,0,0,1,0,8.00516E+20,5.82344E+21,1.34259E+16,5.24782E+16
204837,11,0,12,12,2018,9,8,3,3,5,2,0,1,0,0,0,1,0,0,7.93339E+20,5.8324E+21,1.33284E+16,5.25624E+16
204838,11,0,12,12,2018,9,12,5,2,0,7,0,1,1,0,0,0,0,0,7.87998E+20,5.83742E+21,1.32542E+16,5.26103E+16
204839,11,0,2,2,2018,9,14,2,3,2,6,0,0,1,0,0,0,0,0,7.99754E+20,5.82569E+21,1.34167E+16,5.24988E+16
204840,11,0,5,5,2018,9,12,5,2,5,3,0,0,1,0,0,0,0,0,7.89592E+20,5.82963E+21,1.32709E+16,5.25396E+16
204841,11,0,8,8,2018,9,12,5,3,3,6,0,0,1,0,1,0,0,0,8.01227E+20,5.82168E+21,1.34348E+16,5.24621E+16
204842,11,0,7,7,2018,9,16,2,3,0,7,0,1,0,0,0,0,0,0,7.94648E+20,5.82391E+21,1.33402E+16,5.24856E+16
204843,11,0,12,12,2018,9,15,3,3,5,2,0,1,1,0,0,0,0,0,7.92385E+20,5.83523E+21,1.33169E+16,5.25883E+16
204844,11,0,5,5,2018,9,11,5,3,5,2,0,0,1,0,0,0,0,0,7.81906E+20,5.82957E+21,1.31578E+16,5.2543E+16
204845,11,0,1,1,2018,9,20,2,2,6,4,2,0,1,1,0,0,0,0,7.94155E+20,5.83188E+21,1.334E+16,5.25573E+16
204846,11,0,9,9,2018,9,11,5,3,3,6,0,1,0,0,0,0,0,0,8.05689E+20,5.81878E+21,1.34976E+16,5.24335E+16
204847,11,0,7,7,2018,9,11,5,3,1,3,0,0,1,0,0,0,1,0,7.97351E+20,5.82109E+21,1.33773E+16,5.24588E+16
204848,11,0,9,9,2018,9,10,2,3,2,6,0,0,1,0,0,0,0,0,8.06106E+20,5.8234E+21,1.35079E+16,5.24747E+16
204849,11,0,4,4,2018,9,11,5,3,2,2,0,0,1,0,0,0,0,0,7.92527E+20,5.8261E+21,1.3311E+16,5.25064E+16
204850,11,0,4,4,2018,9,10,2,3,5,3,0,1,1,0,0,0,0,0,7.92749E+20,5.82494E+21,1.33132E+16,5.24958E+16
204851,11,0,12,12,2018,9,10,2,3,2,6,0,0,1,0,0,0,0,0,7.92333E+20,5.83505E+21,1.3316E+16,5.25867E+16
204852,11,0,3,3,2018,9,14,3,2,0,1,0,1,0,0,0,0,0,0,8.01039E+20,5.83167E+21,1.3441E+16,5.25516E+16
204853,11,0,5,5,2018,9,10,5,3,2,6,0,1,0,0,0,0,1,0,7.86307E+20,5.83046E+21,1.32233E+16,5.25488E+16
204854,11,0,5,5,2018,9,9,2,3,5,3,0,1,1,0,0,0,0,0,7.84596E+20,5.82797E+21,1.3196E+16,5.25273E+16
204855,11,0,6,6,2018,9,7,5,3,6,7,0,1,0,1,0,0,0,0,7.9043E+20,5.81904E+21,1.3274E+16,5.24442E+16
204856,11,0,2,2,2018,9,9,2,3,2,6,0,0,1,0,0,0,0,0,7.98452E+20,5.82656E+21,1.33984E+16,5.25073E+16
204857,11,0,2,2,2018,9,15,5,2,3,6,0,0,0,0,0,0,1,0,7.97761E+20,5.82395E+21,1.33859E+16,5.24843E+16
204858,11,0,10,10,2018,9,7,4,3,2,7,0,0,1,0,0,0,0,0,8.0758E+20,5.82919E+21,1.35349E+16,5.25258E+16
204859,11,0,7,7,2018,9,9,2,3,3,6,0,1,1,0,0,0,0,0,7.97166E+20,5.8238E+21,1.33771E+16,5.24832E+16
204860,11,0,4,4,2018,9,16,2,3,5,2,0,1,1,0,0,0,0,0,7.90422E+20,5.82904E+21,1.32826E+16,5.25339E+16
204861,11,0,4,4,2018,9,11,4,3,2,6,0,0,1,0,0,0,0,0,7.90859E+20,5.82456E+21,1.32851E+16,5.24935E+16
204862,11,0,10,10,2018,9,9,2,2,6,4,0,0,1,1,0,0,0,0,8.10002E+20,5.8341E+21,1.35751E+16,5.25684E+16
204863,11,0,10,10,2018,9,22,2,3,6,2,2,0,1,1,0,0,0,0,8.09669E+20,5.83211E+21,1.35683E+16,5.25508E+16
204864,11,0,1,1,2018,9,21,2,3,5,7,2,0,1,0,1,0,0,0,7.9731E+20,5.82911E+21,1.33839E+16,5.25308E+16
204865,11,0,1,1,2018,9,18,4,3,0,2,0,1,1,0,0,0,0,0,7.97283E+20,5.83223E+21,1.33863E+16,5.25588E+16
204866,11,0,1,1,2018,9,20,4,3,3,6,2,0,1,0,1,0,0,0,7.98423E+20,5.83018E+21,1.34012E+16,5.25397E+16
204867,11,0,1,1,2018,9,21,2,3,5,2,2,1,1,0,0,0,0,0,7.97174E+20,5.82918E+21,1.3382E+16,5.25314E+16
204868,11,0,6,6,2018,9,18,4,3,2,6,0,0,1,0,1,0,0,0,7.90947E+20,5.8181E+21,1.32808E+16,5.24355E+16
204869,11,0,9,9,2018,9,20,4,3,5,2,1,1,1,0,0,0,0,0,8.09333E+20,5.81849E+21,1.35507E+16,5.24289E+16
204870,11,0,12,12,2018,9,20,2,3,5,7,2,0,1,0,0,0,1,0,7.93491E+20,5.83782E+21,1.33355E+16,5.26109E+16
204871,11,0,11,11,2018,9,19,2,3,2,6,2,0,1,0,0,0,0,0,8.06277E+20,5.8321E+21,1.35184E+16,5.25526E+16
204872,11,0,4,4,2018,9,19,4,3,1,5,0,0,1,0,1,0,0,0,7.9176E+20,5.82556E+21,1.32992E+16,5.25019E+16
204873,11,0,10,10,2018,9,19,2,3,2,3,1,1,1,0,0,0,0,0,8.09552E+20,5.82802E+21,1.35628E+16,5.25142E+16
204874,11,0,1,1,2018,9,9,6,3,5,3,0,1,0,0,0,0,0,0,7.97396E+20,5.82917E+21,1.33852E+16,5.25313E+16
204875,11,0,6,6,2018,9,16,3,3,5,2,0,1,1,0,0,0,0,0,7.87705E+20,5.8217E+21,1.32363E+16,5.24695E+16
204876,11,0,4,4,2018,9,19,2,3,0,3,0,0,1,0,1,0,0,0,7.91914E+20,5.82822E+21,1.33038E+16,5.25257E+16
204877,11,0,5,5,2018,9,18,4,2,0,7,0,1,0,0,0,0,0,0,7.85375E+20,5.8317E+21,1.32107E+16,5.25603E+16
204878,11,0,7,7,2018,9,18,4,3,3,5,0,0,1,0,0,0,0,0,7.97608E+20,5.81992E+21,1.33801E+16,5.24482E+16
204879,11,0,7,7,2018,9,19,2,3,0,4,0,0,0,1,0,0,1,0,8.00625E+20,5.81414E+21,1.34192E+16,5.23948E+16
204880,11,0,12,12,2018,9,17,4,3,5,2,0,1,1,0,0,0,0,0,7.93044E+20,5.83266E+21,1.33243E+16,5.25649E+16
204881,11,0,4,4,2018,9,9,2,3,3,6,0,0,0,0,0,0,1,0,7.91669E+20,5.82513E+21,1.32975E+16,5.24981E+16
204882,11,0,1,1,2018,9,17,4,3,0,3,0,0,1,0,1,0,0,0,7.98617E+20,5.827E+21,1.34012E+16,5.25111E+16
204883,11,0,6,6,2018,9,17,4,3,2,6,0,0,1,0,1,0,0,0,7.95331E+20,5.81848E+21,1.33454E+16,5.24366E+16
204884,11,0,1,1,2018,9,8,2,3,5,3,0,1,1,0,0,0,0,0,7.95764E+20,5.82669E+21,1.3359E+16,5.25099E+16
204885,11,0,8,8,2018,9,13,4,3,2,6,0,0,1,0,0,0,1,0,8.02316E+20,5.82327E+21,1.34522E+16,5.24756E+16
204886,11,0,11,11,2018,9,16,4,3,2,6,0,0,1,0,0,0,0,0,8.05495E+20,5.83003E+21,1.3505E+16,5.25345E+16
204887,11,0,4,4,2018,9,8,2,3,5,2,0,0,1,0,0,0,0,0,7.92766E+20,5.82705E+21,1.33153E+16,5.25147E+16
204888,11,0,9,9,2018,9,21,2,2,8,1,2,0,1,0,0,0,1,0,8.08842E+20,5.8216E+21,1.35464E+16,5.24571E+16
204889,11,0,6,6,2018,9,16,4,2,3,6,0,1,1,0,0,0,0,0,7.91137E+20,5.82E+21,1.32852E+16,5.24525E+16
204890,11,0,1,1,2018,9,21,2,2,0,1,2,1,0,0,0,0,0,0,7.97759E+20,5.82746E+21,1.3389E+16,5.25158E+16
204891,11,0,3,3,2018,9,8,6,3,2,7,0,0,0,0,1,0,1,1,7.9633E+20,5.83532E+21,1.33751E+16,5.2587E+16
204892,11,0,2,2,2018,9,20,2,2,0,1,1,1,0,0,0,0,0,0,8.02292E+20,5.82711E+21,1.34553E+16,5.25101E+16
204893,11,0,7,7,2018,9,16,4,3,5,3,0,1,1,0,0,0,0,0,7.97372E+20,5.81635E+21,1.33734E+16,5.24164E+16
204894,11,0,7,7,2018,9,13,3,3,0,1,0,0,0,0,1,0,0,0,7.96815E+20,5.82101E+21,1.33694E+16,5.24584E+16
204895,11,0,9,9,2018,9,16,4,3,2,6,0,0,1,0,1,0,0,0,8.05475E+20,5.82048E+21,1.3496E+16,5.24489E+16
204896,11,0,9,9,2018,9,8,2,3,2,2,0,1,1,0,0,0,0,0,8.08097E+20,5.81691E+21,1.35312E+16,5.24155E+16
204897,11,0,7,7,2018,9,16,4,3,5,3,0,0,1,0,1,0,0,0,7.97855E+20,5.82189E+21,1.33855E+16,5.24657E+16
204898,11,0,6,6,2018,9,7,2,3,5,2,0,1,1,0,0,0,0,0,7.89264E+20,5.81804E+21,1.3256E+16,5.24358E+16
204899,11,0,11,11,2018,9,14,6,3,5,2,0,1,1,0,0,0,0,0,8.03726E+20,5.82756E+21,1.34768E+16,5.25133E+16
204900,11,0,1,1,2018,9,7,2,3,0,4,0,1,0,1,0,0,0,0,7.94998E+20,5.82633E+21,1.33475E+16,5.25071E+16
204901,11,0,3,3,2018,9,13,4,3,5,3,0,0,1,0,0,0,1,0,7.96443E+20,5.83639E+21,1.33777E+16,5.25965E+16
204902,11,0,9,9,2018,9,5,2,3,5,2,1,0,0,0,1,0,1,0,8.09941E+20,5.82162E+21,1.35626E+16,5.24566E+16
204903,11,0,12,12,2018,9,9,2,3,2,6,0,0,1,0,0,0,0,0,7.94004E+20,5.83532E+21,1.33408E+16,5.25883E+16
204904,11,0,6,6,2018,9,13,4,3,5,3,0,1,1,0,0,0,0,0,7.90698E+20,5.8175E+21,1.32766E+16,5.24302E+16
204905,11,0,5,5,2018,9,16,2,2,6,7,0,0,1,1,0,0,0,0,7.84533E+20,5.82866E+21,1.31957E+16,5.25335E+16
204906,11,0,1,1,2018,9,8,6,3,3,6,0,0,1,0,1,0,0,1,7.99795E+20,5.827E+21,1.34185E+16,5.25105E+16
204907,11,0,7,7,2018,9,10,4,2,5,2,0,1,1,0,0,0,0,0,7.95005E+20,5.82564E+21,1.33469E+16,5.25009E+16
204908,11,0,3,3,2018,9,14,1,3,5,3,0,1,1,0,0,0,0,0,7.98602E+20,5.83516E+21,1.34083E+16,5.25843E+16
204909,11,0,1,1,2018,9,10,4,3,5,2,0,1,1,0,0,0,0,0,7.96965E+20,5.82704E+21,1.3377E+16,5.25124E+16
204910,11,0,4,4,2018,9,15,4,2,6,4,0,0,0,1,1,0,0,0,7.90366E+20,5.82601E+21,1.32791E+16,5.25067E+16
204911,11,0,8,8,2018,9,15,1,3,3,6,0,0,1,0,0,0,0,0,8.01478E+20,5.81798E+21,1.34351E+16,5.24287E+16
204912,11,0,5,5,2018,9,14,1,3,5,2,0,0,1,0,0,0,0,0,7.80874E+20,5.82833E+21,1.31416E+16,5.25325E+16
204913,11,0,4,4,2018,9,13,6,3,2,6,0,0,1,0,1,0,0,0,7.92492E+20,5.82717E+21,1.33114E+16,5.2516E+16
204914,11,0,11,11,2018,9,14,1,3,1,7,0,0,1,0,0,0,0,0,8.03825E+20,5.82898E+21,1.34795E+16,5.2526E+16
204915,11,0,8,8,2018,9,14,4,3,2,6,0,0,1,0,0,0,0,0,8.02715E+20,5.81813E+21,1.34534E+16,5.24294E+16
204916,11,0,1,1,2018,9,12,6,3,1,5,0,1,1,0,0,0,0,0,7.97603E+20,5.82841E+21,1.33876E+16,5.25243E+16
204917,11,0,1,1,2018,9,10,4,3,1,5,0,0,1,0,0,0,0,0,7.96402E+20,5.83151E+21,1.33727E+16,5.25528E+16
204918,11,0,6,6,2018,9,14,1,3,5,5,0,0,1,0,0,0,0,0,7.91028E+20,5.81873E+21,1.32825E+16,5.24411E+16
204919,11,0,3,3,2018,9,15,4,3,0,3,0,1,1,0,0,0,0,0,7.97007E+20,5.83377E+21,1.33836E+16,5.25727E+16
204920,11,0,8,8,2018,9,15,4,3,5,2,0,1,1,0,0,0,0,0,8.02348E+20,5.82276E+21,1.34522E+16,5.24711E+16
204921,11,0,4,4,2018,9,13,1,2,5,2,0,1,1,0,0,0,0,0,7.84992E+20,5.82273E+21,1.31974E+16,5.24801E+16
204922,11,0,3,3,2018,9,14,4,3,6,4,0,0,1,1,0,0,0,0,8.01851E+20,5.8314E+21,1.34527E+16,5.25488E+16
204923,11,0,2,2,2018,9,13,1,3,5,3,0,0,1,0,0,0,0,0,8.02443E+20,5.82742E+21,1.34578E+16,5.25128E+16
204924,11,0,1,1,2018,9,14,4,3,6,4,0,0,1,1,0,0,0,0,7.97177E+20,5.83196E+21,1.33845E+16,5.25564E+16
204925,11,0,1,1,2018,9,14,4,3,5,3,0,1,1,0,0,0,0,0,7.93623E+20,5.82915E+21,1.33297E+16,5.25331E+16
204926,11,0,5,5,2018,9,11,1,3,5,2,0,1,1,0,0,0,0,0,7.84738E+20,5.82749E+21,1.31977E+16,5.2523E+16
204927,11,0,7,7,2018,9,10,1,3,5,2,0,0,1,0,0,0,1,0,7.96916E+20,5.82229E+21,1.3372E+16,5.24698E+16
204928,11,0,8,8,2018,9,14,4,3,5,3,0,0,1,0,1,0,0,0,8.00613E+20,5.82377E+21,1.34276E+16,5.24811E+16
204929,11,0,6,6,2018,9,10,1,3,5,3,0,1,0,0,0,0,0,0,7.87702E+20,5.8217E+21,1.32363E+16,5.24695E+16
204930,11,0,1,1,2018,9,8,6,3,1,5,0,1,1,0,0,0,0,1,7.9745E+20,5.82685E+21,1.33839E+16,5.25104E+16
204931,11,0,9,9,2018,9,21,1,2,4,2,2,0,1,0,0,0,1,0,8.10032E+20,5.82043E+21,1.35628E+16,5.24459E+16
204932,11,0,4,4,2018,9,10,4,3,1,5,0,1,0,0,0,0,1,0,7.92617E+20,5.82484E+21,1.33112E+16,5.24951E+16
204933,11,0,3,3,2018,9,9,4,3,1,5,0,1,1,0,0,0,0,0,7.98837E+20,5.83188E+21,1.34089E+16,5.25548E+16
204934,11,0,1,1,2018,9,7,1,2,8,1,0,0,1,0,0,0,0,0,7.95798E+20,5.82825E+21,1.33609E+16,5.25238E+16
204935,11,0,11,11,2018,9,9,4,3,5,3,0,1,0,0,0,0,0,0,8.05312E+20,5.82911E+21,1.35015E+16,5.25263E+16
204936,11,0,2,2,2018,9,8,4,3,1,5,0,1,1,0,0,0,0,0,7.99233E+20,5.82601E+21,1.34094E+16,5.25019E+16
204937,11,0,1,1,2018,9,21,1,3,0,7,2,0,1,0,1,0,0,0,7.94918E+20,5.83105E+21,1.33505E+16,5.25495E+16
204938,11,0,9,9,2018,9,6,1,2,1,1,0,0,1,0,0,0,0,0,8.0881E+20,5.8216E+21,1.35459E+16,5.24571E+16
204939,11,0,12,12,2018,9,8,4,3,0,1,0,1,0,0,0,0,0,0,7.89438E+20,5.83623E+21,1.32744E+16,5.25988E+16
204940,11,0,7,7,2018,9,7,4,3,5,2,0,1,1,0,0,0,0,0,7.99106E+20,5.81985E+21,1.3402E+16,5.24468E+16
204941,11,0,6,6,2018,9,18,1,3,5,2,0,0,1,0,1,0,0,0,7.89562E+20,5.81541E+21,1.32581E+16,5.24121E+16
204942,11,0,4,4,2018,9,17,1,3,1,5,0,1,1,0,0,0,1,0,7.94543E+20,5.82597E+21,1.33405E+16,5.25041E+16
204943,11,0,4,4,2018,9,5,4,3,0,2,2,1,0,0,0,0,1,0,7.88928E+20,5.8261E+21,1.32581E+16,5.25083E+16
204944,11,0,2,2,2018,9,1,1,3,0,1,2,1,0,0,0,0,0,0,8.00595E+20,5.82707E+21,1.34303E+16,5.25106E+16
204945,11,0,2,2,2018,9,8,6,3,5,3,0,0,1,0,1,0,0,1,7.98162E+20,5.82481E+21,1.33926E+16,5.24918E+16
204946,11,0,1,1,2018,9,11,1,2,0,1,0,1,0,0,0,0,0,0,7.98415E+20,5.8292E+21,1.34002E+16,5.2531E+16
204947,11,0,7,7,2018,9,0,4,2,5,3,2,0,1,0,1,0,0,0,8.00155E+20,5.8215E+21,1.34189E+16,5.2461E+16
204948,11,0,2,2,2018,9,21,4,3,2,2,2,0,1,0,0,0,0,0,8.00407E+20,5.8258E+21,1.34264E+16,5.24994E+16
204949,11,0,1,1,2018,9,16,1,3,2,6,0,0,1,0,1,0,0,0,7.99477E+20,5.82878E+21,1.34155E+16,5.25266E+16
204950,11,0,8,8,2018,9,10,4,1,6,2,0,0,0,1,0,1,0,0,8.01021E+20,5.81708E+21,1.34276E+16,5.24209E+16
204951,11,0,4,4,2018,9,17,3,3,6,4,0,1,0,1,0,0,0,0,7.93975E+20,5.82449E+21,1.33308E+16,5.24911E+16
204952,11,0,7,7,2018,9,15,1,3,3,6,0,0,1,0,1,0,0,0,7.97574E+20,5.82079E+21,1.33804E+16,5.2456E+16
204953,11,0,3,3,2018,9,20,1,2,5,2,2,0,1,0,1,0,0,0,8.00233E+20,5.83119E+21,1.34287E+16,5.25478E+16
204954,11,0,3,3,2018,9,16,3,3,5,3,0,0,1,0,1,0,0,0,7.95863E+20,5.8356E+21,1.33684E+16,5.25897E+16
204955,11,0,11,11,2018,9,17,1,2,0,1,0,1,0,0,0,0,0,0,8.07249E+20,5.82424E+21,1.35255E+16,5.24817E+16
204956,11,0,8,8,2018,9,8,6,2,5,2,0,0,1,0,1,0,0,1,8.00647E+20,5.81937E+21,1.34242E+16,5.24416E+16
204957,11,0,1,1,2018,9,20,7,3,6,4,1,1,0,1,0,0,0,0,7.9893E+20,5.82854E+21,1.34072E+16,5.25248E+16
204958,11,0,8,8,2018,9,15,3,3,5,2,0,1,1,0,0,0,0,0,8.02297E+20,5.81783E+21,1.3447E+16,5.24269E+16
204959,11,0,5,5,2018,9,13,7,3,1,1,0,0,1,0,0,0,0,0,7.86976E+20,5.82986E+21,1.32326E+16,5.2543E+16
204960,11,0,10,10,2018,9,7,6,3,5,3,0,0,1,0,0,0,0,1,8.13394E+20,5.83026E+21,1.36213E+16,5.25321E+16
204961,11,0,3,3,2018,9,12,7,3,6,7,0,0,1,1,0,0,0,0,7.98968E+20,5.83784E+21,1.34161E+16,5.26081E+16
204962,11,0,10,10,2018,9,15,3,3,5,3,0,1,1,0,0,0,0,0,8.10451E+20,5.82468E+21,1.35729E+16,5.24838E+16
204963,11,0,12,12,2018,9,15,3,3,5,2,0,1,1,0,0,0,0,0,7.89987E+20,5.83477E+21,1.32812E+16,5.25855E+16
204964,11,0,8,8,2018,9,13,7,3,5,3,0,0,1,0,0,0,0,0,8.02381E+20,5.82404E+21,1.34538E+16,5.24825E+16
204965,11,0,1,1,2018,9,15,3,3,6,4,0,1,0,1,0,0,0,0,7.96682E+20,5.83079E+21,1.33762E+16,5.25462E+16
204966,11,0,1,1,2018,9,14,3,3,1,1,0,0,1,0,1,0,0,0,7.97457E+20,5.82885E+21,1.33858E+16,5.25283E+16
204967,11,0,2,2,2018,9,12,7,3,1,5,0,1,1,0,0,0,1,0,8.01284E+20,5.82617E+21,1.34397E+16,5.25023E+16
204968,11,0,4,4,2018,9,7,6,2,0,5,0,1,1,0,0,0,0,1,7.93379E+20,5.82224E+21,1.33201E+16,5.24713E+16
204969,11,0,1,1,2018,9,11,7,3,5,2,0,1,1,0,0,0,0,0,7.94599E+20,5.83229E+21,1.33469E+16,5.25607E+16
204970,11,0,4,4,2018,9,14,3,2,3,6,0,0,1,0,1,0,0,0,7.90186E+20,5.82605E+21,1.32765E+16,5.25072E+16
204971,11,0,11,11,2018,9,11,7,3,5,2,0,1,1,0,0,0,0,0,8.0542E+20,5.83332E+21,1.3507E+16,5.2564E+16
204972,11,0,7,7,2018,9,6,6,3,5,3,1,1,1,0,0,0,0,1,7.95032E+20,5.82187E+21,1.3344E+16,5.24671E+16
204973,11,0,6,6,2018,9,15,3,2,5,3,0,1,0,0,0,0,0,0,7.91936E+20,5.81721E+21,1.32945E+16,5.2427E+16
204974,11,0,4,4,2018,9,13,3,3,5,2,0,1,1,0,0,0,0,0,7.89335E+20,5.82642E+21,1.32643E+16,5.2511E+16
204975,11,0,4,4,2018,9,11,7,3,2,6,0,0,1,0,0,0,0,0,7.89093E+20,5.82698E+21,1.32613E+16,5.25161E+16
204976,11,0,4,4,2018,9,13,3,3,1,5,0,1,1,0,0,0,0,0,7.91401E+20,5.82437E+21,1.32929E+16,5.24914E+16
204977,11,0,7,7,2018,9,13,3,3,2,2,0,1,1,0,0,0,0,0,7.99496E+20,5.81266E+21,1.34013E+16,5.23821E+16
204978,11,0,1,1,2018,9,11,7,3,5,2,0,0,1,0,0,0,0,0,7.95887E+20,5.83193E+21,1.33655E+16,5.25568E+16
204979,11,0,4,4,2018,9,11,7,2,2,3,0,1,1,0,0,0,0,0,7.91288E+20,5.82606E+21,1.32927E+16,5.25067E+16
204980,11,0,2,2,2018,9,16,5,3,5,7,0,0,1,0,0,0,0,0,8.0172E+20,5.82864E+21,1.34483E+16,5.25241E+16
204981,11,0,10,10,2018,9,13,3,3,2,6,0,0,1,0,0,0,0,0,8.09938E+20,5.83168E+21,1.35719E+16,5.25468E+16
204982,11,0,7,7,2018,9,10,7,3,2,7,0,1,1,0,0,0,0,0,7.96301E+20,5.82431E+21,1.33648E+16,5.24883E+16
204983,11,0,1,1,2018,9,12,3,3,5,2,0,1,1,0,0,0,0,0,7.95965E+20,5.83198E+21,1.33667E+16,5.25572E+16
204984,11,0,4,4,2018,9,6,7,3,2,4,1,0,1,1,1,0,0,0,7.94193E+20,5.8231E+21,1.33328E+16,5.24786E+16
204985,11,0,9,9,2018,9,13,5,3,2,2,0,0,1,0,0,0,0,0,8.09766E+20,5.82069E+21,1.35591E+16,5.24484E+16
204986,11,0,9,9,2018,9,10,7,3,9,1,0,0,1,0,0,0,0,0,8.16639E+20,5.81742E+21,1.36568E+16,5.24152E+16
204987,11,0,6,6,2018,9,12,3,3,2,6,0,0,1,0,0,0,0,0,7.92723E+20,5.81803E+21,1.33067E+16,5.24339E+16
204988,11,0,9,9,2018,9,18,7,2,4,6,0,0,1,0,0,0,0,0,8.10948E+20,5.82219E+21,1.35779E+16,5.24612E+16
204989,11,0,12,12,2018,9,14,5,3,9,1,0,0,1,0,0,0,0,0,7.90641E+20,5.83738E+21,1.32931E+16,5.26085E+16
204990,11,0,1,1,2018,9,12,3,3,5,2,0,1,1,0,0,0,0,0,7.96013E+20,5.82621E+21,1.33623E+16,5.25055E+16
204991,11,0,1,1,2018,9,18,7,3,6,4,0,0,0,1,0,0,1,0,7.97702E+20,5.83288E+21,1.33931E+16,5.25644E+16
204992,11,0,7,7,2018,9,14,3,3,5,2,0,0,1,0,0,1,0,0,7.98897E+20,5.82121E+21,1.34001E+16,5.24591E+16
204993,11,0,4,4,2018,9,16,3,3,3,6,0,0,1,0,1,0,0,0,7.92294E+20,5.82544E+21,1.3307E+16,5.25006E+16
204994,11,0,5,5,2018,9,10,3,3,2,6,0,0,1,0,0,0,0,0,7.82927E+20,5.82688E+21,1.31706E+16,5.25184E+16
204995,11,0,6,6,2018,9,18,7,3,5,2,0,0,1,0,0,0,0,0,7.94262E+20,5.82026E+21,1.33313E+16,5.24531E+16
204996,11,0,1,1,2018,9,18,7,3,5,2,0,0,1,0,0,0,0,0,7.95182E+20,5.82591E+21,1.33498E+16,5.25032E+16
204997,11,0,4,4,2018,9,9,3,3,6,4,0,0,0,1,1,0,0,0,7.92261E+20,5.82742E+21,1.33082E+16,5.25183E+16
204998,11,0,1,1,2018,9,17,7,3,5,7,0,0,1,0,1,0,0,0,7.98357E+20,5.8297E+21,1.33998E+16,5.25355E+16