OBJECTID_1,ULAND,UREGBEZ,UKREIS,UGEMEINDE,UJAHR,UMONAT,USTUNDE,UWOCHENTAG,UKATEGORIE,UART,UTYP1,ULICHTVERH,IstRad,IstPKW,IstFuss,IstKrad,IstGkfz,IstSonstig,STRZUSTAND,LINREFX,LINREFY,XGCSWGS84,YGCSWGS84
204999,11,0,4,4,2018,9,16,7,3,5,2,0,1,1,0,0,0,0,0,7.93476E+20,5.82473E+21,1.33237E+16,5.24936E+16
205000,11,0,7,7,2018,9,9,3,3,0,1,0,0,1,0,1,0,0,0,7.9488E+20,5.82558E+21,1.33451E+16,5.25004E+16
205001,11,0,3,3,2018,9,22,3,2,5,3,2,1,1,0,0,0,0,0,7.99689E+20,5.83126E+21,1.34208E+16,5.25488E+16
205002,11,0,2,2,2018,9,16,7,3,2,6,0,1,1,0,0,0,0,0,7.99653E+20,5.82566E+21,1.34152E+16,5.24986E+16
205003,11,0,8,8,2018,9,21,3,3,5,3,2,1,0,0,0,0,1,0,8.00161E+20,5.81706E+21,1.3415E+16,5.24212E+16
205004,11,0,8,8,2018,9,16,5,3,6,4,0,1,0,1,0,0,0,0,8.0185E+20,5.82238E+21,1.34445E+16,5.2468E+16
205005,11,0,12,12,2018,9,20,3,3,5,3,1,0,1,0,1,0,0,0,7.96266E+20,5.83238E+21,1.33715E+16,5.25606E+16
205006,11,0,2,2,2018,9,15,7,3,5,3,0,1,1,0,0,0,0,0,8.01232E+20,5.82562E+21,1.34384E+16,5.24973E+16
205007,11,0,8,8,2018,9,19,3,3,6,7,0,0,1,1,0,0,0,0,8.01307E+20,5.82356E+21,1.34376E+16,5.24788E+16
205008,11,0,5,5,2018,9,9,3,3,2,6,0,0,1,0,0,0,0,0,7.856E+20,5.82804E+21,1.32108E+16,5.25275E+16
205009,11,0,4,4,2018,9,15,7,2,0,1,0,1,0,0,0,0,0,0,7.89827E+20,5.82492E+21,1.32703E+16,5.24972E+16
205010,11,0,1,1,2018,9,15,7,3,5,3,0,1,0,0,1,0,0,0,7.98127E+20,5.82991E+21,1.33966E+16,5.25375E+16
205011,11,0,1,1,2018,9,19,3,3,5,2,0,1,1,0,0,0,0,0,7.96941E+20,5.82891E+21,1.33783E+16,5.25292E+16
205012,11,0,8,8,2018,9,13,7,3,6,4,0,0,0,1,0,0,1,0,8.02242E+20,5.82291E+21,1.34508E+16,5.24724E+16
205013,11,0,7,7,2018,9,20,5,3,6,7,2,1,0,1,0,0,0,0,7.94404E+20,5.8224E+21,1.33353E+16,5.24722E+16
205014,11,0,4,4,2018,9,15,7,3,1,5,0,1,1,0,0,0,0,0,7.92456E+20,5.82626E+21,1.33101E+16,5.25079E+16
205015,11,0,2,2,2018,9,0,3,3,5,2,2,1,1,0,0,0,0,0,7.99771E+20,5.82449E+21,1.34159E+16,5.2488E+16
205016,11,0,11,11,2018,9,9,3,3,5,3,0,1,1,0,0,0,0,0,8.04975E+20,5.83303E+21,1.35002E+16,5.25617E+16
205017,11,0,6,6,2018,9,21,7,2,0,6,2,1,1,0,0,0,0,0,7.95823E+20,5.81831E+21,1.33525E+16,5.24348E+16
205018,11,0,11,11,2018,9,9,3,2,0,3,0,0,1,0,1,0,0,0,8.03539E+20,5.82974E+21,1.3476E+16,5.2533E+16
205019,11,0,10,10,2018,9,18,3,2,6,4,0,0,1,1,0,0,0,0,8.12377E+20,5.83096E+21,1.36071E+16,5.25389E+16
205020,11,0,10,10,2018,9,22,7,3,5,2,2,0,1,0,0,0,1,0,8.0996E+20,5.83399E+21,1.35744E+16,5.25675E+16
205021,11,0,1,1,2018,9,21,7,2,2,6,2,1,1,0,0,0,0,0,8.00053E+20,5.8281E+21,1.34233E+16,5.25202E+16
205022,11,0,1,1,2018,9,9,3,2,5,3,0,1,0,0,0,1,0,0,7.97674E+20,5.83131E+21,1.33912E+16,5.25503E+16
205023,11,0,12,12,2018,9,9,3,2,5,2,0,1,0,0,0,0,1,0,7.91842E+20,5.83465E+21,1.33084E+16,5.25834E+16
205024,11,0,6,6,2018,9,19,7,3,5,7,2,0,1,0,1,0,0,0,7.93288E+20,5.81701E+21,1.33141E+16,5.24244E+16
205025,11,0,7,7,2018,9,19,7,3,2,6,0,0,1,0,1,0,0,0,7.9495E+20,5.82465E+21,1.33453E+16,5.24921E+16
205026,11,0,3,3,2018,9,8,3,3,0,1,0,0,0,0,1,0,0,0,8.01057E+20,5.83141E+21,1.34411E+16,5.25494E+16
205027,11,0,5,5,2018,9,13,7,3,5,3,0,1,1,0,0,0,0,0,7.85208E+20,5.83186E+21,1.32084E+16,5.25619E+16
205028,11,0,11,11,2018,9,19,5,3,5,2,1,1,1,0,0,0,0,0,8.05898E+20,5.82585E+21,1.35071E+16,5.24968E+16
205029,11,0,4,4,2018,9,13,7,3,0,2,0,1,1,0,0,0,0,0,7.92838E+20,5.82321E+21,1.3313E+16,5.24803E+16
205030,11,0,7,7,2018,9,8,3,3,2,6,0,0,1,0,1,0,0,0,7.97139E+20,5.82476E+21,1.33775E+16,5.24919E+16
205031,11,0,7,7,2018,9,6,3,3,5,7,0,0,1,0,0,0,1,0,7.98795E+20,5.82182E+21,1.33992E+16,5.24646E+16
205032,11,0,11,11,2018,9,8,3,3,2,6,0,0,1,0,0,0,0,0,8.02449E+20,5.82888E+21,1.34592E+16,5.25259E+16
205033,11,0,2,2,2018,9,1,7,3,5,7,2,0,1,0,0,0,1,0,7.98322E+20,5.82563E+21,1.33957E+16,5.2499E+16
205034,11,0,2,2,2018,9,18,3,3,2,6,1,0,1,0,1,0,0,0,8.029E+20,5.82765E+21,1.34647E+16,5.25146E+16
205035,11,0,3,3,2018,9,20,7,1,0,7,1,1,0,0,0,1,0,0,7.99115E+20,5.83027E+21,1.34115E+16,5.25402E+16
205036,11,0,6,6,2018,9,19,5,2,5,2,0,1,1,0,0,0,0,0,7.92355E+20,5.82082E+21,1.33038E+16,5.24591E+16
205037,11,0,12,12,2018,9,23,6,3,2,6,2,0,1,0,0,0,0,1,7.93256E+20,5.83259E+21,1.33274E+16,5.25642E+16
205038,11,0,9,9,2018,9,18,3,3,2,6,1,0,1,0,1,0,0,0,8.09777E+20,5.82061E+21,1.35592E+16,5.24476E+16
205039,11,0,5,5,2018,9,20,6,3,6,7,1,0,0,1,0,1,0,0,7.84987E+20,5.82905E+21,1.32027E+16,5.25368E+16
205040,11,0,3,3,2018,9,18,5,3,5,3,0,1,1,0,0,0,0,0,8.04436E+20,5.84069E+21,1.34993E+16,5.26306E+16
205041,11,0,7,7,2018,9,18,3,3,5,2,1,1,1,0,0,0,0,0,7.94963E+20,5.82431E+21,1.33452E+16,5.2489E+16
205042,11,0,2,2,2018,9,20,6,3,1,5,2,1,1,0,0,0,0,0,7.9987E+20,5.82446E+21,1.34173E+16,5.24877E+16
205043,11,0,1,1,2018,9,22,6,3,5,2,2,0,1,0,0,0,0,0,7.99734E+20,5.82756E+21,1.34181E+16,5.25156E+16
205044,11,0,6,6,2018,9,8,3,3,0,1,0,1,0,0,0,0,0,0,7.90235E+20,5.81495E+21,1.32676E+16,5.24076E+16
205045,11,0,10,10,2018,9,7,6,3,0,3,0,0,0,0,1,1,0,1,8.06951E+20,5.83258E+21,1.35288E+16,5.25566E+16
205046,11,0,4,4,2018,9,18,3,3,5,2,0,0,1,0,0,0,0,0,7.9231E+20,5.82539E+21,1.33071E+16,5.25001E+16
205047,11,0,6,6,2018,9,19,6,2,6,7,2,0,1,1,0,0,0,0,7.93452E+20,5.82067E+21,1.33198E+16,5.24572E+16
205048,11,0,9,9,2018,9,18,3,3,2,6,0,0,1,0,0,0,0,0,8.09338E+20,5.81851E+21,1.35508E+16,5.24291E+16
205049,11,0,5,5,2018,9,7,3,3,4,2,0,1,1,0,0,0,0,0,7.80056E+20,5.81925E+21,1.31219E+16,5.24515E+16
205050,11,0,8,8,2018,9,19,6,3,3,6,1,1,0,0,1,0,0,0,8.02092E+20,5.82244E+21,1.34481E+16,5.24684E+16
205051,11,0,5,5,2018,9,19,6,3,5,2,0,1,1,0,0,0,0,0,7.84149E+20,5.8273E+21,1.31889E+16,5.25215E+16
205052,11,0,2,2,2018,9,18,6,3,5,3,0,1,1,0,0,0,0,0,8.0046E+20,5.82847E+21,1.34296E+16,5.25233E+16
205053,11,0,5,5,2018,9,17,3,3,5,3,0,1,1,0,0,0,0,0,7.82319E+20,5.82735E+21,1.3162E+16,5.2523E+16
205054,11,0,1,1,2018,9,18,6,3,2,4,0,0,1,1,1,0,0,0,7.97343E+20,5.83121E+21,1.33863E+16,5.25496E+16
205055,11,0,9,9,2018,9,7,3,3,2,6,0,0,1,0,0,0,1,0,8.09172E+20,5.81515E+21,1.35453E+16,5.23991E+16
205056,11,0,3,3,2018,9,18,6,2,5,3,0,0,1,0,1,0,0,0,7.9816E+20,5.83612E+21,1.34027E+16,5.25932E+16
205057,11,0,1,1,2018,9,17,3,3,3,6,0,0,1,0,1,0,0,0,7.95555E+20,5.82577E+21,1.33551E+16,5.25018E+16
205058,11,0,12,12,2018,9,17,3,3,2,6,0,0,1,0,0,0,0,0,7.92065E+20,5.83294E+21,1.33102E+16,5.2568E+16
205059,11,0,7,7,2018,9,18,6,3,5,2,0,0,1,0,1,0,0,0,7.94928E+20,5.82568E+21,1.33459E+16,5.25013E+16
205060,11,0,8,8,2018,9,16,3,3,6,4,0,0,1,1,0,0,0,0,8.05672E+20,5.81701E+21,1.34957E+16,5.24177E+16
205061,11,0,9,9,2018,9,16,3,3,2,6,0,0,1,0,0,0,0,0,8.09366E+20,5.82151E+21,1.3554E+16,5.2456E+16
205062,11,0,1,1,2018,9,17,6,3,1,5,0,1,1,0,0,0,1,0,7.95173E+20,5.8313E+21,1.33544E+16,5.25515E+16
205063,11,0,9,9,2018,9,15,6,3,1,5,0,1,0,0,0,0,0,0,8.10195E+20,5.82038E+21,1.35651E+16,5.24454E+16
205064,11,0,1,1,2018,9,16,3,3,2,2,0,1,1,0,0,0,0,0,7.93964E+20,5.82821E+21,1.33339E+16,5.25245E+16
205065,11,0,4,4,2018,9,15,6,3,0,1,0,0,0,0,1,0,0,0,7.89374E+20,5.82618E+21,1.32647E+16,5.25088E+16
205066,11,0,4,4,2018,9,14,6,3,3,6,0,0,1,0,0,0,0,0,7.90556E+20,5.82538E+21,1.32814E+16,5.2501E+16
205067,11,0,6,6,2018,9,0,3,3,5,3,2,0,1,0,0,0,0,0,7.92757E+20,5.81747E+21,1.33068E+16,5.24289E+16
205068,11,0,8,8,2018,9,18,3,3,0,1,0,0,0,0,1,0,0,0,8.01267E+20,5.81969E+21,1.34335E+16,5.24442E+16
205069,11,0,7,7,2018,9,14,6,3,2,6,0,0,1,0,0,0,0,0,7.94419E+20,5.82233E+21,1.33354E+16,5.24715E+16
205070,11,0,4,4,2018,9,0,3,3,5,7,2,0,1,0,0,0,0,0,7.92788E+20,5.82611E+21,1.33148E+16,5.25063E+16
205071,11,0,4,4,2018,9,23,3,3,5,3,2,0,1,0,0,0,0,0,7.93977E+20,5.82618E+21,1.33323E+16,5.25063E+16
205072,11,0,1,1,2018,9,14,6,3,5,3,0,0,1,0,0,0,0,0,7.95725E+20,5.8282E+21,1.33598E+16,5.25235E+16
205073,11,0,11,11,2018,9,13,6,3,6,7,0,0,0,1,0,0,1,0,8.08301E+20,5.83404E+21,1.355E+16,5.25689E+16
205074,11,0,2,2,2018,9,22,3,3,6,7,2,0,1,1,0,0,0,0,7.99669E+20,5.8253E+21,1.34152E+16,5.24953E+16
205075,11,0,1,1,2018,9,1,6,3,5,3,2,1,1,0,0,0,0,0,7.99747E+20,5.82757E+21,1.34183E+16,5.25156E+16
205076,11,0,12,12,2018,9,15,3,2,1,7,0,0,1,0,1,0,0,0,7.90831E+20,5.83763E+21,1.32961E+16,5.26107E+16
205077,11,0,4,4,2018,9,9,6,3,5,2,0,1,0,0,0,0,1,1,7.93436E+20,5.82392E+21,1.33224E+16,5.24864E+16
205078,11,0,8,8,2018,9,13,3,3,5,2,0,1,1,0,0,0,0,0,8.02776E+20,5.81873E+21,1.34548E+16,5.24347E+16
205079,11,0,12,12,2018,9,9,6,3,0,1,0,0,0,1,1,0,0,1,7.93577E+20,5.83252E+21,1.33321E+16,5.25634E+16
205080,11,0,12,12,2018,9,6,3,3,5,3,0,1,1,0,0,0,0,0,7.90883E+20,5.83837E+21,1.32976E+16,5.26173E+16
205081,11,0,6,6,2018,9,7,6,3,2,1,0,0,1,0,0,0,1,1,7.89245E+20,5.81713E+21,1.3255E+16,5.24277E+16
205082,11,0,1,1,2018,9,9,6,2,5,2,0,1,0,0,1,0,0,0,7.94052E+20,5.82847E+21,1.33355E+16,5.25268E+16
205083,11,0,11,11,2018,9,19,2,3,5,3,1,1,1,0,0,0,0,0,8.05525E+20,5.82598E+21,1.35018E+16,5.24982E+16
205084,11,0,4,4,2018,9,17,2,3,5,2,0,0,1,0,0,0,0,0,7.92412E+20,5.82496E+21,1.33083E+16,5.24962E+16
205085,11,0,12,12,2018,9,9,6,3,2,6,0,0,1,0,0,1,0,1,7.93215E+20,5.83238E+21,1.33266E+16,5.25623E+16
205086,11,0,8,8,2018,9,16,2,3,5,2,0,0,1,0,0,0,1,0,7.99653E+20,5.81643E+21,1.3407E+16,5.24158E+16
205087,11,0,7,7,2018,9,17,2,3,0,2,0,0,1,1,0,0,0,0,7.97635E+20,5.82106E+21,1.33815E+16,5.24584E+16
205088,11,0,4,4,2018,9,9,6,3,2,6,0,0,1,0,0,0,0,1,7.93657E+20,5.82607E+21,1.33275E+16,5.25055E+16
205089,11,0,4,4,2018,9,9,6,3,2,7,0,0,1,0,1,0,0,1,7.9001E+20,5.82639E+21,1.32742E+16,5.25103E+16
205090,11,0,3,3,2018,9,17,2,3,2,6,0,0,1,0,0,0,0,0,8.00837E+20,5.83474E+21,1.34409E+16,5.25793E+16
205091,11,0,11,11,2018,9,9,6,3,2,6,0,1,1,0,0,0,0,1,8.0327E+20,5.82897E+21,1.34714E+16,5.25263E+16
205092,11,0,8,8,2018,9,17,2,3,5,2,0,1,1,0,0,0,0,0,8.0186E+20,5.82239E+21,1.34447E+16,5.2468E+16
205093,11,0,4,4,2018,9,20,4,3,5,7,2,1,1,0,0,0,0,0,7.9419E+20,5.82311E+21,1.33328E+16,5.24787E+16
205094,11,0,6,6,2018,9,0,7,3,2,2,2,0,1,0,0,0,0,0,7.96073E+20,5.81986E+21,1.33575E+16,5.24485E+16
205095,11,0,11,11,2018,9,13,4,2,0,1,0,0,0,0,1,0,0,0,8.03778E+20,5.82791E+21,1.34779E+16,5.25165E+16
205096,11,0,5,5,2018,9,10,6,2,9,1,0,0,0,0,0,0,1,0,7.86155E+20,5.82723E+21,1.32183E+16,5.25199E+16
205097,11,0,12,12,2018,9,19,4,3,5,2,2,1,1,0,0,0,0,0,7.94539E+20,5.83316E+21,1.33468E+16,5.25686E+16
205098,11,0,7,7,2018,9,23,7,3,5,3,2,0,1,0,0,0,0,1,7.97255E+20,5.82296E+21,1.33776E+16,5.24756E+16
205099,11,0,1,1,2018,9,20,7,3,6,4,2,0,0,1,1,0,0,0,7.96523E+20,5.82796E+21,1.33713E+16,5.25209E+16
205100,11,0,3,3,2018,9,19,4,3,0,3,1,1,1,0,0,0,0,0,7.98244E+20,5.83345E+21,1.34015E+16,5.25691E+16
205101,11,0,1,1,2018,9,19,7,2,5,2,1,0,1,0,0,0,1,0,7.96318E+20,5.83164E+21,1.33716E+16,5.2554E+16
205102,11,0,3,3,2018,9,17,4,3,1,5,0,1,1,0,0,0,0,0,7.99417E+20,5.83175E+21,1.34173E+16,5.25533E+16
205103,11,0,2,2,2018,9,19,7,3,2,6,0,1,1,0,0,0,0,0,8.01199E+20,5.82655E+21,1.34388E+16,5.25057E+16
205104,11,0,2,2,2018,9,17,4,3,3,2,0,1,1,0,0,0,0,0,8.00576E+20,5.82702E+21,1.343E+16,5.25102E+16
205105,11,0,1,1,2018,9,13,4,3,2,6,0,0,1,0,1,0,0,0,7.93064E+20,5.82857E+21,1.3321E+16,5.25282E+16
205106,11,0,4,4,2018,9,17,7,3,5,2,0,1,1,0,0,0,0,0,7.9096E+20,5.82301E+21,1.32852E+16,5.24795E+16
205107,11,0,1,1,2018,9,20,5,2,0,1,2,1,0,0,0,0,0,0,7.98199E+20,5.82796E+21,1.33959E+16,5.25199E+16
205108,11,0,7,7,2018,9,15,7,3,2,2,0,0,1,0,0,0,1,0,7.97761E+20,5.82395E+21,1.33859E+16,5.24843E+16
205109,11,0,3,3,2018,9,13,7,3,5,3,0,1,1,0,0,0,0,0,7.99994E+20,5.83302E+21,1.34269E+16,5.25643E+16
205110,11,0,3,3,2018,9,11,4,3,5,2,0,1,1,0,0,0,0,0,8.01057E+20,5.83144E+21,1.34411E+16,5.25496E+16
205111,11,0,3,3,2018,9,18,5,3,2,7,1,0,1,0,0,0,0,0,8.02849E+20,5.83139E+21,1.34674E+16,5.25482E+16
205112,11,0,7,7,2018,9,11,4,3,5,2,0,1,0,0,0,0,1,0,7.97349E+20,5.82207E+21,1.33782E+16,5.24676E+16
205113,11,0,1,1,2018,9,11,7,3,6,4,0,0,1,1,0,0,0,0,7.96892E+20,5.83155E+21,1.33799E+16,5.25529E+16
205114,11,0,12,12,2018,9,23,7,2,8,1,2,0,0,0,1,0,0,0,7.94831E+20,5.83307E+21,1.3351E+16,5.25676E+16
205115,11,0,2,2,2018,9,16,5,3,5,3,0,1,1,0,0,0,0,0,8.01757E+20,5.82624E+21,1.34467E+16,5.25026E+16
205116,11,0,6,6,2018,9,11,4,3,1,5,0,1,0,0,0,0,1,0,7.89777E+20,5.81538E+21,1.32612E+16,5.24117E+16
205117,11,0,1,1,2018,9,19,6,3,6,4,1,1,0,1,0,0,0,0,7.98757E+20,5.82962E+21,1.34056E+16,5.25346E+16
205118,11,0,4,4,2018,9,15,5,3,6,4,0,1,0,1,0,0,0,0,7.94435E+20,5.82392E+21,1.33371E+16,5.24858E+16
205119,11,0,2,2,2018,9,10,4,3,5,3,0,1,1,0,0,0,0,0,8.01744E+20,5.82838E+21,1.34484E+16,5.25218E+16
205120,11,0,12,12,2018,9,23,6,3,5,2,2,0,1,0,1,0,0,0,7.91132E+20,5.83397E+21,1.32974E+16,5.25776E+16
205121,11,0,3,3,2018,9,9,4,3,5,3,0,0,1,0,0,0,0,0,8.01416E+20,5.83092E+21,1.34459E+16,5.25448E+16
205122,11,0,1,1,2018,9,10,4,3,1,5,0,1,0,0,0,0,1,0,7.99251E+20,5.82865E+21,1.3412E+16,5.25256E+16
205123,11,0,8,8,2018,9,18,6,3,1,5,0,1,1,0,0,0,0,0,8.00465E+20,5.82363E+21,1.34253E+16,5.24799E+16
205124,11,0,8,8,2018,9,19,6,3,5,2,0,1,1,0,0,0,0,0,8.00617E+20,5.82377E+21,1.34277E+16,5.24811E+16
205125,11,0,4,4,2018,9,10,5,3,6,7,0,0,1,1,0,0,0,0,7.9329E+20,5.82547E+21,1.33216E+16,5.25003E+16
205126,11,0,4,4,2018,9,8,4,3,5,3,0,0,1,0,0,0,0,0,7.9261E+20,5.82496E+21,1.33112E+16,5.24961E+16
205127,11,0,2,2,2018,9,19,6,3,4,6,1,1,0,0,0,0,0,0,8.00655E+20,5.82847E+21,1.34325E+16,5.25232E+16
205128,11,0,4,4,2018,9,8,6,3,1,5,0,1,1,0,0,0,0,0,7.93754E+20,5.82608E+21,1.3329E+16,5.25055E+16
205129,11,0,3,3,2018,9,9,4,3,1,5,0,1,1,0,0,0,0,0,8.00544E+20,5.83181E+21,1.34339E+16,5.25532E+16
205130,11,0,2,2,2018,9,9,4,3,2,2,0,1,1,0,0,0,0,0,7.99984E+20,5.82619E+21,1.34206E+16,5.25031E+16
205131,11,0,10,10,2018,9,23,6,2,5,3,2,1,1,0,0,0,0,0,8.10168E+20,5.83172E+21,1.35753E+16,5.2547E+16
205132,11,0,10,10,2018,9,16,4,3,6,4,0,0,1,1,0,0,0,0,8.13042E+20,5.83112E+21,1.3617E+16,5.254E+16
205133,11,0,2,2,2018,9,16,4,3,2,6,0,1,1,0,0,0,0,0,8.03069E+20,5.82746E+21,1.3467E+16,5.25128E+16
205134,11,0,10,10,2018,9,16,4,2,6,4,0,0,1,1,0,0,0,0,8.12222E+20,5.83068E+21,1.36045E+16,5.25365E+16
205135,11,0,2,2,2018,9,22,6,3,2,2,2,0,1,0,0,0,0,0,7.99301E+20,5.82617E+21,1.34105E+16,5.25034E+16
205136,11,0,10,10,2018,9,16,4,2,5,2,0,1,1,0,0,0,0,0,8.08957E+20,5.82643E+21,1.35526E+16,5.25002E+16
205137,11,0,2,2,2018,9,15,4,3,5,2,0,1,1,0,0,0,0,0,7.99293E+20,5.82622E+21,1.34105E+16,5.25038E+16
205138,11,0,12,12,2018,9,10,6,3,5,7,0,1,1,0,0,0,0,0,7.94125E+20,5.83388E+21,1.33413E+16,5.25752E+16
205139,11,0,9,9,2018,9,9,6,3,2,2,0,0,1,0,0,0,0,0,8.05672E+20,5.82413E+21,1.35022E+16,5.24815E+16
205140,11,0,2,2,2018,9,8,5,3,0,1,0,1,0,0,0,0,0,0,7.98369E+20,5.8253E+21,1.33961E+16,5.24961E+16
205141,11,0,3,3,2018,9,15,4,3,1,5,0,1,1,0,0,0,0,0,8.00617E+20,5.83675E+21,1.34394E+16,5.25975E+16
205142,11,0,7,7,2018,9,9,6,3,0,6,0,0,1,0,0,1,0,0,7.94344E+20,5.82197E+21,1.3334E+16,5.24684E+16
205143,11,0,2,2,2018,9,15,4,3,5,3,0,1,1,0,0,0,0,0,7.98719E+20,5.8247E+21,1.34007E+16,5.24905E+16
205144,11,0,2,2,2018,9,15,4,3,3,6,0,1,0,0,0,0,0,0,7.98596E+20,5.82558E+21,1.33996E+16,5.24985E+16
205145,11,0,5,5,2018,9,9,6,2,1,5,0,1,1,0,0,0,0,0,7.89888E+20,5.82924E+21,1.32749E+16,5.25359E+16
205146,11,0,6,6,2018,9,14,4,3,5,3,0,1,1,0,0,0,0,0,7.9443E+20,5.81884E+21,1.33325E+16,5.24403E+16
205147,11,0,1,1,2018,9,9,6,3,0,6,0,1,1,0,0,0,0,0,7.94451E+20,5.82771E+21,1.33406E+16,5.25198E+16
205148,11,0,9,9,2018,9,15,4,3,2,6,0,0,1,0,0,0,0,0,8.05746E+20,5.81884E+21,1.34985E+16,5.24341E+16
205149,11,0,8,8,2018,9,18,6,2,6,4,1,1,0,1,0,0,0,0,8.02116E+20,5.82364E+21,1.34496E+16,5.24791E+16
205150,11,0,6,6,2018,9,8,6,3,6,7,0,1,0,1,0,0,0,0,7.94126E+20,5.81764E+21,1.3327E+16,5.24296E+16
205151,11,0,4,4,2018,9,16,4,3,2,6,0,0,1,0,0,0,0,0,7.91356E+20,5.8287E+21,1.3296E+16,5.25303E+16
205152,11,0,6,6,2018,9,0,6,3,0,5,2,1,1,0,0,0,0,0,7.91302E+20,5.82151E+21,1.32889E+16,5.24659E+16
205153,11,0,4,4,2018,9,18,6,3,2,6,0,0,1,0,1,0,0,0,7.92308E+20,5.82611E+21,1.33077E+16,5.25066E+16
205154,11,0,1,1,2018,9,10,6,3,0,1,0,1,0,0,0,0,0,0,7.99039E+20,5.82896E+21,1.34092E+16,5.25284E+16
205155,11,0,8,8,2018,9,6,5,2,5,7,0,0,1,0,1,0,0,0,8.00949E+20,5.82386E+21,1.34327E+16,5.24817E+16
205156,11,0,4,4,2018,9,15,4,3,0,1,0,1,0,0,0,0,0,0,7.91972E+20,5.8274E+21,1.33039E+16,5.25183E+16
205157,11,0,4,4,2018,9,8,6,3,5,5,0,0,1,0,1,0,0,0,7.91327E+20,5.82508E+21,1.32924E+16,5.24979E+16
205158,11,0,8,8,2018,9,18,6,2,3,6,0,1,0,0,0,0,1,0,8.00677E+20,5.82438E+21,1.34291E+16,5.24866E+16
205159,11,0,4,4,2018,9,13,4,2,0,4,0,0,0,1,0,1,1,0,7.91452E+20,5.82507E+21,1.32943E+16,5.24977E+16
205160,11,0,1,1,2018,9,15,5,2,3,6,0,1,1,0,0,0,0,0,7.98902E+20,5.82904E+21,1.34072E+16,5.25293E+16
205161,11,0,8,8,2018,9,17,4,3,6,4,0,0,1,1,0,0,0,0,8.03647E+20,5.81808E+21,1.3467E+16,5.24284E+16
205162,11,0,2,2,2018,9,8,6,3,6,4,0,1,0,1,0,0,0,1,8.00343E+20,5.82455E+21,1.34244E+16,5.24883E+16
205163,11,0,7,7,2018,9,17,4,3,5,2,0,1,0,0,1,0,0,0,7.94719E+20,5.82391E+21,1.33412E+16,5.24856E+16
205164,11,0,6,6,2018,9,19,5,3,1,5,2,1,1,0,0,0,0,0,7.95528E+20,5.81972E+21,1.33494E+16,5.24476E+16
205165,11,0,11,11,2018,9,16,4,3,5,3,0,0,1,0,0,0,0,0,8.07373E+20,5.82456E+21,1.35276E+16,5.24844E+16
205166,11,0,10,10,2018,9,17,6,3,2,6,0,1,1,0,0,0,0,0,8.07962E+20,5.82923E+21,1.35406E+16,5.2526E+16
205167,11,0,8,8,2018,9,7,6,3,6,4,0,0,1,1,0,0,0,0,8.00927E+20,5.82192E+21,1.34306E+16,5.24643E+16
205168,11,0,7,7,2018,9,16,5,3,2,7,0,0,1,0,0,0,0,0,7.94043E+20,5.82165E+21,1.33293E+16,5.24657E+16
205169,11,0,1,1,2018,9,12,4,3,5,7,0,0,1,0,0,0,0,0,7.96957E+20,5.82678E+21,1.33766E+16,5.25101E+16
205170,11,0,10,10,2018,9,7,6,3,5,3,0,1,1,0,0,0,0,1,8.11009E+20,5.8276E+21,1.35838E+16,5.25096E+16
205171,11,0,7,7,2018,9,15,5,3,5,3,0,1,1,0,0,0,0,0,7.96423E+20,5.82487E+21,1.33671E+16,5.24932E+16
205172,11,0,11,11,2018,9,12,4,3,2,2,0,0,1,0,0,0,0,0,8.05402E+20,5.82606E+21,1.35E+16,5.24989E+16
205173,11,0,11,11,2018,9,7,6,2,5,3,0,0,1,0,1,0,0,0,8.05198E+20,5.82897E+21,1.34997E+16,5.25252E+16
205174,11,0,11,11,2018,9,17,4,3,2,6,0,0,1,0,0,0,0,0,8.06601E+20,5.83651E+21,1.35273E+16,5.25919E+16
205175,11,0,2,2,2018,9,11,4,3,5,3,0,1,0,0,0,0,0,0,7.98137E+20,5.82485E+21,1.33923E+16,5.24922E+16
205176,11,0,2,2,2018,9,7,6,3,0,1,0,0,0,0,1,0,0,0,7.98102E+20,5.82621E+21,1.3393E+16,5.25044E+16
205177,11,0,11,11,2018,9,17,5,2,5,2,0,1,1,0,0,0,0,0,8.08265E+20,5.83403E+21,1.35495E+16,5.25688E+16
205178,11,0,1,1,2018,9,17,4,2,0,1,0,1,0,0,0,0,0,0,7.98742E+20,5.82959E+21,1.34054E+16,5.25343E+16
205179,11,0,2,2,2018,9,16,6,3,3,6,0,1,1,0,0,0,0,0,8.01176E+20,5.82515E+21,1.34371E+16,5.24932E+16
205180,11,0,2,2,2018,9,9,4,3,3,6,0,1,0,0,0,0,1,0,8.02108E+20,5.82736E+21,1.34528E+16,5.25124E+16
205181,11,0,1,1,2018,9,8,4,3,6,2,0,0,0,1,0,0,1,0,7.97694E+20,5.83071E+21,1.3391E+16,5.25449E+16
205182,11,0,12,12,2018,9,16,6,3,5,3,0,0,1,0,0,0,0,0,7.91057E+20,5.83628E+21,1.32983E+16,5.25984E+16
205183,11,0,4,4,2018,9,18,5,3,0,7,0,0,1,0,0,0,1,0,7.91671E+20,5.82513E+21,1.32975E+16,5.24981E+16
205184,11,0,4,4,2018,9,9,4,3,5,2,0,1,1,0,0,0,0,0,7.92962E+20,5.82571E+21,1.3317E+16,5.25027E+16
205185,11,0,1,1,2018,9,16,6,3,6,6,0,1,0,1,0,0,0,0,7.98003E+20,5.82881E+21,1.33938E+16,5.25277E+16