OBJECTID_1,ULAND,UREGBEZ,UKREIS,UGEMEINDE,UJAHR,UMONAT,USTUNDE,UWOCHENTAG,UKATEGORIE,UART,UTYP1,ULICHTVERH,IstRad,IstPKW,IstFuss,IstKrad,IstGkfz,IstSonstig,STRZUSTAND,LINREFX,LINREFY,XGCSWGS84,YGCSWGS84
205186,11,0,12,12,2018,9,15,6,2,5,2,0,0,1,0,1,0,0,0,7.91003E+20,5.83373E+21,1.32952E+16,5.25755E+16
205187,11,0,1,1,2018,9,16,5,3,6,4,0,1,0,1,0,0,0,0,7.98686E+20,5.82816E+21,1.34033E+16,5.25215E+16
205188,11,0,4,4,2018,9,9,4,3,0,3,0,0,1,0,1,0,0,0,7.9004E+20,5.82613E+21,1.32744E+16,5.2508E+16
205189,11,0,4,4,2018,9,20,6,3,1,5,2,1,0,0,0,0,1,0,7.93853E+20,5.82625E+21,1.33306E+16,5.2507E+16
205190,11,0,8,8,2018,9,7,4,3,5,3,0,0,1,0,1,0,0,0,8.02032E+20,5.8243E+21,1.34489E+16,5.2485E+16
205191,11,0,1,1,2018,9,15,6,3,5,2,0,0,1,0,1,0,0,0,7.94322E+20,5.82739E+21,1.33385E+16,5.2517E+16
205192,11,0,11,11,2018,9,6,4,3,5,3,0,1,1,0,0,0,0,0,8.04727E+20,5.8312E+21,1.34948E+16,5.25454E+16
205193,11,0,1,1,2018,9,16,4,3,6,7,0,1,0,1,0,0,0,0,7.99455E+20,5.82799E+21,1.34144E+16,5.25196E+16
205194,11,0,12,12,2018,9,15,6,2,1,5,0,1,1,0,0,0,0,0,7.92957E+20,5.83365E+21,1.33239E+16,5.25738E+16
205195,11,0,1,1,2018,9,15,6,3,1,5,0,1,1,0,0,0,0,0,7.94966E+20,5.82828E+21,1.33487E+16,5.25246E+16
205196,11,0,7,7,2018,9,10,5,3,6,7,0,1,0,1,0,0,0,0,7.97008E+20,5.82221E+21,1.33733E+16,5.24691E+16
205197,11,0,1,1,2018,9,5,4,3,2,6,1,0,1,0,0,0,0,0,7.9788E+20,5.82987E+21,1.3393E+16,5.25373E+16
205198,11,0,3,3,2018,9,14,6,3,6,2,0,0,0,1,0,0,1,0,8.03853E+20,5.84145E+21,1.34914E+16,5.26378E+16
205199,11,0,5,5,2018,9,12,5,2,5,2,0,0,1,0,0,0,0,0,7.83692E+20,5.83017E+21,1.31846E+16,5.25476E+16
205200,11,0,8,8,2018,9,13,6,3,5,7,0,1,1,0,0,0,0,0,8.00984E+20,5.82442E+21,1.34337E+16,5.24868E+16
205201,11,0,5,5,2018,9,13,6,3,2,6,0,0,1,0,1,0,0,0,7.88034E+20,5.83092E+21,1.32491E+16,5.2552E+16
205202,11,0,9,9,2018,9,15,4,1,8,1,0,0,0,0,1,0,0,0,8.05132E+20,5.82148E+21,1.34919E+16,5.24581E+16
205203,11,0,8,8,2018,9,14,3,3,5,2,0,0,1,0,0,0,0,0,8.02487E+20,5.82315E+21,1.34546E+16,5.24745E+16
205204,11,0,4,4,2018,9,11,6,3,5,2,0,1,1,0,0,0,0,0,7.94007E+20,5.82393E+21,1.33308E+16,5.24861E+16
205205,11,0,4,4,2018,9,12,3,3,6,4,0,0,1,1,0,0,0,0,7.93585E+20,5.82642E+21,1.33268E+16,5.25087E+16
205206,11,0,2,2,2018,9,11,3,3,5,2,0,1,1,0,0,0,0,0,8.0049E+20,5.82578E+21,1.34276E+16,5.24992E+16
205207,11,0,7,7,2018,9,9,6,2,6,4,0,0,1,1,0,0,0,0,7.97811E+20,5.82188E+21,1.33848E+16,5.24657E+16
205208,11,0,3,3,2018,9,20,5,3,3,6,2,1,0,0,0,0,0,0,8.0184E+20,5.82992E+21,1.34512E+16,5.25355E+16
205209,11,0,2,2,2018,9,7,5,3,5,3,0,1,1,0,0,0,0,0,7.99445E+20,5.82566E+21,1.34122E+16,5.24987E+16
205210,11,0,4,4,2018,9,11,3,3,5,2,0,0,0,0,1,0,0,0,7.93818E+20,5.82671E+21,1.33305E+16,5.25111E+16
205211,11,0,3,3,2018,9,17,5,3,5,3,0,1,1,0,0,0,0,0,7.99839E+20,5.83081E+21,1.34226E+16,5.25446E+16
205212,11,0,4,4,2018,9,14,5,3,5,3,0,0,1,0,0,0,0,0,7.93162E+20,5.82689E+21,1.3321E+16,5.25131E+16
205213,11,0,9,9,2018,9,16,5,3,2,6,0,0,1,0,0,0,1,0,8.04365E+20,5.82175E+21,1.34809E+16,5.24609E+16
205214,11,0,10,10,2018,9,22,5,3,6,4,2,0,1,1,0,0,0,1,8.12182E+20,5.83092E+21,1.36041E+16,5.25387E+16
205215,11,0,4,4,2018,9,11,3,3,2,6,0,0,1,0,0,0,0,0,7.91702E+20,5.82783E+21,1.33004E+16,5.25223E+16
205216,11,0,5,5,2018,9,10,3,3,1,5,0,1,1,0,0,0,0,0,7.84856E+20,5.8277E+21,1.31996E+16,5.25248E+16
205217,11,0,4,4,2018,9,22,5,3,6,2,2,0,1,1,0,0,0,1,7.90399E+20,5.82905E+21,1.32823E+16,5.25339E+16
205218,11,0,6,6,2018,9,10,3,3,5,2,0,0,1,0,1,0,0,0,7.95229E+20,5.81985E+21,1.33451E+16,5.24489E+16
205219,11,0,9,9,2018,9,22,5,3,5,2,2,1,1,0,0,0,0,0,8.0235E+20,5.82475E+21,1.3454E+16,5.24889E+16
205220,11,0,2,2,2018,9,9,3,3,5,3,0,1,1,0,0,0,0,0,8.02445E+20,5.82742E+21,1.34578E+16,5.25128E+16
205221,11,0,1,1,2018,9,9,3,3,5,2,0,1,1,0,0,0,0,0,7.99136E+20,5.82847E+21,1.34102E+16,5.2524E+16
205222,11,0,5,5,2018,9,19,5,3,0,7,0,0,0,0,1,0,0,0,7.8459E+20,5.8295E+21,1.31972E+16,5.2541E+16
205223,11,0,1,1,2018,9,9,3,3,5,2,0,1,0,0,1,0,0,0,7.94885E+20,5.83024E+21,1.33493E+16,5.25422E+16
205224,11,0,7,7,2018,9,9,3,3,0,6,0,0,0,0,1,0,1,0,7.95091E+20,5.82493E+21,1.33476E+16,5.24945E+16
205225,11,0,1,1,2018,9,19,5,3,5,2,2,0,1,0,0,0,0,1,7.97353E+20,5.8312E+21,1.33864E+16,5.25495E+16
205226,11,0,2,2,2018,9,19,5,3,2,6,2,0,1,0,1,0,0,1,7.98107E+20,5.82544E+21,1.33923E+16,5.24974E+16
205227,11,0,10,10,2018,9,6,5,3,1,5,1,1,1,0,0,0,0,0,8.09513E+20,5.83217E+21,1.35661E+16,5.25514E+16
205228,11,0,2,2,2018,9,6,3,3,6,4,1,1,0,1,0,0,0,0,7.99187E+20,5.82459E+21,1.34074E+16,5.24892E+16
205229,11,0,4,4,2018,9,11,5,3,1,5,0,1,1,0,0,0,0,1,7.91454E+20,5.82501E+21,1.32942E+16,5.24972E+16
205230,11,0,3,3,2018,9,14,5,3,1,5,0,0,1,0,1,0,0,0,7.98143E+20,5.83306E+21,1.33997E+16,5.25657E+16
205231,11,0,2,2,2018,9,19,5,3,5,3,1,0,1,0,0,0,0,0,7.98598E+20,5.82558E+21,1.33997E+16,5.24984E+16
205232,11,0,7,7,2018,9,8,3,2,0,7,0,0,1,1,0,0,0,0,7.98244E+20,5.81895E+21,1.33885E+16,5.24392E+16
205233,11,0,6,6,2018,9,15,5,3,2,6,0,0,1,0,0,0,0,0,7.92839E+20,5.81645E+21,1.33071E+16,5.24197E+16
205234,11,0,8,8,2018,9,6,3,3,5,2,0,1,1,0,0,0,0,0,8.06242E+20,5.81637E+21,1.35035E+16,5.24117E+16
205235,11,0,4,4,2018,9,15,5,3,2,6,0,0,1,0,0,0,0,0,7.92075E+20,5.82647E+21,1.33046E+16,5.25099E+16
205236,11,0,8,8,2018,9,0,5,3,1,5,1,0,1,0,0,0,1,0,7.99251E+20,5.81661E+21,1.34012E+16,5.24176E+16
205237,11,0,12,12,2018,9,8,3,3,1,5,0,0,1,0,0,0,0,0,7.95109E+20,5.83247E+21,1.33545E+16,5.25621E+16
205238,11,0,8,8,2018,9,13,5,3,3,2,0,1,1,0,0,0,0,0,8.00879E+20,5.82245E+21,1.34303E+16,5.24691E+16
205239,11,0,5,5,2018,9,14,5,3,2,6,0,0,1,0,0,0,0,0,7.85905E+20,5.82799E+21,1.32153E+16,5.25268E+16
205240,11,0,1,1,2018,9,11,5,3,5,7,0,0,1,0,0,0,0,1,7.98502E+20,5.82946E+21,1.34017E+16,5.25333E+16
205241,11,0,1,1,2018,9,6,6,3,0,2,1,1,0,0,0,0,1,0,7.97662E+20,5.83188E+21,1.33916E+16,5.25554E+16
205242,11,0,10,10,2018,9,8,3,3,3,6,0,1,1,0,0,0,0,0,8.10493E+20,5.82797E+21,1.35766E+16,5.25132E+16
205243,11,0,8,8,2018,9,18,5,3,4,6,0,0,1,0,0,0,0,0,8.00924E+20,5.82147E+21,1.34301E+16,5.24603E+16
205244,11,0,1,1,2018,9,11,5,3,5,2,0,1,0,0,0,1,0,1,7.97108E+20,5.83177E+21,1.33833E+16,5.25547E+16
205245,11,0,9,9,2018,9,11,3,3,0,1,0,0,0,0,1,0,0,0,8.09899E+20,5.82005E+21,1.35605E+16,5.24426E+16
205246,11,0,10,10,2018,9,18,5,3,9,1,1,0,1,0,0,0,0,1,8.09868E+20,5.831E+21,1.35702E+16,5.25407E+16
205247,11,0,7,7,2018,9,4,5,3,5,3,2,0,1,0,1,0,0,0,7.94976E+20,5.82493E+21,1.33459E+16,5.24946E+16
205248,11,0,7,7,2018,9,15,3,3,1,5,0,1,1,0,0,0,0,0,7.9496E+20,5.82413E+21,1.33449E+16,5.24874E+16
205249,11,0,7,7,2018,9,10,5,3,0,7,0,0,1,0,1,0,0,1,7.95079E+20,5.82435E+21,1.33469E+16,5.24893E+16
205250,11,0,8,8,2018,9,17,3,2,5,2,0,0,1,0,0,0,0,0,8.0568E+20,5.81674E+21,1.34956E+16,5.24153E+16
205251,11,0,2,2,2018,9,17,3,3,3,2,0,0,0,0,1,0,1,0,8.00426E+20,5.82797E+21,1.34287E+16,5.25189E+16
205252,11,0,1,1,2018,9,10,5,3,5,3,0,0,1,0,0,0,0,1,7.9465E+20,5.83053E+21,1.33461E+16,5.25449E+16
205253,11,0,2,2,2018,9,17,5,3,2,6,0,0,1,0,0,0,0,0,8.00568E+20,5.82698E+21,1.34299E+16,5.25099E+16
205254,11,0,4,4,2018,9,9,5,2,5,3,0,1,1,0,0,0,0,1,7.92875E+20,5.82433E+21,1.33145E+16,5.24903E+16
205255,11,0,4,4,2018,9,13,5,3,3,6,0,1,1,0,0,0,0,0,7.85074E+20,5.82445E+21,1.32E+16,5.24955E+16
205256,11,0,2,2,2018,9,9,5,3,5,3,0,1,0,0,0,0,0,1,7.98035E+20,5.82583E+21,1.33916E+16,5.25009E+16
205257,11,0,4,4,2018,9,17,3,3,5,2,0,1,1,0,0,0,0,0,7.91215E+20,5.82973E+21,1.32949E+16,5.25396E+16
205258,11,0,1,1,2018,9,0,5,3,5,3,2,0,1,0,0,0,0,0,7.95485E+20,5.82958E+21,1.33575E+16,5.2536E+16
205259,11,0,3,3,2018,9,17,3,3,1,5,0,0,1,0,0,0,0,0,8.02066E+20,5.83135E+21,1.34558E+16,5.25482E+16
205260,11,0,1,1,2018,9,9,5,3,2,2,0,0,1,0,0,0,0,1,7.97188E+20,5.82753E+21,1.33807E+16,5.25167E+16
205261,11,0,5,5,2018,9,21,3,2,5,3,2,0,1,0,0,0,0,0,7.86908E+20,5.83009E+21,1.32318E+16,5.25452E+16
205262,11,0,6,6,2018,9,21,3,3,8,7,2,0,1,0,0,0,0,0,7.85142E+20,5.81914E+21,1.31965E+16,5.24479E+16
205263,11,0,1,1,2018,9,9,5,3,5,3,0,1,0,0,0,0,0,1,7.99135E+20,5.82891E+21,1.34106E+16,5.2528E+16
205264,11,0,12,12,2018,9,19,3,3,2,2,1,0,1,0,0,0,0,0,7.93158E+20,5.83682E+21,1.33297E+16,5.26021E+16
205265,11,0,1,1,2018,9,8,5,3,3,6,0,1,1,0,0,0,0,1,7.97067E+20,5.8293E+21,1.33805E+16,5.25326E+16
205266,11,0,1,1,2018,9,18,3,3,5,7,0,0,1,0,1,0,0,0,7.94581E+20,5.82974E+21,1.33444E+16,5.25379E+16
205267,11,0,3,3,2018,9,18,3,3,5,3,0,1,0,0,0,0,1,0,8.01853E+20,5.83138E+21,1.34527E+16,5.25486E+16
205268,11,0,12,12,2018,9,8,5,3,5,3,0,0,1,0,0,0,0,1,7.92792E+20,5.83748E+21,1.33249E+16,5.26082E+16
205269,11,0,12,12,2018,9,7,5,3,5,7,0,0,1,0,1,0,0,1,7.93195E+20,5.83592E+21,1.33294E+16,5.25941E+16
205270,11,0,9,9,2018,9,12,5,3,5,3,0,0,1,0,0,0,0,0,8.11049E+20,5.81693E+21,1.35744E+16,5.24139E+16
205271,11,0,1,1,2018,9,18,3,3,6,4,0,1,0,1,0,0,0,0,7.97083E+20,5.82653E+21,1.33783E+16,5.25078E+16
205272,11,0,11,11,2018,9,6,5,3,6,4,1,0,1,1,0,0,0,0,8.0521E+20,5.82813E+21,1.34991E+16,5.25176E+16
205273,11,0,8,8,2018,9,17,5,3,5,2,0,1,0,0,0,0,1,0,8.01875E+20,5.82239E+21,1.34449E+16,5.2468E+16
205274,11,0,5,5,2018,9,18,5,3,5,3,1,0,1,0,0,0,0,1,7.83243E+20,5.83029E+21,1.31781E+16,5.25488E+16
205275,11,0,1,1,2018,9,18,3,3,5,2,0,0,0,0,1,0,1,0,7.94321E+20,5.82836E+21,1.33393E+16,5.25257E+16
205276,11,0,2,2,2018,9,17,3,3,6,4,0,0,1,1,0,0,0,0,8.03479E+20,5.82773E+21,1.34733E+16,5.2515E+16
205277,11,0,1,1,2018,9,18,5,3,5,3,0,0,1,0,1,0,0,1,8.00502E+20,5.82684E+21,1.34288E+16,5.25087E+16
205278,11,0,10,10,2018,9,16,3,3,1,5,0,1,1,0,0,0,0,0,8.08974E+20,5.83093E+21,1.3557E+16,5.25406E+16
205279,11,0,3,3,2018,9,15,3,2,5,2,0,0,1,0,1,0,0,0,8.00751E+20,5.8313E+21,1.34365E+16,5.25485E+16
205280,11,0,3,3,2018,9,8,5,2,0,1,0,0,0,0,1,0,0,1,8.04432E+20,5.84067E+21,1.34992E+16,5.26305E+16
205281,11,0,5,5,2018,9,8,5,3,2,6,0,0,1,0,0,1,0,1,7.83948E+20,5.8266E+21,1.31853E+16,5.25154E+16
205282,11,0,1,1,2018,9,7,5,3,5,3,0,1,1,0,0,0,0,0,7.98528E+20,5.83005E+21,1.34027E+16,5.25385E+16
205283,11,0,4,4,2018,9,15,3,3,5,3,0,0,1,0,0,0,0,0,7.90981E+20,5.82666E+21,1.32887E+16,5.25123E+16
205284,11,0,2,2,2018,9,14,3,3,5,7,0,0,1,0,1,0,0,0,8.01245E+20,5.8288E+21,1.34415E+16,5.25258E+16
205285,11,0,1,1,2018,9,18,5,3,2,1,0,0,1,0,1,0,0,1,7.96741E+20,5.83048E+21,1.33768E+16,5.25434E+16
205286,11,0,12,12,2018,9,11,5,3,0,1,0,0,0,0,1,0,0,1,7.95447E+20,5.83416E+21,1.3361E+16,5.25771E+16
205287,11,0,3,3,2018,9,9,5,3,1,5,0,0,1,0,1,0,0,0,8.03579E+20,5.83414E+21,1.34806E+16,5.25724E+16
205288,11,0,1,1,2018,9,14,3,3,5,2,0,0,1,0,0,0,0,0,7.96659E+20,5.83206E+21,1.3377E+16,5.25576E+16
205289,11,0,10,10,2018,9,10,5,3,0,1,0,0,0,0,1,0,0,1,8.10838E+20,5.82902E+21,1.35826E+16,5.25224E+16
205290,11,0,5,5,2018,9,16,5,3,2,6,0,0,1,0,0,0,1,0,7.86964E+20,5.82955E+21,1.32322E+16,5.25403E+16
205291,11,0,7,7,2018,9,16,5,3,5,3,0,1,1,0,0,0,0,0,7.97826E+20,5.8222E+21,1.33853E+16,5.24686E+16
205292,11,0,2,2,2018,9,13,3,3,5,3,0,0,1,0,0,0,0,0,7.99718E+20,5.82631E+21,1.34168E+16,5.25043E+16
205293,11,0,7,7,2018,9,12,3,3,5,3,0,0,1,0,0,0,0,0,7.99385E+20,5.81539E+21,1.34021E+16,5.24066E+16
205294,11,0,4,4,2018,9,16,5,3,5,2,0,1,1,0,0,0,0,0,7.91028E+20,5.82741E+21,1.32901E+16,5.25189E+16
205295,11,0,10,10,2018,9,14,3,2,0,1,0,0,0,0,1,0,0,0,8.07833E+20,5.82907E+21,1.35385E+16,5.25246E+16
205296,11,0,1,1,2018,9,9,6,3,5,2,0,1,1,0,0,0,0,0,7.9911E+20,5.82847E+21,1.34098E+16,5.2524E+16
205297,11,0,4,4,2018,9,17,2,3,0,2,0,1,1,0,0,0,0,0,7.93862E+20,5.82323E+21,1.3328E+16,5.24799E+16
205298,11,0,2,2,2018,9,15,5,3,3,6,0,0,1,0,1,0,0,0,7.9845E+20,5.82655E+21,1.33984E+16,5.25072E+16
205299,11,0,6,6,2018,9,15,5,3,5,3,0,0,1,0,0,0,0,0,7.95187E+20,5.81951E+21,1.33442E+16,5.24459E+16
205300,11,0,9,9,2018,9,22,2,3,0,3,2,1,1,0,0,0,0,0,8.04599E+20,5.82205E+21,1.34846E+16,5.24635E+16
205301,11,0,4,4,2018,9,15,5,3,5,2,0,1,1,0,0,0,0,0,7.92718E+20,5.82611E+21,1.33138E+16,5.25064E+16
205302,11,0,7,7,2018,9,17,5,3,2,4,0,1,0,1,0,0,0,0,7.93895E+20,5.82294E+21,1.33283E+16,5.24773E+16
205303,11,0,1,1,2018,9,8,5,3,2,6,0,0,1,0,0,0,0,0,7.98351E+20,5.82903E+21,1.33991E+16,5.25295E+16
205304,11,0,1,1,2018,9,22,2,3,1,5,2,0,1,0,1,0,0,0,7.9469E+20,5.82884E+21,1.33452E+16,5.25298E+16
205305,11,0,8,8,2018,9,9,5,3,3,6,0,0,0,0,1,1,0,1,8.0164E+20,5.81743E+21,1.3437E+16,5.24237E+16
205306,11,0,3,3,2018,9,7,5,3,0,2,1,1,1,0,0,0,0,0,7.96288E+20,5.83646E+21,1.33755E+16,5.25972E+16
205307,11,0,1,1,2018,9,10,5,3,2,6,0,0,1,0,0,1,0,1,7.95327E+20,5.82616E+21,1.33521E+16,5.25054E+16
205308,11,0,1,1,2018,9,15,2,3,2,6,0,1,1,0,0,0,0,0,7.97578E+20,5.82731E+21,1.33862E+16,5.25145E+16
205309,11,0,3,3,2018,9,14,2,3,5,3,0,0,1,0,1,0,0,0,8.00994E+20,5.8319E+21,1.34406E+16,5.25538E+16
205310,11,0,5,5,2018,9,18,4,3,5,3,0,1,1,0,0,0,0,0,7.81915E+20,5.8286E+21,1.31571E+16,5.25344E+16
205311,11,0,1,1,2018,9,14,2,3,5,2,0,1,1,0,0,0,0,0,7.98051E+20,5.83003E+21,1.33956E+16,5.25386E+16
205312,11,0,12,12,2018,9,21,5,3,5,2,2,0,1,0,0,0,0,0,7.92859E+20,5.83517E+21,1.33238E+16,5.25875E+16
205313,11,0,8,8,2018,9,13,2,3,5,2,0,1,1,0,0,0,0,0,8.05577E+20,5.81741E+21,1.34947E+16,5.24213E+16
205314,11,0,1,1,2018,9,16,4,3,2,7,0,0,1,0,0,0,0,0,7.94789E+20,5.82831E+21,1.33461E+16,5.2525E+16
205315,11,0,3,3,2018,9,7,4,3,1,5,0,1,1,0,0,0,0,0,8.00468E+20,5.83175E+21,1.34327E+16,5.25527E+16
205316,11,0,10,10,2018,9,8,4,3,5,3,0,1,1,0,0,0,0,0,8.07141E+20,5.82848E+21,1.35278E+16,5.25197E+16
205317,11,0,8,8,2018,9,13,2,3,5,3,0,1,1,0,0,0,0,0,8.0095E+20,5.81627E+21,1.34258E+16,5.24137E+16
205318,11,0,2,2,2018,9,19,4,3,5,5,1,0,1,0,1,0,0,0,7.97118E+20,5.82408E+21,1.33766E+16,5.24858E+16
205319,11,0,2,2,2018,9,19,4,3,6,4,1,1,0,1,0,0,0,0,8.01857E+20,5.82844E+21,1.34501E+16,5.25222E+16
205320,11,0,10,10,2018,9,16,5,3,5,3,0,1,1,0,0,0,0,0,8.1212E+20,5.82597E+21,1.35986E+16,5.24944E+16
205321,11,0,1,1,2018,9,13,2,3,2,6,0,0,0,0,1,0,1,0,7.96194E+20,5.82674E+21,1.33654E+16,5.25102E+16
205322,11,0,7,7,2018,9,18,4,3,5,2,0,1,1,0,0,0,0,0,7.95533E+20,5.81609E+21,1.33462E+16,5.2415E+16
205323,11,0,4,4,2018,9,19,2,3,5,3,2,1,1,0,0,0,0,0,7.90794E+20,5.82739E+21,1.32866E+16,5.25189E+16
205324,11,0,3,3,2018,9,13,2,3,2,7,0,0,1,0,1,0,0,0,8.04507E+20,5.84092E+21,1.35005E+16,5.26327E+16
205325,11,0,10,10,2018,9,18,4,3,1,7,0,1,1,0,0,0,0,0,8.13063E+20,5.83071E+21,1.36169E+16,5.25363E+16
205326,11,0,6,6,2018,9,12,5,3,5,2,0,1,1,0,0,0,0,0,7.86863E+20,5.81743E+21,1.32203E+16,5.24317E+16
205327,11,0,3,3,2018,9,7,4,3,2,6,0,0,1,0,0,0,0,0,8.00703E+20,5.83865E+21,1.34424E+16,5.26144E+16
205328,11,0,2,2,2018,9,23,4,2,0,5,2,0,0,0,1,0,1,0,7.97235E+20,5.82451E+21,1.33787E+16,5.24896E+16
205329,11,0,8,8,2018,9,11,2,2,5,2,0,0,1,0,1,0,0,0,8.00621E+20,5.82311E+21,1.34272E+16,5.24752E+16
205330,11,0,3,3,2018,9,7,4,3,0,7,0,0,1,0,0,0,0,0,7.99601E+20,5.83009E+21,1.34185E+16,5.25383E+16
205331,11,0,6,6,2018,9,18,5,3,2,6,0,1,1,0,0,0,0,0,7.89268E+20,5.81748E+21,1.32556E+16,5.24308E+16
205332,11,0,4,4,2018,9,11,2,3,1,5,0,0,1,0,0,0,1,0,7.91235E+20,5.82606E+21,1.32919E+16,5.25067E+16
205333,11,0,12,12,2018,9,7,4,2,1,5,0,1,0,0,0,0,1,0,7.96695E+20,5.83298E+21,1.33783E+16,5.25658E+16
205334,11,0,4,4,2018,9,10,4,3,2,7,0,1,1,0,0,0,0,0,7.93193E+20,5.82472E+21,1.33195E+16,5.24936E+16
205335,11,0,11,11,2018,9,7,4,3,1,5,0,1,1,0,0,0,0,0,8.05033E+20,5.83414E+21,1.3502E+16,5.25716E+16
205336,11,0,2,2,2018,9,19,2,3,6,4,1,0,0,1,1,0,0,0,8.02386E+20,5.82609E+21,1.34558E+16,5.25009E+16
205337,11,0,3,3,2018,9,7,4,3,5,3,0,1,0,0,0,0,0,0,7.99302E+20,5.83505E+21,1.34185E+16,5.25829E+16
205338,11,0,3,3,2018,9,16,4,3,5,3,0,1,1,0,0,0,0,0,7.96625E+20,5.83417E+21,1.33784E+16,5.25765E+16
205339,11,0,9,9,2018,9,9,2,3,6,2,0,0,1,1,0,0,0,0,8.05817E+20,5.81965E+21,1.35003E+16,5.24413E+16
205340,11,0,4,4,2018,9,14,4,2,5,2,0,1,0,0,1,0,0,0,7.93156E+20,5.82452E+21,1.33188E+16,5.24918E+16
205341,11,0,4,4,2018,9,9,2,3,5,3,0,1,0,0,0,0,1,0,7.89702E+20,5.82956E+21,1.32725E+16,5.25389E+16
205342,11,0,1,1,2018,9,5,5,3,5,3,2,1,1,0,0,0,0,0,7.93703E+20,5.82802E+21,1.33299E+16,5.25229E+16
205343,11,0,2,2,2018,9,18,2,2,1,5,1,1,1,0,0,0,0,0,8.02713E+20,5.82735E+21,1.34617E+16,5.2512E+16
205344,11,0,2,2,2018,9,7,4,2,6,4,0,1,0,1,0,0,0,0,8.00941E+20,5.8276E+21,1.34359E+16,5.25152E+16
205345,11,0,1,1,2018,9,13,4,3,7,7,0,1,0,0,0,0,0,0,7.94576E+20,5.8285E+21,1.33432E+16,5.25268E+16
205346,11,0,4,4,2018,9,10,5,3,0,1,0,0,0,0,1,0,0,0,7.92249E+20,5.82824E+21,1.33087E+16,5.25257E+16
205347,11,0,9,9,2018,9,9,2,3,6,2,0,0,0,1,0,0,1,0,8.04103E+20,5.82359E+21,1.34787E+16,5.24776E+16
205348,11,0,1,1,2018,9,13,4,2,1,5,0,1,1,0,0,0,0,0,7.94996E+20,5.82595E+21,1.33471E+16,5.25037E+16
205349,11,0,8,8,2018,9,11,4,3,3,6,0,1,1,0,0,0,0,0,8.00919E+20,5.82385E+21,1.34322E+16,5.24817E+16
205350,11,0,1,1,2018,9,9,2,3,1,5,0,1,1,0,0,0,1,0,7.98098E+20,5.82846E+21,1.33949E+16,5.25245E+16
205351,11,0,1,1,2018,9,7,2,2,5,3,0,1,0,0,1,0,0,0,7.94184E+20,5.83038E+21,1.33391E+16,5.25439E+16
205352,11,0,1,1,2018,9,11,4,3,5,2,0,1,1,0,0,0,0,0,7.94698E+20,5.82603E+21,1.33428E+16,5.25046E+16
205353,11,0,9,9,2018,9,7,2,2,5,3,0,1,1,0,0,0,0,0,8.07879E+20,5.81918E+21,1.35301E+16,5.24359E+16
205354,11,0,1,1,2018,9,14,4,2,0,1,0,1,0,0,0,0,0,0,7.98529E+20,5.829E+21,1.34017E+16,5.25292E+16
205355,11,0,9,9,2018,9,7,2,3,5,3,0,0,1,0,1,0,0,0,8.02157E+20,5.82474E+21,1.34512E+16,5.24889E+16
205356,11,0,6,6,2018,9,11,4,3,5,3,0,1,1,0,0,0,0,0,7.9434E+20,5.81904E+21,1.33314E+16,5.24421E+16
205357,11,0,4,4,2018,9,18,2,3,5,3,1,1,1,0,0,0,0,0,7.92557E+20,5.8247E+21,1.33102E+16,5.24938E+16
205358,11,0,5,5,2018,9,12,2,3,3,6,0,0,1,0,1,0,0,0,7.84052E+20,5.82872E+21,1.31887E+16,5.25343E+16
205359,11,0,4,4,2018,9,9,4,3,5,3,0,1,1,0,0,0,0,0,7.93128E+20,5.8254E+21,1.33192E+16,5.24998E+16
205360,11,0,4,4,2018,9,18,4,3,5,7,0,1,1,0,0,0,0,0,7.91981E+20,5.82821E+21,1.33048E+16,5.25256E+16
205361,11,0,4,4,2018,9,8,5,3,2,6,0,0,1,0,0,0,0,0,7.9213E+20,5.825E+21,1.33042E+16,5.24967E+16
205362,11,0,1,1,2018,9,18,2,2,5,3,0,0,0,0,1,0,1,0,7.95121E+20,5.8265E+21,1.33494E+16,5.25086E+16
205363,11,0,3,3,2018,9,18,4,3,2,6,0,0,1,0,1,0,0,0,7.99194E+20,5.83177E+21,1.3414E+16,5.25536E+16
205364,11,0,12,12,2018,9,13,4,2,5,2,0,0,1,0,1,0,0,0,7.95586E+20,5.83315E+21,1.33622E+16,5.25679E+16
205365,11,0,1,1,2018,9,9,4,3,0,1,0,1,0,0,0,0,0,0,7.9904E+20,5.82896E+21,1.34092E+16,5.25285E+16
205366,11,0,2,2,2018,9,18,2,3,2,6,0,0,1,0,1,0,0,0,8.0213E+20,5.82846E+21,1.34542E+16,5.25223E+16
205367,11,0,6,6,2018,9,17,2,3,5,2,0,0,1,0,1,0,0,0,7.91932E+20,5.81906E+21,1.3296E+16,5.24436E+16
205368,11,0,1,1,2018,9,18,4,3,5,2,0,1,1,0,0,0,0,0,7.94305E+20,5.83174E+21,1.33421E+16,5.2556E+16
205369,11,0,7,7,2018,9,17,2,3,1,1,0,0,1,0,1,0,0,0,7.95629E+20,5.82418E+21,1.33548E+16,5.24875E+16
205370,11,0,1,1,2018,9,14,6,3,6,4,0,0,1,1,0,0,0,0,7.94136E+20,5.82846E+21,1.33367E+16,5.25267E+16
205371,11,0,10,10,2018,9,16,2,3,5,2,0,0,0,0,1,0,1,0,8.10131E+20,5.83098E+21,1.35741E+16,5.25404E+16
205372,11,0,12,12,2018,9,8,4,2,6,2,0,0,1,1,0,0,0,0,7.95057E+20,5.83279E+21,1.33541E+16,5.2565E+16
205373,11,0,3,3,2018,9,17,4,3,2,3,0,0,1,0,0,0,0,0,8.01995E+20,5.83282E+21,1.34561E+16,5.25614E+16