OBJECTID_1,ULAND,UREGBEZ,UKREIS,UGEMEINDE,UJAHR,UMONAT,USTUNDE,UWOCHENTAG,UKATEGORIE,UART,UTYP1,ULICHTVERH,IstRad,IstPKW,IstFuss,IstKrad,IstGkfz,IstSonstig,STRZUSTAND,LINREFX,LINREFY,XGCSWGS84,YGCSWGS84
205374,11,0,8,8,2018,9,16,2,3,6,7,0,0,1,1,0,0,0,0,8.01034E+20,5.82377E+21,1.34338E+16,5.24809E+16
205375,11,0,3,3,2018,9,17,2,3,3,6,0,1,1,0,0,0,0,0,8.00488E+20,5.8297E+21,1.34311E+16,5.25344E+16
205376,11,0,1,1,2018,9,8,4,3,6,4,0,1,0,1,0,0,0,0,7.9863E+20,5.82883E+21,1.34031E+16,5.25275E+16
205377,11,0,8,8,2018,9,17,4,3,3,6,0,1,1,0,0,0,0,0,8.01308E+20,5.82356E+21,1.34376E+16,5.24788E+16
205378,11,0,9,9,2018,9,6,5,3,3,6,0,0,1,0,1,0,0,0,8.06746E+20,5.82298E+21,1.35169E+16,5.24706E+16
205379,11,0,10,10,2018,9,16,2,3,6,7,0,1,0,1,0,0,0,0,8.08519E+20,5.83111E+21,1.35505E+16,5.25425E+16
205380,11,0,1,1,2018,9,16,4,3,0,2,0,1,1,0,0,0,0,0,7.94569E+20,5.82843E+21,1.3343E+16,5.25262E+16
205381,11,0,12,12,2018,9,13,4,3,5,7,0,0,1,0,0,0,1,0,7.93943E+20,5.83617E+21,1.33407E+16,5.25959E+16
205382,11,0,10,10,2018,9,16,4,3,5,3,0,1,1,0,0,0,0,0,8.12418E+20,5.82968E+21,1.36065E+16,5.25274E+16
205383,11,0,6,6,2018,9,15,2,3,5,7,0,1,1,0,0,0,0,0,7.95737E+20,5.81679E+21,1.33499E+16,5.24212E+16
205384,11,0,6,6,2018,9,14,5,3,5,3,0,1,1,0,0,0,0,0,7.92359E+20,5.82078E+21,1.33038E+16,5.24588E+16
205385,11,0,7,7,2018,9,15,2,3,1,5,0,0,1,0,0,0,0,0,7.98181E+20,5.81513E+21,1.33842E+16,5.2405E+16
205386,11,0,2,2,2018,9,8,4,3,5,3,0,1,0,0,0,0,0,0,8.00772E+20,5.82587E+21,1.34319E+16,5.24998E+16
205387,11,0,3,3,2018,9,19,5,3,5,3,2,0,1,0,0,0,0,0,8.01044E+20,5.83602E+21,1.34451E+16,5.25906E+16
205388,11,0,9,9,2018,9,15,2,3,2,2,0,0,1,0,0,0,0,0,8.10525E+20,5.82001E+21,1.35696E+16,5.24419E+16
205389,11,0,6,6,2018,9,23,4,3,2,6,2,0,1,0,0,0,1,0,7.91186E+20,5.8201E+21,1.3286E+16,5.24533E+16
205390,11,0,8,8,2018,9,13,4,3,5,3,0,1,1,0,0,0,0,0,8.0125E+20,5.82288E+21,1.34362E+16,5.24728E+16
205391,11,0,3,3,2018,9,16,4,3,2,6,0,0,1,0,1,0,0,0,8.01913E+20,5.83035E+21,1.34527E+16,5.25394E+16
205392,11,0,1,1,2018,9,23,2,3,3,6,2,1,0,0,1,0,0,0,7.99935E+20,5.82663E+21,1.34202E+16,5.25071E+16
205393,11,0,7,7,2018,9,15,4,3,5,2,0,1,1,0,0,0,0,0,7.97317E+20,5.82176E+21,1.33775E+16,5.24649E+16
205394,11,0,1,1,2018,9,21,4,3,5,2,2,0,1,0,0,0,0,0,7.94898E+20,5.83108E+21,1.33502E+16,5.25497E+16
205395,11,0,1,1,2018,9,11,2,3,0,2,0,1,1,0,0,0,0,0,7.97199E+20,5.8275E+21,1.33808E+16,5.25164E+16
205396,11,0,11,11,2018,9,8,4,3,5,2,0,1,0,0,0,0,1,0,8.06295E+20,5.82684E+21,1.35139E+16,5.25055E+16
205397,11,0,4,4,2018,9,17,4,3,3,6,0,1,1,0,0,0,0,0,7.8523E+20,5.8242E+21,1.32021E+16,5.24932E+16
205398,11,0,5,5,2018,9,23,1,3,5,3,2,0,1,0,0,0,1,0,7.81438E+20,5.83072E+21,1.31519E+16,5.25537E+16
205399,11,0,8,8,2018,9,21,4,3,5,2,2,0,1,0,0,0,0,0,8.02291E+20,5.81784E+21,1.34469E+16,5.2427E+16
205400,11,0,8,8,2018,9,21,1,3,5,3,2,1,1,0,0,0,0,0,8.01097E+20,5.82435E+21,1.34353E+16,5.2486E+16
205401,11,0,8,8,2018,9,8,4,3,5,2,0,1,0,0,0,0,1,0,8.01258E+20,5.81968E+21,1.34334E+16,5.24441E+16
205402,11,0,6,6,2018,9,17,1,2,3,6,0,1,0,0,0,0,0,0,7.90057E+20,5.8159E+21,1.32658E+16,5.24162E+16
205403,11,0,12,12,2018,9,16,1,3,5,3,0,0,1,0,0,0,0,0,7.93366E+20,5.83303E+21,1.33294E+16,5.25681E+16
205404,11,0,9,9,2018,9,20,4,3,5,5,2,0,1,0,0,0,0,0,8.04505E+20,5.82191E+21,1.34831E+16,5.24623E+16
205405,11,0,1,1,2018,9,22,5,3,1,5,2,1,1,0,0,0,1,0,7.9496E+20,5.83109E+21,1.33511E+16,5.25498E+16
205406,11,0,9,9,2018,9,8,4,3,2,6,0,0,1,0,0,0,1,0,8.11475E+20,5.82117E+21,1.35846E+16,5.24517E+16
205407,11,0,2,2,2018,9,8,4,3,5,7,0,1,1,0,0,0,0,0,7.99194E+20,5.82424E+21,1.34072E+16,5.24861E+16
205408,11,0,4,4,2018,9,15,1,3,2,7,0,0,1,0,1,0,0,0,7.93884E+20,5.82551E+21,1.33304E+16,5.25004E+16
205409,11,0,3,3,2018,9,15,4,3,2,7,0,0,1,0,1,0,0,0,7.97308E+20,5.835E+21,1.33891E+16,5.25836E+16
205410,11,0,1,1,2018,9,15,1,3,3,6,0,1,0,0,1,0,0,0,7.98242E+20,5.83091E+21,1.33992E+16,5.25464E+16
205411,11,0,7,7,2018,9,16,4,2,5,3,0,0,1,0,1,0,0,0,7.97199E+20,5.81715E+21,1.33716E+16,5.24236E+16
205412,11,0,3,3,2018,9,13,1,3,5,3,0,0,1,0,0,0,1,0,7.98881E+20,5.8304E+21,1.34081E+16,5.25414E+16
205413,11,0,8,8,2018,9,13,1,3,5,3,0,1,0,0,1,0,0,0,7.99225E+20,5.82383E+21,1.34073E+16,5.24824E+16
205414,11,0,5,5,2018,9,15,4,2,6,4,0,0,1,1,0,0,0,0,7.85451E+20,5.83061E+21,1.32109E+16,5.25506E+16
205415,11,0,9,9,2018,9,13,1,2,5,2,0,0,1,0,0,0,0,0,8.07698E+20,5.81837E+21,1.35267E+16,5.24288E+16
205416,11,0,1,1,2018,9,12,1,3,3,6,0,0,1,0,0,0,0,0,7.95689E+20,5.82976E+21,1.33607E+16,5.25375E+16
205417,11,0,7,7,2018,9,7,4,3,5,3,0,1,1,0,0,0,0,0,7.97601E+20,5.81558E+21,1.33761E+16,5.24093E+16
205418,11,0,1,1,2018,9,15,4,2,5,5,0,0,1,0,1,0,0,0,7.97562E+20,5.83129E+21,1.33896E+16,5.25502E+16
205419,11,0,8,8,2018,9,11,5,3,2,6,0,0,1,0,0,0,1,0,8.01031E+20,5.82216E+21,1.34323E+16,5.24665E+16
205420,11,0,2,2,2018,9,12,1,3,5,3,0,0,1,0,0,0,0,0,8.02902E+20,5.82709E+21,1.34643E+16,5.25096E+16
205421,11,0,4,4,2018,9,15,4,3,0,3,0,1,1,0,0,0,0,0,7.90988E+20,5.82191E+21,1.32847E+16,5.24696E+16
205422,11,0,8,8,2018,9,13,4,3,5,3,0,1,1,0,0,0,0,0,8.03027E+20,5.81938E+21,1.34591E+16,5.24404E+16
205423,11,0,6,6,2018,9,11,1,3,2,6,0,0,1,0,0,0,0,0,7.92585E+20,5.81719E+21,1.3304E+16,5.24265E+16
205424,11,0,4,4,2018,9,10,1,2,0,1,0,0,0,0,1,0,0,0,7.90269E+20,5.82549E+21,1.32772E+16,5.25021E+16
205425,11,0,9,9,2018,9,8,4,3,0,2,0,1,0,0,1,0,0,0,8.0221E+20,5.82489E+21,1.34521E+16,5.24903E+16
205426,11,0,12,12,2018,9,9,1,3,5,3,0,0,1,0,0,0,0,0,7.86243E+20,5.83476E+21,1.32261E+16,5.25873E+16
205427,11,0,7,7,2018,9,8,1,3,6,4,0,0,1,1,0,0,0,0,7.95123E+20,5.82434E+21,1.33475E+16,5.24892E+16
205428,11,0,7,7,2018,9,17,3,3,2,6,0,1,1,0,0,0,0,0,7.97255E+20,5.8207E+21,1.33756E+16,5.24554E+16
205429,11,0,6,6,2018,9,7,3,3,1,5,1,1,0,0,0,0,1,0,7.90674E+20,5.81629E+21,1.32752E+16,5.24194E+16
205430,11,0,12,12,2018,9,7,5,3,5,3,0,1,1,0,0,0,0,0,7.91806E+20,5.83958E+21,1.33122E+16,5.26276E+16
205431,11,0,9,9,2018,9,12,1,3,2,2,0,0,1,0,0,0,0,0,8.06238E+20,5.82321E+21,1.35097E+16,5.2473E+16
205432,11,0,8,8,2018,9,13,3,3,1,5,0,0,1,0,0,0,0,0,8.06529E+20,5.81544E+21,1.35068E+16,5.24032E+16
205433,11,0,2,2,2018,9,16,5,2,5,3,0,0,1,0,1,0,0,0,7.98592E+20,5.82557E+21,1.33996E+16,5.24984E+16
205434,11,0,4,4,2018,9,21,3,3,0,6,2,0,1,0,1,0,0,0,7.92008E+20,5.82823E+21,1.33052E+16,5.25257E+16
205435,11,0,8,8,2018,9,10,7,3,2,6,0,0,1,0,0,0,0,0,8.05125E+20,5.81744E+21,1.34881E+16,5.24219E+16
205436,11,0,1,1,2018,9,19,3,3,0,3,1,0,1,0,1,0,0,0,7.97581E+20,5.82722E+21,1.33862E+16,5.25137E+16
205437,11,0,3,3,2018,9,10,5,3,5,5,0,1,1,0,0,0,0,0,7.9886E+20,5.83135E+21,1.34087E+16,5.255E+16
205438,11,0,2,2,2018,9,6,7,3,5,2,0,1,1,0,0,0,0,0,8.0321E+20,5.82558E+21,1.34674E+16,5.24959E+16
205439,11,0,1,1,2018,9,22,3,3,0,3,2,0,1,0,1,0,0,0,8.00063E+20,5.82642E+21,1.34219E+16,5.25051E+16
205440,11,0,1,1,2018,9,18,3,3,0,1,0,1,0,0,0,0,0,0,7.95609E+20,5.83172E+21,1.33612E+16,5.25551E+16
205441,11,0,1,1,2018,9,5,7,3,0,4,2,0,1,1,0,0,0,0,7.95606E+20,5.83171E+21,1.33612E+16,5.2555E+16
205442,11,0,1,1,2018,9,9,7,3,0,2,0,0,1,0,1,0,0,0,7.97053E+20,5.82818E+21,1.33793E+16,5.25225E+16
205443,11,0,2,2,2018,9,18,3,3,6,4,0,0,1,1,0,0,0,0,8.00005E+20,5.82567E+21,1.34204E+16,5.24985E+16
205444,11,0,10,10,2018,9,11,7,3,2,2,0,1,1,0,0,0,1,0,8.12888E+20,5.83117E+21,1.36148E+16,5.25405E+16
205445,11,0,1,1,2018,9,9,6,3,0,7,0,0,1,0,1,0,0,0,7.95238E+20,5.82661E+21,1.33512E+16,5.25095E+16
205446,11,0,5,5,2018,9,11,7,3,5,3,0,0,1,0,0,0,0,0,7.85749E+20,5.83175E+21,1.32162E+16,5.25606E+16
205447,11,0,4,4,2018,9,18,3,2,5,3,0,0,1,0,1,0,0,0,7.93216E+20,5.82519E+21,1.33203E+16,5.24979E+16
205448,11,0,4,4,2018,9,18,3,3,0,5,0,1,1,0,0,0,0,0,7.93421E+20,5.8252E+21,1.33233E+16,5.24978E+16
205449,11,0,3,3,2018,9,10,7,3,2,6,0,0,1,0,0,0,0,0,8.02378E+20,5.83259E+21,1.34616E+16,5.25592E+16
205450,11,0,2,2,2018,9,17,3,3,3,6,0,0,1,0,1,0,0,0,7.97459E+20,5.82493E+21,1.33824E+16,5.24932E+16
205451,11,0,6,6,2018,9,9,4,3,5,3,0,0,1,0,0,0,0,0,7.94143E+20,5.81669E+21,1.33264E+16,5.24211E+16
205452,11,0,1,1,2018,9,14,3,2,5,2,0,1,1,0,0,0,0,0,7.97661E+20,5.83188E+21,1.33916E+16,5.25554E+16
205453,11,0,4,4,2018,9,14,3,3,1,5,0,1,1,0,0,0,0,0,7.91345E+20,5.82242E+21,1.32904E+16,5.2474E+16
205454,11,0,12,12,2018,9,8,3,3,5,2,0,1,1,0,0,0,0,0,7.95769E+20,5.83257E+21,1.33643E+16,5.25626E+16
205455,11,0,6,6,2018,9,14,3,3,5,3,0,1,1,0,0,0,0,0,7.94116E+20,5.82081E+21,1.33296E+16,5.24581E+16
205456,11,0,12,12,2018,9,18,5,3,4,6,0,1,0,0,0,0,0,0,7.87155E+20,5.83809E+21,1.32424E+16,5.26167E+16
205457,11,0,1,1,2018,9,9,3,3,4,2,0,1,1,0,0,0,0,0,7.97199E+20,5.8275E+21,1.33808E+16,5.25164E+16
205458,11,0,7,7,2018,9,18,4,3,9,1,0,0,0,0,1,0,0,0,7.9393E+20,5.82267E+21,1.33285E+16,5.24748E+16
205459,11,0,1,1,2018,9,11,3,3,1,5,0,0,0,0,1,0,1,0,7.97476E+20,5.83127E+21,1.33883E+16,5.25501E+16
205460,11,0,3,3,2018,9,7,2,3,5,3,0,0,1,0,1,0,0,0,8.0116E+20,5.83161E+21,1.34428E+16,5.25511E+16
205461,11,0,3,3,2018,9,16,3,3,1,5,0,1,0,0,0,0,1,0,7.99233E+20,5.83111E+21,1.3414E+16,5.25476E+16
205462,11,0,1,1,2018,9,17,2,3,5,3,0,0,1,0,0,0,0,1,7.97788E+20,5.83004E+21,1.33918E+16,5.25388E+16
205463,11,0,2,2,2018,9,9,3,3,6,2,0,0,1,1,0,0,0,0,7.9844E+20,5.82653E+21,1.33982E+16,5.2507E+16
205464,11,0,7,7,2018,9,17,5,3,3,6,0,0,1,0,1,0,0,0,7.97321E+20,5.82178E+21,1.33775E+16,5.2465E+16
205465,11,0,7,7,2018,9,17,2,3,2,6,0,0,1,0,0,0,0,1,7.99554E+20,5.82134E+21,1.34099E+16,5.24599E+16
205466,11,0,4,4,2018,9,9,3,3,2,6,0,0,1,0,1,0,0,0,7.91053E+20,5.82604E+21,1.32893E+16,5.25066E+16
205467,11,0,2,2,2018,9,14,2,3,2,7,0,0,1,0,0,0,1,0,7.99585E+20,5.82489E+21,1.34136E+16,5.24917E+16
205468,11,0,12,12,2018,9,16,5,3,2,7,0,0,1,0,0,0,1,0,7.91404E+20,5.83425E+21,1.33016E+16,5.258E+16
205469,11,0,1,1,2018,9,16,2,3,2,2,0,1,1,0,0,0,0,1,7.96736E+20,5.82969E+21,1.3376E+16,5.25362E+16
205470,11,0,2,2,2018,9,16,4,3,3,2,0,0,1,0,0,0,0,0,8.01137E+20,5.82858E+21,1.34397E+16,5.25239E+16
205471,11,0,9,9,2018,9,16,2,3,2,6,0,0,1,0,0,0,0,1,8.04799E+20,5.82236E+21,1.34878E+16,5.24662E+16
205472,11,0,4,4,2018,9,16,2,2,0,1,0,0,0,0,1,0,0,1,7.92412E+20,5.82611E+21,1.33093E+16,5.25065E+16
205473,11,0,11,11,2018,9,13,3,3,5,2,0,1,1,0,0,0,0,0,8.03587E+20,5.82834E+21,1.34755E+16,5.25204E+16
205474,11,0,4,4,2018,9,16,2,3,2,7,0,0,1,0,0,0,0,1,7.90849E+20,5.82717E+21,1.32872E+16,5.25169E+16
205475,11,0,1,1,2018,9,15,6,3,5,2,0,0,1,0,0,0,0,0,7.93967E+20,5.83202E+21,1.33373E+16,5.25586E+16
205476,11,0,11,11,2018,9,16,6,3,5,3,0,1,0,0,0,0,1,0,8.07246E+20,5.8243E+21,1.35255E+16,5.24821E+16
205477,11,0,3,3,2018,9,17,3,3,5,3,0,0,1,0,1,0,0,0,8.00939E+20,5.83084E+21,1.34388E+16,5.25443E+16
205478,11,0,8,8,2018,9,16,2,2,6,4,0,0,1,1,0,0,0,1,8.02233E+20,5.81894E+21,1.3447E+16,5.24369E+16
205479,11,0,5,5,2018,9,15,5,3,5,2,0,1,1,0,0,0,0,0,7.84377E+20,5.83E+21,1.31945E+16,5.25457E+16
205480,11,0,1,1,2018,9,15,2,3,0,5,0,1,1,0,0,0,0,0,7.98906E+20,5.82832E+21,1.34067E+16,5.25228E+16
205481,11,0,7,7,2018,9,18,4,3,6,4,1,1,0,1,0,0,0,0,7.95858E+20,5.8254E+21,1.33593E+16,5.24983E+16
205482,11,0,5,5,2018,9,15,2,2,6,4,0,1,0,1,0,0,0,0,7.83605E+20,5.82568E+21,1.31795E+16,5.25073E+16
205483,11,0,3,3,2018,9,15,2,3,2,7,0,0,1,0,0,0,0,1,7.98831E+20,5.83495E+21,1.34115E+16,5.25823E+16
205484,11,0,1,1,2018,9,9,3,3,1,5,0,0,1,0,1,0,0,0,7.97797E+20,5.82722E+21,1.33894E+16,5.25136E+16
205485,11,0,5,5,2018,9,15,2,3,5,2,0,1,0,0,0,0,1,1,7.8471E+20,5.82861E+21,1.31982E+16,5.2533E+16
205486,11,0,3,3,2018,9,16,4,3,5,3,0,1,1,0,0,0,0,0,7.99114E+20,5.83059E+21,1.34118E+16,5.25431E+16
205487,11,0,10,10,2018,9,15,2,2,3,6,0,1,1,0,0,0,0,1,8.07537E+20,5.83066E+21,1.35356E+16,5.2539E+16
205488,11,0,1,1,2018,9,14,2,3,2,6,0,0,1,0,0,0,0,1,7.96528E+20,5.83196E+21,1.3375E+16,5.25568E+16
205489,11,0,7,7,2018,9,11,3,3,5,2,0,0,1,0,0,0,0,0,7.96918E+20,5.82228E+21,1.33721E+16,5.24698E+16
205490,11,0,12,12,2018,9,14,2,3,2,6,0,0,1,0,0,0,0,1,7.90206E+20,5.83586E+21,1.32854E+16,5.25951E+16
205491,11,0,1,1,2018,9,15,6,3,5,2,0,1,1,0,0,0,0,0,7.97497E+20,5.82775E+21,1.33854E+16,5.25185E+16
205492,11,0,4,4,2018,9,18,5,3,5,2,1,1,1,0,0,0,0,0,7.91858E+20,5.82537E+21,1.33005E+16,5.25002E+16
205493,11,0,6,6,2018,9,10,3,2,5,2,0,1,0,0,0,1,0,0,7.93397E+20,5.82032E+21,1.33186E+16,5.24541E+16
205494,11,0,6,6,2018,9,14,2,3,2,6,0,0,1,0,0,0,0,1,7.93901E+20,5.81752E+21,1.33236E+16,5.24288E+16
205495,11,0,5,5,2018,9,10,5,3,2,1,0,0,1,0,1,0,0,0,7.84978E+20,5.82918E+21,1.32027E+16,5.2538E+16
205496,11,0,9,9,2018,9,14,2,3,2,6,0,0,1,0,1,0,0,1,8.07377E+20,5.82235E+21,1.35256E+16,5.24646E+16
205497,11,0,3,3,2018,9,11,4,3,5,2,0,0,1,0,0,0,0,0,8.00303E+20,5.83159E+21,1.34301E+16,5.25514E+16
205498,11,0,12,12,2018,9,14,2,3,2,6,0,0,1,0,0,0,0,1,7.91835E+20,5.83545E+21,1.3309E+16,5.25905E+16
205499,11,0,5,5,2018,9,14,2,3,2,6,0,0,1,0,0,0,1,0,7.87687E+20,5.82999E+21,1.32432E+16,5.25438E+16
205500,11,0,7,7,2018,9,11,3,2,1,5,0,1,1,0,0,0,0,0,7.94099E+20,5.82175E+21,1.33302E+16,5.24665E+16
205501,11,0,5,5,2018,9,23,2,3,2,4,2,0,1,1,0,0,0,1,7.86282E+20,5.8282E+21,1.3221E+16,5.25285E+16
205502,11,0,1,1,2018,9,20,5,3,5,2,2,1,1,0,0,0,0,0,7.94821E+20,5.82896E+21,1.33472E+16,5.25308E+16
205503,11,0,7,7,2018,9,22,2,3,5,3,2,0,1,0,0,0,0,0,7.98895E+20,5.82121E+21,1.34001E+16,5.24591E+16
205504,11,0,12,12,2018,9,13,6,3,2,6,0,0,1,0,0,0,1,0,7.95109E+20,5.83247E+21,1.33545E+16,5.25621E+16
205505,11,0,8,8,2018,9,8,5,3,3,6,0,1,1,0,0,0,0,0,8.00815E+20,5.82383E+21,1.34307E+16,5.24815E+16
205506,11,0,1,1,2018,9,10,3,2,5,3,0,1,1,0,0,0,0,0,7.98582E+20,5.82687E+21,1.34006E+16,5.251E+16
205507,11,0,7,7,2018,9,21,2,2,5,3,1,1,1,0,0,0,0,0,7.95807E+20,5.81602E+21,1.33502E+16,5.24142E+16
205508,11,0,5,5,2018,9,15,5,2,5,3,0,0,1,0,1,0,0,0,7.8799E+20,5.82974E+21,1.32474E+16,5.25415E+16
205509,11,0,4,4,2018,9,19,2,3,2,1,1,0,1,0,1,0,0,1,7.9349E+20,5.82476E+21,1.33239E+16,5.24939E+16
205510,11,0,12,12,2018,9,9,4,3,0,6,0,1,0,0,0,0,1,0,7.92504E+20,5.83203E+21,1.33158E+16,5.25595E+16
205511,11,0,4,4,2018,9,17,2,3,5,3,0,1,1,0,0,0,0,1,7.91577E+20,5.82651E+21,1.32974E+16,5.25106E+16
205512,11,0,1,1,2018,9,18,2,3,5,7,1,0,1,0,1,0,0,1,7.95998E+20,5.82609E+21,1.33619E+16,5.25044E+16
205513,11,0,1,1,2018,9,17,3,3,5,2,0,1,0,0,0,0,0,0,7.97184E+20,5.82752E+21,1.33806E+16,5.25166E+16
205514,11,0,6,6,2018,9,17,2,3,1,5,0,0,1,0,0,0,0,0,7.90492E+20,5.82129E+21,1.32769E+16,5.24643E+16
205515,11,0,3,3,2018,9,18,5,3,5,2,1,1,1,0,0,0,0,0,7.97202E+20,5.83558E+21,1.33881E+16,5.25888E+16
205516,11,0,4,4,2018,9,16,2,3,0,7,1,0,1,0,1,0,0,1,7.89809E+20,5.82637E+21,1.32713E+16,5.25102E+16
205517,11,0,9,9,2018,9,17,4,2,5,3,0,0,1,0,0,0,0,0,8.07852E+20,5.82205E+21,1.35323E+16,5.24616E+16
205518,11,0,3,3,2018,9,17,2,3,0,3,0,0,1,0,0,0,0,0,8.02946E+20,5.82862E+21,1.34663E+16,5.25232E+16
205519,11,0,4,4,2018,9,17,2,3,3,6,0,1,0,0,0,0,0,1,7.94121E+20,5.82609E+21,1.33344E+16,5.25054E+16
205520,11,0,1,1,2018,9,15,3,3,2,6,0,0,1,0,0,0,0,0,7.9973E+20,5.8276E+21,1.34181E+16,5.25159E+16
205521,11,0,9,9,2018,9,21,2,3,2,7,2,0,1,0,1,0,0,1,8.04985E+20,5.82265E+21,1.34908E+16,5.24687E+16
205522,11,0,1,1,2018,9,10,4,3,0,3,0,1,1,0,0,0,0,0,7.98735E+20,5.82955E+21,1.34052E+16,5.2534E+16
205523,11,0,3,3,2018,9,21,2,3,0,7,2,0,0,0,1,1,0,1,8.00454E+20,5.84097E+21,1.34409E+16,5.26353E+16
205524,11,0,6,6,2018,9,13,2,2,2,1,0,0,1,0,1,0,0,0,7.93168E+20,5.82082E+21,1.33157E+16,5.24587E+16
205525,11,0,9,9,2018,9,7,4,3,0,6,0,0,1,0,1,0,0,1,8.11475E+20,5.81593E+21,1.35798E+16,5.24048E+16
205526,11,0,6,6,2018,9,13,2,2,5,7,0,0,1,0,1,0,0,0,7.9482E+20,5.82005E+21,1.33393E+16,5.24509E+16
205527,11,0,9,9,2018,9,8,3,3,3,6,0,0,1,0,0,0,0,0,8.06204E+20,5.82217E+21,1.35082E+16,5.24636E+16
205528,11,0,1,1,2018,9,12,2,3,6,4,0,0,0,1,0,1,0,0,7.97145E+20,5.83187E+21,1.3384E+16,5.25556E+16
205529,11,0,8,8,2018,9,17,5,3,5,2,0,0,1,0,1,0,0,0,8.01719E+20,5.82213E+21,1.34424E+16,5.24658E+16
205530,11,0,1,1,2018,9,12,2,2,5,3,0,0,1,0,1,0,0,0,7.97993E+20,5.82891E+21,1.33938E+16,5.25286E+16
205531,11,0,3,3,2018,9,15,4,3,3,6,0,1,1,0,0,0,0,0,8.0473E+20,5.84072E+21,1.35036E+16,5.26307E+16
205532,11,0,8,8,2018,9,12,2,3,6,7,0,0,1,1,0,0,0,0,8.03013E+20,5.81935E+21,1.34589E+16,5.24402E+16
205533,11,0,4,4,2018,9,12,2,3,0,6,0,0,1,0,0,0,1,0,7.94291E+20,5.82597E+21,1.33368E+16,5.25043E+16
205534,11,0,9,9,2018,9,13,3,3,2,7,0,0,1,0,0,0,0,0,8.08509E+20,5.8173E+21,1.35376E+16,5.24187E+16
205535,11,0,7,7,2018,9,12,2,3,2,1,0,0,1,0,0,0,1,0,7.94968E+20,5.82401E+21,1.3345E+16,5.24863E+16
205536,11,0,2,2,2018,9,15,6,3,5,3,0,1,0,0,1,0,0,0,8.01554E+20,5.82634E+21,1.34438E+16,5.25036E+16
205537,11,0,4,4,2018,9,11,6,3,5,2,0,1,1,0,0,0,0,0,7.94013E+20,5.82381E+21,1.33308E+16,5.24851E+16
205538,11,0,1,1,2018,9,8,3,3,3,6,0,1,1,0,0,0,0,0,7.9705E+20,5.82834E+21,1.33794E+16,5.2524E+16
205539,11,0,2,2,2018,9,11,2,3,5,2,0,1,1,0,0,0,0,0,8.00427E+20,5.82798E+21,1.34287E+16,5.25189E+16
205540,11,0,1,1,2018,9,13,5,3,5,3,0,0,1,0,0,0,0,0,7.96013E+20,5.82621E+21,1.33623E+16,5.25055E+16
205541,11,0,1,1,2018,9,8,6,3,5,2,0,1,0,0,0,0,1,0,7.97156E+20,5.82769E+21,1.33804E+16,5.25181E+16
205542,11,0,6,6,2018,9,8,3,3,5,2,0,0,1,0,0,0,0,0,7.8753E+20,5.81739E+21,1.323E+16,5.24309E+16
205543,11,0,5,5,2018,9,15,5,3,6,4,0,1,0,1,0,0,0,0,7.85298E+20,5.82869E+21,1.3207E+16,5.25334E+16
205544,11,0,2,2,2018,9,8,2,3,5,3,0,0,1,0,0,0,0,0,8.00788E+20,5.82582E+21,1.34321E+16,5.24993E+16
205545,11,0,7,7,2018,9,23,4,2,3,6,2,1,1,0,0,0,0,0,7.97328E+20,5.82187E+21,1.33777E+16,5.24658E+16
205546,11,0,7,7,2018,9,11,2,3,0,3,0,0,1,0,1,0,0,0,8.00502E+20,5.81413E+21,1.34173E+16,5.23947E+16
205547,11,0,1,1,2018,9,11,2,3,0,2,0,1,1,0,0,0,0,1,7.93669E+20,5.8322E+21,1.33331E+16,5.25605E+16
205548,11,0,6,6,2018,9,10,3,3,5,3,0,1,1,0,0,0,0,0,7.93734E+20,5.81759E+21,1.33212E+16,5.24295E+16
205549,11,0,5,5,2018,9,9,2,3,2,6,0,0,1,0,0,0,0,0,7.86544E+20,5.82825E+21,1.32249E+16,5.25289E+16
205550,11,0,4,4,2018,9,8,6,2,5,2,0,1,1,0,0,0,0,0,7.94178E+20,5.82708E+21,1.33361E+16,5.25142E+16
205551,11,0,7,7,2018,9,9,5,3,1,5,0,1,1,0,0,0,0,0,7.97296E+20,5.82269E+21,1.3378E+16,5.24732E+16
205552,11,0,1,1,2018,9,8,3,3,5,2,0,1,1,0,0,0,0,0,7.95231E+20,5.82663E+21,1.33511E+16,5.25096E+16
205553,11,0,3,3,2018,9,8,2,3,5,3,0,1,1,0,0,0,0,0,7.99443E+20,5.83776E+21,1.34231E+16,5.26072E+16
205554,11,0,6,6,2018,9,13,5,2,6,4,0,0,1,1,0,0,0,0,7.90204E+20,5.81515E+21,1.32673E+16,5.24095E+16
205555,11,0,10,10,2018,9,8,2,3,2,6,0,0,0,0,1,0,1,0,8.07627E+20,5.83074E+21,1.3537E+16,5.25397E+16
205556,11,0,6,6,2018,9,10,4,3,2,2,0,0,1,0,0,0,0,0,7.9438E+20,5.81909E+21,1.3332E+16,5.24425E+16
205557,11,0,7,7,2018,9,8,2,3,5,3,0,0,1,0,0,0,0,0,7.95206E+20,5.8256E+21,1.33499E+16,5.25004E+16
205558,11,0,4,4,2018,9,8,2,3,0,3,0,1,0,0,0,0,1,1,7.92923E+20,5.82676E+21,1.33173E+16,5.25121E+16
205559,11,0,6,6,2018,9,7,2,3,2,2,0,0,1,0,0,0,0,1,7.8202E+20,5.81564E+21,1.31477E+16,5.24182E+16
205560,11,0,3,3,2018,9,13,4,3,5,2,0,1,1,0,0,0,0,0,8.02358E+20,5.83321E+21,1.34618E+16,5.25648E+16
205561,11,0,12,12,2018,9,6,2,3,2,2,2,0,1,0,0,0,0,1,7.92861E+20,5.83518E+21,1.33239E+16,5.25876E+16