OBJECTID_1,ULAND,UREGBEZ,UKREIS,UGEMEINDE,UJAHR,UMONAT,USTUNDE,UWOCHENTAG,UKATEGORIE,UART,UTYP1,ULICHTVERH,IstRad,IstPKW,IstFuss,IstKrad,IstGkfz,IstSonstig,STRZUSTAND,LINREFX,LINREFY,XGCSWGS84,YGCSWGS84
206122,11,0,6,6,2018,10,15,6,3,0,2,0,1,1,0,0,0,0,0,7.94885E+20,5.81975E+21,1.334E+16,5.24482E+16
206123,11,0,1,1,2018,10,17,2,3,5,2,0,1,0,0,1,0,0,1,7.98548E+20,5.82681E+21,1.34E+16,5.25095E+16
206124,11,0,10,10,2018,10,12,4,3,5,3,0,0,1,0,1,0,0,0,8.13012E+20,5.82628E+21,1.3612E+16,5.24966E+16
206125,11,0,1,1,2018,10,16,6,3,6,4,0,1,0,1,0,0,0,0,7.98681E+20,5.82862E+21,1.34036E+16,5.25256E+16
206126,11,0,11,11,2018,10,17,2,2,0,3,0,0,1,0,0,0,1,0,8.05201E+20,5.82882E+21,1.34996E+16,5.25238E+16
206127,11,0,1,1,2018,10,16,6,2,5,3,0,0,1,1,0,0,1,0,7.96446E+20,5.82632E+21,1.33687E+16,5.25062E+16
206128,11,0,8,8,2018,10,12,4,3,5,3,0,1,0,0,0,0,1,0,8.03194E+20,5.82273E+21,1.34646E+16,5.24703E+16
206129,11,0,2,2,2018,10,15,6,3,6,4,0,0,1,1,0,0,0,0,8.02362E+20,5.82709E+21,1.34563E+16,5.25099E+16
206130,11,0,2,2,2018,10,15,2,3,2,6,0,0,1,0,0,0,0,1,8.00414E+20,5.82581E+21,1.34265E+16,5.24995E+16
206131,11,0,10,10,2018,10,12,4,3,5,3,0,1,1,0,0,0,0,0,8.12386E+20,5.82431E+21,1.36009E+16,5.24793E+16
206132,11,0,10,10,2018,10,16,6,3,2,6,0,0,1,0,0,0,0,0,8.13213E+20,5.83157E+21,1.36199E+16,5.2544E+16
206133,11,0,9,9,2018,10,11,4,3,5,3,0,1,1,0,0,0,0,0,8.08959E+20,5.81827E+21,1.35451E+16,5.24272E+16
206134,11,0,11,11,2018,10,16,2,3,3,6,0,0,1,0,0,0,1,0,8.05196E+20,5.82905E+21,1.34997E+16,5.25259E+16
206135,11,0,4,4,2018,10,10,4,3,5,3,0,0,1,0,0,0,0,0,7.92861E+20,5.82352E+21,1.33136E+16,5.24831E+16
206136,11,0,5,5,2018,10,9,6,3,5,2,0,0,1,0,0,0,0,0,7.84846E+20,5.82924E+21,1.32008E+16,5.25386E+16
206137,11,0,4,4,2018,10,13,2,3,1,5,0,1,1,0,0,0,1,0,7.91633E+20,5.82248E+21,1.32947E+16,5.24744E+16
206138,11,0,6,6,2018,10,16,6,2,0,1,0,1,0,0,0,0,0,0,7.92651E+20,5.81729E+21,1.33051E+16,5.24274E+16
206139,11,0,6,6,2018,10,8,2,3,0,3,0,1,0,0,0,0,1,0,7.87512E+20,5.81772E+21,1.323E+16,5.24339E+16
206140,11,0,4,4,2018,10,12,6,2,4,7,0,0,1,1,0,0,1,0,7.9351E+20,5.8279E+21,1.3327E+16,5.25219E+16
206141,11,0,2,2,2018,10,9,4,3,3,6,0,1,1,0,0,0,0,0,7.99843E+20,5.8258E+21,1.34182E+16,5.24997E+16
206142,11,0,8,8,2018,10,17,6,3,1,5,0,0,1,0,0,0,0,0,8.03203E+20,5.81825E+21,1.34606E+16,5.24302E+16
206143,11,0,2,2,2018,10,7,2,3,0,7,0,1,0,0,0,0,1,0,8.02658E+20,5.828E+21,1.34615E+16,5.25179E+16
206144,11,0,12,12,2018,10,9,4,3,5,3,0,1,1,0,0,0,0,0,7.87002E+20,5.83649E+21,1.32388E+16,5.26025E+16
206145,11,0,12,12,2018,10,16,6,3,5,3,0,0,1,0,1,0,0,0,7.93978E+20,5.83748E+21,1.33424E+16,5.26076E+16
206146,11,0,2,2,2018,10,9,4,3,5,2,0,1,0,0,0,0,1,0,8.01251E+20,5.82785E+21,1.34407E+16,5.25173E+16
206147,11,0,2,2,2018,10,7,2,2,5,2,0,1,1,0,0,0,0,0,7.97833E+20,5.8249E+21,1.33878E+16,5.24928E+16
206148,11,0,4,4,2018,10,15,4,3,0,2,0,1,1,0,0,0,0,0,7.87288E+20,5.82568E+21,1.32336E+16,5.25054E+16
206149,11,0,2,2,2018,10,13,6,3,1,5,0,1,1,0,0,0,1,0,8.00516E+20,5.82705E+21,1.34292E+16,5.25106E+16
206150,11,0,1,1,2018,10,8,2,3,2,6,0,0,1,0,0,0,0,0,7.93877E+20,5.83008E+21,1.33343E+16,5.25414E+16
206151,11,0,4,4,2018,10,8,2,2,0,2,0,1,1,0,0,0,0,0,7.91122E+20,5.82317E+21,1.32877E+16,5.24809E+16
206152,11,0,2,2,2018,10,18,4,3,0,6,1,0,1,0,1,0,0,0,8.03106E+20,5.8261E+21,1.34664E+16,5.25006E+16
206153,11,0,1,1,2018,10,9,2,3,6,4,0,1,0,1,0,0,0,0,7.96132E+20,5.82845E+21,1.3366E+16,5.25255E+16
206154,11,0,2,2,2018,10,8,4,3,3,6,0,1,1,0,0,0,0,0,7.99882E+20,5.82571E+21,1.34186E+16,5.24989E+16
206155,11,0,6,6,2018,10,13,6,2,5,3,0,0,1,0,1,0,0,0,7.95778E+20,5.81992E+21,1.33532E+16,5.24492E+16
206156,11,0,2,2,2018,10,10,2,3,2,6,0,0,1,0,0,0,0,0,7.98365E+20,5.82632E+21,1.33969E+16,5.25052E+16
206157,11,0,2,2,2018,10,11,2,3,5,3,0,1,1,0,0,0,0,0,8.00602E+20,5.82704E+21,1.34304E+16,5.25104E+16
206158,11,0,7,7,2018,10,11,6,2,6,4,0,0,1,1,0,0,0,0,7.94993E+20,5.82562E+21,1.33468E+16,5.25008E+16
206159,11,0,12,12,2018,10,7,2,3,5,2,0,1,0,0,0,0,1,0,7.96305E+20,5.83396E+21,1.33735E+16,5.25748E+16
206160,11,0,1,1,2018,10,8,4,2,3,6,0,1,0,0,0,0,1,0,7.93524E+20,5.82912E+21,1.33283E+16,5.25329E+16
206161,11,0,4,4,2018,10,11,6,3,2,6,0,0,1,0,0,0,0,0,7.91271E+20,5.8307E+21,1.32965E+16,5.25483E+16
206162,11,0,1,1,2018,10,13,2,3,5,3,0,0,1,0,0,0,0,0,7.95875E+20,5.83206E+21,1.33654E+16,5.2558E+16
206163,11,0,4,4,2018,10,13,6,3,5,3,0,0,1,0,1,0,0,0,7.94178E+20,5.82532E+21,1.33345E+16,5.24985E+16
206164,11,0,3,3,2018,10,7,4,3,5,2,0,1,1,0,0,0,0,0,8.02581E+20,5.83349E+21,1.34654E+16,5.25671E+16
206165,11,0,2,2,2018,10,7,2,2,0,7,0,1,0,0,0,0,0,0,7.99292E+20,5.82622E+21,1.34104E+16,5.25038E+16
206166,11,0,8,8,2018,10,7,4,3,5,3,0,1,1,0,0,0,0,0,8.02009E+20,5.82349E+21,1.34479E+16,5.24778E+16
206167,11,0,1,1,2018,10,10,6,3,2,6,0,0,1,0,0,0,1,0,7.95289E+20,5.82663E+21,1.3352E+16,5.25096E+16
206168,11,0,10,10,2018,10,12,4,3,6,7,0,0,1,1,0,0,0,0,8.10823E+20,5.82808E+21,1.35815E+16,5.2514E+16
206169,11,0,9,9,2018,10,7,2,3,8,1,0,0,1,0,0,0,0,0,8.11742E+20,5.81583E+21,1.35836E+16,5.24037E+16
206170,11,0,1,1,2018,10,19,4,3,5,2,2,1,0,0,0,0,1,0,7.95231E+20,5.82663E+21,1.33511E+16,5.25096E+16
206171,11,0,11,11,2018,10,10,6,3,5,2,0,1,1,0,0,0,0,0,8.06068E+20,5.8258E+21,1.35096E+16,5.24963E+16
206172,11,0,9,9,2018,9,17,1,3,5,3,1,0,1,0,0,0,0,0,8.11972E+20,5.81934E+21,1.35902E+16,5.2435E+16
206173,11,0,9,9,2018,9,20,1,2,3,6,2,0,1,0,1,0,0,0,8.11375E+20,5.81979E+21,1.35819E+16,5.24394E+16
206174,11,0,9,9,2018,10,13,6,3,5,2,0,1,1,0,0,0,0,0,8.10939E+20,5.82159E+21,1.35772E+16,5.24558E+16
206175,11,0,6,6,2018,9,12,1,3,6,4,0,1,0,1,0,0,0,0,7.9103E+20,5.81874E+21,1.32825E+16,5.24412E+16
206176,11,0,1,1,2018,10,8,3,3,0,2,0,0,0,0,1,0,1,0,7.97577E+20,5.82732E+21,1.33862E+16,5.25146E+16
206177,11,0,10,10,2018,10,9,6,3,2,1,0,1,1,0,0,0,0,0,8.07671E+20,5.83077E+21,1.35377E+16,5.25399E+16
206178,11,0,4,4,2018,9,10,1,3,0,7,0,0,0,0,1,0,0,0,7.91802E+20,5.8254E+21,1.32997E+16,5.25005E+16
206179,11,0,5,5,2018,10,12,6,2,5,2,0,0,1,0,0,0,0,1,7.83604E+20,5.82915E+21,1.31824E+16,5.25384E+16
206180,11,0,4,4,2018,10,15,3,3,1,5,0,1,1,0,0,0,0,0,7.92474E+20,5.82541E+21,1.33096E+16,5.25002E+16
206181,11,0,8,8,2018,10,9,6,3,2,2,0,1,1,0,0,0,0,0,8.01634E+20,5.82264E+21,1.34416E+16,5.24704E+16
206182,11,0,1,1,2018,9,10,1,3,3,2,0,0,1,0,0,0,0,0,7.96914E+20,5.82948E+21,1.33784E+16,5.25343E+16
206183,11,0,7,7,2018,10,16,3,3,1,5,0,1,1,0,0,0,0,0,7.95189E+20,5.82543E+21,1.33495E+16,5.24989E+16
206184,11,0,5,5,2018,10,12,6,3,0,7,0,0,1,0,1,0,0,1,7.8359E+20,5.82887E+21,1.3182E+16,5.25359E+16
206185,11,0,11,11,2018,9,7,1,3,1,5,0,0,1,0,0,1,0,0,8.0448E+20,5.83337E+21,1.34932E+16,5.2565E+16
206186,11,0,11,11,2018,10,9,6,2,5,3,0,0,1,0,1,0,0,0,8.04943E+20,5.82871E+21,1.34957E+16,5.2523E+16
206187,11,0,6,6,2018,10,16,3,2,1,5,0,0,1,0,0,0,0,0,7.90263E+20,5.81753E+21,1.32702E+16,5.24308E+16
206188,11,0,7,7,2018,9,0,1,3,0,1,2,1,1,0,0,0,0,0,7.95848E+20,5.82521E+21,1.3359E+16,5.24966E+16
206189,11,0,10,10,2018,10,15,3,3,0,2,0,1,1,0,0,0,0,0,8.10599E+20,5.82552E+21,1.35758E+16,5.24912E+16
206190,11,0,1,1,2018,10,9,6,3,3,2,0,1,1,0,0,0,0,0,7.97515E+20,5.82845E+21,1.33863E+16,5.25247E+16
206191,11,0,1,1,2018,10,22,3,3,5,2,2,1,1,0,0,0,0,0,7.98797E+20,5.82917E+21,1.34058E+16,5.25305E+16
206192,11,0,8,8,2018,9,20,1,3,5,3,2,1,1,0,0,0,0,0,8.01107E+20,5.82354E+21,1.34347E+16,5.24787E+16
206193,11,0,6,6,2018,10,11,3,2,0,7,0,0,1,0,0,0,0,0,7.94948E+20,5.82103E+21,1.3342E+16,5.24596E+16
206194,11,0,1,1,2018,10,8,6,3,5,3,0,1,1,0,0,0,0,0,7.97183E+20,5.82756E+21,1.33807E+16,5.25169E+16
206195,11,0,11,11,2018,9,18,1,3,5,7,0,0,1,0,1,0,0,0,8.03614E+20,5.83024E+21,1.34776E+16,5.25374E+16
206196,11,0,8,8,2018,10,12,6,3,0,6,0,0,1,0,0,0,1,0,8.02751E+20,5.81816E+21,1.34539E+16,5.24296E+16
206197,11,0,11,11,2018,10,20,3,2,6,4,2,0,1,1,0,0,0,0,8.06326E+20,5.83388E+21,1.35208E+16,5.25685E+16
206198,11,0,9,9,2018,9,18,1,3,5,2,0,1,1,0,0,0,0,0,8.12411E+20,5.81959E+21,1.35969E+16,5.2437E+16
206199,11,0,3,3,2018,10,16,5,3,6,7,0,0,1,1,0,0,0,0,7.99792E+20,5.83222E+21,1.34232E+16,5.25573E+16
206200,11,0,7,7,2018,10,7,2,3,3,6,0,1,1,0,0,0,1,0,7.99934E+20,5.8132E+21,1.34082E+16,5.23867E+16
206201,11,0,10,10,2018,10,7,2,3,5,2,0,0,1,0,1,0,0,0,8.1096E+20,5.82819E+21,1.35836E+16,5.25149E+16
206202,11,0,4,4,2018,10,8,5,3,5,2,0,1,1,0,0,0,0,0,7.93338E+20,5.82307E+21,1.33202E+16,5.24788E+16
206203,11,0,2,2,2018,10,5,2,3,2,6,2,0,1,0,1,0,0,0,8.03021E+20,5.82576E+21,1.34648E+16,5.24976E+16
206204,11,0,2,2,2018,10,16,5,3,5,2,0,1,1,0,0,0,0,0,8.03339E+20,5.82719E+21,1.34708E+16,5.25103E+16
206205,11,0,5,5,2018,10,4,2,2,4,6,2,0,1,0,0,1,0,0,7.868E+20,5.8284E+21,1.32288E+16,5.253E+16
206206,11,0,10,10,2018,10,10,3,3,5,3,0,0,1,0,0,1,0,1,8.09789E+20,5.82726E+21,1.35656E+16,5.25072E+16
206207,11,0,8,8,2018,10,8,5,3,5,7,0,1,1,0,0,0,0,0,8.01022E+20,5.82486E+21,1.34346E+16,5.24906E+16
206208,11,0,9,9,2018,10,14,2,2,5,3,0,1,1,0,0,0,0,0,8.11346E+20,5.81565E+21,1.35776E+16,5.24023E+16
206209,11,0,9,9,2018,10,6,3,3,5,3,2,1,1,0,0,0,0,0,8.1213E+20,5.82078E+21,1.35939E+16,5.24479E+16
206210,11,0,3,3,2018,10,14,2,3,0,1,0,1,0,0,0,0,0,0,7.99138E+20,5.83032E+21,1.34119E+16,5.25406E+16
206211,11,0,3,3,2018,10,15,5,3,5,3,0,1,1,0,0,0,0,0,7.99501E+20,5.83178E+21,1.34185E+16,5.25535E+16
206212,11,0,5,5,2018,10,13,2,3,5,3,0,1,1,0,0,0,0,0,7.85067E+20,5.82948E+21,1.32042E+16,5.25407E+16
206213,11,0,1,1,2018,10,12,3,3,0,1,0,1,0,0,0,0,0,1,7.97445E+20,5.82886E+21,1.33857E+16,5.25285E+16
206214,11,0,5,5,2018,10,15,5,2,5,7,1,1,1,0,0,0,0,0,7.81744E+20,5.82844E+21,1.31545E+16,5.2533E+16
206215,11,0,7,7,2018,10,18,2,3,7,7,2,1,0,0,0,0,0,1,7.95449E+20,5.82099E+21,1.33494E+16,5.2459E+16
206216,11,0,6,6,2018,10,14,5,2,5,3,0,1,1,0,0,0,0,0,7.96185E+20,5.8172E+21,1.33568E+16,5.24246E+16
206217,11,0,4,4,2018,10,13,2,3,5,3,0,1,0,0,0,0,1,1,7.92616E+20,5.82544E+21,1.33117E+16,5.25004E+16
206218,11,0,10,10,2018,10,13,2,3,3,6,0,0,1,0,0,0,1,0,8.11367E+20,5.82802E+21,1.35895E+16,5.25131E+16
206219,11,0,5,5,2018,10,14,5,3,6,2,0,0,1,1,0,0,0,0,7.8952E+20,5.82947E+21,1.32697E+16,5.25382E+16
206220,11,0,3,3,2018,10,14,2,3,5,3,0,1,1,0,0,0,0,0,8.00083E+20,5.83167E+21,1.3427E+16,5.25522E+16
206221,11,0,4,4,2018,10,12,2,3,2,6,0,0,1,0,0,0,0,1,7.93926E+20,5.82585E+21,1.33313E+16,5.25034E+16
206222,11,0,11,11,2018,10,14,5,2,1,5,0,0,1,0,0,0,1,0,8.0516E+20,5.82713E+21,1.34975E+16,5.25087E+16
206223,11,0,3,3,2018,10,11,2,3,6,7,0,0,1,1,0,0,0,1,7.99283E+20,5.83744E+21,1.34204E+16,5.26043E+16
206224,11,0,2,2,2018,10,12,2,3,5,3,0,0,1,0,0,0,1,0,8.01372E+20,5.82652E+21,1.34413E+16,5.25053E+16
206225,11,0,1,1,2018,10,11,2,3,5,2,0,1,1,0,0,0,0,1,7.97456E+20,5.82684E+21,1.3384E+16,5.25103E+16
206226,11,0,12,12,2018,10,18,5,3,0,1,2,0,0,0,1,0,0,1,7.91122E+20,5.83398E+21,1.32972E+16,5.25778E+16
206227,11,0,4,4,2018,10,11,2,2,5,2,0,0,1,0,1,0,0,0,7.93348E+20,5.82465E+21,1.33217E+16,5.2493E+16
206228,11,0,10,10,2018,10,11,2,3,0,1,0,0,0,0,1,0,0,1,8.11126E+20,5.82917E+21,1.3587E+16,5.25236E+16
206229,11,0,1,1,2018,10,11,2,3,0,6,0,0,1,0,0,0,1,0,7.98697E+20,5.82709E+21,1.34025E+16,5.25119E+16
206230,11,0,1,1,2018,10,10,5,3,0,1,0,1,0,0,0,0,0,0,7.98522E+20,5.82914E+21,1.34018E+16,5.25304E+16
206231,11,0,3,3,2018,10,11,2,3,5,7,0,1,1,0,0,0,0,0,8.00566E+20,5.83141E+21,1.34338E+16,5.25496E+16
206232,11,0,4,4,2018,10,10,2,2,5,3,0,1,1,0,0,0,0,0,7.90561E+20,5.82521E+21,1.32813E+16,5.24994E+16
206233,11,0,7,7,2018,10,20,5,3,0,1,2,0,0,0,1,0,0,1,7.98095E+20,5.82049E+21,1.33877E+16,5.24531E+16
206234,11,0,5,5,2018,10,8,5,2,5,3,0,0,1,0,0,0,0,0,7.84483E+20,5.82855E+21,1.31949E+16,5.25326E+16
206235,11,0,7,7,2018,10,17,2,3,5,3,1,0,1,0,0,0,1,0,7.99133E+20,5.82171E+21,1.34041E+16,5.24635E+16
206236,11,0,1,1,2018,10,8,5,3,5,3,0,1,0,0,0,0,1,0,7.94877E+20,5.82953E+21,1.33485E+16,5.25358E+16
206237,11,0,8,8,2018,10,11,2,3,5,3,0,1,1,0,0,0,0,0,8.01451E+20,5.82388E+21,1.344E+16,5.24816E+16
206238,11,0,10,10,2018,10,16,2,3,2,6,0,0,1,0,0,0,0,0,8.06738E+20,5.83028E+21,1.35235E+16,5.2536E+16
206239,11,0,1,1,2018,10,8,5,3,1,5,0,1,1,0,0,0,0,0,7.94263E+20,5.83138E+21,1.33411E+16,5.25528E+16
206240,11,0,1,1,2018,10,8,2,3,0,1,0,0,0,0,1,0,0,0,7.99286E+20,5.82893E+21,1.34128E+16,5.25281E+16
206241,11,0,7,7,2018,10,11,2,3,5,3,0,0,1,0,0,0,1,0,7.98556E+20,5.81441E+21,1.33891E+16,5.23984E+16
206242,11,0,3,3,2018,10,8,5,3,5,3,0,0,1,0,0,0,0,0,8.02276E+20,5.83144E+21,1.3459E+16,5.25489E+16
206243,11,0,6,6,2018,10,11,2,2,5,2,0,0,1,0,1,0,0,0,7.9175E+20,5.8193E+21,1.32936E+16,5.24458E+16
206244,11,0,1,1,2018,10,16,2,3,5,3,0,0,1,0,1,0,0,1,7.9697E+20,5.82686E+21,1.33769E+16,5.25108E+16
206245,11,0,6,6,2018,10,10,2,3,5,2,0,1,1,0,0,0,0,0,7.89997E+20,5.81917E+21,1.32678E+16,5.24456E+16
206246,11,0,2,2,2018,10,8,5,3,6,7,0,0,1,1,0,0,0,0,7.98281E+20,5.82458E+21,1.33941E+16,5.24896E+16
206247,11,0,5,5,2018,10,10,2,3,2,6,0,0,1,0,0,0,0,0,7.8544E+20,5.82925E+21,1.32095E+16,5.25384E+16
206248,11,0,2,2,2018,10,7,5,3,3,6,0,1,1,0,0,0,0,0,7.97789E+20,5.8246E+21,1.33869E+16,5.24901E+16
206249,11,0,5,5,2018,10,9,2,3,5,3,0,1,1,0,0,0,0,0,7.85067E+20,5.82948E+21,1.32042E+16,5.25406E+16
206250,11,0,1,1,2018,10,8,2,3,5,1,0,0,1,0,1,0,0,0,7.95985E+20,5.82871E+21,1.33641E+16,5.25279E+16
206251,11,0,1,1,2018,10,9,2,3,5,2,0,0,1,0,0,0,0,0,7.98077E+20,5.82999E+21,1.3396E+16,5.25383E+16
206252,11,0,3,3,2018,10,6,5,2,0,3,0,0,1,0,1,0,0,0,7.99829E+20,5.83154E+21,1.34231E+16,5.25512E+16
206253,11,0,7,7,2018,10,9,2,3,5,3,0,1,0,0,0,0,0,0,7.94875E+20,5.8222E+21,1.3342E+16,5.24702E+16
206254,11,0,4,4,2018,10,16,2,3,5,2,0,0,1,0,0,0,0,1,7.90357E+20,5.82732E+21,1.32801E+16,5.25185E+16
206255,11,0,1,1,2018,10,6,5,2,5,3,2,0,1,0,1,0,0,0,7.99746E+20,5.82757E+21,1.34183E+16,5.25156E+16
206256,11,0,2,2,2018,10,18,5,3,3,6,1,0,0,0,1,1,0,0,8.01756E+20,5.82623E+21,1.34466E+16,5.25026E+16
206257,11,0,4,4,2018,10,16,2,3,2,6,0,0,1,0,0,0,0,1,7.91219E+20,5.82915E+21,1.32944E+16,5.25344E+16
206258,11,0,3,3,2018,10,15,5,3,5,2,2,1,1,0,0,0,0,0,7.98417E+20,5.8318E+21,1.34026E+16,5.25543E+16
206259,11,0,3,3,2018,10,9,2,3,4,2,0,1,1,0,0,0,0,0,8.01703E+20,5.83108E+21,1.34503E+16,5.25461E+16
206260,11,0,4,4,2018,10,11,5,3,2,3,0,0,1,0,0,0,0,0,7.92735E+20,5.82611E+21,1.3314E+16,5.25064E+16
206261,11,0,2,2,2018,10,15,2,3,5,3,0,1,1,0,0,0,0,1,7.97117E+20,5.82399E+21,1.33765E+16,5.24849E+16
206262,11,0,1,1,2018,10,9,2,3,6,4,0,1,0,1,0,0,0,0,7.99698E+20,5.82782E+21,1.34179E+16,5.25179E+16
206263,11,0,2,2,2018,10,12,4,3,5,2,0,1,1,0,0,0,0,0,7.98582E+20,5.82515E+21,1.3399E+16,5.24946E+16
206264,11,0,4,4,2018,10,9,2,3,1,5,0,1,1,0,0,0,0,0,7.89491E+20,5.82661E+21,1.32668E+16,5.25126E+16
206265,11,0,1,1,2018,10,8,2,3,0,3,0,1,1,0,0,0,0,0,7.97014E+20,5.82894E+21,1.33794E+16,5.25294E+16
206266,11,0,4,4,2018,10,12,2,3,2,6,0,1,1,0,0,0,0,0,7.93895E+20,5.82622E+21,1.33312E+16,5.25067E+16
206267,11,0,4,4,2018,10,18,4,3,1,5,1,1,1,0,0,0,0,0,7.92751E+20,5.82627E+21,1.33144E+16,5.25078E+16
206268,11,0,6,6,2018,10,14,2,2,5,3,0,1,0,0,0,0,1,0,7.95399E+20,5.81761E+21,1.33456E+16,5.24287E+16
206269,11,0,12,12,2018,10,15,2,3,2,6,0,0,1,0,0,0,0,1,7.90284E+20,5.83503E+21,1.32858E+16,5.25876E+16
206270,11,0,8,8,2018,10,9,4,3,2,2,0,0,1,0,0,0,0,0,8.0265E+20,5.82217E+21,1.34561E+16,5.24656E+16
206271,11,0,10,10,2018,10,6,2,2,2,6,1,0,1,0,0,0,0,0,8.13719E+20,5.82995E+21,1.36258E+16,5.25291E+16
206272,11,0,2,2,2018,10,16,1,3,5,2,0,0,1,0,0,0,0,0,7.97622E+20,5.82558E+21,1.33853E+16,5.2499E+16
206273,11,0,5,5,2018,10,15,2,2,0,6,0,0,1,0,1,0,0,1,7.89642E+20,5.82929E+21,1.32713E+16,5.25365E+16
206274,11,0,6,6,2018,10,14,2,2,5,3,0,0,1,0,1,0,0,1,7.93185E+20,5.82E+21,1.33153E+16,5.24514E+16
206275,11,0,2,2,2018,10,17,4,3,5,3,0,1,0,0,1,0,0,0,8.00586E+20,5.82759E+21,1.34307E+16,5.25153E+16
206276,11,0,7,7,2018,10,16,4,3,5,2,0,1,1,0,0,0,0,0,8.00125E+20,5.82194E+21,1.34188E+16,5.24649E+16
206277,11,0,6,6,2018,10,14,2,3,2,6,0,0,1,0,0,0,0,1,7.94755E+20,5.82007E+21,1.33384E+16,5.24511E+16
206278,11,0,1,1,2018,10,16,4,3,6,4,0,0,1,1,0,0,0,0,7.98637E+20,5.82948E+21,1.34038E+16,5.25334E+16
206279,11,0,8,8,2018,10,13,1,2,5,2,0,1,1,0,0,0,0,0,8.03726E+20,5.818E+21,1.34681E+16,5.24276E+16
206280,11,0,5,5,2018,10,15,2,2,2,6,0,0,1,0,0,0,0,1,7.8479E+20,5.82885E+21,1.31996E+16,5.25351E+16
206281,11,0,3,3,2018,10,18,4,3,5,3,1,1,1,0,0,0,0,0,8.01941E+20,5.83065E+21,1.34534E+16,5.25421E+16
206282,11,0,4,4,2018,10,14,2,3,2,6,0,0,1,0,0,0,0,1,7.92622E+20,5.82182E+21,1.33086E+16,5.24679E+16
206283,11,0,6,6,2018,10,11,1,2,1,7,0,0,1,0,1,0,0,0,7.91069E+20,5.81585E+21,1.32806E+16,5.24153E+16
206284,11,0,7,7,2018,10,18,4,2,5,2,1,0,1,0,0,0,0,0,7.99776E+20,5.81398E+21,1.34066E+16,5.23938E+16
206285,11,0,5,5,2018,10,11,1,2,5,2,0,1,1,0,0,0,0,0,7.84795E+20,5.82878E+21,1.31996E+16,5.25345E+16
206286,11,0,7,7,2018,10,14,2,3,2,6,0,0,0,0,0,1,1,1,7.99194E+20,5.82001E+21,1.34034E+16,5.24482E+16
206287,11,0,4,4,2018,10,11,1,3,1,5,0,1,1,0,0,0,0,0,7.91938E+20,5.82692E+21,1.3303E+16,5.25141E+16
206288,11,0,4,4,2018,10,18,4,3,5,2,2,1,1,0,0,0,0,0,7.92749E+20,5.82675E+21,1.33148E+16,5.25121E+16
206289,11,0,4,4,2018,10,11,1,2,5,2,0,0,1,0,1,0,0,0,7.91576E+20,5.82488E+21,1.32959E+16,5.24959E+16
206290,11,0,9,9,2018,10,5,2,3,2,6,2,0,1,0,0,0,0,0,8.0976E+20,5.82071E+21,1.35591E+16,5.24486E+16
206291,11,0,5,5,2018,10,19,4,3,1,5,2,0,1,0,0,1,0,0,7.89869E+20,5.82922E+21,1.32746E+16,5.25358E+16
206292,11,0,3,3,2018,10,5,2,2,5,2,2,0,1,0,1,0,0,0,7.96759E+20,5.83401E+21,1.33802E+16,5.2575E+16
206293,11,0,11,11,2018,10,9,1,3,5,3,0,1,1,0,0,0,0,0,8.04843E+20,5.83327E+21,1.34984E+16,5.25639E+16
206294,11,0,11,11,2018,10,13,2,3,2,6,0,0,1,0,0,1,0,1,8.03911E+20,5.82836E+21,1.34802E+16,5.25204E+16
206295,11,0,9,9,2018,10,16,4,3,0,6,0,0,0,0,1,0,0,0,8.10019E+20,5.8216E+21,1.35637E+16,5.24564E+16
206296,11,0,9,9,2018,10,9,1,2,6,4,0,1,0,1,0,0,0,0,8.11366E+20,5.82012E+21,1.35821E+16,5.24424E+16
206297,11,0,8,8,2018,10,14,2,2,2,6,0,0,1,0,0,0,1,1,7.9947E+20,5.81635E+21,1.34042E+16,5.24152E+16
206298,11,0,11,11,2018,10,8,1,3,5,3,0,0,1,0,0,0,0,0,8.04607E+20,5.8275E+21,1.34897E+16,5.25123E+16
206299,11,0,4,4,2018,10,15,4,3,6,4,0,0,1,1,0,0,0,0,7.92834E+20,5.82434E+21,1.33139E+16,5.24904E+16
206300,11,0,5,5,2018,10,6,1,3,1,1,1,0,1,0,0,0,0,0,7.86977E+20,5.82985E+21,1.32326E+16,5.2543E+16
206301,11,0,2,2,2018,10,17,2,2,6,4,1,0,1,1,0,0,0,0,8.0031E+20,5.82843E+21,1.34274E+16,5.25231E+16
206302,11,0,9,9,2018,10,16,4,3,0,1,0,1,0,0,0,0,0,0,8.11651E+20,5.81858E+21,1.35848E+16,5.24284E+16
206303,11,0,11,11,2018,10,23,1,3,4,6,2,0,0,0,0,0,1,0,8.07889E+20,5.83393E+21,1.35438E+16,5.25681E+16
206304,11,0,1,1,2018,10,16,2,3,0,1,0,0,0,0,1,0,0,0,7.97791E+20,5.82726E+21,1.33893E+16,5.25139E+16
206305,11,0,10,10,2018,10,20,1,3,0,6,2,0,1,0,1,0,0,0,8.12272E+20,5.83068E+21,1.36052E+16,5.25364E+16
206306,11,0,4,4,2018,10,16,4,3,5,3,0,0,1,0,0,0,0,0,7.8872E+20,5.82752E+21,1.32563E+16,5.25211E+16
206307,11,0,1,1,2018,10,5,1,3,5,3,2,0,1,0,0,0,0,0,7.97956E+20,5.82707E+21,1.33916E+16,5.25122E+16