OBJECTID_1,ULAND,UREGBEZ,UKREIS,UGEMEINDE,UJAHR,UMONAT,USTUNDE,UWOCHENTAG,UKATEGORIE,UART,UTYP1,ULICHTVERH,IstRad,IstPKW,IstFuss,IstKrad,IstGkfz,IstSonstig,STRZUSTAND,LINREFX,LINREFY,XGCSWGS84,YGCSWGS84
206308,11,0,7,7,2018,10,20,2,3,6,4,2,0,0,1,0,0,1,0,7.99222E+20,5.81315E+21,1.33977E+16,5.23867E+16
206309,11,0,12,12,2018,10,15,4,3,0,1,0,1,0,0,0,0,0,1,7.91915E+20,5.83417E+21,1.3309E+16,5.25791E+16
206310,11,0,12,12,2018,10,19,1,2,0,7,2,0,1,0,1,0,0,1,7.92257E+20,5.83334E+21,1.33133E+16,5.25714E+16
206311,11,0,7,7,2018,10,19,2,2,5,2,2,1,0,0,0,0,1,0,7.97837E+20,5.82134E+21,1.33847E+16,5.24609E+16
206312,11,0,9,9,2018,10,15,4,3,5,3,0,0,1,0,0,0,0,0,8.1218E+20,5.81908E+21,1.3593E+16,5.24326E+16
206313,11,0,1,1,2018,10,19,2,3,6,2,2,0,1,1,0,0,0,0,7.97096E+20,5.82883E+21,1.33805E+16,5.25284E+16
206314,11,0,3,3,2018,10,19,1,3,1,5,2,0,1,0,0,0,0,0,7.96368E+20,5.83505E+21,1.33754E+16,5.25845E+16
206315,11,0,1,1,2018,10,19,2,3,5,7,2,0,1,0,0,0,0,0,7.97254E+20,5.83216E+21,1.33858E+16,5.25582E+16
206316,11,0,4,4,2018,10,14,4,3,2,6,0,0,1,0,0,0,0,0,7.92721E+20,5.82548E+21,1.33133E+16,5.25007E+16
206317,11,0,4,4,2018,10,18,1,3,0,7,1,1,0,0,0,0,1,1,7.94095E+20,5.82644E+21,1.33343E+16,5.25086E+16
206318,11,0,1,1,2018,10,19,2,3,5,3,2,0,1,0,0,0,1,0,7.94421E+20,5.82939E+21,1.33417E+16,5.25348E+16
206319,11,0,6,6,2018,10,18,1,2,6,4,1,0,1,1,0,0,0,0,7.95489E+20,5.8176E+21,1.33469E+16,5.24286E+16
206320,11,0,9,9,2018,10,14,4,2,5,2,0,1,1,0,0,0,0,0,8.11363E+20,5.82017E+21,1.35821E+16,5.24428E+16
206321,11,0,4,4,2018,10,15,1,3,2,2,0,0,1,0,0,0,0,0,7.91929E+20,5.82398E+21,1.33003E+16,5.24877E+16
206322,11,0,6,6,2018,10,18,2,3,1,5,1,1,1,0,0,0,0,0,7.92715E+20,5.8195E+21,1.33079E+16,5.24472E+16
206323,11,0,5,5,2018,10,13,4,3,2,7,0,1,1,0,0,0,0,0,7.84179E+20,5.83002E+21,1.31916E+16,5.25459E+16
206324,11,0,12,12,2018,10,9,4,3,5,2,0,0,1,0,0,0,0,0,7.93975E+20,5.83747E+21,1.33423E+16,5.26075E+16
206325,11,0,2,2,2018,10,17,2,3,0,1,1,1,0,0,0,0,0,1,8.01969E+20,5.82738E+21,1.34508E+16,5.25127E+16
206326,11,0,7,7,2018,10,8,4,3,5,2,0,1,1,0,0,0,0,0,7.97372E+20,5.82051E+21,1.33771E+16,5.24537E+16
206327,11,0,1,1,2018,10,13,1,3,0,7,0,1,1,0,0,0,0,0,7.96831E+20,5.82957E+21,1.33773E+16,5.25352E+16
206328,11,0,2,2,2018,10,17,2,3,1,5,0,1,0,0,0,0,1,1,8.00487E+20,5.82597E+21,1.34278E+16,5.25009E+16
206329,11,0,1,1,2018,10,8,4,3,5,7,0,0,1,0,1,0,0,0,7.97241E+20,5.82824E+21,1.33821E+16,5.2523E+16
206330,11,0,4,4,2018,10,7,4,3,4,6,0,1,0,0,0,0,0,0,7.93719E+20,5.82397E+21,1.33266E+16,5.24866E+16
206331,11,0,1,1,2018,10,13,4,3,5,3,0,1,0,0,0,0,0,0,7.95182E+20,5.82689E+21,1.33507E+16,5.2512E+16
206332,11,0,1,1,2018,10,11,1,3,2,6,0,0,1,0,0,0,0,0,7.93516E+20,5.82932E+21,1.33283E+16,5.25347E+16
206333,11,0,8,8,2018,10,7,4,3,5,3,0,0,1,0,0,0,0,0,8.01915E+20,5.82231E+21,1.34454E+16,5.24673E+16
206334,11,0,1,1,2018,10,5,1,2,1,1,2,1,1,0,0,0,0,0,7.98563E+20,5.82923E+21,1.34024E+16,5.25312E+16
206335,11,0,9,9,2018,10,14,7,3,1,5,0,1,1,0,0,0,0,0,8.02408E+20,5.82469E+21,1.34548E+16,5.24884E+16
206336,11,0,10,10,2018,10,6,4,3,5,3,1,1,1,0,0,0,0,0,8.06582E+20,5.82826E+21,1.35194E+16,5.2518E+16
206337,11,0,7,7,2018,10,20,7,3,3,6,2,0,1,0,0,0,0,0,7.97953E+20,5.82399E+21,1.33888E+16,5.24845E+16
206338,11,0,5,5,2018,10,14,1,3,3,6,0,0,1,0,1,0,0,0,7.82878E+20,5.82689E+21,1.31698E+16,5.25186E+16
206339,11,0,10,10,2018,10,18,7,3,5,3,2,0,1,0,0,0,1,0,8.10468E+20,5.82557E+21,1.3574E+16,5.24917E+16
206340,11,0,1,1,2018,10,12,4,3,5,2,0,1,1,0,0,0,0,0,7.97075E+20,5.82929E+21,1.33806E+16,5.25325E+16
206341,11,0,4,4,2018,10,18,7,3,2,7,1,0,1,0,1,0,0,0,7.93926E+20,5.82586E+21,1.33313E+16,5.25035E+16
206342,11,0,3,3,2018,10,0,1,3,5,2,2,0,1,0,0,0,0,0,8.00078E+20,5.83388E+21,1.34289E+16,5.2572E+16
206343,11,0,11,11,2018,10,11,4,3,1,5,0,1,1,0,0,0,0,0,8.03972E+20,5.8282E+21,1.3481E+16,5.2519E+16
206344,11,0,1,1,2018,10,6,4,3,5,2,1,1,1,0,0,0,0,0,7.96858E+20,5.83065E+21,1.33786E+16,5.25448E+16
206345,11,0,1,1,2018,10,21,1,2,6,4,2,0,1,1,0,0,0,0,7.99498E+20,5.82834E+21,1.34154E+16,5.25227E+16
206346,11,0,6,6,2018,10,11,4,3,5,2,0,0,1,0,0,0,0,0,7.91902E+20,5.81894E+21,1.32955E+16,5.24426E+16
206347,11,0,1,1,2018,10,18,7,3,6,7,1,0,1,1,0,0,0,0,7.96229E+20,5.82848E+21,1.33675E+16,5.25257E+16
206348,11,0,5,5,2018,10,21,1,2,6,4,2,0,1,1,0,0,0,0,7.84598E+20,5.83022E+21,1.3198E+16,5.25475E+16
206349,11,0,5,5,2018,10,11,4,3,6,4,0,0,1,1,0,0,0,0,7.85296E+20,5.83241E+21,1.32101E+16,5.25668E+16
206350,11,0,1,1,2018,10,19,1,3,5,3,2,0,1,0,1,0,0,0,7.95673E+20,5.83093E+21,1.33615E+16,5.2548E+16
206351,11,0,6,6,2018,10,18,7,3,2,6,2,0,1,0,1,0,0,0,7.93267E+20,5.81707E+21,1.33139E+16,5.2425E+16
206352,11,0,5,5,2018,10,10,4,3,5,2,0,0,1,0,1,0,0,0,7.83896E+20,5.82662E+21,1.31846E+16,5.25156E+16
206353,11,0,7,7,2018,10,17,7,2,5,2,0,1,0,0,0,0,1,0,7.94957E+20,5.82567E+21,1.33463E+16,5.25012E+16
206354,11,0,10,10,2018,10,18,1,3,9,1,1,0,0,0,1,0,0,0,8.11318E+20,5.82989E+21,1.35905E+16,5.25299E+16
206355,11,0,3,3,2018,10,17,7,3,5,2,0,0,1,0,1,0,0,0,7.99052E+20,5.83755E+21,1.34171E+16,5.26055E+16
206356,11,0,3,3,2018,10,17,1,3,5,3,0,1,1,0,0,0,0,0,8.00549E+20,5.83368E+21,1.34356E+16,5.25699E+16
206357,11,0,1,1,2018,10,16,7,3,5,2,0,0,1,0,0,0,1,0,7.98583E+20,5.82688E+21,1.34006E+16,5.25101E+16
206358,11,0,4,4,2018,10,10,4,2,5,2,0,0,1,0,0,0,1,0,7.89942E+20,5.82738E+21,1.32741E+16,5.25192E+16
206359,11,0,4,4,2018,10,2,7,3,2,6,2,0,1,0,0,0,0,0,7.88259E+20,5.8278E+21,1.32497E+16,5.25239E+16
206360,11,0,7,7,2018,10,14,1,3,2,2,0,0,1,0,1,0,0,0,7.9683E+20,5.82081E+21,1.33695E+16,5.24567E+16
206361,11,0,1,1,2018,10,16,7,2,5,2,0,1,1,0,0,0,0,0,7.94908E+20,5.83023E+21,1.33496E+16,5.25421E+16
206362,11,0,6,6,2018,10,16,7,3,5,2,0,1,1,0,0,0,0,0,7.93527E+20,5.82064E+21,1.33208E+16,5.24569E+16
206363,11,0,2,2,2018,10,14,1,3,2,7,0,0,1,0,1,0,0,0,7.98277E+20,5.82531E+21,1.33947E+16,5.24962E+16
206364,11,0,1,1,2018,10,20,4,3,0,2,2,1,1,0,0,0,0,0,7.97529E+20,5.83271E+21,1.33903E+16,5.25629E+16
206365,11,0,2,2,2018,10,13,1,3,1,5,0,1,1,0,0,0,0,0,8.00069E+20,5.82561E+21,1.34213E+16,5.24979E+16
206366,11,0,4,4,2018,10,9,4,3,1,5,0,1,0,0,0,1,0,0,7.9453E+20,5.82597E+21,1.33403E+16,5.25041E+16
206367,11,0,9,9,2018,10,15,7,3,5,7,0,0,1,0,1,0,0,0,8.0644E+20,5.82297E+21,1.35124E+16,5.24707E+16
206368,11,0,2,2,2018,10,2,1,3,0,1,2,0,0,0,1,0,0,0,8.01617E+20,5.82603E+21,1.34444E+16,5.25008E+16
206369,11,0,4,4,2018,10,9,4,3,2,6,0,0,1,0,0,0,0,0,7.91279E+20,5.83071E+21,1.32967E+16,5.25484E+16
206370,11,0,1,1,2018,10,21,7,3,3,6,2,0,1,0,1,0,0,0,7.95807E+20,5.83108E+21,1.33636E+16,5.25492E+16
206371,11,0,4,4,2018,10,15,7,3,2,6,0,0,1,0,0,0,0,0,7.94144E+20,5.8241E+21,1.33329E+16,5.24876E+16
206372,11,0,1,1,2018,10,15,4,3,3,2,0,0,1,0,1,0,0,0,7.97165E+20,5.8277E+21,1.33805E+16,5.25182E+16
206373,11,0,4,4,2018,10,15,7,3,2,6,0,1,0,0,0,0,0,0,7.91547E+20,5.82672E+21,1.32971E+16,5.25125E+16
206374,11,0,9,9,2018,10,20,7,3,5,3,2,0,1,0,0,0,0,0,8.05893E+20,5.81897E+21,1.35007E+16,5.24352E+16
206375,11,0,11,11,2018,10,20,4,3,3,6,2,0,1,0,0,0,0,0,8.04557E+20,5.8299E+21,1.34911E+16,5.25339E+16
206376,11,0,1,1,2018,10,15,7,3,5,3,0,0,1,0,0,0,0,0,7.95072E+20,5.82638E+21,1.33486E+16,5.25075E+16
206377,11,0,12,12,2018,10,13,7,3,5,2,0,1,1,0,0,0,0,0,7.93844E+20,5.83616E+21,1.33392E+16,5.25958E+16
206378,11,0,2,2,2018,10,9,4,3,0,7,0,0,1,0,1,0,0,0,8.01647E+20,5.82533E+21,1.34442E+16,5.24945E+16
206379,11,0,7,7,2018,10,19,7,3,5,7,2,0,1,0,0,0,0,0,7.97632E+20,5.81918E+21,1.33798E+16,5.24416E+16
206380,11,0,9,9,2018,10,9,4,3,6,7,0,0,1,1,0,0,0,0,8.09021E+20,5.81949E+21,1.35471E+16,5.2438E+16
206381,11,0,5,5,2018,10,15,7,3,5,3,0,0,1,0,0,0,0,0,7.80055E+20,5.8277E+21,1.3129E+16,5.25272E+16
206382,11,0,6,6,2018,10,18,7,3,5,3,2,0,1,0,1,0,0,0,7.93283E+20,5.8211E+21,1.33177E+16,5.24612E+16
206383,11,0,2,2,2018,10,19,4,3,1,5,2,1,1,0,0,0,0,0,8.02675E+20,5.82737E+21,1.34612E+16,5.25122E+16
206384,11,0,2,2,2018,10,17,7,3,1,5,1,1,1,0,0,0,1,0,7.9987E+20,5.82587E+21,1.34186E+16,5.25003E+16
206385,11,0,2,2,2018,10,15,7,3,6,7,0,0,1,1,0,0,0,0,8.03478E+20,5.82749E+21,1.34731E+16,5.25129E+16
206386,11,0,8,8,2018,10,16,7,3,9,1,0,0,1,0,0,0,0,0,8.05045E+20,5.81757E+21,1.3487E+16,5.2423E+16
206387,11,0,12,12,2018,10,18,3,3,5,3,1,0,1,0,0,0,0,0,7.89958E+20,5.83487E+21,1.32809E+16,5.25864E+16
206388,11,0,10,10,2018,10,16,7,2,6,7,0,1,0,1,0,0,0,0,8.1324E+20,5.8294E+21,1.36183E+16,5.25245E+16
206389,11,0,6,6,2018,10,15,7,3,6,7,0,0,1,1,0,0,0,0,7.93719E+20,5.8212E+21,1.33242E+16,5.24618E+16
206390,11,0,2,2,2018,10,14,7,3,1,5,0,1,1,0,0,0,0,0,8.03052E+20,5.82585E+21,1.34653E+16,5.24984E+16
206391,11,0,1,1,2018,10,17,3,3,0,1,2,0,0,0,1,0,0,1,7.96834E+20,5.83194E+21,1.33794E+16,5.25564E+16
206392,11,0,1,1,2018,10,13,7,3,6,2,0,0,1,1,0,0,0,0,7.94318E+20,5.82838E+21,1.33393E+16,5.25258E+16
206393,11,0,6,6,2018,10,13,7,3,1,1,0,1,1,0,0,0,0,0,7.87469E+20,5.81668E+21,1.32285E+16,5.24246E+16
206394,11,0,4,4,2018,10,8,3,3,6,4,0,1,0,1,0,0,0,0,7.94149E+20,5.8242E+21,1.33331E+16,5.24885E+16
206395,11,0,9,9,2018,10,12,7,3,5,2,0,0,1,0,0,0,0,0,8.1121E+20,5.82251E+21,1.3582E+16,5.24639E+16
206396,11,0,2,2,2018,10,16,3,3,5,2,0,1,1,0,0,0,0,0,8.01866E+20,5.82898E+21,1.34508E+16,5.25271E+16
206397,11,0,7,7,2018,10,11,7,3,2,6,0,0,1,0,0,0,0,0,7.96931E+20,5.82228E+21,1.33722E+16,5.24697E+16
206398,11,0,7,7,2018,10,13,7,3,2,6,0,0,1,0,0,0,1,0,7.9683E+20,5.82084E+21,1.33695E+16,5.24569E+16
206399,11,0,4,4,2018,10,8,3,3,5,7,0,1,1,0,0,0,0,0,7.89653E+20,5.82655E+21,1.32691E+16,5.2512E+16
206400,11,0,6,6,2018,10,12,7,3,4,6,0,1,0,0,0,0,0,0,7.94317E+20,5.81758E+21,1.33297E+16,5.24291E+16
206401,11,0,3,3,2018,10,12,7,3,2,2,0,0,1,0,1,0,0,0,8.02085E+20,5.83889E+21,1.3463E+16,5.26158E+16
206402,11,0,5,5,2018,10,12,7,3,2,6,0,0,1,0,0,0,1,0,7.87035E+20,5.82816E+21,1.3232E+16,5.25278E+16
206403,11,0,1,1,2018,10,12,7,3,5,3,0,1,0,0,0,0,0,0,7.99159E+20,5.82781E+21,1.34099E+16,5.25181E+16
206404,11,0,9,9,2018,10,2,7,2,9,1,2,0,1,0,0,0,0,0,8.17544E+20,5.81664E+21,1.36694E+16,5.24076E+16
206405,11,0,2,2,2018,10,19,3,3,3,5,2,0,1,0,0,0,0,0,7.97855E+20,5.8249E+21,1.33881E+16,5.24927E+16
206406,11,0,10,10,2018,10,11,7,3,2,6,0,0,1,0,0,0,0,0,8.06622E+20,5.83025E+21,1.35218E+16,5.25358E+16
206407,11,0,9,9,2018,10,19,7,2,0,1,2,0,0,0,1,0,0,0,8.05731E+20,5.82295E+21,1.3502E+16,5.24709E+16
206408,11,0,7,7,2018,10,11,7,3,5,3,0,0,1,0,1,0,0,0,7.99447E+20,5.81776E+21,1.34051E+16,5.24278E+16
206409,11,0,2,2,2018,10,17,3,3,5,2,0,1,1,0,0,0,0,0,7.97834E+20,5.8249E+21,1.33878E+16,5.24928E+16
206410,11,0,2,2,2018,10,11,7,3,1,5,0,0,1,0,0,0,0,0,8.00435E+20,5.82802E+21,1.34289E+16,5.25193E+16
206411,11,0,7,7,2018,10,16,6,3,2,6,0,0,1,0,0,0,0,0,7.97352E+20,5.82054E+21,1.33769E+16,5.2454E+16
206412,11,0,9,9,2018,10,23,3,3,0,1,2,0,0,0,1,0,0,0,8.06078E+20,5.81915E+21,1.35036E+16,5.24366E+16
206413,11,0,2,2,2018,10,22,3,3,6,4,2,1,0,1,0,0,0,0,8.02483E+20,5.82705E+21,1.34581E+16,5.25094E+16
206414,11,0,1,1,2018,10,16,6,3,5,3,0,1,0,0,0,0,0,0,7.98233E+20,5.82893E+21,1.33973E+16,5.25287E+16
206415,11,0,2,2,2018,10,19,3,3,1,5,2,1,1,0,0,0,0,0,8.00303E+20,5.82583E+21,1.34249E+16,5.24997E+16
206416,11,0,8,8,2018,10,11,7,2,5,3,0,1,1,0,0,0,0,0,8.02024E+20,5.8243E+21,1.34488E+16,5.2485E+16
206417,11,0,8,8,2018,10,15,6,3,2,2,0,0,1,0,0,0,0,0,8.00337E+20,5.82434E+21,1.34241E+16,5.24864E+16
206418,11,0,7,7,2018,10,18,3,3,2,6,1,0,1,0,1,0,0,0,7.9431E+20,5.82216E+21,1.33337E+16,5.24701E+16
206419,11,0,7,7,2018,10,15,6,3,2,6,0,0,1,0,0,0,0,0,7.97475E+20,5.81928E+21,1.33776E+16,5.24426E+16
206420,11,0,1,1,2018,10,10,7,3,5,3,0,0,1,0,0,0,0,0,7.96677E+20,5.82621E+21,1.3372E+16,5.25051E+16
206421,11,0,9,9,2018,10,18,3,3,5,3,1,1,1,0,0,0,0,0,8.06282E+20,5.82221E+21,1.35094E+16,5.24639E+16
206422,11,0,9,9,2018,10,10,7,3,5,7,0,0,1,0,1,0,0,0,8.20126E+20,5.81964E+21,1.37101E+16,5.2433E+16
206423,11,0,4,4,2018,10,15,6,3,5,3,0,1,1,0,0,0,0,0,7.88008E+20,5.82762E+21,1.32459E+16,5.25225E+16
206424,11,0,10,10,2018,10,10,7,3,5,2,0,0,1,0,0,0,1,0,8.12206E+20,5.83092E+21,1.36045E+16,5.25387E+16
206425,11,0,1,1,2018,10,17,3,3,3,6,1,0,1,0,0,0,0,0,7.99565E+20,5.82823E+21,1.34163E+16,5.25216E+16
206426,11,0,3,3,2018,10,10,7,2,5,3,0,1,1,0,0,0,0,0,7.99237E+20,5.83518E+21,1.34177E+16,5.25841E+16
206427,11,0,9,9,2018,10,15,6,3,3,6,0,1,0,0,0,0,0,0,8.14299E+20,5.82121E+21,1.36261E+16,5.24505E+16
206428,11,0,3,3,2018,10,17,3,3,5,3,1,1,1,0,0,0,0,0,8.03734E+20,5.83924E+21,1.34876E+16,5.2618E+16
206429,11,0,4,4,2018,10,17,3,3,5,3,0,0,1,0,0,0,0,0,7.92843E+20,5.82552E+21,1.33151E+16,5.2501E+16
206430,11,0,8,8,2018,10,15,6,3,5,3,0,0,1,0,0,0,0,0,8.04809E+20,5.81676E+21,1.34828E+16,5.2416E+16
206431,11,0,3,3,2018,10,16,3,3,5,2,0,1,1,0,0,0,0,0,8.03374E+20,5.83351E+21,1.3477E+16,5.25669E+16
206432,11,0,1,1,2018,10,10,7,3,5,3,0,0,1,0,0,0,0,0,7.95666E+20,5.83154E+21,1.33619E+16,5.25535E+16
206433,11,0,1,1,2018,10,16,3,3,4,6,0,1,0,0,0,0,0,0,7.94538E+20,5.82823E+21,1.33424E+16,5.25244E+16
206434,11,0,3,3,2018,10,9,7,3,5,2,0,1,1,0,0,0,0,0,7.96317E+20,5.83502E+21,1.33746E+16,5.25843E+16
206435,11,0,8,8,2018,10,22,6,3,0,3,2,0,1,0,0,0,1,0,8.00663E+20,5.8244E+21,1.34289E+16,5.24867E+16
206436,11,0,3,3,2018,10,16,3,3,2,6,0,0,1,0,0,0,0,0,7.96227E+20,5.83633E+21,1.33744E+16,5.25961E+16
206437,11,0,9,9,2018,10,15,3,3,5,2,0,1,1,0,0,0,0,0,8.06537E+20,5.82011E+21,1.35112E+16,5.2445E+16
206438,11,0,5,5,2018,10,15,3,3,5,2,0,1,1,0,0,0,0,0,7.81907E+20,5.82719E+21,1.31558E+16,5.25217E+16
206439,11,0,8,8,2018,10,9,7,3,5,2,0,1,1,0,0,0,0,0,8.01266E+20,5.8197E+21,1.34335E+16,5.24443E+16
206440,11,0,6,6,2018,10,15,3,3,2,7,0,0,1,0,0,0,1,1,7.87597E+20,5.81701E+21,1.32307E+16,5.24275E+16
206441,11,0,8,8,2018,10,20,6,3,6,2,2,0,1,1,0,0,0,0,8.03392E+20,5.82255E+21,1.34673E+16,5.24686E+16
206442,11,0,11,11,2018,10,7,7,2,8,1,2,0,1,0,0,0,0,0,8.0458E+20,5.82637E+21,1.34882E+16,5.25022E+16
206443,11,0,7,7,2018,10,8,3,3,5,3,0,1,1,0,0,0,0,0,7.96646E+20,5.82349E+21,1.33691E+16,5.24807E+16
206444,11,0,2,2,2018,10,2,7,3,5,2,2,0,1,0,0,0,0,0,8.03012E+20,5.82574E+21,1.34646E+16,5.24974E+16
206445,11,0,1,1,2018,10,20,6,3,0,6,2,1,1,0,0,0,0,0,7.97954E+20,5.82895E+21,1.33932E+16,5.2529E+16
206446,11,0,1,1,2018,10,14,7,2,6,4,0,0,1,1,0,0,0,0,7.96887E+20,5.83244E+21,1.33807E+16,5.25608E+16
206447,11,0,1,1,2018,10,8,3,3,2,6,0,1,1,0,0,0,0,0,7.96365E+20,5.83077E+21,1.33715E+16,5.25462E+16
206448,11,0,7,7,2018,10,14,6,3,6,2,0,0,1,1,0,0,0,0,7.96037E+20,5.82538E+21,1.33619E+16,5.2498E+16
206449,11,0,11,11,2018,10,18,6,3,5,3,1,1,1,0,0,0,0,0,8.06518E+20,5.83355E+21,1.35233E+16,5.25654E+16
206450,11,0,2,2,2018,10,8,3,3,5,2,0,1,1,0,0,0,0,0,8.03199E+20,5.82683E+21,1.34684E+16,5.25071E+16
206451,11,0,2,2,2018,10,15,6,3,5,3,0,1,1,0,0,0,0,0,7.97279E+20,5.82504E+21,1.33798E+16,5.24943E+16
206452,11,0,6,6,2018,10,14,6,2,6,4,0,0,1,1,0,0,0,0,7.92425E+20,5.81841E+21,1.33027E+16,5.24375E+16
206453,11,0,4,4,2018,10,17,6,3,1,5,1,1,0,0,0,0,1,0,7.92812E+20,5.82589E+21,1.3315E+16,5.25044E+16
206454,11,0,1,1,2018,10,8,3,3,3,6,0,1,0,0,0,0,0,0,7.98364E+20,5.82746E+21,1.33979E+16,5.25154E+16
206455,11,0,9,9,2018,10,15,6,3,6,7,0,0,0,1,0,0,1,0,8.1089E+20,5.82147E+21,1.35763E+16,5.24547E+16
206456,11,0,5,5,2018,10,14,6,2,3,6,0,1,1,0,0,0,0,0,7.87917E+20,5.82932E+21,1.3246E+16,5.25377E+16
206457,11,0,4,4,2018,10,14,6,3,5,2,0,0,1,0,1,0,0,0,7.9311E+20,5.82773E+21,1.3321E+16,5.25206E+16
206458,11,0,1,1,2018,10,7,3,3,4,6,0,1,0,0,0,0,0,0,7.93462E+20,5.83005E+21,1.33282E+16,5.25413E+16
206459,11,0,4,4,2018,10,14,6,3,6,4,0,0,1,1,0,0,0,0,7.90833E+20,5.82724E+21,1.32871E+16,5.25175E+16
206460,11,0,4,4,2018,10,13,6,3,2,6,0,0,1,0,0,0,0,0,7.89088E+20,5.82703E+21,1.32612E+16,5.25166E+16
206461,11,0,3,3,2018,10,7,3,2,5,2,0,1,1,0,0,0,0,0,8.01053E+20,5.83046E+21,1.34401E+16,5.25409E+16
206462,11,0,4,4,2018,10,13,6,3,5,3,0,0,1,0,0,0,0,0,7.9334E+20,5.82973E+21,1.33261E+16,5.25384E+16
206463,11,0,1,1,2018,10,18,6,3,5,2,1,1,1,0,0,0,0,0,7.99986E+20,5.82743E+21,1.34217E+16,5.25142E+16
206464,11,0,9,9,2018,10,13,6,3,5,3,0,1,1,0,0,0,0,0,8.11636E+20,5.82002E+21,1.35859E+16,5.24413E+16
206465,11,0,4,4,2018,10,16,3,3,2,6,0,0,1,0,0,0,0,0,7.90754E+20,5.82492E+21,1.32839E+16,5.24967E+16
206466,11,0,4,4,2018,10,13,6,3,0,1,0,1,0,0,0,0,0,0,7.92728E+20,5.82313E+21,1.33113E+16,5.24797E+16
206467,11,0,7,7,2018,10,14,6,3,0,4,0,0,0,1,0,0,1,0,7.95048E+20,5.82191E+21,1.33443E+16,5.24675E+16
206468,11,0,3,3,2018,10,6,3,3,2,6,1,0,1,0,0,0,0,0,7.98464E+20,5.83486E+21,1.3406E+16,5.25817E+16
206469,11,0,2,2,2018,10,18,6,3,1,5,1,1,1,0,0,0,0,0,8.01768E+20,5.82791E+21,1.34483E+16,5.25176E+16
206470,11,0,4,4,2018,10,12,6,3,5,3,0,0,1,0,1,0,0,0,7.92523E+20,5.82449E+21,1.33095E+16,5.2492E+16
206471,11,0,4,4,2018,10,13,6,3,2,6,0,0,1,0,1,0,0,0,7.89282E+20,5.82685E+21,1.32639E+16,5.25148E+16
206472,11,0,5,5,2018,10,16,3,3,2,6,0,0,1,0,1,0,0,0,7.83807E+20,5.83059E+21,1.31867E+16,5.25512E+16
206473,11,0,11,11,2018,10,12,6,3,6,7,0,0,1,1,0,0,0,0,8.04609E+20,5.82526E+21,1.34876E+16,5.24922E+16
206474,11,0,7,7,2018,10,13,6,2,0,6,0,0,1,0,1,0,0,0,7.9662E+20,5.81585E+21,1.3362E+16,5.24123E+16
206475,11,0,2,2,2018,10,12,6,3,2,6,0,0,0,0,1,0,1,0,7.9833E+20,5.82553E+21,1.33957E+16,5.24981E+16
206476,11,0,2,2,2018,10,16,3,3,5,2,0,1,1,0,0,0,0,0,7.98401E+20,5.82456E+21,1.33959E+16,5.24894E+16
206477,11,0,1,1,2018,10,11,6,3,2,6,0,0,1,0,0,0,0,0,7.94505E+20,5.83158E+21,1.33449E+16,5.25544E+16
206478,11,0,4,4,2018,10,17,6,3,2,6,1,0,1,0,0,0,0,0,7.92009E+20,5.82595E+21,1.33032E+16,5.25053E+16
206479,11,0,5,5,2018,10,6,3,3,5,3,2,1,0,0,0,0,1,0,7.85135E+20,5.82961E+21,1.32054E+16,5.25418E+16
206480,11,0,1,1,2018,10,12,6,3,5,3,0,1,1,0,0,0,0,0,7.95426E+20,5.82954E+21,1.33566E+16,5.25357E+16
206481,11,0,1,1,2018,10,6,3,3,2,6,2,0,1,0,1,0,0,0,7.93058E+20,5.82895E+21,1.33213E+16,5.25316E+16
206482,11,0,11,11,2018,10,11,6,3,2,6,0,0,1,0,0,0,0,0,8.05563E+20,5.8334E+21,1.35091E+16,5.25646E+16
206483,11,0,3,3,2018,10,17,6,3,2,6,0,0,1,0,0,0,0,0,7.99961E+20,5.83838E+21,1.34313E+16,5.26124E+16
206484,11,0,6,6,2018,10,15,3,3,3,5,0,1,1,0,0,0,0,0,7.94791E+20,5.81722E+21,1.33364E+16,5.24255E+16
206485,11,0,1,1,2018,10,11,6,3,1,5,0,1,1,0,0,0,0,0,7.98826E+20,5.82772E+21,1.34049E+16,5.25174E+16
206486,11,0,3,3,2018,10,12,6,3,0,4,0,0,0,1,1,0,0,0,7.99277E+20,5.83073E+21,1.34143E+16,5.25443E+16
206487,11,0,4,4,2018,10,15,3,3,5,2,0,1,0,0,0,0,1,0,7.93789E+20,5.82695E+21,1.33302E+16,5.25133E+16
206488,11,0,1,1,2018,10,17,6,3,2,6,1,1,1,0,0,0,0,0,7.99525E+20,5.82877E+21,1.34162E+16,5.25265E+16
206489,11,0,11,11,2018,10,10,6,2,6,4,0,0,1,1,0,0,0,0,8.0512E+20,5.83141E+21,1.35008E+16,5.2547E+16
206490,11,0,1,1,2018,10,23,6,2,0,1,2,1,0,0,0,0,0,0,7.98547E+20,5.82919E+21,1.34022E+16,5.25308E+16
206491,11,0,2,2,2018,10,15,3,3,5,3,0,1,1,0,0,0,0,0,8.0199E+20,5.82692E+21,1.34507E+16,5.25086E+16
206492,11,0,4,4,2018,10,10,6,3,2,7,0,1,1,0,0,0,0,0,7.92053E+20,5.82611E+21,1.3304E+16,5.25067E+16
206493,11,0,1,1,2018,10,7,6,3,2,6,0,0,1,0,1,0,0,0,7.99106E+20,5.82712E+21,1.34085E+16,5.25119E+16