OBJECTID_1,ULAND,UREGBEZ,UKREIS,UGEMEINDE,UJAHR,UMONAT,USTUNDE,UWOCHENTAG,UKATEGORIE,UART,UTYP1,ULICHTVERH,IstRad,IstPKW,IstFuss,IstKrad,IstGkfz,IstSonstig,STRZUSTAND,LINREFX,LINREFY,XGCSWGS84,YGCSWGS84
206494,11,0,11,11,2018,10,10,6,3,5,3,0,1,1,0,0,0,0,0,8.06544E+20,5.8254E+21,1.35162E+16,5.24924E+16
206495,11,0,3,3,2018,10,15,3,3,1,5,0,1,1,0,0,0,0,0,7.96815E+20,5.83453E+21,1.33815E+16,5.25796E+16
206496,11,0,4,4,2018,10,9,6,3,6,2,0,0,1,1,0,0,0,0,7.93835E+20,5.82587E+21,1.333E+16,5.25036E+16
206497,11,0,2,2,2018,10,8,6,3,5,3,0,0,1,0,1,0,0,1,7.98849E+20,5.82525E+21,1.34031E+16,5.24954E+16
206498,11,0,3,3,2018,10,15,3,3,5,3,0,1,1,0,0,0,0,0,7.99023E+20,5.83506E+21,1.34145E+16,5.25832E+16
206499,11,0,6,6,2018,10,15,3,3,5,3,0,0,1,0,1,0,0,1,7.87531E+20,5.81737E+21,1.323E+16,5.24308E+16
206500,11,0,2,2,2018,10,8,6,3,5,2,0,1,1,0,0,0,0,0,7.97913E+20,5.82528E+21,1.33893E+16,5.24961E+16
206501,11,0,6,6,2018,10,14,3,3,5,3,0,1,0,0,0,0,0,0,7.94636E+20,5.8213E+21,1.33377E+16,5.24623E+16
206502,11,0,7,7,2018,10,9,6,2,6,4,0,0,1,1,0,0,0,0,7.99488E+20,5.81317E+21,1.34016E+16,5.23867E+16
206503,11,0,2,2,2018,10,9,6,3,6,4,0,0,0,1,0,0,1,0,8.00736E+20,5.82652E+21,1.34319E+16,5.25057E+16
206504,11,0,8,8,2018,10,15,3,3,2,2,0,0,1,0,0,0,0,0,8.00005E+20,5.81911E+21,1.34145E+16,5.24396E+16
206505,11,0,4,4,2018,10,10,6,2,2,6,0,0,1,0,0,0,0,0,7.92212E+20,5.82535E+21,1.33057E+16,5.24998E+16
206506,11,0,2,2,2018,10,8,6,3,5,2,0,1,0,0,0,0,1,0,8.01515E+20,5.82637E+21,1.34432E+16,5.25039E+16
206507,11,0,12,12,2018,10,13,3,3,5,3,0,0,1,0,1,0,0,0,7.95715E+20,5.83285E+21,1.33638E+16,5.25651E+16
206508,11,0,1,1,2018,10,17,6,3,3,6,1,1,0,0,0,0,0,0,7.96978E+20,5.82731E+21,1.33774E+16,5.25148E+16
206509,11,0,8,8,2018,10,13,3,2,5,3,0,0,1,0,0,1,0,0,8.06914E+20,5.81777E+21,1.35146E+16,5.24238E+16
206510,11,0,3,3,2018,10,10,6,3,6,4,0,0,1,1,0,0,0,0,7.98574E+20,5.83523E+21,1.3408E+16,5.25849E+16
206511,11,0,3,3,2018,10,8,6,3,5,7,0,0,1,0,1,0,0,0,7.99376E+20,5.8339E+21,1.34186E+16,5.25726E+16
206512,11,0,5,5,2018,10,12,3,3,2,6,0,0,1,0,0,1,0,0,7.86756E+20,5.82929E+21,1.32289E+16,5.25381E+16
206513,11,0,12,12,2018,10,7,6,3,5,2,0,0,1,0,0,0,0,0,7.93852E+20,5.83616E+21,1.33393E+16,5.25958E+16
206514,11,0,6,6,2018,10,10,6,3,5,3,0,0,1,0,0,0,0,0,7.9679E+20,5.81786E+21,1.33662E+16,5.24302E+16
206515,11,0,3,3,2018,10,22,6,3,5,3,2,1,1,0,0,0,0,0,7.99178E+20,5.83074E+21,1.34128E+16,5.25444E+16
206516,11,0,6,6,2018,10,11,3,3,2,6,0,0,1,0,0,0,1,0,7.95087E+20,5.81817E+21,1.33416E+16,5.24339E+16
206517,11,0,3,3,2018,10,22,6,3,5,3,2,0,1,0,1,0,0,0,8.01979E+20,5.83266E+21,1.34558E+16,5.256E+16
206518,11,0,1,1,2018,10,11,6,2,5,3,0,1,1,0,0,0,0,0,7.98672E+20,5.82946E+21,1.34042E+16,5.25332E+16
206519,11,0,8,8,2018,10,10,3,3,5,3,0,0,0,0,1,0,1,0,8.0481E+20,5.81625E+21,1.34824E+16,5.24114E+16
206520,11,0,4,4,2018,10,10,3,3,5,2,0,1,1,0,0,0,0,0,7.93301E+20,5.8236E+21,1.33201E+16,5.24836E+16
206521,11,0,1,1,2018,10,11,6,3,2,6,0,0,1,0,0,0,0,0,7.96657E+20,5.8317E+21,1.33766E+16,5.25544E+16
206522,11,0,8,8,2018,10,9,3,3,5,3,0,1,1,0,0,0,0,0,8.01377E+20,5.82195E+21,1.34372E+16,5.24644E+16
206523,11,0,3,3,2018,10,21,6,3,5,3,2,1,1,0,0,0,0,0,8.00056E+20,5.8326E+21,1.34274E+16,5.25606E+16
206524,11,0,8,8,2018,10,11,6,3,0,4,0,0,0,1,0,0,1,0,8.0146E+20,5.82388E+21,1.34402E+16,5.24816E+16
206525,11,0,2,2,2018,10,9,3,3,5,2,0,1,1,0,0,0,0,0,7.99218E+20,5.82599E+21,1.34092E+16,5.25018E+16
206526,11,0,2,2,2018,10,11,6,3,5,2,0,1,0,0,0,0,1,0,7.98154E+20,5.82467E+21,1.33923E+16,5.24905E+16
206527,11,0,12,12,2018,10,20,6,2,2,6,2,1,1,0,0,0,0,0,7.9651E+20,5.83356E+21,1.33761E+16,5.25711E+16
206528,11,0,6,6,2018,10,9,3,3,5,3,0,1,1,0,0,0,0,0,7.92109E+20,5.81855E+21,1.32982E+16,5.24389E+16
206529,11,0,8,8,2018,10,20,6,3,1,5,2,1,1,0,0,0,0,0,8.01504E+20,5.82396E+21,1.34409E+16,5.24823E+16
206530,11,0,1,1,2018,10,7,6,3,2,2,0,0,1,0,0,0,0,0,7.97191E+20,5.82752E+21,1.33807E+16,5.25166E+16
206531,11,0,11,11,2018,10,7,6,3,5,3,0,0,1,0,0,0,0,0,8.04244E+20,5.82878E+21,1.34855E+16,5.2524E+16
206532,11,0,9,9,2018,10,8,3,3,0,7,0,0,1,0,0,0,0,0,8.14341E+20,5.82328E+21,1.36287E+16,5.2469E+16
206533,11,0,12,12,2018,10,7,6,2,0,2,0,1,1,0,0,0,0,0,7.94465E+20,5.83295E+21,1.33455E+16,5.25668E+16
206534,11,0,1,1,2018,10,7,6,3,5,2,0,1,1,0,0,0,0,0,7.93371E+20,5.82958E+21,1.33264E+16,5.25371E+16
206535,11,0,10,10,2018,10,6,6,2,6,4,1,0,0,1,0,0,1,0,8.07142E+20,5.8281E+21,1.35275E+16,5.25163E+16
206536,11,0,1,1,2018,10,7,6,3,5,2,0,1,1,0,0,0,0,0,7.9981E+20,5.82699E+21,1.34187E+16,5.25104E+16
206537,11,0,1,1,2018,10,15,6,3,5,2,0,1,1,0,0,0,0,0,7.99988E+20,5.82743E+21,1.34217E+16,5.25142E+16
206538,11,0,11,11,2018,10,6,6,3,6,4,2,0,0,1,0,1,0,0,8.03797E+20,5.82619E+21,1.34766E+16,5.2501E+16
206539,11,0,4,4,2018,10,9,3,3,6,7,0,0,1,1,0,0,0,0,7.93815E+20,5.82586E+21,1.33297E+16,5.25035E+16
206540,11,0,12,12,2018,10,6,6,2,0,3,2,0,1,0,1,0,0,0,7.89961E+20,5.83555E+21,1.32815E+16,5.25925E+16
206541,11,0,3,3,2018,10,8,3,3,5,3,0,0,1,0,1,0,0,0,8.01049E+20,5.83385E+21,1.34432E+16,5.25712E+16
206542,11,0,12,12,2018,10,16,6,2,5,3,0,0,1,0,1,0,0,0,7.91121E+20,5.84106E+21,1.33034E+16,5.26412E+16
206543,11,0,3,3,2018,10,6,6,3,5,3,2,0,1,0,0,0,1,0,8.00196E+20,5.83214E+21,1.34291E+16,5.25563E+16
206544,11,0,2,2,2018,10,13,3,3,0,3,0,0,1,0,1,0,0,0,8.00671E+20,5.82582E+21,1.34303E+16,5.24994E+16
206545,11,0,1,1,2018,10,3,6,3,0,1,2,1,0,0,0,0,0,0,7.97942E+20,5.82845E+21,1.33926E+16,5.25245E+16
206546,11,0,8,8,2018,10,6,6,3,2,1,1,0,1,0,1,0,0,0,8.01144E+20,5.82205E+21,1.34339E+16,5.24654E+16
206547,11,0,7,7,2018,10,8,3,3,6,2,0,0,1,1,0,0,0,0,7.95803E+20,5.81604E+21,1.33502E+16,5.24144E+16
206548,11,0,4,4,2018,10,16,6,3,2,6,0,0,1,0,0,0,0,0,7.88947E+20,5.8271E+21,1.32592E+16,5.25172E+16
206549,11,0,1,1,2018,10,0,6,3,5,3,2,0,1,0,0,0,0,0,7.97817E+20,5.83045E+21,1.33926E+16,5.25425E+16
206550,11,0,4,4,2018,10,11,2,3,5,2,0,1,1,0,0,0,0,0,7.93195E+20,5.82456E+21,1.33194E+16,5.24922E+16
206551,11,0,2,2,2018,10,17,6,3,5,3,0,1,0,0,0,0,1,0,7.99944E+20,5.82609E+21,1.34199E+16,5.25023E+16
206552,11,0,12,12,2018,10,10,6,3,5,2,0,0,1,0,0,0,1,0,7.9225E+20,5.83386E+21,1.33137E+16,5.25761E+16
206553,11,0,3,3,2018,10,18,2,3,5,3,0,1,1,0,0,0,0,0,7.996E+20,5.83292E+21,1.3421E+16,5.25637E+16
206554,11,0,7,7,2018,10,15,5,3,5,2,0,1,1,0,0,0,0,0,7.94401E+20,5.82231E+21,1.33351E+16,5.24714E+16
206555,11,0,1,1,2018,10,17,6,3,5,2,0,0,1,0,0,0,0,0,7.94146E+20,5.83111E+21,1.33392E+16,5.25504E+16
206556,11,0,1,1,2018,10,10,5,3,7,7,0,1,0,0,0,0,0,0,7.95711E+20,5.83112E+21,1.33622E+16,5.25496E+16
206557,11,0,7,7,2018,10,17,2,3,5,2,0,0,1,0,1,0,0,0,7.96603E+20,5.81606E+21,1.33619E+16,5.24142E+16
206558,11,0,12,12,2018,10,19,6,3,5,2,2,0,1,0,1,0,0,0,7.86987E+20,5.8383E+21,1.32401E+16,5.26187E+16
206559,11,0,12,12,2018,10,7,5,1,5,7,1,0,1,0,1,0,0,0,7.93649E+20,5.83259E+21,1.33332E+16,5.2564E+16
206560,11,0,4,4,2018,10,17,2,3,5,2,0,1,1,0,0,0,0,0,7.91431E+20,5.82735E+21,1.32959E+16,5.25181E+16
206561,11,0,11,11,2018,10,14,5,3,5,3,0,1,1,0,0,0,0,0,8.04207E+20,5.83067E+21,1.34867E+16,5.25409E+16
206562,11,0,11,11,2018,10,19,6,3,2,6,2,0,1,0,0,0,0,0,8.06245E+20,5.83018E+21,1.35162E+16,5.25354E+16
206563,11,0,4,4,2018,10,14,5,3,2,6,0,0,1,0,0,0,0,0,7.91744E+20,5.82787E+21,1.3301E+16,5.25226E+16
206564,11,0,3,3,2018,10,16,2,3,5,2,0,0,1,0,0,0,1,0,8.00182E+20,5.83094E+21,1.34278E+16,5.25456E+16
206565,11,0,1,1,2018,10,19,6,3,6,4,2,1,0,1,0,0,0,0,7.9774E+20,5.82758E+21,1.33889E+16,5.25168E+16
206566,11,0,4,4,2018,10,14,5,3,5,7,0,0,1,0,0,0,1,0,7.88409E+20,5.8269E+21,1.32511E+16,5.25157E+16
206567,11,0,4,4,2018,10,19,6,3,5,2,2,1,1,0,0,0,0,0,7.90472E+20,5.82669E+21,1.32813E+16,5.25128E+16
206568,11,0,4,4,2018,10,17,2,2,5,7,0,0,1,0,1,0,0,0,7.9331E+20,5.82363E+21,1.33203E+16,5.24838E+16
206569,11,0,1,1,2018,10,20,6,3,1,5,2,1,1,0,0,0,0,0,7.9664E+20,5.82576E+21,1.33711E+16,5.25011E+16
206570,11,0,1,1,2018,10,14,5,3,6,7,0,1,0,1,0,0,0,0,7.99538E+20,5.82758E+21,1.34153E+16,5.25158E+16
206571,11,0,11,11,2018,10,17,2,3,5,3,0,1,0,0,0,0,0,0,8.03604E+20,5.83012E+21,1.34773E+16,5.25364E+16
206572,11,0,10,10,2018,10,12,5,3,2,6,0,0,1,0,1,0,0,0,8.10443E+20,5.8247E+21,1.35728E+16,5.24839E+16
206573,11,0,5,5,2018,10,16,2,3,5,2,0,0,1,0,1,0,0,0,7.87991E+20,5.83065E+21,1.32483E+16,5.25496E+16
206574,11,0,5,5,2018,10,11,5,3,6,2,0,0,1,1,0,0,0,0,7.82469E+20,5.8272E+21,1.31641E+16,5.25215E+16
206575,11,0,7,7,2018,10,18,6,3,1,7,0,0,1,0,0,0,0,0,7.98736E+20,5.81673E+21,1.33938E+16,5.24191E+16
206576,11,0,3,3,2018,10,11,5,3,5,3,0,1,0,0,0,0,1,0,8.00209E+20,5.83383E+21,1.34308E+16,5.25715E+16
206577,11,0,3,3,2018,10,16,2,3,5,3,0,1,1,0,0,0,0,0,8.0011E+20,5.8317E+21,1.34274E+16,5.25524E+16
206578,11,0,6,6,2018,10,2,6,3,8,1,2,0,1,0,0,0,0,0,7.92768E+20,5.81637E+21,1.3306E+16,5.2419E+16
206579,11,0,11,11,2018,10,11,5,3,5,3,0,0,1,1,0,0,0,0,8.04299E+20,5.82822E+21,1.34858E+16,5.25189E+16
206580,11,0,2,2,2018,10,15,6,3,5,3,0,0,1,0,1,0,0,0,7.98478E+20,5.82522E+21,1.33976E+16,5.24952E+16
206581,11,0,11,11,2018,10,15,2,3,5,3,0,1,1,0,0,0,0,0,8.05063E+20,5.83152E+21,1.35001E+16,5.2548E+16
206582,11,0,4,4,2018,10,15,6,3,6,4,0,0,0,1,0,0,1,0,7.93157E+20,5.82777E+21,1.33217E+16,5.2521E+16
206583,11,0,7,7,2018,10,10,5,3,5,7,0,0,1,0,1,0,0,0,7.97979E+20,5.82046E+21,1.3386E+16,5.24528E+16
206584,11,0,8,8,2018,10,16,2,3,6,4,0,0,1,1,0,0,0,0,8.02178E+20,5.82348E+21,1.34503E+16,5.24777E+16
206585,11,0,4,4,2018,10,15,2,3,1,5,0,0,1,0,1,0,0,0,7.91781E+20,5.82781E+21,1.33015E+16,5.25221E+16
206586,11,0,5,5,2018,10,15,6,3,2,6,0,0,1,0,0,0,1,0,7.84762E+20,5.82858E+21,1.3199E+16,5.25327E+16
206587,11,0,1,1,2018,10,15,2,3,2,2,0,0,1,0,0,0,0,0,7.97911E+20,5.82834E+21,1.3392E+16,5.25236E+16
206588,11,0,12,12,2018,10,15,6,3,2,6,0,0,1,0,0,0,0,0,7.93585E+20,5.83521E+21,1.33346E+16,5.25875E+16
206589,11,0,4,4,2018,10,21,5,2,5,3,2,0,1,0,0,0,0,1,7.90448E+20,5.82597E+21,1.32803E+16,5.25063E+16
206590,11,0,12,12,2018,10,15,2,3,5,3,0,1,1,0,0,0,0,0,7.89539E+20,5.84018E+21,1.32793E+16,5.26342E+16
206591,11,0,1,1,2018,10,15,2,3,2,6,0,0,1,0,0,0,0,0,7.9809E+20,5.82997E+21,1.33962E+16,5.25381E+16
206592,11,0,1,1,2018,10,19,5,3,2,6,2,1,0,0,0,0,0,0,7.97971E+20,5.82697E+21,1.33917E+16,5.25112E+16
206593,11,0,2,2,2018,10,15,2,3,5,3,0,1,1,0,0,0,0,0,8.01331E+20,5.82869E+21,1.34426E+16,5.25248E+16
206594,11,0,1,1,2018,10,15,6,3,2,6,0,1,1,0,0,0,0,0,7.97812E+20,5.83183E+21,1.33937E+16,5.25549E+16
206595,11,0,5,5,2018,10,9,5,3,5,2,0,1,1,0,0,0,0,0,7.87212E+20,5.82941E+21,1.32357E+16,5.25389E+16
206596,11,0,2,2,2018,10,22,2,3,6,4,2,0,0,1,1,0,0,0,8.02291E+20,5.82686E+21,1.34551E+16,5.25078E+16
206597,11,0,4,4,2018,10,19,5,3,0,3,2,1,1,0,0,0,0,1,7.91548E+20,5.82665E+21,1.3297E+16,5.25118E+16
206598,11,0,11,11,2018,10,15,6,3,2,6,0,0,1,0,0,0,0,0,8.03524E+20,5.82974E+21,1.34758E+16,5.2533E+16
206599,11,0,9,9,2018,10,21,2,2,5,7,2,0,1,0,1,0,0,0,8.04848E+20,5.82159E+21,1.34878E+16,5.24592E+16
206600,11,0,1,1,2018,10,14,6,3,5,2,0,1,0,0,0,1,0,0,7.95271E+20,5.82603E+21,1.33512E+16,5.25043E+16
206601,11,0,11,11,2018,10,19,5,3,0,6,1,0,1,0,1,0,0,1,8.05525E+20,5.826E+21,1.35018E+16,5.24984E+16
206602,11,0,9,9,2018,10,15,5,3,0,3,0,0,1,0,1,0,0,0,8.06803E+20,5.81837E+21,1.35135E+16,5.24293E+16
206603,11,0,1,1,2018,10,16,2,3,5,3,0,1,1,0,0,0,0,0,7.96349E+20,5.82614E+21,1.33671E+16,5.25046E+16
206604,11,0,3,3,2018,10,17,5,3,5,2,0,1,1,0,0,0,0,0,7.99243E+20,5.83177E+21,1.34147E+16,5.25536E+16
206605,11,0,2,2,2018,10,17,5,3,5,3,1,1,1,0,0,0,0,0,8.03276E+20,5.82601E+21,1.34688E+16,5.24997E+16
206606,11,0,2,2,2018,10,20,2,3,2,6,2,0,1,0,0,0,0,0,7.97805E+20,5.82593E+21,1.33883E+16,5.2502E+16
206607,11,0,7,7,2018,10,18,2,3,5,3,1,0,1,0,1,0,0,0,7.97267E+20,5.82072E+21,1.33758E+16,5.24556E+16
206608,11,0,4,4,2018,10,9,5,2,6,7,0,0,1,1,0,0,0,0,7.92149E+20,5.82647E+21,1.33057E+16,5.25099E+16
206609,11,0,12,12,2018,10,18,2,3,5,2,1,0,1,0,0,0,1,0,7.95484E+20,5.83342E+21,1.33609E+16,5.25704E+16
206610,11,0,6,6,2018,10,8,5,3,5,2,0,1,0,0,0,0,1,0,7.95718E+20,5.81889E+21,1.33514E+16,5.24401E+16
206611,11,0,1,1,2018,10,17,5,3,5,2,0,1,1,0,0,0,0,0,7.97044E+20,5.82933E+21,1.33802E+16,5.25329E+16
206612,11,0,7,7,2018,10,19,2,2,5,2,2,0,1,0,1,0,0,0,7.94244E+20,5.82203E+21,1.33326E+16,5.2469E+16
206613,11,0,2,2,2018,10,16,5,3,1,5,0,1,1,0,0,0,0,0,7.97045E+20,5.82564E+21,1.33769E+16,5.24999E+16
206614,11,0,5,5,2018,10,21,5,2,1,7,2,1,1,0,0,0,0,0,7.83629E+20,5.82995E+21,1.31835E+16,5.25456E+16
206615,11,0,9,9,2018,10,16,5,3,5,2,0,1,1,0,0,0,0,0,8.10076E+20,5.82041E+21,1.35634E+16,5.24457E+16
206616,11,0,2,2,2018,10,16,2,2,6,4,0,1,0,1,0,0,0,0,7.99816E+20,5.8257E+21,1.34177E+16,5.24989E+16
206617,11,0,12,12,2018,10,21,5,3,3,6,2,0,1,0,0,0,1,0,7.91052E+20,5.83112E+21,1.32937E+16,5.25521E+16
206618,11,0,8,8,2018,10,16,5,3,5,3,0,0,1,0,0,0,0,0,8.0338E+20,5.82253E+21,1.34671E+16,5.24685E+16
206619,11,0,2,2,2018,10,17,2,2,6,4,1,0,1,1,0,0,0,0,7.97585E+20,5.82499E+21,1.33843E+16,5.24937E+16
206620,11,0,7,7,2018,10,9,5,2,5,2,0,0,1,0,0,0,1,0,7.94955E+20,5.82446E+21,1.33452E+16,5.24903E+16
206621,11,0,3,3,2018,10,20,5,3,5,2,2,1,1,0,0,0,0,0,8.037E+20,5.83917E+21,1.3487E+16,5.26174E+16
206622,11,0,10,10,2018,10,15,2,3,5,3,0,1,1,0,0,0,0,0,8.10608E+20,5.82551E+21,1.3576E+16,5.24911E+16
206623,11,0,2,2,2018,10,19,5,3,6,4,2,0,1,1,0,0,0,0,7.97013E+20,5.82642E+21,1.33771E+16,5.25068E+16
206624,11,0,11,11,2018,10,16,5,3,5,3,0,1,1,0,0,0,0,0,8.06277E+20,5.82449E+21,1.35114E+16,5.24844E+16
206625,11,0,8,8,2018,10,19,5,3,4,6,2,0,1,0,0,0,1,0,8.0236E+20,5.8168E+21,1.3447E+16,5.24177E+16
206626,11,0,6,6,2018,10,8,2,2,6,4,0,0,1,1,0,0,0,0,7.96259E+20,5.81972E+21,1.33601E+16,5.24471E+16
206627,11,0,12,12,2018,10,19,5,3,6,7,2,0,1,1,0,0,0,0,7.9039E+20,5.83507E+21,1.32874E+16,5.25879E+16
206628,11,0,6,6,2018,10,16,5,3,2,6,0,0,1,0,0,0,0,0,7.94265E+20,5.81936E+21,1.33305E+16,5.2445E+16
206629,11,0,7,7,2018,10,10,2,3,5,3,0,1,1,0,0,0,0,0,7.94719E+20,5.82465E+21,1.33419E+16,5.24922E+16
206630,11,0,1,1,2018,10,8,5,3,5,3,0,0,1,0,0,0,0,0,7.96515E+20,5.82761E+21,1.33709E+16,5.25178E+16
206631,11,0,1,1,2018,10,18,5,3,2,6,0,0,1,0,0,0,0,0,7.93689E+20,5.83227E+21,1.33335E+16,5.2561E+16
206632,11,0,1,1,2018,11,14,5,3,2,2,0,0,1,0,0,0,0,0,7.94144E+20,5.8311E+21,1.33391E+16,5.25503E+16
206633,11,0,7,7,2018,10,5,1,3,9,1,2,0,1,0,0,0,0,0,7.98304E+20,5.821E+21,1.33913E+16,5.24575E+16
206634,11,0,1,1,2018,11,13,5,3,1,5,0,1,1,0,0,0,0,0,7.96101E+20,5.83061E+21,1.33675E+16,5.25448E+16
206635,11,0,3,3,2018,10,1,1,2,9,1,2,0,1,0,0,0,0,0,7.9831E+20,5.83183E+21,1.34011E+16,5.25547E+16
206636,11,0,3,3,2018,11,11,5,3,5,3,0,0,1,0,1,0,0,0,7.98965E+20,5.82917E+21,1.34083E+16,5.25304E+16
206637,11,0,12,12,2018,10,20,7,3,5,2,1,0,1,0,0,0,0,0,7.93282E+20,5.83258E+21,1.33278E+16,5.25641E+16
206638,11,0,10,10,2018,10,8,7,3,5,3,0,1,1,0,0,0,0,0,8.11993E+20,5.82686E+21,1.35976E+16,5.25024E+16
206639,11,0,7,7,2018,11,11,5,3,0,3,0,0,1,0,1,0,0,0,7.98193E+20,5.82191E+21,1.33904E+16,5.24657E+16
206640,11,0,3,3,2018,10,14,7,3,5,3,0,0,1,0,0,0,0,0,7.97405E+20,5.83398E+21,1.33897E+16,5.25743E+16
206641,11,0,1,1,2018,11,10,5,2,6,4,0,0,0,1,0,0,1,0,7.97634E+20,5.83185E+21,1.33911E+16,5.25552E+16
206642,11,0,12,12,2018,10,1,7,2,9,1,2,0,1,0,0,0,0,1,7.90265E+20,5.84064E+21,1.32904E+16,5.26379E+16
206643,11,0,8,8,2018,11,10,5,2,6,4,0,0,1,1,0,0,0,0,8.01803E+20,5.82438E+21,1.34457E+16,5.24859E+16
206644,11,0,8,8,2018,10,14,7,3,1,5,0,1,1,0,0,0,0,0,8.01345E+20,5.82384E+21,1.34384E+16,5.24814E+16
206645,11,0,4,4,2018,11,9,5,2,6,4,0,0,1,1,0,0,0,0,7.90548E+20,5.82255E+21,1.32788E+16,5.24756E+16
206646,11,0,2,2,2018,10,13,7,3,5,3,0,0,1,0,1,0,0,0,8.01763E+20,5.82866E+21,1.3449E+16,5.25243E+16
206647,11,0,9,9,2018,11,9,5,2,3,6,0,0,1,0,0,1,1,0,8.07808E+20,5.81811E+21,1.3528E+16,5.24264E+16
206648,11,0,12,12,2018,10,12,7,2,5,2,0,0,1,0,1,0,0,0,7.92251E+20,5.83386E+21,1.33137E+16,5.25761E+16
206649,11,0,4,4,2018,11,9,5,2,1,5,0,1,1,0,0,0,0,0,7.92544E+20,5.82271E+21,1.33082E+16,5.2476E+16
206650,11,0,10,10,2018,10,11,7,2,1,5,0,1,1,0,0,0,0,0,8.1147E+20,5.82447E+21,1.35876E+16,5.24813E+16
206651,11,0,12,12,2018,10,8,7,3,5,3,0,0,1,0,0,0,0,0,7.89986E+20,5.83478E+21,1.32812E+16,5.25856E+16
206652,11,0,1,1,2018,11,9,5,3,5,2,0,1,1,0,0,0,0,0,7.9775E+20,5.82857E+21,1.33899E+16,5.25257E+16
206653,11,0,10,10,2018,10,15,7,3,2,1,0,0,1,0,0,0,0,0,8.09552E+20,5.82674E+21,1.35616E+16,5.25027E+16
206654,11,0,6,6,2018,11,9,5,3,2,6,0,0,1,0,0,0,0,0,7.92691E+20,5.82173E+21,1.33095E+16,5.24671E+16
206655,11,0,2,2,2018,10,15,7,3,2,6,0,0,1,0,0,0,1,0,7.97939E+20,5.82647E+21,1.33908E+16,5.25067E+16
206656,11,0,1,1,2018,11,8,5,3,3,6,0,1,1,0,0,0,0,0,7.97841E+20,5.82695E+21,1.33898E+16,5.25111E+16
206657,11,0,4,4,2018,11,8,5,3,1,5,0,1,0,0,0,1,0,0,7.91382E+20,5.82628E+21,1.32943E+16,5.25086E+16
206658,11,0,5,5,2018,10,15,7,3,0,1,0,0,0,0,1,0,0,0,7.87612E+20,5.8294E+21,1.32416E+16,5.25386E+16
206659,11,0,12,12,2018,11,0,5,3,8,1,2,0,0,0,1,0,0,0,7.90394E+20,5.83934E+21,1.32912E+16,5.26262E+16
206660,11,0,7,7,2018,10,0,7,3,2,6,2,0,1,0,1,0,0,0,7.94909E+20,5.8256E+21,1.33455E+16,5.25006E+16
206661,11,0,10,10,2018,10,15,4,3,5,2,0,0,1,0,0,0,0,0,8.11313E+20,5.82851E+21,1.35891E+16,5.25176E+16
206662,11,0,1,1,2018,10,23,6,2,5,2,2,0,1,0,0,0,0,0,7.99472E+20,5.82882E+21,1.34154E+16,5.2527E+16
206663,11,0,4,4,2018,10,17,4,3,6,4,1,1,0,1,0,0,0,0,7.9348E+20,5.82512E+21,1.33241E+16,5.2497E+16
206664,11,0,5,5,2018,10,18,6,2,5,2,2,0,0,0,1,0,0,0,7.84597E+20,5.8292E+21,1.31971E+16,5.25384E+16
206665,11,0,1,1,2018,11,10,3,3,6,2,0,0,1,1,0,0,0,0,7.97248E+20,5.82909E+21,1.3383E+16,5.25306E+16
206666,11,0,1,1,2018,10,16,4,3,5,3,1,1,0,0,0,0,0,0,7.99148E+20,5.82782E+21,1.34098E+16,5.25182E+16
206667,11,0,1,1,2018,11,11,3,3,1,1,0,0,1,0,0,0,0,0,7.94026E+20,5.82832E+21,1.33349E+16,5.25255E+16
206668,11,0,1,1,2018,10,19,4,3,1,5,2,1,1,0,0,0,1,0,7.97122E+20,5.82924E+21,1.33813E+16,5.2532E+16
206669,11,0,11,11,2018,11,12,3,3,2,6,0,0,1,0,0,0,0,0,8.02934E+20,5.82912E+21,1.34666E+16,5.25278E+16
206670,11,0,11,11,2018,10,18,6,3,6,2,1,0,1,1,0,0,0,0,8.06306E+20,5.83388E+21,1.35205E+16,5.25685E+16
206671,11,0,1,1,2018,11,12,3,3,5,2,0,1,0,0,0,0,1,0,7.98763E+20,5.82804E+21,1.34043E+16,5.25204E+16
206672,11,0,7,7,2018,10,18,4,3,6,4,2,0,0,1,1,0,0,0,7.96571E+20,5.81587E+21,1.33613E+16,5.24125E+16
206673,11,0,6,6,2018,11,7,3,3,1,5,0,1,1,0,0,0,0,0,7.92609E+20,5.8184E+21,1.33054E+16,5.24373E+16
206674,11,0,1,1,2018,10,17,6,3,0,3,1,1,1,0,0,0,0,0,7.97998E+20,5.82867E+21,1.33936E+16,5.25264E+16
206675,11,0,12,12,2018,10,18,4,3,1,7,2,0,1,0,0,0,0,0,7.93321E+20,5.83266E+21,1.33284E+16,5.25647E+16
206676,11,0,1,1,2018,10,16,4,3,0,1,1,1,0,0,0,0,0,0,7.97375E+20,5.82649E+21,1.33825E+16,5.25072E+16
206677,11,0,6,6,2018,10,16,6,3,3,6,1,0,1,0,0,0,0,0,7.92674E+20,5.8217E+21,1.33093E+16,5.24669E+16
206678,11,0,5,5,2018,10,16,4,3,5,3,0,0,1,0,0,0,1,0,7.83705E+20,5.83037E+21,1.3185E+16,5.25493E+16
206679,11,0,9,9,2018,11,8,3,3,5,2,0,1,0,0,0,0,1,0,8.14778E+20,5.82087E+21,1.36328E+16,5.24471E+16