OBJECTID_1,ULAND,UREGBEZ,UKREIS,UGEMEINDE,UJAHR,UMONAT,USTUNDE,UWOCHENTAG,UKATEGORIE,UART,UTYP1,ULICHTVERH,IstRad,IstPKW,IstFuss,IstKrad,IstGkfz,IstSonstig,STRZUSTAND,LINREFX,LINREFY,XGCSWGS84,YGCSWGS84
206680,11,0,3,3,2018,10,15,4,3,5,3,1,0,1,0,0,0,1,0,8.034E+20,5.83311E+21,1.34771E+16,5.25632E+16
206681,11,0,11,11,2018,10,15,6,3,3,6,0,0,1,0,0,0,0,0,8.06168E+20,5.83015E+21,1.3515E+16,5.25352E+16
206682,11,0,4,4,2018,11,13,3,3,0,1,0,0,0,0,1,0,0,0,7.92631E+20,5.82709E+21,1.33133E+16,5.25152E+16
206683,11,0,11,11,2018,10,15,4,3,5,2,0,0,1,0,0,0,1,0,8.0408E+20,5.82599E+21,1.34806E+16,5.2499E+16
206684,11,0,4,4,2018,11,17,3,3,5,3,2,1,1,0,0,0,0,0,7.90742E+20,5.82266E+21,1.32817E+16,5.24765E+16
206685,11,0,4,4,2018,10,15,6,3,2,6,0,0,1,0,0,0,0,0,7.93045E+20,5.8261E+21,1.33186E+16,5.25061E+16
206686,11,0,1,1,2018,11,10,3,2,5,2,0,1,0,0,0,1,0,0,7.95524E+20,5.83073E+21,1.33591E+16,5.25463E+16
206687,11,0,11,11,2018,10,15,4,3,0,1,0,1,0,0,0,0,0,0,8.05126E+20,5.8314E+21,1.35009E+16,5.2547E+16
206688,11,0,4,4,2018,11,17,3,2,5,2,2,1,1,0,0,0,0,0,7.91919E+20,5.82399E+21,1.33002E+16,5.24878E+16
206689,11,0,12,12,2018,10,14,6,3,5,2,0,1,1,0,0,0,0,1,7.95333E+20,5.83375E+21,1.3359E+16,5.25735E+16
206690,11,0,12,12,2018,10,14,4,3,2,6,0,0,1,0,0,0,0,0,7.9167E+20,5.8345E+21,1.33057E+16,5.25821E+16
206691,11,0,2,2,2018,10,12,6,2,5,3,0,1,1,0,0,0,0,1,7.9689E+20,5.8243E+21,1.33734E+16,5.24879E+16
206692,11,0,3,3,2018,11,9,3,3,6,4,0,0,1,1,0,0,0,0,7.99566E+20,5.83167E+21,1.34194E+16,5.25524E+16
206693,11,0,6,6,2018,10,10,6,2,6,2,0,0,1,1,0,0,0,0,7.90176E+20,5.81977E+21,1.32709E+16,5.24509E+16
206694,11,0,10,10,2018,10,10,6,3,5,3,0,0,1,0,0,0,0,0,8.10504E+20,5.82495E+21,1.35739E+16,5.24861E+16
206695,11,0,5,5,2018,10,14,4,3,5,2,0,0,1,0,0,0,0,0,7.837E+20,5.83018E+21,1.31847E+16,5.25476E+16
206696,11,0,7,7,2018,10,14,4,3,6,4,0,0,1,1,0,0,0,0,7.94508E+20,5.82233E+21,1.33367E+16,5.24715E+16
206697,11,0,1,1,2018,10,8,6,3,5,2,0,1,1,0,0,0,1,0,7.95276E+20,5.82639E+21,1.33516E+16,5.25075E+16
206698,11,0,8,8,2018,10,14,4,3,5,2,0,1,1,0,0,0,0,0,8.0357E+20,5.81864E+21,1.34664E+16,5.24335E+16
206699,11,0,1,1,2018,11,9,3,3,1,5,0,1,1,0,0,0,1,0,7.98752E+20,5.82825E+21,1.34043E+16,5.25223E+16
206700,11,0,6,6,2018,10,7,6,3,1,5,0,1,1,0,0,0,0,0,7.95472E+20,5.81857E+21,1.33476E+16,5.24373E+16
206701,11,0,7,7,2018,10,12,4,3,2,6,0,0,1,0,0,0,0,0,7.94663E+20,5.82179E+21,1.33385E+16,5.24666E+16
206702,11,0,4,4,2018,10,6,6,3,5,3,2,1,1,0,0,0,0,0,7.88152E+20,5.82785E+21,1.32482E+16,5.25244E+16
206703,11,0,7,7,2018,11,17,3,3,5,3,2,0,0,0,1,0,1,0,7.97032E+20,5.82071E+21,1.33723E+16,5.24556E+16
206704,11,0,1,1,2018,10,12,4,2,5,2,0,1,1,0,0,0,0,0,7.9554E+20,5.8282E+21,1.33571E+16,5.25235E+16
206705,11,0,2,2,2018,11,9,3,3,5,3,0,1,1,0,0,0,0,0,7.98493E+20,5.82522E+21,1.33978E+16,5.24953E+16
206706,11,0,6,6,2018,10,19,5,3,6,7,2,0,1,1,0,0,0,1,7.89723E+20,5.81845E+21,1.32631E+16,5.24393E+16
206707,11,0,1,1,2018,11,15,3,3,5,3,0,1,1,0,0,0,0,0,7.97235E+20,5.83133E+21,1.33848E+16,5.25507E+16
206708,11,0,3,3,2018,10,11,4,3,1,5,0,0,1,0,0,0,0,0,7.97313E+20,5.83507E+21,1.33893E+16,5.25842E+16
206709,11,0,1,1,2018,11,8,3,3,5,2,0,0,1,0,1,0,1,0,7.99457E+20,5.8271E+21,1.34137E+16,5.25116E+16
206710,11,0,6,6,2018,10,13,5,3,5,2,0,1,1,0,0,0,0,1,7.92236E+20,5.81666E+21,1.32984E+16,5.24219E+16
206711,11,0,10,10,2018,10,11,4,3,3,6,0,0,1,0,0,1,0,0,8.07015E+20,5.83044E+21,1.35278E+16,5.25373E+16
206712,11,0,7,7,2018,10,0,5,3,6,2,2,0,1,1,0,0,0,0,7.95604E+20,5.82498E+21,1.33552E+16,5.24946E+16
206713,11,0,9,9,2018,11,15,3,3,3,6,0,1,0,0,0,0,0,0,8.09083E+20,5.82155E+21,1.35499E+16,5.24565E+16
206714,11,0,2,2,2018,10,19,5,3,0,2,2,0,1,0,0,0,1,0,7.99758E+20,5.82482E+21,1.3416E+16,5.2491E+16
206715,11,0,4,4,2018,10,17,4,2,8,1,2,0,1,0,0,0,0,0,7.90447E+20,5.82902E+21,1.32829E+16,5.25337E+16
206716,11,0,7,7,2018,11,8,3,2,5,3,0,0,1,0,1,0,0,0,7.96435E+20,5.81655E+21,1.33599E+16,5.24186E+16
206717,11,0,5,5,2018,10,19,5,3,0,6,2,0,1,0,0,0,0,0,7.83234E+20,5.82679E+21,1.3175E+16,5.25175E+16
206718,11,0,7,7,2018,11,0,3,2,5,3,2,0,1,0,0,0,0,0,7.94997E+20,5.8236E+21,1.3345E+16,5.24827E+16
206719,11,0,9,9,2018,10,18,4,3,2,6,2,0,1,0,0,0,0,0,8.09077E+20,5.8182E+21,1.35467E+16,5.24265E+16
206720,11,0,6,6,2018,11,15,3,3,6,4,0,0,1,1,0,0,0,0,7.94686E+20,5.81922E+21,1.33366E+16,5.24435E+16
206721,11,0,5,5,2018,10,17,5,3,5,2,1,1,1,0,0,0,0,1,7.87593E+20,5.82801E+21,1.32401E+16,5.25261E+16
206722,11,0,2,2,2018,10,17,4,3,5,3,2,1,1,0,0,0,0,0,7.97806E+20,5.82491E+21,1.33874E+16,5.24928E+16
206723,11,0,5,5,2018,11,15,3,3,0,2,0,0,1,0,1,0,0,0,7.8464E+20,5.82968E+21,1.31981E+16,5.25426E+16
206724,11,0,9,9,2018,10,16,5,3,5,3,0,1,1,0,0,0,0,1,8.01493E+20,5.82488E+21,1.34416E+16,5.24906E+16
206725,11,0,8,8,2018,11,8,3,3,2,6,0,0,1,0,0,0,0,0,8.01285E+20,5.81967E+21,1.34338E+16,5.2444E+16
206726,11,0,1,1,2018,10,16,4,3,5,7,0,0,1,0,1,0,0,0,7.92906E+20,5.82829E+21,1.33185E+16,5.25258E+16
206727,11,0,6,6,2018,11,8,3,3,5,3,0,0,1,0,0,0,0,0,7.90492E+20,5.81712E+21,1.32732E+16,5.2427E+16
206728,11,0,4,4,2018,10,15,5,3,3,6,0,1,1,0,0,0,0,1,7.94241E+20,5.82312E+21,1.33335E+16,5.24787E+16
206729,11,0,12,12,2018,10,11,4,3,6,4,0,0,0,1,0,1,0,0,7.92519E+20,5.8344E+21,1.33182E+16,5.25808E+16
206730,11,0,5,5,2018,11,7,3,3,2,2,0,0,1,0,0,0,0,0,7.81988E+20,5.82846E+21,1.31581E+16,5.2533E+16
206731,11,0,12,12,2018,10,15,5,2,5,2,0,1,1,0,0,0,0,0,7.86687E+20,5.83855E+21,1.32359E+16,5.26211E+16
206732,11,0,11,11,2018,10,9,4,3,2,6,0,0,1,0,0,0,0,0,8.06681E+20,5.82693E+21,1.35196E+16,5.2506E+16
206733,11,0,1,1,2018,10,15,5,3,5,7,0,0,1,0,0,0,0,0,7.97697E+20,5.83068E+21,1.3391E+16,5.25446E+16
206734,11,0,9,9,2018,11,7,3,3,6,4,0,0,1,1,0,0,0,0,8.07924E+20,5.81585E+21,1.35277E+16,5.24061E+16
206735,11,0,12,12,2018,10,15,5,3,5,3,0,0,1,0,0,0,0,1,7.86549E+20,5.83321E+21,1.32292E+16,5.25733E+16
206736,11,0,5,5,2018,10,9,4,3,0,6,0,0,1,0,1,0,0,0,7.8801E+20,5.82964E+21,1.32477E+16,5.25405E+16
206737,11,0,8,8,2018,11,7,3,3,5,3,0,1,1,0,0,0,0,0,7.9983E+20,5.82366E+21,1.3416E+16,5.24805E+16
206738,11,0,7,7,2018,10,14,5,3,5,3,0,0,1,0,0,0,0,1,7.96915E+20,5.82229E+21,1.3372E+16,5.24698E+16
206739,11,0,10,10,2018,11,7,3,2,5,3,0,1,1,0,0,0,0,0,8.09226E+20,5.82722E+21,1.35573E+16,5.25073E+16
206740,11,0,1,1,2018,10,14,4,3,6,7,0,1,0,1,0,0,0,0,7.95655E+20,5.82973E+21,1.33601E+16,5.25372E+16
206741,11,0,11,11,2018,11,6,3,3,2,6,1,1,1,0,0,0,0,0,8.03966E+20,5.8347E+21,1.34869E+16,5.25772E+16
206742,11,0,7,7,2018,10,14,5,3,5,3,0,1,1,0,0,0,0,1,7.95419E+20,5.82575E+21,1.33531E+16,5.25017E+16
206743,11,0,1,1,2018,10,7,4,2,0,2,0,1,1,0,0,0,0,0,7.97151E+20,5.82768E+21,1.33803E+16,5.25181E+16
206744,11,0,11,11,2018,10,7,4,3,5,2,0,1,1,0,0,0,0,0,8.04509E+20,5.82751E+21,1.34882E+16,5.25125E+16
206745,11,0,12,12,2018,10,14,5,3,2,6,0,0,1,0,0,0,0,1,7.91916E+20,5.83152E+21,1.33067E+16,5.25553E+16
206746,11,0,7,7,2018,10,6,4,3,5,3,0,1,1,0,0,0,0,0,7.98887E+20,5.82052E+21,1.33994E+16,5.24529E+16
206747,11,0,10,10,2018,11,14,3,3,0,7,0,0,0,0,0,0,1,0,8.09588E+20,5.82854E+21,1.35638E+16,5.25188E+16
206748,11,0,1,1,2018,10,14,5,3,3,6,0,0,1,0,0,0,0,1,7.95226E+20,5.83135E+21,1.33553E+16,5.2552E+16
206749,11,0,4,4,2018,10,19,4,3,1,6,2,1,1,0,0,0,0,0,7.93671E+20,5.8259E+21,1.33276E+16,5.25039E+16
206750,11,0,8,8,2018,10,9,4,3,0,3,0,0,0,0,1,0,1,0,8.01769E+20,5.82448E+21,1.34453E+16,5.24869E+16
206751,11,0,5,5,2018,10,2,4,3,1,5,2,0,1,0,0,0,1,0,7.84545E+20,5.83095E+21,1.31978E+16,5.2554E+16
206752,11,0,1,1,2018,10,13,5,3,5,2,0,0,1,0,0,0,0,1,7.94543E+20,5.82907E+21,1.33432E+16,5.25319E+16
206753,11,0,9,9,2018,10,18,3,3,5,2,2,0,1,0,0,0,1,1,8.09403E+20,5.8215E+21,1.35546E+16,5.24559E+16
206754,11,0,11,11,2018,10,13,5,3,5,3,0,0,1,0,0,0,1,0,8.04523E+20,5.82698E+21,1.3488E+16,5.25077E+16
206755,11,0,6,6,2018,11,14,3,3,1,5,0,1,0,0,0,0,1,0,7.9237E+20,5.821E+21,1.33042E+16,5.24607E+16
206756,11,0,8,8,2018,10,17,3,2,5,3,1,0,1,0,0,1,0,1,8.00976E+20,5.82349E+21,1.34327E+16,5.24784E+16
206757,11,0,1,1,2018,11,17,3,3,2,6,2,0,1,0,0,0,1,0,7.9886E+20,5.82966E+21,1.34072E+16,5.25348E+16
206758,11,0,3,3,2018,10,13,5,3,1,1,0,1,1,0,0,0,0,1,7.98951E+20,5.82998E+21,1.34088E+16,5.25377E+16
206759,11,0,7,7,2018,11,6,2,3,5,3,2,1,1,0,0,0,0,0,7.97231E+20,5.81734E+21,1.33723E+16,5.24253E+16
206760,11,0,8,8,2018,10,16,3,3,5,3,0,0,1,0,0,0,0,1,8.033E+20,5.81852E+21,1.34623E+16,5.24325E+16
206761,11,0,2,2,2018,11,23,2,3,1,5,2,1,1,0,0,0,0,0,7.99918E+20,5.826E+21,1.34194E+16,5.25015E+16
206762,11,0,5,5,2018,10,13,5,3,5,2,0,1,1,0,0,0,0,1,7.86253E+20,5.82913E+21,1.32214E+16,5.25369E+16
206763,11,0,10,10,2018,10,16,3,3,5,3,1,0,1,0,1,0,0,0,8.09135E+20,5.83383E+21,1.35621E+16,5.25665E+16
206764,11,0,7,7,2018,10,15,3,3,1,5,0,0,1,0,0,0,0,0,7.96442E+20,5.81979E+21,1.33629E+16,5.24477E+16
206765,11,0,3,3,2018,10,13,5,3,2,6,0,0,1,0,0,0,0,1,8.02349E+20,5.82923E+21,1.34581E+16,5.25291E+16
206766,11,0,8,8,2018,10,15,3,3,5,2,0,1,1,0,0,0,0,1,8.0156E+20,5.82403E+21,1.34418E+16,5.24829E+16
206767,11,0,11,11,2018,11,20,2,3,6,4,2,1,0,1,0,0,0,0,8.03337E+20,5.82631E+21,1.34699E+16,5.25023E+16
206768,11,0,4,4,2018,10,12,5,3,5,2,0,1,0,0,0,0,1,1,7.92311E+20,5.82825E+21,1.33097E+16,5.25257E+16
206769,11,0,8,8,2018,10,15,3,3,1,5,0,1,1,0,0,0,0,1,8.01091E+20,5.82236E+21,1.34334E+16,5.24682E+16
206770,11,0,12,12,2018,10,12,5,3,0,4,0,0,0,1,1,0,0,1,7.93523E+20,5.83611E+21,1.33344E+16,5.25956E+16
206771,11,0,1,1,2018,11,15,2,3,6,7,0,0,1,1,0,0,0,0,7.96081E+20,5.82558E+21,1.33627E+16,5.24998E+16
206772,11,0,1,1,2018,10,14,3,3,2,6,0,0,1,0,0,0,0,0,7.95961E+20,5.82834E+21,1.33634E+16,5.25246E+16
206773,11,0,1,1,2018,11,19,2,3,1,5,2,1,0,0,0,0,1,0,7.98735E+20,5.82999E+21,1.34056E+16,5.25379E+16
206774,11,0,10,10,2018,10,12,5,2,3,6,0,1,1,0,0,0,0,1,8.0716E+20,5.82912E+21,1.35287E+16,5.25254E+16
206775,11,0,1,1,2018,11,18,2,3,2,6,1,0,1,0,0,0,0,0,7.96462E+20,5.82995E+21,1.33722E+16,5.25388E+16
206776,11,0,4,4,2018,10,11,5,3,6,2,0,0,1,1,0,0,0,1,7.93684E+20,5.82607E+21,1.33279E+16,5.25055E+16
206777,11,0,4,4,2018,11,9,2,3,3,6,0,0,1,0,0,0,0,0,7.92972E+20,5.82601E+21,1.33174E+16,5.25054E+16
206778,11,0,10,10,2018,10,14,3,3,6,4,0,0,1,1,0,0,0,0,8.11035E+20,5.82917E+21,1.35857E+16,5.25236E+16
206779,11,0,1,1,2018,11,9,2,3,3,6,0,1,1,0,0,0,0,0,7.99696E+20,5.82786E+21,1.34179E+16,5.25183E+16
206780,11,0,1,1,2018,10,10,5,3,6,4,0,0,1,1,0,0,0,1,7.97824E+20,5.82705E+21,1.33896E+16,5.2512E+16
206781,11,0,4,4,2018,11,9,2,3,1,5,0,1,1,0,0,0,0,0,7.9313E+20,5.82544E+21,1.33192E+16,5.25001E+16
206782,11,0,8,8,2018,11,9,2,3,2,6,0,0,1,0,0,0,0,0,8.01661E+20,5.82375E+21,1.3443E+16,5.24804E+16
206783,11,0,1,1,2018,10,12,5,3,3,6,0,0,1,0,0,1,0,1,7.9703E+20,5.83189E+21,1.33823E+16,5.25559E+16
206784,11,0,9,9,2018,10,14,3,3,2,2,0,0,1,0,0,0,0,0,8.09085E+20,5.81947E+21,1.3548E+16,5.24379E+16
206785,11,0,2,2,2018,10,12,5,3,0,1,0,1,0,0,0,0,0,1,8.02789E+20,5.82695E+21,1.34625E+16,5.25084E+16
206786,11,0,2,2,2018,10,13,3,3,1,5,0,1,1,0,0,0,0,0,7.97118E+20,5.82409E+21,1.33766E+16,5.24859E+16
206787,11,0,5,5,2018,11,10,2,3,2,5,0,0,1,0,0,0,0,0,7.87795E+20,5.82822E+21,1.32433E+16,5.25279E+16
206788,11,0,7,7,2018,10,11,5,3,5,7,0,0,1,0,1,0,0,1,7.94566E+20,5.82258E+21,1.33378E+16,5.24737E+16
206789,11,0,3,3,2018,10,13,3,3,5,1,0,0,0,0,0,0,1,0,8.00648E+20,5.83408E+21,1.34375E+16,5.25735E+16
206790,11,0,4,4,2018,10,8,5,3,5,7,0,0,1,0,1,0,0,1,7.94182E+20,5.82375E+21,1.33332E+16,5.24844E+16
206791,11,0,3,3,2018,11,11,2,3,1,7,0,1,1,0,0,0,0,0,8.00816E+20,5.8309E+21,1.34371E+16,5.25449E+16
206792,11,0,3,3,2018,10,13,3,3,5,2,0,0,0,0,0,1,1,0,8.00128E+20,5.83622E+21,1.34318E+16,5.2593E+16
206793,11,0,10,10,2018,11,11,2,3,5,3,0,0,1,0,0,0,0,0,8.12423E+20,5.82936E+21,1.36062E+16,5.25246E+16
206794,11,0,12,12,2018,10,8,5,3,5,2,0,0,1,0,0,1,0,1,7.92354E+20,5.83407E+21,1.33154E+16,5.25779E+16
206795,11,0,6,6,2018,10,13,3,3,2,6,0,0,1,0,0,0,0,0,7.95738E+20,5.81889E+21,1.33517E+16,5.244E+16
206796,11,0,1,1,2018,11,12,2,3,5,7,0,0,1,0,0,0,0,0,7.97645E+20,5.82876E+21,1.33885E+16,5.25274E+16
206797,11,0,1,1,2018,10,8,5,3,5,2,0,1,1,0,0,0,0,1,7.94139E+20,5.82827E+21,1.33366E+16,5.2525E+16
206798,11,0,10,10,2018,10,13,3,3,5,2,0,1,1,0,0,0,0,0,8.12947E+20,5.82614E+21,1.36109E+16,5.24954E+16
206799,11,0,3,3,2018,10,8,5,3,5,2,0,1,0,0,0,0,1,1,7.96045E+20,5.83573E+21,1.33712E+16,5.25908E+16
206800,11,0,12,12,2018,10,12,3,3,5,3,0,0,1,0,0,0,0,0,7.91741E+20,5.83398E+21,1.33063E+16,5.25775E+16
206801,11,0,3,3,2018,11,14,2,3,6,4,0,0,1,1,0,0,0,0,8.00165E+20,5.83097E+21,1.34276E+16,5.25459E+16
206802,11,0,5,5,2018,10,8,5,2,5,7,0,0,1,0,1,0,0,0,7.89357E+20,5.82885E+21,1.32668E+16,5.25327E+16
206803,11,0,11,11,2018,10,12,3,3,5,7,0,0,1,0,0,0,1,0,8.02523E+20,5.8293E+21,1.34607E+16,5.25296E+16
206804,11,0,4,4,2018,10,8,5,3,0,3,0,1,1,0,0,0,0,1,7.92632E+20,5.82709E+21,1.33134E+16,5.25152E+16
206805,11,0,7,7,2018,11,14,2,3,8,1,0,0,1,0,0,0,0,0,7.95451E+20,5.81611E+21,1.33451E+16,5.24152E+16
206806,11,0,4,4,2018,10,8,5,2,2,2,0,0,1,0,0,0,1,1,7.9024E+20,5.82809E+21,1.32791E+16,5.25254E+16
206807,11,0,1,1,2018,10,12,3,3,5,3,0,0,1,0,0,0,0,0,7.95091E+20,5.82886E+21,1.33511E+16,5.25297E+16
206808,11,0,1,1,2018,11,15,2,2,5,3,0,1,0,0,0,0,0,0,7.95188E+20,5.83136E+21,1.33547E+16,5.25521E+16
206809,11,0,3,3,2018,10,8,5,3,4,1,0,0,1,0,0,0,0,1,8.03178E+20,5.83543E+21,1.34759E+16,5.25842E+16
206810,11,0,8,8,2018,11,16,2,3,0,3,1,0,1,0,0,0,1,0,8.01706E+20,5.82425E+21,1.34441E+16,5.24848E+16
206811,11,0,4,4,2018,10,11,3,3,5,7,0,0,1,0,1,0,0,0,7.93973E+20,5.82579E+21,1.33319E+16,5.25029E+16
206812,11,0,6,6,2018,11,18,2,3,0,2,2,0,0,0,0,0,1,0,7.95052E+20,5.81905E+21,1.33418E+16,5.24418E+16
206813,11,0,1,1,2018,10,7,5,3,5,2,0,1,1,0,0,0,0,1,7.95356E+20,5.83037E+21,1.33563E+16,5.25432E+16
206814,11,0,9,9,2018,10,11,3,3,1,5,0,0,1,0,0,0,1,0,8.04475E+20,5.82379E+21,1.34843E+16,5.24791E+16
206815,11,0,10,10,2018,10,6,5,3,6,2,1,0,1,1,0,0,0,1,8.09827E+20,5.83099E+21,1.35696E+16,5.25407E+16
206816,11,0,9,9,2018,10,10,3,3,3,6,0,1,0,0,0,1,0,0,8.06363E+20,5.82102E+21,1.35095E+16,5.24532E+16
206817,11,0,10,10,2018,10,6,5,3,0,3,1,0,1,0,1,0,0,1,8.12386E+20,5.82431E+21,1.36009E+16,5.24793E+16
206818,11,0,7,7,2018,11,17,2,2,6,4,2,0,1,1,0,0,0,0,7.98106E+20,5.81703E+21,1.33848E+16,5.2422E+16
206819,11,0,12,12,2018,10,10,3,3,3,6,0,0,1,0,0,0,1,0,7.95059E+20,5.83247E+21,1.33538E+16,5.25621E+16
206820,11,0,7,7,2018,11,17,2,3,2,6,2,0,1,0,0,0,0,0,7.94942E+20,5.82438E+21,1.33449E+16,5.24896E+16
206821,11,0,5,5,2018,10,6,5,3,5,2,2,0,1,0,0,0,0,1,7.81547E+20,5.8307E+21,1.31535E+16,5.25534E+16
206822,11,0,7,7,2018,11,17,2,3,2,6,2,0,1,0,0,0,0,0,7.96603E+20,5.81607E+21,1.33619E+16,5.24143E+16
206823,11,0,1,1,2018,11,17,2,3,3,2,2,0,1,0,1,0,0,0,7.98502E+20,5.82906E+21,1.34014E+16,5.25297E+16
206824,11,0,3,3,2018,10,5,5,3,5,2,2,1,1,0,0,0,0,1,7.98344E+20,5.83483E+21,1.34042E+16,5.25815E+16
206825,11,0,6,6,2018,10,10,3,3,5,3,0,1,0,0,0,1,0,0,7.91636E+20,5.81626E+21,1.32893E+16,5.24186E+16
206826,11,0,6,6,2018,11,9,2,3,5,7,0,0,1,0,0,0,0,0,7.90124E+20,5.81966E+21,1.327E+16,5.24499E+16
206827,11,0,3,3,2018,10,10,5,3,0,1,0,0,0,0,1,0,0,1,8.0223E+20,5.83377E+21,1.34605E+16,5.25699E+16
206828,11,0,2,2,2018,11,8,2,3,5,3,0,0,1,0,0,0,0,0,7.9956E+20,5.82586E+21,1.34141E+16,5.25004E+16
206829,11,0,10,10,2018,10,10,3,3,2,6,0,0,1,0,0,0,1,0,8.12227E+20,5.83072E+21,1.36046E+16,5.25369E+16
206830,11,0,6,6,2018,11,7,2,2,6,4,0,0,1,1,0,0,0,0,7.96255E+20,5.81701E+21,1.33576E+16,5.24229E+16
206831,11,0,1,1,2018,10,18,4,3,1,5,0,1,1,0,0,0,0,0,7.99178E+20,5.82704E+21,1.34095E+16,5.25112E+16
206832,11,0,9,9,2018,10,9,3,3,5,3,0,1,1,0,0,0,0,0,8.06566E+20,5.82015E+21,1.35117E+16,5.24453E+16
206833,11,0,6,6,2018,10,9,3,3,2,6,0,0,1,0,0,0,0,0,7.96061E+20,5.8195E+21,1.3357E+16,5.24453E+16
206834,11,0,4,4,2018,10,10,4,3,5,2,0,1,1,0,0,0,0,0,7.93134E+20,5.82561E+21,1.33194E+16,5.25017E+16
206835,11,0,3,3,2018,10,7,3,3,5,3,0,1,0,0,1,0,0,0,8.04412E+20,5.84117E+21,1.34994E+16,5.2635E+16
206836,11,0,12,12,2018,11,6,2,3,6,7,0,1,1,1,0,0,0,0,7.92251E+20,5.83944E+21,1.33186E+16,5.26261E+16
206837,11,0,5,5,2018,10,16,4,3,1,5,0,0,1,0,0,0,0,0,7.84117E+20,5.82918E+21,1.319E+16,5.25384E+16
206838,11,0,1,1,2018,10,9,3,2,2,6,0,0,0,0,1,1,0,0,7.94502E+20,5.83069E+21,1.3344E+16,5.25465E+16
206839,11,0,8,8,2018,10,9,4,3,5,3,0,0,1,0,1,0,0,0,8.01353E+20,5.82205E+21,1.34369E+16,5.24653E+16
206840,11,0,12,12,2018,11,16,2,3,6,2,0,0,1,1,0,0,0,0,7.90372E+20,5.83489E+21,1.3287E+16,5.25863E+16
206841,11,0,1,1,2018,10,8,3,3,0,5,0,1,0,0,0,0,1,1,7.99582E+20,5.82847E+21,1.34167E+16,5.25238E+16
206842,11,0,1,1,2018,11,7,2,3,3,6,0,0,1,0,0,1,0,0,7.98159E+20,5.82985E+21,1.33971E+16,5.25369E+16
206843,11,0,7,7,2018,10,10,4,2,6,2,0,0,1,1,0,0,0,0,7.95199E+20,5.82561E+21,1.33498E+16,5.25005E+16
206844,11,0,8,8,2018,11,9,2,2,5,3,0,0,1,1,0,0,1,0,8.02224E+20,5.82248E+21,1.34501E+16,5.24686E+16
206845,11,0,4,4,2018,10,7,3,3,6,4,0,0,1,1,0,0,0,0,7.93601E+20,5.82575E+21,1.33264E+16,5.25027E+16
206846,11,0,12,12,2018,11,19,1,2,3,6,1,1,1,0,0,0,0,0,7.90998E+20,5.83902E+21,1.32998E+16,5.2623E+16
206847,11,0,9,9,2018,10,10,4,3,2,6,0,0,1,0,0,0,0,1,8.09637E+20,5.8215E+21,1.3558E+16,5.24557E+16
206848,11,0,8,8,2018,10,7,3,3,6,2,0,0,0,1,0,0,1,1,8.05809E+20,5.81714E+21,1.34978E+16,5.24188E+16
206849,11,0,1,1,2018,10,7,3,3,5,3,0,0,1,0,1,0,0,1,7.9481E+20,5.82831E+21,1.33464E+16,5.25249E+16
206850,11,0,12,12,2018,10,10,4,3,3,2,0,1,0,0,0,0,1,1,7.90746E+20,5.8342E+21,1.32919E+16,5.258E+16
206851,11,0,4,4,2018,10,6,3,3,0,5,2,0,1,0,1,0,0,1,7.93411E+20,5.82786E+21,1.33255E+16,5.25217E+16
206852,11,0,2,2,2018,11,17,1,3,3,6,1,0,1,0,0,0,0,0,8.01959E+20,5.8268E+21,1.34501E+16,5.25075E+16
206853,11,0,4,4,2018,10,23,3,3,5,3,2,0,1,0,0,0,0,1,7.9329E+20,5.82393E+21,1.33202E+16,5.24865E+16
206854,11,0,8,8,2018,11,17,1,2,6,4,1,0,1,1,0,0,0,0,8.00495E+20,5.82319E+21,1.34254E+16,5.24759E+16
206855,11,0,3,3,2018,10,18,4,3,5,2,1,1,1,0,0,0,0,0,7.99955E+20,5.83835E+21,1.34311E+16,5.26121E+16
206856,11,0,9,9,2018,10,6,3,3,5,3,1,1,1,0,0,0,0,1,8.06458E+20,5.82227E+21,1.35121E+16,5.24644E+16
206857,11,0,3,3,2018,10,8,3,3,3,6,0,1,1,0,0,0,0,1,7.99064E+20,5.83019E+21,1.34107E+16,5.25395E+16
206858,11,0,3,3,2018,10,21,3,3,4,6,2,0,1,0,0,0,1,0,8.02447E+20,5.83255E+21,1.34625E+16,5.25587E+16
206859,11,0,7,7,2018,11,16,1,3,5,2,0,0,1,0,0,0,1,0,8.00049E+20,5.82044E+21,1.34164E+16,5.24516E+16
206860,11,0,11,11,2018,10,20,3,3,6,7,1,0,1,1,0,0,0,0,8.06578E+20,5.82775E+21,1.35189E+16,5.25135E+16
206861,11,0,11,11,2018,10,18,4,3,2,6,1,0,1,0,0,0,0,0,8.05944E+20,5.83367E+21,1.3515E+16,5.25669E+16
206862,11,0,2,2,2018,11,14,1,2,5,3,0,1,1,0,0,0,0,0,8.01521E+20,5.82854E+21,1.34453E+16,5.25234E+16
206863,11,0,7,7,2018,10,19,3,3,2,6,2,0,1,0,0,0,0,1,7.97614E+20,5.81555E+21,1.33763E+16,5.2409E+16
206864,11,0,8,8,2018,11,13,1,3,5,3,0,1,1,0,0,0,0,0,8.02148E+20,5.82448E+21,1.34508E+16,5.24866E+16
206865,11,0,1,1,2018,10,18,4,2,5,3,1,0,1,0,1,0,0,0,7.96117E+20,5.83224E+21,1.33692E+16,5.25595E+16