OBJECTID_1,ULAND,UREGBEZ,UKREIS,UGEMEINDE,UJAHR,UMONAT,USTUNDE,UWOCHENTAG,UKATEGORIE,UART,UTYP1,ULICHTVERH,IstRad,IstPKW,IstFuss,IstKrad,IstGkfz,IstSonstig,STRZUSTAND,LINREFX,LINREFY,XGCSWGS84,YGCSWGS84
207051,11,0,10,10,2018,11,9,5,3,1,5,0,0,1,0,0,0,1,0,8.12843E+20,5.82826E+21,1.36114E+16,5.25144E+16
207052,11,0,4,4,2018,11,17,7,3,6,4,2,0,0,1,1,0,0,0,7.93042E+20,5.82694E+21,1.33193E+16,5.25136E+16
207053,11,0,4,4,2018,11,19,3,3,2,6,2,0,1,0,0,0,0,1,7.93994E+20,5.82443E+21,1.3331E+16,5.24906E+16
207054,11,0,8,8,2018,11,16,7,3,5,7,1,0,1,0,1,0,0,0,8.0277E+20,5.81952E+21,1.34554E+16,5.24418E+16
207055,11,0,6,6,2018,11,15,3,3,2,5,0,0,1,0,0,0,1,1,7.93653E+20,5.81816E+21,1.33205E+16,5.24346E+16
207056,11,0,9,9,2018,11,15,7,3,6,4,0,0,1,1,0,0,0,0,8.08965E+20,5.81561E+21,1.35427E+16,5.24033E+16
207057,11,0,3,3,2018,11,9,2,3,5,3,0,0,0,0,1,0,1,0,8.01003E+20,5.83132E+21,1.34402E+16,5.25486E+16
207058,11,0,8,8,2018,11,15,7,3,5,2,0,0,1,0,1,0,0,0,8.02527E+20,5.82423E+21,1.34561E+16,5.24842E+16
207059,11,0,5,5,2018,11,5,2,3,2,6,2,0,1,0,0,0,0,1,7.86845E+20,5.8293E+21,1.32302E+16,5.25381E+16
207060,11,0,1,1,2018,11,14,7,3,0,1,0,1,0,0,0,0,0,0,7.95336E+20,5.82627E+21,1.33524E+16,5.25064E+16
207061,11,0,5,5,2018,11,16,3,3,5,3,1,1,1,0,0,0,0,1,7.84119E+20,5.83047E+21,1.31911E+16,5.255E+16
207062,11,0,3,3,2018,11,13,7,3,2,6,0,0,1,0,1,0,0,0,8.00053E+20,5.83569E+21,1.34302E+16,5.25883E+16
207063,11,0,7,7,2018,11,8,3,3,2,6,0,0,1,0,0,0,0,1,7.95786E+20,5.81603E+21,1.33499E+16,5.24143E+16
207064,11,0,3,3,2018,11,13,7,3,5,3,0,1,1,0,0,0,0,0,7.99981E+20,5.83512E+21,1.34286E+16,5.25831E+16
207065,11,0,12,12,2018,11,12,7,3,2,6,0,0,1,0,0,0,0,0,7.90193E+20,5.83582E+21,1.32851E+16,5.25947E+16
207066,11,0,10,10,2018,11,14,3,3,2,6,0,0,1,0,1,0,0,1,8.09692E+20,5.83323E+21,1.35697E+16,5.25608E+16
207067,11,0,1,1,2018,11,12,7,3,5,3,0,0,1,0,0,0,0,0,7.94058E+20,5.83213E+21,1.33388E+16,5.25596E+16
207068,11,0,5,5,2018,11,17,1,2,0,1,1,0,0,0,1,0,0,1,7.8468E+20,5.83075E+21,1.31996E+16,5.25522E+16
207069,11,0,2,2,2018,11,17,1,2,0,5,2,0,1,0,1,0,0,1,8.0004E+20,5.82634E+21,1.34215E+16,5.25045E+16
207070,11,0,12,12,2018,11,11,7,3,5,3,0,1,1,0,0,0,0,0,7.88038E+20,5.83095E+21,1.32492E+16,5.25522E+16
207071,11,0,7,7,2018,11,20,1,3,0,7,2,1,0,0,0,0,0,0,7.94674E+20,5.82508E+21,1.33416E+16,5.2496E+16
207072,11,0,12,12,2018,11,7,7,3,5,3,0,0,1,0,0,0,0,0,7.95643E+20,5.83301E+21,1.33629E+16,5.25666E+16
207073,11,0,3,3,2018,11,10,7,3,5,3,0,1,1,0,0,0,0,0,7.99046E+20,5.83304E+21,1.3413E+16,5.25651E+16
207074,11,0,8,8,2018,11,12,3,2,2,6,0,0,1,0,0,0,0,1,8.02603E+20,5.82308E+21,1.34562E+16,5.24738E+16
207075,11,0,8,8,2018,11,11,7,3,0,3,0,1,1,0,0,0,0,0,8.03095E+20,5.82263E+21,1.3463E+16,5.24695E+16
207076,11,0,9,9,2018,11,11,7,3,5,2,0,0,1,0,0,0,1,1,8.10985E+20,5.81426E+21,1.3571E+16,5.239E+16
207077,11,0,2,2,2018,11,8,3,3,5,2,0,1,1,0,0,0,0,1,8.00726E+20,5.82798E+21,1.34331E+16,5.25187E+16
207078,11,0,1,1,2018,11,11,7,3,2,6,0,0,1,0,0,0,0,0,7.95157E+20,5.82706E+21,1.33504E+16,5.25136E+16
207079,11,0,2,2,2018,11,21,7,3,5,3,2,0,1,0,0,0,0,0,7.98097E+20,5.8262E+21,1.33929E+16,5.25043E+16
207080,11,0,6,6,2018,11,18,6,3,2,7,2,0,1,0,1,0,0,0,7.88996E+20,5.82005E+21,1.32538E+16,5.2454E+16
207081,11,0,3,3,2018,11,7,6,3,5,3,0,0,1,0,0,0,0,0,8.04248E+20,5.83868E+21,1.34947E+16,5.26127E+16
207082,11,0,1,1,2018,11,7,6,3,0,2,0,1,0,0,0,0,1,1,7.95426E+20,5.82579E+21,1.33533E+16,5.25021E+16
207083,11,0,4,4,2018,11,13,6,3,1,5,0,1,1,0,0,0,0,0,7.9194E+20,5.82608E+21,1.33023E+16,5.25065E+16
207084,11,0,2,2,2018,11,9,3,3,5,3,0,1,1,0,0,0,0,1,7.98043E+20,5.82486E+21,1.33909E+16,5.24923E+16
207085,11,0,1,1,2018,11,21,6,3,3,6,2,0,1,0,1,0,0,0,7.94282E+20,5.82845E+21,1.33388E+16,5.25265E+16
207086,11,0,9,9,2018,11,19,6,3,4,2,2,1,1,0,0,0,0,0,8.10939E+20,5.82159E+21,1.35772E+16,5.24558E+16
207087,11,0,4,4,2018,11,0,2,3,2,6,2,0,1,0,0,0,0,1,7.91288E+20,5.82502E+21,1.32918E+16,5.24974E+16
207088,11,0,2,2,2018,11,8,6,3,0,2,0,1,0,0,0,0,1,1,7.97842E+20,5.82493E+21,1.3388E+16,5.2493E+16
207089,11,0,8,8,2018,11,18,6,2,1,5,2,0,1,0,0,0,0,0,8.0145E+20,5.81835E+21,1.3435E+16,5.2432E+16
207090,11,0,4,4,2018,11,9,6,3,6,4,0,0,1,1,0,0,0,1,7.91641E+20,5.82246E+21,1.32947E+16,5.24742E+16
207091,11,0,1,1,2018,11,7,3,3,6,4,2,0,1,1,0,0,0,1,7.97796E+20,5.82726E+21,1.33894E+16,5.25139E+16
207092,11,0,2,2,2018,11,9,6,3,0,1,0,1,0,0,0,0,0,1,8.00721E+20,5.8279E+21,1.34329E+16,5.25181E+16
207093,11,0,1,1,2018,11,15,6,3,5,3,0,0,1,0,0,0,0,0,7.97999E+20,5.8268E+21,1.3392E+16,5.25097E+16
207094,11,0,7,7,2018,11,7,3,3,5,3,0,0,1,0,1,0,0,1,7.96459E+20,5.81647E+21,1.33602E+16,5.24179E+16
207095,11,0,4,4,2018,11,9,6,3,5,3,0,1,1,0,0,0,0,1,7.9407E+20,5.82369E+21,1.33315E+16,5.24839E+16
207096,11,0,7,7,2018,11,15,6,3,8,1,0,0,1,0,0,0,0,0,7.98787E+20,5.8143E+21,1.33924E+16,5.23973E+16
207097,11,0,3,3,2018,11,18,2,2,6,4,2,0,1,1,0,0,0,0,8.01046E+20,5.83166E+21,1.34411E+16,5.25516E+16
207098,11,0,6,6,2018,11,8,6,3,2,6,0,0,1,0,0,1,0,1,7.92355E+20,5.81559E+21,1.32992E+16,5.24123E+16
207099,11,0,1,1,2018,11,15,2,3,0,5,0,1,1,0,0,0,0,0,7.98195E+20,5.82961E+21,1.33974E+16,5.25348E+16
207100,11,0,11,11,2018,11,17,1,2,3,6,1,0,1,0,0,1,0,1,8.04436E+20,5.8299E+21,1.34894E+16,5.25339E+16
207101,11,0,8,8,2018,11,15,6,3,6,7,0,0,1,1,0,0,0,0,8.0288E+20,5.81825E+21,1.34559E+16,5.24304E+16
207102,11,0,7,7,2018,11,18,3,3,5,3,2,1,1,0,0,0,0,1,7.95648E+20,5.81605E+21,1.33479E+16,5.24146E+16
207103,11,0,4,4,2018,11,8,6,3,5,3,0,0,1,0,0,0,0,1,7.89494E+20,5.8268E+21,1.3267E+16,5.25143E+16
207104,11,0,4,4,2018,11,14,3,3,2,6,0,0,1,0,0,0,0,1,7.91463E+20,5.82827E+21,1.32972E+16,5.25264E+16
207105,11,0,11,11,2018,11,15,6,3,5,3,0,0,1,0,0,0,0,0,8.05377E+20,5.82674E+21,1.35003E+16,5.25051E+16
207106,11,0,11,11,2018,11,17,1,3,5,3,1,0,1,0,0,0,0,1,8.05553E+20,5.82694E+21,1.35031E+16,5.25067E+16
207107,11,0,8,8,2018,11,17,1,3,5,3,1,0,1,0,0,0,0,1,8.01201E+20,5.82263E+21,1.34352E+16,5.24705E+16
207108,11,0,6,6,2018,11,8,6,3,5,2,0,0,1,0,0,0,0,1,7.88142E+20,5.81874E+21,1.32402E+16,5.24427E+16
207109,11,0,7,7,2018,11,13,2,3,3,6,0,0,1,0,0,0,0,0,7.973E+20,5.82254E+21,1.33779E+16,5.24719E+16
207110,11,0,3,3,2018,11,8,6,3,1,5,0,1,1,0,0,0,0,1,8.017E+20,5.8315E+21,1.34506E+16,5.25498E+16
207111,11,0,4,4,2018,11,11,2,2,5,2,0,0,1,0,1,0,0,1,7.90666E+20,5.82328E+21,1.32812E+16,5.24821E+16
207112,11,0,2,2,2018,11,18,1,2,6,4,2,0,1,1,0,0,0,1,7.97808E+20,5.82452E+21,1.33871E+16,5.24894E+16
207113,11,0,11,11,2018,11,14,6,3,5,3,0,0,1,0,0,0,0,0,8.04792E+20,5.82663E+21,1.34916E+16,5.25044E+16
207114,11,0,9,9,2018,11,7,2,2,0,1,0,1,0,0,0,0,0,1,8.10987E+20,5.81818E+21,1.35747E+16,5.24252E+16
207115,11,0,2,2,2018,11,14,6,3,6,4,0,0,1,1,0,0,0,0,7.99049E+20,5.8256E+21,1.34063E+16,5.24983E+16
207116,11,0,12,12,2018,11,14,3,3,8,1,0,0,1,0,0,0,0,1,7.93207E+20,5.8324E+21,1.33265E+16,5.25625E+16
207117,11,0,7,7,2018,11,8,6,3,6,2,0,0,1,1,0,0,0,1,7.94429E+20,5.82233E+21,1.33356E+16,5.24715E+16
207118,11,0,3,3,2018,11,13,3,3,2,6,0,0,1,0,0,0,0,1,8.00005E+20,5.83494E+21,1.34288E+16,5.25815E+16
207119,11,0,8,8,2018,11,14,6,3,6,4,0,0,1,1,0,0,0,0,8.01464E+20,5.8239E+21,1.34402E+16,5.24818E+16
207120,11,0,1,1,2018,11,17,1,2,1,5,2,0,1,0,1,0,0,1,7.95467E+20,5.83067E+21,1.33582E+16,5.25457E+16
207121,11,0,11,11,2018,11,6,6,3,2,6,0,0,1,0,0,1,0,1,8.059E+20,5.82585E+21,1.35072E+16,5.24968E+16
207122,11,0,4,4,2018,11,21,1,3,2,6,2,0,1,0,1,0,0,1,7.91638E+20,5.83068E+21,1.33019E+16,5.25479E+16
207123,11,0,1,1,2018,11,5,6,3,5,3,2,0,1,0,0,0,1,1,7.97959E+20,5.82708E+21,1.33916E+16,5.25122E+16
207124,11,0,4,4,2018,11,13,6,3,5,7,0,0,1,0,0,0,0,0,7.90145E+20,5.82539E+21,1.32753E+16,5.25013E+16
207125,11,0,5,5,2018,11,12,3,2,5,7,0,0,1,0,0,0,0,1,7.81705E+20,5.83132E+21,1.31564E+16,5.25589E+16
207126,11,0,4,4,2018,11,7,6,3,1,5,1,1,1,0,0,0,0,1,7.93962E+20,5.8268E+21,1.33327E+16,5.25119E+16
207127,11,0,4,4,2018,11,13,6,3,2,6,0,1,1,0,0,0,0,0,7.92267E+20,5.82544E+21,1.33066E+16,5.25006E+16
207128,11,0,8,8,2018,11,14,3,3,0,4,0,1,0,1,0,0,0,1,8.01359E+20,5.82124E+21,1.34363E+16,5.2458E+16
207129,11,0,4,4,2018,11,1,6,3,0,1,2,1,0,0,0,0,0,0,7.93054E+20,5.82559E+21,1.33183E+16,5.25015E+16
207130,11,0,5,5,2018,11,12,6,3,4,6,0,1,0,0,0,0,0,0,7.84526E+20,5.82804E+21,1.31951E+16,5.2528E+16
207131,11,0,3,3,2018,11,12,3,3,0,7,0,0,1,0,0,0,0,1,8.01111E+20,5.83411E+21,1.34443E+16,5.25735E+16
207132,11,0,1,1,2018,11,5,6,3,2,6,1,0,1,0,1,0,0,1,7.95427E+20,5.83154E+21,1.33584E+16,5.25536E+16
207133,11,0,5,5,2018,11,8,3,2,6,2,0,0,1,1,0,0,0,1,7.84706E+20,5.82859E+21,1.31982E+16,5.25328E+16
207134,11,0,4,4,2018,11,12,6,3,5,2,0,0,1,0,0,0,1,1,7.92443E+20,5.82412E+21,1.3308E+16,5.24886E+16
207135,11,0,4,4,2018,11,12,6,3,5,2,0,0,1,0,0,0,0,1,7.90686E+20,5.8227E+21,1.32809E+16,5.24769E+16
207136,11,0,8,8,2018,11,11,6,3,5,3,0,0,1,0,0,0,0,0,8.01029E+20,5.8225E+21,1.34326E+16,5.24695E+16
207137,11,0,9,9,2018,11,11,6,3,5,2,0,0,1,0,0,0,0,0,8.07713E+20,5.81812E+21,1.35267E+16,5.24265E+16
207138,11,0,6,6,2018,11,7,3,3,6,4,0,0,1,1,0,0,0,1,7.88175E+20,5.81871E+21,1.32406E+16,5.24425E+16
207139,11,0,3,3,2018,11,10,6,3,5,3,0,0,1,0,0,0,0,0,8.02898E+20,5.82863E+21,1.34656E+16,5.25234E+16
207140,11,0,2,2,2018,11,13,6,3,0,7,0,0,1,0,0,0,0,0,7.9723E+20,5.82482E+21,1.33789E+16,5.24924E+16
207141,11,0,8,8,2018,11,15,1,3,0,1,0,0,1,0,0,0,0,1,8.00177E+20,5.82364E+21,1.34211E+16,5.24802E+16
207142,11,0,7,7,2018,11,19,1,3,8,1,2,0,1,0,0,0,0,1,7.95493E+20,5.82555E+21,1.3354E+16,5.24999E+16
207143,11,0,5,5,2018,11,19,2,3,5,2,1,0,1,0,0,0,0,0,7.88032E+20,5.82937E+21,1.32477E+16,5.25381E+16
207144,11,0,1,1,2018,11,18,6,3,2,6,2,0,1,0,0,0,0,0,7.9714E+20,5.83139E+21,1.33834E+16,5.25513E+16
207145,11,0,5,5,2018,11,16,2,3,5,2,1,1,1,0,0,0,0,0,7.83789E+20,5.82911E+21,1.31851E+16,5.2538E+16
207146,11,0,1,1,2018,11,17,6,3,3,6,2,1,1,0,0,0,0,0,7.97204E+20,5.83135E+21,1.33844E+16,5.25509E+16
207147,11,0,10,10,2018,11,17,6,3,2,6,2,0,1,0,0,0,0,0,8.06487E+20,5.82966E+21,1.35193E+16,5.25306E+16
207148,11,0,1,1,2018,11,17,3,3,3,6,2,1,0,0,0,0,1,0,7.96428E+20,5.82552E+21,1.33677E+16,5.2499E+16
207149,11,0,2,2,2018,11,7,3,3,5,2,0,0,1,0,1,0,0,1,8.00681E+20,5.82849E+21,1.34329E+16,5.25233E+16
207150,11,0,8,8,2018,11,8,6,3,0,2,0,1,1,0,0,0,0,0,8.01082E+20,5.82197E+21,1.34329E+16,5.24647E+16
207151,11,0,7,7,2018,11,18,5,3,1,5,2,1,1,0,0,0,0,0,7.95004E+20,5.82216E+21,1.33439E+16,5.24697E+16
207152,11,0,1,1,2018,11,15,1,3,1,1,0,0,1,0,1,0,0,1,7.95755E+20,5.8319E+21,1.33635E+16,5.25566E+16
207153,11,0,7,7,2018,11,12,2,3,5,3,0,0,1,0,0,0,1,0,7.98837E+20,5.82179E+21,1.33998E+16,5.24643E+16
207154,11,0,11,11,2018,11,22,5,3,5,3,2,0,1,0,0,0,1,0,8.05793E+20,5.83321E+21,1.35124E+16,5.25629E+16
207155,11,0,6,6,2018,11,14,2,3,2,6,0,0,1,0,0,0,0,0,7.93524E+20,5.82066E+21,1.33208E+16,5.24571E+16
207156,11,0,12,12,2018,11,17,1,3,5,2,2,0,1,0,0,0,0,1,7.95783E+20,5.83258E+21,1.33646E+16,5.25627E+16
207157,11,0,8,8,2018,11,21,5,3,1,5,2,1,1,0,0,0,0,0,8.0052E+20,5.82342E+21,1.3426E+16,5.2478E+16
207158,11,0,6,6,2018,11,17,3,2,6,4,2,0,1,1,0,0,0,1,7.954E+20,5.81816E+21,1.33461E+16,5.24337E+16
207159,11,0,4,4,2018,11,19,5,3,2,6,2,0,1,0,1,0,0,0,7.91325E+20,5.83067E+21,1.32973E+16,5.2548E+16
207160,11,0,1,1,2018,11,13,1,3,5,3,0,0,1,0,0,0,0,1,7.97358E+20,5.83119E+21,1.33865E+16,5.25494E+16
207161,11,0,7,7,2018,11,14,3,3,5,3,0,0,1,0,0,0,0,1,7.98357E+20,5.82052E+21,1.33916E+16,5.24532E+16
207162,11,0,8,8,2018,11,19,5,2,6,4,2,0,1,1,0,0,0,0,8.02557E+20,5.8231E+21,1.34556E+16,5.2474E+16
207163,11,0,8,8,2018,11,19,5,3,0,1,2,1,0,0,0,0,0,0,8.01857E+20,5.82445E+21,1.34465E+16,5.24865E+16
207164,11,0,2,2,2018,11,15,3,3,5,2,0,0,1,0,0,0,0,1,7.97758E+20,5.82403E+21,1.3386E+16,5.2485E+16
207165,11,0,2,2,2018,11,14,5,3,3,6,0,0,1,0,1,0,0,0,7.98347E+20,5.82626E+21,1.33966E+16,5.25047E+16
207166,11,0,2,2,2018,11,13,1,3,5,2,0,1,1,0,0,0,0,1,8.02857E+20,5.82747E+21,1.34639E+16,5.2513E+16
207167,11,0,4,4,2018,11,10,2,3,5,7,0,1,1,0,0,0,0,0,7.91183E+20,5.82651E+21,1.32916E+16,5.25108E+16
207168,11,0,8,8,2018,11,13,5,2,6,4,0,1,0,1,0,0,0,0,8.06166E+20,5.81774E+21,1.35036E+16,5.24239E+16
207169,11,0,6,6,2018,11,6,2,3,5,2,1,0,1,0,0,0,0,1,7.92722E+20,5.81623E+21,1.33052E+16,5.24178E+16
207170,11,0,9,9,2018,11,12,5,2,6,4,0,0,0,1,1,0,0,0,8.07551E+20,5.81537E+21,1.35217E+16,5.24019E+16
207171,11,0,1,1,2018,11,16,3,3,5,3,1,0,1,0,0,0,0,1,7.93819E+20,5.82796E+21,1.33316E+16,5.25223E+16
207172,11,0,1,1,2018,11,19,5,2,3,6,1,0,1,0,1,0,0,0,7.98589E+20,5.82688E+21,1.34007E+16,5.25101E+16
207173,11,0,12,12,2018,11,13,1,3,5,3,0,0,1,0,0,0,0,1,7.90054E+20,5.83575E+21,1.3283E+16,5.25942E+16
207174,11,0,2,2,2018,11,9,3,3,5,2,0,1,1,0,0,0,0,1,7.97281E+20,5.82485E+21,1.33797E+16,5.24926E+16
207175,11,0,7,7,2018,11,19,5,3,5,7,2,1,1,0,0,0,0,0,7.94943E+20,5.82445E+21,1.3345E+16,5.24903E+16
207176,11,0,4,4,2018,11,11,1,3,5,3,0,0,1,0,0,0,0,1,7.903E+20,5.82285E+21,1.32754E+16,5.24784E+16
207177,11,0,4,4,2018,11,10,5,3,6,4,0,1,0,1,0,0,0,0,7.92489E+20,5.82475E+21,1.33092E+16,5.24943E+16
207178,11,0,3,3,2018,11,18,5,3,1,5,2,1,1,0,0,0,0,0,8.02474E+20,5.82834E+21,1.34591E+16,5.2521E+16
207179,11,0,3,3,2018,11,19,1,3,0,6,2,0,1,0,1,0,0,0,7.99475E+20,5.83466E+21,1.34207E+16,5.25793E+16
207180,11,0,3,3,2018,11,10,5,3,5,3,0,1,1,0,0,0,0,0,7.98979E+20,5.83161E+21,1.34107E+16,5.25523E+16
207181,11,0,2,2,2018,11,18,5,3,2,6,2,0,1,0,0,0,0,0,8.02695E+20,5.82823E+21,1.34622E+16,5.25199E+16
207182,11,0,7,7,2018,11,12,3,3,2,6,0,0,1,0,0,0,0,1,7.94995E+20,5.82432E+21,1.33456E+16,5.24891E+16
207183,11,0,5,5,2018,11,9,5,3,5,2,0,1,1,0,0,0,0,0,7.8222E+20,5.82036E+21,1.31546E+16,5.24604E+16
207184,11,0,5,5,2018,11,8,5,3,3,6,0,0,1,0,1,0,1,0,7.871E+20,5.82937E+21,1.3234E+16,5.25386E+16
207185,11,0,5,5,2018,11,9,1,2,6,2,0,0,1,1,0,0,0,1,7.84807E+20,5.82878E+21,1.31998E+16,5.25345E+16
207186,11,0,1,1,2018,11,8,3,3,2,6,0,0,1,0,1,0,0,1,7.94469E+20,5.8307E+21,1.33436E+16,5.25465E+16
207187,11,0,1,1,2018,11,8,5,3,0,2,0,1,1,0,0,0,0,0,7.94567E+20,5.82866E+21,1.33432E+16,5.25282E+16
207188,11,0,1,1,2018,11,18,5,3,2,6,2,0,1,0,0,0,0,0,7.96951E+20,5.8319E+21,1.33811E+16,5.2556E+16
207189,11,0,5,5,2018,11,8,5,3,2,6,0,0,1,0,0,0,1,0,7.82995E+20,5.82609E+21,1.31709E+16,5.25113E+16
207190,11,0,4,4,2018,11,7,5,2,5,2,0,0,1,0,0,0,0,1,7.92822E+20,5.82323E+21,1.33128E+16,5.24805E+16
207191,11,0,12,12,2018,11,7,3,3,2,6,0,0,1,0,0,0,0,1,7.87372E+20,5.83785E+21,1.32454E+16,5.26145E+16
207192,11,0,7,7,2018,11,7,5,3,6,4,0,0,1,1,0,0,0,0,8.00609E+20,5.81389E+21,1.34187E+16,5.23926E+16
207193,11,0,5,5,2018,11,17,5,3,5,2,2,1,1,0,0,0,0,0,7.83645E+20,5.82931E+21,1.31832E+16,5.25398E+16
207194,11,0,8,8,2018,11,7,5,2,1,5,0,1,1,0,0,0,0,0,8.00545E+20,5.82376E+21,1.34266E+16,5.2481E+16
207195,11,0,5,5,2018,11,7,5,3,5,3,1,1,1,0,0,0,0,0,7.84453E+20,5.82867E+21,1.31945E+16,5.25336E+16
207196,11,0,3,3,2018,11,10,3,3,5,3,0,0,1,0,0,1,0,1,8.02327E+20,5.8292E+21,1.34577E+16,5.25288E+16
207197,11,0,9,9,2018,11,6,5,3,2,6,2,0,1,0,0,0,0,0,8.10762E+20,5.82032E+21,1.35734E+16,5.24445E+16
207198,11,0,6,6,2018,11,17,5,3,5,3,2,0,1,0,0,0,0,0,7.94768E+20,5.82088E+21,1.33393E+16,5.24584E+16
207199,11,0,9,9,2018,11,9,1,3,5,3,0,1,0,0,0,0,1,1,8.08809E+20,5.819E+21,1.35435E+16,5.24338E+16
207200,11,0,2,2,2018,11,8,2,3,6,4,1,0,1,1,0,0,0,0,8.01132E+20,5.82521E+21,1.34366E+16,5.24937E+16
207201,11,0,3,3,2018,11,16,5,3,5,2,2,1,1,0,0,0,0,0,8.03558E+20,5.8323E+21,1.34786E+16,5.25559E+16
207202,11,0,4,4,2018,11,15,5,3,2,6,1,0,0,0,1,0,1,0,7.90481E+20,5.82605E+21,1.32808E+16,5.2507E+16
207203,11,0,10,10,2018,11,16,5,3,5,2,2,1,1,0,0,0,0,0,8.09583E+20,5.8245E+21,1.356E+16,5.24827E+16
207204,11,0,9,9,2018,11,7,3,3,5,3,1,1,1,0,0,0,0,1,8.09273E+20,5.8196E+21,1.35509E+16,5.24389E+16
207205,11,0,4,4,2018,11,10,5,3,0,1,0,0,0,0,1,0,0,0,7.91787E+20,5.8261E+21,1.33001E+16,5.25068E+16
207206,11,0,4,4,2018,11,9,1,3,6,7,0,1,0,1,0,0,0,1,7.88765E+20,5.82588E+21,1.32555E+16,5.25064E+16
207207,11,0,4,4,2018,11,17,2,2,6,4,2,0,1,1,0,0,0,0,7.93898E+20,5.8259E+21,1.33309E+16,5.25038E+16
207208,11,0,6,6,2018,11,16,5,2,5,2,2,0,1,0,1,0,0,1,7.88785E+20,5.81981E+21,1.32505E+16,5.2452E+16
207209,11,0,6,6,2018,11,14,2,2,6,4,1,1,0,1,0,0,0,0,7.89539E+20,5.81783E+21,1.32599E+16,5.24338E+16
207210,11,0,2,2,2018,11,2,1,3,5,7,2,0,1,0,0,0,0,0,8.01685E+20,5.82613E+21,1.34455E+16,5.25016E+16
207211,11,0,4,4,2018,11,13,2,3,6,4,0,1,0,1,0,0,0,1,7.91682E+20,5.82749E+21,1.32998E+16,5.25193E+16
207212,11,0,2,2,2018,11,16,5,3,3,7,2,1,1,0,0,0,0,0,8.01714E+20,5.82617E+21,1.3446E+16,5.2502E+16
207213,11,0,11,11,2018,11,8,2,3,5,2,0,1,0,0,0,1,0,1,8.04213E+20,5.82907E+21,1.34853E+16,5.25266E+16
207214,11,0,10,10,2018,11,16,5,3,0,3,1,0,0,0,0,0,1,0,8.12276E+20,5.82777E+21,1.36026E+16,5.25104E+16
207215,11,0,4,4,2018,11,19,3,3,0,2,2,1,1,0,0,0,0,1,7.91958E+20,5.82481E+21,1.33015E+16,5.24951E+16
207216,11,0,12,12,2018,11,15,5,3,2,6,0,0,1,0,0,0,1,0,7.92565E+20,5.83737E+21,1.33214E+16,5.26074E+16
207217,11,0,4,4,2018,11,15,1,3,2,6,0,0,1,0,0,0,0,1,7.90602E+20,5.82736E+21,1.32838E+16,5.25187E+16
207218,11,0,12,12,2018,11,6,3,3,0,1,1,0,0,0,1,0,0,1,7.93539E+20,5.83414E+21,1.33329E+16,5.25779E+16
207219,11,0,1,1,2018,11,15,5,3,2,2,0,0,1,0,0,0,0,0,7.96171E+20,5.83227E+21,1.337E+16,5.25598E+16
207220,11,0,7,7,2018,11,12,1,3,0,7,0,0,0,0,1,0,0,1,7.97675E+20,5.81859E+21,1.33799E+16,5.24362E+16
207221,11,0,11,11,2018,11,18,1,2,1,5,2,0,1,0,1,0,0,1,8.05063E+20,5.82843E+21,1.34972E+16,5.25204E+16
207222,11,0,11,11,2018,11,14,5,3,2,6,0,0,0,0,0,0,1,0,8.05197E+20,5.82899E+21,1.34997E+16,5.25253E+16
207223,11,0,7,7,2018,11,5,2,3,2,6,2,0,1,0,0,0,0,1,8.00275E+20,5.81279E+21,1.34128E+16,5.23828E+16
207224,11,0,3,3,2018,11,18,5,3,5,2,2,0,1,0,0,0,0,0,7.99199E+20,5.83515E+21,1.34171E+16,5.25839E+16
207225,11,0,2,2,2018,11,13,3,3,2,7,0,0,1,0,1,0,0,1,8.00112E+20,5.82485E+21,1.34213E+16,5.2491E+16
207226,11,0,2,2,2018,11,1,5,3,6,4,2,1,0,1,0,0,0,0,7.99932E+20,5.82604E+21,1.34197E+16,5.25018E+16
207227,11,0,2,2,2018,11,10,1,3,9,1,0,0,1,0,0,0,0,1,8.01632E+20,5.82604E+21,1.34446E+16,5.25009E+16
207228,11,0,5,5,2018,11,17,5,3,2,6,2,0,1,0,0,0,0,0,7.84393E+20,5.82868E+21,1.31936E+16,5.25338E+16
207229,11,0,4,4,2018,11,16,3,3,6,2,2,0,1,1,0,0,0,1,7.90799E+20,5.82737E+21,1.32867E+16,5.25187E+16
207230,11,0,6,6,2018,11,18,4,3,0,6,2,0,1,0,0,0,1,0,7.94218E+20,5.82029E+21,1.33307E+16,5.24534E+16
207231,11,0,11,11,2018,11,13,1,2,0,1,0,1,0,0,0,0,0,1,8.03709E+20,5.82629E+21,1.34754E+16,5.2502E+16
207232,11,0,1,1,2018,11,13,3,3,5,2,0,1,1,0,0,0,0,1,7.959E+20,5.83197E+21,1.33657E+16,5.25571E+16
207233,11,0,2,2,2018,11,22,4,3,0,7,2,1,0,0,0,0,0,0,8.00989E+20,5.82572E+21,1.34349E+16,5.24984E+16
207234,11,0,7,7,2018,11,22,1,3,5,2,2,1,1,0,0,0,0,0,7.94664E+20,5.8218E+21,1.33386E+16,5.24667E+16
207235,11,0,11,11,2018,11,21,4,2,0,1,2,1,0,0,0,0,0,0,8.05622E+20,5.83162E+21,1.35084E+16,5.25487E+16
207236,11,0,5,5,2018,11,14,1,3,2,6,0,0,1,0,0,0,1,1,7.82349E+20,5.82704E+21,1.31622E+16,5.25202E+16
207237,11,0,11,11,2018,11,20,1,3,5,3,2,0,1,0,0,0,0,1,8.07525E+20,5.82748E+21,1.35325E+16,5.25105E+16