OBJECTID_1,ULAND,UREGBEZ,UKREIS,UGEMEINDE,UJAHR,UMONAT,USTUNDE,UWOCHENTAG,UKATEGORIE,UART,UTYP1,ULICHTVERH,IstRad,IstPKW,IstFuss,IstKrad,IstGkfz,IstSonstig,STRZUSTAND,LINREFX,LINREFY,XGCSWGS84,YGCSWGS84
207238,11,0,8,8,2018,11,21,4,3,1,5,2,1,1,0,0,0,0,0,8.00623E+20,5.82441E+21,1.34284E+16,5.24868E+16
207239,11,0,6,6,2018,11,20,4,3,5,3,1,0,1,0,0,0,0,0,7.92357E+20,5.82076E+21,1.33038E+16,5.24586E+16
207240,11,0,7,7,2018,11,12,3,2,0,1,0,1,0,0,0,0,0,1,7.95965E+20,5.82387E+21,1.33595E+16,5.24845E+16
207241,11,0,6,6,2018,11,20,4,2,5,3,2,0,1,0,0,0,0,0,7.90702E+20,5.81777E+21,1.32769E+16,5.24327E+16
207242,11,0,6,6,2018,11,18,4,3,6,4,2,1,0,1,0,0,0,0,7.91857E+20,5.81914E+21,1.3295E+16,5.24444E+16
207243,11,0,9,9,2018,11,19,7,2,6,4,2,0,1,1,0,0,0,0,8.11429E+20,5.82158E+21,1.35843E+16,5.24554E+16
207244,11,0,7,7,2018,11,17,3,3,6,2,2,0,1,1,0,0,0,1,7.98702E+20,5.81603E+21,1.33927E+16,5.24128E+16
207245,11,0,5,5,2018,11,17,4,3,6,2,2,0,1,1,0,0,0,0,7.8513E+20,5.82731E+21,1.32033E+16,5.25211E+16
207246,11,0,7,7,2018,11,18,7,3,1,1,2,0,1,0,0,0,0,0,7.95355E+20,5.82224E+21,1.33491E+16,5.24702E+16
207247,11,0,5,5,2018,11,17,4,3,0,2,2,0,1,0,0,0,1,0,7.84668E+20,5.8285E+21,1.31975E+16,5.25321E+16
207248,11,0,3,3,2018,11,8,3,3,5,5,0,0,1,0,0,0,0,1,8.01742E+20,5.83297E+21,1.34526E+16,5.25629E+16
207249,11,0,4,4,2018,11,16,4,3,2,7,1,0,1,0,1,0,0,0,7.93923E+20,5.82497E+21,1.33305E+16,5.24955E+16
207250,11,0,9,9,2018,11,18,1,3,4,2,2,0,1,0,0,0,0,1,8.10135E+20,5.81804E+21,1.35621E+16,5.24244E+16
207251,11,0,7,7,2018,11,16,4,3,6,2,1,0,0,1,0,0,1,0,8.00038E+20,5.81326E+21,1.34098E+16,5.23872E+16
207252,11,0,1,1,2018,11,15,4,3,2,6,0,0,1,0,0,0,0,0,7.99115E+20,5.8276E+21,1.34091E+16,5.25163E+16
207253,11,0,9,9,2018,11,15,4,3,2,6,1,1,1,0,0,0,0,0,8.02615E+20,5.82448E+21,1.34577E+16,5.24863E+16
207254,11,0,8,8,2018,11,7,3,3,5,3,0,0,1,0,0,0,0,1,8.03302E+20,5.81853E+21,1.34623E+16,5.24326E+16
207255,11,0,4,4,2018,11,15,4,3,5,7,0,0,1,0,0,0,1,0,7.93598E+20,5.82785E+21,1.33282E+16,5.25215E+16
207256,11,0,1,1,2018,11,7,4,3,2,6,0,1,1,0,0,0,0,1,7.94893E+20,5.82777E+21,1.33472E+16,5.25201E+16
207257,11,0,9,9,2018,11,15,1,3,0,3,0,1,1,0,0,0,0,0,8.09547E+20,5.81979E+21,1.35551E+16,5.24405E+16
207258,11,0,4,4,2018,11,19,2,3,0,3,2,1,0,0,0,0,0,0,7.92273E+20,5.8265E+21,1.33076E+16,5.25101E+16
207259,11,0,7,7,2018,11,15,4,2,5,3,0,0,0,0,1,0,1,0,8.00409E+20,5.81453E+21,1.34163E+16,5.23984E+16
207260,11,0,2,2,2018,11,7,2,3,2,7,0,0,1,0,0,0,1,0,7.97686E+20,5.82497E+21,1.33857E+16,5.24934E+16
207261,11,0,6,6,2018,11,7,4,3,5,3,0,1,1,0,0,0,0,1,7.92417E+20,5.82143E+21,1.33052E+16,5.24646E+16
207262,11,0,7,7,2018,11,7,4,3,5,3,0,1,1,0,0,0,0,0,7.935E+20,5.8225E+21,1.33221E+16,5.24735E+16
207263,11,0,7,7,2018,11,18,3,3,2,6,2,0,1,0,0,0,0,0,7.95372E+20,5.82098E+21,1.33482E+16,5.24589E+16
207264,11,0,1,1,2018,11,7,3,3,2,6,1,0,1,0,0,0,0,1,7.95291E+20,5.82607E+21,1.33515E+16,5.25047E+16
207265,11,0,11,11,2018,11,7,4,2,5,2,0,1,0,0,0,0,0,0,8.04767E+20,5.82541E+21,1.34901E+16,5.24935E+16
207266,11,0,4,4,2018,11,7,4,3,5,7,0,1,1,0,0,0,0,0,7.92903E+20,5.82328E+21,1.3314E+16,5.24809E+16
207267,11,0,1,1,2018,11,23,7,3,1,5,2,1,1,0,0,0,0,0,7.97338E+20,5.83162E+21,1.33866E+16,5.25532E+16
207268,11,0,1,1,2018,11,17,2,2,6,2,2,0,1,1,0,0,0,1,7.96979E+20,5.83148E+21,1.33812E+16,5.25522E+16
207269,11,0,6,6,2018,11,7,4,2,5,3,0,0,1,0,0,0,1,1,7.9415E+20,5.81669E+21,1.33265E+16,5.24212E+16
207270,11,0,9,9,2018,11,7,2,3,6,4,0,1,0,1,0,0,0,0,8.06131E+20,5.82039E+21,1.35055E+16,5.24477E+16
207271,11,0,1,1,2018,11,16,1,3,0,1,1,0,0,0,1,0,0,1,7.98028E+20,5.83007E+21,1.33953E+16,5.2539E+16
207272,11,0,7,7,2018,11,14,4,2,5,3,0,0,1,0,0,0,0,0,7.95348E+20,5.82467E+21,1.33511E+16,5.24921E+16
207273,11,0,5,5,2018,11,17,3,3,5,2,2,1,1,0,0,0,0,1,7.83602E+20,5.82916E+21,1.31824E+16,5.25385E+16
207274,11,0,10,10,2018,11,13,4,3,2,6,0,0,1,0,0,0,1,0,8.06363E+20,5.83018E+21,1.3518E+16,5.25354E+16
207275,11,0,1,1,2018,11,23,7,3,2,6,2,0,1,0,0,0,0,0,7.98592E+20,5.8289E+21,1.34026E+16,5.25282E+16
207276,11,0,4,4,2018,11,14,3,3,2,6,0,0,1,0,0,0,0,1,7.92481E+20,5.8236E+21,1.33081E+16,5.2484E+16
207277,11,0,4,4,2018,11,13,4,3,5,2,0,0,1,0,0,0,0,0,7.877E+20,5.82643E+21,1.32403E+16,5.25119E+16
207278,11,0,8,8,2018,11,22,7,3,6,2,2,0,1,1,0,0,0,0,8.00786E+20,5.82143E+21,1.34281E+16,5.246E+16
207279,11,0,1,1,2018,11,12,4,2,5,2,0,1,1,0,0,0,0,0,7.97198E+20,5.8275E+21,1.33808E+16,5.25164E+16
207280,11,0,11,11,2018,11,16,2,3,2,6,0,0,1,0,0,0,0,0,8.05555E+20,5.83006E+21,1.3506E+16,5.25347E+16
207281,11,0,6,6,2018,11,16,3,3,2,2,2,0,1,0,0,0,0,1,7.95881E+20,5.81937E+21,1.33543E+16,5.24442E+16
207282,11,0,1,1,2018,11,11,4,3,2,6,0,0,1,0,1,0,0,0,7.96976E+20,5.83151E+21,1.33812E+16,5.25525E+16
207283,11,0,4,4,2018,11,10,2,3,1,5,0,1,1,0,0,0,0,0,7.92816E+20,5.82576E+21,1.33149E+16,5.25032E+16
207284,11,0,11,11,2018,11,11,4,3,5,2,0,0,1,0,0,0,0,0,8.06008E+20,5.83261E+21,1.3515E+16,5.25573E+16
207285,11,0,5,5,2018,11,7,2,2,5,3,0,0,1,0,1,0,0,1,7.83444E+20,5.82673E+21,1.3178E+16,5.25169E+16
207286,11,0,12,12,2018,11,10,4,2,6,4,0,0,1,1,0,0,0,0,7.9342E+20,5.83338E+21,1.33305E+16,5.25712E+16
207287,11,0,7,7,2018,11,16,3,3,6,2,2,0,1,1,0,0,0,1,7.98486E+20,5.8219E+21,1.33947E+16,5.24655E+16
207288,11,0,3,3,2018,11,10,4,3,2,6,0,0,1,0,0,0,0,1,8.01211E+20,5.83038E+21,1.34424E+16,5.254E+16
207289,11,0,4,4,2018,11,9,3,3,5,7,0,0,1,0,0,0,0,1,7.92758E+20,5.82704E+21,1.33152E+16,5.25147E+16
207290,11,0,1,1,2018,11,10,4,3,5,7,0,1,1,0,0,0,0,0,7.97149E+20,5.82821E+21,1.33807E+16,5.25228E+16
207291,11,0,4,4,2018,11,10,4,3,5,2,0,1,0,0,0,0,0,0,7.91467E+20,5.82825E+21,1.32973E+16,5.25262E+16
207292,11,0,4,4,2018,11,9,4,3,5,3,0,0,1,0,0,0,0,0,7.91192E+20,5.82569E+21,1.3291E+16,5.25034E+16
207293,11,0,4,4,2018,11,8,4,2,5,2,0,0,1,0,1,0,0,0,7.91791E+20,5.82589E+21,1.33E+16,5.25049E+16
207294,11,0,3,3,2018,11,11,3,3,2,6,0,0,1,0,0,0,0,1,8.00747E+20,5.83868E+21,1.34431E+16,5.26146E+16
207295,11,0,1,1,2018,11,8,4,3,5,2,0,1,1,0,0,0,0,0,7.98695E+20,5.82709E+21,1.34025E+16,5.25119E+16
207296,11,0,4,4,2018,11,8,4,3,5,7,0,1,1,0,0,0,0,0,7.91854E+20,5.82744E+21,1.33022E+16,5.25188E+16
207297,11,0,4,4,2018,11,7,4,3,6,7,0,0,1,1,0,0,0,1,7.9388E+20,5.82683E+21,1.33315E+16,5.25122E+16
207298,11,0,5,5,2018,11,12,3,3,2,6,0,0,1,0,0,0,0,1,7.85143E+20,5.82833E+21,1.32044E+16,5.25303E+16
207299,11,0,9,9,2018,11,7,4,3,0,1,0,0,0,0,1,0,0,1,8.08819E+20,5.81486E+21,1.35399E+16,5.23967E+16
207300,11,0,2,2,2018,11,6,4,3,6,2,1,0,1,1,0,0,0,0,7.98296E+20,5.82478E+21,1.33945E+16,5.24914E+16
207301,11,0,6,6,2018,11,8,3,3,2,6,0,0,1,0,0,0,1,1,7.95426E+20,5.82088E+21,1.33489E+16,5.2458E+16
207302,11,0,9,9,2018,11,5,4,3,2,2,2,1,1,0,0,0,0,1,8.02117E+20,5.82477E+21,1.34506E+16,5.24892E+16
207303,11,0,2,2,2018,11,10,4,3,3,6,0,1,1,0,0,0,0,0,8.00503E+20,5.82601E+21,1.3428E+16,5.25012E+16
207304,11,0,4,4,2018,11,14,4,3,8,1,0,0,1,0,0,0,0,0,7.91395E+20,5.82608E+21,1.32943E+16,5.25068E+16
207305,11,0,4,4,2018,11,8,4,2,0,1,0,1,0,0,0,0,0,1,7.93367E+20,5.82292E+21,1.33205E+16,5.24774E+16
207306,11,0,12,12,2018,11,7,3,3,5,3,0,1,1,0,0,0,0,1,7.90536E+20,5.83721E+21,1.32914E+16,5.2607E+16
207307,11,0,5,5,2018,11,19,3,3,0,6,2,0,0,0,0,0,1,0,7.8447E+20,5.83168E+21,1.31973E+16,5.25606E+16
207308,11,0,10,10,2018,11,21,3,3,5,3,0,1,0,0,0,0,1,0,8.12921E+20,5.83025E+21,1.36144E+16,5.25323E+16
207309,11,0,10,10,2018,11,18,1,2,5,2,2,1,1,0,0,0,0,1,8.07935E+20,5.8292E+21,1.35401E+16,5.25257E+16
207310,11,0,11,11,2018,11,18,2,3,2,2,2,1,1,0,0,0,0,1,8.05204E+20,5.82871E+21,1.34996E+16,5.25228E+16
207311,11,0,11,11,2018,11,9,3,3,0,3,0,1,1,0,0,0,0,0,8.03699E+20,5.82638E+21,1.34753E+16,5.25028E+16
207312,11,0,1,1,2018,11,8,2,3,5,3,0,1,1,0,0,0,0,0,7.97994E+20,5.82865E+21,1.33935E+16,5.25263E+16
207313,11,0,1,1,2018,11,19,3,3,0,1,2,0,0,0,1,0,0,0,7.99476E+20,5.82883E+21,1.34155E+16,5.2527E+16
207314,11,0,1,1,2018,11,11,3,3,3,6,0,0,1,0,0,0,0,1,7.93502E+20,5.82937E+21,1.33282E+16,5.25352E+16
207315,11,0,8,8,2018,11,19,3,2,2,1,2,0,1,0,1,0,0,0,8.00641E+20,5.82378E+21,1.34281E+16,5.24812E+16
207316,11,0,5,5,2018,11,18,3,3,5,2,2,1,0,0,0,0,1,0,7.85663E+20,5.82804E+21,1.32118E+16,5.25274E+16
207317,11,0,4,4,2018,11,18,3,3,0,7,2,0,1,0,1,0,0,0,7.93779E+20,5.82553E+21,1.33288E+16,5.25006E+16
207318,11,0,2,2,2018,11,7,3,3,2,6,1,0,1,0,1,0,0,1,8.02463E+20,5.82634E+21,1.34571E+16,5.25031E+16
207319,11,0,1,1,2018,11,18,3,3,5,2,2,1,0,0,1,0,0,0,7.95204E+20,5.8259E+21,1.33501E+16,5.25032E+16
207320,11,0,11,11,2018,11,12,2,3,6,4,0,0,1,1,0,0,0,1,8.0644E+20,5.82689E+21,1.3516E+16,5.25058E+16
207321,11,0,5,5,2018,11,7,2,3,2,6,0,0,1,0,0,0,0,0,7.83731E+20,5.83063E+21,1.31856E+16,5.25517E+16
207322,11,0,1,1,2018,11,16,1,3,2,6,0,0,1,0,0,0,0,1,7.95071E+20,5.83124E+21,1.33529E+16,5.25511E+16
207323,11,0,11,11,2018,11,10,3,3,2,6,0,0,1,0,0,0,0,0,8.05744E+20,5.83356E+21,1.3512E+16,5.25659E+16
207324,11,0,5,5,2018,11,15,3,3,3,6,1,1,0,0,0,0,0,1,7.85191E+20,5.82936E+21,1.3206E+16,5.25395E+16
207325,11,0,6,6,2018,11,17,5,3,4,7,2,1,0,0,0,0,0,0,7.93797E+20,5.81758E+21,1.33221E+16,5.24293E+16
207326,11,0,10,10,2018,11,12,1,3,0,2,0,0,0,1,1,0,0,0,8.12494E+20,5.82995E+21,1.36078E+16,5.25298E+16
207327,11,0,2,2,2018,11,8,4,3,5,2,0,1,1,0,0,0,0,0,7.9981E+20,5.82499E+21,1.34169E+16,5.24925E+16
207328,11,0,1,1,2018,11,20,1,3,5,2,2,1,1,0,0,0,0,0,7.97543E+20,5.82942E+21,1.33876E+16,5.25334E+16
207329,11,0,4,4,2018,11,19,4,3,5,3,2,0,1,0,0,0,0,0,7.90215E+20,5.82645E+21,1.32773E+16,5.25107E+16
207330,11,0,4,4,2018,11,12,1,2,5,2,0,1,1,0,0,0,0,0,7.91983E+20,5.82239E+21,1.32997E+16,5.24734E+16
207331,11,0,11,11,2018,11,10,4,3,2,6,0,1,0,0,0,0,1,0,8.04752E+20,5.82597E+21,1.34904E+16,5.24985E+16
207332,11,0,9,9,2018,11,10,1,3,5,3,0,0,1,0,0,0,0,0,8.05947E+20,5.82265E+21,1.35049E+16,5.24681E+16
207333,11,0,1,1,2018,11,7,4,3,5,2,0,1,1,0,0,0,0,0,7.97078E+20,5.82899E+21,1.33804E+16,5.25298E+16
207334,11,0,2,2,2018,11,8,5,3,0,1,0,0,1,0,1,0,0,0,7.98267E+20,5.82479E+21,1.33941E+16,5.24915E+16
207335,11,0,11,11,2018,11,8,1,3,1,5,0,0,1,0,0,0,0,0,8.03688E+20,5.82946E+21,1.3478E+16,5.25304E+16
207336,11,0,6,6,2018,11,7,4,3,6,4,0,0,1,1,0,0,0,0,7.93644E+20,5.8206E+21,1.33225E+16,5.24565E+16
207337,11,0,1,1,2018,11,1,1,3,6,4,2,0,1,1,0,0,0,0,7.99498E+20,5.82834E+21,1.34154E+16,5.25227E+16
207338,11,0,6,6,2018,11,6,4,3,2,2,0,0,1,0,0,0,0,0,7.91753E+20,5.81929E+21,1.32936E+16,5.24458E+16
207339,11,0,9,9,2018,11,22,1,3,1,5,2,0,1,0,0,0,0,1,8.11366E+20,5.82012E+21,1.35821E+16,5.24424E+16
207340,11,0,1,1,2018,11,13,6,3,2,6,0,0,1,0,0,0,1,0,7.96666E+20,5.83197E+21,1.3377E+16,5.25568E+16
207341,11,0,12,12,2018,11,22,1,3,5,2,2,0,1,0,0,0,1,1,7.93486E+20,5.83243E+21,1.33306E+16,5.25626E+16
207342,11,0,7,7,2018,11,6,4,2,1,1,0,0,1,0,1,0,0,0,7.98067E+20,5.81676E+21,1.3384E+16,5.24196E+16
207343,11,0,1,1,2018,11,17,1,3,5,3,1,0,1,0,1,0,0,1,7.95089E+20,5.82887E+21,1.3351E+16,5.25298E+16
207344,11,0,8,8,2018,11,18,1,3,1,5,2,1,1,0,0,0,0,1,8.00545E+20,5.82445E+21,1.34272E+16,5.24872E+16
207345,11,0,6,6,2018,11,11,4,3,0,2,0,0,1,0,0,0,1,0,7.95264E+20,5.81862E+21,1.33445E+16,5.24378E+16
207346,11,0,2,2,2018,11,4,5,2,5,2,2,0,1,0,0,0,0,0,8.01742E+20,5.82626E+21,1.34465E+16,5.25028E+16
207347,11,0,3,3,2018,11,18,1,3,2,2,2,1,1,0,0,0,0,1,7.99245E+20,5.8318E+21,1.34148E+16,5.25539E+16
207348,11,0,4,4,2018,11,19,1,3,3,6,2,0,1,0,0,0,0,0,7.9056E+20,5.82521E+21,1.32813E+16,5.24994E+16
207349,11,0,1,1,2018,11,20,3,3,1,5,2,1,1,0,0,0,0,0,7.98175E+20,5.82935E+21,1.33968E+16,5.25325E+16
207350,11,0,6,6,2018,11,20,1,2,0,1,2,0,1,0,0,0,0,1,7.85386E+20,5.81765E+21,1.31988E+16,5.24344E+16
207351,11,0,7,7,2018,11,3,7,2,3,6,2,1,0,0,0,0,1,0,7.95275E+20,5.82439E+21,1.33498E+16,5.24896E+16
207352,11,0,5,5,2018,11,15,3,3,5,2,0,0,1,0,0,0,0,0,7.85568E+20,5.82617E+21,1.32088E+16,5.25107E+16
207353,11,0,1,1,2018,11,17,7,3,2,5,2,0,1,0,0,0,0,0,7.9426E+20,5.82833E+21,1.33384E+16,5.25255E+16
207354,11,0,10,10,2018,11,7,6,2,6,4,1,0,1,1,0,0,0,1,8.11347E+20,5.83042E+21,1.35914E+16,5.25347E+16
207355,11,0,9,9,2018,11,7,7,3,5,3,1,1,1,0,0,0,0,0,8.07643E+20,5.81936E+21,1.35268E+16,5.24377E+16
207356,11,0,1,1,2018,11,17,4,3,5,2,2,0,1,0,0,0,0,0,7.97681E+20,5.83132E+21,1.33913E+16,5.25504E+16
207357,11,0,4,4,2018,11,20,7,2,9,1,2,0,1,0,0,0,0,0,7.91679E+20,5.82775E+21,1.32999E+16,5.25216E+16
207358,11,0,1,1,2018,11,20,7,2,6,2,2,0,1,1,0,0,0,0,7.96703E+20,5.83163E+21,1.33772E+16,5.25537E+16
207359,11,0,1,1,2018,11,19,4,3,2,2,2,1,1,0,0,0,0,1,7.97045E+20,5.82653E+21,1.33777E+16,5.25078E+16
207360,11,0,4,4,2018,11,12,7,3,1,5,0,1,1,0,0,0,1,0,7.92885E+20,5.82435E+21,1.33147E+16,5.24905E+16
207361,11,0,9,9,2018,11,11,7,3,2,2,0,0,1,0,0,0,0,0,8.0922E+20,5.82302E+21,1.35533E+16,5.24696E+16
207362,11,0,2,2,2018,11,17,3,1,6,4,2,0,0,1,0,0,1,0,8.01847E+20,5.829E+21,1.34505E+16,5.25273E+16
207363,11,0,4,4,2018,11,11,7,3,5,2,0,1,1,0,0,0,0,0,7.91672E+20,5.82755E+21,1.32997E+16,5.25198E+16
207364,11,0,6,6,2018,11,11,7,3,0,7,0,0,1,0,0,0,1,0,7.95318E+20,5.81851E+21,1.33452E+16,5.24368E+16
207365,11,0,5,5,2018,11,22,3,2,5,2,2,0,1,0,0,0,0,0,7.83895E+20,5.82661E+21,1.31846E+16,5.25155E+16
207366,11,0,2,2,2018,11,10,7,3,5,3,0,0,0,0,1,0,1,0,7.99578E+20,5.82567E+21,1.34142E+16,5.24987E+16
207367,11,0,1,1,2018,11,19,5,3,1,5,2,0,1,0,0,0,0,0,7.97053E+20,5.82932E+21,1.33803E+16,5.25328E+16
207368,11,0,6,6,2018,11,10,7,3,5,3,0,0,1,0,0,0,0,0,7.89985E+20,5.81921E+21,1.32676E+16,5.2446E+16
207369,11,0,3,3,2018,11,9,4,3,2,6,0,1,0,0,0,0,0,0,7.99901E+20,5.82999E+21,1.34228E+16,5.25373E+16
207370,11,0,3,3,2018,11,6,7,3,0,7,2,0,1,0,0,0,0,0,7.98612E+20,5.83738E+21,1.34105E+16,5.26042E+16
207371,11,0,2,2,2018,11,21,3,3,5,2,2,1,1,0,0,0,0,0,7.98885E+20,5.82509E+21,1.34035E+16,5.24939E+16
207372,11,0,2,2,2018,11,0,7,3,1,1,2,0,1,0,1,0,0,0,8.02036E+20,5.82827E+21,1.34526E+16,5.25207E+16
207373,11,0,3,3,2018,11,20,7,3,5,3,2,1,1,0,0,0,0,0,7.98848E+20,5.83324E+21,1.34102E+16,5.2567E+16
207374,11,0,3,3,2018,11,21,3,2,6,2,2,0,1,1,0,0,0,0,7.98344E+20,5.83483E+21,1.34042E+16,5.25815E+16
207375,11,0,4,4,2018,11,18,7,3,9,1,2,0,1,0,0,0,0,0,7.9391E+20,5.82332E+21,1.33288E+16,5.24807E+16
207376,11,0,9,9,2018,11,15,7,3,3,6,0,0,1,0,0,0,1,0,8.06313E+20,5.82087E+21,1.35086E+16,5.24519E+16
207377,11,0,5,5,2018,11,21,3,3,5,3,2,0,1,0,0,0,0,0,7.88031E+20,5.82938E+21,1.32477E+16,5.25382E+16
207378,11,0,11,11,2018,11,15,7,3,1,5,0,0,1,0,0,1,0,0,8.03991E+20,5.83137E+21,1.34842E+16,5.25473E+16
207379,11,0,4,4,2018,11,21,3,3,9,1,1,0,0,0,1,0,0,0,7.93256E+20,5.82691E+21,1.33224E+16,5.25133E+16
207380,11,0,6,6,2018,11,16,5,3,5,3,2,1,1,0,0,0,0,0,7.94313E+20,5.82058E+21,1.33323E+16,5.24559E+16
207381,11,0,8,8,2018,11,14,7,3,2,6,0,0,1,0,0,0,0,0,8.01405E+20,5.8202E+21,1.3436E+16,5.24487E+16
207382,11,0,6,6,2018,11,19,3,3,0,3,2,0,1,0,1,0,0,0,7.92067E+20,5.82147E+21,1.33001E+16,5.24652E+16
207383,11,0,2,2,2018,11,13,7,3,5,3,0,0,1,0,0,0,0,0,7.98476E+20,5.82522E+21,1.33976E+16,5.24953E+16
207384,11,0,7,7,2018,11,18,3,3,5,3,2,0,1,0,1,0,0,0,7.98562E+20,5.81688E+21,1.33914E+16,5.24205E+16
207385,11,0,1,1,2018,11,13,7,3,5,7,0,0,1,0,0,0,0,1,7.93972E+20,5.83202E+21,1.33374E+16,5.25586E+16
207386,11,0,4,4,2018,11,13,6,3,4,6,0,1,1,0,0,0,0,0,7.88992E+20,5.82656E+21,1.32594E+16,5.25124E+16
207387,11,0,2,2,2018,11,18,3,3,6,2,2,0,0,1,0,0,1,0,7.97753E+20,5.8246E+21,1.33864E+16,5.24901E+16
207388,11,0,7,7,2018,11,7,5,3,5,3,0,0,1,0,0,0,0,0,7.99171E+20,5.8162E+21,1.33997E+16,5.24141E+16
207389,11,0,1,1,2018,11,17,6,3,2,6,2,0,1,0,0,0,1,0,7.96894E+20,5.83136E+21,1.33798E+16,5.25512E+16
207390,11,0,7,7,2018,11,17,3,3,2,6,2,0,1,0,0,0,1,0,7.97299E+20,5.82148E+21,1.33769E+16,5.24624E+16
207391,11,0,2,2,2018,11,19,6,3,5,3,2,1,1,0,0,0,0,0,7.99282E+20,5.82622E+21,1.34103E+16,5.25038E+16
207392,11,0,4,4,2018,11,17,3,3,0,3,2,0,1,0,0,0,1,1,7.93927E+20,5.82588E+21,1.33313E+16,5.25037E+16
207393,11,0,1,1,2018,11,9,5,2,3,6,0,0,0,0,1,1,0,0,7.9509E+20,5.83126E+21,1.33532E+16,5.25513E+16
207394,11,0,5,5,2018,11,16,6,3,5,2,1,0,1,0,1,0,0,0,7.87689E+20,5.82999E+21,1.32432E+16,5.25438E+16
207395,11,0,1,1,2018,11,17,3,3,2,6,2,0,1,0,1,0,0,0,7.9921E+20,5.82846E+21,1.34113E+16,5.25239E+16
207396,11,0,3,3,2018,11,8,6,3,1,5,0,1,1,0,0,0,0,0,7.981E+20,5.83306E+21,1.33991E+16,5.25658E+16
207397,11,0,2,2,2018,11,17,3,3,1,5,2,1,1,0,0,0,0,0,8.02768E+20,5.82722E+21,1.34624E+16,5.25109E+16
207398,11,0,7,7,2018,11,18,6,3,6,2,2,0,1,1,0,0,0,0,7.94994E+20,5.82491E+21,1.33461E+16,5.24943E+16
207399,11,0,2,2,2018,11,14,6,3,5,3,0,1,0,0,0,0,1,0,8.03464E+20,5.8274E+21,1.34728E+16,5.25121E+16
207400,11,0,12,12,2018,11,17,6,2,5,3,2,0,1,0,1,0,0,0,7.91132E+20,5.83942E+21,1.33022E+16,5.26266E+16
207401,11,0,11,11,2018,11,8,3,3,3,6,0,1,0,0,0,1,0,0,8.05182E+20,5.82872E+21,1.34992E+16,5.25229E+16
207402,11,0,4,4,2018,11,20,4,2,0,1,2,1,0,0,0,0,0,1,7.91159E+20,5.82936E+21,1.32937E+16,5.25363E+16
207403,11,0,7,7,2018,11,17,6,2,1,7,2,0,1,0,0,0,0,0,7.98874E+20,5.81545E+21,1.33947E+16,5.24075E+16
207404,11,0,12,12,2018,11,16,6,3,1,5,2,1,1,0,0,0,1,0,7.93164E+20,5.83262E+21,1.33261E+16,5.25645E+16
207405,11,0,1,1,2018,11,7,3,3,3,6,0,0,1,0,0,0,0,0,7.94817E+20,5.83031E+21,1.33483E+16,5.25429E+16
207406,11,0,2,2,2018,11,15,6,3,0,4,1,0,1,1,0,0,0,0,7.97205E+20,5.82603E+21,1.33796E+16,5.25032E+16
207407,11,0,7,7,2018,11,16,6,3,2,7,1,0,1,0,0,0,0,0,7.97759E+20,5.8204E+21,1.33827E+16,5.24525E+16
207408,11,0,9,9,2018,11,7,3,3,5,2,1,1,1,0,0,0,0,0,8.06723E+20,5.82029E+21,1.35141E+16,5.24465E+16
207409,11,0,1,1,2018,11,8,6,3,1,5,0,1,1,0,0,0,0,0,7.98791E+20,5.82746E+21,1.34042E+16,5.25152E+16
207410,11,0,5,5,2018,11,12,6,3,8,1,0,0,1,0,0,0,0,0,7.85137E+20,5.82833E+21,1.32043E+16,5.25303E+16
207411,11,0,11,11,2018,11,6,3,2,6,4,2,0,1,1,0,0,0,1,8.08705E+20,5.83423E+21,1.35561E+16,5.25703E+16
207412,11,0,8,8,2018,11,11,6,3,2,6,0,0,1,0,0,0,1,0,8.02097E+20,5.81769E+21,1.34439E+16,5.24258E+16
207413,11,0,8,8,2018,11,21,3,3,5,2,2,1,1,0,0,0,0,0,8.0043E+20,5.82449E+21,1.34256E+16,5.24877E+16
207414,11,0,1,1,2018,11,11,6,3,5,3,0,1,1,0,0,0,0,0,7.96115E+20,5.83119E+21,1.33682E+16,5.25501E+16
207415,11,0,11,11,2018,11,20,6,3,0,6,2,0,1,0,0,0,0,0,8.04222E+20,5.82985E+21,1.34862E+16,5.25336E+16
207416,11,0,4,4,2018,11,15,6,3,4,6,0,1,0,0,0,0,0,0,7.93358E+20,5.82467E+21,1.33219E+16,5.24931E+16
207417,11,0,2,2,2018,11,17,4,3,5,2,2,1,1,0,0,0,0,0,7.96897E+20,5.82398E+21,1.33733E+16,5.2485E+16
207418,11,0,4,4,2018,11,11,6,3,2,6,0,0,1,0,0,0,1,0,7.92897E+20,5.82552E+21,1.33159E+16,5.2501E+16
207419,11,0,12,12,2018,11,11,6,3,5,3,0,0,1,0,0,0,0,0,7.91655E+20,5.83939E+21,1.33098E+16,5.2626E+16
207420,11,0,8,8,2018,11,16,3,3,2,6,1,0,1,0,1,0,0,1,8.00397E+20,5.82476E+21,1.34254E+16,5.24901E+16
207421,11,0,7,7,2018,11,10,6,2,6,4,0,0,1,1,0,0,0,0,8.00083E+20,5.82193E+21,1.34182E+16,5.24649E+16
207422,11,0,1,1,2018,11,10,6,3,0,2,0,1,0,0,1,0,0,1,7.95045E+20,5.82917E+21,1.33507E+16,5.25326E+16
207423,11,0,4,4,2018,11,16,3,3,6,4,1,1,0,1,0,0,0,0,7.93187E+20,5.82787E+21,1.33222E+16,5.25219E+16