OBJECTID_1,ULAND,UREGBEZ,UKREIS,UGEMEINDE,UJAHR,UMONAT,USTUNDE,UWOCHENTAG,UKATEGORIE,UART,UTYP1,ULICHTVERH,IstRad,IstPKW,IstFuss,IstKrad,IstGkfz,IstSonstig,STRZUSTAND,LINREFX,LINREFY,XGCSWGS84,YGCSWGS84
207424,11,0,8,8,2018,11,9,6,3,3,6,0,0,0,0,1,0,1,0,8.00939E+20,5.82424E+21,1.34328E+16,5.24851E+16
207425,11,0,4,4,2018,11,13,3,3,1,5,0,1,1,0,0,0,0,0,7.93222E+20,5.82608E+21,1.33211E+16,5.25058E+16
207426,11,0,11,11,2018,11,18,5,2,6,2,2,0,1,1,0,0,0,0,8.03809E+20,5.8277E+21,1.34781E+16,5.25146E+16
207427,11,0,2,2,2018,11,9,6,3,5,2,0,0,1,0,0,0,1,0,8.00674E+20,5.82758E+21,1.3432E+16,5.25152E+16
207428,11,0,4,4,2018,11,23,5,2,5,3,2,0,1,0,0,0,0,0,7.93338E+20,5.82976E+21,1.33261E+16,5.25388E+16
207429,11,0,1,1,2018,11,8,6,3,5,2,0,1,0,0,0,0,1,0,7.97853E+20,5.82687E+21,1.33899E+16,5.25104E+16
207430,11,0,4,4,2018,11,16,4,2,5,2,1,0,1,0,0,0,0,0,7.93377E+20,5.82232E+21,1.33201E+16,5.24721E+16
207431,11,0,4,4,2018,11,8,6,3,2,2,0,1,1,0,0,0,0,0,7.93313E+20,5.82364E+21,1.33203E+16,5.24839E+16
207432,11,0,6,6,2018,11,12,3,3,6,2,0,0,1,1,0,0,0,0,7.94745E+20,5.8178E+21,1.33362E+16,5.24307E+16
207433,11,0,3,3,2018,11,7,6,2,3,2,0,1,1,0,0,0,0,0,7.99722E+20,5.8325E+21,1.34224E+16,5.25598E+16
207434,11,0,1,1,2018,11,7,6,2,6,4,0,0,1,1,0,0,0,0,7.95913E+20,5.82831E+21,1.33627E+16,5.25244E+16
207435,11,0,4,4,2018,11,12,3,3,5,3,0,1,1,0,0,0,0,0,7.90741E+20,5.82672E+21,1.32853E+16,5.25129E+16
207436,11,0,10,10,2018,11,7,6,3,0,2,0,1,1,0,0,0,0,0,8.09654E+20,5.82968E+21,1.35658E+16,5.2529E+16
207437,11,0,1,1,2018,11,11,3,3,5,7,0,1,1,0,0,0,0,0,7.97971E+20,5.82697E+21,1.33917E+16,5.25112E+16
207438,11,0,8,8,2018,11,13,5,3,5,3,0,1,0,0,0,0,1,0,8.00676E+20,5.82439E+21,1.34291E+16,5.24866E+16
207439,11,0,7,7,2018,11,18,5,3,1,5,2,1,1,0,0,0,0,0,7.94203E+20,5.82291E+21,1.33328E+16,5.24769E+16
207440,11,0,2,2,2018,11,10,3,3,3,6,0,1,1,0,0,0,0,0,7.98334E+20,5.82556E+21,1.33958E+16,5.24984E+16
207441,11,0,1,1,2018,11,18,5,3,5,3,2,1,1,0,0,0,0,0,7.98548E+20,5.82781E+21,1.34009E+16,5.25184E+16
207442,11,0,1,1,2018,11,8,3,3,5,2,0,1,1,0,0,0,0,0,7.93701E+20,5.8285E+21,1.33303E+16,5.25273E+16
207443,11,0,4,4,2018,11,17,5,3,0,1,2,1,0,0,0,0,0,0,7.92467E+20,5.8269E+21,1.33108E+16,5.25136E+16
207444,11,0,6,6,2018,11,17,5,2,1,5,2,0,1,0,0,0,0,0,7.90518E+20,5.81712E+21,1.32736E+16,5.24269E+16
207445,11,0,5,5,2018,11,8,3,3,5,2,0,0,1,0,0,0,0,0,7.86798E+20,5.8284E+21,1.32288E+16,5.253E+16
207446,11,0,7,7,2018,11,16,5,3,5,2,1,1,1,0,0,0,0,0,7.96455E+20,5.8159E+21,1.33596E+16,5.24128E+16
207447,11,0,4,4,2018,11,8,3,3,4,6,0,1,1,0,0,0,0,0,7.9158E+20,5.82815E+21,1.32988E+16,5.25252E+16
207448,11,0,1,1,2018,11,15,5,3,5,3,0,1,0,0,0,0,1,0,7.99512E+20,5.82813E+21,1.34154E+16,5.25208E+16
207449,11,0,6,6,2018,11,8,3,3,2,7,0,0,1,0,0,0,1,0,7.939E+20,5.81753E+21,1.33236E+16,5.24288E+16
207450,11,0,3,3,2018,11,9,5,2,1,5,0,1,1,0,0,0,1,0,8.02272E+20,5.82917E+21,1.34569E+16,5.25286E+16
207451,11,0,5,5,2018,11,15,5,3,5,2,0,0,1,0,0,0,1,0,7.85184E+20,5.82832E+21,1.3205E+16,5.25302E+16
207452,11,0,7,7,2018,11,19,2,3,5,2,2,1,1,0,0,0,0,0,7.94083E+20,5.82217E+21,1.33303E+16,5.24703E+16
207453,11,0,8,8,2018,11,15,5,2,5,2,0,0,1,0,1,0,0,1,8.01432E+20,5.82063E+21,1.34368E+16,5.24525E+16
207454,11,0,3,3,2018,11,19,2,3,6,6,2,0,1,1,0,0,0,1,8.04085E+20,5.84196E+21,1.34953E+16,5.26422E+16
207455,11,0,1,1,2018,11,17,5,3,5,2,1,1,1,0,0,0,0,0,7.94561E+20,5.82909E+21,1.33435E+16,5.25321E+16
207456,11,0,7,7,2018,11,14,6,2,6,4,0,0,1,1,0,0,0,0,7.99617E+20,5.82092E+21,1.34105E+16,5.24561E+16
207457,11,0,11,11,2018,11,14,5,2,6,4,0,0,0,1,0,0,1,0,8.06659E+20,5.82423E+21,1.35168E+16,5.24819E+16
207458,11,0,8,8,2018,11,19,4,3,5,7,2,1,1,0,0,0,0,0,8.01196E+20,5.8238E+21,1.34362E+16,5.2481E+16
207459,11,0,2,2,2018,11,22,5,3,0,7,2,0,1,0,1,0,0,0,8.00772E+20,5.82561E+21,1.34316E+16,5.24975E+16
207460,11,0,10,10,2018,11,19,2,3,6,4,2,1,0,1,0,0,0,1,8.08799E+20,5.8259E+21,1.35498E+16,5.24956E+16
207461,11,0,8,8,2018,11,7,5,3,2,2,1,0,1,0,0,0,0,0,8.00637E+20,5.81619E+21,1.34212E+16,5.24132E+16
207462,11,0,1,1,2018,11,12,5,3,6,4,0,0,1,1,0,0,0,0,7.98935E+20,5.82838E+21,1.34071E+16,5.25233E+16
207463,11,0,12,12,2018,11,19,5,3,5,2,2,0,1,0,0,0,0,0,7.92354E+20,5.83406E+21,1.33154E+16,5.25778E+16
207464,11,0,5,5,2018,11,18,2,3,4,1,1,0,1,0,0,0,0,1,7.87171E+20,5.83067E+21,1.32362E+16,5.25502E+16
207465,11,0,7,7,2018,11,12,5,3,1,5,0,1,1,0,0,0,0,0,7.97147E+20,5.82386E+21,1.33768E+16,5.24838E+16
207466,11,0,4,4,2018,11,12,5,3,5,3,0,1,1,0,0,0,0,0,7.91779E+20,5.82747E+21,1.33012E+16,5.25191E+16
207467,11,0,5,5,2018,11,18,2,3,2,6,2,0,1,0,0,0,0,1,7.8534E+20,5.8282E+21,1.32072E+16,5.2529E+16
207468,11,0,9,9,2018,11,12,5,3,2,6,0,0,1,0,0,0,0,0,8.10835E+20,5.8185E+21,1.35728E+16,5.24281E+16
207469,11,0,2,2,2018,11,7,6,3,5,2,0,1,0,0,0,1,0,0,8.00138E+20,5.82576E+21,1.34225E+16,5.24992E+16
207470,11,0,11,11,2018,11,18,5,2,6,4,2,0,1,1,0,0,0,0,8.05959E+20,5.82619E+21,1.35083E+16,5.24998E+16
207471,11,0,8,8,2018,11,17,4,2,6,7,2,0,1,1,0,0,0,0,8.02021E+20,5.82329E+21,1.34479E+16,5.24761E+16
207472,11,0,4,4,2018,11,17,5,3,5,2,2,0,1,0,1,0,0,0,7.92079E+20,5.82857E+21,1.33065E+16,5.25287E+16
207473,11,0,4,4,2018,11,12,5,3,1,5,0,1,1,0,0,0,0,0,7.91803E+20,5.8252E+21,1.32995E+16,5.24987E+16
207474,11,0,10,10,2018,11,16,2,3,5,3,2,0,1,0,0,0,0,1,8.12173E+20,5.83098E+21,1.36041E+16,5.25392E+16
207475,11,0,9,9,2018,11,11,5,3,0,7,0,1,1,0,0,0,0,0,8.10842E+20,5.81846E+21,1.35728E+16,5.24278E+16
207476,11,0,11,11,2018,11,10,5,3,5,3,0,0,1,0,0,0,1,0,8.05161E+20,5.82772E+21,1.3498E+16,5.2514E+16
207477,11,0,1,1,2018,11,9,5,3,0,1,0,0,0,0,1,0,0,0,7.98119E+20,5.82934E+21,1.3396E+16,5.25324E+16
207478,11,0,7,7,2018,11,9,5,3,2,2,0,0,1,0,0,0,0,0,7.96468E+20,5.82488E+21,1.33678E+16,5.24933E+16
207479,11,0,4,4,2018,11,15,2,3,5,2,0,0,1,0,0,0,1,1,7.9085E+20,5.82381E+21,1.32843E+16,5.24868E+16
207480,11,0,2,2,2018,11,9,5,3,5,3,0,1,1,0,0,0,0,0,7.9844E+20,5.82652E+21,1.33982E+16,5.2507E+16
207481,11,0,7,7,2018,11,8,5,3,2,6,0,0,1,0,0,0,0,0,7.94477E+20,5.82545E+21,1.3339E+16,5.24995E+16
207482,11,0,12,12,2018,11,14,2,3,6,4,0,0,1,1,0,0,0,1,7.92511E+20,5.83438E+21,1.3318E+16,5.25806E+16
207483,11,0,4,4,2018,11,8,5,3,1,5,0,1,1,0,0,0,0,0,7.94368E+20,5.82567E+21,1.33376E+16,5.25015E+16
207484,11,0,7,7,2018,11,19,5,3,2,6,2,1,1,0,0,0,0,0,7.94972E+20,5.82396E+21,1.3345E+16,5.24859E+16
207485,11,0,2,2,2018,11,8,5,3,5,2,0,1,1,0,0,0,0,0,8.01941E+20,5.8262E+21,1.34493E+16,5.25021E+16
207486,11,0,1,1,2018,11,16,4,2,5,3,2,0,1,0,1,0,0,0,7.93354E+20,5.82906E+21,1.33257E+16,5.25325E+16
207487,11,0,7,7,2018,11,8,5,3,0,2,0,1,0,0,0,0,1,0,7.95407E+20,5.821E+21,1.33487E+16,5.24591E+16
207488,11,0,8,8,2018,11,14,2,3,5,7,0,0,1,0,0,0,0,1,8.01449E+20,5.81816E+21,1.34348E+16,5.24303E+16
207489,11,0,9,9,2018,11,7,5,3,5,3,0,1,1,0,0,0,0,1,8.11072E+20,5.81566E+21,1.35736E+16,5.24026E+16
207490,11,0,3,3,2018,11,14,2,3,5,2,0,1,1,0,0,0,0,1,7.99875E+20,5.8356E+21,1.34275E+16,5.25876E+16
207491,11,0,2,2,2018,11,6,5,3,2,3,1,1,1,0,0,0,0,0,7.98427E+20,5.82479E+21,1.33964E+16,5.24914E+16
207492,11,0,1,1,2018,11,13,2,2,0,1,0,1,0,0,0,0,0,1,7.9959E+20,5.82848E+21,1.34169E+16,5.25239E+16
207493,11,0,7,7,2018,11,12,5,3,2,7,0,0,1,0,1,0,0,0,7.95822E+20,5.81562E+21,1.33501E+16,5.24107E+16
207494,11,0,12,12,2018,11,13,2,3,5,3,0,0,1,0,0,0,0,1,7.93431E+20,5.83346E+21,1.33307E+16,5.25718E+16
207495,11,0,9,9,2018,11,5,5,3,8,1,2,0,1,0,0,0,0,1,8.09056E+20,5.8207E+21,1.35487E+16,5.24489E+16
207496,11,0,6,6,2018,11,13,2,3,5,3,0,1,1,0,0,0,0,1,7.96228E+20,5.81702E+21,1.33573E+16,5.2423E+16
207497,11,0,12,12,2018,11,17,5,3,6,7,2,1,0,1,0,0,0,0,7.89464E+20,5.83973E+21,1.32778E+16,5.26302E+16
207498,11,0,2,2,2018,11,0,5,3,2,6,2,0,1,0,0,0,0,0,8.00739E+20,5.82653E+21,1.3432E+16,5.25058E+16
207499,11,0,12,12,2018,11,13,2,3,5,2,0,1,1,0,0,0,0,1,7.9344E+20,5.8361E+21,1.33332E+16,5.25955E+16
207500,11,0,1,1,2018,11,21,4,2,2,6,2,0,1,0,0,0,0,0,7.94542E+20,5.82909E+21,1.33432E+16,5.25321E+16
207501,11,0,1,1,2018,11,12,2,3,1,5,0,0,1,0,0,0,1,0,7.94853E+20,5.82899E+21,1.33477E+16,5.2531E+16
207502,11,0,4,4,2018,11,20,4,2,0,7,2,0,1,0,1,0,0,0,7.92334E+20,5.82572E+21,1.33078E+16,5.2503E+16
207503,11,0,1,1,2018,11,19,4,3,6,4,2,0,1,1,0,0,0,0,7.97913E+20,5.82727E+21,1.33911E+16,5.2514E+16
207504,11,0,10,10,2018,11,13,2,3,2,6,0,0,1,0,0,0,0,1,8.13084E+20,5.82658E+21,1.36133E+16,5.24993E+16
207505,11,0,6,6,2018,11,8,5,3,5,3,0,1,1,0,0,0,0,0,7.94125E+20,5.82062E+21,1.33296E+16,5.24563E+16
207506,11,0,2,2,2018,11,19,4,3,3,6,2,1,1,0,0,0,0,0,8.03054E+20,5.82572E+21,1.34652E+16,5.24972E+16
207507,11,0,1,1,2018,11,12,2,3,0,6,0,0,1,0,0,0,1,1,7.97614E+20,5.82922E+21,1.33885E+16,5.25316E+16
207508,11,0,1,1,2018,11,7,4,3,0,6,2,1,0,0,0,0,1,0,7.9674E+20,5.82966E+21,1.3376E+16,5.2536E+16
207509,11,0,4,4,2018,11,19,4,3,1,5,2,1,1,0,0,0,0,1,7.94282E+20,5.82552E+21,1.33362E+16,5.25002E+16
207510,11,0,6,6,2018,11,12,2,3,0,7,0,0,1,0,0,0,0,1,7.92657E+20,5.8211E+21,1.33085E+16,5.24615E+16
207511,11,0,4,4,2018,11,17,4,3,3,6,2,0,1,0,1,0,0,0,7.91927E+20,5.82612E+21,1.33022E+16,5.25068E+16
207512,11,0,6,6,2018,11,9,2,3,2,6,0,0,1,0,0,0,0,0,7.95197E+20,5.82118E+21,1.33458E+16,5.24608E+16
207513,11,0,7,7,2018,11,17,4,2,1,5,2,0,1,0,1,0,0,0,7.97452E+20,5.8187E+21,1.33767E+16,5.24373E+16
207514,11,0,11,11,2018,11,17,4,3,5,2,2,0,0,0,1,0,0,1,8.05089E+20,5.83462E+21,1.35033E+16,5.25758E+16
207515,11,0,3,3,2018,11,9,2,2,2,6,0,0,1,0,1,0,1,1,7.99708E+20,5.83411E+21,1.34237E+16,5.25743E+16
207516,11,0,8,8,2018,11,8,4,3,1,5,0,1,1,0,0,0,0,0,8.03598E+20,5.82166E+21,1.34695E+16,5.24605E+16
207517,11,0,3,3,2018,11,17,4,3,5,3,2,1,1,0,0,0,0,0,8.00027E+20,5.83042E+21,1.3425E+16,5.2541E+16
207518,11,0,7,7,2018,11,16,4,2,1,5,2,0,1,0,1,0,0,1,7.94989E+20,5.82227E+21,1.33437E+16,5.24707E+16
207519,11,0,8,8,2018,11,9,2,3,0,5,0,0,1,0,0,0,0,1,8.0033E+20,5.82488E+21,1.34245E+16,5.24912E+16
207520,11,0,9,9,2018,11,18,4,3,0,1,2,1,0,0,0,0,0,1,8.0959E+20,5.8231E+21,1.35588E+16,5.24701E+16
207521,11,0,1,1,2018,11,16,4,3,5,3,1,1,0,0,0,0,1,0,7.97683E+20,5.82878E+21,1.33891E+16,5.25276E+16
207522,11,0,5,5,2018,11,9,2,3,2,2,0,0,1,0,0,0,1,0,7.85294E+20,5.83241E+21,1.32101E+16,5.25668E+16
207523,11,0,7,7,2018,11,15,4,2,5,3,0,1,1,0,0,0,0,0,7.97732E+20,5.8154E+21,1.33779E+16,5.24077E+16
207524,11,0,3,3,2018,11,19,5,3,6,2,2,0,1,1,0,0,0,0,8.01727E+20,5.8301E+21,1.34497E+16,5.25372E+16
207525,11,0,7,7,2018,11,14,4,3,5,3,0,1,1,0,0,0,0,0,7.95496E+20,5.82484E+21,1.33535E+16,5.24934E+16
207526,11,0,6,6,2018,11,8,2,2,0,3,0,1,0,0,0,0,1,0,7.92248E+20,5.81866E+21,1.33003E+16,5.24399E+16
207527,11,0,12,12,2018,11,18,4,2,2,2,1,0,1,0,0,0,0,0,7.93954E+20,5.8353E+21,1.33401E+16,5.25881E+16
207528,11,0,10,10,2018,11,12,6,3,5,3,0,0,1,0,0,0,0,1,8.12694E+20,5.82766E+21,1.36086E+16,5.25092E+16
207529,11,0,2,2,2018,11,18,4,3,2,6,0,0,1,0,0,0,0,0,7.98307E+20,5.82548E+21,1.33953E+16,5.24977E+16
207530,11,0,11,11,2018,11,18,4,2,0,1,2,0,1,0,0,0,0,1,8.07221E+20,5.82405E+21,1.35249E+16,5.24799E+16
207531,11,0,2,2,2018,11,15,4,3,5,7,1,1,1,0,0,0,0,1,8.03147E+20,5.82573E+21,1.34666E+16,5.24973E+16
207532,11,0,1,1,2018,11,17,4,3,5,7,1,1,1,0,0,0,0,0,7.98323E+20,5.82791E+21,1.33977E+16,5.25195E+16
207533,11,0,3,3,2018,11,9,2,3,5,2,0,1,0,0,0,0,1,1,7.99684E+20,5.82925E+21,1.34189E+16,5.25307E+16
207534,11,0,1,1,2018,11,12,4,3,1,5,0,1,0,0,0,0,1,0,7.98388E+20,5.82758E+21,1.33984E+16,5.25165E+16
207535,11,0,8,8,2018,11,7,4,3,2,2,0,0,1,0,0,0,0,1,8.04344E+20,5.81831E+21,1.34774E+16,5.24301E+16
207536,11,0,5,5,2018,11,17,2,3,0,7,2,0,0,0,1,0,0,1,7.84683E+20,5.82854E+21,1.31978E+16,5.25324E+16
207537,11,0,6,6,2018,11,7,4,3,5,2,0,0,1,0,0,0,0,1,7.84859E+20,5.81753E+21,1.3191E+16,5.24336E+16
207538,11,0,4,4,2018,11,17,2,3,2,6,2,1,1,0,0,0,0,0,7.93984E+20,5.82405E+21,1.33305E+16,5.24872E+16
207539,11,0,6,6,2018,11,18,5,3,1,5,2,1,1,0,0,0,0,0,7.92619E+20,5.81522E+21,1.33028E+16,5.24087E+16
207540,11,0,1,1,2018,11,6,4,3,1,5,1,1,1,0,0,0,0,0,7.95226E+20,5.82934E+21,1.33535E+16,5.2534E+16
207541,11,0,3,3,2018,11,9,4,3,6,4,0,0,0,1,1,0,0,0,8.00707E+20,5.82987E+21,1.34345E+16,5.25357E+16
207542,11,0,10,10,2018,11,5,4,3,3,6,2,0,1,0,1,0,0,1,8.09938E+20,5.8318E+21,1.3572E+16,5.25479E+16
207543,11,0,11,11,2018,11,17,4,3,5,2,2,1,1,0,0,0,0,0,8.07339E+20,5.82507E+21,1.35276E+16,5.2489E+16
207544,11,0,3,3,2018,11,13,4,3,5,2,0,0,0,0,1,0,1,0,7.9934E+20,5.83067E+21,1.34151E+16,5.25436E+16
207545,11,0,8,8,2018,11,7,2,3,5,3,1,1,1,0,0,0,0,0,8.06305E+20,5.81806E+21,1.3506E+16,5.24268E+16
207546,11,0,4,4,2018,11,14,4,3,2,6,0,0,1,0,0,0,0,0,7.9414E+20,5.82527E+21,1.33339E+16,5.2498E+16
207547,11,0,2,2,2018,11,11,4,3,5,3,0,1,1,0,0,0,0,0,8.00143E+20,5.82508E+21,1.34219E+16,5.24931E+16
207548,11,0,10,10,2018,11,7,2,3,5,3,1,1,1,0,0,0,0,0,8.12499E+20,5.82488E+21,1.36031E+16,5.24844E+16
207549,11,0,5,5,2018,11,10,4,3,3,6,0,0,1,0,0,0,0,1,7.86963E+20,5.82958E+21,1.32322E+16,5.25405E+16
207550,11,0,8,8,2018,11,17,2,3,6,4,2,1,0,1,0,0,1,0,8.00863E+20,5.82237E+21,1.343E+16,5.24684E+16
207551,11,0,5,5,2018,11,15,5,3,5,2,0,0,1,0,0,0,0,0,7.83247E+20,5.83029E+21,1.31782E+16,5.25488E+16
207552,11,0,1,1,2018,11,10,4,3,5,5,0,1,1,0,0,0,0,1,7.99396E+20,5.82634E+21,1.34121E+16,5.25048E+16
207553,11,0,3,3,2018,11,6,2,3,0,3,2,0,0,0,1,0,1,0,8.00424E+20,5.83373E+21,1.34339E+16,5.25705E+16
207554,11,0,7,7,2018,11,9,4,3,5,3,0,1,1,0,0,0,0,1,7.9633E+20,5.82509E+21,1.33659E+16,5.24953E+16
207555,11,0,3,3,2018,11,5,2,3,5,3,2,0,1,0,0,0,0,1,8.02753E+20,5.8327E+21,1.34672E+16,5.256E+16
207556,11,0,1,1,2018,11,6,4,2,6,2,2,0,1,1,0,0,0,1,7.98611E+20,5.82702E+21,1.34012E+16,5.25113E+16
207557,11,0,6,6,2018,11,8,4,3,2,6,0,0,1,0,0,0,0,1,7.81969E+20,5.81547E+21,1.31468E+16,5.24166E+16
207558,11,0,7,7,2018,11,17,2,3,2,6,2,0,1,0,0,0,0,1,7.94673E+20,5.82391E+21,1.33405E+16,5.24856E+16
207559,11,0,12,12,2018,11,4,2,2,5,7,2,0,1,0,1,0,0,1,7.90605E+20,5.8337E+21,1.32894E+16,5.25756E+16
207560,11,0,1,1,2018,11,8,4,3,2,6,0,0,1,0,0,0,0,1,7.96859E+20,5.83239E+21,1.33802E+16,5.25604E+16
207561,11,0,1,1,2018,11,3,2,3,0,3,2,0,1,0,1,0,0,1,7.97829E+20,5.83076E+21,1.3393E+16,5.25453E+16
207562,11,0,8,8,2018,11,8,4,3,2,6,0,0,1,0,0,0,0,1,8.0393E+20,5.81752E+21,1.34706E+16,5.24232E+16
207563,11,0,7,7,2018,11,3,2,3,1,7,2,0,1,0,0,0,0,1,7.99953E+20,5.81458E+21,1.34097E+16,5.23991E+16
207564,11,0,10,10,2018,11,9,5,3,5,2,0,0,1,0,0,0,0,1,8.11289E+20,5.83156E+21,1.35916E+16,5.2545E+16
207565,11,0,1,1,2018,11,8,4,3,0,7,0,1,1,0,0,0,0,1,7.94274E+20,5.83047E+21,1.33405E+16,5.25446E+16
207566,11,0,10,10,2018,11,16,2,3,2,6,2,0,1,0,0,0,0,1,8.11318E+20,5.82847E+21,1.35892E+16,5.25172E+16
207567,11,0,5,5,2018,11,12,4,2,2,6,0,0,1,0,0,0,0,0,7.83597E+20,5.82758E+21,1.3181E+16,5.25244E+16
207568,11,0,5,5,2018,11,2,2,3,1,1,2,0,1,0,0,0,1,1,7.84775E+20,5.82698E+21,1.31978E+16,5.25184E+16
207569,11,0,9,9,2018,11,9,4,2,5,3,0,1,0,0,1,0,0,1,8.09667E+20,5.82154E+21,1.35585E+16,5.2456E+16
207570,11,0,11,11,2018,11,15,6,3,6,4,0,0,1,1,0,0,0,0,8.04961E+20,5.83049E+21,1.34976E+16,5.25389E+16
207571,11,0,5,5,2018,11,8,4,2,5,2,0,1,1,0,0,0,0,1,7.85752E+20,5.82927E+21,1.32141E+16,5.25384E+16
207572,11,0,1,1,2018,11,20,4,3,2,6,2,0,1,0,1,0,0,1,7.95188E+20,5.82586E+21,1.33498E+16,5.25028E+16
207573,11,0,12,12,2018,11,8,4,3,2,6,0,0,1,0,0,0,0,1,7.94374E+20,5.83623E+21,1.33471E+16,5.25962E+16
207574,11,0,6,6,2018,11,13,4,3,5,2,0,0,1,0,0,0,0,0,7.92939E+20,5.81777E+21,1.33097E+16,5.24315E+16
207575,11,0,9,9,2018,11,16,2,3,2,2,2,0,1,0,0,0,0,1,8.0959E+20,5.82311E+21,1.35588E+16,5.24701E+16
207576,11,0,10,10,2018,11,14,4,3,0,7,0,0,0,0,0,0,1,0,8.13905E+20,5.82879E+21,1.36275E+16,5.25186E+16
207577,11,0,3,3,2018,11,7,5,3,4,6,0,1,1,0,0,0,0,0,7.98043E+20,5.83477E+21,1.33998E+16,5.25811E+16
207578,11,0,4,4,2018,11,15,4,3,0,2,0,1,1,0,0,0,0,1,7.92434E+20,5.8272E+21,1.33106E+16,5.25162E+16
207579,11,0,1,1,2018,11,19,4,3,6,7,2,1,0,1,0,0,0,0,7.96315E+20,5.83082E+21,1.33708E+16,5.25467E+16
207580,11,0,1,1,2018,11,0,2,2,6,4,2,1,0,1,0,0,0,1,7.99499E+20,5.82886E+21,1.34159E+16,5.25274E+16
207581,11,0,2,2,2018,11,21,4,3,1,5,2,1,1,0,0,0,0,0,7.98098E+20,5.82455E+21,1.33914E+16,5.24895E+16
207582,11,0,7,7,2018,11,22,4,3,5,2,2,1,1,0,0,0,0,0,8.00166E+20,5.8215E+21,1.3419E+16,5.2461E+16
207583,11,0,3,3,2018,11,16,2,3,6,4,2,0,1,1,0,0,0,1,8.02262E+20,5.83266E+21,1.34599E+16,5.25598E+16
207584,11,0,9,9,2018,11,9,4,3,2,6,0,0,1,0,0,0,0,0,8.09063E+20,5.81876E+21,1.3547E+16,5.24314E+16
207585,11,0,3,3,2018,11,9,6,3,6,4,0,1,0,1,0,0,0,0,8.02263E+20,5.83266E+21,1.34599E+16,5.25598E+16
207586,11,0,6,6,2018,11,6,4,2,0,3,2,0,1,0,1,0,0,1,7.91316E+20,5.82166E+21,1.32893E+16,5.24672E+16
207587,11,0,6,6,2018,11,17,4,3,5,3,2,0,1,0,0,0,1,0,7.87245E+20,5.81835E+21,1.32267E+16,5.24397E+16
207588,11,0,12,12,2018,11,2,4,1,0,6,2,0,1,0,0,0,0,1,7.91651E+20,5.834E+21,1.3305E+16,5.25777E+16
207589,11,0,1,1,2018,11,16,3,3,6,4,0,0,0,1,0,0,1,0,7.97885E+20,5.82668E+21,1.33902E+16,5.25087E+16
207590,11,0,4,4,2018,11,16,2,3,5,3,0,0,1,0,1,0,0,0,7.93442E+20,5.82406E+21,1.33226E+16,5.24876E+16
207591,11,0,9,9,2018,11,6,3,3,0,2,2,1,1,0,0,0,0,0,8.10996E+20,5.82174E+21,1.35782E+16,5.24571E+16
207592,11,0,2,2,2018,11,17,3,3,0,7,2,1,0,0,0,0,0,1,7.98558E+20,5.82556E+21,1.33991E+16,5.24983E+16
207593,11,0,11,11,2018,11,15,2,2,6,4,1,0,1,1,0,0,0,1,8.05238E+20,5.83217E+21,1.35032E+16,5.25538E+16
207594,11,0,7,7,2018,11,17,3,3,6,2,2,0,1,1,0,0,0,0,7.97261E+20,5.82074E+21,1.33757E+16,5.24558E+16
207595,11,0,1,1,2018,11,15,2,3,5,2,1,0,1,0,0,0,0,1,7.96288E+20,5.8306E+21,1.33702E+16,5.25447E+16
207596,11,0,1,1,2018,11,9,3,3,6,2,0,0,1,1,0,0,0,1,7.98293E+20,5.82878E+21,1.33981E+16,5.25273E+16
207597,11,0,5,5,2018,11,15,2,3,5,2,0,1,1,0,0,0,0,1,7.81899E+20,5.82957E+21,1.31577E+16,5.25431E+16
207598,11,0,11,11,2018,11,7,3,3,5,2,0,0,1,0,0,0,1,1,8.06911E+20,5.83262E+21,1.35282E+16,5.25569E+16
207599,11,0,1,1,2018,11,20,5,3,2,6,2,1,1,0,0,0,0,0,7.97611E+20,5.82702E+21,1.33865E+16,5.25119E+16
207600,11,0,3,3,2018,11,21,3,3,5,3,2,1,1,0,0,0,0,1,7.98996E+20,5.82926E+21,1.34088E+16,5.25312E+16
207601,11,0,5,5,2018,11,16,4,3,2,6,2,0,1,0,1,0,0,0,7.87256E+20,5.82977E+21,1.32367E+16,5.25421E+16
207602,11,0,1,1,2018,11,21,3,3,5,3,2,0,1,0,0,0,0,1,7.92597E+20,5.82879E+21,1.33143E+16,5.25304E+16
207603,11,0,4,4,2018,11,14,2,3,1,5,0,0,1,0,0,0,0,0,7.90585E+20,5.8267E+21,1.32829E+16,5.25128E+16
207604,11,0,6,6,2018,11,20,3,3,1,3,2,0,1,0,1,0,0,1,7.96373E+20,5.8177E+21,1.336E+16,5.2429E+16
207605,11,0,5,5,2018,11,15,2,3,6,2,0,0,1,1,0,0,0,1,7.85047E+20,5.82892E+21,1.32035E+16,5.25356E+16
207606,11,0,11,11,2018,11,14,2,3,0,1,0,0,0,0,1,0,0,1,8.03802E+20,5.82667E+21,1.34771E+16,5.25053E+16
207607,11,0,11,11,2018,11,13,5,3,0,3,0,0,1,0,1,0,0,0,8.04998E+20,5.82657E+21,1.34946E+16,5.25037E+16
207608,11,0,7,7,2018,11,8,3,3,6,4,2,0,1,1,0,0,0,1,7.99628E+20,5.81397E+21,1.34044E+16,5.23938E+16
207609,11,0,9,9,2018,11,13,4,2,5,2,0,0,0,0,1,0,1,0,8.09941E+20,5.82162E+21,1.35626E+16,5.24566E+16