OBJECTID_1,ULAND,UREGBEZ,UKREIS,UGEMEINDE,UJAHR,UMONAT,USTUNDE,UWOCHENTAG,UKATEGORIE,UART,UTYP1,ULICHTVERH,IstRad,IstPKW,IstFuss,IstKrad,IstGkfz,IstSonstig,STRZUSTAND,LINREFX,LINREFY,XGCSWGS84,YGCSWGS84
207981,11,0,3,3,2018,12,16,5,3,0,1,2,0,0,0,1,0,0,1,7.99728E+20,5.82937E+21,1.34197E+16,5.25317E+16
207982,11,0,12,12,2018,12,16,3,3,1,5,2,0,1,0,0,0,1,1,7.91546E+20,5.83855E+21,1.33075E+16,5.26185E+16
207983,11,0,12,12,2018,12,16,5,3,5,3,2,0,1,0,1,0,0,1,7.92953E+20,5.8354E+21,1.33254E+16,5.25895E+16
207984,11,0,7,7,2018,12,18,4,3,5,2,2,0,1,0,1,0,0,0,7.97587E+20,5.81959E+21,1.33795E+16,5.24453E+16
207985,11,0,3,3,2018,12,16,3,3,5,2,2,1,1,0,0,0,0,1,7.98247E+20,5.83508E+21,1.34031E+16,5.25838E+16
207986,11,0,7,7,2018,12,17,5,3,5,2,2,1,1,0,0,0,0,0,7.97836E+20,5.82134E+21,1.33847E+16,5.24609E+16
207987,11,0,12,12,2018,12,16,5,3,6,4,2,0,1,1,0,0,0,1,7.96542E+20,5.83241E+21,1.33756E+16,5.25607E+16
207988,11,0,1,1,2018,12,15,3,3,5,2,2,1,1,0,0,0,0,1,7.94595E+20,5.83073E+21,1.33454E+16,5.25468E+16
207989,11,0,1,1,2018,12,17,5,3,6,2,2,0,1,1,0,0,0,1,7.99495E+20,5.82879E+21,1.34157E+16,5.25267E+16
207990,11,0,11,11,2018,12,15,3,3,5,7,1,0,1,0,0,0,0,1,8.05996E+20,5.82582E+21,1.35085E+16,5.24965E+16
207991,11,0,11,11,2018,12,17,5,3,0,2,2,0,1,1,0,0,0,1,8.0309E+20,5.82954E+21,1.34693E+16,5.25314E+16
207992,11,0,6,6,2018,12,18,5,2,6,4,2,0,1,1,0,0,0,0,7.92509E+20,5.81578E+21,1.33016E+16,5.24138E+16
207993,11,0,2,2,2018,12,15,3,3,5,3,1,0,1,0,0,0,0,1,7.99551E+20,5.82585E+21,1.34139E+16,5.25004E+16
207994,11,0,12,12,2018,12,18,5,2,6,2,2,0,1,1,0,0,0,1,7.94041E+20,5.83815E+21,1.33439E+16,5.26135E+16
207995,11,0,6,6,2018,12,14,3,3,0,7,0,0,1,0,1,0,0,1,7.95446E+20,5.81611E+21,1.3345E+16,5.24152E+16
207996,11,0,2,2,2018,12,18,5,2,6,2,2,0,1,1,0,0,0,1,8.01002E+20,5.82802E+21,1.34372E+16,5.2519E+16
207997,11,0,1,1,2018,12,14,3,3,6,2,0,0,1,1,0,0,0,1,7.96223E+20,5.82851E+21,1.33674E+16,5.2526E+16
207998,11,0,1,1,2018,12,16,5,3,1,5,2,0,0,0,0,0,1,1,7.98239E+20,5.83071E+21,1.3399E+16,5.25446E+16
207999,11,0,11,11,2018,12,8,3,3,2,6,0,0,1,0,0,0,1,1,8.0483E+20,5.83326E+21,1.34982E+16,5.25638E+16
208000,11,0,9,9,2018,12,17,5,2,6,4,2,0,1,1,0,0,0,1,8.08426E+20,5.82088E+21,1.35396E+16,5.24508E+16
208001,11,0,1,1,2018,12,19,5,2,3,6,2,0,1,0,1,0,0,1,7.95189E+20,5.82721E+21,1.33511E+16,5.25149E+16
208002,11,0,2,2,2018,12,9,3,3,6,4,0,0,0,1,0,0,1,1,7.97946E+20,5.82631E+21,1.33907E+16,5.25053E+16
208003,11,0,11,11,2018,12,14,3,3,0,1,0,0,0,0,1,0,0,1,8.04333E+20,5.82908E+21,1.34871E+16,5.25266E+16
208004,11,0,11,11,2018,12,15,5,3,5,3,1,0,1,0,0,0,0,0,8.05125E+20,5.83005E+21,1.34996E+16,5.25349E+16
208005,11,0,1,1,2018,12,9,3,3,6,4,0,0,1,1,0,0,0,1,7.93521E+20,5.82927E+21,1.33284E+16,5.25342E+16
208006,11,0,9,9,2018,12,14,3,3,2,6,0,0,1,0,0,0,0,1,8.1454E+20,5.82209E+21,1.36305E+16,5.24582E+16
208007,11,0,7,7,2018,12,20,5,2,5,2,2,0,1,0,1,0,0,1,7.98892E+20,5.82121E+21,1.34001E+16,5.24591E+16
208008,11,0,1,1,2018,12,9,3,3,1,5,0,1,1,0,0,0,0,1,7.98479E+20,5.82898E+21,1.3401E+16,5.25289E+16
208009,11,0,11,11,2018,12,9,3,3,5,3,0,1,1,0,0,0,0,1,8.05526E+20,5.82599E+21,1.35018E+16,5.24982E+16
208010,11,0,6,6,2018,12,17,5,3,2,6,2,0,1,0,0,0,0,1,7.90293E+20,5.81481E+21,1.32683E+16,5.24063E+16
208011,11,0,4,4,2018,12,10,3,3,6,7,0,0,1,1,0,0,0,1,7.93786E+20,5.82574E+21,1.33291E+16,5.25025E+16
208012,11,0,12,12,2018,12,17,5,3,1,5,2,0,1,0,0,0,0,1,7.91897E+20,5.83541E+21,1.33099E+16,5.25902E+16
208013,11,0,9,9,2018,12,12,3,3,2,6,0,0,1,0,0,0,0,1,8.12101E+20,5.82096E+21,1.35936E+16,5.24494E+16
208014,11,0,10,10,2018,12,19,5,3,2,6,2,0,1,0,0,0,0,1,8.0984E+20,5.83098E+21,1.35698E+16,5.25405E+16
208015,11,0,7,7,2018,12,13,3,2,5,3,0,0,1,0,0,0,0,1,7.95091E+20,5.82162E+21,1.33447E+16,5.24649E+16
208016,11,0,8,8,2018,12,15,5,3,2,6,1,0,1,0,0,0,0,0,8.0015E+20,5.82364E+21,1.34207E+16,5.24802E+16
208017,11,0,2,2,2018,12,13,3,3,2,6,0,1,0,0,0,0,1,1,8.01413E+20,5.82642E+21,1.34418E+16,5.25044E+16
208018,11,0,3,3,2018,12,14,3,3,5,2,0,0,1,0,0,0,0,1,8.00021E+20,5.83342E+21,1.34276E+16,5.25679E+16
208019,11,0,8,8,2018,12,18,5,3,2,6,2,0,1,0,0,0,1,1,8.02577E+20,5.82074E+21,1.34537E+16,5.24528E+16
208020,11,0,1,1,2018,12,14,3,3,5,3,0,0,1,0,0,0,0,1,7.96154E+20,5.83227E+21,1.33697E+16,5.25598E+16
208021,11,0,10,10,2018,12,7,3,3,6,4,1,0,1,1,0,0,0,1,8.1053E+20,5.82496E+21,1.35743E+16,5.24862E+16
208022,11,0,5,5,2018,12,21,6,3,5,3,2,0,1,0,0,0,0,1,7.83051E+20,5.82606E+21,1.31717E+16,5.2511E+16
208023,11,0,1,1,2018,12,18,5,3,0,7,2,0,1,0,0,0,1,0,7.9643E+20,5.82861E+21,1.33705E+16,5.25268E+16
208024,11,0,3,3,2018,12,7,3,3,6,2,1,0,1,1,0,0,0,1,8.03363E+20,5.83255E+21,1.3476E+16,5.25583E+16
208025,11,0,11,11,2018,12,13,5,3,5,3,0,1,0,0,0,0,1,0,8.02953E+20,5.83097E+21,1.34685E+16,5.25444E+16
208026,11,0,3,3,2018,12,19,5,3,0,4,2,0,0,1,0,0,1,1,7.99E+20,5.83009E+21,1.34096E+16,5.25386E+16
208027,11,0,12,12,2018,12,6,3,3,6,2,2,0,1,1,0,0,0,1,7.95433E+20,5.83416E+21,1.33608E+16,5.2577E+16
208028,11,0,1,1,2018,12,21,5,3,5,2,2,0,1,0,0,0,0,1,7.99241E+20,5.82847E+21,1.34117E+16,5.2524E+16
208029,11,0,3,3,2018,12,7,3,3,6,4,1,0,1,1,0,0,0,1,8.00653E+20,5.83217E+21,1.34358E+16,5.25564E+16
208030,11,0,3,3,2018,12,12,5,3,5,3,0,0,1,0,0,0,0,0,8.02864E+20,5.83828E+21,1.34739E+16,5.26099E+16
208031,11,0,11,11,2018,12,7,3,3,1,5,2,0,1,0,0,0,0,1,8.04908E+20,5.82753E+21,1.34941E+16,5.25124E+16
208032,11,0,4,4,2018,12,12,5,3,6,2,0,0,1,1,0,0,0,0,7.92869E+20,5.82466E+21,1.33147E+16,5.24933E+16
208033,11,0,12,12,2018,12,14,3,3,6,2,0,0,1,1,0,0,0,1,7.93384E+20,5.83315E+21,1.33298E+16,5.25691E+16
208034,11,0,2,2,2018,12,17,3,3,1,5,2,1,1,0,0,0,0,1,8.01383E+20,5.8261E+21,1.3441E+16,5.25015E+16
208035,11,0,8,8,2018,12,10,5,3,5,3,0,0,1,0,0,0,1,0,8.0152E+20,5.81735E+21,1.34352E+16,5.24231E+16
208036,11,0,4,4,2018,12,16,6,3,2,2,2,0,1,0,0,0,1,1,7.9157E+20,5.82653E+21,1.32973E+16,5.25107E+16
208037,11,0,1,1,2018,12,13,5,3,3,6,0,0,1,0,0,0,1,0,7.94789E+20,5.82831E+21,1.33461E+16,5.2525E+16
208038,11,0,12,12,2018,12,17,3,3,3,6,2,0,1,0,0,1,0,1,7.93302E+20,5.83258E+21,1.33281E+16,5.25641E+16
208039,11,0,5,5,2018,12,10,5,3,6,4,0,0,1,1,0,0,0,1,7.8737E+20,5.83007E+21,1.32386E+16,5.25447E+16
208040,11,0,2,2,2018,12,10,5,3,1,5,0,1,1,0,0,0,0,0,8.00791E+20,5.8265E+21,1.34327E+16,5.25054E+16
208041,11,0,3,3,2018,12,17,4,3,5,3,2,0,1,0,0,0,0,0,8.00112E+20,5.83169E+21,1.34274E+16,5.25524E+16
208042,11,0,1,1,2018,12,17,3,3,6,4,2,0,1,1,0,0,0,1,7.96982E+20,5.82875E+21,1.33788E+16,5.25277E+16
208043,11,0,1,1,2018,12,9,5,3,6,2,0,1,0,1,0,0,0,0,7.97637E+20,5.82831E+21,1.3388E+16,5.25234E+16
208044,11,0,11,11,2018,12,18,3,3,1,5,2,1,0,0,0,1,1,1,8.0428E+20,5.82795E+21,1.34853E+16,5.25165E+16
208045,11,0,7,7,2018,12,16,6,3,6,4,2,0,1,1,0,0,0,1,7.96542E+20,5.82486E+21,1.33688E+16,5.24931E+16
208046,11,0,1,1,2018,12,8,5,3,2,6,0,1,1,0,0,0,0,0,7.97921E+20,5.82657E+21,1.33906E+16,5.25077E+16
208047,11,0,10,10,2018,12,17,3,3,6,4,2,0,1,1,0,0,0,1,8.10964E+20,5.83092E+21,1.35863E+16,5.25394E+16
208048,11,0,6,6,2018,12,18,2,3,1,5,2,1,1,0,0,0,0,0,7.94291E+20,5.82156E+21,1.33329E+16,5.24647E+16
208049,11,0,2,2,2018,12,8,5,3,0,3,0,1,1,0,0,0,0,0,8.00292E+20,5.82763E+21,1.34264E+16,5.25159E+16
208050,11,0,1,1,2018,12,18,2,3,5,3,2,0,1,0,1,0,0,1,7.96947E+20,5.82678E+21,1.33765E+16,5.25101E+16
208051,11,0,7,7,2018,12,7,5,2,5,2,0,0,1,0,0,0,0,0,7.9541E+20,5.82098E+21,1.33488E+16,5.24589E+16
208052,11,0,10,10,2018,12,7,6,3,6,6,2,1,1,1,0,0,0,1,8.10011E+20,5.8323E+21,1.35735E+16,5.25523E+16
208053,11,0,3,3,2018,12,5,4,3,5,2,2,1,1,0,0,0,0,0,8.00249E+20,5.83135E+21,1.34291E+16,5.25492E+16
208054,11,0,7,7,2018,12,18,2,3,5,2,2,1,1,0,0,0,0,1,7.96014E+20,5.82498E+21,1.33612E+16,5.24944E+16
208055,11,0,10,10,2018,12,13,4,3,2,6,0,0,1,0,0,0,0,0,8.09656E+20,5.82966E+21,1.35659E+16,5.25289E+16
208056,11,0,9,9,2018,12,15,4,3,0,2,0,1,1,0,0,0,0,0,8.09479E+20,5.81872E+21,1.35531E+16,5.24309E+16
208057,11,0,1,1,2018,12,18,2,3,0,2,2,1,1,0,0,0,0,1,7.97453E+20,5.82684E+21,1.3384E+16,5.25104E+16
208058,11,0,11,11,2018,12,15,4,3,5,7,0,0,1,0,0,0,1,0,8.07037E+20,5.82352E+21,1.35217E+16,5.24753E+16
208059,11,0,1,1,2018,12,18,2,3,3,6,2,0,1,0,1,0,0,1,7.94581E+20,5.8286E+21,1.33433E+16,5.25276E+16
208060,11,0,11,11,2018,12,16,6,2,6,4,2,0,0,1,0,0,1,1,8.04472E+20,5.82574E+21,1.34861E+16,5.24967E+16
208061,11,0,4,4,2018,12,15,4,3,2,6,0,0,1,0,1,0,0,0,7.8997E+20,5.82514E+21,1.32726E+16,5.24991E+16
208062,11,0,4,4,2018,12,16,2,3,6,3,1,0,1,1,0,0,0,1,7.93933E+20,5.82516E+21,1.33308E+16,5.24972E+16
208063,11,0,1,1,2018,12,14,4,2,1,5,0,0,1,0,0,0,1,0,7.97085E+20,5.82688E+21,1.33786E+16,5.25109E+16
208064,11,0,12,12,2018,12,16,6,3,0,3,2,0,0,0,0,0,1,1,7.89664E+20,5.83966E+21,1.32807E+16,5.26294E+16
208065,11,0,8,8,2018,12,16,2,3,2,6,2,0,1,0,0,0,0,0,8.00842E+20,5.82255E+21,1.34299E+16,5.247E+16
208066,11,0,1,1,2018,12,14,4,3,6,4,0,1,0,1,0,0,0,0,7.96964E+20,5.82695E+21,1.33769E+16,5.25116E+16
208067,11,0,10,10,2018,12,13,4,3,5,3,0,1,1,0,0,0,0,0,8.12387E+20,5.82461E+21,1.36012E+16,5.2482E+16
208068,11,0,12,12,2018,12,16,2,3,5,3,2,0,1,0,0,0,0,1,7.96596E+20,5.83359E+21,1.33774E+16,5.25713E+16
208069,11,0,8,8,2018,12,12,4,3,3,6,0,0,1,0,1,0,0,0,8.00879E+20,5.82146E+21,1.34295E+16,5.24602E+16
208070,11,0,4,4,2018,12,12,4,2,5,3,0,0,1,0,1,0,0,0,7.92116E+20,5.83068E+21,1.33089E+16,5.25476E+16
208071,11,0,12,12,2018,12,15,2,3,2,2,0,0,1,0,0,0,0,0,7.92224E+20,5.83372E+21,1.33132E+16,5.25748E+16
208072,11,0,11,11,2018,12,15,2,3,6,4,1,1,0,1,0,0,0,1,8.03495E+20,5.82663E+21,1.34725E+16,5.25051E+16
208073,11,0,3,3,2018,12,12,4,3,1,5,0,1,1,0,0,0,0,0,8.03434E+20,5.83743E+21,1.34815E+16,5.2602E+16
208074,11,0,7,7,2018,12,15,2,2,6,4,2,0,1,1,0,0,0,0,7.96642E+20,5.82347E+21,1.33691E+16,5.24806E+16
208075,11,0,9,9,2018,12,17,2,2,6,4,2,0,1,1,0,0,0,1,8.07622E+20,5.8222E+21,1.35291E+16,5.24631E+16
208076,11,0,10,10,2018,12,11,4,3,6,3,0,0,1,1,0,0,0,0,8.08403E+20,5.83121E+21,1.35489E+16,5.25434E+16
208077,11,0,12,12,2018,12,18,2,3,0,3,2,0,1,0,0,0,1,1,7.95131E+20,5.83634E+21,1.33583E+16,5.25968E+16
208078,11,0,5,5,2018,12,10,4,3,1,5,0,0,1,0,0,0,0,0,7.84648E+20,5.82795E+21,1.31968E+16,5.25271E+16
208079,11,0,1,1,2018,12,16,2,3,2,2,0,0,1,0,0,0,0,1,7.97342E+20,5.83121E+21,1.33863E+16,5.25496E+16
208080,11,0,7,7,2018,12,10,4,3,6,7,0,0,1,1,0,0,0,0,7.95011E+20,5.82327E+21,1.33449E+16,5.24797E+16
208081,11,0,7,7,2018,12,16,2,3,2,6,2,0,1,0,0,0,0,1,7.93439E+20,5.82242E+21,1.33211E+16,5.24729E+16
208082,11,0,6,6,2018,12,14,2,3,5,3,0,0,1,0,0,0,1,0,7.94583E+20,5.81916E+21,1.3335E+16,5.2443E+16
208083,11,0,12,12,2018,12,10,4,3,5,3,0,1,1,0,0,0,0,1,7.91221E+20,5.83995E+21,1.33039E+16,5.26313E+16
208084,11,0,8,8,2018,12,13,2,3,5,7,0,0,1,0,0,0,0,0,8.01362E+20,5.82395E+21,1.34388E+16,5.24823E+16
208085,11,0,2,2,2018,12,19,2,3,5,3,2,1,0,0,0,0,0,1,7.99915E+20,5.82598E+21,1.34194E+16,5.25013E+16
208086,11,0,2,2,2018,12,22,2,3,5,3,2,0,1,0,0,0,0,1,7.98599E+20,5.82558E+21,1.33997E+16,5.24984E+16
208087,11,0,7,7,2018,12,14,2,2,5,3,0,0,1,0,0,0,0,1,7.94945E+20,5.8254E+21,1.33459E+16,5.24988E+16
208088,11,0,2,2,2018,12,22,4,3,1,5,2,1,1,0,0,0,0,0,7.98953E+20,5.8248E+21,1.34042E+16,5.24912E+16
208089,11,0,5,5,2018,12,12,2,3,3,6,0,0,1,0,1,0,0,1,7.86963E+20,5.82933E+21,1.3232E+16,5.25383E+16
208090,11,0,3,3,2018,12,12,2,3,5,3,0,1,1,0,0,0,0,0,8.00605E+20,5.83142E+21,1.34344E+16,5.25497E+16
208091,11,0,4,4,2018,12,20,4,2,5,3,2,1,1,0,0,0,0,0,7.91958E+20,5.82526E+21,1.33019E+16,5.24992E+16
208092,11,0,4,4,2018,12,12,2,3,5,2,0,1,1,0,0,0,0,0,7.91581E+20,5.825E+21,1.32961E+16,5.24971E+16
208093,11,0,9,9,2018,12,10,4,3,1,5,0,0,1,0,0,0,0,0,8.09648E+20,5.81678E+21,1.35538E+16,5.24134E+16
208094,11,0,8,8,2018,12,10,2,3,1,5,0,1,1,0,0,0,0,0,8.01659E+20,5.82378E+21,1.3443E+16,5.24806E+16
208095,11,0,4,4,2018,12,9,4,2,5,2,0,0,1,0,1,0,0,0,7.90378E+20,5.82721E+21,1.32804E+16,5.25175E+16
208096,11,0,4,4,2018,12,10,2,3,2,7,0,0,1,0,0,0,0,0,7.92065E+20,5.82811E+21,1.33059E+16,5.25246E+16
208097,11,0,2,2,2018,12,18,4,3,0,1,2,0,0,0,1,0,0,1,7.98493E+20,5.82555E+21,1.33981E+16,5.24983E+16
208098,11,0,1,1,2018,12,10,2,3,5,3,0,1,0,0,0,0,1,0,7.99777E+20,5.82866E+21,1.34198E+16,5.25254E+16
208099,11,0,1,1,2018,12,9,4,3,5,2,0,1,1,0,0,0,0,0,7.95524E+20,5.82819E+21,1.33568E+16,5.25235E+16
208100,11,0,9,9,2018,12,16,6,3,6,2,2,0,1,1,0,0,0,1,8.06879E+20,5.82118E+21,1.35172E+16,5.24544E+16
208101,11,0,7,7,2018,12,18,4,3,0,2,2,0,1,0,1,0,0,0,7.9785E+20,5.82221E+21,1.33857E+16,5.24686E+16
208102,11,0,1,1,2018,12,9,2,3,6,7,0,0,0,1,1,0,0,1,7.97789E+20,5.82728E+21,1.33893E+16,5.25141E+16
208103,11,0,8,8,2018,12,9,4,3,1,5,0,1,1,0,0,0,0,0,8.02376E+20,5.82402E+21,1.34537E+16,5.24824E+16
208104,11,0,1,1,2018,12,18,4,3,3,2,2,0,1,0,0,0,1,0,7.97188E+20,5.82753E+21,1.33807E+16,5.25167E+16
208105,11,0,3,3,2018,12,15,6,3,5,2,2,1,1,0,0,0,0,1,7.98732E+20,5.83369E+21,1.34089E+16,5.25711E+16
208106,11,0,4,4,2018,12,9,4,3,2,6,0,0,1,0,0,0,0,0,7.88985E+20,5.82705E+21,1.32597E+16,5.25168E+16
208107,11,0,1,1,2018,12,9,2,3,1,5,0,1,0,0,0,1,0,0,7.99236E+20,5.82718E+21,1.34105E+16,5.25124E+16
208108,11,0,11,11,2018,12,9,4,3,5,2,0,1,0,0,0,1,0,0,8.05702E+20,5.83137E+21,1.35093E+16,5.25464E+16
208109,11,0,11,11,2018,12,9,4,3,5,3,0,1,1,0,0,0,0,0,8.0671E+20,5.83342E+21,1.3526E+16,5.25642E+16
208110,11,0,2,2,2018,12,9,2,3,5,2,0,1,0,0,0,0,1,0,8.00506E+20,5.82706E+21,1.3429E+16,5.25106E+16
208111,11,0,1,1,2018,12,18,4,3,2,6,2,0,1,0,0,0,0,1,8.002E+20,5.82685E+21,1.34243E+16,5.25089E+16
208112,11,0,12,12,2018,12,8,2,3,2,6,0,0,1,0,0,0,0,0,7.91422E+20,5.83878E+21,1.33059E+16,5.26206E+16
208113,11,0,2,2,2018,12,15,6,3,1,5,1,1,1,0,0,0,0,1,7.99631E+20,5.82508E+21,1.34144E+16,5.24934E+16
208114,11,0,10,10,2018,12,8,4,3,5,3,0,1,1,0,0,0,0,1,8.12929E+20,5.82971E+21,1.3614E+16,5.25274E+16
208115,11,0,1,1,2018,12,7,2,2,5,2,0,1,1,0,0,0,0,0,7.95592E+20,5.82581E+21,1.33557E+16,5.25021E+16
208116,11,0,9,9,2018,12,8,4,3,5,3,0,1,1,0,0,0,0,0,8.07822E+20,5.81887E+21,1.35289E+16,5.24332E+16
208117,11,0,4,4,2018,12,15,6,3,2,2,0,0,1,0,0,0,0,1,7.9301E+20,5.82339E+21,1.33157E+16,5.24819E+16
208118,11,0,12,12,2018,12,7,2,1,6,4,2,0,1,1,0,0,0,0,7.96765E+20,5.83366E+21,1.338E+16,5.25718E+16
208119,11,0,12,12,2018,12,8,4,3,5,2,0,1,1,0,0,0,0,1,7.94834E+20,5.83307E+21,1.3351E+16,5.25676E+16
208120,11,0,1,1,2018,12,7,4,3,5,3,0,0,1,0,0,0,1,0,7.94845E+20,5.83031E+21,1.33487E+16,5.25428E+16
208121,11,0,8,8,2018,12,6,2,3,2,6,2,0,1,0,0,0,0,0,8.00467E+20,5.82373E+21,1.34255E+16,5.24808E+16
208122,11,0,4,4,2018,12,17,4,3,5,2,2,0,1,0,0,0,0,0,7.92975E+20,5.82756E+21,1.33188E+16,5.25192E+16
208123,11,0,1,1,2018,12,23,1,3,2,6,2,0,1,0,0,0,0,0,7.99571E+20,5.82824E+21,1.34164E+16,5.25217E+16
208124,11,0,4,4,2018,12,14,6,3,5,2,0,1,1,0,0,0,0,1,7.93528E+20,5.82544E+21,1.33251E+16,5.25E+16
208125,11,0,3,3,2018,12,16,1,3,5,2,2,0,1,0,0,0,0,1,8.01338E+20,5.831E+21,1.34448E+16,5.25455E+16
208126,11,0,1,1,2018,12,17,4,3,5,2,2,1,0,0,0,0,1,0,7.9998E+20,5.82694E+21,1.34212E+16,5.25098E+16
208127,11,0,7,7,2018,12,22,1,3,1,5,2,0,1,0,0,1,0,1,7.95284E+20,5.82191E+21,1.33477E+16,5.24673E+16
208128,11,0,1,1,2018,12,14,6,2,8,1,0,0,0,0,0,0,1,1,7.96304E+20,5.82756E+21,1.33677E+16,5.25174E+16
208129,11,0,7,7,2018,12,7,4,3,0,1,0,0,1,0,1,0,0,1,7.99028E+20,5.8165E+21,1.33979E+16,5.24168E+16
208130,11,0,2,2,2018,12,20,1,3,5,3,2,1,0,0,0,0,1,1,7.99115E+20,5.82627E+21,1.34079E+16,5.25043E+16
208131,11,0,1,1,2018,12,13,6,3,3,6,0,1,1,0,0,0,0,1,7.96839E+20,5.83156E+21,1.33792E+16,5.2553E+16
208132,11,0,4,4,2018,12,18,1,2,6,4,2,0,1,1,0,0,0,1,7.93975E+20,5.82393E+21,1.33303E+16,5.24862E+16
208133,11,0,3,3,2018,12,16,4,2,6,4,1,1,0,1,0,0,0,0,7.98948E+20,5.83145E+21,1.34101E+16,5.25509E+16
208134,11,0,2,2,2018,12,4,4,2,6,2,2,0,1,1,0,0,0,0,7.99898E+20,5.82598E+21,1.34191E+16,5.25013E+16
208135,11,0,3,3,2018,12,18,1,2,2,6,1,0,1,0,1,0,0,1,7.99868E+20,5.82978E+21,1.34221E+16,5.25354E+16
208136,11,0,1,1,2018,12,17,1,3,3,2,2,0,1,0,0,0,0,1,7.95179E+20,5.8259E+21,1.33497E+16,5.25032E+16
208137,11,0,7,7,2018,12,15,4,3,5,2,1,0,1,0,0,0,0,0,7.9761E+20,5.81556E+21,1.33762E+16,5.24091E+16
208138,11,0,7,7,2018,12,15,1,3,5,3,1,0,1,0,0,0,0,1,7.98076E+20,5.81421E+21,1.33819E+16,5.23968E+16
208139,11,0,11,11,2018,12,14,1,3,6,7,0,0,0,1,0,0,1,0,8.03358E+20,5.83004E+21,1.34736E+16,5.25358E+16
208140,11,0,2,2,2018,12,19,6,3,5,7,2,0,1,0,0,0,0,1,8.01699E+20,5.82615E+21,1.34457E+16,5.25018E+16
208141,11,0,12,12,2018,12,16,4,3,6,4,1,0,1,1,0,0,0,0,7.95164E+20,5.8325E+21,1.33554E+16,5.25623E+16
208142,11,0,1,1,2018,12,11,1,2,6,4,0,0,1,1,0,0,0,1,7.94887E+20,5.83128E+21,1.33502E+16,5.25516E+16
208143,11,0,7,7,2018,12,9,4,3,2,6,0,0,1,0,0,0,0,1,7.99114E+20,5.81987E+21,1.34021E+16,5.24469E+16
208144,11,0,12,12,2018,12,13,6,2,2,4,0,0,1,1,1,0,0,1,7.93997E+20,5.83265E+21,1.33383E+16,5.25643E+16
208145,11,0,10,10,2018,12,5,1,3,0,7,2,0,1,0,0,0,0,1,8.0958E+20,5.82549E+21,1.35609E+16,5.24915E+16
208146,11,0,4,4,2018,12,16,4,3,1,5,0,1,1,0,0,0,0,0,7.9333E+20,5.82428E+21,1.33212E+16,5.24896E+16
208147,11,0,8,8,2018,12,4,1,3,5,3,2,0,1,0,0,0,0,1,8.02126E+20,5.81679E+21,1.34435E+16,5.24177E+16
208148,11,0,3,3,2018,12,7,4,3,5,2,1,1,1,0,0,0,0,0,8.0056E+20,5.83141E+21,1.34338E+16,5.25496E+16
208149,11,0,9,9,2018,12,13,6,2,9,1,0,0,1,0,0,0,0,1,8.0515E+20,5.82148E+21,1.34921E+16,5.2458E+16
208150,11,0,5,5,2018,12,1,1,2,6,4,2,0,1,1,0,0,0,1,7.86652E+20,5.82924E+21,1.32273E+16,5.25377E+16
208151,11,0,11,11,2018,12,7,4,3,5,2,2,1,1,0,0,0,0,1,8.06852E+20,5.83268E+21,1.35274E+16,5.25575E+16
208152,11,0,9,9,2018,12,1,1,3,1,5,2,0,1,0,0,0,0,1,8.097E+20,5.81913E+21,1.35567E+16,5.24345E+16
208153,11,0,2,2,2018,12,0,1,3,5,3,2,0,1,0,0,0,0,1,7.98794E+20,5.82493E+21,1.3402E+16,5.24925E+16
208154,11,0,6,6,2018,12,6,4,2,6,2,2,0,1,1,0,0,0,1,7.91907E+20,5.81894E+21,1.32956E+16,5.24426E+16
208155,11,0,9,9,2018,12,5,1,3,5,3,2,0,1,0,0,0,0,1,8.04111E+20,5.82436E+21,1.34795E+16,5.24844E+16
208156,11,0,4,4,2018,12,20,7,3,6,4,2,0,1,1,0,0,0,1,7.9177E+20,5.82517E+21,1.3299E+16,5.24984E+16
208157,11,0,10,10,2018,12,12,6,3,0,3,0,1,0,0,0,1,0,1,8.06585E+20,5.82809E+21,1.35193E+16,5.25165E+16
208158,11,0,4,4,2018,12,15,3,3,5,3,0,0,1,0,0,0,0,0,7.91497E+20,5.82925E+21,1.32986E+16,5.25351E+16
208159,11,0,12,12,2018,12,16,7,3,6,2,1,0,1,1,0,0,0,1,7.9191E+20,5.83151E+21,1.33066E+16,5.25552E+16
208160,11,0,6,6,2018,12,21,3,2,6,4,2,0,1,1,0,0,0,0,7.93197E+20,5.81979E+21,1.33152E+16,5.24494E+16
208161,11,0,3,3,2018,12,19,3,3,0,5,2,0,1,0,0,0,1,0,7.98796E+20,5.83107E+21,1.34075E+16,5.25476E+16
208162,11,0,2,2,2018,12,23,7,3,2,6,2,0,1,0,0,0,0,1,7.9872E+20,5.8247E+21,1.34007E+16,5.24905E+16
208163,11,0,8,8,2018,12,17,3,3,6,2,2,0,1,1,0,0,0,0,8.01039E+20,5.82207E+21,1.34324E+16,5.24657E+16
208164,11,0,4,4,2018,12,21,7,3,3,6,2,0,1,0,0,0,0,1,7.90348E+20,5.82566E+21,1.32786E+16,5.25036E+16
208165,11,0,1,1,2018,12,18,3,3,5,2,2,1,1,0,0,0,0,0,7.97244E+20,5.82909E+21,1.33829E+16,5.25307E+16
208166,11,0,6,6,2018,12,18,7,3,6,4,1,0,0,1,0,0,1,0,7.89486E+20,5.81764E+21,1.32589E+16,5.24321E+16