OBJECTID_1,ULAND,UREGBEZ,UKREIS,UGEMEINDE,UJAHR,UMONAT,USTUNDE,UWOCHENTAG,UKATEGORIE,UART,UTYP1,ULICHTVERH,IstRad,IstPKW,IstFuss,IstKrad,IstGkfz,IstSonstig,STRZUSTAND,LINREFX,LINREFY,XGCSWGS84,YGCSWGS84
208724,15,0,84,550,2018,1,12,5,3,5,3,0,0,1,0,0,0,0,0,7.06979E+20,5.67634E+21,1.19628E+16,5.12009E+16
208725,15,0,89,305,2018,1,16,5,3,5,2,0,0,1,0,0,0,0,1,6.87458E+20,5.76417E+21,1.17306E+16,5.19965E+16
208726,15,0,82,440,2018,1,21,5,2,8,6,2,0,1,1,0,0,0,1,7.11683E+20,5.72497E+21,1.20591E+16,5.16358E+16
208727,15,0,89,15,2018,2,14,5,2,6,4,0,0,1,1,0,0,0,0,6.70099E+20,5.73659E+21,1.14645E+16,5.17543E+16
208728,15,0,89,305,2018,1,10,5,2,0,5,0,1,1,0,0,0,0,1,6.87536E+20,5.7666E+21,1.17331E+16,5.20183E+16
208729,15,0,2,0,2018,1,17,7,3,0,4,2,0,0,1,0,0,1,0,7.06086E+20,5.70316E+21,1.19655E+16,5.14421E+16
208730,15,0,2,0,2018,2,11,5,3,5,2,0,1,1,0,0,0,0,0,7.02972E+20,5.71045E+21,1.1925E+16,5.15087E+16
208731,15,0,89,310,2018,1,13,5,3,2,6,0,0,1,0,0,0,0,1,6.78107E+20,5.74788E+21,1.15862E+16,5.18533E+16
208732,15,0,90,535,2018,1,17,2,3,1,3,1,1,1,0,0,0,0,0,6.92594E+20,5.83212E+21,1.18442E+16,5.26049E+16
208733,15,0,83,531,2018,1,18,5,3,6,4,1,1,0,1,0,0,0,1,6.6724E+20,5.77046E+21,1.14395E+16,5.20595E+16
208734,15,0,83,565,2018,1,9,3,3,5,3,0,1,1,0,0,0,0,1,6.7865E+20,5.79197E+21,1.16171E+16,5.22491E+16
208735,15,0,81,135,2018,1,9,5,3,5,3,0,1,0,0,0,0,1,1,6.50336E+20,5.81675E+21,1.12138E+16,5.24802E+16
208736,15,0,3,0,2018,1,5,3,3,6,2,2,0,1,1,0,0,0,1,6.7994E+20,5.77636E+21,1.16277E+16,5.21085E+16
208737,15,0,88,365,2018,1,12,4,3,2,2,0,0,1,0,1,0,0,0,6.95118E+20,5.70364E+21,1.18082E+16,5.14503E+16
208738,15,0,3,0,2018,2,15,5,3,6,4,0,0,1,1,0,0,0,0,6.81156E+20,5.7804E+21,1.16476E+16,5.21443E+16
208739,15,0,88,305,2018,1,17,4,3,6,6,2,0,1,1,0,0,0,1,6.82711E+20,5.69552E+21,1.16256E+16,5.13815E+16
208740,15,0,84,355,2018,1,17,6,3,0,7,1,0,0,1,0,0,1,1,6.97142E+20,5.67102E+21,1.18193E+16,5.11566E+16
208741,15,0,2,0,2018,1,5,4,3,5,2,2,1,1,0,0,0,0,1,7.06365E+20,5.70548E+21,1.19709E+16,5.14628E+16
208742,15,0,84,550,2018,1,19,4,3,0,1,2,1,0,0,0,0,0,0,7.06981E+20,5.67628E+21,1.19628E+16,5.12003E+16
208743,15,0,86,80,2018,1,13,2,3,9,7,0,0,1,0,0,0,0,1,7.22359E+20,5.8099E+21,1.22682E+16,5.23941E+16
208744,15,0,91,375,2018,1,5,4,3,1,5,2,1,0,0,0,0,1,1,7.52217E+20,5.75341E+21,1.26643E+16,5.18744E+16
208745,15,0,1,0,2018,1,18,4,3,4,3,2,1,1,0,0,0,0,1,7.24411E+20,5.74391E+21,1.22549E+16,5.18009E+16
208746,15,0,89,15,2018,1,11,4,3,6,7,0,0,1,1,0,0,0,1,6.69502E+20,5.73674E+21,1.14559E+16,5.17559E+16
208747,15,0,2,0,2018,1,14,2,3,5,3,0,1,1,0,0,0,0,1,7.03011E+20,5.70673E+21,1.19234E+16,5.14753E+16
208748,15,0,89,305,2018,1,6,4,3,6,4,2,0,1,1,0,0,0,1,6.87787E+20,5.76666E+21,1.17368E+16,5.20188E+16
208749,15,0,85,370,2018,1,17,4,2,6,4,2,0,1,1,0,0,0,1,6.23686E+20,5.74401E+21,1.07951E+16,5.18332E+16
208750,15,0,88,220,2018,1,8,2,2,5,2,0,1,1,0,0,0,0,0,7.08379E+20,5.69348E+21,1.19928E+16,5.13544E+16
208751,15,0,81,455,2018,1,19,4,3,5,3,2,1,1,0,0,0,0,1,6.45139E+20,5.85762E+21,1.11553E+16,5.28488E+16
208752,15,0,2,0,2018,1,18,4,3,6,2,2,0,1,1,0,0,0,0,7.06946E+20,5.70566E+21,1.19794E+16,5.14643E+16
208753,15,0,2,0,2018,1,15,3,3,5,3,0,1,1,0,0,0,0,0,7.04811E+20,5.70514E+21,1.19484E+16,5.14603E+16
208754,15,0,2,0,2018,1,9,5,3,3,2,0,1,1,0,0,0,0,0,7.05961E+20,5.70725E+21,1.19661E+16,5.14789E+16
208755,15,0,1,0,2018,1,11,3,3,5,2,0,1,0,0,0,0,0,1,7.23541E+20,5.74648E+21,1.22439E+16,5.18244E+16
208756,15,0,85,135,2018,1,11,7,3,2,2,0,0,1,0,0,0,0,1,6.42495E+20,5.75202E+21,1.10712E+16,5.19007E+16
208757,15,0,83,565,2018,1,10,3,3,5,3,0,0,1,0,0,0,0,0,6.79321E+20,5.79289E+21,1.16274E+16,5.22572E+16
208758,15,0,81,135,2018,1,11,3,3,8,1,0,0,1,0,0,0,0,1,6.63534E+20,5.82256E+21,1.14108E+16,5.25285E+16
208759,15,0,88,220,2018,1,7,2,2,5,3,1,1,1,0,0,0,0,0,7.08047E+20,5.69277E+21,1.19876E+16,5.13481E+16
208760,15,0,1,0,2018,1,11,2,3,6,6,0,0,1,1,0,0,0,0,7.22938E+20,5.74648E+21,1.22352E+16,5.18246E+16
208761,15,0,3,0,2018,1,12,3,3,6,4,0,0,1,1,0,0,0,0,6.80558E+20,5.78144E+21,1.16394E+16,5.21538E+16
208762,15,0,87,130,2018,1,20,2,2,6,4,2,0,1,1,0,0,0,1,6.79267E+20,5.70916E+21,1.15831E+16,5.15051E+16
208763,15,0,90,550,2018,1,19,2,2,6,7,2,0,1,1,0,0,0,0,7.00629E+20,5.82541E+21,1.19587E+16,5.25417E+16
208764,15,0,2,0,2018,1,13,3,2,4,2,0,1,1,0,0,0,0,0,7.05585E+20,5.70667E+21,1.19604E+16,5.14738E+16
208765,11,0,9,9,2018,12,18,2,3,2,2,2,0,1,0,0,0,0,1,8.08652E+20,5.81918E+21,1.35414E+16,5.24355E+16
208766,15,0,88,220,2018,1,14,4,3,6,4,0,0,0,1,0,0,1,0,7.08275E+20,5.69363E+21,1.19914E+16,5.13557E+16
208767,15,0,3,0,2018,1,19,6,3,8,7,2,0,1,0,0,0,0,0,6.82355E+20,5.78209E+21,1.1666E+16,5.21592E+16
208768,11,0,8,8,2018,12,18,2,2,5,3,2,1,1,0,0,0,0,1,8.00026E+20,5.82362E+21,1.34189E+16,5.248E+16
208769,11,0,8,8,2018,12,23,2,3,5,3,2,0,1,0,0,0,0,1,8.03652E+20,5.82188E+21,1.34705E+16,5.24625E+16
208770,15,0,1,0,2018,2,21,6,3,5,3,2,1,1,0,0,0,0,0,7.23415E+20,5.74666E+21,1.22422E+16,5.18261E+16
208771,11,0,1,1,2018,12,22,2,3,2,6,2,0,1,0,0,0,0,0,7.97157E+20,5.83139E+21,1.33837E+16,5.25513E+16
208772,15,0,81,135,2018,1,10,3,3,5,3,0,0,1,0,0,0,0,0,6.62251E+20,5.8221E+21,1.13917E+16,5.25248E+16
208773,11,0,2,2,2018,12,20,2,3,2,3,2,0,1,0,0,0,0,1,7.97697E+20,5.82581E+21,1.33867E+16,5.2501E+16
208774,15,0,3,0,2018,1,13,3,3,6,4,0,0,1,1,0,0,0,0,6.78295E+20,5.77355E+21,1.16022E+16,5.20837E+16
208775,11,0,3,3,2018,12,19,2,3,5,3,2,0,1,0,0,0,0,1,7.99469E+20,5.83065E+21,1.3417E+16,5.25434E+16
208776,11,0,1,1,2018,12,18,2,3,0,6,2,0,1,0,1,0,0,1,7.95905E+20,5.8319E+21,1.33657E+16,5.25565E+16
208777,15,0,90,415,2018,1,14,4,3,3,6,0,1,1,0,0,0,0,0,6.8562E+20,5.85239E+21,1.17528E+16,5.27894E+16
208778,11,0,1,1,2018,12,14,2,3,6,4,0,1,1,1,0,0,0,0,7.97069E+20,5.83146E+21,1.33825E+16,5.25519E+16
208779,15,0,84,550,2018,1,12,5,3,6,4,0,0,0,1,0,0,1,0,7.07228E+20,5.67687E+21,1.19667E+16,5.12056E+16
208780,11,0,5,5,2018,12,14,2,3,2,6,0,0,1,0,0,0,0,0,7.84158E+20,5.82733E+21,1.3189E+16,5.25218E+16
208781,15,0,89,15,2018,2,6,5,3,5,3,1,1,1,0,0,0,0,1,6.69852E+20,5.73664E+21,1.14609E+16,5.17549E+16
208782,11,0,6,6,2018,12,14,2,2,0,1,0,1,0,0,0,0,0,0,7.92466E+20,5.8208E+21,1.33054E+16,5.24589E+16
208783,15,0,85,235,2018,1,11,2,3,6,7,0,0,0,1,0,0,1,0,6.47838E+20,5.7399E+21,1.11436E+16,5.17904E+16
208784,11,0,6,6,2018,12,13,2,3,5,3,0,1,1,0,0,0,0,0,7.90574E+20,5.81976E+21,1.32767E+16,5.24506E+16
208785,15,0,2,0,2018,1,8,2,3,2,6,0,0,1,0,0,0,0,0,7.06727E+20,5.70688E+21,1.19769E+16,5.14752E+16
208786,11,0,3,3,2018,12,13,2,3,5,2,0,1,1,0,0,0,0,0,8.00719E+20,5.83363E+21,1.34381E+16,5.25694E+16
208787,11,0,7,7,2018,12,12,2,2,5,3,0,0,1,0,0,0,0,0,7.99072E+20,5.8217E+21,1.34032E+16,5.24634E+16
208788,15,0,2,0,2018,1,12,2,3,4,2,0,0,1,0,0,0,1,0,7.09097E+20,5.7079E+21,1.20116E+16,5.14836E+16
208789,11,0,5,5,2018,12,12,2,3,6,2,0,0,1,1,0,0,0,0,7.83238E+20,5.83029E+21,1.3178E+16,5.25489E+16
208790,15,0,2,0,2018,1,18,4,3,2,5,2,0,1,0,0,0,0,0,7.05993E+20,5.70546E+21,1.19655E+16,5.14628E+16
208791,15,0,84,550,2018,1,7,4,3,8,1,2,0,1,0,0,0,0,2,7.09629E+20,5.67416E+21,1.19994E+16,5.11804E+16
208792,11,0,1,1,2018,12,11,2,3,3,6,0,1,1,0,0,0,0,0,7.95594E+20,5.83051E+21,1.33599E+16,5.25442E+16
208793,15,0,3,0,2018,2,16,5,3,5,3,0,1,1,0,0,0,0,0,6.79881E+20,5.77795E+21,1.16277E+16,5.21228E+16
208794,11,0,4,4,2018,12,11,2,3,2,6,0,0,1,0,0,0,0,0,7.93633E+20,5.82796E+21,1.33288E+16,5.25225E+16
208795,15,0,89,305,2018,1,11,7,3,5,3,0,1,1,0,0,0,0,0,6.86344E+20,5.76604E+21,1.17154E+16,5.20136E+16
208796,11,0,9,9,2018,12,16,1,3,5,3,1,0,1,0,0,0,1,0,8.13638E+20,5.82169E+21,1.36169E+16,5.24551E+16
208797,11,0,12,12,2018,12,23,1,2,6,2,2,0,1,1,0,0,0,0,7.9292E+20,5.83707E+21,1.33264E+16,5.26045E+16
208798,15,0,84,235,2018,1,15,2,3,0,7,0,0,1,0,1,0,0,1,7.16317E+20,5.67247E+21,1.20939E+16,5.11627E+16
208799,11,0,1,1,2018,12,22,1,3,5,3,2,0,1,0,0,0,0,0,7.96236E+20,5.83216E+21,1.33708E+16,5.25587E+16
208800,11,0,2,2,2018,12,1,1,3,0,1,2,1,0,0,0,0,0,1,8.02181E+20,5.82713E+21,1.34537E+16,5.25104E+16
208801,15,0,2,0,2018,1,8,2,3,5,2,1,1,1,0,0,0,0,0,7.07325E+20,5.70399E+21,1.19838E+16,5.14491E+16
208802,11,0,2,2,2018,12,1,7,3,5,2,2,1,1,0,0,0,0,0,7.99148E+20,5.82579E+21,1.34079E+16,5.25E+16
208803,15,0,82,430,2018,1,16,4,3,3,2,0,1,0,0,0,0,1,0,7.12012E+20,5.76102E+21,1.20859E+16,5.19594E+16
208804,11,0,12,12,2018,12,0,7,3,2,6,2,0,1,0,0,0,0,0,7.86095E+20,5.83911E+21,1.32277E+16,5.26264E+16
208805,15,0,1,0,2018,1,18,5,3,1,6,2,0,1,0,0,0,0,1,7.23437E+20,5.74505E+21,1.22415E+16,5.18116E+16
208806,11,0,9,9,2018,12,15,7,3,5,7,0,0,1,0,0,0,0,1,8.09406E+20,5.8215E+21,1.35546E+16,5.24559E+16
208807,15,0,82,15,2018,1,16,6,2,5,3,0,1,1,0,0,0,0,0,7.25535E+20,5.73066E+21,1.22626E+16,5.16816E+16
208808,11,0,6,6,2018,12,11,7,3,8,1,0,0,1,0,0,0,0,1,7.93335E+20,5.82033E+21,1.33178E+16,5.24542E+16
208809,11,0,9,9,2018,12,10,7,3,8,7,0,0,1,0,0,0,0,1,8.19961E+20,5.82058E+21,1.37085E+16,5.24415E+16
208810,15,0,90,535,2018,1,14,6,3,0,1,0,1,0,0,0,0,0,0,6.92466E+20,5.83217E+21,1.18424E+16,5.26054E+16
208811,11,0,10,10,2018,12,23,7,2,6,6,2,0,1,1,0,0,0,1,8.07568E+20,5.83066E+21,1.35361E+16,5.2539E+16
208812,11,0,7,7,2018,12,23,7,3,6,2,2,0,1,1,0,0,0,1,7.95551E+20,5.82525E+21,1.33546E+16,5.24971E+16
208813,15,0,3,0,2018,1,9,7,3,8,1,0,0,1,0,0,0,0,2,6.75915E+20,5.77391E+21,1.15677E+16,5.20878E+16
208814,11,0,8,8,2018,12,21,7,3,6,4,2,0,1,1,0,0,0,1,8.00631E+20,5.81623E+21,1.34211E+16,5.24135E+16
208815,11,0,11,11,2018,12,21,7,3,6,4,2,0,1,1,0,0,0,1,8.05849E+20,5.83187E+21,1.35119E+16,5.25508E+16
208816,15,0,91,375,2018,1,12,2,3,5,2,0,1,1,0,0,0,0,0,7.51542E+20,5.7535E+21,1.26546E+16,5.18755E+16
208817,11,0,11,11,2018,12,20,7,2,1,7,2,1,0,0,0,0,0,1,8.04938E+20,5.82518E+21,1.34924E+16,5.24913E+16
208818,15,0,90,535,2018,1,15,3,3,5,3,0,1,1,0,0,0,0,0,6.93526E+20,5.83095E+21,1.18573E+16,5.25941E+16
208819,11,0,1,1,2018,12,20,7,3,2,6,2,0,1,0,0,0,0,1,7.96938E+20,5.83013E+21,1.33794E+16,5.25402E+16
208820,15,0,2,0,2018,1,9,4,3,5,2,0,1,1,0,0,0,0,0,7.05923E+20,5.70762E+21,1.19658E+16,5.14822E+16
208821,11,0,1,1,2018,12,20,7,2,6,4,2,0,1,1,0,0,0,1,7.96788E+20,5.83055E+21,1.33775E+16,5.25439E+16
208822,15,0,2,0,2018,1,14,5,2,0,7,0,0,0,0,0,0,1,0,7.01882E+20,5.71121E+21,1.19097E+16,5.15159E+16
208823,11,0,8,8,2018,12,19,7,2,5,3,2,1,1,0,0,0,0,0,8.013E+20,5.82308E+21,1.34371E+16,5.24745E+16
208824,15,0,2,0,2018,2,8,5,3,5,3,0,0,1,0,0,0,1,0,7.03706E+20,5.70699E+21,1.19335E+16,5.14773E+16
208825,11,0,11,11,2018,12,10,7,2,0,1,0,1,0,0,0,0,0,1,8.05511E+20,5.8264E+21,1.3502E+16,5.2502E+16
208826,11,0,4,4,2018,12,10,7,3,5,7,0,1,1,0,0,0,0,1,7.93133E+20,5.82775E+21,1.33213E+16,5.25209E+16
208827,15,0,1,0,2018,1,18,2,2,5,3,2,0,1,0,0,0,0,1,7.23181E+20,5.74717E+21,1.22392E+16,5.18307E+16
208828,11,0,1,1,2018,12,2,7,1,8,1,2,0,1,1,0,0,0,1,7.97161E+20,5.83188E+21,1.33842E+16,5.25556E+16
208829,15,0,3,0,2018,1,12,3,3,5,3,0,1,0,0,0,0,0,0,6.7823E+20,5.77898E+21,1.16041E+16,5.21326E+16
208830,11,0,10,10,2018,12,17,6,3,6,2,2,0,1,1,0,0,0,1,8.12181E+20,5.83092E+21,1.36041E+16,5.25387E+16
208831,15,0,3,0,2018,1,13,4,3,5,3,0,1,1,0,0,0,0,0,6.78818E+20,5.77831E+21,1.16123E+16,5.21264E+16
208832,11,0,11,11,2018,12,14,6,2,5,2,1,0,1,0,0,0,0,0,8.02888E+20,5.8312E+21,1.34678E+16,5.25465E+16
208833,15,0,90,535,2018,1,17,5,3,5,3,1,0,1,0,0,0,0,1,6.93303E+20,5.83279E+21,1.18551E+16,5.26106E+16
208834,11,0,1,1,2018,12,14,6,3,2,4,0,0,1,1,0,0,0,1,7.94624E+20,5.82988E+21,1.33451E+16,5.25391E+16
208835,15,0,89,305,2018,2,15,5,3,5,3,0,0,1,0,0,0,1,0,6.85043E+20,5.76648E+21,1.16968E+16,5.20181E+16
208836,11,0,6,6,2018,12,13,6,3,5,3,0,0,1,0,0,0,0,0,7.90288E+20,5.81483E+21,1.32683E+16,5.24065E+16
208837,15,0,89,310,2018,1,21,1,2,9,1,2,0,0,0,1,0,0,0,6.76608E+20,5.74836E+21,1.15647E+16,5.1858E+16
208838,11,0,1,1,2018,12,12,6,3,3,6,0,0,1,0,0,0,0,1,7.97739E+20,5.82759E+21,1.33889E+16,5.25169E+16
208839,15,0,2,0,2018,1,11,2,3,4,6,0,0,1,0,0,0,0,1,7.0868E+20,5.70909E+21,1.20063E+16,5.14944E+16
208840,11,0,8,8,2018,12,12,6,3,5,3,0,0,1,0,0,0,0,1,8.00537E+20,5.82337E+21,1.34262E+16,5.24775E+16
208841,15,0,91,375,2018,1,7,2,3,5,3,2,1,1,0,0,0,0,0,7.51449E+20,5.75349E+21,1.26532E+16,5.18754E+16
208842,11,0,2,2,2018,12,10,6,3,5,3,0,0,1,0,0,0,0,1,7.98215E+20,5.82624E+21,1.33946E+16,5.25046E+16
208843,15,0,3,0,2018,1,16,3,3,6,4,0,0,1,1,0,0,0,0,6.79604E+20,5.77392E+21,1.16215E+16,5.20867E+16
208844,11,0,11,11,2018,12,10,6,3,9,7,0,0,1,0,0,0,0,1,8.04901E+20,5.83332E+21,1.34993E+16,5.25643E+16
208845,15,0,1,0,2018,1,5,2,3,5,3,2,1,1,0,0,0,0,0,7.24055E+20,5.74405E+21,1.22498E+16,5.18023E+16
208846,11,0,4,4,2018,12,10,6,3,5,3,0,0,1,0,0,0,0,0,7.89485E+20,5.8268E+21,1.32669E+16,5.25143E+16
208847,15,0,3,0,2018,2,17,5,2,6,4,2,0,1,1,0,0,0,0,6.80297E+20,5.78191E+21,1.16358E+16,5.21582E+16
208848,11,0,3,3,2018,12,10,6,3,5,7,0,1,1,0,0,0,0,1,8.02289E+20,5.83311E+21,1.34607E+16,5.25639E+16
208849,15,0,87,275,2018,1,7,6,3,4,3,2,0,1,0,0,0,0,1,6.71527E+20,5.72047E+21,1.14772E+16,5.16091E+16
208850,11,0,2,2,2018,12,9,6,3,2,6,0,0,1,0,0,0,0,1,8.01883E+20,5.82902E+21,1.3451E+16,5.25274E+16
208851,11,0,11,11,2018,12,9,6,2,0,7,1,1,0,0,0,0,0,1,8.02589E+20,5.8288E+21,1.34612E+16,5.25251E+16
208852,15,0,3,0,2018,1,17,2,3,5,3,2,1,1,0,0,0,0,1,6.80097E+20,5.78265E+21,1.16333E+16,5.21649E+16
208853,11,0,7,7,2018,12,7,6,3,5,3,1,0,1,0,0,0,0,1,7.99071E+20,5.8217E+21,1.34031E+16,5.24634E+16
208854,15,0,88,220,2018,1,17,3,3,6,7,1,0,1,1,0,0,0,0,7.08365E+20,5.69381E+21,1.19928E+16,5.13573E+16
208855,15,0,86,15,2018,3,16,5,3,5,3,0,1,1,0,0,0,0,0,6.95088E+20,5.79506E+21,1.18594E+16,5.22712E+16
208856,15,0,81,135,2018,3,22,5,3,6,4,2,0,1,1,0,0,0,0,6.62585E+20,5.82166E+21,1.13964E+16,5.25208E+16
208857,15,0,88,150,2018,2,12,4,3,5,3,0,0,1,0,0,1,0,0,7.13302E+20,5.70825E+21,1.20723E+16,5.14851E+16
208858,15,0,2,0,2018,2,14,4,3,2,6,0,0,1,0,0,0,0,0,7.08587E+20,5.70733E+21,1.20039E+16,5.14786E+16
208859,15,0,84,590,2018,2,11,4,3,1,5,0,0,1,0,0,0,0,0,7.1973E+20,5.66001E+21,1.21351E+16,5.10495E+16
208860,15,0,84,550,2018,2,18,4,3,6,4,1,0,1,1,0,0,0,0,7.05646E+20,5.67605E+21,1.19436E+16,5.11988E+16
208861,15,0,1,0,2018,2,12,4,3,0,1,0,0,1,0,0,0,1,0,7.23346E+20,5.74879E+21,1.22426E+16,5.18452E+16
208862,15,0,90,535,2018,2,14,4,2,2,1,0,1,1,0,0,0,0,0,6.93454E+20,5.83201E+21,1.18568E+16,5.26036E+16
208863,15,0,90,535,2018,2,12,4,3,5,2,0,0,1,0,0,0,0,0,6.91604E+20,5.83153E+21,1.18293E+16,5.25999E+16
208864,15,0,2,0,2018,3,7,5,3,6,4,0,1,0,1,0,0,0,0,7.05845E+20,5.70699E+21,1.19643E+16,5.14766E+16
208865,15,0,81,455,2018,2,14,4,3,6,4,0,0,0,1,0,0,1,2,6.45118E+20,5.85794E+21,1.11551E+16,5.28516E+16
208866,15,0,2,0,2018,2,7,3,3,5,3,1,0,1,0,0,0,0,0,7.01851E+20,5.71149E+21,1.19094E+16,5.15184E+16
208867,15,0,91,375,2018,3,17,5,3,1,5,0,1,1,0,0,0,0,0,7.50818E+20,5.75251E+21,1.26433E+16,5.18669E+16
208868,15,0,3,0,2018,3,16,5,3,5,2,0,1,1,0,0,0,0,0,6.7797E+20,5.77574E+21,1.15986E+16,5.21035E+16
208869,15,0,82,180,2018,2,7,3,3,1,6,0,0,1,0,0,0,0,0,7.07701E+20,5.73565E+21,1.2008E+16,5.17332E+16
208870,15,0,3,0,2018,2,7,3,3,6,2,0,0,1,1,0,0,0,0,6.78394E+20,5.77748E+21,1.16057E+16,5.2119E+16
208871,15,0,83,40,2018,3,15,5,3,8,1,0,0,0,0,1,0,0,0,6.78293E+20,5.78735E+21,1.16094E+16,5.22078E+16
208872,15,0,83,40,2018,3,6,5,3,4,6,1,1,0,0,0,0,0,0,6.79305E+20,5.78568E+21,1.16233E+16,5.21924E+16
208873,15,0,85,330,2018,2,16,3,3,6,7,0,0,1,1,0,0,0,0,6.40537E+20,5.73518E+21,1.10359E+16,5.17499E+16
208874,15,0,2,0,2018,3,9,4,3,6,4,0,0,1,1,0,0,0,1,7.06129E+20,5.70793E+21,1.19689E+16,5.14849E+16
208875,15,0,2,0,2018,2,9,2,3,2,6,0,0,1,0,0,1,0,0,7.04459E+20,5.70738E+21,1.19446E+16,5.14806E+16
208876,15,0,2,0,2018,3,7,4,3,6,4,0,0,1,1,0,0,0,1,7.0644E+20,5.7087E+21,1.19739E+16,5.14917E+16
208877,15,0,2,0,2018,2,18,2,3,5,3,2,1,1,0,0,0,0,0,7.05312E+20,5.70882E+21,1.19577E+16,5.14932E+16
208878,15,0,87,130,2018,3,16,3,3,6,5,0,0,1,1,0,0,0,0,6.76483E+20,5.71133E+21,1.15441E+16,5.15254E+16
208879,15,0,84,590,2018,2,10,2,3,4,6,0,0,1,0,0,0,1,0,7.18825E+20,5.65997E+21,1.21222E+16,5.10496E+16
208880,15,0,2,0,2018,3,15,3,3,0,7,0,1,0,0,0,0,0,0,7.05299E+20,5.70752E+21,1.19568E+16,5.14815E+16
208881,15,0,2,0,2018,3,12,3,3,5,2,0,0,1,0,0,0,0,0,7.02143E+20,5.71112E+21,1.19134E+16,5.1515E+16
208882,15,0,84,590,2018,2,16,2,3,5,3,0,0,1,0,0,0,1,0,7.20036E+20,5.66011E+21,1.21395E+16,5.10503E+16
208883,15,0,84,355,2018,3,16,3,3,8,1,0,0,1,0,0,0,0,1,6.96753E+20,5.67022E+21,1.18133E+16,5.11496E+16
208884,15,0,91,375,2018,2,10,2,3,5,3,0,0,1,0,0,0,0,0,7.52477E+20,5.75359E+21,1.26682E+16,5.18759E+16
208885,15,0,91,375,2018,3,19,3,3,4,6,2,0,1,0,0,0,0,1,7.50469E+20,5.75396E+21,1.26393E+16,5.18801E+16
208886,15,0,89,30,2018,2,7,2,3,6,4,0,0,1,1,0,0,0,1,6.89415E+20,5.74211E+21,1.1747E+16,5.17977E+16
208887,15,0,1,0,2018,3,20,3,3,9,1,2,0,1,0,0,0,0,1,7.22041E+20,5.74868E+21,1.22236E+16,5.18447E+16
208888,15,0,86,15,2018,2,10,2,3,6,7,0,0,1,1,0,0,0,2,6.94974E+20,5.79497E+21,1.18576E+16,5.22705E+16
208889,15,0,89,30,2018,3,17,3,3,2,6,0,0,1,0,0,0,0,0,6.86012E+20,5.74272E+21,1.1698E+16,5.18043E+16
208890,15,0,83,298,2018,2,14,2,3,5,3,0,0,1,0,0,0,0,1,6.70097E+20,5.78374E+21,1.14878E+16,5.21778E+16
208891,15,0,3,0,2018,3,6,3,3,6,4,0,0,1,1,0,0,0,0,6.82577E+20,5.77848E+21,1.16673E+16,5.21266E+16
208892,15,0,2,0,2018,2,16,1,3,5,3,0,0,1,0,0,0,0,0,6.99511E+20,5.71018E+21,1.1875E+16,5.15075E+16
208893,15,0,2,0,2018,3,12,2,3,2,6,0,0,1,0,0,0,0,0,7.05929E+20,5.70738E+21,1.19657E+16,5.14801E+16
208894,15,0,89,307,2018,2,12,1,2,5,3,0,0,1,0,0,0,0,0,6.57301E+20,5.74384E+21,1.12825E+16,5.18232E+16
208895,15,0,81,455,2018,2,2,1,3,5,3,2,1,1,0,0,0,0,0,6.44877E+20,5.85771E+21,1.11515E+16,5.28496E+16
208896,15,0,2,0,2018,3,10,2,3,5,3,0,1,1,0,0,0,0,1,7.06933E+20,5.70627E+21,1.19795E+16,5.14697E+16
208897,15,0,88,205,2018,2,16,7,3,0,7,0,0,1,0,0,1,0,0,7.21691E+20,5.69305E+21,1.21834E+16,5.13455E+16
208898,15,0,2,0,2018,2,11,7,3,2,6,0,0,1,0,0,0,0,0,7.06651E+20,5.70686E+21,1.19758E+16,5.14751E+16
208899,15,0,2,0,2018,3,13,2,3,2,6,0,0,1,0,0,0,1,1,7.04846E+20,5.71011E+21,1.19517E+16,5.1505E+16
208900,15,0,1,0,2018,2,18,7,3,5,3,2,1,1,0,0,0,0,0,7.19244E+20,5.74549E+21,1.21811E+16,5.18172E+16
208901,15,0,2,0,2018,2,14,6,3,5,3,0,0,1,0,0,0,1,0,7.12106E+20,5.70764E+21,1.20547E+16,5.14801E+16
208902,15,0,2,0,2018,3,11,2,2,1,7,0,0,1,0,0,0,0,1,7.05728E+20,5.71043E+21,1.19646E+16,5.15075E+16
208903,15,0,91,375,2018,2,18,6,3,8,1,2,0,1,0,0,0,0,0,7.47879E+20,5.75217E+21,1.26005E+16,5.18651E+16
208904,15,0,1,0,2018,3,7,2,3,5,2,0,0,1,1,0,0,0,1,7.21579E+20,5.74666E+21,1.22156E+16,5.18267E+16
208905,15,0,1,0,2018,2,13,6,3,5,3,0,1,1,0,0,0,0,0,7.20376E+20,5.74636E+21,1.2198E+16,5.18245E+16
208906,15,0,1,0,2018,3,16,2,3,5,3,0,1,1,0,0,0,0,1,7.23424E+20,5.74722E+21,1.22427E+16,5.1831E+16
208907,15,0,90,550,2018,2,9,6,3,4,2,0,0,1,0,0,0,0,0,7.0136E+20,5.82551E+21,1.19695E+16,5.25424E+16
208908,15,0,82,180,2018,3,9,2,3,2,6,0,1,1,0,0,0,0,1,7.0566E+20,5.73741E+21,1.19795E+16,5.17497E+16