OBJECTID_1,ULAND,UREGBEZ,UKREIS,UGEMEINDE,UJAHR,UMONAT,USTUNDE,UWOCHENTAG,UKATEGORIE,UART,UTYP1,ULICHTVERH,IstRad,IstPKW,IstFuss,IstKrad,IstGkfz,IstSonstig,STRZUSTAND,LINREFX,LINREFY,XGCSWGS84,YGCSWGS84
208909,15,0,89,305,2018,2,10,6,2,6,4,0,0,1,1,0,0,0,0,6.86107E+20,5.76634E+21,1.17122E+16,5.20164E+16
208910,15,0,3,0,2018,2,14,6,3,5,5,0,0,1,0,0,0,0,0,6.79151E+20,5.77538E+21,1.16157E+16,5.21E+16
208911,15,0,90,535,2018,3,19,2,3,5,2,2,0,1,0,0,0,0,1,6.93738E+20,5.83395E+21,1.18622E+16,5.26209E+16
208912,15,0,3,0,2018,2,7,6,2,6,4,0,0,1,1,0,0,0,0,6.80199E+20,5.77613E+21,1.16313E+16,5.21063E+16
208913,15,0,89,15,2018,3,11,2,3,0,5,0,1,1,0,0,0,0,0,6.70698E+20,5.73716E+21,1.14734E+16,5.17593E+16
208914,15,0,3,0,2018,2,11,6,3,5,3,0,1,1,0,0,0,0,0,6.79119E+20,5.77737E+21,1.16162E+16,5.21178E+16
208915,15,0,3,0,2018,2,9,6,3,4,2,0,1,1,0,0,0,0,0,6.76781E+20,5.7816E+21,1.15843E+16,5.21565E+16
208916,15,0,3,0,2018,3,14,2,3,1,2,0,0,1,0,0,0,0,1,6.82266E+20,5.77406E+21,1.16604E+16,5.2087E+16
208917,15,0,2,0,2018,2,15,5,3,5,3,0,1,1,0,0,0,0,0,7.03104E+20,5.70745E+21,1.19251E+16,5.14817E+16
208918,15,0,3,0,2018,3,16,2,3,1,5,0,0,1,0,0,0,0,1,6.79564E+20,5.77432E+21,1.16211E+16,5.20903E+16
208919,15,0,2,0,2018,2,18,5,2,0,1,2,1,0,0,0,0,0,0,7.06539E+20,5.70811E+21,1.19749E+16,5.14863E+16
208920,15,0,84,315,2018,3,13,1,3,5,3,0,0,1,0,0,0,0,0,7.19464E+20,5.6834E+21,1.21456E+16,5.12596E+16
208921,15,0,2,0,2018,2,13,5,3,6,4,0,0,1,1,0,0,0,0,7.06677E+20,5.70187E+21,1.19733E+16,5.14303E+16
208922,15,0,91,375,2018,3,14,1,3,5,3,0,0,1,0,1,0,0,0,7.52965E+20,5.75294E+21,1.26748E+16,5.18698E+16
208923,15,0,82,180,2018,2,19,5,2,5,3,2,1,1,0,0,0,0,0,7.04934E+20,5.73688E+21,1.19687E+16,5.17453E+16
208924,15,0,3,0,2018,2,17,5,3,5,3,0,1,1,0,0,0,0,0,6.81542E+20,5.78033E+21,1.16532E+16,5.21436E+16
208925,15,0,85,370,2018,3,10,1,3,6,4,0,0,1,1,0,0,0,0,6.20796E+20,5.74246E+21,1.07526E+16,5.18199E+16
208926,15,0,3,0,2018,2,21,5,3,5,3,2,0,0,0,0,0,1,0,6.81611E+20,5.77846E+21,1.16532E+16,5.21268E+16
208927,15,0,85,330,2018,3,11,1,3,3,2,0,1,1,0,0,0,0,0,6.40336E+20,5.7348E+21,1.10328E+16,5.17465E+16
208928,15,0,3,0,2018,2,5,5,3,1,7,2,0,1,0,0,0,0,0,6.77434E+20,5.77619E+21,1.1591E+16,5.21077E+16
208929,15,0,86,15,2018,2,8,5,2,5,3,0,1,1,0,0,0,0,0,6.94474E+20,5.79531E+21,1.18505E+16,5.22737E+16
208930,15,0,81,455,2018,3,16,1,3,0,1,0,1,0,0,0,0,0,0,6.44784E+20,5.85861E+21,1.11505E+16,5.28577E+16
208931,15,0,85,135,2018,2,17,5,3,5,3,0,0,1,0,1,0,0,0,6.40307E+20,5.75085E+21,1.10389E+16,5.18908E+16
208932,15,0,87,15,2018,3,18,7,3,8,1,0,0,0,0,0,0,1,0,6.67646E+20,5.70059E+21,1.14118E+16,5.14317E+16
208933,15,0,83,411,2018,2,7,5,3,1,2,0,0,1,0,0,0,1,0,6.3557E+20,5.81061E+21,1.0994E+16,5.24289E+16
208934,15,0,2,0,2018,3,5,7,3,1,5,2,0,1,0,0,0,0,1,7.04243E+20,5.70965E+21,1.19428E+16,5.1501E+16
208935,15,0,2,0,2018,2,17,4,3,5,2,0,0,1,0,0,0,0,0,7.05588E+20,5.71078E+21,1.19628E+16,5.15107E+16
208936,15,0,84,590,2018,3,14,7,3,5,3,0,0,1,0,1,0,0,0,7.21692E+20,5.65876E+21,1.21623E+16,5.10376E+16
208937,15,0,2,0,2018,2,16,4,3,5,3,0,1,1,0,0,0,0,0,7.05694E+20,5.70759E+21,1.19625E+16,5.1482E+16
208938,15,0,3,0,2018,3,19,7,3,1,5,2,1,1,0,0,0,0,0,6.78044E+20,5.77683E+21,1.16003E+16,5.21133E+16
208939,15,0,91,160,2018,2,16,4,3,4,7,0,0,1,0,0,0,0,0,7.50772E+20,5.73823E+21,1.26323E+16,5.17388E+16
208940,15,0,86,15,2018,3,13,7,3,5,3,0,0,1,0,0,0,0,0,6.94147E+20,5.79416E+21,1.18451E+16,5.22635E+16
208941,15,0,82,15,2018,2,9,4,2,5,3,0,0,1,0,0,0,0,0,7.26005E+20,5.73061E+21,1.22693E+16,5.16809E+16
208942,15,0,82,256,2018,2,18,4,3,0,1,1,1,0,0,0,0,0,0,7.02554E+20,5.73818E+21,1.1935E+16,5.17578E+16
208943,15,0,86,15,2018,3,18,7,3,5,3,1,0,1,0,0,0,0,1,6.94264E+20,5.79477E+21,1.18471E+16,5.22689E+16
208944,15,0,85,370,2018,3,11,7,3,6,4,0,1,0,1,0,0,0,0,6.23223E+20,5.74403E+21,1.07884E+16,5.18335E+16
208945,15,0,89,26,2018,2,11,4,2,5,3,0,0,1,0,0,0,1,0,6.90851E+20,5.76205E+21,1.17788E+16,5.19763E+16
208946,15,0,87,370,2018,3,7,6,3,0,2,0,0,0,0,1,0,0,2,6.59116E+20,5.70408E+21,1.12907E+16,5.14655E+16
208947,15,0,89,305,2018,2,7,4,3,5,3,1,1,1,0,0,0,0,0,6.85489E+20,5.76859E+21,1.17044E+16,5.20368E+16
208948,15,0,2,0,2018,3,6,6,2,0,1,0,0,0,0,1,0,0,2,7.04276E+20,5.70781E+21,1.19422E+16,5.14845E+16
208949,15,0,86,5,2018,2,11,4,3,2,2,0,0,1,0,0,0,0,0,6.87258E+20,5.78419E+21,1.17387E+16,5.21764E+16
208950,15,0,2,0,2018,3,6,6,3,4,6,1,1,1,0,0,0,0,2,7.01018E+20,5.7105E+21,1.18969E+16,5.15098E+16
208951,15,0,85,230,2018,2,14,4,3,5,3,0,0,1,0,0,0,1,0,6.17786E+20,5.75889E+21,1.07146E+16,5.19682E+16
208952,15,0,2,0,2018,2,7,3,3,4,2,1,0,1,0,0,0,0,0,7.02747E+20,5.71077E+21,1.19219E+16,5.15116E+16
208953,15,0,89,305,2018,3,11,6,3,5,3,0,1,1,0,0,0,0,0,6.87023E+20,5.76683E+21,1.17258E+16,5.20205E+16
208954,15,0,1,0,2018,2,18,3,3,5,2,1,1,1,0,0,0,0,0,7.23314E+20,5.74668E+21,1.22408E+16,5.18262E+16
208955,15,0,3,0,2018,2,15,3,3,2,5,0,0,1,0,0,0,0,0,6.78153E+20,5.7764E+21,1.16016E+16,5.21094E+16
208956,15,0,3,0,2018,3,6,6,3,9,1,1,0,1,0,0,0,0,2,6.78014E+20,5.78432E+21,1.16038E+16,5.21806E+16
208957,15,0,3,0,2018,2,18,3,3,5,2,1,1,1,0,0,0,0,0,6.78364E+20,5.77669E+21,1.16049E+16,5.21119E+16
208958,15,0,88,216,2018,3,15,5,3,5,3,0,0,0,0,0,1,1,0,7.06818E+20,5.72512E+21,1.19889E+16,5.1639E+16
208959,15,0,87,370,2018,2,7,2,2,6,4,1,0,1,1,0,0,0,0,6.5938E+20,5.70375E+21,1.12944E+16,5.14624E+16
208960,15,0,88,205,2018,3,10,5,2,5,2,0,0,1,0,0,0,1,0,7.09077E+20,5.69104E+21,1.20014E+16,5.13322E+16
208961,15,0,2,0,2018,3,9,5,3,5,2,0,0,1,0,0,0,0,0,7.05017E+20,5.70545E+21,1.19515E+16,5.1463E+16
208962,15,0,2,0,2018,2,16,2,3,6,7,0,0,1,1,0,0,0,0,7.04362E+20,5.70781E+21,1.19434E+16,5.14845E+16
208963,15,0,91,110,2018,3,11,5,2,3,6,0,1,1,0,0,0,0,0,7.38715E+20,5.73644E+21,1.24568E+16,5.1728E+16
208964,15,0,84,550,2018,2,12,2,3,5,3,0,0,1,0,0,0,0,0,7.07319E+20,5.67782E+21,1.19685E+16,5.12141E+16
208965,15,0,3,0,2018,2,16,2,3,5,3,0,1,1,0,0,0,0,0,6.80584E+20,5.78086E+21,1.16395E+16,5.21487E+16
208966,15,0,1,0,2018,3,15,5,3,2,6,0,0,1,0,0,0,0,0,7.23424E+20,5.74646E+21,1.22422E+16,5.18243E+16
208967,15,0,2,0,2018,2,4,1,3,0,1,2,1,0,0,0,0,0,0,7.06257E+20,5.70681E+21,1.19701E+16,5.14748E+16
208968,15,0,2,0,2018,2,12,7,3,5,3,0,0,1,0,0,0,0,0,7.06147E+20,5.70466E+21,1.19673E+16,5.14555E+16
208969,15,0,1,0,2018,3,15,5,3,5,3,0,1,1,0,0,0,0,0,7.21233E+20,5.74605E+21,1.22102E+16,5.18214E+16
208970,15,0,84,550,2018,2,14,7,3,2,6,0,0,1,0,0,0,0,0,7.07254E+20,5.67717E+21,1.19672E+16,5.12082E+16
208971,15,0,89,305,2018,3,17,5,3,1,6,0,0,1,0,0,0,0,1,6.87717E+20,5.76693E+21,1.17359E+16,5.20212E+16
208972,15,0,86,40,2018,2,2,7,1,0,1,2,1,0,0,0,0,0,0,7.14461E+20,5.81063E+21,1.21528E+16,5.24038E+16
208973,15,0,89,30,2018,3,14,5,2,1,6,0,0,1,0,0,0,0,0,6.88789E+20,5.74248E+21,1.17381E+16,5.18012E+16
208974,15,0,88,295,2018,2,7,6,3,6,7,1,0,1,1,0,0,0,0,7.0469E+20,5.71427E+21,1.19519E+16,5.15423E+16
208975,15,0,3,0,2018,3,12,5,3,5,3,0,0,1,0,0,0,0,0,6.80659E+20,5.78185E+21,1.16411E+16,5.21575E+16
208976,15,0,87,370,2018,2,16,6,3,6,7,0,0,1,1,0,0,0,0,6.59662E+20,5.70501E+21,1.1299E+16,5.14737E+16
208977,15,0,2,0,2018,2,7,6,3,2,1,1,0,1,0,0,0,0,2,7.06522E+20,5.70302E+21,1.19717E+16,5.14406E+16
208978,15,0,3,0,2018,3,15,5,3,5,3,0,0,1,0,0,0,0,0,6.79588E+20,5.77319E+21,1.16209E+16,5.20801E+16
208979,15,0,2,0,2018,2,13,6,2,6,4,0,0,0,1,0,0,1,0,7.05716E+20,5.70407E+21,1.19607E+16,5.14504E+16
208980,15,0,84,115,2018,2,7,6,3,5,3,0,0,1,0,0,0,0,0,7.11674E+20,5.65898E+21,1.20197E+16,5.10433E+16
208981,15,0,85,235,2018,3,6,5,3,2,2,0,1,1,0,0,0,0,0,6.47415E+20,5.73957E+21,1.11373E+16,5.17875E+16
208982,15,0,85,135,2018,3,10,5,3,6,4,0,0,1,1,0,0,0,0,6.41046E+20,5.75047E+21,1.10495E+16,5.18872E+16
208983,15,0,91,375,2018,2,13,6,2,4,6,0,1,0,0,0,0,0,0,7.51763E+20,5.75409E+21,1.26582E+16,5.18806E+16
208984,15,0,3,0,2018,3,13,4,3,2,6,0,0,1,0,0,0,1,1,6.80234E+20,5.78215E+21,1.1635E+16,5.21604E+16
208985,15,0,82,15,2018,2,13,6,3,2,6,0,1,1,0,0,0,0,0,7.25376E+20,5.72888E+21,1.22591E+16,5.16656E+16
208986,15,0,3,0,2018,3,18,4,3,6,4,1,0,1,1,0,0,0,1,6.79379E+20,5.77687E+21,1.16198E+16,5.21133E+16
208987,15,0,90,535,2018,2,13,6,3,2,6,0,0,1,0,0,0,0,1,6.92616E+20,5.83267E+21,1.18449E+16,5.26098E+16
208988,15,0,87,130,2018,3,9,4,3,7,7,0,0,1,0,0,0,0,2,6.84389E+20,5.71404E+21,1.16594E+16,5.15473E+16
208989,15,0,89,305,2018,2,5,6,3,5,3,2,1,1,0,0,0,0,2,6.86819E+20,5.76657E+21,1.17227E+16,5.20183E+16
208990,15,0,87,370,2018,3,7,4,3,9,1,0,0,1,0,0,0,0,2,6.59108E+20,5.7156E+21,1.12958E+16,5.1569E+16
208991,15,0,3,0,2018,2,9,6,3,5,3,0,0,1,0,0,0,0,1,6.8007E+20,5.7752E+21,1.1629E+16,5.20981E+16
208992,15,0,2,0,2018,3,13,4,3,1,6,0,0,1,0,0,0,0,1,7.06551E+20,5.70862E+21,1.19754E+16,5.1491E+16
208993,15,0,91,375,2018,3,11,4,3,0,5,0,0,1,1,0,0,0,0,7.50765E+20,5.75256E+21,1.26426E+16,5.18673E+16
208994,15,0,81,455,2018,2,15,6,3,5,3,0,1,1,0,0,0,0,0,6.45072E+20,5.85824E+21,1.11546E+16,5.28543E+16
208995,15,0,1,0,2018,3,11,4,3,5,3,0,0,1,0,0,0,0,2,7.21228E+20,5.74775E+21,1.22113E+16,5.18367E+16
208996,15,0,88,195,2018,2,7,5,3,5,3,1,0,1,0,0,0,0,0,7.18521E+20,5.71363E+21,1.21507E+16,5.15314E+16
208997,15,0,82,340,2018,3,6,4,3,5,2,1,0,1,0,0,0,0,2,7.21815E+20,5.71555E+21,1.21993E+16,5.15473E+16
208998,15,0,82,180,2018,2,7,5,3,5,3,1,0,1,0,0,0,0,0,7.06653E+20,5.73707E+21,1.19937E+16,5.17464E+16
208999,15,0,82,301,2018,3,7,4,3,4,6,0,0,1,0,0,0,1,2,7.25818E+20,5.73412E+21,1.22689E+16,5.17125E+16
209000,15,0,3,0,2018,2,14,5,3,5,3,0,0,1,0,0,0,0,0,6.78425E+20,5.77673E+21,1.16058E+16,5.21123E+16
209001,15,0,90,550,2018,3,16,4,3,0,7,0,0,1,0,0,0,0,0,6.99944E+20,5.8246E+21,1.19481E+16,5.25347E+16
209002,15,0,3,0,2018,2,16,5,3,5,2,0,0,1,0,0,0,0,1,6.80684E+20,5.77845E+21,1.16396E+16,5.2127E+16
209003,15,0,3,0,2018,3,19,4,3,5,3,2,0,1,0,0,0,1,0,6.80426E+20,5.7814E+21,1.16374E+16,5.21536E+16
209004,15,0,3,0,2018,2,7,5,3,6,4,1,0,1,1,0,0,0,0,6.7691E+20,5.78123E+21,1.1586E+16,5.21532E+16
209005,15,0,3,0,2018,2,9,5,3,4,2,0,1,1,0,0,0,0,0,6.81461E+20,5.77969E+21,1.16516E+16,5.21378E+16
209006,15,0,2,0,2018,3,8,3,3,3,6,0,1,1,0,0,0,0,0,7.07083E+20,5.70689E+21,1.1982E+16,5.14752E+16
209007,15,0,82,15,2018,2,10,4,2,6,4,0,0,1,1,0,0,0,0,7.30367E+20,5.72465E+21,1.23284E+16,5.16257E+16
209008,15,0,3,0,2018,2,9,4,3,5,3,0,0,1,0,0,0,0,0,6.80079E+20,5.78274E+21,1.16331E+16,5.21658E+16
209009,15,0,85,135,2018,2,7,4,2,8,1,0,0,1,0,0,0,0,2,6.40532E+20,5.75175E+21,1.10426E+16,5.18988E+16
209010,15,0,3,0,2018,3,18,3,3,6,4,1,1,0,1,0,0,0,0,6.79709E+20,5.77724E+21,1.16248E+16,5.21165E+16
209011,15,0,88,235,2018,2,17,3,3,4,6,0,1,1,0,0,0,0,0,6.95582E+20,5.68739E+21,1.18059E+16,5.13042E+16
209012,15,0,88,205,2018,2,14,3,3,2,6,0,0,1,0,0,0,0,0,7.21244E+20,5.69313E+21,1.21771E+16,5.13463E+16
209013,15,0,3,0,2018,3,17,3,3,5,3,0,0,1,0,0,0,0,0,6.82962E+20,5.77884E+21,1.16731E+16,5.21298E+16
209014,15,0,87,130,2018,2,13,3,2,6,4,0,0,1,1,0,0,0,1,6.76646E+20,5.71156E+21,1.15466E+16,5.15275E+16
209015,15,0,3,0,2018,3,14,3,3,5,3,0,0,1,0,0,0,0,0,6.81702E+20,5.77488E+21,1.16526E+16,5.20946E+16
209016,15,0,2,0,2018,2,8,3,3,2,6,0,0,1,0,0,0,0,0,7.04596E+20,5.7102E+21,1.19482E+16,5.15058E+16
209017,15,0,3,0,2018,3,8,3,3,1,7,0,0,1,0,0,0,0,0,6.80436E+20,5.77376E+21,1.16335E+16,5.2085E+16
209018,15,0,2,0,2018,2,3,3,3,9,1,2,0,1,0,0,0,0,0,7.05699E+20,5.70702E+21,1.19622E+16,5.14769E+16
209019,15,0,88,295,2018,3,8,2,2,8,1,0,0,1,0,0,0,0,1,7.0607E+20,5.72479E+21,1.1978E+16,5.16363E+16
209020,15,0,84,282,2018,2,13,3,3,0,7,0,0,1,1,0,0,0,0,6.84547E+20,5.66703E+21,1.16373E+16,5.1125E+16
209021,15,0,1,0,2018,2,20,3,3,5,3,2,0,1,0,0,0,0,0,7.19955E+20,5.74754E+21,1.21927E+16,5.18353E+16
209022,15,0,2,0,2018,3,17,2,3,8,1,0,0,1,0,0,0,0,0,7.08999E+20,5.70927E+21,1.2011E+16,5.14959E+16
209023,15,0,90,535,2018,2,18,3,3,5,3,2,0,1,0,0,0,0,0,6.92583E+20,5.83022E+21,1.1843E+16,5.25879E+16
209024,15,0,2,0,2018,3,13,2,2,6,4,0,1,0,1,0,0,0,0,7.06253E+20,5.70703E+21,1.19702E+16,5.14768E+16
209025,15,0,2,0,2018,3,12,2,3,2,2,0,0,1,0,0,0,0,0,7.05102E+20,5.70553E+21,1.19528E+16,5.14637E+16
209026,15,0,89,305,2018,2,13,3,3,4,2,0,0,1,0,0,0,0,0,6.86387E+20,5.76541E+21,1.17157E+16,5.2008E+16
209027,15,0,2,0,2018,3,18,2,3,6,4,1,0,1,1,0,0,0,0,7.05642E+20,5.70771E+21,1.19618E+16,5.14831E+16
209028,15,0,3,0,2018,2,8,3,3,5,3,0,0,1,0,0,0,0,2,6.81755E+20,5.78243E+21,1.16574E+16,5.21624E+16
209029,15,0,2,0,2018,3,11,2,3,0,1,0,1,0,0,0,0,0,0,7.06089E+20,5.70797E+21,1.19684E+16,5.14853E+16
209030,15,0,2,0,2018,3,10,2,3,6,7,0,0,0,1,0,0,1,1,7.05896E+20,5.70766E+21,1.19654E+16,5.14825E+16
209031,15,0,3,0,2018,2,7,3,3,2,6,0,0,1,0,0,0,0,2,6.8241E+20,5.77382E+21,1.16624E+16,5.20848E+16
209032,15,0,86,15,2018,2,9,3,3,1,6,0,0,0,0,1,0,1,0,6.95195E+20,5.79456E+21,1.18606E+16,5.22667E+16
209033,15,0,2,0,2018,3,14,2,3,4,2,0,0,1,0,0,0,1,0,7.02769E+20,5.70688E+21,1.192E+16,5.14767E+16
209034,15,0,85,235,2018,2,14,3,3,2,2,0,0,1,0,0,0,0,0,6.4783E+20,5.74014E+21,1.11436E+16,5.17925E+16
209035,15,0,82,241,2018,3,4,2,2,0,1,2,0,0,0,1,0,0,2,7.3653E+20,5.72832E+21,1.24197E+16,5.16561E+16
209036,15,0,85,135,2018,2,19,3,3,6,2,2,0,1,1,0,0,0,0,6.40391E+20,5.75226E+21,1.10407E+16,5.19034E+16
209037,15,0,82,15,2018,3,7,2,3,4,6,0,0,0,0,0,1,1,2,7.26205E+20,5.7278E+21,1.22704E+16,5.16556E+16
209038,15,0,2,0,2018,2,10,2,3,0,7,0,0,0,0,0,0,1,0,7.03674E+20,5.71037E+21,1.1935E+16,5.15077E+16
209039,15,0,2,0,2018,2,3,2,3,3,1,2,0,1,0,0,0,0,1,7.08423E+20,5.70592E+21,1.20007E+16,5.14661E+16
209040,15,0,90,535,2018,3,15,2,3,5,3,0,0,1,0,0,0,1,0,6.92372E+20,5.8324E+21,1.18411E+16,5.26075E+16
209041,15,0,91,60,2018,2,15,2,3,5,3,0,1,1,0,0,0,0,0,7.37802E+20,5.75383E+21,1.24556E+16,5.18844E+16
209042,15,0,89,195,2018,3,6,2,3,8,1,2,0,1,0,0,0,0,2,6.91573E+20,5.72803E+21,1.17705E+16,5.16705E+16
209043,15,0,82,15,2018,2,16,2,3,0,7,0,0,1,0,0,0,0,1,7.28046E+20,5.72344E+21,1.22941E+16,5.16158E+16
209044,15,0,89,195,2018,3,6,2,3,0,1,1,1,0,0,0,0,0,2,6.91607E+20,5.72802E+21,1.1771E+16,5.16704E+16
209045,15,0,90,10,2018,2,8,2,3,5,3,0,0,1,0,0,0,1,0,7.03551E+20,5.84558E+21,1.20141E+16,5.27217E+16
209046,15,0,3,0,2018,3,15,2,3,2,6,0,0,1,0,0,0,0,0,6.79648E+20,5.7746E+21,1.16225E+16,5.20928E+16
209047,15,0,90,535,2018,2,9,2,3,5,3,0,1,1,0,0,0,0,0,6.9217E+20,5.83203E+21,1.18379E+16,5.26042E+16
209048,15,0,86,15,2018,3,5,2,2,0,2,1,1,0,0,0,0,0,2,6.94263E+20,5.79478E+21,1.18471E+16,5.2269E+16
209049,15,0,3,0,2018,2,10,2,3,2,2,0,0,1,0,0,0,0,0,6.80115E+20,5.78188E+21,1.16332E+16,5.2158E+16
209050,15,0,3,0,2018,2,11,2,2,5,3,0,0,1,0,0,1,0,0,6.83247E+20,5.78738E+21,1.16819E+16,5.22063E+16
209051,15,0,83,270,2018,3,7,2,3,5,3,0,0,1,0,0,0,0,1,6.6388E+20,5.79623E+21,1.1403E+16,5.2292E+16
209052,15,0,2,0,2018,2,12,1,2,6,4,0,1,0,1,0,0,0,0,7.05895E+20,5.70939E+21,1.19664E+16,5.14981E+16
209053,15,0,81,455,2018,3,7,2,3,8,4,0,0,1,1,0,0,0,2,6.46384E+20,5.857E+21,1.11735E+16,5.28428E+16
209054,15,0,87,130,2018,3,8,1,3,1,7,0,0,1,0,0,0,0,2,6.77046E+20,5.71141E+21,1.15523E+16,5.1526E+16
209055,15,0,84,355,2018,2,13,7,3,5,3,0,1,1,0,0,0,0,0,6.97124E+20,5.67115E+21,1.18191E+16,5.11578E+16
209056,15,0,1,0,2018,3,18,1,3,5,3,0,0,1,0,0,0,0,0,7.23423E+20,5.74854E+21,1.22436E+16,5.18429E+16
209057,15,0,3,0,2018,2,10,7,3,5,2,0,1,1,0,0,0,0,0,6.78171E+20,5.77934E+21,1.16034E+16,5.21358E+16
209058,15,0,1,0,2018,3,16,1,1,5,3,0,1,1,0,0,0,0,0,7.23114E+20,5.74799E+21,1.22387E+16,5.18381E+16
209059,15,0,2,0,2018,2,14,6,3,6,4,0,1,0,1,0,0,0,0,7.06265E+20,5.70688E+21,1.19703E+16,5.14754E+16
209060,15,0,2,0,2018,2,12,6,2,5,3,0,0,1,0,0,0,0,0,7.02203E+20,5.70712E+21,1.1912E+16,5.14791E+16
209061,15,0,3,0,2018,3,10,1,3,5,2,0,0,1,0,0,0,0,0,6.81349E+20,5.78011E+21,1.16502E+16,5.21417E+16
209062,15,0,84,355,2018,2,11,6,3,6,6,0,1,0,1,0,0,0,0,6.96795E+20,5.67141E+21,1.18145E+16,5.11602E+16
209063,15,0,91,241,2018,2,22,6,3,6,7,2,0,1,1,0,0,0,0,7.35554E+20,5.74863E+21,1.24194E+16,5.18387E+16
209064,15,0,88,205,2018,3,18,7,2,8,1,1,0,1,0,0,0,0,0,7.11308E+20,5.68957E+21,1.20325E+16,5.13182E+16
209065,15,0,1,0,2018,2,6,6,2,4,3,1,1,1,0,0,0,0,1,7.21124E+20,5.74658E+21,1.2209E+16,5.18262E+16
209066,15,0,88,195,2018,3,11,7,3,9,1,0,0,1,0,0,0,0,0,7.17121E+20,5.71038E+21,1.21285E+16,5.15028E+16
209067,15,0,82,5,2018,2,11,6,2,4,3,0,1,1,0,0,0,0,0,7.09277E+20,5.74915E+21,1.20389E+16,5.18539E+16
209068,15,0,84,355,2018,3,13,7,3,5,3,0,1,1,0,0,0,0,0,6.97176E+20,5.67078E+21,1.18196E+16,5.11544E+16
209069,15,0,85,55,2018,2,12,6,3,1,6,0,0,1,0,0,0,1,1,6.3833E+20,5.73752E+21,1.10049E+16,5.17714E+16
209070,15,0,82,340,2018,3,22,7,3,8,1,2,0,1,0,0,0,0,0,7.235E+20,5.72085E+21,1.22269E+16,5.15942E+16
209071,15,0,85,235,2018,2,9,6,3,5,3,0,1,1,0,0,0,0,0,6.48596E+20,5.73876E+21,1.11541E+16,5.178E+16
209072,15,0,90,535,2018,2,16,5,3,5,2,0,1,1,0,0,0,0,0,6.93972E+20,5.83148E+21,1.18642E+16,5.25986E+16
209073,15,0,90,535,2018,3,11,7,3,2,5,0,0,1,0,0,0,0,0,6.93258E+20,5.83152E+21,1.18537E+16,5.25993E+16
209074,15,0,3,0,2018,2,6,5,3,5,2,1,0,1,0,0,0,0,0,6.79243E+20,5.77793E+21,1.16183E+16,5.21228E+16
209075,15,0,3,0,2018,2,7,5,2,6,2,2,0,0,1,0,0,1,0,6.81604E+20,5.78249E+21,1.16552E+16,5.21629E+16
209076,15,0,3,0,2018,3,8,7,3,1,6,0,0,1,0,0,0,1,0,6.78036E+20,5.77573E+21,1.15996E+16,5.21034E+16
209077,15,0,3,0,2018,2,16,5,3,5,3,0,1,1,0,0,0,0,0,6.78664E+20,5.77909E+21,1.16105E+16,5.21334E+16
209078,15,0,85,235,2018,2,10,5,2,2,6,0,0,1,0,0,0,0,0,6.47562E+20,5.73919E+21,1.11393E+16,5.17841E+16
209079,15,0,83,535,2018,3,10,7,2,5,2,0,0,1,0,0,0,0,0,6.47651E+20,5.78335E+21,1.11596E+16,5.21809E+16
209080,15,0,2,0,2018,2,7,4,3,2,2,1,0,1,0,0,0,0,0,7.06046E+20,5.70978E+21,1.19688E+16,5.15015E+16
209081,15,0,87,386,2018,3,17,6,3,9,1,0,0,0,0,0,0,1,0,6.86729E+20,5.71365E+21,1.16929E+16,5.1543E+16
209082,15,0,2,0,2018,2,10,4,3,2,2,0,0,1,0,0,0,1,0,7.06282E+20,5.70588E+21,1.19699E+16,5.14665E+16
209083,15,0,87,130,2018,3,17,6,3,5,3,0,0,1,0,0,0,0,0,6.76749E+20,5.71261E+21,1.15486E+16,5.15369E+16
209084,15,0,85,135,2018,2,15,4,3,1,7,0,0,1,0,0,1,0,0,6.44605E+20,5.75207E+21,1.11018E+16,5.19006E+16
209085,15,0,2,0,2018,3,6,6,3,0,5,0,0,1,0,0,0,1,0,7.06794E+20,5.70833E+21,1.19787E+16,5.14883E+16
209086,15,0,83,490,2018,2,13,4,3,0,7,0,1,1,0,0,0,0,0,6.73579E+20,5.76799E+21,1.15306E+16,5.20354E+16
209087,15,0,84,550,2018,3,9,6,3,5,3,0,0,1,0,0,0,0,0,7.04646E+20,5.67429E+21,1.19283E+16,5.11833E+16
209088,15,0,2,0,2018,2,6,3,3,0,7,1,0,1,0,0,0,0,0,7.00208E+20,5.71033E+21,1.18851E+16,5.15085E+16
209089,15,0,2,0,2018,2,1,3,3,9,1,2,0,1,0,0,0,0,1,7.07206E+20,5.70834E+21,1.19847E+16,5.14882E+16
209090,15,0,84,550,2018,3,9,6,2,6,7,0,0,1,1,0,0,0,0,7.08234E+20,5.67592E+21,1.19805E+16,5.11967E+16
209091,15,0,87,31,2018,2,11,3,3,2,6,0,0,1,0,0,0,1,0,6.62587E+20,5.72562E+21,1.13506E+16,5.16581E+16
209092,15,0,3,0,2018,3,14,6,3,6,7,0,0,1,1,0,0,0,0,6.80817E+20,5.78188E+21,1.16434E+16,5.21578E+16
209093,15,0,3,0,2018,2,16,3,3,5,3,0,1,1,0,0,0,0,0,6.76956E+20,5.77966E+21,1.15859E+16,5.21391E+16
209094,15,0,3,0,2018,3,18,6,2,5,3,0,0,1,0,0,0,0,0,6.79391E+20,5.7767E+21,1.16199E+16,5.21117E+16