OBJECTID_1,ULAND,UREGBEZ,UKREIS,UGEMEINDE,UJAHR,UMONAT,USTUNDE,UWOCHENTAG,UKATEGORIE,UART,UTYP1,ULICHTVERH,IstRad,IstPKW,IstFuss,IstKrad,IstGkfz,IstSonstig,STRZUSTAND,LINREFX,LINREFY,XGCSWGS84,YGCSWGS84
209095,15,0,3,0,2018,2,7,3,3,6,2,0,0,1,1,0,0,0,0,6.78521E+20,5.77897E+21,1.16084E+16,5.21324E+16
209096,15,0,3,0,2018,3,14,6,3,5,3,0,1,1,0,0,0,1,0,6.8078E+20,5.7762E+21,1.16399E+16,5.21068E+16
209097,15,0,85,235,2018,2,16,3,3,6,4,0,0,1,1,0,0,0,0,6.48036E+20,5.73938E+21,1.11463E+16,5.17856E+16
209098,15,0,85,55,2018,3,7,6,3,2,2,0,0,1,0,0,0,0,0,6.34841E+20,5.73956E+21,1.09551E+16,5.17906E+16
209099,15,0,2,0,2018,2,9,2,3,6,4,0,0,1,1,0,0,0,1,7.07169E+20,5.70705E+21,1.19834E+16,5.14766E+16
209100,15,0,88,319,2018,3,16,5,3,0,1,0,0,0,0,1,0,0,0,6.96269E+20,5.70735E+21,1.18268E+16,5.14832E+16
209101,15,0,2,0,2018,2,12,2,3,3,5,0,0,1,0,0,0,1,0,7.05418E+20,5.70753E+21,1.19585E+16,5.14816E+16
209102,15,0,88,295,2018,3,19,5,3,5,3,1,0,1,0,0,0,0,0,7.04548E+20,5.71645E+21,1.19511E+16,5.1562E+16
209103,15,0,91,375,2018,2,18,2,3,5,2,2,0,1,0,0,0,0,0,7.51321E+20,5.75425E+21,1.26519E+16,5.18822E+16
209104,15,0,88,220,2018,3,9,5,3,5,3,0,0,1,0,0,0,0,0,7.08532E+20,5.69377E+21,1.19952E+16,5.13569E+16
209105,15,0,89,305,2018,2,16,2,3,5,2,0,0,1,0,0,0,0,0,6.87469E+20,5.76631E+21,1.1732E+16,5.20157E+16
209106,15,0,2,0,2018,3,14,5,2,6,2,0,0,1,1,0,0,0,0,7.05898E+20,5.7089E+21,1.19662E+16,5.14937E+16
209107,15,0,83,490,2018,2,22,2,3,5,3,2,0,1,0,0,0,0,0,6.78262E+20,5.77011E+21,1.15999E+16,5.20529E+16
209108,15,0,2,0,2018,3,16,5,3,6,4,0,0,1,1,0,0,0,0,7.01006E+20,5.71064E+21,1.18968E+16,5.15111E+16
209109,15,0,84,135,2018,2,12,1,3,4,2,0,0,1,0,0,0,1,1,6.97484E+20,5.68E+21,1.18291E+16,5.12372E+16
209110,15,0,82,180,2018,3,7,5,2,5,3,0,1,1,0,0,0,0,0,7.04749E+20,5.73709E+21,1.19661E+16,5.17472E+16
209111,15,0,82,15,2018,2,13,1,3,5,3,0,1,1,0,0,0,0,0,7.2459E+20,5.73128E+21,1.22493E+16,5.16875E+16
209112,15,0,90,535,2018,3,18,5,3,1,5,1,0,1,0,0,0,1,0,6.94475E+20,5.83312E+21,1.18726E+16,5.26132E+16
209113,15,0,3,0,2018,2,11,7,3,5,3,0,0,1,0,0,0,0,0,6.79869E+20,5.78312E+21,1.16302E+16,5.21692E+16
209114,15,0,3,0,2018,2,9,7,3,5,2,0,0,1,0,0,0,0,0,6.77287E+20,5.77586E+21,1.15887E+16,5.21049E+16
209115,15,0,90,535,2018,3,16,5,3,5,3,0,0,1,0,0,0,0,0,6.94628E+20,5.82971E+21,1.18728E+16,5.25825E+16
209116,15,0,2,0,2018,2,12,6,2,8,1,0,0,1,0,0,0,0,0,7.10185E+20,5.70247E+21,1.2024E+16,5.14344E+16
209117,15,0,91,375,2018,4,15,5,3,5,3,0,0,1,1,0,0,0,1,7.52476E+20,5.75359E+21,1.26682E+16,5.18758E+16
209118,15,0,84,560,2018,4,15,4,3,1,6,0,0,1,0,0,0,0,0,6.99662E+20,5.66909E+21,1.18542E+16,5.11384E+16
209119,15,0,90,225,2018,4,10,4,3,6,4,0,0,1,1,0,0,0,0,7.07441E+20,5.85793E+21,1.20794E+16,5.28312E+16
209120,15,0,89,305,2018,4,21,4,3,5,3,2,1,1,0,0,0,0,1,6.89312E+20,5.76584E+21,1.17585E+16,5.20108E+16
209121,15,0,3,0,2018,4,17,4,3,5,3,0,1,1,0,0,0,0,0,6.79414E+20,5.77991E+21,1.16219E+16,5.21405E+16
209122,15,0,88,220,2018,4,7,4,3,2,6,0,0,1,0,0,0,0,0,7.07567E+20,5.69388E+21,1.19814E+16,5.13582E+16
209123,15,0,3,0,2018,4,21,4,3,7,5,1,1,1,0,0,0,0,1,6.79355E+20,5.77732E+21,1.16197E+16,5.21173E+16
209124,15,0,3,0,2018,4,15,4,3,5,3,0,0,1,0,0,0,0,0,6.78549E+20,5.77908E+21,1.16088E+16,5.21334E+16
209125,15,0,86,15,2018,4,10,4,3,0,7,0,0,1,1,0,0,0,0,6.9403E+20,5.79387E+21,1.18432E+16,5.22609E+16
209126,15,0,85,370,2018,4,13,4,3,6,4,0,0,1,1,0,0,0,0,6.2397E+20,5.74524E+21,1.07996E+16,5.18441E+16
209127,15,0,81,135,2018,4,17,4,3,5,3,0,0,1,0,1,0,0,0,6.62269E+20,5.82343E+21,1.13926E+16,5.25367E+16
209128,15,0,3,0,2018,4,13,3,3,4,6,0,0,1,1,0,0,0,0,6.78202E+20,5.77506E+21,1.16017E+16,5.20974E+16
209129,15,0,2,0,2018,4,8,3,3,1,5,0,1,1,0,0,0,0,0,7.05888E+20,5.70848E+21,1.19658E+16,5.14899E+16
209130,15,0,88,205,2018,4,15,3,3,3,2,0,1,1,0,0,0,0,0,7.21729E+20,5.69434E+21,1.21848E+16,5.1357E+16
209131,15,0,88,220,2018,4,15,5,3,6,2,0,0,1,1,0,0,0,1,7.08836E+20,5.69385E+21,1.19996E+16,5.13574E+16
209132,15,0,90,535,2018,4,13,3,3,0,3,0,1,0,0,0,0,1,0,6.92628E+20,5.83267E+21,1.1845E+16,5.26098E+16
209133,15,0,3,0,2018,4,3,3,3,8,7,2,0,1,0,0,0,0,1,6.80074E+20,5.77702E+21,1.163E+16,5.21143E+16
209134,15,0,3,0,2018,4,16,6,3,1,6,0,0,1,0,0,0,0,0,6.81851E+20,5.78065E+21,1.16579E+16,5.21464E+16
209135,15,0,85,235,2018,4,16,3,2,9,1,0,0,1,0,0,0,0,0,6.48827E+20,5.74042E+21,1.11582E+16,5.17948E+16
209136,15,0,81,455,2018,4,8,3,3,8,1,0,0,1,0,0,0,0,1,6.45362E+20,5.85742E+21,1.11585E+16,5.28469E+16
209137,15,0,88,305,2018,4,16,2,2,5,2,0,0,1,0,1,0,0,0,6.81391E+20,5.69579E+21,1.16068E+16,5.13844E+16
209138,15,0,91,375,2018,4,18,4,2,0,1,0,1,0,0,0,0,0,0,7.50767E+20,5.75244E+21,1.26425E+16,5.18663E+16
209139,15,0,88,220,2018,4,17,2,3,5,3,0,0,1,0,1,0,0,0,7.08325E+20,5.6938E+21,1.19922E+16,5.13572E+16
209140,15,0,84,590,2018,4,17,5,3,5,3,0,0,1,0,1,0,0,1,7.20151E+20,5.66012E+21,1.21411E+16,5.10504E+16
209141,15,0,91,375,2018,4,16,4,2,5,3,0,1,1,0,0,0,0,0,7.51439E+20,5.7535E+21,1.26531E+16,5.18755E+16
209142,15,0,89,30,2018,4,16,2,2,5,3,0,0,1,0,1,0,0,0,6.89129E+20,5.74096E+21,1.17422E+16,5.17875E+16
209143,15,0,83,557,2018,4,14,2,3,0,7,0,0,1,0,0,0,0,0,6.69156E+20,5.79566E+21,1.148E+16,5.22852E+16
209144,15,0,1,0,2018,4,7,4,3,4,6,0,0,1,0,1,0,0,0,7.19917E+20,5.74602E+21,1.21911E+16,5.18217E+16
209145,15,0,90,535,2018,4,17,4,3,4,6,0,1,1,0,0,0,0,0,6.92995E+20,5.83165E+21,1.18499E+16,5.26005E+16
209146,15,0,84,550,2018,4,12,1,3,0,1,0,0,0,0,1,0,0,0,7.0358E+20,5.67417E+21,1.1913E+16,5.11827E+16
209147,15,0,90,546,2018,4,12,4,3,6,4,0,0,1,1,0,0,0,0,6.91369E+20,5.81307E+21,1.18152E+16,5.24343E+16
209148,15,0,3,0,2018,4,18,4,3,6,2,0,0,1,1,0,0,0,0,6.82179E+20,5.77419E+21,1.16592E+16,5.20883E+16
209149,15,0,91,375,2018,3,17,7,3,5,3,0,1,1,0,0,0,0,0,7.49877E+20,5.75272E+21,1.26298E+16,5.18692E+16
209150,15,0,86,15,2018,4,12,4,3,1,5,0,1,1,0,0,0,0,0,6.94761E+20,5.79493E+21,1.18545E+16,5.22702E+16
209151,15,0,83,415,2018,4,12,4,3,0,7,0,0,0,1,0,1,0,0,6.50018E+20,5.77033E+21,1.11885E+16,5.20632E+16
209152,15,0,90,535,2018,3,17,7,3,0,2,0,1,1,0,0,0,0,1,6.93926E+20,5.83142E+21,1.18635E+16,5.25982E+16
209153,15,0,89,30,2018,4,16,5,3,5,3,0,0,1,0,0,0,0,0,6.89806E+20,5.74131E+21,1.17522E+16,5.17904E+16
209154,15,0,84,550,2018,4,7,3,2,1,6,0,0,1,0,0,0,0,0,7.05385E+20,5.67867E+21,1.19413E+16,5.12224E+16
209155,15,0,90,70,2018,3,8,7,3,1,3,0,0,1,0,0,0,0,1,6.72786E+20,5.83768E+21,1.15549E+16,5.26615E+16
209156,15,0,3,0,2018,3,13,7,3,1,7,0,0,1,0,0,0,0,1,6.78286E+20,5.77663E+21,1.16037E+16,5.21114E+16
209157,15,0,91,10,2018,4,18,3,3,6,1,0,0,1,1,0,0,0,1,7.70122E+20,5.73127E+21,1.29066E+16,5.16674E+16
209158,15,0,1,0,2018,4,14,3,3,5,3,0,1,1,0,0,0,0,0,7.21821E+20,5.74815E+21,1.22201E+16,5.184E+16
209159,15,0,89,30,2018,3,20,6,3,5,6,2,0,1,0,0,0,0,0,6.88858E+20,5.73969E+21,1.17376E+16,5.17762E+16
209160,15,0,90,535,2018,4,13,3,2,0,1,0,1,0,0,0,0,0,0,6.94011E+20,5.83121E+21,1.18646E+16,5.25962E+16
209161,15,0,89,310,2018,3,11,5,2,6,4,0,0,1,1,0,0,0,0,6.78183E+20,5.74785E+21,1.15872E+16,5.1853E+16
209162,15,0,90,535,2018,4,7,3,3,1,6,0,0,1,0,0,1,0,0,6.92249E+20,5.8294E+21,1.18376E+16,5.25806E+16
209163,15,0,3,0,2018,3,17,5,3,3,6,0,0,1,0,0,0,0,0,6.78297E+20,5.77874E+21,1.1605E+16,5.21303E+16
209164,15,0,3,0,2018,4,10,3,3,3,6,0,1,1,0,0,0,0,0,6.79471E+20,5.77739E+21,1.16214E+16,5.21179E+16
209165,15,0,3,0,2018,3,12,5,3,6,4,0,0,1,1,0,0,0,0,6.78818E+20,5.77831E+21,1.16123E+16,5.21264E+16
209166,15,0,3,0,2018,4,7,5,2,6,4,0,0,1,1,0,0,0,0,6.82785E+20,5.77311E+21,1.16674E+16,5.20783E+16
209167,15,0,3,0,2018,4,22,3,3,5,3,2,0,1,0,0,0,1,0,6.79445E+20,5.77592E+21,1.16202E+16,5.21047E+16
209168,15,0,3,0,2018,3,6,5,3,5,3,1,1,1,0,0,0,0,0,6.7994E+20,5.77636E+21,1.16277E+16,5.21085E+16
209169,15,0,86,140,2018,3,11,5,3,4,6,0,0,1,0,0,0,0,0,7.07159E+20,5.77977E+21,1.20267E+16,5.21296E+16
209170,15,0,3,0,2018,4,15,3,3,6,7,0,0,1,0,0,0,1,0,6.80172E+20,5.77801E+21,1.16319E+16,5.21232E+16
209171,15,0,3,0,2018,4,16,3,3,5,2,0,1,1,0,0,0,0,0,6.8056E+20,5.78144E+21,1.16394E+16,5.21539E+16
209172,15,0,85,55,2018,3,10,5,3,1,7,0,0,1,0,0,0,1,0,6.34928E+20,5.73944E+21,1.09564E+16,5.17896E+16
209173,15,0,3,0,2018,4,15,3,3,1,6,0,0,1,0,0,0,0,0,6.81187E+20,5.77561E+21,1.16455E+16,5.21013E+16
209174,15,0,83,490,2018,3,5,5,3,5,3,1,0,1,0,0,0,1,1,6.77247E+20,5.77E+21,1.15851E+16,5.20522E+16
209175,15,0,2,0,2018,3,22,4,3,9,1,2,0,1,0,0,0,0,1,7.05829E+20,5.70596E+21,1.19635E+16,5.14673E+16
209176,15,0,85,370,2018,4,16,3,3,1,6,0,0,1,0,0,0,0,0,6.2099E+20,5.74777E+21,1.07573E+16,5.18675E+16
209177,15,0,85,135,2018,4,12,3,3,0,2,0,1,1,0,0,0,0,0,6.42164E+20,5.75117E+21,1.1066E+16,5.18931E+16
209178,15,0,85,190,2018,4,6,3,3,5,3,0,1,0,0,0,0,1,2,6.16135E+20,5.74727E+21,1.06866E+16,5.18641E+16
209179,15,0,3,0,2018,3,6,4,3,1,6,0,0,1,0,0,0,0,1,6.80153E+20,5.77644E+21,1.16308E+16,5.21091E+16
209180,15,0,81,135,2018,4,6,3,3,5,3,0,1,1,0,0,0,0,0,6.62965E+20,5.82255E+21,1.14024E+16,5.25286E+16
209181,15,0,81,455,2018,4,0,3,3,6,4,2,1,0,1,0,0,0,0,6.46453E+20,5.85706E+21,1.11745E+16,5.28434E+16
209182,15,0,82,15,2018,4,11,2,2,5,3,0,0,1,0,0,0,0,1,7.26159E+20,5.72848E+21,1.22702E+16,5.16617E+16
209183,15,0,85,135,2018,3,16,4,3,2,2,0,0,1,0,0,0,0,0,6.43053E+20,5.75015E+21,1.10785E+16,5.18838E+16
209184,15,0,2,0,2018,4,16,2,3,5,3,0,0,1,0,0,0,0,0,7.09033E+20,5.70652E+21,1.20099E+16,5.14712E+16
209185,15,0,2,0,2018,4,11,2,3,5,3,0,0,1,0,0,0,0,1,7.05696E+20,5.70701E+21,1.19622E+16,5.14768E+16
209186,15,0,88,235,2018,3,15,3,1,5,3,0,0,1,0,0,0,1,0,6.90308E+20,5.69228E+21,1.17329E+16,5.13499E+16
209187,15,0,83,415,2018,4,0,6,1,0,1,2,0,0,0,0,0,1,0,6.56172E+20,5.76641E+21,1.12764E+16,5.20263E+16
209188,15,0,2,0,2018,4,8,2,3,2,2,0,0,1,0,0,0,0,1,7.113E+20,5.70829E+21,1.20435E+16,5.14862E+16
209189,15,0,2,0,2018,3,7,3,3,2,6,0,0,1,0,0,0,0,0,7.05319E+20,5.7088E+21,1.19578E+16,5.1493E+16
209190,15,0,84,590,2018,3,8,3,3,0,2,0,0,1,0,0,0,1,0,7.19831E+20,5.65914E+21,1.2136E+16,5.10416E+16
209191,15,0,82,15,2018,4,13,2,2,6,6,0,0,1,1,0,0,0,0,7.30759E+20,5.72505E+21,1.23343E+16,5.1629E+16
209192,15,0,3,0,2018,4,11,2,3,1,6,0,0,1,0,0,0,0,0,6.78278E+20,5.77491E+21,1.16027E+16,5.2096E+16
209193,15,0,3,0,2018,4,6,2,3,3,2,1,1,1,0,0,0,0,1,6.80073E+20,5.78276E+21,1.1633E+16,5.21659E+16
209194,15,0,91,375,2018,3,17,3,3,5,2,0,0,1,0,0,0,0,0,7.52085E+20,5.75461E+21,1.26632E+16,5.18852E+16
209195,15,0,3,0,2018,4,10,2,3,5,3,0,1,1,0,0,0,0,1,6.78948E+20,5.77855E+21,1.16144E+16,5.21284E+16
209196,15,0,85,135,2018,4,16,2,3,2,2,0,0,1,0,0,0,0,0,6.4101E+20,5.75133E+21,1.10493E+16,5.18949E+16
209197,15,0,1,0,2018,3,16,3,3,5,3,0,0,1,0,1,0,0,0,7.23559E+20,5.75369E+21,1.22489E+16,5.18891E+16
209198,15,0,84,590,2018,4,16,5,3,2,6,0,0,1,0,0,0,1,0,7.18463E+20,5.66327E+21,1.2119E+16,5.10793E+16
209199,15,0,81,135,2018,4,7,2,3,6,4,0,0,1,1,0,0,0,1,6.63462E+20,5.82291E+21,1.14099E+16,5.25317E+16
209200,15,0,3,0,2018,3,14,3,3,5,3,0,1,1,0,0,0,0,0,6.79343E+20,5.77703E+21,1.16193E+16,5.21147E+16
209201,15,0,3,0,2018,3,13,3,2,5,3,0,0,1,0,0,0,0,0,6.74262E+20,5.77428E+21,1.15438E+16,5.20916E+16
209202,15,0,87,220,2018,4,14,5,3,5,2,0,0,1,0,0,0,0,0,6.71997E+20,5.7259E+21,1.14867E+16,5.16577E+16
209203,15,0,81,455,2018,4,11,2,3,4,2,0,1,1,0,0,0,0,0,6.4606E+20,5.85714E+21,1.11688E+16,5.28441E+16
209204,15,0,86,40,2018,3,17,3,3,0,7,0,1,0,0,0,0,0,0,7.13439E+20,5.81233E+21,1.21389E+16,5.24195E+16
209205,15,0,88,220,2018,3,17,2,3,2,6,0,0,1,0,0,0,0,0,7.07321E+20,5.69056E+21,1.19759E+16,5.13285E+16
209206,15,0,87,220,2018,4,13,1,2,8,1,0,0,0,0,1,0,0,0,6.72137E+20,5.72544E+21,1.14885E+16,5.16536E+16
209207,15,0,87,130,2018,4,12,1,3,9,6,0,0,0,0,0,0,1,0,6.78243E+20,5.70984E+21,1.15687E+16,5.15116E+16
209208,15,0,2,0,2018,3,16,2,3,5,3,0,0,1,0,0,0,0,0,7.07209E+20,5.70166E+21,1.19808E+16,5.14282E+16
209209,15,0,84,355,2018,4,0,1,3,9,1,2,0,1,0,0,0,0,0,6.95031E+20,5.66572E+21,1.17862E+16,5.11097E+16
209210,15,0,84,355,2018,4,17,1,3,5,3,0,1,1,0,0,0,0,0,6.96655E+20,5.6707E+21,1.18121E+16,5.11539E+16
209211,15,0,90,535,2018,3,17,2,3,9,1,0,0,0,0,0,0,1,0,6.91996E+20,5.83534E+21,1.18373E+16,5.2634E+16
209212,15,0,3,0,2018,4,11,5,3,5,3,0,1,1,0,0,0,0,0,6.79339E+20,5.78147E+21,1.16216E+16,5.21546E+16
209213,15,0,3,0,2018,4,13,1,3,0,1,0,0,0,0,1,0,0,0,6.78813E+20,5.77835E+21,1.16123E+16,5.21267E+16
209214,15,0,3,0,2018,3,21,2,3,0,7,2,0,0,0,1,0,0,0,6.76201E+20,5.78087E+21,1.15755E+16,5.21502E+16
209215,15,0,81,30,2018,3,19,2,3,5,3,1,1,0,0,1,0,0,0,6.6705E+20,5.86194E+21,1.14826E+16,5.28812E+16
209216,15,0,88,20,2018,4,11,7,3,5,3,0,1,1,0,0,0,0,0,7.14442E+20,5.6876E+21,1.20762E+16,5.12993E+16
209217,15,0,2,0,2018,4,15,7,3,5,3,0,1,1,0,0,0,0,0,7.06711E+20,5.70894E+21,1.19779E+16,5.14938E+16
209218,15,0,3,0,2018,3,16,2,3,5,3,0,0,1,0,0,0,0,0,6.79527E+20,5.77479E+21,1.16208E+16,5.20945E+16
209219,15,0,88,65,2018,3,13,1,3,8,1,0,0,0,0,1,0,0,0,7.00327E+20,5.68448E+21,1.18723E+16,5.12763E+16
209220,15,0,84,355,2018,4,20,7,3,0,1,1,1,0,0,0,0,0,0,6.90537E+20,5.66857E+21,1.17236E+16,5.11368E+16
209221,15,0,1,0,2018,4,23,7,3,0,1,2,1,0,0,0,0,0,0,7.23176E+20,5.74787E+21,1.22395E+16,5.1837E+16
209222,15,0,1,0,2018,3,13,1,3,5,3,0,1,1,0,0,0,0,0,7.20228E+20,5.75446E+21,1.2201E+16,5.18973E+16
209223,15,0,82,256,2018,4,9,7,3,0,1,0,0,0,0,1,0,0,0,7.04964E+20,5.74229E+21,1.19723E+16,5.17939E+16
209224,15,0,90,550,2018,3,19,1,3,1,1,2,0,1,0,0,0,0,0,7.01609E+20,5.82629E+21,1.19736E+16,5.25493E+16
209225,15,0,88,195,2018,4,0,4,3,2,6,2,1,0,0,1,0,0,0,7.17281E+20,5.71472E+21,1.21335E+16,5.15417E+16
209226,15,0,82,180,2018,4,10,7,3,1,5,0,1,0,0,0,0,1,0,7.03748E+20,5.7373E+21,1.19518E+16,5.17495E+16
209227,15,0,91,20,2018,3,16,7,2,0,7,0,0,1,0,1,0,0,0,7.58764E+20,5.73317E+21,1.27441E+16,5.16897E+16
209228,15,0,89,305,2018,3,0,7,3,2,2,2,0,1,0,0,0,0,0,6.88362E+20,5.76672E+21,1.17452E+16,5.20191E+16
209229,15,0,90,535,2018,4,9,7,3,9,1,0,0,0,0,1,0,0,1,6.91094E+20,5.82923E+21,1.18204E+16,5.25795E+16
209230,15,0,89,165,2018,4,18,7,2,5,3,0,0,1,0,1,0,0,0,6.79251E+20,5.74137E+21,1.15994E+16,5.17945E+16
209231,15,0,89,30,2018,3,14,7,3,4,3,0,1,1,0,0,0,0,0,6.8986E+20,5.74101E+21,1.17528E+16,5.17877E+16
209232,15,0,3,0,2018,4,7,6,3,5,3,0,0,1,0,0,0,0,0,6.78532E+20,5.7806E+21,1.16094E+16,5.2147E+16
209233,15,0,3,0,2018,3,22,7,3,6,6,2,0,1,1,0,0,0,0,6.8089E+20,5.77624E+21,1.16415E+16,5.2107E+16
209234,15,0,88,220,2018,4,11,6,3,5,3,0,0,1,0,0,0,0,0,7.06629E+20,5.6954E+21,1.19688E+16,5.13722E+16
209235,15,0,3,0,2018,3,14,7,2,0,7,0,0,1,0,0,0,0,0,6.7678E+20,5.78161E+21,1.15843E+16,5.21566E+16
209236,15,0,3,0,2018,3,11,7,2,1,2,0,0,1,0,0,0,0,0,6.78946E+20,5.78192E+21,1.16161E+16,5.21587E+16
209237,15,0,88,220,2018,4,11,6,3,5,3,0,1,1,0,0,0,0,0,7.07487E+20,5.69389E+21,1.19802E+16,5.13583E+16
209238,15,0,3,0,2018,3,16,7,3,2,2,0,0,1,0,0,0,0,0,6.80909E+20,5.77879E+21,1.16431E+16,5.213E+16
209239,15,0,1,0,2018,4,6,6,3,5,3,0,0,1,0,0,0,0,0,7.23188E+20,5.74714E+21,1.22393E+16,5.18305E+16
209240,15,0,3,0,2018,4,21,6,3,4,2,1,0,1,0,0,0,0,0,6.76047E+20,5.77989E+21,1.15727E+16,5.21414E+16
209241,15,0,85,55,2018,3,13,7,3,2,2,0,0,1,0,1,0,0,0,6.35967E+20,5.73988E+21,1.09716E+16,5.17933E+16
209242,15,0,3,0,2018,4,18,6,3,5,3,0,0,1,0,0,0,0,0,6.81196E+20,5.7753E+21,1.16454E+16,5.20985E+16
209243,15,0,86,55,2018,4,15,6,3,2,6,0,1,0,0,0,0,0,1,6.94068E+20,5.7737E+21,1.18322E+16,5.20798E+16
209244,15,0,85,135,2018,3,11,7,3,5,3,0,0,1,0,0,0,0,0,6.42082E+20,5.75145E+21,1.10649E+16,5.18957E+16
209245,15,0,83,270,2018,4,11,6,3,1,7,0,0,1,0,1,0,0,0,6.65484E+20,5.79799E+21,1.14274E+16,5.23073E+16
209246,15,0,87,220,2018,4,10,5,3,9,7,0,0,1,0,0,0,0,0,6.7402E+20,5.72387E+21,1.15149E+16,5.16389E+16
209247,15,0,85,125,2018,3,1,7,2,9,1,2,0,1,0,0,0,0,0,6.45506E+20,5.75532E+21,1.11163E+16,5.19295E+16
209248,15,0,87,130,2018,3,14,6,3,5,2,0,0,1,0,0,0,0,0,6.76898E+20,5.71155E+21,1.15502E+16,5.15273E+16
209249,15,0,2,0,2018,4,13,5,3,5,3,0,0,1,0,0,0,0,0,7.03847E+20,5.70707E+21,1.19356E+16,5.1478E+16
209250,15,0,84,341,2018,4,15,5,2,5,2,0,0,0,0,1,1,0,0,6.9214E+20,5.66283E+21,1.17434E+16,5.10847E+16
209251,15,0,91,375,2018,4,14,5,3,5,2,0,1,1,0,0,0,0,0,7.51692E+20,5.75353E+21,1.26567E+16,5.18756E+16
209252,15,0,2,0,2018,3,12,6,3,0,1,0,1,0,0,0,0,0,0,7.04817E+20,5.71014E+21,1.19513E+16,5.15052E+16
209253,15,0,1,0,2018,4,19,5,3,5,2,0,0,1,1,0,0,0,0,7.19248E+20,5.74549E+21,1.21811E+16,5.18171E+16
209254,15,0,84,355,2018,3,15,6,3,0,1,0,0,1,0,0,0,0,0,6.97243E+20,5.67018E+21,1.18202E+16,5.11491E+16
209255,15,0,82,241,2018,4,12,5,3,5,1,0,0,1,0,0,0,1,0,7.33109E+20,5.72688E+21,1.23694E+16,5.16445E+16
209256,15,0,90,135,2018,4,11,5,2,4,6,0,0,1,0,0,0,0,0,6.95482E+20,5.84248E+21,1.1893E+16,5.26969E+16
209257,15,0,89,30,2018,4,13,5,3,5,3,0,1,1,0,0,0,0,0,6.88482E+20,5.7424E+21,1.17337E+16,5.18006E+16
209258,15,0,3,0,2018,3,17,6,3,4,6,0,1,0,0,0,0,0,0,6.79351E+20,5.78193E+21,1.1622E+16,5.21587E+16
209259,15,0,3,0,2018,4,7,5,3,5,2,0,1,1,0,0,0,0,0,6.78765E+20,5.777E+21,1.16109E+16,5.21146E+16
209260,15,0,85,227,2018,4,18,5,3,5,3,0,0,1,0,1,0,0,0,6.11886E+20,5.75402E+21,1.06272E+16,5.19257E+16
209261,15,0,3,0,2018,3,13,6,3,5,5,0,0,1,0,0,0,0,0,6.78086E+20,5.77828E+21,1.16016E+16,5.21263E+16
209262,15,0,84,355,2018,4,7,5,3,6,4,0,0,1,1,0,0,0,0,6.96682E+20,5.67085E+21,1.18126E+16,5.11552E+16
209263,15,0,81,455,2018,4,19,5,3,0,6,0,0,1,1,0,0,0,0,6.43778E+20,5.85699E+21,1.11348E+16,5.28434E+16
209264,15,0,3,0,2018,3,13,6,3,4,7,0,0,1,0,0,0,0,0,6.80077E+20,5.77701E+21,1.163E+16,5.21143E+16
209265,15,0,3,0,2018,3,13,6,3,1,5,0,0,1,0,0,0,0,0,6.79998E+20,5.77728E+21,1.1629E+16,5.21167E+16
209266,15,0,88,330,2018,4,16,4,3,8,1,0,0,0,0,1,0,0,0,7.07568E+20,5.69841E+21,1.1984E+16,5.13989E+16
209267,15,0,2,0,2018,4,13,4,3,6,6,0,1,0,1,0,0,0,0,7.06171E+20,5.70762E+21,1.19694E+16,5.14821E+16
209268,15,0,3,0,2018,3,14,6,3,2,6,0,0,1,0,0,0,0,0,6.81707E+20,5.78104E+21,1.1656E+16,5.21499E+16
209269,15,0,2,0,2018,4,19,4,3,5,3,1,1,1,0,0,0,0,0,7.05896E+20,5.70886E+21,1.19661E+16,5.14933E+16
209270,15,0,3,0,2018,3,15,6,3,1,6,0,0,1,0,0,0,0,0,6.79839E+20,5.77688E+21,1.16265E+16,5.21132E+16
209271,15,0,3,0,2018,4,15,5,3,5,2,0,1,1,0,0,0,0,0,6.78228E+20,5.77658E+21,1.16028E+16,5.2111E+16
209272,15,0,2,0,2018,4,10,4,3,5,3,0,1,1,0,0,0,0,0,7.03929E+20,5.70889E+21,1.19378E+16,5.14943E+16
209273,15,0,3,0,2018,3,16,6,3,1,6,0,0,1,0,0,0,0,0,6.80277E+20,5.78284E+21,1.1636E+16,5.21665E+16
209274,15,0,89,310,2018,4,13,5,3,1,6,0,0,1,0,1,0,0,0,6.78142E+20,5.74822E+21,1.15868E+16,5.18563E+16
209275,15,0,2,0,2018,4,13,4,2,6,2,0,0,1,1,0,0,0,0,7.05387E+20,5.70391E+21,1.19559E+16,5.14491E+16
209276,15,0,2,0,2018,3,15,5,3,5,3,0,0,1,0,0,0,0,1,7.06748E+20,5.7065E+21,1.1977E+16,5.14719E+16
209277,15,0,2,0,2018,3,16,5,3,5,2,0,0,1,0,0,0,1,1,7.05893E+20,5.70973E+21,1.19666E+16,5.15011E+16
209278,15,0,84,355,2018,4,17,4,2,6,7,0,0,1,1,0,0,0,0,6.96408E+20,5.67043E+21,1.18084E+16,5.11516E+16
209279,15,0,84,590,2018,4,17,4,3,5,3,0,0,1,0,0,0,0,0,7.20318E+20,5.65875E+21,1.21427E+16,5.1038E+16