OBJECTID_1,ULAND,UREGBEZ,UKREIS,UGEMEINDE,UJAHR,UMONAT,USTUNDE,UWOCHENTAG,UKATEGORIE,UART,UTYP1,ULICHTVERH,IstRad,IstPKW,IstFuss,IstKrad,IstGkfz,IstSonstig,STRZUSTAND,LINREFX,LINREFY,XGCSWGS84,YGCSWGS84
209465,15,0,88,305,2018,4,7,6,3,2,6,0,0,1,0,1,0,0,0,6.81097E+20,5.69476E+21,1.16021E+16,5.13752E+16
209466,15,0,85,55,2018,5,16,5,2,9,1,0,1,0,0,0,0,0,0,6.35298E+20,5.74018E+21,1.0962E+16,5.17961E+16
209467,15,0,85,190,2018,5,15,5,2,4,6,0,1,1,0,0,0,0,1,6.15491E+20,5.74687E+21,1.06772E+16,5.18607E+16
209468,15,0,85,135,2018,5,21,5,3,5,3,1,0,1,0,0,0,0,0,6.40191E+20,5.75191E+21,1.10377E+16,5.19003E+16
209469,15,0,87,370,2018,4,11,6,3,5,3,0,0,1,0,0,0,0,0,6.57926E+20,5.70444E+21,1.12738E+16,5.1469E+16
209470,15,0,81,135,2018,5,21,5,3,1,5,1,0,1,0,0,1,0,1,6.69539E+20,5.81353E+21,1.14946E+16,5.24456E+16
209471,15,0,3,0,2018,5,7,4,3,1,6,0,0,1,0,0,0,1,0,6.80063E+20,5.78277E+21,1.16329E+16,5.2166E+16
209472,15,0,88,25,2018,5,6,4,3,5,3,0,0,1,0,0,0,1,0,7.01901E+20,5.69784E+21,1.19024E+16,5.13958E+16
209473,15,0,2,0,2018,4,14,6,2,5,3,0,0,1,0,0,1,0,0,7.08018E+20,5.70861E+21,1.19965E+16,5.14903E+16
209474,15,0,2,0,2018,5,16,4,3,1,5,0,1,1,0,0,0,0,0,7.06782E+20,5.70891E+21,1.19789E+16,5.14934E+16
209475,15,0,2,0,2018,5,11,4,3,8,5,0,1,1,0,0,0,0,0,7.07207E+20,5.70853E+21,1.19848E+16,5.14899E+16
209476,15,0,2,0,2018,4,13,6,3,5,3,0,0,1,0,0,0,1,0,7.06293E+20,5.70896E+21,1.19719E+16,5.1494E+16
209477,15,0,1,0,2018,4,12,6,3,0,1,0,1,0,0,0,0,0,1,7.23674E+20,5.74779E+21,1.22467E+16,5.1836E+16
209478,15,0,2,0,2018,5,18,4,3,5,2,0,1,1,0,0,0,0,0,7.03482E+20,5.70873E+21,1.19313E+16,5.14931E+16
209479,15,0,1,0,2018,4,17,6,3,5,3,0,0,1,0,0,0,0,0,7.23377E+20,5.75345E+21,1.22461E+16,5.1887E+16
209480,15,0,82,15,2018,4,10,6,3,5,3,0,0,1,0,0,0,0,0,7.24733E+20,5.7281E+21,1.22493E+16,5.16589E+16
209481,15,0,2,0,2018,5,17,4,3,0,1,0,1,0,0,0,0,0,0,7.07948E+20,5.71022E+21,1.19964E+16,5.15048E+16
209482,15,0,84,550,2018,5,21,4,3,0,6,1,0,1,0,1,0,0,0,7.07326E+20,5.67798E+21,1.19687E+16,5.12155E+16
209483,15,0,84,355,2018,5,7,4,3,0,6,0,0,1,0,0,0,1,0,6.95557E+20,5.67159E+21,1.17969E+16,5.11623E+16
209484,15,0,89,55,2018,4,14,6,3,3,2,0,1,0,0,1,0,0,0,6.91084E+20,5.75421E+21,1.17779E+16,5.19058E+16
209485,15,0,91,375,2018,5,16,4,3,5,3,0,0,1,0,0,0,1,0,7.48239E+20,5.75221E+21,1.26057E+16,5.18654E+16
209486,15,0,1,0,2018,5,16,4,3,5,3,0,0,1,0,0,0,0,0,7.23319E+20,5.74668E+21,1.22409E+16,5.18262E+16
209487,15,0,3,0,2018,4,15,6,3,3,5,0,0,1,0,0,1,1,0,6.78721E+20,5.78192E+21,1.16128E+16,5.21588E+16
209488,15,0,3,0,2018,4,19,6,3,5,3,0,1,1,0,0,0,0,0,6.7973E+20,5.77688E+21,1.16249E+16,5.21132E+16
209489,15,0,1,0,2018,5,8,4,3,5,3,0,0,1,0,0,0,0,0,7.24402E+20,5.7444E+21,1.22551E+16,5.18053E+16
209490,15,0,3,0,2018,4,11,6,3,1,5,0,1,1,0,0,0,0,0,6.8045E+20,5.77965E+21,1.16369E+16,5.21379E+16
209491,15,0,81,240,2018,4,15,6,3,0,3,0,1,0,0,0,0,1,0,6.61045E+20,5.83655E+21,1.1381E+16,5.2655E+16
209492,15,0,90,535,2018,4,17,5,3,2,2,0,0,1,0,0,0,0,0,6.92244E+20,5.83131E+21,1.18386E+16,5.25978E+16
209493,15,0,82,15,2018,5,14,4,3,5,3,0,1,1,0,0,0,0,0,7.25488E+20,5.73078E+21,1.2262E+16,5.16827E+16
209494,15,0,2,0,2018,4,8,5,3,0,5,0,1,0,0,0,0,1,0,7.06269E+20,5.70882E+21,1.19715E+16,5.14929E+16
209495,15,0,2,0,2018,4,9,5,3,6,7,0,0,0,1,0,0,1,0,7.0617E+20,5.70817E+21,1.19697E+16,5.14871E+16
209496,15,0,89,195,2018,5,11,4,2,5,3,0,0,1,0,1,0,0,0,6.95072E+20,5.73648E+21,1.18258E+16,5.17452E+16
209497,15,0,3,0,2018,5,13,4,3,5,2,0,1,1,0,0,0,0,0,6.80632E+20,5.78025E+21,1.16398E+16,5.21431E+16
209498,15,0,84,550,2018,4,18,5,2,6,4,0,0,1,1,0,0,0,0,7.07143E+20,5.67636E+21,1.19651E+16,5.1201E+16
209499,15,0,3,0,2018,5,18,4,3,5,3,0,1,0,0,0,0,0,0,6.77947E+20,5.7754E+21,1.15981E+16,5.21005E+16
209500,15,0,3,0,2018,5,11,4,3,2,6,0,0,1,0,0,0,0,0,6.82746E+20,5.7732E+21,1.16669E+16,5.20792E+16
209501,15,0,90,535,2018,4,16,5,3,1,6,0,0,1,0,0,0,0,1,6.9669E+20,5.82974E+21,1.19032E+16,5.2582E+16
209502,15,0,3,0,2018,4,11,5,3,5,2,0,1,0,0,0,0,1,1,6.76371E+20,5.77508E+21,1.1575E+16,5.20981E+16
209503,15,0,85,370,2018,5,19,4,3,5,3,0,1,1,0,0,0,0,0,6.22921E+20,5.7442E+21,1.07841E+16,5.18351E+16
209504,15,0,3,0,2018,4,15,5,3,2,6,0,0,1,0,0,0,0,1,6.78049E+20,5.78181E+21,1.1603E+16,5.2158E+16
209505,15,0,3,0,2018,4,12,5,3,0,7,0,0,0,0,0,1,0,1,6.80329E+20,5.77415E+21,1.16322E+16,5.20885E+16
209506,15,0,85,235,2018,5,16,4,3,5,3,0,0,1,0,1,0,0,0,6.46715E+20,5.74218E+21,1.11283E+16,5.18112E+16
209507,15,0,85,235,2018,5,13,4,3,5,2,0,0,0,0,1,1,0,0,6.46725E+20,5.74219E+21,1.11285E+16,5.18112E+16
209508,15,0,3,0,2018,4,11,5,2,5,3,0,1,1,0,0,0,0,0,6.76801E+20,5.78049E+21,1.1584E+16,5.21466E+16
209509,15,0,3,0,2018,4,11,5,3,3,2,0,1,1,0,0,0,0,0,6.78342E+20,5.77648E+21,1.16044E+16,5.211E+16
209510,15,0,85,135,2018,5,7,4,3,5,3,0,1,1,0,0,0,0,0,6.40785E+20,5.75227E+21,1.10464E+16,5.19033E+16
209511,15,0,83,270,2018,5,11,4,3,3,2,0,1,1,0,0,0,0,0,6.64085E+20,5.79641E+21,1.14061E+16,5.22935E+16
209512,15,0,3,0,2018,4,14,5,3,5,3,0,0,1,0,0,0,0,0,6.78943E+20,5.77896E+21,1.16145E+16,5.21322E+16
209513,15,0,88,220,2018,5,15,3,2,4,1,0,0,1,0,0,0,0,0,7.08452E+20,5.69103E+21,1.19924E+16,5.13323E+16
209514,15,0,85,370,2018,4,15,5,3,1,7,0,0,1,0,0,0,0,1,6.22767E+20,5.74541E+21,1.07822E+16,5.1846E+16
209515,15,0,88,220,2018,4,15,4,3,5,3,0,1,1,0,0,0,0,0,7.08698E+20,5.69367E+21,1.19975E+16,5.13559E+16
209516,15,0,88,205,2018,5,7,3,3,5,2,0,0,1,0,0,0,0,0,7.09593E+20,5.69075E+21,1.20086E+16,5.13294E+16
209517,15,0,2,0,2018,4,16,4,3,5,3,0,1,0,0,0,0,1,0,7.09088E+20,5.70802E+21,1.20115E+16,5.14846E+16
209518,15,0,2,0,2018,4,16,4,3,5,2,0,1,1,0,0,0,0,0,7.04604E+20,5.70464E+21,1.19451E+16,5.14559E+16
209519,15,0,87,130,2018,5,18,3,3,0,7,0,0,0,1,0,0,1,0,6.76764E+20,5.71297E+21,1.1549E+16,5.15401E+16
209520,15,0,2,0,2018,5,13,3,3,0,1,0,1,0,0,0,0,0,0,7.06543E+20,5.70812E+21,1.1975E+16,5.14864E+16
209521,15,0,2,0,2018,4,17,4,3,5,3,0,0,1,0,0,0,0,0,7.09135E+20,5.70764E+21,1.2012E+16,5.14812E+16
209522,15,0,2,0,2018,5,12,3,3,5,3,0,1,1,0,0,0,0,0,7.05312E+20,5.70882E+21,1.19577E+16,5.14932E+16
209523,15,0,82,430,2018,4,17,4,3,1,7,0,1,1,0,0,0,0,0,7.12241E+20,5.76163E+21,1.20896E+16,5.19648E+16
209524,15,0,2,0,2018,5,12,3,3,5,3,0,1,1,0,0,0,0,0,7.04927E+20,5.71197E+21,1.1954E+16,5.15216E+16
209525,15,0,89,15,2018,4,9,4,2,1,7,0,0,1,0,0,0,0,0,6.7527E+20,5.73233E+21,1.15372E+16,5.17144E+16
209526,15,0,89,15,2018,4,17,4,2,5,3,0,1,1,0,0,0,0,0,6.70428E+20,5.73625E+21,1.14691E+16,5.17512E+16
209527,15,0,2,0,2018,5,16,3,3,3,2,0,1,1,0,0,0,0,0,7.05897E+20,5.71008E+21,1.19668E+16,5.15042E+16
209528,15,0,3,0,2018,4,21,4,3,5,2,2,1,1,0,0,0,0,0,6.7994E+20,5.77636E+21,1.16277E+16,5.21085E+16
209529,15,0,84,282,2018,5,16,3,2,4,3,0,0,0,0,1,0,1,0,6.89241E+20,5.67077E+21,1.17063E+16,5.1157E+16
209530,15,0,84,550,2018,5,7,3,2,6,4,0,0,1,1,0,0,0,0,7.07279E+20,5.67746E+21,1.19677E+16,5.12109E+16
209531,15,0,3,0,2018,4,13,4,3,5,3,0,1,1,0,0,0,0,0,6.78565E+20,5.77799E+21,1.16085E+16,5.21235E+16
209532,15,0,89,310,2018,5,9,3,3,0,7,0,1,1,0,0,0,0,0,6.78302E+20,5.74785E+21,1.1589E+16,5.1853E+16
209533,15,0,3,0,2018,5,11,3,3,2,2,0,0,1,0,0,0,0,0,6.79514E+20,5.78194E+21,1.16244E+16,5.21587E+16
209534,15,0,86,15,2018,4,17,4,3,1,6,0,0,1,0,0,0,0,0,6.94079E+20,5.79353E+21,1.18437E+16,5.22579E+16
209535,15,0,85,370,2018,4,16,4,3,3,6,0,1,1,0,0,0,0,0,6.22285E+20,5.74375E+21,1.07747E+16,5.18312E+16
209536,15,0,3,0,2018,5,6,3,3,3,2,0,0,1,0,0,1,0,0,6.79887E+20,5.77795E+21,1.16277E+16,5.21228E+16
209537,15,0,87,130,2018,4,15,3,3,5,3,0,1,1,0,0,0,0,0,6.76573E+20,5.71237E+21,1.15459E+16,5.15348E+16
209538,15,0,87,130,2018,4,17,3,3,0,1,0,0,1,0,0,0,0,2,6.7631E+20,5.71287E+21,1.15424E+16,5.15393E+16
209539,15,0,3,0,2018,5,7,3,3,5,3,0,0,1,0,0,1,0,0,6.80172E+20,5.77984E+21,1.16329E+16,5.21396E+16
209540,15,0,85,135,2018,5,16,3,3,5,2,0,1,1,0,0,0,0,0,6.41515E+20,5.75E+21,1.10561E+16,5.18828E+16
209541,15,0,85,135,2018,5,16,3,3,5,3,0,1,1,0,0,0,0,0,6.40996E+20,5.75083E+21,1.10489E+16,5.18904E+16
209542,15,0,2,0,2018,4,7,3,2,6,4,0,0,1,1,0,0,0,0,7.04014E+20,5.70787E+21,1.19385E+16,5.14851E+16
209543,15,0,83,270,2018,5,10,3,2,3,2,0,1,1,0,0,0,0,0,6.63287E+20,5.79543E+21,1.13939E+16,5.2285E+16
209544,15,0,91,391,2018,4,18,3,2,9,1,0,0,1,0,0,0,0,0,7.6135E+20,5.75887E+21,1.28008E+16,5.19191E+16
209545,15,0,3,0,2018,5,7,2,3,5,3,0,0,1,0,0,0,0,0,6.8064E+20,5.78227E+21,1.1641E+16,5.21614E+16
209546,15,0,88,205,2018,5,11,2,3,5,3,0,0,1,0,0,0,1,0,7.09011E+20,5.69107E+21,1.20004E+16,5.13324E+16
209547,15,0,2,0,2018,5,10,2,2,0,7,0,0,1,0,0,0,1,0,7.04114E+20,5.70311E+21,1.19372E+16,5.14423E+16
209548,15,0,1,0,2018,4,16,3,3,5,3,0,0,1,0,0,0,0,0,7.21564E+20,5.74666E+21,1.22154E+16,5.18267E+16
209549,15,0,2,0,2018,5,7,2,3,2,6,0,0,1,0,0,0,0,0,7.05261E+20,5.70741E+21,1.19561E+16,5.14805E+16
209550,15,0,1,0,2018,5,5,2,3,2,6,0,0,1,0,0,0,0,0,7.20611E+20,5.74704E+21,1.22019E+16,5.18305E+16
209551,15,0,89,30,2018,4,15,3,3,0,3,0,1,1,0,0,0,0,0,6.8886E+20,5.74138E+21,1.17386E+16,5.17914E+16
209552,15,0,3,0,2018,4,16,3,3,6,4,0,0,0,1,0,0,1,0,6.79303E+20,5.77739E+21,1.16189E+16,5.21179E+16
209553,15,0,82,440,2018,5,13,2,3,4,1,0,0,1,0,1,0,0,0,7.15985E+20,5.72394E+21,1.21205E+16,5.16249E+16
209554,15,0,2,0,2018,4,15,2,3,6,4,0,0,1,1,0,0,0,0,7.07922E+20,5.70779E+21,1.19946E+16,5.1483E+16
209555,15,0,2,0,2018,4,13,2,3,5,3,0,0,1,0,0,0,0,0,7.02878E+20,5.70693E+21,1.19216E+16,5.14771E+16
209556,15,0,82,180,2018,5,18,2,2,5,2,0,1,1,0,0,0,0,0,7.04669E+20,5.73686E+21,1.19648E+16,5.17452E+16
209557,15,0,90,225,2018,5,15,2,3,0,1,0,1,0,0,0,0,0,0,7.07061E+20,5.8576E+21,1.20736E+16,5.28283E+16
209558,15,0,82,15,2018,4,6,2,3,0,7,0,1,0,0,0,0,0,0,7.25859E+20,5.72743E+21,1.22652E+16,5.16524E+16
209559,15,0,90,550,2018,5,17,2,3,4,3,0,1,1,0,0,0,0,0,7.01045E+20,5.82549E+21,1.19648E+16,5.25423E+16
209560,15,0,3,0,2018,4,10,2,3,5,3,0,0,1,0,0,0,0,1,6.83247E+20,5.78738E+21,1.16819E+16,5.22063E+16
209561,15,0,3,0,2018,4,11,2,3,3,2,0,1,1,0,0,0,0,1,6.81312E+20,5.77854E+21,1.16489E+16,5.21276E+16
209562,15,0,89,310,2018,5,10,2,3,6,4,0,0,1,1,0,0,0,0,6.78401E+20,5.74763E+21,1.15903E+16,5.18509E+16
209563,15,0,3,0,2018,4,8,2,3,1,5,0,0,1,0,0,0,1,0,6.7902E+20,5.77933E+21,1.16158E+16,5.21355E+16
209564,15,0,85,135,2018,4,14,2,3,6,2,0,0,1,1,0,0,0,0,6.41379E+20,5.75092E+21,1.10545E+16,5.18911E+16
209565,15,0,86,15,2018,5,9,2,2,5,5,0,0,1,0,1,0,0,0,6.94327E+20,5.79513E+21,1.18483E+16,5.22721E+16
209566,15,0,82,15,2018,4,14,1,2,8,1,0,0,0,0,1,0,0,0,7.29685E+20,5.72425E+21,1.23183E+16,5.16223E+16
209567,15,0,89,310,2018,4,18,1,3,4,2,0,1,1,0,0,0,0,0,6.78314E+20,5.74763E+21,1.1589E+16,5.1851E+16
209568,15,0,85,230,2018,5,18,2,3,0,1,0,1,0,0,0,0,0,0,6.12587E+20,5.76192E+21,1.06399E+16,5.19965E+16
209569,15,0,83,270,2018,5,15,2,3,5,2,0,1,1,0,0,0,0,0,6.65105E+20,5.79565E+21,1.14207E+16,5.22864E+16
209570,15,0,3,0,2018,4,12,1,3,9,7,0,0,1,0,0,0,0,0,6.8052E+20,5.78258E+21,1.16394E+16,5.21641E+16
209571,15,0,2,0,2018,5,16,1,3,5,3,0,0,1,0,0,0,0,0,7.03334E+20,5.70748E+21,1.19285E+16,5.14819E+16
209572,15,0,3,0,2018,4,12,1,3,5,3,0,1,1,0,0,0,0,0,6.77838E+20,5.77745E+21,1.15976E+16,5.2119E+16
209573,15,0,2,0,2018,5,18,1,2,5,2,0,1,1,0,0,0,0,0,7.05927E+20,5.70761E+21,1.19658E+16,5.14821E+16
209574,15,0,3,0,2018,4,15,1,2,6,4,0,0,1,1,0,0,0,0,6.80991E+20,5.78005E+21,1.1645E+16,5.21413E+16
209575,15,0,88,330,2018,4,17,7,3,6,6,0,0,1,1,0,0,0,0,7.20058E+20,5.69818E+21,1.21632E+16,5.13921E+16
209576,15,0,82,340,2018,5,15,1,3,2,6,0,0,1,0,0,0,0,0,7.26323E+20,5.7231E+21,1.22691E+16,5.16134E+16
209577,15,0,90,520,2018,5,21,1,3,8,1,1,0,1,0,0,0,0,0,6.84784E+20,5.86346E+21,1.17467E+16,5.2889E+16
209578,15,0,2,0,2018,4,0,7,3,5,2,2,0,1,0,0,0,0,0,7.07948E+20,5.70744E+21,1.19948E+16,5.14798E+16
209579,15,0,84,235,2018,4,18,7,3,8,1,0,0,0,0,1,0,0,0,7.15316E+20,5.67591E+21,1.20817E+16,5.1194E+16
209580,15,0,89,26,2018,5,7,1,1,8,1,0,0,1,0,0,0,0,0,6.89725E+20,5.76269E+21,1.17628E+16,5.19824E+16
209581,15,0,86,5,2018,5,19,1,3,1,5,0,1,1,0,0,0,0,0,6.86313E+20,5.78337E+21,1.17245E+16,5.21694E+16
209582,15,0,91,375,2018,4,10,7,3,2,2,0,0,1,0,0,0,0,0,7.48943E+20,5.75302E+21,1.26165E+16,5.18723E+16
209583,15,0,88,295,2018,5,18,7,2,5,3,0,1,1,0,0,0,0,0,7.05991E+20,5.71486E+21,1.1971E+16,5.15472E+16
209584,15,0,1,0,2018,4,16,7,3,5,2,0,1,1,0,0,0,0,0,7.23419E+20,5.7472E+21,1.22426E+16,5.18309E+16
209585,15,0,82,241,2018,4,10,7,2,5,3,0,1,1,0,0,0,0,0,7.31139E+20,5.72984E+21,1.23429E+16,5.16719E+16
209586,15,0,88,319,2018,5,18,7,3,5,3,0,1,1,0,0,0,0,0,6.98465E+20,5.70989E+21,1.18598E+16,5.15053E+16
209587,15,0,88,220,2018,5,10,7,3,0,7,0,1,0,0,0,0,0,0,7.07775E+20,5.69473E+21,1.19849E+16,5.13658E+16
209588,15,0,88,220,2018,5,10,7,3,5,2,0,1,1,0,0,0,0,0,7.08147E+20,5.69485E+21,1.19903E+16,5.13667E+16
209589,15,0,82,180,2018,4,12,7,2,5,3,0,1,1,0,0,0,0,0,7.05338E+20,5.73615E+21,1.19741E+16,5.17385E+16
209590,15,0,87,165,2018,5,11,7,3,9,1,0,0,1,0,0,0,0,0,6.82318E+20,5.72076E+21,1.1633E+16,5.16083E+16
209591,15,0,2,0,2018,5,17,7,2,6,4,0,0,1,1,0,0,0,0,7.06408E+20,5.70644E+21,1.19721E+16,5.14715E+16
209592,15,0,89,41,2018,4,8,7,3,5,2,0,0,1,0,1,0,0,0,6.69993E+20,5.75621E+21,1.14726E+16,5.19306E+16
209593,15,0,3,0,2018,4,16,7,3,6,4,0,0,0,1,1,0,0,0,6.82558E+20,5.77842E+21,1.1667E+16,5.21261E+16
209594,15,0,84,355,2018,5,15,7,3,6,4,0,0,1,1,0,0,0,0,6.96407E+20,5.67116E+21,1.18088E+16,5.11582E+16
209595,15,0,84,550,2018,5,14,7,3,2,6,0,0,1,0,1,0,0,0,7.07228E+20,5.67687E+21,1.19667E+16,5.12056E+16
209596,15,0,3,0,2018,4,10,7,3,2,2,0,0,1,0,0,0,0,0,6.79472E+20,5.78432E+21,1.16251E+16,5.21801E+16
209597,15,0,3,0,2018,4,19,7,3,2,6,0,0,1,0,0,0,0,0,6.79183E+20,5.77732E+21,1.16171E+16,5.21174E+16
209598,15,0,82,15,2018,5,12,7,3,2,6,0,0,1,0,0,0,1,0,7.25441E+20,5.73215E+21,1.22622E+16,5.1695E+16
209599,15,0,81,455,2018,4,20,7,3,0,5,1,1,1,0,0,0,0,0,6.44514E+20,5.85816E+21,1.11463E+16,5.28537E+16
209600,15,0,81,240,2018,4,11,7,3,5,3,0,0,1,0,0,0,0,0,6.60153E+20,5.84365E+21,1.13712E+16,5.2719E+16
209601,15,0,89,175,2018,5,13,7,3,0,5,0,0,1,0,0,0,1,0,6.74389E+20,5.74684E+21,1.15317E+16,5.18451E+16
209602,15,0,86,140,2018,5,18,7,3,5,5,0,0,1,0,0,0,0,0,7.08441E+20,5.78534E+21,1.20488E+16,5.21791E+16
209603,15,0,83,565,2018,5,18,7,2,1,5,0,1,1,0,0,0,0,0,6.81E+20,5.79538E+21,1.16533E+16,5.22789E+16
209604,15,0,87,130,2018,4,11,6,3,1,6,0,0,1,0,1,0,0,0,6.77418E+20,5.71101E+21,1.15574E+16,5.15223E+16
209605,15,0,88,25,2018,5,11,6,2,5,3,0,0,1,0,1,0,0,0,7.01842E+20,5.69564E+21,1.19003E+16,5.13761E+16
209606,15,0,2,0,2018,5,21,6,3,5,3,2,1,1,0,0,0,0,0,7.06202E+20,5.70411E+21,1.19678E+16,5.14506E+16
209607,15,0,87,220,2018,4,22,6,2,7,7,2,0,0,0,1,0,0,0,6.73923E+20,5.7253E+21,1.15142E+16,5.16518E+16
209608,15,0,2,0,2018,4,15,6,3,6,4,0,0,1,1,0,0,0,0,7.03457E+20,5.70739E+21,1.19302E+16,5.1481E+16
209609,15,0,91,10,2018,5,20,6,3,5,3,0,1,1,0,0,0,0,0,7.7932E+20,5.73898E+21,1.30454E+16,5.1732E+16
209610,15,0,2,0,2018,4,13,6,3,6,4,0,0,0,1,0,0,1,0,7.06488E+20,5.7048E+21,1.19723E+16,5.14567E+16
209611,15,0,2,0,2018,4,20,6,2,5,3,1,1,1,0,0,0,0,0,7.06599E+20,5.70415E+21,1.19735E+16,5.14508E+16
209612,15,0,91,375,2018,5,1,6,3,9,1,2,0,1,0,0,0,0,0,7.51375E+20,5.75403E+21,1.26525E+16,5.18803E+16
209613,15,0,2,0,2018,4,13,6,3,3,2,0,1,1,0,0,0,0,0,7.0619E+20,5.70658E+21,1.1969E+16,5.14728E+16
209614,15,0,91,145,2018,4,12,6,3,1,2,0,0,1,0,1,0,0,0,7.723E+20,5.74503E+21,1.29487E+16,5.17897E+16
209615,15,0,90,535,2018,5,10,6,2,0,1,0,0,0,0,0,0,1,0,6.78845E+20,5.82633E+21,1.16383E+16,5.25576E+16
209616,15,0,90,535,2018,5,13,6,2,5,3,0,1,1,0,0,0,0,0,6.9416E+20,5.83369E+21,1.18682E+16,5.26184E+16
209617,15,0,91,375,2018,4,20,6,3,0,6,0,1,0,0,0,0,1,0,7.48374E+20,5.75463E+21,1.26094E+16,5.1887E+16
209618,15,0,89,310,2018,5,15,6,3,5,3,0,1,1,0,0,0,0,0,6.77835E+20,5.74737E+21,1.15819E+16,5.18488E+16
209619,15,0,89,310,2018,5,12,6,3,4,2,0,1,1,0,0,0,0,0,6.77965E+20,5.74777E+21,1.1584E+16,5.18523E+16
209620,15,0,1,0,2018,4,15,6,3,2,6,0,0,1,0,0,0,0,0,7.19998E+20,5.74611E+21,1.21924E+16,5.18224E+16
209621,15,0,82,430,2018,4,11,6,3,6,4,0,1,0,1,0,0,0,0,7.12101E+20,5.76161E+21,1.20875E+16,5.19647E+16
209622,15,0,3,0,2018,5,14,6,3,2,6,0,0,1,0,0,0,0,0,6.79235E+20,5.77735E+21,1.16179E+16,5.21176E+16
209623,15,0,82,15,2018,4,9,6,3,6,4,0,0,1,1,0,0,0,0,7.25468E+20,5.73069E+21,1.22616E+16,5.16819E+16
209624,15,0,90,535,2018,4,13,6,3,5,3,0,1,1,0,0,0,0,0,6.94147E+20,5.8336E+21,1.1868E+16,5.26176E+16
209625,15,0,3,0,2018,5,11,6,3,5,2,0,1,1,0,0,0,0,0,6.79681E+20,5.77521E+21,1.16233E+16,5.20983E+16
209626,15,0,3,0,2018,5,15,6,3,5,3,0,0,1,0,0,0,0,0,6.79976E+20,5.78314E+21,1.16318E+16,5.21693E+16
209627,15,0,89,305,2018,4,15,6,3,0,7,0,1,1,0,0,0,0,0,6.87063E+20,5.76683E+21,1.17264E+16,5.20205E+16
209628,15,0,83,298,2018,5,16,6,2,6,4,0,0,1,1,0,0,0,0,6.59884E+20,5.79064E+21,1.13418E+16,5.22429E+16
209629,15,0,3,0,2018,4,14,6,3,2,2,0,0,1,0,0,0,0,0,6.81585E+20,5.77302E+21,1.16499E+16,5.20779E+16
209630,15,0,88,220,2018,5,19,5,3,5,3,0,1,1,0,0,0,0,0,7.08532E+20,5.69377E+21,1.19952E+16,5.13569E+16
209631,15,0,3,0,2018,4,12,6,3,5,2,0,1,1,0,0,0,0,0,6.79175E+20,5.77732E+21,1.1617E+16,5.21173E+16
209632,15,0,87,220,2018,5,18,5,3,1,6,0,0,1,0,1,0,0,0,6.74096E+20,5.72493E+21,1.15165E+16,5.16484E+16
209633,15,0,3,0,2018,4,12,6,3,1,6,0,0,1,0,0,0,0,0,6.79358E+20,5.77685E+21,1.16194E+16,5.2113E+16
209634,15,0,81,455,2018,4,6,6,3,5,3,0,1,1,0,0,0,0,0,6.42435E+20,5.855E+21,1.1114E+16,5.28259E+16
209635,15,0,2,0,2018,5,10,5,3,5,3,0,0,1,0,1,0,0,0,7.08019E+20,5.70861E+21,1.19965E+16,5.14903E+16
209636,15,0,88,220,2018,4,21,5,3,0,7,1,1,0,0,0,0,0,0,7.08203E+20,5.69451E+21,1.19909E+16,5.13636E+16
209637,15,0,88,220,2018,4,8,5,2,5,3,0,1,1,0,0,0,0,0,7.08072E+20,5.69136E+21,1.19872E+16,5.13354E+16
209638,15,0,2,0,2018,5,10,5,3,6,2,0,0,1,1,0,0,0,0,7.05387E+20,5.70391E+21,1.19559E+16,5.14491E+16
209639,15,0,84,135,2018,5,12,5,3,0,5,0,0,1,0,0,0,0,0,6.93806E+20,5.6778E+21,1.17753E+16,5.12187E+16
209640,15,0,2,0,2018,4,6,5,3,9,1,0,0,1,0,0,0,0,0,7.08134E+20,5.70542E+21,1.19963E+16,5.14616E+16
209641,15,0,1,0,2018,5,20,5,3,5,3,0,0,1,0,0,0,1,0,7.27501E+20,5.74623E+21,1.23011E+16,5.18205E+16
209642,15,0,2,0,2018,4,13,5,3,6,4,0,0,1,1,0,0,0,0,7.06184E+20,5.70843E+21,1.197E+16,5.14894E+16
209643,15,0,2,0,2018,4,6,5,3,5,3,0,0,1,0,0,0,0,0,7.06105E+20,5.70895E+21,1.19692E+16,5.1494E+16
209644,15,0,82,340,2018,5,10,5,3,4,2,0,0,1,0,0,0,1,0,7.2216E+20,5.71716E+21,1.22053E+16,5.15617E+16
209645,15,0,1,0,2018,5,12,5,3,0,1,0,0,0,0,1,0,0,0,7.21555E+20,5.74771E+21,1.2216E+16,5.18362E+16
209646,15,0,89,15,2018,5,14,5,3,1,5,0,0,1,0,0,0,0,0,6.69913E+20,5.73663E+21,1.14618E+16,5.17548E+16
209647,15,0,89,15,2018,5,12,5,3,0,1,0,1,0,0,0,0,0,0,6.70631E+20,5.73679E+21,1.14723E+16,5.1756E+16
209648,15,0,1,0,2018,4,7,5,3,5,3,0,1,1,0,0,0,0,0,7.21282E+20,5.74774E+21,1.2212E+16,5.18366E+16
209649,15,0,3,0,2018,5,19,5,3,1,2,0,0,1,0,0,0,0,0,6.79376E+20,5.78097E+21,1.16219E+16,5.215E+16
209650,15,0,3,0,2018,5,9,5,3,5,2,0,1,1,0,0,0,0,0,6.78226E+20,5.77658E+21,1.16028E+16,5.2111E+16