OBJECTID_1,ULAND,UREGBEZ,UKREIS,UGEMEINDE,UJAHR,UMONAT,USTUNDE,UWOCHENTAG,UKATEGORIE,UART,UTYP1,ULICHTVERH,IstRad,IstPKW,IstFuss,IstKrad,IstGkfz,IstSonstig,STRZUSTAND,LINREFX,LINREFY,XGCSWGS84,YGCSWGS84
209651,15,0,89,30,2018,4,12,5,3,5,3,0,1,1,0,0,0,0,0,6.8997E+20,5.74025E+21,1.1754E+16,5.17808E+16
209652,15,0,85,235,2018,5,9,5,2,5,3,0,1,1,0,0,0,0,0,6.48369E+20,5.73905E+21,1.11509E+16,5.17827E+16
209653,15,0,85,135,2018,5,17,5,3,5,3,0,0,1,0,1,0,0,0,6.41338E+20,5.75048E+21,1.10537E+16,5.18871E+16
209654,15,0,3,0,2018,4,17,5,3,2,6,0,0,1,0,0,0,0,0,6.8156E+20,5.78214E+21,1.16544E+16,5.21599E+16
209655,15,0,3,0,2018,4,17,5,2,5,2,0,0,1,1,0,0,0,0,6.77924E+20,5.77637E+21,1.15983E+16,5.21092E+16
209656,15,0,85,135,2018,5,15,5,3,8,7,0,0,1,0,0,0,0,0,6.41209E+20,5.75164E+21,1.10524E+16,5.18976E+16
209657,15,0,3,0,2018,4,7,5,3,2,2,0,1,1,0,0,0,0,0,6.79976E+20,5.77726E+21,1.16287E+16,5.21166E+16
209658,15,0,3,0,2018,4,18,5,3,5,2,0,1,1,0,0,0,0,0,6.79656E+20,5.77762E+21,1.16242E+16,5.21199E+16
209659,15,0,81,135,2018,5,15,5,3,5,3,0,0,1,0,0,0,0,0,6.64227E+20,5.82256E+21,1.1421E+16,5.25283E+16
209660,15,0,2,0,2018,5,18,4,3,4,6,0,1,1,0,0,0,0,0,7.06039E+20,5.70393E+21,1.19653E+16,5.1449E+16
209661,15,0,2,0,2018,5,6,4,3,5,2,0,1,0,0,0,0,1,0,7.05894E+20,5.70961E+21,1.19665E+16,5.15E+16
209662,15,0,3,0,2018,4,16,5,3,5,3,0,1,1,0,0,0,0,0,6.78333E+20,5.77748E+21,1.16048E+16,5.2119E+16
209663,15,0,91,110,2018,5,12,4,2,5,3,0,1,1,0,0,0,0,0,7.38526E+20,5.73622E+21,1.24539E+16,5.17261E+16
209664,15,0,89,165,2018,5,10,4,2,5,3,0,1,1,0,0,0,0,0,6.80048E+20,5.74157E+21,1.1611E+16,5.1796E+16
209665,15,0,3,0,2018,4,10,5,3,5,3,0,0,1,0,0,0,0,0,6.79477E+20,5.78296E+21,1.16244E+16,5.21679E+16
209666,15,0,3,0,2018,4,6,5,3,5,3,0,1,1,0,0,0,0,0,6.81046E+20,5.78254E+21,1.16471E+16,5.21637E+16
209667,15,0,89,30,2018,5,21,4,2,5,3,1,0,1,0,1,0,0,0,6.88788E+20,5.74247E+21,1.17381E+16,5.18012E+16
209668,15,0,85,135,2018,5,16,4,3,0,5,0,0,1,0,0,0,1,0,6.42205E+20,5.75153E+21,1.10668E+16,5.18964E+16
209669,15,0,83,415,2018,4,9,5,2,6,4,0,0,1,1,0,0,0,0,6.52614E+20,5.7664E+21,1.12245E+16,5.20272E+16
209670,15,0,81,455,2018,4,14,5,3,5,3,0,1,1,0,0,0,0,0,6.45646E+20,5.85773E+21,1.11629E+16,5.28496E+16
209671,15,0,83,415,2018,5,11,4,3,3,6,0,1,1,0,0,0,0,0,6.52671E+20,5.7668E+21,1.12256E+16,5.20308E+16
209672,15,0,2,0,2018,4,16,4,3,3,2,0,1,1,0,0,0,0,0,7.06333E+20,5.7056E+21,1.19705E+16,5.14639E+16
209673,15,0,2,0,2018,4,17,4,3,4,6,0,1,1,0,0,0,0,0,7.02722E+20,5.70564E+21,1.19186E+16,5.14655E+16
209674,15,0,87,220,2018,5,21,3,1,4,1,1,0,1,0,0,0,0,0,6.7146E+20,5.72604E+21,1.1479E+16,5.16592E+16
209675,15,0,84,590,2018,5,19,3,3,0,1,0,1,0,0,0,0,0,0,7.19651E+20,5.65845E+21,1.2133E+16,5.10356E+16
209676,15,0,2,0,2018,4,6,4,3,0,3,0,0,1,0,1,0,0,0,7.08193E+20,5.70191E+21,1.19951E+16,5.14301E+16
209677,15,0,84,442,2018,4,16,4,2,7,7,0,1,0,0,0,0,1,0,7.22829E+20,5.65248E+21,1.21746E+16,5.09807E+16
209678,15,0,2,0,2018,5,9,4,3,2,6,0,0,1,0,0,0,0,0,7.06237E+20,5.70672E+21,1.19698E+16,5.1474E+16
209679,15,0,84,490,2018,5,7,4,3,0,1,0,0,1,0,1,0,0,0,7.11653E+20,5.66714E+21,1.20242E+16,5.11166E+16
209680,15,0,84,550,2018,5,6,4,2,4,2,0,1,1,0,0,0,0,0,7.07288E+20,5.67747E+21,1.19679E+16,5.12109E+16
209681,15,0,2,0,2018,6,17,2,3,5,2,0,1,1,0,0,0,0,0,7.05815E+20,5.70351E+21,1.19618E+16,5.14453E+16
209682,15,0,90,535,2018,5,17,4,3,5,3,0,1,1,0,0,0,0,0,6.93702E+20,5.83275E+21,1.18609E+16,5.26102E+16
209683,15,0,1,0,2018,6,20,6,3,0,6,0,0,1,0,1,0,0,0,7.23069E+20,5.75422E+21,1.22421E+16,5.1894E+16
209684,15,0,3,0,2018,5,17,4,3,0,3,0,1,1,0,0,0,0,0,6.80806E+20,5.7823E+21,1.16435E+16,5.21615E+16
209685,15,0,3,0,2018,5,18,4,2,3,6,0,0,1,0,0,0,0,1,6.7831E+20,5.77869E+21,1.16051E+16,5.21299E+16
209686,15,0,88,295,2018,6,13,3,2,4,2,0,0,1,0,1,0,0,0,7.05025E+20,5.71469E+21,1.1957E+16,5.1546E+16
209687,15,0,3,0,2018,5,12,4,3,2,6,0,0,1,0,0,0,1,0,6.80118E+20,5.77724E+21,1.16307E+16,5.21163E+16
209688,15,0,84,550,2018,5,12,5,3,1,6,0,0,1,0,0,0,0,0,7.07239E+20,5.677E+21,1.19669E+16,5.12067E+16
209689,15,0,3,0,2018,6,15,2,3,5,3,0,1,1,0,0,0,0,0,6.82888E+20,5.77883E+21,1.1672E+16,5.21297E+16
209690,15,0,85,227,2018,5,14,4,3,6,7,0,0,1,1,0,0,0,0,6.14196E+20,5.75157E+21,1.06599E+16,5.19031E+16
209691,15,0,82,15,2018,6,4,2,3,5,3,1,0,1,0,0,0,1,0,7.25436E+20,5.72858E+21,1.22598E+16,5.16629E+16
209692,15,0,3,0,2018,5,7,3,3,5,3,0,1,1,0,0,0,0,1,6.79975E+20,5.77726E+21,1.16287E+16,5.21165E+16
209693,15,0,82,180,2018,5,14,5,2,5,3,0,1,1,0,0,0,0,0,7.05787E+20,5.73629E+21,1.19807E+16,5.17397E+16
209694,15,0,89,30,2018,6,18,6,3,8,1,0,1,0,0,0,0,0,0,6.8934E+20,5.74134E+21,1.17455E+16,5.17908E+16
209695,15,0,3,0,2018,5,7,5,3,5,2,0,1,0,0,0,0,1,0,6.78276E+20,5.78128E+21,1.1606E+16,5.21532E+16
209696,15,0,2,0,2018,5,15,3,3,6,4,0,0,1,1,0,0,0,0,7.07929E+20,5.70768E+21,1.19947E+16,5.1482E+16
209697,15,0,3,0,2018,5,9,3,2,0,3,0,0,1,0,1,0,0,0,6.78971E+20,5.77803E+21,1.16144E+16,5.21238E+16
209698,15,0,2,0,2018,6,16,3,2,6,4,0,0,1,1,0,0,0,0,7.05837E+20,5.70914E+21,1.19654E+16,5.14959E+16
209699,15,0,88,220,2018,5,15,3,3,1,5,0,1,1,0,0,0,0,0,7.06878E+20,5.69329E+21,1.19712E+16,5.13531E+16
209700,15,0,88,220,2018,5,9,3,3,5,2,0,1,1,0,0,0,0,0,7.08342E+20,5.69373E+21,1.19924E+16,5.13566E+16
209701,15,0,2,0,2018,6,15,1,3,5,3,0,1,1,0,0,0,0,0,7.05387E+20,5.71014E+21,1.19595E+16,5.15051E+16
209702,15,0,87,370,2018,5,12,3,3,2,6,0,0,1,0,0,0,0,0,6.59538E+20,5.70474E+21,1.12971E+16,5.14713E+16
209703,15,0,87,130,2018,5,12,3,3,2,6,0,1,1,0,0,0,0,0,6.76724E+20,5.71164E+21,1.15478E+16,5.15282E+16
209704,15,0,2,0,2018,5,8,3,3,5,3,0,0,1,0,0,0,1,0,7.05312E+20,5.70882E+21,1.19577E+16,5.14932E+16
209705,15,0,2,0,2018,5,11,3,3,2,6,0,0,1,0,0,0,1,0,7.08935E+20,5.70923E+21,1.20101E+16,5.14956E+16
209706,15,0,3,0,2018,6,17,3,3,0,7,0,0,0,0,0,0,1,0,6.80105E+20,5.78132E+21,1.16327E+16,5.21529E+16
209707,15,0,91,375,2018,5,15,3,3,4,7,0,1,1,0,0,0,0,0,7.48483E+20,5.75235E+21,1.26094E+16,5.18665E+16
209708,15,0,1,0,2018,5,12,3,3,5,2,0,0,1,1,0,0,0,0,7.23676E+20,5.74744E+21,1.22465E+16,5.18329E+16
209709,15,0,90,535,2018,5,15,3,3,0,7,0,1,1,0,0,0,0,0,6.9209E+20,5.83146E+21,1.18364E+16,5.25992E+16
209710,15,0,1,0,2018,6,18,3,2,5,3,0,1,0,0,0,0,1,0,7.22939E+20,5.74805E+21,1.22362E+16,5.18387E+16
209711,15,0,89,310,2018,5,9,3,2,6,2,0,0,1,1,0,0,0,0,6.78331E+20,5.74763E+21,1.15893E+16,5.18509E+16
209712,15,0,2,0,2018,6,0,7,3,6,4,2,0,0,1,0,0,1,0,7.05311E+20,5.7088E+21,1.19577E+16,5.1493E+16
209713,15,0,3,0,2018,5,14,3,3,6,4,0,1,0,1,0,0,0,0,6.78361E+20,5.77668E+21,1.16048E+16,5.21119E+16
209714,15,0,3,0,2018,5,14,3,3,5,3,0,0,1,0,0,0,0,0,6.79544E+20,5.77522E+21,1.16213E+16,5.20984E+16
209715,15,0,85,135,2018,5,15,3,3,4,2,0,0,1,0,1,0,0,0,6.42373E+20,5.75202E+21,1.10694E+16,5.19007E+16
209716,15,0,89,310,2018,5,9,2,3,2,6,0,0,1,0,0,0,0,0,6.78179E+20,5.74727E+21,1.15869E+16,5.18478E+16
209717,15,0,83,415,2018,6,18,3,3,5,2,0,1,0,0,1,0,0,0,6.52884E+20,5.76733E+21,1.12289E+16,5.20354E+16
209718,15,0,1,0,2018,5,13,2,3,1,3,0,0,1,0,1,0,0,0,7.2372E+20,5.74764E+21,1.22473E+16,5.18347E+16
209719,15,0,2,0,2018,6,7,6,3,2,6,0,0,1,0,0,0,0,1,7.09015E+20,5.70654E+21,1.20096E+16,5.14713E+16
209720,15,0,2,0,2018,5,15,2,3,2,6,0,0,1,0,0,0,0,0,7.05877E+20,5.70867E+21,1.19657E+16,5.14917E+16
209721,15,0,3,0,2018,6,13,7,3,3,6,0,1,0,0,0,0,0,0,6.81203E+20,5.77857E+21,1.16473E+16,5.21279E+16
209722,15,0,3,0,2018,5,16,2,3,1,6,0,0,1,0,0,0,0,0,6.76605E+20,5.77528E+21,1.15785E+16,5.20998E+16
209723,15,0,87,130,2018,5,16,4,3,8,1,0,0,1,0,0,0,0,0,6.76194E+20,5.71076E+21,1.15397E+16,5.15204E+16
209724,15,0,3,0,2018,5,12,2,3,5,3,0,1,1,0,0,0,0,0,6.80409E+20,5.7814E+21,1.16372E+16,5.21535E+16
209725,15,0,88,235,2018,5,15,2,3,9,1,0,0,1,0,0,0,0,0,6.95965E+20,5.68728E+21,1.18113E+16,5.13031E+16
209726,15,0,2,0,2018,5,11,2,3,9,1,0,0,1,0,0,0,0,0,7.04874E+20,5.70456E+21,1.19489E+16,5.14551E+16
209727,15,0,84,550,2018,6,14,2,3,6,4,0,0,1,1,0,0,0,0,7.07127E+20,5.67766E+21,1.19657E+16,5.12127E+16
209728,15,0,2,0,2018,5,12,2,3,0,7,0,1,0,0,0,0,0,0,7.06947E+20,5.70786E+21,1.19807E+16,5.1484E+16
209729,15,0,90,550,2018,5,15,5,3,5,3,0,0,1,0,0,0,0,0,7.01492E+20,5.82564E+21,1.19715E+16,5.25435E+16
209730,15,0,82,301,2018,6,22,6,2,0,3,2,1,1,0,0,0,0,0,7.26025E+20,5.73357E+21,1.22715E+16,5.17075E+16
209731,15,0,3,0,2018,5,13,5,3,6,4,0,0,1,1,0,0,0,0,6.80236E+20,5.78214E+21,1.16351E+16,5.21603E+16
209732,15,0,2,0,2018,5,17,2,3,5,3,0,0,1,0,0,0,0,0,7.08021E+20,5.7086E+21,1.19965E+16,5.14902E+16
209733,15,0,84,550,2018,5,16,5,1,5,3,0,0,1,0,0,0,0,0,7.04705E+20,5.67446E+21,1.19292E+16,5.11848E+16
209734,15,0,2,0,2018,6,11,3,3,5,2,0,1,1,0,0,0,0,0,7.05485E+20,5.71197E+21,1.1962E+16,5.15214E+16
209735,15,0,84,275,2018,5,16,2,3,1,1,0,1,0,0,0,0,1,0,7.17676E+20,5.66034E+21,1.2106E+16,5.10533E+16
209736,15,0,2,0,2018,5,7,5,3,5,2,0,1,1,0,0,0,0,0,7.06352E+20,5.70547E+21,1.19707E+16,5.14628E+16
209737,15,0,91,145,2018,5,6,2,3,4,6,0,0,1,0,1,0,0,0,7.72176E+20,5.74484E+21,1.29468E+16,5.17881E+16
209738,15,0,1,0,2018,5,16,2,3,5,3,0,1,1,0,0,0,0,0,7.16695E+20,5.74332E+21,1.21428E+16,5.17987E+16
209739,15,0,1,0,2018,5,11,2,3,5,3,0,1,1,0,0,0,0,0,7.23168E+20,5.74786E+21,1.22394E+16,5.18369E+16
209740,15,0,82,430,2018,5,6,2,3,5,3,0,1,1,0,0,0,0,0,7.11696E+20,5.76074E+21,1.20811E+16,5.1957E+16
209741,15,0,3,0,2018,6,18,2,2,1,5,0,1,1,0,0,0,0,0,6.76371E+20,5.77732E+21,1.15761E+16,5.21182E+16
209742,15,0,90,535,2018,5,9,2,3,0,6,0,0,0,0,1,0,1,0,6.92725E+20,5.83194E+21,1.18461E+16,5.26033E+16
209743,15,0,90,535,2018,5,7,5,3,5,2,0,1,1,0,0,0,0,0,6.93538E+20,5.8331E+21,1.18587E+16,5.26134E+16
209744,15,0,3,0,2018,6,16,6,3,5,3,0,1,1,0,0,0,0,0,6.78384E+20,5.77643E+21,1.1605E+16,5.21096E+16
209745,15,0,81,135,2018,5,11,2,3,5,3,0,1,1,0,0,0,0,0,6.63564E+20,5.82288E+21,1.14114E+16,5.25314E+16
209746,15,0,87,31,2018,5,14,1,3,4,6,0,0,1,0,0,0,1,0,6.70214E+20,5.73022E+21,1.1463E+16,5.16971E+16
209747,15,0,84,550,2018,6,19,3,3,8,1,0,0,0,0,1,0,0,0,7.0255E+20,5.67384E+21,1.18981E+16,5.118E+16
209748,15,0,87,130,2018,5,14,1,3,5,3,0,0,1,0,1,0,0,0,6.77004E+20,5.71145E+21,1.15517E+16,5.15264E+16
209749,15,0,82,180,2018,6,18,1,2,5,3,0,0,1,0,1,0,0,0,7.05877E+20,5.73768E+21,1.19828E+16,5.17521E+16
209750,15,0,82,440,2018,5,12,1,2,0,7,0,0,1,0,1,0,0,0,7.19327E+20,5.72536E+21,1.21696E+16,5.16364E+16
209751,15,0,85,330,2018,6,10,2,3,5,3,0,1,1,0,0,0,0,0,6.40392E+20,5.73525E+21,1.10338E+16,5.17505E+16
209752,15,0,85,135,2018,5,20,1,3,2,6,0,0,1,0,0,0,0,0,6.40898E+20,5.75164E+21,1.10478E+16,5.18977E+16
209753,15,0,88,195,2018,5,23,7,3,0,1,2,0,1,0,0,0,0,0,7.11798E+20,5.71041E+21,1.20519E+16,5.15051E+16
209754,15,0,2,0,2018,5,7,7,3,5,2,0,0,1,0,1,0,0,0,7.0389E+20,5.70801E+21,1.19368E+16,5.14864E+16
209755,15,0,2,0,2018,5,0,7,2,0,1,2,1,0,0,0,0,0,0,7.05083E+20,5.70981E+21,1.1955E+16,5.15021E+16
209756,15,0,3,0,2018,6,13,3,3,2,2,0,0,1,0,0,0,1,0,6.76915E+20,5.7812E+21,1.15861E+16,5.21529E+16
209757,15,0,2,0,2018,5,10,7,3,5,3,0,1,0,0,0,0,1,0,7.02533E+20,5.71126E+21,1.19191E+16,5.15161E+16
209758,15,0,84,550,2018,6,13,7,3,5,3,0,0,1,0,0,0,0,0,7.08862E+20,5.67767E+21,1.19905E+16,5.12121E+16
209759,15,0,3,0,2018,5,17,5,3,5,3,0,1,1,0,0,0,0,0,6.82249E+20,5.77877E+21,1.16627E+16,5.21293E+16
209760,15,0,2,0,2018,5,20,5,3,5,3,0,1,1,0,0,0,0,0,7.0368E+20,5.71037E+21,1.19351E+16,5.15077E+16
209761,15,0,2,0,2018,5,8,7,3,5,3,0,0,1,0,0,0,1,0,7.06881E+20,5.70579E+21,1.19785E+16,5.14654E+16
209762,15,0,1,0,2018,5,22,7,3,5,3,1,0,1,0,1,0,0,0,7.2381E+20,5.75428E+21,1.22529E+16,5.18942E+16
209763,15,0,89,305,2018,5,11,7,2,4,2,0,0,1,0,0,0,0,0,6.87408E+20,5.76573E+21,1.17308E+16,5.20105E+16
209764,15,0,3,0,2018,5,14,7,3,7,5,0,1,1,0,0,0,0,0,6.78983E+20,5.78065E+21,1.1616E+16,5.21473E+16
209765,15,0,85,55,2018,5,16,7,3,9,6,0,0,1,0,0,0,0,0,6.28306E+20,5.7473E+21,1.08633E+16,5.18617E+16
209766,15,0,83,270,2018,5,16,7,3,5,3,0,0,1,0,0,0,0,0,6.63865E+20,5.79625E+21,1.14028E+16,5.22921E+16
209767,15,0,90,535,2018,5,14,6,3,1,6,0,0,1,0,0,0,0,0,6.94098E+20,5.8312E+21,1.18659E+16,5.25961E+16
209768,15,0,3,0,2018,6,6,3,3,4,2,0,1,1,0,0,0,0,0,6.79806E+20,5.77768E+21,1.16264E+16,5.21203E+16
209769,15,0,2,0,2018,5,10,6,3,0,1,0,1,0,0,0,0,0,0,7.04592E+20,5.7102E+21,1.19481E+16,5.15058E+16
209770,15,0,88,220,2018,6,7,6,3,6,2,0,0,1,1,0,0,0,1,7.08278E+20,5.69414E+21,1.19917E+16,5.13603E+16
209771,15,0,85,370,2018,5,13,5,3,5,3,0,0,1,0,1,0,0,0,6.23513E+20,5.74334E+21,1.07923E+16,5.18272E+16
209772,15,0,88,20,2018,5,6,6,3,5,3,0,1,0,0,1,0,0,0,7.14533E+20,5.68829E+21,1.20779E+16,5.13055E+16
209773,15,0,3,0,2018,5,15,5,3,6,7,0,0,1,1,0,0,0,0,6.8069E+20,5.77947E+21,1.16403E+16,5.21362E+16
209774,15,0,87,55,2018,5,16,6,3,6,7,0,0,1,1,0,0,0,0,6.39316E+20,5.70254E+21,1.10053E+16,5.14569E+16
209775,15,0,87,75,2018,5,6,6,3,5,3,0,0,1,0,0,0,0,0,6.72445E+20,5.70633E+21,1.14835E+16,5.14818E+16
209776,15,0,2,0,2018,5,11,6,3,5,2,0,0,1,0,0,0,1,0,7.03772E+20,5.70929E+21,1.19358E+16,5.1498E+16
209777,15,0,82,15,2018,6,14,2,3,3,6,0,1,0,0,0,1,0,0,7.24738E+20,5.7281E+21,1.22494E+16,5.16589E+16
209778,15,0,81,455,2018,5,17,5,2,5,3,0,0,1,0,0,0,0,0,6.39909E+20,5.85464E+21,1.10764E+16,5.28233E+16
209779,15,0,2,0,2018,5,13,6,3,2,6,0,0,1,0,0,0,0,0,7.0541E+20,5.71019E+21,1.19599E+16,5.15054E+16
209780,15,0,3,0,2018,5,12,6,3,6,4,0,1,0,1,0,0,0,0,6.80183E+20,5.77908E+21,1.16327E+16,5.21328E+16
209781,15,0,2,0,2018,6,8,2,3,5,3,0,0,1,0,0,1,0,0,7.06685E+20,5.70704E+21,1.19764E+16,5.14767E+16
209782,15,0,3,0,2018,5,6,6,3,5,2,0,0,1,0,0,0,0,0,6.76421E+20,5.78152E+21,1.1579E+16,5.21559E+16
209783,15,0,91,375,2018,6,11,6,3,0,6,0,1,0,1,0,0,0,0,7.48949E+20,5.75229E+21,1.26161E+16,5.18658E+16
209784,15,0,2,0,2018,5,17,4,3,2,7,0,0,1,0,1,0,0,1,7.06638E+20,5.70746E+21,1.1976E+16,5.14805E+16
209785,15,0,3,0,2018,5,9,6,3,5,3,0,1,1,0,0,0,0,0,6.7659E+20,5.78046E+21,1.15809E+16,5.21463E+16
209786,15,0,85,235,2018,5,10,6,3,5,3,0,1,1,0,0,0,0,0,6.48619E+20,5.73985E+21,1.11549E+16,5.17898E+16
209787,15,0,83,411,2018,6,15,4,3,2,7,0,0,1,0,0,0,1,0,6.43337E+20,5.79674E+21,1.11022E+16,5.23023E+16
209788,15,0,85,185,2018,5,17,6,3,4,3,0,1,1,0,0,0,0,0,6.29786E+20,5.76089E+21,1.08899E+16,5.19835E+16
209789,15,0,1,0,2018,5,16,5,2,5,3,0,0,1,0,0,1,0,0,7.21581E+20,5.74666E+21,1.22157E+16,5.18267E+16
209790,15,0,3,0,2018,6,10,2,2,5,3,0,0,1,0,0,0,0,0,6.77505E+20,5.77473E+21,1.15913E+16,5.20946E+16
209791,15,0,88,205,2018,5,10,4,3,0,6,0,0,1,0,0,0,0,0,7.09208E+20,5.69099E+21,1.20032E+16,5.13317E+16
209792,15,0,88,220,2018,5,10,5,3,0,3,0,1,1,0,0,0,0,0,7.07843E+20,5.69167E+21,1.19841E+16,5.13382E+16
209793,15,0,2,0,2018,5,10,5,2,3,6,0,0,1,0,1,0,0,0,7.02876E+20,5.70613E+21,1.19211E+16,5.14699E+16
209794,15,0,2,0,2018,5,13,4,3,5,3,0,0,1,0,0,0,1,0,7.08666E+20,5.7089E+21,1.2006E+16,5.14927E+16
209795,15,0,88,220,2018,5,15,5,3,5,3,0,1,1,0,0,0,0,0,7.07669E+20,5.6936E+21,1.19827E+16,5.13557E+16
209796,15,0,82,377,2018,6,14,6,3,5,3,0,1,1,0,0,0,0,0,7.02835E+20,5.7315E+21,1.19352E+16,5.16977E+16
209797,15,0,84,550,2018,5,0,5,2,1,1,2,0,1,0,0,0,0,0,7.08549E+20,5.67569E+21,1.19849E+16,5.11945E+16
209798,15,0,82,241,2018,5,20,5,2,5,3,0,1,1,0,0,0,0,0,7.34881E+20,5.73145E+21,1.2398E+16,5.16848E+16
209799,15,0,2,0,2018,6,8,3,3,5,3,0,1,1,0,0,0,0,0,7.08088E+20,5.70496E+21,1.19954E+16,5.14575E+16
209800,15,0,82,301,2018,5,8,5,3,2,7,0,0,0,0,1,1,0,0,7.25932E+20,5.73414E+21,1.22706E+16,5.17127E+16
209801,15,0,90,535,2018,5,16,5,3,3,2,0,1,1,0,0,0,0,0,6.94159E+20,5.83369E+21,1.18682E+16,5.26184E+16
209802,15,0,87,412,2018,6,17,1,3,0,3,0,1,1,0,0,0,0,0,6.4684E+20,5.70339E+21,1.11138E+16,5.14626E+16
209803,15,0,83,415,2018,5,17,3,3,2,2,0,1,1,0,0,0,0,0,6.5282E+20,5.7667E+21,1.12277E+16,5.20298E+16
209804,15,0,90,535,2018,5,16,5,3,5,3,0,1,1,0,0,0,0,0,6.92933E+20,5.83275E+21,1.18496E+16,5.26104E+16
209805,15,0,3,0,2018,5,17,5,3,5,3,0,0,1,0,1,0,0,0,6.77854E+20,5.7765E+21,1.15973E+16,5.21104E+16
209806,15,0,3,0,2018,5,16,5,3,5,2,0,1,0,0,0,0,0,0,6.7836E+20,5.77567E+21,1.16043E+16,5.21028E+16
209807,15,0,85,235,2018,5,14,5,3,0,1,0,1,0,0,0,0,0,0,6.48813E+20,5.74053E+21,1.1158E+16,5.17958E+16
209808,15,0,3,0,2018,6,15,3,3,0,3,0,0,1,0,0,0,1,0,6.79791E+20,5.77566E+21,1.16251E+16,5.21022E+16
209809,15,0,85,135,2018,5,8,5,3,0,7,0,1,0,0,0,0,0,0,6.41188E+20,5.74966E+21,1.10512E+16,5.18798E+16
209810,15,0,82,180,2018,6,11,7,2,1,6,0,0,1,0,0,0,0,1,7.03311E+20,5.73797E+21,1.19458E+16,5.17557E+16
209811,15,0,85,135,2018,5,15,5,3,3,6,0,0,1,0,0,0,0,0,6.41069E+20,5.75124E+21,1.10501E+16,5.1894E+16
209812,15,0,91,241,2018,6,14,3,3,5,3,0,0,1,0,0,0,0,0,7.34386E+20,5.74375E+21,1.23992E+16,5.17954E+16
209813,15,0,83,270,2018,5,7,5,3,3,2,0,1,1,0,0,0,0,0,6.65726E+20,5.79533E+21,1.14296E+16,5.22833E+16
209814,15,0,2,0,2018,6,22,7,2,1,5,2,1,1,0,0,0,0,0,7.06284E+20,5.70658E+21,1.19704E+16,5.14727E+16
209815,15,0,3,0,2018,5,18,2,3,6,6,0,1,0,1,0,0,0,0,6.78204E+20,5.77747E+21,1.16029E+16,5.2119E+16
209816,15,0,3,0,2018,5,17,4,3,5,3,0,0,1,0,0,0,0,0,6.79675E+20,5.77525E+21,1.16232E+16,5.20986E+16
209817,15,0,3,0,2018,5,12,4,3,3,6,0,1,1,0,0,0,0,0,6.80418E+20,5.77882E+21,1.1636E+16,5.21304E+16
209818,15,0,2,0,2018,5,13,4,3,0,1,0,1,1,0,0,0,0,0,7.06256E+20,5.70701E+21,1.19702E+16,5.14766E+16
209819,15,0,3,0,2018,5,16,4,3,5,3,0,1,1,0,0,0,0,0,6.79819E+20,5.77586E+21,1.16256E+16,5.2104E+16
209820,15,0,85,235,2018,6,14,3,2,5,3,0,1,1,0,0,0,0,0,6.47282E+20,5.73213E+21,1.11323E+16,5.17208E+16
209821,15,0,2,0,2018,5,13,4,3,5,3,0,0,1,0,0,0,0,0,7.05229E+20,5.70571E+21,1.19547E+16,5.14653E+16
209822,15,0,87,130,2018,6,12,6,3,2,6,0,0,1,0,0,0,0,0,6.77443E+20,5.71097E+21,1.15578E+16,5.1522E+16
209823,15,0,89,310,2018,5,14,4,3,8,5,0,0,1,0,0,0,0,0,6.78802E+20,5.74855E+21,1.15966E+16,5.1859E+16
209824,15,0,2,0,2018,5,5,4,3,5,3,0,0,1,0,0,0,0,0,7.02055E+20,5.71203E+21,1.19127E+16,5.15231E+16
209825,15,0,2,0,2018,5,16,4,3,2,6,0,0,1,0,0,0,1,0,7.04867E+20,5.71006E+21,1.1952E+16,5.15045E+16
209826,15,0,3,0,2018,5,16,4,3,5,3,0,1,1,0,0,0,0,0,6.7839E+20,5.78092E+21,1.16075E+16,5.21499E+16
209827,15,0,91,375,2018,5,17,4,3,0,1,0,1,0,0,0,0,0,0,7.45955E+20,5.75463E+21,1.25744E+16,5.18881E+16
209828,15,0,82,340,2018,5,11,4,3,5,3,0,1,1,0,0,0,0,0,7.26336E+20,5.72353E+21,1.22695E+16,5.16172E+16
209829,15,0,82,377,2018,5,11,4,3,5,3,0,1,0,0,0,0,0,0,7.12064E+20,5.72912E+21,1.20671E+16,5.1673E+16
209830,15,0,83,40,2018,5,17,4,3,5,3,0,1,1,0,0,0,0,0,6.79226E+20,5.78708E+21,1.16229E+16,5.2205E+16
209831,15,0,2,0,2018,6,17,2,3,5,3,0,1,1,0,0,0,0,0,7.05297E+20,5.71165E+21,1.19591E+16,5.15186E+16
209832,15,0,85,145,2018,5,14,4,3,5,3,0,0,1,0,0,1,0,0,6.48531E+20,5.72333E+21,1.11466E+16,5.16413E+16
209833,15,0,89,305,2018,5,15,4,2,5,3,0,1,1,0,0,0,0,0,6.87729E+20,5.76655E+21,1.17359E+16,5.20178E+16
209834,15,0,82,15,2018,6,7,6,3,6,6,0,1,0,1,0,0,0,0,7.30321E+20,5.72396E+21,1.23273E+16,5.16194E+16
209835,15,0,83,490,2018,5,18,4,3,1,5,0,1,1,0,0,0,0,0,6.69909E+20,5.76359E+21,1.1475E+16,5.19969E+16