OBJECTID_1,ULAND,UREGBEZ,UKREIS,UGEMEINDE,UJAHR,UMONAT,USTUNDE,UWOCHENTAG,UKATEGORIE,UART,UTYP1,ULICHTVERH,IstRad,IstPKW,IstFuss,IstKrad,IstGkfz,IstSonstig,STRZUSTAND,LINREFX,LINREFY,XGCSWGS84,YGCSWGS84
210022,15,0,3,0,2018,6,0,7,3,8,1,2,0,1,0,0,0,0,0,6.79468E+20,5.77804E+21,1.16217E+16,5.21237E+16
210023,15,0,3,0,2018,6,11,3,3,1,5,0,1,1,0,0,0,0,0,6.79303E+20,5.77508E+21,1.16177E+16,5.20972E+16
210024,15,0,85,235,2018,6,8,7,3,5,3,0,0,1,0,0,0,1,0,6.49132E+20,5.73253E+21,1.11592E+16,5.17238E+16
210025,15,0,88,195,2018,6,17,6,3,1,7,0,0,1,1,0,0,0,0,7.17178E+20,5.71566E+21,1.21326E+16,5.15502E+16
210026,15,0,87,10,2018,6,19,6,3,5,6,0,0,1,0,1,0,0,0,6.71279E+20,5.71321E+21,1.14701E+16,5.1544E+16
210027,15,0,89,310,2018,6,6,3,2,5,2,0,1,1,0,0,0,0,0,6.78477E+20,5.74481E+21,1.15899E+16,5.18256E+16
210028,15,0,2,0,2018,6,23,6,3,0,1,2,0,1,0,0,0,0,0,7.04949E+20,5.70984E+21,1.19531E+16,5.15025E+16
210029,15,0,2,0,2018,6,16,6,3,3,2,0,1,1,0,0,0,0,0,7.05585E+20,5.70667E+21,1.19604E+16,5.14738E+16
210030,15,0,3,0,2018,6,6,6,3,3,6,0,1,1,0,0,0,0,0,6.78344E+20,5.77845E+21,1.16055E+16,5.21278E+16
210031,15,0,84,445,2018,6,17,6,3,3,6,0,1,1,0,0,0,0,0,7.0059E+20,5.67141E+21,1.18687E+16,5.11589E+16
210032,15,0,3,0,2018,6,11,6,3,1,7,0,0,1,0,0,0,0,0,6.77866E+20,5.77633E+21,1.15974E+16,5.21088E+16
210033,15,0,82,15,2018,6,17,5,3,1,5,0,1,1,0,0,0,0,0,7.28299E+20,5.72709E+21,1.23002E+16,5.16484E+16
210034,15,0,84,590,2018,6,7,6,3,5,3,0,1,0,0,0,0,1,0,7.20297E+20,5.65931E+21,1.21427E+16,5.1043E+16
210035,15,0,91,20,2018,6,19,6,3,5,2,0,0,0,0,1,0,0,0,7.59069E+20,5.74021E+21,1.27537E+16,5.17528E+16
210036,15,0,82,180,2018,6,17,2,3,1,6,0,0,1,0,0,0,0,0,7.0771E+20,5.73564E+21,1.20081E+16,5.17331E+16
210037,15,0,82,180,2018,6,14,6,3,2,6,0,0,1,0,0,1,0,0,7.06775E+20,5.73708E+21,1.19954E+16,5.17464E+16
210038,15,0,3,0,2018,6,15,6,3,2,2,0,0,1,0,0,0,1,0,6.8189E+20,5.77466E+21,1.16552E+16,5.20926E+16
210039,15,0,3,0,2018,6,20,6,3,6,4,0,0,1,1,0,0,0,0,6.81342E+20,5.77854E+21,1.16493E+16,5.21276E+16
210040,15,0,3,0,2018,6,18,6,3,3,3,0,1,1,0,0,0,0,0,6.82549E+20,5.77903E+21,1.16672E+16,5.21316E+16
210041,15,0,3,0,2018,6,6,6,3,5,3,0,1,1,0,0,0,0,0,6.79552E+20,5.77727E+21,1.16225E+16,5.21168E+16
210042,15,0,3,0,2018,6,17,6,3,9,1,0,0,0,0,1,0,0,1,6.798E+20,5.78011E+21,1.16276E+16,5.21422E+16
210043,15,0,3,0,2018,6,20,6,2,5,3,0,0,1,0,1,0,0,0,6.8239E+20,5.78788E+21,1.16696E+16,5.22111E+16
210044,15,0,3,0,2018,6,13,6,2,6,4,0,0,1,1,0,0,0,0,6.7883E+20,5.77699E+21,1.16118E+16,5.21145E+16
210045,15,0,3,0,2018,6,3,5,3,8,1,2,0,1,0,0,0,0,0,6.79468E+20,5.77803E+21,1.16217E+16,5.21237E+16
210046,15,0,3,0,2018,6,15,6,3,5,2,0,0,1,0,0,0,0,0,6.7938E+20,5.77685E+21,1.16198E+16,5.21131E+16
210047,15,0,3,0,2018,6,14,6,3,3,2,0,0,1,0,1,0,0,0,6.79582E+20,5.77408E+21,1.16213E+16,5.20881E+16
210048,15,0,86,80,2018,6,14,6,3,8,1,0,0,1,0,0,0,0,0,7.22871E+20,5.81829E+21,1.22813E+16,5.24692E+16
210049,15,0,88,220,2018,6,13,5,3,5,7,0,0,1,0,1,0,0,0,7.07952E+20,5.69595E+21,1.19881E+16,5.13766E+16
210050,15,0,2,0,2018,6,10,5,3,5,3,0,1,1,0,0,0,0,0,7.05634E+20,5.70936E+21,1.19626E+16,5.14979E+16
210051,15,0,85,40,2018,6,15,6,2,4,6,0,1,0,0,0,0,0,0,6.4958E+20,5.73382E+21,1.11662E+16,5.17353E+16
210052,15,0,2,0,2018,6,20,5,3,0,1,1,1,0,0,0,0,0,0,7.06003E+20,5.7081E+21,1.19672E+16,5.14864E+16
210053,15,0,85,135,2018,6,0,6,3,5,3,2,0,1,0,0,0,0,0,6.41677E+20,5.75117E+21,1.1059E+16,5.18932E+16
210054,15,0,81,455,2018,6,17,4,3,4,2,0,0,1,0,1,0,0,0,6.46331E+20,5.85806E+21,1.11732E+16,5.28523E+16
210055,15,0,2,0,2018,6,15,5,3,0,3,0,1,1,0,0,0,0,0,7.03743E+20,5.70799E+21,1.19346E+16,5.14863E+16
210056,15,0,87,165,2018,6,15,5,3,4,6,0,1,1,0,0,0,0,0,6.7619E+20,5.71996E+21,1.15442E+16,5.16031E+16
210057,15,0,90,535,2018,6,17,4,3,0,7,0,1,0,1,0,0,0,0,6.93037E+20,5.83216E+21,1.18508E+16,5.26051E+16
210058,15,0,2,0,2018,6,15,5,3,5,2,0,1,1,0,0,0,0,0,7.05897E+20,5.71006E+21,1.19668E+16,5.15041E+16
210059,15,0,91,375,2018,6,10,5,3,1,6,0,0,1,0,0,0,1,0,7.4901E+20,5.75304E+21,1.26175E+16,5.18725E+16
210060,15,0,2,0,2018,6,19,5,3,5,2,0,1,1,0,0,0,0,0,7.0583E+20,5.70737E+21,1.19643E+16,5.148E+16
210061,15,0,1,0,2018,6,15,5,3,5,3,0,1,1,0,0,0,0,0,7.23173E+20,5.74815E+21,1.22397E+16,5.18395E+16
210062,15,0,1,0,2018,6,13,5,3,5,3,0,1,1,0,0,0,0,0,7.23321E+20,5.74668E+21,1.22409E+16,5.18262E+16
210063,15,0,84,590,2018,6,7,5,3,0,7,0,0,0,0,1,0,0,0,7.17689E+20,5.66348E+21,1.21081E+16,5.10814E+16
210064,15,0,82,15,2018,6,14,5,2,6,4,0,0,1,1,0,0,0,0,7.30186E+20,5.72487E+21,1.23259E+16,5.16277E+16
210065,15,0,89,310,2018,6,17,5,3,1,2,0,1,1,0,0,0,0,0,6.79786E+20,5.74754E+21,1.16103E+16,5.18497E+16
210066,15,0,1,0,2018,6,0,3,2,8,1,2,0,1,0,0,0,0,0,7.21627E+20,5.75599E+21,1.22223E+16,5.19105E+16
210067,15,0,89,15,2018,6,13,5,2,6,4,0,0,1,1,0,0,0,0,6.69453E+20,5.73664E+21,1.14551E+16,5.1755E+16
210068,15,0,3,0,2018,6,16,5,3,5,3,0,0,1,0,1,0,0,0,6.80082E+20,5.77639E+21,1.16298E+16,5.21087E+16
210069,15,0,2,0,2018,6,7,5,3,0,2,0,1,1,0,0,0,0,0,7.06166E+20,5.70889E+21,1.197E+16,5.14935E+16
210070,15,0,3,0,2018,6,15,5,2,5,2,0,1,1,0,0,0,0,0,6.81032E+20,5.77438E+21,1.16426E+16,5.20903E+16
210071,15,0,91,241,2018,6,9,5,3,5,7,0,1,1,0,0,0,0,0,7.36005E+20,5.74349E+21,1.24224E+16,5.17924E+16
210072,15,0,3,0,2018,6,15,5,3,0,7,0,1,0,0,0,0,0,0,6.80088E+20,5.77806E+21,1.16307E+16,5.21237E+16
210073,15,0,1,0,2018,6,8,5,1,8,1,0,0,1,0,0,0,0,0,7.21588E+20,5.74664E+21,1.22157E+16,5.18266E+16
210074,15,0,3,0,2018,6,11,5,3,0,3,0,0,1,0,1,0,0,0,6.78342E+20,5.77648E+21,1.16044E+16,5.211E+16
210075,15,0,1,0,2018,6,12,5,3,6,3,0,1,0,1,0,0,0,0,7.23711E+20,5.74797E+21,1.22474E+16,5.18377E+16
210076,15,0,86,5,2018,6,18,6,3,5,3,0,1,1,0,0,0,0,0,6.85977E+20,5.78205E+21,1.17188E+16,5.21576E+16
210077,15,0,3,0,2018,6,10,5,3,5,3,0,1,0,0,0,0,1,0,6.80097E+20,5.78265E+21,1.16333E+16,5.21649E+16
210078,15,0,85,190,2018,6,14,5,3,1,5,0,0,1,0,0,0,1,0,6.15477E+20,5.74722E+21,1.06771E+16,5.18638E+16
210079,15,0,89,305,2018,6,17,3,3,3,6,0,0,1,0,0,0,0,0,6.87106E+20,5.7673E+21,1.17272E+16,5.20247E+16
210080,15,0,88,20,2018,6,14,4,2,5,2,0,1,1,0,0,0,0,0,7.13346E+20,5.6875E+21,1.20604E+16,5.12987E+16
210081,15,0,87,370,2018,6,18,4,2,6,4,0,0,1,1,0,0,0,0,6.59517E+20,5.70437E+21,1.12966E+16,5.1468E+16
210082,15,0,1,0,2018,6,14,5,3,1,6,0,0,1,0,0,0,0,0,7.22296E+20,5.74467E+21,1.22247E+16,5.18086E+16
210083,15,0,2,0,2018,6,7,4,2,5,3,0,0,1,0,0,0,0,0,7.05642E+20,5.70353E+21,1.19594E+16,5.14456E+16
210084,15,0,90,535,2018,6,14,5,3,5,3,0,1,1,0,0,0,0,1,6.93212E+20,5.83085E+21,1.18526E+16,5.25933E+16
210085,15,0,90,535,2018,6,14,5,3,5,2,0,1,1,0,0,0,0,0,6.76625E+20,5.82424E+21,1.16045E+16,5.25396E+16
210086,15,0,84,355,2018,6,7,4,3,5,3,0,1,0,0,1,0,0,1,6.9075E+20,5.66897E+21,1.17269E+16,5.11404E+16
210087,15,0,82,15,2018,6,8,4,3,4,6,0,1,1,0,0,0,0,0,7.30835E+20,5.72381E+21,1.23346E+16,5.16179E+16
210088,15,0,84,355,2018,6,8,5,3,5,3,0,0,1,0,0,0,0,0,6.97329E+20,5.67117E+21,1.1822E+16,5.11579E+16
210089,15,0,86,140,2018,6,10,4,3,1,5,0,0,1,0,0,0,0,0,7.01969E+20,5.78096E+21,1.19517E+16,5.21422E+16
210090,15,0,81,455,2018,6,6,4,3,1,6,0,0,1,0,0,0,0,0,6.46113E+20,5.85691E+21,1.11694E+16,5.28421E+16
210091,15,0,2,0,2018,6,7,2,3,5,3,0,1,1,0,0,0,0,0,7.06714E+20,5.70687E+21,1.19767E+16,5.14752E+16
210092,15,0,88,220,2018,6,11,3,3,1,7,0,0,0,0,1,0,1,0,7.07811E+20,5.69675E+21,1.19866E+16,5.13839E+16
210093,15,0,87,370,2018,6,16,3,3,1,7,0,1,1,0,0,0,0,0,6.608E+20,5.70519E+21,1.13155E+16,5.1475E+16
210094,15,0,89,55,2018,6,0,5,3,1,5,2,1,1,0,0,0,0,0,6.90653E+20,5.75406E+21,1.17715E+16,5.19046E+16
210095,15,0,2,0,2018,6,19,3,2,0,1,0,1,0,0,0,0,0,0,7.05666E+20,5.70935E+21,1.19631E+16,5.14978E+16
210096,15,0,89,310,2018,6,7,5,3,0,1,0,0,0,0,1,0,0,0,6.79147E+20,5.74691E+21,1.16007E+16,5.18442E+16
210097,15,0,86,145,2018,6,6,5,3,3,6,0,1,1,0,0,0,0,0,6.90871E+20,5.78802E+21,1.17937E+16,5.22095E+16
210098,15,0,91,375,2018,6,16,3,2,1,6,0,0,0,0,1,0,1,0,7.48281E+20,5.75367E+21,1.26074E+16,5.18784E+16
210099,15,0,82,180,2018,6,15,3,2,0,3,0,1,1,0,0,0,0,0,7.0405E+20,5.73723E+21,1.19561E+16,5.17487E+16
210100,15,0,3,0,2018,6,15,5,3,5,3,0,1,1,0,0,0,0,0,6.7884E+20,5.7788E+21,1.16129E+16,5.21307E+16
210101,15,0,89,75,2018,6,10,3,3,3,5,0,1,1,0,0,0,0,0,6.67099E+20,5.75745E+21,1.14311E+16,5.19427E+16
210102,15,0,3,0,2018,6,14,3,3,5,3,0,1,1,0,0,0,0,0,6.8019E+20,5.7789E+21,1.16327E+16,5.21312E+16
210103,15,0,3,0,2018,6,13,5,3,0,7,0,0,0,0,1,0,0,1,6.78693E+20,5.77693E+21,1.16098E+16,5.2114E+16
210104,15,0,3,0,2018,6,9,3,3,5,3,0,1,1,0,0,0,0,0,6.79882E+20,5.77772E+21,1.16276E+16,5.21207E+16
210105,15,0,3,0,2018,6,1,3,2,0,7,2,1,0,0,0,0,0,0,6.82711E+20,5.77879E+21,1.16694E+16,5.21294E+16
210106,15,0,83,298,2018,6,18,5,3,1,1,0,0,1,0,0,0,0,0,6.71628E+20,5.7788E+21,1.15077E+16,5.2133E+16
210107,15,0,81,455,2018,6,11,3,3,6,4,0,0,1,1,0,0,0,0,6.44999E+20,5.8579E+21,1.11534E+16,5.28513E+16
210108,15,0,81,455,2018,6,12,5,3,5,3,0,1,1,0,0,0,0,0,6.45584E+20,5.85807E+21,1.11621E+16,5.28527E+16
210109,15,0,3,0,2018,6,13,4,3,6,4,0,0,1,1,0,0,0,0,6.78633E+20,5.77841E+21,1.16097E+16,5.21273E+16
210110,15,0,81,455,2018,6,14,3,2,5,3,0,1,0,0,1,0,0,0,6.44899E+20,5.8574E+21,1.11516E+16,5.28468E+16
210111,15,0,88,220,2018,6,16,2,3,1,7,0,0,1,0,1,0,0,0,7.08336E+20,5.69103E+21,1.19907E+16,5.13324E+16
210112,15,0,81,455,2018,6,12,5,3,6,4,0,0,1,1,0,0,0,0,6.45605E+20,5.85789E+21,1.11623E+16,5.28511E+16
210113,15,0,2,0,2018,6,8,2,3,5,3,0,1,1,0,0,0,0,0,7.08088E+20,5.70496E+21,1.19954E+16,5.14575E+16
210114,15,0,3,0,2018,6,14,4,3,1,2,0,0,1,0,0,0,0,0,6.78944E+20,5.78193E+21,1.16161E+16,5.21588E+16
210115,15,0,3,0,2018,6,15,6,2,5,3,0,0,1,0,0,0,0,0,6.80627E+20,5.77508E+21,1.1637E+16,5.20968E+16
210116,15,0,2,0,2018,6,13,2,3,0,1,0,1,0,0,0,0,0,0,7.06093E+20,5.70797E+21,1.19684E+16,5.14852E+16
210117,15,0,91,375,2018,6,15,2,3,5,2,0,1,1,0,0,0,0,0,7.49941E+20,5.75235E+21,1.26305E+16,5.18659E+16
210118,15,0,90,535,2018,6,18,3,3,1,6,0,1,1,0,0,0,0,0,6.93508E+20,5.83246E+21,1.18579E+16,5.26077E+16
210119,15,0,91,375,2018,6,15,2,3,6,4,0,0,1,1,0,0,0,0,7.48697E+20,5.75229E+21,1.26124E+16,5.18658E+16
210120,15,0,82,15,2018,6,15,2,3,0,5,0,1,1,0,0,0,0,0,7.26563E+20,5.72921E+21,1.22765E+16,5.16681E+16
210121,15,0,1,0,2018,6,18,3,3,3,2,0,1,0,0,0,0,0,0,7.24081E+20,5.74531E+21,1.2251E+16,5.18137E+16
210122,15,0,3,0,2018,6,7,2,3,3,2,0,0,1,0,0,0,0,0,6.80173E+20,5.77759E+21,1.16317E+16,5.21194E+16
210123,15,0,3,0,2018,6,22,2,3,0,7,2,1,0,0,0,0,0,0,6.78523E+20,5.77694E+21,1.16073E+16,5.21141E+16
210124,15,0,88,220,2018,6,16,4,3,5,2,0,1,1,0,0,0,0,0,7.07827E+20,5.69111E+21,1.19835E+16,5.13332E+16
210125,15,0,85,135,2018,6,15,2,3,5,3,0,0,1,0,0,0,0,0,6.41406E+20,5.75191E+21,1.10553E+16,5.19E+16
210126,15,0,88,220,2018,6,10,4,3,0,2,0,0,1,0,1,0,0,0,7.07618E+20,5.69534E+21,1.1983E+16,5.13713E+16
210127,15,0,85,370,2018,6,10,6,3,5,3,0,0,1,0,0,0,1,0,6.23939E+20,5.74505E+21,1.07991E+16,5.18425E+16
210128,15,0,2,0,2018,6,18,1,2,5,3,0,0,1,0,0,0,0,0,7.06428E+20,5.70296E+21,1.19703E+16,5.14401E+16
210129,15,0,1,0,2018,6,17,1,3,1,6,0,0,1,0,0,0,0,0,6.92365E+20,5.83204E+21,1.18408E+16,5.26043E+16
210130,15,0,3,0,2018,6,17,3,3,0,7,0,1,0,0,0,0,0,0,6.80641E+20,5.7801E+21,1.16399E+16,5.21418E+16
210131,15,0,1,0,2018,6,11,1,2,6,6,0,1,0,1,0,0,0,0,7.23917E+20,5.74809E+21,1.22504E+16,5.18387E+16
210132,15,0,88,305,2018,6,17,7,3,0,5,0,1,1,0,0,0,0,0,6.81279E+20,5.69462E+21,1.16046E+16,5.13739E+16
210133,15,0,88,220,2018,6,7,4,3,2,5,0,0,1,0,0,0,0,0,7.0804E+20,5.69317E+21,1.19878E+16,5.13516E+16
210134,15,0,91,241,2018,6,8,7,3,6,7,0,0,1,1,0,0,0,0,7.35211E+20,5.74475E+21,1.24118E+16,5.1804E+16
210135,15,0,1,0,2018,6,13,7,3,0,1,0,1,0,0,0,0,0,0,7.23169E+20,5.74761E+21,1.22393E+16,5.18346E+16
210136,15,0,88,305,2018,6,12,4,2,5,2,0,0,1,0,1,0,0,0,6.81012E+20,5.69542E+21,1.16012E+16,5.13811E+16
210137,15,0,82,15,2018,6,13,7,3,5,3,0,0,1,0,0,1,0,0,7.25554E+20,5.72742E+21,1.22608E+16,5.16524E+16
210138,15,0,2,0,2018,6,16,4,3,2,6,0,0,1,0,0,0,0,0,7.07184E+20,5.70852E+21,1.19844E+16,5.14899E+16
210139,15,0,1,0,2018,6,17,5,3,5,3,0,1,1,0,0,0,0,0,7.24521E+20,5.7433E+21,1.22561E+16,5.17954E+16
210140,15,0,89,15,2018,6,17,7,3,1,7,0,0,1,0,1,0,0,0,6.71257E+20,5.7367E+21,1.14813E+16,5.1755E+16
210141,15,0,3,0,2018,6,12,7,3,5,2,0,1,1,0,0,0,0,0,6.80545E+20,5.78098E+21,1.1639E+16,5.21497E+16
210142,15,0,1,0,2018,6,16,2,3,1,3,0,0,1,0,0,0,0,0,7.19246E+20,5.7455E+21,1.21811E+16,5.18173E+16
210143,15,0,3,0,2018,6,0,7,3,1,5,2,1,1,0,0,0,0,0,6.80006E+20,5.78234E+21,1.16318E+16,5.21622E+16
210144,15,0,81,45,2018,6,11,7,3,5,7,0,1,1,0,0,0,0,0,6.42152E+20,5.84202E+21,1.11042E+16,5.27094E+16
210145,15,0,2,0,2018,6,13,4,3,5,2,0,1,1,0,0,0,0,0,7.03574E+20,5.70955E+21,1.19331E+16,5.15004E+16
210146,15,0,88,20,2018,6,14,6,2,3,5,0,1,1,0,0,0,0,0,7.1394E+20,5.68679E+21,1.20685E+16,5.12921E+16
210147,15,0,2,0,2018,6,14,4,3,2,2,0,0,1,0,0,0,0,0,7.02743E+20,5.71077E+21,1.19219E+16,5.15116E+16
210148,15,0,2,0,2018,6,13,4,3,6,4,0,0,1,1,0,0,0,0,7.03278E+20,5.70764E+21,1.19278E+16,5.14834E+16
210149,15,0,88,220,2018,6,15,6,3,4,6,0,1,0,0,0,0,0,0,7.0806E+20,5.69533E+21,1.19893E+16,5.13711E+16
210150,15,0,87,205,2018,6,10,6,2,5,3,0,0,1,0,0,0,0,0,6.72509E+20,5.7144E+21,1.14884E+16,5.15543E+16
210151,15,0,2,0,2018,6,8,4,3,6,4,0,0,1,1,0,0,0,0,7.03863E+20,5.70702E+21,1.19358E+16,5.14776E+16
210152,15,0,3,0,2018,6,7,5,3,5,3,0,1,1,0,0,0,0,0,6.78995E+20,5.77654E+21,1.1614E+16,5.21104E+16
210153,15,0,2,0,2018,6,10,6,3,0,1,0,1,0,0,0,0,0,0,7.06003E+20,5.7081E+21,1.19672E+16,5.14864E+16
210154,15,0,91,391,2018,6,14,6,3,9,1,0,0,1,0,0,0,0,0,7.58334E+20,5.75573E+21,1.27547E+16,5.18924E+16
210155,15,0,2,0,2018,6,17,4,3,5,3,0,1,1,0,0,0,0,0,7.05804E+20,5.70545E+21,1.19628E+16,5.14627E+16
210156,15,0,1,0,2018,6,10,6,3,2,6,0,0,1,0,0,0,0,0,7.2208E+20,5.74472E+21,1.22217E+16,5.18092E+16
210157,15,0,3,0,2018,6,23,6,3,1,7,2,0,1,0,0,0,0,0,6.80671E+20,5.78073E+21,1.16407E+16,5.21475E+16
210158,15,0,82,15,2018,6,16,4,3,2,6,0,0,1,0,0,0,0,0,7.3031E+20,5.72472E+21,1.23276E+16,5.16263E+16
210159,15,0,3,0,2018,6,13,6,3,5,3,0,0,1,0,1,0,0,0,6.80111E+20,5.77488E+21,1.16294E+16,5.20951E+16
210160,15,0,82,15,2018,6,5,4,3,5,3,0,1,1,0,0,0,0,0,7.25823E+20,5.73095E+21,1.22669E+16,5.1684E+16
210161,15,0,85,135,2018,6,14,4,3,1,5,0,1,1,0,0,0,0,0,6.41392E+20,5.75154E+21,1.1055E+16,5.18966E+16
210162,15,0,85,135,2018,6,23,6,3,5,3,1,0,1,0,0,0,0,0,6.42623E+20,5.74997E+21,1.10722E+16,5.18822E+16
210163,15,0,2,0,2018,6,9,5,3,2,6,0,0,1,0,0,0,0,0,7.05353E+20,5.70598E+21,1.19566E+16,5.14677E+16
210164,15,0,90,225,2018,6,17,4,3,5,3,0,1,1,0,0,0,0,0,7.07716E+20,5.85799E+21,1.20836E+16,5.28316E+16
210165,15,0,2,0,2018,6,7,5,3,5,3,0,0,1,0,0,0,1,0,7.08593E+20,5.70858E+21,1.20047E+16,5.14898E+16
210166,15,0,3,0,2018,6,15,4,3,1,6,0,0,1,0,0,0,0,0,6.80968E+20,5.77864E+21,1.16439E+16,5.21286E+16
210167,15,0,84,355,2018,6,16,5,3,6,4,0,0,1,1,0,0,0,0,6.96547E+20,5.67007E+21,1.18102E+16,5.11483E+16
210168,15,0,91,375,2018,6,8,5,3,4,2,0,1,1,0,0,0,0,0,7.49867E+20,5.75272E+21,1.26297E+16,5.18692E+16
210169,15,0,3,0,2018,6,16,4,3,9,7,0,0,1,0,0,0,0,0,6.76982E+20,5.77553E+21,1.15841E+16,5.2102E+16
210170,15,0,90,535,2018,6,12,5,3,1,6,0,0,1,0,0,0,0,0,6.9402E+20,5.83155E+21,1.18649E+16,5.25992E+16
210171,15,0,89,15,2018,6,12,5,3,0,3,0,1,1,0,0,0,0,0,6.68997E+20,5.73684E+21,1.14486E+16,5.17569E+16
210172,15,0,1,0,2018,6,23,3,2,0,7,2,0,0,0,1,0,0,0,7.20803E+20,5.7554E+21,1.221E+16,5.19055E+16
210173,15,0,3,0,2018,6,13,5,3,6,6,0,0,1,1,0,0,0,0,6.78629E+20,5.77688E+21,1.16088E+16,5.21135E+16
210174,15,0,3,0,2018,6,7,5,2,5,2,0,0,1,0,0,0,1,0,6.79576E+20,5.77369E+21,1.1621E+16,5.20846E+16
210175,15,0,3,0,2018,6,17,4,3,3,2,0,1,1,0,0,0,0,0,6.78276E+20,5.77569E+21,1.16031E+16,5.2103E+16
210176,15,0,85,135,2018,6,10,5,3,6,4,0,0,1,1,0,0,0,0,6.42653E+20,5.7521E+21,1.10735E+16,5.19013E+16
210177,15,0,3,0,2018,6,16,4,3,5,2,0,1,1,0,0,0,0,0,6.80057E+20,5.77862E+21,1.16306E+16,5.21287E+16
210178,15,0,2,0,2018,6,6,5,3,2,2,0,0,1,0,0,0,0,0,7.06902E+20,5.70851E+21,1.19804E+16,5.14898E+16
210179,15,0,81,455,2018,6,18,5,3,5,3,0,0,1,0,0,0,0,0,6.45862E+20,5.85795E+21,1.11662E+16,5.28515E+16
210180,15,0,88,330,2018,6,13,4,3,1,5,0,0,1,0,0,0,0,0,7.14584E+20,5.69799E+21,1.20845E+16,5.13925E+16
210181,15,0,83,565,2018,6,7,4,3,5,3,0,1,1,0,0,0,0,0,6.79263E+20,5.7918E+21,1.1626E+16,5.22473E+16
210182,15,0,86,80,2018,6,7,6,3,5,2,0,0,1,0,0,0,0,0,7.06102E+20,5.8217E+21,1.20369E+16,5.25064E+16
210183,15,0,87,130,2018,6,5,4,3,5,3,0,1,1,0,0,0,0,0,6.78434E+20,5.70986E+21,1.15715E+16,5.15117E+16
210184,15,0,2,0,2018,6,16,4,3,5,3,0,1,1,0,0,0,0,0,7.05231E+20,5.70577E+21,1.19548E+16,5.14658E+16
210185,15,0,89,30,2018,6,17,3,3,5,3,0,0,1,0,0,0,0,0,6.89418E+20,5.74175E+21,1.17469E+16,5.17945E+16
210186,15,0,84,235,2018,6,18,4,3,5,3,0,0,1,0,1,0,0,0,7.17125E+20,5.67172E+21,1.2105E+16,5.11557E+16
210187,15,0,91,145,2018,6,19,4,3,5,3,0,1,1,0,0,0,0,0,7.83593E+20,5.74474E+21,1.31118E+16,5.17816E+16
210188,15,0,3,0,2018,6,18,3,3,5,3,0,1,1,0,0,0,0,0,6.81542E+20,5.78031E+21,1.16532E+16,5.21434E+16
210189,15,0,89,30,2018,6,7,4,3,1,5,0,1,1,0,0,0,0,0,6.88955E+20,5.74181E+21,1.17402E+16,5.17952E+16
210190,15,0,2,0,2018,6,8,3,3,1,5,0,1,1,0,0,0,0,0,7.06386E+20,5.7087E+21,1.19731E+16,5.14918E+16
210191,15,0,82,241,2018,6,12,5,3,8,1,0,0,1,0,0,0,0,0,7.31782E+20,5.7288E+21,1.23515E+16,5.16623E+16
210192,15,0,3,0,2018,6,12,4,3,0,6,0,1,0,0,0,0,0,0,6.78053E+20,5.78182E+21,1.1603E+16,5.21581E+16
210193,15,0,3,0,2018,6,12,4,2,3,2,0,1,1,0,0,0,0,0,6.78324E+20,5.77568E+21,1.16037E+16,5.21029E+16
210194,15,0,3,0,2018,7,15,6,3,5,3,0,0,1,0,1,0,0,0,6.78539E+20,5.77904E+21,1.16086E+16,5.2133E+16
210195,15,0,82,15,2018,7,22,4,2,5,3,2,0,1,0,0,0,0,0,7.25445E+20,5.73071E+21,1.22613E+16,5.16821E+16
210196,15,0,3,0,2018,7,13,6,3,2,6,0,1,1,0,0,0,0,0,6.78691E+20,5.77801E+21,1.16103E+16,5.21237E+16
210197,15,0,85,330,2018,7,11,6,2,5,3,0,0,1,0,0,0,1,0,6.40661E+20,5.73532E+21,1.10378E+16,5.17511E+16
210198,15,0,85,330,2018,7,17,4,3,5,2,0,0,1,0,1,0,0,0,6.41091E+20,5.72865E+21,1.10413E+16,5.16911E+16
210199,15,0,2,0,2018,7,14,5,3,2,5,0,1,1,0,0,0,0,0,7.04249E+20,5.70732E+21,1.19415E+16,5.14801E+16
210200,15,0,82,180,2018,7,20,5,2,0,1,0,1,0,0,0,0,0,0,7.03646E+20,5.73691E+21,1.195E+16,5.1746E+16
210201,15,0,89,305,2018,7,7,3,3,5,3,0,0,1,0,0,0,0,0,6.85667E+20,5.76768E+21,1.17065E+16,5.20286E+16
210202,15,0,3,0,2018,7,8,3,3,5,3,0,0,1,0,0,0,1,0,6.81953E+20,5.78092E+21,1.16595E+16,5.21488E+16
210203,15,0,82,180,2018,7,10,5,2,0,1,0,1,0,0,0,0,0,1,7.04302E+20,5.73793E+21,1.19601E+16,5.17549E+16
210204,15,0,90,535,2018,7,14,5,3,1,2,0,1,1,0,0,0,0,0,6.92068E+20,5.83187E+21,1.18363E+16,5.26028E+16
210205,15,0,2,0,2018,7,11,3,3,6,4,0,0,1,1,0,0,0,0,7.05314E+20,5.70839E+21,1.19575E+16,5.14893E+16
210206,15,0,89,305,2018,7,16,5,3,3,2,0,1,1,0,0,0,0,0,6.8755E+20,5.76609E+21,1.1733E+16,5.20137E+16