OBJECTID_1,ULAND,UREGBEZ,UKREIS,UGEMEINDE,UJAHR,UMONAT,USTUNDE,UWOCHENTAG,UKATEGORIE,UART,UTYP1,ULICHTVERH,IstRad,IstPKW,IstFuss,IstKrad,IstGkfz,IstSonstig,STRZUSTAND,LINREFX,LINREFY,XGCSWGS84,YGCSWGS84
210207,15,0,3,0,2018,7,12,5,3,5,3,0,1,1,0,0,0,0,0,6.79355E+20,5.77793E+21,1.162E+16,5.21228E+16
210208,15,0,2,0,2018,7,6,3,3,5,2,0,1,1,0,0,0,0,0,7.07811E+20,5.70492E+21,1.19914E+16,5.14572E+16
210209,15,0,84,15,2018,7,12,4,3,4,3,0,0,1,0,0,0,1,0,6.84319E+20,5.67771E+21,1.16395E+16,5.1221E+16
210210,15,0,86,15,2018,7,14,5,1,6,2,0,0,1,1,0,0,0,0,6.9375E+20,5.79468E+21,1.18396E+16,5.22683E+16
210211,15,0,2,0,2018,7,9,3,3,5,2,0,1,1,0,0,0,0,0,7.06224E+20,5.70831E+21,1.19705E+16,5.14883E+16
210212,15,0,81,455,2018,7,16,5,3,5,3,0,0,1,0,0,0,0,0,6.44324E+20,5.85854E+21,1.11436E+16,5.28572E+16
210213,15,0,88,195,2018,7,15,4,3,1,2,0,0,1,0,0,0,0,1,7.12366E+20,5.7118E+21,1.2061E+16,5.15173E+16
210214,15,0,2,0,2018,7,18,3,2,5,2,0,0,1,0,1,0,0,0,7.05522E+20,5.71059E+21,1.19617E+16,5.1509E+16
210215,15,0,82,180,2018,7,22,3,2,8,1,2,1,0,0,0,0,0,0,7.04309E+20,5.73776E+21,1.19602E+16,5.17534E+16
210216,15,0,2,0,2018,7,17,4,3,5,3,0,0,1,0,0,0,0,1,7.02705E+20,5.70742E+21,1.19194E+16,5.14815E+16
210217,15,0,91,110,2018,7,10,4,3,1,5,0,0,1,0,0,0,0,0,7.38241E+20,5.73627E+21,1.24499E+16,5.17266E+16
210218,15,0,90,535,2018,7,13,3,3,2,6,0,0,1,0,1,0,0,0,6.93418E+20,5.83259E+21,1.18566E+16,5.26088E+16
210219,15,0,1,0,2018,7,16,4,3,8,1,0,0,0,0,0,0,1,0,7.23774E+20,5.74944E+21,1.22492E+16,5.18508E+16
210220,15,0,1,0,2018,7,20,4,3,4,6,0,1,0,0,0,0,0,0,7.23414E+20,5.74681E+21,1.22423E+16,5.18274E+16
210221,15,0,3,0,2018,7,8,3,3,5,2,0,1,1,0,0,0,0,0,6.82564E+20,5.77845E+21,1.16671E+16,5.21264E+16
210222,15,0,85,145,2018,7,7,4,3,7,7,0,0,1,0,0,0,0,0,6.46222E+20,5.72397E+21,1.11135E+16,5.16477E+16
210223,15,0,85,135,2018,7,7,4,3,0,3,0,1,1,0,0,0,0,0,6.40769E+20,5.75173E+21,1.1046E+16,5.18985E+16
210224,15,0,1,0,2018,7,18,2,2,5,3,0,0,1,0,0,0,1,0,7.23017E+20,5.74791E+21,1.22373E+16,5.18374E+16
210225,15,0,81,455,2018,7,13,4,3,5,3,0,1,1,0,0,0,0,0,6.45646E+20,5.85773E+21,1.11629E+16,5.28496E+16
210226,15,0,2,0,2018,7,18,3,3,0,3,0,1,1,0,0,0,0,0,7.05902E+20,5.7106E+21,1.19672E+16,5.15089E+16
210227,15,0,87,220,2018,7,20,2,3,3,2,0,0,0,0,1,0,0,0,6.73467E+20,5.72383E+21,1.15069E+16,5.16387E+16
210228,15,0,2,0,2018,7,16,3,3,5,2,0,1,1,0,0,0,0,0,7.06518E+20,5.70776E+21,1.19744E+16,5.14832E+16
210229,15,0,84,550,2018,7,7,2,3,5,3,0,0,1,0,0,0,0,0,7.07038E+20,5.67796E+21,1.19646E+16,5.12154E+16
210230,15,0,90,535,2018,7,18,3,3,5,3,0,1,1,0,0,0,0,0,6.92492E+20,5.83051E+21,1.18418E+16,5.25905E+16
210231,15,0,90,535,2018,7,14,3,3,5,3,0,1,1,0,0,0,0,0,6.92939E+20,5.83233E+21,1.18494E+16,5.26066E+16
210232,15,0,1,0,2018,7,17,2,3,2,6,0,0,1,0,0,0,0,0,7.20616E+20,5.74704E+21,1.22019E+16,5.18306E+16
210233,15,0,90,520,2018,7,8,3,3,7,7,0,0,1,0,0,0,1,0,6.84889E+20,5.86315E+21,1.17481E+16,5.28862E+16
210234,15,0,89,30,2018,7,14,2,2,8,5,0,0,1,0,0,0,0,0,6.88303E+20,5.74258E+21,1.17311E+16,5.18023E+16
210235,15,0,89,30,2018,7,15,2,3,3,2,0,1,1,0,0,0,0,0,6.88853E+20,5.74149E+21,1.17385E+16,5.17923E+16
210236,15,0,89,310,2018,7,13,3,1,6,4,0,0,0,1,0,0,1,0,6.77984E+20,5.7476E+21,1.15842E+16,5.18508E+16
210237,15,0,3,0,2018,7,16,3,2,5,2,0,1,1,0,0,0,0,0,6.80079E+20,5.77701E+21,1.16301E+16,5.21143E+16
210238,15,0,3,0,2018,7,22,2,3,5,3,2,0,1,0,0,0,0,0,6.79753E+20,5.77521E+21,1.16244E+16,5.20982E+16
210239,15,0,3,0,2018,7,14,3,3,5,5,0,0,1,0,0,0,1,0,6.78216E+20,5.77658E+21,1.16026E+16,5.2111E+16
210240,15,0,3,0,2018,7,6,3,3,6,2,0,0,1,1,0,0,0,0,6.78171E+20,5.77934E+21,1.16034E+16,5.21358E+16
210241,15,0,3,0,2018,7,16,2,2,5,3,0,1,1,0,0,0,0,0,6.79434E+20,5.77607E+21,1.16201E+16,5.2106E+16
210242,15,0,87,220,2018,7,9,5,3,5,6,0,1,1,0,0,0,0,0,6.73648E+20,5.72446E+21,1.15098E+16,5.16443E+16
210243,15,0,85,235,2018,7,7,3,3,5,3,0,1,1,0,0,0,0,0,6.48429E+20,5.74014E+21,1.11523E+16,5.17924E+16
210244,15,0,3,0,2018,7,14,2,2,3,5,0,0,1,0,0,0,1,0,6.78609E+20,5.77967E+21,1.161E+16,5.21387E+16
210245,15,0,85,135,2018,7,11,6,3,1,6,0,0,1,0,0,0,0,0,6.4158E+20,5.75065E+21,1.10573E+16,5.18886E+16
210246,15,0,85,235,2018,7,15,3,3,1,3,0,1,0,0,0,0,0,0,6.48219E+20,5.73923E+21,1.11488E+16,5.17843E+16
210247,15,0,81,455,2018,7,20,2,3,6,4,0,0,1,1,0,0,0,0,6.45092E+20,5.85835E+21,1.11549E+16,5.28553E+16
210248,15,0,88,20,2018,7,14,1,3,5,3,0,1,1,0,0,0,0,0,7.13266E+20,5.68743E+21,1.20593E+16,5.12982E+16
210249,15,0,87,220,2018,7,11,2,2,1,6,0,0,1,0,0,0,0,0,6.74062E+20,5.72474E+21,1.15159E+16,5.16467E+16
210250,15,0,2,0,2018,7,12,2,3,5,3,0,1,0,0,0,0,1,0,7.08843E+20,5.70918E+21,1.20087E+16,5.14951E+16
210251,15,0,84,550,2018,7,12,1,2,0,1,0,0,0,0,1,0,0,0,7.07665E+20,5.6766E+21,1.19727E+16,5.1203E+16
210252,15,0,2,0,2018,7,15,2,3,3,6,0,0,1,0,0,0,1,0,7.05918E+20,5.70726E+21,1.19655E+16,5.14789E+16
210253,15,0,2,0,2018,7,10,2,3,1,1,0,1,1,0,0,0,0,0,7.0589E+20,5.70874E+21,1.1966E+16,5.14922E+16
210254,15,0,83,355,2018,7,17,1,2,0,7,0,0,1,0,0,0,0,0,6.58433E+20,5.75726E+21,1.13051E+16,5.19434E+16
210255,15,0,82,15,2018,7,11,5,2,5,3,0,1,1,0,0,0,0,0,7.25464E+20,5.73071E+21,1.22616E+16,5.1682E+16
210256,15,0,2,0,2018,7,17,2,2,5,3,0,1,1,0,0,0,0,0,7.05817E+20,5.70391E+21,1.19621E+16,5.14489E+16
210257,15,0,81,135,2018,7,15,1,3,3,6,0,1,1,0,0,0,0,0,6.62198E+20,5.8227E+21,1.13912E+16,5.25302E+16
210258,15,0,81,455,2018,7,16,1,3,5,3,0,1,1,0,0,0,0,0,6.44945E+20,5.85687E+21,1.11521E+16,5.28421E+16
210259,15,0,84,490,2018,7,20,2,3,3,3,0,1,1,0,0,0,0,0,7.11838E+20,5.67152E+21,1.20294E+16,5.11558E+16
210260,15,0,84,355,2018,7,10,2,3,4,2,0,0,1,0,1,0,0,0,6.97249E+20,5.67047E+21,1.18205E+16,5.11517E+16
210261,15,0,2,0,2018,7,15,7,3,5,3,0,1,1,0,0,0,0,0,7.02399E+20,5.70658E+21,1.19145E+16,5.14742E+16
210262,15,0,91,375,2018,7,8,2,3,5,3,0,1,1,0,0,0,0,0,7.51499E+20,5.75297E+21,1.26535E+16,5.18707E+16
210263,15,0,91,241,2018,7,16,7,2,5,3,0,0,1,0,1,0,0,0,7.36109E+20,5.74646E+21,1.2426E+16,5.1819E+16
210264,15,0,1,0,2018,7,10,2,3,5,3,0,1,1,0,0,0,0,0,7.23293E+20,5.74896E+21,1.2242E+16,5.18468E+16
210265,15,0,89,305,2018,7,9,2,3,5,2,0,1,1,0,0,0,0,0,6.8755E+20,5.76609E+21,1.1733E+16,5.20137E+16
210266,15,0,3,0,2018,7,21,2,3,5,3,0,1,1,0,0,0,0,0,6.76371E+20,5.77568E+21,1.15753E+16,5.21035E+16
210267,15,0,85,370,2018,7,11,2,3,0,7,0,0,1,0,0,0,0,0,6.23905E+20,5.74441E+21,1.07984E+16,5.18367E+16
210268,15,0,1,0,2018,7,10,7,3,5,3,0,1,1,0,0,0,0,0,7.24099E+20,5.74396E+21,1.22504E+16,5.18015E+16
210269,15,0,2,0,2018,7,11,4,3,2,6,0,0,1,0,0,0,0,0,7.05907E+20,5.70735E+21,1.19654E+16,5.14798E+16
210270,15,0,81,455,2018,7,11,2,3,8,2,0,0,1,0,1,0,0,0,6.45116E+20,5.85853E+21,1.11554E+16,5.28569E+16
210271,15,0,82,15,2018,7,8,7,3,3,6,0,1,0,0,0,0,0,0,7.25452E+20,5.72972E+21,1.22608E+16,5.16731E+16
210272,15,0,3,0,2018,7,12,7,3,0,7,0,0,0,0,1,0,0,0,6.79631E+20,5.78293E+21,1.16266E+16,5.21676E+16
210273,15,0,1,0,2018,7,18,1,3,4,1,0,1,1,0,0,0,0,1,7.21785E+20,5.74841E+21,1.22197E+16,5.18424E+16
210274,15,0,82,180,2018,7,20,1,3,5,3,0,1,1,0,0,0,0,0,7.04921E+20,5.7376E+21,1.19689E+16,5.17517E+16
210275,15,0,3,0,2018,7,11,7,3,3,2,0,1,1,0,0,0,0,0,6.80634E+20,5.78031E+21,1.16399E+16,5.21437E+16
210276,15,0,89,30,2018,7,22,1,3,0,1,1,1,0,0,0,0,0,0,6.88547E+20,5.74141E+21,1.1734E+16,5.17917E+16
210277,15,0,85,370,2018,7,10,7,3,5,3,0,1,1,0,0,0,0,0,6.23547E+20,5.74469E+21,1.07933E+16,5.18393E+16
210278,15,0,83,415,2018,7,6,7,2,9,1,0,1,0,0,0,0,0,0,6.52723E+20,5.767E+21,1.12264E+16,5.20325E+16
210279,15,0,3,0,2018,7,20,1,3,1,7,0,1,1,0,0,0,0,0,6.80166E+20,5.78214E+21,1.1634E+16,5.21603E+16
210280,15,0,2,0,2018,7,8,6,2,6,4,0,0,1,1,0,0,0,0,7.03149E+20,5.70745E+21,1.19258E+16,5.14817E+16
210281,15,0,3,0,2018,7,20,1,3,5,3,0,1,1,0,0,0,0,0,6.77732E+20,5.77764E+21,1.15961E+16,5.21207E+16
210282,15,0,88,235,2018,7,15,7,3,6,6,0,1,0,1,0,0,0,0,6.95905E+20,5.68775E+21,1.18107E+16,5.13073E+16
210283,15,0,2,0,2018,7,15,6,3,4,2,0,0,1,0,0,0,0,0,7.02895E+20,5.70692E+21,1.19218E+16,5.1477E+16
210284,15,0,2,0,2018,7,16,7,3,5,2,0,0,1,0,1,0,0,0,7.03847E+20,5.70957E+21,1.19371E+16,5.15005E+16
210285,15,0,91,375,2018,7,19,7,3,0,1,0,1,0,0,0,0,0,0,7.49377E+20,5.75291E+21,1.26227E+16,5.18711E+16
210286,15,0,2,0,2018,7,9,6,3,6,6,0,0,1,0,0,0,1,0,7.03161E+20,5.70746E+21,1.1926E+16,5.14817E+16
210287,15,0,3,0,2018,7,20,7,3,0,7,0,1,0,0,0,0,0,0,6.80533E+20,5.78143E+21,1.1639E+16,5.21538E+16
210288,15,0,91,375,2018,7,0,6,3,9,1,2,0,1,0,0,0,0,0,7.56472E+20,5.75506E+21,1.27272E+16,5.18872E+16
210289,15,0,1,0,2018,7,22,6,3,4,6,2,1,1,0,0,0,0,0,7.28123E+20,5.74624E+21,1.23102E+16,5.18204E+16
210290,15,0,3,0,2018,7,19,7,3,5,3,0,0,1,0,0,0,0,0,6.77715E+20,5.77812E+21,1.15961E+16,5.2125E+16
210291,15,0,88,295,2018,7,15,6,3,9,7,0,0,1,0,0,0,0,0,7.08923E+20,5.72254E+21,1.20178E+16,5.16151E+16
210292,15,0,82,15,2018,7,23,6,3,0,7,2,1,0,0,0,0,0,0,7.29897E+20,5.7253E+21,1.2322E+16,5.16317E+16
210293,15,0,84,550,2018,7,9,6,3,5,3,0,0,1,0,0,0,0,0,7.08398E+20,5.67552E+21,1.19826E+16,5.1193E+16
210294,15,0,82,15,2018,7,17,6,2,5,3,0,1,1,0,0,0,0,0,7.25859E+20,5.72816E+21,1.22656E+16,5.1659E+16
210295,15,0,90,535,2018,7,13,6,3,5,1,0,1,1,0,0,0,0,0,6.92768E+20,5.83185E+21,1.18466E+16,5.26024E+16
210296,15,0,82,15,2018,7,9,6,3,6,4,0,0,1,1,0,0,0,0,7.29835E+20,5.7238E+21,1.23202E+16,5.16182E+16
210297,15,0,89,305,2018,7,16,6,3,3,6,0,0,0,0,1,0,1,0,6.87016E+20,5.76534E+21,1.17249E+16,5.20071E+16
210298,15,0,3,0,2018,7,16,6,3,5,2,0,0,1,0,0,0,0,0,6.82596E+20,5.77875E+21,1.16677E+16,5.21291E+16
210299,15,0,89,15,2018,7,16,6,2,4,2,0,0,1,0,0,0,0,0,6.65938E+20,5.73852E+21,1.14051E+16,5.17729E+16
210300,15,0,3,0,2018,7,14,5,3,5,3,0,0,1,0,0,0,0,0,6.81395E+20,5.77535E+21,1.16484E+16,5.20989E+16
210301,15,0,3,0,2018,7,14,6,3,1,6,0,0,1,0,0,0,0,0,6.77413E+20,5.78337E+21,1.15945E+16,5.21722E+16
210302,15,0,3,0,2018,7,11,6,3,0,7,0,0,0,0,1,0,0,0,6.80168E+20,5.7752E+21,1.16304E+16,5.2098E+16
210303,15,0,3,0,2018,7,14,6,3,0,7,0,1,0,0,0,0,0,0,6.83404E+20,5.77895E+21,1.16796E+16,5.21306E+16
210304,15,0,3,0,2018,7,11,6,3,6,2,0,1,0,1,0,0,0,0,6.78363E+20,5.77669E+21,1.16048E+16,5.21119E+16
210305,15,0,83,490,2018,7,8,6,2,7,7,0,1,0,0,0,0,1,0,6.73072E+20,5.76806E+21,1.15233E+16,5.20361E+16
210306,15,0,81,45,2018,7,10,6,3,5,2,0,1,1,0,0,0,0,0,6.41373E+20,5.84164E+21,1.10925E+16,5.27062E+16
210307,15,0,2,0,2018,7,6,5,2,0,7,0,0,1,0,0,0,0,0,7.0732E+20,5.70529E+21,1.19845E+16,5.14608E+16
210308,15,0,2,0,2018,7,11,5,3,0,3,0,1,1,0,0,0,0,0,7.03112E+20,5.70635E+21,1.19246E+16,5.14718E+16
210309,15,0,81,455,2018,7,19,6,3,0,1,0,1,0,0,0,0,0,0,6.44942E+20,5.85845E+21,1.11527E+16,5.28563E+16
210310,15,0,3,0,2018,7,13,5,2,5,3,0,1,0,0,0,0,1,0,6.83276E+20,5.77675E+21,1.16765E+16,5.21108E+16
210311,15,0,2,0,2018,7,10,5,3,3,6,0,1,1,0,0,0,0,0,7.0589E+20,5.70845E+21,1.19658E+16,5.14897E+16
210312,15,0,2,0,2018,7,16,5,3,2,6,0,0,1,0,1,0,0,0,7.05405E+20,5.70865E+21,1.19589E+16,5.14916E+16
210313,15,0,88,205,2018,7,12,5,3,4,2,0,0,1,0,0,0,0,0,7.20913E+20,5.6932E+21,1.21723E+16,5.13471E+16
210314,15,0,2,0,2018,7,12,5,3,6,4,0,0,1,1,0,0,0,0,7.02991E+20,5.70687E+21,1.19232E+16,5.14765E+16
210315,15,0,84,490,2018,7,15,5,3,5,3,0,0,1,0,0,0,0,0,7.15319E+20,5.66705E+21,1.20764E+16,5.11144E+16
210316,15,0,88,330,2018,7,15,5,2,0,7,0,1,0,0,0,0,0,0,7.08964E+20,5.69816E+21,1.20039E+16,5.13962E+16
210317,15,0,87,210,2018,7,5,5,3,7,7,0,0,1,0,0,0,0,0,6.7168E+20,5.71288E+21,1.14757E+16,5.15409E+16
210318,15,0,1,0,2018,7,15,5,3,0,1,0,0,0,0,1,0,0,0,7.23518E+20,5.7481E+21,1.22447E+16,5.18389E+16
210319,15,0,82,430,2018,7,16,5,3,0,2,0,0,1,0,1,0,0,0,7.12082E+20,5.76159E+21,1.20872E+16,5.19645E+16
210320,15,0,2,0,2018,7,15,5,3,1,6,0,0,1,0,0,0,0,0,7.03847E+20,5.70707E+21,1.19356E+16,5.1478E+16
210321,15,0,82,15,2018,7,15,5,3,5,3,0,1,1,0,0,0,0,0,7.27894E+20,5.72642E+21,1.22939E+16,5.16425E+16
210322,15,0,82,340,2018,7,10,5,3,1,5,0,1,1,0,0,0,0,0,7.21176E+20,5.72112E+21,1.21936E+16,5.15976E+16
210323,15,0,2,0,2018,7,11,5,3,5,2,0,0,1,0,0,0,1,0,7.05727E+20,5.70428E+21,1.1961E+16,5.14522E+16
210324,15,0,2,0,2018,7,9,4,3,5,3,0,1,1,0,0,0,0,0,7.05312E+20,5.70882E+21,1.19577E+16,5.14932E+16
210325,15,0,3,0,2018,7,20,5,3,5,3,0,0,1,0,0,0,0,0,6.79498E+20,5.77522E+21,1.16206E+16,5.20984E+16
210326,15,0,1,0,2018,7,11,5,3,2,6,0,0,1,0,0,0,0,0,7.22807E+20,5.74835E+21,1.22345E+16,5.18414E+16
210327,15,0,82,15,2018,7,19,5,3,5,3,0,0,1,0,0,0,1,0,7.25228E+20,5.72876E+21,1.22569E+16,5.16646E+16
210328,15,0,3,0,2018,7,20,5,3,3,6,0,1,1,0,0,0,0,0,6.80427E+20,5.78142E+21,1.16375E+16,5.21538E+16
210329,15,0,3,0,2018,7,7,5,3,4,2,0,0,1,0,0,0,0,0,6.7772E+20,5.77615E+21,1.15952E+16,5.21073E+16
210330,15,0,3,0,2018,7,8,5,3,8,1,0,1,1,0,0,0,0,0,6.80746E+20,5.77428E+21,1.16383E+16,5.20896E+16
210331,15,0,3,0,2018,7,17,5,3,5,2,0,1,1,0,0,0,0,0,6.8072E+20,5.77911E+21,1.16405E+16,5.21329E+16
210332,15,0,3,0,2018,7,18,5,3,5,7,0,0,1,0,0,0,0,0,6.7981E+20,5.77582E+21,1.16255E+16,5.21037E+16
210333,15,0,3,0,2018,7,19,5,3,1,5,0,1,1,0,0,0,0,0,6.86684E+20,5.77134E+21,1.17233E+16,5.20612E+16
210334,15,0,3,0,2018,7,10,5,3,1,6,0,0,1,0,0,0,0,0,6.81006E+20,5.77975E+21,1.1645E+16,5.21386E+16
210335,15,0,3,0,2018,7,13,5,3,1,6,0,0,1,0,0,0,0,0,6.80118E+20,5.77725E+21,1.16307E+16,5.21164E+16
210336,15,0,2,0,2018,7,10,4,3,0,7,0,0,0,0,0,0,1,0,7.05336E+20,5.71137E+21,1.19595E+16,5.15161E+16
210337,15,0,3,0,2018,7,8,5,2,5,3,0,1,0,0,0,1,0,0,6.79124E+20,5.77097E+21,1.16129E+16,5.20603E+16
210338,15,0,2,0,2018,7,19,4,3,6,4,0,0,0,1,0,0,1,0,7.02999E+20,5.70624E+21,1.19229E+16,5.14708E+16
210339,15,0,88,150,2018,7,14,4,2,2,6,0,0,1,0,0,0,1,0,7.14493E+20,5.70701E+21,1.20887E+16,5.14735E+16
210340,15,0,88,195,2018,7,14,4,3,5,3,0,0,1,0,0,0,0,0,7.1331E+20,5.70826E+21,1.20724E+16,5.14852E+16
210341,15,0,2,0,2018,7,15,4,3,2,6,0,0,1,0,0,0,0,0,7.04877E+20,5.71003E+21,1.19521E+16,5.15042E+16
210342,15,0,88,220,2018,7,11,4,3,5,3,0,1,1,0,0,0,0,0,7.07818E+20,5.69475E+21,1.19855E+16,5.13659E+16
210343,15,0,85,135,2018,7,19,6,3,0,7,0,0,0,0,1,0,0,0,6.40393E+20,5.75182E+21,1.10406E+16,5.18994E+16
210344,15,0,84,550,2018,7,9,4,2,0,1,0,1,0,0,0,0,0,0,7.06869E+20,5.6755E+21,1.19607E+16,5.11934E+16
210345,15,0,2,0,2018,7,17,4,2,6,4,0,0,1,1,0,0,0,0,7.03687E+20,5.70751E+21,1.19336E+16,5.1482E+16
210346,15,0,1,0,2018,7,17,4,3,5,3,0,0,1,0,1,0,0,0,7.23985E+20,5.74768E+21,1.22512E+16,5.18349E+16
210347,15,0,84,550,2018,7,10,4,2,6,2,0,0,0,1,0,1,0,0,7.07142E+20,5.67622E+21,1.19651E+16,5.11997E+16
210348,15,0,91,375,2018,7,11,4,3,5,2,0,0,1,0,0,0,0,0,7.51347E+20,5.75414E+21,1.26522E+16,5.18812E+16
210349,15,0,84,550,2018,7,18,4,3,5,3,0,1,1,0,0,0,0,0,7.05705E+20,5.67605E+21,1.19444E+16,5.11988E+16
210350,15,0,91,375,2018,7,16,4,3,2,2,0,0,1,0,0,0,0,0,7.4901E+20,5.75304E+21,1.26175E+16,5.18725E+16
210351,15,0,82,440,2018,7,12,4,3,1,6,0,0,1,0,0,0,0,0,7.20792E+20,5.73199E+21,1.21949E+16,5.16954E+16
210352,15,0,90,535,2018,7,10,4,3,1,5,0,1,1,0,0,0,0,0,6.93461E+20,5.83253E+21,1.18572E+16,5.26083E+16
210353,15,0,82,430,2018,7,17,4,3,5,3,0,0,1,0,1,0,0,0,7.12067E+20,5.7612E+21,1.20868E+16,5.1961E+16
210354,15,0,3,0,2018,7,11,4,2,5,3,0,1,1,0,0,0,0,0,6.84473E+20,5.77892E+21,1.16952E+16,5.213E+16
210355,15,0,3,0,2018,7,17,4,3,8,1,0,0,0,0,1,0,0,0,6.78368E+20,5.7823E+21,1.16079E+16,5.21623E+16
210356,15,0,90,445,2018,7,15,4,3,4,6,0,1,1,0,0,0,0,0,7.052E+20,5.85326E+21,1.20433E+16,5.279E+16
210357,15,0,88,220,2018,7,12,5,3,2,6,0,0,1,0,1,0,0,0,7.08924E+20,5.69351E+21,1.20006E+16,5.13544E+16
210358,15,0,3,0,2018,7,8,4,3,1,6,0,1,1,0,0,0,0,0,6.76562E+20,5.77926E+21,1.15799E+16,5.21356E+16
210359,15,0,85,235,2018,7,17,4,3,1,6,0,0,1,0,0,0,0,0,6.47757E+20,5.73849E+21,1.11418E+16,5.17777E+16
210360,15,0,85,135,2018,7,4,4,2,5,3,1,0,1,0,1,0,0,0,6.40243E+20,5.75003E+21,1.10377E+16,5.18834E+16
210361,15,0,3,0,2018,7,8,4,2,6,2,0,0,1,1,0,0,0,0,6.81066E+20,5.78155E+21,1.16469E+16,5.21547E+16
210362,15,0,85,235,2018,7,7,4,3,2,6,0,0,1,0,0,0,0,0,6.48767E+20,5.73992E+21,1.11571E+16,5.17904E+16
210363,15,0,89,75,2018,7,11,4,3,5,2,0,1,1,0,0,0,0,0,6.67014E+20,5.75738E+21,1.14298E+16,5.1942E+16
210364,15,0,85,135,2018,7,11,4,3,0,5,0,1,1,0,0,0,0,0,6.41233E+20,5.7515E+21,1.10526E+16,5.18964E+16
210365,15,0,81,240,2018,7,23,4,3,0,5,2,1,1,0,0,0,0,0,6.61686E+20,5.8364E+21,1.13903E+16,5.26534E+16
210366,15,0,83,490,2018,7,11,4,3,5,3,0,1,1,0,0,0,0,0,6.73927E+20,5.76364E+21,1.15335E+16,5.19962E+16
210367,15,0,3,0,2018,7,7,3,2,5,3,0,1,1,0,0,0,0,0,6.79551E+20,5.77727E+21,1.16225E+16,5.21168E+16
210368,15,0,2,0,2018,7,13,3,3,5,2,0,0,1,0,0,0,0,0,7.06138E+20,5.70481E+21,1.19672E+16,5.14568E+16
210369,15,0,81,135,2018,7,17,4,3,6,4,0,1,0,1,0,0,0,0,6.61958E+20,5.82238E+21,1.13875E+16,5.25274E+16
210370,15,0,91,20,2018,7,6,5,3,8,6,0,1,0,0,0,1,0,0,7.55339E+20,5.73746E+21,1.26978E+16,5.17298E+16
210371,15,0,1,0,2018,7,15,3,3,5,3,0,0,1,0,0,0,1,0,7.22379E+20,5.74787E+21,1.2228E+16,5.18373E+16
210372,15,0,3,0,2018,7,10,3,3,1,5,0,1,1,0,0,0,0,0,6.7798E+20,5.77552E+21,1.15987E+16,5.21016E+16
210373,15,0,88,295,2018,7,17,3,3,4,1,0,0,1,0,1,0,0,0,7.0287E+20,5.71493E+21,1.19261E+16,5.15489E+16
210374,15,0,1,0,2018,7,15,3,3,5,3,0,0,1,0,0,1,0,0,7.21995E+20,5.753E+21,1.22257E+16,5.18835E+16
210375,15,0,1,0,2018,7,16,3,3,2,6,0,0,1,0,0,0,0,0,7.21521E+20,5.74664E+21,1.22148E+16,5.18266E+16
210376,15,0,88,220,2018,7,8,3,3,5,2,0,0,1,0,0,0,0,0,7.08626E+20,5.69167E+21,1.19953E+16,5.1338E+16
210377,15,0,85,55,2018,7,12,3,3,1,5,0,1,1,0,0,0,0,0,6.35189E+20,5.73992E+21,1.09603E+16,5.17938E+16
210378,15,0,89,30,2018,7,17,3,2,2,7,0,1,1,0,0,0,0,0,6.87671E+20,5.74283E+21,1.17221E+16,5.18048E+16
210379,15,0,84,375,2018,7,3,3,2,9,1,2,0,0,0,1,0,0,0,7.05391E+20,5.66285E+21,1.19324E+16,5.10803E+16
210380,15,0,3,0,2018,7,16,3,3,5,3,0,1,0,0,0,0,1,0,6.80895E+20,5.77966E+21,1.16434E+16,5.21378E+16
210381,15,0,3,0,2018,7,6,3,3,5,3,0,1,1,0,0,0,0,0,6.80501E+20,5.78211E+21,1.16389E+16,5.21599E+16
210382,15,0,91,375,2018,7,9,3,3,4,6,0,0,1,0,0,0,0,0,7.52477E+20,5.75482E+21,1.26691E+16,5.18869E+16
210383,15,0,88,220,2018,7,19,4,3,8,7,0,0,1,0,0,0,0,0,7.09728E+20,5.69338E+21,1.20121E+16,5.13529E+16
210384,15,0,3,0,2018,7,7,3,3,5,3,0,1,1,0,0,0,0,0,6.76369E+20,5.77508E+21,1.15749E+16,5.20981E+16
210385,15,0,82,301,2018,7,11,3,3,5,3,0,0,1,0,0,0,0,0,7.26958E+20,5.73405E+21,1.22853E+16,5.17114E+16
210386,15,0,3,0,2018,7,15,3,3,2,6,0,0,1,0,0,0,0,0,6.81577E+20,5.77506E+21,1.16509E+16,5.20962E+16
210387,15,0,86,15,2018,7,6,3,3,5,2,0,0,1,0,0,0,0,0,6.94764E+20,5.79516E+21,1.18547E+16,5.22723E+16
210388,15,0,85,110,2018,7,16,3,1,5,3,0,0,1,0,1,0,0,0,6.62301E+20,5.73739E+21,1.1352E+16,5.17639E+16
210389,15,0,3,0,2018,7,7,3,2,6,4,0,0,1,1,0,0,0,0,6.81753E+20,5.77482E+21,1.16533E+16,5.2094E+16
210390,15,0,83,565,2018,7,15,3,3,6,7,0,0,0,1,0,0,1,0,6.79379E+20,5.792E+21,1.16278E+16,5.22491E+16
210391,15,0,85,145,2018,7,19,3,2,5,3,0,1,0,0,0,0,0,0,6.48212E+20,5.72321E+21,1.11419E+16,5.16403E+16
210392,15,0,85,135,2018,7,9,3,2,3,6,0,1,0,0,0,0,0,0,6.41112E+20,5.75027E+21,1.10504E+16,5.18853E+16