OBJECTID_1,ULAND,UREGBEZ,UKREIS,UGEMEINDE,UJAHR,UMONAT,USTUNDE,UWOCHENTAG,UKATEGORIE,UART,UTYP1,ULICHTVERH,IstRad,IstPKW,IstFuss,IstKrad,IstGkfz,IstSonstig,STRZUSTAND,LINREFX,LINREFY,XGCSWGS84,YGCSWGS84
210393,15,0,2,0,2018,7,9,2,3,5,3,0,0,1,0,0,0,0,0,7.06806E+20,5.70599E+21,1.19775E+16,5.14672E+16
210394,15,0,84,590,2018,7,17,2,2,3,6,0,1,1,0,0,0,0,0,7.20271E+20,5.65933E+21,1.21424E+16,5.10432E+16
210395,15,0,3,0,2018,7,18,2,3,3,2,0,1,1,0,0,0,0,0,6.80079E+20,5.78274E+21,1.16331E+16,5.21658E+16
210396,15,0,1,0,2018,7,9,4,3,5,3,0,1,1,0,0,0,0,0,7.23815E+20,5.74425E+21,1.22465E+16,5.18042E+16
210397,15,0,84,355,2018,7,5,2,2,5,3,0,1,1,0,0,0,0,0,6.95783E+20,5.6713E+21,1.18E+16,5.11596E+16
210398,15,0,1,0,2018,7,15,2,3,5,3,0,1,1,0,0,0,0,0,7.26526E+20,5.74914E+21,1.22889E+16,5.1847E+16
210399,15,0,3,0,2018,7,16,2,3,0,2,0,1,1,0,0,0,0,0,6.80332E+20,5.77837E+21,1.16345E+16,5.21264E+16
210400,15,0,82,15,2018,7,14,2,3,5,3,0,1,1,0,0,0,0,0,7.29814E+20,5.72524E+21,1.23208E+16,5.16311E+16
210401,15,0,89,15,2018,7,9,2,3,6,4,0,0,1,1,0,0,0,0,6.69663E+20,5.73693E+21,1.14583E+16,5.17575E+16
210402,15,0,88,205,2018,7,16,2,2,5,3,0,0,1,0,0,0,0,0,7.09689E+20,5.68977E+21,1.20094E+16,5.13205E+16
210403,15,0,3,0,2018,7,17,2,3,3,5,0,0,1,0,1,0,0,0,6.80881E+20,5.77606E+21,1.16413E+16,5.21055E+16
210404,15,0,87,386,2018,7,17,2,3,4,6,0,1,1,0,0,0,0,0,6.85566E+20,5.70761E+21,1.16729E+16,5.14891E+16
210405,15,0,87,130,2018,7,12,2,3,6,2,0,0,1,1,0,0,0,0,6.7677E+20,5.71202E+21,1.15486E+16,5.15315E+16
210406,15,0,3,0,2018,7,15,2,3,5,3,0,1,1,0,0,0,0,0,6.78577E+20,5.77976E+21,1.16096E+16,5.21395E+16
210407,15,0,3,0,2018,7,16,2,3,5,3,0,1,1,0,0,0,0,0,6.76362E+20,5.77559E+21,1.15751E+16,5.21027E+16
210408,15,0,2,0,2018,7,13,2,3,5,2,0,1,1,0,0,0,0,0,7.06356E+20,5.70548E+21,1.19708E+16,5.14628E+16
210409,15,0,3,0,2018,7,12,2,3,4,6,0,1,0,0,0,0,0,0,6.8008E+20,5.7787E+21,1.1631E+16,5.21294E+16
210410,15,0,3,0,2018,7,13,2,3,5,2,0,1,1,0,0,0,0,0,6.80605E+20,5.77973E+21,1.16392E+16,5.21385E+16
210411,15,0,82,15,2018,7,17,2,3,5,3,0,0,1,0,0,0,0,0,7.24733E+20,5.7281E+21,1.22493E+16,5.16589E+16
210412,15,0,85,135,2018,7,13,2,3,1,7,0,0,1,0,0,0,0,0,6.40353E+20,5.75181E+21,1.104E+16,5.18994E+16
210413,15,0,83,415,2018,7,15,2,3,2,2,0,0,1,0,1,0,0,0,6.51909E+20,5.76661E+21,1.12144E+16,5.20293E+16
210414,15,0,89,55,2018,7,10,2,3,1,6,0,0,1,0,0,0,0,0,6.89904E+20,5.75355E+21,1.17604E+16,5.19003E+16
210415,15,0,83,230,2018,7,20,6,2,9,1,0,0,0,0,1,0,0,0,6.52423E+20,5.80374E+21,1.12386E+16,5.23627E+16
210416,15,0,2,0,2018,7,15,1,3,1,7,0,0,1,0,1,0,0,0,7.07031E+20,5.71136E+21,1.19839E+16,5.15154E+16
210417,15,0,3,0,2018,7,7,2,3,5,2,0,1,1,0,0,0,0,0,6.79061E+20,5.77725E+21,1.16153E+16,5.21167E+16
210418,15,0,85,230,2018,7,16,2,3,8,6,0,1,1,0,0,0,0,0,6.17437E+20,5.75954E+21,1.07097E+16,5.19741E+16
210419,15,0,2,0,2018,7,14,1,2,6,4,0,0,1,1,0,0,0,0,7.0602E+20,5.70651E+21,1.19665E+16,5.14722E+16
210420,15,0,88,195,2018,7,14,1,3,5,3,0,1,0,0,0,0,1,0,7.18375E+20,5.71373E+21,1.21486E+16,5.15324E+16
210421,15,0,83,40,2018,7,9,2,2,0,7,0,0,0,1,0,0,1,0,6.78949E+20,5.78685E+21,1.16187E+16,5.2203E+16
210422,15,0,88,319,2018,7,0,1,3,1,5,2,0,1,0,0,0,0,0,6.95122E+20,5.71354E+21,1.18137E+16,5.15392E+16
210423,15,0,2,0,2018,7,6,1,2,6,4,0,0,1,1,0,0,0,0,7.06612E+20,5.70866E+21,1.19763E+16,5.14912E+16
210424,15,0,81,455,2018,7,12,2,3,2,6,0,0,0,0,0,0,1,0,6.4574E+20,5.85789E+21,1.11643E+16,5.2851E+16
210425,15,0,89,30,2018,7,6,5,3,3,6,0,1,1,0,0,0,0,0,6.91917E+20,5.74235E+21,1.17834E+16,5.1799E+16
210426,15,0,84,355,2018,7,21,1,3,9,1,1,1,0,0,0,0,0,0,6.95806E+20,5.67147E+21,1.18004E+16,5.11611E+16
210427,15,0,2,0,2018,7,21,1,3,0,6,1,0,1,0,0,0,0,0,7.06711E+20,5.70687E+21,1.19767E+16,5.14752E+16
210428,15,0,2,0,2018,7,12,1,2,0,1,0,1,0,0,0,0,0,0,7.05505E+20,5.71042E+21,1.19614E+16,5.15075E+16
210429,15,0,1,0,2018,7,15,1,2,0,1,0,1,0,0,0,0,0,0,7.22955E+20,5.75365E+21,1.22401E+16,5.1889E+16
210430,15,0,87,370,2018,7,12,5,2,6,2,0,0,1,1,0,0,0,0,6.59516E+20,5.70437E+21,1.12966E+16,5.1468E+16
210431,15,0,3,0,2018,7,6,1,3,5,3,0,0,1,0,0,0,0,0,6.78988E+20,5.77721E+21,1.16142E+16,5.21164E+16
210432,15,0,2,0,2018,7,21,1,3,0,1,1,1,0,0,0,0,0,0,7.06546E+20,5.70447E+21,1.19729E+16,5.14536E+16
210433,15,0,91,375,2018,7,14,1,3,9,1,0,0,1,0,0,0,0,0,7.45676E+20,5.7549E+21,1.25705E+16,5.18906E+16
210434,15,0,83,40,2018,7,16,1,2,0,1,0,1,0,0,0,0,0,0,6.78895E+20,5.78797E+21,1.16186E+16,5.22131E+16
210435,15,0,2,0,2018,6,10,7,3,5,2,0,1,1,0,0,0,0,0,7.05058E+20,5.70286E+21,1.19506E+16,5.14398E+16
210436,15,0,85,145,2018,7,16,1,3,4,3,0,0,1,0,0,0,0,0,6.48518E+20,5.72389E+21,1.11466E+16,5.16464E+16
210437,15,0,91,375,2018,6,9,7,3,5,3,0,1,1,0,0,0,0,0,7.47783E+20,5.75533E+21,1.26014E+16,5.18936E+16
210438,15,0,82,430,2018,6,6,7,2,9,1,0,0,0,0,0,0,1,0,7.13014E+20,5.7699E+21,1.21059E+16,5.20387E+16
210439,15,0,81,240,2018,7,19,1,3,5,2,0,0,1,0,1,0,0,0,6.66364E+20,5.84408E+21,1.14633E+16,5.2721E+16
210440,15,0,2,0,2018,7,15,4,3,5,3,0,1,1,0,0,0,0,0,7.03932E+20,5.7089E+21,1.19379E+16,5.14944E+16
210441,15,0,85,185,2018,6,18,7,3,5,3,0,0,1,0,0,0,0,0,6.29092E+20,5.76056E+21,1.08797E+16,5.19807E+16
210442,15,0,84,550,2018,7,9,7,3,5,3,0,1,1,0,0,0,0,0,7.05788E+20,5.67606E+21,1.19456E+16,5.11988E+16
210443,15,0,84,355,2018,7,11,7,3,5,2,0,1,1,0,0,0,0,0,6.97593E+20,5.6705E+21,1.18254E+16,5.11518E+16
210444,15,0,81,135,2018,6,13,7,3,5,3,0,1,1,0,0,0,0,0,6.62391E+20,5.82188E+21,1.13936E+16,5.25228E+16
210445,15,0,3,0,2018,6,8,6,3,5,2,0,0,1,0,0,1,0,0,6.8119E+20,5.78002E+21,1.16479E+16,5.21409E+16
210446,15,0,3,0,2018,7,21,7,3,5,3,1,0,1,0,0,0,0,0,6.7899E+20,5.77721E+21,1.16143E+16,5.21164E+16
210447,15,0,2,0,2018,6,20,6,3,5,2,0,0,1,0,1,0,0,0,7.08187E+20,5.71074E+21,1.20002E+16,5.15094E+16
210448,15,0,3,0,2018,7,13,7,3,5,3,0,1,1,0,0,0,0,0,6.76938E+20,5.78097E+21,1.15863E+16,5.21509E+16
210449,15,0,88,220,2018,6,16,6,2,5,3,0,1,1,0,0,0,0,0,7.08126E+20,5.69149E+21,1.1988E+16,5.13365E+16
210450,15,0,88,265,2018,6,12,6,2,0,5,0,0,1,0,0,0,0,0,6.85027E+20,5.69689E+21,1.16596E+16,5.1393E+16
210451,15,0,3,0,2018,7,17,7,3,1,7,0,1,1,0,0,0,0,0,6.77395E+20,5.77619E+21,1.15905E+16,5.21078E+16
210452,15,0,87,370,2018,6,10,6,3,6,2,0,0,1,1,0,0,0,0,6.59431E+20,5.70545E+21,1.12959E+16,5.14777E+16
210453,15,0,2,0,2018,6,17,6,3,5,2,0,1,1,0,0,0,0,0,7.0526E+20,5.70752E+21,1.19562E+16,5.14815E+16
210454,15,0,3,0,2018,7,19,7,3,5,3,0,1,1,0,0,0,0,0,6.77716E+20,5.77784E+21,1.1596E+16,5.21225E+16
210455,15,0,2,0,2018,6,17,6,3,2,6,0,1,1,0,0,0,0,0,7.06134E+20,5.70873E+21,1.19695E+16,5.14921E+16
210456,15,0,2,0,2018,6,12,6,3,5,2,0,1,0,0,0,0,1,0,7.06356E+20,5.70548E+21,1.19708E+16,5.14628E+16
210457,15,0,83,415,2018,7,18,7,3,1,5,0,1,1,0,0,0,0,0,6.53525E+20,5.76751E+21,1.12383E+16,5.20369E+16
210458,15,0,2,0,2018,6,14,6,3,5,3,0,1,1,0,0,0,0,0,7.05891E+20,5.70213E+21,1.19621E+16,5.14329E+16
210459,15,0,83,130,2018,7,12,7,3,5,3,0,0,0,0,1,0,0,0,6.77459E+20,5.79948E+21,1.16036E+16,5.23169E+16
210460,15,0,87,220,2018,7,11,6,2,1,6,0,0,1,0,0,0,0,0,6.74601E+20,5.72257E+21,1.15226E+16,5.16271E+16
210461,15,0,2,0,2018,6,12,6,3,0,2,0,0,1,0,1,0,0,0,7.01713E+20,5.70644E+21,1.19046E+16,5.14731E+16
210462,15,0,2,0,2018,6,8,6,3,5,2,0,0,1,0,1,0,0,0,7.05354E+20,5.70598E+21,1.19567E+16,5.14677E+16
210463,15,0,2,0,2018,7,9,6,3,6,6,0,0,0,1,0,0,1,0,7.07049E+20,5.7064E+21,1.19813E+16,5.14708E+16
210464,15,0,84,550,2018,7,10,6,3,0,1,0,1,0,0,0,0,0,0,7.07908E+20,5.67621E+21,1.1976E+16,5.11994E+16
210465,15,0,91,375,2018,6,21,6,3,4,2,0,1,0,0,0,0,1,0,7.52278E+20,5.75351E+21,1.26652E+16,5.18752E+16
210466,15,0,91,375,2018,6,23,6,3,5,3,2,0,1,0,0,0,0,0,7.50113E+20,5.75373E+21,1.2634E+16,5.18781E+16
210467,15,0,84,355,2018,7,11,6,3,0,7,0,0,1,0,0,0,0,0,6.9818E+20,5.66995E+21,1.18335E+16,5.11467E+16
210468,15,0,1,0,2018,6,10,6,3,6,4,0,0,1,1,0,0,0,0,7.21972E+20,5.74906E+21,1.22229E+16,5.18481E+16
210469,15,0,90,535,2018,6,14,6,3,3,6,0,1,1,0,0,0,0,0,6.92676E+20,5.83194E+21,1.18453E+16,5.26032E+16
210470,15,0,91,375,2018,7,17,6,2,0,3,0,1,0,0,0,0,1,0,7.51473E+20,5.75323E+21,1.26534E+16,5.18731E+16
210471,15,0,88,220,2018,7,8,5,3,5,3,0,0,1,0,0,0,0,0,7.08592E+20,5.69303E+21,1.19956E+16,5.13502E+16
210472,15,0,90,415,2018,6,11,6,3,3,6,0,1,1,0,0,0,0,0,6.85893E+20,5.85167E+21,1.17564E+16,5.27828E+16
210473,15,0,82,15,2018,7,15,6,3,0,6,0,1,0,0,0,0,0,0,7.25167E+20,5.72898E+21,1.22562E+16,5.16666E+16
210474,15,0,82,15,2018,7,14,6,2,5,3,0,0,1,0,0,0,0,0,7.29941E+20,5.72547E+21,1.23228E+16,5.16332E+16
210475,15,0,3,0,2018,6,20,6,2,4,2,0,0,1,0,1,0,0,0,6.7802E+20,5.77567E+21,1.15993E+16,5.21029E+16
210476,15,0,85,370,2018,8,13,6,3,5,3,0,1,1,0,0,0,0,0,6.2404E+20,5.7453E+21,1.08007E+16,5.18447E+16
210477,15,0,89,307,2018,8,9,6,3,4,2,0,1,1,0,0,0,0,0,6.59997E+20,5.73998E+21,1.13198E+16,5.17878E+16
210478,15,0,87,370,2018,8,16,5,3,5,3,0,1,1,0,0,0,0,0,6.60655E+20,5.70574E+21,1.13136E+16,5.148E+16
210479,15,0,87,220,2018,8,16,5,3,4,1,0,0,1,0,1,0,0,0,6.70795E+20,5.72662E+21,1.14697E+16,5.16646E+16
210480,15,0,3,0,2018,8,19,6,3,5,2,0,0,1,0,0,0,1,0,6.79577E+20,5.77409E+21,1.16212E+16,5.20882E+16
210481,15,0,3,0,2018,8,18,6,3,1,5,0,1,1,0,0,0,0,0,6.78827E+20,5.77825E+21,1.16124E+16,5.21258E+16
210482,15,0,84,550,2018,8,10,5,3,6,7,0,0,1,1,0,0,0,0,7.07295E+20,5.67636E+21,1.19673E+16,5.12009E+16
210483,15,0,3,0,2018,8,10,6,3,5,3,0,1,1,0,0,0,0,0,6.8019E+20,5.7789E+21,1.16327E+16,5.21312E+16
210484,15,0,3,0,2018,8,14,6,3,2,2,0,0,1,0,0,0,1,0,6.80898E+20,5.77602E+21,1.16415E+16,5.21051E+16
210485,15,0,1,0,2018,8,10,5,3,5,3,0,1,1,0,0,0,0,0,7.23057E+20,5.74813E+21,1.2238E+16,5.18394E+16
210486,15,0,82,180,2018,8,5,5,3,5,3,0,0,1,0,1,0,0,0,7.036E+20,5.73787E+21,1.195E+16,5.17546E+16
210487,15,0,3,0,2018,8,13,6,3,5,3,0,0,1,0,0,0,0,0,6.77887E+20,5.78089E+21,1.16001E+16,5.21498E+16
210488,15,0,82,180,2018,8,15,5,3,5,3,0,1,1,0,0,0,0,0,7.04764E+20,5.73718E+21,1.19664E+16,5.17481E+16
210489,15,0,89,15,2018,8,22,5,2,5,2,2,0,1,0,1,0,0,0,6.69355E+20,5.73711E+21,1.14539E+16,5.17593E+16
210490,15,0,2,0,2018,8,11,5,3,5,3,0,0,1,0,0,0,1,0,7.06255E+20,5.70702E+21,1.19702E+16,5.14767E+16
210491,15,0,2,0,2018,8,5,5,3,3,6,1,1,0,0,0,0,1,0,7.05886E+20,5.7089E+21,1.1966E+16,5.14937E+16
210492,15,0,3,0,2018,8,18,5,2,0,7,0,0,0,0,1,0,0,0,6.81693E+20,5.78893E+21,1.166E+16,5.22207E+16
210493,15,0,82,15,2018,8,15,5,3,5,3,0,0,1,0,1,0,0,0,7.27896E+20,5.72642E+21,1.22939E+16,5.16425E+16
210494,15,0,82,180,2018,8,12,5,3,5,6,0,1,1,0,0,0,0,0,7.04041E+20,5.73701E+21,1.19558E+16,5.17468E+16
210495,15,0,3,0,2018,8,18,5,2,0,5,0,0,1,0,1,0,0,0,6.8184E+20,5.77471E+21,1.16545E+16,5.2093E+16
210496,15,0,3,0,2018,8,19,5,3,6,7,0,0,1,1,0,0,0,1,6.81384E+20,5.78013E+21,1.16508E+16,5.21418E+16
210497,15,0,3,0,2018,8,8,5,3,3,2,0,1,1,0,0,0,0,0,6.77966E+20,5.77574E+21,1.15986E+16,5.21035E+16
210498,15,0,3,0,2018,8,7,5,3,5,3,0,1,1,0,0,0,0,0,6.76042E+20,5.77966E+21,1.15725E+16,5.21393E+16
210499,15,0,86,40,2018,8,20,5,1,5,3,0,1,0,0,0,0,1,0,7.14825E+20,5.81036E+21,1.2158E+16,5.24013E+16
210500,15,0,85,370,2018,8,11,5,3,5,3,0,0,1,0,0,0,0,0,6.22801E+20,5.7455E+21,1.07828E+16,5.18468E+16
210501,15,0,86,15,2018,8,8,5,3,5,3,0,0,1,0,1,0,0,0,6.94073E+20,5.79475E+21,1.18443E+16,5.22688E+16
210502,15,0,82,180,2018,8,19,7,2,2,2,0,0,0,0,0,0,1,0,7.08522E+20,5.73784E+21,1.20211E+16,5.17525E+16
210503,15,0,85,235,2018,8,17,5,3,1,6,0,1,1,0,0,0,0,0,6.48385E+20,5.73938E+21,1.11513E+16,5.17856E+16
210504,15,0,2,0,2018,8,17,4,3,2,6,0,1,0,0,0,0,0,0,7.06443E+20,5.70727E+21,1.19731E+16,5.14789E+16
210505,15,0,85,135,2018,8,7,5,3,5,2,0,1,1,0,0,0,0,0,6.42523E+20,5.74997E+21,1.10707E+16,5.18823E+16
210506,15,0,81,455,2018,8,10,5,3,5,3,0,1,0,0,0,0,1,0,6.44604E+20,5.85859E+21,1.11478E+16,5.28576E+16
210507,15,0,88,295,2018,8,16,4,3,5,2,0,0,1,0,0,0,1,0,7.04646E+20,5.71422E+21,1.19513E+16,5.15419E+16
210508,15,0,88,220,2018,8,10,4,3,5,3,0,1,1,0,0,0,0,0,7.07552E+20,5.69467E+21,1.19816E+16,5.13653E+16
210509,15,0,87,260,2018,8,11,4,3,6,4,0,0,0,1,1,0,0,0,6.72805E+20,5.71739E+21,1.14941E+16,5.1581E+16
210510,15,0,88,205,2018,8,17,4,2,2,6,0,0,1,0,0,0,0,0,7.09592E+20,5.69075E+21,1.20086E+16,5.13294E+16
210511,15,0,87,130,2018,8,9,4,3,5,3,0,1,1,0,0,0,0,0,6.78402E+20,5.70955E+21,1.15708E+16,5.15089E+16
210512,15,0,2,0,2018,8,8,4,3,1,5,0,1,1,0,0,0,0,0,7.0589E+20,5.70881E+21,1.1966E+16,5.14929E+16
210513,15,0,2,0,2018,8,20,4,3,1,5,0,1,1,0,0,0,0,0,7.05588E+20,5.71044E+21,1.19626E+16,5.15076E+16
210514,15,0,2,0,2018,8,15,4,2,5,2,0,0,1,0,1,0,0,0,7.0508E+20,5.70967E+21,1.19549E+16,5.15009E+16
210515,15,0,2,0,2018,8,6,4,3,5,3,0,1,1,0,0,0,0,0,7.06933E+20,5.70627E+21,1.19795E+16,5.14697E+16
210516,15,0,2,0,2018,8,16,6,3,4,2,0,1,1,0,0,0,0,0,7.07145E+20,5.70852E+21,1.19839E+16,5.14899E+16
210517,15,0,2,0,2018,8,10,4,3,0,5,0,0,1,0,1,0,0,0,7.07806E+20,5.7103E+21,1.19944E+16,5.15055E+16
210518,15,0,84,355,2018,8,11,4,3,5,3,0,0,1,0,1,0,0,0,6.97118E+20,5.67115E+21,1.1819E+16,5.11578E+16
210519,15,0,91,110,2018,8,9,4,3,5,3,0,1,0,0,0,1,0,0,7.38452E+20,5.73659E+21,1.24531E+16,5.17294E+16
210520,15,0,2,0,2018,8,12,4,3,1,5,0,1,1,0,0,0,0,0,7.06259E+20,5.70697E+21,1.19702E+16,5.14762E+16
210521,15,0,3,0,2018,8,15,4,3,5,2,0,1,1,0,0,0,0,0,6.7846E+20,5.77735E+21,1.16066E+16,5.21178E+16
210522,15,0,1,0,2018,8,7,4,3,5,3,0,1,1,0,0,0,0,0,7.23378E+20,5.74869E+21,1.2243E+16,5.18442E+16
210523,15,0,3,0,2018,8,21,4,3,2,6,1,0,1,0,0,0,0,1,6.79544E+20,5.77727E+21,1.16224E+16,5.21168E+16
210524,15,0,3,0,2018,8,18,4,3,5,2,0,1,1,0,0,0,0,0,6.81902E+20,5.78023E+21,1.16584E+16,5.21426E+16
210525,15,0,90,550,2018,8,18,4,3,0,7,0,1,0,0,0,0,1,1,7.01672E+20,5.8273E+21,1.19752E+16,5.25583E+16
210526,15,0,3,0,2018,8,17,4,3,1,5,0,0,1,0,0,0,0,0,6.7625E+20,5.78095E+21,1.15762E+16,5.21509E+16
210527,15,0,3,0,2018,8,16,4,3,1,6,0,0,1,0,1,0,0,0,6.81507E+20,5.77982E+21,1.16524E+16,5.2139E+16
210528,15,0,3,0,2018,8,22,4,2,9,7,1,1,0,0,0,0,0,0,6.84174E+20,5.78112E+21,1.1692E+16,5.21499E+16
210529,15,0,85,370,2018,8,11,4,3,7,2,0,0,1,0,0,0,0,0,6.24367E+20,5.74544E+21,1.08055E+16,5.18459E+16
210530,15,0,3,0,2018,8,17,4,3,5,3,0,1,1,0,0,0,0,0,6.79819E+20,5.77586E+21,1.16257E+16,5.2104E+16
210531,15,0,81,135,2018,8,14,4,2,1,3,0,0,1,0,1,0,0,0,6.61772E+20,5.8223E+21,1.13847E+16,5.25267E+16
210532,15,0,3,0,2018,8,8,3,3,0,7,0,1,0,0,0,0,0,0,6.79508E+20,5.77522E+21,1.16208E+16,5.20984E+16
210533,15,0,3,0,2018,8,21,4,3,0,7,1,1,0,0,0,0,0,0,6.78686E+20,5.77801E+21,1.16103E+16,5.21237E+16
210534,15,0,85,135,2018,8,15,4,2,6,7,0,0,1,1,0,0,0,0,6.39076E+20,5.75307E+21,1.10219E+16,5.1911E+16
210535,15,0,87,220,2018,8,16,3,3,1,6,0,0,1,0,0,0,0,0,6.73873E+20,5.7254E+21,1.15135E+16,5.16527E+16
210536,15,0,83,415,2018,8,7,4,3,5,2,0,0,1,0,0,0,1,0,6.53083E+20,5.7663E+21,1.12313E+16,5.20262E+16
210537,15,0,88,220,2018,8,16,3,3,2,2,0,0,1,0,0,0,0,0,7.0789E+20,5.69129E+21,1.19845E+16,5.13348E+16
210538,15,0,3,0,2018,8,10,3,3,5,2,0,1,1,0,0,0,0,0,6.80245E+20,5.77797E+21,1.1633E+16,5.21228E+16
210539,15,0,3,0,2018,8,18,3,3,4,2,0,0,1,0,1,0,0,0,6.78969E+20,5.77398E+21,1.16123E+16,5.20874E+16
210540,15,0,2,0,2018,8,15,3,3,2,6,0,0,1,0,0,0,0,0,7.06679E+20,5.70257E+21,1.19737E+16,5.14366E+16
210541,15,0,3,0,2018,8,13,3,3,2,6,0,0,1,0,0,1,0,0,6.79659E+20,5.78197E+21,1.16265E+16,5.21589E+16
210542,15,0,81,455,2018,8,7,3,3,1,5,0,1,1,0,0,0,0,0,6.44959E+20,5.85826E+21,1.11529E+16,5.28546E+16
210543,15,0,2,0,2018,8,14,3,3,5,3,0,1,0,0,0,0,0,0,7.05447E+20,5.70614E+21,1.19581E+16,5.1469E+16
210544,15,0,84,235,2018,8,7,3,2,4,6,0,0,1,0,1,0,0,1,7.15837E+20,5.67308E+21,1.20874E+16,5.11684E+16
210545,15,0,88,365,2018,8,14,2,3,1,5,0,1,1,0,0,0,0,0,6.93164E+20,5.70726E+21,1.17821E+16,5.14835E+16
210546,15,0,91,375,2018,8,15,3,3,8,1,0,0,0,0,1,0,0,0,7.50146E+20,5.75281E+21,1.26338E+16,5.18698E+16
210547,15,0,2,0,2018,8,15,2,3,4,6,0,1,0,0,0,0,0,0,7.05644E+20,5.70365E+21,1.19595E+16,5.14467E+16
210548,15,0,91,375,2018,8,5,3,2,1,5,1,1,1,0,0,0,0,0,7.51663E+20,5.75301E+21,1.26559E+16,5.1871E+16
210549,15,0,1,0,2018,8,10,3,3,6,4,0,0,0,1,0,0,1,0,7.20534E+20,5.74644E+21,1.22004E+16,5.18252E+16
210550,15,0,82,15,2018,8,19,3,3,5,2,0,1,1,0,0,0,0,0,7.3035E+20,5.72548E+21,1.23287E+16,5.16331E+16
210551,15,0,90,535,2018,8,12,3,3,1,5,0,0,1,0,0,1,0,0,6.92022E+20,5.83071E+21,1.1835E+16,5.25924E+16
210552,15,0,2,0,2018,8,13,2,2,5,3,0,1,0,0,0,0,1,0,7.06893E+20,5.70256E+21,1.19768E+16,5.14364E+16
210553,15,0,2,0,2018,8,11,2,2,5,2,0,1,0,0,0,0,1,0,7.05162E+20,5.71158E+21,1.19571E+16,5.1518E+16
210554,15,0,89,30,2018,8,21,3,3,0,1,1,0,1,0,0,0,0,0,6.88692E+20,5.74335E+21,1.17372E+16,5.18091E+16
210555,15,0,84,590,2018,8,10,2,2,5,3,0,1,1,0,0,0,0,0,7.26412E+20,5.657E+21,1.22284E+16,5.102E+16
210556,15,0,84,355,2018,8,13,2,3,5,7,0,1,1,0,0,0,0,0,6.90495E+20,5.66847E+21,1.1723E+16,5.1136E+16
210557,15,0,3,0,2018,8,7,3,3,5,3,0,1,1,0,0,0,0,0,6.81113E+20,5.78265E+21,1.16481E+16,5.21646E+16
210558,15,0,3,0,2018,8,7,3,3,2,6,0,0,1,0,0,0,0,0,6.7918E+20,5.7792E+21,1.16181E+16,5.21342E+16
210559,15,0,84,590,2018,8,8,2,3,6,1,0,0,1,1,0,0,0,0,7.19132E+20,5.66086E+21,1.21271E+16,5.10574E+16
210560,15,0,86,40,2018,8,20,7,3,8,1,1,0,1,0,0,0,0,0,7.14819E+20,5.81065E+21,1.21581E+16,5.24039E+16
210561,15,0,3,0,2018,8,9,3,3,5,2,0,1,0,0,0,0,1,0,6.79888E+20,5.77767E+21,1.16276E+16,5.21203E+16
210562,15,0,1,0,2018,8,15,2,3,8,1,0,0,0,0,1,0,0,0,7.19437E+20,5.74562E+21,1.21839E+16,5.18183E+16
210563,15,0,82,180,2018,8,14,2,3,5,3,0,0,1,0,0,0,0,0,7.05743E+20,5.73682E+21,1.19803E+16,5.17444E+16
210564,15,0,3,0,2018,8,11,3,3,0,7,0,1,0,0,0,0,0,0,6.77088E+20,5.7782E+21,1.1587E+16,5.21259E+16
210565,15,0,82,180,2018,8,15,2,3,1,6,0,0,1,0,1,0,0,0,7.05734E+20,5.73753E+21,1.19806E+16,5.17508E+16
210566,15,0,3,0,2018,8,18,3,2,4,6,0,0,1,0,0,0,0,0,6.80571E+20,5.77022E+21,1.16336E+16,5.20531E+16
210567,15,0,3,0,2018,8,16,3,3,5,6,0,1,0,0,0,0,0,0,6.81929E+20,5.78022E+21,1.16588E+16,5.21425E+16
210568,15,0,90,535,2018,8,16,2,3,5,2,0,1,1,0,0,0,0,0,6.93487E+20,5.83192E+21,1.18573E+16,5.26028E+16
210569,15,0,3,0,2018,8,18,3,3,5,3,0,1,1,0,0,0,0,0,6.79076E+20,5.77888E+21,1.16164E+16,5.21314E+16
210570,15,0,83,270,2018,8,12,3,3,6,4,0,1,0,1,0,0,0,0,6.64525E+20,5.79595E+21,1.14123E+16,5.22892E+16
210571,15,0,3,0,2018,8,8,2,3,2,5,0,1,1,0,0,0,0,0,6.7994E+20,5.77777E+21,1.16284E+16,5.21211E+16
210572,15,0,82,440,2018,8,11,6,3,3,6,0,1,1,0,0,0,0,0,7.15519E+20,5.72466E+21,1.21142E+16,5.16316E+16
210573,15,0,83,565,2018,8,9,3,3,3,6,0,1,1,0,0,0,0,0,6.79399E+20,5.79221E+21,1.16282E+16,5.2251E+16
210574,15,0,3,0,2018,8,9,2,3,0,2,0,1,1,0,0,0,0,0,6.78324E+20,5.77568E+21,1.16037E+16,5.21029E+16
210575,15,0,85,135,2018,8,5,2,3,5,3,1,1,1,0,0,0,0,0,6.42487E+20,5.75171E+21,1.10709E+16,5.18979E+16
210576,15,0,87,370,2018,8,11,2,3,0,2,0,1,1,0,0,0,0,0,6.59367E+20,5.70389E+21,1.12942E+16,5.14637E+16
210577,15,0,87,130,2018,8,6,2,3,5,3,0,1,1,0,0,0,0,0,6.77298E+20,5.71117E+21,1.15558E+16,5.15238E+16