OBJECTID_1,ULAND,UREGBEZ,UKREIS,UGEMEINDE,UJAHR,UMONAT,USTUNDE,UWOCHENTAG,UKATEGORIE,UART,UTYP1,ULICHTVERH,IstRad,IstPKW,IstFuss,IstKrad,IstGkfz,IstSonstig,STRZUSTAND,LINREFX,LINREFY,XGCSWGS84,YGCSWGS84
210764,15,0,84,355,2018,8,19,7,3,5,3,0,0,1,0,0,0,0,0,6.9627E+20,5.67118E+21,1.18069E+16,5.11583E+16
210765,15,0,84,550,2018,7,9,6,3,5,2,0,0,1,0,0,1,0,0,7.07037E+20,5.67796E+21,1.19646E+16,5.12155E+16
210766,15,0,91,241,2018,7,7,6,2,5,3,0,1,1,0,0,0,0,0,7.34899E+20,5.7447E+21,1.24072E+16,5.18037E+16
210767,15,0,84,341,2018,8,20,7,3,8,1,0,0,1,0,0,0,0,0,6.91935E+20,5.66379E+21,1.1741E+16,5.10934E+16
210768,15,0,91,375,2018,7,20,6,3,1,1,0,1,1,0,0,0,0,0,7.51387E+20,5.75233E+21,1.26514E+16,5.1865E+16
210769,15,0,91,60,2018,7,16,6,2,8,1,0,0,0,0,0,1,0,0,7.3298E+20,5.75687E+21,1.23877E+16,5.19138E+16
210770,15,0,90,535,2018,9,11,7,3,6,7,0,0,1,1,0,0,0,0,6.94169E+20,5.83211E+21,1.18674E+16,5.26042E+16
210771,15,0,3,0,2018,9,16,7,3,1,5,0,1,1,0,0,0,0,0,6.80882E+20,5.77943E+21,1.16431E+16,5.21358E+16
210772,15,0,3,0,2018,9,16,7,3,5,7,0,1,1,0,0,0,0,0,6.80759E+20,5.77748E+21,1.16402E+16,5.21182E+16
210773,15,0,3,0,2018,9,23,7,2,4,1,2,0,1,0,0,0,0,0,6.75888E+20,5.77385E+21,1.15673E+16,5.20872E+16
210774,15,0,3,0,2018,9,0,7,3,6,2,2,0,1,1,0,0,0,0,6.79179E+20,5.77422E+21,1.16154E+16,5.20895E+16
210775,15,0,85,230,2018,9,16,7,2,1,6,0,1,1,0,0,0,0,0,6.25508E+20,5.76067E+21,1.08276E+16,5.19825E+16
210776,15,0,88,235,2018,9,7,6,3,5,3,0,0,1,0,1,0,0,1,6.95678E+20,5.687E+21,1.18071E+16,5.13007E+16
210777,15,0,87,386,2018,9,13,6,3,5,3,0,1,1,0,0,0,0,0,6.86084E+20,5.70489E+21,1.1679E+16,5.14646E+16
210778,15,0,2,0,2018,9,17,6,3,5,5,0,0,1,0,0,0,1,0,7.09111E+20,5.70791E+21,1.20118E+16,5.14836E+16
210779,15,0,2,0,2018,9,13,6,3,2,6,0,0,1,0,0,0,1,0,7.0672E+20,5.70689E+21,1.19768E+16,5.14753E+16
210780,15,0,2,0,2018,9,14,6,3,5,2,0,0,1,0,0,0,1,0,7.03773E+20,5.70929E+21,1.19358E+16,5.1498E+16
210781,15,0,2,0,2018,9,16,6,3,5,7,0,0,1,0,1,0,0,0,7.04443E+20,5.7043E+21,1.19426E+16,5.14529E+16
210782,15,0,84,550,2018,9,14,6,3,6,4,0,0,1,1,0,0,0,0,7.07355E+20,5.67633E+21,1.19682E+16,5.12007E+16
210783,15,0,90,310,2018,9,15,6,3,6,7,0,0,1,1,0,0,0,0,7.08149E+20,5.83939E+21,1.20782E+16,5.26644E+16
210784,15,0,89,165,2018,9,6,6,3,5,3,1,0,0,0,1,1,0,1,6.79767E+20,5.74156E+21,1.1607E+16,5.1796E+16
210785,15,0,89,15,2018,9,8,6,2,7,4,0,0,1,1,0,0,0,0,6.69685E+20,5.73695E+21,1.14586E+16,5.17577E+16
210786,15,0,3,0,2018,9,14,2,3,4,6,0,0,1,0,0,0,1,0,6.78404E+20,5.77943E+21,1.16069E+16,5.21365E+16
210787,15,0,3,0,2018,9,12,2,3,0,7,0,1,0,0,0,0,0,0,6.79864E+20,5.77737E+21,1.16271E+16,5.21176E+16
210788,15,0,89,305,2018,9,7,6,3,5,3,0,1,1,0,0,0,0,0,6.86354E+20,5.76666E+21,1.17159E+16,5.20192E+16
210789,15,0,86,40,2018,9,7,2,3,1,2,0,0,1,0,0,0,0,0,7.14409E+20,5.80974E+21,1.21515E+16,5.23958E+16
210790,15,0,3,0,2018,9,12,6,3,2,5,0,0,1,0,0,0,0,0,6.80129E+20,5.77887E+21,1.16318E+16,5.21309E+16
210791,15,0,85,135,2018,9,8,2,3,0,2,0,0,0,0,0,0,1,0,6.42012E+20,5.74999E+21,1.10633E+16,5.18825E+16
210792,15,0,86,40,2018,9,15,1,3,4,3,0,0,1,0,0,0,0,1,7.1528E+20,5.81125E+21,1.21652E+16,5.2409E+16
210793,15,0,3,0,2018,9,20,6,3,4,6,2,1,0,0,0,0,0,0,6.78806E+20,5.77986E+21,1.1613E+16,5.21403E+16
210794,15,0,3,0,2018,9,14,6,3,5,2,0,1,1,0,0,0,0,0,6.78692E+20,5.77561E+21,1.16091E+16,5.21021E+16
210795,15,0,88,220,2018,9,6,7,3,8,7,1,0,1,0,0,0,0,0,7.08151E+20,5.69381E+21,1.19897E+16,5.13573E+16
210796,15,0,86,55,2018,9,20,6,3,8,2,2,0,1,0,0,0,0,0,6.93465E+20,5.77241E+21,1.18227E+16,5.20684E+16
210797,15,0,81,135,2018,9,13,6,3,5,3,0,1,1,0,0,0,0,0,6.62578E+20,5.82166E+21,1.13963E+16,5.25207E+16
210798,15,0,87,370,2018,9,16,7,3,6,4,0,0,1,1,0,0,0,0,6.59147E+20,5.70384E+21,1.12911E+16,5.14633E+16
210799,15,0,84,355,2018,9,11,7,3,5,3,0,0,1,0,0,0,0,0,6.9712E+20,5.67115E+21,1.1819E+16,5.11577E+16
210800,15,0,87,370,2018,9,14,5,2,5,3,0,1,0,0,0,0,1,0,6.59116E+20,5.70408E+21,1.12907E+16,5.14655E+16
210801,15,0,1,0,2018,9,17,7,3,5,3,0,1,1,0,0,0,0,0,7.19144E+20,5.74806E+21,1.21812E+16,5.18403E+16
210802,15,0,90,535,2018,9,9,7,3,5,3,0,0,1,0,0,0,0,0,6.85595E+20,5.83032E+21,1.174E+16,5.25911E+16
210803,15,0,87,386,2018,9,16,5,3,4,6,0,1,1,0,0,0,0,0,6.86188E+20,5.70762E+21,1.16819E+16,5.1489E+16
210804,15,0,2,0,2018,9,15,5,3,5,3,0,1,1,0,0,0,0,0,7.04527E+20,5.70467E+21,1.1944E+16,5.14562E+16
210805,15,0,88,220,2018,9,12,6,3,5,3,0,0,1,0,0,0,0,0,7.1026E+20,5.69442E+21,1.20203E+16,5.13621E+16
210806,15,0,84,355,2018,9,15,5,3,5,3,0,1,1,0,0,0,0,0,6.95775E+20,5.67159E+21,1.18E+16,5.11622E+16
210807,15,0,84,590,2018,9,12,5,3,4,2,0,1,1,0,0,0,0,0,7.20121E+20,5.65934E+21,1.21402E+16,5.10434E+16
210808,15,0,87,370,2018,9,9,6,2,6,4,0,0,0,1,0,1,0,0,6.5997E+20,5.70569E+21,1.13037E+16,5.14797E+16
210809,15,0,84,115,2018,9,7,5,3,6,7,0,0,0,1,0,0,1,0,7.12516E+20,5.65858E+21,1.20315E+16,5.10394E+16
210810,15,0,82,15,2018,9,9,5,3,5,3,0,1,1,0,0,0,0,0,7.25539E+20,5.7309E+21,1.22628E+16,5.16837E+16
210811,15,0,2,0,2018,9,15,6,2,2,2,0,0,1,0,0,0,0,0,7.08778E+20,5.70915E+21,1.20077E+16,5.14948E+16
210812,15,0,91,375,2018,9,14,6,3,5,3,0,1,1,0,0,0,0,0,7.49007E+20,5.75304E+21,1.26175E+16,5.18725E+16
210813,15,0,89,55,2018,9,10,5,2,0,3,0,1,1,0,0,0,0,0,6.90779E+20,5.75443E+21,1.17736E+16,5.19079E+16
210814,15,0,1,0,2018,9,14,6,3,2,6,0,0,1,0,0,0,0,0,7.22905E+20,5.74683E+21,1.2235E+16,5.18277E+16
210815,15,0,82,241,2018,9,13,6,3,5,3,0,1,1,0,0,0,0,0,7.3663E+20,5.72839E+21,1.24212E+16,5.16566E+16
210816,15,0,3,0,2018,9,14,5,3,5,3,0,1,1,0,0,0,0,0,6.79078E+20,5.7733E+21,1.16135E+16,5.20813E+16
210817,15,0,3,0,2018,9,15,5,3,5,2,0,1,1,0,0,0,0,0,6.78546E+20,5.77908E+21,1.16088E+16,5.21333E+16
210818,15,0,3,0,2018,9,9,6,2,6,4,0,0,1,1,0,0,0,0,6.80519E+20,5.77943E+21,1.16378E+16,5.21359E+16
210819,15,0,3,0,2018,9,13,5,3,3,2,0,1,1,0,0,0,0,0,6.80441E+20,5.7814E+21,1.16377E+16,5.21536E+16
210820,15,0,3,0,2018,9,6,5,3,5,3,1,1,1,0,0,0,0,0,6.78531E+20,5.7806E+21,1.16094E+16,5.2147E+16
210821,15,0,3,0,2018,9,16,6,3,6,4,0,1,0,0,0,0,1,1,6.78699E+20,5.78007E+21,1.16115E+16,5.21422E+16
210822,15,0,86,40,2018,9,9,6,3,5,3,0,1,1,0,0,0,0,0,7.14699E+20,5.81039E+21,1.21561E+16,5.24016E+16
210823,15,0,87,130,2018,9,8,4,2,0,1,0,1,0,0,0,0,0,0,6.77643E+20,5.71176E+21,1.1561E+16,5.15289E+16
210824,15,0,85,135,2018,9,11,6,3,6,4,0,0,1,1,0,0,0,0,6.41476E+20,5.7498E+21,1.10555E+16,5.1881E+16
210825,15,0,2,0,2018,9,16,4,3,5,3,0,1,1,0,0,0,0,1,7.05368E+20,5.70752E+21,1.19578E+16,5.14815E+16
210826,15,0,85,135,2018,9,15,6,3,4,6,0,0,1,0,0,0,0,1,6.40648E+20,5.75153E+21,1.10442E+16,5.18968E+16
210827,15,0,83,270,2018,9,7,6,3,6,6,0,0,1,1,0,0,0,0,6.62951E+20,5.79557E+21,1.13891E+16,5.22863E+16
210828,15,0,81,455,2018,9,16,6,3,1,5,0,1,1,0,0,0,0,1,6.46339E+20,5.85774E+21,1.11732E+16,5.28495E+16
210829,15,0,88,305,2018,9,13,5,3,3,2,0,0,1,0,1,0,0,0,6.82024E+20,5.69531E+21,1.16157E+16,5.13798E+16
210830,15,0,91,375,2018,9,12,4,3,5,3,0,1,0,0,0,0,0,0,7.50065E+20,5.75258E+21,1.26325E+16,5.18678E+16
210831,15,0,91,375,2018,9,10,4,3,4,6,0,1,1,0,0,0,0,0,7.51451E+20,5.75303E+21,1.26529E+16,5.18713E+16
210832,15,0,82,15,2018,9,13,5,3,5,3,0,1,1,0,0,0,0,0,7.29531E+20,5.72554E+21,1.23169E+16,5.16339E+16
210833,15,0,3,0,2018,9,17,4,2,5,3,0,1,1,0,0,0,0,0,6.79465E+20,5.7743E+21,1.16197E+16,5.20902E+16
210834,15,0,3,0,2018,9,12,4,3,3,2,0,0,1,0,0,1,0,0,6.80683E+20,5.7788E+21,1.16398E+16,5.21302E+16
210835,15,0,82,180,2018,9,17,5,3,0,7,0,0,0,0,0,0,1,0,7.05796E+20,5.7376E+21,1.19816E+16,5.17515E+16
210836,15,0,3,0,2018,9,8,5,3,0,7,0,1,0,0,0,0,0,0,6.78349E+20,5.77667E+21,1.16046E+16,5.21118E+16
210837,15,0,3,0,2018,9,17,4,3,1,6,0,0,1,0,0,0,1,0,6.80426E+20,5.7814E+21,1.16374E+16,5.21536E+16
210838,15,0,86,15,2018,9,9,4,2,4,2,0,0,1,0,0,0,0,0,6.93644E+20,5.795E+21,1.18382E+16,5.22712E+16
210839,15,0,3,0,2018,9,16,5,3,5,3,0,1,1,0,0,0,0,0,6.76421E+20,5.78151E+21,1.1579E+16,5.21559E+16
210840,15,0,2,0,2018,9,15,3,3,3,2,0,1,1,0,0,0,0,0,7.06259E+20,5.70883E+21,1.19713E+16,5.14929E+16
210841,15,0,1,0,2018,9,13,3,3,6,4,0,0,1,1,0,0,0,0,7.242E+20,5.74824E+21,1.22546E+16,5.18399E+16
210842,15,0,3,0,2018,9,18,5,3,7,7,0,1,0,0,0,0,0,0,6.7949E+20,5.77755E+21,1.16217E+16,5.21193E+16
210843,15,0,1,0,2018,9,6,3,3,0,1,0,1,0,0,0,0,0,0,7.21245E+20,5.74719E+21,1.22111E+16,5.18316E+16
210844,15,0,86,5,2018,9,10,5,3,5,3,0,0,1,0,0,0,0,0,6.87223E+20,5.78047E+21,1.17362E+16,5.21429E+16
210845,15,0,83,270,2018,9,15,5,3,1,7,0,0,1,0,0,1,0,0,6.62469E+20,5.79486E+21,1.13817E+16,5.22801E+16
210846,15,0,90,180,2018,9,10,3,3,5,2,0,1,1,0,0,0,0,0,6.93399E+20,5.84455E+21,1.18634E+16,5.27163E+16
210847,15,0,81,135,2018,9,18,5,3,5,3,0,1,0,0,0,1,0,0,6.64993E+20,5.8226E+21,1.14323E+16,5.25284E+16
210848,15,0,2,0,2018,9,16,4,2,0,1,0,1,0,0,0,0,0,0,7.07221E+20,5.71116E+21,1.19865E+16,5.15135E+16
210849,15,0,89,305,2018,9,9,3,2,5,3,0,1,1,0,0,0,0,0,6.86576E+20,5.76609E+21,1.17189E+16,5.20141E+16
210850,15,0,3,0,2018,9,15,3,3,5,3,0,1,1,0,0,0,0,0,6.77224E+20,5.77581E+21,1.15878E+16,5.21044E+16
210851,15,0,88,235,2018,9,17,4,3,1,2,0,0,1,0,1,0,0,0,6.90823E+20,5.69161E+21,1.174E+16,5.13437E+16
210852,15,0,3,0,2018,9,14,3,3,0,5,0,1,0,0,0,1,0,0,6.81147E+20,5.78043E+21,1.16475E+16,5.21446E+16
210853,15,0,82,15,2018,9,13,2,3,5,3,0,1,1,0,0,0,0,0,7.25493E+20,5.73083E+21,1.22621E+16,5.16831E+16
210854,15,0,3,0,2018,9,15,3,3,2,6,0,0,1,0,0,0,0,0,6.81954E+20,5.78094E+21,1.16595E+16,5.21489E+16
210855,15,0,2,0,2018,9,11,4,3,6,2,0,0,1,1,0,0,0,0,7.04032E+20,5.7096E+21,1.19397E+16,5.15007E+16
210856,15,0,2,0,2018,9,15,4,2,3,2,0,1,1,0,0,0,0,0,7.05897E+20,5.71006E+21,1.19668E+16,5.15041E+16
210857,15,0,3,0,2018,9,12,3,3,5,3,0,1,1,0,0,0,0,0,6.80044E+20,5.77753E+21,1.16298E+16,5.21189E+16
210858,15,0,91,375,2018,9,16,4,3,6,6,0,1,0,1,0,0,0,0,7.51533E+20,5.7526E+21,1.26538E+16,5.18673E+16
210859,15,0,1,0,2018,9,14,4,2,5,3,0,0,1,0,1,0,0,0,7.21882E+20,5.74572E+21,1.22194E+16,5.18182E+16
210860,15,0,82,180,2018,9,9,4,3,5,3,0,0,1,0,0,0,0,0,7.04688E+20,5.73819E+21,1.19659E+16,5.17572E+16
210861,15,0,3,0,2018,9,11,3,3,2,6,0,0,1,0,0,0,1,0,6.80834E+20,5.77867E+21,1.1642E+16,5.21289E+16
210862,15,0,3,0,2018,9,7,4,3,5,2,0,1,1,0,0,0,0,0,6.79306E+20,5.77739E+21,1.1619E+16,5.21179E+16
210863,15,0,85,370,2018,9,14,4,3,5,2,0,1,1,0,0,0,0,0,6.22226E+20,5.74449E+21,1.07741E+16,5.18379E+16
210864,15,0,2,0,2018,9,15,2,3,6,4,0,1,0,1,0,0,0,0,7.06626E+20,5.70685E+21,1.19755E+16,5.14751E+16
210865,15,0,2,0,2018,9,16,2,3,2,2,0,0,1,0,0,0,0,0,7.07664E+20,5.70489E+21,1.19892E+16,5.1457E+16
210866,15,0,2,0,2018,9,15,3,3,5,3,0,1,1,0,0,0,0,0,7.08888E+20,5.70375E+21,1.20061E+16,5.14464E+16
210867,15,0,90,535,2018,9,18,2,3,4,6,0,1,0,0,0,0,0,0,6.94738E+20,5.83325E+21,1.18765E+16,5.26142E+16
210868,15,0,90,70,2018,9,5,2,3,7,7,1,0,0,0,1,0,0,0,6.78725E+20,5.84452E+21,1.16464E+16,5.2721E+16
210869,15,0,89,30,2018,9,16,2,3,7,6,0,1,0,0,0,0,0,0,6.89821E+20,5.74218E+21,1.17529E+16,5.17982E+16
210870,15,0,2,0,2018,9,12,3,3,5,2,0,1,1,0,0,0,0,0,7.06519E+20,5.70776E+21,1.19744E+16,5.14832E+16
210871,15,0,2,0,2018,9,14,3,3,5,2,0,1,0,0,0,0,1,0,7.06193E+20,5.70659E+21,1.19691E+16,5.14728E+16
210872,15,0,3,0,2018,9,8,2,3,6,4,0,0,1,1,0,0,0,0,6.80964E+20,5.77591E+21,1.16424E+16,5.21041E+16
210873,15,0,2,0,2018,9,5,3,2,5,2,1,0,0,0,1,0,1,0,7.08614E+20,5.70905E+21,1.20053E+16,5.14941E+16
210874,15,0,84,590,2018,9,16,3,3,2,6,0,0,1,0,1,0,0,0,7.20097E+20,5.66175E+21,1.21414E+16,5.1065E+16
210875,15,0,3,0,2018,9,10,2,3,5,3,0,1,1,0,0,0,0,0,6.77218E+20,5.78095E+21,1.15904E+16,5.21506E+16
210876,15,0,90,535,2018,9,15,2,3,5,3,0,1,1,0,0,0,0,0,6.93189E+20,5.83193E+21,1.18529E+16,5.2603E+16
210877,15,0,86,40,2018,9,8,2,3,5,3,0,1,1,0,0,0,0,0,7.14348E+20,5.8104E+21,1.2151E+16,5.24018E+16
210878,15,0,84,275,2018,9,6,3,3,1,5,1,1,1,0,0,0,0,0,7.15915E+20,5.66141E+21,1.20816E+16,5.10635E+16
210879,15,0,84,490,2018,9,14,3,3,5,3,0,1,1,0,0,0,0,0,7.11648E+20,5.66745E+21,1.20243E+16,5.11194E+16
210880,15,0,83,40,2018,9,12,2,3,8,1,0,0,1,0,0,0,0,0,6.7843E+20,5.78773E+21,1.16116E+16,5.22111E+16
210881,15,0,2,0,2018,9,14,1,2,6,6,0,1,0,1,0,0,0,0,7.03432E+20,5.70649E+21,1.19293E+16,5.14729E+16
210882,15,0,1,0,2018,9,9,3,3,6,7,0,0,0,1,0,0,1,0,7.20385E+20,5.74549E+21,1.21976E+16,5.18167E+16
210883,15,0,2,0,2018,9,12,1,3,2,6,0,0,1,0,1,0,0,1,7.06064E+20,5.70669E+21,1.19673E+16,5.14738E+16
210884,15,0,89,305,2018,9,8,2,3,5,3,0,1,1,0,0,0,0,0,6.87294E+20,5.7661E+21,1.17293E+16,5.20139E+16
210885,15,0,2,0,2018,9,4,1,3,9,1,2,0,1,0,0,0,0,0,7.03832E+20,5.70711E+21,1.19354E+16,5.14784E+16
210886,15,0,90,535,2018,9,15,3,2,3,2,0,1,1,0,0,0,0,0,6.93098E+20,5.83204E+21,1.18516E+16,5.2604E+16
210887,15,0,90,535,2018,9,17,3,3,1,2,0,1,0,0,0,0,1,0,6.94006E+20,5.83151E+21,1.18647E+16,5.25989E+16
210888,15,0,91,110,2018,9,1,1,3,9,1,2,1,0,0,0,0,0,0,7.32053E+20,5.73648E+21,1.23606E+16,5.17311E+16
210889,15,0,89,305,2018,9,15,3,3,5,3,0,1,1,0,0,0,0,0,6.87802E+20,5.76709E+21,1.17373E+16,5.20226E+16
210890,15,0,3,0,2018,9,18,3,3,4,2,0,1,1,0,0,0,0,0,6.78036E+20,5.77573E+21,1.15996E+16,5.21034E+16
210891,15,0,90,70,2018,9,12,1,3,8,1,0,0,1,0,0,0,0,0,6.7875E+20,5.83513E+21,1.16417E+16,5.26367E+16
210892,15,0,3,0,2018,9,7,2,3,5,3,0,0,1,0,0,0,0,0,6.82576E+20,5.77885E+21,1.16675E+16,5.213E+16
210893,15,0,90,550,2018,9,9,1,3,5,3,0,1,1,0,0,0,0,0,7.01181E+20,5.82534E+21,1.19667E+16,5.25409E+16
210894,15,0,3,0,2018,9,20,3,3,2,2,1,0,1,0,0,0,1,0,6.76209E+20,5.77843E+21,1.15743E+16,5.21283E+16
210895,15,0,84,355,2018,9,21,7,3,5,3,2,0,0,0,1,0,0,0,6.96285E+20,5.66998E+21,1.18065E+16,5.11476E+16
210896,15,0,3,0,2018,9,7,2,2,5,3,0,1,0,0,0,0,1,0,6.80638E+20,5.77981E+21,1.16397E+16,5.21393E+16
210897,15,0,90,550,2018,9,12,7,3,1,7,0,0,1,0,0,0,0,0,7.01609E+20,5.82616E+21,1.19735E+16,5.25481E+16
210898,15,0,3,0,2018,9,20,3,3,2,6,2,0,1,0,0,0,0,0,6.80492E+20,5.77957E+21,1.16374E+16,5.21371E+16
210899,15,0,3,0,2018,9,20,7,3,0,2,2,0,1,0,1,0,0,0,6.77951E+20,5.77639E+21,1.15987E+16,5.21094E+16
210900,15,0,88,25,2018,8,12,6,3,6,4,0,0,1,1,0,0,0,0,7.01044E+20,5.69515E+21,1.18885E+16,5.13719E+16
210901,15,0,3,0,2018,9,17,3,3,5,3,0,1,1,0,0,0,0,0,6.79874E+20,5.77741E+21,1.16273E+16,5.21179E+16
210902,15,0,85,370,2018,9,18,3,3,0,7,0,0,1,1,0,0,0,0,6.21644E+20,5.74317E+21,1.07652E+16,5.18261E+16
210903,15,0,84,550,2018,8,16,6,3,5,3,0,0,1,0,0,0,0,0,7.08136E+20,5.67635E+21,1.19793E+16,5.12006E+16
210904,15,0,83,40,2018,9,5,3,3,7,7,2,0,0,0,1,0,0,0,6.78889E+20,5.78771E+21,1.16183E+16,5.22107E+16
210905,15,0,91,110,2018,8,13,6,2,5,3,0,1,1,0,0,0,0,0,7.38934E+20,5.73616E+21,1.24598E+16,5.17254E+16
210906,15,0,88,330,2018,9,15,2,3,8,7,0,0,0,1,0,1,0,0,7.07433E+20,5.69757E+21,1.19816E+16,5.13914E+16
210907,15,0,82,301,2018,8,7,6,3,5,3,0,1,1,0,0,0,0,0,7.27829E+20,5.73089E+21,1.22958E+16,5.16827E+16
210908,15,0,3,0,2018,9,8,2,3,5,3,0,1,1,0,0,0,0,0,6.82571E+20,5.77848E+21,1.16672E+16,5.21267E+16
210909,15,0,2,0,2018,9,15,2,3,2,6,0,0,1,0,0,0,0,0,7.05277E+20,5.70961E+21,1.19577E+16,5.15003E+16
210910,15,0,2,0,2018,9,16,2,3,6,4,0,0,0,1,1,0,0,0,7.02399E+20,5.70658E+21,1.19145E+16,5.14742E+16
210911,15,0,82,15,2018,8,10,6,2,0,4,0,0,1,1,0,0,0,0,7.30404E+20,5.72438E+21,1.23287E+16,5.16232E+16
210912,15,0,2,0,2018,9,7,2,2,4,6,0,1,0,0,0,0,0,0,7.05612E+20,5.71115E+21,1.19634E+16,5.1514E+16
210913,15,0,84,550,2018,9,7,2,3,5,3,0,1,1,0,0,0,0,0,7.05641E+20,5.67605E+21,1.19435E+16,5.11987E+16
210914,15,0,82,180,2018,8,12,6,2,5,2,0,1,1,0,0,0,0,0,7.04522E+20,5.7378E+21,1.19633E+16,5.17537E+16
210915,15,0,82,377,2018,8,14,6,3,2,6,0,0,1,0,0,0,0,0,7.12689E+20,5.72952E+21,1.20763E+16,5.16763E+16
210916,15,0,89,310,2018,9,12,2,3,5,3,0,0,1,0,1,0,0,0,6.78071E+20,5.74787E+21,1.15856E+16,5.18532E+16
210917,15,0,90,535,2018,8,13,6,3,2,6,0,0,1,0,0,1,0,0,6.93778E+20,5.83286E+21,1.18621E+16,5.26111E+16
210918,15,0,3,0,2018,9,11,2,3,1,5,0,1,1,0,0,0,0,0,6.8142E+20,5.78096E+21,1.16517E+16,5.21493E+16
210919,15,0,90,535,2018,8,9,6,3,5,3,0,1,0,0,0,0,1,0,6.93392E+20,5.83028E+21,1.18549E+16,5.25881E+16
210920,15,0,89,30,2018,8,12,6,3,5,3,0,1,1,0,0,0,0,0,6.89595E+20,5.74148E+21,1.17493E+16,5.1792E+16
210921,15,0,3,0,2018,9,10,2,2,3,7,0,0,1,0,0,0,1,0,6.79958E+20,5.77779E+21,1.16287E+16,5.21213E+16
210922,15,0,3,0,2018,8,12,6,3,5,3,0,1,1,0,0,0,0,0,6.79679E+20,5.78282E+21,1.16273E+16,5.21666E+16
210923,15,0,85,135,2018,9,11,2,2,1,2,0,0,1,0,0,0,1,0,6.40124E+20,5.75051E+21,1.10361E+16,5.18877E+16
210924,15,0,3,0,2018,8,9,6,3,5,3,0,0,1,0,0,0,0,0,6.76104E+20,5.7744E+21,1.15707E+16,5.20921E+16
210925,15,0,3,0,2018,9,9,2,2,5,2,0,0,1,0,0,0,1,0,6.80006E+20,5.7779E+21,1.16295E+16,5.21223E+16
210926,15,0,87,220,2018,9,15,1,3,9,1,0,1,0,0,0,0,0,0,6.71458E+20,5.72604E+21,1.14789E+16,5.16592E+16
210927,15,0,3,0,2018,8,8,6,3,2,6,0,0,1,0,0,0,0,0,6.82349E+20,5.77917E+21,1.16643E+16,5.21329E+16
210928,15,0,2,0,2018,9,12,1,3,5,2,0,1,1,0,0,0,0,0,7.06409E+20,5.70872E+21,1.19734E+16,5.14919E+16
210929,15,0,84,590,2018,9,14,1,3,5,3,0,1,1,0,0,0,0,0,7.19352E+20,5.65998E+21,1.21297E+16,5.10494E+16
210930,15,0,3,0,2018,8,17,6,3,6,4,0,0,1,1,0,0,0,0,6.83491E+20,5.78022E+21,1.16816E+16,5.2142E+16
210931,15,0,3,0,2018,8,13,6,3,2,6,0,0,1,0,0,0,0,0,6.78855E+20,5.77434E+21,1.16108E+16,5.20907E+16
210932,15,0,82,180,2018,9,18,1,3,5,3,0,0,1,0,0,0,0,0,7.06199E+20,5.73716E+21,1.19871E+16,5.17474E+16
210933,15,0,86,15,2018,8,13,6,3,5,3,0,1,1,0,0,0,0,0,6.93787E+20,5.79522E+21,1.18404E+16,5.22732E+16
210934,15,0,85,140,2018,9,10,2,2,0,1,0,0,0,0,1,0,0,0,6.44099E+20,5.74923E+21,1.10933E+16,5.18752E+16
210935,15,0,86,15,2018,8,13,6,3,0,3,0,1,1,0,0,0,0,0,6.9473E+20,5.7954E+21,1.18543E+16,5.22744E+16
210936,15,0,90,535,2018,9,16,1,2,5,2,0,0,1,0,1,0,0,0,6.93423E+20,5.83259E+21,1.18567E+16,5.26088E+16
210937,15,0,3,0,2018,9,15,1,3,5,2,0,1,1,0,0,0,0,0,6.77284E+20,5.77586E+21,1.15887E+16,5.21048E+16
210938,15,0,87,130,2018,9,19,1,3,5,5,0,0,1,0,0,0,0,0,6.75959E+20,5.71131E+21,1.15366E+16,5.15255E+16
210939,15,0,85,227,2018,8,20,6,3,9,1,1,0,1,0,0,0,0,0,6.14223E+20,5.75194E+21,1.06604E+16,5.19065E+16
210940,15,0,84,355,2018,9,22,7,3,8,1,2,0,1,0,0,0,0,0,6.94658E+20,5.66946E+21,1.17829E+16,5.11435E+16
210941,15,0,1,0,2018,9,9,7,2,5,3,0,1,1,0,0,0,0,0,7.23773E+20,5.74627E+21,1.22472E+16,5.18224E+16
210942,15,0,85,135,2018,8,7,6,3,4,2,0,1,1,0,0,0,0,0,6.43054E+20,5.75014E+21,1.10785E+16,5.18837E+16
210943,15,0,89,305,2018,9,19,7,2,5,2,0,0,1,0,0,0,0,0,6.85909E+20,5.76689E+21,1.17096E+16,5.20214E+16
210944,15,0,89,175,2018,9,21,7,3,0,1,2,1,0,0,0,0,0,0,6.68514E+20,5.75231E+21,1.14492E+16,5.1896E+16
210945,15,0,85,135,2018,8,14,6,3,1,6,0,0,1,0,0,0,1,0,6.42504E+20,5.74997E+21,1.10705E+16,5.18823E+16
210946,15,0,91,391,2018,9,14,1,3,2,2,0,0,1,0,1,0,0,0,7.63584E+20,5.7488E+21,1.28255E+16,5.18277E+16
210947,15,0,83,565,2018,8,15,6,3,5,3,0,0,1,0,0,0,0,0,6.7952E+20,5.7931E+21,1.16304E+16,5.2259E+16
210948,15,0,89,15,2018,9,13,7,3,5,2,0,1,1,0,0,0,0,0,6.7011E+20,5.73659E+21,1.14646E+16,5.17544E+16