OBJECTID_1,ULAND,UREGBEZ,UKREIS,UGEMEINDE,UJAHR,UMONAT,USTUNDE,UWOCHENTAG,UKATEGORIE,UART,UTYP1,ULICHTVERH,IstRad,IstPKW,IstFuss,IstKrad,IstGkfz,IstSonstig,STRZUSTAND,LINREFX,LINREFY,XGCSWGS84,YGCSWGS84
211134,15,0,2,0,2018,10,17,6,3,5,3,0,0,1,0,0,0,0,0,7.08666E+20,5.7089E+21,1.2006E+16,5.14927E+16
211135,15,0,84,355,2018,10,17,6,3,5,3,0,0,1,0,0,0,0,0,6.97247E+20,5.67047E+21,1.18204E+16,5.11516E+16
211136,15,0,86,40,2018,10,6,2,2,5,3,1,0,1,0,1,0,0,0,7.1601E+20,5.8105E+21,1.21755E+16,5.2402E+16
211137,15,0,85,370,2018,10,11,2,3,1,6,0,0,1,0,0,0,0,1,6.22912E+20,5.74449E+21,1.0784E+16,5.18377E+16
211138,15,0,91,375,2018,10,10,6,3,0,7,0,1,0,0,0,0,1,1,7.51167E+20,5.75256E+21,1.26484E+16,5.18672E+16
211139,15,0,2,0,2018,10,15,1,3,0,5,0,1,1,0,0,0,0,0,7.06812E+20,5.70828E+21,1.1979E+16,5.14878E+16
211140,15,0,89,307,2018,10,6,1,3,9,7,2,0,1,0,0,0,0,0,6.62919E+20,5.74547E+21,1.13647E+16,5.18363E+16
211141,15,0,1,0,2018,10,10,6,3,5,3,0,1,1,0,0,0,0,0,7.23031E+20,5.74749E+21,1.22372E+16,5.18336E+16
211142,15,0,82,15,2018,10,23,6,3,5,3,2,1,1,0,0,0,0,0,7.25456E+20,5.73071E+21,1.22615E+16,5.16821E+16
211143,15,0,85,135,2018,10,1,1,2,9,1,2,0,1,0,0,0,0,0,6.4738E+20,5.75541E+21,1.11436E+16,5.19299E+16
211144,15,0,2,0,2018,10,12,7,3,5,3,0,0,1,0,0,0,0,0,7.09063E+20,5.70648E+21,1.20103E+16,5.14708E+16
211145,15,0,82,180,2018,10,3,6,2,6,6,2,0,1,1,0,0,0,0,7.05814E+20,5.73786E+21,1.1982E+16,5.17538E+16
211146,15,0,84,355,2018,10,11,7,3,5,3,0,0,1,0,0,0,0,0,6.9153E+20,5.66536E+21,1.17361E+16,5.11077E+16
211147,15,0,91,375,2018,10,19,7,3,1,5,2,1,1,0,0,0,0,0,7.50897E+20,5.75269E+21,1.26446E+16,5.18684E+16
211148,15,0,89,30,2018,10,10,6,2,6,7,0,1,0,1,0,0,0,0,6.88767E+20,5.74207E+21,1.17376E+16,5.17976E+16
211149,15,0,90,535,2018,10,10,7,3,3,6,0,1,1,0,0,0,0,0,6.93414E+20,5.83284E+21,1.18567E+16,5.26111E+16
211150,15,0,2,0,2018,10,19,5,3,5,3,2,0,1,0,0,0,0,0,7.07065E+20,5.70671E+21,1.19817E+16,5.14736E+16
211151,15,0,84,550,2018,10,13,5,3,0,1,0,1,0,0,0,0,0,0,7.0846E+20,5.67521E+21,1.19833E+16,5.11902E+16
211152,15,0,3,0,2018,10,22,7,3,5,7,2,0,1,0,1,0,0,0,6.83719E+20,5.779E+21,1.16842E+16,5.21309E+16
211153,15,0,84,550,2018,10,8,5,3,5,3,0,1,1,0,0,0,0,0,7.07515E+20,5.67737E+21,1.1971E+16,5.121E+16
211154,15,0,91,145,2018,10,18,5,3,8,1,1,0,1,0,0,0,0,0,7.73403E+20,5.74589E+21,1.29654E+16,5.17969E+16
211155,15,0,3,0,2018,10,11,6,3,1,2,0,0,1,0,0,0,0,0,6.78562E+20,5.77682E+21,1.16078E+16,5.21131E+16
211156,15,0,88,220,2018,10,16,6,2,2,6,0,1,1,0,0,0,0,0,7.08876E+20,5.6931E+21,1.19997E+16,5.13508E+16
211157,15,0,89,310,2018,10,13,5,2,5,3,0,1,0,0,0,0,1,0,6.76255E+20,5.74925E+21,1.156E+16,5.18662E+16
211158,15,0,2,0,2018,10,15,6,3,3,6,0,1,1,0,0,0,0,0,7.05739E+20,5.70761E+21,1.19631E+16,5.14822E+16
211159,15,0,2,0,2018,10,12,6,3,5,2,0,1,1,0,0,0,0,0,7.05885E+20,5.70925E+21,1.19662E+16,5.14968E+16
211160,15,0,89,30,2018,10,15,5,2,1,6,0,0,1,0,0,1,0,0,6.90918E+20,5.74232E+21,1.17689E+16,5.17991E+16
211161,15,0,3,0,2018,10,17,5,3,3,2,0,1,1,0,0,0,0,0,6.79064E+20,5.77725E+21,1.16154E+16,5.21168E+16
211162,15,0,3,0,2018,10,15,6,3,1,6,0,0,1,0,0,0,0,0,6.82579E+20,5.77349E+21,1.16646E+16,5.20818E+16
211163,15,0,3,0,2018,10,17,5,3,5,2,0,1,1,0,0,0,0,0,6.81611E+20,5.77846E+21,1.16532E+16,5.21268E+16
211164,15,0,3,0,2018,10,16,5,3,6,4,0,0,1,1,0,0,0,0,6.78466E+20,5.77736E+21,1.16067E+16,5.21179E+16
211165,15,0,3,0,2018,10,15,5,3,5,2,0,1,1,0,0,0,0,0,6.79195E+20,5.78193E+21,1.16198E+16,5.21587E+16
211166,15,0,3,0,2018,10,8,6,2,6,4,0,0,1,1,0,0,0,0,6.81368E+20,5.77853E+21,1.16497E+16,5.21275E+16
211167,15,0,84,550,2018,10,14,4,3,0,1,0,1,0,0,0,0,0,0,7.06862E+20,5.67537E+21,1.19606E+16,5.11923E+16
211168,15,0,87,370,2018,10,19,3,2,5,3,2,0,1,1,0,0,0,1,6.59759E+20,5.70334E+21,1.12996E+16,5.14587E+16
211169,15,0,81,455,2018,10,15,6,2,5,3,0,1,1,0,0,0,0,0,6.44926E+20,5.85708E+21,1.11519E+16,5.2844E+16
211170,15,0,81,455,2018,10,0,6,3,7,7,2,1,0,0,0,0,0,0,6.45152E+20,5.85801E+21,1.11557E+16,5.28523E+16
211171,15,0,87,165,2018,10,15,3,3,4,7,0,0,1,0,0,0,0,0,6.75832E+20,5.72063E+21,1.15394E+16,5.16092E+16
211172,15,0,88,195,2018,10,9,5,3,5,3,0,0,1,0,0,0,0,0,7.15094E+20,5.71262E+21,1.21007E+16,5.15237E+16
211173,15,0,88,220,2018,10,12,6,2,5,3,0,0,1,0,0,0,1,0,7.07726E+20,5.69283E+21,1.1983E+16,5.13487E+16
211174,15,0,87,130,2018,10,15,5,3,6,4,0,0,1,1,0,0,0,0,6.77824E+20,5.70988E+21,1.15627E+16,5.1512E+16
211175,15,0,1,0,2018,10,21,3,3,5,3,2,0,1,0,0,0,0,1,7.22342E+20,5.74795E+21,1.22275E+16,5.1838E+16
211176,15,0,82,15,2018,10,4,3,2,5,3,2,1,1,0,0,0,0,0,7.25213E+20,5.72851E+21,1.22565E+16,5.16624E+16
211177,15,0,2,0,2018,10,14,5,3,6,4,0,1,0,1,0,0,0,0,7.07909E+20,5.70797E+21,1.19946E+16,5.14846E+16
211178,15,0,82,180,2018,10,13,3,2,5,2,0,0,1,0,0,0,0,1,7.07307E+20,5.73613E+21,1.20025E+16,5.17377E+16
211179,15,0,89,15,2018,10,13,3,2,3,3,0,1,0,0,0,0,1,0,6.69698E+20,5.73691E+21,1.14588E+16,5.17573E+16
211180,15,0,2,0,2018,10,13,5,3,5,2,0,1,1,0,0,0,0,0,7.06469E+20,5.70482E+21,1.1972E+16,5.14569E+16
211181,15,0,87,130,2018,10,20,6,3,4,6,2,0,1,0,0,0,0,0,6.78001E+20,5.70994E+21,1.15653E+16,5.15125E+16
211182,15,0,2,0,2018,10,8,5,3,5,3,0,1,1,0,0,0,0,0,7.04083E+20,5.70961E+21,1.19405E+16,5.15007E+16
211183,15,0,3,0,2018,10,11,3,3,2,6,0,0,1,0,0,0,0,1,6.79551E+20,5.77727E+21,1.16225E+16,5.21168E+16
211184,15,0,3,0,2018,10,16,3,3,5,2,0,0,1,0,0,0,1,1,6.80008E+20,5.7779E+21,1.16295E+16,5.21222E+16
211185,15,0,84,130,2018,10,12,5,3,9,1,0,0,1,0,0,0,0,0,7.23727E+20,5.66557E+21,1.21955E+16,5.10979E+16
211186,15,0,84,590,2018,10,21,5,3,0,1,2,0,1,0,1,0,0,0,7.203E+20,5.66047E+21,1.21435E+16,5.10534E+16
211187,15,0,2,0,2018,10,10,2,3,1,6,0,0,1,0,0,0,1,0,7.04461E+20,5.70738E+21,1.19446E+16,5.14806E+16
211188,15,0,1,0,2018,10,16,5,3,1,6,0,0,1,0,0,0,1,0,7.19924E+20,5.74603E+21,1.21913E+16,5.18217E+16
211189,15,0,2,0,2018,10,15,6,3,2,6,0,1,1,0,0,0,0,0,7.06118E+20,5.70863E+21,1.19692E+16,5.14912E+16
211190,15,0,90,535,2018,10,13,5,3,5,3,0,1,1,0,0,0,0,0,6.93023E+20,5.83257E+21,1.18508E+16,5.26088E+16
211191,15,0,84,355,2018,10,3,2,2,0,6,2,1,1,0,0,0,0,1,6.96414E+20,5.67051E+21,1.18086E+16,5.11523E+16
211192,15,0,3,0,2018,10,14,2,3,3,6,0,0,1,0,1,0,0,0,6.78244E+20,5.77493E+21,1.16022E+16,5.20962E+16
211193,15,0,3,0,2018,10,16,5,3,5,2,0,1,1,0,0,0,0,0,6.80644E+20,5.78018E+21,1.164E+16,5.21425E+16
211194,15,0,3,0,2018,10,14,2,3,3,6,0,0,1,0,0,0,0,0,6.79419E+20,5.77748E+21,1.16207E+16,5.21187E+16
211195,15,0,3,0,2018,10,16,2,3,1,6,0,0,1,0,0,0,0,0,6.80623E+20,5.77655E+21,1.16377E+16,5.21099E+16
211196,15,0,3,0,2018,10,13,5,3,5,3,0,1,1,0,0,0,0,0,6.79491E+20,5.7827E+21,1.16245E+16,5.21656E+16
211197,15,0,2,0,2018,10,19,6,3,5,3,1,0,1,0,0,0,0,0,7.07929E+20,5.70768E+21,1.19947E+16,5.1482E+16
211198,15,0,3,0,2018,10,10,5,3,6,6,0,1,0,1,0,0,0,0,6.79359E+20,5.77714E+21,1.16196E+16,5.21156E+16
211199,15,0,3,0,2018,10,15,2,3,2,6,0,0,1,0,0,0,0,0,6.77235E+20,5.77342E+21,1.15867E+16,5.20829E+16
211200,15,0,3,0,2018,10,17,4,3,0,6,1,1,0,1,0,0,0,0,6.79113E+20,5.77862E+21,1.16168E+16,5.21291E+16
211201,15,0,2,0,2018,10,17,6,3,2,6,0,0,1,0,0,0,0,0,7.07869E+20,5.70842E+21,1.19943E+16,5.14887E+16
211202,15,0,1,0,2018,10,14,4,3,9,1,0,0,1,0,0,0,0,0,7.22719E+20,5.74839E+21,1.22333E+16,5.18419E+16
211203,15,0,3,0,2018,9,21,1,3,1,5,2,0,1,0,0,0,0,0,6.81706E+20,5.77488E+21,1.16527E+16,5.20946E+16
211204,15,0,87,165,2018,10,16,4,3,0,6,0,0,1,0,0,0,0,0,6.81372E+20,5.72314E+21,1.16206E+16,5.163E+16
211205,15,0,84,355,2018,10,8,4,3,6,4,0,0,1,1,0,0,0,0,6.97493E+20,5.67049E+21,1.1824E+16,5.11518E+16
211206,15,0,2,0,2018,9,17,7,3,6,6,0,1,0,1,0,0,0,0,7.06183E+20,5.70676E+21,1.1969E+16,5.14744E+16
211207,15,0,2,0,2018,9,18,7,3,3,6,0,0,1,0,0,0,1,0,7.06203E+20,5.70887E+21,1.19705E+16,5.14933E+16
211208,15,0,84,355,2018,10,11,4,3,6,7,0,0,1,1,0,0,0,0,6.90356E+20,5.66803E+21,1.17207E+16,5.11321E+16
211209,15,0,84,355,2018,9,10,7,3,8,1,0,0,1,0,0,0,0,0,6.98025E+20,5.67011E+21,1.18314E+16,5.11481E+16
211210,15,0,91,375,2018,10,7,4,3,2,6,1,0,1,0,0,0,0,0,7.48313E+20,5.7543E+21,1.26083E+16,5.18841E+16
211211,15,0,91,60,2018,9,12,7,2,0,1,0,1,0,0,0,0,0,0,7.36145E+20,5.75453E+21,1.2432E+16,5.18914E+16
211212,15,0,91,375,2018,10,14,4,3,5,3,0,1,1,0,0,0,0,0,7.5144E+20,5.7535E+21,1.26531E+16,5.18755E+16
211213,15,0,1,0,2018,10,22,6,3,8,1,2,0,0,0,0,0,1,0,7.2258E+20,5.74745E+21,1.22306E+16,5.18334E+16
211214,15,0,91,60,2018,9,18,7,2,8,1,0,0,0,0,1,0,0,0,7.4526E+20,5.76274E+21,1.25701E+16,5.19611E+16
211215,15,0,82,15,2018,9,14,7,2,5,2,0,1,1,0,0,0,0,0,7.30312E+20,5.72472E+21,1.23276E+16,5.16263E+16
211216,15,0,91,375,2018,10,7,4,2,0,1,1,1,0,0,0,0,0,0,7.48316E+20,5.75454E+21,1.26085E+16,5.18862E+16
211217,15,0,89,26,2018,9,0,7,3,9,5,2,0,1,0,0,0,0,0,6.98712E+20,5.75538E+21,1.18893E+16,5.19137E+16
211218,15,0,3,0,2018,9,10,7,3,2,6,0,0,1,0,0,0,0,0,6.81576E+20,5.77506E+21,1.16508E+16,5.20963E+16
211219,15,0,1,0,2018,10,15,4,3,7,3,0,1,1,0,0,0,0,0,7.21738E+20,5.74572E+21,1.22173E+16,5.18182E+16
211220,15,0,1,0,2018,10,5,4,1,5,3,2,1,1,0,0,0,0,0,7.237E+20,5.74729E+21,1.22468E+16,5.18316E+16
211221,15,0,87,130,2018,9,9,6,2,6,4,0,0,1,1,0,0,0,0,6.77829E+20,5.71013E+21,1.15629E+16,5.15143E+16
211222,15,0,82,15,2018,10,14,4,2,3,6,0,1,1,0,0,0,0,0,7.30794E+20,5.72508E+21,1.23348E+16,5.16294E+16
211223,15,0,84,235,2018,9,10,6,3,5,3,0,1,1,0,0,0,0,0,7.16407E+20,5.67234E+21,1.20951E+16,5.11615E+16
211224,15,0,82,15,2018,10,7,4,3,2,6,0,0,1,0,0,0,1,0,7.28525E+20,5.7248E+21,1.23019E+16,5.16277E+16
211225,15,0,90,535,2018,10,15,4,3,5,3,0,0,1,0,0,0,0,0,6.93374E+20,5.8311E+21,1.18551E+16,5.25955E+16
211226,15,0,84,355,2018,9,16,6,3,5,2,0,0,1,0,0,0,0,0,6.97249E+20,5.67047E+21,1.18205E+16,5.11517E+16
211227,15,0,89,30,2018,10,12,4,3,2,6,0,0,1,0,1,0,0,0,6.9024E+20,5.74226E+21,1.1759E+16,5.17988E+16
211228,15,0,1,0,2018,10,20,6,3,1,6,2,0,1,0,0,0,0,0,7.19253E+20,5.7455E+21,1.21812E+16,5.18173E+16
211229,15,0,89,15,2018,10,15,4,2,5,3,0,1,1,0,0,0,0,0,6.68814E+20,5.73736E+21,1.14462E+16,5.17617E+16
211230,15,0,84,355,2018,9,17,6,3,8,6,0,0,1,1,0,0,0,0,6.9595E+20,5.67309E+21,1.18034E+16,5.11756E+16
211231,15,0,90,535,2018,9,15,6,2,6,4,0,0,0,1,1,0,0,0,6.92667E+20,5.83157E+21,1.1845E+16,5.25999E+16
211232,15,0,3,0,2018,10,11,4,3,1,6,0,0,1,0,1,0,0,0,6.79283E+20,5.77738E+21,1.16186E+16,5.21178E+16
211233,15,0,90,535,2018,9,16,6,3,4,2,0,1,0,0,0,0,0,0,6.92329E+20,5.83123E+21,1.18398E+16,5.2597E+16
211234,15,0,89,15,2018,9,15,6,3,5,3,0,0,1,0,0,0,0,0,6.70409E+20,5.73718E+21,1.14692E+16,5.17596E+16
211235,15,0,85,370,2018,10,12,4,3,5,2,0,1,1,0,0,0,0,0,6.22793E+20,5.74503E+21,1.07825E+16,5.18426E+16
211236,15,0,85,370,2018,10,7,4,3,5,3,0,0,1,0,0,0,0,0,6.24772E+20,5.74582E+21,1.08115E+16,5.18492E+16
211237,15,0,3,0,2018,9,19,6,3,5,3,2,0,1,0,0,0,0,0,6.78574E+20,5.77682E+21,1.1608E+16,5.21131E+16
211238,15,0,85,235,2018,10,15,4,3,6,6,0,1,0,1,0,0,0,0,6.48561E+20,5.7397E+21,1.1154E+16,5.17884E+16
211239,15,0,90,535,2018,10,15,6,3,1,6,0,0,1,0,0,0,0,0,6.91793E+20,5.83248E+21,1.18326E+16,5.26084E+16
211240,15,0,3,0,2018,10,7,3,3,1,2,0,0,1,0,0,0,0,0,6.8006E+20,5.78277E+21,1.16328E+16,5.2166E+16
211241,15,0,3,0,2018,9,12,6,3,5,3,0,0,1,0,1,0,0,0,6.83379E+20,5.78022E+21,1.16799E+16,5.2142E+16
211242,15,0,3,0,2018,9,20,6,2,4,2,2,0,1,0,1,0,0,0,6.82486E+20,5.78291E+21,1.16683E+16,5.21664E+16
211243,15,0,3,0,2018,10,7,6,3,5,3,2,1,1,0,0,0,0,1,6.82454E+20,5.77373E+21,1.16629E+16,5.2084E+16
211244,15,0,2,0,2018,10,15,3,3,5,3,0,1,1,0,0,0,0,0,7.00685E+20,5.7108E+21,1.18923E+16,5.15126E+16
211245,15,0,85,370,2018,9,15,6,3,8,1,0,0,1,0,0,0,0,0,6.23715E+20,5.74605E+21,1.07962E+16,5.18515E+16
211246,15,0,85,190,2018,9,13,6,2,7,4,0,0,1,1,0,0,0,0,6.16114E+20,5.7473E+21,1.06863E+16,5.18643E+16
211247,15,0,87,15,2018,10,5,3,2,4,1,2,0,1,0,0,0,0,0,6.66039E+20,5.6978E+21,1.13874E+16,5.14071E+16
211248,15,0,88,220,2018,9,18,5,3,1,6,0,0,1,0,0,0,0,0,7.07545E+20,5.69388E+21,1.19811E+16,5.13582E+16
211249,15,0,2,0,2018,9,9,5,3,1,5,0,0,1,0,1,0,0,0,7.06255E+20,5.70667E+21,1.197E+16,5.14735E+16
211250,15,0,2,0,2018,10,5,3,3,6,2,2,0,1,1,0,0,0,0,6.9979E+20,5.70986E+21,1.18788E+16,5.15045E+16
211251,15,0,3,0,2018,10,10,6,3,0,6,0,0,0,0,0,0,1,1,6.79444E+20,5.77595E+21,1.16202E+16,5.21049E+16
211252,15,0,2,0,2018,10,8,3,3,5,7,0,0,1,0,0,0,0,0,7.05711E+20,5.7079E+21,1.19629E+16,5.14848E+16
211253,15,0,84,550,2018,9,8,5,3,6,4,0,0,0,1,1,0,0,0,7.07782E+20,5.67812E+21,1.19753E+16,5.12166E+16
211254,15,0,2,0,2018,10,14,3,3,5,3,0,0,1,0,1,0,0,0,7.05572E+20,5.70478E+21,1.19591E+16,5.14568E+16
211255,15,0,3,0,2018,10,11,6,3,5,3,0,1,1,0,0,0,0,1,6.80777E+20,5.77945E+21,1.16415E+16,5.2136E+16
211256,15,0,84,550,2018,10,6,3,3,0,1,2,1,0,0,0,0,0,0,7.08008E+20,5.67591E+21,1.19772E+16,5.11967E+16
211257,15,0,82,430,2018,9,18,5,3,3,5,0,1,1,0,0,0,0,0,7.11952E+20,5.76201E+21,1.20856E+16,5.19683E+16
211258,15,0,82,180,2018,9,14,5,3,5,3,0,0,1,0,0,0,0,0,7.06178E+20,5.73781E+21,1.19872E+16,5.17532E+16
211259,15,0,84,355,2018,10,15,3,3,0,1,0,0,0,0,1,0,0,1,6.98116E+20,5.66986E+21,1.18325E+16,5.11459E+16
211260,15,0,82,180,2018,9,6,5,3,5,3,1,1,1,0,0,0,0,0,7.05216E+20,5.73735E+21,1.1973E+16,5.17494E+16
211261,15,0,90,415,2018,9,7,5,3,0,7,0,1,0,0,0,0,1,0,6.87343E+20,5.85757E+21,1.17813E+16,5.28352E+16
211262,15,0,91,20,2018,10,10,3,3,0,7,0,0,1,1,0,0,0,0,7.58379E+20,5.73986E+21,1.27435E+16,5.175E+16
211263,15,0,2,0,2018,10,13,5,3,5,3,0,0,1,0,0,0,0,0,7.08018E+20,5.70861E+21,1.19965E+16,5.14903E+16
211264,15,0,89,15,2018,9,19,5,2,5,3,1,1,1,0,0,0,0,0,6.70046E+20,5.73724E+21,1.1464E+16,5.17602E+16
211265,15,0,86,15,2018,9,18,5,3,7,7,1,0,1,0,0,0,0,0,6.97091E+20,5.79446E+21,1.18883E+16,5.22652E+16
211266,15,0,91,110,2018,10,13,3,3,0,6,0,1,1,0,0,0,0,0,7.38504E+20,5.73584E+21,1.24534E+16,5.17227E+16
211267,15,0,2,0,2018,10,22,5,3,9,1,2,0,1,0,1,0,0,1,7.06446E+20,5.70325E+21,1.19708E+16,5.14428E+16
211268,15,0,89,55,2018,10,10,3,3,6,2,0,0,1,1,0,0,0,0,6.90929E+20,5.75485E+21,1.1776E+16,5.19116E+16
211269,15,0,85,135,2018,9,17,5,3,3,6,0,1,1,0,0,0,0,0,6.40235E+20,5.75015E+21,1.10376E+16,5.18844E+16
211270,15,0,89,75,2018,10,18,3,2,6,4,1,0,1,1,0,0,0,0,6.67145E+20,5.75777E+21,1.14319E+16,5.19455E+16
211271,15,0,86,40,2018,10,16,3,3,1,3,0,1,1,0,0,0,0,0,7.15149E+20,5.81073E+21,1.2163E+16,5.24044E+16
211272,15,0,87,205,2018,9,20,4,3,2,6,2,0,1,0,0,0,0,0,6.72551E+20,5.71522E+21,1.14894E+16,5.15616E+16
211273,15,0,2,0,2018,9,7,4,3,2,2,0,0,1,0,0,0,0,0,7.07085E+20,5.70751E+21,1.19824E+16,5.14808E+16
211274,15,0,2,0,2018,10,11,2,3,3,6,0,1,1,0,0,0,0,0,7.05925E+20,5.70725E+21,1.19656E+16,5.14789E+16
211275,15,0,2,0,2018,10,19,2,3,2,6,2,0,1,0,0,0,0,0,7.03426E+20,5.70681E+21,1.19294E+16,5.14758E+16
211276,15,0,2,0,2018,9,7,4,3,3,3,0,0,1,0,0,0,0,0,7.0566E+20,5.70477E+21,1.19603E+16,5.14567E+16
211277,15,0,2,0,2018,10,13,2,3,3,5,0,0,1,0,1,0,0,0,7.06197E+20,5.70743E+21,1.19696E+16,5.14804E+16
211278,15,0,1,0,2018,10,12,2,3,0,3,0,0,1,0,0,0,1,0,7.23688E+20,5.74744E+21,1.22467E+16,5.18329E+16
211279,15,0,2,0,2018,9,16,4,3,5,3,0,1,1,0,0,0,0,0,7.06999E+20,5.70484E+21,1.19796E+16,5.14569E+16
211280,15,0,2,0,2018,9,18,4,3,5,3,0,1,1,0,0,0,0,0,7.07204E+20,5.70463E+21,1.19825E+16,5.14549E+16
211281,15,0,90,535,2018,10,14,2,3,5,3,0,1,1,0,0,0,0,0,6.94502E+20,5.83221E+21,1.18724E+16,5.2605E+16
211282,15,0,89,30,2018,10,14,2,3,5,3,0,1,1,0,0,0,0,0,6.87757E+20,5.7428E+21,1.17234E+16,5.18045E+16
211283,15,0,84,13,2018,9,7,4,3,4,6,0,0,1,0,0,0,1,0,7.07877E+20,5.66426E+21,1.19687E+16,5.10921E+16
211284,15,0,2,0,2018,9,10,4,3,5,3,0,0,0,0,1,0,1,0,7.01773E+20,5.70611E+21,1.19052E+16,5.14701E+16
211285,15,0,3,0,2018,10,15,2,3,5,3,0,0,1,0,0,0,0,0,6.77537E+20,5.7758E+21,1.15923E+16,5.21042E+16
211286,15,0,1,0,2018,9,13,4,2,4,2,0,0,1,0,1,0,0,0,7.23913E+20,5.74338E+21,1.22473E+16,5.17964E+16
211287,15,0,82,15,2018,9,7,4,2,0,7,0,0,1,0,0,0,1,0,7.28197E+20,5.72574E+21,1.22978E+16,5.16363E+16
211288,15,0,81,135,2018,10,6,2,3,5,7,2,1,1,0,0,0,0,0,6.62746E+20,5.82208E+21,1.1399E+16,5.25245E+16
211289,15,0,2,0,2018,10,12,1,3,5,5,0,0,1,0,1,0,0,0,7.0589E+20,5.70881E+21,1.1966E+16,5.14929E+16
211290,15,0,89,30,2018,9,16,4,2,5,3,0,1,1,0,0,0,0,0,6.88287E+20,5.74085E+21,1.173E+16,5.17867E+16
211291,15,0,90,225,2018,10,16,1,2,5,2,0,0,1,0,1,0,0,0,7.16706E+20,5.86092E+21,1.22187E+16,5.28544E+16
211292,15,0,89,15,2018,10,13,1,3,0,1,0,0,0,0,1,0,0,0,6.73747E+20,5.73418E+21,1.15161E+16,5.17316E+16
211293,15,0,3,0,2018,9,6,4,3,5,7,1,1,0,0,0,1,0,0,6.80242E+20,5.77936E+21,1.16337E+16,5.21353E+16
211294,15,0,3,0,2018,9,14,4,3,1,5,0,1,1,0,0,0,0,0,6.78117E+20,5.78091E+21,1.16035E+16,5.215E+16
211295,15,0,3,0,2018,10,15,1,3,2,6,0,0,1,0,0,0,0,0,6.7999E+20,5.77985E+21,1.16303E+16,5.21398E+16
211296,15,0,85,40,2018,9,14,4,2,2,2,0,0,1,0,1,0,0,0,6.55397E+20,5.73207E+21,1.12496E+16,5.1718E+16
211297,15,0,83,40,2018,9,14,4,3,3,3,0,0,1,0,1,0,0,0,6.79042E+20,5.78651E+21,1.16199E+16,5.21999E+16
211298,15,0,86,145,2018,10,14,1,2,0,6,0,0,1,1,0,0,0,0,6.86117E+20,5.79061E+21,1.17256E+16,5.22344E+16
211299,15,0,87,130,2018,9,22,3,2,0,1,2,1,0,0,0,0,0,0,6.76517E+20,5.7131E+21,1.15455E+16,5.15413E+16
211300,15,0,87,220,2018,9,21,3,2,0,6,2,0,0,0,1,0,1,0,6.73632E+20,5.72401E+21,1.15093E+16,5.16402E+16
211301,15,0,85,228,2018,10,15,1,2,8,6,0,1,0,0,0,0,0,0,6.16143E+20,5.73361E+21,1.06822E+16,5.17414E+16
211302,15,0,85,135,2018,10,9,1,3,0,1,0,1,0,0,0,0,0,0,6.42748E+20,5.7509E+21,1.10744E+16,5.18905E+16
211303,15,0,2,0,2018,9,7,3,3,3,2,0,0,0,0,0,1,1,0,7.07007E+20,5.70484E+21,1.19798E+16,5.14569E+16
211304,15,0,83,490,2018,10,15,1,3,4,3,0,0,1,0,0,0,0,0,6.73215E+20,5.76781E+21,1.15252E+16,5.20338E+16
211305,15,0,2,0,2018,10,21,5,3,0,1,2,1,0,0,0,0,0,1,7.06105E+20,5.70894E+21,1.19692E+16,5.14939E+16
211306,15,0,81,455,2018,10,15,1,3,5,3,0,1,1,0,0,0,0,0,6.44669E+20,5.85802E+21,1.11485E+16,5.28524E+16
211307,15,0,2,0,2018,9,16,3,3,2,6,0,0,1,0,1,0,0,0,7.09099E+20,5.7079E+21,1.20116E+16,5.14835E+16
211308,15,0,2,0,2018,9,8,3,3,6,7,0,0,1,1,0,0,0,0,7.06806E+20,5.70706E+21,1.19782E+16,5.14769E+16
211309,15,0,87,220,2018,10,10,7,2,5,3,0,0,1,0,1,0,0,0,6.73733E+20,5.72369E+21,1.15106E+16,5.16373E+16
211310,15,0,2,0,2018,9,15,3,3,4,6,0,1,0,0,0,0,0,0,7.04764E+20,5.70503E+21,1.19476E+16,5.14594E+16
211311,15,0,82,430,2018,9,16,3,3,5,7,0,1,0,0,0,0,0,0,7.1207E+20,5.76223E+21,1.20874E+16,5.19702E+16
211312,15,0,91,375,2018,10,17,7,3,3,2,0,0,1,0,1,0,0,0,7.5017E+20,5.75248E+21,1.26339E+16,5.18669E+16
211313,15,0,2,0,2018,10,15,5,3,0,7,0,1,0,0,0,0,0,0,7.02986E+20,5.70797E+21,1.19237E+16,5.14864E+16
211314,15,0,82,15,2018,10,20,7,3,5,3,2,1,1,0,0,0,0,0,7.28516E+20,5.7227E+21,1.23004E+16,5.16089E+16
211315,15,0,1,0,2018,9,20,3,2,1,6,2,1,1,0,0,0,0,0,7.21209E+20,5.74775E+21,1.2211E+16,5.18367E+16
211316,15,0,3,0,2018,10,9,7,3,4,2,0,1,1,0,0,0,0,0,6.80086E+20,5.77639E+21,1.16298E+16,5.21086E+16
211317,15,0,2,0,2018,10,15,5,3,6,4,0,0,1,1,0,0,0,0,7.06697E+20,5.70606E+21,1.1976E+16,5.14679E+16