OBJECTID_1,ULAND,UREGBEZ,UKREIS,UGEMEINDE,UJAHR,UMONAT,USTUNDE,UWOCHENTAG,UKATEGORIE,UART,UTYP1,ULICHTVERH,IstRad,IstPKW,IstFuss,IstKrad,IstGkfz,IstSonstig,STRZUSTAND,LINREFX,LINREFY,XGCSWGS84,YGCSWGS84
211318,15,0,2,0,2018,10,11,6,3,5,3,0,1,1,0,0,0,0,0,7.05649E+20,5.70847E+21,1.19623E+16,5.14899E+16
211319,15,0,89,305,2018,9,6,3,3,5,3,1,0,1,0,1,0,0,0,6.88403E+20,5.76622E+21,1.17455E+16,5.20146E+16
211320,15,0,2,0,2018,10,11,6,3,2,6,0,0,1,0,0,0,0,0,7.04317E+20,5.71039E+21,1.19443E+16,5.15077E+16
211321,15,0,89,30,2018,9,5,3,3,5,3,2,1,1,0,0,0,0,0,6.89449E+20,5.7413E+21,1.17471E+16,5.17905E+16
211322,15,0,2,0,2018,10,8,6,3,6,4,0,1,0,1,0,0,0,0,7.06264E+20,5.70728E+21,1.19705E+16,5.1479E+16
211323,15,0,2,0,2018,10,14,6,3,2,6,0,0,1,0,0,0,0,0,7.08699E+20,5.7091E+21,1.20066E+16,5.14945E+16
211324,15,0,3,0,2018,9,16,3,3,5,3,0,1,1,0,0,0,0,0,6.8152E+20,5.77989E+21,1.16526E+16,5.21397E+16
211325,15,0,3,0,2018,9,7,3,3,5,2,0,1,1,0,0,0,0,0,6.77239E+20,5.78023E+21,1.15903E+16,5.21441E+16
211326,15,0,91,375,2018,10,15,6,3,5,3,0,0,1,0,0,0,1,0,7.45067E+20,5.75439E+21,1.25613E+16,5.18863E+16
211327,15,0,86,140,2018,9,14,3,3,5,3,0,1,1,0,0,0,0,0,7.02173E+20,5.78097E+21,1.19546E+16,5.21422E+16
211328,15,0,83,270,2018,9,22,3,3,6,4,2,0,1,1,0,0,0,0,6.63388E+20,5.7949E+21,1.13951E+16,5.22801E+16
211329,15,0,1,0,2018,10,10,6,3,5,2,0,1,1,0,0,0,0,0,7.21356E+20,5.74858E+21,1.22136E+16,5.18441E+16
211330,15,0,82,440,2018,10,13,6,3,1,6,0,0,1,0,0,0,0,0,7.17607E+20,5.71929E+21,1.2141E+16,5.15826E+16
211331,15,0,88,20,2018,9,8,2,3,5,3,0,0,1,0,0,0,1,0,7.14133E+20,5.68696E+21,1.20714E+16,5.12936E+16
211332,15,0,90,415,2018,10,19,6,3,5,7,1,0,1,0,1,0,0,0,6.85489E+20,5.85183E+21,1.17505E+16,5.27843E+16
211333,15,0,89,305,2018,10,11,6,3,5,3,0,1,1,0,0,0,0,0,6.8737E+20,5.76464E+21,1.17296E+16,5.20008E+16
211334,15,0,88,205,2018,9,17,2,3,2,6,0,0,1,0,0,0,0,1,7.09002E+20,5.69106E+21,1.20003E+16,5.13324E+16
211335,15,0,87,130,2018,9,19,2,2,0,6,1,1,0,0,0,0,1,0,6.77693E+20,5.71034E+21,1.15611E+16,5.15162E+16
211336,15,0,89,30,2018,10,14,6,3,1,3,0,1,0,0,0,1,0,0,6.89757E+20,5.74216E+21,1.1752E+16,5.17981E+16
211337,15,0,3,0,2018,10,13,6,3,1,5,0,0,1,0,1,0,0,0,6.80958E+20,5.77935E+21,1.16441E+16,5.21349E+16
211338,15,0,2,0,2018,9,15,2,3,1,6,0,0,1,0,0,0,1,0,7.08603E+20,5.70723E+21,1.20041E+16,5.14777E+16
211339,15,0,3,0,2018,10,13,6,3,3,2,0,1,0,0,0,0,1,0,6.78947E+20,5.77802E+21,1.16141E+16,5.21237E+16
211340,15,0,2,0,2018,9,16,2,3,5,2,0,1,1,0,0,0,0,0,7.05427E+20,5.70753E+21,1.19586E+16,5.14816E+16
211341,15,0,2,0,2018,9,14,2,2,5,2,0,0,1,0,0,0,1,0,7.05017E+20,5.70545E+21,1.19515E+16,5.1463E+16
211342,15,0,3,0,2018,10,20,6,2,6,4,2,0,1,1,0,0,0,0,6.79759E+20,5.78278E+21,1.16284E+16,5.21662E+16
211343,15,0,2,0,2018,9,9,2,3,3,7,0,0,1,0,0,0,1,0,7.06371E+20,5.70546E+21,1.1971E+16,5.14626E+16
211344,15,0,2,0,2018,9,14,2,3,3,5,0,0,1,0,0,0,0,0,7.03821E+20,5.70772E+21,1.19356E+16,5.14839E+16
211345,15,0,81,135,2018,10,6,6,3,5,2,2,0,1,0,1,0,0,0,6.6204E+20,5.82329E+21,1.13892E+16,5.25356E+16
211346,15,0,2,0,2018,9,15,2,3,5,3,0,0,1,0,0,0,0,1,7.06746E+20,5.70598E+21,1.19767E+16,5.14672E+16
211347,15,0,2,0,2018,9,6,2,3,6,4,0,0,1,1,0,0,0,0,7.02157E+20,5.71114E+21,1.19136E+16,5.15151E+16
211348,15,0,1,0,2018,10,17,5,3,5,2,0,1,1,0,0,0,0,0,7.23255E+20,5.74578E+21,1.22393E+16,5.18182E+16
211349,15,0,85,330,2018,10,16,5,3,0,1,0,1,0,0,0,0,0,0,6.41175E+20,5.7352E+21,1.10452E+16,5.17499E+16
211350,15,0,91,375,2018,9,13,2,3,4,2,0,1,1,0,0,0,0,0,7.50625E+20,5.75295E+21,1.26408E+16,5.18709E+16
211351,15,0,83,130,2018,10,17,5,3,8,1,0,0,1,0,0,0,1,0,6.76868E+20,5.79785E+21,1.15941E+16,5.23025E+16
211352,15,0,3,0,2018,10,15,4,3,5,3,0,0,1,0,0,0,0,0,6.80568E+20,5.78184E+21,1.16397E+16,5.21574E+16
211353,15,0,1,0,2018,9,10,2,3,2,7,0,1,1,0,0,0,0,0,7.23571E+20,5.74459E+21,1.22432E+16,5.18074E+16
211354,15,0,82,15,2018,9,19,2,3,5,3,0,0,1,0,0,0,0,0,7.29857E+20,5.72419E+21,1.23207E+16,5.16217E+16
211355,15,0,88,205,2018,10,13,4,3,3,6,0,0,1,0,0,1,0,0,7.21148E+20,5.69326E+21,1.21758E+16,5.13475E+16
211356,15,0,2,0,2018,10,15,4,2,0,1,0,1,0,0,0,0,0,0,7.06055E+20,5.70861E+21,1.19683E+16,5.1491E+16
211357,15,0,90,535,2018,9,15,2,3,2,2,0,0,1,0,0,0,0,0,6.94119E+20,5.8315E+21,1.18664E+16,5.25988E+16
211358,15,0,89,310,2018,9,10,2,3,1,2,0,0,1,0,0,1,0,0,6.77709E+20,5.74779E+21,1.15803E+16,5.18526E+16
211359,15,0,84,355,2018,10,15,4,3,2,6,0,0,1,0,1,0,0,0,6.97131E+20,5.6711E+21,1.18191E+16,5.11573E+16
211360,15,0,3,0,2018,9,17,2,3,1,6,0,0,1,0,0,0,0,0,6.80501E+20,5.77912E+21,1.16373E+16,5.21331E+16
211361,15,0,3,0,2018,9,6,2,3,2,6,1,0,1,0,0,1,0,1,6.80258E+20,5.77778E+21,1.16331E+16,5.21211E+16
211362,15,0,1,0,2018,10,13,4,2,9,1,0,0,1,0,0,0,0,0,7.20207E+20,5.74674E+21,1.21958E+16,5.18281E+16
211363,15,0,82,15,2018,10,12,4,3,6,4,0,0,1,1,0,0,0,0,7.29045E+20,5.72194E+21,1.23075E+16,5.16018E+16
211364,15,0,3,0,2018,9,7,2,3,5,2,0,1,0,0,0,0,1,0,6.79527E+20,5.77479E+21,1.16208E+16,5.20945E+16
211365,15,0,82,180,2018,12,14,2,3,5,3,0,0,1,0,0,0,0,1,7.05516E+20,5.73809E+21,1.19778E+16,5.17559E+16
211366,15,0,89,305,2018,11,10,2,3,5,2,0,1,0,0,0,1,0,0,6.86918E+20,5.76569E+21,1.17236E+16,5.20104E+16
211367,15,0,82,5,2018,12,13,2,2,5,3,0,0,1,0,0,0,0,0,7.09583E+20,5.74867E+21,1.2043E+16,5.18494E+16
211368,15,0,85,55,2018,12,11,2,3,6,7,0,0,1,1,0,0,0,0,6.34541E+20,5.74099E+21,1.09514E+16,5.18036E+16
211369,15,0,89,30,2018,11,7,2,3,5,3,0,1,1,0,0,0,0,0,6.89366E+20,5.74123E+21,1.17458E+16,5.17899E+16
211370,15,0,3,0,2018,11,15,2,3,2,6,0,0,1,0,0,0,0,0,6.80364E+20,5.77979E+21,1.16357E+16,5.21391E+16
211371,15,0,90,535,2018,12,15,2,3,0,7,0,0,1,1,0,0,0,0,6.93333E+20,5.83135E+21,1.18547E+16,5.25977E+16
211372,15,0,86,15,2018,11,15,2,3,5,3,0,1,1,0,0,0,0,0,6.9432E+20,5.79461E+21,1.18479E+16,5.22675E+16
211373,15,0,85,235,2018,11,10,2,3,8,1,0,0,0,0,1,0,0,0,6.49677E+20,5.73941E+21,1.117E+16,5.17855E+16
211374,15,0,89,15,2018,12,15,2,3,7,4,0,0,1,1,0,0,0,0,6.69277E+20,5.73697E+21,1.14528E+16,5.1758E+16
211375,15,0,89,30,2018,12,9,2,2,2,6,0,0,1,0,0,1,0,1,6.8889E+20,5.74335E+21,1.17401E+16,5.1809E+16
211376,15,0,85,235,2018,11,10,2,3,5,2,0,1,1,0,0,0,0,0,6.47826E+20,5.73907E+21,1.11431E+16,5.17829E+16
211377,15,0,89,305,2018,12,16,2,3,4,2,1,1,1,0,0,0,0,0,6.87316E+20,5.76534E+21,1.17292E+16,5.2007E+16
211378,15,0,86,5,2018,12,7,2,2,6,4,0,0,1,1,0,0,0,1,6.87958E+20,5.78388E+21,1.17488E+16,5.21734E+16
211379,15,0,83,40,2018,11,16,2,3,4,1,0,1,1,0,0,0,0,0,6.78953E+20,5.78691E+21,1.16188E+16,5.22035E+16
211380,15,0,89,310,2018,11,15,1,1,8,1,0,0,0,0,1,0,0,0,6.74304E+20,5.75058E+21,1.15324E+16,5.18787E+16
211381,15,0,86,15,2018,12,15,2,3,8,7,0,0,1,0,0,0,0,1,6.97938E+20,5.79209E+21,1.18993E+16,5.22436E+16
211382,15,0,81,455,2018,11,5,1,3,8,1,2,0,1,0,0,0,0,1,6.45616E+20,5.85787E+21,1.11625E+16,5.28508E+16
211383,15,0,1,0,2018,11,17,7,3,6,4,2,0,1,1,0,0,0,0,7.23298E+20,5.74625E+21,1.22403E+16,5.18224E+16
211384,15,0,83,415,2018,12,8,2,3,5,3,0,1,1,0,0,0,0,1,6.52857E+20,5.76734E+21,1.12285E+16,5.20355E+16
211385,15,0,84,355,2018,12,18,3,3,5,3,2,1,1,0,0,0,0,0,6.95396E+20,5.67138E+21,1.17945E+16,5.11605E+16
211386,15,0,90,535,2018,11,10,7,3,5,2,0,1,1,0,0,0,0,0,6.92614E+20,5.83267E+21,1.18448E+16,5.26098E+16
211387,15,0,89,305,2018,12,17,3,3,5,2,1,0,1,0,0,0,0,0,6.8746E+20,5.76417E+21,1.17307E+16,5.19965E+16
211388,15,0,3,0,2018,11,19,7,3,4,2,2,1,1,0,0,0,0,0,6.77288E+20,5.77586E+21,1.15887E+16,5.21048E+16
211389,15,0,83,390,2018,12,15,2,3,5,3,0,0,1,0,0,0,0,0,6.73831E+20,5.79252E+21,1.15468E+16,5.22556E+16
211390,15,0,81,455,2018,12,12,2,3,5,3,0,1,1,0,0,0,0,0,6.45499E+20,5.85788E+21,1.11608E+16,5.2851E+16
211391,15,0,3,0,2018,11,18,7,3,8,7,2,0,0,0,1,0,0,0,6.80124E+20,5.7752E+21,1.16298E+16,5.2098E+16
211392,15,0,88,220,2018,12,4,1,3,6,6,2,1,0,1,0,0,0,0,7.0852E+20,5.694E+21,1.19951E+16,5.1359E+16
211393,15,0,3,0,2018,11,10,7,3,3,3,0,1,1,0,0,0,0,0,6.79999E+20,5.78129E+21,1.16312E+16,5.21527E+16
211394,15,0,87,370,2018,12,19,1,3,0,1,2,1,0,0,0,0,0,1,6.599E+20,5.70599E+21,1.13029E+16,5.14825E+16
211395,15,0,81,455,2018,11,19,7,3,5,3,2,1,1,0,0,0,0,1,6.45361E+20,5.85742E+21,1.11585E+16,5.28469E+16
211396,15,0,2,0,2018,12,2,1,3,6,4,2,0,0,1,0,0,1,0,7.05888E+20,5.70857E+21,1.19658E+16,5.14907E+16
211397,15,0,81,455,2018,11,9,7,3,0,2,0,0,1,0,1,0,0,1,6.45482E+20,5.85756E+21,1.11604E+16,5.28481E+16
211398,15,0,91,110,2018,12,17,1,3,1,2,2,0,1,0,0,0,0,1,7.38115E+20,5.73701E+21,1.24485E+16,5.17334E+16
211399,15,0,84,315,2018,12,15,7,3,0,7,0,1,1,0,0,0,0,0,7.19551E+20,5.68357E+21,1.21469E+16,5.12611E+16
211400,15,0,88,220,2018,11,7,6,3,5,3,0,1,1,0,0,0,0,0,7.08572E+20,5.69222E+21,1.19948E+16,5.13429E+16
211401,15,0,86,15,2018,12,9,7,3,5,3,0,1,0,0,0,0,1,0,6.94846E+20,5.79472E+21,1.18556E+16,5.22683E+16
211402,15,0,2,0,2018,11,6,6,3,6,4,0,0,1,1,0,0,0,0,7.03864E+20,5.70702E+21,1.19358E+16,5.14775E+16
211403,15,0,88,220,2018,11,13,6,3,5,3,0,0,1,0,0,0,0,1,7.08113E+20,5.69503E+21,1.19899E+16,5.13683E+16
211404,15,0,2,0,2018,11,20,6,2,6,2,2,0,1,1,0,0,0,1,7.01881E+20,5.70712E+21,1.19074E+16,5.14791E+16
211405,15,0,90,546,2018,11,15,6,3,8,1,0,0,1,0,0,0,0,0,6.9022E+20,5.81293E+21,1.17982E+16,5.24334E+16
211406,15,0,90,535,2018,11,9,6,3,0,1,0,0,0,0,1,0,0,1,6.92452E+20,5.83099E+21,1.18415E+16,5.25948E+16
211407,15,0,1,0,2018,11,17,6,3,6,7,2,0,1,1,0,0,0,0,7.23741E+20,5.7473E+21,1.22474E+16,5.18316E+16
211408,15,0,3,0,2018,11,15,6,3,3,2,0,1,1,0,0,0,0,0,6.80951E+20,5.77594E+21,1.16422E+16,5.21043E+16
211409,15,0,3,0,2018,11,19,6,3,5,2,2,1,0,0,0,0,1,1,6.81364E+20,5.77853E+21,1.16496E+16,5.21275E+16
211410,15,0,82,180,2018,11,21,6,3,2,6,2,0,1,0,0,0,0,1,7.05749E+20,5.73755E+21,1.19809E+16,5.1751E+16
211411,15,0,89,30,2018,11,15,6,2,5,3,0,0,1,0,0,0,0,1,6.94134E+20,5.74004E+21,1.18142E+16,5.17775E+16
211412,15,0,86,40,2018,11,10,6,3,5,3,0,1,1,0,0,0,0,0,7.14849E+20,5.81098E+21,1.21587E+16,5.24068E+16
211413,15,0,89,30,2018,11,14,6,3,5,3,0,1,1,0,0,0,0,1,6.89431E+20,5.7411E+21,1.17467E+16,5.17886E+16
211414,15,0,3,0,2018,11,17,6,3,6,2,2,0,1,1,0,0,0,1,6.76764E+20,5.78159E+21,1.15841E+16,5.21565E+16
211415,15,0,85,135,2018,11,7,6,3,5,3,0,1,1,0,0,0,0,0,6.40857E+20,5.75151E+21,1.10472E+16,5.18965E+16
211416,15,0,2,0,2018,11,10,5,3,5,3,0,1,1,0,0,0,0,0,7.05652E+20,5.70372E+21,1.19596E+16,5.14472E+16
211417,15,0,3,0,2018,11,11,6,3,1,6,0,0,1,0,0,0,0,1,6.81599E+20,5.77502E+21,1.16512E+16,5.20959E+16
211418,15,0,2,0,2018,11,7,5,3,6,4,0,1,0,1,0,0,0,0,7.05753E+20,5.70889E+21,1.19641E+16,5.14937E+16
211419,15,0,2,0,2018,11,18,5,3,3,5,2,1,1,0,0,0,0,0,7.05744E+20,5.70429E+21,1.19613E+16,5.14524E+16
211420,15,0,3,0,2018,11,7,6,3,5,3,1,1,1,0,0,0,0,0,6.82577E+20,5.77848E+21,1.16673E+16,5.21266E+16
211421,15,0,2,0,2018,11,10,5,3,2,6,0,0,1,0,0,0,0,0,7.06602E+20,5.70859E+21,1.19761E+16,5.14906E+16
211422,15,0,2,0,2018,11,12,5,3,5,2,0,0,1,0,0,0,1,0,7.0536E+20,5.70599E+21,1.19567E+16,5.14677E+16
211423,15,0,3,0,2018,11,18,6,3,6,2,2,0,1,1,0,0,0,1,6.80066E+20,5.78279E+21,1.16329E+16,5.21662E+16
211424,15,0,3,0,2018,12,9,3,3,3,3,0,1,1,0,0,0,0,0,6.80664E+20,5.77979E+21,1.16401E+16,5.2139E+16
211425,15,0,88,220,2018,11,20,5,1,8,1,2,0,0,0,1,0,0,0,7.07506E+20,5.69389E+21,1.19805E+16,5.13583E+16
211426,15,0,82,5,2018,11,15,5,3,5,2,0,0,1,0,0,0,0,0,7.09287E+20,5.74935E+21,1.20392E+16,5.18556E+16
211427,15,0,88,220,2018,11,18,5,3,6,2,2,0,1,1,0,0,0,0,7.07703E+20,5.69539E+21,1.19842E+16,5.13717E+16
211428,15,0,88,220,2018,11,15,5,3,5,3,0,0,1,0,0,0,0,0,7.07286E+20,5.69385E+21,1.19773E+16,5.1358E+16
211429,15,0,90,535,2018,11,13,5,3,5,3,0,1,1,0,0,0,0,0,6.92878E+20,5.83108E+21,1.18478E+16,5.25955E+16
211430,15,0,3,0,2018,11,13,5,3,5,2,0,1,1,0,0,0,0,0,6.76459E+20,5.77516E+21,1.15763E+16,5.20988E+16
211431,15,0,87,370,2018,11,16,5,3,5,3,0,0,1,0,0,0,0,0,6.60268E+20,5.70618E+21,1.13082E+16,5.1484E+16
211432,15,0,82,180,2018,12,10,3,3,0,5,0,1,1,0,0,0,0,0,7.05302E+20,5.73743E+21,1.19743E+16,5.17501E+16
211433,15,0,3,0,2018,11,7,5,3,1,6,0,0,1,0,0,0,1,0,6.81706E+20,5.78104E+21,1.16559E+16,5.215E+16
211434,15,0,85,370,2018,12,15,3,3,5,3,0,0,1,0,0,0,0,0,6.20809E+20,5.74665E+21,1.07543E+16,5.18575E+16
211435,15,0,3,0,2018,11,7,5,3,5,3,0,1,1,0,0,0,0,0,6.79809E+20,5.77769E+21,1.16265E+16,5.21204E+16
211436,15,0,2,0,2018,11,11,5,3,5,2,0,1,1,0,0,0,0,0,7.03988E+20,5.70803E+21,1.19382E+16,5.14866E+16
211437,15,0,2,0,2018,11,13,5,3,0,1,0,1,0,0,0,0,0,0,7.05995E+20,5.70768E+21,1.19669E+16,5.14827E+16
211438,15,0,86,80,2018,11,19,5,2,1,5,2,0,0,0,1,0,1,0,7.17002E+20,5.81333E+21,1.21918E+16,5.2427E+16
211439,15,0,3,0,2018,11,16,5,3,1,5,2,0,1,0,0,1,0,0,6.80055E+20,5.77553E+21,1.16289E+16,5.21009E+16
211440,15,0,2,0,2018,11,8,4,2,6,2,0,0,1,1,0,0,0,0,7.06137E+20,5.70932E+21,1.19699E+16,5.14974E+16
211441,15,0,3,0,2018,11,12,5,3,5,3,0,0,1,0,0,0,0,0,6.80539E+20,5.78023E+21,1.16385E+16,5.21431E+16
211442,15,0,3,0,2018,11,20,5,3,6,4,2,0,1,1,0,0,0,0,6.76107E+20,5.7808E+21,1.15741E+16,5.21496E+16
211443,15,0,3,0,2018,11,2,5,2,0,6,2,1,0,0,0,0,0,0,6.79387E+20,5.77903E+21,1.1621E+16,5.21326E+16
211444,15,0,85,135,2018,11,7,5,3,5,2,2,1,1,0,0,0,0,0,6.39971E+20,5.75216E+21,1.10346E+16,5.19026E+16
211445,15,0,2,0,2018,11,11,4,3,6,7,0,0,1,1,0,0,0,0,7.07227E+20,5.70419E+21,1.19825E+16,5.14509E+16
211446,15,0,1,0,2018,11,18,4,3,5,3,2,0,1,0,0,0,0,0,7.21456E+20,5.74607E+21,1.22135E+16,5.18215E+16
211447,15,0,2,0,2018,11,12,4,2,4,6,0,0,1,0,0,0,1,0,7.0186E+20,5.7114E+21,1.19095E+16,5.15176E+16
211448,15,0,89,305,2018,12,12,3,3,5,3,0,1,1,0,0,0,0,0,6.87316E+20,5.76534E+21,1.17292E+16,5.2007E+16
211449,15,0,89,305,2018,11,16,4,3,1,6,0,0,1,0,0,0,0,0,6.87566E+20,5.76613E+21,1.17333E+16,5.2014E+16
211450,15,0,89,15,2018,11,7,4,3,3,2,0,1,1,0,0,0,0,0,6.70153E+20,5.73664E+21,1.14653E+16,5.17548E+16
211451,15,0,91,375,2018,11,16,4,3,6,4,2,0,1,1,0,0,0,0,7.52106E+20,5.75356E+21,1.26628E+16,5.18757E+16
211452,15,0,3,0,2018,11,6,4,2,5,3,2,1,1,0,0,0,0,0,6.80656E+20,5.78088E+21,1.16405E+16,5.21488E+16
211453,15,0,89,310,2018,11,22,4,3,9,1,2,0,1,0,0,0,0,0,6.76751E+20,5.74834E+21,1.15667E+16,5.18579E+16
211454,15,0,3,0,2018,11,8,4,3,5,3,0,1,1,0,0,0,0,0,6.78674E+20,5.77906E+21,1.16106E+16,5.21331E+16
211455,15,0,3,0,2018,11,15,4,2,6,4,0,0,1,1,0,0,0,0,6.8075E+20,5.7793E+21,1.16411E+16,5.21346E+16
211456,15,0,3,0,2018,11,15,4,3,5,2,0,1,1,0,0,0,0,0,6.82597E+20,5.77875E+21,1.16677E+16,5.21291E+16
211457,15,0,3,0,2018,11,14,4,3,1,5,0,0,1,0,0,0,0,0,6.7918E+20,5.77604E+21,1.16164E+16,5.21059E+16
211458,15,0,3,0,2018,11,16,4,2,5,2,2,0,1,0,0,0,1,0,6.80649E+20,5.7801E+21,1.164E+16,5.21419E+16
211459,15,0,85,135,2018,11,21,4,2,0,1,2,1,0,0,0,0,0,0,6.40692E+20,5.75101E+21,1.10446E+16,5.1892E+16
211460,15,0,3,0,2018,11,7,4,3,6,2,1,0,1,1,0,0,0,0,6.79346E+20,5.78131E+21,1.16216E+16,5.21531E+16
211461,15,0,85,235,2018,11,16,4,2,5,6,0,1,1,0,0,0,0,0,6.48406E+20,5.73935E+21,1.11516E+16,5.17853E+16
211462,15,0,85,135,2018,11,9,4,3,0,5,0,0,1,0,0,0,1,0,6.41133E+20,5.7517E+21,1.10513E+16,5.18982E+16
211463,15,0,85,135,2018,11,16,4,3,1,6,2,0,1,0,0,0,0,0,6.40982E+20,5.75095E+21,1.10488E+16,5.18914E+16
211464,15,0,90,535,2018,11,6,3,3,5,3,2,1,1,0,0,0,0,0,6.93876E+20,5.83093E+21,1.18624E+16,5.25938E+16
211465,15,0,3,0,2018,11,16,3,3,5,3,1,1,1,0,0,0,0,0,6.80155E+20,5.77891E+21,1.16322E+16,5.21313E+16
211466,15,0,88,319,2018,11,10,3,3,4,6,0,0,1,0,0,0,0,0,6.9366E+20,5.71034E+21,1.17909E+16,5.15109E+16
211467,15,0,3,0,2018,11,16,3,3,6,4,2,0,1,1,0,0,0,0,6.80172E+20,5.77891E+21,1.16324E+16,5.21313E+16
211468,15,0,87,470,2018,11,16,3,3,6,7,0,0,1,1,0,0,0,0,6.74288E+20,5.71068E+21,1.15122E+16,5.15203E+16
211469,15,0,91,241,2018,11,11,3,3,5,3,0,0,1,0,0,0,0,1,7.3059E+20,5.74939E+21,1.2348E+16,5.18476E+16
211470,15,0,87,470,2018,11,11,3,3,5,3,0,0,1,0,0,0,0,0,6.7386E+20,5.71087E+21,1.15061E+16,5.15222E+16
211471,15,0,3,0,2018,11,13,3,3,5,3,0,0,1,0,0,0,0,0,6.77716E+20,5.77784E+21,1.1596E+16,5.21225E+16
211472,15,0,3,0,2018,11,7,3,3,5,3,1,1,1,0,0,0,0,0,6.79905E+20,5.77616E+21,1.16271E+16,5.21067E+16
211473,15,0,2,0,2018,11,15,3,3,5,3,0,0,1,0,0,0,0,0,7.01839E+20,5.7116E+21,1.19093E+16,5.15194E+16
211474,15,0,3,0,2018,11,9,3,3,6,7,0,0,0,1,0,0,1,0,6.81458E+20,5.77883E+21,1.16511E+16,5.21301E+16
211475,15,0,86,35,2018,11,7,3,3,5,3,1,0,1,0,0,0,0,0,7.0769E+20,5.80934E+21,1.20526E+16,5.23948E+16
211476,15,0,81,455,2018,11,15,3,3,5,3,0,1,1,0,0,0,0,0,6.46034E+20,5.85711E+21,1.11684E+16,5.28439E+16
211477,15,0,91,375,2018,11,14,3,3,5,3,0,1,1,0,0,0,0,0,7.47307E+20,5.75517E+21,1.25943E+16,5.18923E+16
211478,15,0,87,15,2018,11,15,2,3,6,7,0,0,1,1,0,0,0,0,6.65915E+20,5.69748E+21,1.13854E+16,5.14042E+16
211479,15,0,2,0,2018,11,18,2,3,0,5,2,0,1,0,0,0,0,0,7.06335E+20,5.70312E+21,1.19691E+16,5.14417E+16
211480,15,0,1,0,2018,11,14,3,3,5,3,0,0,1,0,0,0,1,0,7.23244E+20,5.74605E+21,1.22394E+16,5.18206E+16
211481,15,0,82,15,2018,11,5,3,2,5,3,2,1,1,0,0,0,0,0,7.2525E+20,5.72815E+21,1.22568E+16,5.16591E+16
211482,15,0,82,15,2018,11,6,2,3,0,6,2,1,0,0,0,0,0,0,7.25449E+20,5.7297E+21,1.22607E+16,5.16729E+16
211483,15,0,82,15,2018,11,15,3,3,3,5,0,1,1,0,0,0,0,0,7.2489E+20,5.729E+21,1.22522E+16,5.16669E+16
211484,15,0,1,0,2018,11,14,3,3,5,7,0,1,0,0,0,0,1,1,7.231E+20,5.74576E+21,1.22371E+16,5.18181E+16
211485,15,0,90,535,2018,11,7,3,3,5,3,0,1,1,0,0,0,0,1,6.92932E+20,5.83233E+21,1.18493E+16,5.26066E+16
211486,15,0,82,180,2018,11,16,2,2,6,7,2,0,0,1,0,0,1,0,7.05133E+20,5.73741E+21,1.19719E+16,5.175E+16
211487,15,0,87,165,2018,12,15,2,3,3,2,0,0,1,0,0,0,0,0,6.79431E+20,5.72039E+21,1.15912E+16,5.16059E+16
211488,15,0,83,415,2018,11,10,2,3,5,2,0,1,1,0,0,0,0,0,6.52845E+20,5.76734E+21,1.12283E+16,5.20356E+16
211489,15,0,3,0,2018,11,8,3,3,1,6,0,0,1,0,0,0,0,0,6.79749E+20,5.77643E+21,1.16249E+16,5.21092E+16
211490,15,0,2,0,2018,11,12,1,3,5,3,0,1,0,0,0,0,1,0,7.02972E+20,5.71045E+21,1.1925E+16,5.15087E+16
211491,15,0,84,355,2018,11,17,1,3,2,6,2,0,1,0,0,0,0,0,6.96942E+20,5.67039E+21,1.18161E+16,5.1151E+16
211492,15,0,3,0,2018,11,18,3,3,2,5,2,1,1,0,0,0,0,0,6.7995E+20,5.77778E+21,1.16286E+16,5.21213E+16
211493,15,0,1,0,2018,11,15,3,3,5,3,0,1,1,0,0,0,0,1,7.23195E+20,5.74836E+21,1.22401E+16,5.18413E+16
211494,15,0,3,0,2018,11,8,3,3,5,3,0,1,1,0,0,0,0,0,6.77474E+20,5.78079E+21,1.1594E+16,5.21491E+16
211495,15,0,82,180,2018,11,18,1,3,1,6,2,1,1,0,0,0,0,0,7.0498E+20,5.73701E+21,1.19694E+16,5.17464E+16
211496,15,0,88,20,2018,11,16,7,3,5,3,2,1,1,0,0,0,0,0,7.13742E+20,5.68749E+21,1.20661E+16,5.12986E+16
211497,15,0,86,40,2018,11,12,3,3,4,2,0,0,1,0,0,0,0,0,7.15158E+20,5.81051E+21,1.2163E+16,5.24025E+16
211498,15,0,85,370,2018,11,19,3,3,0,7,2,1,0,0,0,0,0,0,6.23717E+20,5.74484E+21,1.07958E+16,5.18406E+16
211499,15,0,2,0,2018,11,11,7,3,1,5,0,0,1,0,0,0,1,1,7.0483E+20,5.70435E+21,1.19482E+16,5.14532E+16
211500,15,0,85,228,2018,11,12,3,2,2,6,0,0,1,0,0,1,0,0,6.2642E+20,5.73489E+21,1.08314E+16,5.17506E+16
211501,15,0,1,0,2018,11,7,3,3,2,5,0,0,1,0,0,0,0,1,7.20633E+20,5.74778E+21,1.22026E+16,5.18372E+16