OBJECTID_1,ULAND,UREGBEZ,UKREIS,UGEMEINDE,UJAHR,UMONAT,USTUNDE,UWOCHENTAG,UKATEGORIE,UART,UTYP1,ULICHTVERH,IstRad,IstPKW,IstFuss,IstKrad,IstGkfz,IstSonstig,STRZUSTAND,LINREFX,LINREFY,XGCSWGS84,YGCSWGS84
211502,15,0,2,0,2018,11,18,2,3,6,4,2,0,1,1,0,0,0,0,7.0448E+20,5.71025E+21,1.19466E+16,5.15064E+16
211503,15,0,2,0,2018,11,19,7,3,6,4,2,0,1,1,0,0,0,1,7.03476E+20,5.70683E+21,1.19301E+16,5.14759E+16
211504,15,0,2,0,2018,11,14,7,3,2,2,0,0,1,0,0,0,0,0,7.07045E+20,5.7055E+21,1.19807E+16,5.14628E+16
211505,15,0,2,0,2018,11,18,2,3,4,5,2,1,1,0,0,0,0,0,7.05843E+20,5.70914E+21,1.19655E+16,5.14958E+16
211506,15,0,91,241,2018,11,15,6,3,0,1,1,0,1,0,0,0,0,1,7.34016E+20,5.74432E+21,1.23942E+16,5.18007E+16
211507,15,0,82,256,2018,11,6,6,3,5,2,1,0,1,0,0,0,0,0,7.08653E+20,5.74223E+21,1.20257E+16,5.17919E+16
211508,15,0,2,0,2018,11,14,2,3,5,3,0,0,1,0,0,0,0,0,7.04124E+20,5.71227E+21,1.19426E+16,5.15246E+16
211509,15,0,89,305,2018,11,14,3,3,5,2,0,1,1,0,0,0,0,0,6.87547E+20,5.76608E+21,1.1733E+16,5.20136E+16
211510,15,0,2,0,2018,11,6,2,3,0,5,0,1,1,0,0,0,0,0,7.06563E+20,5.70325E+21,1.19724E+16,5.14427E+16
211511,15,0,89,305,2018,11,10,6,2,1,5,0,1,1,0,0,0,0,0,6.86555E+20,5.76446E+21,1.17177E+16,5.19994E+16
211512,15,0,2,0,2018,11,9,2,3,0,6,0,0,1,0,0,0,1,1,7.05722E+20,5.70388E+21,1.19607E+16,5.14487E+16
211513,15,0,3,0,2018,11,15,3,3,0,7,0,1,0,0,0,0,0,1,6.8144E+20,5.78046E+21,1.16517E+16,5.21448E+16
211514,15,0,84,550,2018,11,8,2,3,6,2,0,0,1,1,0,0,0,0,7.06962E+20,5.67828E+21,1.19637E+16,5.12183E+16
211515,15,0,89,235,2018,11,12,6,3,6,4,0,0,1,1,0,0,0,0,6.90906E+20,5.74672E+21,1.17711E+16,5.18386E+16
211516,15,0,91,375,2018,11,11,2,3,4,6,0,1,0,0,0,0,0,0,7.5196E+20,5.75387E+21,1.26609E+16,5.18786E+16
211517,15,0,91,375,2018,11,7,2,3,5,2,0,1,1,0,0,0,0,0,7.50118E+20,5.75254E+21,1.26332E+16,5.18675E+16
211518,15,0,3,0,2018,11,10,6,3,0,7,0,1,1,0,0,0,0,0,6.78959E+20,5.77885E+21,1.16147E+16,5.21312E+16
211519,15,0,1,0,2018,11,15,5,3,5,3,0,1,1,0,0,0,0,0,7.22948E+20,5.7457E+21,1.22349E+16,5.18176E+16
211520,15,0,89,30,2018,11,6,2,3,0,1,2,0,0,0,1,0,0,1,6.88582E+20,5.73973E+21,1.17336E+16,5.17766E+16
211521,15,0,1,0,2018,11,7,5,3,5,6,2,1,1,0,0,0,0,0,7.19563E+20,5.74557E+21,1.21857E+16,5.18177E+16
211522,15,0,89,15,2018,11,16,2,3,5,3,0,1,1,0,0,0,0,0,6.69851E+20,5.73695E+21,1.14611E+16,5.17577E+16
211523,15,0,82,180,2018,11,12,5,2,2,6,0,0,1,0,0,0,0,1,7.0398E+20,5.73812E+21,1.19556E+16,5.17568E+16
211524,15,0,89,15,2018,11,17,2,3,0,1,2,1,0,0,0,0,0,0,6.69852E+20,5.73718E+21,1.14612E+16,5.17597E+16
211525,15,0,3,0,2018,11,7,3,3,5,2,1,1,1,0,0,0,0,1,6.79178E+20,5.78193E+21,1.16195E+16,5.21588E+16
211526,15,0,90,535,2018,11,13,5,3,5,3,0,1,1,0,0,0,0,0,6.94045E+20,5.83155E+21,1.18653E+16,5.25993E+16
211527,15,0,3,0,2018,11,11,5,3,5,3,0,1,0,0,0,0,1,0,6.81364E+20,5.77853E+21,1.16496E+16,5.21275E+16
211528,15,0,85,55,2018,11,8,2,3,5,2,0,0,1,0,1,0,0,0,6.34858E+20,5.74018E+21,1.09556E+16,5.17962E+16
211529,15,0,86,15,2018,11,17,5,3,5,3,2,0,1,0,0,0,0,0,6.93784E+20,5.79523E+21,1.18404E+16,5.22732E+16
211530,15,0,2,0,2018,11,6,4,3,5,3,2,0,1,0,0,0,0,0,7.06983E+20,5.70705E+21,1.19807E+16,5.14767E+16
211531,15,0,85,55,2018,11,7,2,3,4,2,1,0,1,0,1,0,0,0,6.34686E+20,5.74018E+21,1.09531E+16,5.17962E+16
211532,15,0,85,330,2018,11,6,2,2,5,3,0,0,1,0,1,0,0,0,6.42836E+20,5.74111E+21,1.10716E+16,5.18026E+16
211533,15,0,2,0,2018,11,8,4,3,2,6,0,0,1,0,0,0,0,0,7.07716E+20,5.70306E+21,1.19889E+16,5.14406E+16
211534,15,0,81,135,2018,11,18,2,3,1,5,2,0,1,0,0,0,0,1,6.6299E+20,5.82176E+21,1.14024E+16,5.25215E+16
211535,15,0,2,0,2018,11,7,4,3,4,2,0,0,1,0,1,0,0,1,7.05884E+20,5.70767E+21,1.19653E+16,5.14827E+16
211536,15,0,90,535,2018,11,18,1,3,1,5,2,1,1,0,0,0,0,1,6.95787E+20,5.83233E+21,1.18914E+16,5.26056E+16
211537,15,0,89,305,2018,11,12,1,3,0,1,0,1,0,0,0,0,0,0,6.87172E+20,5.76545E+21,1.17272E+16,5.20081E+16
211538,15,0,2,0,2018,11,14,4,3,2,2,0,0,1,0,0,0,0,0,7.08088E+20,5.70496E+21,1.19954E+16,5.14575E+16
211539,15,0,88,205,2018,11,13,7,3,5,3,0,0,1,0,0,0,0,0,7.10655E+20,5.68731E+21,1.20218E+16,5.12981E+16
211540,15,0,3,0,2018,11,9,3,3,1,1,0,0,1,0,1,0,0,1,6.78665E+20,5.7769E+21,1.16094E+16,5.21138E+16
211541,15,0,87,130,2018,11,9,7,3,5,3,0,1,1,0,0,0,0,0,6.76137E+20,5.71157E+21,1.15393E+16,5.15277E+16
211542,15,0,84,550,2018,11,16,4,3,5,2,0,0,1,0,1,0,0,0,7.07292E+20,5.67765E+21,1.1968E+16,5.12126E+16
211543,15,0,82,430,2018,11,16,4,3,4,6,2,1,0,0,0,0,0,0,7.11645E+20,5.76069E+21,1.20803E+16,5.19566E+16
211544,15,0,91,60,2018,11,14,7,3,6,6,0,0,1,1,0,0,0,0,7.38994E+20,5.7526E+21,1.2472E+16,5.18729E+16
211545,15,0,89,310,2018,11,2,4,3,8,1,2,0,1,0,0,0,0,0,6.74215E+20,5.7506E+21,1.15311E+16,5.18789E+16
211546,15,0,3,0,2018,11,7,4,3,0,3,2,1,1,0,0,0,0,0,6.82819E+20,5.77306E+21,1.16679E+16,5.20779E+16
211547,15,0,82,15,2018,11,14,7,3,3,2,0,1,1,0,0,0,0,0,7.29684E+20,5.72424E+21,1.23183E+16,5.16222E+16
211548,15,0,3,0,2018,11,16,7,3,4,6,0,1,0,0,0,0,0,0,6.76143E+20,5.77876E+21,1.15735E+16,5.21312E+16
211549,15,0,85,135,2018,11,10,4,3,5,3,0,1,1,0,0,0,0,1,6.41539E+20,5.75014E+21,1.10565E+16,5.1884E+16
211550,15,0,3,0,2018,11,16,7,2,5,3,0,1,1,0,0,0,0,0,6.78736E+20,5.77668E+21,1.16103E+16,5.21117E+16
211551,15,0,3,0,2018,11,7,3,3,5,3,0,0,1,0,0,0,1,1,6.82118E+20,5.77862E+21,1.16607E+16,5.21281E+16
211552,15,0,3,0,2018,11,13,7,3,6,2,0,0,1,1,0,0,0,0,6.80726E+20,5.77886E+21,1.16405E+16,5.21307E+16
211553,15,0,83,298,2018,11,14,4,3,5,3,0,0,1,0,0,0,0,1,6.59849E+20,5.79055E+21,1.13413E+16,5.22421E+16
211554,15,0,83,415,2018,11,17,4,3,5,3,2,1,0,0,0,0,1,1,6.52667E+20,5.7668E+21,1.12255E+16,5.20307E+16
211555,15,0,3,0,2018,11,6,3,3,5,2,2,1,1,0,0,0,0,1,6.80374E+20,5.77664E+21,1.16342E+16,5.21108E+16
211556,15,0,84,355,2018,11,10,6,3,5,3,0,0,1,0,0,0,0,0,6.97873E+20,5.67024E+21,1.18293E+16,5.11494E+16
211557,15,0,88,220,2018,11,16,3,2,1,6,2,0,1,0,0,1,0,1,7.08636E+20,5.69163E+21,1.19954E+16,5.13376E+16
211558,15,0,2,0,2018,11,15,3,2,6,2,0,0,1,1,0,0,0,1,7.07916E+20,5.70786E+21,1.19946E+16,5.14836E+16
211559,15,0,2,0,2018,11,14,6,3,5,2,0,1,1,0,0,0,0,0,7.05606E+20,5.70756E+21,1.19612E+16,5.14817E+16
211560,15,0,1,0,2018,11,17,3,3,6,3,2,0,1,1,0,0,0,1,7.22986E+20,5.74659E+21,1.2236E+16,5.18256E+16
211561,15,0,1,0,2018,11,11,3,3,5,3,0,0,1,0,1,0,0,0,7.22103E+20,5.74451E+21,1.22219E+16,5.18073E+16
211562,15,0,89,15,2018,11,12,6,3,0,1,0,0,0,0,1,0,0,0,6.69892E+20,5.73644E+21,1.14614E+16,5.1753E+16
211563,15,0,3,0,2018,11,16,3,3,5,3,2,1,1,0,0,0,0,1,6.81611E+20,5.77846E+21,1.16532E+16,5.21268E+16
211564,15,0,89,5,2018,11,17,6,3,5,3,2,0,1,0,0,0,0,0,6.83428E+20,5.73216E+21,1.1655E+16,5.17104E+16
211565,15,0,82,180,2018,11,9,3,2,6,7,0,0,0,1,0,0,1,0,7.06187E+20,5.73715E+21,1.1987E+16,5.17472E+16
211566,15,0,83,270,2018,11,10,6,3,6,4,0,0,1,1,0,0,0,0,6.64466E+20,5.79617E+21,1.14116E+16,5.22912E+16
211567,15,0,85,190,2018,11,16,3,3,4,3,1,1,1,0,0,0,0,1,6.15473E+20,5.74764E+21,1.06771E+16,5.18676E+16
211568,15,0,2,0,2018,12,12,3,3,0,7,0,0,1,1,0,0,0,0,7.04772E+20,5.71021E+21,1.19507E+16,5.15059E+16
211569,15,0,88,20,2018,11,11,5,2,5,3,0,0,0,0,0,1,1,0,7.13997E+20,5.6873E+21,1.20697E+16,5.12967E+16
211570,15,0,82,5,2018,11,15,3,3,9,1,0,0,1,0,0,0,0,1,7.08481E+20,5.74792E+21,1.20266E+16,5.18431E+16
211571,15,0,89,165,2018,11,8,3,2,6,4,0,0,1,1,0,0,0,0,6.79165E+20,5.73975E+21,1.15973E+16,5.17799E+16
211572,15,0,87,220,2018,11,13,5,3,2,2,0,0,1,0,0,0,0,0,6.73846E+20,5.7244E+21,1.15126E+16,5.16437E+16
211573,15,0,3,0,2018,11,17,3,3,1,2,2,0,1,0,0,0,0,1,6.78405E+20,5.77797E+21,1.16061E+16,5.21234E+16
211574,15,0,3,0,2018,11,14,3,3,5,3,0,0,1,0,0,0,0,0,6.78946E+20,5.78192E+21,1.16161E+16,5.21587E+16
211575,15,0,84,550,2018,11,9,5,3,6,4,0,0,1,1,0,0,0,0,7.07589E+20,5.67622E+21,1.19714E+16,5.11996E+16
211576,15,0,81,135,2018,11,12,3,3,0,7,0,0,1,0,0,0,1,1,6.63067E+20,5.82242E+21,1.14039E+16,5.25274E+16
211577,15,0,83,490,2018,11,15,3,3,1,2,0,0,1,0,0,0,0,1,6.7706E+20,5.76998E+21,1.15824E+16,5.20521E+16
211578,15,0,88,205,2018,11,13,2,3,5,3,0,1,1,0,0,0,0,1,7.10055E+20,5.69003E+21,1.20148E+16,5.13227E+16
211579,15,0,84,550,2018,11,19,5,3,3,6,2,1,1,0,0,0,0,0,7.06614E+20,5.67622E+21,1.19575E+16,5.12E+16
211580,15,0,81,455,2018,11,15,3,2,5,3,0,0,0,0,1,0,1,0,6.44982E+20,5.85862E+21,1.11534E+16,5.28578E+16
211581,15,0,84,550,2018,11,16,5,3,6,4,0,0,1,1,0,0,0,0,7.07726E+20,5.67616E+21,1.19734E+16,5.1199E+16
211582,15,0,88,220,2018,11,10,2,3,5,3,0,1,1,0,0,0,0,1,7.08605E+20,5.69266E+21,1.19956E+16,5.13469E+16
211583,15,0,91,60,2018,11,19,5,3,8,1,2,1,0,0,0,0,0,0,7.36839E+20,5.75393E+21,1.24417E+16,5.18858E+16
211584,15,0,1,0,2018,11,16,5,3,6,6,0,1,0,1,0,0,0,0,7.23353E+20,5.74852E+21,1.22425E+16,5.18427E+16
211585,15,0,1,0,2018,11,17,2,3,4,6,2,1,0,0,0,0,0,1,7.19419E+20,5.748E+21,1.21852E+16,5.18396E+16
211586,15,0,89,305,2018,11,8,2,3,5,3,0,0,1,0,0,0,0,0,6.86839E+20,5.76503E+21,1.17221E+16,5.20045E+16
211587,15,0,82,180,2018,11,10,5,2,5,3,0,1,1,0,0,0,0,0,7.06131E+20,5.73752E+21,1.19864E+16,5.17506E+16
211588,15,0,82,180,2018,11,10,5,2,5,3,0,1,1,0,0,0,0,0,7.05525E+20,5.73743E+21,1.19775E+16,5.17501E+16
211589,15,0,3,0,2018,11,18,2,3,1,2,2,0,1,0,0,0,0,1,6.81475E+20,5.77964E+21,1.16518E+16,5.21374E+16
211590,15,0,3,0,2018,11,15,5,2,6,4,0,0,1,1,0,0,0,0,6.78408E+20,5.77798E+21,1.16062E+16,5.21235E+16
211591,15,0,88,65,2018,10,12,4,3,4,2,0,0,1,0,0,0,0,0,7.01229E+20,5.68539E+21,1.18857E+16,5.12843E+16
211592,15,0,3,0,2018,11,17,2,3,2,2,2,0,1,0,0,0,0,1,6.80614E+20,5.7798E+21,1.16393E+16,5.21392E+16
211593,15,0,3,0,2018,11,6,2,3,5,3,2,1,1,0,0,0,0,1,6.8164E+20,5.77846E+21,1.16536E+16,5.21268E+16
211594,15,0,84,550,2018,10,13,4,3,6,6,0,1,0,1,0,0,0,0,7.0611E+20,5.67605E+21,1.19502E+16,5.11986E+16
211595,15,0,84,355,2018,10,20,4,2,8,1,2,0,1,0,0,0,0,0,6.973E+20,5.67015E+21,1.1821E+16,5.11487E+16
211596,15,0,85,235,2018,11,11,2,2,5,3,0,1,1,0,0,0,0,0,6.4792E+20,5.73874E+21,1.11443E+16,5.17799E+16
211597,15,0,81,135,2018,11,9,2,2,5,3,0,1,1,0,0,0,0,1,6.62651E+20,5.8223E+21,1.13977E+16,5.25265E+16
211598,15,0,85,40,2018,10,17,4,3,6,4,2,0,1,1,0,0,0,0,6.55483E+20,5.73235E+21,1.1251E+16,5.17205E+16
211599,15,0,81,455,2018,11,13,2,3,1,5,0,1,1,0,0,0,0,0,6.454E+20,5.85815E+21,1.11594E+16,5.28534E+16
211600,15,0,2,0,2018,11,19,1,2,2,6,2,0,1,0,0,0,1,1,7.02487E+20,5.70653E+21,1.19158E+16,5.14737E+16
211601,15,0,88,20,2018,10,11,3,3,0,7,0,1,0,0,0,0,0,0,7.14444E+20,5.68759E+21,1.20762E+16,5.12992E+16
211602,15,0,2,0,2018,10,8,3,3,5,3,0,0,1,0,0,0,0,1,7.05645E+20,5.70808E+21,1.1962E+16,5.14864E+16
211603,15,0,91,375,2018,11,17,1,3,5,3,2,1,1,0,0,0,0,1,7.5091E+20,5.75276E+21,1.26449E+16,5.18691E+16
211604,15,0,2,0,2018,10,9,3,2,6,4,0,0,1,1,0,0,0,0,7.04828E+20,5.71013E+21,1.19515E+16,5.15051E+16
211605,15,0,91,60,2018,10,14,3,3,1,5,0,1,1,0,0,0,0,0,7.30313E+20,5.7645E+21,1.23541E+16,5.19834E+16
211606,15,0,87,31,2018,11,10,7,3,6,7,0,0,1,1,0,0,0,0,6.62509E+20,5.72561E+21,1.13495E+16,5.1658E+16
211607,15,0,2,0,2018,11,13,7,3,2,6,0,0,1,0,0,0,0,0,7.02786E+20,5.70655E+21,1.19201E+16,5.14737E+16
211608,15,0,1,0,2018,10,17,3,3,0,1,0,1,0,0,0,0,0,0,7.23407E+20,5.74774E+21,1.22428E+16,5.18357E+16
211609,15,0,3,0,2018,11,18,7,2,0,1,2,0,1,0,0,0,0,1,6.78349E+20,5.77854E+21,1.16056E+16,5.21286E+16
211610,15,0,86,140,2018,11,3,7,3,8,1,2,0,1,0,0,0,0,0,7.06717E+20,5.79634E+21,1.20303E+16,5.22785E+16
211611,15,0,82,180,2018,10,18,3,3,5,3,2,0,1,0,0,0,0,0,7.06124E+20,5.73796E+21,1.19865E+16,5.17545E+16
211612,15,0,85,330,2018,11,18,7,3,6,2,2,0,0,1,1,0,0,0,6.41184E+20,5.73521E+21,1.10453E+16,5.175E+16
211613,15,0,87,220,2018,11,11,6,3,0,5,0,0,1,0,0,0,0,0,6.73768E+20,5.72421E+21,1.15114E+16,5.1642E+16
211614,15,0,89,305,2018,10,21,3,2,5,3,2,0,1,0,0,0,0,1,6.86618E+20,5.76674E+21,1.17198E+16,5.20199E+16
211615,15,0,3,0,2018,10,16,3,3,0,3,1,1,1,0,0,0,0,0,6.83043E+20,5.77854E+21,1.16741E+16,5.2127E+16
211616,15,0,2,0,2018,11,7,6,3,5,3,0,1,0,0,0,0,0,0,7.05958E+20,5.70799E+21,1.19665E+16,5.14855E+16
211617,15,0,3,0,2018,10,13,3,3,5,4,0,1,0,1,0,0,0,0,6.77473E+20,5.78172E+21,1.15945E+16,5.21574E+16
211618,15,0,2,0,2018,11,15,2,3,0,4,0,0,1,1,0,0,0,0,7.06473E+20,5.70733E+21,1.19735E+16,5.14794E+16
211619,15,0,3,0,2018,10,11,3,3,2,6,0,0,1,0,0,0,0,0,6.80644E+20,5.77981E+21,1.16398E+16,5.21392E+16
211620,15,0,2,0,2018,11,12,6,3,6,4,0,0,0,1,0,0,1,0,7.07913E+20,5.70802E+21,1.19946E+16,5.1485E+16
211621,15,0,2,0,2018,12,11,2,3,5,3,0,0,1,0,0,0,0,1,7.03847E+20,5.70707E+21,1.19356E+16,5.1478E+16
211622,15,0,84,355,2018,11,10,6,3,5,2,0,1,1,0,0,0,0,0,6.97134E+20,5.67107E+21,1.18192E+16,5.11571E+16
211623,15,0,86,40,2018,10,7,3,2,5,3,1,1,1,0,0,0,0,0,7.14351E+20,5.8104E+21,1.2151E+16,5.24018E+16
211624,15,0,91,375,2018,11,13,6,3,3,6,0,1,0,0,0,0,0,0,7.51932E+20,5.75386E+21,1.26605E+16,5.18785E+16
211625,15,0,91,375,2018,11,17,6,3,5,3,2,1,1,0,0,0,0,0,7.52099E+20,5.75285E+21,1.26621E+16,5.18694E+16
211626,15,0,85,135,2018,10,15,3,2,1,5,0,1,0,0,0,1,0,0,6.44596E+20,5.7518E+21,1.11016E+16,5.18982E+16
211627,15,0,2,0,2018,11,16,2,3,3,5,0,1,1,0,0,0,0,0,7.06622E+20,5.70857E+21,1.19764E+16,5.14905E+16
211628,15,0,85,135,2018,10,7,3,3,5,3,1,0,1,0,1,0,0,1,6.41024E+20,5.75001E+21,1.1049E+16,5.1883E+16
211629,15,0,1,0,2018,11,13,6,3,0,5,0,1,1,0,0,0,0,0,7.236E+20,5.74799E+21,1.22458E+16,5.18379E+16
211630,15,0,83,270,2018,10,15,3,3,5,3,0,1,0,0,0,1,0,0,6.63378E+20,5.79492E+21,1.1395E+16,5.22804E+16
211631,15,0,84,355,2018,11,14,2,3,6,7,0,0,1,1,0,0,0,0,6.9632E+20,5.67168E+21,1.18079E+16,5.11629E+16
211632,15,0,81,455,2018,10,16,3,3,5,3,0,1,1,0,0,0,0,1,6.44874E+20,5.85771E+21,1.11514E+16,5.28496E+16
211633,15,0,3,0,2018,11,13,6,3,5,3,0,1,1,0,0,0,0,0,6.78826E+20,5.77491E+21,1.16107E+16,5.20958E+16
211634,15,0,2,0,2018,10,10,2,3,0,1,0,1,0,0,0,0,0,1,7.07941E+20,5.71022E+21,1.19963E+16,5.15048E+16
211635,15,0,83,415,2018,11,18,6,3,0,1,2,1,0,0,0,0,0,0,6.52694E+20,5.76691E+21,1.12259E+16,5.20318E+16
211636,15,0,87,370,2018,10,9,2,3,5,3,0,1,1,0,0,0,0,1,6.58772E+20,5.70424E+21,1.12859E+16,5.1467E+16
211637,15,0,87,220,2018,10,12,2,3,5,3,0,0,1,0,0,1,0,1,6.72057E+20,5.7241E+21,1.14866E+16,5.16416E+16
211638,15,0,3,0,2018,11,10,5,3,1,3,0,0,1,0,0,0,0,0,6.78036E+20,5.77573E+21,1.15996E+16,5.21034E+16
211639,15,0,3,0,2018,11,10,5,3,5,3,0,0,1,0,0,0,0,0,6.80355E+20,5.78219E+21,1.16368E+16,5.21607E+16
211640,15,0,84,550,2018,10,9,2,3,3,3,0,1,1,0,0,0,0,1,7.0715E+20,5.67636E+21,1.19652E+16,5.1201E+16
211641,15,0,3,0,2018,11,14,5,3,0,1,0,0,0,0,1,0,0,0,6.78948E+20,5.78184E+21,1.16161E+16,5.2158E+16
211642,15,0,85,135,2018,11,13,5,3,1,2,0,0,1,1,0,0,0,0,6.41025E+20,5.75134E+21,1.10496E+16,5.18949E+16
211643,15,0,84,550,2018,10,17,2,2,5,2,1,0,1,0,0,0,0,1,7.09611E+20,5.67624E+21,1.20004E+16,5.11991E+16
211644,15,0,84,130,2018,10,5,2,3,5,3,2,0,1,0,0,0,0,1,7.23678E+20,5.66245E+21,1.21928E+16,5.10699E+16
211645,15,0,81,455,2018,11,14,5,3,0,3,0,0,1,0,1,0,0,0,6.45538E+20,5.85891E+21,1.11618E+16,5.28602E+16
211646,15,0,85,235,2018,10,7,2,3,5,2,1,1,1,0,0,0,0,1,6.47837E+20,5.73906E+21,1.11432E+16,5.17829E+16
211647,15,0,89,30,2018,10,18,2,3,2,2,2,0,1,0,0,0,0,1,6.89082E+20,5.74107E+21,1.17416E+16,5.17885E+16
211648,15,0,2,0,2018,11,18,4,3,5,2,2,0,1,0,0,0,0,0,7.02964E+20,5.71045E+21,1.19249E+16,5.15087E+16
211649,15,0,91,375,2018,11,9,4,3,0,1,0,1,0,0,0,0,0,1,7.51669E+20,5.75224E+21,1.26555E+16,5.18641E+16
211650,15,0,89,305,2018,10,15,2,2,6,4,0,1,0,1,0,0,0,1,6.87525E+20,5.76644E+21,1.17329E+16,5.20169E+16
211651,15,0,89,305,2018,10,7,2,3,5,3,1,1,1,0,0,0,0,0,6.86912E+20,5.7657E+21,1.17235E+16,5.20104E+16
211652,15,0,91,375,2018,11,6,4,3,5,3,2,1,1,0,0,0,0,1,7.52029E+20,5.75313E+21,1.26613E+16,5.18719E+16
211653,15,0,3,0,2018,10,7,2,3,5,3,0,0,1,0,0,0,0,0,6.80255E+20,5.77679E+21,1.16325E+16,5.21122E+16
211654,15,0,82,430,2018,11,6,4,3,2,6,2,1,0,0,0,0,1,1,7.1213E+20,5.762E+21,1.20882E+16,5.19681E+16
211655,15,0,82,180,2018,11,7,4,3,8,1,1,0,1,0,0,0,0,1,7.07482E+20,5.73961E+21,1.20072E+16,5.17689E+16
211656,15,0,3,0,2018,10,10,2,3,1,5,0,0,1,0,0,0,0,0,6.79169E+20,5.77912E+21,1.16179E+16,5.21335E+16
211657,15,0,90,535,2018,11,9,4,3,3,3,0,1,1,0,0,0,0,1,6.93112E+20,5.83205E+21,1.18518E+16,5.26041E+16
211658,15,0,3,0,2018,11,6,4,3,5,7,2,0,1,0,0,0,1,1,6.83004E+20,5.77885E+21,1.16737E+16,5.21299E+16
211659,15,0,85,330,2018,10,13,2,2,6,4,0,0,1,1,0,0,0,1,6.4042E+20,5.73563E+21,1.10344E+16,5.1754E+16
211660,15,0,3,0,2018,11,16,4,3,3,2,0,1,1,0,0,0,0,0,6.80951E+20,5.77594E+21,1.16422E+16,5.21043E+16
211661,15,0,89,305,2018,11,22,4,3,0,7,2,0,1,0,0,0,0,1,6.85568E+20,5.76859E+21,1.17056E+16,5.20369E+16
211662,15,0,85,40,2018,10,16,2,2,6,2,0,0,1,1,0,0,0,1,6.54591E+20,5.73244E+21,1.12381E+16,5.17215E+16
211663,15,0,85,235,2018,10,16,2,3,6,4,0,0,1,1,0,0,0,1,6.4808E+20,5.73957E+21,1.1147E+16,5.17874E+16
211664,15,0,85,370,2018,11,10,4,3,5,3,0,1,1,0,0,0,0,0,6.23034E+20,5.74429E+21,1.07857E+16,5.18359E+16
211665,15,0,2,0,2018,10,13,1,3,5,3,0,1,1,0,0,0,0,0,7.05312E+20,5.70882E+21,1.19577E+16,5.14932E+16
211666,15,0,1,0,2018,10,5,1,3,5,2,2,1,1,0,0,0,0,0,7.22505E+20,5.75352E+21,1.22335E+16,5.1888E+16
211667,15,0,81,135,2018,11,13,4,3,5,3,0,1,1,0,0,0,0,0,6.62908E+20,5.82167E+21,1.14011E+16,5.25207E+16
211668,15,0,2,0,2018,11,17,3,3,5,2,1,1,1,0,0,0,0,1,7.05709E+20,5.70791E+21,1.19629E+16,5.14848E+16
211669,15,0,82,15,2018,10,20,1,3,6,4,2,0,1,1,0,0,0,1,7.26509E+20,5.7281E+21,1.2275E+16,5.16582E+16
211670,15,0,87,220,2018,10,20,7,3,5,3,2,0,1,0,0,0,1,0,6.73531E+20,5.72516E+21,1.15084E+16,5.16506E+16
211671,15,0,2,0,2018,11,14,3,3,0,5,0,1,1,0,0,0,0,0,7.06339E+20,5.70804E+21,1.1972E+16,5.14858E+16
211672,15,0,2,0,2018,11,11,3,3,5,3,0,1,1,0,0,0,0,0,7.05072E+20,5.70966E+21,1.19547E+16,5.15009E+16
211673,15,0,2,0,2018,10,9,7,3,4,2,0,0,1,0,0,0,0,0,7.02747E+20,5.71077E+21,1.19219E+16,5.15116E+16
211674,15,0,2,0,2018,11,8,3,3,5,3,2,1,1,0,0,0,0,1,7.06715E+20,5.70716E+21,1.19769E+16,5.14777E+16
211675,15,0,84,15,2018,11,13,3,2,2,6,0,0,1,0,0,0,1,1,6.74456E+20,5.67299E+21,1.14961E+16,5.11817E+16
211676,15,0,3,0,2018,10,18,7,3,0,7,2,0,0,0,1,0,0,0,6.81907E+20,5.77337E+21,1.16548E+16,5.2081E+16
211677,15,0,85,330,2018,10,20,7,3,5,3,2,0,1,0,0,0,1,0,6.41182E+20,5.7352E+21,1.10453E+16,5.17499E+16
211678,15,0,2,0,2018,11,14,2,2,4,2,0,1,1,0,0,0,0,0,7.05075E+20,5.70981E+21,1.19549E+16,5.15022E+16
211679,15,0,84,355,2018,12,6,2,3,1,6,2,0,1,0,0,0,0,1,6.97152E+20,5.67094E+21,1.18193E+16,5.11559E+16
211680,15,0,82,241,2018,12,14,5,3,0,7,0,1,0,0,0,0,0,0,7.36678E+20,5.72841E+21,1.24219E+16,5.16568E+16
211681,15,0,3,0,2018,12,19,5,3,6,2,2,0,1,1,0,0,0,0,6.82581E+20,5.77875E+21,1.16675E+16,5.21291E+16
211682,15,0,81,135,2018,12,15,5,3,5,3,0,0,1,0,1,0,0,1,6.6291E+20,5.82251E+21,1.14016E+16,5.25283E+16
211683,15,0,2,0,2018,12,14,4,3,0,7,0,0,1,0,0,0,0,0,7.03789E+20,5.70931E+21,1.19361E+16,5.14981E+16
211684,15,0,2,0,2018,12,17,4,2,0,7,1,1,0,0,0,0,0,1,7.06026E+20,5.70892E+21,1.1968E+16,5.14938E+16